master_university_id,year,source,faculty_student_score,international_students_score,faculty_to_student_ratio,international_student_pct
UNI00001,2024,QS,,,,
UNI00003,2024,QS,100.0,88.2,,
UNI00006,2024,QS,100.0,95.8,,
UNI00002,2024,QS,100.0,98.2,,
UNI00004,2024,QS,98.3,66.8,,
UNI00005,2024,QS,100.0,51.2,,
UNI00008,2024,QS,98.5,100.0,,
UNI00009,2024,QS,72.1,98.5,,
UNI00011,2024,QS,76.5,81.9,,
UNI00013,2024,QS,98.4,100.0,,
UNI00010,2024,QS,20.5,63.9,,
UNI00015,2024,QS,92.5,84.4,,
UNI00016,2024,QS,99.9,70.3,,
UNI00017,2024,QS,52.9,64.0,,
UNI00018,2024,QS,15.4,99.7,,
UNI00020,2024,QS,100.0,81.0,,
UNI00012,2024,QS,100.0,78.8,,
UNI00021,2024,QS,90.4,23.5,,
UNI00007,2024,QS,64.5,57.5,,
UNI00023,2024,QS,18.2,99.1,,
UNI00024,2024,QS,11.8,100.0,,
UNI00022,2024,QS,54.2,96.4,,
UNI00025,2024,QS,72.4,99.9,,
UNI00014,2024,QS,100.0,96.8,,
UNI00028,2024,QS,99.3,72.7,,
UNI00031,2024,QS,93.9,15.7,,
UNI00033,2024,QS,77.6,80.2,,
UNI00034,2024,QS,82.9,99.0,,
UNI00019,2024,QS,100.0,91.4,,
UNI00035,2024,QS,90.4,29.2,,
UNI00036,2024,QS,36.6,24.8,,
UNI00038,2024,QS,64.0,93.3,,
UNI00039,2024,QS,53.8,99.4,,
UNI00026,2024,QS,82.2,27.6,,
UNI00040,2024,QS,34.9,93.3,,
UNI00042,2024,QS,44.4,74.1,,
UNI00044,2024,QS,92.4,100.0,,
UNI00037,2024,QS,88.8,97.3,,
UNI00045,2024,QS,97.3,98.3,,
UNI00046,2024,QS,95.5,95.0,,
UNI00041,2024,QS,64.6,100.0,,
UNI00047,2024,QS,85.1,14.5,,
UNI00049,2024,QS,9.6,100.0,,
UNI00050,2024,QS,21.6,100.0,,
UNI00051,2024,QS,66.5,26.5,,
UNI00053,2024,QS,39.6,100.0,,
UNI00054,2024,QS,94.7,20.8,,
UNI00055,2024,QS,36.9,89.3,,
UNI00032,2024,QS,98.9,44.2,,
UNI00056,2024,QS,60.0,77.1,,
UNI00058,2024,QS,84.5,33.0,,
UNI00059,2024,QS,54.7,35.5,,
UNI00027,2024,QS,49.1,98.2,,
UNI00060,2024,QS,21.2,79.9,,
UNI00061,2024,QS,46.7,37.7,,
UNI00062,2024,QS,47.3,86.8,,
UNI00063,2024,QS,66.2,11.6,,
UNI00029,2024,QS,100.0,52.2,,
UNI00057,2024,QS,8.9,11.0,,
UNI00068,2024,QS,43.3,49.8,,
UNI00069,2024,QS,53.6,91.4,,
UNI00052,2024,QS,7.0,45.7,,
UNI00071,2024,QS,49.6,51.3,,
UNI00030,2024,QS,19.1,33.2,,
UNI00048,2024,QS,7.5,49.2,,
UNI00074,2024,QS,68.0,87.4,,
UNI00076,2024,QS,71.6,58.9,,
UNI00077,2024,QS,37.3,99.3,,
UNI00078,2024,QS,19.3,91.6,,
UNI00080,2024,QS,30.9,20.0,,
UNI00081,2024,QS,86.6,100.0,,
UNI00065,2024,QS,99.8,60.8,,
UNI00083,2024,QS,16.5,99.8,,
UNI00070,2024,QS,77.8,52.0,,
UNI00084,2024,QS,66.2,68.1,,
UNI00085,2024,QS,37.3,90.0,,
UNI00086,2024,QS,41.7,99.5,,
UNI00088,2024,QS,87.4,49.7,,
UNI00089,2024,QS,27.8,86.9,,
UNI00091,2024,QS,81.0,36.3,,
UNI00093,2024,QS,55.3,13.2,,
UNI00094,2024,QS,23.7,92.5,,
UNI00096,2024,QS,52.8,97.4,,
UNI00097,2024,QS,28.4,26.8,,
UNI00098,2024,QS,41.3,83.9,,
UNI00099,2024,QS,50.2,77.4,,
UNI00100,2024,QS,19.2,2.3,,
UNI00101,2024,QS,99.8,92.3,,
UNI00102,2024,QS,99.7,50.4,,
UNI00103,2024,QS,16.2,99.6,,
UNI00105,2024,QS,9.0,93.6,,
UNI00106,2024,QS,84.4,31.7,,
UNI00092,2024,QS,89.9,53.0,,
UNI00082,2024,QS,32.7,87.5,,
UNI00110,2024,QS,39.8,2.5,,
UNI00111,2024,QS,73.5,66.7,,
UNI00112,2024,QS,64.9,100.0,,
UNI00043,2024,QS,15.3,65.4,,
UNI00113,2024,QS,4.4,43.6,,
UNI00115,2024,QS,10.3,45.8,,
UNI00116,2024,QS,99.9,2.6,,
UNI00118,2024,QS,32.2,75.2,,
UNI00072,2024,QS,61.3,22.8,,
UNI00120,2024,QS,20.6,3.5,,
UNI00123,2024,QS,54.7,97.5,,
UNI00124,2024,QS,47.7,82.4,,
UNI00104,2024,QS,5.5,83.0,,
UNI00119,2024,QS,100.0,22.5,,
UNI00075,2024,QS,32.6,21.2,,
UNI00128,2024,QS,40.2,37.7,,
UNI00131,2024,QS,35.6,70.9,,
UNI00129,2024,QS,42.8,73.2,,
UNI00133,2024,QS,6.8,77.9,,
UNI00134,2024,QS,98.5,13.8,,
UNI00135,2024,QS,3.7,54.6,,
UNI00130,2024,QS,63.4,5.4,,
UNI00073,2024,QS,21.7,73.5,,
UNI00136,2024,QS,81.7,25.4,,
UNI00138,2024,QS,28.2,84.1,,
UNI00140,2024,QS,36.0,46.7,,
UNI00142,2024,QS,7.6,31.5,,
UNI00144,2024,QS,99.8,82.0,,
UNI00145,2024,QS,25.2,90.6,,
UNI00147,2024,QS,5.2,56.6,,
UNI00149,2024,QS,40.4,70.8,,
UNI00117,2024,QS,57.4,85.0,,
UNI00087,2024,QS,20.2,50.2,,
UNI00109,2024,QS,54.6,36.9,,
UNI00150,2024,QS,42.0,96.3,,
UNI00151,2024,QS,51.1,67.4,,
UNI00152,2024,QS,10.3,93.6,,
UNI00141,2024,QS,22.0,88.1,,
UNI00066,2024,QS,30.4,49.3,,
UNI00079,2024,QS,72.9,10.1,,
UNI00157,2024,QS,4.6,10.8,,
UNI00137,2024,QS,4.5,13.3,,
UNI00125,2024,QS,11.3,12.8,,
UNI00160,2024,QS,55.2,88.9,,
UNI00162,2024,QS,91.2,5.2,,
UNI00090,2024,QS,51.4,85.6,,
UNI00164,2024,QS,5.4,92.8,,
UNI00165,2024,QS,31.3,7.3,,
UNI00166,2024,QS,77.0,52.2,,
UNI00127,2024,QS,32.5,13.1,,
UNI00168,2024,QS,52.5,23.1,,
UNI00148,2024,QS,38.7,99.4,,
UNI00139,2024,QS,65.9,94.8,,
UNI00169,2024,QS,81.8,34.0,,
UNI00171,2024,QS,16.1,81.6,,
UNI00172,2024,QS,18.9,1.4,,
UNI00173,2024,QS,10.6,17.4,,
UNI00174,2024,QS,53.8,16.5,,
UNI00067,2024,QS,97.9,78.5,,
UNI00176,2024,QS,27.4,76.2,,
UNI00177,2024,QS,3.4,10.9,,
UNI00178,2024,QS,33.7,70.6,,
UNI00179,2024,QS,53.0,68.8,,
UNI00064,2024,QS,99.8,68.0,,
UNI00180,2024,QS,67.6,97.3,,
UNI00126,2024,QS,78.9,21.2,,
UNI00181,2024,QS,9.7,5.0,,
UNI00182,2024,QS,87.5,61.1,,
UNI00183,2024,QS,16.3,56.0,,
UNI00185,2024,QS,9.5,21.6,,
UNI00186,2024,QS,83.5,54.3,,
UNI00187,2024,QS,85.7,25.6,,
UNI00188,2024,QS,13.1,28.5,,
UNI00167,2024,QS,45.0,78.2,,
UNI00154,2024,QS,71.3,10.8,,
UNI00121,2024,QS,35.1,14.0,,
UNI00191,2024,QS,16.1,81.0,,
UNI00193,2024,QS,25.8,25.6,,
UNI00194,2024,QS,20.7,60.8,,
UNI00195,2024,QS,64.8,96.8,,
UNI00196,2024,QS,36.5,17.3,,
UNI00189,2024,QS,12.6,21.2,,
UNI00114,2024,QS,22.5,60.1,,
UNI00197,2024,QS,87.5,19.1,,
UNI00192,2024,QS,39.7,79.0,,
UNI00199,2024,QS,6.8,30.1,,
UNI00200,2024,QS,82.8,31.8,,
UNI00201,2024,QS,4.4,39.3,,
UNI00202,2024,QS,19.9,62.0,,
UNI00203,2024,QS,14.3,26.4,,
UNI00205,2024,QS,95.7,14.6,,
UNI00206,2024,QS,13.1,89.0,,
UNI00207,2024,QS,63.5,11.7,,
UNI00208,2024,QS,56.3,80.8,,
UNI00209,2024,QS,42.5,85.2,,
UNI00122,2024,QS,75.1,59.5,,
UNI00210,2024,QS,7.4,26.4,,
UNI00212,2024,QS,3.3,85.0,,
UNI00214,2024,QS,29.1,36.3,,
UNI00215,2024,QS,98.2,96.8,,
UNI00217,2024,QS,12.8,5.0,,
UNI00218,2024,QS,30.6,9.1,,
UNI00219,2024,QS,75.8,14.4,,
UNI00220,2024,QS,22.0,1.4,,
UNI00221,2024,QS,17.6,2.0,,
UNI00095,2024,QS,97.7,31.1,,
UNI00223,2024,QS,34.5,12.0,,
UNI00226,2024,QS,23.7,28.6,,
UNI00229,2024,QS,27.5,98.9,,
UNI00230,2024,QS,64.2,21.3,,
UNI00198,2024,QS,3.8,75.9,,
UNI00233,2024,QS,16.9,22.3,,
UNI00234,2024,QS,11.0,29.2,,
UNI00143,2024,QS,23.6,40.2,,
UNI00211,2024,QS,29.6,96.7,,
UNI00236,2024,QS,5.3,30.6,,
UNI00204,2024,QS,39.4,91.1,,
UNI00238,2024,QS,31.5,2.9,,
UNI00239,2024,QS,23.6,63.5,,
UNI00240,2024,QS,92.9,26.7,,
UNI00242,2024,QS,58.0,9.2,,
UNI00243,2024,QS,3.8,4.6,,
UNI00245,2024,QS,28.8,32.6,,
UNI00248,2024,QS,53.9,18.5,,
UNI00249,2024,QS,14.6,93.0,,
UNI00250,2024,QS,7.8,9.4,,
UNI00251,2024,QS,13.0,2.9,,
UNI00158,2024,QS,36.6,56.6,,
UNI00252,2024,QS,27.6,20.2,,
UNI00253,2024,QS,96.1,14.9,,
UNI00155,2024,QS,97.9,91.7,,
UNI00244,2024,QS,46.4,1.7,,
UNI00254,2024,QS,57.3,46.8,,
UNI00255,2024,QS,6.1,1.5,,
UNI00257,2024,QS,32.9,15.7,,
UNI00258,2024,QS,2.8,39.9,,
UNI00259,2024,QS,98.9,34.0,,
UNI00260,2024,QS,87.2,75.3,,
UNI00132,2024,QS,70.1,22.5,,
UNI00261,2024,QS,4.8,59.9,,
UNI00263,2024,QS,28.3,20.1,,
UNI00264,2024,QS,18.6,97.6,,
UNI00266,2024,QS,9.2,41.5,,
UNI00146,2024,QS,57.9,33.9,,
UNI00267,2024,QS,50.4,4.8,,
UNI00268,2024,QS,43.2,97.9,,
UNI00269,2024,QS,58.0,37.5,,
UNI00270,2024,QS,9.1,34.6,,
UNI00272,2024,QS,6.9,98.4,,
UNI00273,2024,QS,7.5,31.7,,
UNI00265,2024,QS,23.2,88.3,,
UNI00275,2024,QS,10.7,23.8,,
UNI00276,2024,QS,6.2,74.6,,
UNI00279,2024,QS,91.2,35.2,,
UNI00280,2024,QS,34.8,51.2,,
UNI00153,2024,QS,45.3,32.3,,
UNI00281,2024,QS,11.3,73.3,,
UNI00283,2024,QS,81.2,16.0,,
UNI00284,2024,QS,2.4,46.7,,
UNI00285,2024,QS,11.1,18.7,,
UNI00288,2024,QS,12.2,99.3,,
UNI00156,2024,QS,83.0,68.3,,
UNI00292,2024,QS,41.6,8.4,,
UNI00163,2024,QS,12.8,100.0,,
UNI00293,2024,QS,10.9,35.3,,
UNI00295,2024,QS,75.9,59.2,,
UNI00297,2024,QS,56.9,10.8,,
UNI00108,2024,QS,100.0,34.6,,
UNI00298,2024,QS,41.9,8.6,,
UNI00299,2024,QS,54.4,1.6,,
UNI00161,2024,QS,33.2,5.5,,
UNI00300,2024,QS,10.9,7.5,,
UNI00224,2024,QS,84.1,10.9,,
UNI00301,2024,QS,12.7,30.7,,
UNI00302,2024,QS,34.8,30.3,,
UNI00107,2024,QS,14.6,49.6,,
UNI00170,2024,QS,19.3,30.9,,
UNI00305,2024,QS,11.8,1.3,,
UNI00307,2024,QS,25.6,23.3,,
UNI00184,2024,QS,36.1,94.1,,
UNI00308,2024,QS,8.9,15.3,,
UNI00309,2024,QS,10.0,3.2,,
UNI00310,2024,QS,5.6,6.8,,
UNI00311,2024,QS,17.7,67.0,,
UNI00312,2024,QS,14.2,1.1,,
UNI00216,2024,QS,76.8,22.8,,
UNI00313,2024,QS,56.5,74.8,,
UNI00315,2024,QS,65.6,2.3,,
UNI00225,2024,QS,67.1,14.3,,
UNI00316,2024,QS,3.1,7.8,,
UNI00317,2024,QS,63.3,98.8,,
UNI00319,2024,QS,26.6,1.4,,
UNI00271,2024,QS,11.0,65.5,,
UNI00322,2024,QS,72.5,9.3,,
UNI00324,2024,QS,34.7,27.4,,
UNI00325,2024,QS,61.2,39.3,,
UNI00326,2024,QS,52.6,38.7,,
UNI00327,2024,QS,17.4,4.1,,
UNI00329,2024,QS,23.6,10.3,,
UNI00330,2024,QS,29.4,47.1,,
UNI00331,2024,QS,7.8,34.9,,
UNI00332,2024,QS,56.0,100.0,,
UNI00333,2024,QS,16.8,38.2,,
UNI00159,2024,QS,59.0,39.8,,
UNI00335,2024,QS,16.0,74.7,,
UNI00256,2024,QS,48.7,32.8,,
UNI00337,2024,QS,72.6,98.0,,
UNI00339,2024,QS,94.6,1.5,,
UNI00340,2024,QS,21.4,25.6,,
UNI00336,2024,QS,18.7,17.9,,
UNI00341,2024,QS,65.1,13.4,,
UNI00222,2024,QS,59.7,17.7,,
UNI00342,2024,QS,36.8,50.6,,
UNI00343,2024,QS,89.0,3.7,,
UNI00328,2024,QS,23.6,54.1,,
UNI00344,2024,QS,34.6,18.5,,
UNI00334,2024,QS,17.7,95.8,,
UNI00346,2024,QS,100.0,,,
UNI00347,2024,QS,13.1,26.6,,
UNI00348,2024,QS,6.1,49.8,,
UNI00350,2024,QS,30.5,12.7,,
UNI00314,2024,QS,26.4,9.4,,
UNI00351,2024,QS,2.8,1.4,,
UNI00352,2024,QS,61.6,41.7,,
UNI00354,2024,QS,52.3,4.3,,
UNI00323,2024,QS,5.7,86.3,,
UNI00356,2024,QS,100.0,58.9,,
UNI00357,2024,QS,88.0,97.1,,
UNI00358,2024,QS,53.3,41.2,,
UNI00360,2024,QS,3.5,48.6,,
UNI00361,2024,QS,48.8,4.2,,
UNI00362,2024,QS,31.6,17.0,,
UNI00363,2024,QS,3.5,6.4,,
UNI00364,2024,QS,22.4,45.1,,
UNI00365,2024,QS,27.1,22.7,,
UNI00366,2024,QS,6.7,99.3,,
UNI00367,2024,QS,38.4,10.0,,
UNI00369,2024,QS,4.2,46.4,,
UNI00371,2024,QS,82.9,100.0,,
UNI00303,2024,QS,84.8,54.0,,
UNI00213,2024,QS,7.2,8.9,,
UNI00373,2024,QS,6.1,1.3,,
UNI00374,2024,QS,4.3,1.1,,
UNI00227,2024,QS,31.5,18.2,,
UNI00375,2024,QS,9.0,17.4,,
UNI00376,2024,QS,25.9,1.4,,
UNI00378,2024,QS,13.3,72.8,,
UNI00380,2024,QS,41.1,4.2,,
UNI00235,2024,QS,28.3,27.6,,
UNI00383,2024,QS,92.2,92.7,,
UNI00384,2024,QS,7.9,99.6,,
UNI00385,2024,QS,13.8,13.5,,
UNI00386,2024,QS,52.4,6.3,,
UNI00388,2024,QS,17.3,51.8,,
UNI00389,2024,QS,4.7,4.3,,
UNI00391,2024,QS,22.9,2.7,,
UNI00393,2024,QS,14.9,30.7,,
UNI00395,2024,QS,7.5,4.1,,
UNI00304,2024,QS,11.1,18.2,,
UNI00397,2024,QS,11.3,37.7,,
UNI00399,2024,QS,4.6,81.2,,
UNI00401,2024,QS,41.2,21.2,,
UNI00402,2024,QS,96.8,5.7,,
UNI00404,2024,QS,11.4,5.4,,
UNI00405,2024,QS,59.0,21.2,,
UNI00407,2024,QS,4.1,10.7,,
UNI00379,2024,QS,91.5,22.2,,
UNI00408,2024,QS,17.6,3.4,,
UNI00410,2024,QS,3.4,1.8,,
UNI00411,2024,QS,39.9,91.0,,
UNI00413,2024,QS,69.2,100.0,,
UNI00414,2024,QS,20.7,100.0,,
UNI00416,2024,QS,7.7,1.3,,
UNI00418,2024,QS,2.9,5.4,,
UNI00419,2024,QS,77.4,3.9,,
UNI00421,2024,QS,4.9,25.4,,
UNI00422,2024,QS,7.8,2.2,,
UNI00423,2024,QS,75.0,8.9,,
UNI00424,2024,QS,8.0,6.2,,
UNI00274,2024,QS,10.4,58.4,,
UNI00427,2024,QS,15.4,1.6,,
UNI00394,2024,QS,14.1,98.0,,
UNI00277,2024,QS,4.5,39.2,,
UNI00430,2024,QS,5.1,2.8,,
UNI00190,2024,QS,19.1,94.3,,
UNI00318,2024,QS,2.3,29.6,,
UNI00175,2024,QS,56.2,36.2,,
UNI00349,2024,QS,6.5,89.5,,
UNI00246,2024,QS,77.2,100.0,,
UNI00434,2024,QS,77.7,5.1,,
UNI00436,2024,QS,8.9,32.3,,
UNI00437,2024,QS,29.5,3.5,,
UNI00438,2024,QS,55.3,4.9,,
UNI00241,2024,QS,36.8,12.9,,
UNI00338,2024,QS,8.3,19.9,,
UNI00442,2024,QS,95.3,49.9,,
UNI00444,2024,QS,3.0,89.3,,
UNI00446,2024,QS,43.6,31.1,,
UNI00447,2024,QS,96.3,65.1,,
UNI00448,2024,QS,37.1,69.3,,
UNI00451,2024,QS,19.0,4.5,,
UNI00449,2024,QS,43.9,4.6,,
UNI00453,2024,QS,20.0,3.4,,
UNI00428,2024,QS,1.7,18.9,,
UNI00455,2024,QS,93.7,96.1,,
UNI00457,2024,QS,30.4,51.0,,
UNI00458,2024,QS,90.7,16.1,,
UNI00426,2024,QS,8.4,11.1,,
UNI00460,2024,QS,10.4,68.7,,
UNI00462,2024,QS,19.6,47.0,,
UNI00463,2024,QS,5.6,16.1,,
UNI00465,2024,QS,12.1,18.3,,
UNI00290,2024,QS,6.7,9.1,,
UNI00466,2024,QS,38.0,1.1,,
UNI00461,2024,QS,10.3,99.3,,
UNI00467,2024,QS,3.9,1.7,,
UNI00468,2024,QS,56.8,4.2,,
UNI00469,2024,QS,8.7,2.2,,
UNI00429,2024,QS,83.6,7.8,,
UNI00372,2024,QS,4.5,26.3,,
UNI00471,2024,QS,13.8,70.3,,
UNI00370,2024,QS,13.7,88.7,,
UNI00420,2024,QS,14.1,13.5,,
UNI00474,2024,QS,96.0,53.1,,
UNI00476,2024,QS,42.8,3.9,,
UNI00478,2024,QS,99.4,91.5,,
UNI00480,2024,QS,15.0,2.8,,
UNI00387,2024,QS,16.2,5.5,,
UNI00482,2024,QS,99.5,58.8,,
UNI00483,2024,QS,93.5,56.3,,
UNI00484,2024,QS,12.9,48.5,,
UNI00485,2024,QS,5.3,38.6,,
UNI00294,2024,QS,2.3,58.9,,
UNI00487,2024,QS,14.0,28.6,,
UNI00490,2024,QS,5.3,1.5,,
UNI00491,2024,QS,56.2,100.0,,
UNI00492,2024,QS,99.2,,,
UNI00454,2024,QS,19.3,6.2,,
UNI00431,2024,QS,24.0,11.2,,
UNI00435,2024,QS,5.4,76.6,,
UNI00495,2024,QS,27.0,18.2,,
UNI00497,2024,QS,65.4,26.7,,
UNI00441,2024,QS,10.5,83.5,,
UNI00477,2024,QS,25.6,19.3,,
UNI00320,2024,QS,14.7,26.7,,
UNI00377,2024,QS,23.9,6.4,,
UNI00500,2024,QS,10.7,3.0,,
UNI00501,2024,QS,6.2,83.1,,
UNI00503,2024,QS,4.9,16.4,,
UNI00231,2024,QS,37.5,79.9,,
UNI00306,2024,QS,25.6,36.3,,
UNI00278,2024,QS,53.0,10.1,,
UNI00506,2024,QS,2.0,16.2,,
UNI00409,2024,QS,14.5,19.0,,
UNI00459,2024,QS,10.0,38.3,,
UNI00504,2024,QS,82.9,27.2,,
UNI00381,2024,QS,10.8,2.5,,
UNI00510,2024,QS,37.5,1.6,,
UNI00499,2024,QS,86.2,2.8,,
UNI00513,2024,QS,2.5,1.5,,
UNI00515,2024,QS,5.6,3.6,,
UNI00517,2024,QS,8.2,13.2,,
UNI00518,2024,QS,75.8,39.2,,
UNI00519,2024,QS,33.3,1.1,,
UNI00521,2024,QS,23.9,3.5,,
UNI00522,2024,QS,56.7,3.4,,
UNI00523,2024,QS,2.1,20.9,,
UNI00525,2024,QS,13.0,99.0,,
UNI00526,2024,QS,16.4,21.8,,
UNI00296,2024,QS,6.8,3.9,,
UNI00527,2024,QS,99.0,90.7,,
UNI00530,2024,QS,99.9,22.4,,
UNI00531,2024,QS,54.5,16.2,,
UNI00470,2024,QS,19.7,9.0,,
UNI00533,2024,QS,68.3,9.6,,
UNI00400,2024,QS,14.4,19.5,,
UNI00321,2024,QS,5.5,99.7,,
UNI00534,2024,QS,11.7,15.7,,
UNI00425,2024,QS,13.0,94.1,,
UNI00535,2024,QS,7.5,13.2,,
UNI00536,2024,QS,81.0,12.9,,
UNI00538,2024,QS,36.1,4.9,,
UNI00540,2024,QS,93.2,25.8,,
UNI00541,2024,QS,83.0,14.9,,
UNI00542,2024,QS,53.2,7.7,,
UNI00543,2024,QS,47.0,23.9,,
UNI00545,2024,QS,33.7,14.2,,
UNI00547,2024,QS,71.0,15.8,,
UNI00516,2024,QS,6.5,12.3,,
UNI00464,2024,QS,14.9,55.4,,
UNI00550,2024,QS,28.6,22.4,,
UNI00433,2024,QS,16.8,30.6,,
UNI00551,2024,QS,84.3,4.2,,
UNI00359,2024,QS,2.9,4.6,,
UNI00552,2024,QS,10.9,16.6,,
UNI00554,2024,QS,8.6,2.6,,
UNI00496,2024,QS,5.8,15.1,,
UNI00556,2024,QS,66.1,3.8,,
UNI00368,2024,QS,7.6,16.2,,
UNI00557,2024,QS,16.8,3.2,,
UNI00558,2024,QS,7.8,33.3,,
UNI00247,2024,QS,48.2,4.6,,
UNI00560,2024,QS,69.5,36.3,,
UNI00562,2024,QS,13.8,1.9,,
UNI00539,2024,QS,19.5,44.3,,
UNI00565,2024,QS,16.7,16.0,,
UNI00566,2024,QS,77.4,19.8,,
UNI00567,2024,QS,11.9,90.5,,
UNI00406,2024,QS,6.9,13.7,,
UNI00569,2024,QS,17.4,34.1,,
UNI00572,2024,QS,17.2,5.7,,
UNI00575,2024,QS,39.3,2.2,,
UNI00532,2024,QS,8.7,87.3,,
UNI00577,2024,QS,4.5,100.0,,
UNI00578,2024,QS,29.5,10.3,,
UNI00579,2024,QS,18.9,9.6,,
UNI00580,2024,QS,35.0,12.7,,
UNI00581,2024,QS,55.7,24.3,,
UNI00398,2024,QS,46.4,21.9,,
UNI00583,2024,QS,19.1,19.6,,
UNI00544,2024,QS,18.3,99.0,,
UNI00586,2024,QS,40.4,23.5,,
UNI00587,2024,QS,4.0,2.6,,
UNI00479,2024,QS,3.8,1.2,,
UNI00588,2024,QS,99.9,8.8,,
UNI00590,2024,QS,53.3,5.9,,
UNI00593,2024,QS,9.7,4.5,,
UNI00594,2024,QS,16.3,26.7,,
UNI00596,2024,QS,64.5,20.1,,
UNI00597,2024,QS,75.4,8.5,,
UNI00443,2024,QS,3.8,35.5,,
UNI00598,2024,QS,57.6,9.7,,
UNI00498,2024,QS,13.0,67.4,,
UNI00599,2024,QS,90.3,5.5,,
UNI00601,2024,QS,100.0,46.2,,
UNI00439,2024,QS,34.5,15.0,,
UNI00602,2024,QS,,,,
UNI00412,2024,QS,6.2,72.6,,
UNI00604,2024,QS,3.8,4.0,,
UNI00605,2024,QS,47.7,9.4,,
UNI00606,2024,QS,90.5,96.6,,
UNI00486,2024,QS,11.3,8.8,,
UNI00608,2024,QS,19.9,1.6,,
UNI00609,2024,QS,77.6,87.6,,
UNI00473,2024,QS,3.0,3.8,,
UNI00611,2024,QS,23.2,22.4,,
UNI00612,2024,QS,68.8,66.3,,
UNI00615,2024,QS,40.4,79.8,,
UNI00617,2024,QS,35.1,1.9,,
UNI00618,2024,QS,23.8,29.9,,
UNI00620,2024,QS,96.2,38.9,,
UNI00621,2024,QS,78.3,21.1,,
UNI00623,2024,QS,34.7,,,
UNI00584,2024,QS,7.8,2.9,,
UNI00625,2024,QS,9.4,4.9,,
UNI00626,2024,QS,10.5,63.3,,
UNI00628,2024,QS,26.2,29.6,,
UNI00629,2024,QS,10.7,72.3,,
UNI00603,2024,QS,39.4,4.8,,
UNI00631,2024,QS,8.2,100.0,,
UNI00632,2024,QS,31.3,100.0,,
UNI00355,2024,QS,78.8,23.9,,
UNI00520,2024,QS,18.8,8.2,,
UNI00634,2024,QS,15.8,2.1,,
UNI00488,2024,QS,12.0,12.1,,
UNI00636,2024,QS,84.3,88.4,,
UNI00638,2024,QS,15.6,7.9,,
UNI00639,2024,QS,17.2,5.3,,
UNI00641,2024,QS,99.0,71.9,,
UNI00643,2024,QS,13.2,2.2,,
UNI00528,2024,QS,12.2,38.9,,
UNI00392,2024,QS,29.0,2.7,,
UNI00645,2024,QS,5.3,45.4,,
UNI00262,2024,QS,7.9,13.8,,
UNI00286,2024,QS,44.1,93.6,,
UNI00646,2024,QS,19.7,23.5,,
UNI00647,2024,QS,4.2,4.2,,
UNI00616,2024,QS,6.7,79.4,,
UNI00648,2024,QS,16.4,4.1,,
UNI00650,2024,QS,15.7,100.0,,
UNI00651,2024,QS,3.9,1.1,,
UNI00652,2024,QS,38.7,10.3,,
UNI00654,2024,QS,85.3,45.1,,
UNI00655,2024,QS,8.9,3.5,,
UNI00656,2024,QS,11.6,31.9,,
UNI00658,2024,QS,91.1,15.6,,
UNI00659,2024,QS,70.5,7.7,,
UNI00232,2024,QS,12.6,99.9,,
UNI00502,2024,QS,60.2,86.6,,
UNI00660,2024,QS,36.8,44.9,,
UNI00661,2024,QS,3.7,2.9,,
UNI00662,2024,QS,39.9,5.8,,
UNI00663,2024,QS,93.9,76.6,,
UNI00665,2024,QS,52.2,24.3,,
UNI00667,2024,QS,40.2,3.3,,
UNI00669,2024,QS,24.0,98.1,,
UNI00633,2024,QS,8.5,40.5,,
UNI00670,2024,QS,20.8,20.5,,
UNI00494,2024,QS,14.7,92.8,,
UNI00472,2024,QS,2.8,4.5,,
UNI00672,2024,QS,85.9,16.5,,
UNI00637,2024,QS,10.2,61.0,,
UNI00673,2024,QS,9.3,1.6,,
UNI00675,2024,QS,55.2,1.4,,
UNI00677,2024,QS,98.8,3.1,,
UNI00678,2024,QS,10.9,,,
UNI00679,2024,QS,25.1,1.7,,
UNI00445,2024,QS,81.5,14.5,,
UNI00682,2024,QS,89.9,39.2,,
UNI00570,2024,QS,23.6,15.5,,
UNI00683,2024,QS,20.4,100.0,,
UNI00403,2024,QS,4.0,76.7,,
UNI00345,2024,QS,21.1,22.3,,
UNI00684,2024,QS,12.2,1.6,,
UNI00687,2024,QS,6.1,99.4,,
UNI00688,2024,QS,56.9,17.6,,
UNI00690,2024,QS,13.1,2.2,,
UNI00692,2024,QS,44.6,50.5,,
UNI00693,2024,QS,11.9,100.0,,
UNI00694,2024,QS,92.0,21.3,,
UNI00696,2024,QS,22.7,70.9,,
UNI00697,2024,QS,82.8,9.8,,
UNI00698,2024,QS,23.0,9.1,,
UNI00653,2024,QS,38.0,12.4,,
UNI00553,2024,QS,100.0,15.3,,
UNI00700,2024,QS,32.8,18.0,,
UNI00701,2024,QS,57.8,100.0,,
UNI00702,2024,QS,70.0,4.7,,
UNI00703,2024,QS,36.9,5.2,,
UNI00704,2024,QS,33.5,94.1,,
UNI00705,2024,QS,46.0,4.8,,
UNI00548,2024,QS,4.7,91.4,,
UNI00642,2024,QS,6.3,32.2,,
UNI00627,2024,QS,6.5,1.9,,
UNI00707,2024,QS,35.6,10.7,,
UNI00699,2024,QS,34.7,3.8,,
UNI00709,2024,QS,4.7,2.5,,
UNI00573,2024,QS,65.1,13.7,,
UNI00287,2024,QS,19.3,18.3,,
UNI00712,2024,QS,9.4,85.2,,
UNI00713,2024,QS,29.6,19.5,,
UNI00714,2024,QS,8.1,10.2,,
UNI00715,2024,QS,46.8,19.7,,
UNI00716,2024,QS,21.0,,,
UNI00717,2024,QS,4.4,17.6,,
UNI00719,2024,QS,38.3,4.0,,
UNI00722,2024,QS,94.9,66.1,,
UNI00417,2024,QS,11.0,26.3,,
UNI00724,2024,QS,79.8,24.3,,
UNI00725,2024,QS,14.6,95.0,,
UNI00635,2024,QS,11.0,71.9,,
UNI00726,2024,QS,14.0,69.9,,
UNI00727,2024,QS,76.6,1.0,,
UNI00728,2024,QS,44.3,91.7,,
UNI00729,2024,QS,72.9,4.0,,
UNI00574,2024,QS,8.2,93.2,,
UNI00613,2024,QS,4.5,9.3,,
UNI00514,2024,QS,2.3,3.8,,
UNI00731,2024,QS,16.3,5.1,,
UNI00681,2024,QS,2.3,75.1,,
UNI00710,2024,QS,14.4,1.6,,
UNI00733,2024,QS,11.7,1.5,,
UNI00664,2024,QS,3.2,66.2,,
UNI00734,2024,QS,27.6,25.0,,
UNI00735,2024,QS,80.2,3.3,,
UNI00736,2024,QS,19.6,3.9,,
UNI00237,2024,QS,10.0,24.2,,
UNI00563,2024,QS,19.5,49.5,,
UNI00289,2024,QS,49.9,70.6,,
UNI00589,2024,QS,4.9,8.2,,
UNI00738,2024,QS,60.6,38.3,,
UNI00740,2024,QS,12.3,28.4,,
UNI00622,2024,QS,35.5,26.4,,
UNI00512,2024,QS,8.3,99.6,,
UNI00741,2024,QS,27.6,5.6,,
UNI00742,2024,QS,19.4,47.7,,
UNI00743,2024,QS,10.6,3.8,,
UNI00744,2024,QS,81.5,2.5,,
UNI00745,2024,QS,3.6,5.9,,
UNI00746,2024,QS,36.6,1.7,,
UNI00748,2024,QS,16.6,22.5,,
UNI00749,2024,QS,17.8,25.0,,
UNI00595,2024,QS,3.1,46.0,,
UNI00750,2024,QS,88.5,23.4,,
UNI00720,2024,QS,30.4,68.0,,
UNI00591,2024,QS,4.6,100.0,,
UNI00432,2024,QS,36.3,27.8,,
UNI00751,2024,QS,47.8,2.8,,
UNI00752,2024,QS,100.0,18.0,,
UNI00753,2024,QS,10.5,2.7,,
UNI00755,2024,QS,13.0,1.8,,
UNI00756,2024,QS,13.0,97.5,,
UNI00757,2024,QS,4.9,1.6,,
UNI00759,2024,QS,5.1,1.8,,
UNI00760,2024,QS,16.8,2.7,,
UNI00761,2024,QS,33.4,5.1,,
UNI00762,2024,QS,75.5,49.9,,
UNI00507,2024,QS,18.9,3.7,,
UNI00763,2024,QS,16.6,1.1,,
UNI00765,2024,QS,72.9,14.4,,
UNI00766,2024,QS,31.6,2.4,,
UNI00767,2024,QS,12.4,1.8,,
UNI00730,2024,QS,10.9,1.6,,
UNI00768,2024,QS,21.0,10.8,,
UNI00723,2024,QS,11.7,1.0,,
UNI00630,2024,QS,3.1,43.6,,
UNI00657,2024,QS,4.0,7.6,,
UNI00772,2024,QS,66.0,58.8,,
UNI00773,2024,QS,84.4,69.9,,
UNI00774,2024,QS,62.3,5.2,,
UNI00776,2024,QS,9.2,64.5,,
UNI00777,2024,QS,13.2,11.3,,
UNI00778,2024,QS,4.2,1.3,,
UNI00781,2024,QS,13.0,6.0,,
UNI00452,2024,QS,100.0,13.5,,
UNI00568,2024,QS,22.0,2.0,,
UNI00585,2024,QS,16.5,51.3,,
UNI00782,2024,QS,9.8,3.2,,
UNI00784,2024,QS,14.2,60.2,,
UNI00785,2024,QS,3.0,15.7,,
UNI00786,2024,QS,55.1,3.3,,
UNI00787,2024,QS,21.0,2.4,,
UNI00788,2024,QS,12.2,12.1,,
UNI00779,2024,QS,13.4,15.9,,
UNI00790,2024,QS,23.0,24.8,,
UNI00791,2024,QS,5.9,100.0,,
UNI00561,2024,QS,2.4,57.6,,
UNI00792,2024,QS,10.2,5.6,,
UNI00793,2024,QS,15.6,,,
UNI00794,2024,QS,65.8,7.4,,
UNI00382,2024,QS,26.4,5.7,,
UNI00795,2024,QS,5.1,1.6,,
UNI00796,2024,QS,11.0,4.8,,
UNI00797,2024,QS,5.2,39.7,,
UNI00799,2024,QS,6.4,28.4,,
UNI00800,2024,QS,4.3,4.3,,
UNI00802,2024,QS,100.0,9.0,,
UNI00529,2024,QS,11.2,4.5,,
UNI00805,2024,QS,29.7,7.0,,
UNI00576,2024,QS,23.9,89.4,,
UNI00291,2024,QS,6.1,50.1,,
UNI00807,2024,QS,12.0,1.0,,
UNI00610,2024,QS,16.4,31.6,,
UNI00808,2024,QS,47.0,2.5,,
UNI00809,2024,QS,4.5,1.6,,
UNI00811,2024,QS,97.0,1.5,,
UNI00537,2024,QS,8.6,15.1,,
UNI00812,2024,QS,15.2,18.8,,
UNI00813,2024,QS,8.7,1.1,,
UNI00815,2024,QS,8.3,1.0,,
UNI00817,2024,QS,54.1,8.4,,
UNI00818,2024,QS,85.9,28.8,,
UNI00819,2024,QS,75.9,9.5,,
UNI00820,2024,QS,1.6,1.1,,
UNI00822,2024,QS,4.2,2.2,,
UNI00823,2024,QS,5.3,1.3,,
UNI00559,2024,QS,8.4,75.8,,
UNI00824,2024,QS,31.7,31.0,,
UNI00825,2024,QS,1.4,,,
UNI00826,2024,QS,6.2,1.3,,
UNI00509,2024,QS,8.4,24.4,,
UNI00828,2024,QS,19.7,59.9,,
UNI00830,2024,QS,58.8,26.8,,
UNI00831,2024,QS,31.2,1.6,,
UNI00832,2024,QS,1.6,11.6,,
UNI00833,2024,QS,2.4,3.5,,
UNI00676,2024,QS,57.8,3.4,,
UNI00834,2024,QS,23.8,2.7,,
UNI00668,2024,QS,64.7,4.8,,
UNI00737,2024,QS,10.1,3.4,,
UNI00624,2024,QS,43.0,10.2,,
UNI00836,2024,QS,5.5,22.6,,
UNI00837,2024,QS,88.1,26.3,,
UNI00838,2024,QS,79.4,14.7,,
UNI00839,2024,QS,49.1,50.2,,
UNI00564,2024,QS,43.1,3.2,,
UNI00840,2024,QS,21.1,15.1,,
UNI00842,2024,QS,55.8,30.5,,
UNI00844,2024,QS,15.5,46.8,,
UNI00845,2024,QS,59.7,66.0,,
UNI00440,2024,QS,7.3,1.7,,
UNI00847,2024,QS,45.6,3.7,,
UNI00848,2024,QS,82.6,1.9,,
UNI00849,2024,QS,11.4,42.2,,
UNI00850,2024,QS,7.1,13.9,,
UNI00852,2024,QS,5.3,6.0,,
UNI00855,2024,QS,8.9,54.2,,
UNI00858,2024,QS,100.0,,,
UNI00859,2024,QS,9.5,,,
UNI00614,2024,QS,15.2,33.2,,
UNI00860,2024,QS,53.0,15.5,,
UNI00861,2024,QS,7.2,1.5,,
UNI00862,2024,QS,11.8,2.1,,
UNI00549,2024,QS,11.8,44.1,,
UNI00711,2024,QS,99.0,13.0,,
UNI00775,2024,QS,15.2,9.7,,
UNI00456,2024,QS,99.6,3.1,,
UNI00680,2024,QS,30.0,15.6,,
UNI00865,2024,QS,16.9,8.6,,
UNI00866,2024,QS,15.7,2.8,,
UNI00867,2024,QS,35.2,13.5,,
UNI00869,2024,QS,26.3,1.6,,
UNI00871,2024,QS,49.6,21.2,,
UNI00872,2024,QS,15.4,3.3,,
UNI00396,2024,QS,6.8,6.9,,
UNI00874,2024,QS,16.4,3.6,,
UNI00875,2024,QS,2.7,5.1,,
UNI00877,2024,QS,9.3,100.0,,
UNI00879,2024,QS,92.1,5.2,,
UNI00582,2024,QS,7.4,7.8,,
UNI00282,2024,QS,4.7,43.2,,
UNI00881,2024,QS,4.7,4.0,,
UNI00882,2024,QS,16.9,1.0,,
UNI00884,2024,QS,42.9,2.9,,
UNI00885,2024,QS,45.6,12.6,,
UNI00886,2024,QS,7.0,74.0,,
UNI00887,2024,QS,55.9,2.9,,
UNI00706,2024,QS,23.4,72.6,,
UNI00718,2024,QS,5.8,97.5,,
UNI00481,2024,QS,4.1,87.9,,
UNI00890,2024,QS,75.5,32.0,,
UNI00891,2024,QS,76.0,3.5,,
UNI00754,2024,QS,45.1,2.8,,
UNI00892,2024,QS,31.5,24.1,,
UNI00764,2024,QS,59.0,9.8,,
UNI00770,2024,QS,7.1,4.1,,
UNI00511,2024,QS,8.7,15.6,,
UNI00894,2024,QS,84.2,4.2,,
UNI00895,2024,QS,13.1,3.2,,
UNI00803,2024,QS,5.2,2.4,,
UNI00896,2024,QS,98.0,5.4,,
UNI00898,2024,QS,2.4,99.6,,
UNI00851,2024,QS,5.0,7.1,,
UNI00899,2024,QS,13.3,9.5,,
UNI00900,2024,QS,17.5,2.5,,
UNI00902,2024,QS,48.1,4.4,,
UNI00903,2024,QS,69.9,2.1,,
UNI00904,2024,QS,36.1,2.0,,
UNI00905,2024,QS,3.7,1.9,,
UNI00906,2024,QS,8.4,1.6,,
UNI00907,2024,QS,19.0,2.0,,
UNI00908,2024,QS,10.5,1.5,,
UNI00909,2024,QS,19.9,8.4,,
UNI00910,2024,QS,11.1,3.3,,
UNI00911,2024,QS,41.1,15.7,,
UNI00912,2024,QS,22.9,14.0,,
UNI00913,2024,QS,83.8,21.8,,
UNI00915,2024,QS,5.6,1.1,,
UNI00916,2024,QS,13.0,64.5,,
UNI00919,2024,QS,16.3,2.0,,
UNI00921,2024,QS,5.1,5.3,,
UNI00922,2024,QS,11.5,9.6,,
UNI00923,2024,QS,38.1,62.4,,
UNI00644,2024,QS,4.8,1.8,,
UNI00924,2024,QS,15.7,8.2,,
UNI00450,2024,QS,4.8,3.6,,
UNI00925,2024,QS,40.9,38.8,,
UNI00926,2024,QS,38.5,40.2,,
UNI00835,2024,QS,97.7,2.4,,
UNI00927,2024,QS,80.6,18.4,,
UNI00674,2024,QS,61.1,,,
UNI00929,2024,QS,10.0,1.8,,
UNI00930,2024,QS,4.8,2.6,,
UNI00917,2024,QS,44.0,6.5,,
UNI00920,2024,QS,45.3,10.7,,
UNI00878,2024,QS,12.9,4.5,,
UNI00880,2024,QS,41.9,45.1,,
UNI00932,2024,QS,36.3,7.1,,
UNI00489,2024,QS,4.9,7.4,,
UNI00934,2024,QS,9.3,23.3,,
UNI00935,2024,QS,6.3,1.6,,
UNI00937,2024,QS,60.8,5.8,,
UNI00758,2024,QS,12.0,5.2,,
UNI00938,2024,QS,32.4,7.3,,
UNI00914,2024,QS,11.4,2.0,,
UNI00940,2024,QS,6.4,21.0,,
UNI00941,2024,QS,12.2,24.7,,
UNI00769,2024,QS,8.3,95.9,,
UNI00942,2024,QS,26.0,9.4,,
UNI00943,2024,QS,95.8,18.2,,
UNI00944,2024,QS,88.1,3.3,,
UNI00801,2024,QS,5.6,2.4,,
UNI00806,2024,QS,10.7,4.3,,
UNI00945,2024,QS,55.5,63.8,,
UNI00946,2024,QS,5.3,76.0,,
UNI00947,2024,QS,1.7,3.6,,
UNI00948,2024,QS,77.8,23.1,,
UNI00949,2024,QS,12.6,39.6,,
UNI00555,2024,QS,22.2,19.1,,
UNI00950,2024,QS,57.0,2.6,,
UNI00951,2024,QS,99.9,1.3,,
UNI00952,2024,QS,19.6,1.1,,
UNI00954,2024,QS,17.9,8.2,,
UNI00955,2024,QS,2.4,3.5,,
UNI00956,2024,QS,6.5,1.9,,
UNI00957,2024,QS,3.5,100.0,,
UNI00739,2024,QS,6.4,99.5,,
UNI00508,2024,QS,9.1,30.1,,
UNI00933,2024,QS,38.2,11.2,,
UNI00959,2024,QS,30.8,14.3,,
UNI00960,2024,QS,12.7,4.4,,
UNI00814,2024,QS,5.1,1.9,,
UNI00810,2024,QS,2.6,6.3,,
UNI00961,2024,QS,6.7,70.1,,
UNI00962,2024,QS,1.0,8.0,,
UNI00963,2024,QS,71.3,24.5,,
UNI00964,2024,QS,6.5,2.2,,
UNI00965,2024,QS,63.5,16.8,,
UNI00870,2024,QS,17.1,24.2,,
UNI00966,2024,QS,12.1,2.6,,
UNI00969,2024,QS,37.3,4.5,,
UNI00846,2024,QS,5.0,5.0,,
UNI00970,2024,QS,8.1,5.4,,
UNI00390,2024,QS,3.3,3.5,,
UNI00853,2024,QS,1.6,3.3,,
UNI00971,2024,QS,16.0,10.6,,
UNI00972,2024,QS,25.7,6.8,,
UNI00973,2024,QS,59.9,2.7,,
UNI00974,2024,QS,26.9,3.4,,
UNI00975,2024,QS,94.0,2.7,,
UNI00967,2024,QS,56.0,3.4,,
UNI00976,2024,QS,4.5,100.0,,
UNI00978,2024,QS,21.3,3.0,,
UNI00979,2024,QS,48.8,37.1,,
UNI00980,2024,QS,18.2,3.9,,
UNI00981,2024,QS,63.3,24.0,,
UNI00982,2024,QS,48.7,4.8,,
UNI00983,2024,QS,21.9,5.2,,
UNI00984,2024,QS,24.9,21.9,,
UNI00985,2024,QS,9.9,2.0,,
UNI00986,2024,QS,62.1,6.3,,
UNI00987,2024,QS,10.5,1.6,,
UNI00988,2024,QS,16.4,1.9,,
UNI00991,2024,QS,10.7,39.9,,
UNI00992,2024,QS,30.6,8.6,,
UNI00977,2024,QS,13.6,35.8,,
UNI00993,2024,QS,14.4,86.4,,
UNI00994,2024,QS,5.4,76.7,,
UNI00995,2024,QS,59.3,55.6,,
UNI00996,2024,QS,81.8,14.3,,
UNI00998,2024,QS,21.3,12.0,,
UNI00999,2024,QS,66.3,6.5,,
UNI01000,2024,QS,88.4,4.2,,
UNI01002,2024,QS,4.1,1.3,,
UNI01004,2024,QS,74.3,2.5,,
UNI01005,2024,QS,7.0,,,
UNI01006,2024,QS,13.9,26.3,,
UNI01008,2024,QS,8.6,4.1,,
UNI01009,2024,QS,2.1,4.6,,
UNI01010,2024,QS,49.4,,,
UNI01011,2024,QS,11.5,81.6,,
UNI00475,2024,QS,45.7,5.6,,
UNI00989,2024,QS,32.5,8.3,,
UNI01012,2024,QS,39.2,1.1,,
UNI01013,2024,QS,53.2,2.5,,
UNI01015,2024,QS,28.4,7.6,,
UNI01016,2024,QS,11.7,5.2,,
UNI01018,2024,QS,32.7,5.3,,
UNI00228,2024,QS,8.4,7.7,,
UNI00863,2024,QS,7.3,2.6,,
UNI00353,2024,QS,12.6,10.6,,
UNI01020,2024,QS,67.4,3.7,,
UNI01021,2024,QS,82.0,3.7,,
UNI01023,2024,QS,15.4,5.8,,
UNI01024,2024,QS,8.1,100.0,,
UNI00607,2024,QS,34.7,4.4,,
UNI01026,2024,QS,8.1,2.7,,
UNI00918,2024,QS,14.0,3.5,,
UNI00771,2024,QS,37.2,1.6,,
UNI00931,2024,QS,3.4,8.2,,
UNI01027,2024,QS,46.4,7.1,,
UNI01028,2024,QS,17.7,19.8,,
UNI01030,2024,QS,30.0,1.4,,
UNI01031,2024,QS,51.1,1.2,,
UNI01032,2024,QS,49.4,49.2,,
UNI01033,2024,QS,4.0,1.7,,
UNI01035,2024,QS,39.4,16.4,,
UNI00546,2024,QS,42.4,63.1,,
UNI01036,2024,QS,23.2,2.0,,
UNI00854,2024,QS,7.9,1.6,,
UNI00685,2024,QS,5.9,2.7,,
UNI01038,2024,QS,28.7,6.3,,
UNI01039,2024,QS,15.5,4.5,,
UNI01040,2024,QS,39.9,5.3,,
UNI01041,2024,QS,9.0,2.3,,
UNI01042,2024,QS,30.0,3.9,,
UNI01043,2024,QS,8.6,3.1,,
UNI01044,2024,QS,7.3,1.5,,
UNI01045,2024,QS,21.9,,,
UNI01046,2024,QS,27.6,7.0,,
UNI01047,2024,QS,54.9,1.2,,
UNI01048,2024,QS,6.4,14.8,,
UNI01049,2024,QS,11.6,1.0,,
UNI01050,2024,QS,23.8,3.9,,
UNI01051,2024,QS,20.8,5.1,,
UNI01052,2024,QS,1.5,52.3,,
UNI01053,2024,QS,25.0,28.7,,
UNI01054,2024,QS,30.9,1.1,,
UNI01055,2024,QS,7.3,11.4,,
UNI00592,2024,QS,3.9,5.7,,
UNI01056,2024,QS,32.1,2.3,,
UNI01057,2024,QS,1.8,1.8,,
UNI01059,2024,QS,39.7,12.8,,
UNI01060,2024,QS,2.3,5.5,,
UNI00968,2024,QS,36.0,2.0,,
UNI01029,2024,QS,37.2,5.8,,
UNI00864,2024,QS,4.2,4.0,,
UNI01061,2024,QS,7.0,1.2,,
UNI01062,2024,QS,9.4,1.2,,
UNI00876,2024,QS,14.3,6.1,,
UNI01058,2024,QS,5.1,21.6,,
UNI01063,2024,QS,16.7,9.4,,
UNI01064,2024,QS,7.1,1.5,,
UNI00901,2024,QS,1.4,2.7,,
UNI01065,2024,QS,58.0,,,
UNI01066,2024,QS,11.3,34.5,,
UNI00689,2024,QS,20.8,1.7,,
UNI00888,2024,QS,10.6,21.8,,
UNI00889,2024,QS,25.3,1.7,,
UNI01067,2024,QS,7.3,25.0,,
UNI01068,2024,QS,32.6,26.8,,
UNI01034,2024,QS,12.3,4.0,,
UNI01070,2024,QS,22.0,2.6,,
UNI01071,2024,QS,33.9,1.7,,
UNI00691,2024,QS,15.9,1.6,,
UNI00695,2024,QS,11.7,3.8,,
UNI01072,2024,QS,27.3,28.0,,
UNI01073,2024,QS,35.8,9.2,,
UNI01074,2024,QS,20.6,4.5,,
UNI01075,2024,QS,6.2,9.9,,
UNI00571,2024,QS,7.6,76.5,,
UNI00897,2024,QS,12.4,1.4,,
UNI01076,2024,QS,4.6,3.3,,
UNI01077,2024,QS,5.8,72.8,,
UNI01078,2024,QS,44.5,5.4,,
UNI01079,2024,QS,4.4,7.2,,
UNI01080,2024,QS,30.6,4.3,,
UNI01082,2024,QS,4.8,37.5,,
UNI01083,2024,QS,19.6,2.0,,
UNI01084,2024,QS,68.9,5.8,,
UNI01085,2024,QS,5.3,4.0,,
UNI01086,2024,QS,13.8,3.3,,
UNI01087,2024,QS,16.6,1.9,,
UNI01088,2024,QS,19.2,1.7,,
UNI01089,2024,QS,3.5,7.9,,
UNI01090,2024,QS,37.1,13.1,,
UNI01091,2024,QS,15.4,14.6,,
UNI01092,2024,QS,16.6,50.6,,
UNI01093,2024,QS,31.4,14.7,,
UNI01094,2024,QS,5.5,2.8,,
UNI01095,2024,QS,18.8,14.4,,
UNI00732,2024,QS,4.4,37.5,,
UNI01096,2024,QS,14.6,2.0,,
UNI01097,2024,QS,6.1,9.1,,
UNI00415,2024,QS,46.7,3.8,,
UNI01098,2024,QS,34.1,29.1,,
UNI01099,2024,QS,14.8,2.9,,
UNI01100,2024,QS,31.4,3.1,,
UNI01102,2024,QS,17.9,6.0,,
UNI01103,2024,QS,58.8,1.5,,
UNI01104,2024,QS,16.8,,,
UNI01106,2024,QS,65.8,3.0,,
UNI01107,2024,QS,20.0,2.5,,
UNI01108,2024,QS,35.5,4.4,,
UNI01109,2024,QS,20.0,2.1,,
UNI01110,2024,QS,23.1,44.0,,
UNI01111,2024,QS,6.6,4.8,,
UNI01112,2024,QS,28.8,21.0,,
UNI01113,2024,QS,16.2,7.9,,
UNI01115,2024,QS,11.3,4.6,,
UNI00928,2024,QS,4.4,18.0,,
UNI01116,2024,QS,45.9,21.9,,
UNI01117,2024,QS,42.4,3.5,,
UNI00780,2024,QS,3.2,4.1,,
UNI01118,2024,QS,4.9,5.3,,
UNI00783,2024,QS,6.7,3.2,,
UNI01119,2024,QS,11.6,23.5,,
UNI01120,2024,QS,43.7,4.0,,
UNI01121,2024,QS,10.1,43.6,,
UNI01122,2024,QS,14.3,27.8,,
UNI01123,2024,QS,16.6,4.6,,
UNI01124,2024,QS,39.9,1.4,,
UNI01125,2024,QS,4.8,2.4,,
UNI01126,2024,QS,50.9,2.8,,
UNI01127,2024,QS,29.1,44.6,,
UNI01128,2024,QS,47.7,3.6,,
UNI01130,2024,QS,5.5,3.9,,
UNI00816,2024,QS,5.6,1.8,,
UNI01131,2024,QS,2.9,34.8,,
UNI01132,2024,QS,34.1,1.2,,
UNI01133,2024,QS,32.6,4.0,,
UNI01025,2024,QS,19.8,17.7,,
UNI01135,2024,QS,49.0,3.0,,
UNI01136,2024,QS,53.9,20.6,,
UNI00827,2024,QS,3.2,4.4,,
UNI01137,2024,QS,29.1,4.1,,
UNI01138,2024,QS,10.8,11.9,,
UNI01139,2024,QS,17.6,29.6,,
UNI00990,2024,QS,10.0,30.9,,
UNI01140,2024,QS,35.1,2.9,,
UNI01141,2024,QS,15.5,31.2,,
UNI01143,2024,QS,27.7,4.4,,
UNI01144,2024,QS,34.7,2.7,,
UNI01145,2024,QS,46.6,4.8,,
UNI01146,2024,QS,28.0,8.8,,
UNI01147,2024,QS,12.6,1.7,,
UNI01148,2024,QS,22.8,6.6,,
UNI01001,2024,QS,4.1,2.3,,
UNI01149,2024,QS,6.9,19.3,,
UNI01151,2024,QS,22.8,59.3,,
UNI01152,2024,QS,45.5,10.1,,
UNI01153,2024,QS,27.0,3.6,,
UNI01154,2024,QS,15.3,2.5,,
UNI01155,2024,QS,5.7,96.7,,
UNI01158,2024,QS,4.7,20.5,,
UNI01159,2024,QS,14.4,3.1,,
UNI01160,2024,QS,66.3,2.4,,
UNI01161,2024,QS,11.3,33.9,,
UNI01162,2024,QS,51.0,2.3,,
UNI01163,2024,QS,6.2,1.5,,
UNI01164,2024,QS,3.5,1.9,,
UNI01165,2024,QS,73.5,1.3,,
UNI01166,2024,QS,17.5,20.0,,
UNI01167,2024,QS,2.2,1.1,,
UNI01168,2024,QS,43.2,1.8,,
UNI01169,2024,QS,4.9,1.1,,
UNI01170,2024,QS,28.0,,,
UNI01171,2024,QS,63.9,4.4,,
UNI01172,2024,QS,4.3,2.0,,
UNI01173,2024,QS,23.0,1.8,,
UNI01174,2024,QS,9.9,1.5,,
UNI01175,2024,QS,25.9,,,
UNI01176,2024,QS,14.3,,,
UNI01178,2024,QS,11.4,1.5,,
UNI01180,2024,QS,6.7,1.4,,
UNI01181,2024,QS,12.3,1.3,,
UNI01182,2024,QS,3.3,3.0,,
UNI01183,2024,QS,8.1,1.4,,
UNI01184,2024,QS,5.2,1.3,,
UNI01185,2024,QS,20.1,1.7,,
UNI01187,2024,QS,5.2,1.5,,
UNI01188,2024,QS,21.1,15.3,,
UNI01189,2024,QS,28.6,1.8,,
UNI01190,2024,QS,67.5,,,
UNI01191,2024,QS,78.8,,,
UNI01192,2024,QS,12.8,2.5,,
UNI01193,2024,QS,3.3,1.8,,
UNI01194,2024,QS,49.1,1.5,,
UNI01195,2024,QS,25.1,4.6,,
UNI01196,2024,QS,17.6,1.3,,
UNI01197,2024,QS,16.3,1.7,,
UNI01198,2024,QS,18.8,4.0,,
UNI01199,2024,QS,3.3,3.0,,
UNI01200,2024,QS,6.1,6.7,,
UNI01201,2024,QS,10.2,4.0,,
UNI01202,2024,QS,14.5,1.2,,
UNI01203,2024,QS,13.6,2.0,,
UNI01204,2024,QS,18.7,12.5,,
UNI01206,2024,QS,9.7,29.1,,
UNI01207,2024,QS,6.0,6.9,,
UNI01014,2024,QS,4.9,29.1,,
UNI01208,2024,QS,40.6,3.3,,
UNI01209,2024,QS,60.7,2.1,,
UNI01210,2024,QS,1.2,21.6,,
UNI01211,2024,QS,5.5,38.2,,
UNI01212,2024,QS,33.6,3.8,,
UNI01114,2024,QS,24.1,4.0,,
UNI01213,2024,QS,7.8,4.0,,
UNI01156,2024,QS,11.9,8.7,,
UNI01214,2024,QS,10.8,6.7,,
UNI01215,2024,QS,9.6,7.0,,
UNI01216,2024,QS,6.6,3.2,,
UNI00708,2024,QS,2.5,1.3,,
UNI00721,2024,QS,11.3,48.5,,
UNI00883,2024,QS,5.0,,,
UNI01217,2024,QS,27.9,3.0,,
UNI01219,2024,QS,12.2,5.0,,
UNI01220,2024,QS,1.6,1.1,,
UNI01221,2024,QS,24.9,3.3,,
UNI01222,2024,QS,36.6,2.9,,
UNI01223,2024,QS,17.8,13.5,,
UNI00789,2024,QS,18.1,,,
UNI01224,2024,QS,3.7,1.9,,
UNI01225,2024,QS,11.4,3.0,,
UNI00798,2024,QS,5.0,5.5,,
UNI01226,2024,QS,3.4,14.7,,
UNI01227,2024,QS,9.3,,,
UNI01228,2024,QS,39.8,11.1,,
UNI01229,2024,QS,9.4,28.6,,
UNI00821,2024,QS,4.0,41.1,,
UNI00829,2024,QS,6.9,2.7,,
UNI01230,2024,QS,17.0,20.3,,
UNI01231,2024,QS,68.7,,,
UNI00671,2024,QS,3.7,2.8,,
UNI01007,2024,QS,5.6,5.9,,
UNI00893,2024,QS,3.5,4.9,,
UNI00666,2024,QS,2.3,18.5,,
UNI00856,2024,QS,8.7,8.8,,
UNI01232,2024,QS,37.8,12.2,,
UNI01234,2024,QS,39.0,15.2,,
UNI01019,2024,QS,8.8,3.9,,
UNI00868,2024,QS,10.4,72.1,,
UNI00873,2024,QS,25.9,4.0,,
UNI01235,2024,QS,56.1,2.9,,
UNI01236,2024,QS,6.3,1.7,,
UNI01237,2024,QS,15.5,22.0,,
UNI01238,2024,QS,20.2,7.7,,
UNI01233,2024,QS,10.8,10.4,,
UNI01239,2024,QS,5.7,3.1,,
UNI01240,2024,QS,43.2,2.7,,
UNI01205,2024,QS,2.8,13.9,,
UNI01241,2024,QS,45.4,1.6,,
UNI01242,2024,QS,8.1,3.1,,
UNI01243,2024,QS,13.3,14.8,,
UNI00841,2024,QS,11.1,10.4,,
UNI01244,2024,QS,5.3,10.9,,
UNI01218,2024,QS,13.8,3.1,,
UNI01245,2024,QS,5.4,2.7,,
UNI01246,2024,QS,8.8,1.1,,
UNI01247,2024,QS,27.3,2.7,,
UNI01037,2024,QS,1.7,1.0,,
UNI01248,2024,QS,12.0,5.6,,
UNI01249,2024,QS,3.2,1.3,,
UNI01250,2024,QS,4.9,4.3,,
UNI01252,2024,QS,23.1,2.6,,
UNI01253,2024,QS,2.4,18.8,,
UNI01254,2024,QS,7.0,,,
UNI01255,2024,QS,18.1,4.8,,
UNI01081,2024,QS,7.8,3.1,,
UNI01257,2024,QS,4.2,5.7,,
UNI01258,2024,QS,9.1,1.5,,
UNI01260,2024,QS,20.3,3.2,,
UNI01261,2024,QS,7.2,,,
UNI01262,2024,QS,8.9,17.2,,
UNI01263,2024,QS,11.4,5.5,,
UNI01264,2024,QS,3.9,2.0,,
UNI01265,2024,QS,1.1,3.9,,
UNI01266,2024,QS,2.9,6.2,,
UNI01267,2024,QS,3.1,1.0,,
UNI01268,2024,QS,1.9,6.5,,
UNI01269,2024,QS,4.5,5.8,,
UNI01270,2024,QS,5.6,3.6,,
UNI01069,2024,QS,4.3,7.4,,
UNI01271,2024,QS,9.2,1.1,,
UNI01272,2024,QS,10.1,2.7,,
UNI01274,2024,QS,7.3,1.2,,
UNI01275,2024,QS,2.4,1.2,,
UNI01276,2024,QS,4.4,2.3,,
UNI01277,2024,QS,8.3,,,
UNI01278,2024,QS,9.3,10.0,,
UNI01279,2024,QS,7.8,2.4,,
UNI00747,2024,QS,3.6,6.7,,
UNI01280,2024,QS,12.1,50.5,,
UNI01281,2024,QS,12.6,25.5,,
UNI01282,2024,QS,34.2,2.0,,
UNI01283,2024,QS,5.9,2.3,,
UNI00953,2024,QS,,,,
UNI01285,2024,QS,7.6,3.0,,
UNI01286,2024,QS,25.3,4.2,,
UNI01287,2024,QS,1.4,,,
UNI01101,2024,QS,26.0,10.9,,
UNI01288,2024,QS,11.2,,,
UNI01289,2024,QS,10.6,2.1,,
UNI01290,2024,QS,4.8,1.6,,
UNI01291,2024,QS,3.7,1.1,,
UNI01292,2024,QS,5.1,1.2,,
UNI01293,2024,QS,4.5,3.9,,
UNI01294,2024,QS,10.8,20.5,,
UNI01295,2024,QS,5.0,3.6,,
UNI00936,2024,QS,23.7,2.7,,
UNI01296,2024,QS,30.5,5.7,,
UNI01297,2024,QS,6.5,6.6,,
UNI01298,2024,QS,7.6,25.9,,
UNI01299,2024,QS,6.8,4.5,,
UNI01301,2024,QS,6.5,1.3,,
UNI01302,2024,QS,6.5,10.2,,
UNI01303,2024,QS,11.7,45.0,,
UNI01304,2024,QS,8.2,5.2,,
UNI01129,2024,QS,11.6,7.7,,
UNI01305,2024,QS,17.2,1.2,,
UNI01306,2024,QS,5.3,1.3,,
UNI00804,2024,QS,,,,
UNI00524,2024,QS,14.0,3.9,,
UNI01134,2024,QS,2.1,7.6,,
UNI01307,2024,QS,3.5,5.9,,
UNI01308,2024,QS,41.1,5.8,,
UNI01142,2024,QS,6.5,1.1,,
UNI01309,2024,QS,9.8,13.9,,
UNI01310,2024,QS,10.5,2.2,,
UNI01017,2024,QS,9.5,5.3,,
UNI01311,2024,QS,10.3,8.1,,
UNI01150,2024,QS,10.1,6.2,,
UNI01312,2024,QS,7.7,4.8,,
UNI01313,2024,QS,17.5,4.1,,
UNI01314,2024,QS,17.6,3.0,,
UNI01315,2024,QS,14.1,6.2,,
UNI01316,2024,QS,22.2,4.1,,
UNI01317,2024,QS,5.2,6.8,,
UNI01318,2024,QS,29.3,13.9,,
UNI01319,2024,QS,13.4,2.9,,
UNI01320,2024,QS,9.3,2.3,,
UNI01321,2024,QS,2.8,9.8,,
UNI01323,2024,QS,32.9,2.1,,
UNI01324,2024,QS,4.5,1.2,,
UNI01325,2024,QS,21.4,2.0,,
UNI01326,2024,QS,10.1,13.9,,
UNI01327,2024,QS,12.2,2.1,,
UNI01179,2024,QS,4.9,27.7,,
UNI00997,2024,QS,16.2,1.8,,
UNI01328,2024,QS,4.1,5.1,,
UNI01329,2024,QS,3.6,1.2,,
UNI01330,2024,QS,3.4,1.5,,
UNI01331,2024,QS,3.6,7.4,,
UNI01003,2024,QS,4.1,2.0,,
UNI01332,2024,QS,7.3,2.7,,
UNI01333,2024,QS,23.8,11.3,,
UNI01334,2024,QS,2.4,5.0,,
UNI01322,2024,QS,3.8,8.0,,
UNI01335,2024,QS,24.9,38.9,,
UNI01336,2024,QS,30.2,,,
UNI01337,2024,QS,18.4,52.9,,
UNI01338,2024,QS,14.7,2.8,,
UNI01339,2024,QS,6.0,2.0,,
UNI01340,2024,QS,5.2,9.3,,
UNI01341,2024,QS,2.5,1.2,,
UNI01342,2024,QS,3.1,1.8,,
UNI01343,2024,QS,34.2,,,
UNI01344,2024,QS,4.4,2.9,,
UNI01345,2024,QS,9.7,2.0,,
UNI01346,2024,QS,2.0,,,
UNI01347,2024,QS,7.0,2.8,,
UNI01348,2024,QS,10.9,,,
UNI01349,2024,QS,18.3,,,
UNI01273,2024,QS,4.0,1.1,,
UNI01350,2024,QS,2.7,,,
UNI01351,2024,QS,5.9,1.4,,
UNI01354,2024,QS,3.6,1.2,,
UNI01356,2024,QS,12.6,2.5,,
UNI01357,2024,QS,9.4,1.1,,
UNI01358,2024,QS,6.8,1.8,,
UNI01360,2024,QS,3.2,2.3,,
UNI01361,2024,QS,4.5,1.0,,
UNI01362,2024,QS,3.9,,,
UNI01363,2024,QS,7.8,1.8,,
UNI01364,2024,QS,2.9,1.4,,
UNI01365,2024,QS,5.3,1.1,,
UNI01366,2024,QS,12.9,2.0,,
UNI01367,2024,QS,16.7,8.0,,
UNI01368,2024,QS,3.2,,,
UNI01369,2024,QS,1.1,1.0,,
UNI01370,2024,QS,14.6,1.8,,
UNI01371,2024,QS,5.7,,,
UNI01372,2024,QS,34.9,,,
UNI01373,2024,QS,7.5,4.7,,
UNI01374,2024,QS,21.5,,,
UNI01375,2024,QS,2.2,1.1,,
UNI01376,2024,QS,16.1,3.1,,
UNI01377,2024,QS,1.8,1.3,,
UNI01378,2024,QS,20.1,4.5,,
UNI01379,2024,QS,7.8,,,
UNI01256,2024,QS,17.6,1.2,,
UNI01259,2024,QS,8.9,1.5,,
UNI01380,2024,QS,31.4,,,
UNI01381,2024,QS,27.0,1.4,,
UNI01382,2024,QS,15.8,1.2,,
UNI01383,2024,QS,13.3,1.8,,
UNI01300,2024,QS,7.7,1.3,,
UNI01384,2024,QS,11.7,1.1,,
UNI01385,2024,QS,10.6,1.0,,
UNI01386,2024,QS,1.5,6.4,,
UNI01387,2024,QS,2.0,1.2,,
UNI01388,2024,QS,2.8,2.0,,
UNI01359,2024,QS,11.0,1.7,,
UNI01389,2024,QS,21.0,2.4,,
UNI01390,2024,QS,4.8,5.2,,
UNI01391,2024,QS,,,,
UNI01392,2024,QS,18.2,,,
UNI01393,2024,QS,17.3,1.8,,
UNI01394,2024,QS,1.8,30.8,,
UNI01395,2024,QS,1.6,2.6,,
UNI01396,2024,QS,3.0,1.5,,
UNI01397,2024,QS,9.2,6.7,,
UNI01398,2024,QS,9.8,5.7,,
UNI00686,2024,QS,13.2,1.0,,
UNI01399,2024,QS,15.9,1.1,,
UNI01401,2024,QS,28.1,5.2,,
UNI01402,2024,QS,7.9,10.9,,
UNI00600,2024,QS,,,,
UNI01404,2024,QS,10.2,32.8,,
UNI01405,2024,QS,8.0,1.4,,
UNI01406,2024,QS,30.6,1.1,,
UNI00939,2024,QS,14.9,4.4,,
UNI01407,2024,QS,23.6,6.6,,
UNI01408,2024,QS,16.2,4.2,,
UNI01409,2024,QS,11.8,1.7,,
UNI01410,2024,QS,13.2,6.2,,
UNI00958,2024,QS,9.2,2.6,,
UNI01352,2024,QS,19.9,12.3,,
UNI01355,2024,QS,23.7,9.2,,
UNI00640,2024,QS,14.9,1.3,,
UNI01411,2024,QS,17.1,1.9,,
UNI01413,2024,QS,17.8,1.7,,
UNI01414,2024,QS,3.4,2.2,,
UNI01415,2024,QS,24.9,6.0,,
UNI01416,2024,QS,3.8,3.0,,
UNI01417,2024,QS,17.2,3.3,,
UNI01418,2024,QS,17.3,1.8,,
UNI01177,2024,QS,4.2,2.1,,
UNI01419,2024,QS,34.3,7.2,,
UNI01420,2024,QS,24.2,2.7,,
UNI01421,2024,QS,11.9,,,
UNI01422,2024,QS,3.5,2.8,,
UNI01423,2024,QS,19.9,25.6,,
UNI01424,2024,QS,8.0,1.8,,
UNI01425,2024,QS,17.5,5.9,,
UNI01426,2024,QS,7.4,9.6,,
UNI01022,2024,QS,2.9,2.4,,
UNI01427,2024,QS,8.4,2.1,,
UNI01428,2024,QS,3.4,1.1,,
UNI00843,2024,QS,4.3,1.8,,
UNI01251,2024,QS,2.8,3.6,,
UNI01429,2024,QS,3.5,5.6,,
UNI01430,2024,QS,8.1,,,
UNI01284,2024,QS,4.5,5.0,,
UNI01431,2024,QS,,,,
UNI01432,2024,QS,,,,
UNI01434,2024,QS,8.9,1.6,,
UNI01435,2024,QS,5.9,2.5,,
UNI01436,2024,QS,,,,
UNI01437,2024,QS,,,,
UNI01438,2024,QS,17.6,3.8,,
UNI01353,2024,QS,,,,
UNI01105,2024,QS,,,,
UNI01439,2024,QS,7.5,3.4,,
UNI01440,2024,QS,9.3,3.6,,
UNI01441,2024,QS,,,,
UNI01442,2024,QS,6.4,1.2,,
UNI01443,2024,QS,1.6,,,
UNI01412,2024,QS,6.0,1.4,,
UNI01444,2024,QS,,,,
UNI01157,2024,QS,2.8,12.6,,
UNI01433,2024,QS,,,,
UNI01445,2024,QS,4.3,4.0,,
UNI01446,2024,QS,,,,
UNI01400,2024,QS,7.9,1.3,,
UNI01447,2024,QS,3.2,1.6,,
UNI01186,2024,QS,,,,
UNI01448,2024,QS,,,,
UNI01449,2024,QS,,,,
UNI01450,2024,QS,,,,
UNI01451,2024,QS,3.1,1.5,,
UNI01452,2024,QS,6.5,9.6,,
UNI00857,2024,QS,4.9,1.4,,
UNI01453,2024,QS,5.2,1.6,,
UNI01454,2024,QS,5.5,1.4,,
UNI01455,2024,QS,5.0,1.1,,
UNI01456,2024,QS,13.0,1.1,,
UNI01457,2024,QS,3.9,3.0,,
UNI01458,2024,QS,5.2,1.3,,
UNI01459,2024,QS,8.6,1.1,,
UNI01460,2024,QS,2.9,1.3,,
UNI01461,2024,QS,3.2,1.9,,
UNI01462,2024,QS,3.0,,,
UNI01463,2024,QS,4.4,1.5,,
UNI01464,2024,QS,5.8,1.5,,
UNI01465,2024,QS,3.0,1.3,,
UNI01466,2024,QS,6.7,1.6,,
UNI01467,2024,QS,4.5,1.5,,
UNI01468,2024,QS,2.1,,,
UNI01469,2024,QS,2.7,1.3,,
UNI01470,2024,QS,4.6,1.3,,
UNI01471,2024,QS,1.2,1.1,,
UNI01472,2024,QS,2.9,,,
UNI01473,2024,QS,2.9,,,
UNI01474,2024,QS,3.2,1.8,,
UNI01475,2024,QS,2.6,,,
UNI01476,2024,QS,14.1,,,
UNI01477,2024,QS,3.7,1.7,,
UNI01478,2024,QS,1.2,1.3,,
UNI01479,2024,QS,2.8,6.6,,
UNI01480,2024,QS,3.3,1.0,,
UNI01481,2024,QS,20.2,,,
UNI01482,2024,QS,13.4,1.3,,
UNI01483,2024,QS,8.7,1.1,,
UNI01484,2024,QS,7.1,1.3,,
UNI01485,2024,QS,12.6,1.3,,
UNI01486,2024,QS,10.0,,,
UNI01487,2024,QS,6.7,1.1,,
UNI01488,2024,QS,8.6,,,
UNI01489,2024,QS,4.9,1.1,,
UNI01490,2024,QS,7.3,1.4,,
UNI01491,2024,QS,7.8,1.1,,
UNI01492,2024,QS,,,,
UNI01493,2024,QS,2.9,,,
UNI00493,2024,QS,,,,
UNI00619,2024,QS,10.3,1.1,,
UNI00505,2024,QS,,,,
UNI01494,2024,QS,4.7,1.0,,
UNI01495,2024,QS,3.5,1.0,,
UNI01403,2024,QS,3.6,7.0,,
UNI00649,2024,QS,,,,
UNI01496,2024,QS,8.6,2.9,,
UNI01497,2024,QS,7.0,1.4,,
UNI01498,2024,QS,,,,
UNI00002,2024,THE,,,10.9,42.0
UNI00005,2024,THE,,,6.4,23.0
UNI00003,2024,THE,,,8.0,33.0
UNI00004,2024,THE,,,9.0,25.0
UNI00006,2024,THE,,,11.5,38.0
UNI00007,2024,THE,,,7.3,23.0
UNI01499,2024,THE,,,6.1,33.0
UNI00008,2024,THE,,,11.8,61.0
UNI00010,2024,THE,,,17.9,22.0
UNI00012,2024,THE,,,5.2,21.0
UNI01500,2024,THE,,,15.4,43.0
UNI01501,2024,THE,,,11.2,10.0
UNI01502,2024,THE,,,6.2,36.0
UNI01503,2024,THE,,,10.9,14.0
UNI00019,2024,THE,,,4.1,28.0
UNI00016,2024,THE,,,6.2,22.0
UNI00014,2024,THE,,,5.2,35.0
UNI01504,2024,THE,,,9.6,15.0
UNI00011,2024,THE,,,20.0,24.0
UNI00017,2024,THE,,,10.0,24.0
UNI00022,2024,THE,,,25.8,27.0
UNI00013,2024,THE,,,11.3,61.0
UNI00026,2024,THE,,,8.1,16.0
UNI00027,2024,THE,,,11.9,44.0
UNI00030,2024,THE,,,10.1,16.0
UNI00029,2024,THE,,,3.9,18.0
UNI01505,2024,THE,,,11.8,42.0
UNI00032,2024,THE,,,13.1,18.0
UNI00035,2024,THE,,,10.3,15.0
UNI01506,2024,THE,,,11.5,46.0
UNI00037,2024,THE,,,44.4,39.0
UNI00033,2024,THE,,,16.7,27.0
UNI01508,2024,THE,,,13.5,64.0
UNI01507,2024,THE,,,12.0,19.0
UNI01510,2024,THE,,,18.3,43.0
UNI00043,2024,THE,,,28.0,29.0
UNI01509,2024,THE,,,25.1,47.0
UNI00041,2024,THE,,,13.9,53.0
UNI01512,2024,THE,,,33.5,18.0
UNI01513,2024,THE,,,15.0,22.0
UNI00042,2024,THE,,,19.4,34.0
UNI00048,2024,THE,,,19.6,23.0
UNI01514,2024,THE,,,12.6,9.0
UNI01515,2024,THE,,,12.6,9.0
UNI00052,2024,THE,,,37.3,19.0
UNI01511,2024,THE,,,12.6,72.0
UNI01516,2024,THE,,,13.3,20.0
UNI00055,2024,THE,,,15.9,30.0
UNI00038,2024,THE,,,11.9,29.0
UNI01517,2024,THE,,,9.9,27.0
UNI01518,2024,THE,,,15.6,45.0
UNI00057,2024,THE,,,16.4,8.0
UNI01519,2024,THE,,,18.8,25.0
UNI00049,2024,THE,,,43.1,38.0
UNI00054,2024,THE,,,9.0,11.0
UNI01520,2024,THE,,,12.0,16.0
UNI01521,2024,THE,,,8.1,5.0
UNI00065,2024,THE,,,13.0,24.0
UNI00066,2024,THE,,,13.3,18.0
UNI00024,2024,THE,,,23.1,51.0
UNI00060,2024,THE,,,13.2,36.0
UNI00047,2024,THE,,,16.1,13.0
UNI00072,2024,THE,,,9.9,13.0
UNI00070,2024,THE,,,10.3,19.0
UNI01524,2024,THE,,,19.9,30.0
UNI00067,2024,THE,,,18.1,28.0
UNI01522,2024,THE,,,15.1,48.0
UNI00064,2024,THE,,,7.3,22.0
UNI01523,2024,THE,,,27.5,18.0
UNI00050,2024,THE,,,39.1,42.0
UNI00045,2024,THE,,,6.8,42.0
UNI00079,2024,THE,,,7.7,8.0
UNI01525,2024,THE,,,16.7,8.0
UNI00073,2024,THE,,,14.2,24.0
UNI00068,2024,THE,,,14.5,22.0
UNI01527,2024,THE,,,13.9,17.0
UNI00087,2024,THE,,,19.3,21.0
UNI00082,2024,THE,,,10.8,29.0
UNI00090,2024,THE,,,28.8,29.0
UNI00092,2024,THE,,,14.7,24.0
UNI00062,2024,THE,,,14.8,31.0
UNI01528,2024,THE,,,13.2,67.0
UNI01529,2024,THE,,,10.7,8.0
UNI01530,2024,THE,,,36.6,40.0
UNI01531,2024,THE,,,11.8,9.0
UNI01532,2024,THE,,,18.3,17.0
UNI00086,2024,THE,,,14.4,43.0
UNI01534,2024,THE,,,30.6,30.0
UNI01533,2024,THE,,,54.5,18.0
UNI00104,2024,THE,,,43.3,29.0
UNI01535,2024,THE,,,44.5,17.0
UNI00107,2024,THE,,,16.2,26.0
UNI00108,2024,THE,,,3.9,17.0
UNI01526,2024,THE,,,17.5,21.0
UNI01537,2024,THE,,,9.6,37.0
UNI01538,2024,THE,,,27.1,14.0
UNI00084,2024,THE,,,15.9,26.0
UNI00096,2024,THE,,,13.0,35.0
UNI00114,2024,THE,,,36.0,25.0
UNI01539,2024,THE,,,11.4,11.0
UNI00098,2024,THE,,,15.2,32.0
UNI01536,2024,THE,,,41.5,20.0
UNI00119,2024,THE,,,4.3,14.0
UNI00122,2024,THE,,,30.9,22.0
UNI01540,2024,THE,,,15.4,40.0
UNI00095,2024,THE,,,4.0,19.0
UNI00099,2024,THE,,,12.0,18.0
UNI01541,2024,THE,,,14.4,44.0
UNI00127,2024,THE,,,13.5,9.0
UNI00129,2024,THE,,,22.8,27.0
UNI01542,2024,THE,,,36.4,31.0
UNI00132,2024,THE,,,27.4,14.0
UNI01543,2024,THE,,,20.5,22.0
UNI00121,2024,THE,,,17.0,9.0
UNI00126,2024,THE,,,37.6,12.0
UNI00109,2024,THE,,,18.2,16.0
UNI00125,2024,THE,,,16.1,11.0
UNI00137,2024,THE,,,20.5,6.0
UNI00139,2024,THE,,,9.8,26.0
UNI00141,2024,THE,,,37.4,31.0
UNI00130,2024,THE,,,15.9,5.0
UNI01545,2024,THE,,,14.2,15.0
UNI00117,2024,THE,,,10.4,31.0
UNI01546,2024,THE,,,13.3,14.0
UNI00143,2024,THE,,,19.2,18.0
UNI00144,2024,THE,,,7.7,28.0
UNI00136,2024,THE,,,12.5,15.0
UNI01544,2024,THE,,,34.4,17.0
UNI00085,2024,THE,,,14.4,32.0
UNI00118,2024,THE,,,16.0,27.0
UNI00134,2024,THE,,,11.8,12.0
UNI00154,2024,THE,,,16.7,9.0
UNI00155,2024,THE,,,7.3,34.0
UNI01548,2024,THE,,,22.2,34.0
UNI00148,2024,THE,,,14.6,45.0
UNI01547,2024,THE,,,58.5,13.0
UNI01549,2024,THE,,,49.6,29.0
UNI00161,2024,THE,,,16.5,8.0
UNI00163,2024,THE,,,19.6,57.0
UNI00140,2024,THE,,,20.5,25.0
UNI01552,2024,THE,,,18.2,12.0
UNI00124,2024,THE,,,13.3,17.0
UNI00158,2024,THE,,,10.5,23.0
UNI00083,2024,THE,,,22.4,26.0
UNI01553,2024,THE,,,5.4,10.0
UNI00169,2024,THE,,,19.4,19.0
UNI00167,2024,THE,,,16.1,31.0
UNI00105,2024,THE,,,37.4,25.0
UNI00116,2024,THE,,,10.5,5.0
UNI01551,2024,THE,,,24.4,31.0
UNI01555,2024,THE,,,15.9,5.0
UNI01556,2024,THE,,,15.3,11.0
UNI00080,2024,THE,,,11.1,13.0
UNI01557,2024,THE,,,16.9,18.0
UNI01558,2024,THE,,,19.9,7.0
UNI01559,2024,THE,,,24.7,11.0
UNI00145,2024,THE,,,13.9,38.0
UNI01560,2024,THE,,,15.5,4.0
UNI00133,2024,THE,,,24.2,23.0
UNI00170,2024,THE,,,28.7,17.0
UNI00153,2024,THE,,,31.8,17.0
UNI00146,2024,THE,,,7.4,16.0
UNI01561,2024,THE,,,29.4,17.0
UNI00156,2024,THE,,,8.8,25.0
UNI01563,2024,THE,,,15.0,5.0
UNI01562,2024,THE,,,8.9,11.0
UNI00189,2024,THE,,,13.6,13.0
UNI01565,2024,THE,,,37.3,20.0
UNI00149,2024,THE,,,21.4,27.0
UNI01567,2024,THE,,,10.6,6.0
UNI00192,2024,THE,,,14.2,32.0
UNI00131,2024,THE,,,14.8,26.0
UNI01568,2024,THE,,,7.4,11.0
UNI00089,2024,THE,,,14.0,32.0
UNI00093,2024,THE,,,10.4,10.0
UNI01569,2024,THE,,,38.3,12.0
UNI01570,2024,THE,,,14.4,9.0
UNI01550,2024,THE,,,16.6,28.0
UNI00198,2024,THE,,,27.2,26.0
UNI00152,2024,THE,,,51.7,22.0
UNI00157,2024,THE,,,22.2,9.0
UNI01572,2024,THE,,,19.7,14.0
UNI00150,2024,THE,,,8.4,40.0
UNI00204,2024,THE,,,13.9,38.0
UNI00138,2024,THE,,,20.3,13.0
UNI01575,2024,THE,,,11.3,15.0
UNI00159,2024,THE,,,10.1,18.0
UNI01571,2024,THE,,,57.1,14.0
UNI00151,2024,THE,,,15.4,17.0
UNI00178,2024,THE,,,15.0,27.0
UNI01577,2024,THE,,,9.6,17.0
UNI00175,2024,THE,,,10.5,16.0
UNI01578,2024,THE,,,41.9,13.0
UNI01580,2024,THE,,,18.6,41.0
UNI01581,2024,THE,,,25.1,5.0
UNI00112,2024,THE,,,12.4,46.0
UNI01554,2024,THE,,,26.4,13.0
UNI01566,2024,THE,,,12.3,12.0
UNI00222,2024,THE,,,10.9,12.0
UNI00210,2024,THE,,,37.9,14.0
UNI00224,2024,THE,,,11.8,9.0
UNI00227,2024,THE,,,14.9,12.0
UNI00128,2024,THE,,,20.4,23.0
UNI00211,2024,THE,,,15.3,40.0
UNI00232,2024,THE,,,10.9,60.0
UNI01573,2024,THE,,,13.2,13.0
UNI00202,2024,THE,,,18.8,24.0
UNI00213,2024,THE,,,24.2,12.0
UNI00203,2024,THE,,,20.8,29.0
UNI01576,2024,THE,,,18.9,14.0
UNI00235,2024,THE,,,13.0,14.0
UNI01582,2024,THE,,,14.5,14.0
UNI00208,2024,THE,,,11.9,13.0
UNI00241,2024,THE,,,11.3,10.0
UNI01584,2024,THE,,,11.4,18.0
UNI00244,2024,THE,,,9.6,1.0
UNI00247,2024,THE,,,10.9,6.0
UNI00200,2024,THE,,,8.5,15.0
UNI00091,2024,THE,,,16.3,31.0
UNI00184,2024,THE,,,13.9,31.0
UNI00212,2024,THE,,,51.7,30.0
UNI00246,2024,THE,,,21.3,49.0
UNI01564,2024,THE,,,15.5,29.0
UNI01579,2024,THE,,,8.4,30.0
UNI00216,2024,THE,,,10.4,14.0
UNI01589,2024,THE,,,11.6,21.0
UNI00197,2024,THE,,,13.0,12.0
UNI01586,2024,THE,,,31.3,16.0
UNI00190,2024,THE,,,14.1,32.0
UNI01587,2024,THE,,,26.5,7.0
UNI00147,2024,THE,,,25.7,19.0
UNI01574,2024,THE,,,22.7,13.0
UNI01588,2024,THE,,,38.1,16.0
UNI00229,2024,THE,,,17.2,41.0
UNI00191,2024,THE,,,16.6,31.0
UNI00256,2024,THE,,,11.2,17.0
UNI01592,2024,THE,,,7.4,20.0
UNI01591,2024,THE,,,13.9,2.0
UNI01594,2024,THE,,,9.0,1.0
UNI01595,2024,THE,,,15.2,5.0
UNI00249,2024,THE,,,17.3,34.0
UNI00271,2024,THE,,,28.5,24.0
UNI00243,2024,THE,,,24.2,5.0
UNI01597,2024,THE,,,8.9,13.0
UNI00274,2024,THE,,,32.2,21.0
UNI00194,2024,THE,,,20.7,25.0
UNI00278,2024,THE,,,13.3,8.0
UNI01598,2024,THE,,,35.1,23.0
UNI00135,2024,THE,,,33.0,24.0
UNI00183,2024,THE,,,26.1,22.0
UNI00171,2024,THE,,,15.8,31.0
UNI01599,2024,THE,,,13.4,8.0
UNI00225,2024,THE,,,13.0,11.0
UNI00287,2024,THE,,,14.9,10.0
UNI00289,2024,THE,,,11.6,33.0
UNI00290,2024,THE,,,19.6,14.0
UNI00261,2024,THE,,,32.7,18.0
UNI01601,2024,THE,,,14.3,21.0
UNI00205,2024,THE,,,7.9,11.0
UNI00296,2024,THE,,,24.6,6.0
UNI00273,2024,THE,,,31.6,15.0
UNI01603,2024,THE,,,30.1,13.0
UNI00237,2024,THE,,,37.7,14.0
UNI01605,2024,THE,,,17.9,18.0
UNI01606,2024,THE,,,24.1,11.0
UNI01607,2024,THE,,,9.3,41.0
UNI01608,2024,THE,,,13.9,3.0
UNI01583,2024,THE,,,34.5,11.0
UNI00303,2024,THE,,,17.6,30.0
UNI00304,2024,THE,,,31.6,14.0
UNI00272,2024,THE,,,28.2,29.0
UNI00306,2024,THE,,,17.9,16.0
UNI00302,2024,THE,,,14.9,15.0
UNI00239,2024,THE,,,13.9,25.0
UNI01611,2024,THE,,,41.8,92.0
UNI01612,2024,THE,,,10.2,22.0
UNI01585,2024,THE,,,12.9,44.0
UNI01613,2024,THE,,,11.7,7.0
UNI00308,2024,THE,,,15.9,11.0
UNI00314,2024,THE,,,20.8,8.0
UNI00195,2024,THE,,,8.4,36.0
UNI01615,2024,THE,,,25.9,16.0
UNI01616,2024,THE,,,23.9,67.0
UNI00164,2024,THE,,,24.0,34.0
UNI00318,2024,THE,,,46.7,16.0
UNI00320,2024,THE,,,18.9,15.0
UNI01618,2024,THE,,,12.8,37.0
UNI00323,2024,THE,,,26.8,31.0
UNI01619,2024,THE,,,12.6,6.0
UNI01620,2024,THE,,,9.9,13.0
UNI00262,2024,THE,,,19.0,13.0
UNI01621,2024,THE,,,10.5,19.0
UNI01622,2024,THE,,,25.3,20.0
UNI00265,2024,THE,,,16.3,33.0
UNI01593,2024,THE,,,14.0,67.0
UNI00328,2024,THE,,,16.8,21.0
UNI00334,2024,THE,,,22.5,31.0
UNI00276,2024,THE,,,37.0,19.0
UNI01623,2024,THE,,,19.0,31.0
UNI00336,2024,THE,,,18.6,13.0
UNI01596,2024,THE,,,13.9,5.0
UNI01624,2024,THE,,,14.7,7.0
UNI01625,2024,THE,,,12.3,4.0
UNI01627,2024,THE,,,19.5,13.0
UNI01629,2024,THE,,,17.2,12.0
UNI01630,2024,THE,,,39.1,7.0
UNI01602,2024,THE,,,14.7,7.0
UNI01604,2024,THE,,,27.5,23.0
UNI00335,2024,THE,,,14.7,27.0
UNI00345,2024,THE,,,11.0,15.0
UNI00231,2024,THE,,,18.1,25.0
UNI01634,2024,THE,,,14.1,8.0
UNI01635,2024,THE,,,16.0,41.0
UNI00349,2024,THE,,,29.4,33.0
UNI00325,2024,THE,,,26.1,16.0
UNI00331,2024,THE,,,18.4,17.0
UNI00186,2024,THE,,,13.2,21.0
UNI01609,2024,THE,,,8.9,5.0
UNI01636,2024,THE,,,10.2,55.0
UNI01637,2024,THE,,,23.7,48.0
UNI01610,2024,THE,,,23.9,8.0
UNI00187,2024,THE,,,7.7,13.0
UNI01638,2024,THE,,,29.2,20.0
UNI01639,2024,THE,,,20.5,15.0
UNI00313,2024,THE,,,14.3,26.0
UNI01640,2024,THE,,,14.5,4.0
UNI00329,2024,THE,,,15.0,9.0
UNI01614,2024,THE,,,0.9,3.0
UNI00234,2024,THE,,,20.6,16.0
UNI01617,2024,THE,,,31.5,9.0
UNI00368,2024,THE,,,24.0,20.0
UNI00370,2024,THE,,,16.1,31.0
UNI01590,2024,THE,,,13.1,18.0
UNI01643,2024,THE,,,21.8,2.0
UNI00364,2024,THE,,,30.2,17.0
UNI01644,2024,THE,,,12.4,4.0
UNI00316,2024,THE,,,25.7,7.0
UNI00311,2024,THE,,,16.3,25.0
UNI01645,2024,THE,,,4.7,8.0
UNI00377,2024,THE,,,20.7,7.0
UNI00379,2024,THE,,,9.0,12.0
UNI01646,2024,THE,,,13.1,12.0
UNI00381,2024,THE,,,17.0,3.0
UNI00354,2024,THE,,,15.7,6.0
UNI00326,2024,THE,,,12.6,18.0
UNI00330,2024,THE,,,21.1,16.0
UNI00387,2024,THE,,,18.8,6.0
UNI00277,2024,THE,,,41.8,21.0
UNI01649,2024,THE,,,24.4,7.0
UNI01650,2024,THE,,,15.1,2.0
UNI00338,2024,THE,,,17.3,14.0
UNI01651,2024,THE,,,20.2,3.0
UNI01628,2024,THE,,,13.4,15.0
UNI00398,2024,THE,,,24.5,14.0
UNI00400,2024,THE,,,21.7,14.0
UNI00384,2024,THE,,,17.9,40.0
UNI01653,2024,THE,,,18.9,3.0
UNI00294,2024,THE,,,34.4,23.0
UNI01654,2024,THE,,,20.1,2.0
UNI00366,2024,THE,,,19.5,45.0
UNI01633,2024,THE,,,4.5,7.0
UNI00409,2024,THE,,,13.1,11.0
UNI00343,2024,THE,,,6.3,4.0
UNI00412,2024,THE,,,29.8,24.0
UNI01657,2024,THE,,,15.7,3.0
UNI00407,2024,THE,,,24.0,10.0
UNI00417,2024,THE,,,10.7,14.0
UNI01659,2024,THE,,,15.7,6.0
UNI00355,2024,THE,,,30.9,14.0
UNI00264,2024,THE,,,18.2,36.0
UNI00219,2024,THE,,,8.2,10.0
UNI01662,2024,THE,,,17.8,2.0
UNI00425,2024,THE,,,12.2,36.0
UNI00426,2024,THE,,,17.1,8.0
UNI00420,2024,THE,,,17.3,9.0
UNI00428,2024,THE,,,42.4,11.0
UNI00429,2024,THE,,,9.5,7.0
UNI00431,2024,THE,,,19.5,9.0
UNI00433,2024,THE,,,39.5,15.0
UNI00432,2024,THE,,,30.0,21.0
UNI00375,2024,THE,,,21.2,12.0
UNI00310,2024,THE,,,21.8,7.0
UNI00359,2024,THE,,,29.8,5.0
UNI00435,2024,THE,,,34.0,38.0
UNI00374,2024,THE,,,19.5,2.0
UNI01666,2024,THE,,,10.0,33.0
UNI00439,2024,THE,,,20.5,11.0
UNI01641,2024,THE,,,12.9,33.0
UNI00388,2024,THE,,,18.1,21.0
UNI00321,2024,THE,,,18.9,51.0
UNI01668,2024,THE,,,14.0,1.0
UNI01669,2024,THE,,,10.7,6.0
UNI00372,2024,THE,,,24.8,15.0
UNI00449,2024,THE,,,22.7,13.0
UNI00382,2024,THE,,,12.3,6.0
UNI00443,2024,THE,,,21.6,15.0
UNI00454,2024,THE,,,18.4,7.0
UNI00405,2024,THE,,,12.1,16.0
UNI01647,2024,THE,,,23.9,21.0
UNI00399,2024,THE,,,29.1,28.0
UNI00390,2024,THE,,,29.5,4.0
UNI00459,2024,THE,,,19.0,25.0
UNI00461,2024,THE,,,17.7,46.0
UNI00282,2024,THE,,,38.4,14.0
UNI00464,2024,THE,,,14.8,23.0
UNI01677,2024,THE,,,6.6,18.0
UNI00286,2024,THE,,,11.2,34.0
UNI00291,2024,THE,,,19.1,21.0
UNI00396,2024,THE,,,24.2,6.0
UNI01631,2024,THE,,,11.3,14.0
UNI01632,2024,THE,,,19.6,9.0
UNI01681,2024,THE,,,18.4,1.0
UNI01679,2024,THE,,,22.2,3.0
UNI01683,2024,THE,,,14.8,39.0
UNI00472,2024,THE,,,39.1,4.0
UNI00403,2024,THE,,,33.6,27.0
UNI00280,2024,THE,,,13.4,23.0
UNI01684,2024,THE,,,22.4,23.0
UNI01680,2024,THE,,,12.7,14.0
UNI00397,2024,THE,,,18.4,15.0
UNI01682,2024,THE,,,16.2,5.0
UNI01685,2024,THE,,,22.1,83.0
UNI01686,2024,THE,,,14.5,3.0
UNI00406,2024,THE,,,16.1,11.0
UNI00477,2024,THE,,,26.1,12.0
UNI00215,2024,THE,,,8.7,39.0
UNI01689,2024,THE,,,22.9,15.0
UNI00488,2024,THE,,,22.4,9.0
UNI01690,2024,THE,,,16.0,15.0
UNI00486,2024,THE,,,16.5,7.0
UNI00353,2024,THE,,,18.3,11.0
UNI00489,2024,THE,,,15.7,7.0
UNI00494,2024,THE,,,14.5,38.0
UNI01655,2024,THE,,,21.1,8.0
UNI00496,2024,THE,,,27.3,10.0
UNI00367,2024,THE,,,9.5,7.0
UNI01692,2024,THE,,,18.6,12.0
UNI00498,2024,THE,,,18.0,21.0
UNI01658,2024,THE,,,10.5,3.0
UNI01660,2024,THE,,,9.4,37.0
UNI01691,2024,THE,,,10.8,13.0
UNI01694,2024,THE,,,32.7,1.0
UNI00342,2024,THE,,,26.5,13.0
UNI00504,2024,THE,,,20.8,16.0
UNI00499,2024,THE,,,13.8,3.0
UNI01695,2024,THE,,,10.1,18.0
UNI00378,2024,THE,,,18.0,27.0
UNI00507,2024,THE,,,11.3,3.0
UNI00230,2024,THE,,,11.9,6.0
UNI00487,2024,THE,,,27.1,15.0
UNI00411,2024,THE,,,14.5,33.0
UNI00301,2024,THE,,,18.0,16.0
UNI01697,2024,THE,,,32.7,14.0
UNI00511,2024,THE,,,28.5,12.0
UNI00516,2024,THE,,,21.6,9.0
UNI01699,2024,THE,,,12.3,3.0
UNI00514,2024,THE,,,27.0,5.0
UNI01700,2024,THE,,,9.2,28.0
UNI00446,2024,THE,,,18.5,19.0
UNI00263,2024,THE,,,16.2,12.0
UNI00248,2024,THE,,,14.6,9.0
UNI00520,2024,THE,,,16.6,9.0
UNI01702,2024,THE,,,11.8,21.0
UNI01704,2024,THE,,,14.5,24.0
UNI00529,2024,THE,,,13.0,6.0
UNI01703,2024,THE,,,58.2,13.0
UNI00395,2024,THE,,,20.9,5.0
UNI00528,2024,THE,,,17.1,16.0
UNI01705,2024,THE,,,31.9,15.0
UNI00120,2024,THE,,,15.0,3.0
UNI00285,2024,THE,,,16.9,17.0
UNI00532,2024,THE,,,16.8,29.0
UNI01708,2024,THE,,,17.4,11.0
UNI00351,2024,THE,,,20.3,1.0
UNI01709,2024,THE,,,18.4,11.0
UNI00539,2024,THE,,,15.3,20.0
UNI01665,2024,THE,,,10.3,32.0
UNI01710,2024,THE,,,12.1,28.0
UNI01642,2024,THE,,,7.3,6.0
UNI00544,2024,THE,,,14.9,45.0
UNI01712,2024,THE,,,16.9,5.0
UNI00548,2024,THE,,,18.6,30.0
UNI00441,2024,THE,,,18.7,28.0
UNI00546,2024,THE,,,12.0,24.0
UNI00549,2024,THE,,,14.1,21.0
UNI01713,2024,THE,,,8.9,10.0
UNI01714,2024,THE,,,26.6,2.0
UNI00209,2024,THE,,,12.7,26.0
UNI00553,2024,THE,,,4.4,12.0
UNI00555,2024,THE,,,56.0,15.0
UNI00445,2024,THE,,,7.7,9.0
UNI00418,2024,THE,,,29.5,6.0
UNI00533,2024,THE,,,13.8,12.0
UNI01717,2024,THE,,,11.5,30.0
UNI01670,2024,THE,,,18.8,4.0
UNI00450,2024,THE,,,26.0,4.0
UNI00561,2024,THE,,,40.0,19.0
UNI00270,2024,THE,,,19.4,17.0
UNI00564,2024,THE,,,10.6,3.0
UNI00281,2024,THE,,,20.7,26.0
UNI00452,2024,THE,,,4.1,9.0
UNI00568,2024,THE,,,14.4,2.0
UNI00563,2024,THE,,,15.6,23.0
UNI00570,2024,THE,,,18.2,13.0
UNI00573,2024,THE,,,14.9,17.0
UNI00456,2024,THE,,,7.9,6.0
UNI00576,2024,THE,,,10.8,32.0
UNI01648,2024,THE,,,8.7,20.0
UNI01626,2024,THE,,,24.1,41.0
UNI00490,2024,THE,,,13.1,1.0
UNI01719,2024,THE,,,31.7,5.0
UNI00582,2024,THE,,,18.2,8.0
UNI01676,2024,THE,,,26.7,0.0
UNI00584,2024,THE,,,19.0,4.0
UNI00585,2024,THE,,,10.4,21.0
UNI00534,2024,THE,,,21.3,2.0
UNI00574,2024,THE,,,19.5,31.0
UNI01600,2024,THE,,,0.3,26.0
UNI00589,2024,THE,,,29.5,7.0
UNI00592,2024,THE,,,16.1,5.0
UNI01726,2024,THE,,,22.0,18.0
UNI00595,2024,THE,,,29.4,21.0
UNI01727,2024,THE,,,25.6,11.0
UNI01729,2024,THE,,,18.6,7.0
UNI00193,2024,THE,,,11.8,10.0
UNI00444,2024,THE,,,34.6,34.0
UNI01730,2024,THE,,,20.5,20.0
UNI00473,2024,THE,,,26.5,4.0
UNI01731,2024,THE,,,20.0,14.0
UNI00475,2024,THE,,,13.6,5.0
UNI01734,2024,THE,,,14.7,6.0
UNI00603,2024,THE,,,18.5,5.0
UNI00481,2024,THE,,,22.4,34.0
UNI01736,2024,THE,,,8.6,18.0
UNI01688,2024,THE,,,34.8,5.0
UNI00463,2024,THE,,,14.7,9.0
UNI01738,2024,THE,,,12.6,17.0
UNI00482,2024,THE,,,8.2,24.0
UNI00591,2024,THE,,,21.8,46.0
UNI01740,2024,THE,,,26.4,23.0
UNI00613,2024,THE,,,26.3,7.0
UNI00616,2024,THE,,,19.8,26.0
UNI00600,2024,THE,,,17.0,12.0
UNI00465,2024,THE,,,25.8,14.0
UNI00607,2024,THE,,,11.2,4.0
UNI01742,2024,THE,,,15.0,30.0
UNI00614,2024,THE,,,15.8,15.0
UNI00624,2024,THE,,,8.3,16.0
UNI00502,2024,THE,,,10.0,31.0
UNI00627,2024,THE,,,27.6,2.0
UNI00596,2024,THE,,,20.1,14.0
UNI00622,2024,THE,,,10.1,17.0
UNI01746,2024,THE,,,22.5,7.0
UNI00508,2024,THE,,,16.1,13.0
UNI00509,2024,THE,,,18.1,16.0
UNI01696,2024,THE,,,20.5,2.0
UNI00633,2024,THE,,,17.4,19.0
UNI00268,2024,THE,,,17.4,27.0
UNI00635,2024,THE,,,15.1,23.0
UNI01745,2024,THE,,,21.1,3.0
UNI00512,2024,THE,,,18.3,50.0
UNI00630,2024,THE,,,28.1,18.0
UNI01749,2024,THE,,,24.5,9.0
UNI00257,2024,THE,,,15.9,11.0
UNI00506,2024,THE,,,34.0,11.0
UNI00497,2024,THE,,,12.3,12.0
UNI01751,2024,THE,,,21.5,6.0
UNI01752,2024,THE,,,13.9,3.0
UNI01701,2024,THE,,,2.0,7.0
UNI01754,2024,THE,,,13.0,54.0
UNI01747,2024,THE,,,16.1,22.0
UNI00637,2024,THE,,,15.4,21.0
UNI01755,2024,THE,,,17.8,20.0
UNI01756,2024,THE,,,43.0,1.0
UNI00363,2024,THE,,,22.1,6.0
UNI00653,2024,THE,,,16.9,10.0
UNI01758,2024,THE,,,11.3,27.0
UNI01759,2024,THE,,,13.3,13.0
UNI01667,2024,THE,,,2.1,1.0
UNI00644,2024,THE,,,26.5,2.0
UNI00357,2024,THE,,,42.6,32.0
UNI01760,2024,THE,,,13.0,6.0
UNI01753,2024,THE,,,12.9,0.0
UNI00440,2024,THE,,,15.3,1.0
UNI00537,2024,THE,,,18.1,10.0
UNI01765,2024,THE,,,15.8,3.0
UNI00664,2024,THE,,,48.7,23.0
UNI00666,2024,THE,,,29.8,13.0
UNI01767,2024,THE,,,26.7,4.0
UNI01768,2024,THE,,,9.3,2.0
UNI01770,2024,THE,,,19.4,3.0
UNI00671,2024,THE,,,26.4,3.0
UNI01772,2024,THE,,,11.6,37.0
UNI00657,2024,THE,,,26.0,7.0
UNI01774,2024,THE,,,19.6,18.0
UNI01715,2024,THE,,,10.8,9.0
UNI01763,2024,THE,,,10.6,8.0
UNI00676,2024,THE,,,10.8,4.0
UNI01764,2024,THE,,,13.7,9.0
UNI00668,2024,THE,,,13.0,5.0
UNI00559,2024,THE,,,15.9,25.0
UNI00681,2024,THE,,,34.1,35.0
UNI01778,2024,THE,,,35.4,10.0
UNI01779,2024,THE,,,12.5,13.0
UNI01775,2024,THE,,,22.8,0.0
UNI01782,2024,THE,,,12.8,0.0
UNI01783,2024,THE,,,11.5,12.0
UNI00685,2024,THE,,,21.6,4.0
UNI01672,2024,THE,,,15.8,0.0
UNI00689,2024,THE,,,12.0,1.0
UNI01777,2024,THE,,,40.8,7.0
UNI00680,2024,THE,,,12.0,12.0
UNI00414,2024,THE,,,12.5,74.0
UNI01781,2024,THE,,,18.6,4.0
UNI00385,2024,THE,,,16.3,11.0
UNI01675,2024,THE,,,11.7,0.0
UNI00691,2024,THE,,,8.0,3.0
UNI01786,2024,THE,,,20.0,2.0
UNI00699,2024,THE,,,13.8,5.0
UNI00695,2024,THE,,,19.0,6.0
UNI01789,2024,THE,,,17.4,18.0
UNI01790,2024,THE,,,18.2,0.0
UNI00572,2024,THE,,,14.8,8.0
UNI00571,2024,THE,,,17.2,26.0
UNI01792,2024,THE,,,23.5,2.0
UNI01793,2024,THE,,,28.9,2.0
UNI01678,2024,THE,,,24.0,1.0
UNI01794,2024,THE,,,38.6,0.0
UNI01791,2024,THE,,,4.9,5.0
UNI01795,2024,THE,,,28.0,0.0
UNI01796,2024,THE,,,11.2,6.0
UNI00711,2024,THE,,,17.9,7.0
UNI00702,2024,THE,,,12.3,5.0
UNI00238,2024,THE,,,12.7,3.0
UNI00706,2024,THE,,,12.2,27.0
UNI00710,2024,THE,,,16.0,1.0
UNI01799,2024,THE,,,12.9,11.0
UNI00650,2024,THE,,,14.9,48.0
UNI01798,2024,THE,,,15.3,14.0
UNI00720,2024,THE,,,12.0,24.0
UNI00718,2024,THE,,,18.5,37.0
UNI00721,2024,THE,,,15.8,18.0
UNI00479,2024,THE,,,24.3,0.0
UNI01803,2024,THE,,,18.0,2.0
UNI01724,2024,THE,,,25.4,75.0
UNI01805,2024,THE,,,16.4,24.0
UNI01807,2024,THE,,,9.8,24.0
UNI01808,2024,THE,,,14.8,14.0
UNI01809,2024,THE,,,18.4,3.0
UNI01806,2024,THE,,,19.4,2.0
UNI01811,2024,THE,,,12.8,4.0
UNI00566,2024,THE,,,16.7,15.0
UNI01813,2024,THE,,,13.5,1.0
UNI00730,2024,THE,,,16.5,1.0
UNI01815,2024,THE,,,16.8,38.0
UNI01816,2024,THE,,,33.2,1.0
UNI01814,2024,THE,,,31.7,2.0
UNI00732,2024,THE,,,24.1,18.0
UNI01725,2024,THE,,,26.5,0.0
UNI01817,2024,THE,,,19.0,0.0
UNI00737,2024,THE,,,19.9,3.0
UNI00736,2024,THE,,,18.4,3.0
UNI01656,2024,THE,,,11.2,3.0
UNI01728,2024,THE,,,44.9,3.0
UNI00739,2024,THE,,,16.3,40.0
UNI00536,2024,THE,,,7.6,10.0
UNI01821,2024,THE,,,11.3,4.0
UNI01822,2024,THE,,,25.8,5.0
UNI01823,2024,THE,,,18.0,1.0
UNI01825,2024,THE,,,16.7,0.0
UNI01827,2024,THE,,,18.8,1.0
UNI01733,2024,THE,,,27.5,5.0
UNI01735,2024,THE,,,18.3,7.0
UNI01829,2024,THE,,,8.3,10.0
UNI01830,2024,THE,,,26.7,17.0
UNI01831,2024,THE,,,22.7,1.0
UNI01832,2024,THE,,,14.6,18.0
UNI00341,2024,THE,,,8.8,11.0
UNI01833,2024,THE,,,18.5,3.0
UNI00684,2024,THE,,,16.1,1.0
UNI01834,2024,THE,,,9.4,6.0
UNI01835,2024,THE,,,13.0,13.0
UNI01836,2024,THE,,,10.3,20.0
UNI00754,2024,THE,,,9.6,3.0
UNI01837,2024,THE,,,5.0,3.0
UNI01838,2024,THE,,,22.0,19.0
UNI00758,2024,THE,,,13.8,6.0
UNI01840,2024,THE,,,28.4,2.0
UNI01741,2024,THE,,,20.5,3.0
UNI00242,2024,THE,,,10.2,8.0
UNI01842,2024,THE,,,12.3,10.0
UNI01843,2024,THE,,,13.0,1.0
UNI00542,2024,THE,,,10.2,7.0
UNI00764,2024,THE,,,25.2,15.0
UNI01663,2024,THE,,,10.7,2.0
UNI00628,2024,THE,,,11.2,17.0
UNI01743,2024,THE,,,31.5,13.0
UNI00769,2024,THE,,,17.5,37.0
UNI01847,2024,THE,,,20.0,16.0
UNI00770,2024,THE,,,19.4,4.0
UNI00771,2024,THE,,,11.9,1.0
UNI00434,2024,THE,,,8.9,5.0
UNI01848,2024,THE,,,17.3,0.0
UNI00775,2024,THE,,,13.5,8.0
UNI01849,2024,THE,,,9.1,12.0
UNI01851,2024,THE,,,28.9,5.0
UNI00779,2024,THE,,,17.2,11.0
UNI00460,2024,THE,,,18.4,23.0
UNI01852,2024,THE,,,9.0,4.0
UNI01664,2024,THE,,,12.4,1.0
UNI00700,2024,THE,,,19.5,13.0
UNI00783,2024,THE,,,14.6,4.0
UNI01854,2024,THE,,,14.9,12.0
UNI01855,2024,THE,,,22.2,12.0
UNI01857,2024,THE,,,15.4,3.0
UNI01858,2024,THE,,,16.5,1.0
UNI01860,2024,THE,,,13.5,3.0
UNI01861,2024,THE,,,18.7,29.0
UNI01863,2024,THE,,,9.3,5.0
UNI01864,2024,THE,,,12.0,21.0
UNI00578,2024,THE,,,12.6,9.0
UNI00389,2024,THE,,,20.3,6.0
UNI01865,2024,THE,,,20.6,4.0
UNI01866,2024,THE,,,16.3,2.0
UNI01867,2024,THE,,,29.2,86.0
UNI01868,2024,THE,,,23.2,4.0
UNI01869,2024,THE,,,15.0,14.0
UNI00798,2024,THE,,,20.6,6.0
UNI01870,2024,THE,,,13.2,3.0
UNI01871,2024,THE,,,14.3,6.0
UNI00803,2024,THE,,,25.5,3.0
UNI00804,2024,THE,,,8.2,12.0
UNI01872,2024,THE,,,6.6,20.0
UNI01873,2024,THE,,,19.9,4.0
UNI00806,2024,THE,,,14.1,5.0
UNI01875,2024,THE,,,18.2,2.0
UNI01876,2024,THE,,,30.1,8.0
UNI01877,2024,THE,,,33.5,8.0
UNI01748,2024,THE,,,96.5,6.0
UNI01878,2024,THE,,,15.6,5.0
UNI01880,2024,THE,,,11.2,26.0
UNI00471,2024,THE,,,14.0,25.0
UNI00814,2024,THE,,,22.0,1.0
UNI00816,2024,THE,,,18.6,1.0
UNI00810,2024,THE,,,33.4,6.0
UNI01882,2024,THE,,,32.4,1.0
UNI01884,2024,THE,,,9.8,20.0
UNI01885,2024,THE,,,9.8,13.0
UNI01886,2024,THE,,,14.5,14.0
UNI01881,2024,THE,,,11.9,2.0
UNI00742,2024,THE,,,12.1,17.0
UNI01706,2024,THE,,,1.6,2.0
UNI01883,2024,THE,,,15.1,1.0
UNI00642,2024,THE,,,22.6,20.0
UNI01888,2024,THE,,,24.2,10.0
UNI00829,2024,THE,,,14.5,3.0
UNI01891,2024,THE,,,46.5,5.0
UNI01892,2024,THE,,,15.8,15.0
UNI01893,2024,THE,,,15.6,32.0
UNI01894,2024,THE,,,13.4,12.0
UNI01895,2024,THE,,,24.7,2.0
UNI01889,2024,THE,,,13.4,1.0
UNI01890,2024,THE,,,14.6,6.0
UNI01750,2024,THE,,,38.1,2.0
UNI01896,2024,THE,,,7.1,1.0
UNI01897,2024,THE,,,8.0,4.0
UNI01899,2024,THE,,,29.9,13.0
UNI01901,2024,THE,,,18.9,3.0
UNI01902,2024,THE,,,11.0,11.0
UNI01711,2024,THE,,,5.5,8.0
UNI00649,2024,THE,,,10.5,13.0
UNI00522,2024,THE,,,9.2,4.0
UNI00665,2024,THE,,,8.1,14.0
UNI01904,2024,THE,,,22.1,8.0
UNI01905,2024,THE,,,11.4,14.0
UNI01906,2024,THE,,,6.2,12.0
UNI00839,2024,THE,,,9.0,19.0
UNI01908,2024,THE,,,31.9,11.0
UNI00851,2024,THE,,,21.1,6.0
UNI00854,2024,THE,,,15.1,1.0
UNI00856,2024,THE,,,17.0,9.0
UNI00795,2024,THE,,,21.9,1.0
UNI01910,2024,THE,,,42.8,9.0
UNI01761,2024,THE,,,20.0,4.0
UNI01762,2024,THE,,,19.3,5.0
UNI00567,2024,THE,,,20.1,10.0
UNI00688,2024,THE,,,9.6,7.0
UNI01913,2024,THE,,,10.0,35.0
UNI01716,2024,THE,,,12.4,5.0
UNI01916,2024,THE,,,18.8,5.0
UNI00298,2024,THE,,,10.9,9.0
UNI00864,2024,THE,,,36.7,6.0
UNI01917,2024,THE,,,24.6,25.0
UNI01718,2024,THE,,,11.3,7.0
UNI00868,2024,THE,,,16.7,28.0
UNI00870,2024,THE,,,13.0,14.0
UNI01671,2024,THE,,,10.9,14.0
UNI00873,2024,THE,,,14.1,4.0
UNI01920,2024,THE,,,19.9,4.0
UNI01921,2024,THE,,,15.3,1.0
UNI00876,2024,THE,,,14.7,5.0
UNI01773,2024,THE,,,12.2,5.0
UNI01898,2024,THE,,,15.6,4.0
UNI01900,2024,THE,,,63.5,1.0
UNI01776,2024,THE,,,11.7,3.0
UNI00841,2024,THE,,,22.0,9.0
UNI01903,2024,THE,,,10.4,24.0
UNI00846,2024,THE,,,28.7,4.0
UNI01924,2024,THE,,,15.0,19.0
UNI01907,2024,THE,,,14.2,4.0
UNI00888,2024,THE,,,17.1,7.0
UNI00889,2024,THE,,,11.8,5.0
UNI01928,2024,THE,,,13.5,2.0
UNI01673,2024,THE,,,7.4,2.0
UNI00604,2024,THE,,,18.2,5.0
UNI01931,2024,THE,,,16.3,12.0
UNI01674,2024,THE,,,45.4,1.0
UNI00853,2024,THE,,,53.7,5.0
UNI01935,2024,THE,,,47.9,22.0
UNI01785,2024,THE,,,20.3,1.0
UNI01911,2024,THE,,,9.4,8.0
UNI00800,2024,THE,,,18.2,5.0
UNI01915,2024,THE,,,54.8,7.0
UNI00863,2024,THE,,,16.2,2.0
UNI00897,2024,THE,,,16.9,1.0
UNI01939,2024,THE,,,33.1,11.0
UNI00855,2024,THE,,,18.0,22.0
UNI01720,2024,THE,,,16.3,4.0
UNI00424,2024,THE,,,30.9,5.0
UNI01788,2024,THE,,,30.1,9.0
UNI01942,2024,THE,,,11.2,12.0
UNI01944,2024,THE,,,12.8,7.0
UNI01652,2024,THE,,,22.2,17.0
UNI01721,2024,THE,,,16.0,1.0
UNI01918,2024,THE,,,12.0,7.0
UNI00886,2024,THE,,,24.6,13.0
UNI01919,2024,THE,,,17.2,0.0
UNI01948,2024,THE,,,16.3,2.0
UNI00648,2024,THE,,,13.6,4.0
UNI00774,2024,THE,,,8.9,6.0
UNI01951,2024,THE,,,16.4,5.0
UNI01952,2024,THE,,,17.0,2.0
UNI00917,2024,THE,,,17.7,7.0
UNI00920,2024,THE,,,19.8,4.0
UNI00865,2024,THE,,,15.5,8.0
UNI01922,2024,THE,,,21.2,15.0
UNI01955,2024,THE,,,18.1,1.0
UNI01957,2024,THE,,,17.5,0.0
UNI00880,2024,THE,,,19.5,26.0
UNI01958,2024,THE,,,18.3,26.0
UNI01722,2024,THE,,,33.9,1.0
UNI00467,2024,THE,,,23.8,1.0
UNI01800,2024,THE,,,23.4,3.0
UNI00883,2024,THE,,,18.8,6.0
UNI00723,2024,THE,,,15.3,3.0
UNI01963,2024,THE,,,17.8,11.0
UNI01929,2024,THE,,,13.5,1.0
UNI00907,2024,THE,,,17.7,2.0
UNI01812,2024,THE,,,11.3,1.0
UNI01966,2024,THE,,,30.5,11.0
UNI01934,2024,THE,,,19.8,6.0
UNI01967,2024,THE,,,15.9,20.0
UNI00893,2024,THE,,,35.6,2.0
UNI01937,2024,THE,,,17.4,1.0
UNI01938,2024,THE,,,21.0,14.0
UNI01968,2024,THE,,,17.0,12.0
UNI01969,2024,THE,,,21.5,1.0
UNI01818,2024,THE,,,17.5,0.0
UNI01819,2024,THE,,,1.7,2.0
UNI01971,2024,THE,,,11.5,1.0
UNI01972,2024,THE,,,19.8,2.0
UNI01820,2024,THE,,,21.3,0.0
UNI00415,2024,THE,,,9.7,5.0
UNI00493,2024,THE,,,19.7,0.0
UNI01826,2024,THE,,,13.2,5.0
UNI01974,2024,THE,,,11.1,0.0
UNI01940,2024,THE,,,14.9,0.0
UNI01977,2024,THE,,,7.9,14.0
UNI01828,2024,THE,,,23.4,5.0
UNI00765,2024,THE,,,19.2,8.0
UNI01941,2024,THE,,,12.9,27.0
UNI00747,2024,THE,,,21.8,7.0
UNI01978,2024,THE,,,10.2,3.0
UNI01979,2024,THE,,,24.4,3.0
UNI01980,2024,THE,,,16.1,7.0
UNI00953,2024,THE,,,17.3,0.0
UNI01981,2024,THE,,,15.2,10.0
UNI01982,2024,THE,,,18.1,0.0
UNI01984,2024,THE,,,18.5,2.0
UNI01693,2024,THE,,,12.4,4.0
UNI00794,2024,THE,,,19.6,7.0
UNI01986,2024,THE,,,12.9,1.0
UNI00610,2024,THE,,,13.3,17.0
UNI01661,2024,THE,,,9.5,8.0
UNI01739,2024,THE,,,28.7,2.0
UNI01839,2024,THE,,,7.5,4.0
UNI01989,2024,THE,,,12.2,5.0
UNI01991,2024,THE,,,10.8,33.0
UNI00914,2024,THE,,,14.5,2.0
UNI00918,2024,THE,,,20.4,4.0
UNI01953,2024,THE,,,18.9,40.0
UNI01994,2024,THE,,,23.1,1.0
UNI01844,2024,THE,,,16.0,1.0
UNI00967,2024,THE,,,9.8,6.0
UNI01845,2024,THE,,,32.2,4.0
UNI01995,2024,THE,,,3.2,1.0
UNI01959,2024,THE,,,13.5,2.0
UNI01846,2024,THE,,,14.2,2.0
UNI01960,2024,THE,,,25.0,19.0
UNI00656,2024,THE,,,14.6,16.0
UNI00928,2024,THE,,,21.9,15.0
UNI01962,2024,THE,,,9.2,23.0
UNI00707,2024,THE,,,13.8,9.0
UNI01964,2024,THE,,,16.1,10.0
UNI02000,2024,THE,,,14.7,7.0
UNI00931,2024,THE,,,19.2,3.0
UNI01850,2024,THE,,,32.1,1.0
UNI00933,2024,THE,,,12.3,14.0
UNI01744,2024,THE,,,22.4,2.0
UNI00780,2024,THE,,,40.2,4.0
UNI00936,2024,THE,,,12.2,3.0
UNI01853,2024,THE,,,8.4,9.0
UNI02002,2024,THE,,,8.6,16.0
UNI00939,2024,THE,,,14.9,5.0
UNI01859,2024,THE,,,29.7,0.0
UNI01973,2024,THE,,,16.3,2.0
UNI00989,2024,THE,,,17.7,5.0
UNI01975,2024,THE,,,16.8,4.0
UNI02006,2024,THE,,,9.3,4.0
UNI01976,2024,THE,,,13.5,2.0
UNI02008,2024,THE,,,17.1,4.0
UNI00495,2024,THE,,,15.6,10.0
UNI00862,2024,THE,,,20.4,2.0
UNI00728,2024,THE,,,9.3,34.0
UNI01983,2024,THE,,,16.0,6.0
UNI02009,2024,THE,,,18.6,3.0
UNI01987,2024,THE,,,18.6,3.0
UNI01988,2024,THE,,,16.5,12.0
UNI00801,2024,THE,,,21.3,0.0
UNI00524,2024,THE,,,16.5,4.0
UNI00986,2024,THE,,,10.0,7.0
UNI02011,2024,THE,,,9.2,4.0
UNI01990,2024,THE,,,26.7,8.0
UNI01992,2024,THE,,,12.2,11.0
UNI00713,2024,THE,,,15.2,14.0
UNI01993,2024,THE,,,29.8,20.0
UNI00875,2024,THE,,,29.4,5.0
UNI02014,2024,THE,,,11.0,0.0
UNI01014,2024,THE,,,31.5,11.0
UNI01996,2024,THE,,,18.7,2.0
UNI01017,2024,THE,,,20.5,5.0
UNI00823,2024,THE,,,22.0,1.0
UNI00992,2024,THE,,,10.2,7.0
UNI01707,2024,THE,,,9.3,4.0
UNI00821,2024,THE,,,24.6,26.0
UNI02017,2024,THE,,,35.0,28.0
UNI01999,2024,THE,,,17.5,12.0
UNI00994,2024,THE,,,21.0,26.0
UNI01025,2024,THE,,,16.0,13.0
UNI02001,2024,THE,,,19.6,36.0
UNI00611,2024,THE,,,14.7,13.0
UNI00961,2024,THE,,,20.3,23.0
UNI00827,2024,THE,,,28.1,5.0
UNI00786,2024,THE,,,9.6,4.0
UNI02020,2024,THE,,,8.1,26.0
UNI01029,2024,THE,,,14.4,4.0
UNI02021,2024,THE,,,16.7,8.0
UNI02023,2024,THE,,,9.2,0.0
UNI02004,2024,THE,,,13.3,1.0
UNI00990,2024,THE,,,17.7,12.0
UNI02005,2024,THE,,,20.8,2.0
UNI02007,2024,THE,,,10.1,2.0
UNI02025,2024,THE,,,20.3,0.0
UNI02026,2024,THE,,,11.9,2.0
UNI00581,2024,THE,,,23.9,19.0
UNI02028,2024,THE,,,13.4,0.0
UNI01757,2024,THE,,,19.5,2.0
UNI02030,2024,THE,,,15.8,14.0
UNI02010,2024,THE,,,6.9,0.0
UNI01007,2024,THE,,,22.9,6.0
UNI00899,2024,THE,,,15.6,7.0
UNI02033,2024,THE,,,3.4,1.0
UNI02035,2024,THE,,,10.6,29.0
UNI02036,2024,THE,,,21.8,11.0
UNI02038,2024,THE,,,9.2,6.0
UNI02039,2024,THE,,,9.6,6.0
UNI02041,2024,THE,,,26.4,12.0
UNI02042,2024,THE,,,19.2,1.0
UNI01766,2024,THE,,,13.1,19.0
UNI02043,2024,THE,,,15.1,5.0
UNI00541,2024,THE,,,9.1,9.0
UNI00226,2024,THE,,,14.3,13.0
UNI02044,2024,THE,,,18.6,2.0
UNI02015,2024,THE,,,14.6,3.0
UNI00791,2024,THE,,,19.8,48.0
UNI01058,2024,THE,,,24.8,13.0
UNI00835,2024,THE,,,6.0,3.0
UNI01022,2024,THE,,,25.2,2.0
UNI02046,2024,THE,,,10.2,7.0
UNI02047,2024,THE,,,12.3,11.0
UNI02048,2024,THE,,,11.5,7.0
UNI02049,2024,THE,,,12.4,5.0
UNI00805,2024,THE,,,25.0,6.0
UNI02051,2024,THE,,,12.2,3.0
UNI02052,2024,THE,,,2.9,1.0
UNI00792,2024,THE,,,13.3,6.0
UNI02053,2024,THE,,,47.3,4.0
UNI00843,2024,THE,,,27.3,2.0
UNI00912,2024,THE,,,14.5,10.0
UNI02056,2024,THE,,,17.0,10.0
UNI02057,2024,THE,,,21.7,11.0
UNI01909,2024,THE,,,6.5,29.0
UNI00392,2024,THE,,,11.1,1.0
UNI00857,2024,THE,,,25.5,1.0
UNI01784,2024,THE,,,27.1,2.0
UNI00881,2024,THE,,,21.1,4.0
UNI01037,2024,THE,,,27.2,0.0
UNI02061,2024,THE,,,11.4,1.0
UNI00882,2024,THE,,,13.2,0.0
UNI02062,2024,THE,,,31.8,11.0
UNI01912,2024,THE,,,29.1,64.0
UNI01787,2024,THE,,,30.9,2.0
UNI01914,2024,THE,,,31.6,0.0
UNI02031,2024,THE,,,17.6,3.0
UNI00696,2024,THE,,,15.5,25.0
UNI00956,2024,THE,,,33.3,2.0
UNI02068,2024,THE,,,17.7,8.0
UNI00915,2024,THE,,,14.2,0.0
UNI01077,2024,THE,,,20.1,15.0
UNI01011,2024,THE,,,16.3,28.0
UNI01081,2024,THE,,,18.3,3.0
UNI00641,2024,THE,,,8.3,23.0
UNI02045,2024,THE,,,16.4,3.0
UNI01079,2024,THE,,,33.5,7.0
UNI00708,2024,THE,,,32.0,0.0
UNI00842,2024,THE,,,10.5,15.0
UNI00518,2024,THE,,,8.7,21.0
UNI02074,2024,THE,,,36.4,3.0
UNI01801,2024,THE,,,14.4,4.0
UNI01923,2024,THE,,,17.6,2.0
UNI02075,2024,THE,,,19.7,1.0
UNI02077,2024,THE,,,12.4,12.0
UNI02050,2024,THE,,,24.1,1.0
UNI01723,2024,THE,,,35.3,1.0
UNI00957,2024,THE,,,26.1,52.0
UNI01926,2024,THE,,,16.4,6.0
UNI01927,2024,THE,,,21.7,2.0
UNI00874,2024,THE,,,13.4,2.0
UNI02054,2024,THE,,,12.0,30.0
UNI02055,2024,THE,,,10.7,3.0
UNI01810,2024,THE,,,18.0,0.0
UNI02081,2024,THE,,,16.1,1.0
UNI02058,2024,THE,,,24.5,0.0
UNI02082,2024,THE,,,13.0,9.0
UNI01932,2024,THE,,,25.4,6.0
UNI01933,2024,THE,,,15.7,1.0
UNI02083,2024,THE,,,33.5,11.0
UNI01069,2024,THE,,,27.2,6.0
UNI02060,2024,THE,,,17.1,1.0
UNI01936,2024,THE,,,3.6,1.0
UNI02086,2024,THE,,,17.3,0.0
UNI00932,2024,THE,,,17.9,5.0
UNI01057,2024,THE,,,35.9,1.0
UNI01020,2024,THE,,,14.6,4.0
UNI02089,2024,THE,,,16.8,0.0
UNI02063,2024,THE,,,24.7,0.0
UNI02092,2024,THE,,,21.7,0.0
UNI02065,2024,THE,,,22.8,3.0
UNI02066,2024,THE,,,4.1,3.0
UNI02067,2024,THE,,,17.8,19.0
UNI01824,2024,THE,,,7.2,2.0
UNI02070,2024,THE,,,18.4,31.0
UNI02071,2024,THE,,,15.0,19.0
UNI02072,2024,THE,,,12.6,0.0
UNI01732,2024,THE,,,14.9,1.0
UNI02073,2024,THE,,,12.9,1.0
UNI00901,2024,THE,,,32.6,5.0
UNI02098,2024,THE,,,24.0,8.0
UNI01943,2024,THE,,,47.8,0.0
UNI00785,2024,THE,,,25.4,9.0
UNI02076,2024,THE,,,27.8,6.0
UNI01946,2024,THE,,,8.9,36.0
UNI00815,2024,THE,,,21.3,0.0
UNI02078,2024,THE,,,14.6,2.0
UNI01737,2024,THE,,,14.9,1.0
UNI00937,2024,THE,,,9.9,6.0
UNI01841,2024,THE,,,1.6,3.0
UNI01947,2024,THE,,,12.8,2.0
UNI02103,2024,THE,,,12.1,0.0
UNI01949,2024,THE,,,3.9,3.0
UNI01101,2024,THE,,,10.8,11.0
UNI01950,2024,THE,,,17.7,2.0
UNI02104,2024,THE,,,43.0,0.0
UNI00619,2024,THE,,,13.7,1.0
UNI01956,2024,THE,,,9.0,1.0
UNI00940,2024,THE,,,14.7,13.0
UNI01105,2024,THE,,,60.8,1.0
UNI00505,2024,THE,,,27.5,0.0
UNI01961,2024,THE,,,13.3,5.0
UNI02084,2024,THE,,,17.0,6.0
UNI00921,2024,THE,,,30.2,7.0
UNI02085,2024,THE,,,4.2,17.0
UNI02111,2024,THE,,,12.1,4.0
UNI02087,2024,THE,,,22.7,2.0
UNI01965,2024,THE,,,20.7,5.0
UNI02112,2024,THE,,,12.6,8.0
UNI02114,2024,THE,,,13.3,6.0
UNI01156,2024,THE,,,14.9,13.0
UNI02090,2024,THE,,,23.6,0.0
UNI02094,2024,THE,,,32.3,7.0
UNI02095,2024,THE,,,13.1,8.0
UNI01970,2024,THE,,,5.4,17.0
UNI02119,2024,THE,,,6.4,8.0
UNI02120,2024,THE,,,19.9,0.0
UNI02096,2024,THE,,,16.5,8.0
UNI02123,2024,THE,,,18.6,2.0
UNI01856,2024,THE,,,17.7,1.0
UNI02126,2024,THE,,,23.6,0.0
UNI01698,2024,THE,,,14.0,2.0
UNI02128,2024,THE,,,7.4,3.0
UNI02129,2024,THE,,,18.2,2.0
UNI00698,2024,THE,,,9.5,7.0
UNI00646,2024,THE,,,14.9,12.0
UNI00741,2024,THE,,,15.5,6.0
UNI02133,2024,THE,,,19.8,5.0
UNI02100,2024,THE,,,12.8,13.0
UNI02136,2024,THE,,,12.0,5.0
UNI00944,2024,THE,,,7.2,3.0
UNI02137,2024,THE,,,14.4,2.0
UNI01985,2024,THE,,,0.9,0.0
UNI02101,2024,THE,,,13.3,1.0
UNI02102,2024,THE,,,17.6,4.0
UNI01134,2024,THE,,,34.4,7.0
UNI01874,2024,THE,,,2.5,1.0
UNI00923,2024,THE,,,13.7,24.0
UNI00640,2024,THE,,,13.9,1.0
UNI01879,2024,THE,,,15.6,1.0
UNI00968,2024,THE,,,42.7,0.0
UNI02143,2024,THE,,,9.1,15.0
UNI02105,2024,THE,,,44.7,0.0
UNI01142,2024,THE,,,21.5,1.0
UNI01997,2024,THE,,,21.1,1.0
UNI02145,2024,THE,,,6.0,11.0
UNI02108,2024,THE,,,11.8,6.0
UNI02146,2024,THE,,,20.4,0.0
UNI02147,2024,THE,,,22.9,4.0
UNI00828,2024,THE,,,31.7,22.0
UNI01887,2024,THE,,,18.4,0.0
UNI02113,2024,THE,,,14.5,3.0
UNI02115,2024,THE,,,27.2,1.0
UNI02116,2024,THE,,,10.2,2.0
UNI02117,2024,THE,,,24.3,0.0
UNI02148,2024,THE,,,15.1,1.0
UNI02150,2024,THE,,,12.6,3.0
UNI02151,2024,THE,,,25.2,5.0
UNI02121,2024,THE,,,20.3,0.0
UNI02122,2024,THE,,,20.7,1.0
UNI02124,2024,THE,,,16.7,2.0
UNI01140,2024,THE,,,10.4,3.0
UNI02153,2024,THE,,,18.3,13.0
UNI02125,2024,THE,,,55.6,1.0
UNI02127,2024,THE,,,10.8,2.0
UNI00962,2024,THE,,,114.2,3.0
UNI02157,2024,THE,,,14.6,7.0
UNI02131,2024,THE,,,16.0,3.0
UNI02132,2024,THE,,,36.9,1.0
UNI02135,2024,THE,,,16.0,21.0
UNI02159,2024,THE,,,17.6,12.0
UNI02160,2024,THE,,,20.3,2.0
UNI00997,2024,THE,,,13.1,1.0
UNI02140,2024,THE,,,39.0,7.0
UNI02162,2024,THE,,,13.0,6.0
UNI00692,2024,THE,,,12.3,20.0
UNI01001,2024,THE,,,24.4,2.0
UNI01149,2024,THE,,,9.9,14.0
UNI01003,2024,THE,,,17.3,1.0
UNI02037,2024,THE,,,10.1,8.0
UNI00949,2024,THE,,,18.7,18.0
UNI02169,2024,THE,,,20.1,22.0
UNI02141,2024,THE,,,19.4,25.0
UNI02171,2024,THE,,,20.0,1.0
UNI02173,2024,THE,,,14.3,1.0
UNI01038,2024,THE,,,10.9,7.0
UNI02174,2024,THE,,,10.8,15.0
UNI02144,2024,THE,,,9.7,1.0
UNI00910,2024,THE,,,17.2,9.0
UNI01214,2024,THE,,,16.8,5.0
UNI02178,2024,THE,,,14.0,16.0
UNI02013,2024,THE,,,39.0,6.0
UNI02181,2024,THE,,,30.7,0.0
UNI02183,2024,THE,,,17.7,7.0
UNI02184,2024,THE,,,4.3,0.0
UNI01233,2024,THE,,,21.3,8.0
UNI01769,2024,THE,,,16.3,1.0
UNI02186,2024,THE,,,12.9,45.0
UNI02016,2024,THE,,,17.4,10.0
UNI01015,2024,THE,,,15.1,7.0
UNI02188,2024,THE,,,29.7,3.0
UNI00834,2024,THE,,,14.8,3.0
UNI02018,2024,THE,,,9.8,0.0
UNI02019,2024,THE,,,22.5,3.0
UNI01235,2024,THE,,,14.0,3.0
UNI02156,2024,THE,,,7.3,7.0
UNI02158,2024,THE,,,25.0,5.0
UNI02193,2024,THE,,,35.3,1.0
UNI02194,2024,THE,,,7.2,3.0
UNI00259,2024,THE,,,5.9,10.0
UNI02196,2024,THE,,,29.7,3.0
UNI02197,2024,THE,,,5.9,0.0
UNI02198,2024,THE,,,16.4,0.0
UNI01218,2024,THE,,,17.0,8.0
UNI02161,2024,THE,,,17.9,2.0
UNI01780,2024,THE,,,15.9,2.0
UNI02166,2024,THE,,,21.1,0.0
UNI01068,2024,THE,,,13.9,10.0
UNI02168,2024,THE,,,21.4,0.0
UNI01034,2024,THE,,,22.1,1.0
UNI01251,2024,THE,,,31.0,4.0
UNI02202,2024,THE,,,13.5,7.0
UNI02170,2024,THE,,,16.4,1.0
UNI02024,2024,THE,,,21.8,1.0
UNI00686,2024,THE,,,14.9,0.0
UNI02172,2024,THE,,,16.8,4.0
UNI00315,2024,THE,,,15.3,3.0
UNI02027,2024,THE,,,25.4,0.0
UNI00442,2024,THE,,,7.6,19.0
UNI02176,2024,THE,,,11.8,5.0
UNI02177,2024,THE,,,14.2,4.0
UNI02029,2024,THE,,,21.8,4.0
UNI02211,2024,THE,,,8.8,8.0
UNI02213,2024,THE,,,20.6,34.0
UNI02180,2024,THE,,,13.6,1.0
UNI02182,2024,THE,,,14.8,3.0
UNI02216,2024,THE,,,18.3,0.0
UNI02185,2024,THE,,,24.1,1.0
UNI00812,2024,THE,,,16.9,13.0
UNI02032,2024,THE,,,13.5,5.0
UNI02034,2024,THE,,,18.1,20.0
UNI01273,2024,THE,,,21.3,1.0
UNI02187,2024,THE,,,10.1,1.0
UNI02040,2024,THE,,,19.5,15.0
UNI02190,2024,THE,,,25.6,1.0
UNI02191,2024,THE,,,18.9,17.0
UNI02192,2024,THE,,,24.5,3.0
UNI02223,2024,THE,,,20.7,2.0
UNI01080,2024,THE,,,14.0,5.0
UNI02225,2024,THE,,,17.2,4.0
UNI02195,2024,THE,,,16.2,1.0
UNI02227,2024,THE,,,18.2,2.0
UNI01797,2024,THE,,,14.8,2.0
UNI01284,2024,THE,,,15.4,4.0
UNI02200,2024,THE,,,10.5,2.0
UNI02228,2024,THE,,,17.9,0.0
UNI02229,2024,THE,,,23.7,3.0
UNI01802,2024,THE,,,7.7,3.0
UNI01925,2024,THE,,,33.4,9.0
UNI01804,2024,THE,,,28.7,0.0
UNI02233,2024,THE,,,30.6,0.0
UNI01086,2024,THE,,,20.3,4.0
UNI02201,2024,THE,,,11.3,2.0
UNI02204,2024,THE,,,15.5,5.0
UNI02205,2024,THE,,,37.2,6.0
UNI02206,2024,THE,,,10.4,1.0
UNI01256,2024,THE,,,9.4,0.0
UNI02238,2024,THE,,,12.9,21.0
UNI02207,2024,THE,,,25.3,1.0
UNI01259,2024,THE,,,19.9,0.0
UNI01300,2024,THE,,,19.8,1.0
UNI02208,2024,THE,,,13.3,1.0
UNI02209,2024,THE,,,13.3,1.0
UNI02210,2024,THE,,,18.3,1.0
UNI01198,2024,THE,,,15.6,1.0
UNI02242,2024,THE,,,12.8,0.0
UNI02212,2024,THE,,,16.7,0.0
UNI02214,2024,THE,,,14.6,1.0
UNI02215,2024,THE,,,14.1,1.0
UNI02217,2024,THE,,,9.7,2.0
UNI02218,2024,THE,,,29.7,3.0
UNI01269,2024,THE,,,23.3,7.0
UNI01687,2024,THE,,,22.8,1.0
UNI02219,2024,THE,,,23.2,1.0
UNI02220,2024,THE,,,8.2,6.0
UNI02221,2024,THE,,,17.0,3.0
UNI01056,2024,THE,,,12.0,2.0
UNI02222,2024,THE,,,24.5,2.0
UNI02250,2024,THE,,,17.0,13.0
UNI02224,2024,THE,,,18.0,3.0
UNI01095,2024,THE,,,12.8,11.0
UNI02226,2024,THE,,,17.6,0.0
UNI02254,2024,THE,,,34.3,1.0
UNI01021,2024,THE,,,7.6,4.0
UNI02064,2024,THE,,,19.6,0.0
UNI02257,2024,THE,,,12.5,2.0
UNI00975,2024,THE,,,9.3,4.0
UNI02259,2024,THE,,,20.0,6.0
UNI01322,2024,THE,,,23.0,7.0
UNI02231,2024,THE,,,35.7,2.0
UNI02232,2024,THE,,,27.9,12.0
UNI01276,2024,THE,,,22.4,2.0
UNI02262,2024,THE,,,24.4,0.0
UNI01217,2024,THE,,,12.8,3.0
UNI01098,2024,THE,,,11.6,16.0
UNI02265,2024,THE,,,4.6,1.0
UNI02267,2024,THE,,,88.7,3.0
UNI02268,2024,THE,,,199.9,2.0
UNI02069,2024,THE,,,13.4,4.0
UNI02235,2024,THE,,,39.2,0.0
UNI02271,2024,THE,,,17.1,19.0
UNI02236,2024,THE,,,15.7,3.0
UNI02237,2024,THE,,,14.3,0.0
UNI02240,2024,THE,,,6.8,3.0
UNI02273,2024,THE,,,27.9,15.0
UNI02274,2024,THE,,,16.0,14.0
UNI01945,2024,THE,,,18.7,2.0
UNI01282,2024,THE,,,10.7,2.0
UNI02277,2024,THE,,,18.6,3.0
UNI01286,2024,THE,,,17.2,6.0
UNI02079,2024,THE,,,15.0,2.0
UNI02080,2024,THE,,,0.9,0.0
UNI02279,2024,THE,,,9.6,9.0
UNI02243,2024,THE,,,9.6,2.0
UNI01106,2024,THE,,,10.1,3.0
UNI01107,2024,THE,,,21.6,3.0
UNI02282,2024,THE,,,42.4,24.0
UNI02284,2024,THE,,,16.5,0.0
UNI00892,2024,THE,,,13.3,8.0
UNI02245,2024,THE,,,16.8,3.0
UNI02288,2024,THE,,,12.0,12.0
UNI01026,2024,THE,,,17.2,2.0
UNI01353,2024,THE,,,13.9,0.0
UNI01291,2024,THE,,,23.3,0.0
UNI02246,2024,THE,,,5.2,0.0
UNI01954,2024,THE,,,14.6,2.0
UNI01113,2024,THE,,,13.8,6.0
UNI02249,2024,THE,,,16.0,5.0
UNI02252,2024,THE,,,13.4,12.0
UNI01117,2024,THE,,,13.1,5.0
UNI02295,2024,THE,,,12.1,4.0
UNI02256,2024,THE,,,50.4,18.0
UNI02296,2024,THE,,,6.4,18.0
UNI01114,2024,THE,,,13.6,3.0
UNI02297,2024,THE,,,14.9,3.0
UNI02088,2024,THE,,,14.5,2.0
UNI00959,2024,THE,,,14.4,11.0
UNI02091,2024,THE,,,45.9,1.0
UNI02093,2024,THE,,,22.8,1.0
UNI02299,2024,THE,,,5.7,16.0
UNI02301,2024,THE,,,7.3,5.0
UNI02303,2024,THE,,,5.7,44.0
UNI02305,2024,THE,,,9.8,14.0
UNI00979,2024,THE,,,16.3,17.0
UNI02260,2024,THE,,,42.1,1.0
UNI02261,2024,THE,,,8.3,3.0
UNI02263,2024,THE,,,41.7,3.0
UNI02264,2024,THE,,,8.5,2.0
UNI02097,2024,THE,,,14.6,7.0
UNI02309,2024,THE,,,12.8,12.0
UNI02310,2024,THE,,,20.7,14.0
UNI02266,2024,THE,,,16.3,9.0
UNI01121,2024,THE,,,15.5,18.0
UNI02270,2024,THE,,,10.2,12.0
UNI00894,2024,THE,,,6.7,5.0
UNI02314,2024,THE,,,16.1,5.0
UNI00789,2024,THE,,,34.5,2.0
UNI01862,2024,THE,,,21.6,3.0
UNI02316,2024,THE,,,15.0,8.0
UNI02272,2024,THE,,,22.7,6.0
UNI00980,2024,THE,,,15.6,4.0
UNI02099,2024,THE,,,22.0,1.0
UNI02275,2024,THE,,,67.5,4.0
UNI01302,2024,THE,,,18.6,9.0
UNI02320,2024,THE,,,15.9,0.0
UNI02321,2024,THE,,,33.1,3.0
UNI02323,2024,THE,,,9.5,7.0
UNI01129,2024,THE,,,16.2,8.0
UNI00981,2024,THE,,,7.9,14.0
UNI00808,2024,THE,,,8.0,3.0
UNI02278,2024,THE,,,11.7,1.0
UNI02326,2024,THE,,,14.5,6.0
UNI02285,2024,THE,,,10.1,2.0
UNI02286,2024,THE,,,13.7,6.0
UNI01403,2024,THE,,,17.5,6.0
UNI02289,2024,THE,,,11.5,4.0
UNI01307,2024,THE,,,25.7,3.0
UNI02290,2024,THE,,,23.4,16.0
UNI02291,2024,THE,,,13.9,15.0
UNI00945,2024,THE,,,10.3,24.0
UNI02292,2024,THE,,,23.1,5.0
UNI00466,2024,THE,,,11.1,0.0
UNI02332,2024,THE,,,6.9,4.0
UNI02106,2024,THE,,,16.9,5.0
UNI02293,2024,THE,,,7.3,1.0
UNI02294,2024,THE,,,26.2,1.0
UNI01998,2024,THE,,,12.9,2.0
UNI01412,2024,THE,,,13.0,1.0
UNI02107,2024,THE,,,28.3,0.0
UNI00896,2024,THE,,,8.5,6.0
UNI01133,2024,THE,,,11.4,6.0
UNI00988,2024,THE,,,12.9,2.0
UNI02109,2024,THE,,,15.2,1.0
UNI01311,2024,THE,,,11.4,10.0
UNI02337,2024,THE,,,43.0,33.0
UNI02110,2024,THE,,,19.4,6.0
UNI01150,2024,THE,,,14.4,4.0
UNI00714,2024,THE,,,17.4,10.0
UNI02302,2024,THE,,,10.9,7.0
UNI02304,2024,THE,,,1.4,0.0
UNI01157,2024,THE,,,26.6,7.0
UNI02340,2024,THE,,,10.7,14.0
UNI02307,2024,THE,,,3.3,0.0
UNI02308,2024,THE,,,13.1,3.0
UNI02342,2024,THE,,,10.6,5.0
UNI01203,2024,THE,,,16.9,2.0
UNI02345,2024,THE,,,14.0,8.0
UNI02118,2024,THE,,,7.9,7.0
UNI02311,2024,THE,,,13.8,9.0
UNI02003,2024,THE,,,26.4,1.0
UNI02313,2024,THE,,,22.1,1.0
UNI02348,2024,THE,,,13.0,2.0
UNI01433,2024,THE,,,17.8,0.0
UNI02315,2024,THE,,,10.5,2.0
UNI01321,2024,THE,,,29.7,5.0
UNI02317,2024,THE,,,3.2,4.0
UNI02318,2024,THE,,,1.6,0.0
UNI01143,2024,THE,,,12.0,4.0
UNI02354,2024,THE,,,29.4,0.0
UNI02280,2024,THE,,,11.9,5.0
UNI02130,2024,THE,,,27.6,0.0
UNI01145,2024,THE,,,21.4,6.0
UNI01326,2024,THE,,,18.6,12.0
UNI02322,2024,THE,,,23.7,26.0
UNI02324,2024,THE,,,13.7,2.0
UNI02358,2024,THE,,,7.4,2.0
UNI02360,2024,THE,,,11.3,11.0
UNI02134,2024,THE,,,33.0,1.0
UNI02363,2024,THE,,,15.9,2.0
UNI01177,2024,THE,,,15.7,2.0
UNI02325,2024,THE,,,15.0,0.0
UNI01327,2024,THE,,,15.5,2.0
UNI01179,2024,THE,,,22.9,14.0
UNI02138,2024,THE,,,0.8,1.0
UNI02367,2024,THE,,,13.6,20.0
UNI02368,2024,THE,,,17.7,7.0
UNI02139,2024,THE,,,16.0,42.0
UNI01330,2024,THE,,,26.2,1.0
UNI02372,2024,THE,,,20.4,0.0
UNI02327,2024,THE,,,15.5,0.0
UNI01331,2024,THE,,,22.5,7.0
UNI02328,2024,THE,,,31.8,4.0
UNI00761,2024,THE,,,10.6,5.0
UNI01332,2024,THE,,,20.5,2.0
UNI01186,2024,THE,,,33.2,4.0
UNI01151,2024,THE,,,13.1,23.0
UNI02330,2024,THE,,,15.6,19.0
UNI01398,2024,THE,,,16.1,6.0
UNI02333,2024,THE,,,7.1,6.0
UNI02142,2024,THE,,,21.7,2.0
UNI02334,2024,THE,,,15.3,1.0
UNI00679,2024,THE,,,11.4,1.0
UNI02381,2024,THE,,,18.3,0.0
UNI02335,2024,THE,,,13.7,0.0
UNI01159,2024,THE,,,16.0,4.0
UNI01160,2024,THE,,,9.7,2.0
UNI02338,2024,THE,,,10.4,8.0
UNI00743,2024,THE,,,24.0,4.0
UNI01161,2024,THE,,,20.1,11.0
UNI02339,2024,THE,,,10.6,3.0
UNI01339,2024,THE,,,20.4,1.0
UNI02012,2024,THE,,,30.9,0.0
UNI01340,2024,THE,,,20.4,10.0
UNI02385,2024,THE,,,11.4,2.0
UNI02341,2024,THE,,,8.9,8.0
UNI02343,2024,THE,,,36.0,37.0
UNI02344,2024,THE,,,24.3,0.0
UNI02346,2024,THE,,,16.6,6.0
UNI02347,2024,THE,,,10.7,6.0
UNI02349,2024,THE,,,14.4,2.0
UNI02350,2024,THE,,,29.4,1.0
UNI01062,2024,THE,,,15.9,1.0
UNI02352,2024,THE,,,12.3,11.0
UNI02353,2024,THE,,,15.3,2.0
UNI00772,2024,THE,,,8.3,28.0
UNI02395,2024,THE,,,10.5,5.0
UNI01237,2024,THE,,,14.7,13.0
UNI00926,2024,THE,,,11.2,15.0
UNI02399,2024,THE,,,13.6,1.0
UNI02355,2024,THE,,,13.4,8.0
UNI00652,2024,THE,,,17.1,7.0
UNI01421,2024,THE,,,14.8,5.0
UNI02356,2024,THE,,,46.2,2.0
UNI02405,2024,THE,,,23.9,6.0
UNI02357,2024,THE,,,16.7,4.0
UNI02406,2024,THE,,,19.8,4.0
UNI02359,2024,THE,,,15.8,1.0
UNI02361,2024,THE,,,20.6,0.0
UNI02362,2024,THE,,,18.6,3.0
UNI02364,2024,THE,,,8.8,2.0
UNI01240,2024,THE,,,10.9,5.0
UNI02365,2024,THE,,,6.2,5.0
UNI01205,2024,THE,,,28.3,11.0
UNI02149,2024,THE,,,25.8,0.0
UNI01063,2024,THE,,,13.4,8.0
UNI01426,2024,THE,,,23.0,8.0
UNI02366,2024,THE,,,10.4,1.0
UNI01771,2024,THE,,,24.6,2.0
UNI02369,2024,THE,,,23.5,0.0
UNI02370,2024,THE,,,10.9,1.0
UNI02418,2024,THE,,,31.0,5.0
UNI02152,2024,THE,,,22.5,0.0
UNI02154,2024,THE,,,20.9,1.0
UNI02420,2024,THE,,,19.5,1.0
UNI02155,2024,THE,,,91.8,1.0
UNI02371,2024,THE,,,21.3,1.0
UNI02422,2024,THE,,,5.7,3.0
UNI02424,2024,THE,,,11.1,7.0
UNI02426,2024,THE,,,10.7,1.0
UNI02373,2024,THE,,,10.7,4.0
UNI02374,2024,THE,,,22.2,8.0
UNI01244,2024,THE,,,22.3,8.0
UNI02431,2024,THE,,,19.0,27.0
UNI02375,2024,THE,,,28.4,3.0
UNI02022,2024,THE,,,15.5,0.0
UNI01489,2024,THE,,,22.0,1.0
UNI02376,2024,THE,,,10.1,2.0
UNI02163,2024,THE,,,14.8,5.0
UNI02164,2024,THE,,,18.4,2.0
UNI02165,2024,THE,,,27.6,6.0
UNI02434,2024,THE,,,23.3,12.0
UNI02377,2024,THE,,,13.6,0.0
UNI02436,2024,THE,,,14.1,2.0
UNI01245,2024,THE,,,12.2,3.0
UNI02167,2024,THE,,,18.7,5.0
UNI02378,2024,THE,,,15.0,2.0
UNI02441,2024,THE,,,29.6,0.0
UNI02379,2024,THE,,,19.5,0.0
UNI01169,2024,THE,,,10.6,1.0
UNI02380,2024,THE,,,17.4,0.0
UNI02444,2024,THE,,,48.0,0.0
UNI02445,2024,THE,,,45.2,1.0
UNI01455,2024,THE,,,19.6,0.0
UNI02382,2024,THE,,,21.7,3.0
UNI02383,2024,THE,,,11.9,2.0
UNI01054,2024,THE,,,13.3,0.0
UNI01071,2024,THE,,,13.2,2.0
UNI02450,2024,THE,,,13.3,3.0
UNI01399,2024,THE,,,11.7,0.0
UNI02453,2024,THE,,,23.7,1.0
UNI02454,2024,THE,,,23.7,1.0
UNI02455,2024,THE,,,15.6,20.0
UNI01249,2024,THE,,,45.2,1.0
UNI02175,2024,THE,,,25.8,0.0
UNI02457,2024,THE,,,18.6,6.0
UNI02458,2024,THE,,,14.0,2.0
UNI02460,2024,THE,,,7.3,0.0
UNI02384,2024,THE,,,10.8,3.0
UNI02462,2024,THE,,,16.3,13.0
UNI02464,2024,THE,,,25.5,1.0
UNI02465,2024,THE,,,36.9,4.0
UNI02386,2024,THE,,,21.5,0.0
UNI02387,2024,THE,,,20.4,1.0
UNI02388,2024,THE,,,22.1,9.0
UNI02179,2024,THE,,,14.4,5.0
UNI02389,2024,THE,,,14.4,1.0
UNI02469,2024,THE,,,17.4,2.0
UNI02471,2024,THE,,,18.5,8.0
UNI02390,2024,THE,,,24.2,10.0
UNI02474,2024,THE,,,58.2,0.0
UNI02476,2024,THE,,,19.9,20.0
UNI02391,2024,THE,,,22.6,0.0
UNI02189,2024,THE,,,20.3,3.0
UNI02477,2024,THE,,,21.1,3.0
UNI02479,2024,THE,,,22.9,0.0
UNI02392,2024,THE,,,30.4,0.0
UNI02393,2024,THE,,,14.7,0.0
UNI02394,2024,THE,,,17.9,3.0
UNI02482,2024,THE,,,21.0,0.0
UNI02483,2024,THE,,,13.6,3.0
UNI01257,2024,THE,,,37.5,5.0
UNI02485,2024,THE,,,16.3,1.0
UNI02487,2024,THE,,,24.3,2.0
UNI02396,2024,THE,,,24.4,2.0
UNI02397,2024,THE,,,23.5,6.0
UNI02490,2024,THE,,,34.5,2.0
UNI02398,2024,THE,,,17.1,2.0
UNI02400,2024,THE,,,35.6,4.0
UNI02401,2024,THE,,,9.3,0.0
UNI02402,2024,THE,,,21.0,7.0
UNI02403,2024,THE,,,15.3,3.0
UNI02404,2024,THE,,,12.2,5.0
UNI01493,2024,THE,,,20.9,4.0
UNI02199,2024,THE,,,15.9,0.0
UNI02407,2024,THE,,,21.1,0.0
UNI00753,2024,THE,,,14.5,3.0
UNI02498,2024,THE,,,27.4,0.0
UNI02408,2024,THE,,,17.5,4.0
UNI00866,2024,THE,,,18.0,2.0
UNI02409,2024,THE,,,1.2,1.0
UNI01085,2024,THE,,,18.6,4.0
UNI02410,2024,THE,,,44.4,19.0
UNI02411,2024,THE,,,16.0,22.0
UNI02412,2024,THE,,,18.8,1.0
UNI02203,2024,THE,,,6.8,2.0
UNI02413,2024,THE,,,21.9,4.0
UNI01087,2024,THE,,,13.2,1.0
UNI02414,2024,THE,,,17.5,7.0
UNI01481,2024,THE,,,11.5,1.0
UNI02415,2024,THE,,,22.8,0.0
UNI02416,2024,THE,,,12.2,0.0
UNI02417,2024,THE,,,9.9,0.0
UNI02419,2024,THE,,,26.5,0.0
UNI02507,2024,THE,,,11.6,1.0
UNI02421,2024,THE,,,17.3,1.0
UNI02423,2024,THE,,,16.6,0.0
UNI02425,2024,THE,,,19.2,0.0
UNI02427,2024,THE,,,15.0,1.0
UNI02428,2024,THE,,,16.3,1.0
UNI02429,2024,THE,,,17.7,0.0
UNI02432,2024,THE,,,12.3,0.0
UNI02433,2024,THE,,,12.4,0.0
UNI01930,2024,THE,,,16.0,0.0
UNI02435,2024,THE,,,20.8,1.0
UNI02059,2024,THE,,,20.3,0.0
UNI02517,2024,THE,,,16.2,1.0
UNI02437,2024,THE,,,14.5,1.0
UNI02438,2024,THE,,,7.6,2.0
UNI02439,2024,THE,,,8.7,1.0
UNI02518,2024,THE,,,12.4,1.0
UNI02440,2024,THE,,,38.1,12.0
UNI01431,2024,THE,,,15.0,2.0
UNI01274,2024,THE,,,12.8,2.0
UNI01334,2024,THE,,,20.8,9.0
UNI02442,2024,THE,,,13.9,1.0
UNI02524,2024,THE,,,11.8,3.0
UNI02443,2024,THE,,,10.8,26.0
UNI02526,2024,THE,,,19.3,0.0
UNI02446,2024,THE,,,21.4,2.0
UNI02529,2024,THE,,,12.2,7.0
UNI01275,2024,THE,,,34.1,0.0
UNI02230,2024,THE,,,16.6,0.0
UNI02532,2024,THE,,,88.2,2.0
UNI02534,2024,THE,,,22.0,1.0
UNI02447,2024,THE,,,9.0,5.0
UNI02448,2024,THE,,,6.8,1.0
UNI02537,2024,THE,,,15.4,18.0
UNI02538,2024,THE,,,11.3,1.0
UNI02540,2024,THE,,,22.6,4.0
UNI02234,2024,THE,,,37.7,5.0
UNI02449,2024,THE,,,23.0,1.0
UNI02451,2024,THE,,,12.4,3.0
UNI02452,2024,THE,,,14.8,3.0
UNI01184,2024,THE,,,23.4,1.0
UNI02546,2024,THE,,,11.4,6.0
UNI02548,2024,THE,,,22.2,3.0
UNI00813,2024,THE,,,13.0,0.0
UNI02239,2024,THE,,,38.0,2.0
UNI02550,2024,THE,,,10.6,13.0
UNI02552,2024,THE,,,14.2,4.0
UNI02456,2024,THE,,,26.5,4.0
UNI01280,2024,THE,,,26.3,13.0
UNI02554,2024,THE,,,20.0,16.0
UNI00891,2024,THE,,,30.6,3.0
UNI02557,2024,THE,,,16.8,6.0
UNI02459,2024,THE,,,13.6,3.0
UNI02559,2024,THE,,,14.7,2.0
UNI02461,2024,THE,,,17.7,3.0
UNI02561,2024,THE,,,11.2,3.0
UNI02463,2024,THE,,,39.0,18.0
UNI02562,2024,THE,,,30.2,0.0
UNI02241,2024,THE,,,15.1,1.0
UNI02565,2024,THE,,,22.4,0.0
UNI02466,2024,THE,,,14.5,4.0
UNI02244,2024,THE,,,2.1,1.0
UNI02467,2024,THE,,,12.3,4.0
UNI01220,2024,THE,,,39.3,0.0
UNI02468,2024,THE,,,14.0,5.0
UNI02571,2024,THE,,,26.4,0.0
UNI00826,2024,THE,,,18.7,1.0
UNI02573,2024,THE,,,36.8,12.0
UNI02575,2024,THE,,,16.7,12.0
UNI02577,2024,THE,,,11.6,16.0
UNI02578,2024,THE,,,10.7,31.0
UNI02579,2024,THE,,,15.6,3.0
UNI02580,2024,THE,,,18.5,7.0
UNI02581,2024,THE,,,15.8,0.0
UNI01290,2024,THE,,,23.0,1.0
UNI02470,2024,THE,,,47.7,1.0
UNI02584,2024,THE,,,24.6,17.0
UNI02472,2024,THE,,,47.2,2.0
UNI02473,2024,THE,,,8.3,1.0
UNI02247,2024,THE,,,20.3,2.0
UNI02475,2024,THE,,,18.3,2.0
UNI01112,2024,THE,,,11.6,11.0
UNI02248,2024,THE,,,11.9,5.0
UNI01406,2024,THE,,,12.3,0.0
UNI01293,2024,THE,,,24.7,4.0
UNI02478,2024,THE,,,21.9,2.0
UNI02480,2024,THE,,,53.1,0.0
UNI02589,2024,THE,,,29.8,0.0
UNI02590,2024,THE,,,35.6,0.0
UNI02251,2024,THE,,,21.3,0.0
UNI01494,2024,THE,,,13.1,0.0
UNI02481,2024,THE,,,21.3,4.0
UNI02593,2024,THE,,,11.6,2.0
UNI00402,2024,THE,,,13.5,4.0
UNI02594,2024,THE,,,10.6,12.0
UNI01059,2024,THE,,,14.0,9.0
UNI02253,2024,THE,,,10.9,1.0
UNI02596,2024,THE,,,17.4,0.0
UNI01242,2024,THE,,,16.5,3.0
UNI02255,2024,THE,,,29.4,2.0
UNI02484,2024,THE,,,27.0,4.0
UNI02486,2024,THE,,,28.1,0.0
UNI02488,2024,THE,,,30.2,2.0
UNI02258,2024,THE,,,19.9,3.0
UNI02489,2024,THE,,,11.7,9.0
UNI01295,2024,THE,,,30.6,5.0
UNI02603,2024,THE,,,23.8,0.0
UNI02491,2024,THE,,,14.2,10.0
UNI02605,2024,THE,,,12.1,1.0
UNI01118,2024,THE,,,34.0,5.0
UNI02492,2024,THE,,,30.7,1.0
UNI02608,2024,THE,,,14.9,6.0
UNI02493,2024,THE,,,22.6,1.0
UNI02611,2024,THE,,,33.6,0.0
UNI02494,2024,THE,,,21.6,11.0
UNI02613,2024,THE,,,21.5,5.0
UNI01407,2024,THE,,,14.9,5.0
UNI02495,2024,THE,,,7.4,3.0
UNI02496,2024,THE,,,17.7,1.0
UNI02616,2024,THE,,,82.1,1.0
UNI02497,2024,THE,,,20.3,2.0
UNI02619,2024,THE,,,16.0,13.0
UNI02620,2024,THE,,,13.3,7.0
UNI02499,2024,THE,,,20.2,0.0
UNI02623,2024,THE,,,71.0,0.0
UNI02500,2024,THE,,,20.8,0.0
UNI02501,2024,THE,,,20.5,6.0
UNI01120,2024,THE,,,6.5,1.0
UNI02269,2024,THE,,,25.8,8.0
UNI01375,2024,THE,,,35.2,0.0
UNI02630,2024,THE,,,8.7,5.0
UNI01301,2024,THE,,,18.3,1.0
UNI02633,2024,THE,,,9.8,5.0
UNI02502,2024,THE,,,22.5,3.0
UNI02503,2024,THE,,,14.7,9.0
UNI02635,2024,THE,,,16.9,1.0
UNI02636,2024,THE,,,11.0,3.0
UNI02504,2024,THE,,,19.5,1.0
UNI02505,2024,THE,,,23.8,2.0
UNI02506,2024,THE,,,25.0,4.0
UNI01305,2024,THE,,,15.2,1.0
UNI02642,2024,THE,,,4.6,3.0
UNI02644,2024,THE,,,9.3,11.0
UNI02276,2024,THE,,,16.3,5.0
UNI02646,2024,THE,,,12.3,1.0
UNI01304,2024,THE,,,15.7,6.0
UNI02508,2024,THE,,,20.6,1.0
UNI02649,2024,THE,,,24.0,0.0
UNI02651,2024,THE,,,28.0,1.0
UNI02652,2024,THE,,,14.7,4.0
UNI02509,2024,THE,,,15.9,0.0
UNI02653,2024,THE,,,8.0,11.0
UNI02281,2024,THE,,,17.3,0.0
UNI02656,2024,THE,,,12.2,4.0
UNI02657,2024,THE,,,14.9,9.0
UNI02658,2024,THE,,,5.4,11.0
UNI02660,2024,THE,,,13.4,4.0
UNI02510,2024,THE,,,23.6,1.0
UNI01227,2024,THE,,,15.1,1.0
UNI02664,2024,THE,,,14.6,17.0
UNI02511,2024,THE,,,9.7,0.0
UNI02283,2024,THE,,,22.5,0.0
UNI02667,2024,THE,,,11.6,17.0
UNI02512,2024,THE,,,8.5,2.0
UNI02669,2024,THE,,,20.1,5.0
UNI02671,2024,THE,,,14.0,13.0
UNI02513,2024,THE,,,18.3,14.0
UNI02287,2024,THE,,,21.9,1.0
UNI02674,2024,THE,,,18.7,0.0
UNI02514,2024,THE,,,35.4,1.0
UNI02515,2024,THE,,,5.5,1.0
UNI01352,2024,THE,,,16.0,9.0
UNI02516,2024,THE,,,12.5,7.0
UNI00746,2024,THE,,,11.3,1.0
UNI02679,2024,THE,,,22.0,3.0
UNI00744,2024,THE,,,7.8,2.0
UNI01355,2024,THE,,,19.5,7.0
UNI01228,2024,THE,,,13.5,10.0
UNI02682,2024,THE,,,7.0,14.0
UNI02519,2024,THE,,,120.3,1.0
UNI02520,2024,THE,,,16.0,0.0
UNI02684,2024,THE,,,39.4,1.0
UNI01359,2024,THE,,,18.5,1.0
UNI02687,2024,THE,,,17.2,12.0
UNI02689,2024,THE,,,10.2,9.0
UNI02691,2024,THE,,,12.0,5.0
UNI02521,2024,THE,,,16.9,0.0
UNI01193,2024,THE,,,21.1,1.0
UNI02692,2024,THE,,,17.1,0.0
UNI01477,2024,THE,,,24.2,1.0
UNI02522,2024,THE,,,23.2,4.0
UNI02523,2024,THE,,,18.7,3.0
UNI02525,2024,THE,,,36.0,1.0
UNI00903,2024,THE,,,10.6,2.0
UNI02527,2024,THE,,,25.4,1.0
UNI02696,2024,THE,,,17.1,0.0
UNI02528,2024,THE,,,29.1,27.0
UNI01229,2024,THE,,,15.3,18.0
UNI02700,2024,THE,,,31.4,1.0
UNI02702,2024,THE,,,10.3,23.0
UNI02530,2024,THE,,,14.2,0.0
UNI02531,2024,THE,,,16.9,4.0
UNI02706,2024,THE,,,18.7,1.0
UNI00993,2024,THE,,,21.8,29.0
UNI01411,2024,THE,,,15.6,3.0
UNI02708,2024,THE,,,10.4,4.0
UNI02710,2024,THE,,,22.1,4.0
UNI02533,2024,THE,,,14.9,0.0
UNI02535,2024,THE,,,27.7,2.0
UNI02298,2024,THE,,,9.9,2.0
UNI02713,2024,THE,,,11.6,1.0
UNI02536,2024,THE,,,17.1,2.0
UNI02300,2024,THE,,,9.8,2.0
UNI01315,2024,THE,,,15.3,6.0
UNI02716,2024,THE,,,16.0,5.0
UNI02539,2024,THE,,,19.8,0.0
UNI02306,2024,THE,,,20.8,2.0
UNI00924,2024,THE,,,13.3,7.0
UNI01416,2024,THE,,,15.6,0.0
UNI02718,2024,THE,,,6.6,12.0
UNI00551,2024,THE,,,12.4,5.0
UNI02721,2024,THE,,,19.5,0.0
UNI02541,2024,THE,,,9.6,1.0
UNI02542,2024,THE,,,16.5,13.0
UNI02312,2024,THE,,,15.8,0.0
UNI02543,2024,THE,,,8.2,3.0
UNI02544,2024,THE,,,14.5,4.0
UNI02545,2024,THE,,,11.5,3.0
UNI02727,2024,THE,,,22.9,3.0
UNI02729,2024,THE,,,10.6,21.0
UNI02547,2024,THE,,,22.9,1.0
UNI01417,2024,THE,,,11.6,4.0
UNI01324,2024,THE,,,18.8,2.0
UNI02549,2024,THE,,,19.6,1.0
UNI02551,2024,THE,,,32.4,8.0
UNI01144,2024,THE,,,8.5,7.0
UNI02319,2024,THE,,,7.5,7.0
UNI02553,2024,THE,,,26.0,1.0
UNI00998,2024,THE,,,12.7,10.0
UNI02734,2024,THE,,,13.4,11.0
UNI02735,2024,THE,,,22.9,0.0
UNI02555,2024,THE,,,18.9,1.0
UNI02737,2024,THE,,,24.7,0.0
UNI02738,2024,THE,,,13.5,5.0
UNI02740,2024,THE,,,11.9,0.0
UNI01400,2024,THE,,,30.5,4.0
UNI02556,2024,THE,,,8.9,0.0
UNI02558,2024,THE,,,9.8,2.0
UNI01328,2024,THE,,,32.3,5.0
UNI02744,2024,THE,,,56.2,0.0
UNI01389,2024,THE,,,19.2,2.0
UNI01148,2024,THE,,,14.8,5.0
UNI02560,2024,THE,,,9.3,0.0
UNI01152,2024,THE,,,13.3,10.0
UNI02563,2024,THE,,,29.3,1.0
UNI02564,2024,THE,,,9.7,9.0
UNI02329,2024,THE,,,17.8,0.0
UNI02566,2024,THE,,,15.3,1.0
UNI02331,2024,THE,,,16.0,5.0
UNI02567,2024,THE,,,16.3,1.0
UNI01153,2024,THE,,,16.8,3.0
UNI02568,2024,THE,,,11.1,0.0
UNI02336,2024,THE,,,15.2,9.0
UNI02569,2024,THE,,,32.2,2.0
UNI02570,2024,THE,,,26.8,2.0
UNI02572,2024,THE,,,28.7,3.0
UNI02755,2024,THE,,,12.1,14.0
UNI02574,2024,THE,,,8.0,2.0
UNI02757,2024,THE,,,9.5,2.0
UNI02576,2024,THE,,,23.5,5.0
UNI02759,2024,THE,,,35.0,3.0
UNI02761,2024,THE,,,12.6,5.0
UNI02762,2024,THE,,,8.2,11.0
UNI01213,2024,THE,,,16.6,4.0
UNI02764,2024,THE,,,27.4,11.0
UNI02582,2024,THE,,,13.7,4.0
UNI02766,2024,THE,,,11.3,13.0
UNI01183,2024,THE,,,8.9,1.0
UNI02583,2024,THE,,,19.0,2.0
UNI02769,2024,THE,,,17.5,3.0
UNI02771,2024,THE,,,19.8,10.0
UNI02585,2024,THE,,,24.5,1.0
UNI02351,2024,THE,,,11.3,1.0
UNI02773,2024,THE,,,12.5,9.0
UNI02775,2024,THE,,,13.9,10.0
UNI02777,2024,THE,,,11.1,15.0
UNI02779,2024,THE,,,13.5,6.0
UNI01420,2024,THE,,,17.5,3.0
UNI02586,2024,THE,,,37.9,0.0
UNI02587,2024,THE,,,13.4,1.0
UNI02588,2024,THE,,,27.5,6.0
UNI01241,2024,THE,,,8.0,2.0
UNI01424,2024,THE,,,16.3,1.0
UNI02784,2024,THE,,,22.4,8.0
UNI02786,2024,THE,,,26.1,0.0
UNI02788,2024,THE,,,13.3,0.0
UNI02789,2024,THE,,,24.9,0.0
UNI02791,2024,THE,,,22.5,9.0
UNI02591,2024,THE,,,23.4,21.0
UNI02793,2024,THE,,,45.8,0.0
UNI02795,2024,THE,,,5.5,0.0
UNI02797,2024,THE,,,1.0,19.0
UNI02798,2024,THE,,,31.7,11.0
UNI02592,2024,THE,,,19.5,39.0
UNI02801,2024,THE,,,23.7,0.0
UNI02802,2024,THE,,,16.7,3.0
UNI02804,2024,THE,,,34.6,1.0
UNI02806,2024,THE,,,28.0,0.0
UNI02595,2024,THE,,,15.4,1.0
UNI02808,2024,THE,,,17.2,1.0
UNI02597,2024,THE,,,15.8,1.0
UNI00631,2024,THE,,,15.1,82.0
UNI02810,2024,THE,,,8.6,10.0
UNI02598,2024,THE,,,8.9,1.0
UNI02812,2024,THE,,,28.3,0.0
UNI02599,2024,THE,,,21.2,0.0
UNI00877,2024,THE,,,12.1,60.0
UNI00693,2024,THE,,,14.6,60.0
UNI02814,2024,THE,,,17.0,2.0
UNI02815,2024,THE,,,38.8,4.0
UNI02600,2024,THE,,,25.6,0.0
UNI02817,2024,THE,,,14.1,2.0
UNI02819,2024,THE,,,29.9,0.0
UNI02821,2024,THE,,,5.1,0.0
UNI02604,2024,THE,,,26.7,0.0
UNI02601,2024,THE,,,19.4,0.0
UNI02602,2024,THE,,,21.8,0.0
UNI02824,2024,THE,,,40.8,0.0
UNI02825,2024,THE,,,17.2,0.0
UNI02827,2024,THE,,,31.1,0.0
UNI02829,2024,THE,,,35.5,0.0
UNI02606,2024,THE,,,20.2,0.0
UNI02831,2024,THE,,,26.9,1.0
UNI02833,2024,THE,,,13.0,7.0
UNI02835,2024,THE,,,68.8,0.0
UNI02837,2024,THE,,,17.6,0.0
UNI02838,2024,THE,,,9.0,0.0
UNI02607,2024,THE,,,20.3,0.0
UNI02840,2024,THE,,,19.0,19.0
UNI02609,2024,THE,,,17.6,1.0
UNI02610,2024,THE,,,22.7,0.0
UNI00879,2024,THE,,,6.3,6.0
UNI02842,2024,THE,,,5.1,2.0
UNI02844,2024,THE,,,19.8,0.0
UNI02612,2024,THE,,,23.5,0.0
UNI02846,2024,THE,,,16.2,2.0
UNI02614,2024,THE,,,23.5,0.0
UNI02849,2024,THE,,,28.2,0.0
UNI02851,2024,THE,,,7.3,0.0
UNI02615,2024,THE,,,13.4,26.0
UNI02854,2024,THE,,,37.3,0.0
UNI02856,2024,THE,,,23.5,0.0
UNI02858,2024,THE,,,20.8,51.0
UNI02860,2024,THE,,,29.7,0.0
UNI02862,2024,THE,,,39.4,0.0
UNI02864,2024,THE,,,27.7,29.0
UNI02866,2024,THE,,,16.6,44.0
UNI00683,2024,THE,,,14.8,75.0
UNI02617,2024,THE,,,23.1,0.0
UNI02618,2024,THE,,,19.0,25.0
UNI00749,2024,THE,,,12.8,14.0
UNI02621,2024,THE,,,10.2,57.0
UNI02870,2024,THE,,,25.5,0.0
UNI02622,2024,THE,,,17.0,1.0
UNI02624,2024,THE,,,6.8,0.0
UNI02625,2024,THE,,,14.5,0.0
UNI02626,2024,THE,,,25.3,9.0
UNI02874,2024,THE,,,8.4,4.0
UNI02875,2024,THE,,,16.5,2.0
UNI02876,2024,THE,,,23.2,0.0
UNI02627,2024,THE,,,10.0,5.0
UNI02879,2024,THE,,,39.9,0.0
UNI02628,2024,THE,,,18.4,2.0
UNI02629,2024,THE,,,13.1,82.0
UNI02631,2024,THE,,,5.1,7.0
UNI02881,2024,THE,,,18.6,29.0
UNI02632,2024,THE,,,26.7,36.0
UNI02882,2024,THE,,,6.9,74.0
UNI02884,2024,THE,,,75.0,35.0
UNI02886,2024,THE,,,5.7,37.0
UNI02888,2024,THE,,,9.2,2.0
UNI02634,2024,THE,,,14.2,21.0
UNI02637,2024,THE,,,11.9,59.0
UNI02638,2024,THE,,,11.6,8.0
UNI02893,2024,THE,,,22.9,7.0
UNI02639,2024,THE,,,8.7,5.0
UNI00995,2024,THE,,,8.2,22.0
UNI02640,2024,THE,,,21.2,17.0
UNI02641,2024,THE,,,11.1,0.0
UNI02898,2024,THE,,,18.0,2.0
UNI02643,2024,THE,,,50.6,37.0
UNI02900,2024,THE,,,8.5,8.0
UNI02902,2024,THE,,,45.7,0.0
UNI02645,2024,THE,,,15.2,4.0
UNI01070,2024,THE,,,10.4,3.0
UNI02647,2024,THE,,,19.8,1.0
UNI02905,2024,THE,,,20.5,0.0
UNI02648,2024,THE,,,17.8,2.0
UNI02650,2024,THE,,,36.8,0.0
UNI02909,2024,THE,,,48.1,0.0
UNI02910,2024,THE,,,19.1,0.0
UNI02911,2024,THE,,,29.5,0.0
UNI02912,2024,THE,,,31.8,7.0
UNI02654,2024,THE,,,8.0,3.0
UNI02655,2024,THE,,,35.3,3.0
UNI02915,2024,THE,,,10.2,28.0
UNI02659,2024,THE,,,16.4,14.0
UNI02661,2024,THE,,,27.8,0.0
UNI02918,2024,THE,,,30.8,1.0
UNI02662,2024,THE,,,11.3,0.0
UNI01248,2024,THE,,,13.6,5.0
UNI02922,2024,THE,,,6.3,28.0
UNI02663,2024,THE,,,9.7,0.0
UNI02665,2024,THE,,,16.5,2.0
UNI02666,2024,THE,,,16.4,0.0
UNI02668,2024,THE,,,25.4,5.0
UNI02927,2024,THE,,,31.8,0.0
UNI02670,2024,THE,,,20.5,13.0
UNI02672,2024,THE,,,12.0,1.0
UNI02673,2024,THE,,,21.2,4.0
UNI02675,2024,THE,,,17.6,1.0
UNI02931,2024,THE,,,10.4,1.0
UNI02676,2024,THE,,,16.8,38.0
UNI02934,2024,THE,,,11.7,60.0
UNI02677,2024,THE,,,15.3,30.0
UNI02936,2024,THE,,,24.3,0.0
UNI02938,2024,THE,,,20.7,2.0
UNI02940,2024,THE,,,6.8,9.0
UNI02942,2024,THE,,,26.6,1.0
UNI02678,2024,THE,,,29.4,1.0
UNI02945,2024,THE,,,18.8,0.0
UNI02947,2024,THE,,,21.9,6.0
UNI02680,2024,THE,,,42.9,1.0
UNI01349,2024,THE,,,17.1,0.0
UNI02949,2024,THE,,,7.7,3.0
UNI02681,2024,THE,,,4.8,4.0
UNI01458,2024,THE,,,20.3,1.0
UNI02952,2024,THE,,,10.6,3.0
UNI02954,2024,THE,,,33.0,1.0
UNI02956,2024,THE,,,12.0,44.0
UNI02958,2024,THE,,,37.2,33.0
UNI02683,2024,THE,,,39.6,0.0
UNI02685,2024,THE,,,16.0,0.0
UNI02686,2024,THE,,,11.0,5.0
UNI02962,2024,THE,,,16.6,4.0
UNI02964,2024,THE,,,44.6,0.0
UNI02966,2024,THE,,,36.3,0.0
UNI02967,2024,THE,,,25.9,0.0
UNI02688,2024,THE,,,7.4,97.0
UNI02970,2024,THE,,,22.3,0.0
UNI02690,2024,THE,,,25.6,0.0
UNI02971,2024,THE,,,6.2,15.0
UNI02972,2024,THE,,,25.5,0.0
UNI02974,2024,THE,,,16.4,4.0
UNI02976,2024,THE,,,70.6,2.0
UNI02693,2024,THE,,,10.2,15.0
UNI02978,2024,THE,,,4.2,86.0
UNI02694,2024,THE,,,20.3,0.0
UNI02981,2024,THE,,,8.9,2.0
UNI02695,2024,THE,,,15.0,8.0
UNI02983,2024,THE,,,46.5,0.0
UNI01260,2024,THE,,,14.4,4.0
UNI02986,2024,THE,,,10.8,1.0
UNI02703,2024,THE,,,23.5,2.0
UNI02988,2024,THE,,,10.5,7.0
UNI02705,2024,THE,,,21.7,2.0
UNI02991,2024,THE,,,17.5,2.0
UNI02993,2024,THE,,,3.9,12.0
UNI02697,2024,THE,,,11.8,36.0
UNI02698,2024,THE,,,16.9,2.0
UNI02699,2024,THE,,,15.0,45.0
UNI02701,2024,THE,,,7.7,63.0
UNI02704,2024,THE,,,18.1,40.0
UNI02707,2024,THE,,,17.7,11.0
UNI03000,2024,THE,,,17.3,22.0
UNI02709,2024,THE,,,19.5,73.0
UNI01264,2024,THE,,,22.0,5.0
UNI03003,2024,THE,,,43.7,0.0
UNI03005,2024,THE,,,11.5,0.0
UNI02711,2024,THE,,,13.8,0.0
UNI02712,2024,THE,,,16.6,0.0
UNI03007,2024,THE,,,34.7,0.0
UNI02717,2024,THE,,,21.5,0.0
UNI02714,2024,THE,,,27.8,8.0
UNI02722,2024,THE,,,21.4,0.0
UNI02715,2024,THE,,,17.4,7.0
UNI03012,2024,THE,,,27.6,0.0
UNI03014,2024,THE,,,14.9,0.0
UNI02719,2024,THE,,,12.4,1.0
UNI03017,2024,THE,,,13.3,0.0
UNI03019,2024,THE,,,7.2,0.0
UNI02720,2024,THE,,,15.0,0.0
UNI03022,2024,THE,,,14.4,3.0
UNI00916,2024,THE,,,21.0,24.0
UNI02723,2024,THE,,,12.8,1.0
UNI03024,2024,THE,,,11.6,15.0
UNI03026,2024,THE,,,7.2,48.0
UNI02724,2024,THE,,,22.0,1.0
UNI03027,2024,THE,,,42.4,0.0
UNI02726,2024,THE,,,10.2,0.0
UNI03029,2024,THE,,,12.8,0.0
UNI03031,2024,THE,,,7.6,0.0
UNI03033,2024,THE,,,11.7,0.0
UNI03034,2024,THE,,,15.1,0.0
UNI03035,2024,THE,,,9.8,0.0
UNI03036,2024,THE,,,16.4,0.0
UNI03038,2024,THE,,,12.0,0.0
UNI03039,2024,THE,,,8.5,0.0
UNI03041,2024,THE,,,13.4,0.0
UNI03042,2024,THE,,,6.5,0.0
UNI03043,2024,THE,,,15.1,0.0
UNI03045,2024,THE,,,14.3,0.0
UNI03047,2024,THE,,,10.1,0.0
UNI03049,2024,THE,,,17.4,0.0
UNI03051,2024,THE,,,10.6,
UNI02728,2024,THE,,,10.3,0.0
UNI03053,2024,THE,,,15.1,0.0
UNI03055,2024,THE,,,17.6,0.0
UNI03056,2024,THE,,,8.8,0.0
UNI03057,2024,THE,,,14.1,0.0
UNI03058,2024,THE,,,17.3,0.0
UNI03060,2024,THE,,,36.4,4.0
UNI02730,2024,THE,,,15.4,0.0
UNI03063,2024,THE,,,9.9,0.0
UNI02731,2024,THE,,,11.6,34.0
UNI02732,2024,THE,,,55.1,1.0
UNI02733,2024,THE,,,13.0,2.0
UNI03068,2024,THE,,,9.6,0.0
UNI02725,2024,THE,,,33.3,0.0
UNI03071,2024,THE,,,19.6,0.0
UNI03073,2024,THE,,,14.2,1.0
UNI03075,2024,THE,,,9.4,0.0
UNI03076,2024,THE,,,21.4,0.0
UNI03078,2024,THE,,,19.6,10.0
UNI03080,2024,THE,,,21.6,2.0
UNI03081,2024,THE,,,16.0,0.0
UNI03083,2024,THE,,,7.5,0.0
UNI03085,2024,THE,,,1.6,73.0
UNI03087,2024,THE,,,8.4,7.0
UNI03089,2024,THE,,,19.5,54.0
UNI03091,2024,THE,,,3.9,15.0
UNI02736,2024,THE,,,7.7,0.0
UNI02739,2024,THE,,,16.6,13.0
UNI02741,2024,THE,,,21.5,0.0
UNI02742,2024,THE,,,16.1,32.0
UNI02430,2024,THE,,,13.9,0.0
UNI02743,2024,THE,,,40.0,0.0
UNI02745,2024,THE,,,25.7,0.0
UNI02746,2024,THE,,,19.2,0.0
UNI03099,2024,THE,,,15.8,2.0
UNI02751,2024,THE,,,25.1,0.0
UNI03101,2024,THE,,,20.0,1.0
UNI03102,2024,THE,,,8.4,2.0
UNI03104,2024,THE,,,18.3,0.0
UNI02747,2024,THE,,,10.7,0.0
UNI02748,2024,THE,,,107.3,0.0
UNI03108,2024,THE,,,11.2,11.0
UNI03110,2024,THE,,,8.3,2.0
UNI01093,2024,THE,,,9.9,11.0
UNI03112,2024,THE,,,15.4,0.0
UNI03113,2024,THE,,,63.0,0.0
UNI03115,2024,THE,,,9.9,0.0
UNI02749,2024,THE,,,16.7,2.0
UNI03118,2024,THE,,,29.5,0.0
UNI02750,2024,THE,,,18.7,0.0
UNI02752,2024,THE,,,15.6,41.0
UNI03120,2024,THE,,,8.3,24.0
UNI03121,2024,THE,,,68.8,0.0
UNI02753,2024,THE,,,56.3,0.0
UNI02754,2024,THE,,,36.0,0.0
UNI02756,2024,THE,,,0.5,29.0
UNI03124,2024,THE,,,13.5,5.0
UNI02758,2024,THE,,,5.0,35.0
UNI02760,2024,THE,,,26.1,3.0
UNI03128,2024,THE,,,12.7,90.0
UNI03130,2024,THE,,,27.8,0.0
UNI03132,2024,THE,,,20.2,3.0
UNI03134,2024,THE,,,23.7,17.0
UNI03135,2024,THE,,,44.2,1.0
UNI03137,2024,THE,,,24.2,19.0
UNI03139,2024,THE,,,34.2,7.0
UNI03140,2024,THE,,,25.0,6.0
UNI01097,2024,THE,,,13.1,10.0
UNI02763,2024,THE,,,18.0,11.0
UNI02765,2024,THE,,,7.5,1.0
UNI03143,2024,THE,,,6.4,1.0
UNI02767,2024,THE,,,7.5,8.0
UNI03146,2024,THE,,,13.2,0.0
UNI03147,2024,THE,,,26.6,0.0
UNI03149,2024,THE,,,16.4,0.0
UNI03151,2024,THE,,,14.2,0.0
UNI03153,2024,THE,,,12.0,0.0
UNI02768,2024,THE,,,139.0,12.0
UNI03156,2024,THE,,,17.6,0.0
UNI03158,2024,THE,,,15.1,1.0
UNI02770,2024,THE,,,22.2,1.0
UNI02772,2024,THE,,,25.9,0.0
UNI00550,2024,THE,,,16.0,13.0
UNI03162,2024,THE,,,54.0,0.0
UNI03164,2024,THE,,,22.0,0.0
UNI03165,2024,THE,,,20.1,0.0
UNI03166,2024,THE,,,15.0,0.0
UNI03167,2024,THE,,,17.8,0.0
UNI03168,2024,THE,,,13.6,0.0
UNI02774,2024,THE,,,20.1,3.0
UNI01434,2024,THE,,,14.8,1.0
UNI02776,2024,THE,,,10.2,2.0
UNI03169,2024,THE,,,29.6,0.0
UNI03170,2024,THE,,,25.9,0.0
UNI02778,2024,THE,,,19.1,0.0
UNI02780,2024,THE,,,21.1,0.0
UNI03171,2024,THE,,,44.2,0.0
UNI03172,2024,THE,,,11.9,13.0
UNI03173,2024,THE,,,31.6,0.0
UNI02781,2024,THE,,,34.7,0.0
UNI03174,2024,THE,,,14.4,0.0
UNI03175,2024,THE,,,17.1,33.0
UNI02782,2024,THE,,,2.8,36.0
UNI03176,2024,THE,,,25.8,2.0
UNI03177,2024,THE,,,14.8,96.0
UNI01102,2024,THE,,,12.1,13.0
UNI03178,2024,THE,,,32.7,1.0
UNI03179,2024,THE,,,17.7,0.0
UNI03180,2024,THE,,,14.9,1.0
UNI02783,2024,THE,,,31.3,4.0
UNI03181,2024,THE,,,9.2,0.0
UNI03182,2024,THE,,,17.4,69.0
UNI02785,2024,THE,,,40.7,2.0
UNI02787,2024,THE,,,13.0,4.0
UNI03183,2024,THE,,,13.6,1.0
UNI02790,2024,THE,,,10.2,1.0
UNI02792,2024,THE,,,45.0,1.0
UNI01024,2024,THE,,,8.4,70.0
UNI03184,2024,THE,,,14.3,0.0
UNI02794,2024,THE,,,19.6,18.0
UNI02796,2024,THE,,,37.7,1.0
UNI03185,2024,THE,,,21.3,10.0
UNI02799,2024,THE,,,39.0,13.0
UNI03186,2024,THE,,,26.0,11.0
UNI03187,2024,THE,,,15.3,14.0
UNI02800,2024,THE,,,18.1,1.0
UNI03188,2024,THE,,,18.9,6.0
UNI03189,2024,THE,,,17.3,3.0
UNI02803,2024,THE,,,15.3,-0.0
UNI03190,2024,THE,,,19.8,17.0
UNI02805,2024,THE,,,7.3,41.0
UNI03191,2024,THE,,,27.9,56.0
UNI02807,2024,THE,,,13.2,0.0
UNI03192,2024,THE,,,16.6,1.0
UNI03193,2024,THE,,,18.5,0.0
UNI03194,2024,THE,,,27.5,0.0
UNI03195,2024,THE,,,13.8,0.0
UNI03196,2024,THE,,,40.0,0.0
UNI03197,2024,THE,,,19.7,14.0
UNI03198,2024,THE,,,39.1,0.0
UNI02818,2024,THE,,,24.0,4.0
UNI02809,2024,THE,,,7.6,0.0
UNI00938,2024,THE,,,9.1,7.0
UNI02811,2024,THE,,,13.6,1.0
UNI03199,2024,THE,,,28.7,2.0
UNI03200,2024,THE,,,26.3,0.0
UNI01109,2024,THE,,,27.6,2.0
UNI02813,2024,THE,,,16.1,3.0
UNI03201,2024,THE,,,18.6,2.0
UNI03202,2024,THE,,,2.9,0.0
UNI03203,2024,THE,,,24.1,3.0
UNI03204,2024,THE,,,26.0,5.0
UNI02816,2024,THE,,,7.4,0.0
UNI03205,2024,THE,,,14.6,10.0
UNI03206,2024,THE,,,13.8,4.0
UNI02820,2024,THE,,,12.3,6.0
UNI01288,2024,THE,,,15.5,0.0
UNI02822,2024,THE,,,20.2,0.0
UNI02823,2024,THE,,,15.4,3.0
UNI03207,2024,THE,,,17.3,13.0
UNI03208,2024,THE,,,8.0,67.0
UNI03209,2024,THE,,,9.1,0.0
UNI03210,2024,THE,,,13.7,2.0
UNI03211,2024,THE,,,18.3,0.0
UNI02826,2024,THE,,,23.7,0.0
UNI02828,2024,THE,,,14.6,5.0
UNI03212,2024,THE,,,16.0,0.0
UNI02843,2024,THE,,,16.4,1.0
UNI02830,2024,THE,,,34.7,3.0
UNI02832,2024,THE,,,16.2,8.0
UNI03213,2024,THE,,,24.5,0.0
UNI02834,2024,THE,,,9.1,5.0
UNI03214,2024,THE,,,40.0,1.0
UNI03215,2024,THE,,,23.3,1.0
UNI02836,2024,THE,,,23.7,1.0
UNI02855,2024,THE,,,9.3,1.0
UNI03216,2024,THE,,,12.2,0.0
UNI03217,2024,THE,,,41.0,0.0
UNI03218,2024,THE,,,12.1,31.0
UNI03219,2024,THE,,,9.6,1.0
UNI03220,2024,THE,,,0.4,1.0
UNI03221,2024,THE,,,25.3,4.0
UNI02839,2024,THE,,,11.2,1.0
UNI02841,2024,THE,,,20.4,2.0
UNI03222,2024,THE,,,18.3,
UNI03223,2024,THE,,,8.5,4.0
UNI00941,2024,THE,,,15.0,11.0
UNI03224,2024,THE,,,21.4,2.0
UNI03225,2024,THE,,,15.3,0.0
UNI02845,2024,THE,,,12.9,0.0
UNI03226,2024,THE,,,21.6,0.0
UNI02847,2024,THE,,,18.9,1.0
UNI02848,2024,THE,,,13.7,2.0
UNI02850,2024,THE,,,15.9,12.0
UNI02852,2024,THE,,,20.9,11.0
UNI02853,2024,THE,,,23.7,9.0
UNI02857,2024,THE,,,12.4,1.0
UNI03227,2024,THE,,,10.0,4.0
UNI02859,2024,THE,,,19.4,0.0
UNI03228,2024,THE,,,5.7,41.0
UNI03229,2024,THE,,,14.3,0.0
UNI03230,2024,THE,,,20.2,17.0
UNI02861,2024,THE,,,17.2,14.0
UNI02863,2024,THE,,,18.5,22.0
UNI02865,2024,THE,,,2.1,28.0
UNI02867,2024,THE,,,19.1,0.0
UNI03231,2024,THE,,,6.8,40.0
UNI02868,2024,THE,,,20.2,91.0
UNI02869,2024,THE,,,1.7,57.0
UNI00976,2024,THE,,,25.5,50.0
UNI03232,2024,THE,,,12.3,0.0
UNI03233,2024,THE,,,15.6,1.0
UNI01469,2024,THE,,,31.8,0.0
UNI03234,2024,THE,,,19.5,0.0
UNI02887,2024,THE,,,38.8,0.0
UNI02871,2024,THE,,,12.4,0.0
UNI02872,2024,THE,,,12.5,0.0
UNI03235,2024,THE,,,9.0,30.0
UNI03236,2024,THE,,,30.6,0.0
UNI03237,2024,THE,,,32.3,1.0
UNI03238,2024,THE,,,22.8,2.0
UNI03239,2024,THE,,,24.8,0.0
UNI02873,2024,THE,,,24.2,13.0
UNI01495,2024,THE,,,24.0,0.0
UNI03240,2024,THE,,,6.3,12.0
UNI03241,2024,THE,,,182.0,0.0
UNI03242,2024,THE,,,25.9,0.0
UNI02877,2024,THE,,,16.9,2.0
UNI03243,2024,THE,,,8.3,14.0
UNI02878,2024,THE,,,17.8,16.0
UNI03244,2024,THE,,,23.9,0.0
UNI03245,2024,THE,,,20.2,27.0
UNI02880,2024,THE,,,40.7,0.0
UNI03246,2024,THE,,,10.6,0.0
UNI02883,2024,THE,,,19.9,0.0
UNI02885,2024,THE,,,17.6,5.0
UNI03247,2024,THE,,,8.9,0.0
UNI02889,2024,THE,,,11.5,0.0
UNI02890,2024,THE,,,31.1,0.0
UNI02891,2024,THE,,,20.5,20.0
UNI02892,2024,THE,,,33.9,0.0
UNI03248,2024,THE,,,33.6,0.0
UNI03249,2024,THE,,,16.1,14.0
UNI02894,2024,THE,,,17.0,1.0
UNI03250,2024,THE,,,10.8,9.0
UNI03251,2024,THE,,,6.4,9.0
UNI03252,2024,THE,,,20.3,6.0
UNI03253,2024,THE,,,8.9,14.0
UNI02896,2024,THE,,,15.2,0.0
UNI01388,2024,THE,,,29.4,1.0
UNI02897,2024,THE,,,24.8,0.0
UNI02899,2024,THE,,,44.5,1.0
UNI03254,2024,THE,,,28.5,8.0
UNI03255,2024,THE,,,49.6,0.0
UNI03256,2024,THE,,,9.8,2.0
UNI02901,2024,THE,,,16.8,1.0
UNI03257,2024,THE,,,5.0,1.0
UNI03258,2024,THE,,,6.3,0.0
UNI02903,2024,THE,,,32.1,10.0
UNI02904,2024,THE,,,7.9,20.0
UNI03259,2024,THE,,,27.8,0.0
UNI03260,2024,THE,,,15.9,0.0
UNI02906,2024,THE,,,20.9,0.0
UNI02907,2024,THE,,,14.1,0.0
UNI02908,2024,THE,,,25.8,0.0
UNI01427,2024,THE,,,13.0,2.0
UNI03261,2024,THE,,,13.2,13.0
UNI03262,2024,THE,,,13.2,2.0
UNI02913,2024,THE,,,24.0,3.0
UNI02914,2024,THE,,,7.3,41.0
UNI03263,2024,THE,,,10.1,0.0
UNI02916,2024,THE,,,18.6,1.0
UNI02917,2024,THE,,,9.8,0.0
UNI02919,2024,THE,,,7.3,2.0
UNI02920,2024,THE,,,32.4,2.0
UNI03264,2024,THE,,,12.5,0.0
UNI02921,2024,THE,,,18.2,10.0
UNI02923,2024,THE,,,15.1,5.0
UNI03265,2024,THE,,,18.8,0.0
UNI02924,2024,THE,,,10.2,3.0
UNI02925,2024,THE,,,16.1,2.0
UNI02926,2024,THE,,,8.7,9.0
UNI02928,2024,THE,,,26.4,0.0
UNI03266,2024,THE,,,14.6,3.0
UNI02929,2024,THE,,,19.8,10.0
UNI02930,2024,THE,,,23.4,0.0
UNI02932,2024,THE,,,17.7,4.0
UNI02933,2024,THE,,,17.3,1.0
UNI02935,2024,THE,,,16.0,1.0
UNI02937,2024,THE,,,14.6,0.0
UNI02939,2024,THE,,,8.1,1.0
UNI02941,2024,THE,,,17.6,32.0
UNI02943,2024,THE,,,10.4,0.0
UNI00983,2024,THE,,,11.5,2.0
UNI02944,2024,THE,,,30.9,0.0
UNI02946,2024,THE,,,15.6,12.0
UNI03267,2024,THE,,,33.2,0.0
UNI02948,2024,THE,,,3.2,55.0
UNI03268,2024,THE,,,8.3,18.0
UNI03269,2024,THE,,,60.0,1.0
UNI03270,2024,THE,,,9.5,0.0
UNI02950,2024,THE,,,11.9,4.0
UNI02895,2024,THE,,,9.8,1.0
UNI01128,2024,THE,,,7.2,3.0
UNI02951,2024,THE,,,14.1,0.0
UNI03271,2024,THE,,,60.6,0.0
UNI03272,2024,THE,,,20.3,11.0
UNI03273,2024,THE,,,1.6,88.0
UNI01031,2024,THE,,,9.1,0.0
UNI03274,2024,THE,,,29.2,1.0
UNI03275,2024,THE,,,13.2,0.0
UNI03276,2024,THE,,,10.4,20.0
UNI03277,2024,THE,,,14.9,13.0
UNI02953,2024,THE,,,6.7,3.0
UNI03278,2024,THE,,,28.8,0.0
UNI03116,2024,THE,,,10.6,31.0
UNI02955,2024,THE,,,12.5,1.0
UNI03279,2024,THE,,,12.8,0.0
UNI01182,2024,THE,,,9.1,2.0
UNI03114,2024,THE,,,13.9,1.0
UNI02957,2024,THE,,,16.6,2.0
UNI02959,2024,THE,,,18.8,4.0
UNI03280,2024,THE,,,14.9,1.0
UNI02960,2024,THE,,,67.8,2.0
UNI03281,2024,THE,,,77.9,12.0
UNI02961,2024,THE,,,14.5,3.0
UNI02963,2024,THE,,,20.5,22.0
UNI03282,2024,THE,,,16.4,64.0
UNI03283,2024,THE,,,35.0,0.0
UNI03284,2024,THE,,,10.2,10.0
UNI02965,2024,THE,,,29.1,1.0
UNI02968,2024,THE,,,16.4,33.0
UNI03285,2024,THE,,,11.4,0.0
UNI03286,2024,THE,,,10.1,9.0
UNI02969,2024,THE,,,22.4,2.0
UNI03287,2024,THE,,,17.8,7.0
UNI03288,2024,THE,,,4.4,7.0
UNI03289,2024,THE,,,28.1,0.0
UNI02973,2024,THE,,,19.3,2.0
UNI02975,2024,THE,,,11.9,2.0
UNI03290,2024,THE,,,41.3,1.0
UNI03291,2024,THE,,,20.3,0.0
UNI00670,2024,THE,,,11.7,17.0
UNI02977,2024,THE,,,50.9,0.0
UNI03292,2024,THE,,,7.2,5.0
UNI03293,2024,THE,,,18.7,13.0
UNI03294,2024,THE,,,32.8,0.0
UNI02979,2024,THE,,,8.1,0.0
UNI03295,2024,THE,,,10.6,0.0
UNI03296,2024,THE,,,9.2,1.0
UNI02980,2024,THE,,,21.8,30.0
UNI03297,2024,THE,,,12.2,0.0
UNI02982,2024,THE,,,18.2,0.0
UNI03298,2024,THE,,,22.7,1.0
UNI02984,2024,THE,,,9.1,1.0
UNI02985,2024,THE,,,34.6,34.0
UNI00898,2024,THE,,,25.8,47.0
UNI02987,2024,THE,,,15.8,20.0
UNI03299,2024,THE,,,24.8,3.0
UNI02989,2024,THE,,,20.7,13.0
UNI02990,2024,THE,,,16.7,33.0
UNI03300,2024,THE,,,333.3,100.0
UNI02992,2024,THE,,,20.4,80.0
UNI02994,2024,THE,,,10.9,38.0
UNI03301,2024,THE,,,4.4,20.0
UNI02996,2024,THE,,,10.3,58.0
UNI02995,2024,THE,,,9.8,49.0
UNI02997,2024,THE,,,11.0,33.0
UNI03302,2024,THE,,,13.3,5.0
UNI03303,2024,THE,,,34.5,5.0
UNI03304,2024,THE,,,9.4,15.0
UNI02998,2024,THE,,,49.5,1.0
UNI03305,2024,THE,,,19.5,0.0
UNI03306,2024,THE,,,12.8,10.0
UNI03307,2024,THE,,,11.9,14.0
UNI03308,2024,THE,,,21.1,0.0
UNI02999,2024,THE,,,20.6,1.0
UNI03001,2024,THE,,,11.7,1.0
UNI03309,2024,THE,,,9.4,11.0
UNI03002,2024,THE,,,16.7,0.0
UNI03004,2024,THE,,,14.7,0.0
UNI03023,2024,THE,,,9.9,2.0
UNI03310,2024,THE,,,21.2,4.0
UNI01377,2024,THE,,,35.4,1.0
UNI03006,2024,THE,,,18.2,1.0
UNI03311,2024,THE,,,19.3,1.0
UNI03312,2024,THE,,,22.4,1.0
UNI03313,2024,THE,,,25.0,2.0
UNI03008,2024,THE,,,41.2,0.0
UNI03009,2024,THE,,,21.7,7.0
UNI03010,2024,THE,,,13.6,61.0
UNI03011,2024,THE,,,28.3,0.0
UNI03314,2024,THE,,,10.0,5.0
UNI03013,2024,THE,,,6.8,2.0
UNI03315,2024,THE,,,14.4,8.0
UNI03015,2024,THE,,,21.9,3.0
UNI03316,2024,THE,,,21.9,0.0
UNI03317,2024,THE,,,37.0,0.0
UNI03016,2024,THE,,,26.9,0.0
UNI03318,2024,THE,,,3.4,0.0
UNI03018,2024,THE,,,12.7,2.0
UNI03020,2024,THE,,,14.0,2.0
UNI03021,2024,THE,,,30.2,8.0
UNI03025,2024,THE,,,20.0,5.0
UNI03319,2024,THE,,,18.1,0.0
UNI03320,2024,THE,,,21.0,1.0
UNI03321,2024,THE,,,26.8,0.0
UNI03028,2024,THE,,,17.5,0.0
UNI03322,2024,THE,,,8.8,21.0
UNI03323,2024,THE,,,28.5,2.0
UNI03030,2024,THE,,,17.4,34.0
UNI01445,2024,THE,,,34.6,4.0
UNI03032,2024,THE,,,13.6,4.0
UNI03324,2024,THE,,,19.4,0.0
UNI03325,2024,THE,,,19.4,0.0
UNI03326,2024,THE,,,34.5,0.0
UNI03037,2024,THE,,,8.7,1.0
UNI03040,2024,THE,,,56.8,0.0
UNI03044,2024,THE,,,13.0,1.0
UNI03327,2024,THE,,,6.8,7.0
UNI03328,2024,THE,,,8.7,2.0
UNI03046,2024,THE,,,23.5,48.0
UNI03048,2024,THE,,,15.8,23.0
UNI03050,2024,THE,,,24.8,18.0
UNI03052,2024,THE,,,15.1,14.0
UNI03329,2024,THE,,,28.1,
UNI03054,2024,THE,,,28.3,1.0
UNI03330,2024,THE,,,15.4,0.0
UNI03331,2024,THE,,,22.7,0.0
UNI03332,2024,THE,,,11.6,0.0
UNI03059,2024,THE,,,22.9,1.0
UNI03061,2024,THE,,,19.9,3.0
UNI03333,2024,THE,,,12.7,13.0
UNI03062,2024,THE,,,33.4,11.0
UNI03334,2024,THE,,,32.0,0.0
UNI03064,2024,THE,,,26.1,0.0
UNI03065,2024,THE,,,22.7,1.0
UNI03335,2024,THE,,,17.1,0.0
UNI03066,2024,THE,,,22.7,1.0
UNI03067,2024,THE,,,19.4,0.0
UNI03069,2024,THE,,,7.4,5.0
UNI03070,2024,THE,,,9.8,2.0
UNI03072,2024,THE,,,10.1,1.0
UNI03074,2024,THE,,,13.4,12.0
UNI03077,2024,THE,,,8.9,3.0
UNI03336,2024,THE,,,21.0,3.0
UNI03079,2024,THE,,,10.8,1.0
UNI03082,2024,THE,,,14.8,1.0
UNI03337,2024,THE,,,22.2,1.0
UNI03084,2024,THE,,,12.6,0.0
UNI03086,2024,THE,,,24.1,0.0
UNI03088,2024,THE,,,11.5,0.0
UNI03338,2024,THE,,,3.0,0.0
UNI03090,2024,THE,,,19.4,3.0
UNI03339,2024,THE,,,10.3,0.0
UNI03340,2024,THE,,,14.7,0.0
UNI03341,2024,THE,,,11.6,2.0
UNI03342,2024,THE,,,37.2,0.0
UNI03343,2024,THE,,,29.7,1.0
UNI01479,2024,THE,,,21.8,0.0
UNI03344,2024,THE,,,117.8,4.0
UNI03345,2024,THE,,,14.5,2.0
UNI03092,2024,THE,,,24.8,0.0
UNI03346,2024,THE,,,11.9,0.0
UNI03347,2024,THE,,,19.7,1.0
UNI03348,2024,THE,,,6.7,7.0
UNI03093,2024,THE,,,22.3,0.0
UNI03094,2024,THE,,,32.0,0.0
UNI03117,2024,THE,,,9.7,0.0
UNI03095,2024,THE,,,23.4,6.0
UNI03096,2024,THE,,,26.2,1.0
UNI03097,2024,THE,,,41.7,0.0
UNI03349,2024,THE,,,17.4,0.0
UNI03350,2024,THE,,,31.0,12.0
UNI03351,2024,THE,,,15.9,0.0
UNI03352,2024,THE,,,2.9,0.0
UNI03098,2024,THE,,,13.6,0.0
UNI03353,2024,THE,,,13.0,0.0
UNI03354,2024,THE,,,19.0,0.0
UNI03355,2024,THE,,,36.7,0.0
UNI03100,2024,THE,,,16.6,10.0
UNI03356,2024,THE,,,27.3,4.0
UNI03357,2024,THE,,,20.5,6.0
UNI01338,2024,THE,,,14.1,2.0
UNI03103,2024,THE,,,9.6,34.0
UNI03358,2024,THE,,,19.8,2.0
UNI03359,2024,THE,,,9.2,2.0
UNI03105,2024,THE,,,39.7,1.0
UNI03360,2024,THE,,,9.9,0.0
UNI03361,2024,THE,,,13.1,0.0
UNI03362,2024,THE,,,8.5,10.0
UNI03106,2024,THE,,,23.9,0.0
UNI03107,2024,THE,,,12.6,3.0
UNI03363,2024,THE,,,12.8,24.0
UNI03109,2024,THE,,,47.0,0.0
UNI03364,2024,THE,,,18.2,17.0
UNI03365,2024,THE,,,16.6,8.0
UNI03366,2024,THE,,,19.7,0.0
UNI03111,2024,THE,,,10.6,0.0
UNI01341,2024,THE,,,21.9,1.0
UNI03367,2024,THE,,,22.9,11.0
UNI03368,2024,THE,,,8.7,8.0
UNI03369,2024,THE,,,14.2,10.0
UNI03119,2024,THE,,,20.3,4.0
UNI03370,2024,THE,,,21.9,0.0
UNI03122,2024,THE,,,18.7,1.0
UNI03371,2024,THE,,,13.2,2.0
UNI03372,2024,THE,,,20.6,0.0
UNI03373,2024,THE,,,29.7,0.0
UNI03123,2024,THE,,,22.0,1.0
UNI03125,2024,THE,,,16.4,1.0
UNI03126,2024,THE,,,19.7,0.0
UNI03127,2024,THE,,,13.0,35.0
UNI03374,2024,THE,,,15.3,0.0
UNI03129,2024,THE,,,15.9,3.0
UNI03131,2024,THE,,,9.0,44.0
UNI03133,2024,THE,,,18.5,1.0
UNI03375,2024,THE,,,9.5,0.0
UNI03136,2024,THE,,,16.6,0.0
UNI03376,2024,THE,,,19.7,0.0
UNI03377,2024,THE,,,5.9,32.0
UNI03138,2024,THE,,,23.6,32.0
UNI03378,2024,THE,,,16.7,0.0
UNI03379,2024,THE,,,20.7,0.0
UNI03380,2024,THE,,,12.8,85.0
UNI03141,2024,THE,,,10.1,6.0
UNI03142,2024,THE,,,21.0,3.0
UNI01016,2024,THE,,,18.3,5.0
UNI03144,2024,THE,,,31.3,32.0
UNI03381,2024,THE,,,26.5,1.0
UNI03382,2024,THE,,,38.0,0.0
UNI03145,2024,THE,,,17.2,14.0
UNI03383,2024,THE,,,20.8,0.0
UNI03148,2024,THE,,,27.2,8.0
UNI03150,2024,THE,,,25.5,19.0
UNI03152,2024,THE,,,7.5,9.0
UNI03154,2024,THE,,,6.4,49.0
UNI03155,2024,THE,,,11.4,1.0
UNI03157,2024,THE,,,16.2,2.0
UNI03384,2024,THE,,,15.7,10.0
UNI03385,2024,THE,,,11.7,2.0
UNI03159,2024,THE,,,18.4,13.0
UNI03160,2024,THE,,,26.2,0.0
UNI03386,2024,THE,,,17.0,35.0
UNI03387,2024,THE,,,18.2,0.0
UNI03161,2024,THE,,,16.1,1.0
UNI03388,2024,THE,,,28.5,0.0
UNI03163,2024,THE,,,9.2,0.0
UNI00002,2023,WUR,,,10.6,42.0
UNI00004,2023,WUR,,,9.6,25.0
UNI00006,2023,WUR,,,11.3,39.0
UNI00005,2023,WUR,,,7.1,24.0
UNI00003,2023,WUR,,,8.2,33.0
UNI01499,2023,WUR,,,6.2,34.0
UNI00007,2023,WUR,,,8.0,23.0
UNI00010,2023,WUR,,,18.4,24.0
UNI00012,2023,WUR,,,5.9,21.0
UNI00008,2023,WUR,,,11.2,61.0
UNI00014,2023,WUR,,,4.5,38.0
UNI01500,2023,WUR,,,14.8,41.0
UNI01502,2023,WUR,,,6.0,36.0
UNI00016,2023,WUR,,,6.3,23.0
UNI00019,2023,WUR,,,4.7,29.0
UNI03389,2023,WUR,,,11.6,10.0
UNI03390,2023,WUR,,,10.3,19.0
UNI00022,2023,WUR,,,25.8,26.0
UNI03391,2023,WUR,,,19.8,25.0
UNI00017,2023,WUR,,,10.3,26.0
UNI01504,2023,WUR,,,9.7,16.0
UNI00013,2023,WUR,,,10.3,60.0
UNI00026,2023,WUR,,,8.2,17.0
UNI01505,2023,WUR,,,9.8,42.0
UNI00029,2023,WUR,,,4.2,24.0
UNI00032,2023,WUR,,,13.2,20.0
UNI00030,2023,WUR,,,10.8,18.0
UNI00027,2023,WUR,,,12.9,47.0
UNI01506,2023,WUR,,,11.8,47.0
UNI03392,2023,WUR,,,40.6,36.0
UNI03393,2023,WUR,,,18.2,43.0
UNI01507,2023,WUR,,,11.3,28.0
UNI03394,2023,WUR,,,34.2,19.0
UNI01509,2023,WUR,,,23.8,47.0
UNI00041,2023,WUR,,,11.8,52.0
UNI00033,2023,WUR,,,15.1,25.0
UNI01511,2023,WUR,,,11.9,73.0
UNI00043,2023,WUR,,,24.7,40.0
UNI00035,2023,WUR,,,10.5,15.0
UNI00042,2023,WUR,,,18.9,34.0
UNI03395,2023,WUR,,,12.3,62.0
UNI03396,2023,WUR,,,36.5,18.0
UNI03397,2023,WUR,,,13.5,21.0
UNI00049,2023,WUR,,,42.5,41.0
UNI03398,2023,WUR,,,19.0,21.0
UNI03399,2023,WUR,,,12.5,30.0
UNI01513,2023,WUR,,,15.0,22.0
UNI00048,2023,WUR,,,17.4,22.0
UNI01517,2023,WUR,,,9.9,27.0
UNI00057,2023,WUR,,,17.4,10.0
UNI01515,2023,WUR,,,11.9,9.0
UNI01514,2023,WUR,,,11.5,8.0
UNI03400,2023,WUR,,,34.2,41.0
UNI03401,2023,WUR,,,14.2,44.0
UNI00024,2023,WUR,,,19.0,45.0
UNI00047,2023,WUR,,,15.1,10.0
UNI00064,2023,WUR,,,7.8,24.0
UNI03402,2023,WUR,,,21.0,32.0
UNI00067,2023,WUR,,,18.6,27.0
UNI00060,2023,WUR,,,14.5,32.0
UNI00070,2023,WUR,,,10.1,21.0
UNI01522,2023,WUR,,,14.6,51.0
UNI00066,2023,WUR,,,13.1,18.0
UNI01523,2023,WUR,,,28.5,20.0
UNI00073,2023,WUR,,,12.6,22.0
UNI00075,2023,WUR,,,17.1,13.0
UNI03403,2023,WUR,,,12.0,16.0
UNI00054,2023,WUR,,,9.2,12.0
UNI00079,2023,WUR,,,7.9,8.0
UNI00055,2023,WUR,,,16.1,31.0
UNI00082,2023,WUR,,,10.8,31.0
UNI03404,2023,WUR,,,36.3,40.0
UNI01526,2023,WUR,,,18.0,21.0
UNI03405,2023,WUR,,,8.1,6.0
UNI03406,2023,WUR,,,24.4,28.0
UNI03407,2023,WUR,,,14.6,31.0
UNI03408,2023,WUR,,,19.3,20.0
UNI03409,2023,WUR,,,14.7,17.0
UNI03410,2023,WUR,,,28.9,30.0
UNI03411,2023,WUR,,,33.9,22.0
UNI00072,2023,WUR,,,10.0,14.0
UNI00095,2023,WUR,,,4.2,20.0
UNI03412,2023,WUR,,,13.5,41.0
UNI00092,2023,WUR,,,13.7,22.0
UNI03413,2023,WUR,,,29.0,20.0
UNI01533,2023,WUR,,,53.2,17.0
UNI03414,2023,WUR,,,27.5,13.0
UNI03415,2023,WUR,,,32.8,32.0
UNI01535,2023,WUR,,,47.5,17.0
UNI00068,2023,WUR,,,13.9,21.0
UNI01536,2023,WUR,,,41.9,23.0
UNI01529,2023,WUR,,,10.7,9.0
UNI00065,2023,WUR,,,14.9,19.0
UNI00109,2023,WUR,,,17.2,17.0
UNI00107,2023,WUR,,,16.9,28.0
UNI00045,2023,WUR,,,6.7,41.0
UNI01525,2023,WUR,,,16.5,8.0
UNI00108,2023,WUR,,,3.8,15.0
UNI03416,2023,WUR,,,12.1,62.0
UNI00104,2023,WUR,,,50.0,28.0
UNI00117,2023,WUR,,,10.9,30.0
UNI03417,2023,WUR,,,7.8,22.0
UNI01531,2023,WUR,,,12.0,10.0
UNI00121,2023,WUR,,,16.5,11.0
UNI03418,2023,WUR,,,13.1,44.0
UNI00125,2023,WUR,,,16.0,13.0
UNI00126,2023,WUR,,,35.6,12.0
UNI00098,2023,WUR,,,15.0,34.0
UNI00096,2023,WUR,,,13.7,39.0
UNI00130,2023,WUR,,,15.8,5.0
UNI03419,2023,WUR,,,20.8,22.0
UNI01539,2023,WUR,,,11.8,13.0
UNI01544,2023,WUR,,,37.2,17.0
UNI00119,2023,WUR,,,4.2,16.0
UNI03420,2023,WUR,,,17.0,19.0
UNI03421,2023,WUR,,,14.5,41.0
UNI00127,2023,WUR,,,13.5,10.0
UNI00129,2023,WUR,,,21.6,28.0
UNI00132,2023,WUR,,,26.0,14.0
UNI00099,2023,WUR,,,11.5,18.0
UNI00143,2023,WUR,,,19.8,16.0
UNI00145,2023,WUR,,,12.8,39.0
UNI00146,2023,WUR,,,7.8,15.0
UNI00148,2023,WUR,,,13.1,46.0
UNI00141,2023,WUR,,,42.9,29.0
UNI00136,2023,WUR,,,13.3,15.0
UNI01532,2023,WUR,,,16.9,20.0
UNI01547,2023,WUR,,,61.5,12.0
UNI00085,2023,WUR,,,14.6,36.0
UNI00118,2023,WUR,,,15.1,31.0
UNI00153,2023,WUR,,,32.2,17.0
UNI00083,2023,WUR,,,21.3,28.0
UNI03422,2023,WUR,,,35.1,31.0
UNI00156,2023,WUR,,,8.2,20.0
UNI00158,2023,WUR,,,10.2,23.0
UNI00159,2023,WUR,,,8.0,19.0
UNI01550,2023,WUR,,,15.9,29.0
UNI03423,2023,WUR,,,26.0,24.0
UNI01551,2023,WUR,,,22.1,32.0
UNI03424,2023,WUR,,,15.1,29.0
UNI03425,2023,WUR,,,17.6,13.0
UNI03426,2023,WUR,,,40.7,10.0
UNI00167,2023,WUR,,,14.4,28.0
UNI01553,2023,WUR,,,5.5,11.0
UNI00163,2023,WUR,,,18.6,56.0
UNI00170,2023,WUR,,,30.4,16.0
UNI00139,2023,WUR,,,9.2,28.0
UNI00161,2023,WUR,,,16.0,8.0
UNI01554,2023,WUR,,,26.2,13.0
UNI00124,2023,WUR,,,15.3,17.0
UNI00154,2023,WUR,,,16.1,8.0
UNI01545,2023,WUR,,,14.0,16.0
UNI00175,2023,WUR,,,10.0,16.0
UNI00155,2023,WUR,,,7.7,36.0
UNI00084,2023,WUR,,,16.4,20.0
UNI03427,2023,WUR,,,19.6,17.0
UNI01549,2023,WUR,,,48.1,27.0
UNI01561,2023,WUR,,,30.8,16.0
UNI01562,2023,WUR,,,9.0,13.0
UNI03428,2023,WUR,,,12.8,15.0
UNI03429,2023,WUR,,,24.4,12.0
UNI03430,2023,WUR,,,21.0,28.0
UNI00184,2023,WUR,,,14.1,34.0
UNI03431,2023,WUR,,,10.0,3.0
UNI03432,2023,WUR,,,8.8,1.0
UNI00144,2023,WUR,,,6.9,26.0
UNI01564,2023,WUR,,,14.1,27.0
UNI00190,2023,WUR,,,14.6,36.0
UNI01566,2023,WUR,,,12.6,13.0
UNI01565,2023,WUR,,,36.0,20.0
UNI03433,2023,WUR,,,19.4,18.0
UNI01563,2023,WUR,,,15.2,6.0
UNI03434,2023,WUR,,,13.6,9.0
UNI00152,2023,WUR,,,69.0,27.0
UNI01560,2023,WUR,,,16.2,4.0
UNI03435,2023,WUR,,,14.2,36.0
UNI00138,2023,WUR,,,20.7,7.0
UNI01571,2023,WUR,,,58.2,13.0
UNI01558,2023,WUR,,,17.0,9.0
UNI00137,2023,WUR,,,21.3,8.0
UNI01556,2023,WUR,,,15.8,11.0
UNI01573,2023,WUR,,,12.7,16.0
UNI01568,2023,WUR,,,7.6,13.0
UNI03436,2023,WUR,,,25.4,7.0
UNI01574,2023,WUR,,,22.4,13.0
UNI03437,2023,WUR,,,14.3,28.0
UNI03438,2023,WUR,,,11.4,11.0
UNI01576,2023,WUR,,,20.6,14.0
UNI00140,2023,WUR,,,21.6,20.0
UNI01546,2023,WUR,,,13.2,14.0
UNI00211,2023,WUR,,,16.2,44.0
UNI00213,2023,WUR,,,22.6,14.0
UNI01579,2023,WUR,,,8.4,33.0
UNI00216,2023,WUR,,,10.8,16.0
UNI01578,2023,WUR,,,43.4,13.0
UNI01555,2023,WUR,,,15.8,6.0
UNI00089,2023,WUR,,,14.1,35.0
UNI03439,2023,WUR,,,15.8,39.0
UNI00191,2023,WUR,,,16.4,32.0
UNI00128,2023,WUR,,,19.7,21.0
UNI00225,2023,WUR,,,12.8,10.0
UNI00228,2023,WUR,,,66.6,7.0
UNI00202,2023,WUR,,,18.7,21.0
UNI03440,2023,WUR,,,20.8,31.0
UNI00231,2023,WUR,,,18.3,27.0
UNI03441,2023,WUR,,,13.3,25.0
UNI00149,2023,WUR,,,21.0,24.0
UNI00150,2023,WUR,,,8.7,40.0
UNI00235,2023,WUR,,,12.9,15.0
UNI00208,2023,WUR,,,10.7,12.0
UNI00237,2023,WUR,,,39.7,14.0
UNI03442,2023,WUR,,,19.0,18.0
UNI00200,2023,WUR,,,8.6,10.0
UNI01583,2023,WUR,,,24.2,12.0
UNI03443,2023,WUR,,,15.8,27.0
UNI00212,2023,WUR,,,49.3,31.0
UNI00246,2023,WUR,,,19.3,51.0
UNI03444,2023,WUR,,,15.4,39.0
UNI03445,2023,WUR,,,38.1,91.0
UNI01585,2023,WUR,,,12.9,43.0
UNI01586,2023,WUR,,,29.5,18.0
UNI00222,2023,WUR,,,10.9,13.0
UNI01587,2023,WUR,,,29.3,8.0
UNI01588,2023,WUR,,,39.6,14.0
UNI00195,2023,WUR,,,8.8,35.0
UNI03446,2023,WUR,,,37.9,17.0
UNI03447,2023,WUR,,,24.2,70.0
UNI00256,2023,WUR,,,10.9,17.0
UNI01590,2023,WUR,,,13.2,20.0
UNI03448,2023,WUR,,,14.0,19.0
UNI01591,2023,WUR,,,15.9,4.0
UNI00157,2023,WUR,,,28.2,10.0
UNI03449,2023,WUR,,,12.2,34.0
UNI00262,2023,WUR,,,18.6,13.0
UNI00112,2023,WUR,,,12.3,47.0
UNI00265,2023,WUR,,,16.9,36.0
UNI00249,2023,WUR,,,17.4,37.0
UNI01593,2023,WUR,,,12.5,66.0
UNI03450,2023,WUR,,,12.0,13.0
UNI00243,2023,WUR,,,23.0,7.0
UNI00134,2023,WUR,,,12.4,14.0
UNI00194,2023,WUR,,,21.3,31.0
UNI01596,2023,WUR,,,15.1,5.0
UNI01598,2023,WUR,,,33.6,23.0
UNI00133,2023,WUR,,,23.2,23.0
UNI03451,2023,WUR,,,29.5,22.0
UNI00277,2023,WUR,,,40.3,22.0
UNI00183,2023,WUR,,,29.1,27.0
UNI00227,2023,WUR,,,14.7,14.0
UNI03452,2023,WUR,,,17.3,49.0
UNI00282,2023,WUR,,,39.1,15.0
UNI00171,2023,WUR,,,15.4,34.0
UNI01570,2023,WUR,,,14.3,10.0
UNI00286,2023,WUR,,,10.9,39.0
UNI00287,2023,WUR,,,14.5,12.0
UNI00291,2023,WUR,,,18.6,21.0
UNI01600,2023,WUR,,,20.3,17.0
UNI00290,2023,WUR,,,18.6,14.0
UNI00294,2023,WUR,,,35.5,26.0
UNI00151,2023,WUR,,,13.8,19.0
UNI01602,2023,WUR,,,15.5,9.0
UNI01604,2023,WUR,,,27.7,24.0
UNI00261,2023,WUR,,,33.9,25.0
UNI03453,2023,WUR,,,43.7,19.0
UNI03454,2023,WUR,,,32.8,12.0
UNI00215,2023,WUR,,,10.0,37.0
UNI01582,2023,WUR,,,12.7,14.0
UNI03455,2023,WUR,,,32.9,17.0
UNI00241,2023,WUR,,,10.7,11.0
UNI01609,2023,WUR,,,11.3,5.0
UNI01584,2023,WUR,,,11.3,19.0
UNI00244,2023,WUR,,,8.8,1.0
UNI01606,2023,WUR,,,25.5,12.0
UNI01610,2023,WUR,,,22.7,9.0
UNI00230,2023,WUR,,,10.6,14.0
UNI03456,2023,WUR,,,17.7,27.0
UNI03457,2023,WUR,,,27.4,33.0
UNI00306,2023,WUR,,,16.9,15.0
UNI00302,2023,WUR,,,14.4,15.0
UNI00313,2023,WUR,,,14.7,27.0
UNI01614,2023,WUR,,,1.0,3.0
UNI00093,2023,WUR,,,10.5,10.0
UNI01617,2023,WUR,,,34.9,10.0
UNI03458,2023,WUR,,,26.2,17.0
UNI00318,2023,WUR,,,48.5,15.0
UNI00320,2023,WUR,,,20.8,13.0
UNI00321,2023,WUR,,,19.2,55.0
UNI03459,2023,WUR,,,27.5,31.0
UNI01620,2023,WUR,,,10.2,14.0
UNI03460,2023,WUR,,,25.9,8.0
UNI01595,2023,WUR,,,15.1,5.0
UNI00328,2023,WUR,,,15.4,22.0
UNI03461,2023,WUR,,,29.9,20.0
UNI01575,2023,WUR,,,10.8,12.0
UNI00204,2023,WUR,,,14.7,37.0
UNI03462,2023,WUR,,,10.9,17.0
UNI00278,2023,WUR,,,13.6,8.0
UNI03463,2023,WUR,,,18.5,14.0
UNI03464,2023,WUR,,,23.6,7.0
UNI00232,2023,WUR,,,18.1,60.0
UNI00338,2023,WUR,,,17.4,13.0
UNI03465,2023,WUR,,,10.2,32.0
UNI01626,2023,WUR,,,27.8,46.0
UNI01628,2023,WUR,,,13.2,12.0
UNI03466,2023,WUR,,,22.4,13.0
UNI00289,2023,WUR,,,13.1,28.0
UNI01631,2023,WUR,,,10.8,14.0
UNI01629,2023,WUR,,,18.0,15.0
UNI01632,2023,WUR,,,20.1,10.0
UNI01633,2023,WUR,,,3.8,8.0
UNI03467,2023,WUR,,,14.8,28.0
UNI00345,2023,WUR,,,12.5,14.0
UNI00205,2023,WUR,,,8.6,11.0
UNI01635,2023,WUR,,,15.3,40.0
UNI00349,2023,WUR,,,27.9,36.0
UNI00296,2023,WUR,,,24.0,7.0
UNI00325,2023,WUR,,,26.1,20.0
UNI00353,2023,WUR,,,18.1,12.0
UNI00355,2023,WUR,,,31.1,14.0
UNI00247,2023,WUR,,,11.1,8.0
UNI00304,2023,WUR,,,30.3,12.0
UNI00310,2023,WUR,,,21.2,7.0
UNI00359,2023,WUR,,,29.2,5.0
UNI01639,2023,WUR,,,20.1,15.0
UNI00197,2023,WUR,,,12.8,12.0
UNI01613,2023,WUR,,,11.3,5.0
UNI00234,2023,WUR,,,19.7,19.0
UNI03468,2023,WUR,,,19.8,7.0
UNI03469,2023,WUR,,,25.4,18.0
UNI03470,2023,WUR,,,22.9,8.0
UNI00164,2023,WUR,,,23.6,34.0
UNI01641,2023,WUR,,,12.2,34.0
UNI01642,2023,WUR,,,7.4,7.0
UNI03471,2023,WUR,,,32.9,21.0
UNI00372,2023,WUR,,,26.0,18.0
UNI01621,2023,WUR,,,10.6,22.0
UNI01622,2023,WUR,,,26.5,19.0
UNI00271,2023,WUR,,,25.6,25.0
UNI03472,2023,WUR,,,9.1,10.0
UNI00377,2023,WUR,,,20.6,6.0
UNI00334,2023,WUR,,,22.9,36.0
UNI00276,2023,WUR,,,37.1,18.0
UNI00382,2023,WUR,,,12.5,8.0
UNI00381,2023,WUR,,,16.7,4.0
UNI01577,2023,WUR,,,9.5,17.0
UNI00330,2023,WUR,,,20.8,20.0
UNI01647,2023,WUR,,,24.6,21.0
UNI01648,2023,WUR,,,8.7,22.0
UNI00390,2023,WUR,,,30.3,7.0
UNI00392,2023,WUR,,,10.0,4.0
UNI00394,2023,WUR,,,16.6,40.0
UNI01627,2023,WUR,,,20.1,14.0
UNI00396,2023,WUR,,,24.6,7.0
UNI03473,2023,WUR,,,35.5,0.0
UNI01652,2023,WUR,,,22.2,21.0
UNI03474,2023,WUR,,,20.4,4.0
UNI00403,2023,WUR,,,34.5,30.0
UNI00366,2023,WUR,,,18.2,51.0
UNI00406,2023,WUR,,,16.3,12.0
UNI01634,2023,WUR,,,14.7,11.0
UNI03475,2023,WUR,,,30.4,28.0
UNI03476,2023,WUR,,,11.5,11.0
UNI01655,2023,WUR,,,20.6,8.0
UNI01656,2023,WUR,,,11.2,10.0
UNI01567,2023,WUR,,,10.5,6.0
UNI00415,2023,WUR,,,8.2,6.0
UNI01658,2023,WUR,,,10.8,3.0
UNI01660,2023,WUR,,,7.7,33.0
UNI00420,2023,WUR,,,20.1,32.0
UNI01661,2023,WUR,,,9.5,7.0
UNI00378,2023,WUR,,,17.0,29.0
UNI03477,2023,WUR,,,8.8,22.0
UNI01663,2023,WUR,,,10.5,2.0
UNI03478,2023,WUR,,,26.1,7.0
UNI03479,2023,WUR,,,26.8,21.0
UNI00239,2023,WUR,,,13.8,29.0
UNI01612,2023,WUR,,,9.8,18.0
UNI00432,2023,WUR,,,29.4,20.0
UNI01664,2023,WUR,,,15.1,1.0
UNI00374,2023,WUR,,,20.2,2.0
UNI03480,2023,WUR,,,16.9,5.0
UNI00308,2023,WUR,,,16.6,14.0
UNI00368,2023,WUR,,,30.3,20.0
UNI00370,2023,WUR,,,15.1,35.0
UNI01665,2023,WUR,,,10.5,30.0
UNI01667,2023,WUR,,,2.1,1.0
UNI00440,2023,WUR,,,14.3,2.0
UNI00441,2023,WUR,,,16.0,27.0
UNI01645,2023,WUR,,,4.6,7.0
UNI00443,2023,WUR,,,21.6,20.0
UNI00445,2023,WUR,,,7.5,11.0
UNI03481,2023,WUR,,,15.3,5.0
UNI01670,2023,WUR,,,20.0,4.0
UNI00450,2023,WUR,,,23.8,4.0
UNI00452,2023,WUR,,,4.0,10.0
UNI00387,2023,WUR,,,19.5,7.0
UNI01671,2023,WUR,,,9.4,14.0
UNI01672,2023,WUR,,,15.7,0.0
UNI00456,2023,WUR,,,7.2,6.0
UNI01673,2023,WUR,,,7.4,1.0
UNI00459,2023,WUR,,,17.8,25.0
UNI01674,2023,WUR,,,46.7,2.0
UNI01675,2023,WUR,,,11.8,0.0
UNI01676,2023,WUR,,,28.7,0.0
UNI00464,2023,WUR,,,15.7,26.0
UNI00398,2023,WUR,,,26.6,12.0
UNI00384,2023,WUR,,,17.0,39.0
UNI01653,2023,WUR,,,17.8,3.0
UNI01678,2023,WUR,,,25.4,1.0
UNI01679,2023,WUR,,,21.2,3.0
UNI01680,2023,WUR,,,13.0,14.0
UNI00470,2023,WUR,,,17.6,9.0
UNI01682,2023,WUR,,,17.7,6.0
UNI00193,2023,WUR,,,20.3,12.0
UNI00409,2023,WUR,,,13.6,12.0
UNI00473,2023,WUR,,,27.6,4.0
UNI03482,2023,WUR,,,20.1,13.0
UNI00475,2023,WUR,,,13.0,6.0
UNI00477,2023,WUR,,,25.4,17.0
UNI00479,2023,WUR,,,21.9,0.0
UNI00481,2023,WUR,,,20.4,35.0
UNI01657,2023,WUR,,,15.4,3.0
UNI01687,2023,WUR,,,22.7,1.0
UNI01688,2023,WUR,,,32.6,5.0
UNI00407,2023,WUR,,,23.0,9.0
UNI00417,2023,WUR,,,12.6,15.0
UNI00486,2023,WUR,,,23.7,8.0
UNI00489,2023,WUR,,,17.3,5.0
UNI00331,2023,WUR,,,18.2,17.0
UNI03483,2023,WUR,,,14.6,20.0
UNI01662,2023,WUR,,,18.6,2.0
UNI00493,2023,WUR,,,17.6,0.0
UNI00425,2023,WUR,,,11.5,41.0
UNI01637,2023,WUR,,,22.0,46.0
UNI01691,2023,WUR,,,11.5,16.0
UNI03484,2023,WUR,,,15.7,15.0
UNI00426,2023,WUR,,,16.7,10.0
UNI01693,2023,WUR,,,13.0,3.0
UNI00428,2023,WUR,,,44.6,11.0
UNI00499,2023,WUR,,,14.4,3.0
UNI00429,2023,WUR,,,9.9,8.0
UNI00502,2023,WUR,,,10.0,28.0
UNI00431,2023,WUR,,,19.7,8.0
UNI03485,2023,WUR,,,30.1,2.0
UNI00505,2023,WUR,,,21.5,0.0
UNI00433,2023,WUR,,,43.7,18.0
UNI00411,2023,WUR,,,13.3,44.0
UNI00508,2023,WUR,,,15.7,13.0
UNI00509,2023,WUR,,,17.4,16.0
UNI01696,2023,WUR,,,14.6,2.0
UNI01697,2023,WUR,,,31.2,12.0
UNI00511,2023,WUR,,,28.5,15.0
UNI00512,2023,WUR,,,18.7,50.0
UNI00514,2023,WUR,,,26.9,5.0
UNI01698,2023,WUR,,,11.3,3.0
UNI00435,2023,WUR,,,36.5,40.0
UNI00506,2023,WUR,,,31.0,11.0
UNI00520,2023,WUR,,,16.8,10.0
UNI01701,2023,WUR,,,2.0,9.0
UNI00329,2023,WUR,,,15.8,9.0
UNI00524,2023,WUR,,,16.3,4.0
UNI03486,2023,WUR,,,15.2,5.0
UNI01703,2023,WUR,,,69.2,12.0
UNI00395,2023,WUR,,,21.9,6.0
UNI00528,2023,WUR,,,17.7,16.0
UNI00120,2023,WUR,,,16.0,4.0
UNI00285,2023,WUR,,,16.2,16.0
UNI00532,2023,WUR,,,16.4,29.0
UNI01706,2023,WUR,,,9.2,1.0
UNI01707,2023,WUR,,,9.1,4.0
UNI00351,2023,WUR,,,16.5,1.0
UNI03487,2023,WUR,,,20.0,10.0
UNI01643,2023,WUR,,,22.5,2.0
UNI01668,2023,WUR,,,14.1,1.0
UNI00537,2023,WUR,,,18.7,9.0
UNI01619,2023,WUR,,,12.7,5.0
UNI01644,2023,WUR,,,12.3,4.0
UNI03488,2023,WUR,,,10.7,6.0
UNI01711,2023,WUR,,,5.3,8.0
UNI00311,2023,WUR,,,17.0,29.0
UNI00546,2023,WUR,,,11.4,21.0
UNI00549,2023,WUR,,,14.9,23.0
UNI01646,2023,WUR,,,13.6,16.0
UNI01597,2023,WUR,,,8.7,12.0
UNI03489,2023,WUR,,,25.3,1.0
UNI00454,2023,WUR,,,19.2,8.0
UNI01715,2023,WUR,,,12.0,10.0
UNI00418,2023,WUR,,,28.4,6.0
UNI01623,2023,WUR,,,17.7,31.0
UNI00533,2023,WUR,,,12.6,11.0
UNI01716,2023,WUR,,,12.0,2.0
UNI01717,2023,WUR,,,11.6,30.0
UNI00270,2023,WUR,,,18.8,20.0
UNI00281,2023,WUR,,,17.6,31.0
UNI00559,2023,WUR,,,15.9,23.0
UNI01718,2023,WUR,,,10.9,8.0
UNI01650,2023,WUR,,,15.4,2.0
UNI03490,2023,WUR,,,29.1,28.0
UNI00563,2023,WUR,,,16.3,24.0
UNI03491,2023,WUR,,,23.9,10.0
UNI01719,2023,WUR,,,40.2,4.0
UNI01625,2023,WUR,,,12.9,4.0
UNI01599,2023,WUR,,,14.2,6.0
UNI00571,2023,WUR,,,16.6,26.0
UNI00574,2023,WUR,,,19.1,30.0
UNI01720,2023,WUR,,,16.2,4.0
UNI01683,2023,WUR,,,15.7,43.0
UNI01721,2023,WUR,,,15.3,1.0
UNI00280,2023,WUR,,,13.2,22.0
UNI03492,2023,WUR,,,20.2,20.0
UNI01722,2023,WUR,,,24.7,1.0
UNI01723,2023,WUR,,,36.5,1.0
UNI01724,2023,WUR,,,27.0,76.0
UNI03493,2023,WUR,,,9.9,25.0
UNI03494,2023,WUR,,,19.8,14.0
UNI00488,2023,WUR,,,23.3,9.0
UNI01690,2023,WUR,,,15.6,14.0
UNI00494,2023,WUR,,,14.9,39.0
UNI01725,2023,WUR,,,27.3,0.0
UNI00591,2023,WUR,,,20.2,44.0
UNI00496,2023,WUR,,,27.4,10.0
UNI00367,2023,WUR,,,10.0,8.0
UNI01728,2023,WUR,,,46.6,3.0
UNI00264,2023,WUR,,,17.9,37.0
UNI00219,2023,WUR,,,8.4,11.0
UNI01636,2023,WUR,,,12.4,62.0
UNI00498,2023,WUR,,,17.2,19.0
UNI00600,2023,WUR,,,17.9,10.0
UNI01732,2023,WUR,,,13.6,0.0
UNI01733,2023,WUR,,,27.0,6.0
UNI01735,2023,WUR,,,18.1,7.0
UNI01694,2023,WUR,,,33.9,1.0
UNI03495,2023,WUR,,,17.7,0.0
UNI03496,2023,WUR,,,21.6,84.0
UNI00607,2023,WUR,,,11.2,2.0
UNI01737,2023,WUR,,,16.3,0.0
UNI00504,2023,WUR,,,22.5,13.0
UNI00610,2023,WUR,,,14.9,13.0
UNI01739,2023,WUR,,,26.1,2.0
UNI01741,2023,WUR,,,12.8,2.0
UNI00614,2023,WUR,,,15.3,16.0
UNI00507,2023,WUR,,,11.2,4.0
UNI03497,2023,WUR,,,9.6,12.0
UNI00619,2023,WUR,,,15.8,1.0
UNI00187,2023,WUR,,,7.8,14.0
UNI00622,2023,WUR,,,10.1,19.0
UNI01743,2023,WUR,,,29.6,14.0
UNI00301,2023,WUR,,,18.1,18.0
UNI01744,2023,WUR,,,22.2,2.0
UNI01745,2023,WUR,,,24.2,3.0
UNI00375,2023,WUR,,,22.5,10.0
UNI00516,2023,WUR,,,22.3,9.0
UNI00630,2023,WUR,,,26.9,17.0
UNI00263,2023,WUR,,,16.3,11.0
UNI00248,2023,WUR,,,14.2,11.0
UNI01702,2023,WUR,,,11.1,21.0
UNI03498,2023,WUR,,,11.3,54.0
UNI01747,2023,WUR,,,16.2,22.0
UNI01640,2023,WUR,,,13.9,4.0
UNI00637,2023,WUR,,,15.3,21.0
UNI01748,2023,WUR,,,100.5,6.0
UNI00640,2023,WUR,,,10.7,1.0
UNI00642,2023,WUR,,,22.2,19.0
UNI00644,2023,WUR,,,27.4,3.0
UNI00388,2023,WUR,,,17.6,22.0
UNI01750,2023,WUR,,,37.9,2.0
UNI03499,2023,WUR,,,7.4,1.0
UNI00357,2023,WUR,,,45.2,37.0
UNI01753,2023,WUR,,,13.8,0.0
UNI00544,2023,WUR,,,12.8,53.0
UNI01712,2023,WUR,,,15.6,5.0
UNI03500,2023,WUR,,,16.4,2.0
UNI00649,2023,WUR,,,11.4,11.0
UNI00548,2023,WUR,,,18.6,35.0
UNI03501,2023,WUR,,,17.2,8.0
UNI01757,2023,WUR,,,14.4,2.0
UNI00449,2023,WUR,,,21.0,12.0
UNI00553,2023,WUR,,,4.4,11.0
UNI00657,2023,WUR,,,24.9,7.0
UNI00405,2023,WUR,,,12.7,16.0
UNI00555,2023,WUR,,,74.8,10.0
UNI01761,2023,WUR,,,20.0,4.0
UNI01762,2023,WUR,,,18.5,5.0
UNI01763,2023,WUR,,,10.1,10.0
UNI01764,2023,WUR,,,14.3,14.0
UNI01766,2023,WUR,,,14.0,20.0
UNI00561,2023,WUR,,,45.2,25.0
UNI00564,2023,WUR,,,10.7,4.0
UNI00668,2023,WUR,,,11.9,5.0
UNI01769,2023,WUR,,,17.0,1.0
UNI01624,2023,WUR,,,14.1,6.0
UNI01771,2023,WUR,,,21.2,1.0
UNI00568,2023,WUR,,,14.1,2.0
UNI01773,2023,WUR,,,11.7,7.0
UNI01775,2023,WUR,,,20.9,0.0
UNI00570,2023,WUR,,,17.6,10.0
UNI00674,2023,WUR,,,14.8,0.0
UNI01776,2023,WUR,,,11.6,2.0
UNI00573,2023,WUR,,,14.2,17.0
UNI01777,2023,WUR,,,37.1,7.0
UNI00680,2023,WUR,,,11.6,11.0
UNI00414,2023,WUR,,,11.9,76.0
UNI01651,2023,WUR,,,21.2,2.0
UNI01780,2023,WUR,,,20.4,2.0
UNI01781,2023,WUR,,,19.4,4.0
UNI00582,2023,WUR,,,18.2,10.0
UNI01784,2023,WUR,,,26.2,0.0
UNI00686,2023,WUR,,,12.7,0.0
UNI03502,2023,WUR,,,47.2,18.0
UNI01785,2023,WUR,,,22.2,1.0
UNI00691,2023,WUR,,,8.7,3.0
UNI01786,2023,WUR,,,21.6,2.0
UNI00584,2023,WUR,,,17.3,4.0
UNI00695,2023,WUR,,,17.7,7.0
UNI00585,2023,WUR,,,12.0,18.0
UNI00534,2023,WUR,,,20.4,2.0
UNI01787,2023,WUR,,,32.5,3.0
UNI03503,2023,WUR,,,37.3,11.0
UNI00589,2023,WUR,,,38.3,10.0
UNI01788,2023,WUR,,,27.9,10.0
UNI03504,2023,WUR,,,18.4,22.0
UNI01791,2023,WUR,,,4.9,5.0
UNI00595,2023,WUR,,,29.7,22.0
UNI00472,2023,WUR,,,36.1,5.0
UNI03505,2023,WUR,,,20.7,26.0
UNI03506,2023,WUR,,,19.9,3.0
UNI01684,2023,WUR,,,22.7,22.0
UNI00706,2023,WUR,,,11.6,25.0
UNI00397,2023,WUR,,,18.0,19.0
UNI00708,2023,WUR,,,31.9,0.0
UNI00710,2023,WUR,,,14.8,2.0
UNI00444,2023,WUR,,,33.5,34.0
UNI03507,2023,WUR,,,13.5,10.0
UNI01797,2023,WUR,,,13.4,2.0
UNI03508,2023,WUR,,,15.5,1.0
UNI01798,2023,WUR,,,16.9,14.0
UNI01686,2023,WUR,,,15.0,3.0
UNI01800,2023,WUR,,,22.3,3.0
UNI00718,2023,WUR,,,20.2,38.0
UNI00721,2023,WUR,,,14.6,18.0
UNI01801,2023,WUR,,,15.9,3.0
UNI00723,2023,WUR,,,16.1,3.0
UNI01802,2023,WUR,,,6.8,3.0
UNI00603,2023,WUR,,,18.2,5.0
UNI01804,2023,WUR,,,26.1,0.0
UNI01806,2023,WUR,,,19.3,2.0
UNI01736,2023,WUR,,,8.1,5.0
UNI03509,2023,WUR,,,17.5,9.0
UNI01810,2023,WUR,,,16.8,0.0
UNI00730,2023,WUR,,,14.1,1.0
UNI01812,2023,WUR,,,10.3,1.0
UNI03510,2023,WUR,,,22.2,52.0
UNI01814,2023,WUR,,,32.4,2.0
UNI01659,2023,WUR,,,13.2,7.0
UNI00732,2023,WUR,,,23.6,19.0
UNI00463,2023,WUR,,,14.5,10.0
UNI03511,2023,WUR,,,14.3,1.0
UNI01738,2023,WUR,,,12.4,17.0
UNI00482,2023,WUR,,,8.6,23.0
UNI01818,2023,WUR,,,19.4,0.0
UNI01819,2023,WUR,,,1.7,2.0
UNI00737,2023,WUR,,,20.1,3.0
UNI00736,2023,WUR,,,17.7,3.0
UNI01740,2023,WUR,,,28.9,23.0
UNI01820,2023,WUR,,,26.5,0.0
UNI00739,2023,WUR,,,15.5,38.0
UNI00613,2023,WUR,,,27.0,7.0
UNI00616,2023,WUR,,,19.9,26.0
UNI01824,2023,WUR,,,8.0,2.0
UNI01826,2023,WUR,,,13.0,4.0
UNI01821,2023,WUR,,,8.7,4.0
UNI03512,2023,WUR,,,11.7,0.0
UNI01828,2023,WUR,,,23.1,2.0
UNI00747,2023,WUR,,,25.1,7.0
UNI01829,2023,WUR,,,8.3,5.0
UNI00465,2023,WUR,,,24.2,15.0
UNI00341,2023,WUR,,,9.6,11.0
UNI01833,2023,WUR,,,20.0,3.0
UNI00684,2023,WUR,,,14.2,2.0
UNI01834,2023,WUR,,,9.5,6.0
UNI01742,2023,WUR,,,16.6,27.0
UNI03513,2023,WUR,,,25.1,15.0
UNI03514,2023,WUR,,,13.0,14.0
UNI01836,2023,WUR,,,13.4,13.0
UNI00754,2023,WUR,,,9.8,3.0
UNI01838,2023,WUR,,,28.8,22.0
UNI01839,2023,WUR,,,8.8,3.0
UNI01841,2023,WUR,,,1.3,2.0
UNI01840,2023,WUR,,,27.2,3.0
UNI01695,2023,WUR,,,10.1,14.0
UNI03515,2023,WUR,,,12.3,9.0
UNI01843,2023,WUR,,,11.3,1.0
UNI00764,2023,WUR,,,26.2,14.0
UNI01844,2023,WUR,,,14.5,1.0
UNI01845,2023,WUR,,,34.6,5.0
UNI01846,2023,WUR,,,13.8,1.0
UNI00628,2023,WUR,,,11.1,18.0
UNI03516,2023,WUR,,,25.1,20.0
UNI00769,2023,WUR,,,16.8,35.0
UNI01847,2023,WUR,,,20.2,17.0
UNI00770,2023,WUR,,,18.2,5.0
UNI00771,2023,WUR,,,10.5,1.0
UNI03517,2023,WUR,,,13.3,10.0
UNI03518,2023,WUR,,,14.2,2.0
UNI01850,2023,WUR,,,27.1,1.0
UNI00633,2023,WUR,,,15.9,19.0
UNI00780,2023,WUR,,,47.5,3.0
UNI01851,2023,WUR,,,22.4,5.0
UNI00779,2023,WUR,,,16.8,8.0
UNI01852,2023,WUR,,,9.7,4.0
UNI00268,2023,WUR,,,16.1,29.0
UNI01853,2023,WUR,,,8.6,10.0
UNI03519,2023,WUR,,,14.9,21.0
UNI01856,2023,WUR,,,17.9,1.0
UNI01699,2023,WUR,,,11.8,4.0
UNI01859,2023,WUR,,,28.7,0.0
UNI00789,2023,WUR,,,34.5,2.0
UNI01862,2023,WUR,,,21.8,3.0
UNI03520,2023,WUR,,,17.0,2.0
UNI03521,2023,WUR,,,24.0,11.0
UNI03522,2023,WUR,,,15.1,12.0
UNI00446,2023,WUR,,,17.9,18.0
UNI01866,2023,WUR,,,13.9,3.0
UNI01751,2023,WUR,,,21.8,6.0
UNI01867,2023,WUR,,,24.5,83.0
UNI01868,2023,WUR,,,23.2,4.0
UNI01869,2023,WUR,,,14.7,15.0
UNI01704,2023,WUR,,,14.6,24.0
UNI00798,2023,WUR,,,20.5,5.0
UNI00801,2023,WUR,,,30.9,0.0
UNI00803,2023,WUR,,,24.3,3.0
UNI00804,2023,WUR,,,7.6,12.0
UNI01755,2023,WUR,,,17.8,23.0
UNI01874,2023,WUR,,,2.5,2.0
UNI00806,2023,WUR,,,14.0,6.0
UNI01876,2023,WUR,,,28.6,8.0
UNI01877,2023,WUR,,,31.6,8.0
UNI00471,2023,WUR,,,14.2,25.0
UNI00810,2023,WUR,,,32.1,6.0
UNI01879,2023,WUR,,,6.7,0.0
UNI03523,2023,WUR,,,25.1,6.0
UNI01756,2023,WUR,,,43.1,1.0
UNI01705,2023,WUR,,,30.4,14.0
UNI01881,2023,WUR,,,12.2,2.0
UNI01758,2023,WUR,,,11.1,26.0
UNI01883,2023,WUR,,,15.2,2.0
UNI03524,2023,WUR,,,17.9,12.0
UNI00821,2023,WUR,,,24.7,27.0
UNI00539,2023,WUR,,,14.7,21.0
UNI03525,2023,WUR,,,19.5,28.0
UNI01887,2023,WUR,,,21.5,0.0
UNI01759,2023,WUR,,,12.6,13.0
UNI01710,2023,WUR,,,11.6,17.0
UNI00827,2023,WUR,,,27.5,7.0
UNI01889,2023,WUR,,,15.4,2.0
UNI01890,2023,WUR,,,14.5,9.0
UNI00786,2023,WUR,,,12.1,6.0
UNI01793,2023,WUR,,,35.1,2.0
UNI01760,2023,WUR,,,13.1,7.0
UNI03526,2023,WUR,,,15.5,5.0
UNI00664,2023,WUR,,,36.1,28.0
UNI03527,2023,WUR,,,19.8,21.0
UNI00522,2023,WUR,,,8.6,4.0
UNI00666,2023,WUR,,,29.6,16.0
UNI00835,2023,WUR,,,6.0,2.0
UNI01898,2023,WUR,,,17.5,3.0
UNI01900,2023,WUR,,,68.4,1.0
UNI00820,2023,WUR,,,42.4,0.0
UNI01783,2023,WUR,,,12.1,9.0
UNI00685,2023,WUR,,,20.9,4.0
UNI00841,2023,WUR,,,38.4,6.0
UNI00843,2023,WUR,,,27.7,2.0
UNI01903,2023,WUR,,,10.2,24.0
UNI00846,2023,WUR,,,28.2,4.0
UNI00689,2023,WUR,,,12.1,2.0
UNI01907,2023,WUR,,,13.7,5.0
UNI00490,2023,WUR,,,15.9,1.0
UNI01909,2023,WUR,,,6.5,30.0
UNI00604,2023,WUR,,,19.7,5.0
UNI00853,2023,WUR,,,51.0,6.0
UNI00857,2023,WUR,,,22.9,1.0
UNI00385,2023,WUR,,,15.1,10.0
UNI01911,2023,WUR,,,11.8,8.0
UNI00699,2023,WUR,,,15.4,6.0
UNI01912,2023,WUR,,,29.6,59.0
UNI01789,2023,WUR,,,17.0,22.0
UNI00800,2023,WUR,,,18.9,5.0
UNI01914,2023,WUR,,,28.3,1.0
UNI01915,2023,WUR,,,60.9,7.0
UNI01790,2023,WUR,,,18.8,0.0
UNI00572,2023,WUR,,,14.2,8.0
UNI00863,2023,WUR,,,18.1,2.0
UNI03528,2023,WUR,,,22.3,3.0
UNI00855,2023,WUR,,,16.8,22.0
UNI00424,2023,WUR,,,36.8,4.0
UNI00592,2023,WUR,,,23.2,3.0
UNI01918,2023,WUR,,,12.8,8.0
UNI01919,2023,WUR,,,17.2,0.0
UNI03529,2023,WUR,,,16.3,2.0
UNI01729,2023,WUR,,,17.4,4.0
UNI03530,2023,WUR,,,11.5,3.0
UNI00878,2023,WUR,,,15.5,6.0
UNI01922,2023,WUR,,,20.9,15.0
UNI03531,2023,WUR,,,16.1,47.0
UNI00880,2023,WUR,,,19.6,23.0
UNI03532,2023,WUR,,,16.5,11.0
UNI00883,2023,WUR,,,20.1,11.0
UNI01923,2023,WUR,,,16.0,2.0
UNI01734,2023,WUR,,,14.4,6.0
UNI01925,2023,WUR,,,35.5,8.0
UNI01926,2023,WUR,,,15.4,7.0
UNI01927,2023,WUR,,,20.7,1.0
UNI00566,2023,WUR,,,17.5,13.0
UNI01929,2023,WUR,,,12.9,1.0
UNI01930,2023,WUR,,,15.8,0.0
UNI01932,2023,WUR,,,20.6,5.0
UNI01933,2023,WUR,,,16.8,1.0
UNI01934,2023,WUR,,,18.7,10.0
UNI01816,2023,WUR,,,31.8,1.0
UNI00893,2023,WUR,,,36.8,2.0
UNI01936,2023,WUR,,,3.8,1.0
UNI01937,2023,WUR,,,16.8,1.0
UNI01938,2023,WUR,,,21.1,15.0
UNI01817,2023,WUR,,,18.1,0.0
UNI00536,2023,WUR,,,8.1,9.0
UNI01827,2023,WUR,,,17.9,0.0
UNI01940,2023,WUR,,,15.1,1.0
UNI01941,2023,WUR,,,14.0,34.0
UNI00901,2023,WUR,,,39.6,3.0
UNI01830,2023,WUR,,,24.9,17.0
UNI01943,2023,WUR,,,28.5,0.0
UNI01945,2023,WUR,,,13.4,3.0
UNI01946,2023,WUR,,,7.9,33.0
UNI03533,2023,WUR,,,16.4,9.0
UNI01837,2023,WUR,,,4.6,3.0
UNI00758,2023,WUR,,,13.1,7.0
UNI01947,2023,WUR,,,14.0,
UNI00242,2023,WUR,,,10.1,8.0
UNI01949,2023,WUR,,,3.4,2.0
UNI01950,2023,WUR,,,14.6,2.0
UNI00914,2023,WUR,,,13.1,2.0
UNI00624,2023,WUR,,,8.3,7.0
UNI00918,2023,WUR,,,19.8,2.0
UNI01953,2023,WUR,,,19.4,43.0
UNI01954,2023,WUR,,,14.5,2.0
UNI00542,2023,WUR,,,10.3,8.0
UNI01956,2023,WUR,,,7.6,2.0
UNI03534,2023,WUR,,,15.2,15.0
UNI03535,2023,WUR,,,20.2,13.0
UNI01959,2023,WUR,,,14.8,2.0
UNI01960,2023,WUR,,,25.8,21.0
UNI01961,2023,WUR,,,12.8,5.0
UNI00921,2023,WUR,,,32.7,7.0
UNI00928,2023,WUR,,,20.3,13.0
UNI01962,2023,WUR,,,8.6,22.0
UNI00707,2023,WUR,,,13.1,8.0
UNI01964,2023,WUR,,,15.4,10.0
UNI03536,2023,WUR,,,14.8,6.0
UNI01965,2023,WUR,,,21.0,4.0
UNI00434,2023,WUR,,,9.0,5.0
UNI00931,2023,WUR,,,21.0,3.0
UNI00775,2023,WUR,,,13.3,7.0
UNI00933,2023,WUR,,,10.7,13.0
UNI01849,2023,WUR,,,9.0,12.0
UNI00936,2023,WUR,,,12.0,3.0
UNI00460,2023,WUR,,,18.9,23.0
UNI01970,2023,WUR,,,5.6,16.0
UNI00939,2023,WUR,,,14.7,5.0
UNI00700,2023,WUR,,,19.6,16.0
UNI00783,2023,WUR,,,15.2,3.0
UNI03537,2023,WUR,,,15.8,5.0
UNI01973,2023,WUR,,,16.0,3.0
UNI03538,2023,WUR,,,14.3,10.0
UNI01855,2023,WUR,,,20.8,12.0
UNI01858,2023,WUR,,,17.6,1.0
UNI01975,2023,WUR,,,16.7,3.0
UNI01976,2023,WUR,,,13.0,2.0
UNI01860,2023,WUR,,,13.5,3.0
UNI01861,2023,WUR,,,18.9,27.0
UNI01808,2023,WUR,,,15.3,13.0
UNI01863,2023,WUR,,,9.4,5.0
UNI00578,2023,WUR,,,12.3,8.0
UNI03539,2023,WUR,,,12.2,16.0
UNI00389,2023,WUR,,,19.9,6.0
UNI03540,2023,WUR,,,20.7,0.0
UNI00862,2023,WUR,,,18.5,2.0
UNI00728,2023,WUR,,,9.7,35.0
UNI01983,2023,WUR,,,16.0,6.0
UNI01985,2023,WUR,,,0.9,0.0
UNI00958,2023,WUR,,,19.5,3.0
UNI01870,2023,WUR,,,14.8,2.0
UNI01987,2023,WUR,,,18.7,4.0
UNI01988,2023,WUR,,,15.6,11.0
UNI01871,2023,WUR,,,14.4,7.0
UNI01873,2023,WUR,,,20.1,4.0
UNI01875,2023,WUR,,,17.5,3.0
UNI01990,2023,WUR,,,27.2,7.0
UNI01992,2023,WUR,,,14.4,18.0
UNI00814,2023,WUR,,,22.4,1.0
UNI00816,2023,WUR,,,17.6,1.0
UNI01993,2023,WUR,,,29.0,20.0
UNI01882,2023,WUR,,,33.7,2.0
UNI01884,2023,WUR,,,9.9,18.0
UNI00968,2023,WUR,,,9.0,1.0
UNI00466,2023,WUR,,,10.6,0.0
UNI01885,2023,WUR,,,9.5,14.0
UNI01886,2023,WUR,,,12.7,14.0
UNI01996,2023,WUR,,,18.7,3.0
UNI01997,2023,WUR,,,21.3,1.0
UNI01998,2023,WUR,,,14.2,2.0
UNI00363,2023,WUR,,,21.7,7.0
UNI00742,2023,WUR,,,13.1,15.0
UNI00823,2023,WUR,,,22.4,1.0
UNI01999,2023,WUR,,,18.5,11.0
UNI00829,2023,WUR,,,14.5,3.0
UNI00977,2023,WUR,,,17.0,14.0
UNI02001,2023,WUR,,,16.2,33.0
UNI01891,2023,WUR,,,47.7,5.0
UNI01892,2023,WUR,,,15.8,16.0
UNI00611,2023,WUR,,,16.9,18.0
UNI01895,2023,WUR,,,22.6,1.0
UNI00961,2023,WUR,,,18.7,20.0
UNI03541,2023,WUR,,,16.1,4.0
UNI02003,2023,WUR,,,25.5,1.0
UNI03542,2023,WUR,,,23.4,1.0
UNI02004,2023,WUR,,,12.2,1.0
UNI00990,2023,WUR,,,17.2,13.0
UNI02005,2023,WUR,,,20.2,1.0
UNI02007,2023,WUR,,,10.4,3.0
UNI01899,2023,WUR,,,26.4,12.0
UNI03543,2023,WUR,,,13.8,7.0
UNI01901,2023,WUR,,,16.4,3.0
UNI03544,2023,WUR,,,13.8,7.0
UNI00997,2023,WUR,,,11.4,1.0
UNI00665,2023,WUR,,,8.6,15.0
UNI03545,2023,WUR,,,13.0,6.0
UNI01001,2023,WUR,,,21.7,3.0
UNI01003,2023,WUR,,,19.2,1.0
UNI02010,2023,WUR,,,6.9,0.0
UNI00839,2023,WUR,,,11.4,11.0
UNI01007,2023,WUR,,,30.2,7.0
UNI00851,2023,WUR,,,19.4,7.0
UNI03546,2023,WUR,,,30.2,2.0
UNI03547,2023,WUR,,,42.4,8.0
UNI02012,2023,WUR,,,30.9,0.0
UNI02013,2023,WUR,,,42.1,6.0
UNI00541,2023,WUR,,,10.2,9.0
UNI01916,2023,WUR,,,17.0,4.0
UNI00298,2023,WUR,,,12.0,10.0
UNI02015,2023,WUR,,,11.2,5.0
UNI02016,2023,WUR,,,16.8,10.0
UNI01019,2023,WUR,,,19.3,5.0
UNI00870,2023,WUR,,,12.7,19.0
UNI00873,2023,WUR,,,14.7,5.0
UNI01779,2023,WUR,,,13.3,11.0
UNI00876,2023,WUR,,,15.0,4.0
UNI01022,2023,WUR,,,26.4,2.0
UNI02018,2023,WUR,,,11.6,0.0
UNI02019,2023,WUR,,,21.3,3.0
UNI03548,2023,WUR,,,12.2,5.0
UNI00805,2023,WUR,,,23.9,4.0
UNI00792,2023,WUR,,,12.5,4.0
UNI00259,2023,WUR,,,5.7,15.0
UNI01924,2023,WUR,,,14.0,22.0
UNI03549,2023,WUR,,,17.5,12.0
UNI00888,2023,WUR,,,16.2,6.0
UNI02022,2023,WUR,,,15.9,0.0
UNI01928,2023,WUR,,,12.7,1.0
UNI03550,2023,WUR,,,16.5,14.0
UNI01034,2023,WUR,,,14.9,1.0
UNI03551,2023,WUR,,,11.1,7.0
UNI02024,2023,WUR,,,21.8,0.0
UNI00881,2023,WUR,,,21.0,4.0
UNI01037,2023,WUR,,,36.7,0.0
UNI02027,2023,WUR,,,25.9,0.0
UNI03552,2023,WUR,,,14.7,5.0
UNI02029,2023,WUR,,,17.6,4.0
UNI02031,2023,WUR,,,15.7,4.0
UNI03553,2023,WUR,,,19.4,32.0
UNI02032,2023,WUR,,,13.5,5.0
UNI03554,2023,WUR,,,15.6,0.0
UNI02034,2023,WUR,,,18.6,22.0
UNI03555,2023,WUR,,,11.0,17.0
UNI02037,2023,WUR,,,10.0,9.0
UNI01944,2023,WUR,,,12.8,8.0
UNI02040,2023,WUR,,,19.5,15.0
UNI01011,2023,WUR,,,14.4,25.0
UNI03556,2023,WUR,,,12.1,5.0
UNI00886,2023,WUR,,,20.2,20.0
UNI00648,2023,WUR,,,14.0,3.0
UNI00774,2023,WUR,,,8.5,5.0
UNI01951,2023,WUR,,,15.5,5.0
UNI03557,2023,WUR,,,16.6,1.0
UNI02045,2023,WUR,,,22.4,2.0
UNI03558,2023,WUR,,,19.9,6.0
UNI00865,2023,WUR,,,14.9,9.0
UNI00842,2023,WUR,,,10.6,14.0
UNI03559,2023,WUR,,,14.9,4.0
UNI01958,2023,WUR,,,17.6,22.0
UNI03560,2023,WUR,,,17.7,22.0
UNI00467,2023,WUR,,,25.6,1.0
UNI02050,2023,WUR,,,23.7,0.0
UNI01803,2023,WUR,,,16.9,2.0
UNI00957,2023,WUR,,,21.9,44.0
UNI03561,2023,WUR,,,14.3,26.0
UNI00874,2023,WUR,,,13.9,3.0
UNI01811,2023,WUR,,,15.6,3.0
UNI02054,2023,WUR,,,10.7,32.0
UNI02055,2023,WUR,,,11.2,2.0
UNI01813,2023,WUR,,,11.4,1.0
UNI00907,2023,WUR,,,16.1,2.0
UNI02058,2023,WUR,,,21.1,0.0
UNI01966,2023,WUR,,,30.9,9.0
UNI01967,2023,WUR,,,14.9,25.0
UNI02059,2023,WUR,,,18.5,0.0
UNI01069,2023,WUR,,,29.0,5.0
UNI02060,2023,WUR,,,16.9,1.0
UNI01057,2023,WUR,,,32.4,1.0
UNI03562,2023,WUR,,,19.8,2.0
UNI02063,2023,WUR,,,23.5,0.0
UNI02064,2023,WUR,,,19.3,0.0
UNI02065,2023,WUR,,,19.8,4.0
UNI02066,2023,WUR,,,4.6,2.0
UNI02067,2023,WUR,,,17.2,18.0
UNI03563,2023,WUR,,,2.2,0.0
UNI03564,2023,WUR,,,71.9,3.0
UNI02069,2023,WUR,,,10.2,3.0
UNI02070,2023,WUR,,,17.4,30.0
UNI02071,2023,WUR,,,16.1,21.0
UNI01974,2023,WUR,,,10.4,0.0
UNI02072,2023,WUR,,,12.3,0.0
UNI00807,2023,WUR,,,14.7,0.0
UNI01823,2023,WUR,,,13.8,1.0
UNI01825,2023,WUR,,,20.7,1.0
UNI02073,2023,WUR,,,11.6,1.0
UNI03565,2023,WUR,,,8.6,14.0
UNI00765,2023,WUR,,,21.0,8.0
UNI01978,2023,WUR,,,10.2,2.0
UNI01831,2023,WUR,,,23.5,1.0
UNI00785,2023,WUR,,,25.1,8.0
UNI02076,2023,WUR,,,21.7,3.0
UNI00815,2023,WUR,,,21.7,0.0
UNI01981,2023,WUR,,,14.6,10.0
UNI02078,2023,WUR,,,13.9,2.0
UNI03566,2023,WUR,,,19.9,7.0
UNI03567,2023,WUR,,,13.1,1.0
UNI02079,2023,WUR,,,14.3,2.0
UNI03568,2023,WUR,,,18.5,2.0
UNI02080,2023,WUR,,,0.9,0.0
UNI00937,2023,WUR,,,9.4,7.0
UNI01989,2023,WUR,,,11.8,6.0
UNI01101,2023,WUR,,,9.9,10.0
UNI01994,2023,WUR,,,26.6,2.0
UNI00967,2023,WUR,,,10.0,6.0
UNI01105,2023,WUR,,,78.1,1.0
UNI01995,2023,WUR,,,3.4,1.0
UNI02084,2023,WUR,,,16.9,8.0
UNI00656,2023,WUR,,,14.8,16.0
UNI02085,2023,WUR,,,4.6,17.0
UNI03569,2023,WUR,,,15.3,5.0
UNI02087,2023,WUR,,,23.6,1.0
UNI03570,2023,WUR,,,10.7,22.0
UNI01114,2023,WUR,,,13.6,5.0
UNI02088,2023,WUR,,,12.1,1.0
UNI02090,2023,WUR,,,19.9,0.0
UNI02091,2023,WUR,,,44.8,1.0
UNI02093,2023,WUR,,,21.5,1.0
UNI02094,2023,WUR,,,33.1,6.0
UNI02095,2023,WUR,,,12.7,8.0
UNI03571,2023,WUR,,,34.3,0.0
UNI02096,2023,WUR,,,17.0,7.0
UNI02097,2023,WUR,,,11.7,8.0
UNI00989,2023,WUR,,,16.0,8.0
UNI01857,2023,WUR,,,15.6,3.0
UNI02006,2023,WUR,,,8.6,4.0
UNI02008,2023,WUR,,,17.4,4.0
UNI00698,2023,WUR,,,9.7,9.0
UNI02099,2023,WUR,,,15.8,1.0
UNI00495,2023,WUR,,,15.7,11.0
UNI01129,2023,WUR,,,21.0,6.0
UNI01865,2023,WUR,,,20.6,4.0
UNI02100,2023,WUR,,,13.4,13.0
UNI00944,2023,WUR,,,7.6,3.0
UNI02101,2023,WUR,,,14.0,1.0
UNI02102,2023,WUR,,,17.8,4.0
UNI01134,2023,WUR,,,38.4,6.0
UNI00986,2023,WUR,,,10.4,10.0
UNI02011,2023,WUR,,,11.6,2.0
UNI03572,2023,WUR,,,14.5,13.0
UNI00875,2023,WUR,,,25.6,6.0
UNI00945,2023,WUR,,,10.0,23.0
UNI03573,2023,WUR,,,12.6,23.0
UNI02105,2023,WUR,,,44.8,0.0
UNI02106,2023,WUR,,,16.9,7.0
UNI01142,2023,WUR,,,22.6,1.0
UNI01017,2023,WUR,,,19.3,6.0
UNI02107,2023,WUR,,,29.8,0.0
UNI02108,2023,WUR,,,11.2,8.0
UNI02109,2023,WUR,,,17.0,1.0
UNI03574,2023,WUR,,,17.0,6.0
UNI02017,2023,WUR,,,18.7,28.0
UNI02110,2023,WUR,,,20.3,7.0
UNI01150,2023,WUR,,,15.1,5.0
UNI00994,2023,WUR,,,19.1,25.0
UNI01025,2023,WUR,,,15.7,16.0
UNI02113,2023,WUR,,,14.4,3.0
UNI02115,2023,WUR,,,24.5,0.0
UNI01157,2023,WUR,,,25.1,8.0
UNI02116,2023,WUR,,,13.6,5.0
UNI02117,2023,WUR,,,31.0,0.0
UNI02118,2023,WUR,,,8.3,7.0
UNI02021,2023,WUR,,,16.7,12.0
UNI01897,2023,WUR,,,8.7,3.0
UNI02121,2023,WUR,,,21.1,0.0
UNI02122,2023,WUR,,,21.1,1.0
UNI02124,2023,WUR,,,16.7,2.0
UNI02125,2023,WUR,,,53.3,2.0
UNI03575,2023,WUR,,,12.4,1.0
UNI02127,2023,WUR,,,10.9,2.0
UNI00581,2023,WUR,,,24.0,15.0
UNI02130,2023,WUR,,,26.4,0.0
UNI00962,2023,WUR,,,232.2,3.0
UNI02131,2023,WUR,,,14.7,3.0
UNI02132,2023,WUR,,,36.6,1.0
UNI02134,2023,WUR,,,30.0,1.0
UNI02135,2023,WUR,,,15.4,21.0
UNI01177,2023,WUR,,,16.3,2.0
UNI01179,2023,WUR,,,24.8,14.0
UNI02138,2023,WUR,,,0.9,1.0
UNI02139,2023,WUR,,,15.9,40.0
UNI02140,2023,WUR,,,37.6,8.0
UNI00692,2023,WUR,,,12.5,22.0
UNI01149,2023,WUR,,,9.6,16.0
UNI01186,2023,WUR,,,31.6,4.0
UNI02030,2023,WUR,,,15.6,16.0
UNI00949,2023,WUR,,,18.7,21.0
UNI02141,2023,WUR,,,19.3,20.0
UNI02142,2023,WUR,,,23.5,3.0
UNI02033,2023,WUR,,,1.7,1.0
UNI03576,2023,WUR,,,10.6,6.0
UNI02144,2023,WUR,,,9.4,2.0
UNI02038,2023,WUR,,,11.1,8.0
UNI00910,2023,WUR,,,15.8,3.0
UNI02041,2023,WUR,,,27.2,2.0
UNI02042,2023,WUR,,,19.6,1.0
UNI01062,2023,WUR,,,15.3,1.0
UNI02043,2023,WUR,,,15.4,6.0
UNI00226,2023,WUR,,,14.6,13.0
UNI00791,2023,WUR,,,20.8,50.0
UNI03577,2023,WUR,,,14.9,2.0
UNI01921,2023,WUR,,,16.0,1.0
UNI01205,2023,WUR,,,33.2,10.0
UNI02149,2023,WUR,,,23.6,0.0
UNI03578,2023,WUR,,,26.0,11.0
UNI02046,2023,WUR,,,10.1,8.0
UNI02048,2023,WUR,,,15.8,5.0
UNI03579,2023,WUR,,,14.5,6.0
UNI03580,2023,WUR,,,13.4,3.0
UNI02152,2023,WUR,,,23.9,0.0
UNI02154,2023,WUR,,,20.1,1.0
UNI02155,2023,WUR,,,88.2,1.0
UNI02156,2023,WUR,,,7.9,7.0
UNI03581,2023,WUR,,,6.1,3.0
UNI02158,2023,WUR,,,25.7,5.0
UNI02051,2023,WUR,,,12.7,3.0
UNI02052,2023,WUR,,,2.9,1.0
UNI03582,2023,WUR,,,7.7,2.0
UNI02053,2023,WUR,,,32.7,3.0
UNI00912,2023,WUR,,,14.4,10.0
UNI01218,2023,WUR,,,17.0,3.0
UNI02161,2023,WUR,,,18.9,3.0
UNI02163,2023,WUR,,,13.2,6.0
UNI02164,2023,WUR,,,19.5,4.0
UNI02165,2023,WUR,,,15.2,5.0
UNI02166,2023,WUR,,,21.5,0.0
UNI01068,2023,WUR,,,13.8,12.0
UNI02167,2023,WUR,,,21.3,6.0
UNI02168,2023,WUR,,,20.7,0.0
UNI03583,2023,WUR,,,30.2,3.0
UNI02170,2023,WUR,,,17.5,1.0
UNI02172,2023,WUR,,,17.1,5.0
UNI00315,2023,WUR,,,13.9,2.0
UNI02061,2023,WUR,,,17.3,1.0
UNI00882,2023,WUR,,,13.0,0.0
UNI02175,2023,WUR,,,25.2,0.0
UNI02176,2023,WUR,,,9.5,6.0
UNI02177,2023,WUR,,,14.3,4.0
UNI02179,2023,WUR,,,16.8,6.0
UNI02180,2023,WUR,,,15.2,1.0
UNI02182,2023,WUR,,,16.2,3.0
UNI00696,2023,WUR,,,16.6,23.0
UNI02185,2023,WUR,,,23.4,1.0
UNI00956,2023,WUR,,,32.7,2.0
UNI00812,2023,WUR,,,17.0,12.0
UNI02068,2023,WUR,,,16.8,9.0
UNI01077,2023,WUR,,,17.8,14.0
UNI02187,2023,WUR,,,9.9,1.0
UNI03584,2023,WUR,,,7.1,4.0
UNI02189,2023,WUR,,,20.4,3.0
UNI02190,2023,WUR,,,26.5,1.0
UNI00641,2023,WUR,,,8.0,22.0
UNI02191,2023,WUR,,,18.0,15.0
UNI02192,2023,WUR,,,27.3,3.0
UNI03585,2023,WUR,,,14.2,5.0
UNI00920,2023,WUR,,,20.7,4.0
UNI01079,2023,WUR,,,31.3,9.0
UNI02195,2023,WUR,,,16.9,1.0
UNI03586,2023,WUR,,,21.2,1.0
UNI03587,2023,WUR,,,17.1,2.0
UNI01082,2023,WUR,,,21.3,15.0
UNI00518,2023,WUR,,,8.8,20.0
UNI02199,2023,WUR,,,28.6,0.0
UNI03588,2023,WUR,,,14.9,3.0
UNI02200,2023,WUR,,,13.2,2.0
UNI02074,2023,WUR,,,37.0,4.0
UNI03589,2023,WUR,,,17.6,3.0
UNI01086,2023,WUR,,,18.5,4.0
UNI02201,2023,WUR,,,13.3,2.0
UNI02203,2023,WUR,,,6.6,0.0
UNI02204,2023,WUR,,,15.4,6.0
UNI02205,2023,WUR,,,36.2,4.0
UNI02206,2023,WUR,,,12.8,1.0
UNI01256,2023,WUR,,,9.1,0.0
UNI02207,2023,WUR,,,22.2,1.0
UNI01259,2023,WUR,,,17.4,0.0
UNI02208,2023,WUR,,,13.4,1.0
UNI02209,2023,WUR,,,13.7,1.0
UNI02210,2023,WUR,,,18.4,1.0
UNI01198,2023,WUR,,,13.4,0.0
UNI02212,2023,WUR,,,14.7,0.0
UNI02214,2023,WUR,,,13.7,1.0
UNI02081,2023,WUR,,,15.4,1.0
UNI02215,2023,WUR,,,13.6,1.0
UNI02217,2023,WUR,,,13.3,2.0
UNI02218,2023,WUR,,,30.0,3.0
UNI03590,2023,WUR,,,38.4,2.0
UNI02219,2023,WUR,,,22.0,1.0
UNI03591,2023,WUR,,,14.2,2.0
UNI03592,2023,WUR,,,12.8,1.0
UNI02220,2023,WUR,,,8.1,4.0
UNI02221,2023,WUR,,,20.6,3.0
UNI03593,2023,WUR,,,23.9,2.0
UNI00932,2023,WUR,,,19.9,5.0
UNI02222,2023,WUR,,,22.7,2.0
UNI02224,2023,WUR,,,18.8,3.0
UNI01274,2023,WUR,,,14.9,1.0
UNI01020,2023,WUR,,,7.5,5.0
UNI02226,2023,WUR,,,19.4,0.0
UNI03594,2023,WUR,,,15.3,1.0
UNI01021,2023,WUR,,,7.7,5.0
UNI03595,2023,WUR,,,12.3,3.0
UNI00975,2023,WUR,,,9.4,4.0
UNI01972,2023,WUR,,,18.7,3.0
UNI02230,2023,WUR,,,14.6,1.0
UNI03596,2023,WUR,,,27.9,7.0
UNI02231,2023,WUR,,,36.0,2.0
UNI02232,2023,WUR,,,21.2,13.0
UNI01276,2023,WUR,,,19.3,2.0
UNI02234,2023,WUR,,,39.2,4.0
UNI01217,2023,WUR,,,12.3,3.0
UNI01098,2023,WUR,,,10.5,14.0
UNI02235,2023,WUR,,,34.8,1.0
UNI02236,2023,WUR,,,17.3,3.0
UNI02237,2023,WUR,,,14.1,0.0
UNI02239,2023,WUR,,,49.0,1.0
UNI02240,2023,WUR,,,6.7,3.0
UNI02098,2023,WUR,,,24.7,4.0
UNI03597,2023,WUR,,,20.4,11.0
UNI01282,2023,WUR,,,10.0,1.0
UNI01982,2023,WUR,,,16.1,0.0
UNI03598,2023,WUR,,,17.6,4.0
UNI02241,2023,WUR,,,15.5,2.0
UNI02243,2023,WUR,,,9.9,2.0
UNI02244,2023,WUR,,,2.2,2.0
UNI03599,2023,WUR,,,22.0,3.0
UNI03600,2023,WUR,,,41.8,22.0
UNI00892,2023,WUR,,,14.2,8.0
UNI02245,2023,WUR,,,19.0,4.0
UNI01026,2023,WUR,,,18.1,2.0
UNI01288,2023,WUR,,,15.0,0.0
UNI01291,2023,WUR,,,22.8,0.0
UNI02246,2023,WUR,,,5.2,1.0
UNI02247,2023,WUR,,,20.3,2.0
UNI02248,2023,WUR,,,12.3,3.0
UNI02249,2023,WUR,,,16.0,5.0
UNI02251,2023,WUR,,,17.7,0.0
UNI02252,2023,WUR,,,13.3,11.0
UNI00402,2023,WUR,,,14.1,4.0
UNI02253,2023,WUR,,,11.2,1.0
UNI02255,2023,WUR,,,39.2,0.0
UNI02256,2023,WUR,,,47.2,18.0
UNI02114,2023,WUR,,,13.8,6.0
UNI02258,2023,WUR,,,20.1,3.0
UNI03601,2023,WUR,,,17.9,7.0
UNI00959,2023,WUR,,,14.3,10.0
UNI01295,2023,WUR,,,30.6,6.0
UNI00979,2023,WUR,,,16.5,20.0
UNI02260,2023,WUR,,,21.1,1.0
UNI02261,2023,WUR,,,8.4,4.0
UNI02123,2023,WUR,,,19.5,2.0
UNI02263,2023,WUR,,,43.3,3.0
UNI02264,2023,WUR,,,9.6,2.0
UNI02266,2023,WUR,,,10.6,11.0
UNI00833,2023,WUR,,,23.5,1.0
UNI02269,2023,WUR,,,21.4,10.0
UNI02270,2023,WUR,,,11.1,12.0
UNI00894,2023,WUR,,,6.7,6.0
UNI02128,2023,WUR,,,7.5,4.0
UNI00646,2023,WUR,,,14.8,13.0
UNI02272,2023,WUR,,,23.2,5.0
UNI03602,2023,WUR,,,15.4,4.0
UNI00741,2023,WUR,,,16.8,7.0
UNI02275,2023,WUR,,,56.9,5.0
UNI03603,2023,WUR,,,17.8,8.0
UNI02276,2023,WUR,,,16.1,5.0
UNI00981,2023,WUR,,,7.9,13.0
UNI00808,2023,WUR,,,8.0,3.0
UNI02136,2023,WUR,,,13.0,4.0
UNI02278,2023,WUR,,,11.4,1.0
UNI02280,2023,WUR,,,11.3,3.0
UNI03604,2023,WUR,,,19.1,2.0
UNI02009,2023,WUR,,,19.1,3.0
UNI02281,2023,WUR,,,19.0,1.0
UNI02283,2023,WUR,,,23.3,0.0
UNI02285,2023,WUR,,,12.1,1.0
UNI02286,2023,WUR,,,14.5,7.0
UNI02287,2023,WUR,,,19.2,1.0
UNI02289,2023,WUR,,,11.5,5.0
UNI01307,2023,WUR,,,23.7,3.0
UNI01352,2023,WUR,,,16.4,11.0
UNI01355,2023,WUR,,,17.3,6.0
UNI02290,2023,WUR,,,37.4,17.0
UNI02291,2023,WUR,,,14.5,14.0
UNI01359,2023,WUR,,,20.1,1.0
UNI02292,2023,WUR,,,21.3,3.0
UNI02293,2023,WUR,,,7.8,1.0
UNI02294,2023,WUR,,,26.6,1.0
UNI03605,2023,WUR,,,14.7,1.0
UNI02145,2023,WUR,,,6.0,14.0
UNI01133,2023,WUR,,,11.6,4.0
UNI01229,2023,WUR,,,16.6,15.0
UNI00988,2023,WUR,,,13.0,2.0
UNI03606,2023,WUR,,,10.2,6.0
UNI00828,2023,WUR,,,33.4,21.0
UNI00714,2023,WUR,,,17.3,10.0
UNI02298,2023,WUR,,,9.9,2.0
UNI02300,2023,WUR,,,9.9,3.0
UNI02302,2023,WUR,,,11.3,6.0
UNI02304,2023,WUR,,,1.4,0.0
UNI02306,2023,WUR,,,22.5,2.0
UNI02307,2023,WUR,,,3.2,0.0
UNI02308,2023,WUR,,,13.8,1.0
UNI03607,2023,WUR,,,12.1,5.0
UNI01203,2023,WUR,,,18.3,1.0
UNI03608,2023,WUR,,,19.6,7.0
UNI02148,2023,WUR,,,13.7,1.0
UNI01029,2023,WUR,,,17.5,4.0
UNI02311,2023,WUR,,,14.9,8.0
UNI02150,2023,WUR,,,12.9,2.0
UNI02312,2023,WUR,,,16.8,0.0
UNI02313,2023,WUR,,,23.8,1.0
UNI02151,2023,WUR,,,25.6,4.0
UNI03609,2023,WUR,,,38.1,0.0
UNI02315,2023,WUR,,,9.7,2.0
UNI01321,2023,WUR,,,27.9,6.0
UNI02317,2023,WUR,,,3.1,3.0
UNI01140,2023,WUR,,,10.4,3.0
UNI02318,2023,WUR,,,1.6,0.0
UNI01143,2023,WUR,,,12.4,4.0
UNI02319,2023,WUR,,,6.5,6.0
UNI01145,2023,WUR,,,19.2,4.0
UNI01326,2023,WUR,,,19.8,10.0
UNI02322,2023,WUR,,,24.0,29.0
UNI02324,2023,WUR,,,13.4,2.0
UNI03610,2023,WUR,,,17.4,1.0
UNI02325,2023,WUR,,,14.6,0.0
UNI01327,2023,WUR,,,15.1,2.0
UNI02159,2023,WUR,,,17.5,13.0
UNI01400,2023,WUR,,,35.6,4.0
UNI01330,2023,WUR,,,30.4,2.0
UNI02327,2023,WUR,,,12.5,1.0
UNI01331,2023,WUR,,,22.9,7.0
UNI02328,2023,WUR,,,30.2,3.0
UNI00761,2023,WUR,,,10.0,5.0
UNI01151,2023,WUR,,,12.3,20.0
UNI02329,2023,WUR,,,18.4,0.0
UNI02330,2023,WUR,,,15.9,21.0
UNI02169,2023,WUR,,,19.4,23.0
UNI02331,2023,WUR,,,15.9,5.0
UNI01398,2023,WUR,,,16.3,7.0
UNI02333,2023,WUR,,,10.6,3.0
UNI02171,2023,WUR,,,19.3,1.0
UNI02334,2023,WUR,,,15.0,1.0
UNI03611,2023,WUR,,,11.7,1.0
UNI02279,2023,WUR,,,10.7,9.0
UNI02173,2023,WUR,,,12.8,1.0
UNI02335,2023,WUR,,,13.4,0.0
UNI01159,2023,WUR,,,15.8,4.0
UNI02336,2023,WUR,,,14.6,11.0
UNI01160,2023,WUR,,,9.6,3.0
UNI00899,2023,WUR,,,15.2,6.0
UNI02338,2023,WUR,,,10.5,8.0
UNI00743,2023,WUR,,,24.3,3.0
UNI01161,2023,WUR,,,19.6,10.0
UNI02339,2023,WUR,,,12.0,3.0
UNI02174,2023,WUR,,,10.6,14.0
UNI01339,2023,WUR,,,18.0,1.0
UNI03612,2023,WUR,,,39.6,2.0
UNI01340,2023,WUR,,,20.3,10.0
UNI02039,2023,WUR,,,11.1,2.0
UNI02341,2023,WUR,,,9.8,10.0
UNI02343,2023,WUR,,,26.7,41.0
UNI02344,2023,WUR,,,18.2,0.0
UNI03613,2023,WUR,,,33.6,2.0
UNI01214,2023,WUR,,,15.7,5.0
UNI02346,2023,WUR,,,16.4,6.0
UNI02183,2023,WUR,,,18.5,7.0
UNI02347,2023,WUR,,,11.2,8.0
UNI02349,2023,WUR,,,13.6,2.0
UNI02350,2023,WUR,,,27.8,1.0
UNI02351,2023,WUR,,,11.7,1.0
UNI02352,2023,WUR,,,13.0,11.0
UNI02353,2023,WUR,,,16.6,3.0
UNI00772,2023,WUR,,,8.5,26.0
UNI00926,2023,WUR,,,11.3,14.0
UNI02355,2023,WUR,,,13.6,6.0
UNI00652,2023,WUR,,,18.9,7.0
UNI01421,2023,WUR,,,14.7,4.0
UNI02356,2023,WUR,,,33.6,1.0
UNI01233,2023,WUR,,,19.9,8.0
UNI02357,2023,WUR,,,17.1,4.0
UNI01015,2023,WUR,,,16.4,7.0
UNI02359,2023,WUR,,,16.0,1.0
UNI02361,2023,WUR,,,21.9,1.0
UNI02362,2023,WUR,,,20.3,3.0
UNI02364,2023,WUR,,,8.8,2.0
UNI02365,2023,WUR,,,6.1,5.0
UNI02188,2023,WUR,,,30.3,2.0
UNI01063,2023,WUR,,,13.1,8.0
UNI01426,2023,WUR,,,24.3,6.0
UNI02366,2023,WUR,,,10.9,1.0
UNI00834,2023,WUR,,,16.6,4.0
UNI02369,2023,WUR,,,23.5,0.0
UNI02370,2023,WUR,,,10.9,1.0
UNI02371,2023,WUR,,,20.2,1.0
UNI02373,2023,WUR,,,10.5,4.0
UNI02374,2023,WUR,,,25.7,8.0
UNI01244,2023,WUR,,,22.1,7.0
UNI02375,2023,WUR,,,23.6,2.0
UNI02376,2023,WUR,,,11.7,2.0
UNI02377,2023,WUR,,,11.5,1.0
UNI01245,2023,WUR,,,11.7,3.0
UNI01165,2023,WUR,,,7.9,1.0
UNI02378,2023,WUR,,,15.4,2.0
UNI03614,2023,WUR,,,29.2,0.0
UNI02379,2023,WUR,,,18.9,1.0
UNI01169,2023,WUR,,,10.9,1.0
UNI02380,2023,WUR,,,15.9,0.0
UNI03615,2023,WUR,,,47.3,1.0
UNI03616,2023,WUR,,,45.3,1.0
UNI03617,2023,WUR,,,14.7,0.0
UNI02382,2023,WUR,,,22.4,3.0
UNI02383,2023,WUR,,,14.2,1.0
UNI01054,2023,WUR,,,9.4,0.0
UNI01071,2023,WUR,,,13.3,2.0
UNI03618,2023,WUR,,,13.0,2.0
UNI01399,2023,WUR,,,12.9,0.0
UNI03619,2023,WUR,,,24.4,2.0
UNI01249,2023,WUR,,,40.5,1.0
UNI02384,2023,WUR,,,10.6,4.0
UNI03620,2023,WUR,,,24.8,1.0
UNI02386,2023,WUR,,,23.1,0.0
UNI02387,2023,WUR,,,20.4,1.0
UNI02388,2023,WUR,,,23.5,3.0
UNI02389,2023,WUR,,,12.3,1.0
UNI03621,2023,WUR,,,21.8,1.0
UNI02390,2023,WUR,,,25.3,9.0
UNI02391,2023,WUR,,,17.8,0.0
UNI02392,2023,WUR,,,25.8,0.0
UNI02393,2023,WUR,,,16.6,0.0
UNI02394,2023,WUR,,,22.4,2.0
UNI01257,2023,WUR,,,38.1,6.0
UNI02396,2023,WUR,,,24.3,2.0
UNI02397,2023,WUR,,,23.3,5.0
UNI02398,2023,WUR,,,16.8,2.0
UNI02400,2023,WUR,,,35.3,4.0
UNI02401,2023,WUR,,,9.6,0.0
UNI02402,2023,WUR,,,21.8,6.0
UNI02403,2023,WUR,,,14.0,5.0
UNI02404,2023,WUR,,,12.9,2.0
UNI01493,2023,WUR,,,22.5,4.0
UNI01284,2023,WUR,,,17.8,5.0
UNI02407,2023,WUR,,,24.8,0.0
UNI02408,2023,WUR,,,17.3,2.0
UNI00866,2023,WUR,,,13.5,2.0
UNI02409,2023,WUR,,,1.2,0.0
UNI01085,2023,WUR,,,18.5,4.0
UNI02410,2023,WUR,,,50.4,8.0
UNI02411,2023,WUR,,,16.6,21.0
UNI02412,2023,WUR,,,23.8,2.0
UNI02413,2023,WUR,,,18.7,3.0
UNI01087,2023,WUR,,,12.9,1.0
UNI02414,2023,WUR,,,19.6,3.0
UNI01481,2023,WUR,,,12.9,1.0
UNI02415,2023,WUR,,,23.0,0.0
UNI02416,2023,WUR,,,12.6,0.0
UNI02417,2023,WUR,,,9.0,0.0
UNI02419,2023,WUR,,,25.9,0.0
UNI01300,2023,WUR,,,19.8,1.0
UNI03622,2023,WUR,,,13.6,1.0
UNI03623,2023,WUR,,,20.5,0.0
UNI03624,2023,WUR,,,11.0,0.0
UNI02421,2023,WUR,,,17.1,1.0
UNI02423,2023,WUR,,,16.5,0.0
UNI02425,2023,WUR,,,16.2,0.0
UNI02427,2023,WUR,,,15.6,1.0
UNI02428,2023,WUR,,,17.1,1.0
UNI02429,2023,WUR,,,16.3,0.0
UNI02430,2023,WUR,,,14.3,0.0
UNI03625,2023,WUR,,,17.1,0.0
UNI02242,2023,WUR,,,14.2,1.0
UNI03626,2023,WUR,,,24.6,0.0
UNI02432,2023,WUR,,,16.0,0.0
UNI02433,2023,WUR,,,10.0,0.0
UNI03627,2023,WUR,,,22.7,8.0
UNI03628,2023,WUR,,,13.2,0.0
UNI01269,2023,WUR,,,23.3,7.0
UNI02435,2023,WUR,,,21.1,0.0
UNI03629,2023,WUR,,,22.2,1.0
UNI02437,2023,WUR,,,13.4,0.0
UNI02438,2023,WUR,,,8.0,5.0
UNI02439,2023,WUR,,,9.5,1.0
UNI02440,2023,WUR,,,38.0,11.0
UNI02250,2023,WUR,,,14.0,11.0
UNI01334,2023,WUR,,,21.0,9.0
UNI02442,2023,WUR,,,14.1,1.0
UNI02443,2023,WUR,,,10.8,27.0
UNI03630,2023,WUR,,,17.8,0.0
UNI02446,2023,WUR,,,20.9,1.0
UNI01275,2023,WUR,,,31.1,0.0
UNI03631,2023,WUR,,,51.8,2.0
UNI02447,2023,WUR,,,8.6,4.0
UNI02448,2023,WUR,,,6.8,1.0
UNI02449,2023,WUR,,,22.0,1.0
UNI02451,2023,WUR,,,12.7,3.0
UNI02452,2023,WUR,,,14.8,3.0
UNI01184,2023,WUR,,,13.8,1.0
UNI03632,2023,WUR,,,19.2,2.0
UNI00813,2023,WUR,,,12.6,0.0
UNI02273,2023,WUR,,,27.5,16.0
UNI02456,2023,WUR,,,28.2,4.0
UNI00891,2023,WUR,,,29.1,3.0
UNI02459,2023,WUR,,,13.1,4.0
UNI02277,2023,WUR,,,18.5,3.0
UNI02461,2023,WUR,,,18.1,3.0
UNI02463,2023,WUR,,,40.6,20.0
UNI01106,2023,WUR,,,10.2,2.0
UNI02466,2023,WUR,,,14.8,4.0
UNI02467,2023,WUR,,,12.3,3.0
UNI01220,2023,WUR,,,36.3,0.0
UNI02468,2023,WUR,,,25.8,4.0
UNI00826,2023,WUR,,,18.4,1.0
UNI01290,2023,WUR,,,20.6,1.0
UNI02470,2023,WUR,,,46.2,2.0
UNI02472,2023,WUR,,,45.7,3.0
UNI02473,2023,WUR,,,8.2,1.0
UNI02475,2023,WUR,,,17.5,1.0
UNI01112,2023,WUR,,,12.0,11.0
UNI01406,2023,WUR,,,12.3,0.0
UNI01293,2023,WUR,,,24.8,4.0
UNI02478,2023,WUR,,,21.1,2.0
UNI01113,2023,WUR,,,13.4,6.0
UNI02480,2023,WUR,,,53.1,0.0
UNI02481,2023,WUR,,,24.9,4.0
UNI03633,2023,WUR,,,16.7,8.0
UNI01117,2023,WUR,,,17.8,4.0
UNI01242,2023,WUR,,,16.5,2.0
UNI02484,2023,WUR,,,23.7,5.0
UNI02486,2023,WUR,,,27.3,0.0
UNI02488,2023,WUR,,,30.0,1.0
UNI03634,2023,WUR,,,23.9,1.0
UNI02489,2023,WUR,,,12.6,9.0
UNI02491,2023,WUR,,,14.2,8.0
UNI02301,2023,WUR,,,7.6,5.0
UNI01118,2023,WUR,,,34.2,5.0
UNI02492,2023,WUR,,,30.3,1.0
UNI02493,2023,WUR,,,22.2,1.0
UNI01472,2023,WUR,,,22.9,1.0
UNI02494,2023,WUR,,,21.7,10.0
UNI01407,2023,WUR,,,16.1,5.0
UNI02495,2023,WUR,,,7.5,3.0
UNI02496,2023,WUR,,,19.4,1.0
UNI02497,2023,WUR,,,24.3,2.0
UNI02499,2023,WUR,,,15.9,0.0
UNI02500,2023,WUR,,,18.1,0.0
UNI02501,2023,WUR,,,20.3,6.0
UNI01120,2023,WUR,,,7.1,1.0
UNI01375,2023,WUR,,,30.0,0.0
UNI01005,2023,WUR,,,26.1,0.0
UNI02314,2023,WUR,,,16.3,5.0
UNI01301,2023,WUR,,,16.7,1.0
UNI02316,2023,WUR,,,23.2,4.0
UNI02502,2023,WUR,,,26.3,3.0
UNI02503,2023,WUR,,,14.6,11.0
UNI03635,2023,WUR,,,16.2,1.0
UNI02504,2023,WUR,,,19.0,1.0
UNI02505,2023,WUR,,,23.0,2.0
UNI02506,2023,WUR,,,24.0,4.0
UNI02321,2023,WUR,,,28.2,2.0
UNI01304,2023,WUR,,,16.0,5.0
UNI02508,2023,WUR,,,20.7,1.0
UNI02509,2023,WUR,,,15.7,0.0
UNI02510,2023,WUR,,,25.4,1.0
UNI01227,2023,WUR,,,15.3,1.0
UNI02511,2023,WUR,,,10.4,0.0
UNI02326,2023,WUR,,,14.9,6.0
UNI02512,2023,WUR,,,8.5,2.0
UNI02513,2023,WUR,,,16.0,15.0
UNI01403,2023,WUR,,,17.2,6.0
UNI02514,2023,WUR,,,30.3,1.0
UNI02515,2023,WUR,,,5.5,1.0
UNI02516,2023,WUR,,,12.7,6.0
UNI00746,2023,WUR,,,12.1,1.0
UNI00744,2023,WUR,,,8.5,1.0
UNI01228,2023,WUR,,,14.0,7.0
UNI03636,2023,WUR,,,24.7,0.0
UNI02519,2023,WUR,,,124.7,1.0
UNI02520,2023,WUR,,,15.4,0.0
UNI02521,2023,WUR,,,17.0,0.0
UNI01477,2023,WUR,,,20.7,1.0
UNI02522,2023,WUR,,,24.4,4.0
UNI02523,2023,WUR,,,21.5,2.0
UNI02525,2023,WUR,,,34.0,0.0
UNI00903,2023,WUR,,,11.5,2.0
UNI02527,2023,WUR,,,15.0,1.0
UNI02528,2023,WUR,,,28.1,27.0
UNI02530,2023,WUR,,,15.3,0.0
UNI02531,2023,WUR,,,19.2,4.0
UNI01411,2023,WUR,,,15.6,2.0
UNI02533,2023,WUR,,,15.4,0.0
UNI02535,2023,WUR,,,27.7,2.0
UNI03637,2023,WUR,,,12.1,1.0
UNI02536,2023,WUR,,,15.5,2.0
UNI01315,2023,WUR,,,14.9,6.0
UNI02539,2023,WUR,,,10.4,0.0
UNI00551,2023,WUR,,,9.7,4.0
UNI02541,2023,WUR,,,6.9,1.0
UNI02542,2023,WUR,,,17.7,12.0
UNI02543,2023,WUR,,,7.7,3.0
UNI02544,2023,WUR,,,14.2,4.0
UNI02545,2023,WUR,,,11.9,3.0
UNI02547,2023,WUR,,,21.2,1.0
UNI01417,2023,WUR,,,12.0,3.0
UNI01324,2023,WUR,,,21.0,1.0
UNI02549,2023,WUR,,,20.3,1.0
UNI02551,2023,WUR,,,34.8,4.0
UNI01144,2023,WUR,,,8.8,5.0
UNI02553,2023,WUR,,,25.6,1.0
UNI03638,2023,WUR,,,11.8,12.0
UNI02555,2023,WUR,,,19.6,0.0
UNI02556,2023,WUR,,,9.1,1.0
UNI02558,2023,WUR,,,9.4,1.0
UNI03639,2023,WUR,,,34.8,5.0
UNI01389,2023,WUR,,,21.1,2.0
UNI02560,2023,WUR,,,8.7,0.0
UNI01332,2023,WUR,,,20.5,2.0
UNI01152,2023,WUR,,,11.5,11.0
UNI02563,2023,WUR,,,33.4,1.0
UNI02564,2023,WUR,,,11.6,9.0
UNI02566,2023,WUR,,,12.8,1.0
UNI02567,2023,WUR,,,16.0,1.0
UNI01153,2023,WUR,,,18.2,1.0
UNI02568,2023,WUR,,,12.3,1.0
UNI02569,2023,WUR,,,32.7,1.0
UNI02570,2023,WUR,,,15.5,2.0
UNI02572,2023,WUR,,,28.5,3.0
UNI03640,2023,WUR,,,18.9,1.0
UNI02574,2023,WUR,,,8.1,2.0
UNI02576,2023,WUR,,,24.2,6.0
UNI02385,2023,WUR,,,12.8,2.0
UNI01489,2023,WUR,,,21.6,0.0
UNI01213,2023,WUR,,,19.0,4.0
UNI03641,2023,WUR,,,38.1,11.0
UNI02582,2023,WUR,,,14.1,4.0
UNI02583,2023,WUR,,,18.3,2.0
UNI03642,2023,WUR,,,17.0,3.0
UNI02585,2023,WUR,,,21.7,1.0
UNI03643,2023,WUR,,,14.4,10.0
UNI02399,2023,WUR,,,13.3,1.0
UNI01420,2023,WUR,,,17.7,2.0
UNI02586,2023,WUR,,,33.6,0.0
UNI02405,2023,WUR,,,24.6,6.0
UNI02406,2023,WUR,,,20.3,6.0
UNI01240,2023,WUR,,,11.1,7.0
UNI02587,2023,WUR,,,13.2,1.0
UNI02588,2023,WUR,,,28.2,5.0
UNI03644,2023,WUR,,,25.4,8.0
UNI02420,2023,WUR,,,19.3,1.0
UNI03645,2023,WUR,,,20.1,9.0
UNI02591,2023,WUR,,,21.7,22.0
UNI03646,2023,WUR,,,70.0,0.0
UNI02592,2023,WUR,,,15.4,43.0
UNI03647,2023,WUR,,,11.1,1.0
UNI03648,2023,WUR,,,2.3,1.0
UNI03649,2023,WUR,,,14.3,1.0
UNI02595,2023,WUR,,,15.2,1.0
UNI01782,2023,WUR,,,15.2,0.0
UNI02597,2023,WUR,,,16.4,0.0
UNI03650,2023,WUR,,,22.6,5.0
UNI00631,2023,WUR,,,16.4,82.0
UNI02598,2023,WUR,,,8.5,1.0
UNI02599,2023,WUR,,,20.7,0.0
UNI02600,2023,WUR,,,51.2,0.0
UNI02601,2023,WUR,,,16.8,0.0
UNI03651,2023,WUR,,,11.8,57.0
UNI02602,2023,WUR,,,16.0,0.0
UNI03652,2023,WUR,,,65.9,0.0
UNI02604,2023,WUR,,,22.2,0.0
UNI02606,2023,WUR,,,26.5,0.0
UNI03653,2023,WUR,,,12.9,6.0
UNI02607,2023,WUR,,,16.9,0.0
UNI02609,2023,WUR,,,17.6,1.0
UNI02610,2023,WUR,,,30.9,0.0
UNI03654,2023,WUR,,,20.8,0.0
UNI02612,2023,WUR,,,23.1,0.0
UNI02197,2023,WUR,,,6.2,0.0
UNI02614,2023,WUR,,,40.6,0.0
UNI02615,2023,WUR,,,12.3,6.0
UNI03655,2023,WUR,,,13.7,47.0
UNI02617,2023,WUR,,,26.6,0.0
UNI02618,2023,WUR,,,17.9,26.0
UNI03656,2023,WUR,,,10.1,2.0
UNI02621,2023,WUR,,,8.1,63.0
UNI02622,2023,WUR,,,14.8,2.0
UNI02624,2023,WUR,,,12.6,0.0
UNI02625,2023,WUR,,,12.5,0.0
UNI02626,2023,WUR,,,22.7,0.0
UNI02627,2023,WUR,,,9.5,5.0
UNI02628,2023,WUR,,,17.8,1.0
UNI02629,2023,WUR,,,12.7,80.0
UNI02631,2023,WUR,,,9.6,19.0
UNI02632,2023,WUR,,,31.1,44.0
UNI03657,2023,WUR,,,103.9,64.0
UNI03658,2023,WUR,,,13.3,14.0
UNI02634,2023,WUR,,,14.1,21.0
UNI02436,2023,WUR,,,17.9,1.0
UNI02637,2023,WUR,,,12.8,60.0
UNI02638,2023,WUR,,,12.2,9.0
UNI02639,2023,WUR,,,8.7,5.0
UNI02640,2023,WUR,,,19.9,15.0
UNI02641,2023,WUR,,,8.1,0.0
UNI02643,2023,WUR,,,38.7,31.0
UNI03659,2023,WUR,,,3.7,0.0
UNI02645,2023,WUR,,,18.9,3.0
UNI01070,2023,WUR,,,11.8,2.0
UNI02647,2023,WUR,,,18.8,0.0
UNI02648,2023,WUR,,,20.7,2.0
UNI02650,2023,WUR,,,33.9,0.0
UNI03660,2023,WUR,,,15.0,
UNI03661,2023,WUR,,,14.9,0.0
UNI03662,2023,WUR,,,47.0,7.0
UNI02654,2023,WUR,,,8.4,3.0
UNI02655,2023,WUR,,,35.3,3.0
UNI02062,2023,WUR,,,23.7,9.0
UNI03663,2023,WUR,,,21.2,0.0
UNI02659,2023,WUR,,,17.7,11.0
UNI02661,2023,WUR,,,28.1,0.0
UNI02662,2023,WUR,,,5.2,0.0
UNI02663,2023,WUR,,,7.5,0.0
UNI02665,2023,WUR,,,16.3,2.0
UNI02666,2023,WUR,,,16.6,0.0
UNI02457,2023,WUR,,,18.1,4.0
UNI02668,2023,WUR,,,25.4,4.0
UNI02462,2023,WUR,,,18.2,8.0
UNI02670,2023,WUR,,,16.9,7.0
UNI03664,2023,WUR,,,17.5,5.0
UNI02672,2023,WUR,,,11.8,1.0
UNI02673,2023,WUR,,,21.2,4.0
UNI02675,2023,WUR,,,18.6,1.0
UNI02676,2023,WUR,,,14.6,33.0
UNI02211,2023,WUR,,,11.4,1.0
UNI03665,2023,WUR,,,12.0,0.0
UNI02677,2023,WUR,,,17.3,32.0
UNI02678,2023,WUR,,,26.2,0.0
UNI02680,2023,WUR,,,39.4,2.0
UNI02681,2023,WUR,,,3.6,0.0
UNI01458,2023,WUR,,,27.2,0.0
UNI02216,2023,WUR,,,15.7,0.0
UNI03666,2023,WUR,,,20.6,2.0
UNI03667,2023,WUR,,,32.5,0.0
UNI02683,2023,WUR,,,33.3,0.0
UNI02685,2023,WUR,,,13.0,0.0
UNI02686,2023,WUR,,,14.0,2.0
UNI02688,2023,WUR,,,7.6,83.0
UNI02690,2023,WUR,,,32.8,0.0
UNI03668,2023,WUR,,,25.8,0.0
UNI03669,2023,WUR,,,16.0,0.0
UNI02483,2023,WUR,,,13.5,3.0
UNI03670,2023,WUR,,,4.8,99.0
UNI02693,2023,WUR,,,9.6,13.0
UNI02694,2023,WUR,,,20.5,0.0
UNI02695,2023,WUR,,,14.7,7.0
UNI01260,2023,WUR,,,15.5,3.0
UNI02223,2023,WUR,,,20.2,2.0
UNI03671,2023,WUR,,,4.8,0.0
UNI02697,2023,WUR,,,10.4,35.0
UNI02698,2023,WUR,,,16.2,2.0
UNI02699,2023,WUR,,,12.8,51.0
UNI02701,2023,WUR,,,7.8,68.0
UNI02703,2023,WUR,,,23.3,1.0
UNI02704,2023,WUR,,,18.8,35.0
UNI02705,2023,WUR,,,21.3,2.0
UNI03672,2023,WUR,,,40.2,0.0
UNI02707,2023,WUR,,,15.7,10.0
UNI03673,2023,WUR,,,15.8,4.0
UNI02709,2023,WUR,,,35.1,75.0
UNI01264,2023,WUR,,,21.1,3.0
UNI02711,2023,WUR,,,7.4,0.0
UNI03674,2023,WUR,,,25.6,0.0
UNI02712,2023,WUR,,,16.9,0.0
UNI03675,2023,WUR,,,18.9,0.0
UNI02498,2023,WUR,,,33.9,1.0
UNI02714,2023,WUR,,,29.9,8.0
UNI02715,2023,WUR,,,17.8,6.0
UNI03676,2023,WUR,,,16.1,1.0
UNI03677,2023,WUR,,,28.5,0.0
UNI02228,2023,WUR,,,17.9,0.0
UNI02717,2023,WUR,,,21.9,0.0
UNI03678,2023,WUR,,,30.2,1.0
UNI02719,2023,WUR,,,18.4,2.0
UNI02720,2023,WUR,,,13.3,0.0
UNI00916,2023,WUR,,,27.3,24.0
UNI02722,2023,WUR,,,14.5,0.0
UNI02723,2023,WUR,,,13.5,0.0
UNI02724,2023,WUR,,,142.9,0.0
UNI03679,2023,WUR,,,27.5,0.0
UNI02725,2023,WUR,,,33.1,0.0
UNI02726,2023,WUR,,,8.7,0.0
UNI02728,2023,WUR,,,10.1,0.0
UNI03680,2023,WUR,,,25.3,1.0
UNI02730,2023,WUR,,,9.5,0.0
UNI02233,2023,WUR,,,33.1,0.0
UNI02731,2023,WUR,,,9.4,26.0
UNI02732,2023,WUR,,,40.1,1.0
UNI02733,2023,WUR,,,13.6,2.0
UNI01809,2023,WUR,,,6.7,3.0
UNI03681,2023,WUR,,,21.6,1.0
UNI03682,2023,WUR,,,19.4,10.0
UNI03683,2023,WUR,,,15.4,0.0
UNI03684,2023,WUR,,,19.4,49.0
UNI03685,2023,WUR,,,8.8,50.0
UNI02736,2023,WUR,,,5.7,0.0
UNI03686,2023,WUR,,,13.0,1.0
UNI02739,2023,WUR,,,17.8,14.0
UNI03687,2023,WUR,,,3.3,0.0
UNI02741,2023,WUR,,,21.4,0.0
UNI03688,2023,WUR,,,22.8,0.0
UNI02742,2023,WUR,,,11.8,31.0
UNI02743,2023,WUR,,,39.7,0.0
UNI02745,2023,WUR,,,27.8,0.0
UNI02746,2023,WUR,,,18.7,0.0
UNI03689,2023,WUR,,,29.1,0.0
UNI02747,2023,WUR,,,18.9,0.0
UNI02748,2023,WUR,,,160.6,0.0
UNI03690,2023,WUR,,,10.9,1.0
UNI03691,2023,WUR,,,,
UNI03692,2023,WUR,,,35.9,0.0
UNI01093,2023,WUR,,,10.7,10.0
UNI02749,2023,WUR,,,21.0,2.0
UNI02750,2023,WUR,,,20.5,0.0
UNI02089,2023,WUR,,,17.2,0.0
UNI02751,2023,WUR,,,23.6,0.0
UNI02752,2023,WUR,,,16.0,44.0
UNI01968,2023,WUR,,,17.2,11.0
UNI02753,2023,WUR,,,56.3,0.0
UNI02754,2023,WUR,,,34.8,0.0
UNI02756,2023,WUR,,,0.4,31.0
UNI03693,2023,WUR,,,15.6,3.0
UNI03694,2023,WUR,,,7.3,0.0
UNI02758,2023,WUR,,,5.2,34.0
UNI02760,2023,WUR,,,27.5,3.0
UNI01097,2023,WUR,,,13.3,11.0
UNI02763,2023,WUR,,,23.6,10.0
UNI02534,2023,WUR,,,22.3,1.0
UNI02765,2023,WUR,,,7.2,1.0
UNI03695,2023,WUR,,,23.5,0.0
UNI02767,2023,WUR,,,9.0,5.0
UNI02768,2023,WUR,,,130.9,12.0
UNI02538,2023,WUR,,,12.1,1.0
UNI02770,2023,WUR,,,16.6,0.0
UNI02772,2023,WUR,,,25.4,0.0
UNI00550,2023,WUR,,,17.0,15.0
UNI03696,2023,WUR,,,16.0,7.0
UNI02774,2023,WUR,,,17.1,3.0
UNI02776,2023,WUR,,,8.0,2.0
UNI02778,2023,WUR,,,20.3,0.0
UNI03697,2023,WUR,,,75.2,0.0
UNI02780,2023,WUR,,,22.4,0.0
UNI03698,2023,WUR,,,12.8,15.0
UNI02781,2023,WUR,,,53.2,0.0
UNI02782,2023,WUR,,,2.8,33.0
UNI01102,2023,WUR,,,12.6,11.0
UNI02783,2023,WUR,,,33.3,2.0
UNI02785,2023,WUR,,,41.9,3.0
UNI02787,2023,WUR,,,12.8,4.0
UNI01979,2023,WUR,,,25.5,3.0
UNI02790,2023,WUR,,,9.1,2.0
UNI02792,2023,WUR,,,47.0,1.0
UNI01024,2023,WUR,,,7.7,75.0
UNI02794,2023,WUR,,,19.6,18.0
UNI02796,2023,WUR,,,34.9,1.0
UNI01280,2023,WUR,,,27.9,13.0
UNI02799,2023,WUR,,,23.4,15.0
UNI02800,2023,WUR,,,22.1,1.0
UNI03699,2023,WUR,,,15.9,7.0
UNI02803,2023,WUR,,,16.1,0.0
UNI02805,2023,WUR,,,7.8,42.0
UNI02807,2023,WUR,,,20.1,0.0
UNI03700,2023,WUR,,,18.0,31.0
UNI02565,2023,WUR,,,20.2,0.0
UNI03701,2023,WUR,,,23.4,0.0
UNI02809,2023,WUR,,,7.8,0.0
UNI03702,2023,WUR,,,7.0,30.0
UNI02811,2023,WUR,,,13.3,1.0
UNI03703,2023,WUR,,,21.0,0.0
UNI02573,2023,WUR,,,41.0,15.0
UNI02813,2023,WUR,,,12.6,2.0
UNI02579,2023,WUR,,,17.1,3.0
UNI02581,2023,WUR,,,16.5,0.0
UNI03704,2023,WUR,,,13.6,0.0
UNI02816,2023,WUR,,,5.5,1.0
UNI02818,2023,WUR,,,23.5,3.0
UNI02820,2023,WUR,,,11.3,7.0
UNI03705,2023,WUR,,,31.3,0.0
UNI01353,2023,WUR,,,11.8,0.0
UNI02822,2023,WUR,,,21.6,0.0
UNI02823,2023,WUR,,,16.5,3.0
UNI03706,2023,WUR,,,3.3,0.0
UNI02826,2023,WUR,,,24.8,0.0
UNI02828,2023,WUR,,,14.1,4.0
UNI03707,2023,WUR,,,15.3,4.0
UNI02830,2023,WUR,,,34.3,2.0
UNI02832,2023,WUR,,,31.6,4.0
UNI02834,2023,WUR,,,11.3,5.0
UNI02836,2023,WUR,,,24.7,1.0
UNI03708,2023,WUR,,,30.1,4.0
UNI03709,2023,WUR,,,26.2,3.0
UNI02839,2023,WUR,,,9.4,2.0
UNI02841,2023,WUR,,,19.4,4.0
UNI00941,2023,WUR,,,14.5,17.0
UNI02589,2023,WUR,,,35.2,0.0
UNI02590,2023,WUR,,,37.1,0.0
UNI02843,2023,WUR,,,16.6,1.0
UNI01494,2023,WUR,,,19.9,0.0
UNI02845,2023,WUR,,,13.4,0.0
UNI02847,2023,WUR,,,20.1,1.0
UNI02848,2023,WUR,,,13.7,1.0
UNI02850,2023,WUR,,,15.3,12.0
UNI02852,2023,WUR,,,19.4,12.0
UNI02853,2023,WUR,,,24.8,9.0
UNI02855,2023,WUR,,,9.4,1.0
UNI02857,2023,WUR,,,10.1,1.0
UNI02859,2023,WUR,,,20.2,0.0
UNI02861,2023,WUR,,,15.2,13.0
UNI02863,2023,WUR,,,17.3,23.0
UNI02865,2023,WUR,,,2.2,39.0
UNI02867,2023,WUR,,,22.3,0.0
UNI03710,2023,WUR,,,19.6,0.0
UNI02868,2023,WUR,,,18.1,91.0
UNI02869,2023,WUR,,,1.8,62.0
UNI00976,2023,WUR,,,21.5,45.0
UNI02596,2023,WUR,,,16.6,0.0
UNI02295,2023,WUR,,,13.3,4.0
UNI02871,2023,WUR,,,12.3,0.0
UNI02872,2023,WUR,,,12.8,0.0
UNI03711,2023,WUR,,,17.0,0.0
UNI02873,2023,WUR,,,24.7,13.0
UNI02603,2023,WUR,,,12.0,0.0
UNI02605,2023,WUR,,,11.0,2.0
UNI02877,2023,WUR,,,17.6,2.0
UNI02878,2023,WUR,,,16.1,17.0
UNI03712,2023,WUR,,,6.9,0.0
UNI03713,2023,WUR,,,21.7,0.0
UNI02611,2023,WUR,,,26.7,0.0
UNI02880,2023,WUR,,,18.6,0.0
UNI03714,2023,WUR,,,38.3,9.0
UNI02126,2023,WUR,,,19.8,0.0
UNI02883,2023,WUR,,,15.0,0.0
UNI02885,2023,WUR,,,18.8,6.0
UNI02887,2023,WUR,,,20.1,0.0
UNI02889,2023,WUR,,,11.7,0.0
UNI02890,2023,WUR,,,23.5,0.0
UNI02891,2023,WUR,,,16.9,31.0
UNI02892,2023,WUR,,,30.9,0.0
UNI03715,2023,WUR,,,5.7,0.0
UNI02894,2023,WUR,,,31.2,1.0
UNI02895,2023,WUR,,,11.4,2.0
UNI02896,2023,WUR,,,17.9,0.0
UNI02897,2023,WUR,,,26.4,0.0
UNI02899,2023,WUR,,,54.6,0.0
UNI01121,2023,WUR,,,16.1,15.0
UNI02901,2023,WUR,,,14.7,1.0
UNI03716,2023,WUR,,,5.3,0.0
UNI02903,2023,WUR,,,29.9,8.0
UNI02129,2023,WUR,,,16.9,1.0
UNI02904,2023,WUR,,,14.1,20.0
UNI02906,2023,WUR,,,11.8,0.0
UNI02907,2023,WUR,,,18.1,0.0
UNI02908,2023,WUR,,,31.9,0.0
UNI01441,2023,WUR,,,5.1,24.0
UNI02630,2023,WUR,,,6.2,5.0
UNI02633,2023,WUR,,,10.9,5.0
UNI02913,2023,WUR,,,14.8,2.0
UNI02914,2023,WUR,,,7.2,42.0
UNI02642,2023,WUR,,,5.0,0.0
UNI03717,2023,WUR,,,26.5,2.0
UNI02916,2023,WUR,,,17.7,1.0
UNI02917,2023,WUR,,,8.8,1.0
UNI02919,2023,WUR,,,8.7,2.0
UNI02920,2023,WUR,,,27.3,2.0
UNI02921,2023,WUR,,,18.8,14.0
UNI02923,2023,WUR,,,12.3,6.0
UNI02646,2023,WUR,,,14.9,1.0
UNI02924,2023,WUR,,,11.5,2.0
UNI02925,2023,WUR,,,9.8,3.0
UNI02926,2023,WUR,,,8.1,10.0
UNI02928,2023,WUR,,,26.4,0.0
UNI02651,2023,WUR,,,24.5,0.0
UNI02929,2023,WUR,,,17.9,12.0
UNI02930,2023,WUR,,,25.9,0.0
UNI03718,2023,WUR,,,21.9,0.0
UNI02932,2023,WUR,,,18.4,4.0
UNI02933,2023,WUR,,,17.2,0.0
UNI02935,2023,WUR,,,14.8,1.0
UNI02137,2023,WUR,,,14.4,2.0
UNI02937,2023,WUR,,,13.6,0.0
UNI02939,2023,WUR,,,7.7,1.0
UNI02941,2023,WUR,,,16.9,33.0
UNI02943,2023,WUR,,,11.8,0.0
UNI02944,2023,WUR,,,27.5,0.0
UNI02946,2023,WUR,,,15.8,13.0
UNI02948,2023,WUR,,,3.5,54.0
UNI03719,2023,WUR,,,25.4,0.0
UNI03720,2023,WUR,,,23.0,7.0
UNI02950,2023,WUR,,,20.8,3.0
UNI02951,2023,WUR,,,13.2,0.0
UNI03721,2023,WUR,,,29.4,0.0
UNI02953,2023,WUR,,,6.7,2.0
UNI02955,2023,WUR,,,11.8,0.0
UNI02957,2023,WUR,,,27.0,3.0
UNI02959,2023,WUR,,,18.3,4.0
UNI02960,2023,WUR,,,62.5,2.0
UNI03722,2023,WUR,,,29.7,100.0
UNI02961,2023,WUR,,,17.5,2.0
UNI02963,2023,WUR,,,19.9,21.0
UNI02965,2023,WUR,,,14.1,6.0
UNI02692,2023,WUR,,,20.7,0.0
UNI02968,2023,WUR,,,20.1,36.0
UNI02969,2023,WUR,,,18.5,3.0
UNI03723,2023,WUR,,,16.2,2.0
UNI03724,2023,WUR,,,5.8,0.0
UNI03725,2023,WUR,,,17.3,6.0
UNI02973,2023,WUR,,,16.1,1.0
UNI02975,2023,WUR,,,12.3,2.0
UNI03726,2023,WUR,,,19.4,15.0
UNI02977,2023,WUR,,,39.8,0.0
UNI02979,2023,WUR,,,2.9,0.0
UNI02980,2023,WUR,,,20.6,31.0
UNI02982,2023,WUR,,,9.5,0.0
UNI03727,2023,WUR,,,22.6,30.0
UNI02984,2023,WUR,,,8.4,1.0
UNI02985,2023,WUR,,,31.3,33.0
UNI02706,2023,WUR,,,21.3,1.0
UNI02987,2023,WUR,,,18.7,18.0
UNI02989,2023,WUR,,,20.3,14.0
UNI02990,2023,WUR,,,15.9,36.0
UNI02992,2023,WUR,,,20.9,77.0
UNI02994,2023,WUR,,,10.8,38.0
UNI02995,2023,WUR,,,9.8,47.0
UNI02996,2023,WUR,,,10.8,57.0
UNI02997,2023,WUR,,,10.9,33.0
UNI02998,2023,WUR,,,34.4,4.0
UNI03728,2023,WUR,,,10.7,24.0
UNI02999,2023,WUR,,,20.1,0.0
UNI03001,2023,WUR,,,10.7,1.0
UNI03729,2023,WUR,,,3.9,1.0
UNI03002,2023,WUR,,,17.2,0.0
UNI03004,2023,WUR,,,10.9,0.0
UNI03730,2023,WUR,,,5.4,0.0
UNI01377,2023,WUR,,,35.9,1.0
UNI03006,2023,WUR,,,18.0,0.0
UNI00924,2023,WUR,,,13.3,7.0
UNI03008,2023,WUR,,,35.5,0.0
UNI03009,2023,WUR,,,24.3,6.0
UNI03010,2023,WUR,,,10.3,57.0
UNI03011,2023,WUR,,,32.5,0.0
UNI03013,2023,WUR,,,9.9,1.0
UNI03015,2023,WUR,,,23.0,3.0
UNI03016,2023,WUR,,,38.6,0.0
UNI03018,2023,WUR,,,8.6,1.0
UNI03020,2023,WUR,,,14.1,1.0
UNI03021,2023,WUR,,,29.4,9.0
UNI03023,2023,WUR,,,10.2,1.0
UNI02025,2023,WUR,,,15.0,0.0
UNI03731,2023,WUR,,,10.5,2.0
UNI03025,2023,WUR,,,20.4,6.0
UNI03732,2023,WUR,,,10.5,0.0
UNI03733,2023,WUR,,,18.2,1.0
UNI03028,2023,WUR,,,14.1,0.0
UNI03734,2023,WUR,,,23.8,0.0
UNI03030,2023,WUR,,,16.1,30.0
UNI03032,2023,WUR,,,14.9,3.0
UNI03735,2023,WUR,,,9.5,0.0
UNI03736,2023,WUR,,,18.8,0.0
UNI03737,2023,WUR,,,13.1,0.0
UNI03037,2023,WUR,,,7.4,1.0
UNI02735,2023,WUR,,,23.4,0.0
UNI03040,2023,WUR,,,38.7,0.0
UNI03738,2023,WUR,,,19.6,6.0
UNI02740,2023,WUR,,,10.2,0.0
UNI03044,2023,WUR,,,11.5,2.0
UNI03046,2023,WUR,,,22.9,48.0
UNI03048,2023,WUR,,,18.2,25.0
UNI03050,2023,WUR,,,23.6,18.0
UNI02160,2023,WUR,,,21.8,2.0
UNI03052,2023,WUR,,,16.6,14.0
UNI03054,2023,WUR,,,29.4,0.0
UNI03739,2023,WUR,,,11.4,0.0
UNI03740,2023,WUR,,,24.6,0.0
UNI01148,2023,WUR,,,14.7,5.0
UNI03059,2023,WUR,,,21.9,1.0
UNI03061,2023,WUR,,,17.6,2.0
UNI03062,2023,WUR,,,32.8,11.0
UNI03064,2023,WUR,,,24.3,0.0
UNI03065,2023,WUR,,,27.8,2.0
UNI03066,2023,WUR,,,21.2,1.0
UNI03067,2023,WUR,,,15.5,0.0
UNI03069,2023,WUR,,,7.1,5.0
UNI03070,2023,WUR,,,8.8,2.0
UNI03072,2023,WUR,,,10.1,1.0
UNI03074,2023,WUR,,,12.2,13.0
UNI03741,2023,WUR,,,13.5,0.0
UNI03077,2023,WUR,,,8.9,3.0
UNI03079,2023,WUR,,,10.6,1.0
UNI02744,2023,WUR,,,50.0,0.0
UNI03082,2023,WUR,,,16.1,1.0
UNI03084,2023,WUR,,,14.2,0.0
UNI03086,2023,WUR,,,24.9,0.0
UNI03088,2023,WUR,,,11.7,0.0
UNI03090,2023,WUR,,,19.6,3.0
UNI03742,2023,WUR,,,16.5,1.0
UNI03743,2023,WUR,,,13.8,2.0
UNI03092,2023,WUR,,,28.6,0.0
UNI03093,2023,WUR,,,23.0,0.0
UNI03094,2023,WUR,,,30.3,0.0
UNI03095,2023,WUR,,,22.5,5.0
UNI03096,2023,WUR,,,35.7,1.0
UNI03097,2023,WUR,,,36.7,0.0
UNI03098,2023,WUR,,,13.1,0.0
UNI03100,2023,WUR,,,17.9,11.0
UNI03744,2023,WUR,,,14.2,1.0
UNI02757,2023,WUR,,,8.2,2.0
UNI03103,2023,WUR,,,9.8,31.0
UNI03105,2023,WUR,,,18.8,4.0
UNI03106,2023,WUR,,,22.1,0.0
UNI03107,2023,WUR,,,15.5,4.0
UNI03109,2023,WUR,,,47.5,1.0
UNI03745,2023,WUR,,,20.3,0.0
UNI03111,2023,WUR,,,15.4,0.0
UNI01341,2023,WUR,,,21.4,1.0
UNI03114,2023,WUR,,,13.9,2.0
UNI03116,2023,WUR,,,11.1,28.0
UNI03117,2023,WUR,,,9.7,0.0
UNI03746,2023,WUR,,,12.4,2.0
UNI03119,2023,WUR,,,21.3,5.0
UNI03747,2023,WUR,,,43.3,11.0
UNI03748,2023,WUR,,,19.1,0.0
UNI03122,2023,WUR,,,19.0,1.0
UNI03749,2023,WUR,,,30.4,0.0
UNI03750,2023,WUR,,,16.4,1.0
UNI03123,2023,WUR,,,20.6,1.0
UNI03125,2023,WUR,,,18.0,1.0
UNI03126,2023,WUR,,,28.3,0.0
UNI03127,2023,WUR,,,19.3,33.0
UNI03129,2023,WUR,,,13.2,2.0
UNI03131,2023,WUR,,,7.2,40.0
UNI03133,2023,WUR,,,18.5,1.0
UNI03751,2023,WUR,,,43.6,1.0
UNI03136,2023,WUR,,,13.8,0.0
UNI03138,2023,WUR,,,19.7,25.0
UNI03752,2023,WUR,,,12.5,0.0
UNI03141,2023,WUR,,,7.7,5.0
UNI02186,2023,WUR,,,15.9,42.0
UNI03142,2023,WUR,,,13.7,3.0
UNI01016,2023,WUR,,,18.4,5.0
UNI03144,2023,WUR,,,29.7,29.0
UNI03145,2023,WUR,,,16.8,13.0
UNI02766,2023,WUR,,,11.5,11.0
UNI03148,2023,WUR,,,24.9,12.0
UNI03150,2023,WUR,,,22.0,14.0
UNI03152,2023,WUR,,,7.7,10.0
UNI03154,2023,WUR,,,6.2,33.0
UNI03155,2023,WUR,,,9.8,1.0
UNI03157,2023,WUR,,,12.7,2.0
UNI01424,2023,WUR,,,18.5,1.0
UNI03159,2023,WUR,,,18.6,12.0
UNI03160,2023,WUR,,,33.0,0.0
UNI03161,2023,WUR,,,15.4,1.0
UNI03163,2023,WUR,,,8.8,1.0
UNI03753,2023,WUR,,,,
UNI03754,2023,WUR,,,,
UNI03755,2023,WUR,,,,
UNI03756,2023,WUR,,,,
UNI03757,2023,WUR,,,,
UNI03758,2023,WUR,,,,
UNI03759,2023,WUR,,,,
UNI03760,2023,WUR,,,,
UNI03761,2023,WUR,,,,
UNI03762,2023,WUR,,,,
UNI03763,2023,WUR,,,,
UNI03764,2023,WUR,,,,
UNI03765,2023,WUR,,,,
UNI03766,2023,WUR,,,,
UNI03767,2023,WUR,,,,
UNI03768,2023,WUR,,,,
UNI03769,2023,WUR,,,,
UNI03770,2023,WUR,,,,
UNI03771,2023,WUR,,,,
UNI03772,2023,WUR,,,,
UNI03773,2023,WUR,,,,
UNI03774,2023,WUR,,,,
UNI03775,2023,WUR,,,,
UNI03776,2023,WUR,,,,
UNI03777,2023,WUR,,,,
UNI03778,2023,WUR,,,,
UNI03779,2023,WUR,,,,
UNI03780,2023,WUR,,,,
UNI03781,2023,WUR,,,,
UNI03782,2023,WUR,,,,
UNI03783,2023,WUR,,,,
UNI03784,2023,WUR,,,,
UNI03785,2023,WUR,,,,
UNI03786,2023,WUR,,,,
UNI03787,2023,WUR,,,,
UNI03788,2023,WUR,,,,
UNI03789,2023,WUR,,,,
UNI03790,2023,WUR,,,,
UNI03791,2023,WUR,,,,
UNI03792,2023,WUR,,,,
UNI03793,2023,WUR,,,,
UNI03794,2023,WUR,,,,
UNI03795,2023,WUR,,,,
UNI03796,2023,WUR,,,,
UNI03797,2023,WUR,,,,
UNI03798,2023,WUR,,,,
UNI03799,2023,WUR,,,,
UNI03800,2023,WUR,,,,
UNI03801,2023,WUR,,,,
UNI03802,2023,WUR,,,,
UNI03803,2023,WUR,,,,
UNI03804,2023,WUR,,,,
UNI03805,2023,WUR,,,,
UNI03806,2023,WUR,,,,
UNI03807,2023,WUR,,,,
UNI03808,2023,WUR,,,,
UNI03809,2023,WUR,,,,
UNI03810,2023,WUR,,,,
UNI03811,2023,WUR,,,,
UNI03812,2023,WUR,,,,
UNI03813,2023,WUR,,,,
UNI03814,2023,WUR,,,,
UNI03815,2023,WUR,,,,
UNI03816,2023,WUR,,,,
UNI03817,2023,WUR,,,,
UNI03818,2023,WUR,,,,
UNI03819,2023,WUR,,,,
UNI03820,2023,WUR,,,,
UNI03821,2023,WUR,,,,
UNI03822,2023,WUR,,,,
UNI03823,2023,WUR,,,,
UNI03824,2023,WUR,,,,
UNI03825,2023,WUR,,,,
UNI03826,2023,WUR,,,,
UNI03827,2023,WUR,,,,
UNI03828,2023,WUR,,,,
UNI03829,2023,WUR,,,,
UNI03830,2023,WUR,,,,
UNI03831,2023,WUR,,,,
UNI03832,2023,WUR,,,,
UNI03833,2023,WUR,,,,
UNI03834,2023,WUR,,,,
UNI03835,2023,WUR,,,,
UNI03836,2023,WUR,,,,
UNI03837,2023,WUR,,,,
UNI03838,2023,WUR,,,,
UNI03839,2023,WUR,,,,
UNI03840,2023,WUR,,,,
UNI03841,2023,WUR,,,,
UNI03842,2023,WUR,,,,
UNI03843,2023,WUR,,,,
UNI03844,2023,WUR,,,,
UNI03845,2023,WUR,,,,
UNI03846,2023,WUR,,,,
UNI03847,2023,WUR,,,,
UNI03848,2023,WUR,,,,
UNI03849,2023,WUR,,,,
UNI03850,2023,WUR,,,,
UNI03851,2023,WUR,,,,
UNI03852,2023,WUR,,,,
UNI03853,2023,WUR,,,,
UNI03854,2023,WUR,,,,
UNI03855,2023,WUR,,,,
UNI03856,2023,WUR,,,,
UNI03857,2023,WUR,,,,
UNI03858,2023,WUR,,,,
UNI03859,2023,WUR,,,,
UNI03860,2023,WUR,,,,
UNI03861,2023,WUR,,,,
UNI03862,2023,WUR,,,,
UNI03863,2023,WUR,,,,
UNI03864,2023,WUR,,,,
UNI03865,2023,WUR,,,,
UNI03866,2023,WUR,,,,
UNI03867,2023,WUR,,,,
UNI03868,2023,WUR,,,,
UNI03869,2023,WUR,,,,
UNI03870,2023,WUR,,,,
UNI03871,2023,WUR,,,,
UNI03872,2023,WUR,,,,
UNI03873,2023,WUR,,,,
UNI03874,2023,WUR,,,,
UNI03875,2023,WUR,,,,
UNI03876,2023,WUR,,,,
UNI03877,2023,WUR,,,,
UNI03878,2023,WUR,,,,
UNI03879,2023,WUR,,,,
UNI03880,2023,WUR,,,,
UNI03881,2023,WUR,,,,
UNI03882,2023,WUR,,,,
UNI03883,2023,WUR,,,,
UNI03884,2023,WUR,,,,
