university_id,university_name,country_name,country_code,wb_region,wb_income_group,global_ranking_score,research_impact_score,student_staff_ratio,faculty_student_ratio_score,international_student_percentage,academic_reputation_score,research_productivity_index
U0001,massachusetts institute of technology (mit),United States,US,North America,High income: OECD,100.0,100.0,,,,100.0,
U0002,imperial college london,United Kingdom,GB,Europe & Central Asia,High income: OECD,98.5,93.9,11.8,77.51778360164732,61.0,98.5,95.63499999999999
U0003,university of oxford,United Kingdom,GB,Europe & Central Asia,High income: OECD,96.9,84.8,10.9,81.50505428678397,42.0,100.0,93.67
U0004,harvard university,United States,US,North America,High income: OECD,96.8,100.0,9.0,90.00374391613629,25.0,100.0,99.815
U0005,university of cambridge,United Kingdom,GB,Europe & Central Asia,High income: OECD,96.7,84.6,11.5,78.99663047547735,38.0,100.0,93.34
U0006,stanford university,United States,US,North America,High income: OECD,96.1,99.0,6.4,96.42456008985398,23.0,100.0,98.72999999999999
U0007,eth zurich - swiss federal institute of technology,Switzerland,CH,Europe & Central Asia,High income: OECD,93.9,97.9,,,,98.8,
U0008,national university of singapore (nus),Singapore,SG,East Asia & Pacific,High income: nonOECD,93.7,93.1,,,,99.5,
U0009,ucl,United Kingdom,GB,Europe & Central Asia,High income: OECD,91.6,72.2,11.3,79.95132909022837,61.0,99.5,83.77000000000001
U0010,california institute of technology (caltech),United States,US,North America,High income: OECD,90.9,100.0,,,,96.5,
U0011,university of pennsylvania,United States,US,North America,High income: OECD,90.3,74.0,6.2,96.81767128416323,22.0,96.3,85.39500000000001
U0012,"university of california, berkeley (ucb)",United States,US,North America,High income: OECD,90.1,98.2,,,,100.0,
U0013,the university of melbourne,Australia,AU,East Asia & Pacific,High income: OECD,88.9,93.0,,,,98.5,
U0014,peking university,China (Mainland),CN,East Asia & Pacific,Upper middle income,88.5,97.7,10.9,81.50505428678397,14.0,99.5,94.935
U0015,"nanyang technological university, singapore (ntu)",Singapore,SG,East Asia & Pacific,High income: nonOECD,88.4,92.4,,,,91.9,
U0016,cornell university,United States,US,North America,High income: OECD,87.9,97.5,10.0,86.0539123923624,24.0,98.3,94.445
U0017,the university of hong kong,Hong Kong SAR,HK,East Asia & Pacific,High income: nonOECD,87.6,86.4,,,,97.4,
U0018,the university of sydney,Australia,AU,East Asia & Pacific,High income: OECD,87.3,93.7,23.1,23.418195432422316,51.0,96.4,84.595
U0019,the university of new south wales (unsw sydney),Australia,AU,East Asia & Pacific,High income: OECD,87.1,94.9,,,,90.5,
U0020,tsinghua university,China (Mainland),CN,East Asia & Pacific,Upper middle income,86.5,99.1,11.2,80.49419692998877,10.0,99.2,97.27499999999999
U0021,university of chicago,United States,US,North America,High income: OECD,86.2,60.8,,,,99.1,
U0022,princeton university,United States,US,North America,High income: OECD,85.5,100.0,7.3,94.92699363534257,23.0,99.8,98.965
U0023,yale university,United States,US,North America,High income: OECD,85.2,38.6,5.2,97.60389367278172,21.0,99.9,73.08
U0024,université psl,France,FR,Europe & Central Asia,High income: OECD,84.7,87.6,,,,74.4,
U0025,university of toronto,Canada,CA,North America,High income: OECD,84.1,50.8,25.8,17.63384500187196,27.0,99.7,76.455
U0026,epfl,Switzerland,CH,Europe & Central Asia,High income: OECD,83.5,93.6,,,,84.2,
U0027,the university of edinburgh,United Kingdom,GB,Europe & Central Asia,High income: OECD,83.3,47.7,,,,98.3,
U0028,technical university of munich,Germany,DE,Europe & Central Asia,High income: OECD,83.2,75.9,44.4,2.7892175215275206,39.0,83.0,82.645
U0029,mcgill university,Canada,CA,North America,High income: OECD,83.0,57.9,11.9,76.97491576188693,29.0,94.3,70.66499999999999
U0030,the australian national university,Australia,AU,East Asia & Pacific,High income: OECD,82.4,84.6,,,,93.8,
U0031,seoul national university,South Korea,KR,East Asia & Pacific,High income: OECD,82.3,71.7,16.1,52.639460876076384,13.0,98.5,73.685
U0032,johns hopkins university,United States,US,North America,High income: OECD,82.1,84.2,4.1,98.427555222763,28.0,86.0,90.285
U0033,the university of tokyo,Japan,JP,East Asia & Pacific,High income: OECD,82.1,57.3,10.3,84.5001871958068,15.0,100.0,72.84
U0034,columbia university,United States,US,North America,High income: OECD,82.0,31.7,5.2,97.60389367278172,35.0,99.6,68.42500000000001
U0035,the university of manchester,United Kingdom,GB,Europe & Central Asia,High income: OECD,82.0,45.1,,,,95.6,
U0036,the chinese university of hong kong (cuhk),Hong Kong SAR,HK,East Asia & Pacific,High income: nonOECD,81.3,92.9,,,,86.7,
U0037,monash university,Australia,AU,East Asia & Pacific,High income: OECD,81.2,87.6,43.1,2.995132909022835,38.0,89.2,82.445
U0038,university of british columbia,Canada,CA,North America,High income: OECD,81.0,57.7,19.4,36.70909771621116,34.0,98.3,72.515
U0039,fudan university,China (Mainland),CN,East Asia & Pacific,Upper middle income,80.3,80.7,12.6,73.23099962560839,9.0,85.7,79.50999999999999
U0040,king's college london,United Kingdom,GB,Europe & Central Asia,High income: OECD,80.2,53.6,,,,90.3,
U0041,the university of queensland,Australia,AU,East Asia & Pacific,High income: OECD,80.2,90.2,39.1,4.473979782852866,42.0,86.7,80.86000000000001
U0042,"university of california, los angeles (ucla)",United States,US,North America,High income: OECD,79.8,74.0,,,,100.0,
U0043,new york university (nyu),United States,US,North America,High income: OECD,79.6,28.6,,,,96.3,
U0044,university of michigan-ann arbor,United States,US,North America,High income: OECD,79.0,47.6,8.1,92.86783976038937,16.0,97.9,73.505
U0045,shanghai jiao tong university,China (Mainland),CN,East Asia & Pacific,Upper middle income,77.8,99.6,12.6,73.23099962560839,9.0,84.0,87.565
U0046,institut polytechnique de paris,France,FR,Europe & Central Asia,High income: OECD,77.5,86.1,6.8,95.80681392736803,42.0,44.7,73.7
U0047,the hong kong university of science and technology,Hong Kong SAR,HK,East Asia & Pacific,High income: nonOECD,77.1,99.7,19.9,34.18195432422314,30.0,81.1,84.84
U0048,zhejiang university,China (Mainland),CN,East Asia & Pacific,Upper middle income,77.1,99.5,12.0,76.3010108573568,16.0,75.3,85.83
U0049,delft university of technology,Netherlands,NL,Europe & Central Asia,High income: OECD,77.0,79.7,15.9,54.26806439535754,30.0,74.4,78.375
U0050,kyoto university,Japan,JP,East Asia & Pacific,High income: OECD,76.0,39.3,9.0,90.00374391613629,11.0,98.8,60.224999999999994
U0051,northwestern university,United States,US,North America,High income: OECD,76.0,67.7,13.1,70.46050168476225,18.0,84.0,79.11
U0052,the london school of economics and political science (lse),United Kingdom,GB,Europe & Central Asia,High income: OECD,76.0,69.4,,,,67.2,
U0053,kaist - korea advanced institute of science & technology,South Korea,KR,East Asia & Pacific,High income: OECD,75.7,96.2,,,,87.7,
U0054,university of bristol,United Kingdom,GB,Europe & Central Asia,High income: OECD,75.4,75.9,14.8,60.61400224634967,31.0,75.8,74.46000000000001
U0055,university of amsterdam,Netherlands,NL,Europe & Central Asia,High income: OECD,73.7,92.2,13.2,69.89891426432048,36.0,83.8,83.14
U0056,yonsei university,South Korea,KR,East Asia & Pacific,High income: OECD,72.9,44.1,,,,81.5,
U0057,the hong kong polytechnic university,Hong Kong SAR,HK,East Asia & Pacific,High income: nonOECD,72.1,94.9,30.6,10.819917633845,30.0,68.0,80.52
U0058,carnegie mellon university,United States,US,North America,High income: OECD,72.0,98.9,11.9,76.97491576188693,44.0,69.8,93.89500000000001
U0059,ludwig-maximilians-universität münchen,Germany,DE,Europe & Central Asia,High income: OECD,71.6,50.0,,,,92.2,
U0060,universiti malaya (um),Malaysia,MY,East Asia & Pacific,Upper middle income,71.2,29.1,,,,82.9,
U0061,duke university,United States,US,North America,High income: OECD,70.8,35.1,3.9,98.61475102957694,18.0,86.0,64.725
U0062,city university of hong kong,Hong Kong SAR,HK,East Asia & Pacific,High income: nonOECD,70.7,100.0,13.2,69.89891426432048,67.0,60.9,81.11500000000001
U0063,ku leuven,Belgium,BE,Europe & Central Asia,High income: OECD,70.3,91.0,37.3,5.466117558966676,19.0,84.6,85.59
U0064,sorbonne university,France,FR,Europe & Central Asia,High income: OECD,70.3,72.3,14.5,62.67315612130289,22.0,87.2,71.125
U0065,the university of auckland,New Zealand,NZ,East Asia & Pacific,High income: OECD,69.7,66.9,,,,82.2,
U0066,university of texas at austin,United States,US,North America,High income: OECD,69.5,76.7,16.4,50.861100711344065,8.0,93.5,79.92500000000001
U0067,korea university,South Korea,KR,East Asia & Pacific,High income: OECD,69.0,45.0,16.3,51.535005615874205,31.0,78.2,52.31
U0068,national taiwan university (ntu),Taiwan,TW,,,68.7,44.3,11.1,80.88730812429802,13.0,93.4,54.599999999999994
U0069,the university of warwick,United Kingdom,GB,Europe & Central Asia,High income: OECD,68.2,37.7,,,,72.2,
U0070,university of illinois at urbana-champaign,United States,US,North America,High income: OECD,68.2,77.5,19.6,35.49232497192063,23.0,83.9,80.825
U0071,universidad de buenos aires (uba),Argentina,AR,Latin America & Caribbean,Upper middle income,67.6,1.6,,,,94.1,
U0072,"university of california, san diego (ucsd)",United States,US,North America,High income: OECD,67.1,67.0,,,,89.3,
U0073,université paris-saclay,France,FR,Europe & Central Asia,High income: OECD,67.0,35.0,13.0,71.19056533133659,24.0,60.7,57.735
U0074,kth royal institute of technology,Sweden,SE,Europe & Central Asia,High income: OECD,65.7,86.1,15.9,54.26806439535754,26.0,45.2,74.91999999999999
U0075,lund university,Sweden,SE,Europe & Central Asia,High income: OECD,65.6,44.6,12.0,76.3010108573568,18.0,68.3,59.3
U0076,university of washington,United States,US,North America,High income: OECD,65.3,78.8,10.1,85.62336203669038,16.0,81.9,85.295
U0077,the university of western australia,Australia,AU,East Asia & Pacific,High income: OECD,65.2,98.8,22.4,25.32759266192437,26.0,55.5,78.705
U0078,university of glasgow,United Kingdom,GB,Europe & Central Asia,High income: OECD,65.0,32.5,14.4,63.38450018719581,43.0,77.4,55.33
U0079,brown university,United States,US,North America,High income: OECD,64.7,76.4,10.3,84.5001871958068,19.0,59.9,73.845
U0080,university of birmingham,United Kingdom,GB,Europe & Central Asia,High income: OECD,64.1,40.5,15.2,57.88094346686634,32.0,68.9,57.33
U0081,university of southampton,United Kingdom,GB,Europe & Central Asia,High income: OECD,64.1,83.4,13.0,71.19056533133659,35.0,50.1,74.07000000000001
U0082,the university of adelaide,Australia,AU,East Asia & Pacific,High income: OECD,63.8,87.0,,,,56.0,
U0083,university of leeds,United Kingdom,GB,Europe & Central Asia,High income: OECD,63.8,39.8,14.4,63.38450018719581,32.0,70.5,54.92999999999999
U0084,ruprecht-karls-universität heidelberg,Germany,DE,Europe & Central Asia,High income: OECD,63.7,32.7,,,,76.9,
U0085,tokyo institute of technology (tokyo tech),Japan,JP,East Asia & Pacific,High income: OECD,63.7,43.1,,,,75.1,
U0086,osaka university,Japan,JP,East Asia & Pacific,High income: OECD,63.5,54.9,10.4,84.06963684013478,10.0,82.4,57.58
U0087,"trinity college dublin, the university of dublin",Ireland,IE,Europe & Central Asia,High income: OECD,62.9,58.4,,,,69.5,
U0088,university of technology sydney,Australia,AU,East Asia & Pacific,High income: OECD,62.4,97.7,37.4,5.3725196555597154,25.0,43.9,78.21000000000001
U0089,durham university,United Kingdom,GB,Europe & Central Asia,High income: OECD,61.7,40.9,14.0,65.27517783601647,32.0,59.6,52.81
U0090,pennsylvania state university,United States,US,North America,High income: OECD,61.7,55.4,,,,76.6,
U0091,purdue university,United States,US,North America,High income: OECD,61.7,54.3,,,,63.3,
U0092,universidade de são paulo,Brazil,BR,Latin America & Caribbean,Upper middle income,61.6,28.5,,,,92.8,
U0093,pontificia universidad católica de chile (uc),Chile,CL,Latin America & Caribbean,High income: OECD,61.5,8.8,,,,93.7,
U0094,lomonosov moscow state university,Russia,RU,Europe & Central Asia,High income: nonOECD,61.4,4.1,9.6,87.81355297641333,37.0,78.0,36.435
U0095,universidad nacional autónoma de méxico (unam),Mexico,MX,Latin America & Caribbean,Upper middle income,61.4,2.4,,,,97.0,
U0096,university of alberta,Canada,CA,North America,High income: OECD,61.2,61.3,22.8,24.18569824035942,27.0,57.0,64.16999999999999
U0097,freie universitaet berlin,Germany,DE,Europe & Central Asia,High income: OECD,60.6,71.7,,,,80.3,
U0098,pohang university of science and technology (postech),South Korea,KR,East Asia & Pacific,High income: OECD,60.3,96.9,10.5,83.60164732309995,5.0,45.9,76.08500000000001
U0099,rwth aachen university,Germany,DE,Europe & Central Asia,High income: OECD,59.9,71.9,43.3,2.9576937476600507,29.0,46.6,71.16499999999999
U0100,university of copenhagen,Denmark,DK,Europe & Central Asia,High income: OECD,59.6,23.1,4.3,98.25907899663048,14.0,74.0,49.95
U0101,king fahd university of petroleum & minerals,Saudi Arabia,SA,Middle East & North Africa,High income: nonOECD,59.5,78.0,,,,38.0,
U0102,"kit, karlsruhe institute of technology",Germany,DE,Europe & Central Asia,High income: OECD,59.4,68.4,,,,44.9,
U0103,uppsala university,Sweden,SE,Europe & Central Asia,High income: OECD,59.3,42.3,13.3,69.18757019842757,17.0,61.4,56.495000000000005
U0104,university of st andrews,United Kingdom,GB,Europe & Central Asia,High income: OECD,59.2,49.2,12.4,74.11081991763385,46.0,46.5,54.015
U0105,the university of sheffield,United Kingdom,GB,Europe & Central Asia,High income: OECD,59.1,43.9,,,,58.3,
U0106,utrecht university,Netherlands,NL,Europe & Central Asia,High income: OECD,59.1,79.5,,,,66.5,
U0107,tohoku university,Japan,JP,East Asia & Pacific,High income: OECD,58.8,23.9,11.8,77.51778360164732,12.0,73.8,46.25
U0108,university of nottingham,United Kingdom,GB,Europe & Central Asia,High income: OECD,58.5,37.6,16.0,53.463122426057666,27.0,61.1,53.754999999999995
U0109,technical university of denmark,Denmark,DK,Europe & Central Asia,High income: OECD,58.3,84.4,7.7,93.72894047173344,28.0,33.2,71.15
U0110,university of zurich,Switzerland,CH,Europe & Central Asia,High income: OECD,58.3,40.1,14.7,61.250467989517034,24.0,59.9,57.68000000000001
U0111,politecnico di milano,Italy,IT,Europe & Central Asia,High income: OECD,58.2,40.2,25.7,17.87719955073006,19.0,70.8,51.45
U0112,boston university,United States,US,North America,High income: OECD,58.6,41.3,10.8,82.01048296518158,29.0,61.9,59.03
U0113,aalto university,Finland,FI,Europe & Central Asia,High income: OECD,57.9,73.6,20.4,32.02920254586298,23.0,45.7,64.45
U0114,georgia institute of technology,United States,US,North America,High income: OECD,57.3,52.8,28.0,13.983526769000376,29.0,67.1,72.25999999999999
U0115,university of waterloo,Canada,CA,North America,High income: OECD,57.2,78.9,24.2,20.74129539498315,23.0,40.4,69.74
U0116,university of wisconsin-madison,United States,US,North America,High income: OECD,57.1,23.7,9.9,86.42830400599027,13.0,77.7,54.480000000000004
U0117,university of helsinki,Finland,FI,Europe & Central Asia,High income: OECD,56.8,49.6,15.9,54.26806439535754,5.0,62.3,62.65
U0118,indian institute of technology bombay (iitb),India,IN,South Asia,Lower middle income,56.3,79.1,,,,58.5,
U0119,university of oslo,Norway,NO,Europe & Central Asia,High income: OECD,56.1,55.7,12.5,73.66154998128043,15.0,55.6,63.015
U0120,queen mary university of london,United Kingdom,GB,Europe & Central Asia,High income: OECD,55.8,62.8,14.6,61.924372894047174,45.0,48.3,64.505
U0121,western university,Canada,CA,North America,High income: OECD,55.8,93.4,33.0,8.536128790715091,24.0,32.6,71.17500000000001
U0122,qatar university,Qatar,QA,Middle East & North Africa,High income: nonOECD,55.7,48.2,8.4,91.96929988768252,36.0,29.8,52.59
U0123,rmit university,Australia,AU,East Asia & Pacific,High income: OECD,55.5,77.7,24.0,21.359041557469116,34.0,40.4,64.55
U0124,sungkyunkwan university(skku),South Korea,KR,East Asia & Pacific,High income: OECD,55.5,41.3,,,,57.9,
U0125,university of southern california,United States,US,North America,High income: OECD,55.2,58.0,14.2,64.30175964058404,24.0,50.4,66.905
U0126,humboldt-universität zu berlin,Germany,DE,Europe & Central Asia,High income: OECD,55.0,27.0,,,,89.2,
U0127,university college dublin,Ireland,IE,Europe & Central Asia,High income: OECD,55.0,46.4,20.7,30.756271059528263,25.0,51.4,54.015
U0128,stockholm university,Sweden,SE,Europe & Central Asia,High income: OECD,54.8,64.5,20.3,32.590789966304754,13.0,52.5,65.91
U0129,newcastle university,United Kingdom,GB,Europe & Central Asia,High income: OECD,54.5,38.7,14.8,60.61400224634967,26.0,50.0,53.315
U0130,"university of california, davis",United States,US,North America,High income: OECD,54.4,52.5,13.3,69.18757019842757,18.0,63.0,66.53
U0131,university of basel,Switzerland,CH,Europe & Central Asia,High income: OECD,54.3,94.5,10.4,84.06963684013478,31.0,26.6,74.74000000000001
U0132,sapienza university of rome,Italy,IT,Europe & Central Asia,High income: OECD,54.2,45.3,22.2,25.795582178959187,9.0,80.7,54.43
U0133,alma mater studiorum - university of bologna,Italy,IT,Europe & Central Asia,High income: OECD,54.1,46.6,,,,80.8,
U0134,macquarie university,Australia,AU,East Asia & Pacific,High income: OECD,54.1,79.6,51.7,1.5537251965555998,22.0,33.4,69.16
U0135,university of science and technology of china,China (Mainland),CN,East Asia & Pacific,Upper middle income,54.1,97.7,8.1,92.86783976038937,5.0,50.0,84.33500000000001
U0136,eindhoven university of technology,Netherlands,NL,Europe & Central Asia,High income: OECD,54.0,79.3,21.4,28.491201797079746,27.0,28.7,67.57
U0137,university of vienna,Austria,AT,Europe & Central Asia,High income: OECD,53.9,13.0,37.4,5.3725196555597154,31.0,70.9,45.655
U0138,universiti kebangsaan malaysia (ukm),Malaysia,MY,East Asia & Pacific,Upper middle income,53.8,14.1,,,,61.7,
U0139,chalmers university of technology,Sweden,SE,Europe & Central Asia,High income: OECD,53.7,77.4,15.4,56.77648820666417,17.0,26.3,67.12
U0140,universidad de chile,Chile,CL,Latin America & Caribbean,High income: OECD,53.7,11.2,,,,82.8,
U0141,lancaster university,United Kingdom,GB,Europe & Central Asia,High income: OECD,53.6,69.6,13.9,65.87420441782103,38.0,38.9,65.56
U0142,leiden university,Netherlands,NL,Europe & Central Asia,High income: OECD,53.6,54.5,19.3,37.06476974915762,21.0,68.4,66.995
U0143,rice university,United States,US,North America,High income: OECD,53.6,87.9,9.8,86.95245226506927,26.0,39.1,72.745
U0144,aarhus university,Denmark,DK,Europe & Central Asia,High income: OECD,53.3,63.8,13.5,67.83976038936727,9.0,54.7,67.745
U0145,nanjing university,China (Mainland),CN,East Asia & Pacific,Upper middle income,53.0,93.0,16.7,49.2137776113815,8.0,57.1,80.12
U0146,universiti sains malaysia (usm),Malaysia,MY,East Asia & Pacific,Upper middle income,52.7,19.6,,,,63.3,
U0147,technische universität berlin (tu berlin),Germany,DE,Europe & Central Asia,High income: OECD,52.5,22.1,,,,55.3,
U0148,universiti putra malaysia (upm),Malaysia,MY,East Asia & Pacific,Upper middle income,52.3,25.7,,,,61.0,
U0149,king abdulaziz university (kau),Saudi Arabia,SA,Middle East & North Africa,High income: nonOECD,52.2,34.4,,,,59.8,
U0150,indian institute of technology delhi (iitd),India,IN,South Asia,Lower middle income,52.1,77.4,,,,54.1,
U0151,university of bath,United Kingdom,GB,Europe & Central Asia,High income: OECD,52.1,52.0,15.8,54.867090977162114,31.0,35.8,53.21
U0152,michigan state university,United States,US,North America,High income: OECD,51.9,50.3,16.1,52.639460876076384,11.0,59.5,59.974999999999994
U0153,nagoya university,Japan,JP,East Asia & Pacific,High income: OECD,51.9,25.4,13.0,71.19056533133659,12.0,63.2,43.230000000000004
U0154,texas a&m university,United States,US,North America,High income: OECD,51.8,64.3,20.5,31.542493448146757,6.0,61.2,66.78
U0155,university of geneva,Switzerland,CH,Europe & Central Asia,High income: OECD,51.6,62.4,8.4,91.96929988768252,40.0,45.5,59.935
U0156,"university of north carolina, chapel hill",United States,US,North America,High income: OECD,51.6,47.2,,,,61.4,
U0157,wageningen university & research,Netherlands,NL,Europe & Central Asia,High income: OECD,51.6,41.3,18.1,42.41856982403595,28.0,42.1,60.89999999999999
U0158,erasmus university rotterdam,Netherlands,NL,Europe & Central Asia,High income: OECD,51.5,63.3,36.0,6.196181205540996,25.0,37.0,68.47999999999999
U0159,université de montréal,Canada,CA,North America,High income: OECD,51.3,19.3,20.5,31.542493448146757,22.0,55.5,47.08
U0160,university of groningen,Netherlands,NL,Europe & Central Asia,High income: OECD,51.3,41.2,28.8,12.935230250842377,29.0,52.3,60.125
U0161,university of bern,Switzerland,CH,Europe & Central Asia,High income: OECD,51.2,99.3,18.2,41.913141145638335,16.0,29.7,79.495
U0162,hanyang university,South Korea,KR,East Asia & Pacific,High income: OECD,51.1,28.5,13.2,69.89891426432048,21.0,43.0,41.04
U0163,al-farabi kazakh national university,Kazakhstan,KZ,Europe & Central Asia,Upper middle income,51.0,1.4,5.9,97.07974541370274,10.0,54.2,11.219999999999999
U0164,complutense university of madrid,Spain,ES,Europe & Central Asia,High income: OECD,50.9,7.9,11.8,77.51778360164732,10.0,68.1,28.15
U0165,universitat de barcelona,Spain,ES,Europe & Central Asia,High income: OECD,50.7,38.1,,,,73.7,
U0166,university of liverpool,United Kingdom,GB,Europe & Central Asia,High income: OECD,50.7,36.6,14.2,64.30175964058404,32.0,46.1,52.06
U0167,kyushu university,Japan,JP,East Asia & Pacific,High income: OECD,50.3,27.9,7.7,93.72894047173344,13.0,58.3,40.585
U0168,university of wollongong,Australia,AU,East Asia & Pacific,High income: OECD,50.3,94.6,26.1,16.959940097341818,22.0,29.5,72.595
U0169,ghent university,Belgium,BE,Europe & Central Asia,High income: OECD,50.1,21.5,37.6,5.278921752152755,12.0,53.2,50.67999999999999
U0170,the university of exeter,United Kingdom,GB,Europe & Central Asia,High income: OECD,50.1,42.5,,,,42.9,
U0171,university of cape town,South Africa,ZA,Sub-Saharan Africa,Upper middle income,50.0,46.8,13.6,67.2407338075627,13.0,45.2,57.245000000000005
U0172,university of reading,United Kingdom,GB,Europe & Central Asia,High income: OECD,49.9,65.7,16.6,49.812804193186075,31.0,32.2,61.515
U0173,hokkaido university,Japan,JP,East Asia & Pacific,High income: OECD,49.8,26.0,8.2,92.62448521153127,10.0,59.0,37.65
U0174,curtin university,Australia,AU,East Asia & Pacific,High income: OECD,49.3,84.7,20.8,30.381879445900417,29.0,33.1,68.53
U0175,universitat autònoma de barcelona,Spain,ES,Europe & Central Asia,High income: OECD,49.2,59.5,,,,64.0,
U0176,mcmaster university,Canada,CA,North America,High income: OECD,49.0,35.6,30.9,10.50168476226132,22.0,39.5,55.445
U0177,washington university in st. louis,United States,US,North America,High income: OECD,49.9,47.7,,,,36.3,
U0178,"university of california, santa barbara (ucsb)",United States,US,North America,High income: OECD,48.9,97.8,,,,52.6,
U0179,"the university of newcastle, australia (uon)",Australia,AU,East Asia & Pacific,High income: OECD,48.7,91.7,,,,28.3,
U0180,universidad de los andes,Colombia,CO,Latin America & Caribbean,Upper middle income,48.7,5.9,,,,67.7,
U0181,universiti teknologi malaysia,Malaysia,MY,East Asia & Pacific,Upper middle income,48.5,40.5,12.7,72.85660801198053,26.0,48.6,42.705
U0182,waseda university,Japan,JP,East Asia & Pacific,High income: OECD,48.5,3.8,14.3,63.87120928491201,13.0,60.7,21.465
U0183,hamad bin khalifa university,Qatar,QA,Middle East & North Africa,High income: nonOECD,48.3,100.0,,,,12.9,
U0184,university of york,United Kingdom,GB,Europe & Central Asia,High income: OECD,48.2,40.1,16.1,52.639460876076384,31.0,42.9,54.42
U0185,tecnológico de monterrey,Mexico,MX,Latin America & Caribbean,Upper middle income,48.1,2.4,,,,53.8,
U0186,cardiff university,United Kingdom,GB,Europe & Central Asia,High income: OECD,47.6,30.0,15.0,59.06027704979409,27.0,46.8,48.835
U0187,école normale supérieure de lyon,France,FR,Europe & Central Asia,High income: OECD,47.5,93.5,7.9,93.42942718083115,11.0,29.8,67.255
U0188,keio university,Japan,JP,East Asia & Pacific,High income: OECD,47.4,5.1,10.2,85.00561587420442,8.0,53.0,23.79
U0189,university of ottawa,Canada,CA,North America,High income: OECD,47.3,81.3,27.2,15.16286035192812,26.0,26.2,69.89500000000001
U0190,technische universität wien,Austria,AT,Europe & Central Asia,High income: OECD,47.2,73.8,,,,33.9,
U0191,universität hamburg,Germany,DE,Europe & Central Asia,High income: OECD,47.1,54.7,,,,50.7,
U0192,tongji university,China (Mainland),CN,East Asia & Pacific,Upper middle income,46.9,96.9,11.3,79.95132909022837,15.0,31.8,74.89500000000001
U0193,queen's university at kingston,Canada,CA,North America,High income: OECD,46.8,42.6,,,,40.8,
U0194,university of gothenburg,Sweden,SE,Europe & Central Asia,High income: OECD,46.7,33.6,11.9,76.97491576188693,13.0,35.4,51.18
U0195,wuhan university,China (Mainland),CN,East Asia & Pacific,Upper middle income,46.7,91.9,15.0,59.06027704979409,5.0,39.2,74.635
U0196,emory university,United States,US,North America,High income: OECD,46.6,78.4,4.0,98.50243354548857,19.0,25.2,71.23
U0197,deakin university,Australia,AU,East Asia & Pacific,High income: OECD,46.4,73.6,32.7,8.704605016847623,18.0,31.3,64.4
U0198,universidad autónoma de madrid,Spain,ES,Europe & Central Asia,High income: OECD,46.3,21.0,,,,61.0,
U0199,university of calgary,Canada,CA,North America,High income: OECD,46.3,40.3,18.8,38.581055784350426,24.0,37.9,51.035
U0200,arizona state university,United States,US,North America,High income: OECD,46.2,47.1,,,,48.6,
U0201,king saud university,Saudi Arabia,SA,Middle East & North Africa,High income: nonOECD,46.2,40.0,11.9,76.97491576188693,6.0,39.4,44.09
U0202,american university of sharjah,United Arab Emirates,AE,Middle East & North Africa,High income: nonOECD,33.6,23.9,12.5,73.66154998128043,74.0,20.9,33.24
U0203,université catholique de louvain (uclouvain),Belgium,BE,Europe & Central Asia,High income: OECD,46.0,55.0,,,,48.4,
U0204,university of minnesota twin cities,United States,US,North America,High income: OECD,46.0,41.9,,,,56.8,
U0205,ecole des ponts paristech,France,FR,Europe & Central Asia,High income: OECD,45.8,62.6,,,,8.9,
U0206,queen's university belfast,United Kingdom,GB,Europe & Central Asia,High income: OECD,45.7,40.6,,,,35.4,
U0207,universitas indonesia,Indonesia,ID,East Asia & Pacific,Lower middle income,45.7,2.1,,,,53.8,
U0208,the ohio state university,United States,US,North America,High income: OECD,45.6,31.2,,,,58.6,
U0209,tel aviv university,Israel,IL,Middle East & North Africa,High income: OECD,45.2,99.4,24.2,20.74129539498315,5.0,32.0,77.905
U0210,national tsing hua university,Taiwan,TW,,,45.1,49.6,16.2,52.09659303631599,12.0,54.8,49.245000000000005
U0211,indian institute of science,India,IN,South Asia,Lower middle income,45.0,99.9,9.6,87.81355297641333,1.0,45.7,73.665
U0212,albert-ludwigs-universitaet freiburg,Germany,DE,Europe & Central Asia,High income: OECD,44.8,52.2,,,,43.1,
U0213,queensland university of technology (qut),Australia,AU,East Asia & Pacific,High income: OECD,44.7,59.9,,,,39.8,
U0214,university of otago,New Zealand,NZ,East Asia & Pacific,High income: OECD,44.4,38.8,20.6,31.093223511793333,16.0,45.0,46.754999999999995
U0215,national cheng kung university (ncku),Taiwan,TW,,,44.2,20.3,15.9,54.26806439535754,11.0,51.5,33.64
U0216,university of florida,United States,US,North America,High income: OECD,44.2,32.1,16.7,49.2137776113815,9.0,46.7,52.260000000000005
U0217,la trobe university,Australia,AU,East Asia & Pacific,High income: OECD,44.1,77.7,28.2,13.68401347809809,29.0,23.6,65.495
U0218,"university of maryland, college park",United States,US,North America,High income: OECD,44.0,55.0,17.0,47.69749157618869,9.0,48.6,65.535
U0219,national yang ming chiao tung university,Taiwan,TW,,,43.9,52.7,14.6,61.924372894047174,9.0,32.9,49.81
U0220,universidad nacional de colombia,Colombia,CO,Latin America & Caribbean,Upper middle income,43.9,3.4,,,,71.0,
U0221,vrije universiteit amsterdam,Netherlands,NL,Europe & Central Asia,High income: OECD,43.8,63.7,19.2,37.28940471733433,18.0,39.4,66.68
U0222,eberhard karls universität tübingen,Germany,DE,Europe & Central Asia,High income: OECD,43.7,20.5,,,,46.0,
U0223,indian institute of technology kharagpur (iit-kgp),India,IN,South Asia,Lower middle income,43.7,90.2,,,,34.0,
U0224,friedrich-alexander-universität erlangen-nürnberg,Germany,DE,Europe & Central Asia,High income: OECD,43.6,94.9,,,,25.8,
U0225,loughborough university,United Kingdom,GB,Europe & Central Asia,High income: OECD,43.6,32.4,13.9,65.87420441782103,25.0,29.7,44.35
U0226,university of lausanne,Switzerland,CH,Europe & Central Asia,High income: OECD,43.6,61.0,10.5,83.60164732309995,23.0,28.4,62.43000000000001
U0227,indian institute of technology madras (iitm),India,IN,South Asia,Lower middle income,43.5,70.3,,,,42.4,
U0228,rheinische friedrich-wilhelms-universität bonn,Germany,DE,Europe & Central Asia,High income: OECD,43.5,17.2,,,,52.8,
U0229,chulalongkorn university,Thailand,TH,East Asia & Pacific,Upper middle income,43.4,7.5,12.7,72.85660801198053,3.0,68.2,26.82
U0230,maastricht university,Netherlands,NL,Europe & Central Asia,High income: OECD,43.0,62.8,19.6,35.49232497192063,57.0,23.0,63.13
U0231,universite libre de bruxelles,Belgium,BE,Europe & Central Asia,High income: OECD,43.0,49.9,,,,33.3,
U0232,universidade estadual de campinas (unicamp),Brazil,BR,Latin America & Caribbean,Upper middle income,42.9,24.3,,,,71.8,
U0233,university of twente,Netherlands,NL,Europe & Central Asia,High income: OECD,42.7,61.3,13.9,65.87420441782103,38.0,20.7,59.394999999999996
U0234,technische universität dresden,Germany,DE,Europe & Central Asia,High income: OECD,42.6,28.5,,,,36.3,
U0235,university of waikato,New Zealand,NZ,East Asia & Pacific,High income: OECD,42.5,84.7,20.7,30.756271059528263,26.0,19.1,63.30500000000001
U0236,università di padova,Italy,IT,Europe & Central Asia,High income: OECD,42.3,45.7,,,,58.9,
U0237,university of aberdeen,United Kingdom,GB,Europe & Central Asia,High income: OECD,42.3,32.0,15.3,57.35679520778735,40.0,30.5,45.78
U0238,university of rochester,United States,US,North America,High income: OECD,42.3,33.6,7.3,94.92699363534257,34.0,22.6,50.53
U0239,gadjah mada university,Indonesia,ID,East Asia & Pacific,Lower middle income,41.8,1.7,,,,54.4,
U0240,massey university,New Zealand,NZ,East Asia & Pacific,High income: OECD,41.8,27.4,17.4,45.56345937850992,27.0,30.1,35.955
U0241,politecnico di torino,Italy,IT,Europe & Central Asia,High income: OECD,41.7,51.6,,,,40.2,
U0242,technical university of darmstadt,Germany,DE,Europe & Central Asia,High income: OECD,41.7,70.0,37.0,5.672032946462002,19.0,20.0,60.485
U0243,dartmouth college,United States,US,North America,High income: OECD,41.3,60.6,7.4,94.51516286035194,16.0,22.8,59.66
U0244,victoria university of wellington,New Zealand,NZ,East Asia & Pacific,High income: OECD,41.2,32.1,19.4,36.70909771621116,17.0,42.8,42.125
U0245,university of macau,Macau SAR,MO,East Asia & Pacific,High income: nonOECD,41.1,99.1,18.6,39.666791463871206,41.0,11.9,75.55
U0246,charles university,Czech Republic,CZ,Europe & Central Asia,High income: OECD,41.0,8.0,13.4,68.43878697117185,23.0,45.6,30.259999999999998
U0247,university of sussex,United Kingdom,GB,Europe & Central Asia,High income: OECD,41.0,56.8,17.3,46.106327218270316,34.0,22.6,58.355000000000004
U0248,vanderbilt university,United States,US,North America,High income: OECD,40.8,53.0,3.9,98.61475102957694,17.0,24.4,62.175
U0249,university of navarra,Spain,ES,Europe & Central Asia,High income: OECD,40.7,14.7,14.3,63.87120928491201,26.0,30.6,37.095
U0250,american university of beirut (aub),Lebanon,LB,Middle East & North Africa,Upper middle income,40.6,28.9,,,,28.6,
U0251,taylor's university,Malaysia,MY,East Asia & Pacific,Upper middle income,40.5,10.1,,,,27.0,
U0252,harbin institute of technology,China (Mainland),CN,East Asia & Pacific,Upper middle income,40.3,99.8,10.6,83.05877948333958,6.0,27.1,76.93
U0253,hong kong baptist university,Hong Kong SAR,HK,East Asia & Pacific,High income: nonOECD,40.3,61.4,10.2,85.00561587420442,55.0,18.2,53.974999999999994
U0254,university of göttingen,Germany,DE,Europe & Central Asia,High income: OECD,40.3,16.2,27.4,14.900786222388618,14.0,46.4,48.184999999999995
U0255,griffith university,Australia,AU,East Asia & Pacific,High income: OECD,40.1,62.5,31.6,9.865219019093974,15.0,27.0,58.905
U0256,bandung institute of technology (itb),Indonesia,ID,East Asia & Pacific,Lower middle income,39.9,2.6,15.3,57.35679520778735,3.0,43.2,14.325
U0257,heriot-watt university,United Kingdom,GB,Europe & Central Asia,High income: OECD,39.9,65.2,18.2,41.913141145638335,36.0,17.8,54.07000000000001
U0258,university of warsaw,Poland,PL,Europe & Central Asia,High income: OECD,39.8,5.5,10.9,81.50505428678397,9.0,50.0,26.564999999999998
U0259,case western reserve university,United States,US,North America,High income: OECD,39.7,61.6,8.8,90.88356420816174,25.0,17.2,60.885000000000005
U0260,university of lisbon,Portugal,PT,Europe & Central Asia,High income: OECD,39.6,36.5,18.0,42.83040059902659,16.0,44.0,45.375
U0261,canadian university dubai,United Arab Emirates,AE,Middle East & North Africa,High income: nonOECD,23.5,2.7,,,,20.1,
U0262,university of canterbury | te whare wananga o waitaha,New Zealand,NZ,East Asia & Pacific,High income: OECD,39.4,31.4,,,,34.7,
U0263,indian institute of technology kanpur (iitk),India,IN,South Asia,Lower middle income,39.3,73.3,,,,36.9,
U0264,norwegian university of science and technology,Norway,NO,Europe & Central Asia,High income: OECD,39.1,30.4,15.0,59.06027704979409,9.0,33.2,44.275000000000006
U0265,ucsi university,Malaysia,MY,East Asia & Pacific,Upper middle income,38.8,3.6,,,,27.0,
U0266,universitat pompeu fabra (barcelona),Spain,ES,Europe & Central Asia,High income: OECD,38.8,67.1,,,,31.7,
U0267,university of antwerp,Belgium,BE,Europe & Central Asia,High income: OECD,38.7,48.1,31.8,9.528266566828902,17.0,24.1,57.905
U0268,university of witwatersrand,South Africa,ZA,Sub-Saharan Africa,Upper middle income,38.7,30.5,,,,26.5,
U0269,tianjin university,China (Mainland),CN,East Asia & Pacific,Upper middle income,38.6,99.5,8.9,90.49045301385249,13.0,17.2,74.31
U0270,universiti teknologi petronas (utp),Malaysia,MY,East Asia & Pacific,Upper middle income,38.6,79.0,,,,19.5,
U0271,beijing normal university,China (Mainland),CN,East Asia & Pacific,Upper middle income,38.5,92.6,14.4,63.38450018719581,9.0,33.9,72.445
U0272,radboud university,Netherlands,NL,Europe & Central Asia,High income: OECD,38.4,66.0,,,,28.0,
U0273,university college cork,Ireland,IE,Europe & Central Asia,High income: OECD,38.3,28.5,21.1,29.483339573193557,16.0,30.1,43.06
U0274,university of galway,Ireland,IE,Europe & Central Asia,High income: OECD,38.3,13.2,26.1,16.959940097341818,16.0,26.2,36.285
U0275,dalhousie university,Canada,CA,North America,High income: OECD,38.2,53.5,14.7,61.250467989517034,27.0,19.4,52.185
U0276,university of massachusetts amherst,United States,US,North America,High income: OECD,38.2,48.8,,,,38.2,
U0277,university of pittsburgh,United States,US,North America,High income: OECD,38.2,31.3,,,,35.0,
U0278,university of porto,Portugal,PT,Europe & Central Asia,High income: OECD,38.1,59.6,16.9,48.221639835267695,17.0,41.3,54.005
U0279,vrije universiteit brussel (vub),Belgium,BE,Europe & Central Asia,High income: OECD,38.1,18.2,,,,23.3,
U0280,ulsan national institute of science and technology (unist),South Korea,KR,East Asia & Pacific,High income: OECD,38.0,98.1,11.8,77.51778360164732,9.0,13.6,74.77
U0281,the hebrew university of jerusalem,Israel,IL,Middle East & North Africa,High income: OECD,37.9,19.4,,,,32.8,
U0282,university of strathclyde,United Kingdom,GB,Europe & Central Asia,High income: OECD,37.9,31.8,16.3,51.535005615874205,25.0,25.9,42.945
U0283,université paris 1 panthéon-sorbonne,France,FR,Europe & Central Asia,High income: OECD,37.5,2.9,,,,65.6,
U0284,southern university of science and technology,China (Mainland),CN,East Asia & Pacific,Upper middle income,37.3,98.8,,,,9.3,
U0285,middle east technical university,Turkey,TR,Europe & Central Asia,Upper middle income,37.2,22.3,21.2,29.146387120928495,12.0,31.2,37.405
U0286,universidad carlos iii de madrid (uc3m),Spain,ES,Europe & Central Asia,High income: OECD,37.2,4.1,,,,33.5,
U0287,university of cologne,Germany,DE,Europe & Central Asia,High income: OECD,37.2,29.3,28.7,13.084986896293527,17.0,35.2,49.605
U0288,university of leicester,United Kingdom,GB,Europe & Central Asia,High income: OECD,37.2,43.4,13.9,65.87420441782103,31.0,19.8,53.205
U0289,university of milan,Italy,IT,Europe & Central Asia,High income: OECD,37.2,39.6,21.8,27.293148633470608,7.0,52.8,48.795
U0290,university of surrey,United Kingdom,GB,Europe & Central Asia,High income: OECD,37.2,55.2,16.3,51.535005615874205,33.0,19.7,56.155
U0291,swinburne university of technology,Australia,AU,East Asia & Pacific,High income: OECD,37.1,86.5,28.5,13.290902283788842,24.0,13.9,69.325
U0292,university of bergen,Norway,NO,Europe & Central Asia,High income: OECD,37.1,28.3,13.0,71.19056533133659,11.0,31.6,44.235
U0293,the university of arizona,United States,US,North America,High income: OECD,37.0,38.8,,,,37.3,
U0294,university of tasmania,Australia,AU,East Asia & Pacific,High income: OECD,37.0,59.8,22.5,24.990640209659297,31.0,16.0,57.86
U0295,xian jiaotong university,China (Mainland),CN,East Asia & Pacific,Upper middle income,36.9,89.5,,,,19.0,
U0296,stellenbosch university,South Africa,ZA,Sub-Saharan Africa,Upper middle income,36.7,61.9,25.7,17.87719955073006,7.0,26.1,57.81
U0297,university of virginia,United States,US,North America,High income: OECD,36.6,29.1,,,,37.3,
U0298,bauman moscow state technical university,Russia,RU,Europe & Central Asia,High income: nonOECD,36.5,1.4,6.6,96.1437663796331,18.0,36.2,21.45
U0299,swansea university,United Kingdom,GB,Europe & Central Asia,High income: OECD,36.5,27.9,16.8,48.68962935230251,21.0,23.1,44.155
U0300,huazhong university of science and technology,China (Mainland),CN,East Asia & Pacific,Upper middle income,36.4,99.9,15.5,56.34593785099214,4.0,20.4,79.29500000000002
U0301,georgetown university,United States,US,North America,High income: OECD,36.3,14.0,10.1,85.62336203669038,18.0,29.3,39.825
U0302,beijing institute of technology,China (Mainland),CN,East Asia & Pacific,Upper middle income,35.9,82.0,13.4,68.43878697117185,8.0,23.2,66.875
U0303,université paris cité,France,FR,Europe & Central Asia,High income: OECD,35.9,87.0,16.9,48.221639835267695,18.0,27.8,72.39500000000001
U0304,linköping university,Sweden,SE,Europe & Central Asia,High income: OECD,35.8,45.4,14.9,59.86521901909397,15.0,18.5,54.214999999999996
U0305,universidade federal do rio de janeiro,Brazil,BR,Latin America & Caribbean,Upper middle income,35.8,7.8,,,,61.9,
U0306,aalborg university,Denmark,DK,Europe & Central Asia,High income: OECD,35.7,53.2,14.9,59.86521901909397,12.0,19.9,57.78
U0307,"university of california, irvine",United States,US,North America,High income: OECD,35.5,40.7,16.2,52.09659303631599,26.0,37.5,58.41
U0308,airlangga university,Indonesia,ID,East Asia & Pacific,Lower middle income,35.3,1.5,,,,37.1,
U0309,goethe-university frankfurt am main,Germany,DE,Europe & Central Asia,High income: OECD,35.2,15.9,,,,43.2,
U0310,universität innsbruck,Austria,AT,Europe & Central Asia,High income: OECD,35.2,9.3,,,,20.3,
U0311,north carolina state university,United States,US,North America,High income: OECD,35.1,63.4,15.9,54.26806439535754,11.0,26.7,58.175
U0312,jagiellonian university,Poland,PL,Europe & Central Asia,High income: OECD,35.0,5.5,8.8,90.88356420816174,11.0,37.8,26.275
U0313,university of johannesburg,South Africa,ZA,Sub-Saharan Africa,Upper middle income,35.0,24.9,26.5,16.15499812804193,13.0,17.7,39.364999999999995
U0314,universität stuttgart,Germany,DE,Europe & Central Asia,High income: OECD,34.9,55.2,,,,23.1,
U0315,quaid-i-azam university,Pakistan,PK,South Asia,Lower middle income,34.8,93.6,20.3,32.590789966304754,1.0,17.3,66.925
U0316,rudn university,Russia,RU,Europe & Central Asia,High income: nonOECD,34.7,2.1,15.6,55.803070011231746,32.0,24.4,20.415
U0317,shandong university,China (Mainland),CN,East Asia & Pacific,Upper middle income,34.7,88.2,,,,16.6,
U0318,university of notre dame,United States,US,North America,High income: OECD,34.7,29.2,10.9,81.50505428678397,12.0,25.8,45.614999999999995
U0319,simon fraser university,Canada,CA,North America,High income: OECD,34.6,36.6,26.8,15.574691126918761,31.0,24.0,48.535
U0320,university of colorado boulder,United States,US,North America,High income: OECD,34.4,34.9,16.5,50.33695245226507,8.0,36.1,54.275
U0321,l.n. gumilyov eurasian national university (enu),Kazakhstan,KZ,Europe & Central Asia,Upper middle income,34.2,1.4,,,,34.4,
U0322,national technical university of athens,Greece,GR,Europe & Central Asia,High income: OECD,34.2,76.0,20.3,32.590789966304754,6.0,21.3,53.225
U0323,universidad politécnica de madrid (upm),Spain,ES,Europe & Central Asia,High income: OECD,34.2,11.4,,,,31.3,
U0324,university of miami,United States,US,North America,High income: OECD,34.1,39.3,10.4,84.06963684013478,14.0,19.0,48.665
U0325,university of southern denmark (sdu),Denmark,DK,Europe & Central Asia,High income: OECD,34.1,49.3,,,,20.2,
U0326,daegu gyeongbuk institute of science and technology (dgist),South Korea,KR,East Asia & Pacific,High income: OECD,34.0,99.9,6.3,96.63047547734931,4.0,10.5,69.775
U0327,istanbul technical university,Turkey,TR,Europe & Central Asia,Upper middle income,34.0,17.0,25.8,17.63384500187196,14.0,27.0,32.56
U0328,kyung hee university,South Korea,KR,East Asia & Pacific,High income: OECD,33.8,15.1,17.6,44.5900411830775,30.0,23.2,37.79
U0329,rutgers universitynew brunswick,United States,US,North America,High income: OECD,33.8,12.8,,,,36.2,
U0330,university of delhi,India,IN,South Asia,Lower middle income,33.8,25.9,23.8,21.86447023586672,1.0,38.1,28.58
U0331,sun yat-sen university,China (Mainland),CN,East Asia & Pacific,Upper middle income,33.7,49.5,15.2,57.88094346686634,5.0,31.8,54.425
U0332,abu dhabi university,United Arab Emirates,AE,Middle East & North Africa,High income: nonOECD,24.1,16.7,10.9,81.50505428678397,60.0,15.9,38.629999999999995
U0333,university of east anglia (uea),United Kingdom,GB,Europe & Central Asia,High income: OECD,33.6,58.7,,,,17.2,
U0334,université grenoble alpes,France,FR,Europe & Central Asia,High income: OECD,33.5,41.7,18.4,40.696368401347804,17.0,44.7,46.67
U0335,indian institute of technology roorkee (iitr),India,IN,South Asia,Lower middle income,33.4,93.8,,,,19.4,
U0336,flinders university,Australia,AU,East Asia & Pacific,High income: OECD,33.3,51.8,29.4,12.354923249719207,33.0,13.5,52.71
U0337,lappeenranta-lahti university of technology lut,Finland,FI,Europe & Central Asia,High income: OECD,33.3,97.6,31.6,9.865219019093974,14.0,6.4,74.81
U0338,sichuan university,China (Mainland),CN,East Asia & Pacific,Upper middle income,33.3,98.5,15.9,54.26806439535754,5.0,20.4,76.78
U0339,university of the philippines,Philippines,PH,East Asia & Pacific,Lower middle income,33.3,1.9,11.1,80.88730812429802,0.0,36.3,15.79
U0340,university of saskatchewan,Canada,CA,North America,High income: OECD,33.2,57.0,18.1,42.41856982403595,21.0,11.1,50.81
U0341,university of south australia,Australia,AU,East Asia & Pacific,High income: OECD,33.2,31.9,30.2,11.119430924747286,17.0,21.3,46.265
U0342,brunel university london,United Kingdom,GB,Europe & Central Asia,High income: OECD,33.0,46.5,17.9,43.20479221265444,40.0,11.1,48.05
U0343,sharif university of technology,"Iran, Islamic Republic of",IR,Middle East & North Africa,Upper middle income,33.0,99.9,21.8,27.293148633470608,2.0,11.5,72.625
U0344,indian institute of technology guwahati (iitg),India,IN,South Asia,Lower middle income,32.9,97.6,,,,18.8,
U0345,tufts university,United States,US,North America,High income: OECD,32.9,45.7,10.5,83.60164732309995,16.0,16.9,52.405
U0346,university of oulu,Finland,FI,Europe & Central Asia,High income: OECD,32.9,59.4,20.8,30.381879445900417,8.0,15.1,58.155
U0347,tilburg university,Netherlands,NL,Europe & Central Asia,High income: OECD,32.8,55.1,32.2,9.09771621115687,21.0,14.7,57.78
U0348,university of naples - federico ii,Italy,IT,Europe & Central Asia,High income: OECD,32.8,65.1,,,,36.6,
U0349,university of victoria (uvic),Canada,CA,North America,High income: OECD,32.6,62.5,,,,17.0,
U0350,cairo university,Egypt,EG,Middle East & North Africa,Lower middle income,32.5,3.0,30.9,10.50168476226132,5.0,45.8,22.65
U0351,sciences po,France,FR,Europe & Central Asia,High income: OECD,32.5,2.8,42.6,3.2572070385623375,32.0,16.8,25.104999999999997
U0352,"city, university of london",United Kingdom,GB,Europe & Central Asia,High income: OECD,32.4,31.2,19.5,36.09135155372519,45.0,20.8,42.945
U0353,national university of sciences and technology (nust) islamabad,Pakistan,PK,South Asia,Lower middle income,32.3,14.5,,,,20.4,
U0354,university of pretoria,South Africa,ZA,Sub-Saharan Africa,Upper middle income,32.2,15.5,22.1,26.095095469861473,6.0,23.9,32.379999999999995
U0355,indiana university bloomington,United States,US,North America,High income: OECD,32.1,29.1,,,,33.4,
U0356,university of coimbra,Portugal,PT,Europe & Central Asia,High income: OECD,32.1,49.8,18.4,40.696368401347804,15.0,29.4,48.26500000000001
U0357,university of luxembourg,Luxembourg,LU,Europe & Central Asia,High income: OECD,32.1,25.2,21.3,28.828154249344816,49.0,9.2,43.394999999999996
U0358,university of tartu,Estonia,EE,Europe & Central Asia,High income: OECD,32.0,10.8,9.0,90.00374391613629,12.0,22.9,37.075
U0359,gwangju institute of science and technology (gist),South Korea,KR,East Asia & Pacific,High income: OECD,31.9,100.0,9.5,88.22538375140397,7.0,13.8,66.435
U0360,pontificia universidad católica del perú,Peru,PE,Latin America & Caribbean,Upper middle income,31.9,1.6,,,,48.4,
U0361,university of aveiro,Portugal,PT,Europe & Central Asia,High income: OECD,31.9,90.6,16.3,51.535005615874205,11.0,13.9,61.135000000000005
U0362,sultan qaboos university,Oman,OM,Middle East & North Africa,High income: nonOECD,31.7,21.9,9.2,89.25496068888057,4.0,18.6,32.105000000000004
U0363,xiamen university,China (Mainland),CN,East Asia & Pacific,Upper middle income,31.7,72.2,15.1,58.36765256458255,2.0,23.6,61.53
U0364,york university,Canada,CA,North America,High income: OECD,31.7,22.6,29.1,12.748034444028455,28.0,22.7,39.955
U0365,saint petersburg state university,Russia,RU,Europe & Central Asia,High income: nonOECD,31.6,4.6,,,,36.3,
U0366,university of illinois at chicago (uic),United States,US,North America,High income: OECD,31.6,23.3,,,,38.5,
U0367,westfälische wilhelms-universität münster,Germany,DE,Europe & Central Asia,High income: OECD,31.5,10.0,,,,31.6,
U0368,mahidol university,Thailand,TH,East Asia & Pacific,Upper middle income,31.4,4.7,8.9,90.49045301385249,5.0,44.1,22.205
U0369,university of jordan,Jordan,JO,Middle East & North Africa,Upper middle income,31.4,3.5,,,,32.9,
U0370,university of tehran,"Iran, Islamic Republic of",IR,Middle East & North Africa,Upper middle income,31.4,79.1,26.6,15.930363159865223,2.0,20.6,59.555
U0371,george washington university,United States,US,North America,High income: OECD,31.3,27.5,13.0,71.19056533133659,14.0,25.2,44.995000000000005
U0372,lincoln university,New Zealand,NZ,East Asia & Pacific,High income: OECD,31.3,52.1,14.5,62.67315612130289,33.0,8.2,47.285000000000004
U0373,universitat politècnica de catalunya · barcelonatech (upc),Spain,ES,Europe & Central Asia,High income: OECD,31.3,16.7,,,,31.8,
U0374,university of turin,Italy,IT,Europe & Central Asia,High income: OECD,31.3,33.3,29.5,12.092849120179705,6.0,41.5,44.980000000000004
U0375,university of florence,Italy,IT,Europe & Central Asia,High income: OECD,31.2,46.6,24.0,21.359041557469116,10.0,34.6,50.33
U0376,university of turku,Finland,FI,Europe & Central Asia,High income: OECD,31.2,29.3,15.7,55.29764133283415,6.0,27.8,44.76
U0377,nankai university,China (Mainland),CN,East Asia & Pacific,Upper middle income,31.1,82.9,11.7,77.94833395731936,7.0,18.5,65.47500000000001
U0378,pontificia universidad javeriana,Colombia,CO,Latin America & Caribbean,Upper middle income,31.1,1.6,,,,45.3,
U0379,university of tsukuba,Japan,JP,East Asia & Pacific,High income: OECD,31.1,17.3,12.1,75.739423436915,16.0,36.6,34.905
U0380,technische universität bergakademie freiberg,Germany,DE,Europe & Central Asia,High income: OECD,30.8,99.1,,,,4.9,
U0381,university of kent,United Kingdom,GB,Europe & Central Asia,High income: OECD,30.8,45.7,18.0,42.83040059902659,27.0,15.4,47.83
U0382,university of pisa,Italy,IT,Europe & Central Asia,High income: OECD,30.7,38.8,20.9,30.101085735679522,5.0,40.4,46.565
U0383,anna university,India,IN,South Asia,Lower middle income,30.6,100.0,13.1,70.46050168476225,1.0,10.0,67.305
U0384,western sydney university,Australia,AU,East Asia & Pacific,High income: OECD,30.5,31.0,41.8,3.5005615874204365,21.0,19.9,45.42
U0385,south china university of technology,China (Mainland),CN,East Asia & Pacific,Upper middle income,30.4,97.8,12.6,73.23099962560839,6.0,12.1,73.29
U0386,universiti brunei darussalam (ubd),Brunei,BN,East Asia & Pacific,High income: nonOECD,30.4,9.9,,,,20.2,
U0387,belarusian state university,Belarus,BY,Europe & Central Asia,Upper middle income,30.3,1.3,7.6,93.99101460127292,19.0,28.4,8.795
U0388,universidade nova de lisboa,Portugal,PT,Europe & Central Asia,High income: OECD,30.2,23.9,,,,28.7,
U0389,università vita-salute san raffaele,Italy,IT,Europe & Central Asia,High income: OECD,30.1,88.5,,,,3.3,
U0390,university of cyprus (ucy),Cyprus,CY,Europe & Central Asia,High income: nonOECD,30.1,75.0,,,,10.0,
U0391,virginia polytechnic institute and state university,United States,US,North America,High income: OECD,30.1,28.4,18.6,39.666791463871206,13.0,26.4,44.849999999999994
U0392,national taiwan university of science and technology (taiwan tech),Taiwan,TW,,,30.0,29.4,18.5,40.24709846499438,19.0,27.6,40.625
U0393,national and kapodistrian university of athens,Greece,GR,Europe & Central Asia,High income: OECD,29.9,31.0,34.0,7.712467240733812,11.0,26.7,40.09
U0394,"university of california, santa cruz",United States,US,North America,High income: OECD,29.9,65.3,24.2,20.74129539498315,12.0,17.7,63.375
U0395,"university of rome ""tor vergata""",Italy,IT,Europe & Central Asia,High income: OECD,29.9,47.2,,,,31.3,
U0396,northeastern university,United States,US,North America,High income: OECD,29.7,24.6,,,,19.2,
U0397,ruhr-universität bochum,Germany,DE,Europe & Central Asia,High income: OECD,29.7,53.4,,,,20.3,
U0398,sejong university,South Korea,KR,East Asia & Pacific,High income: OECD,29.7,76.9,18.9,38.169225009359785,15.0,10.8,66.33500000000001
U0399,université de liège,Belgium,BE,Europe & Central Asia,High income: OECD,29.7,38.0,,,,17.0,
U0400,university of southern queensland,Australia,AU,East Asia & Pacific,High income: OECD,29.7,73.1,24.8,19.35604642456009,15.0,8.8,60.305
U0401,kazan (volga region) federal university,Russia,RU,Europe & Central Asia,High income: nonOECD,29.6,2.4,,,,23.6,
U0402,koç university,Turkey,TR,Europe & Central Asia,Upper middle income,29.6,32.4,19.5,36.09135155372519,9.0,24.3,44.36
U0403,amirkabir university of technology,"Iran, Islamic Republic of",IR,Middle East & North Africa,Upper middle income,29.5,100.0,20.2,33.11493822538375,3.0,5.2,71.045
U0404,university of canberra,Australia,AU,East Asia & Pacific,High income: OECD,29.5,51.2,34.4,7.450393111194309,23.0,14.3,52.14000000000001
U0405,institut national des sciences appliquées de lyon (insa),France,FR,Europe & Central Asia,High income: OECD,29.3,60.6,,,,7.4,
U0406,satbayev university,Kazakhstan,KZ,Europe & Central Asia,Upper middle income,29.3,1.2,12.4,74.11081991763385,5.0,27.8,6.385
U0407,usi - università della svizzera italiana,Switzerland,CH,Europe & Central Asia,High income: OECD,29.3,40.7,,,,6.1,
U0408,"birkbeck, university of london",United Kingdom,GB,Europe & Central Asia,High income: OECD,29.1,57.1,12.5,73.66154998128043,41.0,10.0,52.735
U0409,masaryk university,Czech Republic,CZ,Europe & Central Asia,High income: OECD,29.1,13.8,18.4,40.696368401347804,23.0,23.5,28.895000000000003
U0410,hse university,Russia,RU,Europe & Central Asia,High income: nonOECD,29.0,1.8,18.6,39.666791463871206,12.0,24.0,30.444999999999997
U0411,the american university in cairo,Egypt,EG,Middle East & North Africa,Lower middle income,29.0,5.2,,,,32.1,
U0412,auckland university of technology (aut),New Zealand,NZ,East Asia & Pacific,High income: OECD,28.9,21.7,,,,19.3,
U0413,graz university of technology,Austria,AT,Europe & Central Asia,High income: OECD,28.8,11.1,8.2,92.62448521153127,24.0,14.7,24.805
U0414,yeshiva university,United States,US,North America,High income: OECD,28.8,91.6,,,,3.1,
U0415,concordia university,Canada,CA,North America,High income: OECD,28.7,17.5,34.6,7.13216023961063,34.0,15.8,33.805
U0416,oxford brookes university,United Kingdom,GB,Europe & Central Asia,High income: OECD,28.6,7.0,14.0,65.27517783601647,25.0,30.7,25.810000000000002
U0417,technion - israel institute of technology,Israel,IL,Middle East & North Africa,High income: OECD,28.6,20.1,,,,23.9,
U0418,university of dundee,United Kingdom,GB,Europe & Central Asia,High income: OECD,28.5,14.0,18.1,42.41856982403595,25.0,18.4,38.06
U0419,bogaziçi university,Turkey,TR,Europe & Central Asia,Upper middle income,28.5,10.7,,,,24.9,
U0420,czech technical university in prague,Czech Republic,CZ,Europe & Central Asia,High income: OECD,28.4,3.6,8.7,91.18307749906403,21.0,22.0,16.07
U0421,dublin city university,Ireland,IE,Europe & Central Asia,High income: OECD,28.3,10.7,26.1,16.959940097341818,12.0,20.1,35.875
U0422,university of limerick,Ireland,IE,Europe & Central Asia,High income: OECD,28.3,23.0,27.1,15.312616997379259,15.0,18.3,36.635
U0423,aston university,United Kingdom,GB,Europe & Central Asia,High income: OECD,28.1,34.4,19.0,37.776113815050536,25.0,12.5,43.66
U0424,université laval,Canada,CA,North America,High income: OECD,28.1,23.8,17.9,43.20479221265444,16.0,19.2,41.49
U0425,national taipei university of technology,Taiwan,TW,,,28.0,41.6,15.6,55.803070011231746,10.0,13.9,34.34
U0426,ipb university (a.k.a. bogor agricultural university),Indonesia,ID,East Asia & Pacific,Lower middle income,27.9,1.8,,,,23.5,
U0427,leibniz university hannover,Germany,DE,Europe & Central Asia,High income: OECD,27.9,17.4,39.5,4.230625233994756,15.0,21.2,37.01
U0428,julius-maximilians-universität würzburg,Germany,DE,Europe & Central Asia,High income: OECD,27.8,74.4,,,,15.8,
U0429,southeast university,China (Mainland),CN,East Asia & Pacific,Upper middle income,27.8,82.0,12.4,74.11081991763385,4.0,13.5,66.105
U0430,university of science and technology beijing,China (Mainland),CN,East Asia & Pacific,Upper middle income,27.7,99.4,,,,11.8,
U0431,central south university,China (Mainland),CN,East Asia & Pacific,Upper middle income,27.6,99.7,,,,8.6,
U0432,tomsk state university,Russia,RU,Europe & Central Asia,High income: nonOECD,27.6,4.2,11.6,78.45376263571696,37.0,22.0,23.63
U0433,university of granada,Spain,ES,Europe & Central Asia,High income: OECD,27.6,26.2,14.7,61.250467989517034,9.0,44.4,36.215
U0434,ajman university,United Arab Emirates,AE,Middle East & North Africa,High income: nonOECD,25.1,3.2,15.1,58.36765256458255,82.0,17.3,
U0435,ie university,Spain,ES,Europe & Central Asia,High income: OECD,27.4,2.2,,,,8.1,
U0436,iran university of science and technology,"Iran, Islamic Republic of",IR,Middle East & North Africa,Upper middle income,27.2,98.7,32.7,8.704605016847623,1.0,7.8,71.37
U0437,murdoch university,Australia,AU,East Asia & Pacific,High income: OECD,27.2,57.3,34.0,7.712467240733812,38.0,8.0,53.63
U0438,universitat politècnica de valència,Spain,ES,Europe & Central Asia,High income: OECD,27.2,19.7,,,,26.5,
U0439,vilnius university,Lithuania,LT,Europe & Central Asia,High income: nonOECD,27.1,3.3,9.1,89.62935230250842,9.0,19.1,20.295
U0440,singapore university of technology and design,Singapore,SG,East Asia & Pacific,High income: nonOECD,27.0,66.0,,,,7.4,
U0441,università degli studi di pavia,Italy,IT,Europe & Central Asia,High income: OECD,27.0,64.6,,,,21.7,
U0442,colorado state university,United States,US,North America,High income: OECD,26.8,17.1,,,,18.3,
U0443,novosibirsk state university,Russia,RU,Europe & Central Asia,High income: nonOECD,26.8,9.5,6.6,96.1437663796331,20.0,24.7,24.509999999999998
U0444,università cattolica del sacro cuore,Italy,IT,Europe & Central Asia,High income: OECD,26.8,19.2,39.1,4.473979782852866,7.0,24.2,40.53
U0445,james cook university,Australia,AU,East Asia & Pacific,High income: OECD,26.7,46.9,17.3,46.106327218270316,9.0,14.4,49.475
U0446,justus-liebig-university giessen,Germany,DE,Europe & Central Asia,High income: OECD,26.7,79.3,,,,12.7,
U0447,universitat de valencia,Spain,ES,Europe & Central Asia,High income: OECD,26.7,19.9,,,,35.6,
U0448,dalian university of technology,China (Mainland),CN,East Asia & Pacific,Upper middle income,26.6,88.1,14.5,62.67315612130289,3.0,9.6,64.515
U0449,hunan university,China (Mainland),CN,East Asia & Pacific,Upper middle income,26.6,90.6,17.8,43.5604642456009,2.0,7.9,69.88
U0450,université de montpellier,France,FR,Europe & Central Asia,High income: OECD,26.6,57.2,,,,18.6,
U0451,university of electronic science and technology of china,China (Mainland),CN,East Asia & Pacific,Upper middle income,26.5,99.1,15.7,55.29764133283415,3.0,5.3,72.185
U0452,beihang university (former buaa),China (Mainland),CN,East Asia & Pacific,Upper middle income,26.4,72.1,,,,12.1,
U0453,national taiwan normal university,Taiwan,TW,,,26.4,5.4,12.3,74.69112691875702,12.0,34.7,26.21
U0454,university of kansas,United States,US,North America,High income: OECD,26.4,9.2,9.5,88.22538375140397,7.0,14.4,31.019999999999996
U0455,university of stirling,United Kingdom,GB,Europe & Central Asia,High income: OECD,26.4,30.3,18.7,39.04904530138524,28.0,11.2,41.89
U0456,moscow institute of physics and technology (mipt / moscow phystech),Russia,RU,Europe & Central Asia,High income: nonOECD,26.3,12.0,,,,16.6,
U0457,umea university,Sweden,SE,Europe & Central Asia,High income: OECD,26.3,15.2,,,,19.9,
U0458,université de strasbourg,France,FR,Europe & Central Asia,High income: OECD,26.3,20.7,,,,39.1,
U0459,university of guelph,Canada,CA,North America,High income: OECD,26.3,50.1,27.3,15.013103706476972,10.0,12.8,49.260000000000005
U0460,"stony brook university, state university of new york",United States,US,North America,High income: OECD,26.2,23.6,,,,18.0,
U0461,universidad de santiago de chile (usach),Chile,CL,Latin America & Caribbean,High income: OECD,26.1,4.2,,,,43.4,
U0462,tampere university,Finland,FI,Europe & Central Asia,High income: OECD,26.0,33.1,20.7,30.756271059528263,7.0,21.7,46.905
U0463,universidad de sevilla,Spain,ES,Europe & Central Asia,High income: OECD,26.0,8.2,,,,39.1,
U0464,macau university of science and technology,Macau SAR,MO,East Asia & Pacific,High income: nonOECD,25.9,56.4,41.8,3.5005615874204365,92.0,4.4,54.255
U0465,kobe university,Japan,JP,East Asia & Pacific,High income: OECD,25.8,11.4,10.2,85.00561587420442,7.0,28.4,26.105
U0466,universität konstanz,Germany,DE,Europe & Central Asia,High income: OECD,25.7,18.3,,,,18.3,
U0467,universitat ramon llull,Spain,ES,Europe & Central Asia,High income: OECD,25.7,8.1,22.6,24.766005241482592,20.0,11.0,27.185
U0468,university at buffalo suny,United States,US,North America,High income: OECD,25.7,33.6,,,,18.0,
U0469,washington state university,United States,US,North America,High income: OECD,25.7,33.5,18.8,38.581055784350426,6.0,23.3,44.175
U0470,iowa state university,United States,US,North America,High income: OECD,25.6,47.9,17.1,47.154623736428306,8.0,20.7,48.56
U0471,ben-gurion university of the negev,Israel,IL,Middle East & North Africa,High income: OECD,25.5,51.7,21.3,28.828154249344816,2.0,14.4,46.14
U0472,"essex, university of",United Kingdom,GB,Europe & Central Asia,High income: OECD,25.3,22.6,,,,15.5,
U0473,johannes kepler university linz,Austria,AT,Europe & Central Asia,High income: OECD,25.3,14.3,,,,12.8,
U0474,bangor university,United Kingdom,GB,Europe & Central Asia,High income: OECD,25.2,43.0,14.8,60.61400224634967,23.0,8.6,44.230000000000004
U0475,hiroshima university,Japan,JP,East Asia & Pacific,High income: OECD,25.2,8.9,7.6,93.99101460127292,10.0,24.1,23.975
U0476,universität potsdam,Germany,DE,Europe & Central Asia,High income: OECD,25.2,36.5,,,,15.8,
U0477,university of sharjah,United Arab Emirates,AE,Middle East & North Africa,High income: nonOECD,27.5,22.0,18.9,38.169225009359785,51.0,18.1,41.245000000000005
U0478,bilkent university,Turkey,TR,Europe & Central Asia,Upper middle income,25.1,15.2,14.8,60.61400224634967,8.0,24.0,27.38
U0479,indian institute of technology indore (iit indore),India,IN,South Asia,Lower middle income,25.1,95.6,,,,6.1,
U0480,royal holloway university of london,United Kingdom,GB,Europe & Central Asia,High income: OECD,25.1,27.2,,,,14.9,
U0481,aix-marseille university,France,FR,Europe & Central Asia,High income: OECD,25.0,21.7,17.3,46.106327218270316,14.0,36.9,36.175
U0482,pontificia universidad católica argentina,Argentina,AR,Latin America & Caribbean,Upper middle income,25.0,1.1,,,,19.9,
U0483,"the university of tennessee, knoxville",United States,US,North America,High income: OECD,25.0,76.3,,,,10.1,
U0484,china agricultural university,China (Mainland),CN,East Asia & Pacific,Upper middle income,24.9,88.8,,,,8.4,
U0485,american university of ras al khaimah ( aurak ),United Arab Emirates,AE,Middle East & North Africa,High income: nonOECD,24.8,46.8,,,,4.6,
U0486,national sun yat-sen university,Taiwan,TW,,,24.8,22.1,12.6,73.23099962560839,9.0,26.5,31.585
U0487,universität mannheim,Germany,DE,Europe & Central Asia,High income: OECD,24.7,31.0,,,,15.3,
U0488,university of hawai?i at manoa,United States,US,North America,High income: OECD,24.6,41.7,,,,15.2,
U0489,chongqing university,China (Mainland),CN,East Asia & Pacific,Upper middle income,24.5,81.4,20.1,33.43317109696743,2.0,7.6,64.905
U0490,chung-ang university (cau),South Korea,KR,East Asia & Pacific,High income: OECD,24.5,9.3,,,,16.0,
U0491,isfahan university of technology,"Iran, Islamic Republic of",IR,Middle East & North Africa,Upper middle income,24.5,92.2,22.7,24.50393111194309,1.0,4.9,61.655
U0492,shanghai university,China (Mainland),CN,East Asia & Pacific,Upper middle income,24.5,30.5,13.0,71.19056533133659,6.0,20.3,41.175
U0493,unesp,Brazil,BR,Latin America & Caribbean,Upper middle income,24.5,16.2,,,,41.1,
U0494,university of jyväskylä,Finland,FI,Europe & Central Asia,High income: OECD,24.5,12.1,13.8,66.39835267690005,3.0,16.2,36.325
U0495,central queensland university (cquniversity australia),Australia,AU,East Asia & Pacific,High income: OECD,24.4,20.9,,,,9.0,
U0496,duy tan university,Vietnam,VN,East Asia & Pacific,Lower middle income,24.4,49.0,24.3,20.47922126544366,0.0,11.9,46.445
U0497,jilin university,China (Mainland),CN,East Asia & Pacific,Upper middle income,24.2,27.4,,,,12.1,
U0498,national research nuclear university mephi (moscow engineering physics institute),Russia,RU,Europe & Central Asia,High income: nonOECD,24.2,8.1,,,,9.2,
U0499,universidad de costa rica,Costa Rica,CR,Latin America & Caribbean,Upper middle income,24.2,1.6,,,,35.4,
U0500,"university of california, riverside",United States,US,North America,High income: OECD,24.2,50.9,19.6,35.49232497192063,14.0,16.3,54.175
U0501,khalifa university of science and technology,United Arab Emirates,AE,Middle East & North Africa,High income: nonOECD,46.1,60.7,,,,22.7,
U0502,colorado school of mines,United States,US,North America,High income: OECD,24.1,72.0,,,,6.8,
U0503,east china normal university,China (Mainland),CN,East Asia & Pacific,Upper middle income,24.1,63.5,14.1,64.78846873830027,8.0,13.3,56.760000000000005
U0504,johannes gutenberg universität mainz,Germany,DE,Europe & Central Asia,High income: OECD,24.1,11.5,,,,22.3,
U0505,university of huddersfield,United Kingdom,GB,Europe & Central Asia,High income: OECD,24.1,19.4,19.8,34.66866342193935,26.0,12.7,33.084999999999994
U0506,university of delaware,United States,US,North America,High income: OECD,24.0,53.9,16.1,52.639460876076384,11.0,9.4,50.815
U0507,university of trento,Italy,IT,Europe & Central Asia,High income: OECD,24.0,32.7,18.4,40.696368401347804,7.0,24.9,45.385
U0508,aristotle university of thessaloniki,Greece,GR,Europe & Central Asia,High income: OECD,23.9,15.8,18.2,41.913141145638335,5.0,28.2,28.775
U0509,shenzhen university,China (Mainland),CN,East Asia & Pacific,Upper middle income,23.9,64.5,14.0,65.27517783601647,1.0,7.7,59.129999999999995
U0510,soas university of london,United Kingdom,GB,Europe & Central Asia,High income: OECD,23.9,15.1,14.9,59.86521901909397,45.0,17.1,33.725
U0511,ewha womans university,South Korea,KR,East Asia & Pacific,High income: OECD,23.8,6.9,16.7,49.2137776113815,15.0,22.1,26.24
U0512,zhengzhou university,China (Mainland),CN,East Asia & Pacific,Upper middle income,23.8,80.3,15.6,55.803070011231746,4.0,5.4,59.675
U0513,imam abdulrahman bin faisal university (iau) (formerly university of dammam),Saudi Arabia,SA,Middle East & North Africa,High income: nonOECD,23.7,2.6,,,,10.5,
U0514,prince mohammad bin fahd university,Saudi Arabia,SA,Middle East & North Africa,High income: nonOECD,23.7,27.8,11.7,77.94833395731936,17.0,20.3,
U0515,university of milano-bicocca,Italy,IT,Europe & Central Asia,High income: OECD,23.7,54.1,,,,20.4,
U0516,ateneo de manila university,Philippines,PH,East Asia & Pacific,Lower middle income,23.6,1.8,11.1,80.88730812429802,1.0,21.4,17.6
U0517,edith cowan university,Australia,AU,East Asia & Pacific,High income: OECD,23.6,49.8,29.8,11.531261699737927,24.0,8.5,50.815000000000005
U0518,inti international university,Malaysia,MY,East Asia & Pacific,Upper middle income,23.6,1.7,,,,7.7,
U0519,kyungpook national university,South Korea,KR,East Asia & Pacific,High income: OECD,23.6,20.5,20.1,33.43317109696743,14.0,11.1,34.41
U0520,sabanci university,Turkey,TR,Europe & Central Asia,Upper middle income,23.6,19.4,,,,19.5,
U0521,university of hull,United Kingdom,GB,Europe & Central Asia,High income: OECD,23.6,21.5,18.0,42.83040059902659,21.0,8.9,35.67999999999999
U0522,ural federal university - urfu,Russia,RU,Europe & Central Asia,High income: nonOECD,23.6,2.1,,,,19.6,
U0523,zayed university,United Arab Emirates,AE,Middle East & North Africa,High income: nonOECD,,8.6,14.4,63.38450018719581,2.0,17.6,33.754999999999995
U0524,pusan national university,South Korea,KR,East Asia & Pacific,High income: OECD,23.4,19.5,16.9,48.221639835267695,10.0,18.7,32.76
U0525,universidad austral,Argentina,AR,Latin America & Caribbean,Upper middle income,23.4,1.9,,,,20.9,
U0526,universität jena,Germany,DE,Europe & Central Asia,High income: OECD,23.3,8.8,,,,17.2,
U0527,missouri university of science and technology,United States,US,North America,High income: OECD,23.2,86.2,21.6,27.94833395731936,9.0,4.0,61.925000000000004
U0528,universität leipzig,Germany,DE,Europe & Central Asia,High income: OECD,23.2,8.4,,,,23.5,
U0529,university of bayreuth,Germany,DE,Europe & Central Asia,High income: OECD,23.2,25.8,24.5,20.029951329090224,14.0,10.2,40.849999999999994
U0530,warsaw university of technology,Poland,PL,Europe & Central Asia,High income: OECD,23.2,4.7,17.1,47.154623736428306,7.0,23.3,17.064999999999998
U0531,coventry university,United Kingdom,GB,Europe & Central Asia,High income: OECD,23.3,7.1,14.9,59.86521901909397,48.0,9.9,25.455
U0532,indian institute of technology (bhu) varanasi,India,IN,South Asia,Lower middle income,23.1,95.0,,,,5.5,
U0533,university of bradford,United Kingdom,GB,Europe & Central Asia,High income: OECD,23.1,21.7,19.5,36.09135155372519,31.0,9.1,34.97
U0534,university of utah,United States,US,North America,High income: OECD,23.1,30.5,13.3,69.18757019842757,8.0,15.7,47.425
U0535,universidad nacional de la plata (unlp),Argentina,AR,Latin America & Caribbean,Upper middle income,23.0,1.9,,,,40.8,
U0536,lahore university of management sciences (lums),Pakistan,PK,South Asia,Lower middle income,22.9,7.4,,,,17.2,
U0537,northumbria university at newcastle,United Kingdom,GB,Europe & Central Asia,High income: OECD,22.9,15.8,,,,10.9,
U0538,university of bordeaux,France,FR,Europe & Central Asia,High income: OECD,22.9,17.6,21.7,27.648820666417073,14.0,31.3,35.629999999999995
U0539,university of eastern finland,Finland,FI,Europe & Central Asia,High income: OECD,22.9,18.4,18.5,40.24709846499438,5.0,13.8,35.705
U0540,applied science university - bahrain,Bahrain,BH,Middle East & North Africa,High income: nonOECD,22.8,2.0,,,,23.5,
U0541,hitotsubashi university,Japan,JP,East Asia & Pacific,High income: OECD,22.8,2.1,16.0,53.463122426057666,13.0,14.4,
U0542,sunway university,Malaysia,MY,East Asia & Pacific,Upper middle income,22.8,10.3,8.1,92.86783976038937,14.0,13.0,27.155
U0543,université de fribourg,Switzerland,CH,Europe & Central Asia,High income: OECD,22.8,25.4,,,,10.3,
U0544,university of salamanca,Spain,ES,Europe & Central Asia,High income: OECD,22.8,6.2,14.7,61.250467989517034,13.0,26.9,22.71
U0545,universidad de zaragoza,Spain,ES,Europe & Central Asia,High income: OECD,22.7,7.0,,,,21.3,
U0546,universidad pontificia comillas,Spain,ES,Europe & Central Asia,High income: OECD,22.7,2.2,,,,8.3,
U0547,northwestern polytechnical university,China (Mainland),CN,East Asia & Pacific,Upper middle income,22.6,63.8,14.5,62.67315612130289,4.0,5.8,58.405
U0548,tashkent institute of irrigation and agricultural mechanization engineers - national research university (tiiame-nru),Uzbekistan,UZ,Europe & Central Asia,Lower middle income,22.6,2.2,,,,30.6,
U0549,university of genoa,Italy,IT,Europe & Central Asia,High income: OECD,22.6,43.7,16.5,50.33695245226507,7.0,18.8,46.885
U0550,university of iceland,Iceland,IS,Europe & Central Asia,High income: OECD,22.6,6.7,17.0,47.69749157618869,12.0,6.8,32.23
U0551,university of windsor,Canada,CA,North America,High income: OECD,22.6,36.2,34.1,7.618869337326839,35.0,3.9,39.08500000000001
U0552,united arab emirates university,United Arab Emirates,AE,Middle East & North Africa,High income: nonOECD,39.4,16.6,12.6,73.23099962560839,18.0,30.1,39.515
U0553,university of tabriz,"Iran, Islamic Republic of",IR,Middle East & North Africa,Upper middle income,22.5,81.7,26.7,15.743167353051291,4.0,5.9,60.894999999999996
U0554,hasselt university,Belgium,BE,Europe & Central Asia,High income: OECD,22.4,15.4,30.9,10.50168476226132,14.0,5.8,36.769999999999996
U0555,jordan university of science & technology,Jordan,JO,Middle East & North Africa,Upper middle income,22.4,5.6,,,,21.0,
U0556,universiti utara malaysia (uum),Malaysia,MY,East Asia & Pacific,Upper middle income,22.4,8.2,,,,22.0,
U0557,university of dhaka,Bangladesh,BD,South Asia,Low income,22.4,2.9,15.3,57.35679520778735,3.0,23.0,21.86
U0558,university ulm,Germany,DE,Europe & Central Asia,High income: OECD,22.4,31.2,,,,7.4,
U0559,peter the great st. petersburg polytechnic university,Russia,RU,Europe & Central Asia,High income: nonOECD,22.3,2.9,,,,16.0,
U0560,ulster university,United Kingdom,GB,Europe & Central Asia,High income: OECD,22.3,11.5,20.1,33.43317109696743,10.0,8.1,27.939999999999998
U0561,umm al-qura university,Saudi Arabia,SA,Middle East & North Africa,High income: nonOECD,22.3,2.2,9.6,87.81355297641333,7.0,20.7,21.47
U0562,université claude bernard lyon 1,France,FR,Europe & Central Asia,High income: OECD,22.2,48.3,,,,18.1,
U0563,universiti teknologi brunei,Brunei,BN,East Asia & Pacific,High income: nonOECD,22.2,9.9,6.7,96.03144889554474,7.0,15.4,
U0564,eötvös loránd university,Hungary,HU,Europe & Central Asia,Upper middle income,22.1,6.1,17.8,43.5604642456009,11.0,23.3,23.485
U0565,nanjing university of science and technology,China (Mainland),CN,East Asia & Pacific,Upper middle income,22.0,89.3,,,,5.7,
U0566,university of connecticut,United States,US,North America,High income: OECD,22.0,29.8,13.1,70.46050168476225,11.0,14.4,40.69
U0567,chiang mai university,Thailand,TH,East Asia & Pacific,Upper middle income,21.9,4.2,13.6,67.2407338075627,4.0,34.8,19.939999999999998
U0568,lebanese university,Lebanon,LB,Middle East & North Africa,Upper middle income,21.9,2.2,14.6,61.924372894047174,16.0,29.0,14.585
U0569,mgimo university,Russia,RU,Europe & Central Asia,High income: nonOECD,21.9,1.3,,,,9.8,
U0570,"university of chemistry and technology, prague",Czech Republic,CZ,Europe & Central Asia,High income: OECD,21.8,13.5,8.3,92.30625233994758,23.0,5.6,17.795
U0571,university of szeged,Hungary,HU,Europe & Central Asia,Upper middle income,21.8,4.8,12.3,74.69112691875702,20.0,18.5,17.575
U0572,university of the punjab,Pakistan,PK,South Asia,Lower middle income,21.8,11.6,22.0,26.46948708348933,1.0,15.6,25.384999999999998
U0573,florida state university,United States,US,North America,High income: OECD,21.6,24.8,24.6,19.786596780232124,6.0,25.6,43.28
U0574,florida international university,United States,US,North America,High income: OECD,21.5,12.6,22.4,25.32759266192437,9.0,15.3,33.845
U0575,university of debrecen,Hungary,HU,Europe & Central Asia,Upper middle income,21.5,3.9,12.0,76.3010108573568,24.0,17.9,19.61
U0576,national research tomsk polytechnic university,Russia,RU,Europe & Central Asia,High income: nonOECD,21.4,3.7,,,,8.9,
U0577,sogang university,South Korea,KR,East Asia & Pacific,High income: OECD,21.4,5.1,23.9,21.677274429052783,19.0,17.5,22.7
U0578,southern cross university,Australia,AU,East Asia & Pacific,High income: OECD,21.4,46.3,48.7,1.8345189067764833,23.0,4.4,44.565
U0579,universidad adolfo ibáñez,Chile,CL,Latin America & Caribbean,High income: OECD,21.4,4.6,,,,20.6,
U0580,jawaharlal nehru university,India,IN,South Asia,Lower middle income,21.3,28.9,16.1,52.639460876076384,1.0,31.0,33.015
U0581,jinan university (china),China (Mainland),CN,East Asia & Pacific,Upper middle income,21.3,52.7,,,,5.2,
U0582,management and science university,Malaysia,MY,East Asia & Pacific,Upper middle income,21.3,1.8,,,,15.1,
U0583,politecnico di bari,Italy,IT,Europe & Central Asia,High income: OECD,21.3,76.5,,,,6.9,
U0584,université paul sabatier toulouse iii,France,FR,Europe & Central Asia,High income: OECD,21.3,28.0,,,,17.7,
U0585,institut teknologi sepuluh nopember (its surabaya),Indonesia,ID,East Asia & Pacific,Lower middle income,21.2,1.6,,,,17.3,
U0586,singapore management university,Singapore,SG,East Asia & Pacific,High income: nonOECD,21.2,18.8,,,,12.3,
U0587,bond university,Australia,AU,East Asia & Pacific,High income: OECD,21.1,28.8,11.2,80.49419692998877,34.0,4.3,40.230000000000004
U0588,shoolini university of biotechnology and management sciences,India,IN,South Asia,Lower middle income,21.1,55.9,15.3,57.35679520778735,1.0,10.0,49.925
U0589,the university of georgia,United States,US,North America,High income: OECD,21.1,24.4,,,,20.6,
U0590,universiti teknologi mara - uitm,Malaysia,MY,East Asia & Pacific,Upper middle income,21.1,2.8,,,,30.8,
U0591,university of kwazulu-natal,South Africa,ZA,Sub-Saharan Africa,Upper middle income,21.1,24.5,27.6,14.526394608760762,2.0,12.6,37.905
U0592,ain shams university,Egypt,EG,Middle East & North Africa,Lower middle income,21.0,1.9,13.3,69.18757019842757,6.0,24.0,17.564999999999998
U0593,nottingham trent university,United Kingdom,GB,Europe & Central Asia,High income: OECD,21.0,5.1,15.4,56.77648820666417,21.0,10.6,28.195
U0594,universität bremen,Germany,DE,Europe & Central Asia,High income: OECD,21.0,24.4,,,,18.5,
U0595,itmo university,Russia,RU,Europe & Central Asia,High income: nonOECD,20.9,5.4,14.6,61.924372894047174,18.0,10.5,24.375
U0596,thammasat university,Thailand,TH,East Asia & Pacific,Upper middle income,20.8,2.1,11.4,79.44590041183078,1.0,24.6,13.95
U0597,universitas padjadjaran,Indonesia,ID,East Asia & Pacific,Lower middle income,20.8,1.4,11.3,79.95132909022837,1.0,19.0,9.629999999999999
U0598,university of iowa,United States,US,North America,High income: OECD,20.8,19.1,10.9,81.50505428678397,6.0,18.4,40.565
U0599,university of ljubljana,Slovenia,SI,Europe & Central Asia,High income: OECD,20.8,5.9,13.8,66.39835267690005,9.0,19.9,23.045
U0600,university of texas dallas,United States,US,North America,High income: OECD,20.8,43.3,,,,13.1,
U0601,ca' foscari university of venice,Italy,IT,Europe & Central Asia,High income: OECD,,12.7,,,,19.6,
U0602,illinois institute of technology,United States,US,North America,High income: OECD,,35.9,12.2,75.2714339198802,36.0,12.8,40.724999999999994
U0603,king khalid university,Saudi Arabia,SA,Middle East & North Africa,High income: nonOECD,,2.7,8.3,92.30625233994758,16.0,16.6,25.689999999999998
U0604,"kingston university, london",United Kingdom,GB,Europe & Central Asia,High income: OECD,,7.6,,,,17.9,
U0605,manchester metropolitan university (mmu),United Kingdom,GB,Europe & Central Asia,High income: OECD,,10.1,,,,11.8,
U0606,national chengchi university,Taiwan,TW,,,,2.2,14.9,59.86521901909397,12.0,20.1,16.810000000000002
U0607,paris lodron university of salzburg,Austria,AT,Europe & Central Asia,High income: OECD,,6.8,,,,9.7,
U0608,rensselaer polytechnic institute,United States,US,North America,High income: OECD,,56.6,15.3,57.35679520778735,20.0,8.0,48.470000000000006
U0609,universität des saarlandes,Germany,DE,Europe & Central Asia,High income: OECD,,7.0,,,,10.2,
U0610,university of crete,Greece,GR,Europe & Central Asia,High income: OECD,,58.7,26.5,16.15499812804193,4.0,13.9,51.6
U0611,university of hohenheim,Germany,DE,Europe & Central Asia,High income: OECD,,47.5,37.7,5.204043429427186,14.0,8.6,52.849999999999994
U0612,university of south carolina,United States,US,North America,High income: OECD,,28.3,,,,13.8,
U0613,american university of the middle east,Kuwait,KW,Middle East & North Africa,High income: nonOECD,,3.7,,,,23.1,
U0614,asia pacific university of technology and innovation (apu),Malaysia,MY,East Asia & Pacific,Upper middle income,,1.6,,,,9.3,
U0615,brno university of technology,Czech Republic,CZ,Europe & Central Asia,High income: OECD,,7.3,15.5,56.34593785099214,25.0,13.0,19.425
U0616,christian-albrechts-university zu kiel,Germany,DE,Europe & Central Asia,High income: OECD,,15.6,,,,17.7,
U0617,eastern mediterranean university,Northern Cyprus,XC,,,,26.5,25.4,18.476226132534634,75.0,5.6,34.370000000000005
U0618,pontifícia universidade católica do rio de janeiro,Brazil,BR,Latin America & Caribbean,Upper middle income,,7.5,,,,32.4,
U0619,taipei medical university (tmu),Taiwan,TW,,,,18.9,,,,10.6,
U0620,university of klagenfurt,Austria,AT,Europe & Central Asia,High income: OECD,,11.3,10.0,86.0539123923624,31.0,5.7,29.41
U0621,university of minho,Portugal,PT,Europe & Central Asia,High income: OECD,,21.0,19.5,36.09135155372519,13.0,15.6,33.83
U0622,abo akademi university,Finland,FI,Europe & Central Asia,High income: OECD,,43.2,,,,7.5,
U0623,american university in dubai,United Arab Emirates,AE,Middle East & North Africa,High income: nonOECD,,1.9,14.8,60.61400224634967,75.0,10.3,
U0624,auezov south kazakhstan university (sku),Kazakhstan,KZ,Europe & Central Asia,Upper middle income,,1.0,,,,18.5,
U0625,charles darwin university,Australia,AU,East Asia & Pacific,High income: OECD,,44.2,33.6,7.899663047547733,27.0,5.7,47.53
U0626,istanbul university,Turkey,TR,Europe & Central Asia,Upper middle income,,3.5,25.4,18.476226132534634,9.0,28.1,17.7
U0627,renmin (people's) university of china,China (Mainland),CN,East Asia & Pacific,Upper middle income,,7.9,,,,19.5,
U0628,tallinn university of technology (taltech),Estonia,EE,Europe & Central Asia,High income: OECD,,10.8,,,,12.8,
U0629,universidad de alcalá,Spain,ES,Europe & Central Asia,High income: OECD,,5.6,,,,9.7,
U0630,universidad de palermo (up),Argentina,AR,Latin America & Caribbean,Upper middle income,,1.0,,,,10.2,
U0631,university of south florida,United States,US,North America,High income: OECD,,36.3,19.0,37.776113815050536,13.0,12.9,49.16
U0632,university of tromsø the arctic university of norway,Norway,NO,Europe & Central Asia,High income: OECD,,8.9,,,,11.0,
U0633,al ain university,United Arab Emirates,AE,Middle East & North Africa,High income: nonOECD,22.5,5.9,14.6,61.924372894047174,60.0,22.6,
U0634,ajou university,South Korea,KR,East Asia & Pacific,High income: OECD,,17.9,14.9,59.86521901909397,17.0,13.7,33.555
U0635,boston college,United States,US,North America,High income: OECD,,16.6,14.9,59.86521901909397,10.0,21.3,38.464999999999996
U0636,chang gung university,Taiwan,TW,,,,41.9,12.3,74.69112691875702,5.0,6.3,40.67
U0637,china university of petroleum,China (Mainland),CN,East Asia & Pacific,Upper middle income,,79.7,,,,3.4,
U0638,far eastern federal university,Russia,RU,Europe & Central Asia,High income: nonOECD,,1.7,12.9,71.86447023586672,21.0,12.8,12.79
U0639,inha university,South Korea,KR,East Asia & Pacific,High income: OECD,,10.9,19.2,37.28940471733433,8.0,12.2,24.305
U0640,savitribai phule pune university,India,IN,South Asia,Lower middle income,,35.3,9.6,87.81355297641333,4.0,8.9,31.875
U0641,tulane university,United States,US,North America,High income: OECD,,9.7,7.7,93.72894047173344,9.0,9.8,30.694999999999997
U0642,universidad de concepción,Chile,CL,Latin America & Caribbean,High income: OECD,,6.7,,,,26.2,
U0643,university of portsmouth,United Kingdom,GB,Europe & Central Asia,High income: OECD,,15.1,16.8,48.68962935230251,29.0,8.1,34.165
U0644,beirut arab university,Lebanon,LB,Middle East & North Africa,Upper middle income,,3.3,10.4,84.06963684013478,21.0,17.7,21.755
U0645,de la salle university,Philippines,PH,East Asia & Pacific,Lower middle income,,4.5,14.5,62.67315612130289,3.0,22.6,14.105
U0646,east china university of science and technology,China (Mainland),CN,East Asia & Pacific,Upper middle income,,69.7,18.0,42.83040059902659,2.0,6.9,51.96000000000001
U0647,hacettepe university,Turkey,TR,Europe & Central Asia,Upper middle income,,7.1,19.9,34.18195432422314,3.0,22.5,24.82
U0648,lehigh university,United States,US,North America,High income: OECD,,32.5,11.2,80.49419692998877,17.0,5.2,35.275
U0649,national central university,Taiwan,TW,,,,14.4,9.5,88.22538375140397,7.0,21.5,21.9
U0650,oregon state university,United States,US,North America,High income: OECD,,33.9,,,,14.6,
U0651,ritsumeikan university,Japan,JP,East Asia & Pacific,High income: OECD,,3.1,17.4,45.56345937850992,10.0,16.6,12.955
U0652,soochow university,China (Mainland),CN,East Asia & Pacific,Upper middle income,,63.0,,,,6.6,
U0653,symbiosis international (deemed university),India,IN,South Asia,Lower middle income,,1.8,,,,5.4,
U0654,universiti tenaga nasional (uniten),Malaysia,MY,East Asia & Pacific,Upper middle income,,17.3,9.0,90.00374391613629,19.0,8.0,27.3
U0655,"university of missouri, columbia",United States,US,North America,High income: OECD,,16.5,,,,14.3,
U0656,university of the basque country,Spain,ES,Europe & Central Asia,High income: OECD,,19.0,13.8,66.39835267690005,5.0,19.5,32.415
U0657,hufs - hankuk (korea) university of foreign studies,South Korea,KR,East Asia & Pacific,High income: OECD,,1.6,,,,11.5,
U0658,palacký university olomouc,Czech Republic,CZ,Europe & Central Asia,High income: OECD,,8.5,15.2,57.88094346686634,14.0,15.2,24.214999999999996
U0659,universidade de santiago de compostela,Spain,ES,Europe & Central Asia,High income: OECD,,17.0,,,,24.1,
U0660,university of houston,United States,US,North America,High income: OECD,,24.6,26.3,16.622987645076748,7.0,12.7,36.685
U0661,university of zagreb,Croatia,HR,Europe & Central Asia,High income: nonOECD,,4.1,14.8,60.61400224634967,3.0,16.3,18.38
U0662,aberystwyth university,United Kingdom,GB,Europe & Central Asia,High income: OECD,,20.3,15.6,55.803070011231746,23.0,9.4,33.295
U0663,city university of new york,United States,US,North America,High income: OECD,,4.7,,,,19.9,
U0664,comenius university bratislava,Slovakia,SK,Europe & Central Asia,High income: OECD,,3.5,,,,12.8,
U0665,free university of bozen-bolzano,Italy,IT,Europe & Central Asia,High income: OECD,,42.6,10.7,82.4971920628978,14.0,5.8,46.395
U0666,international islamic university malaysia (iium),Malaysia,MY,East Asia & Pacific,Upper middle income,,3.1,,,,24.4,
U0667,iscte - instituto universitario de lisboa,Portugal,PT,Europe & Central Asia,High income: OECD,,47.8,,,,6.9,
U0668,memorial university of newfoundland,Canada,CA,North America,High income: OECD,,28.6,15.1,58.36765256458255,23.0,7.2,35.24
U0669,national chung hsing university,Taiwan,TW,,,,11.5,15.5,56.34593785099214,6.0,21.1,21.869999999999997
U0670,"sofia university ""st. kliment ohridski""",Bulgaria,BG,Europe & Central Asia,Upper middle income,,2.0,,,,14.2,
U0671,tokyo medical and dental university (tmdu),Japan,JP,East Asia & Pacific,High income: OECD,,17.7,4.4,98.16548109322352,12.0,11.8,31.384999999999998
U0672,universidad de la república (udelar),Uruguay,UY,Latin America & Caribbean,High income: nonOECD,,1.6,,,,27.1,
U0673,university of manitoba,Canada,CA,North America,High income: OECD,,12.0,30.0,11.344065892923993,21.0,13.6,36.019999999999996
U0674,university of plymouth,United Kingdom,GB,Europe & Central Asia,High income: OECD,,25.9,17.1,47.154623736428306,16.0,8.9,37.9
U0675,abai kazakh national pedagogical university,Kazakhstan,KZ,Europe & Central Asia,Upper middle income,,1.1,,,,26.5,
U0676,bar-ilan university,Israel,IL,Middle East & North Africa,High income: OECD,,48.1,19.0,37.776113815050536,4.0,7.8,44.7
U0677,karl-franzens-universitaet graz,Austria,AT,Europe & Central Asia,High income: OECD,,10.7,,,,19.9,
U0678,kazakh national agrarian university kaznau,Kazakhstan,KZ,Europe & Central Asia,Upper middle income,,1.1,,,,19.9,
U0679,martin-luther-universität halle-wittenberg,Germany,DE,Europe & Central Asia,High income: OECD,,7.4,,,,13.1,
U0680,universidade federal de minas gerais,Brazil,BR,Latin America & Caribbean,Upper middle income,,7.0,,,,32.4,
U0681,university of haifa,Israel,IL,Middle East & North Africa,High income: OECD,,32.1,18.4,40.696368401347804,3.0,13.0,40.475
U0682,china university of mining and technology,China (Mainland),CN,East Asia & Pacific,Upper middle income,,68.5,,,,3.5,
U0683,"goldsmiths, university of london",United Kingdom,GB,Europe & Central Asia,High income: OECD,,12.0,14.5,62.67315612130289,38.0,13.1,32.47
U0684,indian institute of technology hyderabad,India,IN,South Asia,Lower middle income,,71.1,,,,6.2,
U0685,jeonbuk national university,South Korea,KR,East Asia & Pacific,High income: OECD,,10.6,19.6,35.49232497192063,7.0,15.6,25.045
U0686,prince sultan university,Saudi Arabia,SA,Middle East & North Africa,High income: nonOECD,,31.7,,,,6.5,
U0687,princess nourah bint abdulrahman university,Saudi Arabia,SA,Middle East & North Africa,High income: nonOECD,,2.5,12.1,75.739423436915,17.0,16.6,23.229999999999997
U0688,temple university,United States,US,North America,High income: OECD,,16.9,12.3,74.69112691875702,6.0,12.3,36.565
U0689,"university of agriculture, faisalabad",Pakistan,PK,South Asia,Lower middle income,,61.0,,,,6.3,
U0690,university of new brunswick,Canada,CA,North America,High income: OECD,,27.5,,,,4.9,
U0691,chandigarh university,India,IN,South Asia,Lower middle income,,1.4,,,,14.1,
U0692,norwegian university of life sciences (umb),Norway,NO,Europe & Central Asia,High income: OECD,,8.5,,,,5.8,
U0693,pakistan institute of engineering and applied sciences (pieas),Pakistan,PK,South Asia,Lower middle income,,41.0,,,,6.5,
U0694,shiraz university,"Iran, Islamic Republic of",IR,Middle East & North Africa,Upper middle income,,60.7,20.8,30.381879445900417,2.0,6.9,46.64
U0695,universidad central de venezuela,Venezuela,VE,Latin America & Caribbean,Upper middle income,,1.1,,,,21.0,
U0696,universidad de la habana,Cuba,CU,Latin America & Caribbean,Upper middle income,,1.5,,,,17.0,
U0697,universidad panamericana (up),Mexico,MX,Latin America & Caribbean,Upper middle income,,1.2,7.8,93.5604642456009,2.0,9.9,6.664999999999999
U0698,universidade federal de são paulo,Brazil,BR,Latin America & Caribbean,Upper middle income,,6.0,,,,10.5,
U0699,universidade federal do rio grande do sul,Brazil,BR,Latin America & Caribbean,Upper middle income,,10.1,16.5,50.33695245226507,1.0,28.0,25.439999999999998
U0700,university of brescia,Italy,IT,Europe & Central Asia,High income: OECD,,56.3,24.2,20.74129539498315,6.0,4.4,51.565
U0701,university of greenwich,United Kingdom,GB,Europe & Central Asia,High income: OECD,,11.7,21.8,27.293148633470608,46.0,4.7,31.105
U0702,university of siena,Italy,IT,Europe & Central Asia,High income: OECD,,40.4,18.1,42.41856982403595,10.0,13.6,44.095
U0703,beijing university of chemical technology,China (Mainland),CN,East Asia & Pacific,Upper middle income,,67.1,,,,4.5,
U0704,dongguk university,South Korea,KR,East Asia & Pacific,High income: OECD,,9.7,,,,7.9,
U0705,lebanese american university,Lebanon,LB,Middle East & North Africa,Upper middle income,,3.7,10.1,85.62336203669038,17.0,13.5,25.200000000000003
U0706,national institute of technology tiruchirappalli,India,IN,South Asia,Lower middle income,,71.0,,,,4.1,
U0707,stevens institute of technology,United States,US,North America,High income: OECD,,41.7,18.6,39.666791463871206,30.0,2.6,44.185
U0708,taras shevchenko national university of kyiv,Ukraine,UA,Europe & Central Asia,Lower middle income,,2.2,10.6,83.05877948333958,5.0,18.9,10.515
U0709,university of nebraska - lincoln,United States,US,North America,High income: OECD,,30.4,,,,10.6,
U0710,university of oklahoma,United States,US,North America,High income: OECD,,31.1,,,,10.2,
U0711,ahlia university,Bahrain,BH,Middle East & North Africa,High income: nonOECD,,3.8,,,,16.7,
U0712,american university,United States,US,North America,High income: OECD,,4.3,12.0,76.3010108573568,12.0,16.2,22.005000000000003
U0713,comsats university islamabad,Pakistan,PK,South Asia,Lower middle income,,18.2,16.0,53.463122426057666,1.0,11.7,35.14
U0714,czech university of life sciences in prague,Czech Republic,CZ,Europe & Central Asia,High income: OECD,,10.8,,,,10.4,
U0715,de montfort university,United Kingdom,GB,Europe & Central Asia,High income: OECD,,8.0,18.5,40.24709846499438,37.0,5.3,26.235
U0716,"lingnan university, hong kong",Hong Kong SAR,HK,East Asia & Pacific,High income: nonOECD,,11.0,,,,9.9,
U0717,nanjing agricultural university,China (Mainland),CN,East Asia & Pacific,Upper middle income,,67.6,,,,5.0,
U0718,plekhanov russian university of economics,Russia,RU,Europe & Central Asia,High income: nonOECD,,2.3,9.1,89.62935230250842,15.0,14.0,16.61
U0719,saint joseph university of beirut (usj),Lebanon,LB,Middle East & North Africa,Upper middle income,,2.4,,,,8.2,
U0720,the national university of science and technology misis,Russia,RU,Europe & Central Asia,High income: nonOECD,,13.8,,,,6.2,
U0721,ton duc thang university,Vietnam,VN,East Asia & Pacific,Lower middle income,,51.7,21.9,26.900037439161363,1.0,5.0,48.93
U0722,université de franche-comté,France,FR,Europe & Central Asia,High income: OECD,,12.4,,,,6.5,
U0723,university of mumbai,India,IN,South Asia,Lower middle income,,30.9,,,,9.1,
U0724,brandeis university,United States,US,North America,High income: OECD,,11.6,11.6,78.45376263571696,33.0,9.4,35.69499999999999
U0725,budapest university of technology and economics,Hungary,HU,Europe & Central Asia,Upper middle income,,8.5,16.9,48.221639835267695,13.0,15.6,18.755
U0726,diponegoro university,Indonesia,ID,East Asia & Pacific,Lower middle income,,1.5,18.0,42.83040059902659,2.0,19.2,10.765
U0727,drexel university,United States,US,North America,High income: OECD,,28.7,11.0,81.14938225383752,15.0,8.1,40.48
U0728,effat university,Saudi Arabia,SA,Middle East & North Africa,High income: nonOECD,,17.6,11.6,78.45376263571696,34.0,3.8,
U0729,jadavpur university,India,IN,South Asia,Lower middle income,,40.6,21.3,28.828154249344816,0.0,17.8,33.27
U0730,konkuk university,South Korea,KR,East Asia & Pacific,High income: OECD,,17.1,25.2,18.794459004118302,15.0,7.0,32.275
U0731,lanzhou university,China (Mainland),CN,East Asia & Pacific,Upper middle income,,45.2,,,,8.1,
U0732,middlesex university,United Kingdom,GB,Europe & Central Asia,High income: OECD,,10.6,18.3,41.276675402470985,50.0,5.3,30.715
U0733,riga technical university,Latvia,LV,Europe & Central Asia,High income: nonOECD,,3.0,31.7,9.715462373642836,22.0,11.5,17.564999999999998
U0734,université de lille,France,FR,Europe & Central Asia,High income: OECD,,14.7,,,,23.5,
U0735,université de rennes 1 (university of rennes),France,FR,Europe & Central Asia,High income: OECD,,28.3,,,,14.9,
U0736,university of modena and reggio emilia,Italy,IT,Europe & Central Asia,High income: OECD,,49.7,27.0,15.40621490078622,5.0,8.6,48.39
U0737,university of trieste,Italy,IT,Europe & Central Asia,High income: OECD,,43.3,26.0,17.184575065518537,7.0,11.7,44.655
U0738,universitat rovira i virgili,Spain,ES,Europe & Central Asia,High income: OECD,,37.9,,,,6.4,
U0739,université côte d\'azur,France,FR,Europe & Central Asia,High income: OECD,,18.3,,,,15.5,
U0740,university of belgrade,Serbia,RS,Europe & Central Asia,Upper middle income,,5.3,18.2,41.913141145638335,5.0,17.6,23.92
U0741,altai state university,Russia,RU,Europe & Central Asia,High income: nonOECD,,1.4,19.0,37.776113815050536,27.0,11.7,10.134999999999998
U0742,carleton university,Canada,CA,North America,High income: OECD,,15.6,29.4,12.354923249719207,21.0,11.1,33.91
U0743,universidad católica andres bello,Venezuela,VE,Latin America & Caribbean,Upper middle income,,1.0,,,,28.4,
U0744,universidad de montevideo (um),Uruguay,UY,Latin America & Caribbean,High income: nonOECD,,1.1,,,,18.6,
U0745,universität regensburg,Germany,DE,Europe & Central Asia,High income: OECD,,6.1,,,,10.3,
U0746,universiti malaysia pahang,Malaysia,MY,East Asia & Pacific,Upper middle income,,35.0,,,,10.8,
U0747,university of central florida,United States,US,North America,High income: OECD,,23.6,39.1,4.473979782852866,4.0,13.7,40.155
U0748,university of the west of england,United Kingdom,GB,Europe & Central Asia,High income: OECD,,11.9,15.9,54.26806439535754,25.0,9.0,30.66
U0749,university of westminster,United Kingdom,GB,Europe & Central Asia,High income: OECD,,5.1,19.8,34.66866342193935,48.0,11.5,22.2
U0750,v. n. karazin kharkiv national university,Ukraine,UA,Europe & Central Asia,Lower middle income,,1.4,,,,12.6,
U0751,victoria university,Australia,AU,East Asia & Pacific,High income: OECD,,34.1,40.0,4.024709846499441,19.0,6.9,42.379999999999995
U0752,vytautas magnus university,Lithuania,LT,Europe & Central Asia,High income: nonOECD,,2.4,11.2,80.49419692998877,15.0,10.4,12.114999999999998
U0753,wake forest university,United States,US,North America,High income: OECD,,8.6,4.1,98.427555222763,9.0,5.1,31.29
U0754,instituto tecnológico autónomo de méxico (itam),Mexico,MX,Latin America & Caribbean,Upper middle income,,1.6,,,,15.2,
U0755,kaunas university of technology,Lithuania,LT,Europe & Central Asia,High income: nonOECD,,7.9,13.3,69.18757019842757,8.0,11.2,18.265
U0756,technische universität braunschweig,Germany,DE,Europe & Central Asia,High income: OECD,,5.5,,,,10.9,
U0757,tokyo university of science,Japan,JP,East Asia & Pacific,High income: OECD,,10.0,24.0,21.359041557469116,4.0,10.4,19.735
U0758,universidade de brasília,Brazil,BR,Latin America & Caribbean,Upper middle income,,4.2,,,,25.3,
U0759,universita' politecnica delle marche,Italy,IT,Europe & Central Asia,High income: OECD,,48.4,,,,5.9,
U0760,university of calcutta,India,IN,South Asia,Lower middle income,,21.4,14.2,64.30175964058404,0.0,17.1,22.305
U0761,university of engineering & technology (uet) lahore,Pakistan,PK,South Asia,Lower middle income,,6.7,13.4,68.43878697117185,2.0,10.0,19.52
U0762,university of malta,Malta,MT,Middle East & North Africa,High income: nonOECD,,7.2,12.3,74.69112691875702,14.0,6.1,23.7
U0763,university of messina (unime),Italy,IT,Europe & Central Asia,High income: OECD,,36.7,,,,8.4,
U0764,"adam mickiewicz university, poznan",Poland,PL,Europe & Central Asia,High income: OECD,,4.8,,,,16.0,
U0765,bangladesh university of engineering and technology,Bangladesh,BD,South Asia,Low income,,14.9,13.2,69.89891426432048,0.0,16.9,24.165000000000003
U0766,king faisal university,Saudi Arabia,SA,Middle East & North Africa,High income: nonOECD,,2.7,14.5,62.67315612130289,2.0,16.4,22.35
U0767,nanjing university of aeronautics and astronautics,China (Mainland),CN,East Asia & Pacific,Upper middle income,,57.8,15.4,56.77648820666417,3.0,5.5,46.705
U0768,university of cincinnati,United States,US,North America,High income: OECD,,22.9,,,,11.0,
U0769,"university of colorado, denver",United States,US,North America,High income: OECD,,3.6,,,,8.2,
U0770,university of patras,Greece,GR,Europe & Central Asia,High income: OECD,,27.0,29.4,12.354923249719207,5.0,11.7,31.080000000000002
U0771,addis ababa university,Ethiopia,ET,Sub-Saharan Africa,Low income,,1.7,,,,6.4,
U0772,bournemouth university,United Kingdom,GB,Europe & Central Asia,High income: OECD,,16.4,19.1,37.49532010482965,21.0,5.8,35.620000000000005
U0773,chiba university,Japan,JP,East Asia & Pacific,High income: OECD,,8.8,8.9,90.49045301385249,6.0,16.6,21.335
U0774,china university of geosciences,China (Mainland),CN,East Asia & Pacific,Upper middle income,,31.8,,,,5.1,
U0775,colegio de méxico,Mexico,MX,Latin America & Caribbean,Upper middle income,,1.7,,,,14.9,
U0776,holy spirit university of kaslik,Lebanon,LB,Middle East & North Africa,Upper middle income,,2.1,,,,6.7,
U0777,universidad del rosario,Colombia,CO,Latin America & Caribbean,Upper middle income,,2.5,,,,15.8,
U0778,université de tunis el manar,Tunisia,TN,Middle East & North Africa,Upper middle income,,5.1,,,,9.4,
U0779,"university of maryland, baltimore county",United States,US,North America,High income: OECD,,13.5,17.2,46.63047547734931,11.0,10.2,29.384999999999998
U0780,university of pecs,Hungary,HU,Europe & Central Asia,Upper middle income,,2.8,,,,14.3,
U0781,verona university,Italy,IT,Europe & Central Asia,High income: OECD,,41.6,26.0,17.184575065518537,4.0,9.1,46.835
U0782,babes-bolyai university,Romania,RO,Europe & Central Asia,Upper middle income,,4.4,,,,15.5,
U0783,kasetsart university,Thailand,TH,East Asia & Pacific,Upper middle income,,2.5,18.7,39.04904530138524,1.0,25.2,11.285
U0784,national university of uzbekistan,Uzbekistan,UZ,Europe & Central Asia,Lower middle income,,1.3,,,,25.5,
U0785,qassim university,Saudi Arabia,SA,Middle East & North Africa,High income: nonOECD,,1.8,10.2,85.00561587420442,7.0,10.6,18.56
U0786,texas tech university,United States,US,North America,High income: OECD,,11.3,21.1,29.483339573193557,6.0,10.9,26.06
U0787,the new school,United States,US,North America,High income: OECD,,2.6,9.3,88.84312991388992,34.0,15.2,17.915
U0788,universidad de belgrano,Argentina,AR,Latin America & Caribbean,Upper middle income,,1.0,,,,9.4,
U0789,universidade federal de santa catarina,Brazil,BR,Latin America & Caribbean,Upper middle income,,8.5,17.7,44.04717334331711,2.0,19.3,21.36
U0790,university of latvia,Latvia,LV,Europe & Central Asia,High income: nonOECD,,5.3,30.2,11.119430924747286,7.0,11.5,21.68
U0791,university of mons,Belgium,BE,Europe & Central Asia,High income: OECD,,37.3,28.1,13.815050542867835,18.0,7.1,42.27
U0792,zürcher hochschule winterthur,Switzerland,CH,Europe & Central Asia,High income: OECD,,2.7,,,,5.4,
U0793,alfaisal university,Saudi Arabia,SA,Middle East & North Africa,High income: nonOECD,,10.6,10.8,82.01048296518158,32.0,4.8,27.735
U0794,ivane javakhishvili tbilisi state university,Georgia,GE,Europe & Central Asia,Lower middle income,,1.2,30.6,10.819917633845,3.0,10.4,9.985
U0795,keele university,United Kingdom,GB,Europe & Central Asia,High income: OECD,,26.2,15.8,54.867090977162114,15.0,6.0,37.415
U0796,new jersey institute of technology (njit),United States,US,North America,High income: OECD,,30.4,,,,4.8,
U0797,sechenov university,Russia,RU,Europe & Central Asia,High income: nonOECD,,4.3,8.1,92.86783976038937,26.0,5.3,19.630000000000003
U0798,universidad de antioquia,Colombia,CO,Latin America & Caribbean,Upper middle income,,4.3,,,,29.1,
U0799,university of kentucky,United States,US,North America,High income: OECD,,23.5,11.3,79.95132909022837,3.0,11.1,38.129999999999995
U0800,university of new mexico,United States,US,North America,High income: OECD,,14.9,,,,10.5,
U0801,vellore institute of technology (vit),India,IN,South Asia,Lower middle income,,18.9,,,,12.7,
U0802,wayne state university,United States,US,North America,High income: OECD,,10.6,13.0,71.19056533133659,5.0,7.6,28.93
U0803,al-ahliyya amman university,Jordan,JO,Middle East & North Africa,Upper middle income,,2.7,12.1,75.739423436915,60.0,9.6,
U0804,alexandria university,Egypt,EG,Middle East & North Africa,Lower middle income,,2.0,28.7,13.084986896293527,4.0,23.1,21.545
U0805,ankara üniversitesi,Turkey,TR,Europe & Central Asia,Upper middle income,,2.6,,,,20.2,
U0806,asia university taiwan,Taiwan,TW,,,,52.5,,,,5.9,
U0807,beijing university of technology,China (Mainland),CN,East Asia & Pacific,Upper middle income,,33.1,,,,7.7,
U0808,belarusian national technical university (bntu),Belarus,BY,Europe & Central Asia,Upper middle income,,1.0,,,,14.8,
U0809,"birla institute of technology and science, pilani",India,IN,South Asia,Lower middle income,,20.4,16.2,52.09659303631599,2.0,11.0,30.96
U0810,edinburgh napier university,United Kingdom,GB,Europe & Central Asia,High income: OECD,,11.8,22.4,25.32759266192437,34.0,5.0,30.635
U0811,gdansk university of technology,Poland,PL,Europe & Central Asia,High income: OECD,,12.7,,,,9.4,
U0812,huazhong agricultural university,China (Mainland),CN,East Asia & Pacific,Upper middle income,,59.7,,,,4.2,
U0813,immanuel kant baltic federal university,Russia,RU,Europe & Central Asia,High income: nonOECD,,1.8,17.1,47.154623736428306,19.0,7.6,11.524999999999999
U0814,instituto politécnico nacional (ipn),Mexico,MX,Latin America & Caribbean,Upper middle income,,2.0,13.0,71.19056533133659,0.0,19.1,7.89
U0815,jouf university,Saudi Arabia,SA,Middle East & North Africa,High income: nonOECD,,2.3,9.6,87.81355297641333,3.0,11.7,21.9
U0816,khoja akhmet yassawi international kazakh-turkish university,Kazakhstan,KZ,Europe & Central Asia,Upper middle income,,1.2,,,,16.7,
U0817,kuwait university,Kuwait,KW,Middle East & North Africa,High income: nonOECD,,2.9,14.7,61.250467989517034,13.0,14.7,18.5
U0818,liverpool john moores university,United Kingdom,GB,Europe & Central Asia,High income: OECD,,12.3,18.1,42.41856982403595,16.0,10.0,31.1
U0819,london south bank university,United Kingdom,GB,Europe & Central Asia,High income: OECD,,4.4,17.5,45.05803070011232,37.0,3.3,22.575000000000003
U0820,maynooth university,Ireland,IE,Europe & Central Asia,High income: OECD,,12.7,28.5,13.290902283788842,12.0,10.4,35.075
U0821,"national technical university of ukraine ""igor sikorsky kyiv polytechnic institute""",Ukraine,UA,Europe & Central Asia,Lower middle income,,1.5,,,,16.2,
U0822,ocean university of china,China (Mainland),CN,East Asia & Pacific,Upper middle income,,50.5,,,,5.4,
U0823,philipps-universität marburg,Germany,DE,Europe & Central Asia,High income: OECD,,25.0,,,,12.7,
U0824,pontificia universidad católica de valparaíso,Chile,CL,Latin America & Caribbean,High income: OECD,,6.6,,,,27.0,
U0825,rutgers universitynewark,United States,US,North America,High income: OECD,,17.6,,,,10.1,
U0826,syracuse university,United States,US,North America,High income: OECD,,10.6,14.1,64.78846873830027,21.0,12.9,32.435
U0827,the catholic university of korea,South Korea,KR,East Asia & Pacific,High income: OECD,,14.1,17.9,43.20479221265444,7.0,4.5,29.910000000000004
U0828,toronto metropolitan university,Canada,CA,North America,High income: OECD,,26.4,42.8,3.1823287158367686,9.0,8.0,36.19
U0829,tu dortmund university,Germany,DE,Europe & Central Asia,High income: OECD,,6.2,56.0,1.2354923249719207,15.0,14.1,32.825
U0830,universidad anáhuac méxico,Mexico,MX,Latin America & Caribbean,Upper middle income,,1.1,,,,13.1,
U0831,universidad iberoamericana ibero,Mexico,MX,Latin America & Caribbean,Upper middle income,,1.3,,,,18.5,
U0832,universidad san francisco de quito (usfq),Ecuador,EC,Latin America & Caribbean,Upper middle income,,2.4,,,,16.0,
U0833,università degli studi di perugia,Italy,IT,Europe & Central Asia,High income: OECD,,40.9,,,,9.1,
U0834,universitas brawijaya,Indonesia,ID,East Asia & Pacific,Lower middle income,,1.4,,,,19.2,
U0835,universität duisburg-essen,Germany,DE,Europe & Central Asia,High income: OECD,,11.2,,,,11.3,
U0836,universität rostock,Germany,DE,Europe & Central Asia,High income: OECD,,5.2,,,,7.3,
U0837,université de lorraine,France,FR,Europe & Central Asia,High income: OECD,,12.9,,,,13.6,
U0838,universiti tunku abdul rahman (utar),Malaysia,MY,East Asia & Pacific,Upper middle income,,5.8,17.2,46.63047547734931,9.0,14.0,20.33
U0839,university of alaska fairbanks,United States,US,North America,High income: OECD,,12.9,7.9,93.42942718083115,6.0,2.7,31.784999999999997
U0840,university of alicante,Spain,ES,Europe & Central Asia,High income: OECD,,7.7,14.5,62.67315612130289,10.0,13.5,20.96
U0841,university of baghdad,Iraq,IQ,Middle East & North Africa,Upper middle income,,1.5,13.3,69.18757019842757,0.0,11.0,9.96
U0842,university of bari,Italy,IT,Europe & Central Asia,High income: OECD,,25.0,,,,12.4,
U0843,university of brighton,United Kingdom,GB,Europe & Central Asia,High income: OECD,,14.9,18.0,42.83040059902659,22.0,7.9,25.21
U0844,university of bucharest,Romania,RO,Europe & Central Asia,Upper middle income,,4.2,33.3,8.255335080494197,2.0,15.2,19.865000000000002
U0845,university of hyderabad,India,IN,South Asia,Lower middle income,,41.5,,,,13.2,
U0846,university of oregon,United States,US,North America,High income: OECD,,18.5,13.0,71.19056533133659,6.0,18.3,37.925
U0847,university of petroleum and energy studies (upes),India,IN,South Asia,Lower middle income,,3.4,,,,21.8,
U0848,university of salerno,Italy,IT,Europe & Central Asia,High income: OECD,,37.1,26.5,16.15499812804193,2.0,8.6,43.18000000000001
U0849,university of stavanger,Norway,NO,Europe & Central Asia,High income: OECD,,5.0,10.5,83.60164732309995,13.0,7.1,24.11
U0850,university of ulsan,South Korea,KR,East Asia & Pacific,High income: OECD,,33.6,10.8,82.01048296518158,4.0,5.0,40.0
U0851,wuhan university of technology,China (Mainland),CN,East Asia & Pacific,Upper middle income,,47.0,,,,6.9,
U0852,agh university of science and technology,Poland,PL,Europe & Central Asia,High income: OECD,,6.5,,,,9.6,
U0853,al-quds university,"Palestinian Territory, Occupied",PS,Middle East & North Africa,Lower middle income,,1.7,13.4,68.43878697117185,26.0,5.8,
U0854,applied science private university - jordan,Jordan,JO,Middle East & North Africa,Upper middle income,,3.1,,,,9.9,
U0855,charles sturt university,Australia,AU,East Asia & Pacific,High income: OECD,,8.1,24.6,19.786596780232124,13.0,5.1,23.28
U0856,chonnam national university,South Korea,KR,East Asia & Pacific,High income: OECD,,12.4,17.7,44.04717334331711,7.0,9.3,25.765
U0857,chungnam national university,South Korea,KR,East Asia & Pacific,High income: OECD,,10.7,19.8,34.66866342193935,4.0,8.8,23.4
U0858,clarkson university,United States,US,North America,High income: OECD,,41.8,15.5,56.34593785099214,8.0,1.3,33.32
U0859,cy cergy paris university,France,FR,Europe & Central Asia,High income: OECD,,5.0,19.5,36.09135155372519,26.0,3.7,21.955
U0860,donghua university,China (Mainland),CN,East Asia & Pacific,Upper middle income,,47.3,14.7,61.250467989517034,6.0,3.8,44.855
U0861,georgia state university,United States,US,North America,High income: OECD,,22.4,15.7,55.29764133283415,7.0,11.3,36.0
U0862,gulf university for science and technology,Kuwait,KW,Middle East & North Africa,High income: nonOECD,,4.8,,,,14.6,
U0863,jamia millia islamia,India,IN,South Asia,Lower middle income,,26.0,11.2,80.49419692998877,4.0,9.3,34.365
U0864,kansas state university,United States,US,North America,High income: OECD,,22.1,13.8,66.39835267690005,6.0,8.2,30.505000000000003
U0865,karaganda state technical university,Kazakhstan,KZ,Europe & Central Asia,Upper middle income,,1.1,,,,9.7,
U0866,kyrgyz russian slavic university,Kyrgyzstan,KG,Europe & Central Asia,Lower middle income,,1.0,,,,9.3,
U0867,mendel university in brno,Czech Republic,CZ,Europe & Central Asia,High income: OECD,,4.1,16.3,51.535005615874205,17.0,6.2,17.63
U0868,nagasaki university,Japan,JP,East Asia & Pacific,High income: OECD,,6.3,6.7,96.03144889554474,5.0,6.9,14.825
U0869,northwest agriculture and forestry university,China (Mainland),CN,East Asia & Pacific,Upper middle income,,36.8,,,,4.5,
U0870,north-west university,South Africa,ZA,Sub-Saharan Africa,Upper middle income,,14.9,25.5,18.232871583676523,3.0,7.4,28.58
U0871,okayama university,Japan,JP,East Asia & Pacific,High income: OECD,,7.7,10.0,86.0539123923624,7.0,8.9,19.705
U0872,oklahoma state university,United States,US,North America,High income: OECD,,13.3,14.1,64.78846873830027,5.0,8.3,27.834999999999997
U0873,pavol jozef afárik university in koice,Slovakia,SK,Europe & Central Asia,High income: OECD,,3.0,,,,4.7,
U0874,poznan university of life sciences,Poland,PL,Europe & Central Asia,High income: OECD,,6.4,,,,5.6,
U0875,shahid beheshti university (sbu),"Iran, Islamic Republic of",IR,Middle East & North Africa,Upper middle income,,33.3,,,,7.9,
U0876,swarthmore college,United States,US,North America,High income: OECD,,11.7,,,,3.4,
U0877,technological university dublin,Ireland,IE,Europe & Central Asia,High income: OECD,,3.1,18.7,39.04904530138524,18.0,12.6,17.225
U0878,thapar institute of engineering & technology,India,IN,South Asia,Lower middle income,,46.1,,,,4.7,
U0879,tokyo university of agriculture and technology,Japan,JP,East Asia & Pacific,High income: OECD,,30.5,15.6,55.803070011231746,7.0,13.8,29.785000000000004
U0880,universidad de valladolid,Spain,ES,Europe & Central Asia,High income: OECD,,4.3,,,,10.5,
U0881,universidad ort uruguay,Uruguay,UY,Latin America & Caribbean,High income: nonOECD,,1.1,,,,11.2,
U0882,universita' degli studi di ferrara,Italy,IT,Europe & Central Asia,High income: OECD,,34.6,,,,6.7,
U0883,université de nantes,France,FR,Europe & Central Asia,High income: OECD,,21.4,,,,10.4,
U0884,université de sherbrooke,Canada,CA,North America,High income: OECD,,16.9,,,,6.8,
U0885,université du québec,Canada,CA,North America,High income: OECD,,10.9,18.4,40.696368401347804,11.0,15.3,30.49
U0886,university at albany suny,United States,US,North America,High income: OECD,,33.9,,,,8.1,
U0887,university duesseldorf,Germany,DE,Europe & Central Asia,High income: OECD,,7.2,,,,12.3,
U0888,university of dubai,United Arab Emirates,AE,Middle East & North Africa,High income: nonOECD,,11.0,21.0,29.85773118682141,24.0,5.2,
U0889,university of gdansk,Poland,PL,Europe & Central Asia,High income: OECD,,3.9,,,,12.0,
U0890,university of ghana,Ghana,GH,Sub-Saharan Africa,Lower middle income,,5.3,35.9,6.2897791089479576,1.0,11.5,20.1
U0891,university of hertfordshire,United Kingdom,GB,Europe & Central Asia,High income: OECD,,5.2,16.3,51.535005615874205,40.0,4.4,23.57
U0892,university of lincoln,United Kingdom,GB,Europe & Central Asia,High income: OECD,,9.9,16.1,52.639460876076384,13.0,5.9,31.055
U0893,university of mississippi,United States,US,North America,High income: OECD,,5.5,,,,4.2,
U0894,university of palermo,Italy,IT,Europe & Central Asia,High income: OECD,,32.2,22.0,26.46948708348933,1.0,11.1,38.205
U0895,university of santo tomas,Philippines,PH,East Asia & Pacific,Lower middle income,,1.3,13.3,69.18757019842757,7.0,12.8,10.295
U0896,university of south africa,South Africa,ZA,Sub-Saharan Africa,Upper middle income,,7.3,114.2,0.2246349681767179,3.0,10.6,22.3
U0897,university of wroclaw,Poland,PL,Europe & Central Asia,High income: OECD,,3.9,,,,14.9,
U0898,"vietnam national university, hanoi",Vietnam,VN,East Asia & Pacific,Lower middle income,,2.4,15.9,54.26806439535754,1.0,15.3,16.58
U0899,vilnius gediminas technical university,Lithuania,LT,Europe & Central Asia,High income: nonOECD,,7.8,,,,8.7,
U0900,virginia commonwealth university,United States,US,North America,High income: OECD,,12.8,10.6,83.05877948333958,3.0,7.1,33.94
U0901,yildiz technical university,Turkey,TR,Europe & Central Asia,Upper middle income,,12.2,,,,9.7,
U0902,australian catholic university,Australia,AU,East Asia & Pacific,High income: OECD,,12.1,38.4,4.82965181579933,14.0,8.2,38.085
U0903,beijing jiaotong university,China (Mainland),CN,East Asia & Pacific,Upper middle income,,31.8,,,,9.7,
U0904,beijing university of posts and telecommunications,China (Mainland),CN,East Asia & Pacific,Upper middle income,,49.3,,,,3.2,
U0905,catania university,Italy,IT,Europe & Central Asia,High income: OECD,,23.4,,,,11.6,
U0906,future university in egypt,Egypt,EG,Middle East & North Africa,Lower middle income,,2.0,9.9,86.42830400599027,11.0,4.8,
U0907,gazi üniversitesi,Turkey,TR,Europe & Central Asia,Upper middle income,,4.4,,,,18.6,
U0908,georgian technical university,Georgia,GE,Europe & Central Asia,Lower middle income,,46.9,15.0,59.06027704979409,2.0,7.1,27.565
U0909,german jordanian university,Jordan,JO,Middle East & North Africa,Upper middle income,,5.6,12.8,72.40733807562711,11.0,8.6,16.38
U0910,imam mohammad ibn saud islamic university  imsiu,Saudi Arabia,SA,Middle East & North Africa,High income: nonOECD,,1.5,,,,14.8,
U0911,kanazawa university,Japan,JP,East Asia & Pacific,High income: OECD,,12.2,9.9,86.42830400599027,6.0,10.5,20.310000000000002
U0912,karaganda buketov university,Kazakhstan,KZ,Europe & Central Asia,Upper middle income,,1.1,9.1,89.62935230250842,7.0,15.6,
U0913,kyrgyz-turkish manas university,Kyrgyzstan,KG,Europe & Central Asia,Lower middle income,,1.7,15.0,59.06027704979409,11.0,15.1,
U0914,louisiana state university,United States,US,North America,High income: OECD,,12.9,19.4,36.70909771621116,4.0,9.5,27.924999999999997
U0915,makerere university,Uganda,UG,Sub-Saharan Africa,Low income,,4.5,19.2,37.28940471733433,3.0,11.0,20.555
U0916,"manipal academy of higher education, manipal, karnataka, india",India,IN,South Asia,Lower middle income,,4.4,,,,10.9,
U0917,michigan technological university,United States,US,North America,High income: OECD,,28.6,,,,4.8,
U0918,national research saratov state university,Russia,RU,Europe & Central Asia,High income: nonOECD,,1.7,9.3,88.84312991388992,11.0,5.0,10.715
U0919,nicolaus copernicus university,Poland,PL,Europe & Central Asia,High income: OECD,,4.9,,,,7.6,
U0920,north south university,Bangladesh,BD,South Asia,Low income,,2.7,21.3,28.828154249344816,0.0,13.3,23.604999999999997
U0921,osaka metropolitan university,Japan,JP,East Asia & Pacific,High income: OECD,,6.5,11.5,78.99663047547735,4.0,12.4,16.595
U0922,princess sumaya university for technology,Jordan,JO,Middle East & North Africa,Upper middle income,,5.1,,,,9.1,
U0923,ritsumeikan asia pacific university,Japan,JP,East Asia & Pacific,High income: OECD,,2.5,,,,6.1,
U0924,robert gordon university,United Kingdom,GB,Europe & Central Asia,High income: OECD,,5.3,21.0,29.85773118682141,26.0,3.7,20.09
U0925,south ural state university (national research university),Russia,RU,Europe & Central Asia,High income: nonOECD,,3.6,,,,8.4,
U0926,universidad católica del uruguay (ucu),Uruguay,UY,Latin America & Caribbean,High income: nonOECD,,1.2,,,,12.5,
U0927,"universidad central ""marta abreu"" de las villas",Cuba,CU,Latin America & Caribbean,Upper middle income,,1.2,,,,5.3,
U0928,universidad eafit,Colombia,CO,Latin America & Caribbean,Upper middle income,,2.3,,,,12.9,
U0929,universidad externado de colombia,Colombia,CO,Latin America & Caribbean,Upper middle income,,1.1,,,,13.0,
U0930,universidad nacional de córdoba - unc,Argentina,AR,Latin America & Caribbean,Upper middle income,,1.6,,,,26.4,
U0931,universidad nacional mayor de san marcos,Peru,PE,Latin America & Caribbean,Upper middle income,,1.3,,,,20.6,
U0932,universidad pontificia bolivariana,Colombia,CO,Latin America & Caribbean,Upper middle income,,1.7,,,,8.4,
U0933,universidade católica portuguesa - ucp,Portugal,PT,Europe & Central Asia,High income: OECD,,6.1,,,,13.0,
U0934,universidade de vigo,Spain,ES,Europe & Central Asia,High income: OECD,,18.0,,,,8.9,
U0935,università degli studi della tuscia (university of tuscia),Italy,IT,Europe & Central Asia,High income: OECD,,43.6,,,,4.6,
U0936,università degli studi roma tre,Italy,IT,Europe & Central Asia,High income: OECD,,12.1,,,,17.4,
U0937,"university of alabama, birmingham",United States,US,North America,High income: OECD,,16.8,,,,5.8,
U0938,university of calabria,Italy,IT,Europe & Central Asia,High income: OECD,,22.6,16.1,52.639460876076384,5.0,6.8,33.265
U0939,university of east london,United Kingdom,GB,Europe & Central Asia,High income: OECD,,6.2,26.1,16.959940097341818,52.0,3.6,18.015
U0940,university of hail,Saudi Arabia,SA,Middle East & North Africa,High income: nonOECD,,2.4,11.2,80.49419692998877,3.0,5.2,22.71
U0941,university of lodz,Poland,PL,Europe & Central Asia,High income: OECD,,3.4,14.0,65.27517783601647,9.0,11.5,14.02
U0942,university of maribor,Slovenia,SI,Europe & Central Asia,High income: OECD,,6.8,14.4,63.38450018719581,11.0,8.0,18.835
U0943,university of murcia,Spain,ES,Europe & Central Asia,High income: OECD,,6.8,17.7,44.04717334331711,5.0,11.7,22.835
U0944,university of nairobi,Kenya,KE,Sub-Saharan Africa,Low income,,1.8,34.5,7.300636465743171,2.0,10.0,15.905
U0945,university of peshawar,Pakistan,PK,South Asia,Lower middle income,,21.4,42.7,3.219767877199553,0.0,6.9,28.08
U0946,university of salford,United Kingdom,GB,Europe & Central Asia,High income: OECD,,6.9,20.3,32.590789966304754,23.0,6.8,23.285
U0947,university paris 2 panthéon-assas,France,FR,Europe & Central Asia,High income: OECD,,1.2,,,,7.1,
U0948,viet nam national university ho chi minh city (vnu-hcm),Vietnam,VN,East Asia & Pacific,Lower middle income,,2.1,,,,18.8,
U0949,worcester polytechnic institute,United States,US,North America,High income: OECD,,26.2,13.0,71.19056533133659,14.0,3.5,33.515
U0950,wroclaw university of science and technology (wrust),Poland,PL,Europe & Central Asia,High income: OECD,,5.3,,,,11.7,
U0951,yerevan state university,Armenia,AM,Europe & Central Asia,Lower middle income,,1.3,8.0,93.14863347061025,2.0,7.0,10.23
U0952,yokohama city university,Japan,JP,East Asia & Pacific,High income: OECD,,10.3,6.0,96.98614751029578,3.0,3.4,22.924999999999997
U0953,almaty technological university,Kazakhstan,KZ,Europe & Central Asia,Upper middle income,,1.0,6.3,96.63047547734931,6.0,6.2,
U0954,athens university of economics and business,Greece,GR,Europe & Central Asia,High income: OECD,,20.0,53.7,1.4601272931486386,5.0,7.6,29.584999999999997
U0955,auburn university,United States,US,North America,High income: OECD,,17.2,18.2,41.913141145638335,8.0,7.1,30.775
U0956,baku state university,Azerbaijan,AZ,Europe & Central Asia,Upper middle income,,1.4,13.2,69.89891426432048,2.0,12.9,7.02
U0957,bina nusantara university (binus),Indonesia,ID,East Asia & Pacific,Lower middle income,,2.1,,,,12.5,
U0958,clark university,United States,US,North America,High income: OECD,,16.7,12.2,75.2714339198802,27.0,2.6,30.659999999999997
U0959,clemson university,United States,US,North America,High income: OECD,,15.2,,,,7.3,
U0960,d. serikbayev east kazakhstan state technical university,Kazakhstan,KZ,Europe & Central Asia,Upper middle income,,1.2,,,,13.0,
U0961,ferdowsi university of mashhad,"Iran, Islamic Republic of",IR,Middle East & North Africa,Upper middle income,,28.2,30.5,10.950954698614757,11.0,7.0,32.71
U0962,financial university under the government of the russian federation,Russia,RU,Europe & Central Asia,High income: nonOECD,,1.6,13.0,71.19056533133659,9.0,5.3,19.515
U0963,hallym university,South Korea,KR,East Asia & Pacific,High income: OECD,,6.9,9.3,88.84312991388992,4.0,2.8,17.64
U0964,indian institute of technology bhubaneswar,India,IN,South Asia,Lower middle income,,50.2,,,,4.3,
U0965,instituto tecnológico de buenos aires (itba),Argentina,AR,Latin America & Caribbean,Upper middle income,,1.3,,,,8.8,
U0966,khon kaen university,Thailand,TH,East Asia & Pacific,Upper middle income,,4.4,17.2,46.63047547734931,2.0,17.2,16.13
U0967,king mongkut's university of technology thonburi,Thailand,TH,East Asia & Pacific,Upper middle income,,8.5,,,,13.2,
U0968,kumamoto university,Japan,JP,East Asia & Pacific,High income: OECD,,12.6,9.8,86.95245226506927,6.0,7.1,22.125
U0969,mansoura university,Egypt,EG,Middle East & North Africa,Lower middle income,,2.6,40.2,3.93111194309248,4.0,14.1,22.404999999999998
U0970,niigata university,Japan,JP,East Asia & Pacific,High income: OECD,,3.8,7.2,95.28266566828904,3.0,4.9,17.22
U0971,northern borders university,Saudi Arabia,SA,Middle East & North Africa,High income: nonOECD,,2.1,,,,13.1,
U0972,pontificia universidad católica del ecuador (puce),Ecuador,EC,Latin America & Caribbean,Upper middle income,,1.3,,,,17.3,
U0973,prince of songkla university,Thailand,TH,East Asia & Pacific,Upper middle income,,3.3,12.9,71.86447023586672,2.0,21.6,14.65
U0974,"queen margaret university , edinburgh",United Kingdom,GB,Europe & Central Asia,High income: OECD,,18.3,,,,3.5,
U0975,rhodes university,South Africa,ZA,Sub-Saharan Africa,Upper middle income,,12.6,,,,6.3,
U0976,riga stradins university,Latvia,LV,Europe & Central Asia,High income: nonOECD,,1.9,,,,6.1,
U0977,s.d. asfendiyarov kazakh national medical university,Kazakhstan,KZ,Europe & Central Asia,Upper middle income,,1.1,,,,6.7,
U0978,saveetha institute of medical and technical sciences (deemed to be university),India,IN,South Asia,Lower middle income,,7.2,,,,5.5,
U0979,sophia university,Japan,JP,East Asia & Pacific,High income: OECD,,1.8,12.7,72.85660801198053,10.0,12.7,7.895
U0980,southern federal university,Russia,RU,Europe & Central Asia,High income: nonOECD,,1.9,11.3,79.95132909022837,11.0,6.6,11.114999999999998
U0981,st. louis university,United States,US,North America,High income: OECD,,13.5,,,,4.4,
U0982,the university of alabama,United States,US,North America,High income: OECD,,11.9,21.6,27.94833395731936,4.0,10.0,28.28
U0983,the university of lahore,Pakistan,PK,South Asia,Lower middle income,,3.3,,,,11.1,
U0984,universidad autónoma metropolitana (uam),Mexico,MX,Latin America & Caribbean,Upper middle income,,2.5,,,,23.6,
U0985,universidad de córdoba - españa,Spain,ES,Europe & Central Asia,High income: OECD,,12.0,,,,10.6,
U0986,universidad de la sabana,Colombia,CO,Latin America & Caribbean,Upper middle income,,2.0,,,,21.0,
U0987,universidad de león,Spain,ES,Europe & Central Asia,High income: OECD,,4.5,,,,6.7,
U0988,universidad de los andes - chile,Chile,CL,Latin America & Caribbean,High income: OECD,,2.8,,,,16.4,
U0989,universidad de san andrés - udesa,Argentina,AR,Latin America & Caribbean,Upper middle income,,2.2,,,,7.7,
U0990,universidad nacional de rosario (unr),Argentina,AR,Latin America & Caribbean,Upper middle income,,1.1,,,,19.5,
U0991,universidad técnica federico santa maría (usm),Chile,CL,Latin America & Caribbean,High income: OECD,,5.0,,,,9.8,
U0992,universidad torcuato di tella,Argentina,AR,Latin America & Caribbean,Upper middle income,,2.6,,,,12.4,
U0993,université sorbonne paris nord,France,FR,Europe & Central Asia,High income: OECD,,29.3,,,,9.5,
U0994,université toulouse 1 capitole,France,FR,Europe & Central Asia,High income: OECD,,6.2,,,,13.4,
U0995,universiti pendidikan sultan idris (upsi),Malaysia,MY,East Asia & Pacific,Upper middle income,,2.7,,,,13.1,
U0996,university of bahrain,Bahrain,BH,Middle East & North Africa,High income: nonOECD,,2.2,,,,9.7,
U0997,university of central lancashire,United Kingdom,GB,Europe & Central Asia,High income: OECD,,3.8,16.3,51.535005615874205,28.0,5.4,19.325
U0998,university of colombo,Sri Lanka,LK,South Asia,Lower middle income,,3.2,32.0,9.284912017970793,0.0,13.1,20.04
U0999,university of denver,United States,US,North America,High income: OECD,,7.8,13.6,67.2407338075627,5.0,5.4,27.675
U1000,university of parma,Italy,IT,Europe & Central Asia,High income: OECD,,25.4,33.4,8.161737177087236,6.0,9.5,36.120000000000005
U1001,university of regina,Canada,CA,North America,High income: OECD,,21.0,24.6,19.786596780232124,26.0,3.3,30.95
U1002,university of south bohemia,Czech Republic,CZ,Europe & Central Asia,High income: OECD,,5.7,,,,5.2,
U1003,university of the western cape,South Africa,ZA,Sub-Saharan Africa,Upper middle income,,14.1,36.7,5.896667914638709,6.0,8.6,28.795
U1004,yarmouk university,Jordan,JO,Middle East & North Africa,Upper middle income,,2.6,28.3,13.552976413328343,11.0,14.1,15.93
U1005,yeungnam university,South Korea,KR,East Asia & Pacific,High income: OECD,,26.9,14.7,61.250467989517034,5.0,3.8,33.76
U1006,al-azhar university,Egypt,EG,Middle East & North Africa,Lower middle income,,1.4,22.0,26.46948708348933,9.0,13.1,21.675
U1007,aligarh muslim university,India,IN,South Asia,Lower middle income,,12.1,12.0,76.3010108573568,1.0,11.1,25.14
U1008,amity university,India,IN,South Asia,Lower middle income,,7.1,17.1,47.154623736428306,7.0,9.8,23.314999999999998
U1009,amrita vishwa vidyapeetham,India,IN,South Asia,Lower middle income,,5.7,11.8,77.51778360164732,5.0,5.8,24.655
U1010,an-najah national university,"Palestinian Territory, Occupied",PS,Middle East & North Africa,Lower middle income,,2.3,21.7,27.648820666417073,11.0,7.7,20.700000000000003
U1011,"arab academy for science, technology and maritime transport",Egypt,EG,Middle East & North Africa,Lower middle income,,1.5,13.9,65.87420441782103,10.0,7.4,13.129999999999999
U1012,assiut university,Egypt,EG,Middle East & North Africa,Lower middle income,,2.2,22.1,26.095095469861473,1.0,11.4,16.66
U1013,azerbaijan state oil and industry university,Azerbaijan,AZ,Europe & Central Asia,Upper middle income,,1.1,,,,7.3,
U1014,azerbaijan state university of economics,Azerbaijan,AZ,Europe & Central Asia,Upper middle income,,1.2,10.4,84.06963684013478,3.0,13.0,
U1015,banaras hindu university,India,IN,South Asia,Lower middle income,,9.0,8.0,93.14863347061025,3.0,13.5,25.94
U1016,baylor university,United States,US,North America,High income: OECD,,7.5,19.0,37.776113815050536,6.0,6.1,25.22
U1017,bielefeld university,Germany,DE,Europe & Central Asia,High income: OECD,,6.7,,,,14.2,
U1018,binghamton university suny,United States,US,North America,High income: OECD,,15.8,,,,7.0,
U1019,birmingham city university,United Kingdom,GB,Europe & Central Asia,High income: OECD,,3.2,17.2,46.63047547734931,26.0,6.2,24.86
U1020,brac university,Bangladesh,BD,South Asia,Low income,,2.0,16.9,48.221639835267695,1.0,11.6,22.88
U1021,brigham young university,United States,US,North America,High income: OECD,,10.4,,,,7.5,
U1022,canterbury christ church university,United Kingdom,GB,Europe & Central Asia,High income: OECD,,3.7,20.1,33.43317109696743,15.0,5.1,17.46
U1023,chang jung christian university,Taiwan,TW,,,,1.6,,,,8.5,
U1024,chung yuan christian university,Taiwan,TW,,,,15.6,33.5,8.03070011231748,7.0,6.3,24.53
U1025,chungbuk national university,South Korea,KR,East Asia & Pacific,High income: OECD,,10.3,14.0,65.27517783601647,5.0,3.8,19.015
U1026,college of william and mary,United States,US,North America,High income: OECD,,11.4,,,,8.1,
U1027,corvinus university of budapest,Hungary,HU,Europe & Central Asia,Upper middle income,,3.1,,,,10.3,
U1028,cracow university of technology (politechnika krakowska),Poland,PL,Europe & Central Asia,High income: OECD,,4.7,,,,11.0,
U1029,dankook university,South Korea,KR,East Asia & Pacific,High income: OECD,,3.0,,,,5.8,
U1030,ege university,Turkey,TR,Europe & Central Asia,Upper middle income,,3.2,20.3,32.590789966304754,4.0,10.0,14.725
U1031,escuela superior politécnica del litoral (espol),Ecuador,EC,Latin America & Caribbean,Upper middle income,,2.6,,,,14.3,
U1032,fordham university,United States,US,North America,High income: OECD,,5.4,,,,6.8,
U1033,gebze technical university (gtu),Turkey,TR,Europe & Central Asia,Upper middle income,,18.5,,,,4.5,
U1034,george mason university,United States,US,North America,High income: OECD,,9.2,18.3,41.276675402470985,11.0,8.8,33.980000000000004
U1035,gifu university,Japan,JP,East Asia & Pacific,High income: OECD,,7.6,14.6,61.924372894047174,4.0,6.6,18.535
U1036,glasgow caledonian university,United Kingdom,GB,Europe & Central Asia,High income: OECD,,6.3,24.1,21.040808685885438,18.0,5.2,24.060000000000002
U1037,gunma university,Japan,JP,East Asia & Pacific,High income: OECD,,4.7,7.6,93.99101460127292,4.0,3.5,12.024999999999999
U1038,guru gobind singh indraprastha university,India,IN,South Asia,Lower middle income,,27.7,,,,4.5,
U1039,harbin engineering university,China (Mainland),CN,East Asia & Pacific,Upper middle income,,28.1,19.8,34.66866342193935,2.0,5.4,32.85
U1040,hohai university,China (Mainland),CN,East Asia & Pacific,Upper middle income,,16.5,,,,4.1,
U1041,howard university,United States,US,North America,High income: OECD,,3.0,9.7,87.40172220142269,5.0,7.0,18.18
U1042,hungarian university of agriculture and life sciences,Hungary,HU,Europe & Central Asia,Upper middle income,,3.2,11.6,78.45376263571696,16.0,6.0,13.465
U1043,indiana universitypurdue university indianapolis,United States,US,North America,High income: OECD,,10.0,,,,7.1,
U1044,international christian university,Japan,JP,East Asia & Pacific,High income: OECD,,1.5,12.1,75.739423436915,13.0,5.2,
U1045,international islamic university islamabad (iiu),Pakistan,PK,South Asia,Lower middle income,,8.0,,,,7.0,
U1046,islamic university of madinah,Saudi Arabia,SA,Middle East & North Africa,High income: nonOECD,,1.5,8.4,91.96929988768252,70.0,5.5,
U1047,"iteso, universidad jesuita de guadalajara",Mexico,MX,Latin America & Caribbean,Upper middle income,,1.0,,,,6.3,
U1048,jiangnan university,China (Mainland),CN,East Asia & Pacific,Upper middle income,,26.7,12.9,71.86447023586672,1.0,4.4,33.57
U1049,kagoshima university,Japan,JP,East Asia & Pacific,High income: OECD,,3.5,10.1,85.62336203669038,3.0,6.1,12.125
U1050,kangwon national university,South Korea,KR,East Asia & Pacific,High income: OECD,,8.2,21.6,27.94833395731936,3.0,4.8,19.044999999999998
U1051,kazakh-british technical university,Kazakhstan,KZ,Europe & Central Asia,Upper middle income,,1.5,27.6,14.526394608760762,2.0,14.4,
U1052,kent state university,United States,US,North America,High income: OECD,,12.7,,,,5.5,
U1053,kyushu institute of technology,Japan,JP,East Asia & Pacific,High income: OECD,,25.6,,,,4.6,
U1054,leeds beckett university,United Kingdom,GB,Europe & Central Asia,High income: OECD,,7.5,21.9,26.900037439161363,15.0,4.5,24.919999999999998
U1055,lobachevsky university,Russia,RU,Europe & Central Asia,High income: nonOECD,,2.0,,,,7.9,
U1056,lodz university of technology,Poland,PL,Europe & Central Asia,High income: OECD,,8.9,13.1,70.46050168476225,5.0,5.0,17.655
U1057,london metropolitan university,United Kingdom,GB,Europe & Central Asia,High income: OECD,,3.3,25.5,18.232871583676523,50.0,5.0,
U1058,loyola university chicago,United States,US,North America,High income: OECD,,7.0,,,,8.5,
U1059,lviv polytechnic national university,Ukraine,UA,Europe & Central Asia,Lower middle income,,1.9,11.9,76.97491576188693,1.0,8.4,13.265
U1060,marmara university,Turkey,TR,Europe & Central Asia,Upper middle income,,2.4,30.6,10.819917633845,5.0,8.1,13.03
U1061,mississippi state university,United States,US,North America,High income: OECD,,17.4,14.6,61.924372894047174,4.0,6.2,28.66
U1062,multimedia university (mmu),Malaysia,MY,East Asia & Pacific,Upper middle income,,4.7,,,,11.0,
U1063,mustansiriyah university,Iraq,IQ,Middle East & North Africa,Upper middle income,,1.3,6.5,96.25608386372146,1.0,5.0,7.46
U1064,mutah university,Jordan,JO,Middle East & North Africa,Upper middle income,,1.8,15.5,56.34593785099214,18.0,9.1,11.645
U1065,mykolas romeris university,Lithuania,LT,Europe & Central Asia,High income: nonOECD,,4.5,,,,6.2,
U1066,nanjing normal university,China (Mainland),CN,East Asia & Pacific,Upper middle income,,26.8,13.5,67.83976038936727,2.0,5.0,32.629999999999995
U1067,narxoz university,Kazakhstan,KZ,Europe & Central Asia,Upper middle income,,1.3,13.0,71.19056533133659,2.0,9.6,
U1068,national chung cheng university,Taiwan,TW,,,,4.9,15.6,55.803070011231746,4.0,12.5,15.98
U1069,"national technical university ""kharkiv polytechnic institute""",Ukraine,UA,Europe & Central Asia,Lower middle income,,1.3,,,,6.5,
U1070,national university of kyiv-mohyla academy (naukma),Ukraine,UA,Europe & Central Asia,Lower middle income,,1.2,,,,5.1,
U1071,njsc kimep university,Kazakhstan,KZ,Europe & Central Asia,Upper middle income,,4.0,,,,5.9,
U1072,northern arizona university,United States,US,North America,High income: OECD,,13.1,,,,5.8,
U1073,northwest university (china),China (Mainland),CN,East Asia & Pacific,Upper middle income,,17.2,,,,4.0,
U1074,o.p. jindal global university,India,IN,South Asia,Lower middle income,,1.6,9.1,89.62935230250842,0.0,8.8,
U1075,ohio university,United States,US,North America,High income: OECD,,10.5,,,,8.1,
U1076,panjab university,India,IN,South Asia,Lower middle income,,24.1,18.6,39.666791463871206,1.0,7.8,32.285
U1077,paul valéry university montpellier,France,FR,Europe & Central Asia,High income: OECD,,5.3,,,,11.8,
U1078,pontifícia universidade católica de são paulo,Brazil,BR,Latin America & Caribbean,Upper middle income,,1.2,,,,10.1,
U1079,poznan university of technology,Poland,PL,Europe & Central Asia,High income: OECD,,6.3,11.4,79.44590041183078,6.0,7.8,16.045
U1080,rochester institute of technology (rit),United States,US,North America,High income: OECD,,6.3,,,,7.2,
U1081,russian presidential academy of national economy and public administration,Russia,RU,Europe & Central Asia,High income: nonOECD,,1.1,10.4,84.06963684013478,4.0,4.9,10.950000000000001
U1082,saint petersburg electrotechnical university etu-leti,Russia,RU,Europe & Central Asia,High income: nonOECD,,1.8,,,,5.4,
U1083,saint-petersburg mining university,Russia,RU,Europe & Central Asia,High income: nonOECD,,2.1,13.4,68.43878697117185,12.0,3.6,24.08
U1084,samara national research university (samara university),Russia,RU,Europe & Central Asia,High income: nonOECD,,2.1,10.7,82.4971920628978,14.0,4.1,11.469999999999999
U1085,san diego state university,United States,US,North America,High income: OECD,,14.3,28.1,13.815050542867835,5.0,5.4,27.66
U1086,sheffield hallam university,United Kingdom,GB,Europe & Central Asia,High income: OECD,,4.5,17.7,44.04717334331711,12.0,6.7,23.515
U1087,shinshu university,Japan,JP,East Asia & Pacific,High income: OECD,,11.2,10.4,84.06963684013478,3.0,3.6,19.43
U1088,"siberian federal university, sibfu",Russia,RU,Europe & Central Asia,High income: nonOECD,,3.8,,,,6.8,
U1089,silesian university of technology,Poland,PL,Europe & Central Asia,High income: OECD,,7.0,12.0,76.3010108573568,4.0,6.8,18.11
U1090,slovak university of agriculture in nitra,Slovakia,SK,Europe & Central Asia,High income: OECD,,7.2,11.9,76.97491576188693,5.0,8.5,14.0
U1091,slovak university of technology in bratislava,Slovakia,SK,Europe & Central Asia,High income: OECD,,3.8,8.5,91.65106701609884,7.0,9.1,11.294999999999998
U1092,sohar university,Oman,OM,Middle East & North Africa,High income: nonOECD,,9.0,28.5,13.290902283788842,2.0,4.4,
U1093,soonchunhyang university,South Korea,KR,East Asia & Pacific,High income: OECD,,5.7,21.4,28.491201797079746,6.0,5.6,19.419999999999998
U1094,southern methodist university,United States,US,North America,High income: OECD,,7.2,,,,4.9,
U1095,southwest university,China (Mainland),CN,East Asia & Pacific,Upper middle income,,23.9,,,,3.0,
U1096,srm institute of science and technology,India,IN,South Asia,Lower middle income,,4.0,15.5,56.34593785099214,2.0,8.6,18.525
U1097,sumy state university,Ukraine,UA,Europe & Central Asia,Lower middle income,,2.5,12.0,76.3010108573568,24.0,5.8,22.950000000000003
U1098,sungshin women's university,South Korea,KR,East Asia & Pacific,High income: OECD,,1.2,,,,5.6,
U1099,széchenyi istván university,Hungary,HU,Europe & Central Asia,Upper middle income,,1.6,14.8,60.61400224634967,5.0,9.2,10.535
U1100,taibah university,Saudi Arabia,SA,Middle East & North Africa,High income: nonOECD,,3.6,24.4,20.27330587794833,2.0,6.1,18.560000000000002
U1101,tallinn university,Estonia,EE,Europe & Central Asia,High income: OECD,,5.5,9.9,86.42830400599027,14.0,9.0,20.9
U1102,technical university of kosice,Slovakia,SK,Europe & Central Asia,High income: OECD,,5.5,,,,7.5,
U1103,tecnológico de costa rica -tec,Costa Rica,CR,Latin America & Caribbean,Upper middle income,,1.4,,,,8.4,
U1104,telkom university,Indonesia,ID,East Asia & Pacific,Lower middle income,,1.5,16.8,48.68962935230251,3.0,8.7,11.575
U1105,the hashemite university,Jordan,JO,Middle East & North Africa,Upper middle income,,3.6,23.0,23.567952077873457,7.0,9.4,16.560000000000002
U1106,the university of northampton,United Kingdom,GB,Europe & Central Asia,High income: OECD,,2.6,,,,3.2,
U1107,the university of texas at arlington,United States,US,North America,High income: OECD,,9.8,,,,4.6,
U1108,tokushima university,Japan,JP,East Asia & Pacific,High income: OECD,,5.6,9.7,87.40172220142269,2.0,4.4,16.74
U1109,tokyo metropolitan university,Japan,JP,East Asia & Pacific,High income: OECD,,11.4,10.9,81.50505428678397,7.0,12.8,20.03
U1110,universidad andrés bello,Chile,CL,Latin America & Caribbean,High income: OECD,,2.3,,,,12.3,
U1111,universidad austral de chile,Chile,CL,Latin America & Caribbean,High income: OECD,,7.3,,,,13.9,
U1112,universidad autónoma chapingo,Mexico,MX,Latin America & Caribbean,Upper middle income,,1.4,,,,3.7,
U1113,universidad autónoma de nuevo león,Mexico,MX,Latin America & Caribbean,Upper middle income,,1.8,,,,14.5,
U1114,universidad autónoma del estado de méxico (uaemex),Mexico,MX,Latin America & Caribbean,Upper middle income,,1.5,,,,19.3,
U1115,universidad de castilla-la mancha,Spain,ES,Europe & Central Asia,High income: OECD,,9.7,,,,7.9,
U1116,universidad de guadalajara (udg),Mexico,MX,Latin America & Caribbean,Upper middle income,,1.2,,,,18.9,
U1117,universidad de la frontera (ufro),Chile,CL,Latin America & Caribbean,High income: OECD,,9.3,,,,10.3,
U1118,universidad de las américas puebla (udlap),Mexico,MX,Latin America & Caribbean,Upper middle income,,1.9,,,,7.9,
U1119,universidad de lima,Peru,PE,Latin America & Caribbean,Upper middle income,,1.2,,,,9.6,
U1120,universidad de los andes - (ula) mérida,Venezuela,VE,Latin America & Caribbean,Upper middle income,,1.2,,,,14.6,
U1121,universidad de oviedo,Spain,ES,Europe & Central Asia,High income: OECD,,6.5,,,,12.5,
U1122,universidad de puerto rico,Puerto Rico,PR,Latin America & Caribbean,High income: nonOECD,,2.0,,,,10.2,
U1123,universidad de talca,Chile,CL,Latin America & Caribbean,High income: OECD,,6.2,,,,10.8,
U1124,universidad del norte,Colombia,CO,Latin America & Caribbean,Upper middle income,,2.9,,,,9.6,
U1125,universidad del pacífico,Peru,PE,Latin America & Caribbean,Upper middle income,,3.1,9.1,89.62935230250842,2.0,7.0,
U1126,universidad del valle,Colombia,CO,Latin America & Caribbean,Upper middle income,,1.9,8.9,90.49045301385249,1.0,18.1,6.8549999999999995
U1127,universidad diego portales (udp),Chile,CL,Latin America & Caribbean,High income: OECD,,3.7,,,,14.7,
U1128,universidad icesi,Colombia,CO,Latin America & Caribbean,Upper middle income,,1.6,,,,5.7,
U1129,universidad nacional de cuyo,Argentina,AR,Latin America & Caribbean,Upper middle income,,1.6,,,,12.9,
U1130,universidad nacional de la asunción,Paraguay,PY,Latin America & Caribbean,Lower middle income,,1.1,,,,6.1,
U1131,universidad nacional de san luis,Argentina,AR,Latin America & Caribbean,Upper middle income,,1.2,,,,3.8,
U1132,universidad nacional del centro de la provincia de buenos aires (unicen),Argentina,AR,Latin America & Caribbean,Upper middle income,,1.3,,,,5.5,
U1133,universidad peruana cayetano heredia (upch),Peru,PE,Latin America & Caribbean,Upper middle income,,2.2,,,,9.5,
U1134,universidad rey juan carlos,Spain,ES,Europe & Central Asia,High income: OECD,,4.5,,,,7.9,
U1135,universidad simón bolívar (usb),Venezuela,VE,Latin America & Caribbean,Upper middle income,,2.6,,,,13.7,
U1136,universidad tecnológica de panamá (utp),Panama,PA,Latin America & Caribbean,Upper middle income,,1.1,,,,7.8,
U1137,universidad tecnológica nacional (utn),Argentina,AR,Latin America & Caribbean,Upper middle income,,1.1,,,,4.5,
U1138,universidade da coruña,Spain,ES,Europe & Central Asia,High income: OECD,,7.3,,,,5.9,
U1139,universidade federal de pernambuco (ufpe),Brazil,BR,Latin America & Caribbean,Upper middle income,,4.1,,,,11.6,
U1140,universidade federal de são carlos (ufscar),Brazil,BR,Latin America & Caribbean,Upper middle income,,17.8,,,,11.8,
U1141,universidade federal do paraná - ufpr,Brazil,BR,Latin America & Caribbean,Upper middle income,,5.2,,,,13.0,
U1142,universidade federal fluminense,Brazil,BR,Latin America & Caribbean,Upper middle income,,3.6,,,,9.6,
U1143,"universita' degli studi ""g. d'annunzio"" chieti pescara",Italy,IT,Europe & Central Asia,High income: OECD,,29.3,,,,3.7,
U1144,università degli studi di udine,Italy,IT,Europe & Central Asia,High income: OECD,,16.7,,,,7.1,
U1145,università del salento,Italy,IT,Europe & Central Asia,High income: OECD,,21.7,,,,7.1,
U1146,universitas hasanuddin,Indonesia,ID,East Asia & Pacific,Lower middle income,,1.3,,,,14.3,
U1147,universitas sebelas maret,Indonesia,ID,East Asia & Pacific,Lower middle income,,1.5,16.9,48.221639835267695,2.0,12.9,15.83
U1148,universitat de lleida,Spain,ES,Europe & Central Asia,High income: OECD,,13.0,,,,6.0,
U1149,universität siegen,Germany,DE,Europe & Central Asia,High income: OECD,,6.8,,,,4.5,
U1150,université de caen normandie,France,FR,Europe & Central Asia,High income: OECD,,6.3,,,,8.8,
U1151,université de poitiers,France,FR,Europe & Central Asia,High income: OECD,,5.2,31.5,9.99625608386372,11.0,7.9,20.075
U1152,université de sfax,Tunisia,TN,Middle East & North Africa,Upper middle income,,3.7,,,,7.0,
U1153,université de sousse,Tunisia,TN,Middle East & North Africa,Upper middle income,,1.7,,,,4.5,
U1154,université de toulouse ii-le mirail,France,FR,Europe & Central Asia,High income: OECD,,7.1,,,,9.4,
U1155,université de tunis,Tunisia,TN,Middle East & North Africa,Upper middle income,,1.9,,,,7.2,
U1156,université lumière lyon 2,France,FR,Europe & Central Asia,High income: OECD,,6.2,,,,10.1,
U1157,université mohammed v de rabat,Morocco,MA,Middle East & North Africa,Lower middle income,,4.5,,,,3.7,
U1158,université paris-nanterre,France,FR,Europe & Central Asia,High income: OECD,,2.5,,,,11.4,
U1159,universiti malaysia sabah (ums),Malaysia,MY,East Asia & Pacific,Upper middle income,,3.7,16.6,49.812804193186075,4.0,14.7,12.735
U1160,universiti malaysia sarawak (unimas),Malaysia,MY,East Asia & Pacific,Upper middle income,,3.2,14.9,59.86521901909397,13.0,13.2,13.76
U1161,universiti malaysia terengganu (umt),Malaysia,MY,East Asia & Pacific,Upper middle income,,12.2,16.8,48.68962935230251,5.0,10.5,23.325
U1162,universiti tun hussein onn university of malaysia (uthm),Malaysia,MY,East Asia & Pacific,Upper middle income,,8.6,,,,10.3,
U1163,university of arkansas fayetteville,United States,US,North America,High income: OECD,,11.9,,,,5.8,
U1164,university of derby,United Kingdom,GB,Europe & Central Asia,High income: OECD,,5.1,15.8,54.867090977162114,18.0,4.8,24.47
U1165,university of deusto,Spain,ES,Europe & Central Asia,High income: OECD,,7.8,18.8,38.581055784350426,6.0,6.3,24.814999999999998
U1166,university of hradec kralove,Czech Republic,CZ,Europe & Central Asia,High income: OECD,,5.4,,,,5.0,
U1167,university of ibadan,Nigeria,NG,Sub-Saharan Africa,Lower middle income,,3.5,19.7,35.09921377761138,0.0,9.9,21.265
U1168,university of idaho,United States,US,North America,High income: OECD,,32.6,,,,3.1,
U1169,university of ioannina,Greece,GR,Europe & Central Asia,High income: OECD,,19.5,32.6,8.798202920254584,5.0,7.2,26.115000000000002
U1170,university of karachi,Pakistan,PK,South Asia,Lower middle income,,4.9,39.3,4.342942718083121,0.0,11.6,10.545
U1171,university of khartoum,Sudan,SD,Sub-Saharan Africa,Lower middle income,,2.6,,,,6.1,
U1172,university of lagos,Nigeria,NG,Sub-Saharan Africa,Lower middle income,,2.6,27.5,14.732309996256088,0.0,8.4,22.455
U1173,university of louisville,United States,US,North America,High income: OECD,,7.7,,,,3.5,
U1174,university of massachusetts boston,United States,US,North America,High income: OECD,,19.7,,,,11.0,
U1175,"university of missouri, kansas city",United States,US,North America,High income: OECD,,16.9,,,,4.4,
U1176,university of naples parthenope,Italy,IT,Europe & Central Asia,High income: OECD,,42.4,,,,3.8,
U1177,university of new england australia,Australia,AU,East Asia & Pacific,High income: OECD,,14.7,,,,10.7,
U1178,university of new hampshire,United States,US,North America,High income: OECD,,16.9,,,,5.0,
U1179,university of north carolina at charlotte,United States,US,North America,High income: OECD,,13.4,20.6,31.093223511793333,6.0,5.1,31.695
U1180,university of north texas,United States,US,North America,High income: OECD,,17.2,,,,6.9,
U1181,university of novi sad,Serbia,RS,Europe & Central Asia,Upper middle income,,3.6,15.1,58.36765256458255,1.0,8.4,12.81
U1182,university of rhode island,United States,US,North America,High income: OECD,,16.2,14.5,62.67315612130289,3.0,5.6,28.005000000000003
U1183,university of sarajevo,Bosnia and Herzegovina,BA,Europe & Central Asia,Upper middle income,,1.9,15.6,55.803070011231746,0.0,4.4,9.190000000000001
U1184,university of seoul,South Korea,KR,East Asia & Pacific,High income: OECD,,8.8,14.4,63.38450018719581,4.0,11.0,22.905
U1185,university of tabuk,Saudi Arabia,SA,Middle East & North Africa,High income: nonOECD,,3.0,19.5,36.09135155372519,2.0,5.2,22.09
U1186,university of texas at san antonio,United States,US,North America,High income: OECD,,22.8,,,,6.0,
U1187,university of texas el paso,United States,US,North America,High income: OECD,,14.2,,,,4.4,
U1188,university of the free state,South Africa,ZA,Sub-Saharan Africa,Upper middle income,,8.8,35.6,6.40209659303631,2.0,6.1,24.165
U1189,university of the sunshine coast,Australia,AU,East Asia & Pacific,High income: OECD,,25.2,29.8,11.531261699737927,13.0,3.6,37.325
U1190,university of toledo,United States,US,North America,High income: OECD,,18.2,17.0,47.69749157618869,9.0,3.7,26.75
U1191,university of tulsa,United States,US,North America,High income: OECD,,11.5,,,,3.2,
U1192,university of vermont,United States,US,North America,High income: OECD,,15.6,,,,3.1,
U1193,university of warmia and mazury in olsztyn,Poland,PL,Europe & Central Asia,High income: OECD,,3.7,17.5,45.05803070011232,3.0,6.9,15.03
U1194,university of wolverhampton,United Kingdom,GB,Europe & Central Asia,High income: OECD,,8.3,16.7,49.2137776113815,28.0,3.2,24.64
U1195,university of wyoming,United States,US,North America,High income: OECD,,21.1,14.1,64.78846873830027,4.0,3.2,31.07
U1196,university of ilina,Slovakia,SK,Europe & Central Asia,High income: OECD,,6.6,,,,6.6,
U1197,utah state university,United States,US,North America,High income: OECD,,22.4,,,,6.2,
U1198,vsb - technical university of ostrava,Czech Republic,CZ,Europe & Central Asia,High income: OECD,,4.7,14.7,61.250467989517034,13.0,6.0,15.725000000000001
U1199,warsaw university of life sciences  sggw (wuls-sggw),Poland,PL,Europe & Central Asia,High income: OECD,,6.8,,,,6.6,
U1200,west virginia university,United States,US,North America,High income: OECD,,18.5,18.3,41.276675402470985,5.0,5.6,
U1201,xi'an jiaotong liverpool university,China (Mainland),CN,East Asia & Pacific,Upper middle income,,5.6,,,,4.2,
U1202,yokohama national university,Japan,JP,East Asia & Pacific,High income: OECD,,6.6,13.4,68.43878697117185,8.0,9.3,15.29
U1203,al-balqa applied university,Jordan,JO,Middle East & North Africa,Upper middle income,,2.7,27.3,15.013103706476972,2.0,5.8,20.64
U1204,alexandru ioan cuza university,Romania,RO,Europe & Central Asia,Upper middle income,,3.0,22.3,25.570947210782478,8.0,7.5,13.335
U1205,anadolu university,Turkey,TR,Europe & Central Asia,Upper middle income,,2.6,17.0,47.69749157618869,8.0,4.9,15.47
U1206,aoyama gakuin university,Japan,JP,East Asia & Pacific,High income: OECD,,1.8,12.2,75.2714339198802,3.0,7.0,6.4350000000000005
U1207,ataturk university,Turkey,TR,Europe & Central Asia,Upper middle income,,4.4,,,,5.8,
U1208,atma jaya catholic university jakarta,Indonesia,ID,East Asia & Pacific,Lower middle income,,1.3,,,,6.8,
U1209,bahauddin zakariya university,Pakistan,PK,South Asia,Lower middle income,,14.6,27.2,15.16286035192812,0.0,6.0,24.875
U1210,beijing foreign studies university,China (Mainland),CN,East Asia & Pacific,Upper middle income,,1.5,,,,5.7,
U1211,beijing university of chinese medicine,China (Mainland),CN,East Asia & Pacific,Upper middle income,,9.4,,,,4.4,
U1212,belarusian state university of informatics and radioelectronics,Belarus,BY,Europe & Central Asia,Upper middle income,,1.2,13.6,67.2407338075627,5.0,6.6,
U1213,benemérita universidad autónoma de puebla,Mexico,MX,Latin America & Caribbean,Upper middle income,,1.9,45.2,2.4897042306252337,1.0,13.7,8.36
U1214,birzeit university,"Palestinian Territory, Occupied",PS,Middle East & North Africa,Lower middle income,,2.8,,,,7.6,
U1215,british university in egypt,Egypt,EG,Middle East & North Africa,Lower middle income,,2.3,,,,6.0,
U1216,brock university,Canada,CA,North America,High income: OECD,,13.7,,,,4.0,
U1217,central michigan university,United States,US,North America,High income: OECD,,6.5,18.3,41.276675402470985,3.0,3.6,19.655
U1218,chaoyang university of technology,Taiwan,TW,,,,3.9,37.5,5.316360913515538,5.0,5.5,14.98
U1219,china university of political science and law,China (Mainland),CN,East Asia & Pacific,Upper middle income,,1.2,,,,2.7,
U1220,chitkara university,India,IN,South Asia,Lower middle income,,2.2,14.4,63.38450018719581,4.0,6.1,
U1221,chittagong university of engineering and technology,Bangladesh,BD,South Asia,Low income,,5.1,,,,8.9,
U1222,cleveland state university,United States,US,North America,High income: OECD,,4.0,,,,4.1,
U1223,cukurova university,Turkey,TR,Europe & Central Asia,Upper middle income,,2.6,15.4,56.77648820666417,4.0,4.9,15.780000000000001
U1224,cuny the city college of new york,United States,US,North America,High income: OECD,,11.3,,,,7.2,
U1225,daffodil international university,Bangladesh,BD,South Asia,Low income,,2.8,,,,9.5,
U1226,damascus university,Syrian Arab Republic,SY,Middle East & North Africa,Lower middle income,,1.2,,,,6.1,
U1227,dokuz eylül üniversitesi,Turkey,TR,Europe & Central Asia,Upper middle income,,2.1,,,,6.8,
U1228,doshisha university,Japan,JP,East Asia & Pacific,High income: OECD,,1.8,18.6,39.666791463871206,4.0,8.6,7.3100000000000005
U1229,erciyes üniversitesi,Turkey,TR,Europe & Central Asia,Upper middle income,,5.3,,,,4.4,
U1230,escuela politécnica nacional,Ecuador,EC,Latin America & Caribbean,Upper middle income,,3.4,13.2,69.89891426432048,1.0,6.9,11.9
U1231,feng chia university,Taiwan,TW,,,,6.1,23.3,23.11868214152003,7.0,10.8,15.43
U1232,florida atlantic university - boca raton,United States,US,North America,High income: OECD,,9.5,,,,4.7,
U1233,fu jen catholic university,Taiwan,TW,,,,7.0,27.2,15.16286035192812,6.0,7.6,19.595
U1234,fundación ceu san pablo,Spain,ES,Europe & Central Asia,High income: OECD,,2.3,,,,4.4,
U1235,german university in cairo,Egypt,EG,Middle East & North Africa,Lower middle income,,2.2,12.8,72.40733807562711,2.0,8.3,12.425
U1236,hanoi university of science and technology,Vietnam,VN,East Asia & Pacific,Lower middle income,,4.7,34.1,7.618869337326839,0.0,7.3,14.224999999999998
U1237,harper adams university,United Kingdom,GB,Europe & Central Asia,High income: OECD,,6.9,13.1,70.46050168476225,10.0,4.2,
U1238,helwan university,Egypt,EG,Middle East & North Africa,Lower middle income,,1.6,22.4,25.32759266192437,2.0,7.3,13.454999999999998
U1239,hongik university,South Korea,KR,East Asia & Pacific,High income: OECD,,3.0,,,,4.2,
U1240,hue university,Vietnam,VN,East Asia & Pacific,Lower middle income,,1.6,23.0,23.567952077873457,1.0,4.6,7.784999999999999
U1241,instituto tecnológico de santo domingo (intec),Dominican Republic,DO,Latin America & Caribbean,Upper middle income,,1.4,,,,1.6,
U1242,istanbul aydin university,Turkey,TR,Europe & Central Asia,Upper middle income,,1.4,,,,4.9,
U1243,istanbul bilgi üniversitesi,Turkey,TR,Europe & Central Asia,Upper middle income,,1.7,,,,4.9,
U1244,ivan franko national university of lviv,Ukraine,UA,Europe & Central Asia,Lower middle income,,1.3,10.7,82.4971920628978,2.0,5.7,6.695
U1245,izmir institute of technology (iztech),Turkey,TR,Europe & Central Asia,Upper middle income,,8.2,,,,7.2,
U1246,jahangirnagar university,Bangladesh,BD,South Asia,Low income,,5.7,17.3,46.106327218270316,0.0,9.7,23.37
U1247,jamia hamdard,India,IN,South Asia,Lower middle income,,12.6,,,,5.1,
U1248,jeju national university,South Korea,KR,East Asia & Pacific,High income: OECD,,7.0,17.2,46.63047547734931,6.0,3.6,18.27
U1249,kazakh ablai khan university of international relations and world languages,Kazakhstan,KZ,Europe & Central Asia,Upper middle income,,1.0,,,,7.7,
U1250,kazan national research technological university,Russia,RU,Europe & Central Asia,High income: nonOECD,,1.4,11.6,78.45376263571696,16.0,5.7,6.74
U1251,kenyatta university,Kenya,KE,Sub-Saharan Africa,Low income,,1.3,,,,7.0,
U1252,kharkiv national university of radio electronics,Ukraine,UA,Europe & Central Asia,Lower middle income,,1.5,10.8,82.01048296518158,11.0,3.9,10.89
U1253,khulna university,Bangladesh,BD,South Asia,Low income,,5.3,13.9,65.87420441782103,0.0,6.9,17.17
U1254,khulna university of engineering and technology,Bangladesh,BD,South Asia,Low income,,5.6,,,,6.6,
U1255,kindai university (kinki university),Japan,JP,East Asia & Pacific,High income: OECD,,4.9,,,,5.2,
U1256,king mongkut\'s institute of technology ladkrabang,Thailand,TH,East Asia & Pacific,Upper middle income,,3.1,,,,8.3,
U1257,king mongkut's university of technology north bangkok,Thailand,TH,East Asia & Pacific,Upper middle income,,3.3,23.3,23.11868214152003,0.0,8.5,18.49
U1258,kookmin university,South Korea,KR,East Asia & Pacific,High income: OECD,,2.9,11.6,78.45376263571696,11.0,3.6,11.190000000000001
U1259,kwame nkrumah university of science and technology,Ghana,GH,Sub-Saharan Africa,Lower middle income,,2.0,60.8,0.861100711344065,1.0,6.9,20.744999999999997
U1260,kyoto institute of technology,Japan,JP,East Asia & Pacific,High income: OECD,,11.7,13.8,66.39835267690005,6.0,6.1,14.465
U1261,kyrgyz state technical university,Kyrgyzstan,KG,Europe & Central Asia,Lower middle income,,1.0,,,,14.6,
U1262,marquette university,United States,US,North America,High income: OECD,,9.1,12.2,75.2714339198802,3.0,3.4,23.509999999999998
U1263,meiji university,Japan,JP,East Asia & Pacific,High income: OECD,,1.6,34.0,7.712467240733812,5.0,6.7,8.25
U1264,mendeleev university of chemical technology,Russia,RU,Europe & Central Asia,High income: nonOECD,,2.8,14.9,59.86521901909397,6.0,4.5,9.629999999999999
U1265,miami university,United States,US,North America,High income: OECD,,7.8,,,,3.8,
U1266,moscow pedagogical state university,Russia,RU,Europe & Central Asia,High income: nonOECD,,1.3,,,,7.8,
U1267,nagoya institute of technology (nit),Japan,JP,East Asia & Pacific,High income: OECD,,14.5,,,,5.7,
U1268,national dong hwa university,Taiwan,TW,,,,5.4,18.6,39.666791463871206,9.0,9.2,17.065
U1269,national research university moscow power engineering institute (mpei),Russia,RU,Europe & Central Asia,High income: nonOECD,,1.9,,,,6.9,
U1270,national taipei university,Taiwan,TW,,,,2.8,15.7,55.29764133283415,6.0,7.6,12.004999999999999
U1271,national taiwan ocean university,Taiwan,TW,,,,10.8,16.2,52.09659303631599,8.0,6.0,20.62
U1272,novosibirsk state technical university,Russia,RU,Europe & Central Asia,High income: nonOECD,,1.7,14.6,61.924372894047174,17.0,6.0,8.219999999999999
U1273,óbuda university,Hungary,HU,Europe & Central Asia,Upper middle income,,7.8,34.4,7.450393111194309,7.0,5.5,22.785
U1274,odessa i.i. mechnikov national university,Ukraine,UA,Europe & Central Asia,Lower middle income,,1.3,,,,3.9,
U1275,osmania university,India,IN,South Asia,Lower middle income,,21.0,25.7,17.87719955073006,3.0,5.4,21.880000000000003
U1276,perm state national research university,Russia,RU,Europe & Central Asia,High income: nonOECD,,1.5,,,,4.4,
U1277,pondicherry university,India,IN,South Asia,Lower middle income,,16.5,21.5,28.229127667540244,1.0,4.1,22.615
U1278,pontificia universidad catolica madre y maestra,Dominican Republic,DO,Latin America & Caribbean,Upper middle income,,1.2,,,,4.2,
U1279,pontifícia universidade católica do rio grande do sul (pucrs),Brazil,BR,Latin America & Caribbean,Upper middle income,,9.4,,,,6.3,
U1280,portland state university,United States,US,North America,High income: OECD,,9.2,20.5,31.542493448146757,5.0,4.1,25.725
U1281,pukyong national university,South Korea,KR,East Asia & Pacific,High income: OECD,,7.0,11.4,79.44590041183078,10.0,5.7,14.790000000000001
U1282,rajshahi university,Bangladesh,BD,South Asia,Low income,,3.0,,,,10.4,
U1283,rikkyo university,Japan,JP,East Asia & Pacific,High income: OECD,,2.1,14.4,63.38450018719581,4.0,4.0,12.594999999999999
U1284,saitama university,Japan,JP,East Asia & Pacific,High income: OECD,,6.8,15.3,57.35679520778735,6.0,4.9,12.995
U1285,saken seifullin kazakh agrotechnical university,Kazakhstan,KZ,Europe & Central Asia,Upper middle income,,1.2,,,,9.7,
U1286,san francisco state university,United States,US,North America,High income: OECD,,4.0,,,,4.5,
U1287,sathyabama institute of science and technology (deemed to be university),India,IN,South Asia,Lower middle income,,4.3,,,,6.8,
U1288,seattle university,United States,US,North America,High income: OECD,,2.1,,,,5.4,
U1289,seoul national university of science and technology,South Korea,KR,East Asia & Pacific,High income: OECD,,10.3,,,,6.4,
U1290,shahjalal university of science and technology,Bangladesh,BD,South Asia,Low income,,5.3,17.8,43.5604642456009,0.0,7.6,15.91
U1291,shanghai international studies university,China (Mainland),CN,East Asia & Pacific,Upper middle income,,1.8,,,,4.9,
U1292,shanghai university of finance and economics,China (Mainland),CN,East Asia & Pacific,Upper middle income,,3.5,,,,4.5,
U1293,siksha 'o' anusandhan (deemed to be university),India,IN,South Asia,Lower middle income,,5.3,,,,7.5,
U1294,sookmyung women's university,South Korea,KR,East Asia & Pacific,High income: OECD,,3.4,,,,4.4,
U1295,suez canal university,Egypt,EG,Middle East & North Africa,Lower middle income,,2.3,13.1,70.46050168476225,1.0,4.1,18.4
U1296,suleyman demirel university,Turkey,TR,Europe & Central Asia,Upper middle income,,2.4,,,,7.1,
U1297,"suleyman demirel university, kazakhstan",Kazakhstan,KZ,Europe & Central Asia,Upper middle income,,1.3,,,,9.0,
U1298,suranaree university of technology,Thailand,TH,East Asia & Pacific,Upper middle income,,9.6,26.2,16.754024709846504,1.0,6.4,18.08
U1299,tamkang university,Taiwan,TW,,,,5.0,22.5,24.990640209659297,7.0,5.7,14.969999999999999
U1300,tanta university,Egypt,EG,Middle East & North Africa,Lower middle income,,2.2,17.3,46.106327218270316,1.0,6.9,19.715
U1301,technical university of cluj-napoca,Romania,RO,Europe & Central Asia,Upper middle income,,3.9,20.5,31.542493448146757,2.0,4.6,16.005
U1302,technical university of liberec,Czech Republic,CZ,Europe & Central Asia,High income: OECD,,4.6,13.3,69.18757019842757,10.0,3.9,13.004999999999999
U1303,technical university of lublin,Poland,PL,Europe & Central Asia,High income: OECD,,3.7,,,,5.8,
U1304,technische universität kaiserslautern,Germany,DE,Europe & Central Asia,High income: OECD,,4.6,,,,6.3,
U1305,"the ""gheorghe asachi"" technical university of iasi",Romania,RO,Europe & Central Asia,Upper middle income,,6.0,,,,5.3,
U1306,the herzen state pedagogical university of russia,Russia,RU,Europe & Central Asia,High income: nonOECD,,1.2,,,,3.8,
U1307,the josip juraj strossmayer university of osijek,Croatia,HR,Europe & Central Asia,High income: nonOECD,,3.1,,,,4.3,
U1308,"the national research university ""belgorod state university""",Russia,RU,Europe & Central Asia,High income: nonOECD,,1.9,,,,3.5,
U1309,tokai university,Japan,JP,East Asia & Pacific,High income: OECD,,2.8,16.0,53.463122426057666,4.0,10.5,14.445
U1310,tomas bata university in zlin,Czech Republic,CZ,Europe & Central Asia,High income: OECD,,5.5,,,,4.5,
U1311,toraighyrov university,Kazakhstan,KZ,Europe & Central Asia,Upper middle income,,1.2,14.1,64.78846873830027,2.0,8.5,
U1312,transilvania university of brasov,Romania,RO,Europe & Central Asia,Upper middle income,,3.7,,,,6.4,
U1313,tunghai university,Taiwan,TW,,,,5.4,20.4,32.02920254586298,10.0,6.5,16.65
U1314,universidad autónoma de guadalajara (uag),Mexico,MX,Latin America & Caribbean,Upper middle income,,1.1,,,,6.5,
U1315,universidad autónoma del estado de hidalgo (uaeh),Mexico,MX,Latin America & Caribbean,Upper middle income,,1.4,,,,3.2,
U1316,universidad católica del norte,Chile,CL,Latin America & Caribbean,High income: OECD,,5.9,,,,4.5,
U1317,universidad central del ecuador,Ecuador,EC,Latin America & Caribbean,Upper middle income,,1.2,,,,8.1,
U1318,universidad de las américas (udla) ecuador,Ecuador,EC,Latin America & Caribbean,Upper middle income,,1.7,,,,8.3,
U1319,universidad de monterrey (udem),Mexico,MX,Latin America & Caribbean,Upper middle income,,1.5,,,,12.5,
U1320,universidad de oriente santiago de cuba,Cuba,CU,Latin America & Caribbean,Upper middle income,,1.1,,,,8.4,
U1321,universidad de panama,Panama,PA,Latin America & Caribbean,Upper middle income,,1.1,,,,6.6,
U1322,universidad de piura,Peru,PE,Latin America & Caribbean,Upper middle income,,1.2,,,,7.5,
U1323,universidad de san carlos de guatemala - usac,Guatemala,GT,Latin America & Caribbean,Lower middle income,,1.0,,,,10.2,
U1324,universidad de tarapaca,Chile,CL,Latin America & Caribbean,High income: OECD,,9.8,,,,3.5,
U1325,universidad de valparaíso (uv),Chile,CL,Latin America & Caribbean,High income: OECD,,2.9,,,,10.9,
U1326,universidad del bío-bío,Chile,CL,Latin America & Caribbean,High income: OECD,,4.0,,,,8.0,
U1327,universidad del desarrollo (udd),Chile,CL,Latin America & Caribbean,High income: OECD,,2.3,,,,7.2,
U1328,universidad del salvador,Argentina,AR,Latin America & Caribbean,Upper middle income,,1.0,,,,3.7,
U1329,universidad del zulia,Venezuela,VE,Latin America & Caribbean,Upper middle income,,2.1,,,,10.1,
U1330,universidad industrial de santander - uis,Colombia,CO,Latin America & Caribbean,Upper middle income,,2.1,,,,9.7,
U1331,universidad la salle (ulsa),Mexico,MX,Latin America & Caribbean,Upper middle income,,1.1,,,,4.5,
U1332,universidad latinoamericana de ciencia y tecnología costa rica (ulacit),Costa Rica,CR,Latin America & Caribbean,Upper middle income,,1.0,,,,7.5,
U1333,universidad mayor de san andrés (umsa),Bolivia,BO,Latin America & Caribbean,Lower middle income,,1.6,,,,6.3,
U1334,universidad metropolitana,Venezuela,VE,Latin America & Caribbean,Upper middle income,,1.1,,,,7.6,
U1335,universidad nacional agraria la molina,Peru,PE,Latin America & Caribbean,Upper middle income,,1.6,13.2,69.89891426432048,2.0,7.0,
U1336,universidad nacional autónoma de honduras (unah),Honduras,HN,Latin America & Caribbean,Lower middle income,,1.0,,,,5.1,
U1337,universidad nacional de ingeniería peru,Peru,PE,Latin America & Caribbean,Upper middle income,,1.5,,,,7.4,
U1338,universidad nacional de mar del plata,Argentina,AR,Latin America & Caribbean,Upper middle income,,3.5,,,,8.6,
U1339,universidad nacional de río cuarto - unrc,Argentina,AR,Latin America & Caribbean,Upper middle income,,1.4,,,,4.1,
U1340,universidad nacional de san martín (unsam),Argentina,AR,Latin America & Caribbean,Upper middle income,,2.2,,,,11.3,
U1341,universidad nacional del litoral,Argentina,AR,Latin America & Caribbean,Upper middle income,,2.5,35.2,6.739049045301382,0.0,12.7,8.515
U1342,universidad nacional del sur,Argentina,AR,Latin America & Caribbean,Upper middle income,,1.7,,,,6.7,
U1343,"universidad nacional, costa rica",Costa Rica,CR,Latin America & Caribbean,Upper middle income,,1.5,,,,10.2,
U1344,universidad peruana de ciencias aplicadas,Peru,PE,Latin America & Caribbean,Upper middle income,,1.1,,,,11.3,
U1345,universidade do estado do rio de janeiro (uerj),Brazil,BR,Latin America & Caribbean,Upper middle income,,2.5,9.4,88.50617746162486,0.0,9.5,11.875
U1346,universidade federal da bahia,Brazil,BR,Latin America & Caribbean,Upper middle income,,3.1,19.9,34.18195432422314,0.0,9.0,13.17
U1347,universidade federal de juiz de fora- (ufjf),Brazil,BR,Latin America & Caribbean,Upper middle income,,2.8,,,,3.8,
U1348,universidade federal de pelotas,Brazil,BR,Latin America & Caribbean,Upper middle income,,4.7,,,,4.7,
U1349,universidade federal de santa maria,Brazil,BR,Latin America & Caribbean,Upper middle income,,5.2,,,,6.4,
U1350,universidade federal de viçosa (ufv),Brazil,BR,Latin America & Caribbean,Upper middle income,,7.8,,,,5.1,
U1351,universidade federal do ceará (ufc),Brazil,BR,Latin America & Caribbean,Upper middle income,,5.3,19.8,34.66866342193935,1.0,7.4,14.080000000000002
U1352,universidade federal do rio grande do norte,Brazil,BR,Latin America & Caribbean,Upper middle income,,3.4,,,,5.2,
U1353,universidade presbiteriana mackenzie,Brazil,BR,Latin America & Caribbean,Upper middle income,,2.1,,,,3.5,
U1354,università degli studi di bergamo,Italy,IT,Europe & Central Asia,High income: OECD,,6.5,,,,5.7,
U1355,universitas islam indonesia,Indonesia,ID,East Asia & Pacific,Lower middle income,,1.8,,,,11.2,
U1356,universitas muhammadiyah yogyakarta,Indonesia,ID,East Asia & Pacific,Lower middle income,,1.4,29.4,12.354923249719207,1.0,6.6,
U1357,universitas pendidikan indonesia,Indonesia,ID,East Asia & Pacific,Lower middle income,,1.4,18.5,40.24709846499438,1.0,10.9,13.044999999999998
U1358,universitas sumatera utara,Indonesia,ID,East Asia & Pacific,Lower middle income,,1.3,19.2,37.28940471733433,2.0,8.8,10.845
U1359,universitatea de vest din timisoara / west university of timisoara,Romania,RO,Europe & Central Asia,Upper middle income,,2.8,,,,9.2,
U1360,université de limoges,France,FR,Europe & Central Asia,High income: OECD,,5.5,,,,6.6,
U1361,université jean moulin lyon 3,France,FR,Europe & Central Asia,High income: OECD,,2.3,,,,8.8,
U1362,universiti kuala lumpur (unikl),Malaysia,MY,East Asia & Pacific,Upper middle income,,2.2,,,,6.0,
U1363,universiti malaysia perlis,Malaysia,MY,East Asia & Pacific,Upper middle income,,6.7,13.6,67.2407338075627,3.0,7.8,18.555
U1364,universiti teknikal malaysia melaka,Malaysia,MY,East Asia & Pacific,Upper middle income,,5.8,16.1,52.639460876076384,6.0,6.3,14.46
U1365,university of babylon,Iraq,IQ,Middle East & North Africa,Upper middle income,,2.0,14.9,59.86521901909397,0.0,4.6,15.495
U1366,university of basrah,Iraq,IQ,Middle East & North Africa,Upper middle income,,1.4,11.7,77.94833395731936,0.0,5.5,6.9399999999999995
U1367,university of bialystok,Poland,PL,Europe & Central Asia,High income: OECD,,2.6,,,,5.4,
U1368,university of international business and economics,China (Mainland),CN,East Asia & Pacific,Upper middle income,,3.0,,,,3.7,
U1369,university of kragujevac,Serbia,RS,Europe & Central Asia,Upper middle income,,3.7,13.7,66.7540247098465,1.0,3.9,20.225
U1370,university of kufa,Iraq,IQ,Middle East & North Africa,Upper middle income,,1.4,12.3,74.69112691875702,0.0,4.4,8.105
U1371,university of memphis,United States,US,North America,High income: OECD,,8.0,14.9,59.86521901909397,5.0,3.1,23.6
U1372,university of miskolc,Hungary,HU,Europe & Central Asia,Upper middle income,,2.4,14.9,59.86521901909397,5.0,6.6,9.675
U1373,university of missouri saint louis,United States,US,North America,High income: OECD,,10.5,,,,4.2,
U1374,university of ni,Serbia,RS,Europe & Central Asia,Upper middle income,,2.4,,,,5.0,
U1375,university of north carolina at greensboro,United States,US,North America,High income: OECD,,10.1,,,,2.6,
U1376,university of ostrava,Czech Republic,CZ,Europe & Central Asia,High income: OECD,,3.6,16.0,53.463122426057666,9.0,6.3,12.945
U1377,university of pannonia,Hungary,HU,Europe & Central Asia,Upper middle income,,8.5,19.5,36.09135155372519,7.0,4.2,14.235
U1378,university of pardubice,Czech Republic,CZ,Europe & Central Asia,High income: OECD,,3.1,13.5,67.83976038936727,10.0,4.5,11.86
U1379,university of peradeniya,Sri Lanka,LK,South Asia,Lower middle income,,2.0,13.9,65.87420441782103,1.0,9.0,18.67
U1380,university of primorska,Slovenia,SI,Europe & Central Asia,High income: OECD,,4.1,15.3,57.35679520778735,18.0,3.7,13.48
U1381,university of rijeka,Croatia,HR,Europe & Central Asia,High income: nonOECD,,4.3,15.6,55.803070011231746,3.0,6.1,15.04
U1382,university of rzeszów,Poland,PL,Europe & Central Asia,High income: OECD,,2.7,,,,5.2,
U1383,university of san diego,United States,US,North America,High income: OECD,,2.7,,,,6.2,
U1384,university of san francisco,United States,US,North America,High income: OECD,,3.6,,,,5.9,
U1385,university of silesia in katowice,Poland,PL,Europe & Central Asia,High income: OECD,,3.1,11.6,78.45376263571696,4.0,5.4,11.815
U1386,university of south alabama (usa),United States,US,North America,High income: OECD,,6.1,,,,4.7,
U1387,university of split,Croatia,HR,Europe & Central Asia,High income: nonOECD,,4.2,15.7,55.29764133283415,2.0,6.3,18.82
U1388,university of sri jayewardenepura,Sri Lanka,LK,South Asia,Lower middle income,,3.3,22.9,23.848745788094348,0.0,6.0,13.395
U1389,university of the pacific,United States,US,North America,High income: OECD,,3.0,,,,2.2,
U1390,university of tyumen,Russia,RU,Europe & Central Asia,High income: nonOECD,,1.6,,,,3.6,
U1391,university of west bohemia,Czech Republic,CZ,Europe & Central Asia,High income: OECD,,3.8,14.8,60.61400224634967,5.0,5.6,16.62
U1392,university of wisconsin milwaukee,United States,US,North America,High income: OECD,,9.8,,,,7.6,
U1393,university politehnica of bucharest,Romania,RO,Europe & Central Asia,Upper middle income,,6.9,,,,5.2,
U1394,vancouver island university,Canada,CA,North America,High income: OECD,,1.1,,,,4.5,
U1395,voronezh state university,Russia,RU,Europe & Central Asia,High income: nonOECD,,1.3,11.1,80.88730812429802,15.0,5.4,6.1899999999999995
U1396,western michigan university,United States,US,North America,High income: OECD,,5.8,21.3,28.828154249344816,8.0,4.9,18.105
U1397,yamaguchi university,Japan,JP,East Asia & Pacific,High income: OECD,,4.2,10.9,81.50505428678397,5.0,3.9,11.719999999999999
U1398,yogyakarta state university,Indonesia,ID,East Asia & Pacific,Lower middle income,,1.4,,,,11.7,
U1399,youngsan university,South Korea,KR,East Asia & Pacific,High income: OECD,,1.3,,,,4.0,
U1400,yuan ze university,Taiwan,TW,,,,9.0,23.0,23.567952077873457,8.0,5.5,20.060000000000002
U1401,zagazig university,Egypt,EG,Middle East & North Africa,Lower middle income,,2.6,25.2,18.794459004118302,2.0,7.7,22.11
U1402,don state technical university,Russia,RU,Europe & Central Asia,High income: nonOECD,,1.4,12.4,74.11081991763385,12.0,3.5,17.435
U1403,akdeniz üniversitesi,Turkey,TR,Europe & Central Asia,Upper middle income,,3.0,,,,5.7,
U1404,california polytechnic state university,United States,US,North America,High income: OECD,,3.0,,,,3.6,
U1405,california state university - los angeles,United States,US,North America,High income: OECD,,2.9,,,,5.2,
U1406,"california state university, long beach",United States,US,North America,High income: OECD,,2.9,,,,3.7,
U1407,católica de córdoba,Argentina,AR,Latin America & Caribbean,Upper middle income,,1.1,,,,5.3,
U1408,east west university,Bangladesh,BD,South Asia,Low income,,2.4,,,,6.8,
U1409,fundación universidad de bogotá-jorge tadeo lozano,Colombia,CO,Latin America & Caribbean,Upper middle income,,1.7,,,,5.2,
U1410,humboldt state university,United States,US,North America,High income: OECD,,3.7,14.8,60.61400224634967,1.0,3.0,
U1411,illinois state university,United States,US,North America,High income: OECD,,4.1,,,,3.4,
U1412,"indian institute of information technology, allahabad",India,IN,South Asia,Lower middle income,,10.7,,,,4.1,
U1413,indiana state university,United States,US,North America,High income: OECD,,3.0,,,,6.2,
U1414,international university of business agriculture and technology,Bangladesh,BD,South Asia,Low income,,2.3,,,,6.6,
U1415,irkutsk state university,Russia,RU,Europe & Central Asia,High income: nonOECD,,1.3,14.2,64.30175964058404,4.0,3.3,6.82
U1416,korkyt ata kyzylorda university,Kazakhstan,KZ,Europe & Central Asia,Upper middle income,,1.0,,,,7.0,
U1417,kwansei gakuin university,Japan,JP,East Asia & Pacific,High income: OECD,,2.4,24.7,19.5806813927368,4.0,4.1,8.135
U1418,lucian blaga university of sibiu,Romania,RO,Europe & Central Asia,Upper middle income,,1.9,16.5,50.33695245226507,3.0,3.6,13.084999999999999
U1419,m.kh. dulaty taraz regional university,Kazakhstan,KZ,Europe & Central Asia,Upper middle income,,1.0,,,,7.6,
U1420,mirea - russian technological university,Russia,RU,Europe & Central Asia,High income: nonOECD,,1.4,21.5,28.229127667540244,5.0,5.5,6.805
U1421,moscow city university,Russia,RU,Europe & Central Asia,High income: nonOECD,,1.1,,,,7.1,
U1422,naresuan university,Thailand,TH,East Asia & Pacific,Upper middle income,,1.9,18.3,41.276675402470985,1.0,6.6,8.135
U1423,national university of life and environmental sciences of ukraine,Ukraine,UA,Europe & Central Asia,Lower middle income,,1.4,15.2,57.88094346686634,1.0,5.8,11.2
U1424,"national university of modern languages (numl), islamabad",Pakistan,PK,South Asia,Lower middle income,,1.5,,,,7.0,
U1425,nova southeastern university,United States,US,North America,High income: OECD,,2.8,16.5,50.33695245226507,4.0,2.7,17.915
U1426,pontifícia universidade católica de minas gerais  puc minas,Brazil,BR,Latin America & Caribbean,Upper middle income,,1.5,,,,4.9,
U1427,pontificia universidade católica do campinas - puc campinas,Brazil,BR,Latin America & Caribbean,Upper middle income,,2.0,,,,4.2,
U1428,pontifícia universidade católica do paraná,Brazil,BR,Latin America & Caribbean,Upper middle income,,3.9,13.0,71.19056533133659,1.0,4.1,14.614999999999998
U1429,russian state agrarian university - moscow timiryazev agricultural academy,Russia,RU,Europe & Central Asia,High income: nonOECD,,1.3,,,,7.0,
U1430,russian state university for the humanities,Russia,RU,Europe & Central Asia,High income: nonOECD,,1.2,22.1,26.095095469861473,4.0,5.1,9.370000000000001
U1431,sakarya university,Turkey,TR,Europe & Central Asia,Upper middle income,,3.3,26.6,15.930363159865223,7.0,4.6,16.38
U1432,shanghai normal university,China (Mainland),CN,East Asia & Pacific,Upper middle income,,4.3,,,,5.0,
U1433,shibaura institute of technology,Japan,JP,East Asia & Pacific,High income: OECD,,5.1,29.7,11.774616248596026,5.0,4.5,14.649999999999999
U1434,silpakorn university,Thailand,TH,East Asia & Pacific,Upper middle income,,2.8,18.8,38.581055784350426,2.0,6.3,11.055
U1435,soochow university (taiwan),Taiwan,TW,,,,1.8,,,,4.7,
U1436,soongsil university,South Korea,KR,East Asia & Pacific,High income: OECD,,4.5,18.6,39.666791463871206,12.0,3.5,13.325
U1437,stamford university bangladesh,Bangladesh,BD,South Asia,Low income,,1.4,,,,9.7,
U1438,state university of malang,Indonesia,ID,East Asia & Pacific,Lower middle income,,1.7,30.5,10.950954698614757,4.0,6.3,12.065
U1439,stefan cel mare university of suceava,Romania,RO,Europe & Central Asia,Upper middle income,,4.2,,,,3.8,
U1440,"the university of notre dame, australia",Australia,AU,East Asia & Pacific,High income: OECD,,7.2,,,,3.0,
U1441,udayana university,Indonesia,ID,East Asia & Pacific,Lower middle income,,1.4,,,,6.4,
U1442,united international university,Bangladesh,BD,South Asia,Low income,,2.5,21.9,26.900037439161363,1.0,6.3,
U1443,universidad alberto hurtado,Chile,CL,Latin America & Caribbean,High income: OECD,,2.8,,,,8.6,
U1444,universidad autónoma de aguascalientes,Mexico,MX,Latin America & Caribbean,Upper middle income,,1.2,,,,3.1,
U1445,universidad autónoma de baja california,Mexico,MX,Latin America & Caribbean,Upper middle income,,1.5,,,,6.6,
U1446,universidad autónoma de chile,Chile,CL,Latin America & Caribbean,High income: OECD,,3.1,25.5,18.232871583676523,1.0,5.3,19.134999999999998
U1447,universidad autónoma de querétaro (uaq),Mexico,MX,Latin America & Caribbean,Upper middle income,,2.1,,,,4.4,
U1448,universidad autónoma de san luis de potosí,Mexico,MX,Latin America & Caribbean,Upper middle income,,2.4,,,,5.9,
U1449,universidad autonoma de yucatan,Mexico,MX,Latin America & Caribbean,Upper middle income,,2.4,,,,5.5,
U1450,universidad autónoma del estado de morelos (uaem),Mexico,MX,Latin America & Caribbean,Upper middle income,,1.6,,,,3.5,
U1451,universidad bernardo o'higgins,Chile,CL,Latin America & Caribbean,High income: OECD,,2.0,,,,4.6,
U1452,"universidad católica boliviana ""san pablo""",Bolivia,BO,Latin America & Caribbean,Lower middle income,,1.1,,,,3.9,
U1453,universidad católica de colombia,Colombia,CO,Latin America & Caribbean,Upper middle income,,1.6,20.3,32.590789966304754,1.0,6.1,
U1454,universidad católica de la santísima concepción - ucsc,Chile,CL,Latin America & Caribbean,High income: OECD,,2.8,,,,3.4,
U1455,universidad católica de santiago de guayaquil,Ecuador,EC,Latin America & Caribbean,Upper middle income,,1.5,,,,4.5,
U1456,universidad católica de temuco,Chile,CL,Latin America & Caribbean,High income: OECD,,4.8,,,,4.1,
U1457,universidad central de chile,Chile,CL,Latin America & Caribbean,High income: OECD,,1.7,,,,4.4,
U1458,universidad de caldas,Colombia,CO,Latin America & Caribbean,Upper middle income,,1.5,,,,4.9,
U1459,universidad de carabobo,Venezuela,VE,Latin America & Caribbean,Upper middle income,,1.0,17.1,47.154623736428306,0.0,4.7,
U1460,universidad de cartagena,Colombia,CO,Latin America & Caribbean,Upper middle income,,3.2,21.3,28.828154249344816,1.0,4.8,18.665
U1461,universidad de córdoba - colombia,Colombia,CO,Latin America & Caribbean,Upper middle income,,1.4,,,,11.8,
U1462,universidad de cuenca,Ecuador,EC,Latin America & Caribbean,Upper middle income,,2.0,,,,7.2,
U1463,universidad de guanajuato,Mexico,MX,Latin America & Caribbean,Upper middle income,,2.8,,,,7.1,
U1464,universidad de la salle,Colombia,CO,Latin America & Caribbean,Upper middle income,,1.3,,,,6.0,
U1465,universidad de la serena,Chile,CL,Latin America & Caribbean,High income: OECD,,5.6,,,,4.0,
U1466,universidad de las fuerzas armadas espe (ex - escuela politécnica del ejército),Ecuador,EC,Latin America & Caribbean,Upper middle income,,1.3,,,,6.1,
U1467,universidad de medellín,Colombia,CO,Latin America & Caribbean,Upper middle income,,2.2,,,,6.5,
U1468,universidad de santander - udes,Colombia,CO,Latin America & Caribbean,Upper middle income,,1.3,,,,3.3,
U1469,universidad de sonora,Mexico,MX,Latin America & Caribbean,Upper middle income,,1.8,,,,3.6,
U1470,universidad del cauca,Colombia,CO,Latin America & Caribbean,Upper middle income,,1.7,,,,7.9,
U1471,universidad del valle de mexico (uvm),Mexico,MX,Latin America & Caribbean,Upper middle income,,1.1,,,,3.8,
U1472,universidad michoacana de san nicolás de hidalgo,Mexico,MX,Latin America & Caribbean,Upper middle income,,2.0,,,,4.1,
U1473,universidad nacional de quilmes,Argentina,AR,Latin America & Caribbean,Upper middle income,,1.7,,,,6.7,
U1474,universidad nacional de tucumán,Argentina,AR,Latin America & Caribbean,Upper middle income,,1.6,,,,7.4,
U1475,universidad nacional del comahue,Argentina,AR,Latin America & Caribbean,Upper middle income,,1.3,,,,5.1,
U1476,universidad politecnica salesiana,Ecuador,EC,Latin America & Caribbean,Upper middle income,,1.5,,,,6.4,
U1477,universidad popular autónoma del estado de puebla (upaep),Mexico,MX,Latin America & Caribbean,Upper middle income,,1.2,,,,5.2,
U1478,universidad san ignacio de loyola,Peru,PE,Latin America & Caribbean,Upper middle income,,1.5,35.4,6.5518532384874595,1.0,6.1,
U1479,universidad tecnica particular de loja (utpl),Ecuador,EC,Latin America & Caribbean,Upper middle income,,1.6,,,,6.0,
U1480,universidad tecnológica de bolívar,Colombia,CO,Latin America & Caribbean,Upper middle income,,2.7,21.8,27.293148633470608,0.0,2.2,
U1481,"universidad tecnológica de la habana josé antonio echeverría, cujae",Cuba,CU,Latin America & Caribbean,Upper middle income,,1.1,,,,4.9,
U1482,universidad tecnológica de pereira,Colombia,CO,Latin America & Caribbean,Upper middle income,,1.9,,,,3.8,
U1483,universidad veracruzana,Mexico,MX,Latin America & Caribbean,Upper middle income,,1.4,,,,7.7,
U1484,universidade do estado de santa catarina,Brazil,BR,Latin America & Caribbean,Upper middle income,,1.7,11.5,78.99663047547735,1.0,3.7,8.454999999999998
U1485,universidade estadual de londrina,Brazil,BR,Latin America & Caribbean,Upper middle income,,3.3,,,,3.9,
U1486,universidade federal da paraíba,Brazil,BR,Latin America & Caribbean,Upper middle income,,3.1,,,,4.1,
U1487,universidade federal de goiás,Brazil,BR,Latin America & Caribbean,Upper middle income,,4.2,,,,3.8,
U1488,universidade federal de uberlândia,Brazil,BR,Latin America & Caribbean,Upper middle income,,3.5,,,,3.8,
U1489,universidade federal do estado do rio de janeiro - unirio,Brazil,BR,Latin America & Caribbean,Upper middle income,,2.1,,,,2.9,
U1490,universidade federal do parà - ufpa,Brazil,BR,Latin America & Caribbean,Upper middle income,,2.6,,,,3.6,
U1491,universitas andalas,Indonesia,ID,East Asia & Pacific,Lower middle income,,1.3,22.0,26.46948708348933,1.0,8.1,9.09
U1492,universitas kristen petra,Indonesia,ID,East Asia & Pacific,Lower middle income,,1.6,,,,7.1,
U1493,universitas muhammadiyah surakarta,Indonesia,ID,East Asia & Pacific,Lower middle income,,1.1,,,,5.5,
U1494,universiti sains islam malaysia,Malaysia,MY,East Asia & Pacific,Upper middle income,,1.9,,,,6.6,
U1495,university of central oklahoma,United States,US,North America,High income: OECD,,1.5,,,,5.6,
U1496,university of craiova,Romania,RO,Europe & Central Asia,Upper middle income,,2.1,20.9,30.101085735679522,4.0,4.5,11.165
U1497,university of lampung,Indonesia,ID,East Asia & Pacific,Lower middle income,,1.3,13.1,70.46050168476225,0.0,4.7,9.93
U1498,university of mataram,Indonesia,ID,East Asia & Pacific,Lower middle income,,1.1,24.0,21.359041557469116,0.0,6.4,
U1499,university of montana missoula,United States,US,North America,High income: OECD,,6.1,,,,3.0,
U1500,university of oradea,Romania,RO,Europe & Central Asia,Upper middle income,,1.9,17.5,45.05803070011232,6.0,5.6,14.62
U1501,university of san carlos,Philippines,PH,East Asia & Pacific,Lower middle income,,1.8,,,,7.2,
U1502,"university politehnica of timisoara, upt",Romania,RO,Europe & Central Asia,Upper middle income,,3.9,,,,4.1,
U1503,western washington university,United States,US,North America,High income: OECD,,3.5,,,,2.6,
U1504,Massachusetts Institute of Technology,United States,,North America,High income: OECD,,,8.0,93.14863347061025,33.0,,97.65833333333333
U1505,California Institute of Technology,United States,,North America,High income: OECD,,,6.1,96.92998876825159,33.0,,97.125
U1506,"University of California, Berkeley",United States,,North America,High income: OECD,,,17.9,43.20479221265444,22.0,,98.88333333333334
U1507,ETH Zurich,Switzerland,,Europe & Central Asia,High income: OECD,,,15.4,56.77648820666417,43.0,,96.3
U1508,The University of Chicago,United States,,North America,High income: OECD,,,6.2,96.81767128416323,36.0,,93.86666666666666
U1509,"University of California, Los Angeles",United States,,North America,High income: OECD,,,9.6,87.81355297641333,15.0,,93.775
U1510,National University of Singapore,Singapore,,East Asia & Pacific,High income: nonOECD,,,20.0,33.78884312991389,24.0,,94.58333333333334
U1511,New York University,United States,,North America,High income: OECD,,,11.8,77.51778360164732,42.0,,88.54166666666667
U1512,University of Edinburgh,United Kingdom,,Europe & Central Asia,High income: OECD,,,11.5,78.99663047547735,46.0,,85.58333333333334
U1513,"Nanyang Technological University, Singapore",Singapore,,East Asia & Pacific,High income: nonOECD,,,16.7,49.2137776113815,27.0,,86.56666666666666
U1514,École Polytechnique Fédérale de Lausanne,Switzerland,,Europe & Central Asia,High income: OECD,,,13.5,67.83976038936727,64.0,,80.325
U1515,"University of California, San Diego",United States,,North America,High income: OECD,,,12.0,76.3010108573568,19.0,,86.4
U1516,University of Hong Kong,Hong Kong,,East Asia & Pacific,High income: nonOECD,,,18.3,41.276675402470985,43.0,,82.34166666666667
U1517,University of Melbourne,Australia,,East Asia & Pacific,High income: OECD,,,25.1,18.906776488206667,47.0,,82.10833333333333
U1518,King’s College London,United Kingdom,,Europe & Central Asia,High income: OECD,,,13.9,65.87420441782103,53.0,,84.51666666666667
U1519,LMU Munich,Germany,,Europe & Central Asia,High income: OECD,,,33.5,8.03070011231748,18.0,,83.21666666666667
U1520,Paris Sciences et Lettres – PSL Research University Paris,France,,Europe & Central Asia,High income: OECD,,,15.0,59.06027704979409,22.0,,77.13333333333334
U1521,London School of Economics and Political Science,United Kingdom,,Europe & Central Asia,High income: OECD,,,12.6,73.23099962560839,72.0,,82.62500000000001
U1522,Universität Heidelberg,Germany,,Europe & Central Asia,High income: OECD,,,13.3,69.18757019842757,20.0,,76.92500000000001
U1523,Karolinska Institute,Sweden,,Europe & Central Asia,High income: OECD,,,9.9,86.42830400599027,27.0,,79.31666666666668
U1524,University of Manchester,United Kingdom,,Europe & Central Asia,High income: OECD,,,15.6,55.803070011231746,45.0,,77.93333333333332
U1525,Chinese University of Hong Kong,Hong Kong,,East Asia & Pacific,High income: nonOECD,,,18.8,38.581055784350426,25.0,,76.54166666666667
U1526,Australian National University,Australia,,East Asia & Pacific,High income: OECD,,,15.1,58.36765256458255,48.0,,75.75
U1527,Washington University in St Louis,United States,,North America,High income: OECD,,,7.3,94.92699363534257,22.0,,73.99166666666666
U1528,"University of California, Santa Barbara",United States,,North America,High income: OECD,,,27.5,14.732309996256088,18.0,,78.11666666666667
U1529,University of North Carolina at Chapel Hill,United States,,North America,High income: OECD,,,7.7,93.72894047173344,8.0,,74.3
U1530,Yonsei University (Seoul campus),South Korea,,East Asia & Pacific,High income: OECD,,,13.9,65.87420441782103,17.0,,70.55
U1531,Korea Advanced Institute of Science and Technology (KAIST),South Korea,,East Asia & Pacific,High income: OECD,,,10.7,82.4971920628978,8.0,,70.63333333333333
U1532,UNSW Sydney,Australia,,East Asia & Pacific,High income: OECD,,,36.6,5.952826656682886,40.0,,71.44166666666666
U1533,University of Minnesota,United States,,North America,High income: OECD,,,11.8,77.51778360164732,9.0,,70.45833333333333
U1534,Purdue University West Lafayette,United States,,North America,High income: OECD,,,18.3,41.276675402470985,17.0,,68.00833333333333
U1535,Humboldt University of Berlin,Germany,,Europe & Central Asia,High income: OECD,,,54.5,1.3852489704230586,18.0,,71.65833333333333
U1536,University of Bonn,Germany,,Europe & Central Asia,High income: OECD,,,44.5,2.7143391988019516,17.0,,71.03333333333335
U1537,Charité - Universitätsmedizin Berlin,Germany,,Europe & Central Asia,High income: OECD,,,17.5,45.05803070011232,21.0,,69.35000000000001
U1538,University of Tübingen,Germany,,Europe & Central Asia,High income: OECD,,,27.1,15.312616997379259,14.0,,70.04166666666667
U1539,Ohio State University (Main campus),United States,,North America,High income: OECD,,,11.4,79.44590041183078,11.0,,67.575
U1540,Free University of Berlin,Germany,,Europe & Central Asia,High income: OECD,,,41.5,3.6315986521901933,20.0,,69.2
U1541,University of Sheffield,United Kingdom,,Europe & Central Asia,High income: OECD,,,15.4,56.77648820666417,40.0,,67.33333333333333
U1542,University of Warwick,United Kingdom,,Europe & Central Asia,High income: OECD,,,14.4,63.38450018719581,44.0,,67.47500000000001
U1543,University of Adelaide,Australia,,East Asia & Pacific,High income: OECD,,,36.4,6.027704979408465,31.0,,68.18333333333334
U1544,Penn State (Main campus),United States,,North America,High income: OECD,,,14.2,64.30175964058404,15.0,,69.11666666666667
U1545,University of Massachusetts,United States,,North America,High income: OECD,,,13.3,69.18757019842757,14.0,,63.73333333333333
U1546,University of Freiburg,Germany,,Europe & Central Asia,High income: OECD,,,34.4,7.450393111194309,17.0,,65.84166666666667
U1547,Trinity College Dublin,Ireland,,Europe & Central Asia,High income: OECD,,,22.2,25.795582178959187,34.0,,64.73333333333333
U1548,University of Hamburg,Germany,,Europe & Central Asia,High income: OECD,,,58.5,0.9734181954324184,13.0,,66.425
U1549,Technical University of Berlin,Germany,,Europe & Central Asia,High income: OECD,,,49.6,1.7409210033695222,29.0,,64.97500000000001
U1550,Karlsruhe Institute of Technology,Germany,,Europe & Central Asia,High income: OECD,,,20.5,31.542493448146757,25.0,,63.34166666666666
U1551,Radboud University Nijmegen,Netherlands,,Europe & Central Asia,High income: OECD,,,18.2,41.913141145638335,12.0,,67.79166666666667
U1552,University of Pittsburgh-Pittsburgh campus,United States,,North America,High income: OECD,,,5.4,97.49157618869337,10.0,,65.39166666666667
U1553,Sungkyunkwan University (SKKU),South Korea,,East Asia & Pacific,High income: OECD,,,19.4,36.70909771621116,19.0,,61.99166666666667
U1554,University of Auckland,New Zealand,,East Asia & Pacific,High income: OECD,,,24.4,20.27330587794833,31.0,,63.45
U1555,University of Barcelona,Spain,,Europe & Central Asia,High income: OECD,,,15.3,57.35679520778735,11.0,,65.67500000000001
U1556,University of Arizona,United States,,North America,High income: OECD,,,19.9,34.18195432422314,7.0,,65.63333333333333
U1557,University of Bologna,Italy,,Europe & Central Asia,High income: OECD,,,24.7,19.5806813927368,11.0,,62.05833333333334
U1558,TU Dresden,Germany,,Europe & Central Asia,High income: OECD,,,29.4,12.354923249719207,17.0,,62.849999999999994
U1559,University of Virginia (Main campus),United States,,North America,High income: OECD,,,8.9,90.49045301385249,11.0,,60.433333333333344
U1560,Université Catholique de Louvain,Belgium,,Europe & Central Asia,High income: OECD,,,37.3,5.466117558966676,20.0,,63.44166666666666
U1561,Scuola Normale Superiore di Pisa,Italy,,Europe & Central Asia,High income: OECD,,,7.4,94.51516286035194,11.0,,59.39166666666668
U1562,University of Würzburg,Germany,,Europe & Central Asia,High income: OECD,,,38.3,4.867090977162114,12.0,,63.150000000000006
U1563,University of Exeter,United Kingdom,,Europe & Central Asia,High income: OECD,,,16.6,49.812804193186075,28.0,,64.66666666666667
U1564,Arizona State University (Tempe),United States,,North America,High income: OECD,,,19.7,35.09921377761138,14.0,,63.40833333333334
U1565,University of Mannheim,Germany,,Europe & Central Asia,High income: OECD,,,57.1,1.0857356795207829,14.0,,64.06666666666666
U1566,Tokyo Institute of Technology,Japan,,East Asia & Pacific,High income: OECD,,,9.6,87.81355297641333,17.0,,57.508333333333326
U1567,University of Erlangen-Nuremberg,Germany,,Europe & Central Asia,High income: OECD,,,41.9,3.44440284537626,13.0,,61.26666666666668
U1568,University of Münster,Germany,,Europe & Central Asia,High income: OECD,,,25.1,18.906776488206667,5.0,,62.466666666666676
U1569,Ulm University,Germany,,Europe & Central Asia,High income: OECD,,,26.4,16.435791838262826,13.0,,60.65833333333334
U1570,Indiana University,United States,,North America,High income: OECD,,,12.3,74.69112691875702,12.0,,57.775
U1571,Queensland University of Technology,Australia,,East Asia & Pacific,High income: OECD,,,37.9,5.110445526020213,14.0,,61.85
U1572,Autonomous University of Barcelona,Spain,,Europe & Central Asia,High income: OECD,,,13.2,69.89891426432048,13.0,,59.483333333333334
U1573,Friedrich Schiller University Jena,Germany,,Europe & Central Asia,High income: OECD,,,18.9,38.169225009359785,14.0,,58.583333333333336
U1574,Goethe University Frankfurt,Germany,,Europe & Central Asia,High income: OECD,,,14.5,62.67315612130289,14.0,,56.61666666666667
U1575,University of Hawai’i at Mānoa,United States,,North America,High income: OECD,,,11.3,79.95132909022837,10.0,,56.37499999999999
U1576,University of Illinois Chicago,United States,,North America,High income: OECD,,,11.4,79.44590041183078,18.0,,53.108333333333334
U1577,King Fahd University of Petroleum and Minerals,Saudi Arabia,,Middle East & North Africa,High income: nonOECD,,,8.5,91.65106701609884,15.0,,58.53333333333333
U1578,Université Libre de Bruxelles,Belgium,,Europe & Central Asia,High income: OECD,,,51.7,1.5537251965555998,30.0,,61.04166666666667
U1579,Medical University of Graz,Austria,,Europe & Central Asia,High income: OECD,,,15.5,56.34593785099214,29.0,,57.708333333333336
U1580,Medical University of Vienna,Austria,,Europe & Central Asia,High income: OECD,,,8.4,91.96929988768252,30.0,,55.7
U1581,Moscow Institute of Physics and Technology (MIPT),Russian Federation,,Europe & Central Asia,High income: nonOECD,,,11.6,78.45376263571696,21.0,,51.425
U1582,University of Newcastle,Australia,,East Asia & Pacific,High income: OECD,,,31.3,10.146012729314869,16.0,,58.25833333333333
U1583,"Northeastern University, US",United States,,North America,High income: OECD,,,14.1,64.78846873830027,32.0,,58.475
U1584,University of Padua,Italy,,Europe & Central Asia,High income: OECD,,,26.5,16.15499812804193,7.0,,57.5
U1585,Pompeu Fabra University,Spain,,Europe & Central Asia,High income: OECD,,,22.7,24.50393111194309,13.0,,60.050000000000004
U1586,University of Potsdam,Germany,,Europe & Central Asia,High income: OECD,,,38.1,4.941969299887683,16.0,,59.57500000000001
U1587,Queen’s University Belfast,United Kingdom,,Europe & Central Asia,High income: OECD,,,17.2,46.63047547734931,41.0,,59.12500000000001
U1588,Rutgers University – New Brunswick,United States,,North America,High income: OECD,,,11.2,80.49419692998877,17.0,,54.366666666666674
U1589,Sant’Anna School of Advanced Studies – Pisa,Italy,,Europe & Central Asia,High income: OECD,,,7.4,94.51516286035194,20.0,,56.125
U1590,University of São Paulo,Brazil,,Latin America & Caribbean,Upper middle income,,,13.9,65.87420441782103,2.0,,59.28333333333334
U1591,Southern University of Science and Technology (SUSTech),China,,East Asia & Pacific,Upper middle income,,,9.0,90.00374391613629,1.0,,62.46666666666666
U1592,Vrije Universiteit Brussel,Belgium,,Europe & Central Asia,High income: OECD,,,35.1,6.776488206664166,23.0,,58.558333333333344
U1593,University of East Anglia,United Kingdom,,Europe & Central Asia,High income: OECD,,,14.3,63.87120928491201,21.0,,56.541666666666664
U1594,Heinrich Heine University Düsseldorf,Germany,,Europe & Central Asia,High income: OECD,,,30.1,11.269187570198424,13.0,,54.416666666666664
U1595,Humanitas University,Italy,,Europe & Central Asia,High income: OECD,,,17.9,43.20479221265444,18.0,,57.108333333333334
U1596,Johannes Gutenberg University of Mainz,Germany,,Europe & Central Asia,High income: OECD,,,24.1,21.040808685885438,11.0,,53.30833333333334
U1597,Khalifa University,United Arab Emirates,,Middle East & North Africa,High income: nonOECD,,,9.3,88.84312991388992,41.0,,53.608333333333334
U1598,King Abdulaziz University,Saudi Arabia,,Middle East & North Africa,High income: nonOECD,,,13.9,65.87420441782103,3.0,,54.47500000000001
U1599,University of Konstanz,Germany,,Europe & Central Asia,High income: OECD,,,34.5,7.300636465743171,11.0,,55.69166666666667
U1600,University of Malaya,Malaysia,,East Asia & Pacific,Upper middle income,,,10.2,85.00561587420442,22.0,,50.9
U1601,Medical University of Innsbruck,Austria,,Europe & Central Asia,High income: OECD,,,12.9,71.86447023586672,44.0,,54.425000000000004
U1602,Queen’s University,Canada,,North America,High income: OECD,,,25.9,17.37177087233246,16.0,,52.29166666666667
U1603,RCSI University of Medicine and Health Sciences,Ireland,,Europe & Central Asia,High income: OECD,,,23.9,21.677274429052783,67.0,,55.391666666666666
U1604,Ruhr University Bochum,Germany,,Europe & Central Asia,High income: OECD,,,46.7,2.1714713590415546,16.0,,57.324999999999996
U1605,Semmelweis University,Hungary,,Europe & Central Asia,Upper middle income,,,12.8,72.40733807562711,37.0,,48.25833333333334
U1606,University of Southern Denmark,Denmark,,Europe & Central Asia,High income: OECD,,,9.9,86.42830400599027,13.0,,56.66666666666667
U1607,Stony Brook University,United States,,North America,High income: OECD,,,10.5,83.60164732309995,19.0,,51.24166666666667
U1608,University of Stuttgart,Germany,,Europe & Central Asia,High income: OECD,,,25.3,18.663421939348556,20.0,,55.16666666666667
U1609,Università della Svizzera italiana,Switzerland,,Europe & Central Asia,High income: OECD,,,14.0,65.27517783601647,67.0,,50.4
U1610,TU Wien,Austria,,Europe & Central Asia,High income: OECD,,,19.0,37.776113815050536,31.0,,49.725
U1611,Vita-Salute San Raffaele University,Italy,,Europe & Central Asia,High income: OECD,,,13.9,65.87420441782103,5.0,,56.64999999999999
U1612,Xi’an Jiaotong University,China,,East Asia & Pacific,Upper middle income,,,14.7,61.250467989517034,7.0,,57.166666666666664
U1613,Beihang University,China,,East Asia & Pacific,Upper middle income,,,12.3,74.69112691875702,4.0,,53.958333333333336
U1614,University of Bremen,Germany,,Europe & Central Asia,High income: OECD,,,19.5,36.09135155372519,13.0,,51.416666666666664
U1615,University at Buffalo,United States,,North America,High income: OECD,,,17.2,46.63047547734931,12.0,,51.6
U1616,"China Medical University, Taiwan",Taiwan,,,,,,14.7,61.250467989517034,7.0,,57.63333333333333
U1617,Copenhagen Business School,Denmark,,Europe & Central Asia,High income: OECD,,,27.5,14.732309996256088,23.0,,57.21666666666667
U1618,University of Essex,United Kingdom,,Europe & Central Asia,High income: OECD,,,16.0,53.463122426057666,41.0,,52.3
U1619,Hebrew University of Jerusalem,Israel,,Middle East & North Africa,High income: OECD,,,8.9,90.49045301385249,5.0,,49.88333333333333
U1620,University of Innsbruck,Austria,,Europe & Central Asia,High income: OECD,,,23.7,22.107824784724826,48.0,,48.599999999999994
U1621,University of Kiel,Germany,,Europe & Central Asia,High income: OECD,,,23.9,21.677274429052783,8.0,,53.42499999999999
U1622,University of Liège,Belgium,,Europe & Central Asia,High income: OECD,,,29.2,12.61699737925871,20.0,,52.86666666666667
U1623,Montpellier University,France,,Europe & Central Asia,High income: OECD,,,20.5,31.542493448146757,15.0,,51.891666666666666
U1624,Oregon Health and Science University,United States,,North America,High income: OECD,,,0.9,99.77536503182328,3.0,,50.63333333333334
U1625,University of Pavia,Italy,,Europe & Central Asia,High income: OECD,,,31.5,9.99625608386372,9.0,,53.3
U1626,University of Rome II – Tor Vergata,Italy,,Europe & Central Asia,High income: OECD,,,24.0,21.359041557469116,20.0,,50.5
U1627,"Royal Holloway, University of London",United Kingdom,,Europe & Central Asia,High income: OECD,,,16.1,52.639460876076384,31.0,,50.00833333333333
U1628,"St George’s, University of London",United Kingdom,,Europe & Central Asia,High income: OECD,,,13.1,70.46050168476225,18.0,,54.00833333333334
U1629,Swedish University of Agricultural Sciences,Sweden,,Europe & Central Asia,High income: OECD,,,4.7,97.97828528640959,8.0,,53.19166666666667
U1630,Universiti Teknologi Petronas,Malaysia,,East Asia & Pacific,Upper middle income,,,13.1,70.46050168476225,12.0,,54.425000000000004
U1631,The University of Tennessee-Knoxville,United States,,North America,High income: OECD,,,17.0,47.69749157618869,3.0,,53.64166666666667
U1632,University of the Witwatersrand,South Africa,,Sub-Saharan Africa,Upper middle income,,,24.4,20.27330587794833,7.0,,55.19166666666667
U1633,Autonomous University of Madrid,Spain,,Europe & Central Asia,High income: OECD,,,13.4,68.43878697117185,15.0,,49.233333333333334
U1634,University of Campinas,Brazil,,Latin America & Caribbean,Upper middle income,,,18.9,38.169225009359785,3.0,,49.041666666666664
U1635,University of Colorado Denver/Anschutz Medical Campus,United States,,North America,High income: OECD,,,4.5,98.09060277049794,7.0,,52.86666666666667
U1636,University of Georgia,United States,,North America,High income: OECD,,,15.7,55.29764133283415,6.0,,52.04166666666667
U1637,Justus Liebig University Giessen,Germany,,Europe & Central Asia,High income: OECD,,,42.4,3.3320853612879064,11.0,,52.375
U1638,University of Milan-Bicocca,Italy,,Europe & Central Asia,High income: OECD,,,29.8,11.531261699737927,5.0,,53.125
U1639,University of Naples Federico II,Italy,,Europe & Central Asia,High income: OECD,,,19.5,36.09135155372519,2.0,,52.716666666666676
U1640,Peter the Great St Petersburg Polytechnic University,Russian Federation,,Europe & Central Asia,High income: nonOECD,,,10.0,86.0539123923624,33.0,,46.34166666666667
U1641,Sabancı University,Turkey,,Europe & Central Asia,Upper middle income,,,20.5,31.542493448146757,11.0,,51.06666666666667
U1642,University of St Gallen,Switzerland,,Europe & Central Asia,High income: OECD,,,12.9,71.86447023586672,33.0,,46.16666666666667
U1643,Southern Medical University,China,,East Asia & Pacific,Upper middle income,,,10.7,82.4971920628978,6.0,,52.575
U1644,Technion Israel Institute of Technology,Israel,,Middle East & North Africa,High income: OECD,,,22.7,24.50393111194309,13.0,,47.708333333333336
U1645,University of Texas at Dallas,United States,,North America,High income: OECD,,,21.6,27.94833395731936,15.0,,51.88333333333334
U1646,University of Victoria,Canada,,North America,High income: OECD,,,23.9,21.677274429052783,21.0,,51.575
U1647,"Asia University, Taiwan",Taiwan,,,,,,29.5,12.092849120179705,4.0,,54.93333333333334
U1648,Auckland University of Technology,New Zealand,,East Asia & Pacific,High income: OECD,,,17.7,44.04717334331711,46.0,,47.36666666666667
U1649,Universiti Brunei Darussalam,Brunei Darussalam,,East Asia & Pacific,High income: nonOECD,,,11.3,79.95132909022837,14.0,,48.525
U1650,"University of California, Merced",United States,,North America,High income: OECD,,,19.6,35.49232497192063,9.0,,50.108333333333334
U1651,Campus Bio-Medico University of Rome,Italy,,Europe & Central Asia,High income: OECD,,,18.4,40.696368401347804,1.0,,48.958333333333336
U1652,University of Catania,Italy,,Europe & Central Asia,High income: OECD,,,22.2,25.795582178959187,3.0,,47.075
U1653,Centrale Nantes,France,,Europe & Central Asia,High income: OECD,,,14.8,60.61400224634967,39.0,,40.56666666666667
U1654,Chung-Ang University,South Korea,,East Asia & Pacific,High income: OECD,,,22.4,25.32759266192437,23.0,,44.06666666666666
U1655,Claude Bernard University Lyon 1,France,,Europe & Central Asia,High income: OECD,,,12.7,72.85660801198053,14.0,,42.891666666666666
U1656,"Colorado State University, Fort Collins",United States,,North America,High income: OECD,,,16.2,52.09659303631599,5.0,,49.49166666666667
U1657,Constructor University,Germany,,Europe & Central Asia,High income: OECD,,,22.1,26.095095469861473,83.0,,41.31666666666667
U1658,École des Ponts ParisTech,France,,Europe & Central Asia,High income: OECD,,,8.7,91.18307749906403,39.0,,40.88333333333334
U1659,University of Fribourg,Switzerland,,Europe & Central Asia,High income: OECD,,,16.0,53.463122426057666,15.0,,45.7
U1660,University of Greifswald,Germany,,Europe & Central Asia,High income: OECD,,,21.1,29.483339573193557,8.0,,48.19166666666667
U1661,Imam Mohammad Ibn Saud Islamic University,Saudi Arabia,,Middle East & North Africa,High income: nonOECD,,,10.5,83.60164732309995,3.0,,41.06666666666667
U1662,IMT Atlantique,France,,Europe & Central Asia,High income: OECD,,,9.4,88.50617746162486,37.0,,39.45833333333333
U1663,Institut Agro,France,,Europe & Central Asia,High income: OECD,,,10.8,82.01048296518158,13.0,,44.1
U1664,Johannes Kepler University of Linz,Austria,,Europe & Central Asia,High income: OECD,,,20.8,30.381879445900417,16.0,,44.9
U1665,Universiti Kebangsaan Malaysia,Malaysia,,East Asia & Pacific,Upper middle income,,,10.1,85.62336203669038,18.0,,40.675000000000004
U1666,University of Marburg,Germany,,Europe & Central Asia,High income: OECD,,,32.7,8.704605016847623,14.0,,46.983333333333334
U1667,Mizzou - University of Missouri,United States,,North America,High income: OECD,,,12.3,74.69112691875702,3.0,,42.66666666666667
U1668,National Research Nuclear University MEPhI,Russian Federation,,Europe & Central Asia,High income: nonOECD,,,9.2,89.25496068888057,28.0,,41.583333333333336
U1669,University of Nebraska-Lincoln,United States,,North America,High income: OECD,,,16.6,49.812804193186075,9.0,,47.93333333333333
U1670,University of Neuchâtel,Switzerland,,Europe & Central Asia,High income: OECD,,,11.8,77.51778360164732,21.0,,43.4
U1671,New Jersey Institute of Technology,United States,,North America,High income: OECD,,,14.5,62.67315612130289,24.0,,42.541666666666664
U1672,University of Passau,Germany,,Europe & Central Asia,High income: OECD,,,58.2,1.029576937476595,13.0,,49.0
U1673,Polytechnic University of Turin,Italy,,Europe & Central Asia,High income: OECD,,,31.9,9.378509921377765,15.0,,48.24166666666667
U1674,Pontificia Universidad Católica de Chile,Chile,,Latin America & Caribbean,High income: OECD,,,15.0,59.06027704979409,3.0,,48.175
U1675,Prince Sultan University (PSU),Saudi Arabia,,Middle East & North Africa,High income: nonOECD,,,17.4,45.56345937850992,11.0,,48.208333333333336
U1676,Royal Veterinary College,United Kingdom,,Europe & Central Asia,High income: OECD,,,10.3,84.5001871958068,32.0,,43.574999999999996
U1677,Universiti Sains Malaysia,Malaysia,,East Asia & Pacific,Upper middle income,,,12.1,75.739423436915,28.0,,41.21666666666667
U1678,Saint Louis University,United States,,North America,High income: OECD,,,7.3,94.92699363534257,6.0,,43.21666666666667
U1679,University of South Carolina-Columbia,United States,,North America,High income: OECD,,,16.9,48.221639835267695,5.0,,45.641666666666666
U1680,Taipei Medical University,Taiwan,,,,,,8.9,90.49045301385249,10.0,,44.391666666666666
U1681,University of Toulouse,France,,Europe & Central Asia,High income: OECD,,,22.9,23.848745788094348,15.0,,44.99166666666667
U1682,Umeå University,Sweden,,Europe & Central Asia,High income: OECD,,,13.8,66.39835267690005,12.0,,52.958333333333336
U1683,Universiti Utara Malaysia,Malaysia,,East Asia & Pacific,Upper middle income,,,11.5,78.99663047547735,30.0,,45.14166666666667
U1684,University of Vaasa,Finland,,Europe & Central Asia,High income: OECD,,,18.8,38.581055784350426,4.0,,53.78333333333333
U1685,Åbo Akademi University,Finland,,Europe & Central Asia,High income: OECD,,,18.2,41.913141145638335,13.0,,43.141666666666666
U1686,American University of Beirut,Lebanon,,Middle East & North Africa,Upper middle income,,,8.7,91.18307749906403,20.0,,41.06666666666667
U1687,Anglia Ruskin University (ARU),United Kingdom,,Europe & Central Asia,High income: OECD,,,24.1,21.040808685885438,41.0,,44.84166666666667
U1688,University of L’Aquila,Italy,,Europe & Central Asia,High income: OECD,,,31.7,9.715462373642836,5.0,,43.800000000000004
U1689,Babol Noshirvani University of Technology,Iran,,Middle East & North Africa,Upper middle income,,,26.7,15.743167353051291,0.0,,51.875
U1690,Brighton and Sussex Medical School,United Kingdom,,Europe & Central Asia,High income: OECD,,,0.3,99.96256083863722,26.0,,43.833333333333336
U1691,Ca’ Foscari University of Venice,Italy,,Europe & Central Asia,High income: OECD,,,29.5,12.092849120179705,7.0,,43.175
U1692,University of Canterbury,New Zealand,,East Asia & Pacific,High income: OECD,,,22.0,26.46948708348933,18.0,,44.025
U1693,Central Queensland University,Australia,,East Asia & Pacific,High income: OECD,,,25.6,18.02695619618121,11.0,,47.24166666666667
U1694,"China University of Petroleum, Beijing",China,,East Asia & Pacific,Upper middle income,,,18.6,39.666791463871206,7.0,,45.458333333333336
U1695,University of Côte d’Azur,France,,Europe & Central Asia,High income: OECD,,,20.5,31.542493448146757,20.0,,40.166666666666664
U1696,University of Cyprus,Cyprus,,Europe & Central Asia,High income: nonOECD,,,20.0,33.78884312991389,14.0,,46.425
U1697,ENSTA Bretagne,France,,Europe & Central Asia,High income: OECD,,,8.6,91.42643204792212,18.0,,36.725
U1698,University of Ferrara,Italy,,Europe & Central Asia,High income: OECD,,,34.8,6.926244852115316,5.0,,45.483333333333334
U1699,University of Graz,Austria,,Europe & Central Asia,High income: OECD,,,12.6,73.23099962560839,17.0,,40.59166666666667
U1700,Hamburg University of Technology,Germany,,Europe & Central Asia,High income: OECD,,,26.4,16.435791838262826,23.0,,36.375
U1701,Jinan University,China,,East Asia & Pacific,Upper middle income,,,15.0,59.06027704979409,30.0,,43.925000000000004
U1702,Leuphana University of Lüneburg,Germany,,Europe & Central Asia,High income: OECD,,,22.5,24.990640209659297,7.0,,48.9
U1703,Mahatma Gandhi University,India,,South Asia,Lower middle income,,,20.5,31.542493448146757,2.0,,48.18333333333333
U1704,Manchester Metropolitan University,United Kingdom,,Europe & Central Asia,High income: OECD,,,17.4,45.56345937850992,19.0,,43.04166666666667
U1705,University of Messina,Italy,,Europe & Central Asia,High income: OECD,,,21.1,29.483339573193557,3.0,,47.71666666666667
U1706,Nantes Université,France,,Europe & Central Asia,High income: OECD,,,24.5,20.029951329090224,9.0,,42.699999999999996
U1707,National Yunlin University of Science and Technology,Taiwan,,,,,,21.5,28.229127667540244,6.0,,47.00833333333333
U1708,Nazarbayev University,Kazakhstan,,Europe & Central Asia,Upper middle income,,,13.9,65.87420441782103,3.0,,44.66666666666667
U1709,University of Nebraska Medical Center,United States,,North America,High income: OECD,,,2.0,99.32609509546985,7.0,,41.983333333333334
U1710,University of Nicosia,Cyprus,,Europe & Central Asia,High income: nonOECD,,,13.0,71.19056533133659,54.0,,43.958333333333336
U1711,Northumbria University,United Kingdom,,Europe & Central Asia,High income: OECD,,,16.1,52.639460876076384,22.0,,44.825
U1712,NOVA University of Lisbon,Portugal,,Europe & Central Asia,High income: OECD,,,17.8,43.5604642456009,20.0,,45.28333333333334
U1713,Polytechnic University of Bari,Italy,,Europe & Central Asia,High income: OECD,,,43.0,3.070011231748404,1.0,,48.14166666666667
U1714,Universiti Putra Malaysia,Malaysia,,East Asia & Pacific,Upper middle income,,,11.3,79.95132909022837,27.0,,39.12500000000001
U1715,Rovira i Virgili University,Spain,,Europe & Central Asia,High income: OECD,,,13.3,69.18757019842757,13.0,,42.55
U1716,Rush University,United States,,North America,High income: OECD,,,2.1,99.25121677274429,1.0,,40.78333333333333
U1717,Shiraz University of Technology,Iran,,Middle East & North Africa,Upper middle income,,,12.9,71.86447023586672,0.0,,45.675000000000004
U1718,"Soochow University, China",China,,East Asia & Pacific,Upper middle income,,,15.8,54.867090977162114,3.0,,47.425
U1719,Tabriz University of Medical Sciences,Iran,,Middle East & North Africa,Upper middle income,,,9.3,88.84312991388992,2.0,,39.266666666666666
U1720,Taif University,Saudi Arabia,,Middle East & North Africa,High income: nonOECD,,,19.4,36.70909771621116,3.0,,45.425
U1721,The University of Texas at San Antonio,United States,,North America,High income: OECD,,,26.4,16.435791838262826,3.0,,46.125
U1722,TU Braunschweig,Germany,,Europe & Central Asia,High income: OECD,,,19.6,35.49232497192063,18.0,,39.625
U1723,The University of Tulsa,United States,,North America,High income: OECD,,,10.8,82.01048296518158,9.0,,39.99166666666667
U1724,UiT The Arctic University of Norway,Norway,,Europe & Central Asia,High income: OECD,,,10.6,83.05877948333958,8.0,,41.55833333333333
U1725,University of Valencia,Spain,,Europe & Central Asia,High income: OECD,,,13.7,66.7540247098465,9.0,,46.475
U1726,University of Wuppertal,Germany,,Europe & Central Asia,High income: OECD,,,35.4,6.5518532384874595,10.0,,45.425
U1727,Yangzhou University,China,,East Asia & Pacific,Upper middle income,,,12.5,73.66154998128043,13.0,,41.39166666666667
U1728,Abdul Wali Khan University Mardan,Pakistan,,South Asia,Lower middle income,,,22.8,24.18569824035942,0.0,,40.85
U1729,Air University,Pakistan,,South Asia,Lower middle income,,,12.8,72.40733807562711,0.0,,41.25
U1730,The University of Aizu,Japan,,East Asia & Pacific,High income: OECD,,,11.5,78.99663047547735,12.0,,32.46666666666667
U1731,Alagappa University,India,,South Asia,Lower middle income,,,15.8,54.867090977162114,0.0,,34.46666666666667
U1732,Amedeo Avogadro University of Eastern Piedmont,Italy,,Europe & Central Asia,High income: OECD,,,40.8,3.8000748783227234,7.0,,43.416666666666664
U1733,University of Arkansas,United States,,North America,High income: OECD,,,18.6,39.666791463871206,4.0,,43.875
U1734,Babol University of Medical Sciences,Iran,,Middle East & North Africa,Upper middle income,,,11.7,77.94833395731936,0.0,,36.375
U1735,University of Bari Aldo Moro,Italy,,Europe & Central Asia,High income: OECD,,,20.0,33.78884312991389,2.0,,45.34166666666667
U1736,University of Beira Interior,Portugal,,Europe & Central Asia,High income: OECD,,,17.4,45.56345937850992,18.0,,40.2
U1737,Bharathiar University,India,,South Asia,Lower middle income,,,18.2,41.913141145638335,0.0,,39.016666666666666
U1738,Boğaziçi University,Turkey,,Europe & Central Asia,Upper middle income,,,23.5,22.61325346312243,2.0,,39.43333333333334
U1739,University of Campania Luigi Vanvitelli,Italy,,Europe & Central Asia,High income: OECD,,,28.9,12.86035192811681,2.0,,38.516666666666666
U1740,Cankaya University,Turkey,,Europe & Central Asia,Upper middle income,,,24.0,21.359041557469116,1.0,,43.73333333333334
U1741,University of Cape Coast,Ghana,,Sub-Saharan Africa,Lower middle income,,,38.6,4.792212654436545,0.0,,43.46666666666667
U1742,Capital Medical University,China,,East Asia & Pacific,Upper middle income,,,4.9,97.90340696368402,5.0,,39.60833333333333
U1743,Capital University of Science and Technology,Pakistan,,South Asia,Lower middle income,,,28.0,13.983526769000376,0.0,,43.55833333333333
U1744,The Catholic University of America,United States,,North America,High income: OECD,,,11.2,80.49419692998877,6.0,,30.666666666666664
U1745,University of Córdoba,Spain,,Europe & Central Asia,High income: OECD,,,12.9,71.86447023586672,11.0,,37.69166666666666
U1746,Cyprus University of Technology,Cyprus,,Europe & Central Asia,High income: nonOECD,,,15.3,57.35679520778735,14.0,,37.516666666666666
U1747,École Centrale de Lyon,France,,Europe & Central Asia,High income: OECD,,,16.4,50.861100711344065,24.0,,28.575
U1748,École des Mines de Saint-Étienne,France,,Europe & Central Asia,High income: OECD,,,9.8,86.95245226506927,24.0,,32.69166666666666
U1749,École Nationale des Travaux Publics de l'État (ENTPE),France,,Europe & Central Asia,High income: OECD,,,14.8,60.61400224634967,14.0,,34.625
U1750,Egypt-Japan University of Science and Technology (E-JUST),Egypt,,Middle East & North Africa,Lower middle income,,,18.4,40.696368401347804,3.0,,42.1
U1751,"University of Engineering and Technology, Taxila",Pakistan,,South Asia,Lower middle income,,,19.4,36.70909771621116,2.0,,41.88333333333333
U1752,Universidade Estadual Paulista (Unesp),Brazil,,Latin America & Caribbean,Upper middle income,,,12.8,72.40733807562711,4.0,,35.18333333333334
U1753,Federal University of Rio de Janeiro,Brazil,,Latin America & Caribbean,Upper middle income,,,13.5,67.83976038936727,1.0,,36.291666666666664
U1754,Federation University Australia,Australia,,East Asia & Pacific,High income: OECD,,,16.8,48.68962935230251,38.0,,39.74166666666667
U1755,University of Foggia,Italy,,Europe & Central Asia,High income: OECD,,,33.2,8.348932983901157,1.0,,41.7
U1756,Gabriele d‘Annunzio University,Italy,,Europe & Central Asia,High income: OECD,,,31.7,9.715462373642836,2.0,,40.550000000000004
U1757,Government College University Faisalabad,Pakistan,,South Asia,Lower middle income,,,26.5,16.15499812804193,0.0,,43.50000000000001
U1758,Guangdong University of Technology,China,,East Asia & Pacific,Upper middle income,,,19.0,37.776113815050536,0.0,,44.425
U1759,Harokopio University of Athens,Greece,,Europe & Central Asia,High income: OECD,,,44.9,2.583302134032195,3.0,,46.358333333333334
U1760,Imam Abdulrahman Bin Faisal University,Saudi Arabia,,Middle East & North Africa,High income: nonOECD,,,11.3,79.95132909022837,4.0,,37.525000000000006
U1761,Imam Khomeini International University,Iran,,Middle East & North Africa,Upper middle income,,,25.8,17.63384500187196,5.0,,41.6
U1762,Indian Institute of Technology Guwahati,India,,South Asia,Lower middle income,,,18.0,42.83040059902659,1.0,,35.72500000000001
U1763,Indian Institute of Technology (Indian School of Mines) Dhanbad,India,,South Asia,Lower middle income,,,16.7,49.2137776113815,0.0,,38.93333333333334
U1764,Indian Institute of Technology Patna,India,,South Asia,Lower middle income,,,18.8,38.581055784350426,1.0,,43.475
U1765,University of Insubria,Italy,,Europe & Central Asia,High income: OECD,,,27.5,14.732309996256088,5.0,,46.741666666666674
U1766,"International Institute of Information Technology, Hyderabad",India,,South Asia,Lower middle income,,,18.3,41.276675402470985,7.0,,42.358333333333334
U1767,Iran University of Medical Sciences,Iran,,Middle East & North Africa,Upper middle income,,,8.3,92.30625233994758,10.0,,32.275
U1768,ISCTE-University Institute of Lisbon,Portugal,,Europe & Central Asia,High income: OECD,,,26.7,15.743167353051291,17.0,,44.28333333333334
U1769,Jamia Hamdard University,India,,South Asia,Lower middle income,,,18.5,40.24709846499438,3.0,,39.916666666666664
U1770,Jiangsu University,China,,East Asia & Pacific,Upper middle income,,,9.4,88.50617746162486,6.0,,40.516666666666666
U1771,Jönköping University,Sweden,,Europe & Central Asia,High income: OECD,,,13.0,71.19056533133659,13.0,,43.824999999999996
U1772,The University of Jordan,Jordan,,Middle East & North Africa,Upper middle income,,,10.3,84.5001871958068,20.0,,33.94166666666667
U1773,Juntendo University,Japan,,East Asia & Pacific,High income: OECD,,,5.0,97.82852864095844,3.0,,34.68333333333333
U1774,University of Kaiserslautern,Germany,,Europe & Central Asia,High income: OECD,,,22.0,26.46948708348933,19.0,,35.24166666666667
U1775,University of Kashan,Iran,,Middle East & North Africa,Upper middle income,,,28.4,13.421939348558587,2.0,,42.733333333333334
U1776,Kashan University of Medical Sciences and Health Services,Iran,,Middle East & North Africa,Upper middle income,,,20.5,31.542493448146757,3.0,,40.25
U1777,KIIT University,India,,South Asia,Lower middle income,,,12.3,74.69112691875702,10.0,,34.84166666666667
U1778,King Saud bin Abdulaziz University for Health Sciences,Saudi Arabia,,Middle East & North Africa,High income: nonOECD,,,13.0,71.19056533133659,1.0,,30.824999999999996
U1779,Kurdistan University of Medical Sciences,Iran,,Middle East & North Africa,Upper middle income,,,10.7,82.4971920628978,2.0,,34.699999999999996
U1780,University of Lille,France,,Europe & Central Asia,High income: OECD,,,31.5,9.99625608386372,13.0,,37.95
U1781,University of Lorraine,France,,Europe & Central Asia,High income: OECD,,,20.0,33.78884312991389,16.0,,35.19166666666666
U1782,Malaviya National Institute of Technology,India,,South Asia,Lower middle income,,,17.3,46.106327218270316,0.0,,40.975
U1783,Universiti Malaysia Pahang Al-Sultan Abdullah (UMPSA),Malaysia,,East Asia & Pacific,Upper middle income,,,13.5,67.83976038936727,8.0,,39.208333333333336
U1784,Manipal Academy of Higher Education,India,,South Asia,Lower middle income,,,9.1,89.62935230250842,12.0,,30.08333333333333
U1785,Marche Polytechnic University,Italy,,Europe & Central Asia,High income: OECD,,,28.9,12.86035192811681,5.0,,44.68333333333333
U1786,Mashhad University of Medical Sciences,Iran,,Middle East & North Africa,Upper middle income,,,9.0,90.00374391613629,4.0,,35.199999999999996
U1787,Mazandaran University of Medical Sciences,Iran,,Middle East & North Africa,Upper middle income,,,12.4,74.11081991763385,1.0,,34.56666666666666
U1788,Monterrey Institute of Technology,Mexico,,Latin America & Caribbean,Upper middle income,,,14.9,59.86521901909397,12.0,,39.03333333333333
U1789,University of Namur,Belgium,,Europe & Central Asia,High income: OECD,,,22.2,25.795582178959187,12.0,,38.24166666666667
U1790,Nanjing Forestry University,China,,East Asia & Pacific,Upper middle income,,,16.5,50.33695245226507,1.0,,45.45
U1791,Nanjing Tech University,China,,East Asia & Pacific,Upper middle income,,,13.5,67.83976038936727,3.0,,38.24166666666666
U1792,National Institute of Applied Sciences of Lyon (INSA Lyon),France,,Europe & Central Asia,High income: OECD,,,18.7,39.04904530138524,29.0,,31.708333333333332
U1793,National University of Sciences and Technology,Pakistan,,South Asia,Lower middle income,,,9.3,88.84312991388992,5.0,,40.983333333333334
U1794,National University of Science and Technology (MISiS),Russian Federation,,Europe & Central Asia,High income: nonOECD,,,12.0,76.3010108573568,21.0,,33.80833333333334
U1795,National Institute of Technology Rourkela,India,,South Asia,Lower middle income,,,20.6,31.093223511793333,4.0,,38.74166666666667
U1796,National Institute of Technology Silchar,India,,South Asia,Lower middle income,,,16.3,51.535005615874205,2.0,,41.25
U1797,Near East University,Northern Cyprus,,,,,,29.2,12.61699737925871,86.0,,38.71666666666666
U1798,"University of Nevada, Las Vegas",United States,,North America,High income: OECD,,,23.2,23.268438786971167,4.0,,41.891666666666666
U1799,University of New Brunswick UNB,Canada,,North America,High income: OECD,,,15.0,59.06027704979409,14.0,,40.583333333333336
U1800,"Northeastern University, China",China,,East Asia & Pacific,Upper middle income,,,13.2,69.89891426432048,3.0,,40.474999999999994
U1801,Northern Illinois University,United States,,North America,High income: OECD,,,14.3,63.87120928491201,6.0,,34.275
U1802,Norwegian University of Life Sciences,Norway,,Europe & Central Asia,High income: OECD,,,8.2,92.62448521153127,12.0,,35.24166666666667
U1803,Ohio University (Main campus),United States,,North America,High income: OECD,,,19.9,34.18195432422314,4.0,,37.225
U1804,Old Dominion University,United States,,North America,High income: OECD,,,18.2,41.913141145638335,2.0,,37.4
U1805,Ontario Tech University,Canada,,North America,High income: OECD,,,30.1,11.269187570198424,8.0,,41.04166666666667
U1806,The Open University,United Kingdom,,Europe & Central Asia,High income: OECD,,,33.5,8.03070011231748,8.0,,38.01666666666667
U1807,Open University of Catalonia,Spain,,Europe & Central Asia,High income: OECD,,,96.5,0.29951329090228684,6.0,,42.24166666666667
U1808,Örebro University,Sweden,,Europe & Central Asia,High income: OECD,,,15.6,55.803070011231746,5.0,,45.583333333333336
U1809,Otto von Guericke University of Magdeburg,Germany,,Europe & Central Asia,High income: OECD,,,11.2,80.49419692998877,26.0,,33.166666666666664
U1810,Parthenope University of Naples,Italy,,Europe & Central Asia,High income: OECD,,,32.4,8.873081242980152,1.0,,45.76666666666667
U1811,Universiti Pendidikan Sultan Idris,Malaysia,,East Asia & Pacific,Upper middle income,,,9.8,86.95245226506927,20.0,,30.86666666666666
U1812,Universitat Politècnica de Catalunya,Spain,,Europe & Central Asia,High income: OECD,,,9.8,86.95245226506927,13.0,,36.125
U1813,Polytechnic University of Valencia,Spain,,Europe & Central Asia,High income: OECD,,,14.5,62.67315612130289,14.0,,37.66666666666667
U1814,Prince Sattam Bin Abdulaziz University,Saudi Arabia,,Middle East & North Africa,High income: nonOECD,,,11.9,76.97491576188693,2.0,,40.666666666666664
U1815,Qazvin University of Medical Sciences,Iran,,Middle East & North Africa,Upper middle income,,,1.6,99.51329090228379,2.0,,36.725
U1816,Qingdao University,China,,East Asia & Pacific,Upper middle income,,,15.1,58.36765256458255,1.0,,45.775
U1817,Reykjavík University,Iceland,,Europe & Central Asia,High income: OECD,,,24.2,20.74129539498315,10.0,,45.70833333333333
U1818,University of Rome III,Italy,,Europe & Central Asia,High income: OECD,,,46.5,2.2276301010857313,5.0,,39.050000000000004
U1819,Roskilde University,Denmark,,Europe & Central Asia,High income: OECD,,,15.8,54.867090977162114,15.0,,42.608333333333334
U1820,University of Salento,Italy,,Europe & Central Asia,High income: OECD,,,24.7,19.5806813927368,2.0,,39.59166666666667
U1821,University of Sannio,Italy,,Europe & Central Asia,High income: OECD,,,13.4,68.43878697117185,1.0,,38.458333333333336
U1822,University of Santiago de Compostela,Spain,,Europe & Central Asia,High income: OECD,,,14.6,61.924372894047174,6.0,,36.76666666666667
U1823,University of Sassari,Italy,,Europe & Central Asia,High income: OECD,,,38.1,4.941969299887683,2.0,,42.03333333333333
U1824,Saveetha Institute of Medical and Technical Sciences,India,,South Asia,Lower middle income,,,7.1,95.45114189442157,1.0,,38.36666666666667
U1825,Shahid Beheshti University of Medical Sciences,Iran,,Middle East & North Africa,Upper middle income,,,8.0,93.14863347061025,4.0,,34.15
U1826,University of Siegen,Germany,,Europe & Central Asia,High income: OECD,,,29.9,11.40022463496818,13.0,,40.983333333333334
U1827,South China Normal University,China,,East Asia & Pacific,Upper middle income,,,18.9,38.169225009359785,3.0,,39.28333333333334
U1828,South Ural State University,Russian Federation,,Europe & Central Asia,High income: nonOECD,,,11.0,81.14938225383752,11.0,,39.0
U1829,SRUC (Scotland’s Rural College),United Kingdom,,Europe & Central Asia,High income: OECD,,,5.5,97.37925870460502,8.0,,40.50833333333333
U1830,SUNY Binghamton University,United States,,North America,High income: OECD,,,22.1,26.095095469861473,8.0,,38.29166666666667
U1831,Tallinn University of Technology,Estonia,,Europe & Central Asia,High income: OECD,,,11.4,79.44590041183078,14.0,,39.39166666666667
U1832,Tehran University of Medical Sciences,Iran,,Middle East & North Africa,Upper middle income,,,6.2,96.81767128416323,12.0,,33.416666666666664
U1833,University of Texas at Arlington,United States,,North America,High income: OECD,,,31.9,9.378509921377765,11.0,,39.25
U1834,Thapar Institute of Engineering and Technology,India,,South Asia,Lower middle income,,,15.1,58.36765256458255,1.0,,42.275
U1835,University of Tuscia,Italy,,Europe & Central Asia,High income: OECD,,,20.0,33.78884312991389,4.0,,45.391666666666666
U1836,University of Udine,Italy,,Europe & Central Asia,High income: OECD,,,19.3,37.06476974915762,5.0,,42.24166666666667
U1837,Paris Lodron Universität Salzburg,Austria,,Europe & Central Asia,High income: OECD,,,10.0,86.0539123923624,35.0,,36.56666666666666
U1838,Urmia University of Medical Sciences,Iran,,Middle East & North Africa,Upper middle income,,,12.4,74.11081991763385,5.0,,35.699999999999996
U1839,VIT University,India,,South Asia,Lower middle income,,,18.8,38.581055784350426,5.0,,37.55833333333334
U1840,University of the West of Scotland,United Kingdom,,Europe & Central Asia,High income: OECD,,,24.6,19.786596780232124,25.0,,37.04166666666667
U1841,William & Mary,United States,,North America,High income: OECD,,,11.3,79.95132909022837,7.0,,38.575
U1842,Wroclaw Medical University,Poland,,Europe & Central Asia,High income: OECD,,,10.9,81.50505428678397,14.0,,35.63333333333334
U1843,Xi’an Jiaotong-Liverpool University,China,,East Asia & Pacific,Upper middle income,,,19.9,34.18195432422314,4.0,,38.30833333333334
U1844,Xidian University,China,,East Asia & Pacific,Upper middle income,,,15.3,57.35679520778735,1.0,,40.0
U1845,Zhejiang Normal University,China,,East Asia & Pacific,Upper middle income,,,12.2,75.2714339198802,5.0,,42.5
U1846,University of the Aegean,Greece,,Europe & Central Asia,High income: OECD,,,63.5,0.786222388618496,1.0,,35.44166666666667
U1847,Ahvaz Jundishapur University of Medical Sciences (AJUMS),Iran,,Middle East & North Africa,Upper middle income,,,11.7,77.94833395731936,3.0,,30.45
U1848,University of Alcalá,Spain,,Europe & Central Asia,High income: OECD,,,10.4,84.06963684013478,24.0,,31.725
U1849,University of Algarve,Portugal,,Europe & Central Asia,High income: OECD,,,15.0,59.06027704979409,19.0,,33.166666666666664
U1850,American University in Cairo,Egypt,,Middle East & North Africa,Lower middle income,,,14.2,64.30175964058404,4.0,,35.291666666666664
U1851,"University of the Andes, Colombia",Colombia,,Latin America & Caribbean,Upper middle income,,,13.5,67.83976038936727,2.0,,31.6
U1852,Arak University of Medical Sciences,Iran,,Middle East & North Africa,Upper middle income,,,7.4,94.51516286035194,2.0,,33.616666666666674
U1853,Arts et Métiers,France,,Europe & Central Asia,High income: OECD,,,16.3,51.535005615874205,12.0,,26.041666666666668
U1854,Aswan University,Egypt,,Middle East & North Africa,Lower middle income,,,45.4,2.433545488581057,1.0,,38.55833333333333
U1855,Bahçeşehir University,Turkey,,Europe & Central Asia,Upper middle income,,,47.9,1.9468363908648478,22.0,,38.983333333333334
U1856,Bahria University,Pakistan,,South Asia,Lower middle income,,,20.3,32.590789966304754,1.0,,37.86666666666667
U1857,University of the Balearic Islands,Spain,,Europe & Central Asia,High income: OECD,,,9.4,88.50617746162486,8.0,,32.30833333333333
U1858,University of Bergamo,Italy,,Europe & Central Asia,High income: OECD,,,54.8,1.3478098090602741,7.0,,37.2
U1859,Université de Bretagne Occidentale,France,,Europe & Central Asia,High income: OECD,,,33.1,8.44253088730812,11.0,,33.1
U1860,Bucharest University of Economic Studies,Romania,,Europe & Central Asia,Upper middle income,,,16.3,51.535005615874205,4.0,,38.391666666666666
U1861,University of Camerino (Unicam),Italy,,Europe & Central Asia,High income: OECD,,,30.1,11.269187570198424,9.0,,34.68333333333334
U1862,Carlos III University of Madrid,Spain,,Europe & Central Asia,High income: OECD,,,11.2,80.49419692998877,12.0,,30.008333333333333
U1863,University of Castilla-La Mancha,Spain,,Europe & Central Asia,High income: OECD,,,12.8,72.40733807562711,7.0,,32.40833333333334
U1864,Catholic University of Portugal,Portugal,,Europe & Central Asia,High income: OECD,,,22.2,25.795582178959187,17.0,,37.74166666666667
U1865,Changsha University of Science and Technology,China,,East Asia & Pacific,Upper middle income,,,16.0,53.463122426057666,1.0,,39.75000000000001
U1866,Chapman University,United States,,North America,High income: OECD,,,12.0,76.3010108573568,7.0,,28.61666666666667
U1867,Institute of Chemical Technology,India,,South Asia,Lower middle income,,,17.2,46.63047547734931,0.0,,33.324999999999996
U1868,Chengdu University,China,,East Asia & Pacific,Upper middle income,,,16.3,51.535005615874205,2.0,,39.33333333333333
U1869,University of Chile,Chile,,Latin America & Caribbean,High income: OECD,,,16.4,50.861100711344065,5.0,,32.59166666666667
U1870,China University of Petroleum (East China),China,,East Asia & Pacific,Upper middle income,,,17.0,47.69749157618869,2.0,,36.04166666666667
U1871,University of Clermont Auvergne,France,,Europe & Central Asia,High income: OECD,,,21.2,29.146387120928495,15.0,,33.14166666666667
U1872,University of la Costa,Colombia,,Latin America & Caribbean,Upper middle income,,,18.1,42.41856982403595,1.0,,37.15833333333334
U1873,Covenant University,Nigeria,,Sub-Saharan Africa,Lower middle income,,,17.5,45.05803070011232,0.0,,37.81666666666666
U1874,Czech University of Life Sciences Prague (CZU),Czech Republic,,Europe & Central Asia,High income: OECD,,,18.3,41.276675402470985,26.0,,30.150000000000002
U1875,Damietta University,Egypt,,Middle East & North Africa,Lower middle income,,,33.9,7.8060651441407725,1.0,,35.9
U1876,Delhi Technological University,India,,South Asia,Lower middle income,,,23.4,22.912766754024705,3.0,,43.68333333333334
U1877,Federal University of Minas Gerais,Brazil,,Latin America & Caribbean,Upper middle income,,,13.5,67.83976038936727,1.0,,31.63333333333333
U1878,Universidade Federal de São Paulo (UNIFESP),Brazil,,Latin America & Caribbean,Upper middle income,,,11.3,79.95132909022837,1.0,,33.208333333333336
U1879,Florida Atlantic University,United States,,North America,High income: OECD,,,19.8,34.66866342193935,6.0,,36.65
U1880,Florida Institute of Technology,United States,,North America,High income: OECD,,,15.9,54.26806439535754,20.0,,28.4
U1881,Fuzhou University,China,,East Asia & Pacific,Upper middle income,,,17.4,45.56345937850992,1.0,,39.416666666666664
U1882,University of Girona,Spain,,Europe & Central Asia,High income: OECD,,,21.0,29.85773118682141,14.0,,36.525
U1883,University of Gloucestershire,United Kingdom,,Europe & Central Asia,High income: OECD,,,17.0,47.69749157618869,12.0,,32.16666666666667
U1884,Gorgan University of Agricultural Sciences and Natural Resources,Iran,,Middle East & North Africa,Upper middle income,,,21.5,28.229127667540244,1.0,,39.09166666666667
U1885,Guangzhou University,China,,East Asia & Pacific,Upper middle income,,,17.5,45.05803070011232,0.0,,39.53333333333333
U1886,Guangzhou Medical University,China,,East Asia & Pacific,Upper middle income,,,1.7,99.38225383751404,2.0,,36.15833333333334
U1887,Guilan University of Medical Sciences,Iran,,Middle East & North Africa,Upper middle income,,,11.5,78.99663047547735,1.0,,32.608333333333334
U1888,Hazara University Mansehra,Pakistan,,South Asia,Lower middle income,,,21.3,28.828154249344816,0.0,,35.78333333333334
U1889,Ilam University of Medical Sciences,Iran,,Middle East & North Africa,Upper middle income,,,13.2,69.89891426432048,5.0,,34.375
U1890,"Indian Institute of Science Education and Research, Pune",India,,South Asia,Lower middle income,,,11.1,80.88730812429802,0.0,,29.51666666666667
U1891,Indian Institute of Technology Gandhinagar,India,,South Asia,Lower middle income,,,14.9,59.86521901909397,0.0,,32.11666666666667
U1892,University of Indonesia,Indonesia,,East Asia & Pacific,Lower middle income,,,7.9,93.42942718083115,14.0,,25.64166666666667
U1893,Indraprastha Institute of Information Technology Delhi,India,,South Asia,Lower middle income,,,23.4,22.912766754024705,5.0,,36.916666666666664
U1894,Universitat Internacional de Catalunya,Spain,,Europe & Central Asia,High income: OECD,,,12.9,71.86447023586672,27.0,,34.016666666666666
U1895,"International Islamic University, Islamabad",Pakistan,,South Asia,Lower middle income,,,21.8,27.293148633470608,7.0,,36.825
U1896,Isfahan University of Medical Sciences,Iran,,Middle East & North Africa,Upper middle income,,,10.2,85.00561587420442,3.0,,27.516666666666666
U1897,Islamia College Peshawar,Pakistan,,South Asia,Lower middle income,,,24.4,20.27330587794833,3.0,,32.68333333333334
U1898,University of Jaén,Spain,,Europe & Central Asia,High income: OECD,,,16.1,52.639460876076384,7.0,,37.716666666666676
U1899,Jaume I University,Spain,,Europe & Central Asia,High income: OECD,,,15.2,57.88094346686634,10.0,,35.5
U1900,Jawaharlal Nehru Technological University Anantapur (JNTUA),India,,South Asia,Lower middle income,,,18.1,42.41856982403595,0.0,,33.516666666666666
U1901,Jaypee University of Information Technology,India,,South Asia,Lower middle income,,,18.5,40.24709846499438,2.0,,39.041666666666664
U1902,Jazan University,Saudi Arabia,,Middle East & North Africa,High income: nonOECD,,,12.4,74.11081991763385,4.0,,33.81666666666667
U1903,Jordan University of Science and Technology,Jordan,,Middle East & North Africa,Upper middle income,,,13.3,69.18757019842757,17.0,,35.975
U1904,JSS Academy of Higher Education and Research,India,,South Asia,Lower middle income,,,9.5,88.22538375140397,8.0,,27.808333333333334
U1905,Kafrelsheikh University,Egypt,,Middle East & North Africa,Lower middle income,,,28.7,13.084986896293527,2.0,,37.05833333333334
U1906,Kalasalingam Academy of Research and Education,India,,South Asia,Lower middle income,,,7.5,94.21564956944964,4.0,,36.358333333333334
U1907,Kaohsiung Medical University,Taiwan,,,,,,12.2,75.2714339198802,5.0,,33.55833333333333
U1908,Kazan Federal University,Russian Federation,,Europe & Central Asia,High income: nonOECD,,,10.8,82.01048296518158,33.0,,26.116666666666664
U1909,King Mongkut’s University of Technology Thonburi,Thailand,,East Asia & Pacific,Upper middle income,,,20.4,32.02920254586298,4.0,,37.68333333333334
U1910,Kingston University,United Kingdom,,Europe & Central Asia,High income: OECD,,,18.9,38.169225009359785,40.0,,31.09166666666667
U1911,K.N. Toosi University of Technology,Iran,,Middle East & North Africa,Upper middle income,,,23.1,23.418195432422316,1.0,,37.333333333333336
U1912,Kore University of Enna,Italy,,Europe & Central Asia,High income: OECD,,,16.0,53.463122426057666,1.0,,36.88333333333333
U1913,University of Kurdistan,Iran,,Middle East & North Africa,Upper middle income,,,32.2,9.09771621115687,4.0,,38.075
U1914,Kyoto Prefectural University of Medicine,Japan,,East Asia & Pacific,High income: OECD,,,3.2,98.91426432047922,1.0,,29.249999999999996
U1915,University of Lahore,Pakistan,,South Asia,Lower middle income,,,13.5,67.83976038936727,2.0,,34.61666666666667
U1916,Lahore University of Management Sciences,Pakistan,,South Asia,Lower middle income,,,14.2,64.30175964058404,2.0,,34.825
U1917,Lakehead University,Canada,,North America,High income: OECD,,,25.0,19.075252714339197,19.0,,35.41666666666667
U1918,Lithuanian University of Health Sciences,Lithuania,,Europe & Central Asia,High income: nonOECD,,,9.2,89.25496068888057,23.0,,30.475
U1919,University of Lleida,Spain,,Europe & Central Asia,High income: OECD,,,16.1,52.639460876076384,10.0,,35.975
U1920,Lovely Professional University,India,,South Asia,Lower middle income,,,14.7,61.250467989517034,7.0,,38.175000000000004
U1921,University of Malakand,Pakistan,,South Asia,Lower middle income,,,32.1,9.19131411456383,1.0,,39.041666666666664
U1922,University of Management and Technology,Pakistan,,South Asia,Lower middle income,,,22.4,25.32759266192437,2.0,,39.56666666666667
U1923,Medical University of Lodz,Poland,,Europe & Central Asia,High income: OECD,,,8.4,91.96929988768252,9.0,,34.583333333333336
U1924,University of Medicine and Pharmacy Carol Davila,Romania,,Europe & Central Asia,Upper middle income,,,8.6,91.42643204792212,16.0,,32.5
U1925,University of Mohaghegh Ardabili,Iran,,Middle East & North Africa,Upper middle income,,,29.7,11.774616248596026,0.0,,39.88333333333333
U1926,Montana State University,United States,,North America,High income: OECD,,,16.3,51.535005615874205,2.0,,35.35833333333333
U1927,Nanjing University of Information Science and Technology,China,,East Asia & Pacific,Upper middle income,,,16.8,48.68962935230251,4.0,,39.25833333333333
U1928,Nanjing Medical University,China,,East Asia & Pacific,Upper middle income,,,9.3,88.84312991388992,4.0,,33.833333333333336
U1929,National Autonomous University of Mexico,Mexico,,Latin America & Caribbean,Upper middle income,,,17.1,47.154623736428306,4.0,,32.06666666666666
U1930,"National Institute of Technology, Tiruchirappalli",India,,South Asia,Lower middle income,,,20.4,32.02920254586298,2.0,,35.05833333333334
U1931,New Mexico State University (Main campus),United States,,North America,High income: OECD,,,16.0,53.463122426057666,6.0,,33.641666666666666
U1932,North China Electric Power University,China,,East Asia & Pacific,Upper middle income,,,18.6,39.666791463871206,3.0,,34.89166666666667
U1933,Northeast Normal University,China,,East Asia & Pacific,Upper middle income,,,18.6,39.666791463871206,3.0,,34.475
U1934,University of Northern British Columbia (UNBC),Canada,,North America,High income: OECD,,,16.5,50.33695245226507,12.0,,34.25833333333333
U1935,University of Oviedo,Spain,,Europe & Central Asia,High income: OECD,,,9.2,89.25496068888057,4.0,,31.291666666666664
U1936,Ozyegin University,Turkey,,Europe & Central Asia,Upper middle income,,,26.7,15.743167353051291,8.0,,36.233333333333334
U1937,Pablo de Olavide University,Spain,,Europe & Central Asia,High income: OECD,,,12.2,75.2714339198802,11.0,,34.583333333333336
U1938,Panthéon-Sorbonne University – Paris 1,France,,Europe & Central Asia,High income: OECD,,,29.8,11.531261699737927,20.0,,33.800000000000004
U1939,UPES,India,,South Asia,Lower middle income,,,11.0,81.14938225383752,0.0,,36.28333333333333
U1940,Pontifical Catholic University of Rio de Janeiro (PUC-Rio),Brazil,,Latin America & Caribbean,Upper middle income,,,18.7,39.04904530138524,2.0,,33.25
U1941,Qom University of Medical Sciences,Iran,,Middle East & North Africa,Upper middle income,,,9.3,88.84312991388992,4.0,,29.258333333333333
U1942,Reichman University,Israel,,Middle East & North Africa,High income: OECD,,,35.0,6.851366529389747,28.0,,36.475
U1943,University of Rennes 1,France,,Europe & Central Asia,High income: OECD,,,17.5,45.05803070011232,12.0,,29.066666666666663
U1944,Rochester Institute of Technology,United States,,North America,High income: OECD,,,16.0,53.463122426057666,13.0,,36.11666666666667
U1945,University of Roehampton,United Kingdom,,Europe & Central Asia,High income: OECD,,,19.6,35.49232497192063,36.0,,34.208333333333336
U1946,University of Seville,Spain,,Europe & Central Asia,High income: OECD,,,16.7,49.2137776113815,8.0,,36.62500000000001
U1947,Shahrekord University of Medical Sciences,Iran,,Middle East & North Africa,Upper middle income,,,9.2,89.25496068888057,0.0,,32.0
U1948,Shantou University,China,,East Asia & Pacific,Upper middle income,,,13.3,69.18757019842757,1.0,,35.81666666666666
U1949,Shiraz University of Medical Sciences,Iran,,Middle East & North Africa,Upper middle income,,,10.1,85.62336203669038,2.0,,30.61666666666667
U1950,Shri Mata Vaishno Devi University,India,,South Asia,Lower middle income,,,20.3,32.590789966304754,0.0,,38.36666666666667
U1951,Siksha ‘O’ Anusandhan,India,,South Asia,Lower middle income,,,11.9,76.97491576188693,2.0,,29.616666666666667
U1952,Institute of Space Technology,Pakistan,,South Asia,Lower middle income,,,13.4,68.43878697117185,0.0,,37.13333333333334
U1953,Technical University of Madrid,Spain,,Europe & Central Asia,High income: OECD,,,15.8,54.867090977162114,14.0,,29.96666666666667
U1954,"University of Technology, Iraq",Iraq,,Middle East & North Africa,Upper middle income,,,6.9,95.58217895919131,0.0,,32.74166666666667
U1955,University of Texas at El Paso,United States,,North America,High income: OECD,,,22.9,23.848745788094348,6.0,,35.40833333333333
U1956,Tokyo Medical University,Japan,,East Asia & Pacific,High income: OECD,,,3.4,98.78322725570948,1.0,,32.416666666666664
U1957,Tomsk Polytechnic University,Russian Federation,,Europe & Central Asia,High income: nonOECD,,,10.6,83.05877948333958,29.0,,26.916666666666664
U1958,University of Tours,France,,Europe & Central Asia,High income: OECD,,,21.8,27.293148633470608,11.0,,26.858333333333338
U1959,University of Trás-os-Montes and Alto Douro,Portugal,,Europe & Central Asia,High income: OECD,,,9.2,89.25496068888057,6.0,,36.78333333333334
U1960,University of Tunis El Manar,Tunisia,,Middle East & North Africa,Upper middle income,,,9.6,87.81355297641333,6.0,,24.566666666666666
U1961,Urmia University,Iran,,Middle East & North Africa,Upper middle income,,,26.4,16.435791838262826,12.0,,35.08333333333333
U1962,"University of Veterinary and Animal Sciences, Lahore",Pakistan,,South Asia,Lower middle income,,,19.2,37.28940471733433,1.0,,32.29166666666667
U1963,University of Vic – Central University of Catalonia,Spain,,Europe & Central Asia,High income: OECD,,,13.1,70.46050168476225,19.0,,37.141666666666666
U1964,University of Vigo,Spain,,Europe & Central Asia,High income: OECD,,,15.1,58.36765256458255,5.0,,34.525
U1965,Wenzhou University,China,,East Asia & Pacific,Upper middle income,,,18.6,39.666791463871206,2.0,,41.291666666666664
U1966,Wenzhou Medical University,China,,East Asia & Pacific,Upper middle income,,,14.6,61.924372894047174,3.0,,36.55833333333334
U1967,Yıldız Technical University,Turkey,,Europe & Central Asia,Upper middle income,,,24.8,19.35604642456009,13.0,,33.50000000000001
U1968,University of Zaragoza,Spain,,Europe & Central Asia,High income: OECD,,,10.2,85.00561587420442,7.0,,30.125
U1969,ZHAW Zurich University of Applied Sciences,Switzerland,,Europe & Central Asia,High income: OECD,,,12.3,74.69112691875702,11.0,,28.383333333333336
U1970,Zhejiang Gongshang University,China,,East Asia & Pacific,Upper middle income,,,11.5,78.99663047547735,7.0,,32.80833333333333
U1971,University of A Coruña,Spain,,Europe & Central Asia,High income: OECD,,,12.4,74.11081991763385,5.0,,29.208333333333332
U1972,"Adam Mickiewicz University, Poznań",Poland,,Europe & Central Asia,High income: OECD,,,25.0,19.075252714339197,6.0,,34.69166666666666
U1973,AGH University of Krakow,Poland,,Europe & Central Asia,High income: OECD,,,12.2,75.2714339198802,3.0,,28.275000000000002
U1974,Aichi Medical University,Japan,,East Asia & Pacific,High income: OECD,,,2.9,99.06402096593037,1.0,,25.833333333333336
U1975,Akdeniz University,Turkey,,Europe & Central Asia,Upper middle income,,,47.3,2.0591538749532012,4.0,,33.675
U1976,University of Almería,Spain,,Europe & Central Asia,High income: OECD,,,17.0,47.69749157618869,10.0,,31.400000000000002
U1977,University of Applied Sciences and Arts of Western Switzerland,Switzerland,,Europe & Central Asia,High income: OECD,,,6.5,96.25608386372146,29.0,,23.6
U1978,Azarbaijan Shahid Madani University,Iran,,Middle East & North Africa,Upper middle income,,,27.1,15.312616997379259,2.0,,37.21666666666667
U1979,Babeş-Bolyai University,Romania,,Europe & Central Asia,Upper middle income,,,21.1,29.483339573193557,4.0,,28.966666666666665
U1980,Bangladesh Agricultural University (BAU),Bangladesh,,South Asia,Low income,,,11.4,79.44590041183078,1.0,,24.608333333333334
U1981,Bartin University,Turkey,,Europe & Central Asia,Upper middle income,,,31.8,9.528266566828902,11.0,,36.583333333333336
U1982,University of Bedfordshire,United Kingdom,,Europe & Central Asia,High income: OECD,,,29.1,12.748034444028455,64.0,,30.175
U1983,Benha University,Egypt,,Middle East & North Africa,Lower middle income,,,30.9,10.50168476226132,2.0,,33.075
U1984,Beni-Suef University,Egypt,,Middle East & North Africa,Lower middle income,,,31.6,9.865219019093974,0.0,,31.175000000000004
U1985,Bowling Green State University,United States,,North America,High income: OECD,,,17.6,44.5900411830775,3.0,,30.066666666666666
U1986,University of Cadiz,Spain,,Europe & Central Asia,High income: OECD,,,17.7,44.04717334331711,8.0,,27.95
U1987,China Pharmaceutical University,China,,East Asia & Pacific,Upper middle income,,,16.4,50.861100711344065,3.0,,32.675000000000004
U1988,Comenius University in Bratislava,Slovakia,,Europe & Central Asia,High income: OECD,,,10.5,83.60164732309995,15.0,,27.099999999999998
U1989,Democritus University of Thrace,Greece,,Europe & Central Asia,High income: OECD,,,36.4,6.027704979408465,3.0,,32.25
U1990,Universidad del Desarrollo,Chile,,Latin America & Caribbean,High income: OECD,,,14.4,63.38450018719581,4.0,,28.383333333333336
U1991,Diego Portales University,Chile,,Latin America & Caribbean,High income: OECD,,,17.6,44.5900411830775,2.0,,29.299999999999997
U1992,Université Djillali Liabès de Sidi Bel-Abbès,Algeria,,Middle East & North Africa,Upper middle income,,,19.7,35.09921377761138,1.0,,24.591666666666665
U1993,Dr B.R. Ambedkar National Institute of Technology Jalandhar,India,,South Asia,Lower middle income,,,24.1,21.040808685885438,1.0,,30.45
U1994,Durban University of Technology,South Africa,,Sub-Saharan Africa,Upper middle income,,,35.3,6.664170722575813,1.0,,32.71666666666667
U1995,Edge Hill University,United Kingdom,,Europe & Central Asia,High income: OECD,,,16.4,50.861100711344065,6.0,,31.21666666666667
U1996,"University of Engineering and Technology, Peshawar",Pakistan,,South Asia,Lower middle income,,,21.7,27.648820666417073,2.0,,32.083333333333336
U1997,European University of Madrid,Spain,,Europe & Central Asia,High income: OECD,,,12.0,76.3010108573568,30.0,,28.983333333333334
U1998,University of Extremadura,Spain,,Europe & Central Asia,High income: OECD,,,10.7,82.4971920628978,3.0,,28.85833333333333
U1999,Fayoum University,Egypt,,Middle East & North Africa,Lower middle income,,,18.0,42.83040059902659,0.0,,34.233333333333334
U2000,Federal University of São Carlos,Brazil,,Latin America & Caribbean,Upper middle income,,,16.1,52.639460876076384,1.0,,25.508333333333333
U2001,Federal University of Technology Akure,Nigeria,,Sub-Saharan Africa,Lower middle income,,,24.5,20.029951329090224,0.0,,27.558333333333334
U2002,Firat University,Turkey,,Europe & Central Asia,Upper middle income,,,25.4,18.476226132534634,6.0,,32.88333333333333
U2003,Florida Agricultural and Mechanical University,United States,,North America,High income: OECD,,,15.7,55.29764133283415,1.0,,26.325
U2004,University of Franche-Comté,France,,Europe & Central Asia,High income: OECD,,,33.5,8.03070011231748,11.0,,26.075
U2005,Fujian Agriculture and Forestry University,China,,East Asia & Pacific,Upper middle income,,,17.1,47.154623736428306,1.0,,34.875
U2006,Fujita Health University,Japan,,East Asia & Pacific,High income: OECD,,,3.6,98.7270685136653,1.0,,30.666666666666664
U2007,Gauhati University,India,,South Asia,Lower middle income,,,17.3,46.106327218270316,0.0,,25.225000000000005
U2008,Gdańsk University of Technology,Poland,,Europe & Central Asia,High income: OECD,,,17.9,43.20479221265444,5.0,,30.041666666666664
U2009,GLA University,India,,South Asia,Lower middle income,,,16.8,48.68962935230251,0.0,,32.80833333333333
U2010,University of Gujrat,Pakistan,,South Asia,Lower middle income,,,24.7,19.5806813927368,0.0,,35.55
U2011,Guru Ghasidas Vishwavidyalaya,India,,South Asia,Lower middle income,,,21.7,27.648820666417073,0.0,,32.25833333333333
U2012,Hakim Sabzevari University,Iran,,Middle East & North Africa,Upper middle income,,,22.8,24.18569824035942,3.0,,32.375
U2013,Hamamatsu University School of Medicine,Japan,,East Asia & Pacific,High income: OECD,,,4.1,98.427555222763,3.0,,26.05
U2014,Huaqiao University,China,,East Asia & Pacific,Upper middle income,,,17.8,43.5604642456009,19.0,,28.383333333333336
U2015,Icesi University,Colombia,,Latin America & Caribbean,Upper middle income,,,7.2,95.28266566828904,2.0,,29.375
U2016,Ilmenau University of Technology,Germany,,Europe & Central Asia,High income: OECD,,,18.4,40.696368401347804,31.0,,26.15
U2017,IMT Nord Europe,France,,Europe & Central Asia,High income: OECD,,,15.0,59.06027704979409,19.0,,22.90833333333333
U2018,Indian Institute of Science Education and Research Kolkata,India,,South Asia,Lower middle income,,,12.6,73.23099962560839,0.0,,25.23333333333333
U2019,Indian Institute of Technology Ropar,India,,South Asia,Lower middle income,,,14.9,59.86521901909397,1.0,,29.358333333333338
U2020,Indian Institute of Technology Mandi,India,,South Asia,Lower middle income,,,12.9,71.86447023586672,1.0,,28.31666666666667
U2021,University of Isfahan,Iran,,Middle East & North Africa,Upper middle income,,,24.0,21.359041557469116,8.0,,26.84166666666667
U2022,The Islamia University of Bahawalpur,Pakistan,,South Asia,Lower middle income,,,47.8,1.9842755522276323,0.0,,34.44166666666667
U2023,Istanbul University-Cerrahpaşa,Turkey,,Europe & Central Asia,Upper middle income,,,27.8,14.26432047922127,6.0,,31.433333333333334
U2024,Iuliu Haţieganu University of Medicine and Pharmacy Cluj-Napoca,Romania,,Europe & Central Asia,Upper middle income,,,8.9,90.49045301385249,36.0,,28.983333333333334
U2025,University of Jeddah,Saudi Arabia,,Middle East & North Africa,High income: nonOECD,,,14.6,61.924372894047174,2.0,,26.825
U2026,Jimma University,Ethiopia,,Sub-Saharan Africa,Low income,,,14.9,59.86521901909397,1.0,,30.275
U2027,Kansai Medical University,Japan,,East Asia & Pacific,High income: OECD,,,1.6,99.51329090228379,3.0,,27.683333333333334
U2028,Karlstad University,Sweden,,Europe & Central Asia,High income: OECD,,,12.8,72.40733807562711,2.0,,30.816666666666666
U2029,Karnatak University Dharwad,India,,South Asia,Lower middle income,,,12.1,75.739423436915,0.0,,27.533333333333335
U2030,Kerman University of Medical Sciences,Iran,,Middle East & North Africa,Upper middle income,,,3.9,98.61475102957694,3.0,,28.21666666666667
U2031,Kindai University,Japan,,East Asia & Pacific,High income: OECD,,,17.7,44.04717334331711,2.0,,28.508333333333336
U2032,Kohat University of Science and Technology,Pakistan,,South Asia,Lower middle income,,,43.0,3.070011231748404,0.0,,28.7
U2033,Kurume University,Japan,,East Asia & Pacific,High income: OECD,,,9.0,90.00374391613629,1.0,,28.1
U2034,University of La Laguna,Spain,,Europe & Central Asia,High income: OECD,,,13.3,69.18757019842757,5.0,,32.00833333333334
U2035,University of Las Palmas de Gran Canaria,Spain,,Europe & Central Asia,High income: OECD,,,17.0,47.69749157618869,6.0,,28.39166666666667
U2036,University of León,Spain,,Europe & Central Asia,High income: OECD,,,12.1,75.739423436915,4.0,,27.391666666666673
U2037,Lorestan University,Iran,,Middle East & North Africa,Upper middle income,,,22.7,24.50393111194309,2.0,,27.808333333333337
U2038,Mae Fah Luang University,Thailand,,East Asia & Pacific,Upper middle income,,,20.7,30.756271059528263,5.0,,28.308333333333334
U2039,Maharishi Markandeshwar University (MMU),India,,South Asia,Lower middle income,,,12.6,73.23099962560839,8.0,,27.60833333333333
U2040,University of Malaga,Spain,,Europe & Central Asia,High income: OECD,,,13.3,69.18757019842757,6.0,,27.333333333333332
U2041,University of Maragheh,Iran,,Middle East & North Africa,Upper middle income,,,23.6,22.36989891426432,0.0,,32.891666666666666
U2042,University of Mazandaran,Iran,,Middle East & North Africa,Upper middle income,,,32.3,8.985398727068517,7.0,,27.31666666666667
U2043,Medical University of Bialystok,Poland,,Europe & Central Asia,High income: OECD,,,13.1,70.46050168476225,8.0,,23.55
U2044,Medical University of Gdańsk,Poland,,Europe & Central Asia,High income: OECD,,,5.4,97.49157618869337,17.0,,26.141666666666666
U2045,Medical University of Warsaw,Poland,,Europe & Central Asia,High income: OECD,,,6.4,96.42456008985398,8.0,,26.041666666666668
U2046,"Mehran University of Engineering and Technology, Jamshoro, Pakistan",Pakistan,,South Asia,Lower middle income,,,19.9,34.18195432422314,0.0,,27.891666666666666
U2047,Miguel Hernández University of Elche,Spain,,Europe & Central Asia,High income: OECD,,,16.5,50.33695245226507,8.0,,28.633333333333333
U2048,Ming Chi University of Technology,Taiwan,,,,,,18.6,39.666791463871206,2.0,,32.725
U2049,Minia University,Egypt,,Middle East & North Africa,Lower middle income,,,17.7,44.04717334331711,1.0,,33.041666666666664
U2050,Mirpur University of Science and Technology,Pakistan,,South Asia,Lower middle income,,,23.6,22.36989891426432,0.0,,30.483333333333334
U2051,Montanuniversität Leoben,Austria,,Europe & Central Asia,High income: OECD,,,4.2,98.33395731935605,17.0,,21.158333333333335
U2052,Muhimbili University of Health and Allied Sciences,Tanzania,,Sub-Saharan Africa,Low income,,,14.0,65.27517783601647,2.0,,30.683333333333334
U2053,Nagoya City University,Japan,,East Asia & Pacific,High income: OECD,,,7.4,94.51516286035194,3.0,,23.791666666666668
U2054,Najran University,Saudi Arabia,,Middle East & North Africa,High income: nonOECD,,,18.2,41.913141145638335,2.0,,32.13333333333334
U2055,National University of Computer and Emerging Sciences,Pakistan,,South Asia,Lower middle income,,,24.0,21.359041557469116,3.0,,30.275
U2056,National Institute of Technology Warangal,India,,South Asia,Lower middle income,,,19.8,34.66866342193935,5.0,,29.1
U2057,Necmettin Erbakan University,Turkey,,Europe & Central Asia,Upper middle income,,,12.8,72.40733807562711,13.0,,24.474999999999998
U2058,Nicolaus Copernicus University in Toruń,Poland,,Europe & Central Asia,High income: OECD,,,12.0,76.3010108573568,5.0,,28.141666666666666
U2059,Nile University,Egypt,,Middle East & North Africa,Lower middle income,,,14.4,63.38450018719581,2.0,,32.63333333333334
U2060,Nippon Medical School,Japan,,East Asia & Pacific,High income: OECD,,,0.9,99.77536503182328,0.0,,30.033333333333335
U2061,Northwest University,China,,East Asia & Pacific,Upper middle income,,,13.3,69.18757019842757,1.0,,30.383333333333336
U2062,Oakland University,United States,,North America,High income: OECD,,,17.6,44.5900411830775,4.0,,27.816666666666663
U2063,"University of Occupational and Environmental Health, Japan",Japan,,East Asia & Pacific,High income: OECD,,,2.5,99.17633845001872,1.0,,29.65833333333333
U2064,University of Pécs,Hungary,,Europe & Central Asia,Upper middle income,,,13.7,66.7540247098465,24.0,,22.083333333333336
U2065,Universidad Peruana Cayetano Heredia,Peru,,Latin America & Caribbean,Upper middle income,,,15.6,55.803070011231746,1.0,,29.733333333333334
U2066,PMAS Arid Agriculture University Rawalpindi,Pakistan,,South Asia,Lower middle income,,,44.7,2.6207412953949794,0.0,,29.05
U2067,Pontifical Catholic University of Rio Grande do Sul (PUCRS),Brazil,,Latin America & Caribbean,Upper middle income,,,21.1,29.483339573193557,1.0,,27.48333333333333
U2068,Poznan University of Medical Sciences,Poland,,Europe & Central Asia,High income: OECD,,,6.0,96.98614751029578,11.0,,24.983333333333334
U2069,Public University of Navarre,Spain,,Europe & Central Asia,High income: OECD,,,11.8,77.51778360164732,6.0,,28.966666666666665
U2070,University of Rajshahi,Bangladesh,,South Asia,Low income,,,20.4,32.02920254586298,0.0,,30.133333333333333
U2071,Razi University,Iran,,Middle East & North Africa,Upper middle income,,,22.9,23.848745788094348,4.0,,26.166666666666668
U2072,Riphah International University,Pakistan,,South Asia,Lower middle income,,,18.4,40.696368401347804,0.0,,33.55833333333333
U2073,Rowan University,United States,,North America,High income: OECD,,,14.5,62.67315612130289,3.0,,26.358333333333334
U2074,Sahand University of Technology,Iran,,Middle East & North Africa,Upper middle income,,,27.2,15.16286035192812,1.0,,32.43333333333334
U2075,Universidad San Francisco de Quito,Ecuador,,Latin America & Caribbean,Upper middle income,,,10.2,85.00561587420442,2.0,,26.85
U2076,University of Sargodha,Pakistan,,South Asia,Lower middle income,,,24.3,20.47922126544366,0.0,,27.983333333333334
U2077,Semnan University,Iran,,Middle East & North Africa,Upper middle income,,,15.1,58.36765256458255,1.0,,28.59166666666667
U2078,University of Sfax,Tunisia,,Middle East & North Africa,Upper middle income,,,12.6,73.23099962560839,3.0,,24.983333333333334
U2079,​Shahid Chamran University of Ahvaz,Iran,,Middle East & North Africa,Upper middle income,,,25.2,18.794459004118302,5.0,,25.633333333333333
U2080,Shahrekord University,Iran,,Middle East & North Africa,Upper middle income,,,20.3,32.590789966304754,0.0,,31.124999999999996
U2081,Shahrood University of Technology,Iran,,Middle East & North Africa,Upper middle income,,,20.7,30.756271059528263,1.0,,31.866666666666664
U2082,Shanghai Maritime University,China,,East Asia & Pacific,Upper middle income,,,16.7,49.2137776113815,2.0,,29.05
U2083,Siberian Federal University,Russian Federation,,Europe & Central Asia,High income: nonOECD,,,18.3,41.276675402470985,13.0,,25.325
U2084,Sidi Mohamed Ben Abdellah University,Morocco,,Middle East & North Africa,Lower middle income,,,55.6,1.2729314863347052,1.0,,27.675
U2085,University of Social Welfare and Rehabilitation Sciences,Iran,,Middle East & North Africa,Upper middle income,,,10.8,82.01048296518158,2.0,,25.60833333333333
U2086,University of South Bohemia in České Budějovice,Czech Republic,,Europe & Central Asia,High income: OECD,,,14.6,61.924372894047174,7.0,,31.866666666666664
U2087,University of South Dakota,United States,,North America,High income: OECD,,,16.0,53.463122426057666,3.0,,23.275000000000002
U2088,University of the South Pacific,Fiji,,East Asia & Pacific,Upper middle income,,,36.9,5.746911269187571,1.0,,32.55833333333334
U2089,University of South Wales,United Kingdom,,Europe & Central Asia,High income: OECD,,,16.0,53.463122426057666,21.0,,24.383333333333333
U2090,Staffordshire University,United Kingdom,,Europe & Central Asia,High income: OECD,,,17.6,44.5900411830775,12.0,,26.708333333333332
U2091,Suez University,Egypt,,Middle East & North Africa,Lower middle income,,,20.3,32.590789966304754,2.0,,34.38333333333334
U2092,SWPS University,Poland,,Europe & Central Asia,High income: OECD,,,39.0,4.623736428304004,7.0,,31.65
U2093,Symbiosis International University,India,,South Asia,Lower middle income,,,13.0,71.19056533133659,6.0,,33.18333333333334
U2094,Technical University of Cartagena,Spain,,Europe & Central Asia,High income: OECD,,,10.1,85.62336203669038,8.0,,25.28333333333333
U2095,University of Technology of Troyes,France,,Europe & Central Asia,High income: OECD,,,20.1,33.43317109696743,22.0,,19.06666666666667
U2096,Teesside University,United Kingdom,,Europe & Central Asia,High income: OECD,,,19.4,36.70909771621116,25.0,,29.600000000000005
U2097,Texas State University,United States,,North America,High income: OECD,,,20.0,33.78884312991389,1.0,,29.249999999999996
U2098,TOBB University of Economics and Technology,Turkey,,Europe & Central Asia,Upper middle income,,,14.3,63.87120928491201,1.0,,28.425
U2099,Toyohashi University of Technology (TUT),Japan,,East Asia & Pacific,High income: OECD,,,10.8,82.01048296518158,15.0,,24.291666666666668
U2100,Toyota Technological Institute,Japan,,East Asia & Pacific,High income: OECD,,,9.7,87.40172220142269,1.0,,25.45
U2101,Ural Federal University,Russian Federation,,Europe & Central Asia,High income: nonOECD,,,14.0,65.27517783601647,16.0,,29.56666666666667
U2102,University of Urbino Carlo Bo,Italy,,Europe & Central Asia,High income: OECD,,,39.0,4.623736428304004,6.0,,32.13333333333334
U2103,Urmia University of Technology,Iran,,Middle East & North Africa,Upper middle income,,,30.7,10.688880569075254,0.0,,34.75833333333333
U2104,USAMV Cluj-Napoca,Romania,,Europe & Central Asia,Upper middle income,,,17.7,44.04717334331711,7.0,,28.016666666666666
U2105,Wakayama Medical University,Japan,,East Asia & Pacific,High income: OECD,,,4.3,98.25907899663048,0.0,,28.033333333333335
U2106,The University of the West Indies,Jamaica,,Latin America & Caribbean,Upper middle income,,,16.3,51.535005615874205,1.0,,28.508333333333336
U2107,University of West London,United Kingdom,,Europe & Central Asia,High income: OECD,,,12.9,71.86447023586672,45.0,,25.575
U2108,University of Winchester,United Kingdom,,Europe & Central Asia,High income: OECD,,,17.4,45.56345937850992,10.0,,30.549999999999997
U2109,University of Wrocław,Poland,,Europe & Central Asia,High income: OECD,,,15.1,58.36765256458255,7.0,,30.066666666666666
U2110,Yazd University,Iran,,Middle East & North Africa,Upper middle income,,,29.7,11.774616248596026,3.0,,28.71666666666667
U2111,Zewail City of Science and Technology,Egypt,,Middle East & North Africa,Lower middle income,,,9.8,86.95245226506927,0.0,,32.550000000000004
U2112,Zhejiang University of Finance and Economics,China,,East Asia & Pacific,Upper middle income,,,22.5,24.990640209659297,3.0,,35.675000000000004
U2113,University of Žilina,Slovakia,,Europe & Central Asia,High income: OECD,,,14.0,65.27517783601647,3.0,,30.583333333333336
U2114,Acharya Nagarjuna University,India,,South Asia,Lower middle income,,,7.3,94.92699363534257,7.0,,14.433333333333334
U2115,Adolfo Ibáñez University,Chile,,Latin America & Caribbean,High income: OECD,,,25.0,19.075252714339197,5.0,,26.483333333333334
U2116,"The University of Agriculture, Peshawar",Pakistan,,South Asia,Lower middle income,,,35.3,6.664170722575813,1.0,,21.158333333333335
U2117,Universitas Airlangga,Indonesia,,East Asia & Pacific,Lower middle income,,,7.2,95.28266566828904,3.0,,20.583333333333332
U2118,Allameh Tabataba ’i University,Iran,,Middle East & North Africa,Upper middle income,,,29.7,11.774616248596026,3.0,,20.15833333333333
U2119,Al-Nahrain University,Iraq,,Middle East & North Africa,Upper middle income,,,5.9,97.07974541370274,0.0,,19.283333333333335
U2120,University of Al-Qadisiyah,Iraq,,Middle East & North Africa,Upper middle income,,,16.4,50.861100711344065,0.0,,27.46666666666667
U2121,"University of the Andes, Chile",Chile,,Latin America & Caribbean,High income: OECD,,,17.9,43.20479221265444,2.0,,21.7
U2122,University of Antofagasta,Chile,,Latin America & Caribbean,High income: OECD,,,15.9,54.26806439535754,2.0,,27.025000000000002
U2123,University of Antioquia,Colombia,,Latin America & Caribbean,Upper middle income,,,21.1,29.483339573193557,0.0,,25.8
U2124,Ariel University,Israel,,Middle East & North Africa,High income: OECD,,,21.4,28.491201797079746,0.0,,26.441666666666666
U2125,Atatürk University,Turkey,,Europe & Central Asia,Upper middle income,,,31.0,10.33320853612879,4.0,,28.491666666666667
U2126,Atılım University,Turkey,,Europe & Central Asia,Upper middle income,,,13.5,67.83976038936727,7.0,,21.65833333333333
U2127,Austral University of Chile,Chile,,Latin America & Caribbean,High income: OECD,,,16.4,50.861100711344065,1.0,,21.158333333333335
U2128,Autonomous University of Sinaloa,Mexico,,Latin America & Caribbean,Upper middle income,,,21.8,27.293148633470608,1.0,,26.51666666666667
U2129,Banasthali University,India,,South Asia,Lower middle income,,,16.8,48.68962935230251,4.0,,19.908333333333335
U2130,Bayero University,Nigeria,,Sub-Saharan Africa,Lower middle income,,,25.4,18.476226132534634,0.0,,23.658333333333335
U2131,Bezmiâlem Vakif University,Turkey,,Europe & Central Asia,Upper middle income,,,11.8,77.51778360164732,5.0,,18.150000000000002
U2132,BINUS University,Indonesia,,East Asia & Pacific,Lower middle income,,,14.2,64.30175964058404,4.0,,25.658333333333335
U2133,University of Botswana,Botswana,,Sub-Saharan Africa,Upper middle income,,,21.8,27.293148633470608,4.0,,27.65833333333333
U2134,Botswana International University of Science and Technology (BIUST),Botswana,,Sub-Saharan Africa,Upper middle income,,,8.8,90.88356420816174,8.0,,21.041666666666668
U2135,Instituto Politécnico de Bragança,Portugal,,Europe & Central Asia,High income: OECD,,,20.6,31.093223511793333,34.0,,25.625
U2136,University of Brasília,Brazil,,Latin America & Caribbean,Upper middle income,,,13.6,67.2407338075627,1.0,,20.650000000000002
U2137,The British University in Egypt,Egypt,,Middle East & North Africa,Lower middle income,,,14.8,60.61400224634967,3.0,,25.416666666666668
U2138,B. S. Abdur Rahman Crescent Institute of Science and Technology,India,,South Asia,Lower middle income,,,18.3,41.276675402470985,0.0,,23.941666666666666
U2139,Bu-Ali Sina University,Iran,,Middle East & North Africa,Upper middle income,,,24.1,21.040808685885438,1.0,,27.458333333333332
U2140,University of Burgos,Spain,,Europe & Central Asia,High income: OECD,,,13.5,67.83976038936727,5.0,,25.950000000000003
U2141,Cardiff Metropolitan University,United Kingdom,,Europe & Central Asia,High income: OECD,,,18.1,42.41856982403595,20.0,,21.96666666666667
U2142,University of Carthage,Tunisia,,Middle East & North Africa,Upper middle income,,,10.1,85.62336203669038,1.0,,18.775000000000002
U2143,Universidad Católica San Antonio de Murcia (UCAM),Spain,,Europe & Central Asia,High income: OECD,,,19.5,36.09135155372519,15.0,,22.46666666666667
U2144,Chang Gung University of Science and Technology,Taiwan,,,,,,25.6,18.02695619618121,1.0,,25.416666666666668
U2145,University of Chester,United Kingdom,,Europe & Central Asia,High income: OECD,,,18.9,38.169225009359785,17.0,,20.208333333333336
U2146,Chosun University,South Korea,,East Asia & Pacific,High income: OECD,,,24.5,20.029951329090224,3.0,,22.55
U2147,Christ University,India,,South Asia,Lower middle income,,,20.7,30.756271059528263,2.0,,24.275
U2148,Chung Shan Medical University,Taiwan,,,,,,17.2,46.63047547734931,4.0,,22.916666666666668
U2149,Cochin University of Science and Technology,India,,South Asia,Lower middle income,,,16.2,52.09659303631599,1.0,,22.25
U2150,University of Concepción,Chile,,Latin America & Caribbean,High income: OECD,,,18.2,41.913141145638335,2.0,,25.483333333333334
U2151,University of Costa Rica,Costa Rica,,Latin America & Caribbean,Upper middle income,,,14.8,60.61400224634967,2.0,,23.224999999999998
U2152,Del Rosario University,Colombia,,Latin America & Caribbean,Upper middle income,,,10.5,83.60164732309995,2.0,,19.208333333333332
U2153,University of Diyala,Iraq,,Middle East & North Africa,Upper middle income,,,17.9,43.20479221265444,0.0,,23.241666666666664
U2154,Dokuz Eylül University,Turkey,,Europe & Central Asia,Upper middle income,,,23.7,22.107824784724826,3.0,,21.241666666666667
U2155,Dow University of Health Sciences,Pakistan,,South Asia,Lower middle income,,,7.7,93.72894047173344,3.0,,25.208333333333336
U2156,Duzce University,Turkey,,Europe & Central Asia,Upper middle income,,,33.4,8.161737177087236,9.0,,30.233333333333334
U2157,Universidade Eduardo Mondlane,Mozambique,,Sub-Saharan Africa,Low income,,,28.7,13.084986896293527,0.0,,29.108333333333334
U2158,"University of Education, Lahore",Pakistan,,South Asia,Lower middle income,,,30.6,10.819917633845,0.0,,29.01666666666667
U2159,Ehime University,Japan,,East Asia & Pacific,High income: OECD,,,11.3,79.95132909022837,2.0,,20.316666666666666
U2160,The University of Electro-Communications,Japan,,East Asia & Pacific,High income: OECD,,,15.5,56.34593785099214,5.0,,25.075
U2161,Erciyes University,Turkey,,Europe & Central Asia,Upper middle income,,,37.2,5.5784350430550305,6.0,,24.433333333333334
U2162,Escuela Superior Politécnica del Litoral,Ecuador,,Latin America & Caribbean,Upper middle income,,,10.4,84.06963684013478,1.0,,19.0
U2163,Universidade Federal do ABC (UFABC),Brazil,,Latin America & Caribbean,Upper middle income,,,25.3,18.663421939348556,1.0,,27.391666666666673
U2164,Federal University of Espírito Santo,Brazil,,Latin America & Caribbean,Upper middle income,,,13.3,69.18757019842757,1.0,,19.616666666666667
U2165,Federal University of Goiás,Brazil,,Latin America & Caribbean,Upper middle income,,,13.3,69.18757019842757,1.0,,18.966666666666665
U2166,Federal University of Lavras,Brazil,,Latin America & Caribbean,Upper middle income,,,18.3,41.276675402470985,1.0,,20.883333333333336
U2167,Universidade Federal do Paraná (UFPR),Brazil,,Latin America & Caribbean,Upper middle income,,,15.6,55.803070011231746,1.0,,21.69166666666667
U2168,Federal University of Pernambuco,Brazil,,Latin America & Caribbean,Upper middle income,,,12.8,72.40733807562711,0.0,,18.21666666666667
U2169,Federal University of Rio Grande do Norte (UFRN),Brazil,,Latin America & Caribbean,Upper middle income,,,16.7,49.2137776113815,0.0,,19.34166666666667
U2170,Federal University of Santa Maria,Brazil,,Latin America & Caribbean,Upper middle income,,,14.6,61.924372894047174,1.0,,22.916666666666668
U2171,Federal University of Uberlândia,Brazil,,Latin America & Caribbean,Upper middle income,,,14.1,64.78846873830027,1.0,,22.45
U2172,Federal University of Viçosa,Brazil,,Latin America & Caribbean,Upper middle income,,,9.7,87.40172220142269,2.0,,18.041666666666668
U2173,Federico Santa María Technical University,Chile,,Latin America & Caribbean,High income: OECD,,,29.7,11.774616248596026,3.0,,21.383333333333333
U2174,Ferhat Abbas Sétif University 1,Algeria,,Middle East & North Africa,Upper middle income,,,22.8,24.18569824035942,1.0,,26.041666666666668
U2175,University of La Frontera,Chile,,Latin America & Caribbean,High income: OECD,,,23.2,23.268438786971167,1.0,,20.8
U2176,Universitas Gadjah Mada,Indonesia,,East Asia & Pacific,Lower middle income,,,8.2,92.62448521153127,6.0,,20.59166666666667
U2177,Gazi University,Turkey,,Europe & Central Asia,Upper middle income,,,17.0,47.69749157618869,3.0,,24.708333333333332
U2178,University of Gdańsk,Poland,,Europe & Central Asia,High income: OECD,,,12.0,76.3010108573568,2.0,,21.466666666666665
U2179,Gebze Technical University,Turkey,,Europe & Central Asia,Upper middle income,,,24.5,20.029951329090224,2.0,,23.71666666666667
U2180,"George Emil Palade University of Medicine, Pharmacy, Science, and Technology of Targu Mures",Romania,,Europe & Central Asia,Upper middle income,,,17.0,47.69749157618869,13.0,,21.758333333333333
U2181,Georgia Southern University,United States,,North America,High income: OECD,,,18.0,42.83040059902659,3.0,,24.766666666666666
U2182,Government College University Lahore,Pakistan,,South Asia,Lower middle income,,,17.6,44.5900411830775,0.0,,22.208333333333332
U2183,University of Guilan,Iran,,Middle East & North Africa,Upper middle income,,,34.3,7.525271433919878,1.0,,29.458333333333336
U2184,Guru Jambheshwar University of Science and Technology,India,,South Asia,Lower middle income,,,19.6,35.49232497192063,0.0,,22.191666666666666
U2185,Gyeongsang National University,South Korea,,East Asia & Pacific,High income: OECD,,,12.5,73.66154998128043,2.0,,24.083333333333332
U2186,Halmstad University,Sweden,,Europe & Central Asia,High income: OECD,,,20.0,33.78884312991389,6.0,,26.55
U2187,Université Hassan II de Casablanca,Morocco,,Middle East & North Africa,Lower middle income,,,35.7,6.327218270310741,2.0,,21.991666666666667
U2188,Université Polytechnique Hauts-de-France,France,,Europe & Central Asia,High income: OECD,,,27.9,14.114563833770122,12.0,,20.325000000000003
U2189,University of Hormozgan,Iran,,Middle East & North Africa,Upper middle income,,,24.4,20.27330587794833,0.0,,23.89166666666667
U2190,University of Hradec Králové,Czech Republic,,Europe & Central Asia,High income: OECD,,,12.8,72.40733807562711,3.0,,25.866666666666667
U2191,Hyogo Medical University,Japan,,East Asia & Pacific,High income: OECD,,,4.6,98.03444402845376,1.0,,23.083333333333332
U2192,Ibn Tofaïl University,Morocco,,Middle East & North Africa,Lower middle income,,,88.7,0.3743916136278558,3.0,,26.25
U2193,Ilam University,Iran,,Middle East & North Africa,Upper middle income,,,199.9,0.03743916136278447,2.0,,28.674999999999997
U2194,Ilia State University,Georgia,,Europe & Central Asia,Lower middle income,,,13.4,68.43878697117185,4.0,,25.708333333333336
U2195,University of Ilorin,Nigeria,,Sub-Saharan Africa,Lower middle income,,,39.2,4.380381879445904,0.0,,25.566666666666666
U2196,Incheon National University,South Korea,,East Asia & Pacific,High income: OECD,,,15.7,55.29764133283415,3.0,,25.466666666666665
U2197,Indian Institute of Science Education and Research Bhopal,India,,South Asia,Lower middle income,,,14.3,63.87120928491201,0.0,,18.558333333333334
U2198,IPB University,Indonesia,,East Asia & Pacific,Lower middle income,,,6.8,95.80681392736803,3.0,,15.8
U2199,I-Shou University,Taiwan,,,,,,27.9,14.114563833770122,15.0,,23.95
U2200,Istanbul Bilgi University,Turkey,,Europe & Central Asia,Upper middle income,,,16.0,53.463122426057666,14.0,,24.575000000000003
U2201,Istanbul Medeniyet University,Turkey,,Europe & Central Asia,Upper middle income,,,18.7,39.04904530138524,2.0,,30.533333333333335
U2202,Izmir Institute of Technology,Turkey,,Europe & Central Asia,Upper middle income,,,18.6,39.666791463871206,3.0,,20.391666666666666
U2203,Jiangsu Normal University,China,,East Asia & Pacific,Upper middle income,,,15.0,59.06027704979409,2.0,,27.15
U2204,The Jikei University School of Medicine,Japan,,East Asia & Pacific,High income: OECD,,,0.9,99.77536503182328,0.0,,23.175
U2205,The John Paul II Catholic University of Lublin,Poland,,Europe & Central Asia,High income: OECD,,,9.6,87.81355297641333,9.0,,22.96666666666667
U2206,Kagawa University,Japan,,East Asia & Pacific,High income: OECD,,,9.6,87.81355297641333,2.0,,18.941666666666666
U2207,Karabük University,Turkey,,Europe & Central Asia,Upper middle income,,,42.4,3.3320853612879064,24.0,,29.316666666666666
U2208,Karunya Institute of Technology and Sciences,India,,South Asia,Lower middle income,,,16.5,50.33695245226507,0.0,,27.983333333333334
U2209,Kharazmi University,Iran,,Middle East & North Africa,Upper middle income,,,16.8,48.68962935230251,3.0,,23.55
U2210,Kharkiv Aviation Institute,Ukraine,,Europe & Central Asia,Lower middle income,,,12.0,76.3010108573568,12.0,,23.90833333333333
U2211,Kitasato University,Japan,,East Asia & Pacific,High income: OECD,,,5.2,97.60389367278172,0.0,,18.708333333333332
U2212,KL University,India,,South Asia,Lower middle income,,,14.6,61.924372894047174,2.0,,28.141666666666666
U2213,Kyushu Institute of Technology (Kyutech),Japan,,East Asia & Pacific,High income: OECD,,,16.0,53.463122426057666,5.0,,22.183333333333334
U2214,University of Lethbridge,Canada,,North America,High income: OECD,,,13.4,68.43878697117185,12.0,,21.225
U2215,Universidad Loyola,Spain,,Europe & Central Asia,High income: OECD,,,12.1,75.739423436915,4.0,,23.91666666666667
U2216,"Lumière University, Lyon 2",France,,Europe & Central Asia,High income: OECD,,,50.4,1.6847622613253455,18.0,,21.225
U2217,Universidade Lusófona,Portugal,,Europe & Central Asia,High income: OECD,,,6.4,96.42456008985398,18.0,,19.89166666666667
U2218,Manipal University Jaipur,India,,South Asia,Lower middle income,,,14.9,59.86521901909397,3.0,,29.908333333333335
U2219,University of Manouba,Tunisia,,Middle East & North Africa,Upper middle income,,,14.5,62.67315612130289,2.0,,23.783333333333335
U2220,University of Marrakech Cadi Ayyad,Morocco,,Middle East & North Africa,Lower middle income,,,45.9,2.3212280044927036,1.0,,21.916666666666664
U2221,University of Mauritius,Mauritius,,Sub-Saharan Africa,Upper middle income,,,22.8,24.18569824035942,1.0,,26.69166666666667
U2222,Medical University of Lublin,Poland,,Europe & Central Asia,High income: OECD,,,5.7,97.22950205915387,16.0,,19.883333333333333
U2223,Medical University of Silesia in Katowice,Poland,,Europe & Central Asia,High income: OECD,,,7.3,94.92699363534257,5.0,,20.191666666666666
U2224,Medical University of Sofia,Bulgaria,,Europe & Central Asia,Upper middle income,,,5.7,97.22950205915387,44.0,,19.5
U2225,University of Medicine and Pharmacy of Craiova,Romania,,Europe & Central Asia,Upper middle income,,,9.8,86.95245226506927,14.0,,21.275000000000002
U2226,Metropolitan Autonomous University,Mexico,,Latin America & Caribbean,Upper middle income,,,42.1,3.4069636840134754,1.0,,23.441666666666663
U2227,Mie University,Japan,,East Asia & Pacific,High income: OECD,,,8.3,92.30625233994758,3.0,,18.066666666666666
U2228,Mohammed V University of Rabat,Morocco,,Middle East & North Africa,Lower middle income,,,41.7,3.5754399101460166,3.0,,22.166666666666668
U2229,University of Monastir,Tunisia,,Middle East & North Africa,Upper middle income,,,8.5,91.65106701609884,2.0,,20.975
U2230,Morgan State University,United States,,North America,High income: OECD,,,14.6,61.924372894047174,7.0,,19.516666666666666
U2231,Moscow Aviation Institute,Russian Federation,,Europe & Central Asia,High income: nonOECD,,,12.8,72.40733807562711,12.0,,19.400000000000002
U2232,Moscow Power Engineering Institute,Russian Federation,,Europe & Central Asia,High income: nonOECD,,,20.7,30.756271059528263,14.0,,19.175
U2233,Multimedia University,Malaysia,,East Asia & Pacific,Upper middle income,,,16.3,51.535005615874205,9.0,,19.666666666666668
U2234,Nagaoka University of Technology,Japan,,East Asia & Pacific,High income: OECD,,,10.2,85.00561587420442,12.0,,17.858333333333334
U2235,Nagoya Institute of Technology,Japan,,East Asia & Pacific,High income: OECD,,,16.1,52.639460876076384,5.0,,21.425
U2236,University of Namibia,Namibia,,Sub-Saharan Africa,Upper middle income,,,21.6,27.94833395731936,3.0,,26.391666666666666
U2237,National Changhua University of Education,Taiwan,,,,,,15.0,59.06027704979409,8.0,,18.966666666666665
U2238,National Chin-Yi University of Technology,Taiwan,,,,,,22.7,24.50393111194309,6.0,,26.058333333333334
U2239,National University of Colombia,Colombia,,Latin America & Caribbean,Upper middle income,,,22.0,26.46948708348933,1.0,,23.39166666666667
U2240,National University of Distance Education (UNED),Spain,,Europe & Central Asia,High income: OECD,,,67.5,0.7487832272557116,4.0,,26.775
U2241,National Institute of Technology Srinagar,India,,South Asia,Lower middle income,,,15.9,54.26806439535754,0.0,,25.283333333333335
U2242,National Kaohsiung University of Science and Technology,Taiwan,,,,,,33.1,8.44253088730812,3.0,,26.425
U2243,National Research University of Electronic Technology (MIET),Russian Federation,,Europe & Central Asia,High income: nonOECD,,,9.5,88.22538375140397,7.0,,13.15
U2244,National Technical University Kharkiv Polytechnic Institute,Ukraine,,Europe & Central Asia,Lower middle income,,,7.9,93.42942718083115,14.0,,11.458333333333334
U2245,National Technical University of Ukraine – Igor Sikorsky Kyiv Polytechnic Institute,Ukraine,,Europe & Central Asia,Lower middle income,,,8.0,93.14863347061025,3.0,,12.441666666666666
U2246,University of Nigeria Nsukka,Nigeria,,Sub-Saharan Africa,Lower middle income,,,11.7,77.94833395731936,1.0,,18.808333333333334
U2247,Ochanomizu University,Japan,,East Asia & Pacific,High income: OECD,,,14.5,62.67315612130289,6.0,,17.833333333333332
U2248,Oles Honchar Dnipro National University,Ukraine,,Europe & Central Asia,Lower middle income,,,10.1,85.62336203669038,2.0,,8.333333333333334
U2249,Opole University of Technology,Poland,,Europe & Central Asia,High income: OECD,,,13.7,66.7540247098465,6.0,,23.591666666666665
U2250,Paris Nanterre University,France,,Europe & Central Asia,High income: OECD,,,23.4,22.912766754024705,16.0,,21.425
U2251,University of Pau and Pays de l’Adour,France,,Europe & Central Asia,High income: OECD,,,13.9,65.87420441782103,15.0,,16.233333333333334
U2252,Pavol Jozef Šafárik University in Košice,Slovakia,,Europe & Central Asia,High income: OECD,,,10.3,84.5001871958068,24.0,,13.075
U2253,Persian Gulf University,Iran,,Middle East & North Africa,Upper middle income,,,23.1,23.418195432422316,5.0,,27.183333333333334
U2254,Pirogov Russian National Research Medical University,Russian Federation,,Europe & Central Asia,High income: nonOECD,,,6.9,95.58217895919131,4.0,,13.800000000000002
U2255,Polytechnic Institute of Porto,Portugal,,Europe & Central Asia,High income: OECD,,,16.9,48.221639835267695,5.0,,27.608333333333338
U2256,Pontifical Catholic University of Peru,Peru,,Latin America & Caribbean,Upper middle income,,,7.3,94.92699363534257,1.0,,18.09166666666667
U2257,Pontifical Catholic University of Valparaíso,Chile,,Latin America & Caribbean,High income: OECD,,,26.2,16.754024709846504,1.0,,23.641666666666666
U2258,Pontifical Javeriana University,Colombia,,Latin America & Caribbean,Upper middle income,,,12.9,71.86447023586672,2.0,,22.291666666666668
U2259,Port Said University,Egypt,,Middle East & North Africa,Lower middle income,,,28.3,13.552976413328343,0.0,,27.333333333333332
U2260,Poznań University of Life Sciences,Poland,,Europe & Central Asia,High income: OECD,,,8.5,91.65106701609884,6.0,,25.425
U2261,University of Puerto Rico,Puerto Rico,,Latin America & Caribbean,High income: nonOECD,,,15.2,57.88094346686634,1.0,,23.65
U2262,University of Qom,Iran,,Middle East & North Africa,Upper middle income,,,43.0,3.070011231748404,33.0,,21.683333333333334
U2263,University Rey Juan Carlos,Spain,,Europe & Central Asia,High income: OECD,,,19.4,36.70909771621116,6.0,,29.150000000000006
U2264,Université Saint-Joseph de Beyrouth,Lebanon,,Middle East & North Africa,Upper middle income,,,10.9,81.50505428678397,7.0,,16.441666666666666
U2265,Saitama Medical University,Japan,,East Asia & Pacific,High income: OECD,,,1.4,99.62560838637215,0.0,,22.383333333333333
U2266,Sapporo Medical University,Japan,,East Asia & Pacific,High income: OECD,,,3.3,98.83938599775365,0.0,,21.316666666666666
U2267,SASTRA University,India,,South Asia,Lower middle income,,,13.1,70.46050168476225,3.0,,25.34166666666667
U2268,Sathyabama Institute of Science and Technology,India,,South Asia,Lower middle income,,,10.6,83.05877948333958,5.0,,20.400000000000002
U2269,Selçuk University,Turkey,,Europe & Central Asia,Upper middle income,,,14.0,65.27517783601647,8.0,,23.691666666666666
U2270,Semnan University of Medical Sciences and Health Services,Iran,,Middle East & North Africa,Upper middle income,,,7.9,93.42942718083115,7.0,,25.375000000000004
U2271,Seoul National University of Science and Technology (SeoulTech),South Korea,,East Asia & Pacific,High income: OECD,,,13.8,66.39835267690005,9.0,,25.35
U2272,University of La Serena,Chile,,Latin America & Caribbean,High income: OECD,,,26.4,16.435791838262826,1.0,,26.275000000000002
U2273,Shahid Bahonar University of Kerman,Iran,,Middle East & North Africa,Upper middle income,,,22.1,26.095095469861473,1.0,,25.40833333333333
U2274,Shahid Sadoughi University of Medical Sciences,Iran,,Middle East & North Africa,Upper middle income,,,13.0,71.19056533133659,2.0,,14.850000000000001
U2275,University of Shanghai for Science and Technology,China,,East Asia & Pacific,Upper middle income,,,10.5,83.60164732309995,2.0,,23.541666666666668
U2276,Shiga University of Medical Science,Japan,,East Asia & Pacific,High income: OECD,,,3.2,98.91426432047922,4.0,,20.925
U2277,Showa University,Japan,,East Asia & Pacific,High income: OECD,,,1.6,99.51329090228379,0.0,,20.8
U2278,Université de Skikda,Algeria,,Middle East & North Africa,Upper middle income,,,29.4,12.354923249719207,0.0,,25.808333333333334
U2279,Sohag University,Egypt,,Middle East & North Africa,Lower middle income,,,27.6,14.526394608760762,0.0,,27.541666666666664
U2280,Université Sorbonne Nouvelle,France,,Europe & Central Asia,High income: OECD,,,23.7,22.107824784724826,26.0,,17.59166666666667
U2281,University of Sousse,Tunisia,,Middle East & North Africa,Upper middle income,,,13.7,66.7540247098465,2.0,,19.09166666666667
U2282,University of South China,China,,East Asia & Pacific,Upper middle income,,,7.4,94.51516286035194,2.0,,19.65
U2283,South Valley University,Egypt,,Middle East & North Africa,Lower middle income,,,33.0,8.536128790715091,1.0,,27.575
U2284,Southwest Petroleum University,China,,East Asia & Pacific,Upper middle income,,,15.9,54.26806439535754,2.0,,24.766666666666666
U2285,Sri Venkateswara University,India,,South Asia,Lower middle income,,,15.0,59.06027704979409,0.0,,16.425
U2286,Ştefan cel Mare University of Suceava,Romania,,Europe & Central Asia,Upper middle income,,,22.9,23.848745788094348,14.0,,28.125
U2287,St Marianna University School of Medicine,Japan,,East Asia & Pacific,High income: OECD,,,0.8,99.85024335454887,1.0,,24.275
U2288,St Petersburg Electrotechnical University (LETI),Russian Federation,,Europe & Central Asia,High income: nonOECD,,,13.6,67.2407338075627,20.0,,19.066666666666666
U2289,Universiti Sultan Zainal Abidin,Malaysia,,East Asia & Pacific,Upper middle income,,,17.7,44.04717334331711,7.0,,22.675
U2290,University of Sunderland,United Kingdom,,Europe & Central Asia,High income: OECD,,,16.0,53.463122426057666,42.0,,22.525000000000002
U2291,Universitas Syiah Kuala,Indonesia,,East Asia & Pacific,Lower middle income,,,20.4,32.02920254586298,0.0,,26.941666666666666
U2292,University of Talca,Chile,,Latin America & Caribbean,High income: OECD,,,15.5,56.34593785099214,0.0,,21.116666666666664
U2293,University of Tarapacá,Chile,,Latin America & Caribbean,High income: OECD,,,31.8,9.528266566828902,4.0,,29.875000000000004
U2294,Technical University of Crete,Greece,,Europe & Central Asia,High income: OECD,,,33.2,8.348932983901157,4.0,,27.475
U2295,Technical University of Košice,Slovakia,,Europe & Central Asia,High income: OECD,,,13.1,70.46050168476225,23.0,,22.558333333333334
U2296,University of Technology of Compiègne,France,,Europe & Central Asia,High income: OECD,,,15.6,55.803070011231746,19.0,,16.483333333333334
U2297,Institut Teknologi Sepuluh Nopember,Indonesia,,East Asia & Pacific,Lower middle income,,,7.1,95.45114189442157,6.0,,16.883333333333333
U2298,University of Texas Rio Grande Valley,United States,,North America,High income: OECD,,,21.7,27.648820666417073,2.0,,23.75
U2299,Tezpur University,India,,South Asia,Lower middle income,,,15.3,57.35679520778735,1.0,,20.549999999999997
U2300,Thiagarajar College of Engineering,India,,South Asia,Lower middle income,,,18.3,41.276675402470985,0.0,,22.650000000000002
U2301,Toho University,Japan,,East Asia & Pacific,High income: OECD,,,13.7,66.7540247098465,0.0,,22.791666666666668
U2302,Tokyo University of Marine Science and Technology,Japan,,East Asia & Pacific,High income: OECD,,,10.4,84.06963684013478,8.0,,17.075
U2303,Tomas Bata University in Zlín,Czech Republic,,Europe & Central Asia,High income: OECD,,,20.1,33.43317109696743,11.0,,25.500000000000004
U2304,University of Toyama,Japan,,East Asia & Pacific,High income: OECD,,,10.6,83.05877948333958,3.0,,20.683333333333334
U2305,Transilvania University of Brașov,Romania,,Europe & Central Asia,Upper middle income,,,20.4,32.02920254586298,1.0,,27.458333333333332
U2306,Tribhuvan University,Nepal,,South Asia,Low income,,,30.9,10.50168476226132,0.0,,25.40833333333333
U2307,University of Tunis,Tunisia,,Middle East & North Africa,Upper middle income,,,11.4,79.44590041183078,2.0,,15.8
U2308,Tzu Chi University,Taiwan,,,,,,8.9,90.49045301385249,8.0,,22.791666666666668
U2309,UNIR – International University of La Rioja,Spain,,Europe & Central Asia,High income: OECD,,,36.0,6.196181205540996,37.0,,23.941666666666666
U2310,Unisinos University,Brazil,,Latin America & Caribbean,Upper middle income,,,24.3,20.47922126544366,0.0,,18.275000000000002
U2311,Universiti Tun Hussein Onn Malaysia (UTHM),Malaysia,,East Asia & Pacific,Upper middle income,,,16.6,49.812804193186075,6.0,,23.291666666666668
U2312,University of Valladolid,Spain,,Europe & Central Asia,High income: OECD,,,10.7,82.4971920628978,6.0,,24.19166666666667
U2313,Veltech University,India,,South Asia,Lower middle income,,,14.4,63.38450018719581,2.0,,23.808333333333334
U2314,University of Venda,South Africa,,Sub-Saharan Africa,Upper middle income,,,29.4,12.354923249719207,1.0,,25.325
U2315,Vilnius Gediminas Technical University (Vilnius Tech),Lithuania,,Europe & Central Asia,High income: nonOECD,,,12.3,74.69112691875702,11.0,,24.508333333333333
U2316,"Visvesvaraya National Institute of Technology, Nagpur",India,,South Asia,Lower middle income,,,15.3,57.35679520778735,2.0,,25.23333333333333
U2317,V.N. Karazin Kharkiv National University,Ukraine,,Europe & Central Asia,Lower middle income,,,8.3,92.30625233994758,28.0,,10.025000000000002
U2318,Volgograd State University,Russian Federation,,Europe & Central Asia,High income: nonOECD,,,10.5,83.60164732309995,5.0,,21.900000000000002
U2319,Walailak University,Thailand,,East Asia & Pacific,Upper middle income,,,13.6,67.2407338075627,1.0,,22.550000000000004
U2320,Warsaw University of Life Sciences – SGGW,Poland,,Europe & Central Asia,High income: OECD,,,13.4,68.43878697117185,8.0,,24.21666666666667
U2321,University of Western Macedonia,Greece,,Europe & Central Asia,High income: OECD,,,46.2,2.283788843129919,2.0,,26.349999999999998
U2322,West University of Timişoara,Romania,,Europe & Central Asia,Upper middle income,,,23.9,21.677274429052783,6.0,,24.741666666666667
U2323,Wrocław University of Environmental and Life Sciences,Poland,,Europe & Central Asia,High income: OECD,,,16.7,49.2137776113815,4.0,,22.4
U2324,Wrocław University of Science and Technology,Poland,,Europe & Central Asia,High income: OECD,,,19.8,34.66866342193935,4.0,,23.941666666666666
U2325,Wuhan Textile University,China,,East Asia & Pacific,Upper middle income,,,15.8,54.867090977162114,1.0,,25.666666666666668
U2326,Xiangtan University,China,,East Asia & Pacific,Upper middle income,,,20.6,31.093223511793333,0.0,,29.691666666666663
U2327,Xuzhou Medical University,China,,East Asia & Pacific,Upper middle income,,,18.6,39.666791463871206,3.0,,27.633333333333333
U2328,Yamagata University,Japan,,East Asia & Pacific,High income: OECD,,,8.8,90.88356420816174,2.0,,19.258333333333333
U2329,University of Yamanashi,Japan,,East Asia & Pacific,High income: OECD,,,6.2,96.81767128416323,5.0,,18.433333333333334
U2330,Yasouj University,Iran,,Middle East & North Africa,Upper middle income,,,25.8,17.63384500187196,0.0,,30.25
U2331,Yuriy Fedkovych Chernivtsi National University,Ukraine,,Europe & Central Asia,Lower middle income,,,10.4,84.06963684013478,1.0,,9.191666666666666
U2332,University of Zambia,Zambia,,Sub-Saharan Africa,Lower middle income,,,24.6,19.786596780232124,2.0,,24.8
U2333,University of Zanjan,Iran,,Middle East & North Africa,Upper middle income,,,23.5,22.61325346312243,0.0,,24.925
U2334,Zanjan University of Medical Sciences,Iran,,Middle East & North Africa,Upper middle income,,,10.9,81.50505428678397,1.0,,22.14166666666667
U2335,Zhejiang Chinese Medical University,China,,East Asia & Pacific,Upper middle income,,,31.0,10.33320853612879,5.0,,23.941666666666666
U2336,University of Zimbabwe,Zimbabwe,,Sub-Saharan Africa,Low income,,,22.5,24.990640209659297,0.0,,22.95
U2337,Université 8 Mai 1945 Guelma,Algeria,,Middle East & North Africa,Upper middle income,,,20.9,30.101085735679522,1.0,,15.6
U2338,University Abdelhamid Ibn Badis Mostaganem,Algeria,,Middle East & North Africa,Upper middle income,,,19.5,36.09135155372519,1.0,,7.925
U2339,Abdelmalek Essaâdi University,Morocco,,Middle East & North Africa,Lower middle income,,,91.8,0.3369524522650713,1.0,,18.2
U2340,University of Abou Bekr Belkaïd Tlemcen,Algeria,,Middle East & North Africa,Upper middle income,,,21.3,28.828154249344816,1.0,,10.083333333333334
U2341,Acıbadem University,Turkey,,Europe & Central Asia,Upper middle income,,,5.7,97.22950205915387,3.0,,16.458333333333336
U2342,Adelphi University,United States,,North America,High income: OECD,,,11.1,80.88730812429802,7.0,,15.366666666666669
U2343,Afe Babalola University,Nigeria,,Sub-Saharan Africa,Lower middle income,,,10.7,82.4971920628978,1.0,,13.933333333333334
U2344,Akita University,Japan,,East Asia & Pacific,High income: OECD,,,10.7,82.4971920628978,4.0,,16.483333333333334
U2345,Aksaray University,Turkey,,Europe & Central Asia,Upper middle income,,,22.2,25.795582178959187,8.0,,14.925
U2346,Alzahra University,Iran,,Middle East & North Africa,Upper middle income,,,28.4,13.421939348558587,3.0,,19.175
U2347,University of Anbar,Iraq,,Middle East & North Africa,Upper middle income,,,15.5,56.34593785099214,0.0,,21.6
U2348,"University of the Andes, Venezuela",Venezuela,,Latin America & Caribbean,Upper middle income,,,10.1,85.62336203669038,2.0,,8.683333333333334
U2349,Andhra University,India,,South Asia,Lower middle income,,,14.8,60.61400224634967,5.0,,13.858333333333333
U2350,Universidad Andrés Bello (UNAB),Chile,,Latin America & Caribbean,High income: OECD,,,18.4,40.696368401347804,2.0,,20.025000000000002
U2351,Ankara University,Turkey,,Europe & Central Asia,Upper middle income,,,27.6,14.526394608760762,6.0,,19.474999999999998
U2352,Ankara Yildirim Beyazit University,Turkey,,Europe & Central Asia,Upper middle income,,,23.3,23.11868214152003,12.0,,16.974999999999998
U2353,Annamalai University,India,,South Asia,Lower middle income,,,13.6,67.2407338075627,0.0,,13.933333333333334
U2354,Antonio Nariño University,Colombia,,Latin America & Caribbean,Upper middle income,,,14.1,64.78846873830027,2.0,,18.400000000000002
U2355,Arak University,Iran,,Middle East & North Africa,Upper middle income,,,18.7,39.04904530138524,5.0,,20.158333333333335
U2356,Universidad Autónoma de Ciudad Juárez,Mexico,,Latin America & Caribbean,Upper middle income,,,15.0,59.06027704979409,2.0,,8.916666666666666
U2357,Universidad Autónoma de Coahuila,Mexico,,Latin America & Caribbean,Upper middle income,,,29.6,11.96181205540996,0.0,,10.0
U2358,Universidad Autónoma del Estado de Hidalgo,Mexico,,Latin America & Caribbean,Upper middle income,,,19.5,36.09135155372519,0.0,,10.225
U2359,Universidad Autónoma del Estado de Mexico (UAEMex),Mexico,,Latin America & Caribbean,Upper middle income,,,10.6,83.05877948333958,1.0,,8.633333333333333
U2360,Universidad Autónoma del Estado de Morelos,Mexico,,Latin America & Caribbean,Upper middle income,,,17.4,45.56345937850992,0.0,,9.1
U2361,Universidad Autónoma de Nuevo León (UANL),Mexico,,Latin America & Caribbean,Upper middle income,,,48.0,1.9093972295020634,0.0,,12.433333333333334
U2362,Universidad Autónoma de Querétaro,Mexico,,Latin America & Caribbean,Upper middle income,,,45.2,2.4897042306252337,1.0,,14.083333333333332
U2363,Universidad Autónoma de Yucatán,Mexico,,Latin America & Caribbean,Upper middle income,,,19.6,35.49232497192063,0.0,,11.916666666666668
U2364,Autonomous University of Baja California,Mexico,,Latin America & Caribbean,Upper middle income,,,21.7,27.648820666417073,3.0,,10.5
U2365,Badji Mokhtar University – Annaba,Algeria,,Middle East & North Africa,Upper middle income,,,11.9,76.97491576188693,2.0,,14.658333333333331
U2366,Başkent University,Turkey,,Europe & Central Asia,Upper middle income,,,13.3,69.18757019842757,3.0,,13.658333333333335
U2367,University of Batna 2,Algeria,,Middle East & North Africa,Upper middle income,,,23.7,22.107824784724826,1.0,,9.691666666666666
U2368,University of Béjaïa,Algeria,,Middle East & North Africa,Upper middle income,,,23.7,22.107824784724826,1.0,,10.841666666666669
U2369,Belgorod State National Research University,Russian Federation,,Europe & Central Asia,High income: nonOECD,,,15.6,55.803070011231746,20.0,,12.408333333333331
U2370,University of Benin,Nigeria,,Sub-Saharan Africa,Lower middle income,,,25.8,17.63384500187196,0.0,,17.90833333333333
U2371,Bernardo O’Higgins University,Chile,,Latin America & Caribbean,High income: OECD,,,18.6,39.666791463871206,6.0,,10.466666666666667
U2372,Bharath Institute of Higher Education and Research,India,,South Asia,Lower middle income,,,14.0,65.27517783601647,2.0,,16.84166666666667
U2373,Bharati Vidyapeeth University,India,,South Asia,Lower middle income,,,7.3,94.92699363534257,0.0,,11.108333333333334
U2374,Bialystok University of Technology,Poland,,Europe & Central Asia,High income: OECD,,,10.8,82.01048296518158,3.0,,18.316666666666666
U2375,Bilecik Şeyh Edebali University,Turkey,,Europe & Central Asia,Upper middle income,,,16.3,51.535005615874205,13.0,,15.041666666666668
U2376,University of Bío-Bío,Chile,,Latin America & Caribbean,High income: OECD,,,25.5,18.232871583676523,1.0,,13.258333333333335
U2377,University of Birjand,Iran,,Middle East & North Africa,Upper middle income,,,36.9,5.746911269187571,4.0,,16.666666666666668
U2378,University of Biskra,Algeria,,Middle East & North Africa,Upper middle income,,,21.5,28.229127667540244,0.0,,13.058333333333334
U2379,Blida 1 University,Algeria,,Middle East & North Africa,Upper middle income,,,20.4,32.02920254586298,1.0,,11.225
U2380,Bolu Abant Izzet Baysal University,Turkey,,Europe & Central Asia,Upper middle income,,,22.1,26.095095469861473,9.0,,17.59166666666667
U2381,Bozok University,Turkey,,Europe & Central Asia,Upper middle income,,,14.4,63.38450018719581,5.0,,18.108333333333334
U2382,University of Brawijaya,Indonesia,,East Asia & Pacific,Lower middle income,,,14.4,63.38450018719581,1.0,,12.941666666666666
U2383,Burapha University,Thailand,,East Asia & Pacific,Upper middle income,,,17.4,45.56345937850992,2.0,,10.008333333333335
U2384,Bursa Technical University,Turkey,,Europe & Central Asia,Upper middle income,,,18.5,40.24709846499438,8.0,,18.150000000000002
U2385,Bursa Uludağ University,Turkey,,Europe & Central Asia,Upper middle income,,,24.2,20.74129539498315,10.0,,14.400000000000002
U2386,University of Caldas,Colombia,,Latin America & Caribbean,Upper middle income,,,58.2,1.029576937476595,0.0,,10.166666666666666
U2387,Çankırı Karatekin University,Turkey,,Europe & Central Asia,Upper middle income,,,19.9,34.18195432422314,20.0,,15.0
U2388,Catholic University of Brasília,Brazil,,Latin America & Caribbean,Upper middle income,,,22.6,24.766005241482592,0.0,,11.0
U2389,Catholic University of the North,Chile,,Latin America & Caribbean,High income: OECD,,,20.3,32.590789966304754,3.0,,20.950000000000003
U2390,Universidad Católica del Maule,Chile,,Latin America & Caribbean,High income: OECD,,,21.1,29.483339573193557,3.0,,15.858333333333334
U2391,Universidad Católica de la Santísima Concepción,Chile,,Latin America & Caribbean,High income: OECD,,,22.9,23.848745788094348,0.0,,18.233333333333334
U2392,University of Caxias do Sul,Brazil,,Latin America & Caribbean,Upper middle income,,,30.4,11.007113440658934,0.0,,10.4
U2393,Ceará State University,Brazil,,Latin America & Caribbean,Upper middle income,,,14.7,61.250467989517034,0.0,,10.358333333333334
U2394,Manisa Celal Bayar University,Turkey,,Europe & Central Asia,Upper middle income,,,17.9,43.20479221265444,3.0,,12.033333333333335
U2395,Centro Federal de Educação Tecnológica Celso Suckow da Fonseca (CEFET-RJ),Brazil,,Latin America & Caribbean,Upper middle income,,,21.0,29.85773118682141,0.0,,13.241666666666665
U2396,CES University,Colombia,,Latin America & Caribbean,Upper middle income,,,13.6,67.2407338075627,3.0,,7.725
U2397,College of Charleston,United States,,North America,High income: OECD,,,16.3,51.535005615874205,1.0,,17.275000000000002
U2398,Chelyabinsk State University,Russian Federation,,Europe & Central Asia,High income: nonOECD,,,24.3,20.47922126544366,2.0,,10.700000000000001
U2399,Chiba Institute of Technology,Japan,,East Asia & Pacific,High income: OECD,,,24.4,20.27330587794833,2.0,,10.55
U2400,Chinese Culture University,Taiwan,,,,,,23.5,22.61325346312243,6.0,,12.833333333333334
U2401,Université Chouaïb Doukkali,Morocco,,Middle East & North Africa,Lower middle income,,,34.5,7.300636465743171,2.0,,18.3
U2402,Chubu University,Japan,,East Asia & Pacific,High income: OECD,,,17.1,47.154623736428306,2.0,,13.566666666666668
U2403,Chuo University,Japan,,East Asia & Pacific,High income: OECD,,,35.6,6.40209659303631,4.0,,13.866666666666667
U2404,University of Colima,Mexico,,Latin America & Caribbean,Upper middle income,,,9.3,88.84312991388992,0.0,,9.833333333333334
U2405,Comillas Pontifical University,Spain,,Europe & Central Asia,High income: OECD,,,21.0,29.85773118682141,7.0,,20.116666666666667
U2406,Communication University of China,China,,East Asia & Pacific,Upper middle income,,,15.3,57.35679520778735,3.0,,16.55
U2407,Cracow University of Technology,Poland,,Europe & Central Asia,High income: OECD,,,12.2,75.2714339198802,5.0,,18.90833333333333
U2408,Damghan University,Iran,,Middle East & North Africa,Upper middle income,,,15.9,54.26806439535754,0.0,,17.900000000000002
U2409,University of Dar es Salaam,Tanzania,,Sub-Saharan Africa,Low income,,,21.1,29.483339573193557,0.0,,17.758333333333333
U2410,University for Development Studies,Ghana,,Sub-Saharan Africa,Lower middle income,,,27.4,14.900786222388618,0.0,,18.733333333333334
U2411,Dicle University,Turkey,,Europe & Central Asia,Upper middle income,,,17.5,45.05803070011232,4.0,,15.15
U2412,Dokkyo Medical University,Japan,,East Asia & Pacific,High income: OECD,,,1.2,99.66304754773493,1.0,,15.175
U2413,Dumlupinar University,Turkey,,Europe & Central Asia,Upper middle income,,,44.4,2.7892175215275206,19.0,,14.258333333333333
U2414,Dunarea de Jos University of Galati,Romania,,Europe & Central Asia,Upper middle income,,,16.0,53.463122426057666,22.0,,12.658333333333333
U2415,EAFIT University,Colombia,,Latin America & Caribbean,Upper middle income,,,18.8,38.581055784350426,1.0,,13.291666666666666
U2416,El Bosque University,Colombia,,Latin America & Caribbean,Upper middle income,,,6.8,95.80681392736803,2.0,,13.758333333333333
U2417,Erzincan Binali Yıldırım University,Turkey,,Europe & Central Asia,Upper middle income,,,21.9,26.900037439161363,4.0,,20.741666666666667
U2418,Eskişehir Osmangazi University,Turkey,,Europe & Central Asia,Upper middle income,,,17.5,45.05803070011232,7.0,,18.225
U2419,Universidade Estadual do Norte Fluminense Darcy Ribeiro,Brazil,,Latin America & Caribbean,Upper middle income,,,22.8,24.18569824035942,0.0,,15.358333333333334
U2420,Universidade Estadual de Maringá,Brazil,,Latin America & Caribbean,Upper middle income,,,12.2,75.2714339198802,0.0,,16.466666666666665
U2421,Universidade Estadual do Oeste do Paraná (Unioeste),Brazil,,Latin America & Caribbean,Upper middle income,,,9.9,86.42830400599027,0.0,,8.8
U2422,"Federal University of Agriculture, Abeokuta",Nigeria,,Sub-Saharan Africa,Lower middle income,,,26.5,16.15499812804193,0.0,,14.875000000000002
U2423,Universidade Federal de Ciências da Saúde de Porto Alegre (UFCSPA),Brazil,,Latin America & Caribbean,Upper middle income,,,11.6,78.45376263571696,1.0,,17.925
U2424,Federal University of Itajubá,Brazil,,Latin America & Caribbean,Upper middle income,,,17.3,46.106327218270316,1.0,,14.475000000000001
U2425,Universidade Federal de Juiz de Fora,Brazil,,Latin America & Caribbean,Upper middle income,,,16.6,49.812804193186075,0.0,,18.516666666666666
U2426,Universidade Federal do Maranhão (UFMA),Brazil,,Latin America & Caribbean,Upper middle income,,,19.2,37.28940471733433,0.0,,12.05
U2427,Federal University of Mato Grosso do Sul,Brazil,,Latin America & Caribbean,Upper middle income,,,15.0,59.06027704979409,1.0,,16.116666666666667
U2428,Universidade Federal de Ouro Preto (UFOP),Brazil,,Latin America & Caribbean,Upper middle income,,,16.3,51.535005615874205,1.0,,15.625
U2429,Federal University of Pará,Brazil,,Latin America & Caribbean,Upper middle income,,,17.7,44.04717334331711,0.0,,15.700000000000001
U2430,Federal Rural University of Pernambuco,Brazil,,Latin America & Caribbean,Upper middle income,,,12.3,74.69112691875702,0.0,,14.375
U2431,Universidade Federal Rural do Semi-Arido,Brazil,,Latin America & Caribbean,Upper middle income,,,12.4,74.11081991763385,0.0,,7.625000000000001
U2432,Universidade Federal de Sergipe,Brazil,,Latin America & Caribbean,Upper middle income,,,16.0,53.463122426057666,0.0,,21.23333333333333
U2433,Fluminense Federal University,Brazil,,Latin America & Caribbean,Upper middle income,,,20.8,30.381879445900417,1.0,,19.225
U2434,University of Fortaleza (UNIFOR),Brazil,,Latin America & Caribbean,Upper middle income,,,20.3,32.590789966304754,0.0,,19.483333333333338
U2435,Université Frères Mentouri Constantine 1,Algeria,,Middle East & North Africa,Upper middle income,,,16.2,52.09659303631599,1.0,,10.35
U2436,Universidad de las Fuerzas Armadas – ESPE,Ecuador,,Latin America & Caribbean,Upper middle income,,,14.5,62.67315612130289,1.0,,9.850000000000001
U2437,University of Fukui,Japan,,East Asia & Pacific,High income: OECD,,,7.6,93.99101460127292,2.0,,14.066666666666666
U2438,Fukuoka University,Japan,,East Asia & Pacific,High income: OECD,,,8.7,91.18307749906403,1.0,,13.116666666666665
U2439,Université de Gabès,Tunisia,,Middle East & North Africa,Upper middle income,,,12.4,74.11081991763385,1.0,,17.525000000000002
U2440,Gaziantep University,Turkey,,Europe & Central Asia,Upper middle income,,,38.1,4.941969299887683,12.0,,20.05
U2441,Gheorghe Asachi Technical University of Iaşi,Romania,,Europe & Central Asia,Upper middle income,,,20.8,30.381879445900417,9.0,,15.266666666666667
U2442,GITAM University,India,,South Asia,Lower middle income,,,13.9,65.87420441782103,1.0,,14.091666666666667
U2443,Goa University,India,,South Asia,Lower middle income,,,11.8,77.51778360164732,3.0,,16.816666666666666
U2444,Grigore T. Popa University of Medicine and Pharmacy,Romania,,Europe & Central Asia,Upper middle income,,,10.8,82.01048296518158,26.0,,13.766666666666667
U2445,University of Guadalajara,Mexico,,Latin America & Caribbean,Upper middle income,,,19.3,37.06476974915762,0.0,,10.841666666666667
U2446,University of Guanajuato,Mexico,,Latin America & Caribbean,Upper middle income,,,21.4,28.491201797079746,2.0,,11.008333333333335
U2447,Gubkin Russian State University of Oil and Gas,Russian Federation,,Europe & Central Asia,High income: nonOECD,,,12.2,75.2714339198802,7.0,,11.333333333333334
U2448,Hasanuddin University,Indonesia,,East Asia & Pacific,Lower middle income,,,16.6,49.812804193186075,0.0,,17.28333333333333
U2449,Université Hassan 1er,Morocco,,Middle East & North Africa,Lower middle income,,,88.2,0.41183077499064025,2.0,,14.008333333333333
U2450,Hassiba Benbouali University of Chlef,Algeria,,Middle East & North Africa,Upper middle income,,,22.0,26.46948708348933,1.0,,15.8
U2451,University of Havana,Cuba,,Latin America & Caribbean,Upper middle income,,,9.0,90.00374391613629,5.0,,11.383333333333335
U2452,Hellenic Open University,Greece,,Europe & Central Asia,High income: OECD,,,6.8,95.80681392736803,1.0,,19.208333333333336
U2453,Herzen State Pedagogical University of Russia,Russian Federation,,Europe & Central Asia,High income: nonOECD,,,15.4,56.77648820666417,18.0,,10.791666666666666
U2454,Hindustan Institute of Technology and Science,India,,South Asia,Lower middle income,,,11.3,79.95132909022837,1.0,,19.425000000000004
U2455,Hitit University,Turkey,,Europe & Central Asia,Upper middle income,,,22.6,24.766005241482592,4.0,,12.008333333333335
U2456,Hosei University,Japan,,East Asia & Pacific,High income: OECD,,,37.7,5.204043429427186,5.0,,20.583333333333332
U2457,University of Hyogo,Japan,,East Asia & Pacific,High income: OECD,,,12.4,74.11081991763385,3.0,,12.616666666666665
U2458,Ibaraki University,Japan,,East Asia & Pacific,High income: OECD,,,14.8,60.61400224634967,3.0,,12.375
U2459,Universidad Industrial de Santander (UIS),Colombia,,Latin America & Caribbean,Upper middle income,,,23.4,22.912766754024705,1.0,,11.950000000000001
U2460,Industrial University of Tyumen,Russian Federation,,Europe & Central Asia,High income: nonOECD,,,11.4,79.44590041183078,6.0,,10.733333333333333
U2461,Inönü University,Turkey,,Europe & Central Asia,Upper middle income,,,22.2,25.795582178959187,3.0,,14.441666666666666
U2462,International Hellenic University,Greece,,Europe & Central Asia,High income: OECD,,,38.0,5.035567203294644,2.0,,20.691666666666666
U2463,Irkutsk National Research Technical University,Russian Federation,,Europe & Central Asia,High income: nonOECD,,,10.6,83.05877948333958,13.0,,15.35
U2464,Islamic University of Indonesia,Indonesia,,East Asia & Pacific,Lower middle income,,,26.5,16.15499812804193,4.0,,10.866666666666667
U2465,Istanbul Aydın University,Turkey,,Europe & Central Asia,Upper middle income,,,26.3,16.622987645076748,13.0,,18.825
U2466,Istanbul Medipol University,Turkey,,Europe & Central Asia,Upper middle income,,,20.0,33.78884312991389,16.0,,20.05833333333333
U2467,Ivanovo State University of Chemistry and Technology,Russian Federation,,Europe & Central Asia,High income: nonOECD,,,16.8,48.68962935230251,6.0,,8.575
U2468,Iwate University,Japan,,East Asia & Pacific,High income: OECD,,,13.6,67.2407338075627,3.0,,11.783333333333333
U2469,Izmir University of Economics,Turkey,,Europe & Central Asia,Upper middle income,,,14.7,61.250467989517034,2.0,,21.825000000000003
U2470,Jan Evangelista Purkyně University,Czech Republic,,Europe & Central Asia,High income: OECD,,,17.7,44.04717334331711,3.0,,14.308333333333335
U2471,Jan Kochanowski University in Kielce,Poland,,Europe & Central Asia,High income: OECD,,,11.2,80.49419692998877,3.0,,12.133333333333333
U2472,Jean Moulin University – Lyon 3,France,,Europe & Central Asia,High income: OECD,,,39.0,4.623736428304004,18.0,,13.600000000000001
U2473,Jember University,Indonesia,,East Asia & Pacific,Lower middle income,,,30.2,11.119430924747286,0.0,,14.891666666666666
U2474,Jianghan University,China,,East Asia & Pacific,Upper middle income,,,15.1,58.36765256458255,1.0,,16.86666666666667
U2475,University of Jijel,Algeria,,Middle East & North Africa,Upper middle income,,,22.4,25.32759266192437,0.0,,10.425
U2476,Kanagawa University,Japan,,East Asia & Pacific,High income: OECD,,,14.5,62.67315612130289,4.0,,9.591666666666669
U2477,Kanazawa Medical University,Japan,,East Asia & Pacific,High income: OECD,,,2.1,99.25121677274429,1.0,,13.158333333333333
U2478,Kansai University,Japan,,East Asia & Pacific,High income: OECD,,,12.3,74.69112691875702,4.0,,7.883333333333335
U2479,Karadeniz Technical University,Turkey,,Europe & Central Asia,Upper middle income,,,14.0,65.27517783601647,5.0,,17.475
U2480,Université Kasdi Merbah Ouargla,Algeria,,Middle East & North Africa,Upper middle income,,,26.4,16.435791838262826,0.0,,11.683333333333334
U2481,Kastamonu University,Turkey,,Europe & Central Asia,Upper middle income,,,36.8,5.82178959191314,12.0,,21.68333333333333
U2482,Kazan National Research Technical University,Russian Federation,,Europe & Central Asia,High income: nonOECD,,,16.7,49.2137776113815,12.0,,16.675
U2483,Kazan State Medical University,Russian Federation,,Europe & Central Asia,High income: nonOECD,,,10.7,82.4971920628978,31.0,,9.05
U2484,University of Kelaniya,Sri Lanka,,South Asia,Lower middle income,,,15.6,55.803070011231746,3.0,,9.725
U2485,Kemerovo State University,Russian Federation,,Europe & Central Asia,High income: nonOECD,,,18.5,40.24709846499438,7.0,,9.475
U2486,University of Kerbala,Iraq,,Middle East & North Africa,Upper middle income,,,15.8,54.867090977162114,0.0,,8.95
U2487,King Mongkut’s Institute of Technology Ladkrabang,Thailand,,East Asia & Pacific,Upper middle income,,,23.0,23.567952077873457,1.0,,21.35833333333333
U2488,Kirikkale University,Turkey,,Europe & Central Asia,Upper middle income,,,47.7,2.0217147135904168,1.0,,18.133333333333333
U2489,Kırşehir Ahi Evran University,Turkey,,Europe & Central Asia,Upper middle income,,,24.6,19.786596780232124,17.0,,13.383333333333333
U2490,Kocaeli University,Turkey,,Europe & Central Asia,Upper middle income,,,47.2,2.0965930363159857,2.0,,14.866666666666667
U2491,Kochi University,Japan,,East Asia & Pacific,High income: OECD,,,8.3,92.30625233994758,1.0,,16.258333333333333
U2492,Kochi University of Technology,Japan,,East Asia & Pacific,High income: OECD,,,20.3,32.590789966304754,2.0,,15.725000000000001
U2493,Kogakuin University,Japan,,East Asia & Pacific,High income: OECD,,,18.3,41.276675402470985,2.0,,17.550000000000004
U2494,Universiti Kuala Lumpur,Malaysia,,East Asia & Pacific,Upper middle income,,,11.9,76.97491576188693,5.0,,15.375
U2495,Kyoto Sangyo University,Japan,,East Asia & Pacific,High income: OECD,,,21.9,26.900037439161363,2.0,,11.516666666666667
U2496,Ladoke Akintola University of Technology,Nigeria,,Sub-Saharan Africa,Lower middle income,,,53.1,1.4975664545114231,0.0,,18.141666666666666
U2497,University of Laghouat,Algeria,,Middle East & North Africa,Upper middle income,,,29.8,11.531261699737927,0.0,,12.183333333333334
U2498,Lagos State University,Nigeria,,Sub-Saharan Africa,Lower middle income,,,35.6,6.40209659303631,0.0,,15.966666666666667
U2499,Lahore College for Women University (LCWU),Pakistan,,South Asia,Lower middle income,,,21.3,28.828154249344816,0.0,,21.266666666666666
U2500,Latvia University of Life Sciences and Technologies,Latvia,,Europe & Central Asia,High income: nonOECD,,,21.3,28.828154249344816,4.0,,16.675
U2501,University of Life Sciences in Lublin,Poland,,Europe & Central Asia,High income: OECD,,,11.6,78.45376263571696,2.0,,19.45
U2502,L.N. Gumilyov Eurasian National University,Kazakhstan,,Europe & Central Asia,Upper middle income,,,13.5,67.83976038936727,4.0,,15.558333333333335
U2503,Lobachevsky State University of Nizhni Novgorod,Russian Federation,,Europe & Central Asia,High income: nonOECD,,,10.6,83.05877948333958,12.0,,13.941666666666665
U2504,Londrina State University,Brazil,,Latin America & Caribbean,Upper middle income,,,10.9,81.50505428678397,1.0,,17.558333333333334
U2505,University of Los Lagos,Chile,,Latin America & Caribbean,High income: OECD,,,17.4,45.56345937850992,0.0,,18.975
U2506,University of Lucknow,India,,South Asia,Lower middle income,,,29.4,12.354923249719207,2.0,,17.05
U2507,University of Macerata (UNIMC),Italy,,Europe & Central Asia,High income: OECD,,,27.0,15.40621490078622,4.0,,20.808333333333334
U2508,Mackenzie Presbyterian University,Brazil,,Latin America & Caribbean,Upper middle income,,,28.1,13.815050542867835,0.0,,11.466666666666667
U2509,Mahasarakham University,Thailand,,East Asia & Pacific,Upper middle income,,,30.2,11.119430924747286,2.0,,9.333333333333334
U2510,Universiti Malaysia Kelantan,Malaysia,,East Asia & Pacific,Upper middle income,,,19.9,34.18195432422314,3.0,,21.166666666666668
U2511,Maria Curie-Skłodowska University (UMCS),Poland,,Europe & Central Asia,High income: OECD,,,11.7,77.94833395731936,9.0,,20.59166666666667
U2512,University of Mascara,Algeria,,Middle East & North Africa,Upper middle income,,,23.8,21.86447023586672,0.0,,17.458333333333332
U2513,Matej Bel University,Slovakia,,Europe & Central Asia,High income: OECD,,,14.2,64.30175964058404,10.0,,14.566666666666668
U2514,Universidad Mayor,Chile,,Latin America & Caribbean,High income: OECD,,,12.1,75.739423436915,1.0,,17.266666666666666
U2515,Meijo University,Japan,,East Asia & Pacific,High income: OECD,,,30.7,10.688880569075254,1.0,,11.891666666666667
U2516,M’Hamed Bougara University of Boumerdès,Algeria,,Middle East & North Africa,Upper middle income,,,22.6,24.766005241482592,1.0,,13.600000000000001
U2517,Middle Technical University,Iraq,,Middle East & North Africa,Upper middle income,,,33.6,7.899663047547733,0.0,,14.250000000000002
U2518,Ming Chuan University,Taiwan,,,,,,21.6,27.94833395731936,11.0,,16.416666666666668
U2519,University of Miyazaki,Japan,,East Asia & Pacific,High income: OECD,,,7.4,94.51516286035194,3.0,,17.008333333333333
U2520,University Mohamed Boudiaf of M’Sila,Algeria,,Middle East & North Africa,Upper middle income,,,17.7,44.04717334331711,1.0,,9.658333333333333
U2521,Université Mohammed Premier,Morocco,,Middle East & North Africa,Lower middle income,,,82.1,0.4492699363534247,1.0,,19.775000000000002
U2522,University of Montenegro,Montenegro,,Europe & Central Asia,Upper middle income,,,20.3,32.590789966304754,2.0,,17.266666666666666
U2523,Moscow Polytechnic University,Russian Federation,,Europe & Central Asia,High income: nonOECD,,,16.0,53.463122426057666,13.0,,10.591666666666669
U2524,Moscow State University of Civil Engineering,Russian Federation,,Europe & Central Asia,High income: nonOECD,,,13.3,69.18757019842757,7.0,,17.308333333333334
U2525,University of Mosul,Iraq,,Middle East & North Africa,Upper middle income,,,20.2,33.11493822538375,0.0,,12.566666666666666
U2526,Moulay Ismail University,Morocco,,Middle East & North Africa,Lower middle income,,,71.0,0.5615874204417781,0.0,,22.35
U2527,Université Mouloud Mammeri de Tizi-Ouzou,Algeria,,Middle East & North Africa,Upper middle income,,,20.8,30.381879445900417,0.0,,7.183333333333333
U2528,Muroran Institute of Technology,Japan,,East Asia & Pacific,High income: OECD,,,20.5,31.542493448146757,6.0,,15.724999999999998
U2529,University of Mysore,India,,South Asia,Lower middle income,,,25.8,17.63384500187196,8.0,,14.916666666666666
U2530,Nara Women’s University,Japan,,East Asia & Pacific,High income: OECD,,,8.7,91.18307749906403,5.0,,12.283333333333333
U2531,National Aviation University,Ukraine,,Europe & Central Asia,Lower middle income,,,9.8,86.95245226506927,5.0,,19.741666666666667
U2532,National Chiayi University,Taiwan,,,,,,22.5,24.990640209659297,3.0,,16.974999999999998
U2533,National Chi Nan University,Taiwan,,,,,,14.7,61.250467989517034,9.0,,16.275000000000002
U2534,National University of Córdoba,Argentina,,Latin America & Caribbean,Upper middle income,,,16.9,48.221639835267695,1.0,,14.341666666666669
U2535,National University of Costa Rica,Costa Rica,,Latin America & Caribbean,Upper middle income,,,11.0,81.14938225383752,3.0,,10.75
U2536,National Formosa University,Taiwan,,,,,,19.5,36.09135155372519,1.0,,10.325000000000001
U2537,National Ilan University,Taiwan,,,,,,23.8,21.86447023586672,2.0,,18.141666666666666
U2538,National University of Kaohsiung,Taiwan,,,,,,25.0,19.075252714339197,4.0,,14.375
U2539,National University of Medical Sciences (NUMS),Pakistan,,South Asia,Lower middle income,,,4.6,98.03444402845376,3.0,,9.375
U2540,National University of San Martín,Argentina,,Latin America & Caribbean,Upper middle income,,,16.3,51.535005615874205,5.0,,17.45
U2541,National Taichung University of Science and Technology,Taiwan,,,,,,12.3,74.69112691875702,1.0,,18.166666666666664
U2542,National United University,Taiwan,,,,,,20.6,31.093223511793333,1.0,,13.366666666666667
U2543,NED University of Engineering and Technology,Pakistan,,South Asia,Lower middle income,,,24.0,21.359041557469116,0.0,,15.891666666666667
U2544,Universitas Negeri Surabaya,Indonesia,,East Asia & Pacific,Lower middle income,,,28.0,13.983526769000376,1.0,,16.583333333333332
U2545,Nizhny Novgorod State Technical University,Russian Federation,,Europe & Central Asia,High income: nonOECD,,,14.7,61.250467989517034,4.0,,10.116666666666665
U2546,Nnamdi Azikiwe University,Nigeria,,Sub-Saharan Africa,Lower middle income,,,15.9,54.26806439535754,0.0,,14.991666666666665
U2547,North-Caucasus Federal University,Russian Federation,,Europe & Central Asia,High income: nonOECD,,,8.0,93.14863347061025,11.0,,9.041666666666666
U2548,"University of the North, Colombia",Colombia,,Latin America & Caribbean,Upper middle income,,,17.3,46.106327218270316,0.0,,18.416666666666668
U2549,North-Eastern Federal University,Russian Federation,,Europe & Central Asia,High income: nonOECD,,,12.2,75.2714339198802,4.0,,10.558333333333332
U2550,Northern (Arctic) Federal University named after M.V. Lomonosov,Russian Federation,,Europe & Central Asia,High income: nonOECD,,,14.9,59.86521901909397,9.0,,9.683333333333334
U2551,North-Western State Medical University named after I.I. Mechnikov,Russian Federation,,Europe & Central Asia,High income: nonOECD,,,5.4,97.49157618869337,11.0,,8.925
U2552,Nosov Magnitogorsk State Technical University,Russian Federation,,Europe & Central Asia,High income: nonOECD,,,13.4,68.43878697117185,4.0,,9.883333333333333
U2553,Universidade Nove de Julho (Uninove),Brazil,,Latin America & Caribbean,Upper middle income,,,23.6,22.36989891426432,1.0,,8.725
U2554,Nueva Granada Military University,Colombia,,Latin America & Caribbean,Upper middle income,,,9.7,87.40172220142269,0.0,,6.875
U2555,Obafemi Awolowo University,Nigeria,,Sub-Saharan Africa,Lower middle income,,,22.5,24.990640209659297,0.0,,20.508333333333333
U2556,Ogarev Mordovia State University,Russian Federation,,Europe & Central Asia,High income: nonOECD,,,11.6,78.45376263571696,17.0,,7.783333333333333
U2557,Oita University,Japan,,East Asia & Pacific,High income: OECD,,,8.5,91.65106701609884,2.0,,14.75
U2558,Niğde Ömer Halisdemir University,Turkey,,Europe & Central Asia,Upper middle income,,,20.1,33.43317109696743,5.0,,15.691666666666666
U2559,Omsk State Technical University,Russian Federation,,Europe & Central Asia,High income: nonOECD,,,14.0,65.27517783601647,13.0,,7.941666666666666
U2560,Ondokuz Mayis University,Turkey,,Europe & Central Asia,Upper middle income,,,18.3,41.276675402470985,14.0,,15.899999999999999
U2561,Oran 1 University,Algeria,,Middle East & North Africa,Upper middle income,,,21.9,26.900037439161363,1.0,,10.75
U2562,Ordu University,Turkey,,Europe & Central Asia,Upper middle income,,,18.7,39.04904530138524,0.0,,14.175000000000002
U2563,Osaka Institute of Technology,Japan,,East Asia & Pacific,High income: OECD,,,35.4,6.5518532384874595,1.0,,17.508333333333333
U2564,Osaka Medical and Pharmaceutical University,Japan,,East Asia & Pacific,High income: OECD,,,5.5,97.37925870460502,1.0,,17.224999999999998
U2565,Ovidius University of Constanța,Romania,,Europe & Central Asia,Upper middle income,,,12.5,73.66154998128043,7.0,,9.366666666666665
U2566,Pamukkale University,Turkey,,Europe & Central Asia,Upper middle income,,,22.0,26.46948708348933,3.0,,12.5
U2567,Pavlov First Saint Petersburg State Medical University,Russian Federation,,Europe & Central Asia,High income: nonOECD,,,7.0,95.50730063646574,14.0,,11.45
U2568,Payame Noor University,Iran,,Middle East & North Africa,Upper middle income,,,120.3,0.14975664545113787,1.0,,16.183333333333337
U2569,Pedagogical and Technological University of Colombia,Colombia,,Latin America & Caribbean,Upper middle income,,,16.0,53.463122426057666,0.0,,6.658333333333334
U2570,University of the Peloponnese,Greece,,Europe & Central Asia,High income: OECD,,,39.4,4.286783976038933,1.0,,19.391666666666666
U2571,Penza State University,Russian Federation,,Europe & Central Asia,High income: nonOECD,,,17.2,46.63047547734931,12.0,,8.325
U2572,Perm National Research Polytechnic University,Russian Federation,,Europe & Central Asia,High income: nonOECD,,,10.2,85.00561587420442,9.0,,11.941666666666666
U2573,Perm State University,Russian Federation,,Europe & Central Asia,High income: nonOECD,,,12.0,76.3010108573568,5.0,,10.708333333333334
U2574,University of Pernambuco,Brazil,,Latin America & Caribbean,Upper middle income,,,16.9,48.221639835267695,0.0,,12.341666666666667
U2575,Universidad Peruana de Ciencias Aplicadas (UPC),Peru,,Latin America & Caribbean,Upper middle income,,,21.1,29.483339573193557,1.0,,9.283333333333333
U2576,University of Phayao,Thailand,,East Asia & Pacific,Upper middle income,,,17.1,47.154623736428306,0.0,,21.85833333333333
U2577,Universidad Politécnica Salesiana,Ecuador,,Latin America & Caribbean,Upper middle income,,,24.2,20.74129539498315,1.0,,11.208333333333334
U2578,Polytechnic University of Bucharest,Romania,,Europe & Central Asia,Upper middle income,,,23.2,23.268438786971167,4.0,,18.65
U2579,Polytechnic University of Timişoara,Romania,,Europe & Central Asia,Upper middle income,,,18.7,39.04904530138524,3.0,,20.016666666666666
U2580,Pontifical Catholic University of Minas Gerais,Brazil,,Latin America & Caribbean,Upper middle income,,,36.0,6.196181205540996,1.0,,12.325
U2581,Universidad Pontificia Bolivariana (UPB),Colombia,,Latin America & Caribbean,Upper middle income,,,10.6,83.05877948333958,2.0,,10.433333333333334
U2582,Pontificia Universidad Católica del Ecuador,Ecuador,,Latin America & Caribbean,Upper middle income,,,25.4,18.476226132534634,1.0,,11.45
U2583,University of Port Harcourt,Nigeria,,Sub-Saharan Africa,Lower middle income,,,17.1,47.154623736428306,0.0,,14.816666666666668
U2584,Prague University of Economics and Business,Czech Republic,,Europe & Central Asia,High income: OECD,,,29.1,12.748034444028455,27.0,,20.191666666666666
U2585,University of Prishtina,Kosovo,,Europe & Central Asia,Lower middle income,,,31.4,10.071134406589287,1.0,,11.950000000000001
U2586,Privolzhsky Research Medical University,Russian Federation,,Europe & Central Asia,High income: nonOECD,,,10.3,84.5001871958068,23.0,,7.941666666666666
U2587,PSG College of Technology,India,,South Asia,Lower middle income,,,14.2,64.30175964058404,0.0,,17.441666666666666
U2588,Recep Tayyip Erdoğan University,Turkey,,Europe & Central Asia,Upper middle income,,,16.9,48.221639835267695,4.0,,15.499999999999998
U2589,REVA University,India,,South Asia,Lower middle income,,,18.7,39.04904530138524,1.0,,20.400000000000002
U2590,Riga Stradiņš University,Latvia,,Europe & Central Asia,High income: nonOECD,,,21.8,27.293148633470608,29.0,,19.008333333333336
U2591,R V College of Engineering,India,,South Asia,Lower middle income,,,14.9,59.86521901909397,0.0,,17.691666666666666
U2592,Ryukoku University,Japan,,East Asia & Pacific,High income: OECD,,,27.7,14.395357543991016,2.0,,11.183333333333332
U2593,University of the Ryukyus,Japan,,East Asia & Pacific,High income: OECD,,,9.9,86.42830400599027,2.0,,17.64166666666667
U2594,Rzeszów University of Technology,Poland,,Europe & Central Asia,High income: OECD,,,11.6,78.45376263571696,1.0,,17.433333333333337
U2595,University of La Sabana,Colombia,,Latin America & Caribbean,Upper middle income,,,17.1,47.154623736428306,2.0,,14.566666666666668
U2596,Saga University,Japan,,East Asia & Pacific,High income: OECD,,,9.8,86.95245226506927,2.0,,17.541666666666664
U2597,Samara State Technical University,Russian Federation,,Europe & Central Asia,High income: nonOECD,,,16.0,53.463122426057666,5.0,,10.725
U2598,San Sebastián University,Chile,,Latin America & Caribbean,High income: OECD,,,19.8,34.66866342193935,0.0,,10.408333333333333
U2599,"University of Santiago, Chile (USACH)",Chile,,Latin America & Caribbean,High income: OECD,,,20.8,30.381879445900417,2.0,,21.400000000000002
U2600,Saratov State Medical University,Russian Federation,,Europe & Central Asia,High income: nonOECD,,,6.6,96.1437663796331,12.0,,7.783333333333333
U2601,University of Sciences and Technology Houari Boumediene,Algeria,,Middle East & North Africa,Upper middle income,,,19.5,36.09135155372519,0.0,,9.65
U2602,University of Science and Technology of Oran Mohamed-Boudiaf,Algeria,,Middle East & North Africa,Upper middle income,,,9.6,87.81355297641333,1.0,,7.833333333333332
U2603,SGH Warsaw School of Economics,Poland,,Europe & Central Asia,High income: OECD,,,16.5,50.33695245226507,13.0,,18.90833333333333
U2604,Shahed University,Iran,,Middle East & North Africa,Upper middle income,,,15.8,54.867090977162114,0.0,,18.008333333333333
U2605,Shimane University,Japan,,East Asia & Pacific,High income: OECD,,,8.2,92.62448521153127,3.0,,15.625
U2606,Shizuoka University,Japan,,East Asia & Pacific,High income: OECD,,,14.5,62.67315612130289,4.0,,17.458333333333332
U2607,University of Shizuoka,Japan,,East Asia & Pacific,High income: OECD,,,11.5,78.99663047547735,3.0,,13.858333333333333
U2608,Reshetnev Siberian State University of Science and Technology,Russian Federation,,Europe & Central Asia,High income: nonOECD,,,22.9,23.848745788094348,3.0,,11.366666666666667
U2609,Siberian State Medical University,Russian Federation,,Europe & Central Asia,High income: nonOECD,,,10.6,83.05877948333958,21.0,,7.016666666666667
U2610,Sichuan University of Science and Engineering,China,,East Asia & Pacific,Upper middle income,,,22.9,23.848745788094348,1.0,,15.983333333333334
U2611,University of Sistan and Baluchestan,Iran,,Middle East & North Africa,Upper middle income,,,19.6,35.49232497192063,1.0,,17.650000000000002
U2612,Sivas Cumhuriyet University,Turkey,,Europe & Central Asia,Upper middle income,,,32.4,8.873081242980152,8.0,,16.416666666666668
U2613,Sofia University,Bulgaria,,Europe & Central Asia,Upper middle income,,,7.5,94.21564956944964,7.0,,16.866666666666667
U2614,University of Sonora,Mexico,,Latin America & Caribbean,Upper middle income,,,26.0,17.184575065518537,1.0,,10.566666666666666
U2615,Southwest State University,Russian Federation,,Europe & Central Asia,High income: nonOECD,,,13.4,68.43878697117185,11.0,,11.283333333333333
U2616,Srinakharinwirot University,Thailand,,East Asia & Pacific,Upper middle income,,,18.9,38.169225009359785,1.0,,12.241666666666667
U2617,Universitas Sriwijaya,Indonesia,,East Asia & Pacific,Lower middle income,,,24.7,19.5806813927368,0.0,,12.791666666666668
U2618,Saints Cyril and Methodius University in Skopje,North Macedonia,,Europe & Central Asia,Upper middle income,,,13.5,67.83976038936727,5.0,,16.21666666666667
U2619,State University of Bahia,Brazil,,Latin America & Caribbean,Upper middle income,,,11.9,76.97491576188693,0.0,,6.7250000000000005
U2620,State University of Ponta Grossa,Brazil,,Latin America & Caribbean,Upper middle income,,,8.9,90.49045301385249,0.0,,14.133333333333335
U2621,State University of Santa Cruz,Brazil,,Latin America & Caribbean,Upper middle income,,,9.8,86.95245226506927,2.0,,11.299999999999999
U2622,Süleyman Demirel University,Turkey,,Europe & Central Asia,Upper middle income,,,32.3,8.985398727068517,5.0,,18.175
U2623,Université Sultan Moulay Slimane,Morocco,,Middle East & North Africa,Lower middle income,,,56.2,1.1980531636091363,0.0,,18.175
U2624,Tamil Nadu Agricultural University,India,,South Asia,Lower middle income,,,9.3,88.84312991388992,0.0,,12.25
U2625,Technical University of Sofia,Bulgaria,,Europe & Central Asia,Upper middle income,,,9.7,87.40172220142269,9.0,,16.558333333333334
U2626,Technological University of Pereira,Colombia,,Latin America & Caribbean,Upper middle income,,,17.8,43.5604642456009,0.0,,8.850000000000001
U2627,Universidad Técnica Particular de Loja,Ecuador,,Latin America & Caribbean,Upper middle income,,,29.3,12.54211905653313,1.0,,9.566666666666668
U2628,Universidade Tecnológica Federal do Paraná (UTFPR),Brazil,,Latin America & Caribbean,Upper middle income,,,15.3,57.35679520778735,1.0,,15.241666666666667
U2629,Teikyo University,Japan,,East Asia & Pacific,High income: OECD,,,16.0,53.463122426057666,5.0,,21.53333333333333
U2630,Universiti Teknologi MARA,Malaysia,,East Asia & Pacific,Upper middle income,,,16.3,51.535005615874205,1.0,,20.491666666666667
U2631,Temuco Catholic University,Chile,,Latin America & Caribbean,High income: OECD,,,11.1,80.88730812429802,0.0,,11.416666666666666
U2632,Tokat Gaziosmanpaşa University,Turkey,,Europe & Central Asia,Upper middle income,,,15.2,57.88094346686634,9.0,,19.058333333333334
U2633,Tokyo University of Agriculture,Japan,,East Asia & Pacific,High income: OECD,,,32.2,9.09771621115687,2.0,,13.183333333333332
U2634,Tokyo City University,Japan,,East Asia & Pacific,High income: OECD,,,26.8,15.574691126918761,2.0,,12.791666666666666
U2635,Tokyo Denki University,Japan,,East Asia & Pacific,High income: OECD,,,28.7,13.084986896293527,3.0,,10.291666666666666
U2636,Tomsk State University of Control Systems and Radioelectronics,Russian Federation,,Europe & Central Asia,High income: nonOECD,,,12.1,75.739423436915,14.0,,14.291666666666666
U2637,Tottori University,Japan,,East Asia & Pacific,High income: OECD,,,8.0,93.14863347061025,2.0,,16.69166666666667
U2638,Toyama Prefectural University,Japan,,East Asia & Pacific,High income: OECD,,,9.5,88.22538375140397,2.0,,9.5
U2639,Toyo University,Japan,,East Asia & Pacific,High income: OECD,,,23.5,22.61325346312243,5.0,,8.991666666666667
U2640,Tula State University,Russian Federation,,Europe & Central Asia,High income: nonOECD,,,35.0,6.851366529389747,3.0,,7.375
U2641,Ufa University of Science and Technology,Russian Federation,,Europe & Central Asia,High income: nonOECD,,,12.6,73.23099962560839,5.0,,9.325
U2642,Ufa State Petroleum Technological University,Russian Federation,,Europe & Central Asia,High income: nonOECD,,,8.2,92.62448521153127,11.0,,11.791666666666668
U2643,Uşak University,Turkey,,Europe & Central Asia,Upper middle income,,,27.4,14.900786222388618,11.0,,12.025
U2644,Utsunomiya University,Japan,,East Asia & Pacific,High income: OECD,,,13.7,66.7540247098465,4.0,,11.141666666666666
U2645,Uzhhorod National University,Ukraine,,Europe & Central Asia,Lower middle income,,,11.3,79.95132909022837,13.0,,7.15
U2646,University of Valparaíso,Chile,,Latin America & Caribbean,High income: OECD,,,19.0,37.776113815050536,2.0,,16.283333333333335
U2647,Van Yüzüncü Yil University,Turkey,,Europe & Central Asia,Upper middle income,,,17.5,45.05803070011232,3.0,,21.34166666666667
U2648,Instituto Politécnico de Viana do Castelo,Portugal,,Europe & Central Asia,High income: OECD,,,19.8,34.66866342193935,10.0,,20.349999999999998
U2649,Vietnam National University (Ho Chi Minh City),Vietnam,,East Asia & Pacific,Lower middle income,,,24.5,20.029951329090224,1.0,,17.408333333333335
U2650,"Vignan’s Foundation for Science, Technology and Research",India,,South Asia,Lower middle income,,,11.3,79.95132909022837,1.0,,19.433333333333334
U2651,V.I. Vernadsky Crimean Federal University (Vernadsky CFU),Ukraine,,Europe & Central Asia,Lower middle income,,,12.5,73.66154998128043,9.0,,8.941666666666668
U2652,Volgograd State Technical University,Russian Federation,,Europe & Central Asia,High income: nonOECD,,,13.9,65.87420441782103,10.0,,14.966666666666669
U2653,Voronezh State Technical University,Russian Federation,,Europe & Central Asia,High income: nonOECD,,,13.5,67.83976038936727,6.0,,17.375000000000004
U2654,University of West Attica,Greece,,Europe & Central Asia,High income: OECD,,,37.9,5.110445526020213,0.0,,20.116666666666667
U2655,Yanshan University,China,,East Asia & Pacific,Upper middle income,,,13.4,68.43878697117185,1.0,,21.2
U2656,Yeditepe University,Turkey,,Europe & Central Asia,Upper middle income,,,27.5,14.732309996256088,6.0,,14.566666666666668
U2657,Universitas Negeri Yogyakarta,Indonesia,,East Asia & Pacific,Lower middle income,,,16.3,51.535005615874205,1.0,,18.125
U2658,Zonguldak Bülent Ecevit University,Turkey,,Europe & Central Asia,Upper middle income,,,22.4,25.32759266192437,8.0,,15.533333333333335
U2659,Abbes Laghrour University of Khenchala,Algeria,,Middle East & North Africa,Upper middle income,,,26.1,16.959940097341818,0.0,,
U2660,Abbottabad University of Science and Technology,Pakistan,,South Asia,Lower middle income,,,13.3,69.18757019842757,0.0,,
U2661,Abdelhafid Boussouf University Center of Mila,Algeria,,Middle East & North Africa,Upper middle income,,,24.9,19.206289779108943,0.0,,
U2662,Abdullah Gül University,Turkey,,Europe & Central Asia,Upper middle income,,,22.5,24.990640209659297,9.0,,
U2663,Abertay University,United Kingdom,,Europe & Central Asia,High income: OECD,,,23.4,22.912766754024705,21.0,,
U2664,Abia State University,Nigeria,,Sub-Saharan Africa,Lower middle income,,,45.8,2.358667165855488,0.0,,
U2665,Abrar University,Somalia,,Sub-Saharan Africa,Low income,,,5.5,97.37925870460502,0.0,,
U2666,Ada Kent University,Northern Cyprus,,,,,,1.0,99.70048670909772,19.0,,
U2667,Adventist University of Central Africa,Rwanda,,Sub-Saharan Africa,Low income,,,31.7,9.715462373642836,11.0,,
U2668,AECC University College,United Kingdom,,Europe & Central Asia,High income: OECD,,,19.5,36.09135155372519,39.0,,
U2669,University Center of Aflou,Algeria,,Middle East & North Africa,Upper middle income,,,23.7,22.107824784724826,0.0,,
U2670,University of Agronomic Sciences and Veterinary Medicine of Bucharest,Romania,,Europe & Central Asia,Upper middle income,,,16.7,49.2137776113815,3.0,,
U2671,Universitas Ahmad Dahlan,Indonesia,,East Asia & Pacific,Lower middle income,,,34.6,7.13216023961063,1.0,,
U2672,University of Ahmed Draia,Algeria,,Middle East & North Africa,Upper middle income,,,28.0,13.983526769000376,0.0,,
U2673,Aichi Prefectural University,Japan,,East Asia & Pacific,High income: OECD,,,15.4,56.77648820666417,1.0,,
U2674,Université d’Ain Témouchent,Algeria,,Middle East & North Africa,Upper middle income,,,17.2,46.63047547734931,1.0,,
U2675,Ajeenkya DY Patil University,India,,South Asia,Lower middle income,,,15.8,54.867090977162114,1.0,,
U2676,Akhmet Yassawi University,Kazakhstan,,Europe & Central Asia,Upper middle income,,,8.6,91.42643204792212,10.0,,
U2677,Akita Prefectural University,Japan,,East Asia & Pacific,High income: OECD,,,8.9,90.49045301385249,1.0,,
U2678,Akli Mohand Oulhadj Bouira University,Algeria,,Middle East & North Africa,Upper middle income,,,28.3,13.552976413328343,0.0,,
U2679,Akwa Ibom State University,Nigeria,,Sub-Saharan Africa,Lower middle income,,,21.2,29.146387120928495,0.0,,
U2680,Al Akhawayn University,Morocco,,Middle East & North Africa,Lower middle income,,,17.0,47.69749157618869,2.0,,
U2681,Al al-Bayt University,Jordan,,Middle East & North Africa,Upper middle income,,,38.8,4.736053912392357,4.0,,
U2682,Al-Ayen University,Iraq,,Middle East & North Africa,Upper middle income,,,25.6,18.02695619618121,0.0,,
U2683,Al-Baha University,Saudi Arabia,,Middle East & North Africa,High income: nonOECD,,,14.1,64.78846873830027,2.0,,
U2684,Al-Bayan University,Iraq,,Middle East & North Africa,Upper middle income,,,29.9,11.40022463496818,0.0,,
U2685,Albaydha University,Yemen,,Middle East & North Africa,Lower middle income,,,5.1,97.71621115687009,0.0,,
U2686,Al-Esraa University College,Iraq,,Middle East & North Africa,Upper middle income,,,26.7,15.743167353051291,0.0,,
U2687,Alex Ekwueme Federal University Ndufu-Alike,Nigeria,,Sub-Saharan Africa,Lower middle income,,,19.4,36.70909771621116,0.0,,
U2688,Al-Farabi University College,Iraq,,Middle East & North Africa,Upper middle income,,,21.8,27.293148633470608,0.0,,
U2689,Al-Furat Al-Awsat Technical University,Iraq,,Middle East & North Africa,Upper middle income,,,40.8,3.8000748783227234,0.0,,
U2690,University of Algiers 1,Algeria,,Middle East & North Africa,Upper middle income,,,17.2,46.63047547734931,0.0,,
U2691,Algiers 2 University,Algeria,,Middle East & North Africa,Upper middle income,,,31.1,10.23961063272183,0.0,,
U2692,University of Algiers 3,Algeria,,Middle East & North Africa,Upper middle income,,,35.5,6.4769749157618905,0.0,,
U2693,University of Al-Hamdaniya,Iraq,,Middle East & North Africa,Upper middle income,,,20.2,33.11493822538375,0.0,,
U2694,Al-Hussein Bin Talal University,Jordan,,Middle East & North Africa,Upper middle income,,,26.9,15.481093223511788,1.0,,
U2695,Alisher Navo’i Tashkent State University of Uzbek Language and Literature,Uzbekistan,,Europe & Central Asia,Lower middle income,,,13.0,71.19056533133659,7.0,,
U2696,Al-Janad University for Science and Technology,Yemen,,Middle East & North Africa,Lower middle income,,,68.8,0.6551853238487504,0.0,,
U2697,University of Alkafeel,Iraq,,Middle East & North Africa,Upper middle income,,,17.6,44.5900411830775,0.0,,
U2698,Al-Karkh University of Science,Iraq,,Middle East & North Africa,Upper middle income,,,9.0,90.00374391613629,0.0,,
U2699,Al-Kitab University,Iraq,,Middle East & North Africa,Upper middle income,,,20.3,32.590789966304754,0.0,,
U2700,AlMaarefa University,Saudi Arabia,,Middle East & North Africa,High income: nonOECD,,,19.0,37.776113815050536,19.0,,
U2701,Al-Maarif University College,Iraq,,Middle East & North Africa,Upper middle income,,,17.6,44.5900411830775,1.0,,
U2702,Al-Manara College for Medical Sciences,Iraq,,Middle East & North Africa,Upper middle income,,,22.7,24.50393111194309,0.0,,
U2703,Almazov National Medical Research Centre,Russian Federation,,Europe & Central Asia,High income: nonOECD,,,5.1,97.71621115687009,2.0,,
U2704,Al-Mustaqbal University,Iraq,,Middle East & North Africa,Upper middle income,,,19.8,34.66866342193935,0.0,,
U2705,Al-Muthanna University,Iraq,,Middle East & North Africa,Upper middle income,,,23.5,22.61325346312243,0.0,,
U2706,Al-Nisour University College,Iraq,,Middle East & North Africa,Upper middle income,,,16.2,52.09659303631599,2.0,,
U2707,Al-Noor University College,Iraq,,Middle East & North Africa,Upper middle income,,,23.5,22.61325346312243,0.0,,
U2708,Al-Qalam University College,Iraq,,Middle East & North Africa,Upper middle income,,,28.2,13.68401347809809,0.0,,
U2709,Al-Qasim Green University,Iraq,,Middle East & North Africa,Upper middle income,,,7.3,94.92699363534257,0.0,,
U2710,Al-Rafidain University College,Iraq,,Middle East & North Africa,Upper middle income,,,37.3,5.466117558966676,0.0,,
U2711,Al Safwa University College,Iraq,,Middle East & North Africa,Upper middle income,,,23.5,22.61325346312243,0.0,,
U2712,Altınbaş University,Turkey,,Europe & Central Asia,Upper middle income,,,20.8,30.381879445900417,51.0,,
U2713,Altoosi University College,Iraq,,Middle East & North Africa,Upper middle income,,,29.7,11.774616248596026,0.0,,
U2714,Al Turath University,Iraq,,Middle East & North Africa,Upper middle income,,,39.4,4.286783976038933,0.0,,
U2715,Al-Zaytoonah University of Jordan,Jordan,,Middle East & North Africa,Upper middle income,,,27.7,14.395357543991016,29.0,,
U2716,American University in the Emirates (AUE),United Arab Emirates,,Middle East & North Africa,High income: nonOECD,,,16.6,49.812804193186075,44.0,,
U2717,American International University – Bangladesh,Bangladesh,,South Asia,Low income,,,23.1,23.418195432422316,0.0,,
U2718,American University of Madaba,Jordan,,Middle East & North Africa,Upper middle income,,,19.0,37.776113815050536,25.0,,
U2719,American University of Ras Al Khaimah,United Arab Emirates,,Middle East & North Africa,High income: nonOECD,,,10.2,85.00561587420442,57.0,,
U2720,"Amity University, Chhattisgarh",India,,South Asia,Lower middle income,,,25.5,18.232871583676523,0.0,,
U2721,"Amity University, Gurugram",India,,South Asia,Lower middle income,,,17.0,47.69749157618869,1.0,,
U2722,"Amity University, Gwalior",India,,South Asia,Lower middle income,,,6.8,95.80681392736803,0.0,,
U2723,"Amity University Rajasthan, Jaipur",India,,South Asia,Lower middle income,,,14.5,62.67315612130289,0.0,,
U2724,"Amity University, Mumbai",India,,South Asia,Lower middle income,,,25.3,18.663421939348556,9.0,,
U2725,Anáhuac University,Mexico,,Latin America & Caribbean,Upper middle income,,,8.4,91.96929988768252,4.0,,
U2726,Andijan Machine-Building Institute,Uzbekistan,,Europe & Central Asia,Lower middle income,,,16.5,50.33695245226507,2.0,,
U2727,Andijan State University,Uzbekistan,,Europe & Central Asia,Lower middle income,,,23.2,23.268438786971167,0.0,,
U2728,Andijan State Medical Institute,Uzbekistan,,Europe & Central Asia,Lower middle income,,,10.0,86.0539123923624,5.0,,
U2729,Andijan State Pedagogical Institute (ASPI),Uzbekistan,,Europe & Central Asia,Lower middle income,,,39.9,4.1183077499064025,0.0,,
U2730,Andrés Bello Catholic University (UCAB),Venezuela,,Latin America & Caribbean,Upper middle income,,,18.4,40.696368401347804,2.0,,
U2731,Anglo-American University,Czech Republic,,Europe & Central Asia,High income: OECD,,,13.1,70.46050168476225,82.0,,
U2732,Ankara Science University,Turkey,,Europe & Central Asia,Upper middle income,,,5.1,97.71621115687009,7.0,,
U2733,Applied Science Private University,Jordan,,Middle East & North Africa,Upper middle income,,,18.6,39.666791463871206,29.0,,
U2734,Arab American University,Palestine,,Middle East & North Africa,Lower middle income,,,26.7,15.743167353051291,36.0,,
U2735,Arabian Gulf University,Bahrain,,Middle East & North Africa,High income: nonOECD,,,6.9,95.58217895919131,74.0,,
U2736,Arab Open University,Kuwait,,Middle East & North Africa,High income: nonOECD,,,75.0,0.5241482590789937,35.0,,
U2737,Arkin University of Creative Arts and Design (ARUCAD),Northern Cyprus,,,,,,5.7,97.22950205915387,37.0,,
U2738,Armenian State Pedagogical University,Armenia,,Europe & Central Asia,Lower middle income,,,9.2,89.25496068888057,2.0,,
U2739,Arts University Bournemouth,United Kingdom,,Europe & Central Asia,High income: OECD,,,14.2,64.30175964058404,21.0,,
U2740,University of the Arts London,United Kingdom,,Europe & Central Asia,High income: OECD,,,11.9,76.97491576188693,59.0,,
U2741,Arts University Plymouth,United Kingdom,,Europe & Central Asia,High income: OECD,,,11.6,78.45376263571696,8.0,,
U2742,Arturo Prat University,Chile,,Latin America & Caribbean,High income: OECD,,,22.9,23.848745788094348,7.0,,
U2743,Asahi University,Japan,,East Asia & Pacific,High income: OECD,,,8.7,91.18307749906403,5.0,,
U2744,Asfendiyarov Kazakh National Medical University,Kazakhstan,,Europe & Central Asia,Upper middle income,,,8.2,92.62448521153127,22.0,,
U2745,Ashikaga University,Japan,,East Asia & Pacific,High income: OECD,,,21.2,29.146387120928495,17.0,,
U2746,Ashur University,Iraq,,Middle East & North Africa,Upper middle income,,,11.1,80.88730812429802,0.0,,
U2747,Atyrau University,Kazakhstan,,Europe & Central Asia,Upper middle income,,,18.0,42.83040059902659,2.0,,
U2748,Audencia,France,,Europe & Central Asia,High income: OECD,,,50.6,1.647323099962561,37.0,,
U2749,Austral University,Argentina,,Latin America & Caribbean,Upper middle income,,,8.5,91.65106701609884,8.0,,
U2750,Autonomous University of Chiapas,Mexico,,Latin America & Caribbean,Upper middle income,,,45.7,2.3961063272182725,0.0,,
U2751,Azerbaijan University of Architecture and Construction,Azerbaijan,,Europe & Central Asia,Upper middle income,,,15.2,57.88094346686634,4.0,,
U2752,Babcock University,Nigeria,,Sub-Saharan Africa,Lower middle income,,,19.8,34.66866342193935,1.0,,
U2753,"Bacha Khan University, Charsadda",Pakistan,,South Asia,Lower middle income,,,20.5,31.542493448146757,0.0,,
U2754,Badr University in Cairo (BUC),Egypt,,Middle East & North Africa,Lower middle income,,,17.8,43.5604642456009,2.0,,
U2755,Bakrie University,Indonesia,,East Asia & Pacific,Lower middle income,,,36.8,5.82178959191314,0.0,,
U2756,University of Balochistan,Pakistan,,South Asia,Lower middle income,,,48.1,1.871958068139279,0.0,,
U2757,"Balochistan University of Information Technology, Engineering and Management Sciences (BUITEMS)",Pakistan,,South Asia,Lower middle income,,,19.1,37.49532010482965,0.0,,
U2758,"University of Baltistan, Skardu",Pakistan,,South Asia,Lower middle income,,,29.5,12.092849120179705,0.0,,
U2759,Bandirma Onyedi Eylül University,Turkey,,Europe & Central Asia,Upper middle income,,,31.8,9.528266566828902,7.0,,
U2760,Bangabandhu Sheikh Mujibur Rahman Agricultural University,Bangladesh,,South Asia,Low income,,,8.0,93.14863347061025,3.0,,
U2761,Barawa International University,Somalia,,Sub-Saharan Africa,Low income,,,35.3,6.664170722575813,3.0,,
U2762,Bashkir State Medical University,Russian Federation,,Europe & Central Asia,High income: nonOECD,,,10.2,85.00561587420442,28.0,,
U2763,Bath Spa University,United Kingdom,,Europe & Central Asia,High income: OECD,,,16.4,50.861100711344065,14.0,,
U2764,University of Batna 1,Algeria,,Middle East & North Africa,Upper middle income,,,27.8,14.26432047922127,0.0,,
U2765,Bayburt University,Turkey,,Europe & Central Asia,Upper middle income,,,30.8,10.632721827031077,1.0,,
U2766,Baze University,Nigeria,,Sub-Saharan Africa,Lower middle income,,,11.3,79.95132909022837,0.0,,
U2767,Belarusian State Medical University,Belarus,,Europe & Central Asia,Upper middle income,,,6.3,96.63047547734931,28.0,,
U2768,Bells University of Technology,Nigeria,,Sub-Saharan Africa,Lower middle income,,,9.7,87.40172220142269,0.0,,
U2769,University of Benghazi,Libya,,Middle East & North Africa,Upper middle income,,,16.5,50.33695245226507,2.0,,
U2770,Benson Idahosa University,Nigeria,,Sub-Saharan Africa,Lower middle income,,,16.4,50.861100711344065,0.0,,
U2771,Beykent University,Turkey,,Europe & Central Asia,Upper middle income,,,25.4,18.476226132534634,5.0,,
U2772,Bilad Alrafidain University College,Iraq,,Middle East & North Africa,Upper middle income,,,31.8,9.528266566828902,0.0,,
U2773,Birmingham Newman University,United Kingdom,,Europe & Central Asia,High income: OECD,,,19.8,34.66866342193935,10.0,,
U2774,Biruni University,Turkey,,Europe & Central Asia,Upper middle income,,,20.5,31.542493448146757,13.0,,
U2775,University of Bisha,Saudi Arabia,,Middle East & North Africa,High income: nonOECD,,,12.0,76.3010108573568,1.0,,
U2776,Bishop Grosseteste University,United Kingdom,,Europe & Central Asia,High income: OECD,,,21.2,29.146387120928495,4.0,,
U2777,University of Bogotá Jorge Tadeo Lozano,Colombia,,Latin America & Caribbean,Upper middle income,,,17.6,44.5900411830775,1.0,,
U2778,Bohdan Khmelnytsky National University of Cherkasy,Ukraine,,Europe & Central Asia,Lower middle income,,,10.4,84.06963684013478,1.0,,
U2779,University of Bolton,United Kingdom,,Europe & Central Asia,High income: OECD,,,16.8,48.68962935230251,38.0,,
U2780,The British University in Dubai,United Arab Emirates,,Middle East & North Africa,High income: nonOECD,,,11.7,77.94833395731936,60.0,,
U2781,Buckinghamshire New University,United Kingdom,,Europe & Central Asia,High income: OECD,,,15.3,57.35679520778735,30.0,,
U2782,Bukhara Engineering Technological Institute,Uzbekistan,,Europe & Central Asia,Lower middle income,,,24.3,20.47922126544366,0.0,,
U2783,Bukhara State University,Uzbekistan,,Europe & Central Asia,Lower middle income,,,20.7,30.756271059528263,2.0,,
U2784,Bukhara State Medical Institute,Uzbekistan,,Europe & Central Asia,Lower middle income,,,6.8,95.80681392736803,9.0,,
U2785,Bukkyo University,Japan,,East Asia & Pacific,High income: OECD,,,26.6,15.930363159865223,1.0,,
U2786,Buriram Rajabhat University,Thailand,,East Asia & Pacific,Upper middle income,,,29.4,12.354923249719207,1.0,,
U2787,Çağ University,Turkey,,Europe & Central Asia,Upper middle income,,,18.8,38.581055784350426,0.0,,
U2788,Universidad Camilo José Cela,Spain,,Europe & Central Asia,High income: OECD,,,21.9,26.900037439161363,6.0,,
U2789,Canadian International College (CIC) – Cairo,Egypt,,Middle East & North Africa,Lower middle income,,,42.9,3.144889554473984,1.0,,
U2790,Catholic University of Ávila,Spain,,Europe & Central Asia,High income: OECD,,,7.7,93.72894047173344,3.0,,
U2791,Catholic University in Erbil,Iraq,,Middle East & North Africa,Upper middle income,,,4.8,97.9408461250468,4.0,,
U2792,Universidad Católica de Cuenca,Ecuador,,Latin America & Caribbean,Upper middle income,,,10.6,83.05877948333958,3.0,,
U2793,Universidad Católica San Pablo,Peru,,Latin America & Caribbean,Upper middle income,,,33.0,8.536128790715091,1.0,,
U2794,Caucasus International University,Georgia,,Europe & Central Asia,Lower middle income,,,12.0,76.3010108573568,44.0,,
U2795,CBS International Business School,Germany,,Europe & Central Asia,High income: OECD,,,37.2,5.5784350430550305,33.0,,
U2796,Cebu Technological University,Philippines,,East Asia & Pacific,Lower middle income,,,39.6,4.193186072631971,0.0,,
U2797,CECOS University of IT and Emerging Sciences,Pakistan,,South Asia,Lower middle income,,,16.0,53.463122426057666,0.0,,
U2798,University of Celaya,Mexico,,Latin America & Caribbean,Upper middle income,,,11.0,81.14938225383752,5.0,,
U2799,University Center Ali Kafi Tindouf,Algeria,,Middle East & North Africa,Upper middle income,,,16.6,49.812804193186075,4.0,,
U2800,University Center of Illizi,Algeria,,Middle East & North Africa,Upper middle income,,,44.6,2.658180456757764,0.0,,
U2801,University Center Morsli Abdellah of Tipaza,Algeria,,Middle East & North Africa,Upper middle income,,,36.3,6.102583302134034,0.0,,
U2802,University Center of Barika,Algeria,,Middle East & North Africa,Upper middle income,,,25.9,17.37177087233246,0.0,,
U2803,Central European University,Austria,,Europe & Central Asia,High income: OECD,,,7.4,94.51516286035194,97.0,,
U2804,Central Luzon State University,Philippines,,East Asia & Pacific,Lower middle income,,,22.3,25.570947210782478,0.0,,
U2805,University of Central Punjab,Pakistan,,South Asia,Lower middle income,,,25.6,18.02695619618121,0.0,,
U2806,Centro de Estudios para la Calidad Educativa y la Investigación Científica (CECEIC),Mexico,,Latin America & Caribbean,Upper middle income,,,6.2,96.81767128416323,15.0,,
U2807,Centro Universitário Cesuca,Brazil,,Latin America & Caribbean,Upper middle income,,,25.5,18.232871583676523,0.0,,
U2808,Centurion University of Technology and Management,India,,South Asia,Lower middle income,,,16.4,50.861100711344065,4.0,,
U2809,Universidad César Vallejo,Peru,,Latin America & Caribbean,Upper middle income,,,70.6,0.5990265818045626,2.0,,
U2810,CETYS Universidad,Mexico,,Latin America & Caribbean,Upper middle income,,,10.2,85.00561587420442,15.0,,
U2811,Charisma University,Turks and Caicos Islands,,Latin America & Caribbean,High income: nonOECD,,,4.2,98.33395731935605,86.0,,
U2812,Chernihiv Polytechnic National University,Ukraine,,Europe & Central Asia,Lower middle income,,,20.3,32.590789966304754,0.0,,
U2813,Chettinad Academy of Research and Education,India,,South Asia,Lower middle income,,,8.9,90.49045301385249,2.0,,
U2814,University of Chichester,United Kingdom,,Europe & Central Asia,High income: OECD,,,15.0,59.06027704979409,8.0,,
U2815,Chinhoyi University of Technology,Zimbabwe,,Sub-Saharan Africa,Low income,,,46.5,2.2276301010857313,0.0,,
U2816,Universidad Científica del Sur,Peru,,Latin America & Caribbean,Upper middle income,,,10.8,82.01048296518158,1.0,,
U2817,Cihan University – Erbil,Iraq,,Middle East & North Africa,Upper middle income,,,23.5,22.61325346312243,2.0,,
U2818,Cihan University Sulaimaniya,Iraq,,Middle East & North Africa,Upper middle income,,,10.5,83.60164732309995,7.0,,
U2819,"City University of Science and Information Technology, Peshawar",Pakistan,,South Asia,Lower middle income,,,21.7,27.648820666417073,2.0,,
U2820,Civil Aviation Academy,Kazakhstan,,Europe & Central Asia,Upper middle income,,,17.5,45.05803070011232,2.0,,
U2821,University of Civil Protection,Belarus,,Europe & Central Asia,Upper middle income,,,3.9,98.61475102957694,12.0,,
U2822,Conservatoire for Dance and Drama,United Kingdom,,Europe & Central Asia,High income: OECD,,,11.8,77.51778360164732,36.0,,
U2823,University of Constantine 3,Algeria,,Middle East & North Africa,Upper middle income,,,16.9,48.221639835267695,2.0,,
U2824,Courtauld Institute of Art,United Kingdom,,Europe & Central Asia,High income: OECD,,,15.0,59.06027704979409,45.0,,
U2825,Cranfield University,United Kingdom,,Europe & Central Asia,High income: OECD,,,7.7,93.72894047173344,63.0,,
U2826,University for the Creative Arts,United Kingdom,,Europe & Central Asia,High income: OECD,,,18.1,42.41856982403595,40.0,,
U2827,University of Cumbria,United Kingdom,,Europe & Central Asia,High income: OECD,,,17.7,44.04717334331711,11.0,,
U2828,University of Cyberjaya,Malaysia,,East Asia & Pacific,Upper middle income,,,17.3,46.106327218270316,22.0,,
U2829,Cyprus Health and Social Sciences University,Northern Cyprus,,,,,,19.5,36.09135155372519,73.0,,
U2830,Daffodil International University (DIU),Bangladesh,,South Asia,Low income,,,22.0,26.46948708348933,5.0,,
U2831,Daneshpajoohan Pishro Higher Education Institute,Iran,,Middle East & North Africa,Upper middle income,,,43.7,2.920254586297266,0.0,,
U2832,Dawood University of Engineering and Technology,Pakistan,,South Asia,Lower middle income,,,11.5,78.99663047547735,0.0,,
U2833,Debre Tabor University,Ethiopia,,Sub-Saharan Africa,Low income,,,13.8,66.39835267690005,0.0,,
U2834,Delta University for Science and Technology,Egypt,,Middle East & North Africa,Lower middle income,,,16.6,49.812804193186075,0.0,,
U2835,"Delta State University, Abraka",Nigeria,,Sub-Saharan Africa,Lower middle income,,,34.7,7.001123174840885,0.0,,
U2836,Denau Institute of Entrepreneurship and Pedagogy,Uzbekistan,,Europe & Central Asia,Lower middle income,,,21.5,28.229127667540244,0.0,,
U2837,Dhaka International University,Bangladesh,,South Asia,Low income,,,27.8,14.26432047922127,8.0,,
U2838,DHA Suffa University,Pakistan,,South Asia,Lower middle income,,,21.4,28.491201797079746,0.0,,
U2839,Dhofar University,Oman,,Middle East & North Africa,High income: nonOECD,,,17.4,45.56345937850992,7.0,,
U2840,University of Djilali Bounaama Khemis Miliana,Algeria,,Middle East & North Africa,Upper middle income,,,27.6,14.526394608760762,0.0,,
U2841,Don Bosco University,India,,South Asia,Lower middle income,,,14.9,59.86521901909397,0.0,,
U2842,Donetsk National University of Economics and Trade named after Mykhailo Tuhan-Baranovsky (DonNUET),Ukraine,,Europe & Central Asia,Lower middle income,,,12.4,74.11081991763385,1.0,,
U2843,Dovletmammet Azadi Turkmen National Institute of World Languages,Turkmenistan,,Europe & Central Asia,Upper middle income,,,13.3,69.18757019842757,0.0,,
U2844,"Dr D. Y. Patil Vidyapeeth, Pune",India,,South Asia,Lower middle income,,,7.2,95.28266566828904,0.0,,
U2845,Dr. M.G.R. Educational and Research Institute,India,,South Asia,Lower middle income,,,15.0,59.06027704979409,0.0,,
U2846,D. Serikbayev East Kazakhstan Technical University,Kazakhstan,,Europe & Central Asia,Upper middle income,,,14.4,63.38450018719581,3.0,,
U2847,University of Duhok,Iraq,,Middle East & North Africa,Upper middle income,,,12.8,72.40733807562711,1.0,,
U2848,Dulaty University,Kazakhstan,,Europe & Central Asia,Upper middle income,,,11.6,78.45376263571696,15.0,,
U2849,EAE Business School,Spain,,Europe & Central Asia,High income: OECD,,,7.2,95.28266566828904,48.0,,
U2850,EAN University,Colombia,,Latin America & Caribbean,Upper middle income,,,22.0,26.46948708348933,1.0,,
U2851,University of Eastern Philippines,Philippines,,East Asia & Pacific,Lower middle income,,,42.4,3.3320853612879064,0.0,,
U2852,École Nationale Polytechnique,Algeria,,Middle East & North Africa,Upper middle income,,,10.2,85.00561587420442,0.0,,
U2853,École Nationale Polytechnique d’Oran Maurice Audin,Algeria,,Middle East & North Africa,Upper middle income,,,12.8,72.40733807562711,0.0,,
U2854,École Nationale Supérieure Agronomique,Algeria,,Middle East & North Africa,Upper middle income,,,7.6,93.99101460127292,0.0,,
U2855,"École Nationale Supérieure Agronomique, Algiers",Algeria,,Middle East & North Africa,Upper middle income,,,11.7,77.94833395731936,0.0,,
U2856,École Nationale Supérieure de Biotechnologie Taoufik Khaznadar (ENSB),Algeria,,Middle East & North Africa,Upper middle income,,,15.1,58.36765256458255,0.0,,
U2857,École Nationale Supérieure d’Informatique (ESI),Algeria,,Middle East & North Africa,Upper middle income,,,9.8,86.95245226506927,0.0,,
U2858,École Nationale Supérieure de Management Koléa,Algeria,,Middle East & North Africa,Upper middle income,,,16.4,50.861100711344065,0.0,,
U2859,École Nationale Supérieure des Sciences de la Mer et de l’Aménagement du Littoral (ENSSMAL),Algeria,,Middle East & North Africa,Upper middle income,,,12.0,76.3010108573568,0.0,,
U2860,École Nationale Supérieure Vétérinaire d’Alger,Algeria,,Middle East & North Africa,Upper middle income,,,8.5,91.65106701609884,0.0,,
U2861,École National Polytechnique de Constantine,Algeria,,Middle East & North Africa,Upper middle income,,,13.4,68.43878697117185,0.0,,
U2862,École Normale Supérieure de Béchar,Algeria,,Middle East & North Africa,Upper middle income,,,6.5,96.25608386372146,0.0,,
U2863,École Normale Supérieure de Bouzaréah,Algeria,,Middle East & North Africa,Upper middle income,,,15.1,58.36765256458255,0.0,,
U2864,École Normale Supérieure El Katiba Assia Djebar Constantine (ENSC),Algeria,,Middle East & North Africa,Upper middle income,,,14.3,63.87120928491201,0.0,,
U2865,École Normale Supérieure de Kouba,Algeria,,Middle East & North Africa,Upper middle income,,,10.1,85.62336203669038,0.0,,
U2866,École Normale Supérieure de Laghouat,Algeria,,Middle East & North Africa,Upper middle income,,,17.4,45.56345937850992,0.0,,
U2867,École Normale Supérieure d’Oran,Algeria,,Middle East & North Africa,Upper middle income,,,10.6,83.05877948333958,5.0,,
U2868,École Polytechnique d’Architecture et d’Urbanisme,Algeria,,Middle East & North Africa,Upper middle income,,,10.3,84.5001871958068,0.0,,
U2869,École Supérieure de Comptabilité et de Finances de Constantine,Algeria,,Middle East & North Africa,Upper middle income,,,15.1,58.36765256458255,0.0,,
U2870,École Supérieure en Informatique 8 Mai 1945 de Sidi-Bel-Abbès,Algeria,,Middle East & North Africa,Upper middle income,,,17.6,44.5900411830775,0.0,,
U2871,École Supérieure en Sciences Appliquées de Tlemcen,Algeria,,Middle East & North Africa,Upper middle income,,,8.8,90.88356420816174,0.0,,
U2872,École Supérieure en Sciences Biologiques d’Oran (ESSBO),Algeria,,Middle East & North Africa,Upper middle income,,,14.1,64.78846873830027,0.0,,
U2873,École Supérieure en Sciences et Technologies de l’Informatique et du Numérique (ESTIN),Algeria,,Middle East & North Africa,Upper middle income,,,17.3,46.106327218270316,0.0,,
U2874,University of Economics – Varna,Bulgaria,,Europe & Central Asia,Upper middle income,,,36.4,6.027704979408465,4.0,,
U2875,Edo State University Uzairue,Nigeria,,Sub-Saharan Africa,Lower middle income,,,15.4,56.77648820666417,0.0,,
U2876,Edwin Clark University,Nigeria,,Sub-Saharan Africa,Lower middle income,,,9.9,86.42830400599027,0.0,,
U2877,Egerton University,Kenya,,Sub-Saharan Africa,Low income,,,55.1,1.3103706476974897,1.0,,
U2878,Egyptian Russian University,Egypt,,Middle East & North Africa,Lower middle income,,,13.0,71.19056533133659,2.0,,
U2879,Elizade University,Nigeria,,Sub-Saharan Africa,Lower middle income,,,9.6,87.81355297641333,0.0,,
U2880,University of El Oued,Algeria,,Middle East & North Africa,Upper middle income,,,33.3,8.255335080494197,0.0,,
U2881,Emir Abdelkader University of Islamic Sciences,Algeria,,Middle East & North Africa,Upper middle income,,,19.6,35.49232497192063,0.0,,
U2882,"Institute of Engineering, Technical and Transport Communications of Turkmenistan",Turkmenistan,,Europe & Central Asia,Upper middle income,,,14.2,64.30175964058404,1.0,,
U2883,Escola Superior de Enfermagem do Porto (ESEP),Portugal,,Europe & Central Asia,High income: OECD,,,9.4,88.50617746162486,0.0,,
U2884,Escuela Superior Politécnica de Chimborazo,Ecuador,,Latin America & Caribbean,Upper middle income,,,21.4,28.491201797079746,0.0,,
U2885,ESIC University,Spain,,Europe & Central Asia,High income: OECD,,,19.6,35.49232497192063,10.0,,
U2886,Eskişehir Technical University,Turkey,,Europe & Central Asia,Upper middle income,,,21.6,27.94833395731936,2.0,,
U2887,Universidade Estadual do Maranhão,Brazil,,Latin America & Caribbean,Upper middle income,,,16.0,53.463122426057666,0.0,,
U2888,Universidade Estadual do Norte do Paraná (UENP),Brazil,,Latin America & Caribbean,Upper middle income,,,7.5,94.21564956944964,0.0,,
U2889,European University,Georgia,,Europe & Central Asia,Lower middle income,,,1.6,99.51329090228379,73.0,,
U2890,European University of Armenia,Armenia,,Europe & Central Asia,Lower middle income,,,8.4,91.96929988768252,7.0,,
U2891,European University Cyprus,Cyprus,,Europe & Central Asia,High income: nonOECD,,,19.5,36.09135155372519,54.0,,
U2892,European University of Tunis,Tunisia,,Middle East & North Africa,Upper middle income,,,3.9,98.61475102957694,15.0,,
U2893,"Evangel University, Akaeze",Nigeria,,Sub-Saharan Africa,Lower middle income,,,7.7,93.72894047173344,0.0,,
U2894,Falmouth University,United Kingdom,,Europe & Central Asia,High income: OECD,,,16.6,49.812804193186075,13.0,,
U2895,Federal University of Kashere,Nigeria,,Sub-Saharan Africa,Lower middle income,,,21.5,28.229127667540244,0.0,,
U2896,Federal University of Latin American Integration (UNILA),Brazil,,Latin America & Caribbean,Upper middle income,,,16.1,52.639460876076384,32.0,,
U2897,Federal University of Paraí­ba (UFPB),Brazil,,Latin America & Caribbean,Upper middle income,,,13.9,65.87420441782103,0.0,,
U2898,"Federal University of Petroleum Resources, Effurun",Nigeria,,Sub-Saharan Africa,Lower middle income,,,40.0,4.024709846499441,0.0,,
U2899,"Federal University of Technology, Minna",Nigeria,,Sub-Saharan Africa,Lower middle income,,,25.7,17.87719955073006,0.0,,
U2900,"Federal University of Technology, Owerri",Nigeria,,Sub-Saharan Africa,Lower middle income,,,19.2,37.28940471733433,0.0,,
U2901,Fergana Medical Institute of Public Health,Uzbekistan,,Europe & Central Asia,Lower middle income,,,15.8,54.867090977162114,2.0,,
U2902,Fergana Polytechnic Institute,Uzbekistan,,Europe & Central Asia,Lower middle income,,,25.1,18.906776488206667,0.0,,
U2903,Fergana State University,Uzbekistan,,Europe & Central Asia,Lower middle income,,,20.0,33.78884312991389,1.0,,
U2904,Finis Terrae University,Chile,,Latin America & Caribbean,High income: OECD,,,8.4,91.96929988768252,2.0,,
U2905,Forman Christian College,Pakistan,,South Asia,Lower middle income,,,18.3,41.276675402470985,0.0,,
U2906,Fountain University,Nigeria,,Sub-Saharan Africa,Lower middle income,,,10.7,82.4971920628978,0.0,,
U2907,University of Franca,Brazil,,Latin America & Caribbean,Upper middle income,,,107.3,0.2620741295395024,0.0,,
U2908,Francisk Skorina Gomel State University,Belarus,,Europe & Central Asia,Upper middle income,,,11.2,80.49419692998877,11.0,,
U2909,Fukushima University,Japan,,East Asia & Pacific,High income: OECD,,,8.3,92.30625233994758,2.0,,
U2910,University of Gafsa,Tunisia,,Middle East & North Africa,Upper middle income,,,15.4,56.77648820666417,0.0,,
U2911,Gangadhar Meher University,India,,South Asia,Lower middle income,,,63.0,0.8236615499812805,0.0,,
U2912,University of Garmian,Iraq,,Middle East & North Africa,Upper middle income,,,9.9,86.42830400599027,0.0,,
U2913,General Sir John Kotelawala Defence University,Sri Lanka,,South Asia,Lower middle income,,,16.7,49.2137776113815,2.0,,
U2914,University of Ghardaia,Algeria,,Middle East & North Africa,Upper middle income,,,29.5,12.092849120179705,0.0,,
U2915,Ghulam Ishaq Khan Institute of Engineering Sciences and Technology,Pakistan,,South Asia,Lower middle income,,,18.7,39.04904530138524,0.0,,
U2916,Glasgow School of Art,United Kingdom,,Europe & Central Asia,High income: OECD,,,15.6,55.803070011231746,41.0,,
U2917,Gomel State Medical University,Belarus,,Europe & Central Asia,Upper middle income,,,8.3,92.30625233994758,24.0,,
U2918,The Government Sadiq College Women University Bahawalpur,Pakistan,,South Asia,Lower middle income,,,68.8,0.6551853238487504,0.0,,
U2919,Government College Women University Faisalabad,Pakistan,,South Asia,Lower middle income,,,56.3,1.1606140022463518,0.0,,
U2920,"Government College Women University, Sialkot",Pakistan,,South Asia,Lower middle income,,,36.0,6.196181205540996,0.0,,
U2921,"The Graduate University for Advanced Studies, SOKENDAI",Japan,,East Asia & Pacific,High income: OECD,,,0.5,99.88768251591165,29.0,,
U2922,Guildhall School of Music and Drama,United Kingdom,,Europe & Central Asia,High income: OECD,,,5.0,97.82852864095844,35.0,,
U2923,Gulf College,Oman,,Middle East & North Africa,High income: nonOECD,,,26.1,16.959940097341818,3.0,,
U2924,Gulf Medical University,United Arab Emirates,,Middle East & North Africa,High income: nonOECD,,,12.7,72.85660801198053,90.0,,
U2925,Gulistan State University,Uzbekistan,,Europe & Central Asia,Lower middle income,,,27.8,14.26432047922127,0.0,,
U2926,University of Hafr Al Batin,Saudi Arabia,,Middle East & North Africa,High income: nonOECD,,,20.2,33.11493822538375,3.0,,
U2927,Hagoromo University of International Studies,Japan,,East Asia & Pacific,High income: OECD,,,23.7,22.107824784724826,17.0,,
U2928,Hakuoh University,Japan,,East Asia & Pacific,High income: OECD,,,44.2,2.8640958442530895,1.0,,
U2929,Haliç University,Turkey,,Europe & Central Asia,Upper middle income,,,24.2,20.74129539498315,19.0,,
U2930,Häme University of Applied Sciences,Finland,,Europe & Central Asia,High income: OECD,,,34.2,7.562710595282662,7.0,,
U2931,Hanseo University,South Korea,,East Asia & Pacific,High income: OECD,,,25.0,19.075252714339197,6.0,,
U2932,Hartpury University,United Kingdom,,Europe & Central Asia,High income: OECD,,,18.0,42.83040059902659,11.0,,
U2933,Hawler Medical University,Iraq,,Middle East & North Africa,Upper middle income,,,7.5,94.21564956944964,1.0,,
U2934,University of Health Sciences Lahore,Pakistan,,South Asia,Lower middle income,,,6.4,96.42456008985398,1.0,,
U2935,"University of Health Sciences, Turkey",Turkey,,Europe & Central Asia,Upper middle income,,,7.5,94.21564956944964,8.0,,
U2936,School of Higher Commercial Studies (EHEC Algiers),Algeria,,Middle East & North Africa,Upper middle income,,,13.2,69.89891426432048,0.0,,
U2937,"Higher National School of Renewable Energies, Environment and Sustainable Development",Algeria,,Middle East & North Africa,Upper middle income,,,26.6,15.930363159865223,0.0,,
U2938,Higher School of Management and Digital Economy (HSMDE),Algeria,,Middle East & North Africa,Upper middle income,,,16.4,50.861100711344065,0.0,,
U2939,Higher School of Agronomy – Mostaganem (ESAM),Algeria,,Middle East & North Africa,Upper middle income,,,14.2,64.30175964058404,0.0,,
U2940,Higher School of Management – Tlemcen,Algeria,,Middle East & North Africa,Upper middle income,,,12.0,76.3010108573568,0.0,,
U2941,University of the Highlands and Islands,United Kingdom,,Europe & Central Asia,High income: OECD,,,139.0,0.1123174840883534,12.0,,
U2942,Hilla University College,Iraq,,Middle East & North Africa,Upper middle income,,,17.6,44.5900411830775,0.0,,
U2943,Hiroshima International University,Japan,,East Asia & Pacific,High income: OECD,,,15.1,58.36765256458255,1.0,,
U2944,Hiroshima Shudo University,Japan,,East Asia & Pacific,High income: OECD,,,22.2,25.795582178959187,1.0,,
U2945,Hiroshima Institute of Technology,Japan,,East Asia & Pacific,High income: OECD,,,25.9,17.37177087233246,0.0,,
U2946,Ho Chi Minh City Open University,Vietnam,,East Asia & Pacific,Lower middle income,,,54.0,1.422688131785843,0.0,,
U2947,Hodeida University,Yemen,,Middle East & North Africa,Lower middle income,,,22.0,26.46948708348933,0.0,,
U2948,Hokkaido University of Science,Japan,,East Asia & Pacific,High income: OECD,,,20.1,33.43317109696743,0.0,,
U2949,University of Home Economics Lahore,Pakistan,,South Asia,Lower middle income,,,15.0,59.06027704979409,0.0,,
U2950,Ho Technical University,Ghana,,Sub-Saharan Africa,Lower middle income,,,17.8,43.5604642456009,0.0,,
U2951,Hryhorii Skovoroda University in Pereiaslav,Ukraine,,Europe & Central Asia,Lower middle income,,,13.6,67.2407338075627,0.0,,
U2952,University of Human Development,Iraq,,Middle East & North Africa,Upper middle income,,,20.1,33.43317109696743,3.0,,
U2953,Hyogo University of Teacher Education,Japan,,East Asia & Pacific,High income: OECD,,,10.2,85.00561587420442,2.0,,
U2954,Ibn Khaldoun University,Algeria,,Middle East & North Africa,Upper middle income,,,29.6,11.96181205540996,0.0,,
U2955,"ICFAI University, Dehradun",India,,South Asia,Lower middle income,,,25.9,17.37177087233246,0.0,,
U2956,IFHE Hyderabad,India,,South Asia,Lower middle income,,,19.1,37.49532010482965,0.0,,
U2957,Ilma University,Pakistan,,South Asia,Lower middle income,,,21.1,29.483339573193557,0.0,,
U2958,Imam Al-Kadhum College (IKC),Iraq,,Middle East & North Africa,Upper middle income,,,44.2,2.8640958442530895,0.0,,
U2959,IMT Mines Alès,France,,Europe & Central Asia,High income: OECD,,,11.9,76.97491576188693,13.0,,
U2960,"Independent University, Bangladesh",Bangladesh,,South Asia,Low income,,,31.6,9.865219019093974,0.0,,
U2961,Indira Gandhi Delhi Technical University for Women,India,,South Asia,Lower middle income,,,34.7,7.001123174840885,0.0,,
U2962,Information Technology University of the Punjab,Pakistan,,South Asia,Lower middle income,,,14.4,63.38450018719581,0.0,,
U2963,Innopolis University,Russian Federation,,Europe & Central Asia,High income: nonOECD,,,17.1,47.154623736428306,33.0,,
U2964,Institute of Cancer Research,United Kingdom,,Europe & Central Asia,High income: OECD,,,2.8,99.13889928865594,36.0,,
U2965,Universidad Internacional del Ecuador,Ecuador,,Latin America & Caribbean,Upper middle income,,,25.8,17.63384500187196,2.0,,
U2966,International American University,United States,,North America,High income: OECD,,,14.8,60.61400224634967,96.0,,
U2967,International Engineering and Technology University (METU),Kazakhstan,,Europe & Central Asia,Upper middle income,,,32.7,8.704605016847623,1.0,,
U2968,International University for the Humanities and Development,Turkmenistan,,Europe & Central Asia,Upper middle income,,,17.7,44.04717334331711,0.0,,
U2969,International IT University,Kazakhstan,,Europe & Central Asia,Upper middle income,,,14.9,59.86521901909397,1.0,,
U2970,International University of Rabat,Morocco,,Middle East & North Africa,Lower middle income,,,31.3,10.146012729314869,4.0,,
U2971,Institute of International Relations of the Ministry of Foreign Affairs of Turkmenistan,Turkmenistan,,Europe & Central Asia,Upper middle income,,,9.2,89.25496068888057,0.0,,
U2972,Inter-State School of Veterinary Sciences and Medicine,Senegal,,Sub-Saharan Africa,Lower middle income,,,17.4,45.56345937850992,69.0,,
U2973,Ionian University,Greece,,Europe & Central Asia,High income: OECD,,,40.7,3.8749532010482923,2.0,,
U2974,Ion Mincu University of Architecture and Urbanism,Romania,,Europe & Central Asia,Upper middle income,,,13.0,71.19056533133659,4.0,,
U2975,Iqra University,Pakistan,,South Asia,Lower middle income,,,13.6,67.2407338075627,1.0,,
U2976,The Islamic University,Iraq,,Middle East & North Africa,Upper middle income,,,10.2,85.00561587420442,1.0,,
U2977,Islamic University of Gaza,Palestine,,Middle East & North Africa,Lower middle income,,,45.0,2.5458629726694104,1.0,,
U2978,Universitas Islam Sultan Agung,Indonesia,,East Asia & Pacific,Lower middle income,,,14.3,63.87120928491201,0.0,,
U2979,Isra University,Jordan,,Middle East & North Africa,Upper middle income,,,19.6,35.49232497192063,18.0,,
U2980,Israel Technological University,Ecuador,,Latin America & Caribbean,Upper middle income,,,37.7,5.204043429427186,1.0,,
U2981,Istanbul Arel University,Turkey,,Europe & Central Asia,Upper middle income,,,21.3,28.828154249344816,10.0,,
U2982,Istanbul Gelişim University,Turkey,,Europe & Central Asia,Upper middle income,,,39.0,4.623736428304004,13.0,,
U2983,Istanbul Kültür University,Turkey,,Europe & Central Asia,Upper middle income,,,26.0,17.184575065518537,11.0,,
U2984,Istanbul Okan University,Turkey,,Europe & Central Asia,Upper middle income,,,15.3,57.35679520778735,14.0,,
U2985,IUBAT – International University of Business Agriculture and Technology,Bangladesh,,South Asia,Low income,,,18.1,42.41856982403595,1.0,,
U2986,Universita IULM,Italy,,Europe & Central Asia,High income: OECD,,,18.9,38.169225009359785,6.0,,
U2987,Ivano Frankivsk National Technical University of Oil and Gas,Ukraine,,Europe & Central Asia,Lower middle income,,,17.3,46.106327218270316,3.0,,
U2988,Jabir ibn Hayyan Medical University,Iraq,,Middle East & North Africa,Upper middle income,,,15.3,57.35679520778735,-0.0,,
U2989,Jadara University,Jordan,,Middle East & North Africa,Upper middle income,,,19.8,34.66866342193935,17.0,,
U2990,Japan Advanced Institute of Science and Technology (JAIST),Japan,,East Asia & Pacific,High income: OECD,,,7.3,94.92699363534257,41.0,,
U2991,Japan University of Economics,Japan,,East Asia & Pacific,High income: OECD,,,27.9,14.114563833770122,56.0,,
U2992,Jashore University of Science and Technology,Bangladesh,,South Asia,Low income,,,13.2,69.89891426432048,0.0,,
U2993,University of Jendouba,Tunisia,,Middle East & North Africa,Upper middle income,,,16.6,49.812804193186075,1.0,,
U2994,Jizzakh Polytechnic Institute,Uzbekistan,,Europe & Central Asia,Lower middle income,,,18.5,40.24709846499438,0.0,,
U2995,Jizzakh State Pedagogical University,Uzbekistan,,Europe & Central Asia,Lower middle income,,,27.5,14.732309996256088,0.0,,
U2996,John von Neumann University,Hungary,,Europe & Central Asia,Upper middle income,,,13.8,66.39835267690005,0.0,,
U2997,Kabarak University,Kenya,,Sub-Saharan Africa,Low income,,,40.0,4.024709846499441,0.0,,
U2998,Kabardino-Balkarian State University,Russian Federation,,Europe & Central Asia,High income: nonOECD,,,19.7,35.09921377761138,14.0,,
U2999,University of Kabianga,Kenya,,Sub-Saharan Africa,Low income,,,39.1,4.473979782852866,0.0,,
U3000,Kadir Has University,Turkey,,Europe & Central Asia,Upper middle income,,,24.0,21.359041557469116,4.0,,
U3001,Kamianets-Podіlskyi Ivan Ohiienko National University,Ukraine,,Europe & Central Asia,Lower middle income,,,7.6,93.99101460127292,0.0,,
U3002,Karaganda University of Kazpotrebsoyuz,Kazakhstan,,Europe & Central Asia,Upper middle income,,,13.6,67.2407338075627,1.0,,
U3003,Karakalpak State University,Uzbekistan,,Europe & Central Asia,Lower middle income,,,28.7,13.084986896293527,2.0,,
U3004,Karshi Engineering Economics Institute,Uzbekistan,,Europe & Central Asia,Lower middle income,,,26.3,16.622987645076748,0.0,,
U3005,Kazakh National Pedagogical University Abai,Kazakhstan,,Europe & Central Asia,Upper middle income,,,16.1,52.639460876076384,3.0,,
U3006,Kazakh National Women’s Teacher Training University,Kazakhstan,,Europe & Central Asia,Upper middle income,,,18.6,39.666791463871206,2.0,,
U3007,Kazakhstan Medical University KSPH,Kazakhstan,,Europe & Central Asia,Upper middle income,,,2.9,99.06402096593037,0.0,,
U3008,Kazan State Power Engineering University,Russian Federation,,Europe & Central Asia,High income: nonOECD,,,24.1,21.040808685885438,3.0,,
U3009,Keisen University,Japan,,East Asia & Pacific,High income: OECD,,,26.0,17.184575065518537,5.0,,
U3010,Kharkiv University of Humanities “People’s Ukrainian Academy”,Ukraine,,Europe & Central Asia,Lower middle income,,,7.4,94.51516286035194,0.0,,
U3011,Kharkiv National Automobile and Highway University,Ukraine,,Europe & Central Asia,Lower middle income,,,14.6,61.924372894047174,10.0,,
U3012,Kharkiv National University of Internal Affairs,Ukraine,,Europe & Central Asia,Lower middle income,,,13.8,66.39835267690005,4.0,,
U3013,Khazar University,Azerbaijan,,Europe & Central Asia,Upper middle income,,,12.3,74.69112691875702,6.0,,
U3014,Khulna University of Engineering and Technology (KUET),Bangladesh,,South Asia,Low income,,,15.5,56.34593785099214,0.0,,
U3015,Khwaja Fareed University of Engineering and Information Technology,Pakistan,,South Asia,Lower middle income,,,20.2,33.11493822538375,0.0,,
U3016,Khyber Medical University,Pakistan,,South Asia,Lower middle income,,,15.4,56.77648820666417,3.0,,
U3017,Kimyo International University in Tashkent,Uzbekistan,,Europe & Central Asia,Lower middle income,,,17.3,46.106327218270316,13.0,,
U3018,King Abdullah University of Science and Technology (KAUST),Saudi Arabia,,Middle East & North Africa,High income: nonOECD,,,8.0,93.14863347061025,67.0,,
U3019,King Danylo University,Ukraine,,Europe & Central Asia,Lower middle income,,,9.1,89.62935230250842,0.0,,
U3020,King Edward Medical University,Pakistan,,South Asia,Lower middle income,,,13.7,66.7540247098465,2.0,,
U3021,Kinnaird College for Women,Pakistan,,South Asia,Lower middle income,,,18.3,41.276675402470985,0.0,,
U3022,University of Kirkuk,Iraq,,Middle East & North Africa,Upper middle income,,,23.7,22.107824784724826,0.0,,
U3023,Kitami Institute of Technology,Japan,,East Asia & Pacific,High income: OECD,,,14.6,61.924372894047174,5.0,,
U3024,Knowledge University,Iraq,,Middle East & North Africa,Upper middle income,,,16.4,50.861100711344065,1.0,,
U3025,Kobe Gakuin University,Japan,,East Asia & Pacific,High income: OECD,,,34.7,7.001123174840885,3.0,,
U3026,Kocaeli Health and Technology University,Turkey,,Europe & Central Asia,Upper middle income,,,16.2,52.09659303631599,8.0,,
U3027,Kohsar University Murree,Pakistan,,South Asia,Lower middle income,,,24.5,20.029951329090224,0.0,,
U3028,Kokshetau State University,Kazakhstan,,Europe & Central Asia,Upper middle income,,,9.1,89.62935230250842,5.0,,
U3029,Kokugakuin University,Japan,,East Asia & Pacific,High income: OECD,,,40.0,4.024709846499441,1.0,,
U3030,Konan University,Japan,,East Asia & Pacific,High income: OECD,,,23.3,23.11868214152003,1.0,,
U3031,Konan Women’s University,Japan,,East Asia & Pacific,High income: OECD,,,23.7,22.107824784724826,1.0,,
U3032,Koya University,Iraq,,Middle East & North Africa,Upper middle income,,,9.3,88.84312991388992,1.0,,
U3033,KPR Institute of Engineering and Technology,India,,South Asia,Lower middle income,,,12.2,75.2714339198802,0.0,,
U3034,Kumasi Technical University,Ghana,,Sub-Saharan Africa,Lower middle income,,,41.0,3.7439161362785467,0.0,,
U3035,Kursk State Medical University,Russian Federation,,Europe & Central Asia,High income: nonOECD,,,12.1,75.739423436915,31.0,,
U3036,Kütahya Health Sciences University,Turkey,,Europe & Central Asia,Upper middle income,,,9.6,87.81355297641333,1.0,,
U3037,Kutaisi University,Georgia,,Europe & Central Asia,Lower middle income,,,0.4,99.92512167727443,1.0,,
U3038,Kuwait College of Science and Technology (KCST),Kuwait,,Middle East & North Africa,High income: nonOECD,,,25.3,18.663421939348556,4.0,,
U3039,Kyiv National Economic University,Ukraine,,Europe & Central Asia,Lower middle income,,,11.2,80.49419692998877,1.0,,
U3040,Kyoai Gakuen University,Japan,,East Asia & Pacific,High income: OECD,,,20.4,32.02920254586298,2.0,,
U3041,Kyoto Koka Women’s University,Japan,,East Asia & Pacific,High income: OECD,,,18.3,41.276675402470985,5.0,,
U3042,Kyoto Notre Dame University,Japan,,East Asia & Pacific,High income: OECD,,,8.5,91.65106701609884,4.0,,
U3043,K. Zhubanov Aktobe Regional University,Kazakhstan,,Europe & Central Asia,Upper middle income,,,21.4,28.491201797079746,2.0,,
U3044,Lahore Leads University,Pakistan,,South Asia,Lower middle income,,,15.3,57.35679520778735,0.0,,
U3045,Landmark University,Nigeria,,Sub-Saharan Africa,Lower middle income,,,12.9,71.86447023586672,0.0,,
U3046,Larbi Tebessi University,Algeria,,Middle East & North Africa,Upper middle income,,,21.6,27.94833395731936,0.0,,
U3047,La Salle University,Colombia,,Latin America & Caribbean,Upper middle income,,,18.9,38.169225009359785,1.0,,
U3048,University of Las Américas (UDLA),Ecuador,,Latin America & Caribbean,Upper middle income,,,13.7,66.7540247098465,2.0,,
U3049,Leeds Arts University,United Kingdom,,Europe & Central Asia,High income: OECD,,,15.9,54.26806439535754,12.0,,
U3050,Leeds Conservatoire,United Kingdom,,Europe & Central Asia,High income: OECD,,,20.9,30.101085735679522,11.0,,
U3051,Leeds Trinity University,United Kingdom,,Europe & Central Asia,High income: OECD,,,23.7,22.107824784724826,9.0,,
U3052,Lesya Ukrainka Volyn National University,Ukraine,,Europe & Central Asia,Lower middle income,,,12.4,74.11081991763385,1.0,,
U3053,Liaquat University of Medical and Health Sciences (LUMHS),Pakistan,,South Asia,Lower middle income,,,10.0,86.0539123923624,4.0,,
U3054,University of Liberal Arts Bangladesh,Bangladesh,,South Asia,Low income,,,19.4,36.70909771621116,0.0,,
U3055,Lincoln University College,Malaysia,,East Asia & Pacific,Upper middle income,,,5.7,97.22950205915387,41.0,,
U3056,Lira University,Uganda,,Sub-Saharan Africa,Low income,,,14.3,63.87120928491201,0.0,,
U3057,Université du Littoral Côte d’Opale,France,,Europe & Central Asia,High income: OECD,,,20.2,33.11493822538375,17.0,,
U3058,Liverpool Hope University,United Kingdom,,Europe & Central Asia,High income: OECD,,,17.2,46.63047547734931,14.0,,
U3059,Liverpool Institute for Performing Arts,United Kingdom,,Europe & Central Asia,High income: OECD,,,18.5,40.24709846499438,22.0,,
U3060,Liverpool School of Tropical Medicine,United Kingdom,,Europe & Central Asia,High income: OECD,,,2.1,99.25121677274429,28.0,,
U3061,The LNM Institute of Information Technology,India,,South Asia,Lower middle income,,,19.1,37.49532010482965,0.0,,
U3062,London Academy of Music and Dramatic Art (LAMDA),United Kingdom,,Europe & Central Asia,High income: OECD,,,6.8,95.80681392736803,40.0,,
U3063,London Business School,United Kingdom,,Europe & Central Asia,High income: OECD,,,20.2,33.11493822538375,91.0,,
U3064,London School of Hygiene and Tropical Medicine,United Kingdom,,Europe & Central Asia,High income: OECD,,,1.7,99.38225383751404,57.0,,
U3065,Lviv State University of Life Safety,Ukraine,,Europe & Central Asia,Lower middle income,,,12.3,74.69112691875702,0.0,,
U3066,University of Magallanes,Chile,,Latin America & Caribbean,High income: OECD,,,15.6,55.803070011231746,1.0,,
U3067,Universidad del Magdalena,Colombia,,Latin America & Caribbean,Upper middle income,,,31.8,9.528266566828902,0.0,,
U3068,University Centre of Maghnia,Algeria,,Middle East & North Africa,Upper middle income,,,19.5,36.09135155372519,0.0,,
U3069,Mahatma Jyotiba Phule Rohilkhand University,India,,South Asia,Lower middle income,,,38.8,4.736053912392357,0.0,,
U3070,Malawi University of Science and Technology (MUST),Malawi,,Sub-Saharan Africa,Low income,,,12.4,74.11081991763385,0.0,,
U3071,Management Development Institute (MDI),India,,South Asia,Lower middle income,,,12.5,73.66154998128043,0.0,,
U3072,Management & Science University (MSU),Malaysia,,East Asia & Pacific,Upper middle income,,,9.0,90.00374391613629,30.0,,
U3073,Universidad Manuela Beltrán,Colombia,,Latin America & Caribbean,Upper middle income,,,30.6,10.819917633845,0.0,,
U3074,Mapúa University,Philippines,,East Asia & Pacific,Lower middle income,,,32.3,8.985398727068517,1.0,,
U3075,Margulan University,Kazakhstan,,Europe & Central Asia,Upper middle income,,,22.8,24.18569824035942,2.0,,
U3076,Mariano Marcos State University,Philippines,,East Asia & Pacific,Lower middle income,,,24.8,19.35604642456009,0.0,,
U3077,Maritime University of Szczecin,Poland,,Europe & Central Asia,High income: OECD,,,24.2,20.74129539498315,13.0,,
U3078,M. Auezov South Kazakhstan University,Kazakhstan,,Europe & Central Asia,Upper middle income,,,6.3,96.63047547734931,12.0,,
U3079,Universidad Mayor de San Simón,Bolivia,,Latin America & Caribbean,Lower middle income,,,182.0,0.07487832272556894,0.0,,
U3080,University of Medea,Algeria,,Middle East & North Africa,Upper middle income,,,25.9,17.37177087233246,0.0,,
U3081,University of Medellín,Colombia,,Latin America & Caribbean,Upper middle income,,,16.9,48.221639835267695,2.0,,
U3082,Medizinische Hochschule Hannover,Germany,,Europe & Central Asia,High income: OECD,,,8.3,92.30625233994758,14.0,,
U3083,Meikai University,Japan,,East Asia & Pacific,High income: OECD,,,17.8,43.5604642456009,16.0,,
U3084,Universitas Mercu Buana,Indonesia,,East Asia & Pacific,Lower middle income,,,23.9,21.677274429052783,0.0,,
U3085,Middle East University,Jordan,,Middle East & North Africa,Upper middle income,,,20.2,33.11493822538375,27.0,,
U3086,Mindanao State University – Iligan Institute of Technology,Philippines,,East Asia & Pacific,Lower middle income,,,40.7,3.8749532010482923,0.0,,
U3087,Minhaj University Lahore,Pakistan,,South Asia,Lower middle income,,,10.6,83.05877948333958,0.0,,
U3088,University of Misan,Iraq,,Middle East & North Africa,Upper middle income,,,19.9,34.18195432422314,0.0,,
U3089,Misr University for Science and Technology,Egypt,,Middle East & North Africa,Lower middle income,,,17.6,44.5900411830775,5.0,,
U3090,Mizoram University,India,,South Asia,Lower middle income,,,8.9,90.49045301385249,0.0,,
U3091,M. Kumarasamy College of Engineering,India,,South Asia,Lower middle income,,,11.5,78.99663047547735,0.0,,
U3092,"MNS University of Agriculture, Multan",Pakistan,,South Asia,Lower middle income,,,31.1,10.23961063272183,0.0,,
U3093,Modern University for Business and Science,Lebanon,,Middle East & North Africa,Upper middle income,,,20.5,31.542493448146757,20.0,,
U3094,Université Mohamed El Bachir El Ibrahimi de Bordj Bou Arréridj,Algeria,,Middle East & North Africa,Upper middle income,,,33.9,7.8060651441407725,0.0,,
U3095,University of Mohamed Lamine Debaghin Setif 2,Algeria,,Middle East & North Africa,Upper middle income,,,33.6,7.899663047547733,0.0,,
U3096,Monroe College,United States,,North America,High income: OECD,,,16.1,52.639460876076384,14.0,,
U3097,University of Monterrey,Mexico,,Latin America & Caribbean,Upper middle income,,,17.0,47.69749157618869,1.0,,
U3098,Russian Biotechnological University (BIOTECH),Russian Federation,,Europe & Central Asia,High income: nonOECD,,,10.8,82.01048296518158,9.0,,
U3099,Moscow State Linguistic University,Russian Federation,,Europe & Central Asia,High income: nonOECD,,,6.4,96.42456008985398,9.0,,
U3100,Moscow Technical University of Communications and Informatics,Russian Federation,,Europe & Central Asia,High income: nonOECD,,,20.3,32.590789966304754,6.0,,
U3101,University of Mostar,Bosnia and Herzegovina,,Europe & Central Asia,Upper middle income,,,8.9,90.49045301385249,14.0,,
U3102,Muban Chombueng Rajabhat University,Thailand,,East Asia & Pacific,Upper middle income,,,15.2,57.88094346686634,0.0,,
U3103,Mukogawa Women’s University,Japan,,East Asia & Pacific,High income: OECD,,,24.8,19.35604642456009,0.0,,
U3104,Mulungushi University,Zambia,,Sub-Saharan Africa,Lower middle income,,,44.5,2.7143391988019516,1.0,,
U3105,Musashino University,Japan,,East Asia & Pacific,High income: OECD,,,28.5,13.290902283788842,8.0,,
U3106,Universidad Nacional Abierta y a Distancia (UNAD),Colombia,,Latin America & Caribbean,Upper middle income,,,49.6,1.7409210033695222,0.0,,
U3107,Universidad Nacional de Asunción,Paraguay,,Latin America & Caribbean,Lower middle income,,,9.8,86.95245226506927,2.0,,
U3108,Universidad Nacional de Chimborazo,Ecuador,,Latin America & Caribbean,Upper middle income,,,16.8,48.68962935230251,1.0,,
U3109,Universidad Nacional de Itapúa,Paraguay,,Latin America & Caribbean,Lower middle income,,,5.0,97.82852864095844,1.0,,
U3110,Universidad Nacional de Rafaela (UNRaf),Argentina,,Latin America & Caribbean,Upper middle income,,,6.3,96.63047547734931,0.0,,
U3111,Nagoya University of Commerce & Business,Japan,,East Asia & Pacific,High income: OECD,,,32.1,9.19131411456383,10.0,,
U3112,Nakhchivan State University,Azerbaijan,,Europe & Central Asia,Upper middle income,,,7.9,93.42942718083115,20.0,,
U3113,Nakhon Ratchasima Rajabhat University,Thailand,,East Asia & Pacific,Upper middle income,,,27.8,14.26432047922127,0.0,,
U3114,Namal University,Pakistan,,South Asia,Lower middle income,,,15.9,54.26806439535754,0.0,,
U3115,Namangan Engineering Construction Institute,Uzbekistan,,Europe & Central Asia,Lower middle income,,,20.9,30.101085735679522,0.0,,
U3116,Namangan Institute of Engineering and Technology,Uzbekistan,,Europe & Central Asia,Lower middle income,,,14.1,64.78846873830027,0.0,,
U3117,Namangan State University,Uzbekistan,,Europe & Central Asia,Lower middle income,,,25.8,17.63384500187196,0.0,,
U3118,"Nasarawa State University, Keffi",Nigeria,,Sub-Saharan Africa,Lower middle income,,,13.2,69.89891426432048,13.0,,
U3119,National Film and Television School,United Kingdom,,Europe & Central Asia,High income: OECD,,,7.3,94.92699363534257,41.0,,
U3120,National University of Food Technologies,Ukraine,,Europe & Central Asia,Lower middle income,,,10.1,85.62336203669038,0.0,,
U3121,National University Odessa Law Academy,Ukraine,,Europe & Central Asia,Lower middle income,,,18.6,39.666791463871206,1.0,,
U3122,The National University of Ostroh Academy,Ukraine,,Europe & Central Asia,Lower middle income,,,9.8,86.95245226506927,0.0,,
U3123,National Polytechnic University of Armenia,Armenia,,Europe & Central Asia,Lower middle income,,,7.3,94.92699363534257,2.0,,
U3124,National University of Quilmes,Argentina,,Latin America & Caribbean,Upper middle income,,,32.4,8.873081242980152,2.0,,
U3125,National School of Artificial Intelligence (ENSIA),Algeria,,Middle East & North Africa,Upper middle income,,,12.5,73.66154998128043,0.0,,
U3126,"National University of Science and Technology, Oman",Oman,,Middle East & North Africa,High income: nonOECD,,,18.2,41.913141145638335,10.0,,
U3127,"National University, Sudan",Sudan,,Sub-Saharan Africa,Lower middle income,,,15.1,58.36765256458255,5.0,,
U3128,National Textile University,Pakistan,,South Asia,Lower middle income,,,18.8,38.581055784350426,0.0,,
U3129,National Transport University,Ukraine,,Europe & Central Asia,Lower middle income,,,10.2,85.00561587420442,3.0,,
U3130,National University of Water and Environmental Engineering,Ukraine,,Europe & Central Asia,Lower middle income,,,16.1,52.639460876076384,2.0,,
U3131,National University “Yuri Kondratyuk Poltava Polytechnic”,Ukraine,,Europe & Central Asia,Lower middle income,,,8.7,91.18307749906403,9.0,,
U3132,Navoi State Pedagogical Institute,Uzbekistan,,Europe & Central Asia,Lower middle income,,,26.4,16.435791838262826,0.0,,
U3133,Netaji Subhas University of Technology,India,,South Asia,Lower middle income,,,14.6,61.924372894047174,3.0,,
U3134,Niger Delta University,Nigeria,,Sub-Saharan Africa,Lower middle income,,,23.4,22.912766754024705,0.0,,
U3135,Nihon Pharmaceutical University,Japan,,East Asia & Pacific,High income: OECD,,,17.7,44.04717334331711,4.0,,
U3136,Niigata University of Health and Welfare,Japan,,East Asia & Pacific,High income: OECD,,,17.3,46.106327218270316,1.0,,
U3137,University of Niigata Prefecture,Japan,,East Asia & Pacific,High income: OECD,,,16.0,53.463122426057666,1.0,,
U3138,Ninevah University,Iraq,,Middle East & North Africa,Upper middle income,,,14.6,61.924372894047174,0.0,,
U3139,Nitte (Deemed to be University),India,,South Asia,Lower middle income,,,8.1,92.86783976038937,1.0,,
U3140,University of Northampton,United Kingdom,,Europe & Central Asia,High income: OECD,,,17.6,44.5900411830775,32.0,,
U3141,Northeast Ohio Medical University,United States,,North America,High income: OECD,,,10.4,84.06963684013478,0.0,,
U3142,Northern Border University,Saudi Arabia,,Middle East & North Africa,High income: nonOECD,,,11.5,78.99663047547735,2.0,,
U3143,Northern Technical University,Iraq,,Middle East & North Africa,Upper middle income,,,30.9,10.50168476226132,0.0,,
U3144,Norwich University of the Arts,United Kingdom,,Europe & Central Asia,High income: OECD,,,15.6,55.803070011231746,12.0,,
U3145,University Centre of El-Bayadh,Algeria,,Middle East & North Africa,Upper middle income,,,33.2,8.348932983901157,0.0,,
U3146,University of Nova Gorica,Slovenia,,Europe & Central Asia,High income: OECD,,,3.2,98.91426432047922,55.0,,
U3147,Novosibirsk State University of Economics and Management,Russian Federation,,Europe & Central Asia,High income: nonOECD,,,8.3,92.30625233994758,18.0,,
U3148,Nueva Ecija University of Science and Technology (NEUST),Philippines,,East Asia & Pacific,Lower middle income,,,60.0,0.9359790340696339,1.0,,
U3149,Universidad Nur,Bolivia,,Latin America & Caribbean,Lower middle income,,,9.5,88.22538375140397,0.0,,
U3150,October 6 University,Egypt,,Middle East & North Africa,Lower middle income,,,11.9,76.97491576188693,4.0,,
U3151,October University for Modern Sciences and Arts (MSA),Egypt,,Middle East & North Africa,Lower middle income,,,9.8,86.95245226506927,1.0,,
U3152,Odesa I.I. Mechnikov National University,Ukraine,,Europe & Central Asia,Lower middle income,,,7.2,95.28266566828904,3.0,,
U3153,Oguz Han Engineering and Technology University of Turkmenistan,Turkmenistan,,Europe & Central Asia,Upper middle income,,,14.1,64.78846873830027,0.0,,
U3154,University of Okara,Pakistan,,South Asia,Lower middle income,,,60.6,0.8985398727068494,0.0,,
U3155,Omsk State Agrarian University,Russian Federation,,Europe & Central Asia,High income: nonOECD,,,20.3,32.590789966304754,11.0,,
U3156,Open Christian University,South Africa,,Sub-Saharan Africa,Upper middle income,,,1.6,99.51329090228379,88.0,,
U3157,Université d’Oran 2 Mohamed Ben Ahmed,Algeria,,Middle East & North Africa,Upper middle income,,,29.2,12.61699737925871,1.0,,
U3158,Oran Graduate School of Economics,Algeria,,Middle East & North Africa,Upper middle income,,,13.2,69.89891426432048,0.0,,
U3159,Orel State Agrarian University named after N.V. Parahin,Russian Federation,,Europe & Central Asia,High income: nonOECD,,,10.4,84.06963684013478,20.0,,
U3160,Orel State University named after I.S. Turgenev,Russian Federation,,Europe & Central Asia,High income: nonOECD,,,14.9,59.86521901909397,13.0,,
U3161,ORT Uruguay University,Uruguay,,Latin America & Caribbean,High income: nonOECD,,,6.7,96.03144889554474,3.0,,
U3162,Osol Al-Deen University College,Iraq,,Middle East & North Africa,Upper middle income,,,28.8,12.935230250842377,0.0,,
U3163,University College of Osteopathy,United Kingdom,,Europe & Central Asia,High income: OECD,,,10.6,83.05877948333958,31.0,,
U3164,Ostrogradsky National University of Kremenchuk,Ukraine,,Europe & Central Asia,Lower middle income,,,12.5,73.66154998128043,1.0,,
U3165,University of Oum El Bouaghi,Algeria,,Middle East & North Africa,Upper middle income,,,12.8,72.40733807562711,0.0,,
U3166,Universidad del Pacífico Ecuador,Ecuador,,Latin America & Caribbean,Upper middle income,,,13.9,65.87420441782103,1.0,,
U3167,Palestine Polytechnic University,Palestine,,Middle East & North Africa,Lower middle income,,,16.6,49.812804193186075,2.0,,
U3168,Palestine Technical University – Kadoorie,Palestine,,Middle East & North Africa,Lower middle income,,,18.8,38.581055784350426,4.0,,
U3169,Universidad de Pamplona,Colombia,,Latin America & Caribbean,Upper middle income,,,14.9,59.86521901909397,1.0,,
U3170,Panteion University of Social and Political Sciences,Greece,,Europe & Central Asia,High income: OECD,,,67.8,0.7113440658929271,2.0,,
U3171,Panthéon-Assas University (Paris 2),France,,Europe & Central Asia,High income: OECD,,,77.9,0.4867090977162092,12.0,,
U3172,Pavlo Tychyna Uman State Pedagogical University,Ukraine,,Europe & Central Asia,Lower middle income,,,14.5,62.67315612130289,3.0,,
U3173,University of Petra,Jordan,,Middle East & North Africa,Upper middle income,,,20.5,31.542493448146757,22.0,,
U3174,Petre Shotadze Tbilisi Medical Academy,Georgia,,Europe & Central Asia,Lower middle income,,,16.4,50.861100711344065,64.0,,
U3175,Petroleum University of Technology,Iran,,Middle East & North Africa,Upper middle income,,,35.0,6.851366529389747,0.0,,
U3176,Petro Mohyla Black Sea National University,Ukraine,,Europe & Central Asia,Lower middle income,,,10.2,85.00561587420442,10.0,,
U3177,Pharos University,Egypt,,Middle East & North Africa,Lower middle income,,,29.1,12.748034444028455,1.0,,
U3178,Philadelphia University (Jordan),Jordan,,Middle East & North Africa,Upper middle income,,,16.4,50.861100711344065,33.0,,
U3179,"Plateau State University, Bokkos",Nigeria,,Sub-Saharan Africa,Lower middle income,,,11.4,79.44590041183078,0.0,,
U3180,Platov South-Russian State Polytechnic University (NPI),Russian Federation,,Europe & Central Asia,High income: nonOECD,,,10.1,85.62336203669038,9.0,,
U3181,Plymouth Marjon University,United Kingdom,,Europe & Central Asia,High income: OECD,,,22.4,25.32759266192437,2.0,,
U3182,Polytechnic Institute of Setúbal,Portugal,,Europe & Central Asia,High income: OECD,,,17.8,43.5604642456009,7.0,,
U3183,Pontifical Catholic University of Argentina,Argentina,,Latin America & Caribbean,Upper middle income,,,4.4,98.16548109322352,7.0,,
U3184,University of Poonch Rawalakot,Pakistan,,South Asia,Lower middle income,,,28.1,13.815050542867835,0.0,,
U3185,Universidad Popular Autónoma del Estado de Puebla,Mexico,,Latin America & Caribbean,Upper middle income,,,19.3,37.06476974915762,2.0,,
U3186,Prefectural University of Hiroshima,Japan,,East Asia & Pacific,High income: OECD,,,11.9,76.97491576188693,2.0,,
U3187,"Presbyterian University, Ghana",Ghana,,Sub-Saharan Africa,Lower middle income,,,41.3,3.6690378135529778,1.0,,
U3188,Presidency University,India,,South Asia,Lower middle income,,,20.3,32.590789966304754,0.0,,
U3189,"University of Professional Studies, Accra",Ghana,,Sub-Saharan Africa,Lower middle income,,,50.9,1.6098839385997765,0.0,,
U3190,Prydniprovska State Academy of Civil Engineering and Architecture,Ukraine,,Europe & Central Asia,Lower middle income,,,7.2,95.28266566828904,5.0,,
U3191,Pskov State University,Russian Federation,,Europe & Central Asia,High income: nonOECD,,,18.7,39.04904530138524,13.0,,
U3192,PUC-Campinas,Brazil,,Latin America & Caribbean,Upper middle income,,,32.8,8.61100711344066,0.0,,
U3193,University of Puthisastra,Cambodia,,East Asia & Pacific,Low income,,,8.1,92.86783976038937,0.0,,
U3194,"Quaid-e-Awam University of Engineering, Science and Technology (QUEST)",Pakistan,,South Asia,Lower middle income,,,10.6,83.05877948333958,0.0,,
U3195,Queen Arwa University,Yemen,,Middle East & North Africa,Lower middle income,,,9.2,89.25496068888057,1.0,,
U3196,Queen Margaret University,United Kingdom,,Europe & Central Asia,High income: OECD,,,21.8,27.293148633470608,30.0,,
U3197,Universidade Rainha Njinga a Mbande (URNM),Angola,,Sub-Saharan Africa,Upper middle income,,,12.2,75.2714339198802,0.0,,
U3198,Rajamangala University of Technology Isan,Thailand,,East Asia & Pacific,Upper middle income,,,18.2,41.913141145638335,0.0,,
U3199,Rajamangala University of Technology Thanyaburi (RMUTT),Thailand,,East Asia & Pacific,Upper middle income,,,22.7,24.50393111194309,1.0,,
U3200,Rawalpindi Medical University,Pakistan,,South Asia,Lower middle income,,,9.1,89.62935230250842,1.0,,
U3201,Rennes School of Business,France,,Europe & Central Asia,High income: OECD,,,34.6,7.13216023961063,34.0,,
U3202,Ritsumeikan Asia Pacific University (APU),Japan,,East Asia & Pacific,High income: OECD,,,25.8,17.63384500187196,47.0,,
U3203,Rose Bruford College,United Kingdom,,Europe & Central Asia,High income: OECD,,,15.8,54.867090977162114,20.0,,
U3204,Rostov State University of Economics,Russian Federation,,Europe & Central Asia,High income: nonOECD,,,24.8,19.35604642456009,3.0,,
U3205,Royal Agricultural University,United Kingdom,,Europe & Central Asia,High income: OECD,,,20.7,30.756271059528263,13.0,,
U3206,"Royal Central School of Speech and Drama, University of London",United Kingdom,,Europe & Central Asia,High income: OECD,,,16.7,49.2137776113815,33.0,,
U3207,Royal College of Academics,Luxembourg,,Europe & Central Asia,High income: OECD,,,333.3,0.0,100.0,,
U3208,Royal College of Art,United Kingdom,,Europe & Central Asia,High income: OECD,,,20.4,32.02920254586298,80.0,,
U3209,Royal Conservatoire of Scotland,United Kingdom,,Europe & Central Asia,High income: OECD,,,10.9,81.50505428678397,38.0,,
U3210,Royal Academy of Dramatic Art (RADA),United Kingdom,,Europe & Central Asia,High income: OECD,,,4.4,98.16548109322352,20.0,,
U3211,Royal Academy of Music,United Kingdom,,Europe & Central Asia,High income: OECD,,,9.8,86.95245226506927,49.0,,
U3212,Royal College of Music,United Kingdom,,Europe & Central Asia,High income: OECD,,,10.3,84.5001871958068,58.0,,
U3213,Royal Northern College of Music,United Kingdom,,Europe & Central Asia,High income: OECD,,,11.0,81.14938225383752,33.0,,
U3214,Russian State Agrarian University – Moscow Timiryazev Agricultural Academy,Russian Federation,,Europe & Central Asia,High income: nonOECD,,,13.3,69.18757019842757,5.0,,
U3215,Russian University of State for Social (RUSS),Russian Federation,,Europe & Central Asia,High income: nonOECD,,,34.5,7.300636465743171,5.0,,
U3216,Ryazan State Medical University,Russian Federation,,Europe & Central Asia,High income: nonOECD,,,9.4,88.50617746162486,15.0,,
U3217,University of Sadat City,Egypt,,Middle East & North Africa,Lower middle income,,,49.5,1.7970797454136989,1.0,,
U3218,University of Saida,Algeria,,Middle East & North Africa,Upper middle income,,,19.5,36.09135155372519,0.0,,
U3219,University of Saint Joseph,Macao,,East Asia & Pacific,High income: nonOECD,,,12.8,72.40733807562711,10.0,,
U3220,Saint Petersburg State Pediatric Medical University,Russian Federation,,Europe & Central Asia,High income: nonOECD,,,11.9,76.97491576188693,14.0,,
U3221,"Saint Thomas University, Colombia",Colombia,,Latin America & Caribbean,Upper middle income,,,21.1,29.483339573193557,0.0,,
U3222,Sakon Nakhon Rajabhat University,Thailand,,East Asia & Pacific,Upper middle income,,,20.6,31.093223511793333,1.0,,
U3223,Salahaddin University–Erbil,Iraq,,Middle East & North Africa,Upper middle income,,,11.7,77.94833395731936,1.0,,
U3224,Samara State Medical University,Russian Federation,,Europe & Central Asia,High income: nonOECD,,,9.4,88.50617746162486,11.0,,
U3225,Samarkand State University,Uzbekistan,,Europe & Central Asia,Lower middle income,,,16.7,49.2137776113815,0.0,,
U3226,Samarkand State Institute of Foreign Languages,Uzbekistan,,Europe & Central Asia,Lower middle income,,,14.7,61.250467989517034,0.0,,
U3227,Samarkand State Medical University,Uzbekistan,,Europe & Central Asia,Lower middle income,,,9.9,86.42830400599027,2.0,,
U3228,Samsun University,Turkey,,Europe & Central Asia,Upper middle income,,,21.2,29.146387120928495,4.0,,
U3229,University of San Martín de Porres,Peru,,Latin America & Caribbean,Upper middle income,,,18.2,41.913141145638335,1.0,,
U3230,University of Santander,Colombia,,Latin America & Caribbean,Upper middle income,,,19.3,37.06476974915762,1.0,,
U3231,Universidad Santo Tomás,Chile,,Latin America & Caribbean,High income: OECD,,,22.4,25.32759266192437,1.0,,
U3232,Sarsen Amanzholov East Kazakhstan University,Kazakhstan,,Europe & Central Asia,Upper middle income,,,25.0,19.075252714339197,2.0,,
U3233,Satya Wacana Christian University,Indonesia,,East Asia & Pacific,Lower middle income,,,41.2,3.7064769749157622,0.0,,
U3234,Saudi Electronic University,Saudi Arabia,,Middle East & North Africa,High income: nonOECD,,,21.7,27.648820666417073,7.0,,
U3235,SBS Swiss Business School,Switzerland,,Europe & Central Asia,High income: OECD,,,13.6,67.2407338075627,61.0,,
U3236,University of Science and Technology of Southern Philippines (USTP),Philippines,,East Asia & Pacific,Lower middle income,,,28.3,13.552976413328343,0.0,,
U3237,SDU University,Kazakhstan,,Europe & Central Asia,Upper middle income,,,22.7,24.50393111194309,0.0,,
U3238,Sebha University,Libya,,Middle East & North Africa,Upper middle income,,,10.0,86.0539123923624,5.0,,
U3239,Sefako Makgatho Health Sciences University,South Africa,,Sub-Saharan Africa,Upper middle income,,,6.8,95.80681392736803,2.0,,
U3240,Seisa Dohto University,Japan,,East Asia & Pacific,High income: OECD,,,14.4,63.38450018719581,8.0,,
U3241,Senshu University,Japan,,East Asia & Pacific,High income: OECD,,,21.9,26.900037439161363,3.0,,
U3242,Seyitnazar Seydi Turkmen State Pedagogical Institute,Turkmenistan,,Europe & Central Asia,Upper middle income,,,21.9,26.900037439161363,0.0,,
U3243,"Shah Abdul Latif University, Khairpur",Pakistan,,South Asia,Lower middle income,,,37.0,5.672032946462002,0.0,,
U3244,Shaheed Benazir Bhutto Women University Peshawar,Pakistan,,South Asia,Lower middle income,,,26.9,15.481093223511788,0.0,,
U3245,Shaheed Mohtarma Benazir Bhutto Medical University,Pakistan,,South Asia,Lower middle income,,,3.4,98.78322725570948,0.0,,
U3246,Shaheed Zulfiqar Ali Bhutto Medical University,Pakistan,,South Asia,Lower middle income,,,12.7,72.85660801198053,2.0,,
U3247,The University of Shiga Prefecture,Japan,,East Asia & Pacific,High income: OECD,,,14.0,65.27517783601647,2.0,,
U3248,Shonan Institute of Technology,Japan,,East Asia & Pacific,High income: OECD,,,30.2,11.119430924747286,8.0,,
U3249,Silesian University in Opava,Czech Republic,,Europe & Central Asia,High income: OECD,,,20.0,33.78884312991389,5.0,,
U3250,SIMAD University,Somalia,,Sub-Saharan Africa,Low income,,,18.1,42.41856982403595,0.0,,
U3251,Simón Bolívar University (Colombia),Colombia,,Latin America & Caribbean,Upper middle income,,,21.0,29.85773118682141,1.0,,
U3252,Universidad del Sinú,Colombia,,Latin America & Caribbean,Upper middle income,,,26.8,15.574691126918761,0.0,,
U3253,Sir Syed University of Engineering and Technology,Pakistan,,South Asia,Lower middle income,,,17.5,45.05803070011232,0.0,,
U3254,Skolkovo Institute of Science and Technology (Skoltech),Russian Federation,,Europe & Central Asia,High income: nonOECD,,,8.8,90.88356420816174,21.0,,
U3255,"Solent University, Southampton",United Kingdom,,Europe & Central Asia,High income: OECD,,,17.4,45.56345937850992,34.0,,
U3256,"Soochow University, Taiwan",Taiwan,,,,,,34.6,7.13216023961063,4.0,,
U3257,University of Sopron,Hungary,,Europe & Central Asia,Upper middle income,,,13.6,67.2407338075627,4.0,,
U3258,University of Souk Ahras,Algeria,,Middle East & North Africa,Upper middle income,,,19.4,36.70909771621116,0.0,,
U3259,Institute of Southern Punjab – Multan,Pakistan,,South Asia,Lower middle income,,,19.4,36.70909771621116,0.0,,
U3260,Southern Technical University,Iraq,,Middle East & North Africa,Upper middle income,,,34.5,7.300636465743171,0.0,,
U3261,Sri Balaji Vidyapeeth,India,,South Asia,Lower middle income,,,8.7,91.18307749906403,1.0,,
U3262,Sri Lanka Institute of Information Technology,Sri Lanka,,South Asia,Lower middle income,,,56.8,1.1231748408835673,0.0,,
U3263,State Energy Institute of Turkmenistan,Turkmenistan,,Europe & Central Asia,Upper middle income,,,13.0,71.19056533133659,1.0,,
U3264,Stavropol State Agrarian University,Russian Federation,,Europe & Central Asia,High income: nonOECD,,,6.8,95.80681392736803,7.0,,
U3265,St Luke’s International University,Japan,,East Asia & Pacific,High income: OECD,,,8.7,91.18307749906403,2.0,,
U3266,"St Mary’s University College, Belfast",United Kingdom,,Europe & Central Asia,High income: OECD,,,23.5,22.61325346312243,48.0,,
U3267,"St Mary’s University, Twickenham",United Kingdom,,Europe & Central Asia,High income: OECD,,,15.8,54.867090977162114,23.0,,
U3268,Stranmillis University College,United Kingdom,,Europe & Central Asia,High income: OECD,,,24.8,19.35604642456009,18.0,,
U3269,University of Suffolk,United Kingdom,,Europe & Central Asia,High income: OECD,,,15.1,58.36765256458255,14.0,,
U3270,University of Sufism and Modern Sciences (USMS),Pakistan,,South Asia,Lower middle income,,,28.1,13.815050542867835,5.0,,
U3271,Sugiyama Jogakuen University,Japan,,East Asia & Pacific,High income: OECD,,,28.3,13.552976413328343,1.0,,
U3272,Sukkur IBA University,Pakistan,,South Asia,Lower middle income,,,15.4,56.77648820666417,0.0,,
U3273,University of Swabi,Pakistan,,South Asia,Lower middle income,,,11.6,78.45376263571696,0.0,,
U3274,Tafila Technical University,Jordan,,Middle East & North Africa,Upper middle income,,,22.9,23.848745788094348,1.0,,
U3275,University of Taipei,Taiwan,,,,,,19.9,34.18195432422314,3.0,,
U3276,Takushoku University,Japan,,East Asia & Pacific,High income: OECD,,,12.7,72.85660801198053,13.0,,
U3277,Tama Art University,Japan,,East Asia & Pacific,High income: OECD,,,33.4,8.161737177087236,11.0,,
U3278,University of Tamanghasset,Algeria,,Middle East & North Africa,Upper middle income,,,32.0,9.284912017970793,0.0,,
U3279,Tarlac Agricultural University,Philippines,,East Asia & Pacific,Lower middle income,,,26.1,16.959940097341818,0.0,,
U3280,Tarsus University,Turkey,,Europe & Central Asia,Upper middle income,,,22.7,24.50393111194309,1.0,,
U3281,Tashkent Institute of Chemical Technology,Uzbekistan,,Europe & Central Asia,Lower middle income,,,17.1,47.154623736428306,0.0,,
U3282,Tashkent Institute of Finance,Uzbekistan,,Europe & Central Asia,Lower middle income,,,22.7,24.50393111194309,1.0,,
U3283,Tashkent University of Information Technologies,Uzbekistan,,Europe & Central Asia,Lower middle income,,,19.4,36.70909771621116,0.0,,
U3284,Tashkent Institute of Irrigation and Agricultural Mechanisation,Uzbekistan,,Europe & Central Asia,Lower middle income,,,7.4,94.51516286035194,5.0,,
U3285,Tashkent Medical Academy,Uzbekistan,,Europe & Central Asia,Lower middle income,,,9.8,86.95245226506927,2.0,,
U3286,Tashkent Pediatric Medical Institute,Uzbekistan,,Europe & Central Asia,Lower middle income,,,10.1,85.62336203669038,1.0,,
U3287,Tashkent Pharmaceutical Institute,Uzbekistan,,Europe & Central Asia,Lower middle income,,,13.4,68.43878697117185,12.0,,
U3288,Tashkent State Dental Institute,Uzbekistan,,Europe & Central Asia,Lower middle income,,,8.9,90.49045301385249,3.0,,
U3289,Tashkent State University of Economics,Uzbekistan,,Europe & Central Asia,Lower middle income,,,21.0,29.85773118682141,3.0,,
U3290,Tashkent State University of Law,Uzbekistan,,Europe & Central Asia,Lower middle income,,,10.8,82.01048296518158,1.0,,
U3291,Tashkent State University of Oriental Studies,Uzbekistan,,Europe & Central Asia,Lower middle income,,,14.8,60.61400224634967,1.0,,
U3292,Tashkent State Pedagogical University named after Nizami,Uzbekistan,,Europe & Central Asia,Lower middle income,,,22.2,25.795582178959187,1.0,,
U3293,Tashkent State Technical University,Uzbekistan,,Europe & Central Asia,Lower middle income,,,12.6,73.23099962560839,0.0,,
U3294,Tashkent State Transport University,Uzbekistan,,Europe & Central Asia,Lower middle income,,,24.1,21.040808685885438,0.0,,
U3295,Tashkent Institute of Textile and Light Industry,Uzbekistan,,Europe & Central Asia,Lower middle income,,,11.5,78.99663047547735,0.0,,
U3296,Tata Institute of Fundamental Research,India,,South Asia,Lower middle income,,,3.0,98.9891426432048,0.0,,
U3297,Tatung University,Taiwan,,,,,,19.4,36.70909771621116,3.0,,
U3298,T. C. Demiroğlu Bilim University,Turkey,,Europe & Central Asia,Upper middle income,,,10.3,84.5001871958068,0.0,,
U3299,Teacher Education College of Setif,Algeria,,Middle East & North Africa,Upper middle income,,,14.7,61.250467989517034,0.0,,
U3300,Technical University of Moldova,Moldova,,Europe & Central Asia,Lower middle income,,,11.6,78.45376263571696,2.0,,
U3301,University of Technology Nowshera,Pakistan,,South Asia,Lower middle income,,,37.2,5.5784350430550305,0.0,,
U3302,Universidad Técnica de Manabí,Ecuador,,Latin America & Caribbean,Upper middle income,,,29.7,11.774616248596026,1.0,,
U3303,Universidad Tecnológica de Santiago (UTESA),Dominican Republic,,Latin America & Caribbean,Upper middle income,,,117.8,0.18719580681392234,4.0,,
U3304,Tecnológico de Costa Rica,Costa Rica,,Latin America & Caribbean,Upper middle income,,,14.5,62.67315612130289,2.0,,
U3305,Instituto Tecnológico Metropolitano,Colombia,,Latin America & Caribbean,Upper middle income,,,24.8,19.35604642456009,0.0,,
U3306,Teerthanker Mahaveer University,India,,South Asia,Lower middle income,,,11.9,76.97491576188693,0.0,,
U3307,Teikyo Heisei University,Japan,,East Asia & Pacific,High income: OECD,,,19.7,35.09921377761138,1.0,,
U3308,Institut Teknologi Nasional Bandung (ITENAS Bandung),Indonesia,,East Asia & Pacific,Lower middle income,,,22.3,25.570947210782478,0.0,,
U3309,University of Telafer,Iraq,,Middle East & North Africa,Upper middle income,,,32.0,9.284912017970793,0.0,,
U3310,Institute of Telecommunications and Informatics of Turkmenistan,Turkmenistan,,Europe & Central Asia,Upper middle income,,,9.7,87.40172220142269,0.0,,
U3311,Tenri University,Japan,,East Asia & Pacific,High income: OECD,,,23.4,22.912766754024705,6.0,,
U3312,Termez State University,Uzbekistan,,Europe & Central Asia,Lower middle income,,,26.2,16.754024709846504,1.0,,
U3313,Termez Institute of Engineering and Technology,Uzbekistan,,Europe & Central Asia,Lower middle income,,,41.7,3.5754399101460166,0.0,,
U3314,Termiz Institute of Agrotechnology and Innovative Development,Uzbekistan,,Europe & Central Asia,Lower middle income,,,17.4,45.56345937850992,0.0,,
U3315,University of the Thai Chamber of Commerce,Thailand,,East Asia & Pacific,Upper middle income,,,31.0,10.33320853612879,12.0,,
U3316,University of Thi-Qar,Iraq,,Middle East & North Africa,Upper middle income,,,15.9,54.26806439535754,0.0,,
U3317,Thomas Adewumi University,Nigeria,,Sub-Saharan Africa,Lower middle income,,,2.9,99.06402096593037,0.0,,
U3318,Tikrit University,Iraq,,Middle East & North Africa,Upper middle income,,,13.6,67.2407338075627,0.0,,
U3319,Tishk International University,Iraq,,Middle East & North Africa,Upper middle income,,,13.0,71.19056533133659,0.0,,
U3320,Tissemsilt University,Algeria,,Middle East & North Africa,Upper middle income,,,19.0,37.776113815050536,0.0,,
U3321,Tohoku Gakuin University,Japan,,East Asia & Pacific,High income: OECD,,,36.7,5.896667914638709,0.0,,
U3322,Tokyo University of Foreign Studies,Japan,,East Asia & Pacific,High income: OECD,,,16.6,49.812804193186075,10.0,,
U3323,Tokyo University of Technology,Japan,,East Asia & Pacific,High income: OECD,,,27.3,15.013103706476972,4.0,,
U3324,Tomsk State Pedagogical University,Russian Federation,,Europe & Central Asia,High income: nonOECD,,,20.5,31.542493448146757,6.0,,
U3325,Trinity Laban Conservatoire of Music and Dance,United Kingdom,,Europe & Central Asia,High income: OECD,,,9.6,87.81355297641333,34.0,,
U3326,University of Tripoli,Libya,,Middle East & North Africa,Upper middle income,,,19.8,34.66866342193935,2.0,,
U3327,Turan-Astana University,Kazakhstan,,Europe & Central Asia,Upper middle income,,,9.2,89.25496068888057,2.0,,
U3328,Turin Polytechnic University in Tashkent,Uzbekistan,,Europe & Central Asia,Lower middle income,,,39.7,4.155746911269187,1.0,,
U3329,Turkmen State Architecture and Construction Institute,Turkmenistan,,Europe & Central Asia,Upper middle income,,,9.9,86.42830400599027,0.0,,
U3330,Turkmen State Institute of Economics and Management,Turkmenistan,,Europe & Central Asia,Upper middle income,,,13.1,70.46050168476225,0.0,,
U3331,Tver State Technical University,Russian Federation,,Europe & Central Asia,High income: nonOECD,,,8.5,91.65106701609884,10.0,,
U3332,Ubon Ratchathani University,Thailand,,East Asia & Pacific,Upper middle income,,,23.9,21.677274429052783,0.0,,
U3333,UBT,Unknown,,,,,,12.6,73.23099962560839,3.0,,
U3334,"UEES, Espiritu Santo University",Ecuador,,Latin America & Caribbean,Upper middle income,,,12.8,72.40733807562711,24.0,,
U3335,UIN Sulthan Thaha Saifuddin Jambi,Indonesia,,East Asia & Pacific,Lower middle income,,,47.0,2.13403219767877,0.0,,
U3336,Ulyanovsk State University,Russian Federation,,Europe & Central Asia,High income: nonOECD,,,18.2,41.913141145638335,17.0,,
U3337,Ulyanovsk State Technical University,Russian Federation,,Europe & Central Asia,High income: nonOECD,,,16.6,49.812804193186075,8.0,,
U3338,UNESC,Brazil,,Latin America & Caribbean,Upper middle income,,,19.7,35.09921377761138,0.0,,
U3339,Unichristus,Brazil,,Latin America & Caribbean,Upper middle income,,,10.6,83.05877948333958,0.0,,
U3340,Universiapolis – Université Internationale d’Agadir,Morocco,,Middle East & North Africa,Lower middle income,,,22.9,23.848745788094348,11.0,,
U3341,Ural State University of Economics,Russian Federation,,Europe & Central Asia,High income: nonOECD,,,8.7,91.18307749906403,8.0,,
U3342,Ural State Medical University,Russian Federation,,Europe & Central Asia,High income: nonOECD,,,14.2,64.30175964058404,10.0,,
U3343,Urgench State University,Uzbekistan,,Europe & Central Asia,Lower middle income,,,20.3,32.590789966304754,4.0,,
U3344,Uruk University,Iraq,,Middle East & North Africa,Upper middle income,,,21.9,26.900037439161363,0.0,,
U3345,Universidad UTE,Ecuador,,Latin America & Caribbean,Upper middle income,,,18.7,39.04904530138524,1.0,,
U3346,National University of Uzbekistan named after Mirzo Ulugbek,Uzbekistan,,Europe & Central Asia,Lower middle income,,,13.2,69.89891426432048,2.0,,
U3347,Uzbekistan State University of World Languages,Uzbekistan,,Europe & Central Asia,Lower middle income,,,20.6,31.093223511793333,0.0,,
U3348,Uzbek State University of Physical Culture and Sport,Uzbekistan,,Europe & Central Asia,Lower middle income,,,29.7,11.774616248596026,0.0,,
U3349,Valahia University of Targoviste,Romania,,Europe & Central Asia,Upper middle income,,,22.0,26.46948708348933,1.0,,
U3350,University of Vale do Itajaí,Brazil,,Latin America & Caribbean,Upper middle income,,,16.4,50.861100711344065,1.0,,
U3351,Varendra University,Bangladesh,,South Asia,Low income,,,19.7,35.09921377761138,0.0,,
U3352,Varna University of Management,Bulgaria,,Europe & Central Asia,Upper middle income,,,13.0,71.19056533133659,35.0,,
U3353,Vasyl Stefanyk Precarpathian National University,Ukraine,,Europe & Central Asia,Lower middle income,,,15.3,57.35679520778735,0.0,,
U3354,"Veritas University, Abuja",Nigeria,,Sub-Saharan Africa,Lower middle income,,,15.9,54.26806439535754,3.0,,
U3355,University of Veterinary Medicine and Pharmacy in Košice,Slovakia,,Europe & Central Asia,High income: OECD,,,9.0,90.00374391613629,44.0,,
U3356,Vila Velha University,Brazil,,Latin America & Caribbean,Upper middle income,,,18.5,40.24709846499438,1.0,,
U3357,Vinayaka Mission’s Research Foundation,India,,South Asia,Lower middle income,,,9.5,88.22538375140397,0.0,,
U3358,Visayas State University,Philippines,,East Asia & Pacific,Lower middle income,,,16.6,49.812804193186075,0.0,,
U3359,Visvesvaraya Technological University,India,,South Asia,Lower middle income,,,19.7,35.09921377761138,0.0,,
U3360,Volgograd State Medical University,Russian Federation,,Europe & Central Asia,High income: nonOECD,,,5.9,97.07974541370274,32.0,,
U3361,University of Wales Trinity Saint David,United Kingdom,,Europe & Central Asia,High income: OECD,,,23.6,22.36989891426432,32.0,,
U3362,University of Warith Alanbiyaa,Iraq,,Middle East & North Africa,Upper middle income,,,16.7,49.2137776113815,0.0,,
U3363,Wasit University,Iraq,,Middle East & North Africa,Upper middle income,,,20.7,30.756271059528263,0.0,,
U3364,Westcliff University,United States,,North America,High income: OECD,,,12.8,72.40733807562711,85.0,,
U3365,Western Caspian University,Azerbaijan,,Europe & Central Asia,Upper middle income,,,10.1,85.62336203669038,6.0,,
U3366,West Ukrainian National University,Ukraine,,Europe & Central Asia,Lower middle income,,,21.0,29.85773118682141,3.0,,
U3367,WHU: Beisheim,Germany,,Europe & Central Asia,High income: OECD,,,31.3,10.146012729314869,32.0,,
U3368,Women University Mardan,Pakistan,,South Asia,Lower middle income,,,26.5,16.15499812804193,1.0,,
U3369,The Women University Multan,Pakistan,,South Asia,Lower middle income,,,38.0,5.035567203294644,0.0,,
U3370,University of Worcester,United Kingdom,,Europe & Central Asia,High income: OECD,,,17.2,46.63047547734931,14.0,,
U3371,World University of Bangladesh (WUB),Bangladesh,,South Asia,Low income,,,20.8,30.381879445900417,0.0,,
U3372,The World Islamic Sciences and Education University (WISE),Jordan,,Middle East & North Africa,Upper middle income,,,27.2,15.16286035192812,8.0,,
U3373,Wrexham Glyndwr University,United Kingdom,,Europe & Central Asia,High income: OECD,,,25.5,18.232871583676523,19.0,,
U3374,Writtle University College,United Kingdom,,Europe & Central Asia,High income: OECD,,,7.5,94.21564956944964,9.0,,
U3375,WSB Academy,Poland,,Europe & Central Asia,High income: OECD,,,6.4,96.42456008985398,49.0,,
U3376,Yagshigeldi Kakayev International University of Oil and Gas,Turkmenistan,,Europe & Central Asia,Upper middle income,,,11.4,79.44590041183078,1.0,,
U3377,Yamaguchi Prefectural University,Japan,,East Asia & Pacific,High income: OECD,,,16.2,52.09659303631599,2.0,,
U3378,Yanka Kupala State University of Grodno,Belarus,,Europe & Central Asia,Upper middle income,,,15.7,55.29764133283415,10.0,,
U3379,Yaşar University,Turkey,,Europe & Central Asia,Upper middle income,,,11.7,77.94833395731936,2.0,,
U3380,York St John University,United Kingdom,,Europe & Central Asia,High income: OECD,,,18.4,40.696368401347804,13.0,,
U3381,"Yusuf Maitama Sule University, Kano",Nigeria,,Sub-Saharan Africa,Lower middle income,,,26.2,16.754024709846504,0.0,,
U3382,Zarqa University,Jordan,,Middle East & North Africa,Upper middle income,,,17.0,47.69749157618869,35.0,,
U3383,Zhetysu University,Kazakhstan,,Europe & Central Asia,Upper middle income,,,18.2,41.913141145638335,0.0,,
U3384,Zhytomyr Polytechnic State University,Ukraine,,Europe & Central Asia,Lower middle income,,,16.1,52.639460876076384,1.0,,
U3385,Ziane Achour University of Djelfa,Algeria,,Middle East & North Africa,Upper middle income,,,28.5,13.290902283788842,0.0,,
U3386,Ziauddin University,Pakistan,,South Asia,Lower middle income,,,9.2,89.25496068888057,0.0,,
U3387,Hong Kong Polytechnic University,Unknown,,,,,,,,,,
U3388,University of Montreal,Unknown,,,,,,,,,,
U3389,University of Duisburg-Essen,Germany,,Europe & Central Asia,High income: OECD,,,,,,,
U3390,Golestan University of Medical Sciences,Iran,,Middle East & North Africa,Upper middle income,,,,,,,
U3391,University of New Mexico (Main campus),United States,,North America,High income: OECD,,,,,,,
U3392,Federal University of Toulouse Midi-Pyrénées,France,,Europe & Central Asia,High income: OECD,,,,,,,
U3393,"Islamic Azad University, Najafabad Branch (IAUN)",Iran,,Middle East & North Africa,Upper middle income,,,,,,,
U3394,Constructor University Bremen,Unknown,,,,,,,,,,
U3395,Kermanshah University of Medical Sciences,Iran,,Middle East & North Africa,Upper middle income,,,,,,,
U3396,Southwestern University of Finance and Economics,China,,East Asia & Pacific,Upper middle income,,,,,,,
U3397,SUNY University at Albany,United States,,North America,High income: OECD,,,,,,,
U3398,Université Bourgogne Franche-Comté (UBFC),France,,Europe & Central Asia,High income: OECD,,,,,,,
U3399,University of Desarrollo,Chile,,Latin America & Caribbean,High income: OECD,,,,,,,
U3400,Graphic Era University,Unknown,,,,,,,,,,
U3401,Indian Institute of Technology Indore,India,,South Asia,Lower middle income,,,,,,,
U3402,Majmaah University,Saudi Arabia,,Middle East & North Africa,High income: nonOECD,,,,,,,
U3403,University of Perugia,Italy,,Europe & Central Asia,High income: OECD,,,,,,,
U3404,University of Strasbourg,France,,Europe & Central Asia,High income: OECD,,,,,,,
U3405,University of Dayton,United States,,North America,High income: OECD,,,,,,,
U3406,University of Missouri-St Louis,United States,,North America,High income: OECD,,,,,,,
U3407,National Institute of Technology Hamirpur,India,,South Asia,Lower middle income,,,,,,,
U3408,Shahid Beheshti University,Iran,,Middle East & North Africa,Upper middle income,,,,,,,
U3409,Southern Illinois University Carbondale,United States,,North America,High income: OECD,,,,,,,
U3410,University of Thessaly,Greece,,Europe & Central Asia,High income: OECD,,,,,,,
U3411,University of Wisconsin-Milwaukee,United States,,North America,High income: OECD,,,,,,,
U3412,"China University of Geosciences, Beijing",China,,East Asia & Pacific,Upper middle income,,,,,,,
U3413,Creighton University,United States,,North America,High income: OECD,,,,,,,
U3414,Guangxi University,China,,East Asia & Pacific,Upper middle income,,,,,,,
U3415,Hyogo College of Medicine,Japan,,East Asia & Pacific,High income: OECD,,,,,,,
U3416,Jiangxi University of Finance and Economics,China,,East Asia & Pacific,Upper middle income,,,,,,,
U3417,University of Leoben,Austria,,Europe & Central Asia,High income: OECD,,,,,,,
U3418,Lusophone University of Humanities and Technologies,Portugal,,Europe & Central Asia,High income: OECD,,,,,,,
U3419,Menoufia University,Egypt,,Middle East & North Africa,Lower middle income,,,,,,,
U3420,SWPS University of Social Sciences and Humanities,Poland,,Europe & Central Asia,High income: OECD,,,,,,,
U3421,Zhejiang University of Technology,China,,East Asia & Pacific,Upper middle income,,,,,,,
U3422,University of Colorado Colorado Springs,United States,,North America,High income: OECD,,,,,,,
U3423,University of Fort Hare,South Africa,,Sub-Saharan Africa,Upper middle income,,,,,,,
U3424,Fujian Normal University,China,,East Asia & Pacific,Upper middle income,,,,,,,
U3425,Grand Valley State University,United States,,North America,High income: OECD,,,,,,,
U3426,University of North Carolina Wilmington,United States,,North America,High income: OECD,,,,,,,
U3427,Shahid Rajaee Teacher Training University,Iran,,Middle East & North Africa,Upper middle income,,,,,,,
U3428,Southwest Jiaotong University,Unknown,,,,,,,,,,
U3429,Tshwane University of Technology,South Africa,,Sub-Saharan Africa,Upper middle income,,,,,,,
U3430,Universidade Federal do Triângulo Mineiro,Brazil,,Latin America & Caribbean,Upper middle income,,,,,,,
U3431,Universidade Federal do Vale do São Francisco,Brazil,,Latin America & Caribbean,Upper middle income,,,,,,,
U3432,Federal University of Pelotas,Brazil,,Latin America & Caribbean,Upper middle income,,,,,,,
U3433,Federal University of Piauí,Brazil,,Latin America & Caribbean,Upper middle income,,,,,,,
U3434,Federal University of the State of Rio de Janeiro (UNIRIO),Brazil,,Latin America & Caribbean,Upper middle income,,,,,,,
U3435,Federal University of Vales do Jequitinhonha e Mucuri,Brazil,,Latin America & Caribbean,Upper middle income,,,,,,,
U3436,University of Łódź,Poland,,Europe & Central Asia,High income: OECD,,,,,,,
U3437,University of Passo Fundo (UPF),Brazil,,Latin America & Caribbean,Upper middle income,,,,,,,
U3438,Technical University of Loja,Ecuador,,Latin America & Caribbean,Upper middle income,,,,,,,
U3439,Tokyo University of Pharmacy and Life Sciences,Japan,,East Asia & Pacific,High income: OECD,,,,,,,
U3440,"Adamawa State University, Mubi",Nigeria,,Sub-Saharan Africa,Lower middle income,,,,,,,
U3441,Aga Khan University,Pakistan,,South Asia,Lower middle income,,,,,,,
U3442,Ahl Al Bayt University,Iraq,,Middle East & North Africa,Upper middle income,,,,,,,
U3443,Tashkent Metropolitan University,Uzbekistan,,Europe & Central Asia,Lower middle income,,,,,,,
U3444,Al-Farahidi University,Iraq,,Middle East & North Africa,Upper middle income,,,,,,,
U3445,American University of Nigeria,Nigeria,,Sub-Saharan Africa,Lower middle income,,,,,,,
U3446,Arab Open University – Kuwait,Kuwait,,Middle East & North Africa,High income: nonOECD,,,,,,,
U3447,Arab Open University Lebanon,Lebanon,,Middle East & North Africa,Upper middle income,,,,,,,
U3448,Ashur University College,Iraq,,Middle East & North Africa,Upper middle income,,,,,,,
U3449,Augustine University,Nigeria,,Sub-Saharan Africa,Lower middle income,,,,,,,
U3450,"Balochistan University of Engineering and Technology, Khuzdar",Pakistan,,South Asia,Lower middle income,,,,,,,
U3451,"Bamidele Olumilua University of Education, Science and Technology, Ikere-Ikiti",Nigeria,,Sub-Saharan Africa,Lower middle income,,,,,,,
U3452,Basrah University College of Science and Technology,Iraq,,Middle East & North Africa,Upper middle income,,,,,,,
U3453,Bowen University,Nigeria,,Sub-Saharan Africa,Lower middle income,,,,,,,
U3454,Centro Universitário de Jaguariúna,Brazil,,Latin America & Caribbean,Upper middle income,,,,,,,
U3455,Centro Universitário Max Planck,Brazil,,Latin America & Caribbean,Upper middle income,,,,,,,
U3456,César Ritz Colleges Switzerland,Switzerland,,Europe & Central Asia,High income: OECD,,,,,,,
U3457,Christ University Bengaluru India,India,,South Asia,Lower middle income,,,,,,,
U3458,Coal City University,Nigeria,,Sub-Saharan Africa,Lower middle income,,,,,,,
U3459,Cross River University of Technology,Nigeria,,Sub-Saharan Africa,Lower middle income,,,,,,,
U3460,C.V. Raman Global University,India,,South Asia,Lower middle income,,,,,,,
U3461,Deraya University,Egypt,,Middle East & North Africa,Lower middle income,,,,,,,
U3462,Dhonburi Rajabhat University,Thailand,,East Asia & Pacific,Upper middle income,,,,,,,
U3463,Dijlah University,Iraq,,Middle East & North Africa,Upper middle income,,,,,,,
U3464,Doğuş University,Turkey,,Europe & Central Asia,Upper middle income,,,,,,,
U3465,Ebonyi State University,Nigeria,,Sub-Saharan Africa,Lower middle income,,,,,,,
U3466,Academy of Economic Studies of Moldova,Moldova,,Europe & Central Asia,Lower middle income,,,,,,,
U3467,"University of Engineering and Technology, Mardan",Pakistan,,South Asia,Lower middle income,,,,,,,
U3468,ESIC,Unknown,,,,,,,,,,
U3469,Universidade Estadual de Goiás,Brazil,,Latin America & Caribbean,Upper middle income,,,,,,,
U3470,European University of Valencia,Spain,,Europe & Central Asia,High income: OECD,,,,,,,
U3471,Externado University of Colombia,Colombia,,Latin America & Caribbean,Upper middle income,,,,,,,
U3472,Federal University Gashua,Nigeria,,Sub-Saharan Africa,Lower middle income,,,,,,,
U3473,Federal University of Lafia,Nigeria,,Sub-Saharan Africa,Lower middle income,,,,,,,
U3474,First Technical University,Nigeria,,Sub-Saharan Africa,Lower middle income,,,,,,,
U3475,Fukui Prefectural University,Japan,,East Asia & Pacific,High income: OECD,,,,,,,
U3476,Fundação Oswaldo Cruz,Brazil,,Latin America & Caribbean,Upper middle income,,,,,,,
U3477,Fundación Universitaria del Área Andina,Colombia,,Latin America & Caribbean,Upper middle income,,,,,,,
U3478,Greenwich University,Pakistan,,South Asia,Lower middle income,,,,,,,
U3479,Gregory University Uturu,Nigeria,,Sub-Saharan Africa,Lower middle income,,,,,,,
U3480,University of Health and Allied Sciences,Ghana,,Sub-Saharan Africa,Lower middle income,,,,,,,
U3481,Huachiew Chalermprakiet University,Thailand,,East Asia & Pacific,Upper middle income,,,,,,,
U3482,Ignatius Ajuru University of Education,Nigeria,,Sub-Saharan Africa,Lower middle income,,,,,,,
U3483,Jerash Private University,Jordan,,Middle East & North Africa,Upper middle income,,,,,,,
U3484,University of Jos,Nigeria,,Sub-Saharan Africa,Lower middle income,,,,,,,
U3485,Kampala International University,Uganda,,Sub-Saharan Africa,Low income,,,,,,,
U3486,Karshi State University,Uzbekistan,,Europe & Central Asia,Lower middle income,,,,,,,
U3487,Kermanshah University of Technology,Iran,,Middle East & North Africa,Upper middle income,,,,,,,
U3488,Khomein University of Medical Sciences,Iran,,Middle East & North Africa,Upper middle income,,,,,,,
U3489,Kings University,Nigeria,,Sub-Saharan Africa,Lower middle income,,,,,,,
U3490,Kobe City University of Foreign Studies,Japan,,East Asia & Pacific,High income: OECD,,,,,,,
U3491,Konya Technical University,Turkey,,Europe & Central Asia,Upper middle income,,,,,,,
U3492,KTO Karatay University,Turkey,,Europe & Central Asia,Upper middle income,,,,,,,
U3493,Loei Rajabhat University,Thailand,,East Asia & Pacific,Upper middle income,,,,,,,
U3494,Marian College Kuttikkanam (Autonomous),India,,South Asia,Lower middle income,,,,,,,
U3495,Michael and Cecilia Ibru University,Nigeria,,Sub-Saharan Africa,Lower middle income,,,,,,,
U3496,"Michael Okpara University of Agriculture, Umudike",Nigeria,,Sub-Saharan Africa,Lower middle income,,,,,,,
U3497,MIOTI Tech and Business School,Spain,,Europe & Central Asia,High income: OECD,,,,,,,
U3498,Universidad Monteávila,Venezuela,,Latin America & Caribbean,Upper middle income,,,,,,,
U3499,Nara Institute of Science and Technology,Japan,,East Asia & Pacific,High income: OECD,,,,,,,
U3500,National University of Mongolia,Mongolia,,East Asia & Pacific,Lower middle income,,,,,,,
U3501,Newman University,United Kingdom,,Europe & Central Asia,High income: OECD,,,,,,,
U3502,"Nigerian Police Academy, Wudil",Nigeria,,Sub-Saharan Africa,Lower middle income,,,,,,,
U3503,Novena University,Nigeria,,Sub-Saharan Africa,Lower middle income,,,,,,,
U3504,Nursing School of Coimbra,Portugal,,Europe & Central Asia,High income: OECD,,,,,,,
U3505,Olusegun Agagu University of Science and Technology,Nigeria,,Sub-Saharan Africa,Lower middle income,,,,,,,
U3506,Paris University of International Education,France,,Europe & Central Asia,High income: OECD,,,,,,,
U3507,Polytechnic University of Tirana,Albania,,Europe & Central Asia,Upper middle income,,,,,,,
U3508,Poltava V.G. Korolenko National Pedagogical University (PNPU),Ukraine,,Europe & Central Asia,Lower middle income,,,,,,,
U3509,Ravensbourne,United Kingdom,,Europe & Central Asia,High income: OECD,,,,,,,
U3510,Salahaddin University,Iraq,,Middle East & North Africa,Upper middle income,,,,,,,
U3511,Salem University,Nigeria,,Sub-Saharan Africa,Lower middle income,,,,,,,
U3512,Samuel Adegboyega University,Nigeria,,Sub-Saharan Africa,Lower middle income,,,,,,,
U3513,Sikkim Manipal University,India,,South Asia,Lower middle income,,,,,,,
U3514,Simón Bolívar University,Venezuela,,Latin America & Caribbean,Upper middle income,,,,,,,
U3515,Sokoto State University,Nigeria,,Sub-Saharan Africa,Lower middle income,,,,,,,
U3516,Soran University,Iraq,,Middle East & North Africa,Upper middle income,,,,,,,
U3517,University of South Santa Catarina (Unisul),Brazil,,Latin America & Caribbean,Upper middle income,,,,,,,
U3518,SR University,India,,South Asia,Lower middle income,,,,,,,
U3519,Sri Padmavati Mahila Visvavidyalayam (Women's University),India,,South Asia,Lower middle income,,,,,,,
U3520,Sulaimani Polytechnic University,Iraq,,Middle East & North Africa,Upper middle income,,,,,,,
U3521,Suratthani Rajabhat University,Thailand,,East Asia & Pacific,Upper middle income,,,,,,,
U3522,Tashkent State Agrarian University,Uzbekistan,,Europe & Central Asia,Lower middle income,,,,,,,
U3523,Tecmilenio University,Mexico,,Latin America & Caribbean,Upper middle income,,,,,,,
U3524,Umaru Musa Yar’adua University,Nigeria,,Sub-Saharan Africa,Lower middle income,,,,,,,
U3525,UNNOBA,Argentina,,Latin America & Caribbean,Upper middle income,,,,,,,
U3526,Üsküdar University,Turkey,,Europe & Central Asia,Upper middle income,,,,,,,
U3527,"Usmanu Danfodiyo University, Sokoto",Nigeria,,Sub-Saharan Africa,Lower middle income,,,,,,,
U3528,University of Uyo,Nigeria,,Sub-Saharan Africa,Lower middle income,,,,,,,
U3529,Virtual University of Tunis,Tunisia,,Middle East & North Africa,Upper middle income,,,,,,,
U3530,​Wellspring University,Nigeria,,Sub-Saharan Africa,Lower middle income,,,,,,,
