university_id,year,global_ranking_score,research_impact_score,student_staff_ratio,faculty_student_ratio_score,international_student_percentage,academic_reputation_score,research_productivity_index
U0001,2024,100.0,100.0,,,,100.0,
U0002,2024,98.5,93.9,11.8,77.51778360164732,61.0,98.5,95.635
U0003,2024,96.9,84.8,10.9,81.50505428678397,42.0,100.0,93.67
U0004,2024,96.8,100.0,9.0,90.00374391613629,25.0,100.0,99.815
U0005,2024,96.7,84.6,11.5,78.99663047547735,38.0,100.0,93.34
U0006,2024,96.1,99.0,6.4,96.42456008985398,23.0,100.0,98.73
U0007,2024,93.9,97.9,,,,98.8,
U0008,2024,93.7,93.1,,,,99.5,
U0009,2024,91.6,72.2,11.3,79.95132909022837,61.0,99.5,83.77000000000001
U0010,2024,90.9,100.0,,,,96.5,
U0011,2024,90.3,74.0,6.2,96.81767128416324,22.0,96.3,85.39500000000001
U0012,2024,90.1,98.2,,,,100.0,
U0013,2024,88.9,93.0,,,,98.5,
U0014,2024,88.5,97.7,10.9,81.50505428678397,14.0,99.5,94.935
U0015,2024,88.4,92.4,,,,91.9,
U0016,2024,87.9,97.5,10.0,86.0539123923624,24.0,98.3,94.445
U0017,2024,87.6,86.4,,,,97.4,
U0018,2024,87.3,93.7,23.1,23.41819543242232,51.0,96.4,84.595
U0019,2024,87.1,94.9,,,,90.5,
U0020,2024,86.5,99.1,11.2,80.49419692998877,10.0,99.2,97.275
U0021,2024,86.2,60.8,,,,99.1,
U0022,2024,85.5,100.0,7.3,94.92699363534255,23.0,99.8,98.965
U0023,2024,85.2,38.6,5.2,97.60389367278172,21.0,99.9,73.08
U0024,2024,84.7,87.6,,,,74.4,
U0025,2024,84.1,50.8,25.8,17.63384500187196,27.0,99.7,76.455
U0026,2024,83.5,93.6,,,,84.2,
U0027,2024,83.3,47.7,,,,98.3,
U0028,2024,83.2,75.9,44.4,2.789217521527521,39.0,83.0,82.645
U0029,2024,83.0,57.9,11.9,76.97491576188693,29.0,94.3,70.66499999999999
U0030,2024,82.4,84.6,,,,93.8,
U0031,2024,82.3,71.7,16.1,52.639460876076384,13.0,98.5,73.685
U0032,2024,82.1,84.2,4.1,98.427555222763,28.0,86.0,90.285
U0033,2024,82.1,57.3,10.3,84.5001871958068,15.0,100.0,72.84
U0034,2024,82.0,31.7,5.2,97.60389367278172,35.0,99.6,68.42500000000001
U0035,2024,82.0,45.1,,,,95.6,
U0036,2024,81.3,92.9,,,,86.7,
U0037,2024,81.2,87.6,43.1,2.995132909022835,38.0,89.2,82.445
U0038,2024,81.0,57.7,19.4,36.70909771621116,34.0,98.3,72.515
U0039,2024,80.3,80.7,12.6,73.23099962560839,9.0,85.7,79.50999999999999
U0040,2024,80.2,53.6,,,,90.3,
U0041,2024,80.2,90.2,39.1,4.473979782852866,42.0,86.7,80.86000000000001
U0042,2024,79.8,74.0,,,,100.0,
U0043,2024,79.6,28.6,,,,96.3,
U0044,2024,79.0,47.6,8.1,92.86783976038936,16.0,97.9,73.505
U0045,2024,77.8,99.6,12.6,73.23099962560839,9.0,84.0,87.565
U0046,2024,77.5,86.1,6.8,95.80681392736804,42.0,44.7,73.7
U0047,2024,77.1,99.7,19.9,34.18195432422314,30.0,81.1,84.84
U0048,2024,77.1,99.5,12.0,76.3010108573568,16.0,75.3,85.83
U0049,2024,77.0,79.7,15.9,54.26806439535754,30.0,74.4,78.375
U0050,2024,76.0,39.3,9.0,90.00374391613629,11.0,98.8,60.225
U0051,2024,76.0,67.7,13.1,70.46050168476225,18.0,84.0,79.11
U0052,2024,76.0,69.4,,,,67.2,
U0053,2024,75.7,96.2,,,,87.7,
U0054,2024,75.4,75.9,14.8,60.61400224634967,31.0,75.8,74.46000000000001
U0055,2024,73.7,92.2,13.2,69.89891426432048,36.0,83.8,83.14
U0056,2024,72.9,44.1,,,,81.5,
U0057,2024,72.1,94.9,30.6,10.819917633845,30.0,68.0,80.52
U0058,2024,72.0,98.9,11.9,76.97491576188693,44.0,69.8,93.895
U0059,2024,71.6,50.0,,,,92.2,
U0060,2024,71.2,29.1,,,,82.9,
U0061,2024,70.8,35.1,3.9,98.61475102957694,18.0,86.0,64.725
U0062,2024,70.7,100.0,13.2,69.89891426432048,67.0,60.9,81.11500000000001
U0063,2024,70.3,91.0,37.3,5.466117558966676,19.0,84.6,85.59
U0064,2024,70.3,72.3,14.5,62.67315612130289,22.0,87.2,71.125
U0065,2024,69.7,66.9,,,,82.2,
U0066,2024,69.5,76.7,16.4,50.86110071134407,8.0,93.5,79.92500000000001
U0067,2024,69.0,45.0,16.3,51.535005615874205,31.0,78.2,52.31
U0068,2024,68.7,44.3,11.1,80.88730812429802,13.0,93.4,54.6
U0069,2024,68.2,37.7,,,,72.2,
U0070,2024,68.2,77.5,19.6,35.49232497192063,23.0,83.9,80.825
U0071,2024,67.6,1.6,,,,94.1,
U0072,2024,67.1,67.0,,,,89.3,
U0073,2024,67.0,35.0,13.0,71.19056533133659,24.0,60.7,57.735
U0074,2024,65.7,86.1,15.9,54.26806439535754,26.0,45.2,74.91999999999999
U0075,2024,65.6,44.6,12.0,76.3010108573568,18.0,68.3,59.3
U0076,2024,65.3,78.8,10.1,85.62336203669038,16.0,81.9,85.295
U0077,2024,65.2,98.8,22.4,25.32759266192437,26.0,55.5,78.705
U0078,2024,65.0,32.5,14.4,63.38450018719581,43.0,77.4,55.33
U0079,2024,64.7,76.4,10.3,84.5001871958068,19.0,59.9,73.845
U0080,2024,64.1,40.5,15.2,57.88094346686634,32.0,68.9,57.33
U0081,2024,64.1,83.4,13.0,71.19056533133659,35.0,50.1,74.07000000000001
U0082,2024,63.8,87.0,,,,56.0,
U0083,2024,63.8,39.8,14.4,63.38450018719581,32.0,70.5,54.92999999999999
U0084,2024,63.7,32.7,,,,76.9,
U0085,2024,63.7,43.1,,,,75.1,
U0086,2024,63.5,54.9,10.4,84.06963684013478,10.0,82.4,57.58
U0087,2024,62.9,58.4,,,,69.5,
U0088,2024,62.4,97.7,37.4,5.3725196555597154,25.0,43.9,78.21000000000001
U0089,2024,61.7,40.9,14.0,65.27517783601647,32.0,59.6,52.81
U0090,2024,61.7,55.4,,,,76.6,
U0091,2024,61.7,54.3,,,,63.3,
U0092,2024,61.6,28.5,,,,92.8,
U0093,2024,61.5,8.8,,,,93.7,
U0094,2024,61.4,4.1,9.6,87.81355297641333,37.0,78.0,36.435
U0095,2024,61.4,2.4,,,,97.0,
U0096,2024,61.2,61.3,22.8,24.18569824035942,27.0,57.0,64.16999999999999
U0097,2024,60.6,71.7,,,,80.3,
U0098,2024,60.3,96.9,10.5,83.60164732309995,5.0,45.9,76.08500000000001
U0099,2024,59.9,71.9,43.3,2.9576937476600507,29.0,46.6,71.16499999999999
U0100,2024,59.6,23.1,4.3,98.25907899663048,14.0,74.0,49.95
U0101,2024,59.5,78.0,,,,38.0,
U0102,2024,59.4,68.4,,,,44.9,
U0103,2024,59.3,42.3,13.3,69.18757019842757,17.0,61.4,56.495000000000005
U0104,2024,59.2,49.2,12.4,74.11081991763385,46.0,46.5,54.015
U0105,2024,59.1,43.9,,,,58.3,
U0106,2024,59.1,79.5,,,,66.5,
U0107,2024,58.8,23.9,11.8,77.51778360164732,12.0,73.8,46.25
U0108,2024,58.5,37.6,16.0,53.46312242605767,27.0,61.1,53.755
U0109,2024,58.3,84.4,7.7,93.72894047173344,28.0,33.2,71.15
U0110,2024,58.3,40.1,14.7,61.25046798951704,24.0,59.9,57.68000000000001
U0111,2024,58.2,40.2,25.7,17.87719955073006,19.0,70.8,51.45
U0112,2024,58.6,41.3,10.8,82.01048296518158,29.0,61.9,59.03
U0113,2024,57.9,73.6,20.4,32.02920254586298,23.0,45.7,64.45
U0114,2024,57.3,52.8,28.0,13.983526769000376,29.0,67.1,72.25999999999999
U0115,2024,57.2,78.9,24.2,20.74129539498315,23.0,40.4,69.74
U0116,2024,57.1,23.7,9.9,86.42830400599027,13.0,77.7,54.48
U0117,2024,56.8,49.6,15.9,54.26806439535754,5.0,62.3,62.65
U0118,2024,56.3,79.1,,,,58.5,
U0119,2024,56.1,55.7,12.5,73.66154998128043,15.0,55.6,63.015
U0120,2024,55.8,62.8,14.6,61.92437289404717,45.0,48.3,64.505
U0121,2024,55.8,93.4,33.0,8.536128790715091,24.0,32.6,71.17500000000001
U0122,2024,55.7,48.2,8.4,91.96929988768252,36.0,29.8,52.59
U0123,2024,55.5,77.7,24.0,21.35904155746912,34.0,40.4,64.55
U0124,2024,55.5,41.3,,,,57.9,
U0125,2024,55.2,58.0,14.2,64.30175964058404,24.0,50.4,66.905
U0126,2024,55.0,27.0,,,,89.2,
U0127,2024,55.0,46.4,20.7,30.756271059528263,25.0,51.4,54.015
U0128,2024,54.8,64.5,20.3,32.590789966304754,13.0,52.5,65.91
U0129,2024,54.5,38.7,14.8,60.61400224634967,26.0,50.0,53.315
U0130,2024,54.4,52.5,13.3,69.18757019842757,18.0,63.0,66.53
U0131,2024,54.3,94.5,10.4,84.06963684013478,31.0,26.6,74.74000000000001
U0132,2024,54.2,45.3,22.2,25.795582178959187,9.0,80.7,54.43
U0133,2024,54.1,46.6,,,,80.8,
U0134,2024,54.1,79.6,51.7,1.5537251965555998,22.0,33.4,69.16
U0135,2024,54.1,97.7,8.1,92.86783976038936,5.0,50.0,84.33500000000001
U0136,2024,54.0,79.3,21.4,28.491201797079743,27.0,28.7,67.57
U0137,2024,53.9,13.0,37.4,5.3725196555597154,31.0,70.9,45.655
U0138,2024,53.8,14.1,,,,61.7,
U0139,2024,53.7,77.4,15.4,56.77648820666417,17.0,26.3,67.12
U0140,2024,53.7,11.2,,,,82.8,
U0141,2024,53.6,69.6,13.9,65.87420441782103,38.0,38.9,65.56
U0142,2024,53.6,54.5,19.3,37.06476974915762,21.0,68.4,66.995
U0143,2024,53.6,87.9,9.8,86.95245226506927,26.0,39.1,72.745
U0144,2024,53.3,63.8,13.5,67.83976038936727,9.0,54.7,67.745
U0145,2024,53.0,93.0,16.7,49.2137776113815,8.0,57.1,80.12
U0146,2024,52.7,19.6,,,,63.3,
U0147,2024,52.5,22.1,,,,55.3,
U0148,2024,52.3,25.7,,,,61.0,
U0149,2024,52.2,34.4,,,,59.8,
U0150,2024,52.1,77.4,,,,54.1,
U0151,2024,52.1,52.0,15.8,54.867090977162114,31.0,35.8,53.21
U0152,2024,51.9,50.3,16.1,52.639460876076384,11.0,59.5,59.975
U0153,2024,51.9,25.4,13.0,71.19056533133659,12.0,63.2,43.23
U0154,2024,51.8,64.3,20.5,31.54249344814676,6.0,61.2,66.78
U0155,2024,51.6,62.4,8.4,91.96929988768252,40.0,45.5,59.935
U0156,2024,51.6,47.2,,,,61.4,
U0157,2024,51.6,41.3,18.1,42.41856982403595,28.0,42.1,60.89999999999999
U0158,2024,51.5,63.3,36.0,6.196181205540996,25.0,37.0,68.47999999999999
U0159,2024,51.3,19.3,20.5,31.54249344814676,22.0,55.5,47.08
U0160,2024,51.3,41.2,28.8,12.935230250842377,29.0,52.3,60.125
U0161,2024,51.2,99.3,18.2,41.913141145638335,16.0,29.7,79.495
U0162,2024,51.1,28.5,13.2,69.89891426432048,21.0,43.0,41.04
U0163,2024,51.0,1.4,5.9,97.07974541370274,10.0,54.2,11.22
U0164,2024,50.9,7.9,11.8,77.51778360164732,10.0,68.1,28.15
U0165,2024,50.7,38.1,,,,73.7,
U0166,2024,50.7,36.6,14.2,64.30175964058404,32.0,46.1,52.06
U0167,2024,50.3,27.9,7.7,93.72894047173344,13.0,58.3,40.585
U0168,2024,50.3,94.6,26.1,16.959940097341818,22.0,29.5,72.595
U0169,2024,50.1,21.5,37.6,5.278921752152755,12.0,53.2,50.67999999999999
U0170,2024,50.1,42.5,,,,42.9,
U0171,2024,50.0,46.8,13.6,67.2407338075627,13.0,45.2,57.245000000000005
U0172,2024,49.9,65.7,16.6,49.81280419318608,31.0,32.2,61.515
U0173,2024,49.8,26.0,8.2,92.62448521153128,10.0,59.0,37.65
U0174,2024,49.3,84.7,20.8,30.381879445900417,29.0,33.1,68.53
U0175,2024,49.2,59.5,,,,64.0,
U0176,2024,49.0,35.6,30.9,10.50168476226132,22.0,39.5,55.445
U0177,2024,49.9,47.7,,,,36.3,
U0178,2024,48.9,97.8,,,,52.6,
U0179,2024,48.7,91.7,,,,28.3,
U0180,2024,48.7,5.9,,,,67.7,
U0181,2024,48.5,40.5,12.7,72.85660801198053,26.0,48.6,42.705
U0182,2024,48.5,3.8,14.3,63.87120928491201,13.0,60.7,21.465
U0183,2024,48.3,100.0,,,,12.9,
U0184,2024,48.2,40.1,16.1,52.639460876076384,31.0,42.9,54.42
U0185,2024,48.1,2.4,,,,53.8,
U0186,2024,47.6,30.0,15.0,59.06027704979409,27.0,46.8,48.835
U0187,2024,47.5,93.5,7.9,93.42942718083115,11.0,29.8,67.255
U0188,2024,47.4,5.1,10.2,85.00561587420442,8.0,53.0,23.79
U0189,2024,47.3,81.3,27.2,15.16286035192812,26.0,26.2,69.89500000000001
U0190,2024,47.2,73.8,,,,33.9,
U0191,2024,47.1,54.7,,,,50.7,
U0192,2024,46.9,96.9,11.3,79.95132909022837,15.0,31.8,74.89500000000001
U0193,2024,46.8,42.6,,,,40.8,
U0194,2024,46.7,33.6,11.9,76.97491576188693,13.0,35.4,51.18
U0195,2024,46.7,91.9,15.0,59.06027704979409,5.0,39.2,74.635
U0196,2024,46.6,78.4,4.0,98.50243354548856,19.0,25.2,71.23
U0197,2024,46.4,73.6,32.7,8.704605016847623,18.0,31.3,64.4
U0198,2024,46.3,21.0,,,,61.0,
U0199,2024,46.3,40.3,18.8,38.581055784350426,24.0,37.9,51.035
U0200,2024,46.2,47.1,,,,48.6,
U0201,2024,46.2,40.0,11.9,76.97491576188693,6.0,39.4,44.09
U0202,2024,33.6,23.9,12.5,73.66154998128043,74.0,20.9,33.24
U0203,2024,46.0,55.0,,,,48.4,
U0204,2024,46.0,41.9,,,,56.8,
U0205,2024,45.8,62.6,,,,8.9,
U0206,2024,45.7,40.6,,,,35.4,
U0207,2024,45.7,2.1,,,,53.8,
U0208,2024,45.6,31.2,,,,58.6,
U0209,2024,45.2,99.4,24.2,20.74129539498315,5.0,32.0,77.905
U0210,2024,45.1,49.6,16.2,52.09659303631599,12.0,54.8,49.245000000000005
U0211,2024,45.0,99.9,9.6,87.81355297641333,1.0,45.7,73.665
U0212,2024,44.8,52.2,,,,43.1,
U0213,2024,44.7,59.9,,,,39.8,
U0214,2024,44.4,38.8,20.6,31.093223511793333,16.0,45.0,46.755
U0215,2024,44.2,20.3,15.9,54.26806439535754,11.0,51.5,33.64
U0216,2024,44.2,32.1,16.7,49.2137776113815,9.0,46.7,52.260000000000005
U0217,2024,44.1,77.7,28.2,13.68401347809809,29.0,23.6,65.495
U0218,2024,44.0,55.0,17.0,47.69749157618869,9.0,48.6,65.535
U0219,2024,43.9,52.7,14.6,61.92437289404717,9.0,32.9,49.81
U0220,2024,43.9,3.4,,,,71.0,
U0221,2024,43.8,63.7,19.2,37.28940471733433,18.0,39.4,66.68
U0222,2024,43.7,20.5,,,,46.0,
U0223,2024,43.7,90.2,,,,34.0,
U0224,2024,43.6,94.9,,,,25.8,
U0225,2024,43.6,32.4,13.9,65.87420441782103,25.0,29.7,44.35
U0226,2024,43.6,61.0,10.5,83.60164732309995,23.0,28.4,62.43000000000001
U0227,2024,43.5,70.3,,,,42.4,
U0228,2024,43.5,17.2,,,,52.8,
U0229,2024,43.4,7.5,12.7,72.85660801198053,3.0,68.2,26.82
U0230,2024,43.0,62.8,19.6,35.49232497192063,57.0,23.0,63.13
U0231,2024,43.0,49.9,,,,33.3,
U0232,2024,42.9,24.3,,,,71.8,
U0233,2024,42.7,61.3,13.9,65.87420441782103,38.0,20.7,59.395
U0234,2024,42.6,28.5,,,,36.3,
U0235,2024,42.5,84.7,20.7,30.756271059528263,26.0,19.1,63.30500000000001
U0236,2024,42.3,45.7,,,,58.9,
U0237,2024,42.3,32.0,15.3,57.35679520778735,40.0,30.5,45.78
U0238,2024,42.3,33.6,7.3,94.92699363534255,34.0,22.6,50.53
U0239,2024,41.8,1.7,,,,54.4,
U0240,2024,41.8,27.4,17.4,45.56345937850992,27.0,30.1,35.955
U0241,2024,41.7,51.6,,,,40.2,
U0242,2024,41.7,70.0,37.0,5.672032946462002,19.0,20.0,60.485
U0243,2024,41.3,60.6,7.4,94.51516286035194,16.0,22.8,59.66
U0244,2024,41.2,32.1,19.4,36.70909771621116,17.0,42.8,42.125
U0245,2024,41.1,99.1,18.6,39.666791463871206,41.0,11.9,75.55
U0246,2024,41.0,8.0,13.4,68.43878697117185,23.0,45.6,30.26
U0247,2024,41.0,56.8,17.3,46.10632721827032,34.0,22.6,58.355
U0248,2024,40.8,53.0,3.9,98.61475102957694,17.0,24.4,62.175
U0249,2024,40.7,14.7,14.3,63.87120928491201,26.0,30.6,37.095
U0250,2024,40.6,28.9,,,,28.6,
U0251,2024,40.5,10.1,,,,27.0,
U0252,2024,40.3,99.8,10.6,83.05877948333958,6.0,27.1,76.93
U0253,2024,40.3,61.4,10.2,85.00561587420442,55.0,18.2,53.975
U0254,2024,40.3,16.2,27.4,14.900786222388618,14.0,46.4,48.185
U0255,2024,40.1,62.5,31.6,9.865219019093974,15.0,27.0,58.905
U0256,2024,39.9,2.6,15.3,57.35679520778735,3.0,43.2,14.325
U0257,2024,39.9,65.2,18.2,41.913141145638335,36.0,17.8,54.07000000000001
U0258,2024,39.8,5.5,10.9,81.50505428678397,9.0,50.0,26.565
U0259,2024,39.7,61.6,8.8,90.88356420816174,25.0,17.2,60.885000000000005
U0260,2024,39.6,36.5,18.0,42.83040059902659,16.0,44.0,45.375
U0261,2024,23.5,2.7,,,,20.1,
U0262,2024,39.4,31.4,,,,34.7,
U0263,2024,39.3,73.3,,,,36.9,
U0264,2024,39.1,30.4,15.0,59.06027704979409,9.0,33.2,44.275000000000006
U0265,2024,38.8,3.6,,,,27.0,
U0266,2024,38.8,67.1,,,,31.7,
U0267,2024,38.7,48.1,31.8,9.528266566828902,17.0,24.1,57.905
U0268,2024,38.7,30.5,,,,26.5,
U0269,2024,38.6,99.5,8.9,90.49045301385247,13.0,17.2,74.31
U0270,2024,38.6,79.0,,,,19.5,
U0271,2024,38.5,92.6,14.4,63.38450018719581,9.0,33.9,72.445
U0272,2024,38.4,66.0,,,,28.0,
U0273,2024,38.3,28.5,21.1,29.48333957319356,16.0,30.1,43.06
U0274,2024,38.3,13.2,26.1,16.959940097341818,16.0,26.2,36.285
U0275,2024,38.2,53.5,14.7,61.25046798951704,27.0,19.4,52.185
U0276,2024,38.2,48.8,,,,38.2,
U0277,2024,38.2,31.3,,,,35.0,
U0278,2024,38.1,59.6,16.9,48.221639835267695,17.0,41.3,54.005
U0279,2024,38.1,18.2,,,,23.3,
U0280,2024,38.0,98.1,11.8,77.51778360164732,9.0,13.6,74.77
U0281,2024,37.9,19.4,,,,32.8,
U0282,2024,37.9,31.8,16.3,51.535005615874205,25.0,25.9,42.945
U0283,2024,37.5,2.9,,,,65.6,
U0284,2024,37.3,98.8,,,,9.3,
U0285,2024,37.2,22.3,21.2,29.14638712092849,12.0,31.2,37.405
U0286,2024,37.2,4.1,,,,33.5,
U0287,2024,37.2,29.3,28.7,13.084986896293527,17.0,35.2,49.605
U0288,2024,37.2,43.4,13.9,65.87420441782103,31.0,19.8,53.205
U0289,2024,37.2,39.6,21.8,27.293148633470608,7.0,52.8,48.795
U0290,2024,37.2,55.2,16.3,51.535005615874205,33.0,19.7,56.155
U0291,2024,37.1,86.5,28.5,13.290902283788842,24.0,13.9,69.325
U0292,2024,37.1,28.3,13.0,71.19056533133659,11.0,31.6,44.235
U0293,2024,37.0,38.8,,,,37.3,
U0294,2024,37.0,59.8,22.5,24.990640209659297,31.0,16.0,57.86
U0295,2024,36.9,89.5,,,,19.0,
U0296,2024,36.7,61.9,25.7,17.87719955073006,7.0,26.1,57.81
U0297,2024,36.6,29.1,,,,37.3,
U0298,2024,36.5,1.4,6.6,96.1437663796331,18.0,36.2,21.45
U0299,2024,36.5,27.9,16.8,48.68962935230251,21.0,23.1,44.155
U0300,2024,36.4,99.9,15.5,56.34593785099214,4.0,20.4,79.29500000000002
U0301,2024,36.3,14.0,10.1,85.62336203669038,18.0,29.3,39.825
U0302,2024,35.9,82.0,13.4,68.43878697117185,8.0,23.2,66.875
U0303,2024,35.9,87.0,16.9,48.221639835267695,18.0,27.8,72.39500000000001
U0304,2024,35.8,45.4,14.9,59.86521901909397,15.0,18.5,54.215
U0305,2024,35.8,7.8,,,,61.9,
U0306,2024,35.7,53.2,14.9,59.86521901909397,12.0,19.9,57.78
U0307,2024,35.5,40.7,16.2,52.09659303631599,26.0,37.5,58.41
U0308,2024,35.3,1.5,,,,37.1,
U0309,2024,35.2,15.9,,,,43.2,
U0310,2024,35.2,9.3,,,,20.3,
U0311,2024,35.1,63.4,15.9,54.26806439535754,11.0,26.7,58.175
U0312,2024,35.0,5.5,8.8,90.88356420816174,11.0,37.8,26.275
U0313,2024,35.0,24.9,26.5,16.15499812804193,13.0,17.7,39.365
U0314,2024,34.9,55.2,,,,23.1,
U0315,2024,34.8,93.6,20.3,32.590789966304754,1.0,17.3,66.925
U0316,2024,34.7,2.1,15.6,55.80307001123175,32.0,24.4,20.415
U0317,2024,34.7,88.2,,,,16.6,
U0318,2024,34.7,29.2,10.9,81.50505428678397,12.0,25.8,45.615
U0319,2024,34.6,36.6,26.8,15.57469112691876,31.0,24.0,48.535
U0320,2024,34.4,34.9,16.5,50.33695245226507,8.0,36.1,54.275
U0321,2024,34.2,1.4,,,,34.4,
U0322,2024,34.2,76.0,20.3,32.590789966304754,6.0,21.3,53.225
U0323,2024,34.2,11.4,,,,31.3,
U0324,2024,34.1,39.3,10.4,84.06963684013478,14.0,19.0,48.665
U0325,2024,34.1,49.3,,,,20.2,
U0326,2024,34.0,99.9,6.3,96.63047547734932,4.0,10.5,69.775
U0327,2024,34.0,17.0,25.8,17.63384500187196,14.0,27.0,32.56
U0328,2024,33.8,15.1,17.6,44.5900411830775,30.0,23.2,37.79
U0329,2024,33.8,12.8,,,,36.2,
U0330,2024,33.8,25.9,23.8,21.86447023586672,1.0,38.1,28.58
U0331,2024,33.7,49.5,15.2,57.88094346686634,5.0,31.8,54.425
U0332,2024,24.1,16.7,10.9,81.50505428678397,60.0,15.9,38.63
U0333,2024,33.6,58.7,,,,17.2,
U0334,2024,33.5,41.7,18.4,40.69636840134781,17.0,44.7,46.67
U0335,2024,33.4,93.8,,,,19.4,
U0336,2024,33.3,51.8,29.4,12.354923249719208,33.0,13.5,52.71
U0337,2024,33.3,97.6,31.6,9.865219019093974,14.0,6.4,74.81
U0338,2024,33.3,98.5,15.9,54.26806439535754,5.0,20.4,76.78
U0339,2024,33.3,1.9,11.1,80.88730812429802,0.0,36.3,15.79
U0340,2024,33.2,57.0,18.1,42.41856982403595,21.0,11.1,50.81
U0341,2024,33.2,31.9,30.2,11.119430924747286,17.0,21.3,46.265
U0342,2024,33.0,46.5,17.9,43.20479221265444,40.0,11.1,48.05
U0343,2024,33.0,99.9,21.8,27.293148633470608,2.0,11.5,72.625
U0344,2024,32.9,97.6,,,,18.8,
U0345,2024,32.9,45.7,10.5,83.60164732309995,16.0,16.9,52.405
U0346,2024,32.9,59.4,20.8,30.381879445900417,8.0,15.1,58.155
U0347,2024,32.8,55.1,32.2,9.09771621115687,21.0,14.7,57.78
U0348,2024,32.8,65.1,,,,36.6,
U0349,2024,32.6,62.5,,,,17.0,
U0350,2024,32.5,3.0,30.9,10.50168476226132,5.0,45.8,22.65
U0351,2024,32.5,2.8,42.6,3.257207038562337,32.0,16.8,25.105
U0352,2024,32.4,31.2,19.5,36.09135155372519,45.0,20.8,42.945
U0353,2024,32.3,14.5,,,,20.4,
U0354,2024,32.2,15.5,22.1,26.095095469861477,6.0,23.9,32.379999999999995
U0355,2024,32.1,29.1,,,,33.4,
U0356,2024,32.1,49.8,18.4,40.69636840134781,15.0,29.4,48.26500000000001
U0357,2024,32.1,25.2,21.3,28.828154249344816,49.0,9.2,43.395
U0358,2024,32.0,10.8,9.0,90.00374391613629,12.0,22.9,37.075
U0359,2024,31.9,100.0,9.5,88.22538375140397,7.0,13.8,66.435
U0360,2024,31.9,1.6,,,,48.4,
U0361,2024,31.9,90.6,16.3,51.535005615874205,11.0,13.9,61.135000000000005
U0362,2024,31.7,21.9,9.2,89.25496068888057,4.0,18.6,32.105000000000004
U0363,2024,31.7,72.2,15.1,58.36765256458255,2.0,23.6,61.53
U0364,2024,31.7,22.6,29.1,12.748034444028455,28.0,22.7,39.955
U0365,2024,31.6,4.6,,,,36.3,
U0366,2024,31.6,23.3,,,,38.5,
U0367,2024,31.5,10.0,,,,31.6,
U0368,2024,31.4,4.7,8.9,90.49045301385247,5.0,44.1,22.205
U0369,2024,31.4,3.5,,,,32.9,
U0370,2024,31.4,79.1,26.6,15.930363159865225,2.0,20.6,59.555
U0371,2024,31.3,27.5,13.0,71.19056533133659,14.0,25.2,44.995000000000005
U0372,2024,31.3,52.1,14.5,62.67315612130289,33.0,8.2,47.285
U0373,2024,31.3,16.7,,,,31.8,
U0374,2024,31.3,33.3,29.5,12.092849120179704,6.0,41.5,44.98
U0375,2024,31.2,46.6,24.0,21.35904155746912,10.0,34.6,50.33
U0376,2024,31.2,29.3,15.7,55.29764133283415,6.0,27.8,44.76
U0377,2024,31.1,82.9,11.7,77.94833395731936,7.0,18.5,65.47500000000001
U0378,2024,31.1,1.6,,,,45.3,
U0379,2024,31.1,17.3,12.1,75.739423436915,16.0,36.6,34.905
U0380,2024,30.8,99.1,,,,4.9,
U0381,2024,30.8,45.7,18.0,42.83040059902659,27.0,15.4,47.83
U0382,2024,30.7,38.8,20.9,30.10108573567952,5.0,40.4,46.565
U0383,2024,30.6,100.0,13.1,70.46050168476225,1.0,10.0,67.305
U0384,2024,30.5,31.0,41.8,3.5005615874204365,21.0,19.9,45.42
U0385,2024,30.4,97.8,12.6,73.23099962560839,6.0,12.1,73.29
U0386,2024,30.4,9.9,,,,20.2,
U0387,2024,30.3,1.3,7.6,93.99101460127292,19.0,28.4,8.795
U0388,2024,30.2,23.9,,,,28.7,
U0389,2024,30.1,88.5,,,,3.3,
U0390,2024,30.1,75.0,,,,10.0,
U0391,2024,30.1,28.4,18.6,39.666791463871206,13.0,26.4,44.85
U0392,2024,30.0,29.4,18.5,40.24709846499438,19.0,27.6,40.625
U0393,2024,29.9,31.0,34.0,7.712467240733812,11.0,26.7,40.09
U0394,2024,29.9,65.3,24.2,20.74129539498315,12.0,17.7,63.375
U0395,2024,29.9,47.2,,,,31.3,
U0396,2024,29.7,24.6,,,,19.2,
U0397,2024,29.7,53.4,,,,20.3,
U0398,2024,29.7,76.9,18.9,38.169225009359785,15.0,10.8,66.33500000000001
U0399,2024,29.7,38.0,,,,17.0,
U0400,2024,29.7,73.1,24.8,19.35604642456009,15.0,8.8,60.305
U0401,2024,29.6,2.4,,,,23.6,
U0402,2024,29.6,32.4,19.5,36.09135155372519,9.0,24.3,44.36
U0403,2024,29.5,100.0,20.2,33.11493822538375,3.0,5.2,71.045
U0404,2024,29.5,51.2,34.4,7.450393111194309,23.0,14.3,52.14000000000001
U0405,2024,29.3,60.6,,,,7.4,
U0406,2024,29.3,1.2,12.4,74.11081991763385,5.0,27.8,6.385
U0407,2024,29.3,40.7,,,,6.1,
U0408,2024,29.1,57.1,12.5,73.66154998128043,41.0,10.0,52.735
U0409,2024,29.1,13.8,18.4,40.69636840134781,23.0,23.5,28.895000000000003
U0410,2024,29.0,1.8,18.6,39.666791463871206,12.0,24.0,30.445
U0411,2024,29.0,5.2,,,,32.1,
U0412,2024,28.9,21.7,,,,19.3,
U0413,2024,28.8,11.1,8.2,92.62448521153128,24.0,14.7,24.805
U0414,2024,28.8,91.6,,,,3.1,
U0415,2024,28.7,17.5,34.6,7.13216023961063,34.0,15.8,33.805
U0416,2024,28.6,7.0,14.0,65.27517783601647,25.0,30.7,25.81
U0417,2024,28.6,20.1,,,,23.9,
U0418,2024,28.5,14.0,18.1,42.41856982403595,25.0,18.4,38.06
U0419,2024,28.5,10.7,,,,24.9,
U0420,2024,28.4,3.6,8.7,91.18307749906404,21.0,22.0,16.07
U0421,2024,28.3,10.7,26.1,16.959940097341818,12.0,20.1,35.875
U0422,2024,28.3,23.0,27.1,15.31261699737926,15.0,18.3,36.635
U0423,2024,28.1,34.4,19.0,37.776113815050536,25.0,12.5,43.66
U0424,2024,28.1,23.8,17.9,43.20479221265444,16.0,19.2,41.49
U0425,2024,28.0,41.6,15.6,55.80307001123175,10.0,13.9,34.34
U0426,2024,27.9,1.8,,,,23.5,
U0427,2024,27.9,17.4,39.5,4.230625233994756,15.0,21.2,37.01
U0428,2024,27.8,74.4,,,,15.8,
U0429,2024,27.8,82.0,12.4,74.11081991763385,4.0,13.5,66.105
U0430,2024,27.7,99.4,,,,11.8,
U0431,2024,27.6,99.7,,,,8.6,
U0432,2024,27.6,4.2,11.6,78.45376263571696,37.0,22.0,23.63
U0433,2024,27.6,26.2,14.7,61.25046798951704,9.0,44.4,36.215
U0434,2024,25.1,3.2,15.1,58.36765256458255,82.0,17.3,
U0435,2024,27.4,2.2,,,,8.1,
U0436,2024,27.2,98.7,32.7,8.704605016847623,1.0,7.8,71.37
U0437,2024,27.2,57.3,34.0,7.712467240733812,38.0,8.0,53.63
U0438,2024,27.2,19.7,,,,26.5,
U0439,2024,27.1,3.3,9.1,89.62935230250842,9.0,19.1,20.295
U0440,2024,27.0,66.0,,,,7.4,
U0441,2024,27.0,64.6,,,,21.7,
U0442,2024,26.8,17.1,,,,18.3,
U0443,2024,26.8,9.5,6.6,96.1437663796331,20.0,24.7,24.51
U0444,2024,26.8,19.2,39.1,4.473979782852866,7.0,24.2,40.53
U0445,2024,26.7,46.9,17.3,46.10632721827032,9.0,14.4,49.475
U0446,2024,26.7,79.3,,,,12.7,
U0447,2024,26.7,19.9,,,,35.6,
U0448,2024,26.6,88.1,14.5,62.67315612130289,3.0,9.6,64.515
U0449,2024,26.6,90.6,17.8,43.5604642456009,2.0,7.9,69.88
U0450,2024,26.6,57.2,,,,18.6,
U0451,2024,26.5,99.1,15.7,55.29764133283415,3.0,5.3,72.185
U0452,2024,26.4,72.1,,,,12.1,
U0453,2024,26.4,5.4,12.3,74.69112691875702,12.0,34.7,26.21
U0454,2024,26.4,9.2,9.5,88.22538375140397,7.0,14.4,31.02
U0455,2024,26.4,30.3,18.7,39.04904530138524,28.0,11.2,41.89
U0456,2024,26.3,12.0,,,,16.6,
U0457,2024,26.3,15.2,,,,19.9,
U0458,2024,26.3,20.7,,,,39.1,
U0459,2024,26.3,50.1,27.3,15.013103706476972,10.0,12.8,49.260000000000005
U0460,2024,26.2,23.6,,,,18.0,
U0461,2024,26.1,4.2,,,,43.4,
U0462,2024,26.0,33.1,20.7,30.756271059528263,7.0,21.7,46.905
U0463,2024,26.0,8.2,,,,39.1,
U0464,2024,25.9,56.4,41.8,3.5005615874204365,92.0,4.4,54.255
U0465,2024,25.8,11.4,10.2,85.00561587420442,7.0,28.4,26.105
U0466,2024,25.7,18.3,,,,18.3,
U0467,2024,25.7,8.1,22.6,24.766005241482592,20.0,11.0,27.185
U0468,2024,25.7,33.6,,,,18.0,
U0469,2024,25.7,33.5,18.8,38.581055784350426,6.0,23.3,44.175
U0470,2024,25.6,47.9,17.1,47.15462373642831,8.0,20.7,48.56
U0471,2024,25.5,51.7,21.3,28.828154249344816,2.0,14.4,46.14
U0472,2024,25.3,22.6,,,,15.5,
U0473,2024,25.3,14.3,,,,12.8,
U0474,2024,25.2,43.0,14.8,60.61400224634967,23.0,8.6,44.23
U0475,2024,25.2,8.9,7.6,93.99101460127292,10.0,24.1,23.975
U0476,2024,25.2,36.5,,,,15.8,
U0477,2024,27.5,22.0,18.9,38.169225009359785,51.0,18.1,41.245000000000005
U0478,2024,25.1,15.2,14.8,60.61400224634967,8.0,24.0,27.38
U0479,2024,25.1,95.6,,,,6.1,
U0480,2024,25.1,27.2,,,,14.9,
U0481,2024,25.0,21.7,17.3,46.10632721827032,14.0,36.9,36.175
U0482,2024,25.0,1.1,,,,19.9,
U0483,2024,25.0,76.3,,,,10.1,
U0484,2024,24.9,88.8,,,,8.4,
U0485,2024,24.8,46.8,,,,4.6,
U0486,2024,24.8,22.1,12.6,73.23099962560839,9.0,26.5,31.585
U0487,2024,24.7,31.0,,,,15.3,
U0488,2024,24.6,41.7,,,,15.2,
U0489,2024,24.5,81.4,20.1,33.43317109696743,2.0,7.6,64.905
U0490,2024,24.5,9.3,,,,16.0,
U0491,2024,24.5,92.2,22.7,24.50393111194309,1.0,4.9,61.655
U0492,2024,24.5,30.5,13.0,71.19056533133659,6.0,20.3,41.175
U0493,2024,24.5,16.2,,,,41.1,
U0494,2024,24.5,12.1,13.8,66.39835267690005,3.0,16.2,36.325
U0495,2024,24.4,20.9,,,,9.0,
U0496,2024,24.4,49.0,24.3,20.47922126544366,0.0,11.9,46.445
U0497,2024,24.2,27.4,,,,12.1,
U0498,2024,24.2,8.1,,,,9.2,
U0499,2024,24.2,1.6,,,,35.4,
U0500,2024,24.2,50.9,19.6,35.49232497192063,14.0,16.3,54.175
U0501,2024,46.1,60.7,,,,22.7,
U0502,2024,24.1,72.0,,,,6.8,
U0503,2024,24.1,63.5,14.1,64.78846873830027,8.0,13.3,56.760000000000005
U0504,2024,24.1,11.5,,,,22.3,
U0505,2024,24.1,19.4,19.8,34.66866342193935,26.0,12.7,33.084999999999994
U0506,2024,24.0,53.9,16.1,52.639460876076384,11.0,9.4,50.815
U0507,2024,24.0,32.7,18.4,40.69636840134781,7.0,24.9,45.385
U0508,2024,23.9,15.8,18.2,41.913141145638335,5.0,28.2,28.775
U0509,2024,23.9,64.5,14.0,65.27517783601647,1.0,7.7,59.13
U0510,2024,23.9,15.1,14.9,59.86521901909397,45.0,17.1,33.725
U0511,2024,23.8,6.9,16.7,49.2137776113815,15.0,22.1,26.24
U0512,2024,23.8,80.3,15.6,55.80307001123175,4.0,5.4,59.675
U0513,2024,23.7,2.6,,,,10.5,
U0514,2024,23.7,27.8,11.7,77.94833395731936,17.0,20.3,
U0515,2024,23.7,54.1,,,,20.4,
U0516,2024,23.6,1.8,11.1,80.88730812429802,1.0,21.4,17.6
U0517,2024,23.6,49.8,29.8,11.531261699737929,24.0,8.5,50.815000000000005
U0518,2024,23.6,1.7,,,,7.7,
U0519,2024,23.6,20.5,20.1,33.43317109696743,14.0,11.1,34.41
U0520,2024,23.6,19.4,,,,19.5,
U0521,2024,23.6,21.5,18.0,42.83040059902659,21.0,8.9,35.67999999999999
U0522,2024,23.6,2.1,,,,19.6,
U0523,2024,,8.6,14.4,63.38450018719581,2.0,17.6,33.754999999999995
U0524,2024,23.4,19.5,16.9,48.221639835267695,10.0,18.7,32.76
U0525,2024,23.4,1.9,,,,20.9,
U0526,2024,23.3,8.8,,,,17.2,
U0527,2024,23.2,86.2,21.6,27.94833395731936,9.0,4.0,61.925
U0528,2024,23.2,8.4,,,,23.5,
U0529,2024,23.2,25.8,24.5,20.029951329090224,14.0,10.2,40.85
U0530,2024,23.2,4.7,17.1,47.15462373642831,7.0,23.3,17.064999999999998
U0531,2024,23.3,7.1,14.9,59.86521901909397,48.0,9.9,25.455
U0532,2024,23.1,95.0,,,,5.5,
U0533,2024,23.1,21.7,19.5,36.09135155372519,31.0,9.1,34.97
U0534,2024,23.1,30.5,13.3,69.18757019842757,8.0,15.7,47.425
U0535,2024,23.0,1.9,,,,40.8,
U0536,2024,22.9,7.4,,,,17.2,
U0537,2024,22.9,15.8,,,,10.9,
U0538,2024,22.9,17.6,21.7,27.648820666417077,14.0,31.3,35.629999999999995
U0539,2024,22.9,18.4,18.5,40.24709846499438,5.0,13.8,35.705
U0540,2024,22.8,2.0,,,,23.5,
U0541,2024,22.8,2.1,16.0,53.46312242605767,13.0,14.4,
U0542,2024,22.8,10.3,8.1,92.86783976038936,14.0,13.0,27.155
U0543,2024,22.8,25.4,,,,10.3,
U0544,2024,22.8,6.2,14.7,61.25046798951704,13.0,26.9,22.71
U0545,2024,22.7,7.0,,,,21.3,
U0546,2024,22.7,2.2,,,,8.3,
U0547,2024,22.6,63.8,14.5,62.67315612130289,4.0,5.8,58.405
U0548,2024,22.6,2.2,,,,30.6,
U0549,2024,22.6,43.7,16.5,50.33695245226507,7.0,18.8,46.885
U0550,2024,22.6,6.7,17.0,47.69749157618869,12.0,6.8,32.23
U0551,2024,22.6,36.2,34.1,7.618869337326839,35.0,3.9,39.08500000000001
U0552,2024,39.4,16.6,12.6,73.23099962560839,18.0,30.1,39.515
U0553,2024,22.5,81.7,26.7,15.743167353051293,4.0,5.9,60.895
U0554,2024,22.4,15.4,30.9,10.50168476226132,14.0,5.8,36.77
U0555,2024,22.4,5.6,,,,21.0,
U0556,2024,22.4,8.2,,,,22.0,
U0557,2024,22.4,2.9,15.3,57.35679520778735,3.0,23.0,21.86
U0558,2024,22.4,31.2,,,,7.4,
U0559,2024,22.3,2.9,,,,16.0,
U0560,2024,22.3,11.5,20.1,33.43317109696743,10.0,8.1,27.94
U0561,2024,22.3,2.2,9.6,87.81355297641333,7.0,20.7,21.47
U0562,2024,22.2,48.3,,,,18.1,
U0563,2024,22.2,9.9,6.7,96.03144889554474,7.0,15.4,
U0564,2024,22.1,6.1,17.8,43.5604642456009,11.0,23.3,23.485
U0565,2024,22.0,89.3,,,,5.7,
U0566,2024,22.0,29.8,13.1,70.46050168476225,11.0,14.4,40.69
U0567,2024,21.9,4.2,13.6,67.2407338075627,4.0,34.8,19.94
U0568,2024,21.9,2.2,14.6,61.92437289404717,16.0,29.0,14.585
U0569,2024,21.9,1.3,,,,9.8,
U0570,2024,21.8,13.5,8.3,92.30625233994758,23.0,5.6,17.795
U0571,2024,21.8,4.8,12.3,74.69112691875702,20.0,18.5,17.575
U0572,2024,21.8,11.6,22.0,26.46948708348933,1.0,15.6,25.385
U0573,2024,21.6,24.8,24.6,19.786596780232124,6.0,25.6,43.28
U0574,2024,21.5,12.6,22.4,25.32759266192437,9.0,15.3,33.845
U0575,2024,21.5,3.9,12.0,76.3010108573568,24.0,17.9,19.61
U0576,2024,21.4,3.7,,,,8.9,
U0577,2024,21.4,5.1,23.9,21.677274429052783,19.0,17.5,22.7
U0578,2024,21.4,46.3,48.7,1.8345189067764835,23.0,4.4,44.565
U0579,2024,21.4,4.6,,,,20.6,
U0580,2024,21.3,28.9,16.1,52.639460876076384,1.0,31.0,33.015
U0581,2024,21.3,52.7,,,,5.2,
U0582,2024,21.3,1.8,,,,15.1,
U0583,2024,21.3,76.5,,,,6.9,
U0584,2024,21.3,28.0,,,,17.7,
U0585,2024,21.2,1.6,,,,17.3,
U0586,2024,21.2,18.8,,,,12.3,
U0587,2024,21.1,28.8,11.2,80.49419692998877,34.0,4.3,40.23
U0588,2024,21.1,55.9,15.3,57.35679520778735,1.0,10.0,49.925
U0589,2024,21.1,24.4,,,,20.6,
U0590,2024,21.1,2.8,,,,30.8,
U0591,2024,21.1,24.5,27.6,14.526394608760762,2.0,12.6,37.905
U0592,2024,21.0,1.9,13.3,69.18757019842757,6.0,24.0,17.564999999999998
U0593,2024,21.0,5.1,15.4,56.77648820666417,21.0,10.6,28.195
U0594,2024,21.0,24.4,,,,18.5,
U0595,2024,20.9,5.4,14.6,61.92437289404717,18.0,10.5,24.375
U0596,2024,20.8,2.1,11.4,79.44590041183078,1.0,24.6,13.95
U0597,2024,20.8,1.4,11.3,79.95132909022837,1.0,19.0,9.63
U0598,2024,20.8,19.1,10.9,81.50505428678397,6.0,18.4,40.565
U0599,2024,20.8,5.9,13.8,66.39835267690005,9.0,19.9,23.045
U0600,2024,20.8,43.3,,,,13.1,
U0601,2024,,12.7,,,,19.6,
U0602,2024,,35.9,12.2,75.2714339198802,36.0,12.8,40.725
U0603,2024,,2.7,8.3,92.30625233994758,16.0,16.6,25.69
U0604,2024,,7.6,,,,17.9,
U0605,2024,,10.1,,,,11.8,
U0606,2024,,2.2,14.9,59.86521901909397,12.0,20.1,16.810000000000002
U0607,2024,,6.8,,,,9.7,
U0608,2024,,56.6,15.3,57.35679520778735,20.0,8.0,48.470000000000006
U0609,2024,,7.0,,,,10.2,
U0610,2024,,58.7,26.5,16.15499812804193,4.0,13.9,51.6
U0611,2024,,47.5,37.7,5.204043429427186,14.0,8.6,52.85
U0612,2024,,28.3,,,,13.8,
U0613,2024,,3.7,,,,23.1,
U0614,2024,,1.6,,,,9.3,
U0615,2024,,7.3,15.5,56.34593785099214,25.0,13.0,19.425
U0616,2024,,15.6,,,,17.7,
U0617,2024,,26.5,25.4,18.476226132534634,75.0,5.6,34.370000000000005
U0618,2024,,7.5,,,,32.4,
U0619,2024,,18.9,,,,10.6,
U0620,2024,,11.3,10.0,86.0539123923624,31.0,5.7,29.41
U0621,2024,,21.0,19.5,36.09135155372519,13.0,15.6,33.83
U0622,2024,,43.2,,,,7.5,
U0623,2024,,1.9,14.8,60.61400224634967,75.0,10.3,
U0624,2024,,1.0,,,,18.5,
U0625,2024,,44.2,33.6,7.899663047547733,27.0,5.7,47.53
U0626,2024,,3.5,25.4,18.476226132534634,9.0,28.1,17.7
U0627,2024,,7.9,,,,19.5,
U0628,2024,,10.8,,,,12.8,
U0629,2024,,5.6,,,,9.7,
U0630,2024,,1.0,,,,10.2,
U0631,2024,,36.3,19.0,37.776113815050536,13.0,12.9,49.16
U0632,2024,,8.9,,,,11.0,
U0633,2024,22.5,5.9,14.6,61.92437289404717,60.0,22.6,
U0634,2024,,17.9,14.9,59.86521901909397,17.0,13.7,33.555
U0635,2024,,16.6,14.9,59.86521901909397,10.0,21.3,38.465
U0636,2024,,41.9,12.3,74.69112691875702,5.0,6.3,40.67
U0637,2024,,79.7,,,,3.4,
U0638,2024,,1.7,12.9,71.86447023586672,21.0,12.8,12.79
U0639,2024,,10.9,19.2,37.28940471733433,8.0,12.2,24.305
U0640,2024,,35.3,9.6,87.81355297641333,4.0,8.9,31.875
U0641,2024,,9.7,7.7,93.72894047173344,9.0,9.8,30.695
U0642,2024,,6.7,,,,26.2,
U0643,2024,,15.1,16.8,48.68962935230251,29.0,8.1,34.165
U0644,2024,,3.3,10.4,84.06963684013478,21.0,17.7,21.755
U0645,2024,,4.5,14.5,62.67315612130289,3.0,22.6,14.105
U0646,2024,,69.7,18.0,42.83040059902659,2.0,6.9,51.96000000000001
U0647,2024,,7.1,19.9,34.18195432422314,3.0,22.5,24.82
U0648,2024,,32.5,11.2,80.49419692998877,17.0,5.2,35.275
U0649,2024,,14.4,9.5,88.22538375140397,7.0,21.5,21.9
U0650,2024,,33.9,,,,14.6,
U0651,2024,,3.1,17.4,45.56345937850992,10.0,16.6,12.955
U0652,2024,,63.0,,,,6.6,
U0653,2024,,1.8,,,,5.4,
U0654,2024,,17.3,9.0,90.00374391613629,19.0,8.0,27.3
U0655,2024,,16.5,,,,14.3,
U0656,2024,,19.0,13.8,66.39835267690005,5.0,19.5,32.415
U0657,2024,,1.6,,,,11.5,
U0658,2024,,8.5,15.2,57.88094346686634,14.0,15.2,24.215
U0659,2024,,17.0,,,,24.1,
U0660,2024,,24.6,26.3,16.622987645076748,7.0,12.7,36.685
U0661,2024,,4.1,14.8,60.61400224634967,3.0,16.3,18.38
U0662,2024,,20.3,15.6,55.80307001123175,23.0,9.4,33.295
U0663,2024,,4.7,,,,19.9,
U0664,2024,,3.5,,,,12.8,
U0665,2024,,42.6,10.7,82.4971920628978,14.0,5.8,46.395
U0666,2024,,3.1,,,,24.4,
U0667,2024,,47.8,,,,6.9,
U0668,2024,,28.6,15.1,58.36765256458255,23.0,7.2,35.24
U0669,2024,,11.5,15.5,56.34593785099214,6.0,21.1,21.87
U0670,2024,,2.0,,,,14.2,
U0671,2024,,17.7,4.4,98.16548109322352,12.0,11.8,31.385
U0672,2024,,1.6,,,,27.1,
U0673,2024,,12.0,30.0,11.344065892923991,21.0,13.6,36.02
U0674,2024,,25.9,17.1,47.15462373642831,16.0,8.9,37.9
U0675,2024,,1.1,,,,26.5,
U0676,2024,,48.1,19.0,37.776113815050536,4.0,7.8,44.7
U0677,2024,,10.7,,,,19.9,
U0678,2024,,1.1,,,,19.9,
U0679,2024,,7.4,,,,13.1,
U0680,2024,,7.0,,,,32.4,
U0681,2024,,32.1,18.4,40.69636840134781,3.0,13.0,40.475
U0682,2024,,68.5,,,,3.5,
U0683,2024,,12.0,14.5,62.67315612130289,38.0,13.1,32.47
U0684,2024,,71.1,,,,6.2,
U0685,2024,,10.6,19.6,35.49232497192063,7.0,15.6,25.045
U0686,2024,,31.7,,,,6.5,
U0687,2024,,2.5,12.1,75.739423436915,17.0,16.6,23.23
U0688,2024,,16.9,12.3,74.69112691875702,6.0,12.3,36.565
U0689,2024,,61.0,,,,6.3,
U0690,2024,,27.5,,,,4.9,
U0691,2024,,1.4,,,,14.1,
U0692,2024,,8.5,,,,5.8,
U0693,2024,,41.0,,,,6.5,
U0694,2024,,60.7,20.8,30.381879445900417,2.0,6.9,46.64
U0695,2024,,1.1,,,,21.0,
U0696,2024,,1.5,,,,17.0,
U0697,2024,,1.2,7.8,93.5604642456009,2.0,9.9,6.664999999999999
U0698,2024,,6.0,,,,10.5,
U0699,2024,,10.1,16.5,50.33695245226507,1.0,28.0,25.44
U0700,2024,,56.3,24.2,20.74129539498315,6.0,4.4,51.565
U0701,2024,,11.7,21.8,27.293148633470608,46.0,4.7,31.105
U0702,2024,,40.4,18.1,42.41856982403595,10.0,13.6,44.095
U0703,2024,,67.1,,,,4.5,
U0704,2024,,9.7,,,,7.9,
U0705,2024,,3.7,10.1,85.62336203669038,17.0,13.5,25.200000000000003
U0706,2024,,71.0,,,,4.1,
U0707,2024,,41.7,18.6,39.666791463871206,30.0,2.6,44.185
U0708,2024,,2.2,10.6,83.05877948333958,5.0,18.9,10.515
U0709,2024,,30.4,,,,10.6,
U0710,2024,,31.1,,,,10.2,
U0711,2024,,3.8,,,,16.7,
U0712,2024,,4.3,12.0,76.3010108573568,12.0,16.2,22.005000000000003
U0713,2024,,18.2,16.0,53.46312242605767,1.0,11.7,35.14
U0714,2024,,10.8,,,,10.4,
U0715,2024,,8.0,18.5,40.24709846499438,37.0,5.3,26.235
U0716,2024,,11.0,,,,9.9,
U0717,2024,,67.6,,,,5.0,
U0718,2024,,2.3,9.1,89.62935230250842,15.0,14.0,16.61
U0719,2024,,2.4,,,,8.2,
U0720,2024,,13.8,,,,6.2,
U0721,2024,,51.7,21.9,26.900037439161363,1.0,5.0,48.93
U0722,2024,,12.4,,,,6.5,
U0723,2024,,30.9,,,,9.1,
U0724,2024,,11.6,11.6,78.45376263571696,33.0,9.4,35.69499999999999
U0725,2024,,8.5,16.9,48.221639835267695,13.0,15.6,18.755
U0726,2024,,1.5,18.0,42.83040059902659,2.0,19.2,10.765
U0727,2024,,28.7,11.0,81.14938225383752,15.0,8.1,40.48
U0728,2024,,17.6,11.6,78.45376263571696,34.0,3.8,
U0729,2024,,40.6,21.3,28.828154249344816,0.0,17.8,33.27
U0730,2024,,17.1,25.2,18.794459004118306,15.0,7.0,32.275
U0731,2024,,45.2,,,,8.1,
U0732,2024,,10.6,18.3,41.276675402470985,50.0,5.3,30.715
U0733,2024,,3.0,31.7,9.715462373642836,22.0,11.5,17.564999999999998
U0734,2024,,14.7,,,,23.5,
U0735,2024,,28.3,,,,14.9,
U0736,2024,,49.7,27.0,15.40621490078622,5.0,8.6,48.39
U0737,2024,,43.3,26.0,17.184575065518537,7.0,11.7,44.655
U0738,2024,,37.9,,,,6.4,
U0739,2024,,18.3,,,,15.5,
U0740,2024,,5.3,18.2,41.913141145638335,5.0,17.6,23.92
U0741,2024,,1.4,19.0,37.776113815050536,27.0,11.7,10.134999999999998
U0742,2024,,15.6,29.4,12.354923249719208,21.0,11.1,33.91
U0743,2024,,1.0,,,,28.4,
U0744,2024,,1.1,,,,18.6,
U0745,2024,,6.1,,,,10.3,
U0746,2024,,35.0,,,,10.8,
U0747,2024,,23.6,39.1,4.473979782852866,4.0,13.7,40.155
U0748,2024,,11.9,15.9,54.26806439535754,25.0,9.0,30.66
U0749,2024,,5.1,19.8,34.66866342193935,48.0,11.5,22.2
U0750,2024,,1.4,,,,12.6,
U0751,2024,,34.1,40.0,4.024709846499441,19.0,6.9,42.38
U0752,2024,,2.4,11.2,80.49419692998877,15.0,10.4,12.114999999999998
U0753,2024,,8.6,4.1,98.427555222763,9.0,5.1,31.29
U0754,2024,,1.6,,,,15.2,
U0755,2024,,7.9,13.3,69.18757019842757,8.0,11.2,18.265
U0756,2024,,5.5,,,,10.9,
U0757,2024,,10.0,24.0,21.35904155746912,4.0,10.4,19.735
U0758,2024,,4.2,,,,25.3,
U0759,2024,,48.4,,,,5.9,
U0760,2024,,21.4,14.2,64.30175964058404,0.0,17.1,22.305
U0761,2024,,6.7,13.4,68.43878697117185,2.0,10.0,19.52
U0762,2024,,7.2,12.3,74.69112691875702,14.0,6.1,23.7
U0763,2024,,36.7,,,,8.4,
U0764,2024,,4.8,,,,16.0,
U0765,2024,,14.9,13.2,69.89891426432048,0.0,16.9,24.165000000000003
U0766,2024,,2.7,14.5,62.67315612130289,2.0,16.4,22.35
U0767,2024,,57.8,15.4,56.77648820666417,3.0,5.5,46.705
U0768,2024,,22.9,,,,11.0,
U0769,2024,,3.6,,,,8.2,
U0770,2024,,27.0,29.4,12.354923249719208,5.0,11.7,31.08
U0771,2024,,1.7,,,,6.4,
U0772,2024,,16.4,19.1,37.49532010482965,21.0,5.8,35.620000000000005
U0773,2024,,8.8,8.9,90.49045301385247,6.0,16.6,21.335
U0774,2024,,31.8,,,,5.1,
U0775,2024,,1.7,,,,14.9,
U0776,2024,,2.1,,,,6.7,
U0777,2024,,2.5,,,,15.8,
U0778,2024,,5.1,,,,9.4,
U0779,2024,,13.5,17.2,46.63047547734931,11.0,10.2,29.385
U0780,2024,,2.8,,,,14.3,
U0781,2024,,41.6,26.0,17.184575065518537,4.0,9.1,46.835
U0782,2024,,4.4,,,,15.5,
U0783,2024,,2.5,18.7,39.04904530138524,1.0,25.2,11.285
U0784,2024,,1.3,,,,25.5,
U0785,2024,,1.8,10.2,85.00561587420442,7.0,10.6,18.56
U0786,2024,,11.3,21.1,29.48333957319356,6.0,10.9,26.06
U0787,2024,,2.6,9.3,88.84312991388992,34.0,15.2,17.915
U0788,2024,,1.0,,,,9.4,
U0789,2024,,8.5,17.7,44.04717334331711,2.0,19.3,21.36
U0790,2024,,5.3,30.2,11.119430924747286,7.0,11.5,21.68
U0791,2024,,37.3,28.1,13.815050542867835,18.0,7.1,42.27
U0792,2024,,2.7,,,,5.4,
U0793,2024,,10.6,10.8,82.01048296518158,32.0,4.8,27.735
U0794,2024,,1.2,30.6,10.819917633845,3.0,10.4,9.985
U0795,2024,,26.2,15.8,54.867090977162114,15.0,6.0,37.415
U0796,2024,,30.4,,,,4.8,
U0797,2024,,4.3,8.1,92.86783976038936,26.0,5.3,19.630000000000003
U0798,2024,,4.3,,,,29.1,
U0799,2024,,23.5,11.3,79.95132909022837,3.0,11.1,38.13
U0800,2024,,14.9,,,,10.5,
U0801,2024,,18.9,,,,12.7,
U0802,2024,,10.6,13.0,71.19056533133659,5.0,7.6,28.93
U0803,2024,,2.7,12.1,75.739423436915,60.0,9.6,
U0804,2024,,2.0,28.7,13.084986896293527,4.0,23.1,21.545
U0805,2024,,2.6,,,,20.2,
U0806,2024,,52.5,,,,5.9,
U0807,2024,,33.1,,,,7.7,
U0808,2024,,1.0,,,,14.8,
U0809,2024,,20.4,16.2,52.09659303631599,2.0,11.0,30.96
U0810,2024,,11.8,22.4,25.32759266192437,34.0,5.0,30.635
U0811,2024,,12.7,,,,9.4,
U0812,2024,,59.7,,,,4.2,
U0813,2024,,1.8,17.1,47.15462373642831,19.0,7.6,11.525
U0814,2024,,2.0,13.0,71.19056533133659,0.0,19.1,7.89
U0815,2024,,2.3,9.6,87.81355297641333,3.0,11.7,21.9
U0816,2024,,1.2,,,,16.7,
U0817,2024,,2.9,14.7,61.25046798951704,13.0,14.7,18.5
U0818,2024,,12.3,18.1,42.41856982403595,16.0,10.0,31.1
U0819,2024,,4.4,17.5,45.05803070011232,37.0,3.3,22.575000000000003
U0820,2024,,12.7,28.5,13.290902283788842,12.0,10.4,35.075
U0821,2024,,1.5,,,,16.2,
U0822,2024,,50.5,,,,5.4,
U0823,2024,,25.0,,,,12.7,
U0824,2024,,6.6,,,,27.0,
U0825,2024,,17.6,,,,10.1,
U0826,2024,,10.6,14.1,64.78846873830027,21.0,12.9,32.435
U0827,2024,,14.1,17.9,43.20479221265444,7.0,4.5,29.910000000000004
U0828,2024,,26.4,42.8,3.182328715836769,9.0,8.0,36.19
U0829,2024,,6.2,56.0,1.2354923249719207,15.0,14.1,32.825
U0830,2024,,1.1,,,,13.1,
U0831,2024,,1.3,,,,18.5,
U0832,2024,,2.4,,,,16.0,
U0833,2024,,40.9,,,,9.1,
U0834,2024,,1.4,,,,19.2,
U0835,2024,,11.2,,,,11.3,
U0836,2024,,5.2,,,,7.3,
U0837,2024,,12.9,,,,13.6,
U0838,2024,,5.8,17.2,46.63047547734931,9.0,14.0,20.33
U0839,2024,,12.9,7.9,93.42942718083115,6.0,2.7,31.785
U0840,2024,,7.7,14.5,62.67315612130289,10.0,13.5,20.96
U0841,2024,,1.5,13.3,69.18757019842757,0.0,11.0,9.96
U0842,2024,,25.0,,,,12.4,
U0843,2024,,14.9,18.0,42.83040059902659,22.0,7.9,25.21
U0844,2024,,4.2,33.3,8.255335080494197,2.0,15.2,19.865
U0845,2024,,41.5,,,,13.2,
U0846,2024,,18.5,13.0,71.19056533133659,6.0,18.3,37.925
U0847,2024,,3.4,,,,21.8,
U0848,2024,,37.1,26.5,16.15499812804193,2.0,8.6,43.18000000000001
U0849,2024,,5.0,10.5,83.60164732309995,13.0,7.1,24.11
U0850,2024,,33.6,10.8,82.01048296518158,4.0,5.0,40.0
U0851,2024,,47.0,,,,6.9,
U0852,2024,,6.5,,,,9.6,
U0853,2024,,1.7,13.4,68.43878697117185,26.0,5.8,
U0854,2024,,3.1,,,,9.9,
U0855,2024,,8.1,24.6,19.786596780232124,13.0,5.1,23.28
U0856,2024,,12.4,17.7,44.04717334331711,7.0,9.3,25.765
U0857,2024,,10.7,19.8,34.66866342193935,4.0,8.8,23.4
U0858,2024,,41.8,15.5,56.34593785099214,8.0,1.3,33.32
U0859,2024,,5.0,19.5,36.09135155372519,26.0,3.7,21.955
U0860,2024,,47.3,14.7,61.25046798951704,6.0,3.8,44.855
U0861,2024,,22.4,15.7,55.29764133283415,7.0,11.3,36.0
U0862,2024,,4.8,,,,14.6,
U0863,2024,,26.0,11.2,80.49419692998877,4.0,9.3,34.365
U0864,2024,,22.1,13.8,66.39835267690005,6.0,8.2,30.505000000000003
U0865,2024,,1.1,,,,9.7,
U0866,2024,,1.0,,,,9.3,
U0867,2024,,4.1,16.3,51.535005615874205,17.0,6.2,17.63
U0868,2024,,6.3,6.7,96.03144889554474,5.0,6.9,14.825
U0869,2024,,36.8,,,,4.5,
U0870,2024,,14.9,25.5,18.232871583676523,3.0,7.4,28.58
U0871,2024,,7.7,10.0,86.0539123923624,7.0,8.9,19.705
U0872,2024,,13.3,14.1,64.78846873830027,5.0,8.3,27.835
U0873,2024,,3.0,,,,4.7,
U0874,2024,,6.4,,,,5.6,
U0875,2024,,33.3,,,,7.9,
U0876,2024,,11.7,,,,3.4,
U0877,2024,,3.1,18.7,39.04904530138524,18.0,12.6,17.225
U0878,2024,,46.1,,,,4.7,
U0879,2024,,30.5,15.6,55.80307001123175,7.0,13.8,29.785000000000004
U0880,2024,,4.3,,,,10.5,
U0881,2024,,1.1,,,,11.2,
U0882,2024,,34.6,,,,6.7,
U0883,2024,,21.4,,,,10.4,
U0884,2024,,16.9,,,,6.8,
U0885,2024,,10.9,18.4,40.69636840134781,11.0,15.3,30.49
U0886,2024,,33.9,,,,8.1,
U0887,2024,,7.2,,,,12.3,
U0888,2024,,11.0,21.0,29.85773118682141,24.0,5.2,
U0889,2024,,3.9,,,,12.0,
U0890,2024,,5.3,35.9,6.2897791089479576,1.0,11.5,20.1
U0891,2024,,5.2,16.3,51.535005615874205,40.0,4.4,23.57
U0892,2024,,9.9,16.1,52.639460876076384,13.0,5.9,31.055
U0893,2024,,5.5,,,,4.2,
U0894,2024,,32.2,22.0,26.46948708348933,1.0,11.1,38.205
U0895,2024,,1.3,13.3,69.18757019842757,7.0,12.8,10.295
U0896,2024,,7.3,114.2,0.2246349681767179,3.0,10.6,22.3
U0897,2024,,3.9,,,,14.9,
U0898,2024,,2.4,15.9,54.26806439535754,1.0,15.3,16.58
U0899,2024,,7.8,,,,8.7,
U0900,2024,,12.8,10.6,83.05877948333958,3.0,7.1,33.94
U0901,2024,,12.2,,,,9.7,
U0902,2024,,12.1,38.4,4.82965181579933,14.0,8.2,38.085
U0903,2024,,31.8,,,,9.7,
U0904,2024,,49.3,,,,3.2,
U0905,2024,,23.4,,,,11.6,
U0906,2024,,2.0,9.9,86.42830400599027,11.0,4.8,
U0907,2024,,4.4,,,,18.6,
U0908,2024,,46.9,15.0,59.06027704979409,2.0,7.1,27.565
U0909,2024,,5.6,12.8,72.40733807562711,11.0,8.6,16.38
U0910,2024,,1.5,,,,14.8,
U0911,2024,,12.2,9.9,86.42830400599027,6.0,10.5,20.31
U0912,2024,,1.1,9.1,89.62935230250842,7.0,15.6,
U0913,2024,,1.7,15.0,59.06027704979409,11.0,15.1,
U0914,2024,,12.9,19.4,36.70909771621116,4.0,9.5,27.925
U0915,2024,,4.5,19.2,37.28940471733433,3.0,11.0,20.555
U0916,2024,,4.4,,,,10.9,
U0917,2024,,28.6,,,,4.8,
U0918,2024,,1.7,9.3,88.84312991388992,11.0,5.0,10.715
U0919,2024,,4.9,,,,7.6,
U0920,2024,,2.7,21.3,28.828154249344816,0.0,13.3,23.605
U0921,2024,,6.5,11.5,78.99663047547735,4.0,12.4,16.595
U0922,2024,,5.1,,,,9.1,
U0923,2024,,2.5,,,,6.1,
U0924,2024,,5.3,21.0,29.85773118682141,26.0,3.7,20.09
U0925,2024,,3.6,,,,8.4,
U0926,2024,,1.2,,,,12.5,
U0927,2024,,1.2,,,,5.3,
U0928,2024,,2.3,,,,12.9,
U0929,2024,,1.1,,,,13.0,
U0930,2024,,1.6,,,,26.4,
U0931,2024,,1.3,,,,20.6,
U0932,2024,,1.7,,,,8.4,
U0933,2024,,6.1,,,,13.0,
U0934,2024,,18.0,,,,8.9,
U0935,2024,,43.6,,,,4.6,
U0936,2024,,12.1,,,,17.4,
U0937,2024,,16.8,,,,5.8,
U0938,2024,,22.6,16.1,52.639460876076384,5.0,6.8,33.265
U0939,2024,,6.2,26.1,16.959940097341818,52.0,3.6,18.015
U0940,2024,,2.4,11.2,80.49419692998877,3.0,5.2,22.71
U0941,2024,,3.4,14.0,65.27517783601647,9.0,11.5,14.02
U0942,2024,,6.8,14.4,63.38450018719581,11.0,8.0,18.835
U0943,2024,,6.8,17.7,44.04717334331711,5.0,11.7,22.835
U0944,2024,,1.8,34.5,7.300636465743171,2.0,10.0,15.905
U0945,2024,,21.4,42.7,3.219767877199553,0.0,6.9,28.08
U0946,2024,,6.9,20.3,32.590789966304754,23.0,6.8,23.285
U0947,2024,,1.2,,,,7.1,
U0948,2024,,2.1,,,,18.8,
U0949,2024,,26.2,13.0,71.19056533133659,14.0,3.5,33.515
U0950,2024,,5.3,,,,11.7,
U0951,2024,,1.3,8.0,93.14863347061024,2.0,7.0,10.23
U0952,2024,,10.3,6.0,96.98614751029578,3.0,3.4,22.925
U0953,2024,,1.0,6.3,96.63047547734932,6.0,6.2,
U0954,2024,,20.0,53.7,1.4601272931486386,5.0,7.6,29.585
U0955,2024,,17.2,18.2,41.913141145638335,8.0,7.1,30.775
U0956,2024,,1.4,13.2,69.89891426432048,2.0,12.9,7.02
U0957,2024,,2.1,,,,12.5,
U0958,2024,,16.7,12.2,75.2714339198802,27.0,2.6,30.66
U0959,2024,,15.2,,,,7.3,
U0960,2024,,1.2,,,,13.0,
U0961,2024,,28.2,30.5,10.950954698614757,11.0,7.0,32.71
U0962,2024,,1.6,13.0,71.19056533133659,9.0,5.3,19.515
U0963,2024,,6.9,9.3,88.84312991388992,4.0,2.8,17.64
U0964,2024,,50.2,,,,4.3,
U0965,2024,,1.3,,,,8.8,
U0966,2024,,4.4,17.2,46.63047547734931,2.0,17.2,16.13
U0967,2024,,8.5,,,,13.2,
U0968,2024,,12.6,9.8,86.95245226506927,6.0,7.1,22.125
U0969,2024,,2.6,40.2,3.93111194309248,4.0,14.1,22.405
U0970,2024,,3.8,7.2,95.28266566828904,3.0,4.9,17.22
U0971,2024,,2.1,,,,13.1,
U0972,2024,,1.3,,,,17.3,
U0973,2024,,3.3,12.9,71.86447023586672,2.0,21.6,14.65
U0974,2024,,18.3,,,,3.5,
U0975,2024,,12.6,,,,6.3,
U0976,2024,,1.9,,,,6.1,
U0977,2024,,1.1,,,,6.7,
U0978,2024,,7.2,,,,5.5,
U0979,2024,,1.8,12.7,72.85660801198053,10.0,12.7,7.895
U0980,2024,,1.9,11.3,79.95132909022837,11.0,6.6,11.114999999999998
U0981,2024,,13.5,,,,4.4,
U0982,2024,,11.9,21.6,27.94833395731936,4.0,10.0,28.28
U0983,2024,,3.3,,,,11.1,
U0984,2024,,2.5,,,,23.6,
U0985,2024,,12.0,,,,10.6,
U0986,2024,,2.0,,,,21.0,
U0987,2024,,4.5,,,,6.7,
U0988,2024,,2.8,,,,16.4,
U0989,2024,,2.2,,,,7.7,
U0990,2024,,1.1,,,,19.5,
U0991,2024,,5.0,,,,9.8,
U0992,2024,,2.6,,,,12.4,
U0993,2024,,29.3,,,,9.5,
U0994,2024,,6.2,,,,13.4,
U0995,2024,,2.7,,,,13.1,
U0996,2024,,2.2,,,,9.7,
U0997,2024,,3.8,16.3,51.535005615874205,28.0,5.4,19.325
U0998,2024,,3.2,32.0,9.284912017970791,0.0,13.1,20.04
U0999,2024,,7.8,13.6,67.2407338075627,5.0,5.4,27.675
U1000,2024,,25.4,33.4,8.161737177087236,6.0,9.5,36.120000000000005
U1001,2024,,21.0,24.6,19.786596780232124,26.0,3.3,30.95
U1002,2024,,5.7,,,,5.2,
U1003,2024,,14.1,36.7,5.896667914638709,6.0,8.6,28.795
U1004,2024,,2.6,28.3,13.552976413328343,11.0,14.1,15.93
U1005,2024,,26.9,14.7,61.25046798951704,5.0,3.8,33.76
U1006,2024,,1.4,22.0,26.46948708348933,9.0,13.1,21.675
U1007,2024,,12.1,12.0,76.3010108573568,1.0,11.1,25.14
U1008,2024,,7.1,17.1,47.15462373642831,7.0,9.8,23.315
U1009,2024,,5.7,11.8,77.51778360164732,5.0,5.8,24.655
U1010,2024,,2.3,21.7,27.648820666417077,11.0,7.7,20.700000000000003
U1011,2024,,1.5,13.9,65.87420441782103,10.0,7.4,13.13
U1012,2024,,2.2,22.1,26.095095469861477,1.0,11.4,16.66
U1013,2024,,1.1,,,,7.3,
U1014,2024,,1.2,10.4,84.06963684013478,3.0,13.0,
U1015,2024,,9.0,8.0,93.14863347061024,3.0,13.5,25.94
U1016,2024,,7.5,19.0,37.776113815050536,6.0,6.1,25.22
U1017,2024,,6.7,,,,14.2,
U1018,2024,,15.8,,,,7.0,
U1019,2024,,3.2,17.2,46.63047547734931,26.0,6.2,24.86
U1020,2024,,2.0,16.9,48.221639835267695,1.0,11.6,22.88
U1021,2024,,10.4,,,,7.5,
U1022,2024,,3.7,20.1,33.43317109696743,15.0,5.1,17.46
U1023,2024,,1.6,,,,8.5,
U1024,2024,,15.6,33.5,8.03070011231748,7.0,6.3,24.53
U1025,2024,,10.3,14.0,65.27517783601647,5.0,3.8,19.015
U1026,2024,,11.4,,,,8.1,
U1027,2024,,3.1,,,,10.3,
U1028,2024,,4.7,,,,11.0,
U1029,2024,,3.0,,,,5.8,
U1030,2024,,3.2,20.3,32.590789966304754,4.0,10.0,14.725
U1031,2024,,2.6,,,,14.3,
U1032,2024,,5.4,,,,6.8,
U1033,2024,,18.5,,,,4.5,
U1034,2024,,9.2,18.3,41.276675402470985,11.0,8.8,33.980000000000004
U1035,2024,,7.6,14.6,61.92437289404717,4.0,6.6,18.535
U1036,2024,,6.3,24.1,21.04080868588544,18.0,5.2,24.06
U1037,2024,,4.7,7.6,93.99101460127292,4.0,3.5,12.025
U1038,2024,,27.7,,,,4.5,
U1039,2024,,28.1,19.8,34.66866342193935,2.0,5.4,32.85
U1040,2024,,16.5,,,,4.1,
U1041,2024,,3.0,9.7,87.40172220142269,5.0,7.0,18.18
U1042,2024,,3.2,11.6,78.45376263571696,16.0,6.0,13.465
U1043,2024,,10.0,,,,7.1,
U1044,2024,,1.5,12.1,75.739423436915,13.0,5.2,
U1045,2024,,8.0,,,,7.0,
U1046,2024,,1.5,8.4,91.96929988768252,70.0,5.5,
U1047,2024,,1.0,,,,6.3,
U1048,2024,,26.7,12.9,71.86447023586672,1.0,4.4,33.57
U1049,2024,,3.5,10.1,85.62336203669038,3.0,6.1,12.125
U1050,2024,,8.2,21.6,27.94833395731936,3.0,4.8,19.045
U1051,2024,,1.5,27.6,14.526394608760762,2.0,14.4,
U1052,2024,,12.7,,,,5.5,
U1053,2024,,25.6,,,,4.6,
U1054,2024,,7.5,21.9,26.900037439161363,15.0,4.5,24.92
U1055,2024,,2.0,,,,7.9,
U1056,2024,,8.9,13.1,70.46050168476225,5.0,5.0,17.655
U1057,2024,,3.3,25.5,18.232871583676523,50.0,5.0,
U1058,2024,,7.0,,,,8.5,
U1059,2024,,1.9,11.9,76.97491576188693,1.0,8.4,13.265
U1060,2024,,2.4,30.6,10.819917633845,5.0,8.1,13.03
U1061,2024,,17.4,14.6,61.92437289404717,4.0,6.2,28.66
U1062,2024,,4.7,,,,11.0,
U1063,2024,,1.3,6.5,96.25608386372146,1.0,5.0,7.46
U1064,2024,,1.8,15.5,56.34593785099214,18.0,9.1,11.645
U1065,2024,,4.5,,,,6.2,
U1066,2024,,26.8,13.5,67.83976038936727,2.0,5.0,32.629999999999995
U1067,2024,,1.3,13.0,71.19056533133659,2.0,9.6,
U1068,2024,,4.9,15.6,55.80307001123175,4.0,12.5,15.98
U1069,2024,,1.3,,,,6.5,
U1070,2024,,1.2,,,,5.1,
U1071,2024,,4.0,,,,5.9,
U1072,2024,,13.1,,,,5.8,
U1073,2024,,17.2,,,,4.0,
U1074,2024,,1.6,9.1,89.62935230250842,0.0,8.8,
U1075,2024,,10.5,,,,8.1,
U1076,2024,,24.1,18.6,39.666791463871206,1.0,7.8,32.285
U1077,2024,,5.3,,,,11.8,
U1078,2024,,1.2,,,,10.1,
U1079,2024,,6.3,11.4,79.44590041183078,6.0,7.8,16.045
U1080,2024,,6.3,,,,7.2,
U1081,2024,,1.1,10.4,84.06963684013478,4.0,4.9,10.95
U1082,2024,,1.8,,,,5.4,
U1083,2024,,2.1,13.4,68.43878697117185,12.0,3.6,24.08
U1084,2024,,2.1,10.7,82.4971920628978,14.0,4.1,11.47
U1085,2024,,14.3,28.1,13.815050542867835,5.0,5.4,27.66
U1086,2024,,4.5,17.7,44.04717334331711,12.0,6.7,23.515
U1087,2024,,11.2,10.4,84.06963684013478,3.0,3.6,19.43
U1088,2024,,3.8,,,,6.8,
U1089,2024,,7.0,12.0,76.3010108573568,4.0,6.8,18.11
U1090,2024,,7.2,11.9,76.97491576188693,5.0,8.5,14.0
U1091,2024,,3.8,8.5,91.65106701609884,7.0,9.1,11.294999999999998
U1092,2024,,9.0,28.5,13.290902283788842,2.0,4.4,
U1093,2024,,5.7,21.4,28.491201797079743,6.0,5.6,19.42
U1094,2024,,7.2,,,,4.9,
U1095,2024,,23.9,,,,3.0,
U1096,2024,,4.0,15.5,56.34593785099214,2.0,8.6,18.525
U1097,2024,,2.5,12.0,76.3010108573568,24.0,5.8,22.950000000000003
U1098,2024,,1.2,,,,5.6,
U1099,2024,,1.6,14.8,60.61400224634967,5.0,9.2,10.535
U1100,2024,,3.6,24.4,20.27330587794833,2.0,6.1,18.56
U1101,2024,,5.5,9.9,86.42830400599027,14.0,9.0,20.9
U1102,2024,,5.5,,,,7.5,
U1103,2024,,1.4,,,,8.4,
U1104,2024,,1.5,16.8,48.68962935230251,3.0,8.7,11.575
U1105,2024,,3.6,23.0,23.567952077873457,7.0,9.4,16.560000000000002
U1106,2024,,2.6,,,,3.2,
U1107,2024,,9.8,,,,4.6,
U1108,2024,,5.6,9.7,87.40172220142269,2.0,4.4,16.74
U1109,2024,,11.4,10.9,81.50505428678397,7.0,12.8,20.03
U1110,2024,,2.3,,,,12.3,
U1111,2024,,7.3,,,,13.9,
U1112,2024,,1.4,,,,3.7,
U1113,2024,,1.8,,,,14.5,
U1114,2024,,1.5,,,,19.3,
U1115,2024,,9.7,,,,7.9,
U1116,2024,,1.2,,,,18.9,
U1117,2024,,9.3,,,,10.3,
U1118,2024,,1.9,,,,7.9,
U1119,2024,,1.2,,,,9.6,
U1120,2024,,1.2,,,,14.6,
U1121,2024,,6.5,,,,12.5,
U1122,2024,,2.0,,,,10.2,
U1123,2024,,6.2,,,,10.8,
U1124,2024,,2.9,,,,9.6,
U1125,2024,,3.1,9.1,89.62935230250842,2.0,7.0,
U1126,2024,,1.9,8.9,90.49045301385247,1.0,18.1,6.855
U1127,2024,,3.7,,,,14.7,
U1128,2024,,1.6,,,,5.7,
U1129,2024,,1.6,,,,12.9,
U1130,2024,,1.1,,,,6.1,
U1131,2024,,1.2,,,,3.8,
U1132,2024,,1.3,,,,5.5,
U1133,2024,,2.2,,,,9.5,
U1134,2024,,4.5,,,,7.9,
U1135,2024,,2.6,,,,13.7,
U1136,2024,,1.1,,,,7.8,
U1137,2024,,1.1,,,,4.5,
U1138,2024,,7.3,,,,5.9,
U1139,2024,,4.1,,,,11.6,
U1140,2024,,17.8,,,,11.8,
U1141,2024,,5.2,,,,13.0,
U1142,2024,,3.6,,,,9.6,
U1143,2024,,29.3,,,,3.7,
U1144,2024,,16.7,,,,7.1,
U1145,2024,,21.7,,,,7.1,
U1146,2024,,1.3,,,,14.3,
U1147,2024,,1.5,16.9,48.221639835267695,2.0,12.9,15.83
U1148,2024,,13.0,,,,6.0,
U1149,2024,,6.8,,,,4.5,
U1150,2024,,6.3,,,,8.8,
U1151,2024,,5.2,31.5,9.99625608386372,11.0,7.9,20.075
U1152,2024,,3.7,,,,7.0,
U1153,2024,,1.7,,,,4.5,
U1154,2024,,7.1,,,,9.4,
U1155,2024,,1.9,,,,7.2,
U1156,2024,,6.2,,,,10.1,
U1157,2024,,4.5,,,,3.7,
U1158,2024,,2.5,,,,11.4,
U1159,2024,,3.7,16.6,49.81280419318608,4.0,14.7,12.735
U1160,2024,,3.2,14.9,59.86521901909397,13.0,13.2,13.76
U1161,2024,,12.2,16.8,48.68962935230251,5.0,10.5,23.325
U1162,2024,,8.6,,,,10.3,
U1163,2024,,11.9,,,,5.8,
U1164,2024,,5.1,15.8,54.867090977162114,18.0,4.8,24.47
U1165,2024,,7.8,18.8,38.581055784350426,6.0,6.3,24.815
U1166,2024,,5.4,,,,5.0,
U1167,2024,,3.5,19.7,35.09921377761138,0.0,9.9,21.265
U1168,2024,,32.6,,,,3.1,
U1169,2024,,19.5,32.6,8.798202920254584,5.0,7.2,26.115
U1170,2024,,4.9,39.3,4.342942718083121,0.0,11.6,10.545
U1171,2024,,2.6,,,,6.1,
U1172,2024,,2.6,27.5,14.732309996256088,0.0,8.4,22.455
U1173,2024,,7.7,,,,3.5,
U1174,2024,,19.7,,,,11.0,
U1175,2024,,16.9,,,,4.4,
U1176,2024,,42.4,,,,3.8,
U1177,2024,,14.7,,,,10.7,
U1178,2024,,16.9,,,,5.0,
U1179,2024,,13.4,20.6,31.093223511793333,6.0,5.1,31.695
U1180,2024,,17.2,,,,6.9,
U1181,2024,,3.6,15.1,58.36765256458255,1.0,8.4,12.81
U1182,2024,,16.2,14.5,62.67315612130289,3.0,5.6,28.005000000000003
U1183,2024,,1.9,15.6,55.80307001123175,0.0,4.4,9.19
U1184,2024,,8.8,14.4,63.38450018719581,4.0,11.0,22.905
U1185,2024,,3.0,19.5,36.09135155372519,2.0,5.2,22.09
U1186,2024,,22.8,,,,6.0,
U1187,2024,,14.2,,,,4.4,
U1188,2024,,8.8,35.6,6.40209659303631,2.0,6.1,24.165
U1189,2024,,25.2,29.8,11.531261699737929,13.0,3.6,37.325
U1190,2024,,18.2,17.0,47.69749157618869,9.0,3.7,26.75
U1191,2024,,11.5,,,,3.2,
U1192,2024,,15.6,,,,3.1,
U1193,2024,,3.7,17.5,45.05803070011232,3.0,6.9,15.03
U1194,2024,,8.3,16.7,49.2137776113815,28.0,3.2,24.64
U1195,2024,,21.1,14.1,64.78846873830027,4.0,3.2,31.07
U1196,2024,,6.6,,,,6.6,
U1197,2024,,22.4,,,,6.2,
U1198,2024,,4.7,14.7,61.25046798951704,13.0,6.0,15.725
U1199,2024,,6.8,,,,6.6,
U1200,2024,,18.5,18.3,41.276675402470985,5.0,5.6,
U1201,2024,,5.6,,,,4.2,
U1202,2024,,6.6,13.4,68.43878697117185,8.0,9.3,15.29
U1203,2024,,2.7,27.3,15.013103706476972,2.0,5.8,20.64
U1204,2024,,3.0,22.3,25.57094721078248,8.0,7.5,13.335
U1205,2024,,2.6,17.0,47.69749157618869,8.0,4.9,15.47
U1206,2024,,1.8,12.2,75.2714339198802,3.0,7.0,6.4350000000000005
U1207,2024,,4.4,,,,5.8,
U1208,2024,,1.3,,,,6.8,
U1209,2024,,14.6,27.2,15.16286035192812,0.0,6.0,24.875
U1210,2024,,1.5,,,,5.7,
U1211,2024,,9.4,,,,4.4,
U1212,2024,,1.2,13.6,67.2407338075627,5.0,6.6,
U1213,2024,,1.9,45.2,2.4897042306252337,1.0,13.7,8.36
U1214,2024,,2.8,,,,7.6,
U1215,2024,,2.3,,,,6.0,
U1216,2024,,13.7,,,,4.0,
U1217,2024,,6.5,18.3,41.276675402470985,3.0,3.6,19.655
U1218,2024,,3.9,37.5,5.316360913515538,5.0,5.5,14.98
U1219,2024,,1.2,,,,2.7,
U1220,2024,,2.2,14.4,63.38450018719581,4.0,6.1,
U1221,2024,,5.1,,,,8.9,
U1222,2024,,4.0,,,,4.1,
U1223,2024,,2.6,15.4,56.77648820666417,4.0,4.9,15.78
U1224,2024,,11.3,,,,7.2,
U1225,2024,,2.8,,,,9.5,
U1226,2024,,1.2,,,,6.1,
U1227,2024,,2.1,,,,6.8,
U1228,2024,,1.8,18.6,39.666791463871206,4.0,8.6,7.31
U1229,2024,,5.3,,,,4.4,
U1230,2024,,3.4,13.2,69.89891426432048,1.0,6.9,11.9
U1231,2024,,6.1,23.3,23.11868214152003,7.0,10.8,15.43
U1232,2024,,9.5,,,,4.7,
U1233,2024,,7.0,27.2,15.16286035192812,6.0,7.6,19.595
U1234,2024,,2.3,,,,4.4,
U1235,2024,,2.2,12.8,72.40733807562711,2.0,8.3,12.425
U1236,2024,,4.7,34.1,7.618869337326839,0.0,7.3,14.224999999999998
U1237,2024,,6.9,13.1,70.46050168476225,10.0,4.2,
U1238,2024,,1.6,22.4,25.32759266192437,2.0,7.3,13.454999999999998
U1239,2024,,3.0,,,,4.2,
U1240,2024,,1.6,23.0,23.567952077873457,1.0,4.6,7.784999999999999
U1241,2024,,1.4,,,,1.6,
U1242,2024,,1.4,,,,4.9,
U1243,2024,,1.7,,,,4.9,
U1244,2024,,1.3,10.7,82.4971920628978,2.0,5.7,6.695
U1245,2024,,8.2,,,,7.2,
U1246,2024,,5.7,17.3,46.10632721827032,0.0,9.7,23.37
U1247,2024,,12.6,,,,5.1,
U1248,2024,,7.0,17.2,46.63047547734931,6.0,3.6,18.27
U1249,2024,,1.0,,,,7.7,
U1250,2024,,1.4,11.6,78.45376263571696,16.0,5.7,6.74
U1251,2024,,1.3,,,,7.0,
U1252,2024,,1.5,10.8,82.01048296518158,11.0,3.9,10.89
U1253,2024,,5.3,13.9,65.87420441782103,0.0,6.9,17.17
U1254,2024,,5.6,,,,6.6,
U1255,2024,,4.9,,,,5.2,
U1256,2024,,3.1,,,,8.3,
U1257,2024,,3.3,23.3,23.11868214152003,0.0,8.5,18.49
U1258,2024,,2.9,11.6,78.45376263571696,11.0,3.6,11.19
U1259,2024,,2.0,60.8,0.861100711344065,1.0,6.9,20.745
U1260,2024,,11.7,13.8,66.39835267690005,6.0,6.1,14.465
U1261,2024,,1.0,,,,14.6,
U1262,2024,,9.1,12.2,75.2714339198802,3.0,3.4,23.51
U1263,2024,,1.6,34.0,7.712467240733812,5.0,6.7,8.25
U1264,2024,,2.8,14.9,59.86521901909397,6.0,4.5,9.63
U1265,2024,,7.8,,,,3.8,
U1266,2024,,1.3,,,,7.8,
U1267,2024,,14.5,,,,5.7,
U1268,2024,,5.4,18.6,39.666791463871206,9.0,9.2,17.065
U1269,2024,,1.9,,,,6.9,
U1270,2024,,2.8,15.7,55.29764133283415,6.0,7.6,12.005
U1271,2024,,10.8,16.2,52.09659303631599,8.0,6.0,20.62
U1272,2024,,1.7,14.6,61.92437289404717,17.0,6.0,8.219999999999999
U1273,2024,,7.8,34.4,7.450393111194309,7.0,5.5,22.785
U1274,2024,,1.3,,,,3.9,
U1275,2024,,21.0,25.7,17.87719955073006,3.0,5.4,21.880000000000003
U1276,2024,,1.5,,,,4.4,
U1277,2024,,16.5,21.5,28.229127667540244,1.0,4.1,22.615
U1278,2024,,1.2,,,,4.2,
U1279,2024,,9.4,,,,6.3,
U1280,2024,,9.2,20.5,31.54249344814676,5.0,4.1,25.725
U1281,2024,,7.0,11.4,79.44590041183078,10.0,5.7,14.79
U1282,2024,,3.0,,,,10.4,
U1283,2024,,2.1,14.4,63.38450018719581,4.0,4.0,12.595
U1284,2024,,6.8,15.3,57.35679520778735,6.0,4.9,12.995
U1285,2024,,1.2,,,,9.7,
U1286,2024,,4.0,,,,4.5,
U1287,2024,,4.3,,,,6.8,
U1288,2024,,2.1,,,,5.4,
U1289,2024,,10.3,,,,6.4,
U1290,2024,,5.3,17.8,43.5604642456009,0.0,7.6,15.91
U1291,2024,,1.8,,,,4.9,
U1292,2024,,3.5,,,,4.5,
U1293,2024,,5.3,,,,7.5,
U1294,2024,,3.4,,,,4.4,
U1295,2024,,2.3,13.1,70.46050168476225,1.0,4.1,18.4
U1296,2024,,2.4,,,,7.1,
U1297,2024,,1.3,,,,9.0,
U1298,2024,,9.6,26.2,16.754024709846504,1.0,6.4,18.08
U1299,2024,,5.0,22.5,24.990640209659297,7.0,5.7,14.97
U1300,2024,,2.2,17.3,46.10632721827032,1.0,6.9,19.715
U1301,2024,,3.9,20.5,31.54249344814676,2.0,4.6,16.005
U1302,2024,,4.6,13.3,69.18757019842757,10.0,3.9,13.005
U1303,2024,,3.7,,,,5.8,
U1304,2024,,4.6,,,,6.3,
U1305,2024,,6.0,,,,5.3,
U1306,2024,,1.2,,,,3.8,
U1307,2024,,3.1,,,,4.3,
U1308,2024,,1.9,,,,3.5,
U1309,2024,,2.8,16.0,53.46312242605767,4.0,10.5,14.445
U1310,2024,,5.5,,,,4.5,
U1311,2024,,1.2,14.1,64.78846873830027,2.0,8.5,
U1312,2024,,3.7,,,,6.4,
U1313,2024,,5.4,20.4,32.02920254586298,10.0,6.5,16.65
U1314,2024,,1.1,,,,6.5,
U1315,2024,,1.4,,,,3.2,
U1316,2024,,5.9,,,,4.5,
U1317,2024,,1.2,,,,8.1,
U1318,2024,,1.7,,,,8.3,
U1319,2024,,1.5,,,,12.5,
U1320,2024,,1.1,,,,8.4,
U1321,2024,,1.1,,,,6.6,
U1322,2024,,1.2,,,,7.5,
U1323,2024,,1.0,,,,10.2,
U1324,2024,,9.8,,,,3.5,
U1325,2024,,2.9,,,,10.9,
U1326,2024,,4.0,,,,8.0,
U1327,2024,,2.3,,,,7.2,
U1328,2024,,1.0,,,,3.7,
U1329,2024,,2.1,,,,10.1,
U1330,2024,,2.1,,,,9.7,
U1331,2024,,1.1,,,,4.5,
U1332,2024,,1.0,,,,7.5,
U1333,2024,,1.6,,,,6.3,
U1334,2024,,1.1,,,,7.6,
U1335,2024,,1.6,13.2,69.89891426432048,2.0,7.0,
U1336,2024,,1.0,,,,5.1,
U1337,2024,,1.5,,,,7.4,
U1338,2024,,3.5,,,,8.6,
U1339,2024,,1.4,,,,4.1,
U1340,2024,,2.2,,,,11.3,
U1341,2024,,2.5,35.2,6.739049045301382,0.0,12.7,8.515
U1342,2024,,1.7,,,,6.7,
U1343,2024,,1.5,,,,10.2,
U1344,2024,,1.1,,,,11.3,
U1345,2024,,2.5,9.4,88.50617746162486,0.0,9.5,11.875
U1346,2024,,3.1,19.9,34.18195432422314,0.0,9.0,13.17
U1347,2024,,2.8,,,,3.8,
U1348,2024,,4.7,,,,4.7,
U1349,2024,,5.2,,,,6.4,
U1350,2024,,7.8,,,,5.1,
U1351,2024,,5.3,19.8,34.66866342193935,1.0,7.4,14.080000000000002
U1352,2024,,3.4,,,,5.2,
U1353,2024,,2.1,,,,3.5,
U1354,2024,,6.5,,,,5.7,
U1355,2024,,1.8,,,,11.2,
U1356,2024,,1.4,29.4,12.354923249719208,1.0,6.6,
U1357,2024,,1.4,18.5,40.24709846499438,1.0,10.9,13.044999999999998
U1358,2024,,1.3,19.2,37.28940471733433,2.0,8.8,10.845
U1359,2024,,2.8,,,,9.2,
U1360,2024,,5.5,,,,6.6,
U1361,2024,,2.3,,,,8.8,
U1362,2024,,2.2,,,,6.0,
U1363,2024,,6.7,13.6,67.2407338075627,3.0,7.8,18.555
U1364,2024,,5.8,16.1,52.639460876076384,6.0,6.3,14.46
U1365,2024,,2.0,14.9,59.86521901909397,0.0,4.6,15.495
U1366,2024,,1.4,11.7,77.94833395731936,0.0,5.5,6.94
U1367,2024,,2.6,,,,5.4,
U1368,2024,,3.0,,,,3.7,
U1369,2024,,3.7,13.7,66.7540247098465,1.0,3.9,20.225
U1370,2024,,1.4,12.3,74.69112691875702,0.0,4.4,8.105
U1371,2024,,8.0,14.9,59.86521901909397,5.0,3.1,23.6
U1372,2024,,2.4,14.9,59.86521901909397,5.0,6.6,9.675
U1373,2024,,10.5,,,,4.2,
U1374,2024,,2.4,,,,5.0,
U1375,2024,,10.1,,,,2.6,
U1376,2024,,3.6,16.0,53.46312242605767,9.0,6.3,12.945
U1377,2024,,8.5,19.5,36.09135155372519,7.0,4.2,14.235
U1378,2024,,3.1,13.5,67.83976038936727,10.0,4.5,11.86
U1379,2024,,2.0,13.9,65.87420441782103,1.0,9.0,18.67
U1380,2024,,4.1,15.3,57.35679520778735,18.0,3.7,13.48
U1381,2024,,4.3,15.6,55.80307001123175,3.0,6.1,15.04
U1382,2024,,2.7,,,,5.2,
U1383,2024,,2.7,,,,6.2,
U1384,2024,,3.6,,,,5.9,
U1385,2024,,3.1,11.6,78.45376263571696,4.0,5.4,11.815
U1386,2024,,6.1,,,,4.7,
U1387,2024,,4.2,15.7,55.29764133283415,2.0,6.3,18.82
U1388,2024,,3.3,22.9,23.848745788094348,0.0,6.0,13.395
U1389,2024,,3.0,,,,2.2,
U1390,2024,,1.6,,,,3.6,
U1391,2024,,3.8,14.8,60.61400224634967,5.0,5.6,16.62
U1392,2024,,9.8,,,,7.6,
U1393,2024,,6.9,,,,5.2,
U1394,2024,,1.1,,,,4.5,
U1395,2024,,1.3,11.1,80.88730812429802,15.0,5.4,6.19
U1396,2024,,5.8,21.3,28.828154249344816,8.0,4.9,18.105
U1397,2024,,4.2,10.9,81.50505428678397,5.0,3.9,11.72
U1398,2024,,1.4,,,,11.7,
U1399,2024,,1.3,,,,4.0,
U1400,2024,,9.0,23.0,23.567952077873457,8.0,5.5,20.06
U1401,2024,,2.6,25.2,18.794459004118306,2.0,7.7,22.11
U1402,2024,,1.4,12.4,74.11081991763385,12.0,3.5,17.435
U1403,2024,,3.0,,,,5.7,
U1404,2024,,3.0,,,,3.6,
U1405,2024,,2.9,,,,5.2,
U1406,2024,,2.9,,,,3.7,
U1407,2024,,1.1,,,,5.3,
U1408,2024,,2.4,,,,6.8,
U1409,2024,,1.7,,,,5.2,
U1410,2024,,3.7,14.8,60.61400224634967,1.0,3.0,
U1411,2024,,4.1,,,,3.4,
U1412,2024,,10.7,,,,4.1,
U1413,2024,,3.0,,,,6.2,
U1414,2024,,2.3,,,,6.6,
U1415,2024,,1.3,14.2,64.30175964058404,4.0,3.3,6.82
U1416,2024,,1.0,,,,7.0,
U1417,2024,,2.4,24.7,19.5806813927368,4.0,4.1,8.135
U1418,2024,,1.9,16.5,50.33695245226507,3.0,3.6,13.085
U1419,2024,,1.0,,,,7.6,
U1420,2024,,1.4,21.5,28.229127667540244,5.0,5.5,6.805
U1421,2024,,1.1,,,,7.1,
U1422,2024,,1.9,18.3,41.276675402470985,1.0,6.6,8.135
U1423,2024,,1.4,15.2,57.88094346686634,1.0,5.8,11.2
U1424,2024,,1.5,,,,7.0,
U1425,2024,,2.8,16.5,50.33695245226507,4.0,2.7,17.915
U1426,2024,,1.5,,,,4.9,
U1427,2024,,2.0,,,,4.2,
U1428,2024,,3.9,13.0,71.19056533133659,1.0,4.1,14.614999999999998
U1429,2024,,1.3,,,,7.0,
U1430,2024,,1.2,22.1,26.095095469861477,4.0,5.1,9.37
U1431,2024,,3.3,26.6,15.930363159865225,7.0,4.6,16.38
U1432,2024,,4.3,,,,5.0,
U1433,2024,,5.1,29.7,11.774616248596026,5.0,4.5,14.65
U1434,2024,,2.8,18.8,38.581055784350426,2.0,6.3,11.055
U1435,2024,,1.8,,,,4.7,
U1436,2024,,4.5,18.6,39.666791463871206,12.0,3.5,13.325
U1437,2024,,1.4,,,,9.7,
U1438,2024,,1.7,30.5,10.950954698614757,4.0,6.3,12.065
U1439,2024,,4.2,,,,3.8,
U1440,2024,,7.2,,,,3.0,
U1441,2024,,1.4,,,,6.4,
U1442,2024,,2.5,21.9,26.900037439161363,1.0,6.3,
U1443,2024,,2.8,,,,8.6,
U1444,2024,,1.2,,,,3.1,
U1445,2024,,1.5,,,,6.6,
U1446,2024,,3.1,25.5,18.232871583676523,1.0,5.3,19.135
U1447,2024,,2.1,,,,4.4,
U1448,2024,,2.4,,,,5.9,
U1449,2024,,2.4,,,,5.5,
U1450,2024,,1.6,,,,3.5,
U1451,2024,,2.0,,,,4.6,
U1452,2024,,1.1,,,,3.9,
U1453,2024,,1.6,20.3,32.590789966304754,1.0,6.1,
U1454,2024,,2.8,,,,3.4,
U1455,2024,,1.5,,,,4.5,
U1456,2024,,4.8,,,,4.1,
U1457,2024,,1.7,,,,4.4,
U1458,2024,,1.5,,,,4.9,
U1459,2024,,1.0,17.1,47.15462373642831,0.0,4.7,
U1460,2024,,3.2,21.3,28.828154249344816,1.0,4.8,18.665
U1461,2024,,1.4,,,,11.8,
U1462,2024,,2.0,,,,7.2,
U1463,2024,,2.8,,,,7.1,
U1464,2024,,1.3,,,,6.0,
U1465,2024,,5.6,,,,4.0,
U1466,2024,,1.3,,,,6.1,
U1467,2024,,2.2,,,,6.5,
U1468,2024,,1.3,,,,3.3,
U1469,2024,,1.8,,,,3.6,
U1470,2024,,1.7,,,,7.9,
U1471,2024,,1.1,,,,3.8,
U1472,2024,,2.0,,,,4.1,
U1473,2024,,1.7,,,,6.7,
U1474,2024,,1.6,,,,7.4,
U1475,2024,,1.3,,,,5.1,
U1476,2024,,1.5,,,,6.4,
U1477,2024,,1.2,,,,5.2,
U1478,2024,,1.5,35.4,6.55185323848746,1.0,6.1,
U1479,2024,,1.6,,,,6.0,
U1480,2024,,2.7,21.8,27.293148633470608,0.0,2.2,
U1481,2024,,1.1,,,,4.9,
U1482,2024,,1.9,,,,3.8,
U1483,2024,,1.4,,,,7.7,
U1484,2024,,1.7,11.5,78.99663047547735,1.0,3.7,8.454999999999998
U1485,2024,,3.3,,,,3.9,
U1486,2024,,3.1,,,,4.1,
U1487,2024,,4.2,,,,3.8,
U1488,2024,,3.5,,,,3.8,
U1489,2024,,2.1,,,,2.9,
U1490,2024,,2.6,,,,3.6,
U1491,2024,,1.3,22.0,26.46948708348933,1.0,8.1,9.09
U1492,2024,,1.6,,,,7.1,
U1493,2024,,1.1,,,,5.5,
U1494,2024,,1.9,,,,6.6,
U1495,2024,,1.5,,,,5.6,
U1496,2024,,2.1,20.9,30.10108573567952,4.0,4.5,11.165
U1497,2024,,1.3,13.1,70.46050168476225,0.0,4.7,9.93
U1498,2024,,1.1,24.0,21.35904155746912,0.0,6.4,
U1499,2024,,6.1,,,,3.0,
U1500,2024,,1.9,17.5,45.05803070011232,6.0,5.6,14.62
U1501,2024,,1.8,,,,7.2,
U1502,2024,,3.9,,,,4.1,
U1503,2024,,3.5,,,,2.6,
U1504,2024,,,8.0,93.14863347061024,33.0,,97.65833333333332
U1505,2024,,,6.1,96.9299887682516,33.0,,97.125
U1506,2024,,,17.9,43.20479221265444,22.0,,98.88333333333334
U1507,2024,,,15.4,56.77648820666417,43.0,,96.3
U1508,2024,,,6.2,96.81767128416324,36.0,,93.86666666666666
U1509,2024,,,9.6,87.81355297641333,15.0,,93.775
U1510,2024,,,20.0,33.78884312991389,24.0,,94.58333333333334
U1511,2024,,,11.8,77.51778360164732,42.0,,88.54166666666667
U1512,2024,,,11.5,78.99663047547735,46.0,,85.58333333333334
U1513,2024,,,16.7,49.2137776113815,27.0,,86.56666666666666
U1514,2024,,,13.5,67.83976038936727,64.0,,80.325
U1515,2024,,,12.0,76.3010108573568,19.0,,86.4
U1516,2024,,,18.3,41.276675402470985,43.0,,82.34166666666667
U1517,2024,,,25.1,18.906776488206667,47.0,,82.10833333333333
U1518,2024,,,13.9,65.87420441782103,53.0,,84.51666666666667
U1519,2024,,,33.5,8.03070011231748,18.0,,83.21666666666667
U1520,2024,,,15.0,59.06027704979409,22.0,,77.13333333333334
U1521,2024,,,12.6,73.23099962560839,72.0,,82.62500000000001
U1522,2024,,,13.3,69.18757019842757,20.0,,76.92500000000001
U1523,2024,,,9.9,86.42830400599027,27.0,,79.31666666666668
U1524,2024,,,15.6,55.80307001123175,45.0,,77.93333333333332
U1525,2024,,,18.8,38.581055784350426,25.0,,76.54166666666667
U1526,2024,,,15.1,58.36765256458255,48.0,,75.75
U1527,2024,,,7.3,94.92699363534255,22.0,,73.99166666666666
U1528,2024,,,27.5,14.732309996256088,18.0,,78.11666666666667
U1529,2024,,,7.7,93.72894047173344,8.0,,74.3
U1530,2024,,,13.9,65.87420441782103,17.0,,70.55
U1531,2024,,,10.7,82.4971920628978,8.0,,70.63333333333333
U1532,2024,,,36.6,5.952826656682886,40.0,,71.44166666666666
U1533,2024,,,11.8,77.51778360164732,9.0,,70.45833333333333
U1534,2024,,,18.3,41.276675402470985,17.0,,68.00833333333333
U1535,2024,,,54.5,1.3852489704230586,18.0,,71.65833333333333
U1536,2024,,,44.5,2.714339198801952,17.0,,71.03333333333335
U1537,2024,,,17.5,45.05803070011232,21.0,,69.35000000000001
U1538,2024,,,27.1,15.31261699737926,14.0,,70.04166666666667
U1539,2024,,,11.4,79.44590041183078,11.0,,67.575
U1540,2024,,,41.5,3.631598652190193,20.0,,69.2
U1541,2024,,,15.4,56.77648820666417,40.0,,67.33333333333333
U1542,2024,,,14.4,63.38450018719581,44.0,,67.47500000000001
U1543,2024,,,36.4,6.027704979408465,31.0,,68.18333333333334
U1544,2024,,,14.2,64.30175964058404,15.0,,69.11666666666667
U1545,2024,,,13.3,69.18757019842757,14.0,,63.73333333333333
U1546,2024,,,34.4,7.450393111194309,17.0,,65.84166666666667
U1547,2024,,,22.2,25.795582178959187,34.0,,64.73333333333333
U1548,2024,,,58.5,0.9734181954324184,13.0,,66.425
U1549,2024,,,49.6,1.7409210033695222,29.0,,64.97500000000001
U1550,2024,,,20.5,31.54249344814676,25.0,,63.34166666666666
U1551,2024,,,18.2,41.913141145638335,12.0,,67.79166666666667
U1552,2024,,,5.4,97.49157618869336,10.0,,65.39166666666667
U1553,2024,,,19.4,36.70909771621116,19.0,,61.99166666666667
U1554,2024,,,24.4,20.27330587794833,31.0,,63.45
U1555,2024,,,15.3,57.35679520778735,11.0,,65.67500000000001
U1556,2024,,,19.9,34.18195432422314,7.0,,65.63333333333333
U1557,2024,,,24.7,19.5806813927368,11.0,,62.05833333333334
U1558,2024,,,29.4,12.354923249719208,17.0,,62.85
U1559,2024,,,8.9,90.49045301385247,11.0,,60.433333333333344
U1560,2024,,,37.3,5.466117558966676,20.0,,63.44166666666666
U1561,2024,,,7.4,94.51516286035194,11.0,,59.39166666666668
U1562,2024,,,38.3,4.867090977162114,12.0,,63.150000000000006
U1563,2024,,,16.6,49.81280419318608,28.0,,64.66666666666667
U1564,2024,,,19.7,35.09921377761138,14.0,,63.40833333333334
U1565,2024,,,57.1,1.0857356795207829,14.0,,64.06666666666666
U1566,2024,,,9.6,87.81355297641333,17.0,,57.508333333333326
U1567,2024,,,41.9,3.44440284537626,13.0,,61.26666666666668
U1568,2024,,,25.1,18.906776488206667,5.0,,62.46666666666668
U1569,2024,,,26.4,16.435791838262826,13.0,,60.65833333333334
U1570,2024,,,12.3,74.69112691875702,12.0,,57.775
U1571,2024,,,37.9,5.110445526020213,14.0,,61.85
U1572,2024,,,13.2,69.89891426432048,13.0,,59.48333333333333
U1573,2024,,,18.9,38.169225009359785,14.0,,58.583333333333336
U1574,2024,,,14.5,62.67315612130289,14.0,,56.61666666666667
U1575,2024,,,11.3,79.95132909022837,10.0,,56.37499999999999
U1576,2024,,,11.4,79.44590041183078,18.0,,53.10833333333333
U1577,2024,,,8.5,91.65106701609884,15.0,,58.53333333333333
U1578,2024,,,51.7,1.5537251965555998,30.0,,61.04166666666667
U1579,2024,,,15.5,56.34593785099214,29.0,,57.708333333333336
U1580,2024,,,8.4,91.96929988768252,30.0,,55.7
U1581,2024,,,11.6,78.45376263571696,21.0,,51.425
U1582,2024,,,31.3,10.146012729314869,16.0,,58.25833333333333
U1583,2024,,,14.1,64.78846873830027,32.0,,58.475
U1584,2024,,,26.5,16.15499812804193,7.0,,57.5
U1585,2024,,,22.7,24.50393111194309,13.0,,60.05
U1586,2024,,,38.1,4.941969299887683,16.0,,59.57500000000001
U1587,2024,,,17.2,46.63047547734931,41.0,,59.12500000000001
U1588,2024,,,11.2,80.49419692998877,17.0,,54.366666666666674
U1589,2024,,,7.4,94.51516286035194,20.0,,56.125
U1590,2024,,,13.9,65.87420441782103,2.0,,59.28333333333334
U1591,2024,,,9.0,90.00374391613629,1.0,,62.46666666666666
U1592,2024,,,35.1,6.776488206664166,23.0,,58.558333333333344
U1593,2024,,,14.3,63.87120928491201,21.0,,56.54166666666666
U1594,2024,,,30.1,11.269187570198424,13.0,,54.41666666666666
U1595,2024,,,17.9,43.20479221265444,18.0,,57.10833333333333
U1596,2024,,,24.1,21.04080868588544,11.0,,53.30833333333334
U1597,2024,,,9.3,88.84312991388992,41.0,,53.60833333333333
U1598,2024,,,13.9,65.87420441782103,3.0,,54.47500000000001
U1599,2024,,,34.5,7.300636465743171,11.0,,55.69166666666667
U1600,2024,,,10.2,85.00561587420442,22.0,,50.9
U1601,2024,,,12.9,71.86447023586672,44.0,,54.425
U1602,2024,,,25.9,17.37177087233246,16.0,,52.29166666666667
U1603,2024,,,23.9,21.677274429052783,67.0,,55.391666666666666
U1604,2024,,,46.7,2.171471359041554,16.0,,57.325
U1605,2024,,,12.8,72.40733807562711,37.0,,48.25833333333334
U1606,2024,,,9.9,86.42830400599027,13.0,,56.66666666666667
U1607,2024,,,10.5,83.60164732309995,19.0,,51.24166666666667
U1608,2024,,,25.3,18.66342193934856,20.0,,55.16666666666667
U1609,2024,,,14.0,65.27517783601647,67.0,,50.4
U1610,2024,,,19.0,37.776113815050536,31.0,,49.725
U1611,2024,,,13.9,65.87420441782103,5.0,,56.64999999999999
U1612,2024,,,14.7,61.25046798951704,7.0,,57.16666666666666
U1613,2024,,,12.3,74.69112691875702,4.0,,53.958333333333336
U1614,2024,,,19.5,36.09135155372519,13.0,,51.41666666666666
U1615,2024,,,17.2,46.63047547734931,12.0,,51.6
U1616,2024,,,14.7,61.25046798951704,7.0,,57.63333333333333
U1617,2024,,,27.5,14.732309996256088,23.0,,57.21666666666667
U1618,2024,,,16.0,53.46312242605767,41.0,,52.3
U1619,2024,,,8.9,90.49045301385247,5.0,,49.88333333333333
U1620,2024,,,23.7,22.107824784724823,48.0,,48.6
U1621,2024,,,23.9,21.677274429052783,8.0,,53.42499999999999
U1622,2024,,,29.2,12.61699737925871,20.0,,52.86666666666667
U1623,2024,,,20.5,31.54249344814676,15.0,,51.891666666666666
U1624,2024,,,0.9,99.77536503182328,3.0,,50.63333333333334
U1625,2024,,,31.5,9.99625608386372,9.0,,53.3
U1626,2024,,,24.0,21.35904155746912,20.0,,50.5
U1627,2024,,,16.1,52.639460876076384,31.0,,50.00833333333333
U1628,2024,,,13.1,70.46050168476225,18.0,,54.00833333333334
U1629,2024,,,4.7,97.9782852864096,8.0,,53.19166666666667
U1630,2024,,,13.1,70.46050168476225,12.0,,54.425
U1631,2024,,,17.0,47.69749157618869,3.0,,53.64166666666667
U1632,2024,,,24.4,20.27330587794833,7.0,,55.19166666666667
U1633,2024,,,13.4,68.43878697117185,15.0,,49.23333333333333
U1634,2024,,,18.9,38.169225009359785,3.0,,49.04166666666666
U1635,2024,,,4.5,98.09060277049794,7.0,,52.86666666666667
U1636,2024,,,15.7,55.29764133283415,6.0,,52.04166666666667
U1637,2024,,,42.4,3.3320853612879064,11.0,,52.375
U1638,2024,,,29.8,11.531261699737929,5.0,,53.125
U1639,2024,,,19.5,36.09135155372519,2.0,,52.71666666666668
U1640,2024,,,10.0,86.0539123923624,33.0,,46.34166666666667
U1641,2024,,,20.5,31.54249344814676,11.0,,51.06666666666667
U1642,2024,,,12.9,71.86447023586672,33.0,,46.16666666666667
U1643,2024,,,10.7,82.4971920628978,6.0,,52.575
U1644,2024,,,22.7,24.50393111194309,13.0,,47.708333333333336
U1645,2024,,,21.6,27.94833395731936,15.0,,51.88333333333334
U1646,2024,,,23.9,21.677274429052783,21.0,,51.575
U1647,2024,,,29.5,12.092849120179704,4.0,,54.93333333333334
U1648,2024,,,17.7,44.04717334331711,46.0,,47.36666666666667
U1649,2024,,,11.3,79.95132909022837,14.0,,48.525
U1650,2024,,,19.6,35.49232497192063,9.0,,50.10833333333333
U1651,2024,,,18.4,40.69636840134781,1.0,,48.958333333333336
U1652,2024,,,22.2,25.795582178959187,3.0,,47.075
U1653,2024,,,14.8,60.61400224634967,39.0,,40.56666666666667
U1654,2024,,,22.4,25.32759266192437,23.0,,44.06666666666666
U1655,2024,,,12.7,72.85660801198053,14.0,,42.891666666666666
U1656,2024,,,16.2,52.09659303631599,5.0,,49.49166666666667
U1657,2024,,,22.1,26.095095469861477,83.0,,41.31666666666667
U1658,2024,,,8.7,91.18307749906404,39.0,,40.88333333333334
U1659,2024,,,16.0,53.46312242605767,15.0,,45.7
U1660,2024,,,21.1,29.48333957319356,8.0,,48.19166666666667
U1661,2024,,,10.5,83.60164732309995,3.0,,41.06666666666667
U1662,2024,,,9.4,88.50617746162486,37.0,,39.45833333333333
U1663,2024,,,10.8,82.01048296518158,13.0,,44.1
U1664,2024,,,20.8,30.381879445900417,16.0,,44.9
U1665,2024,,,10.1,85.62336203669038,18.0,,40.675
U1666,2024,,,32.7,8.704605016847623,14.0,,46.98333333333333
U1667,2024,,,12.3,74.69112691875702,3.0,,42.66666666666667
U1668,2024,,,9.2,89.25496068888057,28.0,,41.583333333333336
U1669,2024,,,16.6,49.81280419318608,9.0,,47.93333333333333
U1670,2024,,,11.8,77.51778360164732,21.0,,43.4
U1671,2024,,,14.5,62.67315612130289,24.0,,42.54166666666666
U1672,2024,,,58.2,1.029576937476595,13.0,,49.0
U1673,2024,,,31.9,9.378509921377765,15.0,,48.24166666666667
U1674,2024,,,15.0,59.06027704979409,3.0,,48.175
U1675,2024,,,17.4,45.56345937850992,11.0,,48.208333333333336
U1676,2024,,,10.3,84.5001871958068,32.0,,43.575
U1677,2024,,,12.1,75.739423436915,28.0,,41.21666666666667
U1678,2024,,,7.3,94.92699363534255,6.0,,43.21666666666667
U1679,2024,,,16.9,48.221639835267695,5.0,,45.641666666666666
U1680,2024,,,8.9,90.49045301385247,10.0,,44.391666666666666
U1681,2024,,,22.9,23.848745788094348,15.0,,44.99166666666667
U1682,2024,,,13.8,66.39835267690005,12.0,,52.958333333333336
U1683,2024,,,11.5,78.99663047547735,30.0,,45.14166666666667
U1684,2024,,,18.8,38.581055784350426,4.0,,53.78333333333333
U1685,2024,,,18.2,41.913141145638335,13.0,,43.141666666666666
U1686,2024,,,8.7,91.18307749906404,20.0,,41.06666666666667
U1687,2024,,,24.1,21.04080868588544,41.0,,44.84166666666667
U1688,2024,,,31.7,9.715462373642836,5.0,,43.8
U1689,2024,,,26.7,15.743167353051293,0.0,,51.875
U1690,2024,,,0.3,99.96256083863722,26.0,,43.833333333333336
U1691,2024,,,29.5,12.092849120179704,7.0,,43.175
U1692,2024,,,22.0,26.46948708348933,18.0,,44.025
U1693,2024,,,25.6,18.02695619618121,11.0,,47.24166666666667
U1694,2024,,,18.6,39.666791463871206,7.0,,45.458333333333336
U1695,2024,,,20.5,31.54249344814676,20.0,,40.16666666666666
U1696,2024,,,20.0,33.78884312991389,14.0,,46.425
U1697,2024,,,8.6,91.42643204792212,18.0,,36.725
U1698,2024,,,34.8,6.926244852115316,5.0,,45.48333333333333
U1699,2024,,,12.6,73.23099962560839,17.0,,40.59166666666667
U1700,2024,,,26.4,16.435791838262826,23.0,,36.375
U1701,2024,,,15.0,59.06027704979409,30.0,,43.925
U1702,2024,,,22.5,24.990640209659297,7.0,,48.9
U1703,2024,,,20.5,31.54249344814676,2.0,,48.18333333333333
U1704,2024,,,17.4,45.56345937850992,19.0,,43.04166666666667
U1705,2024,,,21.1,29.48333957319356,3.0,,47.71666666666667
U1706,2024,,,24.5,20.029951329090224,9.0,,42.7
U1707,2024,,,21.5,28.229127667540244,6.0,,47.00833333333333
U1708,2024,,,13.9,65.87420441782103,3.0,,44.66666666666667
U1709,2024,,,2.0,99.32609509546984,7.0,,41.98333333333333
U1710,2024,,,13.0,71.19056533133659,54.0,,43.958333333333336
U1711,2024,,,16.1,52.639460876076384,22.0,,44.825
U1712,2024,,,17.8,43.5604642456009,20.0,,45.28333333333334
U1713,2024,,,43.0,3.070011231748404,1.0,,48.14166666666667
U1714,2024,,,11.3,79.95132909022837,27.0,,39.12500000000001
U1715,2024,,,13.3,69.18757019842757,13.0,,42.55
U1716,2024,,,2.1,99.25121677274429,1.0,,40.78333333333333
U1717,2024,,,12.9,71.86447023586672,0.0,,45.675
U1718,2024,,,15.8,54.867090977162114,3.0,,47.425
U1719,2024,,,9.3,88.84312991388992,2.0,,39.266666666666666
U1720,2024,,,19.4,36.70909771621116,3.0,,45.425
U1721,2024,,,26.4,16.435791838262826,3.0,,46.125
U1722,2024,,,19.6,35.49232497192063,18.0,,39.625
U1723,2024,,,10.8,82.01048296518158,9.0,,39.99166666666667
U1724,2024,,,10.6,83.05877948333958,8.0,,41.55833333333333
U1725,2024,,,13.7,66.7540247098465,9.0,,46.475
U1726,2024,,,35.4,6.55185323848746,10.0,,45.425
U1727,2024,,,12.5,73.66154998128043,13.0,,41.39166666666667
U1728,2024,,,22.8,24.18569824035942,0.0,,40.85
U1729,2024,,,12.8,72.40733807562711,0.0,,41.25
U1730,2024,,,11.5,78.99663047547735,12.0,,32.46666666666667
U1731,2024,,,15.8,54.867090977162114,0.0,,34.46666666666667
U1732,2024,,,40.8,3.8000748783227234,7.0,,43.41666666666666
U1733,2024,,,18.6,39.666791463871206,4.0,,43.875
U1734,2024,,,11.7,77.94833395731936,0.0,,36.375
U1735,2024,,,20.0,33.78884312991389,2.0,,45.34166666666667
U1736,2024,,,17.4,45.56345937850992,18.0,,40.2
U1737,2024,,,18.2,41.913141145638335,0.0,,39.016666666666666
U1738,2024,,,23.5,22.61325346312243,2.0,,39.43333333333334
U1739,2024,,,28.9,12.86035192811681,2.0,,38.516666666666666
U1740,2024,,,24.0,21.35904155746912,1.0,,43.73333333333334
U1741,2024,,,38.6,4.792212654436545,0.0,,43.46666666666667
U1742,2024,,,4.9,97.90340696368402,5.0,,39.60833333333333
U1743,2024,,,28.0,13.983526769000376,0.0,,43.55833333333333
U1744,2024,,,11.2,80.49419692998877,6.0,,30.666666666666664
U1745,2024,,,12.9,71.86447023586672,11.0,,37.69166666666666
U1746,2024,,,15.3,57.35679520778735,14.0,,37.516666666666666
U1747,2024,,,16.4,50.86110071134407,24.0,,28.575
U1748,2024,,,9.8,86.95245226506927,24.0,,32.69166666666666
U1749,2024,,,14.8,60.61400224634967,14.0,,34.625
U1750,2024,,,18.4,40.69636840134781,3.0,,42.1
U1751,2024,,,19.4,36.70909771621116,2.0,,41.88333333333333
U1752,2024,,,12.8,72.40733807562711,4.0,,35.18333333333334
U1753,2024,,,13.5,67.83976038936727,1.0,,36.29166666666666
U1754,2024,,,16.8,48.68962935230251,38.0,,39.74166666666667
U1755,2024,,,33.2,8.348932983901157,1.0,,41.7
U1756,2024,,,31.7,9.715462373642836,2.0,,40.55
U1757,2024,,,26.5,16.15499812804193,0.0,,43.50000000000001
U1758,2024,,,19.0,37.776113815050536,0.0,,44.425
U1759,2024,,,44.9,2.583302134032195,3.0,,46.35833333333333
U1760,2024,,,11.3,79.95132909022837,4.0,,37.525000000000006
U1761,2024,,,25.8,17.63384500187196,5.0,,41.6
U1762,2024,,,18.0,42.83040059902659,1.0,,35.72500000000001
U1763,2024,,,16.7,49.2137776113815,0.0,,38.93333333333334
U1764,2024,,,18.8,38.581055784350426,1.0,,43.475
U1765,2024,,,27.5,14.732309996256088,5.0,,46.741666666666674
U1766,2024,,,18.3,41.276675402470985,7.0,,42.35833333333333
U1767,2024,,,8.3,92.30625233994758,10.0,,32.275
U1768,2024,,,26.7,15.743167353051293,17.0,,44.28333333333334
U1769,2024,,,18.5,40.24709846499438,3.0,,39.91666666666666
U1770,2024,,,9.4,88.50617746162486,6.0,,40.516666666666666
U1771,2024,,,13.0,71.19056533133659,13.0,,43.825
U1772,2024,,,10.3,84.5001871958068,20.0,,33.94166666666667
U1773,2024,,,5.0,97.82852864095844,3.0,,34.68333333333333
U1774,2024,,,22.0,26.46948708348933,19.0,,35.24166666666667
U1775,2024,,,28.4,13.421939348558588,2.0,,42.73333333333333
U1776,2024,,,20.5,31.54249344814676,3.0,,40.25
U1777,2024,,,12.3,74.69112691875702,10.0,,34.84166666666667
U1778,2024,,,13.0,71.19056533133659,1.0,,30.825
U1779,2024,,,10.7,82.4971920628978,2.0,,34.7
U1780,2024,,,31.5,9.99625608386372,13.0,,37.95
U1781,2024,,,20.0,33.78884312991389,16.0,,35.19166666666666
U1782,2024,,,17.3,46.10632721827032,0.0,,40.975
U1783,2024,,,13.5,67.83976038936727,8.0,,39.208333333333336
U1784,2024,,,9.1,89.62935230250842,12.0,,30.08333333333333
U1785,2024,,,28.9,12.86035192811681,5.0,,44.68333333333333
U1786,2024,,,9.0,90.00374391613629,4.0,,35.2
U1787,2024,,,12.4,74.11081991763385,1.0,,34.56666666666666
U1788,2024,,,14.9,59.86521901909397,12.0,,39.03333333333333
U1789,2024,,,22.2,25.795582178959187,12.0,,38.24166666666667
U1790,2024,,,16.5,50.33695245226507,1.0,,45.45
U1791,2024,,,13.5,67.83976038936727,3.0,,38.24166666666666
U1792,2024,,,18.7,39.04904530138524,29.0,,31.70833333333333
U1793,2024,,,9.3,88.84312991388992,5.0,,40.98333333333333
U1794,2024,,,12.0,76.3010108573568,21.0,,33.80833333333334
U1795,2024,,,20.6,31.093223511793333,4.0,,38.74166666666667
U1796,2024,,,16.3,51.535005615874205,2.0,,41.25
U1797,2024,,,29.2,12.61699737925871,86.0,,38.71666666666666
U1798,2024,,,23.2,23.268438786971167,4.0,,41.891666666666666
U1799,2024,,,15.0,59.06027704979409,14.0,,40.583333333333336
U1800,2024,,,13.2,69.89891426432048,3.0,,40.475
U1801,2024,,,14.3,63.87120928491201,6.0,,34.275
U1802,2024,,,8.2,92.62448521153128,12.0,,35.24166666666667
U1803,2024,,,19.9,34.18195432422314,4.0,,37.225
U1804,2024,,,18.2,41.913141145638335,2.0,,37.4
U1805,2024,,,30.1,11.269187570198424,8.0,,41.04166666666667
U1806,2024,,,33.5,8.03070011231748,8.0,,38.01666666666667
U1807,2024,,,96.5,0.2995132909022868,6.0,,42.24166666666667
U1808,2024,,,15.6,55.80307001123175,5.0,,45.583333333333336
U1809,2024,,,11.2,80.49419692998877,26.0,,33.166666666666664
U1810,2024,,,32.4,8.873081242980152,1.0,,45.76666666666667
U1811,2024,,,9.8,86.95245226506927,20.0,,30.86666666666666
U1812,2024,,,9.8,86.95245226506927,13.0,,36.125
U1813,2024,,,14.5,62.67315612130289,14.0,,37.66666666666667
U1814,2024,,,11.9,76.97491576188693,2.0,,40.66666666666666
U1815,2024,,,1.6,99.5132909022838,2.0,,36.725
U1816,2024,,,15.1,58.36765256458255,1.0,,45.775
U1817,2024,,,24.2,20.74129539498315,10.0,,45.70833333333333
U1818,2024,,,46.5,2.227630101085732,5.0,,39.05
U1819,2024,,,15.8,54.867090977162114,15.0,,42.60833333333333
U1820,2024,,,24.7,19.5806813927368,2.0,,39.59166666666667
U1821,2024,,,13.4,68.43878697117185,1.0,,38.458333333333336
U1822,2024,,,14.6,61.92437289404717,6.0,,36.76666666666667
U1823,2024,,,38.1,4.941969299887683,2.0,,42.03333333333333
U1824,2024,,,7.1,95.45114189442155,1.0,,38.36666666666667
U1825,2024,,,8.0,93.14863347061024,4.0,,34.15
U1826,2024,,,29.9,11.40022463496818,13.0,,40.98333333333333
U1827,2024,,,18.9,38.169225009359785,3.0,,39.28333333333334
U1828,2024,,,11.0,81.14938225383752,11.0,,39.0
U1829,2024,,,5.5,97.37925870460502,8.0,,40.50833333333333
U1830,2024,,,22.1,26.095095469861477,8.0,,38.29166666666667
U1831,2024,,,11.4,79.44590041183078,14.0,,39.39166666666667
U1832,2024,,,6.2,96.81767128416324,12.0,,33.416666666666664
U1833,2024,,,31.9,9.378509921377765,11.0,,39.25
U1834,2024,,,15.1,58.36765256458255,1.0,,42.275
U1835,2024,,,20.0,33.78884312991389,4.0,,45.391666666666666
U1836,2024,,,19.3,37.06476974915762,5.0,,42.24166666666667
U1837,2024,,,10.0,86.0539123923624,35.0,,36.56666666666666
U1838,2024,,,12.4,74.11081991763385,5.0,,35.7
U1839,2024,,,18.8,38.581055784350426,5.0,,37.55833333333334
U1840,2024,,,24.6,19.786596780232124,25.0,,37.04166666666667
U1841,2024,,,11.3,79.95132909022837,7.0,,38.575
U1842,2024,,,10.9,81.50505428678397,14.0,,35.63333333333334
U1843,2024,,,19.9,34.18195432422314,4.0,,38.30833333333334
U1844,2024,,,15.3,57.35679520778735,1.0,,40.0
U1845,2024,,,12.2,75.2714339198802,5.0,,42.5
U1846,2024,,,63.5,0.786222388618496,1.0,,35.44166666666667
U1847,2024,,,11.7,77.94833395731936,3.0,,30.45
U1848,2024,,,10.4,84.06963684013478,24.0,,31.725
U1849,2024,,,15.0,59.06027704979409,19.0,,33.166666666666664
U1850,2024,,,14.2,64.30175964058404,4.0,,35.291666666666664
U1851,2024,,,13.5,67.83976038936727,2.0,,31.6
U1852,2024,,,7.4,94.51516286035194,2.0,,33.616666666666674
U1853,2024,,,16.3,51.535005615874205,12.0,,26.041666666666668
U1854,2024,,,45.4,2.433545488581057,1.0,,38.55833333333333
U1855,2024,,,47.9,1.946836390864848,22.0,,38.98333333333333
U1856,2024,,,20.3,32.590789966304754,1.0,,37.86666666666667
U1857,2024,,,9.4,88.50617746162486,8.0,,32.30833333333333
U1858,2024,,,54.8,1.347809809060274,7.0,,37.2
U1859,2024,,,33.1,8.44253088730812,11.0,,33.1
U1860,2024,,,16.3,51.535005615874205,4.0,,38.391666666666666
U1861,2024,,,30.1,11.269187570198424,9.0,,34.68333333333334
U1862,2024,,,11.2,80.49419692998877,12.0,,30.008333333333333
U1863,2024,,,12.8,72.40733807562711,7.0,,32.40833333333334
U1864,2024,,,22.2,25.795582178959187,17.0,,37.74166666666667
U1865,2024,,,16.0,53.46312242605767,1.0,,39.75000000000001
U1866,2024,,,12.0,76.3010108573568,7.0,,28.61666666666667
U1867,2024,,,17.2,46.63047547734931,0.0,,33.325
U1868,2024,,,16.3,51.535005615874205,2.0,,39.33333333333333
U1869,2024,,,16.4,50.86110071134407,5.0,,32.59166666666667
U1870,2024,,,17.0,47.69749157618869,2.0,,36.04166666666667
U1871,2024,,,21.2,29.14638712092849,15.0,,33.14166666666667
U1872,2024,,,18.1,42.41856982403595,1.0,,37.15833333333334
U1873,2024,,,17.5,45.05803070011232,0.0,,37.81666666666666
U1874,2024,,,18.3,41.276675402470985,26.0,,30.15
U1875,2024,,,33.9,7.806065144140772,1.0,,35.9
U1876,2024,,,23.4,22.912766754024705,3.0,,43.68333333333334
U1877,2024,,,13.5,67.83976038936727,1.0,,31.63333333333333
U1878,2024,,,11.3,79.95132909022837,1.0,,33.208333333333336
U1879,2024,,,19.8,34.66866342193935,6.0,,36.65
U1880,2024,,,15.9,54.26806439535754,20.0,,28.4
U1881,2024,,,17.4,45.56345937850992,1.0,,39.41666666666666
U1882,2024,,,21.0,29.85773118682141,14.0,,36.525
U1883,2024,,,17.0,47.69749157618869,12.0,,32.16666666666667
U1884,2024,,,21.5,28.229127667540244,1.0,,39.09166666666667
U1885,2024,,,17.5,45.05803070011232,0.0,,39.53333333333333
U1886,2024,,,1.7,99.38225383751404,2.0,,36.15833333333334
U1887,2024,,,11.5,78.99663047547735,1.0,,32.608333333333334
U1888,2024,,,21.3,28.828154249344816,0.0,,35.78333333333334
U1889,2024,,,13.2,69.89891426432048,5.0,,34.375
U1890,2024,,,11.1,80.88730812429802,0.0,,29.51666666666667
U1891,2024,,,14.9,59.86521901909397,0.0,,32.11666666666667
U1892,2024,,,7.9,93.42942718083115,14.0,,25.64166666666667
U1893,2024,,,23.4,22.912766754024705,5.0,,36.91666666666666
U1894,2024,,,12.9,71.86447023586672,27.0,,34.016666666666666
U1895,2024,,,21.8,27.293148633470608,7.0,,36.825
U1896,2024,,,10.2,85.00561587420442,3.0,,27.516666666666666
U1897,2024,,,24.4,20.27330587794833,3.0,,32.68333333333334
U1898,2024,,,16.1,52.639460876076384,7.0,,37.71666666666668
U1899,2024,,,15.2,57.88094346686634,10.0,,35.5
U1900,2024,,,18.1,42.41856982403595,0.0,,33.516666666666666
U1901,2024,,,18.5,40.24709846499438,2.0,,39.04166666666666
U1902,2024,,,12.4,74.11081991763385,4.0,,33.81666666666667
U1903,2024,,,13.3,69.18757019842757,17.0,,35.975
U1904,2024,,,9.5,88.22538375140397,8.0,,27.808333333333334
U1905,2024,,,28.7,13.084986896293527,2.0,,37.05833333333334
U1906,2024,,,7.5,94.21564956944964,4.0,,36.35833333333333
U1907,2024,,,12.2,75.2714339198802,5.0,,33.55833333333333
U1908,2024,,,10.8,82.01048296518158,33.0,,26.116666666666664
U1909,2024,,,20.4,32.02920254586298,4.0,,37.68333333333334
U1910,2024,,,18.9,38.169225009359785,40.0,,31.09166666666667
U1911,2024,,,23.1,23.41819543242232,1.0,,37.333333333333336
U1912,2024,,,16.0,53.46312242605767,1.0,,36.88333333333333
U1913,2024,,,32.2,9.09771621115687,4.0,,38.075
U1914,2024,,,3.2,98.91426432047922,1.0,,29.25
U1915,2024,,,13.5,67.83976038936727,2.0,,34.61666666666667
U1916,2024,,,14.2,64.30175964058404,2.0,,34.825
U1917,2024,,,25.0,19.0752527143392,19.0,,35.41666666666667
U1918,2024,,,9.2,89.25496068888057,23.0,,30.475
U1919,2024,,,16.1,52.639460876076384,10.0,,35.975
U1920,2024,,,14.7,61.25046798951704,7.0,,38.175
U1921,2024,,,32.1,9.19131411456383,1.0,,39.04166666666666
U1922,2024,,,22.4,25.32759266192437,2.0,,39.56666666666667
U1923,2024,,,8.4,91.96929988768252,9.0,,34.583333333333336
U1924,2024,,,8.6,91.42643204792212,16.0,,32.5
U1925,2024,,,29.7,11.774616248596026,0.0,,39.88333333333333
U1926,2024,,,16.3,51.535005615874205,2.0,,35.35833333333333
U1927,2024,,,16.8,48.68962935230251,4.0,,39.25833333333333
U1928,2024,,,9.3,88.84312991388992,4.0,,33.833333333333336
U1929,2024,,,17.1,47.15462373642831,4.0,,32.06666666666666
U1930,2024,,,20.4,32.02920254586298,2.0,,35.05833333333334
U1931,2024,,,16.0,53.46312242605767,6.0,,33.641666666666666
U1932,2024,,,18.6,39.666791463871206,3.0,,34.89166666666667
U1933,2024,,,18.6,39.666791463871206,3.0,,34.475
U1934,2024,,,16.5,50.33695245226507,12.0,,34.25833333333333
U1935,2024,,,9.2,89.25496068888057,4.0,,31.291666666666664
U1936,2024,,,26.7,15.743167353051293,8.0,,36.23333333333333
U1937,2024,,,12.2,75.2714339198802,11.0,,34.583333333333336
U1938,2024,,,29.8,11.531261699737929,20.0,,33.800000000000004
U1939,2024,,,11.0,81.14938225383752,0.0,,36.28333333333333
U1940,2024,,,18.7,39.04904530138524,2.0,,33.25
U1941,2024,,,9.3,88.84312991388992,4.0,,29.258333333333333
U1942,2024,,,35.0,6.851366529389747,28.0,,36.475
U1943,2024,,,17.5,45.05803070011232,12.0,,29.066666666666663
U1944,2024,,,16.0,53.46312242605767,13.0,,36.11666666666667
U1945,2024,,,19.6,35.49232497192063,36.0,,34.208333333333336
U1946,2024,,,16.7,49.2137776113815,8.0,,36.62500000000001
U1947,2024,,,9.2,89.25496068888057,0.0,,32.0
U1948,2024,,,13.3,69.18757019842757,1.0,,35.81666666666666
U1949,2024,,,10.1,85.62336203669038,2.0,,30.61666666666667
U1950,2024,,,20.3,32.590789966304754,0.0,,38.36666666666667
U1951,2024,,,11.9,76.97491576188693,2.0,,29.616666666666667
U1952,2024,,,13.4,68.43878697117185,0.0,,37.13333333333334
U1953,2024,,,15.8,54.867090977162114,14.0,,29.96666666666667
U1954,2024,,,6.9,95.58217895919132,0.0,,32.74166666666667
U1955,2024,,,22.9,23.848745788094348,6.0,,35.40833333333333
U1956,2024,,,3.4,98.78322725570948,1.0,,32.416666666666664
U1957,2024,,,10.6,83.05877948333958,29.0,,26.916666666666664
U1958,2024,,,21.8,27.293148633470608,11.0,,26.858333333333334
U1959,2024,,,9.2,89.25496068888057,6.0,,36.78333333333334
U1960,2024,,,9.6,87.81355297641333,6.0,,24.566666666666663
U1961,2024,,,26.4,16.435791838262826,12.0,,35.08333333333333
U1962,2024,,,19.2,37.28940471733433,1.0,,32.29166666666667
U1963,2024,,,13.1,70.46050168476225,19.0,,37.141666666666666
U1964,2024,,,15.1,58.36765256458255,5.0,,34.525
U1965,2024,,,18.6,39.666791463871206,2.0,,41.29166666666666
U1966,2024,,,14.6,61.92437289404717,3.0,,36.55833333333334
U1967,2024,,,24.8,19.35604642456009,13.0,,33.50000000000001
U1968,2024,,,10.2,85.00561587420442,7.0,,30.125
U1969,2024,,,12.3,74.69112691875702,11.0,,28.383333333333336
U1970,2024,,,11.5,78.99663047547735,7.0,,32.80833333333333
U1971,2024,,,12.4,74.11081991763385,5.0,,29.20833333333333
U1972,2024,,,25.0,19.0752527143392,6.0,,34.69166666666666
U1973,2024,,,12.2,75.2714339198802,3.0,,28.275
U1974,2024,,,2.9,99.06402096593035,1.0,,25.833333333333336
U1975,2024,,,47.3,2.059153874953201,4.0,,33.675
U1976,2024,,,17.0,47.69749157618869,10.0,,31.4
U1977,2024,,,6.5,96.25608386372146,29.0,,23.6
U1978,2024,,,27.1,15.31261699737926,2.0,,37.21666666666667
U1979,2024,,,21.1,29.48333957319356,4.0,,28.966666666666665
U1980,2024,,,11.4,79.44590041183078,1.0,,24.60833333333333
U1981,2024,,,31.8,9.528266566828902,11.0,,36.583333333333336
U1982,2024,,,29.1,12.748034444028455,64.0,,30.175
U1983,2024,,,30.9,10.50168476226132,2.0,,33.075
U1984,2024,,,31.6,9.865219019093974,0.0,,31.175000000000004
U1985,2024,,,17.6,44.5900411830775,3.0,,30.066666666666663
U1986,2024,,,17.7,44.04717334331711,8.0,,27.95
U1987,2024,,,16.4,50.86110071134407,3.0,,32.675000000000004
U1988,2024,,,10.5,83.60164732309995,15.0,,27.1
U1989,2024,,,36.4,6.027704979408465,3.0,,32.25
U1990,2024,,,14.4,63.38450018719581,4.0,,28.383333333333336
U1991,2024,,,17.6,44.5900411830775,2.0,,29.3
U1992,2024,,,19.7,35.09921377761138,1.0,,24.591666666666665
U1993,2024,,,24.1,21.04080868588544,1.0,,30.45
U1994,2024,,,35.3,6.664170722575813,1.0,,32.71666666666667
U1995,2024,,,16.4,50.86110071134407,6.0,,31.21666666666667
U1996,2024,,,21.7,27.648820666417077,2.0,,32.083333333333336
U1997,2024,,,12.0,76.3010108573568,30.0,,28.98333333333333
U1998,2024,,,10.7,82.4971920628978,3.0,,28.85833333333333
U1999,2024,,,18.0,42.83040059902659,0.0,,34.233333333333334
U2000,2024,,,16.1,52.639460876076384,1.0,,25.508333333333333
U2001,2024,,,24.5,20.029951329090224,0.0,,27.558333333333334
U2002,2024,,,25.4,18.476226132534634,6.0,,32.88333333333333
U2003,2024,,,15.7,55.29764133283415,1.0,,26.325
U2004,2024,,,33.5,8.03070011231748,11.0,,26.075
U2005,2024,,,17.1,47.15462373642831,1.0,,34.875
U2006,2024,,,3.6,98.7270685136653,1.0,,30.666666666666664
U2007,2024,,,17.3,46.10632721827032,0.0,,25.225000000000005
U2008,2024,,,17.9,43.20479221265444,5.0,,30.041666666666664
U2009,2024,,,16.8,48.68962935230251,0.0,,32.80833333333333
U2010,2024,,,24.7,19.5806813927368,0.0,,35.55
U2011,2024,,,21.7,27.648820666417077,0.0,,32.25833333333333
U2012,2024,,,22.8,24.18569824035942,3.0,,32.375
U2013,2024,,,4.1,98.427555222763,3.0,,26.05
U2014,2024,,,17.8,43.5604642456009,19.0,,28.383333333333336
U2015,2024,,,7.2,95.28266566828904,2.0,,29.375
U2016,2024,,,18.4,40.69636840134781,31.0,,26.15
U2017,2024,,,15.0,59.06027704979409,19.0,,22.90833333333333
U2018,2024,,,12.6,73.23099962560839,0.0,,25.23333333333333
U2019,2024,,,14.9,59.86521901909397,1.0,,29.358333333333334
U2020,2024,,,12.9,71.86447023586672,1.0,,28.31666666666667
U2021,2024,,,24.0,21.35904155746912,8.0,,26.84166666666667
U2022,2024,,,47.8,1.9842755522276323,0.0,,34.44166666666667
U2023,2024,,,27.8,14.26432047922127,6.0,,31.433333333333334
U2024,2024,,,8.9,90.49045301385247,36.0,,28.98333333333333
U2025,2024,,,14.6,61.92437289404717,2.0,,26.825
U2026,2024,,,14.9,59.86521901909397,1.0,,30.275
U2027,2024,,,1.6,99.5132909022838,3.0,,27.683333333333334
U2028,2024,,,12.8,72.40733807562711,2.0,,30.816666666666663
U2029,2024,,,12.1,75.739423436915,0.0,,27.53333333333333
U2030,2024,,,3.9,98.61475102957694,3.0,,28.21666666666667
U2031,2024,,,17.7,44.04717334331711,2.0,,28.508333333333336
U2032,2024,,,43.0,3.070011231748404,0.0,,28.7
U2033,2024,,,9.0,90.00374391613629,1.0,,28.1
U2034,2024,,,13.3,69.18757019842757,5.0,,32.00833333333334
U2035,2024,,,17.0,47.69749157618869,6.0,,28.39166666666667
U2036,2024,,,12.1,75.739423436915,4.0,,27.391666666666676
U2037,2024,,,22.7,24.50393111194309,2.0,,27.808333333333337
U2038,2024,,,20.7,30.756271059528263,5.0,,28.308333333333334
U2039,2024,,,12.6,73.23099962560839,8.0,,27.60833333333333
U2040,2024,,,13.3,69.18757019842757,6.0,,27.33333333333333
U2041,2024,,,23.6,22.36989891426432,0.0,,32.891666666666666
U2042,2024,,,32.3,8.985398727068517,7.0,,27.31666666666667
U2043,2024,,,13.1,70.46050168476225,8.0,,23.55
U2044,2024,,,5.4,97.49157618869336,17.0,,26.141666666666666
U2045,2024,,,6.4,96.42456008985398,8.0,,26.041666666666668
U2046,2024,,,19.9,34.18195432422314,0.0,,27.891666666666666
U2047,2024,,,16.5,50.33695245226507,8.0,,28.633333333333333
U2048,2024,,,18.6,39.666791463871206,2.0,,32.725
U2049,2024,,,17.7,44.04717334331711,1.0,,33.041666666666664
U2050,2024,,,23.6,22.36989891426432,0.0,,30.48333333333333
U2051,2024,,,4.2,98.33395731935605,17.0,,21.15833333333333
U2052,2024,,,14.0,65.27517783601647,2.0,,30.683333333333334
U2053,2024,,,7.4,94.51516286035194,3.0,,23.791666666666668
U2054,2024,,,18.2,41.913141145638335,2.0,,32.13333333333334
U2055,2024,,,24.0,21.35904155746912,3.0,,30.275
U2056,2024,,,19.8,34.66866342193935,5.0,,29.1
U2057,2024,,,12.8,72.40733807562711,13.0,,24.475
U2058,2024,,,12.0,76.3010108573568,5.0,,28.141666666666666
U2059,2024,,,14.4,63.38450018719581,2.0,,32.63333333333334
U2060,2024,,,0.9,99.77536503182328,0.0,,30.03333333333333
U2061,2024,,,13.3,69.18757019842757,1.0,,30.383333333333336
U2062,2024,,,17.6,44.5900411830775,4.0,,27.816666666666663
U2063,2024,,,2.5,99.17633845001872,1.0,,29.65833333333333
U2064,2024,,,13.7,66.7540247098465,24.0,,22.083333333333336
U2065,2024,,,15.6,55.80307001123175,1.0,,29.73333333333333
U2066,2024,,,44.7,2.62074129539498,0.0,,29.05
U2067,2024,,,21.1,29.48333957319356,1.0,,27.48333333333333
U2068,2024,,,6.0,96.98614751029578,11.0,,24.98333333333333
U2069,2024,,,11.8,77.51778360164732,6.0,,28.966666666666665
U2070,2024,,,20.4,32.02920254586298,0.0,,30.133333333333333
U2071,2024,,,22.9,23.848745788094348,4.0,,26.166666666666668
U2072,2024,,,18.4,40.69636840134781,0.0,,33.55833333333333
U2073,2024,,,14.5,62.67315612130289,3.0,,26.35833333333333
U2074,2024,,,27.2,15.16286035192812,1.0,,32.43333333333334
U2075,2024,,,10.2,85.00561587420442,2.0,,26.85
U2076,2024,,,24.3,20.47922126544366,0.0,,27.98333333333333
U2077,2024,,,15.1,58.36765256458255,1.0,,28.59166666666667
U2078,2024,,,12.6,73.23099962560839,3.0,,24.98333333333333
U2079,2024,,,25.2,18.794459004118306,5.0,,25.633333333333333
U2080,2024,,,20.3,32.590789966304754,0.0,,31.125
U2081,2024,,,20.7,30.756271059528263,1.0,,31.866666666666664
U2082,2024,,,16.7,49.2137776113815,2.0,,29.05
U2083,2024,,,18.3,41.276675402470985,13.0,,25.325
U2084,2024,,,55.6,1.2729314863347052,1.0,,27.675
U2085,2024,,,10.8,82.01048296518158,2.0,,25.60833333333333
U2086,2024,,,14.6,61.92437289404717,7.0,,31.866666666666664
U2087,2024,,,16.0,53.46312242605767,3.0,,23.275
U2088,2024,,,36.9,5.746911269187571,1.0,,32.55833333333334
U2089,2024,,,16.0,53.46312242605767,21.0,,24.383333333333333
U2090,2024,,,17.6,44.5900411830775,12.0,,26.70833333333333
U2091,2024,,,20.3,32.590789966304754,2.0,,34.38333333333334
U2092,2024,,,39.0,4.623736428304004,7.0,,31.65
U2093,2024,,,13.0,71.19056533133659,6.0,,33.18333333333334
U2094,2024,,,10.1,85.62336203669038,8.0,,25.28333333333333
U2095,2024,,,20.1,33.43317109696743,22.0,,19.06666666666667
U2096,2024,,,19.4,36.70909771621116,25.0,,29.600000000000005
U2097,2024,,,20.0,33.78884312991389,1.0,,29.25
U2098,2024,,,14.3,63.87120928491201,1.0,,28.425
U2099,2024,,,10.8,82.01048296518158,15.0,,24.291666666666668
U2100,2024,,,9.7,87.40172220142269,1.0,,25.45
U2101,2024,,,14.0,65.27517783601647,16.0,,29.56666666666667
U2102,2024,,,39.0,4.623736428304004,6.0,,32.13333333333334
U2103,2024,,,30.7,10.688880569075254,0.0,,34.75833333333333
U2104,2024,,,17.7,44.04717334331711,7.0,,28.016666666666666
U2105,2024,,,4.3,98.25907899663048,0.0,,28.03333333333333
U2106,2024,,,16.3,51.535005615874205,1.0,,28.508333333333336
U2107,2024,,,12.9,71.86447023586672,45.0,,25.575
U2108,2024,,,17.4,45.56345937850992,10.0,,30.55
U2109,2024,,,15.1,58.36765256458255,7.0,,30.066666666666663
U2110,2024,,,29.7,11.774616248596026,3.0,,28.71666666666667
U2111,2024,,,9.8,86.95245226506927,0.0,,32.550000000000004
U2112,2024,,,22.5,24.990640209659297,3.0,,35.675000000000004
U2113,2024,,,14.0,65.27517783601647,3.0,,30.583333333333336
U2114,2024,,,7.3,94.92699363534255,7.0,,14.433333333333334
U2115,2024,,,25.0,19.0752527143392,5.0,,26.48333333333333
U2116,2024,,,35.3,6.664170722575813,1.0,,21.15833333333333
U2117,2024,,,7.2,95.28266566828904,3.0,,20.58333333333333
U2118,2024,,,29.7,11.774616248596026,3.0,,20.15833333333333
U2119,2024,,,5.9,97.07974541370274,0.0,,19.28333333333333
U2120,2024,,,16.4,50.86110071134407,0.0,,27.46666666666667
U2121,2024,,,17.9,43.20479221265444,2.0,,21.7
U2122,2024,,,15.9,54.26806439535754,2.0,,27.025
U2123,2024,,,21.1,29.48333957319356,0.0,,25.8
U2124,2024,,,21.4,28.491201797079743,0.0,,26.441666666666663
U2125,2024,,,31.0,10.33320853612879,4.0,,28.491666666666667
U2126,2024,,,13.5,67.83976038936727,7.0,,21.65833333333333
U2127,2024,,,16.4,50.86110071134407,1.0,,21.15833333333333
U2128,2024,,,21.8,27.293148633470608,1.0,,26.51666666666667
U2129,2024,,,16.8,48.68962935230251,4.0,,19.90833333333333
U2130,2024,,,25.4,18.476226132534634,0.0,,23.65833333333333
U2131,2024,,,11.8,77.51778360164732,5.0,,18.15
U2132,2024,,,14.2,64.30175964058404,4.0,,25.65833333333333
U2133,2024,,,21.8,27.293148633470608,4.0,,27.65833333333333
U2134,2024,,,8.8,90.88356420816174,8.0,,21.041666666666668
U2135,2024,,,20.6,31.093223511793333,34.0,,25.625
U2136,2024,,,13.6,67.2407338075627,1.0,,20.65
U2137,2024,,,14.8,60.61400224634967,3.0,,25.416666666666668
U2138,2024,,,18.3,41.276675402470985,0.0,,23.941666666666663
U2139,2024,,,24.1,21.04080868588544,1.0,,27.45833333333333
U2140,2024,,,13.5,67.83976038936727,5.0,,25.950000000000003
U2141,2024,,,18.1,42.41856982403595,20.0,,21.96666666666667
U2142,2024,,,10.1,85.62336203669038,1.0,,18.775
U2143,2024,,,19.5,36.09135155372519,15.0,,22.46666666666667
U2144,2024,,,25.6,18.02695619618121,1.0,,25.416666666666668
U2145,2024,,,18.9,38.169225009359785,17.0,,20.208333333333336
U2146,2024,,,24.5,20.029951329090224,3.0,,22.55
U2147,2024,,,20.7,30.756271059528263,2.0,,24.275
U2148,2024,,,17.2,46.63047547734931,4.0,,22.916666666666668
U2149,2024,,,16.2,52.09659303631599,1.0,,22.25
U2150,2024,,,18.2,41.913141145638335,2.0,,25.48333333333333
U2151,2024,,,14.8,60.61400224634967,2.0,,23.225
U2152,2024,,,10.5,83.60164732309995,2.0,,19.20833333333333
U2153,2024,,,17.9,43.20479221265444,0.0,,23.241666666666664
U2154,2024,,,23.7,22.107824784724823,3.0,,21.241666666666667
U2155,2024,,,7.7,93.72894047173344,3.0,,25.208333333333336
U2156,2024,,,33.4,8.161737177087236,9.0,,30.23333333333333
U2157,2024,,,28.7,13.084986896293527,0.0,,29.10833333333333
U2158,2024,,,30.6,10.819917633845,0.0,,29.01666666666667
U2159,2024,,,11.3,79.95132909022837,2.0,,20.316666666666663
U2160,2024,,,15.5,56.34593785099214,5.0,,25.075
U2161,2024,,,37.2,5.578435043055031,6.0,,24.433333333333334
U2162,2024,,,10.4,84.06963684013478,1.0,,19.0
U2163,2024,,,25.3,18.66342193934856,1.0,,27.391666666666676
U2164,2024,,,13.3,69.18757019842757,1.0,,19.616666666666667
U2165,2024,,,13.3,69.18757019842757,1.0,,18.966666666666665
U2166,2024,,,18.3,41.276675402470985,1.0,,20.883333333333336
U2167,2024,,,15.6,55.80307001123175,1.0,,21.69166666666667
U2168,2024,,,12.8,72.40733807562711,0.0,,18.21666666666667
U2169,2024,,,16.7,49.2137776113815,0.0,,19.34166666666667
U2170,2024,,,14.6,61.92437289404717,1.0,,22.916666666666668
U2171,2024,,,14.1,64.78846873830027,1.0,,22.45
U2172,2024,,,9.7,87.40172220142269,2.0,,18.041666666666668
U2173,2024,,,29.7,11.774616248596026,3.0,,21.383333333333333
U2174,2024,,,22.8,24.18569824035942,1.0,,26.041666666666668
U2175,2024,,,23.2,23.268438786971167,1.0,,20.8
U2176,2024,,,8.2,92.62448521153128,6.0,,20.59166666666667
U2177,2024,,,17.0,47.69749157618869,3.0,,24.70833333333333
U2178,2024,,,12.0,76.3010108573568,2.0,,21.466666666666665
U2179,2024,,,24.5,20.029951329090224,2.0,,23.71666666666667
U2180,2024,,,17.0,47.69749157618869,13.0,,21.758333333333333
U2181,2024,,,18.0,42.83040059902659,3.0,,24.766666666666666
U2182,2024,,,17.6,44.5900411830775,0.0,,22.20833333333333
U2183,2024,,,34.3,7.525271433919878,1.0,,29.458333333333336
U2184,2024,,,19.6,35.49232497192063,0.0,,22.191666666666663
U2185,2024,,,12.5,73.66154998128043,2.0,,24.08333333333333
U2186,2024,,,20.0,33.78884312991389,6.0,,26.55
U2187,2024,,,35.7,6.327218270310741,2.0,,21.991666666666667
U2188,2024,,,27.9,14.114563833770122,12.0,,20.325000000000003
U2189,2024,,,24.4,20.27330587794833,0.0,,23.89166666666667
U2190,2024,,,12.8,72.40733807562711,3.0,,25.866666666666667
U2191,2024,,,4.6,98.03444402845376,1.0,,23.08333333333333
U2192,2024,,,88.7,0.3743916136278558,3.0,,26.25
U2193,2024,,,199.9,0.0374391613627844,2.0,,28.675
U2194,2024,,,13.4,68.43878697117185,4.0,,25.708333333333336
U2195,2024,,,39.2,4.380381879445904,0.0,,25.566666666666663
U2196,2024,,,15.7,55.29764133283415,3.0,,25.466666666666665
U2197,2024,,,14.3,63.87120928491201,0.0,,18.558333333333334
U2198,2024,,,6.8,95.80681392736804,3.0,,15.8
U2199,2024,,,27.9,14.114563833770122,15.0,,23.95
U2200,2024,,,16.0,53.46312242605767,14.0,,24.575000000000003
U2201,2024,,,18.7,39.04904530138524,2.0,,30.53333333333333
U2202,2024,,,18.6,39.666791463871206,3.0,,20.391666666666666
U2203,2024,,,15.0,59.06027704979409,2.0,,27.15
U2204,2024,,,0.9,99.77536503182328,0.0,,23.175
U2205,2024,,,9.6,87.81355297641333,9.0,,22.96666666666667
U2206,2024,,,9.6,87.81355297641333,2.0,,18.941666666666663
U2207,2024,,,42.4,3.3320853612879064,24.0,,29.316666666666663
U2208,2024,,,16.5,50.33695245226507,0.0,,27.98333333333333
U2209,2024,,,16.8,48.68962935230251,3.0,,23.55
U2210,2024,,,12.0,76.3010108573568,12.0,,23.90833333333333
U2211,2024,,,5.2,97.60389367278172,0.0,,18.70833333333333
U2212,2024,,,14.6,61.92437289404717,2.0,,28.141666666666666
U2213,2024,,,16.0,53.46312242605767,5.0,,22.183333333333334
U2214,2024,,,13.4,68.43878697117185,12.0,,21.225
U2215,2024,,,12.1,75.739423436915,4.0,,23.91666666666667
U2216,2024,,,50.4,1.6847622613253457,18.0,,21.225
U2217,2024,,,6.4,96.42456008985398,18.0,,19.89166666666667
U2218,2024,,,14.9,59.86521901909397,3.0,,29.90833333333333
U2219,2024,,,14.5,62.67315612130289,2.0,,23.78333333333333
U2220,2024,,,45.9,2.321228004492704,1.0,,21.916666666666664
U2221,2024,,,22.8,24.18569824035942,1.0,,26.69166666666667
U2222,2024,,,5.7,97.22950205915387,16.0,,19.883333333333333
U2223,2024,,,7.3,94.92699363534255,5.0,,20.191666666666663
U2224,2024,,,5.7,97.22950205915387,44.0,,19.5
U2225,2024,,,9.8,86.95245226506927,14.0,,21.275
U2226,2024,,,42.1,3.4069636840134754,1.0,,23.441666666666663
U2227,2024,,,8.3,92.30625233994758,3.0,,18.066666666666663
U2228,2024,,,41.7,3.5754399101460166,3.0,,22.166666666666668
U2229,2024,,,8.5,91.65106701609884,2.0,,20.975
U2230,2024,,,14.6,61.92437289404717,7.0,,19.516666666666666
U2231,2024,,,12.8,72.40733807562711,12.0,,19.4
U2232,2024,,,20.7,30.756271059528263,14.0,,19.175
U2233,2024,,,16.3,51.535005615874205,9.0,,19.666666666666668
U2234,2024,,,10.2,85.00561587420442,12.0,,17.858333333333334
U2235,2024,,,16.1,52.639460876076384,5.0,,21.425
U2236,2024,,,21.6,27.94833395731936,3.0,,26.391666666666666
U2237,2024,,,15.0,59.06027704979409,8.0,,18.966666666666665
U2238,2024,,,22.7,24.50393111194309,6.0,,26.058333333333334
U2239,2024,,,22.0,26.46948708348933,1.0,,23.39166666666667
U2240,2024,,,67.5,0.7487832272557116,4.0,,26.775
U2241,2024,,,15.9,54.26806439535754,0.0,,25.28333333333333
U2242,2024,,,33.1,8.44253088730812,3.0,,26.425
U2243,2024,,,9.5,88.22538375140397,7.0,,13.15
U2244,2024,,,7.9,93.42942718083115,14.0,,11.458333333333334
U2245,2024,,,8.0,93.14863347061024,3.0,,12.441666666666666
U2246,2024,,,11.7,77.94833395731936,1.0,,18.808333333333334
U2247,2024,,,14.5,62.67315612130289,6.0,,17.833333333333332
U2248,2024,,,10.1,85.62336203669038,2.0,,8.333333333333334
U2249,2024,,,13.7,66.7540247098465,6.0,,23.591666666666665
U2250,2024,,,23.4,22.912766754024705,16.0,,21.425
U2251,2024,,,13.9,65.87420441782103,15.0,,16.233333333333334
U2252,2024,,,10.3,84.5001871958068,24.0,,13.075
U2253,2024,,,23.1,23.41819543242232,5.0,,27.183333333333334
U2254,2024,,,6.9,95.58217895919132,4.0,,13.800000000000002
U2255,2024,,,16.9,48.221639835267695,5.0,,27.608333333333334
U2256,2024,,,7.3,94.92699363534255,1.0,,18.09166666666667
U2257,2024,,,26.2,16.754024709846504,1.0,,23.641666666666666
U2258,2024,,,12.9,71.86447023586672,2.0,,22.291666666666668
U2259,2024,,,28.3,13.552976413328343,0.0,,27.33333333333333
U2260,2024,,,8.5,91.65106701609884,6.0,,25.425
U2261,2024,,,15.2,57.88094346686634,1.0,,23.65
U2262,2024,,,43.0,3.070011231748404,33.0,,21.683333333333334
U2263,2024,,,19.4,36.70909771621116,6.0,,29.15000000000001
U2264,2024,,,10.9,81.50505428678397,7.0,,16.441666666666666
U2265,2024,,,1.4,99.62560838637216,0.0,,22.383333333333333
U2266,2024,,,3.3,98.83938599775364,0.0,,21.316666666666663
U2267,2024,,,13.1,70.46050168476225,3.0,,25.34166666666667
U2268,2024,,,10.6,83.05877948333958,5.0,,20.4
U2269,2024,,,14.0,65.27517783601647,8.0,,23.691666666666663
U2270,2024,,,7.9,93.42942718083115,7.0,,25.375000000000004
U2271,2024,,,13.8,66.39835267690005,9.0,,25.35
U2272,2024,,,26.4,16.435791838262826,1.0,,26.275
U2273,2024,,,22.1,26.095095469861477,1.0,,25.40833333333333
U2274,2024,,,13.0,71.19056533133659,2.0,,14.85
U2275,2024,,,10.5,83.60164732309995,2.0,,23.541666666666668
U2276,2024,,,3.2,98.91426432047922,4.0,,20.925
U2277,2024,,,1.6,99.5132909022838,0.0,,20.8
U2278,2024,,,29.4,12.354923249719208,0.0,,25.808333333333334
U2279,2024,,,27.6,14.526394608760762,0.0,,27.541666666666664
U2280,2024,,,23.7,22.107824784724823,26.0,,17.59166666666667
U2281,2024,,,13.7,66.7540247098465,2.0,,19.09166666666667
U2282,2024,,,7.4,94.51516286035194,2.0,,19.65
U2283,2024,,,33.0,8.536128790715091,1.0,,27.575
U2284,2024,,,15.9,54.26806439535754,2.0,,24.766666666666666
U2285,2024,,,15.0,59.06027704979409,0.0,,16.425
U2286,2024,,,22.9,23.848745788094348,14.0,,28.125
U2287,2024,,,0.8,99.85024335454888,1.0,,24.275
U2288,2024,,,13.6,67.2407338075627,20.0,,19.066666666666663
U2289,2024,,,17.7,44.04717334331711,7.0,,22.675
U2290,2024,,,16.0,53.46312242605767,42.0,,22.525
U2291,2024,,,20.4,32.02920254586298,0.0,,26.941666666666663
U2292,2024,,,15.5,56.34593785099214,0.0,,21.116666666666664
U2293,2024,,,31.8,9.528266566828902,4.0,,29.875000000000004
U2294,2024,,,33.2,8.348932983901157,4.0,,27.475
U2295,2024,,,13.1,70.46050168476225,23.0,,22.558333333333334
U2296,2024,,,15.6,55.80307001123175,19.0,,16.483333333333334
U2297,2024,,,7.1,95.45114189442155,6.0,,16.883333333333333
U2298,2024,,,21.7,27.648820666417077,2.0,,23.75
U2299,2024,,,15.3,57.35679520778735,1.0,,20.55
U2300,2024,,,18.3,41.276675402470985,0.0,,22.65
U2301,2024,,,13.7,66.7540247098465,0.0,,22.791666666666668
U2302,2024,,,10.4,84.06963684013478,8.0,,17.075
U2303,2024,,,20.1,33.43317109696743,11.0,,25.500000000000004
U2304,2024,,,10.6,83.05877948333958,3.0,,20.683333333333334
U2305,2024,,,20.4,32.02920254586298,1.0,,27.45833333333333
U2306,2024,,,30.9,10.50168476226132,0.0,,25.40833333333333
U2307,2024,,,11.4,79.44590041183078,2.0,,15.8
U2308,2024,,,8.9,90.49045301385247,8.0,,22.791666666666668
U2309,2024,,,36.0,6.196181205540996,37.0,,23.941666666666663
U2310,2024,,,24.3,20.47922126544366,0.0,,18.275
U2311,2024,,,16.6,49.81280419318608,6.0,,23.291666666666668
U2312,2024,,,10.7,82.4971920628978,6.0,,24.19166666666667
U2313,2024,,,14.4,63.38450018719581,2.0,,23.808333333333334
U2314,2024,,,29.4,12.354923249719208,1.0,,25.325
U2315,2024,,,12.3,74.69112691875702,11.0,,24.508333333333333
U2316,2024,,,15.3,57.35679520778735,2.0,,25.23333333333333
U2317,2024,,,8.3,92.30625233994758,28.0,,10.025000000000002
U2318,2024,,,10.5,83.60164732309995,5.0,,21.9
U2319,2024,,,13.6,67.2407338075627,1.0,,22.550000000000004
U2320,2024,,,13.4,68.43878697117185,8.0,,24.21666666666667
U2321,2024,,,46.2,2.283788843129919,2.0,,26.35
U2322,2024,,,23.9,21.677274429052783,6.0,,24.741666666666667
U2323,2024,,,16.7,49.2137776113815,4.0,,22.4
U2324,2024,,,19.8,34.66866342193935,4.0,,23.941666666666663
U2325,2024,,,15.8,54.867090977162114,1.0,,25.666666666666668
U2326,2024,,,20.6,31.093223511793333,0.0,,29.691666666666663
U2327,2024,,,18.6,39.666791463871206,3.0,,27.633333333333333
U2328,2024,,,8.8,90.88356420816174,2.0,,19.258333333333333
U2329,2024,,,6.2,96.81767128416324,5.0,,18.433333333333334
U2330,2024,,,25.8,17.63384500187196,0.0,,30.25
U2331,2024,,,10.4,84.06963684013478,1.0,,9.191666666666666
U2332,2024,,,24.6,19.786596780232124,2.0,,24.8
U2333,2024,,,23.5,22.61325346312243,0.0,,24.925
U2334,2024,,,10.9,81.50505428678397,1.0,,22.14166666666667
U2335,2024,,,31.0,10.33320853612879,5.0,,23.941666666666663
U2336,2024,,,22.5,24.990640209659297,0.0,,22.95
U2337,2024,,,20.9,30.10108573567952,1.0,,15.6
U2338,2024,,,19.5,36.09135155372519,1.0,,7.925
U2339,2024,,,91.8,0.3369524522650713,1.0,,18.2
U2340,2024,,,21.3,28.828154249344816,1.0,,10.083333333333334
U2341,2024,,,5.7,97.22950205915387,3.0,,16.458333333333336
U2342,2024,,,11.1,80.88730812429802,7.0,,15.366666666666667
U2343,2024,,,10.7,82.4971920628978,1.0,,13.933333333333334
U2344,2024,,,10.7,82.4971920628978,4.0,,16.483333333333334
U2345,2024,,,22.2,25.795582178959187,8.0,,14.925
U2346,2024,,,28.4,13.421939348558588,3.0,,19.175
U2347,2024,,,15.5,56.34593785099214,0.0,,21.6
U2348,2024,,,10.1,85.62336203669038,2.0,,8.683333333333334
U2349,2024,,,14.8,60.61400224634967,5.0,,13.858333333333333
U2350,2024,,,18.4,40.69636840134781,2.0,,20.025
U2351,2024,,,27.6,14.526394608760762,6.0,,19.475
U2352,2024,,,23.3,23.11868214152003,12.0,,16.974999999999998
U2353,2024,,,13.6,67.2407338075627,0.0,,13.933333333333334
U2354,2024,,,14.1,64.78846873830027,2.0,,18.4
U2355,2024,,,18.7,39.04904530138524,5.0,,20.15833333333333
U2356,2024,,,15.0,59.06027704979409,2.0,,8.916666666666666
U2357,2024,,,29.6,11.96181205540996,0.0,,10.0
U2358,2024,,,19.5,36.09135155372519,0.0,,10.225
U2359,2024,,,10.6,83.05877948333958,1.0,,8.633333333333333
U2360,2024,,,17.4,45.56345937850992,0.0,,9.1
U2361,2024,,,48.0,1.9093972295020636,0.0,,12.433333333333334
U2362,2024,,,45.2,2.4897042306252337,1.0,,14.083333333333332
U2363,2024,,,19.6,35.49232497192063,0.0,,11.916666666666668
U2364,2024,,,21.7,27.648820666417077,3.0,,10.5
U2365,2024,,,11.9,76.97491576188693,2.0,,14.658333333333331
U2366,2024,,,13.3,69.18757019842757,3.0,,13.658333333333337
U2367,2024,,,23.7,22.107824784724823,1.0,,9.691666666666666
U2368,2024,,,23.7,22.107824784724823,1.0,,10.841666666666669
U2369,2024,,,15.6,55.80307001123175,20.0,,12.408333333333331
U2370,2024,,,25.8,17.63384500187196,0.0,,17.90833333333333
U2371,2024,,,18.6,39.666791463871206,6.0,,10.466666666666669
U2372,2024,,,14.0,65.27517783601647,2.0,,16.84166666666667
U2373,2024,,,7.3,94.92699363534255,0.0,,11.108333333333334
U2374,2024,,,10.8,82.01048296518158,3.0,,18.316666666666663
U2375,2024,,,16.3,51.535005615874205,13.0,,15.041666666666668
U2376,2024,,,25.5,18.232871583676523,1.0,,13.258333333333336
U2377,2024,,,36.9,5.746911269187571,4.0,,16.666666666666668
U2378,2024,,,21.5,28.229127667540244,0.0,,13.058333333333334
U2379,2024,,,20.4,32.02920254586298,1.0,,11.225
U2380,2024,,,22.1,26.095095469861477,9.0,,17.59166666666667
U2381,2024,,,14.4,63.38450018719581,5.0,,18.10833333333333
U2382,2024,,,14.4,63.38450018719581,1.0,,12.941666666666666
U2383,2024,,,17.4,45.56345937850992,2.0,,10.008333333333336
U2384,2024,,,18.5,40.24709846499438,8.0,,18.15
U2385,2024,,,24.2,20.74129539498315,10.0,,14.400000000000002
U2386,2024,,,58.2,1.029576937476595,0.0,,10.166666666666666
U2387,2024,,,19.9,34.18195432422314,20.0,,15.0
U2388,2024,,,22.6,24.766005241482592,0.0,,11.0
U2389,2024,,,20.3,32.590789966304754,3.0,,20.950000000000003
U2390,2024,,,21.1,29.48333957319356,3.0,,15.858333333333334
U2391,2024,,,22.9,23.848745788094348,0.0,,18.23333333333333
U2392,2024,,,30.4,11.007113440658934,0.0,,10.4
U2393,2024,,,14.7,61.25046798951704,0.0,,10.358333333333334
U2394,2024,,,17.9,43.20479221265444,3.0,,12.033333333333337
U2395,2024,,,21.0,29.85773118682141,0.0,,13.241666666666664
U2396,2024,,,13.6,67.2407338075627,3.0,,7.725
U2397,2024,,,16.3,51.535005615874205,1.0,,17.275000000000002
U2398,2024,,,24.3,20.47922126544366,2.0,,10.7
U2399,2024,,,24.4,20.27330587794833,2.0,,10.55
U2400,2024,,,23.5,22.61325346312243,6.0,,12.833333333333334
U2401,2024,,,34.5,7.300636465743171,2.0,,18.3
U2402,2024,,,17.1,47.15462373642831,2.0,,13.566666666666668
U2403,2024,,,35.6,6.40209659303631,4.0,,13.866666666666667
U2404,2024,,,9.3,88.84312991388992,0.0,,9.833333333333334
U2405,2024,,,21.0,29.85773118682141,7.0,,20.116666666666667
U2406,2024,,,15.3,57.35679520778735,3.0,,16.55
U2407,2024,,,12.2,75.2714339198802,5.0,,18.90833333333333
U2408,2024,,,15.9,54.26806439535754,0.0,,17.900000000000002
U2409,2024,,,21.1,29.48333957319356,0.0,,17.758333333333333
U2410,2024,,,27.4,14.900786222388618,0.0,,18.73333333333333
U2411,2024,,,17.5,45.05803070011232,4.0,,15.15
U2412,2024,,,1.2,99.66304754773492,1.0,,15.175
U2413,2024,,,44.4,2.789217521527521,19.0,,14.258333333333333
U2414,2024,,,16.0,53.46312242605767,22.0,,12.658333333333331
U2415,2024,,,18.8,38.581055784350426,1.0,,13.291666666666666
U2416,2024,,,6.8,95.80681392736804,2.0,,13.758333333333333
U2417,2024,,,21.9,26.900037439161363,4.0,,20.741666666666667
U2418,2024,,,17.5,45.05803070011232,7.0,,18.225
U2419,2024,,,22.8,24.18569824035942,0.0,,15.358333333333334
U2420,2024,,,12.2,75.2714339198802,0.0,,16.466666666666665
U2421,2024,,,9.9,86.42830400599027,0.0,,8.8
U2422,2024,,,26.5,16.15499812804193,0.0,,14.875000000000002
U2423,2024,,,11.6,78.45376263571696,1.0,,17.925
U2424,2024,,,17.3,46.10632721827032,1.0,,14.475
U2425,2024,,,16.6,49.81280419318608,0.0,,18.516666666666666
U2426,2024,,,19.2,37.28940471733433,0.0,,12.05
U2427,2024,,,15.0,59.06027704979409,1.0,,16.116666666666667
U2428,2024,,,16.3,51.535005615874205,1.0,,15.625
U2429,2024,,,17.7,44.04717334331711,0.0,,15.7
U2430,2024,,,12.3,74.69112691875702,0.0,,14.375
U2431,2024,,,12.4,74.11081991763385,0.0,,7.625000000000001
U2432,2024,,,16.0,53.46312242605767,0.0,,21.23333333333333
U2433,2024,,,20.8,30.381879445900417,1.0,,19.225
U2434,2024,,,20.3,32.590789966304754,0.0,,19.483333333333334
U2435,2024,,,16.2,52.09659303631599,1.0,,10.35
U2436,2024,,,14.5,62.67315612130289,1.0,,9.85
U2437,2024,,,7.6,93.99101460127292,2.0,,14.066666666666666
U2438,2024,,,8.7,91.18307749906404,1.0,,13.116666666666664
U2439,2024,,,12.4,74.11081991763385,1.0,,17.525000000000002
U2440,2024,,,38.1,4.941969299887683,12.0,,20.05
U2441,2024,,,20.8,30.381879445900417,9.0,,15.266666666666667
U2442,2024,,,13.9,65.87420441782103,1.0,,14.091666666666669
U2443,2024,,,11.8,77.51778360164732,3.0,,16.816666666666666
U2444,2024,,,10.8,82.01048296518158,26.0,,13.766666666666667
U2445,2024,,,19.3,37.06476974915762,0.0,,10.841666666666669
U2446,2024,,,21.4,28.491201797079743,2.0,,11.008333333333336
U2447,2024,,,12.2,75.2714339198802,7.0,,11.333333333333334
U2448,2024,,,16.6,49.81280419318608,0.0,,17.28333333333333
U2449,2024,,,88.2,0.4118307749906402,2.0,,14.008333333333333
U2450,2024,,,22.0,26.46948708348933,1.0,,15.8
U2451,2024,,,9.0,90.00374391613629,5.0,,11.383333333333336
U2452,2024,,,6.8,95.80681392736804,1.0,,19.208333333333336
U2453,2024,,,15.4,56.77648820666417,18.0,,10.791666666666666
U2454,2024,,,11.3,79.95132909022837,1.0,,19.425000000000004
U2455,2024,,,22.6,24.766005241482592,4.0,,12.008333333333336
U2456,2024,,,37.7,5.204043429427186,5.0,,20.58333333333333
U2457,2024,,,12.4,74.11081991763385,3.0,,12.616666666666664
U2458,2024,,,14.8,60.61400224634967,3.0,,12.375
U2459,2024,,,23.4,22.912766754024705,1.0,,11.95
U2460,2024,,,11.4,79.44590041183078,6.0,,10.733333333333333
U2461,2024,,,22.2,25.795582178959187,3.0,,14.441666666666666
U2462,2024,,,38.0,5.035567203294644,2.0,,20.691666666666663
U2463,2024,,,10.6,83.05877948333958,13.0,,15.35
U2464,2024,,,26.5,16.15499812804193,4.0,,10.866666666666667
U2465,2024,,,26.3,16.622987645076748,13.0,,18.825
U2466,2024,,,20.0,33.78884312991389,16.0,,20.05833333333333
U2467,2024,,,16.8,48.68962935230251,6.0,,8.575
U2468,2024,,,13.6,67.2407338075627,3.0,,11.783333333333331
U2469,2024,,,14.7,61.25046798951704,2.0,,21.825000000000003
U2470,2024,,,17.7,44.04717334331711,3.0,,14.308333333333335
U2471,2024,,,11.2,80.49419692998877,3.0,,12.133333333333333
U2472,2024,,,39.0,4.623736428304004,18.0,,13.6
U2473,2024,,,30.2,11.119430924747286,0.0,,14.891666666666666
U2474,2024,,,15.1,58.36765256458255,1.0,,16.86666666666667
U2475,2024,,,22.4,25.32759266192437,0.0,,10.425
U2476,2024,,,14.5,62.67315612130289,4.0,,9.591666666666669
U2477,2024,,,2.1,99.25121677274429,1.0,,13.158333333333331
U2478,2024,,,12.3,74.69112691875702,4.0,,7.883333333333335
U2479,2024,,,14.0,65.27517783601647,5.0,,17.475
U2480,2024,,,26.4,16.435791838262826,0.0,,11.683333333333334
U2481,2024,,,36.8,5.82178959191314,12.0,,21.68333333333333
U2482,2024,,,16.7,49.2137776113815,12.0,,16.675
U2483,2024,,,10.7,82.4971920628978,31.0,,9.05
U2484,2024,,,15.6,55.80307001123175,3.0,,9.725
U2485,2024,,,18.5,40.24709846499438,7.0,,9.475
U2486,2024,,,15.8,54.867090977162114,0.0,,8.95
U2487,2024,,,23.0,23.567952077873457,1.0,,21.35833333333333
U2488,2024,,,47.7,2.0217147135904168,1.0,,18.133333333333333
U2489,2024,,,24.6,19.786596780232124,17.0,,13.383333333333333
U2490,2024,,,47.2,2.0965930363159857,2.0,,14.866666666666667
U2491,2024,,,8.3,92.30625233994758,1.0,,16.258333333333333
U2492,2024,,,20.3,32.590789966304754,2.0,,15.725
U2493,2024,,,18.3,41.276675402470985,2.0,,17.550000000000004
U2494,2024,,,11.9,76.97491576188693,5.0,,15.375
U2495,2024,,,21.9,26.900037439161363,2.0,,11.516666666666667
U2496,2024,,,53.1,1.4975664545114231,0.0,,18.141666666666666
U2497,2024,,,29.8,11.531261699737929,0.0,,12.183333333333334
U2498,2024,,,35.6,6.40209659303631,0.0,,15.966666666666669
U2499,2024,,,21.3,28.828154249344816,0.0,,21.266666666666666
U2500,2024,,,21.3,28.828154249344816,4.0,,16.675
U2501,2024,,,11.6,78.45376263571696,2.0,,19.45
U2502,2024,,,13.5,67.83976038936727,4.0,,15.558333333333335
U2503,2024,,,10.6,83.05877948333958,12.0,,13.941666666666665
U2504,2024,,,10.9,81.50505428678397,1.0,,17.558333333333334
U2505,2024,,,17.4,45.56345937850992,0.0,,18.975
U2506,2024,,,29.4,12.354923249719208,2.0,,17.05
U2507,2024,,,27.0,15.40621490078622,4.0,,20.808333333333334
U2508,2024,,,28.1,13.815050542867835,0.0,,11.466666666666669
U2509,2024,,,30.2,11.119430924747286,2.0,,9.333333333333334
U2510,2024,,,19.9,34.18195432422314,3.0,,21.166666666666668
U2511,2024,,,11.7,77.94833395731936,9.0,,20.59166666666667
U2512,2024,,,23.8,21.86447023586672,0.0,,17.458333333333332
U2513,2024,,,14.2,64.30175964058404,10.0,,14.566666666666668
U2514,2024,,,12.1,75.739423436915,1.0,,17.266666666666666
U2515,2024,,,30.7,10.688880569075254,1.0,,11.891666666666667
U2516,2024,,,22.6,24.766005241482592,1.0,,13.6
U2517,2024,,,33.6,7.899663047547733,0.0,,14.250000000000002
U2518,2024,,,21.6,27.94833395731936,11.0,,16.416666666666668
U2519,2024,,,7.4,94.51516286035194,3.0,,17.008333333333333
U2520,2024,,,17.7,44.04717334331711,1.0,,9.658333333333331
U2521,2024,,,82.1,0.4492699363534247,1.0,,19.775
U2522,2024,,,20.3,32.590789966304754,2.0,,17.266666666666666
U2523,2024,,,16.0,53.46312242605767,13.0,,10.591666666666669
U2524,2024,,,13.3,69.18757019842757,7.0,,17.308333333333334
U2525,2024,,,20.2,33.11493822538375,0.0,,12.566666666666666
U2526,2024,,,71.0,0.5615874204417781,0.0,,22.35
U2527,2024,,,20.8,30.381879445900417,0.0,,7.183333333333333
U2528,2024,,,20.5,31.54249344814676,6.0,,15.724999999999998
U2529,2024,,,25.8,17.63384500187196,8.0,,14.916666666666666
U2530,2024,,,8.7,91.18307749906404,5.0,,12.283333333333331
U2531,2024,,,9.8,86.95245226506927,5.0,,19.741666666666667
U2532,2024,,,22.5,24.990640209659297,3.0,,16.974999999999998
U2533,2024,,,14.7,61.25046798951704,9.0,,16.275000000000002
U2534,2024,,,16.9,48.221639835267695,1.0,,14.341666666666669
U2535,2024,,,11.0,81.14938225383752,3.0,,10.75
U2536,2024,,,19.5,36.09135155372519,1.0,,10.325
U2537,2024,,,23.8,21.86447023586672,2.0,,18.141666666666666
U2538,2024,,,25.0,19.0752527143392,4.0,,14.375
U2539,2024,,,4.6,98.03444402845376,3.0,,9.375
U2540,2024,,,16.3,51.535005615874205,5.0,,17.45
U2541,2024,,,12.3,74.69112691875702,1.0,,18.166666666666664
U2542,2024,,,20.6,31.093223511793333,1.0,,13.366666666666667
U2543,2024,,,24.0,21.35904155746912,0.0,,15.891666666666667
U2544,2024,,,28.0,13.983526769000376,1.0,,16.583333333333332
U2545,2024,,,14.7,61.25046798951704,4.0,,10.116666666666664
U2546,2024,,,15.9,54.26806439535754,0.0,,14.991666666666664
U2547,2024,,,8.0,93.14863347061024,11.0,,9.041666666666666
U2548,2024,,,17.3,46.10632721827032,0.0,,18.416666666666668
U2549,2024,,,12.2,75.2714339198802,4.0,,10.558333333333332
U2550,2024,,,14.9,59.86521901909397,9.0,,9.683333333333334
U2551,2024,,,5.4,97.49157618869336,11.0,,8.925
U2552,2024,,,13.4,68.43878697117185,4.0,,9.883333333333333
U2553,2024,,,23.6,22.36989891426432,1.0,,8.725
U2554,2024,,,9.7,87.40172220142269,0.0,,6.875
U2555,2024,,,22.5,24.990640209659297,0.0,,20.508333333333333
U2556,2024,,,11.6,78.45376263571696,17.0,,7.783333333333333
U2557,2024,,,8.5,91.65106701609884,2.0,,14.75
U2558,2024,,,20.1,33.43317109696743,5.0,,15.691666666666666
U2559,2024,,,14.0,65.27517783601647,13.0,,7.941666666666666
U2560,2024,,,18.3,41.276675402470985,14.0,,15.9
U2561,2024,,,21.9,26.900037439161363,1.0,,10.75
U2562,2024,,,18.7,39.04904530138524,0.0,,14.175000000000002
U2563,2024,,,35.4,6.55185323848746,1.0,,17.508333333333333
U2564,2024,,,5.5,97.37925870460502,1.0,,17.224999999999998
U2565,2024,,,12.5,73.66154998128043,7.0,,9.366666666666664
U2566,2024,,,22.0,26.46948708348933,3.0,,12.5
U2567,2024,,,7.0,95.50730063646574,14.0,,11.45
U2568,2024,,,120.3,0.1497566454511378,1.0,,16.183333333333337
U2569,2024,,,16.0,53.46312242605767,0.0,,6.658333333333334
U2570,2024,,,39.4,4.286783976038933,1.0,,19.391666666666666
U2571,2024,,,17.2,46.63047547734931,12.0,,8.325
U2572,2024,,,10.2,85.00561587420442,9.0,,11.941666666666666
U2573,2024,,,12.0,76.3010108573568,5.0,,10.708333333333334
U2574,2024,,,16.9,48.221639835267695,0.0,,12.341666666666669
U2575,2024,,,21.1,29.48333957319356,1.0,,9.283333333333331
U2576,2024,,,17.1,47.15462373642831,0.0,,21.85833333333333
U2577,2024,,,24.2,20.74129539498315,1.0,,11.208333333333334
U2578,2024,,,23.2,23.268438786971167,4.0,,18.65
U2579,2024,,,18.7,39.04904530138524,3.0,,20.016666666666666
U2580,2024,,,36.0,6.196181205540996,1.0,,12.325
U2581,2024,,,10.6,83.05877948333958,2.0,,10.433333333333334
U2582,2024,,,25.4,18.476226132534634,1.0,,11.45
U2583,2024,,,17.1,47.15462373642831,0.0,,14.816666666666668
U2584,2024,,,29.1,12.748034444028455,27.0,,20.191666666666663
U2585,2024,,,31.4,10.071134406589287,1.0,,11.95
U2586,2024,,,10.3,84.5001871958068,23.0,,7.941666666666666
U2587,2024,,,14.2,64.30175964058404,0.0,,17.441666666666666
U2588,2024,,,16.9,48.221639835267695,4.0,,15.499999999999998
U2589,2024,,,18.7,39.04904530138524,1.0,,20.4
U2590,2024,,,21.8,27.293148633470608,29.0,,19.008333333333336
U2591,2024,,,14.9,59.86521901909397,0.0,,17.691666666666666
U2592,2024,,,27.7,14.395357543991016,2.0,,11.183333333333332
U2593,2024,,,9.9,86.42830400599027,2.0,,17.64166666666667
U2594,2024,,,11.6,78.45376263571696,1.0,,17.433333333333337
U2595,2024,,,17.1,47.15462373642831,2.0,,14.566666666666668
U2596,2024,,,9.8,86.95245226506927,2.0,,17.541666666666664
U2597,2024,,,16.0,53.46312242605767,5.0,,10.725
U2598,2024,,,19.8,34.66866342193935,0.0,,10.408333333333331
U2599,2024,,,20.8,30.381879445900417,2.0,,21.4
U2600,2024,,,6.6,96.1437663796331,12.0,,7.783333333333333
U2601,2024,,,19.5,36.09135155372519,0.0,,9.65
U2602,2024,,,9.6,87.81355297641333,1.0,,7.833333333333332
U2603,2024,,,16.5,50.33695245226507,13.0,,18.90833333333333
U2604,2024,,,15.8,54.867090977162114,0.0,,18.008333333333333
U2605,2024,,,8.2,92.62448521153128,3.0,,15.625
U2606,2024,,,14.5,62.67315612130289,4.0,,17.458333333333332
U2607,2024,,,11.5,78.99663047547735,3.0,,13.858333333333333
U2608,2024,,,22.9,23.848745788094348,3.0,,11.366666666666667
U2609,2024,,,10.6,83.05877948333958,21.0,,7.016666666666667
U2610,2024,,,22.9,23.848745788094348,1.0,,15.983333333333334
U2611,2024,,,19.6,35.49232497192063,1.0,,17.650000000000002
U2612,2024,,,32.4,8.873081242980152,8.0,,16.416666666666668
U2613,2024,,,7.5,94.21564956944964,7.0,,16.866666666666667
U2614,2024,,,26.0,17.184575065518537,1.0,,10.566666666666666
U2615,2024,,,13.4,68.43878697117185,11.0,,11.283333333333331
U2616,2024,,,18.9,38.169225009359785,1.0,,12.241666666666667
U2617,2024,,,24.7,19.5806813927368,0.0,,12.791666666666668
U2618,2024,,,13.5,67.83976038936727,5.0,,16.21666666666667
U2619,2024,,,11.9,76.97491576188693,0.0,,6.7250000000000005
U2620,2024,,,8.9,90.49045301385247,0.0,,14.133333333333336
U2621,2024,,,9.8,86.95245226506927,2.0,,11.3
U2622,2024,,,32.3,8.985398727068517,5.0,,18.175
U2623,2024,,,56.2,1.1980531636091365,0.0,,18.175
U2624,2024,,,9.3,88.84312991388992,0.0,,12.25
U2625,2024,,,9.7,87.40172220142269,9.0,,16.558333333333334
U2626,2024,,,17.8,43.5604642456009,0.0,,8.850000000000001
U2627,2024,,,29.3,12.54211905653313,1.0,,9.566666666666668
U2628,2024,,,15.3,57.35679520778735,1.0,,15.241666666666667
U2629,2024,,,16.0,53.46312242605767,5.0,,21.53333333333333
U2630,2024,,,16.3,51.535005615874205,1.0,,20.491666666666667
U2631,2024,,,11.1,80.88730812429802,0.0,,11.416666666666666
U2632,2024,,,15.2,57.88094346686634,9.0,,19.058333333333334
U2633,2024,,,32.2,9.09771621115687,2.0,,13.183333333333332
U2634,2024,,,26.8,15.57469112691876,2.0,,12.791666666666666
U2635,2024,,,28.7,13.084986896293527,3.0,,10.291666666666666
U2636,2024,,,12.1,75.739423436915,14.0,,14.291666666666666
U2637,2024,,,8.0,93.14863347061024,2.0,,16.69166666666667
U2638,2024,,,9.5,88.22538375140397,2.0,,9.5
U2639,2024,,,23.5,22.61325346312243,5.0,,8.991666666666667
U2640,2024,,,35.0,6.851366529389747,3.0,,7.375
U2641,2024,,,12.6,73.23099962560839,5.0,,9.325
U2642,2024,,,8.2,92.62448521153128,11.0,,11.791666666666668
U2643,2024,,,27.4,14.900786222388618,11.0,,12.025
U2644,2024,,,13.7,66.7540247098465,4.0,,11.141666666666666
U2645,2024,,,11.3,79.95132909022837,13.0,,7.15
U2646,2024,,,19.0,37.776113815050536,2.0,,16.283333333333335
U2647,2024,,,17.5,45.05803070011232,3.0,,21.34166666666667
U2648,2024,,,19.8,34.66866342193935,10.0,,20.35
U2649,2024,,,24.5,20.029951329090224,1.0,,17.408333333333335
U2650,2024,,,11.3,79.95132909022837,1.0,,19.433333333333334
U2651,2024,,,12.5,73.66154998128043,9.0,,8.941666666666668
U2652,2024,,,13.9,65.87420441782103,10.0,,14.966666666666669
U2653,2024,,,13.5,67.83976038936727,6.0,,17.375000000000004
U2654,2024,,,37.9,5.110445526020213,0.0,,20.116666666666667
U2655,2024,,,13.4,68.43878697117185,1.0,,21.2
U2656,2024,,,27.5,14.732309996256088,6.0,,14.566666666666668
U2657,2024,,,16.3,51.535005615874205,1.0,,18.125
U2658,2024,,,22.4,25.32759266192437,8.0,,15.533333333333337
U2659,2024,,,26.1,16.959940097341818,0.0,,
U2660,2024,,,13.3,69.18757019842757,0.0,,
U2661,2024,,,24.9,19.206289779108943,0.0,,
U2662,2024,,,22.5,24.990640209659297,9.0,,
U2663,2024,,,23.4,22.912766754024705,21.0,,
U2664,2024,,,45.8,2.358667165855488,0.0,,
U2665,2024,,,5.5,97.37925870460502,0.0,,
U2666,2024,,,1.0,99.70048670909772,19.0,,
U2667,2024,,,31.7,9.715462373642836,11.0,,
U2668,2024,,,19.5,36.09135155372519,39.0,,
U2669,2024,,,23.7,22.107824784724823,0.0,,
U2670,2024,,,16.7,49.2137776113815,3.0,,
U2671,2024,,,34.6,7.13216023961063,1.0,,
U2672,2024,,,28.0,13.983526769000376,0.0,,
U2673,2024,,,15.4,56.77648820666417,1.0,,
U2674,2024,,,17.2,46.63047547734931,1.0,,
U2675,2024,,,15.8,54.867090977162114,1.0,,
U2676,2024,,,8.6,91.42643204792212,10.0,,
U2677,2024,,,8.9,90.49045301385247,1.0,,
U2678,2024,,,28.3,13.552976413328343,0.0,,
U2679,2024,,,21.2,29.14638712092849,0.0,,
U2680,2024,,,17.0,47.69749157618869,2.0,,
U2681,2024,,,38.8,4.736053912392357,4.0,,
U2682,2024,,,25.6,18.02695619618121,0.0,,
U2683,2024,,,14.1,64.78846873830027,2.0,,
U2684,2024,,,29.9,11.40022463496818,0.0,,
U2685,2024,,,5.1,97.71621115687007,0.0,,
U2686,2024,,,26.7,15.743167353051293,0.0,,
U2687,2024,,,19.4,36.70909771621116,0.0,,
U2688,2024,,,21.8,27.293148633470608,0.0,,
U2689,2024,,,40.8,3.8000748783227234,0.0,,
U2690,2024,,,17.2,46.63047547734931,0.0,,
U2691,2024,,,31.1,10.23961063272183,0.0,,
U2692,2024,,,35.5,6.4769749157618905,0.0,,
U2693,2024,,,20.2,33.11493822538375,0.0,,
U2694,2024,,,26.9,15.481093223511788,1.0,,
U2695,2024,,,13.0,71.19056533133659,7.0,,
U2696,2024,,,68.8,0.6551853238487504,0.0,,
U2697,2024,,,17.6,44.5900411830775,0.0,,
U2698,2024,,,9.0,90.00374391613629,0.0,,
U2699,2024,,,20.3,32.590789966304754,0.0,,
U2700,2024,,,19.0,37.776113815050536,19.0,,
U2701,2024,,,17.6,44.5900411830775,1.0,,
U2702,2024,,,22.7,24.50393111194309,0.0,,
U2703,2024,,,5.1,97.71621115687007,2.0,,
U2704,2024,,,19.8,34.66866342193935,0.0,,
U2705,2024,,,23.5,22.61325346312243,0.0,,
U2706,2024,,,16.2,52.09659303631599,2.0,,
U2707,2024,,,23.5,22.61325346312243,0.0,,
U2708,2024,,,28.2,13.68401347809809,0.0,,
U2709,2024,,,7.3,94.92699363534255,0.0,,
U2710,2024,,,37.3,5.466117558966676,0.0,,
U2711,2024,,,23.5,22.61325346312243,0.0,,
U2712,2024,,,20.8,30.381879445900417,51.0,,
U2713,2024,,,29.7,11.774616248596026,0.0,,
U2714,2024,,,39.4,4.286783976038933,0.0,,
U2715,2024,,,27.7,14.395357543991016,29.0,,
U2716,2024,,,16.6,49.81280419318608,44.0,,
U2717,2024,,,23.1,23.41819543242232,0.0,,
U2718,2024,,,19.0,37.776113815050536,25.0,,
U2719,2024,,,10.2,85.00561587420442,57.0,,
U2720,2024,,,25.5,18.232871583676523,0.0,,
U2721,2024,,,17.0,47.69749157618869,1.0,,
U2722,2024,,,6.8,95.80681392736804,0.0,,
U2723,2024,,,14.5,62.67315612130289,0.0,,
U2724,2024,,,25.3,18.66342193934856,9.0,,
U2725,2024,,,8.4,91.96929988768252,4.0,,
U2726,2024,,,16.5,50.33695245226507,2.0,,
U2727,2024,,,23.2,23.268438786971167,0.0,,
U2728,2024,,,10.0,86.0539123923624,5.0,,
U2729,2024,,,39.9,4.1183077499064025,0.0,,
U2730,2024,,,18.4,40.69636840134781,2.0,,
U2731,2024,,,13.1,70.46050168476225,82.0,,
U2732,2024,,,5.1,97.71621115687007,7.0,,
U2733,2024,,,18.6,39.666791463871206,29.0,,
U2734,2024,,,26.7,15.743167353051293,36.0,,
U2735,2024,,,6.9,95.58217895919132,74.0,,
U2736,2024,,,75.0,0.5241482590789937,35.0,,
U2737,2024,,,5.7,97.22950205915387,37.0,,
U2738,2024,,,9.2,89.25496068888057,2.0,,
U2739,2024,,,14.2,64.30175964058404,21.0,,
U2740,2024,,,11.9,76.97491576188693,59.0,,
U2741,2024,,,11.6,78.45376263571696,8.0,,
U2742,2024,,,22.9,23.848745788094348,7.0,,
U2743,2024,,,8.7,91.18307749906404,5.0,,
U2744,2024,,,8.2,92.62448521153128,22.0,,
U2745,2024,,,21.2,29.14638712092849,17.0,,
U2746,2024,,,11.1,80.88730812429802,0.0,,
U2747,2024,,,18.0,42.83040059902659,2.0,,
U2748,2024,,,50.6,1.647323099962561,37.0,,
U2749,2024,,,8.5,91.65106701609884,8.0,,
U2750,2024,,,45.7,2.3961063272182725,0.0,,
U2751,2024,,,15.2,57.88094346686634,4.0,,
U2752,2024,,,19.8,34.66866342193935,1.0,,
U2753,2024,,,20.5,31.54249344814676,0.0,,
U2754,2024,,,17.8,43.5604642456009,2.0,,
U2755,2024,,,36.8,5.82178959191314,0.0,,
U2756,2024,,,48.1,1.871958068139279,0.0,,
U2757,2024,,,19.1,37.49532010482965,0.0,,
U2758,2024,,,29.5,12.092849120179704,0.0,,
U2759,2024,,,31.8,9.528266566828902,7.0,,
U2760,2024,,,8.0,93.14863347061024,3.0,,
U2761,2024,,,35.3,6.664170722575813,3.0,,
U2762,2024,,,10.2,85.00561587420442,28.0,,
U2763,2024,,,16.4,50.86110071134407,14.0,,
U2764,2024,,,27.8,14.26432047922127,0.0,,
U2765,2024,,,30.8,10.632721827031077,1.0,,
U2766,2024,,,11.3,79.95132909022837,0.0,,
U2767,2024,,,6.3,96.63047547734932,28.0,,
U2768,2024,,,9.7,87.40172220142269,0.0,,
U2769,2024,,,16.5,50.33695245226507,2.0,,
U2770,2024,,,16.4,50.86110071134407,0.0,,
U2771,2024,,,25.4,18.476226132534634,5.0,,
U2772,2024,,,31.8,9.528266566828902,0.0,,
U2773,2024,,,19.8,34.66866342193935,10.0,,
U2774,2024,,,20.5,31.54249344814676,13.0,,
U2775,2024,,,12.0,76.3010108573568,1.0,,
U2776,2024,,,21.2,29.14638712092849,4.0,,
U2777,2024,,,17.6,44.5900411830775,1.0,,
U2778,2024,,,10.4,84.06963684013478,1.0,,
U2779,2024,,,16.8,48.68962935230251,38.0,,
U2780,2024,,,11.7,77.94833395731936,60.0,,
U2781,2024,,,15.3,57.35679520778735,30.0,,
U2782,2024,,,24.3,20.47922126544366,0.0,,
U2783,2024,,,20.7,30.756271059528263,2.0,,
U2784,2024,,,6.8,95.80681392736804,9.0,,
U2785,2024,,,26.6,15.930363159865225,1.0,,
U2786,2024,,,29.4,12.354923249719208,1.0,,
U2787,2024,,,18.8,38.581055784350426,0.0,,
U2788,2024,,,21.9,26.900037439161363,6.0,,
U2789,2024,,,42.9,3.144889554473984,1.0,,
U2790,2024,,,7.7,93.72894047173344,3.0,,
U2791,2024,,,4.8,97.9408461250468,4.0,,
U2792,2024,,,10.6,83.05877948333958,3.0,,
U2793,2024,,,33.0,8.536128790715091,1.0,,
U2794,2024,,,12.0,76.3010108573568,44.0,,
U2795,2024,,,37.2,5.578435043055031,33.0,,
U2796,2024,,,39.6,4.193186072631971,0.0,,
U2797,2024,,,16.0,53.46312242605767,0.0,,
U2798,2024,,,11.0,81.14938225383752,5.0,,
U2799,2024,,,16.6,49.81280419318608,4.0,,
U2800,2024,,,44.6,2.658180456757764,0.0,,
U2801,2024,,,36.3,6.102583302134034,0.0,,
U2802,2024,,,25.9,17.37177087233246,0.0,,
U2803,2024,,,7.4,94.51516286035194,97.0,,
U2804,2024,,,22.3,25.57094721078248,0.0,,
U2805,2024,,,25.6,18.02695619618121,0.0,,
U2806,2024,,,6.2,96.81767128416324,15.0,,
U2807,2024,,,25.5,18.232871583676523,0.0,,
U2808,2024,,,16.4,50.86110071134407,4.0,,
U2809,2024,,,70.6,0.5990265818045626,2.0,,
U2810,2024,,,10.2,85.00561587420442,15.0,,
U2811,2024,,,4.2,98.33395731935605,86.0,,
U2812,2024,,,20.3,32.590789966304754,0.0,,
U2813,2024,,,8.9,90.49045301385247,2.0,,
U2814,2024,,,15.0,59.06027704979409,8.0,,
U2815,2024,,,46.5,2.227630101085732,0.0,,
U2816,2024,,,10.8,82.01048296518158,1.0,,
U2817,2024,,,23.5,22.61325346312243,2.0,,
U2818,2024,,,10.5,83.60164732309995,7.0,,
U2819,2024,,,21.7,27.648820666417077,2.0,,
U2820,2024,,,17.5,45.05803070011232,2.0,,
U2821,2024,,,3.9,98.61475102957694,12.0,,
U2822,2024,,,11.8,77.51778360164732,36.0,,
U2823,2024,,,16.9,48.221639835267695,2.0,,
U2824,2024,,,15.0,59.06027704979409,45.0,,
U2825,2024,,,7.7,93.72894047173344,63.0,,
U2826,2024,,,18.1,42.41856982403595,40.0,,
U2827,2024,,,17.7,44.04717334331711,11.0,,
U2828,2024,,,17.3,46.10632721827032,22.0,,
U2829,2024,,,19.5,36.09135155372519,73.0,,
U2830,2024,,,22.0,26.46948708348933,5.0,,
U2831,2024,,,43.7,2.920254586297266,0.0,,
U2832,2024,,,11.5,78.99663047547735,0.0,,
U2833,2024,,,13.8,66.39835267690005,0.0,,
U2834,2024,,,16.6,49.81280419318608,0.0,,
U2835,2024,,,34.7,7.001123174840885,0.0,,
U2836,2024,,,21.5,28.229127667540244,0.0,,
U2837,2024,,,27.8,14.26432047922127,8.0,,
U2838,2024,,,21.4,28.491201797079743,0.0,,
U2839,2024,,,17.4,45.56345937850992,7.0,,
U2840,2024,,,27.6,14.526394608760762,0.0,,
U2841,2024,,,14.9,59.86521901909397,0.0,,
U2842,2024,,,12.4,74.11081991763385,1.0,,
U2843,2024,,,13.3,69.18757019842757,0.0,,
U2844,2024,,,7.2,95.28266566828904,0.0,,
U2845,2024,,,15.0,59.06027704979409,0.0,,
U2846,2024,,,14.4,63.38450018719581,3.0,,
U2847,2024,,,12.8,72.40733807562711,1.0,,
U2848,2024,,,11.6,78.45376263571696,15.0,,
U2849,2024,,,7.2,95.28266566828904,48.0,,
U2850,2024,,,22.0,26.46948708348933,1.0,,
U2851,2024,,,42.4,3.3320853612879064,0.0,,
U2852,2024,,,10.2,85.00561587420442,0.0,,
U2853,2024,,,12.8,72.40733807562711,0.0,,
U2854,2024,,,7.6,93.99101460127292,0.0,,
U2855,2024,,,11.7,77.94833395731936,0.0,,
U2856,2024,,,15.1,58.36765256458255,0.0,,
U2857,2024,,,9.8,86.95245226506927,0.0,,
U2858,2024,,,16.4,50.86110071134407,0.0,,
U2859,2024,,,12.0,76.3010108573568,0.0,,
U2860,2024,,,8.5,91.65106701609884,0.0,,
U2861,2024,,,13.4,68.43878697117185,0.0,,
U2862,2024,,,6.5,96.25608386372146,0.0,,
U2863,2024,,,15.1,58.36765256458255,0.0,,
U2864,2024,,,14.3,63.87120928491201,0.0,,
U2865,2024,,,10.1,85.62336203669038,0.0,,
U2866,2024,,,17.4,45.56345937850992,0.0,,
U2867,2024,,,10.6,83.05877948333958,5.0,,
U2868,2024,,,10.3,84.5001871958068,0.0,,
U2869,2024,,,15.1,58.36765256458255,0.0,,
U2870,2024,,,17.6,44.5900411830775,0.0,,
U2871,2024,,,8.8,90.88356420816174,0.0,,
U2872,2024,,,14.1,64.78846873830027,0.0,,
U2873,2024,,,17.3,46.10632721827032,0.0,,
U2874,2024,,,36.4,6.027704979408465,4.0,,
U2875,2024,,,15.4,56.77648820666417,0.0,,
U2876,2024,,,9.9,86.42830400599027,0.0,,
U2877,2024,,,55.1,1.3103706476974897,1.0,,
U2878,2024,,,13.0,71.19056533133659,2.0,,
U2879,2024,,,9.6,87.81355297641333,0.0,,
U2880,2024,,,33.3,8.255335080494197,0.0,,
U2881,2024,,,19.6,35.49232497192063,0.0,,
U2882,2024,,,14.2,64.30175964058404,1.0,,
U2883,2024,,,9.4,88.50617746162486,0.0,,
U2884,2024,,,21.4,28.491201797079743,0.0,,
U2885,2024,,,19.6,35.49232497192063,10.0,,
U2886,2024,,,21.6,27.94833395731936,2.0,,
U2887,2024,,,16.0,53.46312242605767,0.0,,
U2888,2024,,,7.5,94.21564956944964,0.0,,
U2889,2024,,,1.6,99.5132909022838,73.0,,
U2890,2024,,,8.4,91.96929988768252,7.0,,
U2891,2024,,,19.5,36.09135155372519,54.0,,
U2892,2024,,,3.9,98.61475102957694,15.0,,
U2893,2024,,,7.7,93.72894047173344,0.0,,
U2894,2024,,,16.6,49.81280419318608,13.0,,
U2895,2024,,,21.5,28.229127667540244,0.0,,
U2896,2024,,,16.1,52.639460876076384,32.0,,
U2897,2024,,,13.9,65.87420441782103,0.0,,
U2898,2024,,,40.0,4.024709846499441,0.0,,
U2899,2024,,,25.7,17.87719955073006,0.0,,
U2900,2024,,,19.2,37.28940471733433,0.0,,
U2901,2024,,,15.8,54.867090977162114,2.0,,
U2902,2024,,,25.1,18.906776488206667,0.0,,
U2903,2024,,,20.0,33.78884312991389,1.0,,
U2904,2024,,,8.4,91.96929988768252,2.0,,
U2905,2024,,,18.3,41.276675402470985,0.0,,
U2906,2024,,,10.7,82.4971920628978,0.0,,
U2907,2024,,,107.3,0.2620741295395024,0.0,,
U2908,2024,,,11.2,80.49419692998877,11.0,,
U2909,2024,,,8.3,92.30625233994758,2.0,,
U2910,2024,,,15.4,56.77648820666417,0.0,,
U2911,2024,,,63.0,0.8236615499812805,0.0,,
U2912,2024,,,9.9,86.42830400599027,0.0,,
U2913,2024,,,16.7,49.2137776113815,2.0,,
U2914,2024,,,29.5,12.092849120179704,0.0,,
U2915,2024,,,18.7,39.04904530138524,0.0,,
U2916,2024,,,15.6,55.80307001123175,41.0,,
U2917,2024,,,8.3,92.30625233994758,24.0,,
U2918,2024,,,68.8,0.6551853238487504,0.0,,
U2919,2024,,,56.3,1.1606140022463518,0.0,,
U2920,2024,,,36.0,6.196181205540996,0.0,,
U2921,2024,,,0.5,99.88768251591164,29.0,,
U2922,2024,,,5.0,97.82852864095844,35.0,,
U2923,2024,,,26.1,16.959940097341818,3.0,,
U2924,2024,,,12.7,72.85660801198053,90.0,,
U2925,2024,,,27.8,14.26432047922127,0.0,,
U2926,2024,,,20.2,33.11493822538375,3.0,,
U2927,2024,,,23.7,22.107824784724823,17.0,,
U2928,2024,,,44.2,2.864095844253089,1.0,,
U2929,2024,,,24.2,20.74129539498315,19.0,,
U2930,2024,,,34.2,7.562710595282662,7.0,,
U2931,2024,,,25.0,19.0752527143392,6.0,,
U2932,2024,,,18.0,42.83040059902659,11.0,,
U2933,2024,,,7.5,94.21564956944964,1.0,,
U2934,2024,,,6.4,96.42456008985398,1.0,,
U2935,2024,,,7.5,94.21564956944964,8.0,,
U2936,2024,,,13.2,69.89891426432048,0.0,,
U2937,2024,,,26.6,15.930363159865225,0.0,,
U2938,2024,,,16.4,50.86110071134407,0.0,,
U2939,2024,,,14.2,64.30175964058404,0.0,,
U2940,2024,,,12.0,76.3010108573568,0.0,,
U2941,2024,,,139.0,0.1123174840883534,12.0,,
U2942,2024,,,17.6,44.5900411830775,0.0,,
U2943,2024,,,15.1,58.36765256458255,1.0,,
U2944,2024,,,22.2,25.795582178959187,1.0,,
U2945,2024,,,25.9,17.37177087233246,0.0,,
U2946,2024,,,54.0,1.422688131785843,0.0,,
U2947,2024,,,22.0,26.46948708348933,0.0,,
U2948,2024,,,20.1,33.43317109696743,0.0,,
U2949,2024,,,15.0,59.06027704979409,0.0,,
U2950,2024,,,17.8,43.5604642456009,0.0,,
U2951,2024,,,13.6,67.2407338075627,0.0,,
U2952,2024,,,20.1,33.43317109696743,3.0,,
U2953,2024,,,10.2,85.00561587420442,2.0,,
U2954,2024,,,29.6,11.96181205540996,0.0,,
U2955,2024,,,25.9,17.37177087233246,0.0,,
U2956,2024,,,19.1,37.49532010482965,0.0,,
U2957,2024,,,21.1,29.48333957319356,0.0,,
U2958,2024,,,44.2,2.864095844253089,0.0,,
U2959,2024,,,11.9,76.97491576188693,13.0,,
U2960,2024,,,31.6,9.865219019093974,0.0,,
U2961,2024,,,34.7,7.001123174840885,0.0,,
U2962,2024,,,14.4,63.38450018719581,0.0,,
U2963,2024,,,17.1,47.15462373642831,33.0,,
U2964,2024,,,2.8,99.13889928865594,36.0,,
U2965,2024,,,25.8,17.63384500187196,2.0,,
U2966,2024,,,14.8,60.61400224634967,96.0,,
U2967,2024,,,32.7,8.704605016847623,1.0,,
U2968,2024,,,17.7,44.04717334331711,0.0,,
U2969,2024,,,14.9,59.86521901909397,1.0,,
U2970,2024,,,31.3,10.146012729314869,4.0,,
U2971,2024,,,9.2,89.25496068888057,0.0,,
U2972,2024,,,17.4,45.56345937850992,69.0,,
U2973,2024,,,40.7,3.874953201048292,2.0,,
U2974,2024,,,13.0,71.19056533133659,4.0,,
U2975,2024,,,13.6,67.2407338075627,1.0,,
U2976,2024,,,10.2,85.00561587420442,1.0,,
U2977,2024,,,45.0,2.5458629726694104,1.0,,
U2978,2024,,,14.3,63.87120928491201,0.0,,
U2979,2024,,,19.6,35.49232497192063,18.0,,
U2980,2024,,,37.7,5.204043429427186,1.0,,
U2981,2024,,,21.3,28.828154249344816,10.0,,
U2982,2024,,,39.0,4.623736428304004,13.0,,
U2983,2024,,,26.0,17.184575065518537,11.0,,
U2984,2024,,,15.3,57.35679520778735,14.0,,
U2985,2024,,,18.1,42.41856982403595,1.0,,
U2986,2024,,,18.9,38.169225009359785,6.0,,
U2987,2024,,,17.3,46.10632721827032,3.0,,
U2988,2024,,,15.3,57.35679520778735,-0.0,,
U2989,2024,,,19.8,34.66866342193935,17.0,,
U2990,2024,,,7.3,94.92699363534255,41.0,,
U2991,2024,,,27.9,14.114563833770122,56.0,,
U2992,2024,,,13.2,69.89891426432048,0.0,,
U2993,2024,,,16.6,49.81280419318608,1.0,,
U2994,2024,,,18.5,40.24709846499438,0.0,,
U2995,2024,,,27.5,14.732309996256088,0.0,,
U2996,2024,,,13.8,66.39835267690005,0.0,,
U2997,2024,,,40.0,4.024709846499441,0.0,,
U2998,2024,,,19.7,35.09921377761138,14.0,,
U2999,2024,,,39.1,4.473979782852866,0.0,,
U3000,2024,,,24.0,21.35904155746912,4.0,,
U3001,2024,,,7.6,93.99101460127292,0.0,,
U3002,2024,,,13.6,67.2407338075627,1.0,,
U3003,2024,,,28.7,13.084986896293527,2.0,,
U3004,2024,,,26.3,16.622987645076748,0.0,,
U3005,2024,,,16.1,52.639460876076384,3.0,,
U3006,2024,,,18.6,39.666791463871206,2.0,,
U3007,2024,,,2.9,99.06402096593035,0.0,,
U3008,2024,,,24.1,21.04080868588544,3.0,,
U3009,2024,,,26.0,17.184575065518537,5.0,,
U3010,2024,,,7.4,94.51516286035194,0.0,,
U3011,2024,,,14.6,61.92437289404717,10.0,,
U3012,2024,,,13.8,66.39835267690005,4.0,,
U3013,2024,,,12.3,74.69112691875702,6.0,,
U3014,2024,,,15.5,56.34593785099214,0.0,,
U3015,2024,,,20.2,33.11493822538375,0.0,,
U3016,2024,,,15.4,56.77648820666417,3.0,,
U3017,2024,,,17.3,46.10632721827032,13.0,,
U3018,2024,,,8.0,93.14863347061024,67.0,,
U3019,2024,,,9.1,89.62935230250842,0.0,,
U3020,2024,,,13.7,66.7540247098465,2.0,,
U3021,2024,,,18.3,41.276675402470985,0.0,,
U3022,2024,,,23.7,22.107824784724823,0.0,,
U3023,2024,,,14.6,61.92437289404717,5.0,,
U3024,2024,,,16.4,50.86110071134407,1.0,,
U3025,2024,,,34.7,7.001123174840885,3.0,,
U3026,2024,,,16.2,52.09659303631599,8.0,,
U3027,2024,,,24.5,20.029951329090224,0.0,,
U3028,2024,,,9.1,89.62935230250842,5.0,,
U3029,2024,,,40.0,4.024709846499441,1.0,,
U3030,2024,,,23.3,23.11868214152003,1.0,,
U3031,2024,,,23.7,22.107824784724823,1.0,,
U3032,2024,,,9.3,88.84312991388992,1.0,,
U3033,2024,,,12.2,75.2714339198802,0.0,,
U3034,2024,,,41.0,3.7439161362785462,0.0,,
U3035,2024,,,12.1,75.739423436915,31.0,,
U3036,2024,,,9.6,87.81355297641333,1.0,,
U3037,2024,,,0.4,99.92512167727445,1.0,,
U3038,2024,,,25.3,18.66342193934856,4.0,,
U3039,2024,,,11.2,80.49419692998877,1.0,,
U3040,2024,,,20.4,32.02920254586298,2.0,,
U3041,2024,,,18.3,41.276675402470985,5.0,,
U3042,2024,,,8.5,91.65106701609884,4.0,,
U3043,2024,,,21.4,28.491201797079743,2.0,,
U3044,2024,,,15.3,57.35679520778735,0.0,,
U3045,2024,,,12.9,71.86447023586672,0.0,,
U3046,2024,,,21.6,27.94833395731936,0.0,,
U3047,2024,,,18.9,38.169225009359785,1.0,,
U3048,2024,,,13.7,66.7540247098465,2.0,,
U3049,2024,,,15.9,54.26806439535754,12.0,,
U3050,2024,,,20.9,30.10108573567952,11.0,,
U3051,2024,,,23.7,22.107824784724823,9.0,,
U3052,2024,,,12.4,74.11081991763385,1.0,,
U3053,2024,,,10.0,86.0539123923624,4.0,,
U3054,2024,,,19.4,36.70909771621116,0.0,,
U3055,2024,,,5.7,97.22950205915387,41.0,,
U3056,2024,,,14.3,63.87120928491201,0.0,,
U3057,2024,,,20.2,33.11493822538375,17.0,,
U3058,2024,,,17.2,46.63047547734931,14.0,,
U3059,2024,,,18.5,40.24709846499438,22.0,,
U3060,2024,,,2.1,99.25121677274429,28.0,,
U3061,2024,,,19.1,37.49532010482965,0.0,,
U3062,2024,,,6.8,95.80681392736804,40.0,,
U3063,2024,,,20.2,33.11493822538375,91.0,,
U3064,2024,,,1.7,99.38225383751404,57.0,,
U3065,2024,,,12.3,74.69112691875702,0.0,,
U3066,2024,,,15.6,55.80307001123175,1.0,,
U3067,2024,,,31.8,9.528266566828902,0.0,,
U3068,2024,,,19.5,36.09135155372519,0.0,,
U3069,2024,,,38.8,4.736053912392357,0.0,,
U3070,2024,,,12.4,74.11081991763385,0.0,,
U3071,2024,,,12.5,73.66154998128043,0.0,,
U3072,2024,,,9.0,90.00374391613629,30.0,,
U3073,2024,,,30.6,10.819917633845,0.0,,
U3074,2024,,,32.3,8.985398727068517,1.0,,
U3075,2024,,,22.8,24.18569824035942,2.0,,
U3076,2024,,,24.8,19.35604642456009,0.0,,
U3077,2024,,,24.2,20.74129539498315,13.0,,
U3078,2024,,,6.3,96.63047547734932,12.0,,
U3079,2024,,,182.0,0.0748783227255689,0.0,,
U3080,2024,,,25.9,17.37177087233246,0.0,,
U3081,2024,,,16.9,48.221639835267695,2.0,,
U3082,2024,,,8.3,92.30625233994758,14.0,,
U3083,2024,,,17.8,43.5604642456009,16.0,,
U3084,2024,,,23.9,21.677274429052783,0.0,,
U3085,2024,,,20.2,33.11493822538375,27.0,,
U3086,2024,,,40.7,3.874953201048292,0.0,,
U3087,2024,,,10.6,83.05877948333958,0.0,,
U3088,2024,,,19.9,34.18195432422314,0.0,,
U3089,2024,,,17.6,44.5900411830775,5.0,,
U3090,2024,,,8.9,90.49045301385247,0.0,,
U3091,2024,,,11.5,78.99663047547735,0.0,,
U3092,2024,,,31.1,10.23961063272183,0.0,,
U3093,2024,,,20.5,31.54249344814676,20.0,,
U3094,2024,,,33.9,7.806065144140772,0.0,,
U3095,2024,,,33.6,7.899663047547733,0.0,,
U3096,2024,,,16.1,52.639460876076384,14.0,,
U3097,2024,,,17.0,47.69749157618869,1.0,,
U3098,2024,,,10.8,82.01048296518158,9.0,,
U3099,2024,,,6.4,96.42456008985398,9.0,,
U3100,2024,,,20.3,32.590789966304754,6.0,,
U3101,2024,,,8.9,90.49045301385247,14.0,,
U3102,2024,,,15.2,57.88094346686634,0.0,,
U3103,2024,,,24.8,19.35604642456009,0.0,,
U3104,2024,,,44.5,2.714339198801952,1.0,,
U3105,2024,,,28.5,13.290902283788842,8.0,,
U3106,2024,,,49.6,1.7409210033695222,0.0,,
U3107,2024,,,9.8,86.95245226506927,2.0,,
U3108,2024,,,16.8,48.68962935230251,1.0,,
U3109,2024,,,5.0,97.82852864095844,1.0,,
U3110,2024,,,6.3,96.63047547734932,0.0,,
U3111,2024,,,32.1,9.19131411456383,10.0,,
U3112,2024,,,7.9,93.42942718083115,20.0,,
U3113,2024,,,27.8,14.26432047922127,0.0,,
U3114,2024,,,15.9,54.26806439535754,0.0,,
U3115,2024,,,20.9,30.10108573567952,0.0,,
U3116,2024,,,14.1,64.78846873830027,0.0,,
U3117,2024,,,25.8,17.63384500187196,0.0,,
U3118,2024,,,13.2,69.89891426432048,13.0,,
U3119,2024,,,7.3,94.92699363534255,41.0,,
U3120,2024,,,10.1,85.62336203669038,0.0,,
U3121,2024,,,18.6,39.666791463871206,1.0,,
U3122,2024,,,9.8,86.95245226506927,0.0,,
U3123,2024,,,7.3,94.92699363534255,2.0,,
U3124,2024,,,32.4,8.873081242980152,2.0,,
U3125,2024,,,12.5,73.66154998128043,0.0,,
U3126,2024,,,18.2,41.913141145638335,10.0,,
U3127,2024,,,15.1,58.36765256458255,5.0,,
U3128,2024,,,18.8,38.581055784350426,0.0,,
U3129,2024,,,10.2,85.00561587420442,3.0,,
U3130,2024,,,16.1,52.639460876076384,2.0,,
U3131,2024,,,8.7,91.18307749906404,9.0,,
U3132,2024,,,26.4,16.435791838262826,0.0,,
U3133,2024,,,14.6,61.92437289404717,3.0,,
U3134,2024,,,23.4,22.912766754024705,0.0,,
U3135,2024,,,17.7,44.04717334331711,4.0,,
U3136,2024,,,17.3,46.10632721827032,1.0,,
U3137,2024,,,16.0,53.46312242605767,1.0,,
U3138,2024,,,14.6,61.92437289404717,0.0,,
U3139,2024,,,8.1,92.86783976038936,1.0,,
U3140,2024,,,17.6,44.5900411830775,32.0,,
U3141,2024,,,10.4,84.06963684013478,0.0,,
U3142,2024,,,11.5,78.99663047547735,2.0,,
U3143,2024,,,30.9,10.50168476226132,0.0,,
U3144,2024,,,15.6,55.80307001123175,12.0,,
U3145,2024,,,33.2,8.348932983901157,0.0,,
U3146,2024,,,3.2,98.91426432047922,55.0,,
U3147,2024,,,8.3,92.30625233994758,18.0,,
U3148,2024,,,60.0,0.935979034069634,1.0,,
U3149,2024,,,9.5,88.22538375140397,0.0,,
U3150,2024,,,11.9,76.97491576188693,4.0,,
U3151,2024,,,9.8,86.95245226506927,1.0,,
U3152,2024,,,7.2,95.28266566828904,3.0,,
U3153,2024,,,14.1,64.78846873830027,0.0,,
U3154,2024,,,60.6,0.8985398727068494,0.0,,
U3155,2024,,,20.3,32.590789966304754,11.0,,
U3156,2024,,,1.6,99.5132909022838,88.0,,
U3157,2024,,,29.2,12.61699737925871,1.0,,
U3158,2024,,,13.2,69.89891426432048,0.0,,
U3159,2024,,,10.4,84.06963684013478,20.0,,
U3160,2024,,,14.9,59.86521901909397,13.0,,
U3161,2024,,,6.7,96.03144889554474,3.0,,
U3162,2024,,,28.8,12.935230250842377,0.0,,
U3163,2024,,,10.6,83.05877948333958,31.0,,
U3164,2024,,,12.5,73.66154998128043,1.0,,
U3165,2024,,,12.8,72.40733807562711,0.0,,
U3166,2024,,,13.9,65.87420441782103,1.0,,
U3167,2024,,,16.6,49.81280419318608,2.0,,
U3168,2024,,,18.8,38.581055784350426,4.0,,
U3169,2024,,,14.9,59.86521901909397,1.0,,
U3170,2024,,,67.8,0.7113440658929271,2.0,,
U3171,2024,,,77.9,0.4867090977162092,12.0,,
U3172,2024,,,14.5,62.67315612130289,3.0,,
U3173,2024,,,20.5,31.54249344814676,22.0,,
U3174,2024,,,16.4,50.86110071134407,64.0,,
U3175,2024,,,35.0,6.851366529389747,0.0,,
U3176,2024,,,10.2,85.00561587420442,10.0,,
U3177,2024,,,29.1,12.748034444028455,1.0,,
U3178,2024,,,16.4,50.86110071134407,33.0,,
U3179,2024,,,11.4,79.44590041183078,0.0,,
U3180,2024,,,10.1,85.62336203669038,9.0,,
U3181,2024,,,22.4,25.32759266192437,2.0,,
U3182,2024,,,17.8,43.5604642456009,7.0,,
U3183,2024,,,4.4,98.16548109322352,7.0,,
U3184,2024,,,28.1,13.815050542867835,0.0,,
U3185,2024,,,19.3,37.06476974915762,2.0,,
U3186,2024,,,11.9,76.97491576188693,2.0,,
U3187,2024,,,41.3,3.6690378135529778,1.0,,
U3188,2024,,,20.3,32.590789966304754,0.0,,
U3189,2024,,,50.9,1.6098839385997763,0.0,,
U3190,2024,,,7.2,95.28266566828904,5.0,,
U3191,2024,,,18.7,39.04904530138524,13.0,,
U3192,2024,,,32.8,8.61100711344066,0.0,,
U3193,2024,,,8.1,92.86783976038936,0.0,,
U3194,2024,,,10.6,83.05877948333958,0.0,,
U3195,2024,,,9.2,89.25496068888057,1.0,,
U3196,2024,,,21.8,27.293148633470608,30.0,,
U3197,2024,,,12.2,75.2714339198802,0.0,,
U3198,2024,,,18.2,41.913141145638335,0.0,,
U3199,2024,,,22.7,24.50393111194309,1.0,,
U3200,2024,,,9.1,89.62935230250842,1.0,,
U3201,2024,,,34.6,7.13216023961063,34.0,,
U3202,2024,,,25.8,17.63384500187196,47.0,,
U3203,2024,,,15.8,54.867090977162114,20.0,,
U3204,2024,,,24.8,19.35604642456009,3.0,,
U3205,2024,,,20.7,30.756271059528263,13.0,,
U3206,2024,,,16.7,49.2137776113815,33.0,,
U3207,2024,,,333.3,0.0,100.0,,
U3208,2024,,,20.4,32.02920254586298,80.0,,
U3209,2024,,,10.9,81.50505428678397,38.0,,
U3210,2024,,,4.4,98.16548109322352,20.0,,
U3211,2024,,,9.8,86.95245226506927,49.0,,
U3212,2024,,,10.3,84.5001871958068,58.0,,
U3213,2024,,,11.0,81.14938225383752,33.0,,
U3214,2024,,,13.3,69.18757019842757,5.0,,
U3215,2024,,,34.5,7.300636465743171,5.0,,
U3216,2024,,,9.4,88.50617746162486,15.0,,
U3217,2024,,,49.5,1.7970797454136989,1.0,,
U3218,2024,,,19.5,36.09135155372519,0.0,,
U3219,2024,,,12.8,72.40733807562711,10.0,,
U3220,2024,,,11.9,76.97491576188693,14.0,,
U3221,2024,,,21.1,29.48333957319356,0.0,,
U3222,2024,,,20.6,31.093223511793333,1.0,,
U3223,2024,,,11.7,77.94833395731936,1.0,,
U3224,2024,,,9.4,88.50617746162486,11.0,,
U3225,2024,,,16.7,49.2137776113815,0.0,,
U3226,2024,,,14.7,61.25046798951704,0.0,,
U3227,2024,,,9.9,86.42830400599027,2.0,,
U3228,2024,,,21.2,29.14638712092849,4.0,,
U3229,2024,,,18.2,41.913141145638335,1.0,,
U3230,2024,,,19.3,37.06476974915762,1.0,,
U3231,2024,,,22.4,25.32759266192437,1.0,,
U3232,2024,,,25.0,19.0752527143392,2.0,,
U3233,2024,,,41.2,3.706476974915762,0.0,,
U3234,2024,,,21.7,27.648820666417077,7.0,,
U3235,2024,,,13.6,67.2407338075627,61.0,,
U3236,2024,,,28.3,13.552976413328343,0.0,,
U3237,2024,,,22.7,24.50393111194309,0.0,,
U3238,2024,,,10.0,86.0539123923624,5.0,,
U3239,2024,,,6.8,95.80681392736804,2.0,,
U3240,2024,,,14.4,63.38450018719581,8.0,,
U3241,2024,,,21.9,26.900037439161363,3.0,,
U3242,2024,,,21.9,26.900037439161363,0.0,,
U3243,2024,,,37.0,5.672032946462002,0.0,,
U3244,2024,,,26.9,15.481093223511788,0.0,,
U3245,2024,,,3.4,98.78322725570948,0.0,,
U3246,2024,,,12.7,72.85660801198053,2.0,,
U3247,2024,,,14.0,65.27517783601647,2.0,,
U3248,2024,,,30.2,11.119430924747286,8.0,,
U3249,2024,,,20.0,33.78884312991389,5.0,,
U3250,2024,,,18.1,42.41856982403595,0.0,,
U3251,2024,,,21.0,29.85773118682141,1.0,,
U3252,2024,,,26.8,15.57469112691876,0.0,,
U3253,2024,,,17.5,45.05803070011232,0.0,,
U3254,2024,,,8.8,90.88356420816174,21.0,,
U3255,2024,,,17.4,45.56345937850992,34.0,,
U3256,2024,,,34.6,7.13216023961063,4.0,,
U3257,2024,,,13.6,67.2407338075627,4.0,,
U3258,2024,,,19.4,36.70909771621116,0.0,,
U3259,2024,,,19.4,36.70909771621116,0.0,,
U3260,2024,,,34.5,7.300636465743171,0.0,,
U3261,2024,,,8.7,91.18307749906404,1.0,,
U3262,2024,,,56.8,1.1231748408835671,0.0,,
U3263,2024,,,13.0,71.19056533133659,1.0,,
U3264,2024,,,6.8,95.80681392736804,7.0,,
U3265,2024,,,8.7,91.18307749906404,2.0,,
U3266,2024,,,23.5,22.61325346312243,48.0,,
U3267,2024,,,15.8,54.867090977162114,23.0,,
U3268,2024,,,24.8,19.35604642456009,18.0,,
U3269,2024,,,15.1,58.36765256458255,14.0,,
U3270,2024,,,28.1,13.815050542867835,5.0,,
U3271,2024,,,28.3,13.552976413328343,1.0,,
U3272,2024,,,15.4,56.77648820666417,0.0,,
U3273,2024,,,11.6,78.45376263571696,0.0,,
U3274,2024,,,22.9,23.848745788094348,1.0,,
U3275,2024,,,19.9,34.18195432422314,3.0,,
U3276,2024,,,12.7,72.85660801198053,13.0,,
U3277,2024,,,33.4,8.161737177087236,11.0,,
U3278,2024,,,32.0,9.284912017970791,0.0,,
U3279,2024,,,26.1,16.959940097341818,0.0,,
U3280,2024,,,22.7,24.50393111194309,1.0,,
U3281,2024,,,17.1,47.15462373642831,0.0,,
U3282,2024,,,22.7,24.50393111194309,1.0,,
U3283,2024,,,19.4,36.70909771621116,0.0,,
U3284,2024,,,7.4,94.51516286035194,5.0,,
U3285,2024,,,9.8,86.95245226506927,2.0,,
U3286,2024,,,10.1,85.62336203669038,1.0,,
U3287,2024,,,13.4,68.43878697117185,12.0,,
U3288,2024,,,8.9,90.49045301385247,3.0,,
U3289,2024,,,21.0,29.85773118682141,3.0,,
U3290,2024,,,10.8,82.01048296518158,1.0,,
U3291,2024,,,14.8,60.61400224634967,1.0,,
U3292,2024,,,22.2,25.795582178959187,1.0,,
U3293,2024,,,12.6,73.23099962560839,0.0,,
U3294,2024,,,24.1,21.04080868588544,0.0,,
U3295,2024,,,11.5,78.99663047547735,0.0,,
U3296,2024,,,3.0,98.9891426432048,0.0,,
U3297,2024,,,19.4,36.70909771621116,3.0,,
U3298,2024,,,10.3,84.5001871958068,0.0,,
U3299,2024,,,14.7,61.25046798951704,0.0,,
U3300,2024,,,11.6,78.45376263571696,2.0,,
U3301,2024,,,37.2,5.578435043055031,0.0,,
U3302,2024,,,29.7,11.774616248596026,1.0,,
U3303,2024,,,117.8,0.1871958068139223,4.0,,
U3304,2024,,,14.5,62.67315612130289,2.0,,
U3305,2024,,,24.8,19.35604642456009,0.0,,
U3306,2024,,,11.9,76.97491576188693,0.0,,
U3307,2024,,,19.7,35.09921377761138,1.0,,
U3308,2024,,,22.3,25.57094721078248,0.0,,
U3309,2024,,,32.0,9.284912017970791,0.0,,
U3310,2024,,,9.7,87.40172220142269,0.0,,
U3311,2024,,,23.4,22.912766754024705,6.0,,
U3312,2024,,,26.2,16.754024709846504,1.0,,
U3313,2024,,,41.7,3.5754399101460166,0.0,,
U3314,2024,,,17.4,45.56345937850992,0.0,,
U3315,2024,,,31.0,10.33320853612879,12.0,,
U3316,2024,,,15.9,54.26806439535754,0.0,,
U3317,2024,,,2.9,99.06402096593035,0.0,,
U3318,2024,,,13.6,67.2407338075627,0.0,,
U3319,2024,,,13.0,71.19056533133659,0.0,,
U3320,2024,,,19.0,37.776113815050536,0.0,,
U3321,2024,,,36.7,5.896667914638709,0.0,,
U3322,2024,,,16.6,49.81280419318608,10.0,,
U3323,2024,,,27.3,15.013103706476972,4.0,,
U3324,2024,,,20.5,31.54249344814676,6.0,,
U3325,2024,,,9.6,87.81355297641333,34.0,,
U3326,2024,,,19.8,34.66866342193935,2.0,,
U3327,2024,,,9.2,89.25496068888057,2.0,,
U3328,2024,,,39.7,4.155746911269187,1.0,,
U3329,2024,,,9.9,86.42830400599027,0.0,,
U3330,2024,,,13.1,70.46050168476225,0.0,,
U3331,2024,,,8.5,91.65106701609884,10.0,,
U3332,2024,,,23.9,21.677274429052783,0.0,,
U3333,2024,,,12.6,73.23099962560839,3.0,,
U3334,2024,,,12.8,72.40733807562711,24.0,,
U3335,2024,,,47.0,2.13403219767877,0.0,,
U3336,2024,,,18.2,41.913141145638335,17.0,,
U3337,2024,,,16.6,49.81280419318608,8.0,,
U3338,2024,,,19.7,35.09921377761138,0.0,,
U3339,2024,,,10.6,83.05877948333958,0.0,,
U3340,2024,,,22.9,23.848745788094348,11.0,,
U3341,2024,,,8.7,91.18307749906404,8.0,,
U3342,2024,,,14.2,64.30175964058404,10.0,,
U3343,2024,,,20.3,32.590789966304754,4.0,,
U3344,2024,,,21.9,26.900037439161363,0.0,,
U3345,2024,,,18.7,39.04904530138524,1.0,,
U3346,2024,,,13.2,69.89891426432048,2.0,,
U3347,2024,,,20.6,31.093223511793333,0.0,,
U3348,2024,,,29.7,11.774616248596026,0.0,,
U3349,2024,,,22.0,26.46948708348933,1.0,,
U3350,2024,,,16.4,50.86110071134407,1.0,,
U3351,2024,,,19.7,35.09921377761138,0.0,,
U3352,2024,,,13.0,71.19056533133659,35.0,,
U3353,2024,,,15.3,57.35679520778735,0.0,,
U3354,2024,,,15.9,54.26806439535754,3.0,,
U3355,2024,,,9.0,90.00374391613629,44.0,,
U3356,2024,,,18.5,40.24709846499438,1.0,,
U3357,2024,,,9.5,88.22538375140397,0.0,,
U3358,2024,,,16.6,49.81280419318608,0.0,,
U3359,2024,,,19.7,35.09921377761138,0.0,,
U3360,2024,,,5.9,97.07974541370274,32.0,,
U3361,2024,,,23.6,22.36989891426432,32.0,,
U3362,2024,,,16.7,49.2137776113815,0.0,,
U3363,2024,,,20.7,30.756271059528263,0.0,,
U3364,2024,,,12.8,72.40733807562711,85.0,,
U3365,2024,,,10.1,85.62336203669038,6.0,,
U3366,2024,,,21.0,29.85773118682141,3.0,,
U3367,2024,,,31.3,10.146012729314869,32.0,,
U3368,2024,,,26.5,16.15499812804193,1.0,,
U3369,2024,,,38.0,5.035567203294644,0.0,,
U3370,2024,,,17.2,46.63047547734931,14.0,,
U3371,2024,,,20.8,30.381879445900417,0.0,,
U3372,2024,,,27.2,15.16286035192812,8.0,,
U3373,2024,,,25.5,18.232871583676523,19.0,,
U3374,2024,,,7.5,94.21564956944964,9.0,,
U3375,2024,,,6.4,96.42456008985398,49.0,,
U3376,2024,,,11.4,79.44590041183078,1.0,,
U3377,2024,,,16.2,52.09659303631599,2.0,,
U3378,2024,,,15.7,55.29764133283415,10.0,,
U3379,2024,,,11.7,77.94833395731936,2.0,,
U3380,2024,,,18.4,40.69636840134781,13.0,,
U3381,2024,,,26.2,16.754024709846504,0.0,,
U3382,2024,,,17.0,47.69749157618869,35.0,,
U3383,2024,,,18.2,41.913141145638335,0.0,,
U3384,2024,,,16.1,52.639460876076384,1.0,,
U3385,2024,,,28.5,13.290902283788842,0.0,,
U3386,2024,,,9.2,89.25496068888057,0.0,,
U3387,2024,,,,,,,
U3388,2024,,,,,,,
U3389,2024,,,,,,,
U3390,2024,,,,,,,
U3391,2024,,,,,,,
U3392,2024,,,,,,,
U3393,2024,,,,,,,
U3394,2024,,,,,,,
U3395,2024,,,,,,,
U3396,2024,,,,,,,
U3397,2024,,,,,,,
U3398,2024,,,,,,,
U3399,2024,,,,,,,
U3400,2024,,,,,,,
U3401,2024,,,,,,,
U3402,2024,,,,,,,
U3403,2024,,,,,,,
U3404,2024,,,,,,,
U3405,2024,,,,,,,
U3406,2024,,,,,,,
U3407,2024,,,,,,,
U3408,2024,,,,,,,
U3409,2024,,,,,,,
U3410,2024,,,,,,,
U3411,2024,,,,,,,
U3412,2024,,,,,,,
U3413,2024,,,,,,,
U3414,2024,,,,,,,
U3415,2024,,,,,,,
U3416,2024,,,,,,,
U3417,2024,,,,,,,
U3418,2024,,,,,,,
U3419,2024,,,,,,,
U3420,2024,,,,,,,
U3421,2024,,,,,,,
U3422,2024,,,,,,,
U3423,2024,,,,,,,
U3424,2024,,,,,,,
U3425,2024,,,,,,,
U3426,2024,,,,,,,
U3427,2024,,,,,,,
U3428,2024,,,,,,,
U3429,2024,,,,,,,
U3430,2024,,,,,,,
U3431,2024,,,,,,,
U3432,2024,,,,,,,
U3433,2024,,,,,,,
U3434,2024,,,,,,,
U3435,2024,,,,,,,
U3436,2024,,,,,,,
U3437,2024,,,,,,,
U3438,2024,,,,,,,
U3439,2024,,,,,,,
U3440,2024,,,,,,,
U3441,2024,,,,,,,
U3442,2024,,,,,,,
U3443,2024,,,,,,,
U3444,2024,,,,,,,
U3445,2024,,,,,,,
U3446,2024,,,,,,,
U3447,2024,,,,,,,
U3448,2024,,,,,,,
U3449,2024,,,,,,,
U3450,2024,,,,,,,
U3451,2024,,,,,,,
U3452,2024,,,,,,,
U3453,2024,,,,,,,
U3454,2024,,,,,,,
U3455,2024,,,,,,,
U3456,2024,,,,,,,
U3457,2024,,,,,,,
U3458,2024,,,,,,,
U3459,2024,,,,,,,
U3460,2024,,,,,,,
U3461,2024,,,,,,,
U3462,2024,,,,,,,
U3463,2024,,,,,,,
U3464,2024,,,,,,,
U3465,2024,,,,,,,
U3466,2024,,,,,,,
U3467,2024,,,,,,,
U3468,2024,,,,,,,
U3469,2024,,,,,,,
U3470,2024,,,,,,,
U3471,2024,,,,,,,
U3472,2024,,,,,,,
U3473,2024,,,,,,,
U3474,2024,,,,,,,
U3475,2024,,,,,,,
U3476,2024,,,,,,,
U3477,2024,,,,,,,
U3478,2024,,,,,,,
U3479,2024,,,,,,,
U3480,2024,,,,,,,
U3481,2024,,,,,,,
U3482,2024,,,,,,,
U3483,2024,,,,,,,
U3484,2024,,,,,,,
U3485,2024,,,,,,,
U3486,2024,,,,,,,
U3487,2024,,,,,,,
U3488,2024,,,,,,,
U3489,2024,,,,,,,
U3490,2024,,,,,,,
U3491,2024,,,,,,,
U3492,2024,,,,,,,
U3493,2024,,,,,,,
U3494,2024,,,,,,,
U3495,2024,,,,,,,
U3496,2024,,,,,,,
U3497,2024,,,,,,,
U3498,2024,,,,,,,
U3499,2024,,,,,,,
U3500,2024,,,,,,,
U3501,2024,,,,,,,
U3502,2024,,,,,,,
U3503,2024,,,,,,,
U3504,2024,,,,,,,
U3505,2024,,,,,,,
U3506,2024,,,,,,,
U3507,2024,,,,,,,
U3508,2024,,,,,,,
U3509,2024,,,,,,,
U3510,2024,,,,,,,
U3511,2024,,,,,,,
U3512,2024,,,,,,,
U3513,2024,,,,,,,
U3514,2024,,,,,,,
U3515,2024,,,,,,,
U3516,2024,,,,,,,
U3517,2024,,,,,,,
U3518,2024,,,,,,,
U3519,2024,,,,,,,
U3520,2024,,,,,,,
U3521,2024,,,,,,,
U3522,2024,,,,,,,
U3523,2024,,,,,,,
U3524,2024,,,,,,,
U3525,2024,,,,,,,
U3526,2024,,,,,,,
U3527,2024,,,,,,,
U3528,2024,,,,,,,
U3529,2024,,,,,,,
U3530,2024,,,,,,,
