University_Key,University_Name_QS,Country_QS,Country_Code,QS_Rank,QS_Overall_Score,QS_Academic_Reputation,QS_Employer_Reputation,QS_Faculty_Student_Score,QS_Citations_Per_Faculty,QS_International_Faculty,QS_International_Students,University_Name_THE,Country_THE,THE_Rank,THE_Overall_Score,THE_Teaching_Score,THE_Research_Score,THE_Citations_Score,THE_Industry_Income_Score,THE_International_Outlook,Total_Students,Student_Staff_Ratio,International_Students,Female_Male_Ratio,Year
massachusetts institute of technology,Massachusetts Institute of Technology (MIT) ,United States,US,1,100.0,100.0,100.0,100.0,100.0,100.0,88.2,Massachusetts Institute of Technology,United States,3.0,97.9,98.6,96.2,99.7,100.0,93.8,"11,085",8.0,33%,41:59:00,2024
university of cambridge,University of Cambridge,United Kingdom,UK,2,99.2,100.0,100.0,100.0,92.3,100.0,95.8,University of Cambridge,United Kingdom,5.0,97.5,95.8,100.0,98.0,87.9,97.4,"20,565",11.5,38%,48:52:00,2024
university of oxford,University of Oxford,United Kingdom,UK,3,98.9,100.0,100.0,100.0,90.6,98.2,98.2,University of Oxford,United Kingdom,1.0,98.5,96.6,100.0,99.0,98.7,97.5,"21,750",10.9,42%,49:51:00,2024
harvard university,Harvard University,United States,US,4,98.3,100.0,100.0,98.3,100.0,84.6,66.8,Harvard University,United States,4.0,97.8,97.7,99.9,99.4,84.2,90.8,"20,050",9.0,25%,51:49:00,2024
stanford university,Stanford University,United States,US,5,98.1,100.0,100.0,100.0,99.9,99.9,51.2,Stanford University,United States,2.0,98,99.0,97.8,99.6,100.0,87.0,"14,517",6.4,23%,47:53:00,2024
imperial college london,Imperial College London,United Kingdom,UK,6,97.8,98.3,99.4,98.5,94.0,100.0,100.0,Imperial College London,United Kingdom,8.0,95.1,90.9,95.5,98.6,90.9,98.3,"20,275",11.8,61%,42:58:00,2024
national university of singapore,National University of Singapore (NUS),Singapore,SG,8,92.7,99.4,88.6,76.5,93.2,100.0,81.9,National University of Singapore,Singapore,19.0,90,78.8,94.0,95.4,100.0,91.1,"33,334",20.0,24%,49:51:00,2024
ucl,UCL,United Kingdom,UK,9,92.4,99.5,97.9,98.4,74.3,99.1,100.0,UCL,United Kingdom,22.0,88.1,78.4,86.4,98.6,75.2,97.9,"41,110",11.3,61%,59:41:00,2024
university of california berkeley,"University of California, Berkeley (UCB)",United States,US,10,90.4,100.0,100.0,20.5,99.9,92.2,63.9,"University of California, Berkeley",United States,9.0,94.6,87.2,98.8,99.0,99.4,86.8,"39,991",17.9,22%,52:48:00,2024
university of pennsylvania,University of Pennsylvania,United States,US,12,89.4,96.4,89.1,99.9,68.4,96.0,70.3,University of Pennsylvania,United States,16.0,91,87.7,89.7,97.6,97.7,78.8,"21,312",6.2,22%,54:46:00,2024
cornell university,Cornell University,United States,US,13,89.3,98.1,90.5,52.9,99.1,68.7,64.0,Cornell University,United States,20.0,89.5,85.7,88.7,97.6,69.4,86.0,"23,620",10.0,24%,51:49:00,2024
california institute of technology,California Institute of Technology (Caltech),United States,US,15,87.8,96.1,93.7,100.0,100.0,100.0,81.0,California Institute of Technology,United States,7.0,96.5,96.6,98.0,95.9,100.0,90.6,"2,240",6.1,33%,37 : 63,2024
yale university,Yale University,United States,US,16,87.7,99.9,99.9,100.0,45.8,89.8,78.8,Yale University,United States,10.0,94.2,94.0,94.9,97.7,86.5,82.4,"11,924",5.2,21%,51:49:00,2024
peking university,Peking University,China (Mainland),CN,=17,87.0,99.4,95.4,90.4,97.5,50.8,23.5,Peking University,China,14.0,91.8,95.6,97.3,87.2,98.8,70.2,"33,064",10.9,14%,,2024
princeton university,Princeton University,United States,US,=17,87.0,99.8,97.5,64.5,100.0,16.7,57.5,Princeton University,United States,6.0,96.9,96.3,97.9,98.8,95.1,89.1,"7,753",7.3,23%,47:53:00,2024
the university of sydney,The University of Sydney,Australia,AU,=19,86.7,96.0,87.7,11.8,93.5,99.5,100.0,The University of Sydney,Australia,60.0,73.8,52.6,68.9,92.0,97.7,90.2,"57,414",23.1,51%,58:42:00,2024
university of toronto,University of Toronto,Canada,CA,21,86.3,99.7,96.0,54.2,57.2,95.7,96.4,University of Toronto,Canada,21.0,88.6,77.5,94.1,92.8,96.1,90.7,"79,282",25.8,27%,56:44:00,2024
columbia university,Columbia University,United States,US,23,85.9,99.6,98.3,100.0,40.7,56.1,96.8,Columbia University,United States,17.0,90.9,88.6,89.7,97.4,75.2,86.9,"25,914",5.2,35%,,2024
tsinghua university,Tsinghua University,China (Mainland),CN,25,84.9,99.1,96.9,93.9,98.9,9.4,15.7,Tsinghua University,China,12.0,92.4,95.3,98.1,93.2,99.9,51.7,"38,518",11.2,10%,,2024
nanyang technological university singapore,"Nanyang Technological University, Singapore (NTU)",Singapore,SG,=26,84.5,91.0,67.1,77.6,94.4,100.0,80.2,"Nanyang Technological University, Singapore",Singapore,32.0,82.3,66.2,80.9,94.5,99.7,93.3,"25,895",16.7,27%,49:51:00,2024
johns hopkins university,Johns Hopkins University,United States,US,28,84.5,87.3,59.7,100.0,89.4,64.4,91.4,Johns Hopkins University,United States,15.0,91.1,84.4,92.3,97.2,100.0,84.2,"15,772",4.1,28%,56:44:00,2024
the university of tokyo,The University of Tokyo,Japan,JP,28,84.3,100.0,99.8,90.4,70.0,10.3,29.2,The University of Tokyo,Japan,29.0,83.1,93.9,94.2,67.8,100.0,49.7,"26,345",10.3,15%,,2024
university of california los angeles,"University of California, Los Angeles (UCLA)",United States,US,29,83.8,100.0,99.8,36.6,84.8,43.4,24.8,"University of California, Los Angeles",United States,18.0,90.1,85.7,91.9,96.4,92.3,74.3,"42,634",9.6,15%,56:44:00,2024
mcgill university,McGill University,Canada,CA,30,83.7,93.7,87.6,64.0,62.1,88.9,93.3,McGill University,Canada,49.0,76,62.3,72.3,88.8,76.1,92.5,"30,821",11.9,29%,61:39:00,2024
university of michigan ann arbor,University of Michigan-Ann Arbor,United States,US,33,81.7,98.3,89.9,82.2,56.2,67.0,27.6,University of Michigan-Ann Arbor,United States,23.0,87.4,84.7,87.4,95.5,80.7,69.0,"45,783",8.1,16%,51:49:00,2024
university of british columbia,University of British Columbia,Canada,CA,=34,81.5,98.2,93.5,44.4,57.0,96.4,74.1,University of British Columbia,Canada,41.0,78,62.5,76.6,90.5,76.7,95.0,"58,987",19.4,34%,55:45:00,2024
technical university of munich,Technical University of Munich,Germany,DE,37,80.0,83.9,98.2,88.8,59.6,76.5,97.3,Technical University of Munich,Germany,30.0,82.5,69.8,85.1,90.0,100.0,83.1,"35,506",44.4,39%,37 : 63,2024
institut polytechnique de paris,Institut Polytechnique de Paris,France,FR,=38,79.5,44.8,99.6,97.3,93.8,98.5,98.3,Institut Polytechnique de Paris,France,71.0,71.3,71.0,61.6,70.8,98.8,97.1,"6,073",6.8,42%,25 : 75,2024
new york university,New York University (NYU),United States,US,=38,79.5,95.9,98.5,95.5,26.7,26.4,95.0,New York University,United States,27.0,83.5,73.2,84.0,94.9,75.4,80.7,"48,461",11.8,42%,58:42:00,2024
king s college london,King's College London,United Kingdom,UK,40,79.3,89.5,82.3,64.6,61.1,98.8,100.0,King’s College London,United Kingdom,38.0,79,59.8,75.1,97.7,74.2,97.5,"32,835",13.9,53%,63:37:00,2024
seoul national university,Seoul National University,South Korea,KR,41,78.5,99.0,98.2,85.1,64.9,11.5,14.5,Seoul National University,South Korea,62.0,73.4,74.2,75.3,74.6,100.0,43.7,"28,620",16.1,13%,,2024
monash university,Monash University,Australia,AU,42,78.2,88.4,75.2,9.6,88.4,100.0,100.0,Monash University,Australia,54.0,75.2,55.3,67.8,94.7,99.7,91.1,"58,460",43.1,38%,56:44:00,2024
the university of queensland,The University of Queensland,Australia,AU,43,78.1,87.1,73.7,21.6,87.0,100.0,100.0,The University of Queensland,Australia,70.0,72,52.9,64.3,89.1,99.8,94.0,"42,847",39.1,42%,55:45:00,2024
zhejiang university,Zhejiang University,China (Mainland),CN,=44,77.8,73.8,95.7,66.5,97.6,97.7,26.5,Zhejiang University,China,55.0,75,70.2,75.3,78.7,99.0,65.5,"48,169",12.0,16%,,2024
kyoto university,Kyoto University,Japan,JP,46,76.3,98.7,99.1,94.7,49.3,14.9,20.8,Kyoto University,Japan,55.0,75,85.4,84.3,60.0,100.0,45.7,"21,817",9.0,11%,25 : 75,2024
delft university of technology,Delft University of Technology,Netherlands,NL,=47,76.2,73.0,79.0,36.9,84.9,100.0,89.3,Delft University of Technology,Netherlands,48.0,76.3,66.7,78.2,76.5,100.0,92.8,"21,262",15.9,30%,31 : 69,2024
northwestern university,Northwestern University,United States,US,=47,76.2,83.8,60.2,98.9,70.3,48.2,44.2,Northwestern University,United States,28.0,83.2,72.3,78.8,97.8,99.7,75.9,"18,894",13.1,18%,52:48:00,2024
fudan university,Fudan University,China (Mainland),CN,50,74.4,84.7,89.8,84.5,72.4,88.3,33.0,Fudan University,China,44.0,77.5,76.5,75.3,83.5,96.0,56.1,"38,101",12.6,9%,52:48:00,2024
shanghai jiao tong university,Shanghai Jiao Tong University,China (Mainland),CN,51,74.3,83.7,83.3,54.7,99.4,39.2,35.5,Shanghai Jiao Tong University,China,43.0,77.7,76.6,82.5,75.4,100.0,60.6,"38,472",12.6,9%,37 : 63,2024
carnegie mellon university,Carnegie Mellon University,United States,US,52,73.7,71.2,75.3,49.1,99.9,46.6,98.2,Carnegie Mellon University,United States,24.0,86.3,75.0,84.6,98.9,87.3,85.5,"13,562",11.9,44%,44:56:00,2024
university of amsterdam,University of Amsterdam,Netherlands,NL,53,73.4,83.6,44.2,21.2,98.1,92.4,79.9,University of Amsterdam,Netherlands,61.0,73.6,55.0,63.1,96.7,77.6,93.2,"28,649",13.2,36%,60:40:00,2024
university of bristol,University of Bristol,United Kingdom,UK,55,72.4,74.9,84.7,47.3,64.7,85.5,86.8,University of Bristol,United Kingdom,81.0,69.8,48.7,56.5,97.3,72.3,92.5,"27,335",14.8,31%,55:45:00,2024
duke university,Duke University,United States,US,57,72.0,85.7,69.3,100.0,40.2,16.8,52.2,Duke University,United States,26.0,83.9,79.3,76.1,96.2,100.0,74.8,"15,527",3.9,18%,52:48:00,2024
university of texas at austin,University of Texas at Austin,United States,US,58,71.8,93.5,83.2,8.9,86.7,9.3,11.0,University of Texas at Austin,United States,52.0,75.5,66.0,75.7,91.0,81.4,47.3,"48,558",16.4,8%,55:45:00,2024
sorbonne university,Sorbonne University,France,FR,59,71.7,88.6,53.2,43.3,85.4,35.2,49.8,Sorbonne University,France,75.0,70.5,64.7,60.8,83.7,69.5,78.8,"41,527",14.5,22%,60:40:00,2024
the hong kong university of science and technology,The Hong Kong University of Science and Technology,Hong Kong SAR,HK,60,71.1,83.3,42.6,53.6,99.1,100.0,91.4,The Hong Kong University of Science and Technology,Hong Kong,64.0,73,54.0,62.1,92.9,100.0,95.5,"9,794",19.9,30%,,2024
ku leuven,KU Leuven,Belgium,BE,61,70.1,84.6,42.4,7.0,92.7,93.1,45.7,KU Leuven,Belgium,45.0,77,60.1,74.9,91.9,100.0,79.6,"49,435",37.3,19%,52:48:00,2024
university of california san diego,"University of California, San Diego (UCSD)",United States,US,62,70.0,89.1,50.4,49.6,74.3,68.1,51.3,"University of California, San Diego",United States,34.0,81,66.0,78.4,97.6,100.0,74.3,"40,596",12.0,19%,45:55:00,2024
university of washington,University of Washington,United States,US,63,69.2,84.0,50.4,19.1,93.5,19.0,33.2,University of Washington,United States,25.0,85.3,78.0,83.5,98.2,77.6,73.2,"49,486",10.1,16%,56:44:00,2024
university of illinois at urbana champaign,University of Illinois at Urbana-Champaign,United States,US,64,69.1,85.0,70.8,7.5,86.5,11.1,49.2,University of Illinois at Urbana-Champaign,United States,42.0,77.9,69.5,81.5,85.2,85.3,64.0,"50,250",19.6,23%,51:49:00,2024
national taiwan university,National Taiwan University (NTU),Taiwan,TW,69,67.9,92.8,91.3,30.9,47.0,17.7,20.0,National Taiwan University (NTU),Taiwan,152.0,61.9,57.3,54.8,70.8,99.9,51.2,"24,744",11.1,13%,41:59:00,2024
city university of hong kong,City University of Hong Kong,Hong Kong SAR,HK,70,67.7,59.6,27.3,86.6,99.9,100.0,100.0,City University of Hong Kong,Hong Kong,82.0,69.3,52.2,52.4,91.1,100.0,98.7,"9,076",13.2,67%,54:46:00,2024
universit paris saclay,Université Paris-Saclay,France,FR,71,67.6,58.9,99.1,99.8,45.8,39.1,60.8,Université Paris-Saclay,France,58.0,74.4,70.9,66.1,82.4,92.4,78.6,"31,662",13.0,24%,50:50:00,2024
the university of western australia,The University of Western Australia,Australia,AU,72,66.9,56.2,44.6,16.5,98.9,100.0,99.8,The University of Western Australia,Australia,143.0,62.7,37.7,48.6,88.7,97.2,93.5,"19,382",22.4,26%,50:50:00,2024
brown university,Brown University,United States,US,=73,66.4,58.3,42.4,77.8,85.9,84.5,52.0,Brown University,United States,64.0,73,69.8,59.6,89.7,69.3,72.1,"9,781",10.3,19%,,2024
kth royal institute of technology,KTH Royal Institute of Technology ,Sweden,SE,=73,66.4,45.7,51.1,66.2,90.2,93.2,68.1,KTH Royal Institute of Technology,Sweden,97.0,66.9,53.5,57.8,81.0,97.7,82.5,"13,269",15.9,26%,34 : 66,2024
university of leeds,University of Leeds,United Kingdom,UK,75,65.5,70.3,76.7,37.3,42.3,85.2,90.0,University of Leeds,United Kingdom,129.0,63.9,46.1,49.1,87.3,68.8,94.6,"33,450",14.4,32%,59:41:00,2024
university of glasgow,University of Glasgow,United Kingdom,UK,=76,65.2,76.3,70.7,41.7,31.8,96.0,99.5,University of Glasgow,United Kingdom,87.0,68.2,48.1,51.8,96.8,69.7,96.1,"32,270",14.4,43%,59:41:00,2024
yonsei university,Yonsei University,South Korea,KR,=76,65.2,80.0,96.3,87.4,36.2,19.6,49.7,Yonsei University (Seoul campus),South Korea,76.0,70.4,68.1,64.3,79.3,99.9,51.8,"18,961",13.9,17%,49:51:00,2024
durham university,Durham University,United Kingdom,UK,78,65.1,59.5,89.3,27.8,53.3,97.5,86.9,Durham University,United Kingdom,174.0,60.6,43.5,44.5,83.5,65.6,95.8,"19,575",14.0,32%,54:46:00,2024
korea university,Korea University,South Korea,KR,79,64.7,82.2,94.0,81.0,36.6,13.6,36.3,Korea University,South Korea,201.0,55.9–58.6,48.6,46.6,72.0,99.7,62.5,"22,324",16.3,31%,,2024
osaka university,Osaka University,Japan,JP,80,63.9,81.3,89.1,55.3,62.7,28.6,13.2,Osaka University,Japan,175.0,60.4,62.5,65.7,50.5,100.0,51.0,"22,274",10.4,10%,32 : 68,2024
university of southampton,University of Southampton,United Kingdom,UK,=81,63.5,51.5,51.2,52.8,71.4,96.1,97.4,University of Southampton,United Kingdom,97.0,66.9,48.9,50.1,92.7,73.1,96.5,"19,920",13.0,35%,51:49:00,2024
university of birmingham,University of Birmingham,United Kingdom,UK,84,63.0,67.5,75.7,41.3,38.2,92.3,83.9,University of Birmingham,United Kingdom,101.0,66.6,46.1,49.3,95.5,72.1,95.1,"32,625",15.2,32%,58:42:00,2024
lund university,Lund University,Sweden,SE,=85,62.8,69.3,47.5,50.2,37.7,98.8,77.4,Lund University,Sweden,106.0,66.1,46.7,56.6,86.6,99.8,79.8,"30,349",12.0,18%,56:44:00,2024
lomonosov moscow state university,Lomonosov Moscow State University,Russia,RU,=87,62.2,81.2,78.3,99.8,4.6,20.3,92.3,Lomonosov Moscow State University,Russian Federation,95.0,67,87.5,75.2,33.9,91.1,73.8,"32,680",9.6,37%,50:50:00,2024
university of technology sydney,University of Technology Sydney,Australia,AU,90,61.8,43.4,57.8,9.0,95.3,96.6,93.6,University of Technology Sydney,Australia,148.0,62.3,36.2,43.3,95.9,78.9,94.3,"28,223",37.4,25%,50:50:00,2024
tokyo institute of technology,Tokyo Institute of Technology (Tokyo Tech),Japan,JP,=91,61.6,74.4,94.8,84.4,53.0,31.8,31.7,Tokyo Institute of Technology,Japan,191.0,59.2,59.5,63.3,49.4,100.0,60.1,"9,928",9.6,17%,0.725,2024
university of zurich,University of Zurich,Switzerland,CH,=91,61.6,59.1,27.6,89.9,52.0,100.0,53.0,University of Zurich,Switzerland,80.0,69.9,54.8,53.4,91.8,93.7,92.4,"25,608",14.7,24%,58:42:00,2024
boston university,Boston University,United States,US,=93,61.4,61.7,68.3,32.7,60.1,21.6,87.5,Boston University,United States,78.0,70.1,59.6,54.1,94.3,76.4,74.1,"26,677",10.8,29%,58:42:00,2024
university of st andrews,University of St Andrews,United Kingdom,UK,=95,61.0,47.3,67.2,64.9,57.7,98.7,100.0,University of St Andrews,United Kingdom,193.0,59,46.0,42.6,77.7,63.6,95.8,"10,325",12.4,46%,58:42:00,2024
georgia institute of technology,Georgia Institute of Technology,United States,US,97,60.9,67.4,85.1,15.3,67.1,38.8,65.4,Georgia Institute of Technology,United States,36.0,80,63.4,78.9,94.1,94.6,84.8,"32,079",28.0,29%,34 : 66,2024
pohang university of science and technology,Pohang University of Science And Technology (POSTECH),South Korea,KR,=100,60.4,51.6,75.9,99.9,98.3,33.8,2.6,Pohang University of Science and Technology (POSTECH),South Korea,149.0,62.2,58.1,51.5,77.2,100.0,40.0,"3,300",10.5,5%,,2024
university of nottingham,University of Nottingham,United Kingdom,UK,=100,60.4,60.7,72.1,32.2,46.5,90.0,75.2,University of Nottingham,United Kingdom,130.0,63.8,45.6,45.9,90.6,71.2,92.8,"33,520",16.0,27%,54:46:00,2024
university of wisconsin madison,University of Wisconsin-Madison,United States,US,102,60.0,80.2,47.8,61.3,37.4,30.9,22.8,University of Wisconsin-Madison,United States,63.0,73.3,68.5,67.5,85.5,79.8,62.8,"41,209",9.9,13%,,2024
pontificia universidad cat lica de chile,Pontificia Universidad Católica de Chile (UC),Chile,CL,103,59.9,92.9,99.5,20.6,11.6,16.4,3.5,Pontificia Universidad Católica de Chile,Chile,401.0,45.4–49.0,29.7,34.3,67.6,84.7,57.9,"30,448",15.0,3%,,2024
uppsala university,Uppsala University,Sweden,SE,105,59.4,62.7,30.5,47.7,45.6,98.3,82.4,Uppsala University,Sweden,140.0,62.8,43.9,55.0,81.3,97.7,74.7,"24,749",13.3,17%,60:40:00,2024
rwth aachen university,RWTH Aachen University,Germany,DE,106,59.3,49.7,93.0,5.5,78.7,49.0,83.0,RWTH Aachen University,Germany,90.0,68,54.9,64.8,78.9,100.0,71.2,"34,914",43.3,29%,34 : 66,2024
university of copenhagen,University of Copenhagen,Denmark,DK,=107,58.8,74.1,25.8,100.0,21.2,91.4,22.5,University of Copenhagen,Denmark,103.0,66.3,49.2,51.1,91.3,89.5,80.1,"31,728",4.3,14%,62:38:00,2024
aalto university,Aalto University,Finland,FI,109,58.7,44.6,41.8,40.2,79.4,95.5,37.7,Aalto University,Finland,201.0,55.9–58.6,42.0,43.1,79.7,87.2,81.8,"14,427",20.4,23%,39 : 61,2024
newcastle university,Newcastle University,United Kingdom,UK,110,58.6,48.0,74.5,35.6,50.2,90.0,70.9,Newcastle University,United Kingdom,168.0,60.8,37.2,41.1,93.8,72.1,91.3,"25,650",14.8,26%,53:47:00,2024
university of alberta,University of Alberta,Canada,CA,111,58.3,56.8,36.5,42.8,59.1,97.9,73.2,University of Alberta,Canada,109.0,65.9,50.1,55.5,80.9,99.9,90.7,"33,730",22.8,27%,,2024
university of waterloo,University of Waterloo,Canada,CA,112,58.1,40.7,66.7,6.8,82.9,76.8,77.9,University of Waterloo,Canada,158.0,61.7,42.2,49.3,83.7,78.3,89.3,"36,904",24.2,23%,47:53:00,2024
tohoku university,Tohoku University,Japan,JP,113,58.0,72.4,84.2,98.5,29.6,14.2,13.8,Tohoku University,Japan,130.0,63.8,67.8,66.4,53.8,99.9,58.5,"17,409",11.8,12%,28 : 72,2024
western university,Western University,Canada,CA,114,57.4,32.1,47.4,3.7,98.3,99.7,54.6,Western University,Canada,201.0,55.9–58.6,40.2,42.9,75.2,99.6,87.5,"30,176",33.0,24%,56:44:00,2024
university of helsinki,University of Helsinki,Finland,FI,115,57.2,65.1,32.3,63.4,49.8,71.5,5.4,University of Helsinki,Finland,121.0,65.1,48.1,57.6,90.6,69.2,56.7,"22,887",15.9,5%,67:33:00,2024
university of southern california,University of Southern California,United States,US,116,57.1,52.5,47.6,21.7,68.0,31.8,73.5,University of Southern California,United States,74.0,70.8,59.2,58.8,92.5,74.4,74.3,"44,083",14.2,24%,49:51:00,2024
university of oslo,University of Oslo,Norway,NO,117,56.9,55.8,11.2,81.7,64.2,86.1,25.4,University of Oslo,Norway,127.0,64.3,45.6,50.6,92.1,72.3,75.6,"20,967",12.5,15%,66:34:00,2024
stockholm university,Stockholm University,Sweden,SE,118,56.8,54.1,15.2,28.2,71.9,81.5,84.1,Stockholm University,Sweden,185.0,59.6,32.1,49.6,91.0,59.2,81.2,"29,774",20.3,13%,,2024
technical university of denmark,Technical University of Denmark,Denmark,DK,121,56.2,32.5,16.3,99.8,83.4,100.0,82.0,Technical University of Denmark,Denmark,126.0,64.6,50.7,47.4,83.2,99.7,92.2,"10,410",7.7,28%,32 : 68,2024
lancaster university,Lancaster University,United Kingdom,UK,122,55.7,39.7,40.2,25.2,79.3,93.6,90.6,Lancaster University,United Kingdom,155.0,61.8,40.2,40.7,93.9,66.6,96.8,"15,385",13.9,38%,51:49:00,2024
politecnico di milano,Politecnico di Milano,Italy,IT,123,55.2,69.3,71.2,5.2,48.3,63.8,56.6,Politecnico di Milano,Italy,201.0,55.9–58.6,42.9,49.7,71.9,95.3,65.3,"38,978",25.7,19%,35 : 65,2024
eindhoven university of technology,Eindhoven University of Technology,Netherlands,NL,=124,55.0,29.3,76.2,40.4,89.7,100.0,70.8,Eindhoven University of Technology,Netherlands,168.0,60.8,47.4,51.5,71.3,100.0,87.3,"10,611",21.4,27%,,2024
university of basel,University of Basel,Switzerland,CH,=124,55.0,27.8,17.8,57.4,96.5,100.0,85.0,University of Basel,Switzerland,123.0,64.9,50.8,42.9,87.7,99.4,95.4,"8,536",10.4,31%,56:44:00,2024
leiden university,Leiden University,Netherlands,NL,=126,54.8,69.1,26.8,20.2,62.7,85.5,50.2,Leiden University,Netherlands,77.0,70.2,46.0,62.7,93.0,98.1,87.8,"35,072",19.3,21%,60:40:00,2024
university of bern,University of Bern,Switzerland,CH,=126,54.8,30.5,24.4,54.6,99.2,100.0,36.9,University of Bern,Switzerland,116.0,65.4,45.1,47.0,93.3,99.2,87.0,"12,399",18.2,16%,59:41:00,2024
university of geneva,University of Geneva,Switzerland,CH,128,54.2,45.1,14.1,42.0,75.4,100.0,96.3,University of Geneva,Switzerland,183.0,59.8,41.8,38.0,86.7,80.7,97.1,"18,865",8.4,40%,62:38:00,2024
chalmers university of technology,Chalmers University of Technology,Sweden,SE,129,54.0,26.6,51.5,51.1,80.9,100.0,67.4,Chalmers University of Technology,Sweden,189.0,59.4,42.7,46.6,79.4,97.1,74.1,"10,103",15.4,17%,32 : 68,2024
macquarie university,Macquarie University,Australia,AU,=130,53.7,31.6,41.0,10.3,81.3,98.6,93.6,Macquarie University,Australia,180.0,60.1,36.7,44.2,87.4,90.9,88.6,"30,371",51.7,22%,,2024
university of vienna,University of Vienna,Austria,AT,=130,53.7,70.8,42.5,22.0,14.5,99.3,88.1,University of Vienna,Austria,119.0,65.2,48.7,60.3,77.4,75.9,94.9,"31,318",37.4,31%,66:34:00,2024
university of california davis,"University of California, Davis",United States,US,=132,53.2,63.9,44.7,30.4,40.7,70.3,49.3,"University of California, Davis",United States,59.0,74.1,63.7,67.8,87.2,91.5,78.7,"37,926",13.3,18%,60:40:00,2024
sapienza university of rome,Sapienza University of Rome,Italy,IT,=134,52.9,79.2,41.0,4.6,44.9,3.0,10.8,Sapienza University of Rome,Italy,181.0,60,53.5,48.1,77.9,85.4,46.5,"60,522",22.2,9%,61:39:00,2024
texas a m university,Texas A&M University,United States,US,=134,52.9,62.0,59.6,4.5,68.4,23.1,13.3,Texas A&M University,United States,118.0,65.3,55.2,62.1,77.3,76.4,64.1,"64,427",20.5,6%,47:53:00,2024
michigan state university,Michigan State University,United States,US,136,52.7,59.9,49.4,11.3,58.0,58.6,12.8,Michigan State University,United States,116.0,65.4,54.8,52.3,86.2,70.0,71.4,"44,514",16.1,11%,52:48:00,2024
universiti sains malaysia,Universiti Sains Malaysia (USM),Malaysia,MY,=137,52.6,61.4,74.7,55.2,16.2,24.9,88.9,Universiti Sains Malaysia,Malaysia,401.0,45.4–49.0,42.9,27.8,60.0,53.7,71.9,"24,850",12.1,28%,63:37:00,2024
university of science and technology of china,University of Science and Technology of China,China (Mainland),CN,=137,52.6,52.5,17.5,91.2,98.5,16.8,5.2,University of Science and Technology of China,China,57.0,74.8,74.3,66.3,88.2,95.6,45.4,"20,252",8.1,5%,,2024
university of groningen,University of Groningen,Netherlands,NL,139,52.5,52.9,29.9,51.4,42.9,93.5,85.6,University of Groningen,Netherlands,79.0,70,47.5,57.2,94.5,99.9,93.4,"31,942",28.8,29%,53:47:00,2024
rmit university,RMIT University,Australia,AU,140,52.4,38.6,49.6,5.4,68.6,100.0,92.8,RMIT University,Australia,251.0,53.1–55.8,35.5,36.2,83.2,73.2,92.8,"32,574",24.0,34%,48:52:00,2024
nanjing university,Nanjing University,China (Mainland),CN,=141,52.1,59.6,25.4,31.3,96.9,55.1,7.3,Nanjing University,China,73.0,70.9,64.0,61.7,85.3,96.8,61.8,"36,711",16.7,8%,54:46:00,2024
aarhus university,Aarhus University,Denmark,DK,=143,52.0,55.8,24.7,32.5,54.1,90.3,13.1,Aarhus University,Denmark,109.0,65.9,44.9,59.0,86.3,98.7,76.3,"26,996",13.5,9%,56:44:00,2024
king abdulaziz university,King Abdulaziz University (KAU),Saudi Arabia,SA,=143,52.0,54.5,61.6,52.5,37.5,97.5,23.1,King Abdulaziz University,Saudi Arabia,251.0,53.1–55.8,37.8,28.6,90.7,46.1,75.4,"60,540",13.9,3%,50:50:00,2024
queen mary university of london,Queen Mary University of London,United Kingdom,UK,=145,51.9,48.8,32.8,38.7,50.7,99.7,99.4,Queen Mary University of London,United Kingdom,135.0,63.1,37.6,42.6,97.9,73.9,98.1,"22,205",14.6,45%,54:46:00,2024
rice university,Rice University,United States,US,=145,51.9,38.7,22.9,65.9,82.5,91.0,94.8,Rice University,United States,119.0,65.2,56.4,45.6,86.5,73.9,85.8,"7,318",9.8,26%,42:58:00,2024
sungkyunkwan university,Sungkyunkwan University(SKKU),South Korea,KR,=145,51.9,64.2,71.6,81.8,37.9,17.8,34.0,Sungkyunkwan University (SKKU),South Korea,145.0,62.5,55.5,54.2,72.9,98.8,61.3,"23,402",19.4,19%,,2024
university of bath,University of Bath,United Kingdom,UK,148,51.8,35.6,74.3,16.1,61.9,96.3,81.6,University of Bath,United Kingdom,251.0,53.1–55.8,34.7,35.1,80.5,65.3,95.0,"15,280",15.8,31%,45:55:00,2024
wageningen university research,Wageningen University & Research,Netherlands,NL,=151,51.3,43.3,19.0,97.9,46.0,55.0,78.5,Wageningen University & Research,Netherlands,64.0,73,56.4,59.8,93.8,98.8,92.4,"15,899",18.1,28%,54:46:00,2024
cardiff university,Cardiff University,United Kingdom,UK,=154,50.5,46.5,48.3,33.7,39.6,84.0,70.6,Cardiff University,United Kingdom,190.0,59.3,35.5,39.6,91.9,70.4,92.5,"28,815",15.0,27%,58:42:00,2024
washington university in st louis,Washington University in St. Louis,United States,US,=154,50.5,38.6,10.4,99.8,50.7,84.3,68.0,Washington University in St Louis,United States,68.0,72.3,60.8,57.2,97.5,77.8,72.7,"13,825",7.3,22%,52:48:00,2024
universiti putra malaysia,Universiti Putra Malaysia (UPM),Malaysia,MY,158,50.4,58.8,67.5,67.6,22.7,44.3,97.3,Universiti Putra Malaysia,Malaysia,501.0,41.9–45.3,36.0,30.5,51.2,64.9,80.7,"19,001",11.3,27%,65:35:00,2024
ghent university,Ghent University,Belgium,BE,=159,50.2,53.4,25.2,78.9,25.1,79.6,21.2,Ghent University,Belgium,115.0,65.6,47.2,59.3,85.3,99.7,65.7,"41,487",37.6,12%,57:43:00,2024
universiti kebangsaan malaysia,Universiti Kebangsaan Malaysia (UKM),Malaysia,MY,=159,50.2,59.7,70.1,87.5,11.7,52.7,61.1,Universiti Kebangsaan Malaysia,Malaysia,401.0,45.4–49.0,45.7,27.8,58.7,47.4,74.9,"16,764",10.1,18%,57:43:00,2024
university of wollongong,University of Wollongong,Australia,AU,162,50.1,29.7,25.1,16.3,93.8,95.6,56.0,University of Wollongong,Australia,201.0,55.9–58.6,36.8,39.3,84.0,91.4,91.7,"16,328",26.1,22%,55:45:00,2024
university of california santa barbara,"University of California, Santa Barbara (UCSB)",United States,US,163,50.0,54.8,19.0,9.5,96.9,70.4,21.6,"University of California, Santa Barbara",United States,69.0,72.1,47.4,64.7,96.9,99.4,84.0,"25,540",27.5,18%,54:46:00,2024
hanyang university,Hanyang University,South Korea,KR,=164,49.7,49.0,81.3,83.5,23.3,16.9,54.3,Hanyang University,South Korea,301.0,51.1–53.0,45.4,40.4,62.0,99.4,66.5,"19,344",13.2,21%,,2024
kyushu university,Kyushu University,Japan,JP,=164,49.7,57.4,70.0,85.7,23.9,14.7,25.6,Kyushu University,Japan,301.0,51.1–53.0,55.0,47.5,51.2,98.4,48.8,"18,220",7.7,13%,28 : 72,2024
university of york,University of York,United Kingdom,UK,167,49.4,43.5,35.3,45.0,40.3,88.3,78.2,University of York,United Kingdom,147.0,62.4,42.4,44.8,90.8,66.9,93.1,"19,505",16.1,31%,56:44:00,2024
university of florida,University of Florida,United States,US,168,49.1,48.0,58.7,71.3,26.6,18.8,10.8,University of Florida,United States,132.0,63.7,55.5,56.7,78.3,88.9,50.9,"48,114",16.7,9%,56:44:00,2024
university of maryland college park,"University of Maryland, College Park",United States,US,=169,48.9,49.2,26.1,35.1,68.4,31.6,14.0,"University of Maryland, College Park",United States,114.0,65.7,49.4,58.1,92.8,70.2,48.6,"33,988",17.0,9%,49:51:00,2024
university of reading,University of Reading,United Kingdom,UK,=169,48.9,33.2,39.3,16.1,67.4,88.4,81.0,University of Reading,United Kingdom,201.0,55.9–58.6,37.5,40.6,84.1,70.8,95.5,"15,945",16.6,31%,55:45:00,2024
complutense university of madrid,Complutense University of Madrid,Spain,ES,=171,48.8,68.2,69.3,25.8,7.0,9.0,25.6,Complutense University of Madrid,Spain,501.0,41.9–45.3,40.3,29.4,58.8,52.1,46.7,"59,814",11.8,10%,62:38:00,2024
university college dublin,University College Dublin,Ireland,IE,=171,48.8,49.8,41.3,20.7,38.9,98.8,60.8,University College Dublin,Ireland,201.0,55.9–58.6,34.3,41.3,84.0,75.1,88.1,"23,405",20.7,25%,,2024
qatar university,Qatar University,Qatar,QA,=173,48.7,27.1,43.9,64.8,38.8,100.0,96.8,Qatar University,Qatar,251.0,53.1–55.8,31.3,35.6,83.4,61.8,96.0,"10,081",8.4,36%,77:23:00,2024
university of cape town,University of Cape Town,South Africa,ZA,=173,48.7,44.4,51.0,12.6,45.7,59.9,21.2,University of Cape Town,South Africa,167.0,60.9,38.7,47.0,88.3,78.2,82.9,"21,961",13.6,13%,54:46:00,2024
erasmus university rotterdam,Erasmus University Rotterdam ,Netherlands,NL,=176,48.5,37.3,50.9,22.5,53.4,83.0,60.1,Erasmus University Rotterdam,Netherlands,99.0,66.7,38.5,54.1,96.9,94.7,90.6,"33,874",36.0,25%,54:46:00,2024
nagoya university,Nagoya University,Japan,JP,=176,48.5,61.5,65.1,87.5,33.0,15.4,19.1,Nagoya University,Japan,201.0,55.9–58.6,55.3,55.7,54.3,99.5,41.9,"15,224",13.0,12%,30 : 70,2024
university of liverpool,University of Liverpool,United Kingdom,UK,=176,48.5,44.4,35.0,39.7,37.9,87.8,79.0,University of Liverpool,United Kingdom,168.0,60.8,38.4,40.2,93.4,64.9,96.4,"25,955",14.2,32%,54:46:00,2024
arizona state university,Arizona State University,United States,US,179,48.1,46.7,36.7,6.8,61.5,64.5,30.1,Arizona State University (Tempe),United States,182.0,59.9,40.9,46.2,87.5,71.5,71.7,"48,870",19.7,14%,46:54:00,2024
universit catholique de louvain,Université catholique de Louvain (UCLouvain),Belgium,BE,=180,48.0,49.1,30.8,4.4,60.2,89.4,39.3,Université Catholique de Louvain,Belgium,168.0,60.8,39.5,49.4,83.1,92.0,83.1,"25,409",37.3,20%,54:46:00,2024
university of calgary,University of Calgary,Canada,CA,182,47.9,37.7,61.2,19.9,41.5,82.8,62.0,University of Calgary,Canada,201.0,55.9–58.6,36.5,41.4,81.7,88.8,85.2,"34,012",18.8,24%,54:46:00,2024
curtin university,Curtin University,Australia,AU,183,47.8,32.4,31.8,14.3,86.2,100.0,26.4,Curtin University,Australia,201.0,55.9–58.6,30.2,36.5,87.5,78.8,94.7,"29,283",20.8,29%,53:47:00,2024
cole normale sup rieure de lyon,École Normale Supérieure de Lyon,France,FR,=184,47.6,30.5,14.4,95.7,98.4,70.8,14.6,École Normale Supérieure de Lyon,France,251.0,53.1–55.8,58.5,46.8,53.9,78.5,68.0,"2,024",7.9,11%,43:57:00,2024
university of gothenburg,University of Gothenburg,Sweden,SE,187,47.3,36.2,16.9,56.3,39.4,90.6,80.8,University of Gothenburg,Sweden,201.0,55.9–58.6,34.0,43.4,90.2,75.4,65.7,"21,698",11.9,13%,,2024
universiti teknologi malaysia,Universiti Teknologi Malaysia ,Malaysia,MY,188,46.9,46.6,63.8,42.5,33.9,16.0,85.2,Universiti Teknologi Malaysia,Malaysia,401.0,45.4–49.0,44.1,29.3,65.0,55.0,71.5,"20,863",12.7,26%,45:55:00,2024
mcmaster university,McMaster University,Canada,CA,=189,46.8,40.5,38.2,75.1,29.0,99.3,59.5,McMaster University,Canada,103.0,66.3,43.8,51.3,93.0,100.0,87.3,"28,254",30.9,22%,56:44:00,2024
queensland university of technology,Queensland University of Technology (QUT),Australia,AU,=189,46.8,40.9,37.6,7.4,64.9,96.0,26.4,Queensland University of Technology,Australia,199.0,58.7,33.9,42.1,89.5,85.9,82.2,"35,164",37.9,14%,54:46:00,2024
wuhan university,Wuhan University,China (Mainland),CN,194,46.6,40.9,44.0,12.8,87.4,40.7,5.0,Wuhan University,China,164.0,61.3,50.9,45.0,88.5,90.6,41.0,"56,066",15.0,5%,,2024
hokkaido university,Hokkaido University,Japan,JP,196,46.2,57.3,66.0,75.8,27.8,17.5,14.4,Hokkaido University,Japan,351.0,49.1–51.0,51.2,44.0,47.4,95.1,47.5,"17,659",8.2,10%,29 : 71,2024
emory university,Emory University,United States,US,=199,45.9,25.6,16.4,97.7,69.7,37.3,31.1,Emory University,United States,106.0,66.1,53.1,45.7,95.5,81.6,69.3,"13,127",4.0,19%,61:39:00,2024
waseda university,Waseda University,Japan,JP,=199,45.9,60.2,97.3,23.7,4.3,27.6,28.6,Waseda University,Japan,801.0,32.7–36.9,33.7,26.2,43.1,56.7,54.8,"46,013",14.3,13%,39 : 61,2024
queen s university belfast,Queen's University Belfast,United Kingdom,UK,202,45.8,33.6,30.3,27.5,43.5,100.0,98.9,Queen’s University Belfast,United Kingdom,201.0,55.9–58.6,34.0,38.0,88.7,65.0,98.4,"20,895",17.2,41%,57:43:00,2024
king saud university,King Saud University,Saudi Arabia,SA,=203,45.2,36.9,21.3,64.2,32.2,99.7,21.3,King Saud University,Saudi Arabia,401.0,45.4–49.0,31.4,19.9,84.5,48.7,77.2,"50,906",11.9,6%,43:57:00,2024
university of ottawa,University of Ottawa,Canada,CA,=203,45.2,26.5,29.7,3.8,79.1,85.9,75.9,University of Ottawa,Canada,177.0,60.2,39.6,46.5,84.4,80.2,86.9,"38,366",27.2,26%,59:41:00,2024
university of otago,University of Otago,New Zealand,NZ,206,45.0,46.3,27.1,11.0,51.0,100.0,29.2,University of Otago,New Zealand,301.0,51.1–53.0,35.6,35.1,75.8,68.8,81.8,"19,350",20.6,16%,61:39:00,2024
vrije universiteit amsterdam,Vrije Universiteit Amsterdam,Netherlands,NL,207,44.9,39.6,15.7,23.6,68.1,68.5,40.2,Vrije Universiteit Amsterdam,Netherlands,125.0,64.7,40.4,51.0,93.4,91.5,84.3,"31,704",19.2,18%,57:43:00,2024
university of aberdeen,University of Aberdeen,United Kingdom,UK,208,44.6,29.6,32.5,29.6,42.1,95.8,96.7,University of Aberdeen,United Kingdom,201.0,55.9–58.6,36.4,35.8,81.8,78.9,97.5,"12,755",15.3,40%,58:42:00,2024
university of twente,University of Twente,Netherlands,NL,210,44.4,20.6,38.3,39.4,65.3,99.3,91.1,University of Twente,Netherlands,184.0,59.7,43.4,46.0,75.1,99.6,93.3,"9,964",13.9,38%,37 : 63,2024
chulalongkorn university,Chulalongkorn University,Thailand,TH,211,44.3,66.6,50.1,31.5,7.0,15.0,2.9,Chulalongkorn University,Thailand,601.0,37.0–41.8,36.7,32.2,50.2,76.6,44.1,"34,552",12.7,3%,56:44:00,2024
loughborough university,Loughborough University,United Kingdom,UK,212,44.2,30.5,66.8,23.6,34.6,87.3,63.5,Loughborough University,United Kingdom,251.0,53.1–55.8,36.5,34.4,77.4,70.2,91.5,"16,110",13.9,25%,40 : 60,2024
keio university,Keio University,Japan,JP,214,44.0,51.4,93.5,58.0,6.0,9.6,9.2,Keio University,Japan,601.0,37.0–41.8,36.9,27.0,49.2,73.3,38.4,"33,577",10.2,8%,36 : 64,2024
tel aviv university,Tel Aviv University,Israel,IL,215,43.9,33.2,23.6,3.8,99.9,40.4,4.6,Tel Aviv University,Israel,201.0,55.9–58.6,40.7,49.7,83.0,76.2,52.9,"24,995",24.2,5%,57:43:00,2024
tongji university,Tongji University,China (Mainland),CN,216,43.5,34.4,13.1,28.8,91.8,56.7,32.6,Tongji University,China,185.0,59.6,50.0,53.6,69.5,85.4,67.7,"31,632",11.3,15%,41:59:00,2024
national yang ming chiao tung university,National Yang Ming Chiao Tung University,Taiwan,TW,217,43.3,33.3,67.9,53.9,52.1,19.0,18.5,National Yang Ming Chiao Tung University,Taiwan,401.0,45.4–49.0,44.0,44.3,52.9,99.9,41.4,"16,944",14.6,9%,36 : 64,2024
university of sussex,University of Sussex,United Kingdom,UK,218,43.1,22.9,8.9,14.6,70.9,96.1,93.0,University of Sussex,United Kingdom,201.0,55.9–58.6,29.7,35.6,92.7,66.1,95.4,"17,640",17.3,34%,55:45:00,2024
university of lausanne,University of Lausanne,Switzerland,CH,=220,42.7,29.4,15.1,36.6,65.1,99.9,56.6,University of Lausanne,Switzerland,143.0,62.7,41.7,46.3,87.3,99.5,90.4,"14,478",10.5,23%,,2024
university of rochester,University of Rochester,United States,US,224,42.4,22.1,18.4,97.9,51.6,71.4,91.7,University of Rochester,United States,133.0,63.6,50.8,42.9,88.3,89.0,81.7,"9,855",7.3,34%,50:50:00,2024
indian institute of science,Indian Institute of Science,India,IN,225,42.1,41.5,20.0,46.4,100.0,4.8,1.7,Indian Institute of Science,India,201.0,55.9–58.6,62.9,57.8,53.9,96.0,31.1,"4,495",9.6,1%,27 : 73,2024
american university of beirut,American University of Beirut (AUB),Lebanon,LB,=226,41.9,27.6,41.6,57.3,24.2,67.8,46.8,American University of Beirut,Lebanon,501.0,41.9–45.3,29.7,17.9,73.5,66.0,72.9,"8,722",8.7,20%,49:51:00,2024
national cheng kung university,National Cheng Kung University (NCKU),Taiwan,TW,228,41.8,49.4,75.6,32.9,21.2,23.7,15.7,National Cheng Kung University (NCKU),Taiwan,501.0,41.9–45.3,35.4,39.2,47.2,100.0,40.8,"20,971",15.9,11%,37 : 63,2024
al farabi kazakh national university,Al-Farabi Kazakh National University,Kazakhstan,KZ,=230,41.6,51.4,74.9,98.9,1.4,28.8,34.0,Al-Farabi Kazakh National University,Kazakhstan,1201.0,22.8–28.2,24.8,11.1,27.1,25.3,72.5,"24,303",5.9,10%,59:41:00,2024
university of g ttingen,University of Göttingen,Germany,DE,232,41.4,47.4,29.0,70.1,17.7,49.5,22.5,University of Göttingen,Germany,111.0,65.8,50.0,54.8,90.1,70.8,70.7,"23,349",27.4,14%,53:47:00,2024
deakin university,Deakin University,Australia,AU,=233,41.3,29.6,25.8,4.8,67.4,96.7,59.9,Deakin University,Australia,251.0,53.1–55.8,28.3,34.6,91.4,72.2,85.7,"40,988",32.7,18%,60:40:00,2024
national tsing hua university,National Tsing Hua University,Taiwan,TW,=233,41.3,53.1,67.7,28.3,38.3,16.8,20.1,National Tsing Hua University,Taiwan,401.0,45.4–49.0,38.9,42.3,58.4,99.5,46.2,"13,979",16.2,12%,42:58:00,2024
heriot watt university,Heriot-Watt University,United Kingdom,UK,235,41.2,16.4,21.1,18.6,79.4,100.0,97.6,Heriot-Watt University,United Kingdom,351.0,49.1–51.0,34.3,33.4,65.2,75.1,94.8,"9,735",18.2,36%,39 : 61,2024
dartmouth college,Dartmouth College,United States,US,=237,40.9,21.1,24.2,57.9,78.6,5.3,33.9,Dartmouth College,United States,161.0,61.4,57.3,40.7,84.7,68.4,60.2,"6,226",7.4,16%,49:51:00,2024
massey university,Massey University,New Zealand,NZ,=239,40.6,30.4,16.0,43.2,22.7,98.2,97.9,Massey University,New Zealand,501.0,41.9–45.3,28.7,28.2,60.5,77.6,87.5,"17,883",17.4,27%,64:36:00,2024
victoria university of wellington,Victoria University of Wellington,New Zealand,NZ,241,40.5,44.8,25.5,9.1,32.3,99.5,34.6,Victoria University of Wellington,New Zealand,401.0,45.4–49.0,28.6,34.1,69.4,58.4,80.3,"18,231",19.4,17%,58:42:00,2024
la trobe university,La Trobe University,Australia,AU,242,40.3,22.6,20.2,6.9,77.5,94.4,98.4,La Trobe University,Australia,251.0,53.1–55.8,28.9,35.4,88.1,73.8,88.2,"19,172",28.2,29%,63:37:00,2024
griffith university,Griffith University,Australia,AU,243,40.1,26.5,16.2,7.5,65.8,100.0,31.7,Griffith University,Australia,251.0,53.1–55.8,30.5,37.8,82.7,74.6,81.8,"34,770",31.6,15%,60:40:00,2024
university of surrey,University of Surrey,United Kingdom,UK,244,39.9,20.4,23.4,23.2,56.2,96.8,88.3,University of Surrey,United Kingdom,251.0,53.1–55.8,31.3,34.5,88.0,73.0,96.8,"14,630",16.3,33%,54:46:00,2024
technical university of darmstadt,Technical University of Darmstadt,Germany,DE,=246,39.7,21.0,37.5,6.2,79.0,62.6,74.6,Technical University of Darmstadt,Germany,251.0,53.1–55.8,42.4,48.1,62.6,99.8,65.4,"15,882",37.0,19%,33 : 67,2024
charles university,Charles University,Czech Republic,CZ,=248,39.6,45.5,43.5,34.8,9.4,24.8,51.2,Charles University,Czech Republic,401.0,45.4–49.0,38.8,33.1,61.9,60.1,64.7,"51,728",13.4,23%,62:38:00,2024
university of antwerp,University of Antwerp,Belgium,BE,=248,39.6,23.7,11.8,45.3,49.2,90.9,32.3,University of Antwerp,Belgium,161.0,61.4,38.2,44.4,92.5,98.4,74.7,"16,168",31.8,17%,56:44:00,2024
university of waikato,University of Waikato,New Zealand,NZ,250,39.5,18.4,13.2,11.3,75.0,99.3,73.3,University of Waikato,New Zealand,401.0,45.4–49.0,26.1,31.0,74.3,72.4,89.8,"10,538",20.7,26%,61:39:00,2024
university of porto,University of Porto,Portugal,PT,253,39.0,39.8,22.9,11.1,58.1,7.3,18.7,University of Porto,Portugal,401.0,45.4–49.0,31.3,35.4,71.1,66.3,57.9,"36,386",16.9,17%,54:46:00,2024
university of macau,University of Macau,Macau SAR,MO,254,38.9,10.6,14.2,12.2,96.9,100.0,99.3,University of Macau,Macao,193.0,59,38.4,38.1,90.3,61.9,93.7,"10,908",18.6,41%,54:46:00,2024
case western reserve university,Case Western Reserve University,United States,US,255,38.8,18.4,17.1,83.0,63.9,38.2,68.3,Case Western Reserve University,United States,164.0,61.3,51.7,40.2,88.7,71.4,65.0,"10,294",8.8,25%,51:49:00,2024
harbin institute of technology,Harbin Institute of Technology,China (Mainland),CN,=256,38.7,28.6,14.9,41.6,98.8,8.6,8.4,Harbin Institute of Technology,China,168.0,60.8,58.8,55.1,70.9,91.2,33.9,"30,933",10.6,6%,,2024
maastricht university,Maastricht University ,Netherlands,NL,=256,38.7,23.4,22.3,12.8,62.7,99.5,100.0,Maastricht University,Netherlands,138.0,62.9,41.4,47.1,86.1,98.1,97.4,"21,337",19.6,57%,60:40:00,2024
vrije universiteit brussel,Vrije Universiteit Brussel (VUB),Belgium,BE,259,38.6,23.1,16.8,75.9,22.0,93.6,59.2,Vrije Universiteit Brussel,Belgium,201.0,55.9–58.6,37.8,42.6,80.9,92.4,78.5,"14,931",35.1,23%,58:42:00,2024
university of virginia,University of Virginia,United States,US,260,38.5,35.6,32.0,56.9,34.1,7.9,10.8,University of Virginia (Main campus),United States,166.0,61.1,51.1,40.1,88.9,79.9,60.8,"25,953",8.9,11%,54:46:00,2024
vanderbilt university,Vanderbilt University,United States,US,261,38.4,25.2,19.8,100.0,37.2,36.4,34.6,Vanderbilt University,United States,92.0,67.4,54.1,48.5,96.0,96.5,62.9,"12,971",3.9,17%,55:45:00,2024
university of warsaw,University of Warsaw ,Poland,PL,262,38.1,48.7,53.4,41.9,6.3,9.8,8.6,University of Warsaw,Poland,601.0,37.0–41.8,33.1,29.9,55.6,37.1,45.6,"34,342",10.9,9%,62:38:00,2024
university of colorado boulder,University of Colorado Boulder,United States,US,=264,37.9,36.9,13.5,33.2,49.4,27.1,5.5,University of Colorado Boulder,United States,138.0,62.9,46.5,51.9,88.6,82.8,56.6,"35,844",16.5,8%,45:55:00,2024
ulsan national institute of science and technology,Ulsan National Institute of Science and Technology (UNIST),South Korea,KR,=266,37.7,15.0,11.9,84.1,98.6,41.5,10.9,Ulsan National Institute of Science and Technology (UNIST),South Korea,199.0,58.7,47.7,40.8,85.0,94.6,46.5,"3,799",11.8,9%,28 : 72,2024
university of lisbon,University of Lisbon ,Portugal,PT,=266,37.7,42.2,21.0,12.7,35.1,9.3,30.7,University of Lisbon,Portugal,401.0,45.4–49.0,29.6,38.0,69.9,64.7,56.9,"49,847",18.0,16%,53:47:00,2024
link ping university,Linköping University,Sweden,SE,=268,37.5,19.0,26.6,34.8,48.8,77.8,30.3,Linköping University,Sweden,251.0,53.1–55.8,28.3,41.3,86.4,92.8,70.7,"15,233",14.9,15%,54:46:00,2024
university of california irvine,"University of California, Irvine",United States,US,=268,37.5,37.6,16.6,14.6,50.3,56.9,49.6,"University of California, Irvine",United States,92.0,67.4,47.1,53.8,93.2,96.1,80.9,"35,675",16.2,26%,53:47:00,2024
university of cologne,University of Cologne,Germany,DE,=268,37.5,36.9,38.5,19.3,31.2,40.5,30.9,University of Cologne,Germany,160.0,61.5,42.9,47.1,85.6,98.8,73.3,"31,299",28.7,17%,,2024
beijing normal university,Beijing Normal University ,China (Mainland),CN,=272,37.3,38.4,6.8,25.6,86.4,7.1,23.3,Beijing Normal University,China,177.0,60.2,57.7,45.8,77.5,67.6,52.3,"26,439",14.4,9%,,2024
university of leicester,University of Leicester,United Kingdom,UK,=272,37.3,21.2,14.2,36.1,45.3,80.8,94.1,University of Leicester,United Kingdom,201.0,55.9–58.6,33.4,34.2,95.5,67.9,95.1,"14,000",13.9,31%,54:46:00,2024
north carolina state university,North Carolina State University,United States,US,274,37.2,27.8,25.0,8.9,67.3,63.0,15.3,North Carolina State University,United States,251.0,53.1–55.8,46.0,41.4,73.3,79.1,61.8,"31,391",15.9,11%,49:51:00,2024
huazhong university of science and technology,Huazhong University of Science and Technology,China (Mainland),CN,275,37.1,22.7,29.2,10.0,99.3,5.5,3.2,Huazhong University of Science and Technology,China,158.0,61.7,48.8,48.1,90.0,96.9,32.9,"57,663",15.5,4%,,2024
university of milan,University of Milan,Italy,IT,=276,37.0,51.2,12.7,5.6,47.8,7.5,6.8,University of Milan,Italy,351.0,49.1–51.0,31.3,31.8,87.3,69.5,47.2,"50,995",21.8,7%,60:40:00,2024
university of strathclyde,University of Strathclyde,United Kingdom,UK,=276,37.0,26.3,34.6,17.7,33.7,93.3,67.0,University of Strathclyde,United Kingdom,301.0,51.1–53.0,32.4,35.5,71.2,75.5,91.9,"20,400",16.3,25%,51:49:00,2024
university of miami,University of Miami,United States,US,=278,36.9,20.1,44.7,76.8,19.2,84.2,22.8,University of Miami,United States,201.0,55.9–58.6,48.5,34.7,83.2,80.4,67.5,"17,060",10.4,14%,54:46:00,2024
university of navarra,University of Navarra,Spain,ES,280,36.8,29.0,61.2,56.5,15.1,25.2,74.8,University of Navarra,Spain,301.0,51.1–53.0,35.6,30.4,82.3,79.1,74.4,"11,969",14.3,26%,54:46:00,2024
bandung institute of technology,Bandung Institute of Technology (ITB),Indonesia,ID,=281,36.6,41.0,65.6,65.6,2.5,84.4,2.3,Bandung Institute of Technology (ITB),Indonesia,1201.0,22.8–28.2,23.7,17.1,29.2,29.4,38.5,"27,774",15.3,3%,43:57:00,2024
university of bergen,University of Bergen,Norway,NO,=281,36.6,32.7,5.4,67.1,31.2,92.3,14.3,University of Bergen,Norway,251.0,53.1–55.8,36.7,33.9,84.2,69.4,76.3,"15,751",13.0,11%,61:39:00,2024
stellenbosch university,Stellenbosch University,South Africa,ZA,283,36.5,25.0,39.4,3.1,59.9,20.0,7.8,Stellenbosch University,South Africa,301.0,51.1–53.0,33.8,39.5,76.9,89.8,59.9,"25,140",25.7,7%,56:44:00,2024
swinburne university of technology,Swinburne University of Technology,Australia,AU,=285,36.1,13.4,12.0,11.0,89.5,97.9,65.5,Swinburne University of Technology,Australia,201.0,55.9–58.6,31.7,34.0,91.3,75.4,85.6,"14,324",28.5,24%,42:58:00,2024
tianjin university,Tianjin University,China (Mainland),CN,=285,36.1,18.7,8.6,34.7,98.2,24.3,27.4,Tianjin University,China,201.0,55.9–58.6,46.1,47.6,71.4,93.5,55.3,"26,486",8.9,13%,,2024
university of galway,University of Galway,Ireland,IE,289,36.0,26.3,28.2,61.2,13.5,92.3,39.3,University of Galway,Ireland,301.0,51.1–53.0,32.9,33.8,76.7,83.0,77.6,"15,734",26.1,16%,59:41:00,2024
united arab emirates university,United Arab Emirates University,United Arab Emirates,AE,290,35.9,28.3,37.8,52.6,13.8,100.0,38.7,United Arab Emirates University,United Arab Emirates,301.0,51.1–53.0,27.0,34.5,83.2,77.4,89.1,"8,147",12.6,18%,74:26:00,2024
xi an jiaotong university,Xi’an Jiaotong University,China (Mainland),CN,291,35.8,21.4,42.2,17.4,80.9,4.4,4.1,Xi’an Jiaotong University,China,251.0,53.1–55.8,46.9,48.0,70.0,98.3,37.8,"45,764",14.7,7%,35 : 65,2024
norwegian university of science and technology,Norwegian University of Science And Technology,Norway,NO,=292,35.7,34.0,19.4,23.6,27.5,76.1,10.3,Norwegian University of Science and Technology,Norway,301.0,51.1–53.0,36.0,38.4,74.7,67.8,66.2,"37,865",15.0,9%,49:51:00,2024
university college cork,University College Cork,Ireland,IE,=292,35.7,28.4,36.3,29.4,21.6,94.8,47.1,University College Cork,Ireland,301.0,51.1–53.0,28.3,31.6,82.4,75.9,77.2,"18,567",21.1,16%,59:41:00,2024
universit grenoble alpes,Université Grenoble Alpes,France,FR,294,35.6,44.5,10.1,7.8,48.8,18.4,34.9,Université Grenoble Alpes,France,301.0,51.1–53.0,42.2,37.9,66.9,69.1,71.6,"51,244",18.4,17%,53:47:00,2024
hong kong baptist university,Hong Kong Baptist University,Hong Kong SAR,HK,=295,35.4,19.4,12.6,56.0,51.9,97.8,100.0,Hong Kong Baptist University,Hong Kong,301.0,51.1–53.0,34.0,28.9,77.2,69.6,97.8,"7,460",10.2,55%,65:35:00,2024
university of east anglia,University of East Anglia (UEA),United Kingdom,UK,=295,35.4,19.2,8.5,16.8,66.0,68.0,38.2,University of East Anglia,United Kingdom,251.0,53.1–55.8,31.1,32.0,90.9,51.6,88.7,"16,475",14.3,21%,57:43:00,2024
georgetown university,Georgetown University,United States,US,297,35.3,30.3,34.4,59.0,18.6,17.0,39.8,Georgetown University,United States,187.0,59.5,52.6,37.0,85.1,92.2,53.2,"17,508",10.1,18%,55:45:00,2024
dalhousie university,Dalhousie University,Canada,CA,298,34.9,19.2,18.0,16.0,41.8,99.0,74.7,Dalhousie University,Canada,301.0,51.1–53.0,30.8,31.6,78.9,71.7,89.1,"17,314",14.7,27%,54:46:00,2024
rutgers university new brunswick,Rutgers University–New Brunswick,United States,US,299,34.8,36.9,24.7,48.7,18.1,18.9,32.8,Rutgers University – New Brunswick,United States,201.0,55.9–58.6,46.4,37.2,78.4,80.1,63.7,"46,256",11.2,17%,53:47:00,2024
southern university of science and technology,Southern University of Science and Technology,China (Mainland),CN,301,34.6,9.1,2.1,94.6,95.0,37.2,1.5,Southern University of Science and Technology (SUSTech),China,201.0,55.9–58.6,32.9,40.8,92.8,60.3,69.3,"6,575",9.0,1%,,2024
virginia polytechnic institute and state university,Virginia Polytechnic Institute and State University,United States,US,=302,34.5,26.2,40.4,18.7,34.8,71.7,17.9,Virginia Polytechnic Institute and State University,United States,251.0,53.1–55.8,42.5,39.4,78.8,76.7,65.4,"37,225",18.6,13%,44:56:00,2024
jagiellonian university,Jagiellonian University,Poland,PL,=304,34.3,37.3,47.2,65.1,6.2,4.9,13.4,Jagiellonian University,Poland,601.0,37.0–41.8,38.4,29.0,55.7,46.7,43.4,"34,309",8.8,11%,67:33:00,2024
university of notre dame,University of Notre Dame,United States,US,=304,34.3,26.5,32.2,59.7,39.1,23.3,17.7,University of Notre Dame,United States,199.0,58.7,51.9,42.6,76.1,72.9,69.9,"12,576",10.9,12%,47:53:00,2024
university of johannesburg,University of Johannesburg,South Africa,ZA,306,34.0,16.2,21.4,36.8,20.7,96.3,50.6,University of Johannesburg,South Africa,401.0,45.4–49.0,28.6,36.3,66.8,44.8,81.0,"31,721",26.5,13%,55:45:00,2024
daegu gyeongbuk institute of science and technology,Daegu Gyeongbuk Institute of Science and Technology (DGIST),South Korea,KR,307,34.0,10.4,7.5,89.0,100.0,5.3,3.7,Daegu Gyeongbuk Institute of Science and Technology (DGIST),South Korea,351.0,49.1–51.0,48.8,38.9,64.8,78.1,34.5,742,6.3,4%,36 : 64,2024
swansea university,Swansea University,United Kingdom,UK,=307,33.9,21.0,45.0,23.6,27.4,73.1,54.1,Swansea University,United Kingdom,251.0,53.1–55.8,27.6,30.2,89.7,62.8,89.5,"18,505",16.8,21%,47:53:00,2024
universiti teknologi petronas,Universiti Teknologi PETRONAS (UTP),Malaysia,MY,=307,33.9,18.2,31.6,34.6,65.7,85.2,18.5,Universiti Teknologi Petronas,Malaysia,301.0,51.1–53.0,33.8,37.8,77.7,67.9,77.8,"4,570",13.1,12%,37 : 63,2024
university of tasmania,University of Tasmania,Australia,AU,=307,33.9,17.2,7.8,17.7,58.1,75.1,95.8,University of Tasmania,Australia,251.0,53.1–55.8,31.6,38.4,82.0,70.5,90.9,"16,894",22.5,31%,60:40:00,2024
university of oulu,University of Oulu,Finland,FI,=313,33.5,15.8,17.3,26.4,56.9,52.5,9.4,University of Oulu,Finland,251.0,53.1–55.8,33.1,38.2,84.1,66.0,59.5,"10,719",20.8,8%,55:45:00,2024
quaid i azam university,Quaid-i-Azam University,Pakistan,PK,=315,33.4,15.8,40.3,2.8,97.0,3.4,1.4,Quaid-i-Azam University,Pakistan,401.0,45.4–49.0,29.7,24.1,84.2,22.9,53.7,"11,386",20.3,1%,45:55:00,2024
university of turku,University of Turku,Finland,FI,=315,33.4,28.3,21.1,52.3,32.4,27.2,4.3,University of Turku,Finland,301.0,51.1–53.0,31.6,34.9,83.3,67.0,52.5,"13,528",15.7,6%,63:37:00,2024
simon fraser university,Simon Fraser University,Canada,CA,318,33.3,25.5,13.5,5.7,42.5,96.8,86.3,Simon Fraser University,Canada,251.0,53.1–55.8,28.7,36.7,84.2,83.1,92.9,"27,269",26.8,31%,54:46:00,2024
bauman moscow state technical university,Bauman Moscow State Technical University,Russia,RU,=319,33.2,31.3,44.4,100.0,1.4,53.6,58.9,Bauman Moscow State Technical University,Russian Federation,401.0,45.4–49.0,71.7,43.9,22.1,51.7,59.3,"16,061",6.6,18%,42:58:00,2024
sciences po,Sciences Po ,France,FR,=319,33.2,17.7,27.6,88.0,3.2,54.9,97.1,Sciences Po,France,501.0,41.9–45.3,32.4,25.6,60.1,17.2,84.6,"12,445",42.6,32%,63:37:00,2024
university of victoria,University of Victoria (UVic),Canada,CA,322,33.0,17.3,7.6,3.5,65.0,95.2,48.6,University of Victoria,Canada,351.0,49.1–51.0,27.4,31.2,80.1,63.8,88.9,"21,486",23.9,21%,56:44:00,2024
sun yat sen university,Sun Yat-sen University,China (Mainland),CN,=323,32.8,36.4,22.3,48.8,44.1,2.4,4.2,Sun Yat-sen University,China,201.0,55.9–58.6,46.6,39.5,83.2,86.2,39.1,"61,453",15.2,5%,48:52:00,2024
university of pretoria,University of Pretoria,South Africa,ZA,=323,32.8,23.6,52.3,3.5,20.7,25.0,6.4,University of Pretoria,South Africa,501.0,41.9–45.3,31.2,34.3,56.7,69.9,61.4,"37,315",22.1,6%,59:41:00,2024
university of south australia,University of South Australia,Australia,AU,=326,32.7,22.5,14.0,22.4,32.8,99.8,45.1,University of South Australia,Australia,301.0,51.1–53.0,25.0,36.8,82.5,98.3,83.5,"22,822",30.2,17%,60:40:00,2024
university of southern denmark,University of Southern Denmark (SDU),Denmark,DK,=326,32.7,20.0,18.0,27.1,40.7,83.2,22.7,University of Southern Denmark,Denmark,251.0,53.1–55.8,29.8,33.5,89.1,91.5,76.9,"18,279",9.9,13%,52:48:00,2024
city university of london,"City, University of London",United Kingdom,UK,=328,32.6,21.4,18.1,6.7,42.2,95.0,99.3,"City, University of London",United Kingdom,351.0,49.1–51.0,27.4,30.9,78.6,61.8,95.5,"16,080",19.5,45%,58:42:00,2024
gwangju institute of science and technology,Gwangju Institute of Science and Technology (GIST),South Korea,KR,=328,32.6,17.4,8.9,38.4,100.0,21.6,10.0,Gwangju Institute of Science and Technology (GIST),South Korea,401.0,45.4–49.0,48.5,39.6,50.3,99.9,43.9,"1,795",9.5,7%,26 : 74,2024
kyung hee university,Kyung Hee University,South Korea,KR,=332,32.5,28.0,41.6,84.8,14.0,14.2,54.0,Kyung Hee University,South Korea,251.0,53.1–55.8,40.3,40.0,71.0,95.9,71.5,"20,427",17.6,30%,56:44:00,2024
university of california santa cruz,"University of California, Santa Cruz",United States,US,=332,32.5,18.4,4.9,7.2,79.6,63.6,8.9,"University of California, Santa Cruz",United States,201.0,55.9–58.6,34.9,39.8,93.3,73.2,77.9,"19,154",24.2,12%,47:53:00,2024
sharif university of technology,Sharif University of Technology,"Iran, Islamic Republic of",IR,334,32.4,10.1,43.8,6.1,99.1,7.3,1.3,Sharif University of Technology,Iran,301.0,51.1–53.0,39.1,37.4,78.3,86.2,37.0,"9,389",21.8,2%,26 : 74,2024
university of naples federico ii,University of Naples - Federico II,Italy,IT,335,32.3,35.2,17.0,4.3,61.8,2.4,1.1,University of Naples Federico II,Italy,351.0,49.1–51.0,36.7,28.3,86.9,72.0,35.4,"56,127",19.5,2%,56:44:00,2024
aalborg university,Aalborg University,Denmark,DK,=336,32.2,20.0,22.2,31.5,42.4,76.4,18.2,Aalborg University,Denmark,201.0,55.9–58.6,33.7,45.0,83.0,80.6,72.4,"17,275",14.9,12%,,2024
middle east technical university,Middle East Technical University,Turkey,TR,=336,32.2,29.0,63.7,9.0,22.2,11.3,17.4,Middle East Technical University,Turkey,351.0,49.1–51.0,44.2,43.1,53.6,81.9,56.0,"16,182",21.2,12%,49:51:00,2024
university of kent,University of Kent,United Kingdom,UK,=336,32.2,17.0,6.7,13.3,43.9,96.6,72.8,University of Kent,United Kingdom,401.0,45.4–49.0,27.6,29.0,77.6,51.9,93.5,"16,515",18.0,27%,53:47:00,2024
beijing institute of technology,Beijing Institute of Technology,China (Mainland),CN,=340,32.1,22.7,18.1,41.1,76.4,3.1,4.2,Beijing Institute of Technology,China,251.0,53.1–55.8,45.1,44.0,74.7,82.1,36.8,"34,050",13.4,8%,,2024
george washington university,George Washington University,United States,US,=340,32.1,26.9,24.5,28.3,29.3,31.6,27.6,George Washington University,United States,201.0,55.9–58.6,48.2,35.7,86.0,67.3,66.1,"22,211",13.0,14%,62:38:00,2024
rudn university,RUDN University,Russia,RU,342,32.0,22.4,45.0,92.2,2.0,8.2,92.7,RUDN University,Russian Federation,601.0,37.0–41.8,39.1,23.0,46.1,21.0,70.4,"22,866",15.6,32%,59:41:00,2024
brunel university london,Brunel University London,United Kingdom,UK,343,31.9,11.3,13.3,7.9,44.2,99.7,99.6,Brunel University London,United Kingdom,351.0,49.1–51.0,25.2,26.5,80.7,60.1,98.4,"14,130",17.9,40%,47:53:00,2024
university of aveiro,University of Aveiro,Portugal,PT,344,31.6,13.4,6.6,13.8,84.3,4.3,13.5,University of Aveiro,Portugal,601.0,37.0–41.8,27.1,30.2,57.3,48.1,48.6,"13,563",16.3,11%,54:46:00,2024
university of saskatchewan,University of Saskatchewan,Canada,CA,=345,31.5,12.0,6.8,17.3,54.3,70.0,51.8,University of Saskatchewan,Canada,351.0,49.1–51.0,39.0,35.1,62.9,95.8,78.9,"17,924",18.1,21%,56:44:00,2024
national technical university of athens,National Technical University of Athens,Greece,GR,=347,31.4,20.5,42.7,4.7,72.3,1.3,4.3,National Technical University of Athens,Greece,601.0,37.0–41.8,26.3,23.0,59.1,59.7,38.1,"13,532",20.3,6%,37 : 63,2024
university of pisa,University of Pisa,Italy,IT,=349,31.3,40.4,12.7,7.5,41.1,5.9,4.1,University of Pisa,Italy,401.0,45.4–49.0,31.1,31.2,80.5,68.7,43.2,"31,567",20.9,5%,52:48:00,2024
lappeenranta lahti university of technology lut,Lappeenranta-Lahti University of Technology LUT,Finland,FI,=351,31.2,6.9,13.3,11.1,97.7,45.2,18.2,Lappeenranta-Lahti University of Technology LUT,Finland,251.0,53.1–55.8,33.4,36.7,91.7,65.1,64.2,"5,028",31.6,14%,34 : 66,2024
university of coimbra,University of Coimbra,Portugal,PT,=351,31.2,28.9,13.1,11.3,41.6,10.7,37.7,University of Coimbra,Portugal,401.0,45.4–49.0,31.4,38.2,59.9,78.0,54.3,"21,767",18.4,15%,57:43:00,2024
york university,York University,Canada,CA,353,31.1,23.0,21.0,4.6,29.2,50.6,81.2,York University,Canada,351.0,49.1–51.0,28.2,32.4,78.3,69.6,79.5,"44,038",29.1,28%,55:45:00,2024
l n gumilyov eurasian national university,L.N. Gumilyov Eurasian National University (ENU),Kazakhstan,KZ,=355,30.9,29.5,51.7,96.8,1.4,59.3,5.7,L.N. Gumilyov Eurasian National University,Kazakhstan,1501.0,9.7–22.7,21.9,11.6,21.1,15.7,54.2,"19,632",13.5,4%,60:40:00,2024
sichuan university,Sichuan University,China (Mainland),CN,=355,30.9,20.1,7.6,11.4,94.7,6.6,5.4,Sichuan University,China,150.0,62,59.1,57.3,69.3,93.2,46.1,"49,117",15.9,5%,,2024
university of tsukuba,University of Tsukuba,Japan,JP,=355,30.9,35.8,24.0,59.0,19.0,13.8,21.2,University of Tsukuba,Japan,351.0,49.1–51.0,51.8,42.6,52.3,72.9,51.3,"15,506",12.1,16%,38 : 62,2024
university of florence,University of Florence,Italy,IT,=358,30.8,33.6,5.7,4.1,49.6,8.1,10.7,University of Florence,Italy,351.0,49.1–51.0,35.5,34.4,78.6,72.9,51.9,"40,535",24.0,10%,56:44:00,2024
university of tartu,University of Tartu,Estonia,EE,=358,30.8,24.4,9.0,91.5,11.5,46.5,22.2,University of Tartu,Estonia,301.0,51.1–53.0,32.8,31.8,86.5,64.1,60.7,"9,694",9.0,12%,68:32:00,2024
university of tehran,University of Tehran,"Iran, Islamic Republic of",IR,=360,30.7,18.7,38.8,3.4,67.5,2.1,1.8,University of Tehran,Iran,401.0,45.4–49.0,37.7,28.4,71.9,60.5,33.6,"54,890",26.6,2%,0.274305556,2024
lincoln university,Lincoln University ,New Zealand,NZ,=362,30.6,7.9,5.3,39.9,51.5,100.0,91.0,Lincoln University,New Zealand,401.0,45.4–49.0,33.9,26.7,68.4,49.7,92.0,"2,562",14.5,33%,52:48:00,2024
american university of sharjah,American University of Sharjah,United Arab Emirates,AE,=364,30.3,20.0,39.1,20.7,20.0,100.0,100.0,American University of Sharjah,United Arab Emirates,601.0,37.0–41.8,24.5,26.3,57.9,27.9,88.6,"4,737",12.5,74%,54:46:00,2024
indian institute of technology guwahati,Indian Institute of Technology Guwahati (IITG),India,IN,=364,30.3,17.0,25.2,7.7,98.1,3.0,1.3,Indian Institute of Technology Guwahati,India,601.0,37.0–41.8,35.5,24.1,52.0,49.5,28.6,"8,157",18.0,1%,24 : 76,2024
university of turin,University of Turin,Italy,IT,=364,30.3,39.8,5.7,2.9,36.8,4.6,5.4,University of Turin,Italy,401.0,45.4–49.0,23.0,30.1,84.5,74.4,45.5,"63,232",29.5,6%,61:39:00,2024
university of cyprus,University of Cyprus (UCY),Cyprus,CY,368,30.1,8.9,3.1,4.9,77.8,92.9,25.4,University of Cyprus,Cyprus,501.0,41.9–45.3,22.5,25.8,75.3,64.3,77.7,"6,907",20.0,14%,61:39:00,2024
cairo university,Cairo University,Egypt,EG,=371,29.9,43.7,33.2,8.0,2.8,2.7,6.2,Cairo University,Egypt,801.0,32.7–36.9,25.0,18.5,59.9,39.2,45.4,"2,02,915",30.9,5%,60:40:00,2024
tilburg university,Tilburg University,Netherlands,NL,=371,29.9,15.2,33.4,10.4,44.2,96.6,58.4,Tilburg University,Netherlands,201.0,55.9–58.6,32.8,44.9,80.1,82.6,84.5,"13,225",32.2,21%,51:49:00,2024
western sydney university, Western Sydney University,Australia,AU,=375,29.5,18.4,15.0,4.5,29.5,100.0,39.2,Western Sydney University,Australia,301.0,51.1–53.0,29.5,31.7,87.7,51.5,87.2,"35,590",41.8,21%,59:41:00,2024
amirkabir university of technology,Amirkabir University of Technology,"Iran, Islamic Republic of",IR,=375,29.5,4.1,33.4,5.1,99.8,15.9,2.8,Amirkabir University of Technology,Iran,351.0,49.1–51.0,34.8,33.7,77.0,85.1,38.8,"9,859",20.2,3%,35 : 65,2024
tufts university,Tufts University,United States,US,379,29.4,18.1,5.3,56.2,42.9,25.2,36.2,Tufts University,United States,191.0,59.2,51.5,35.0,87.5,71.7,62.8,"11,611",10.5,16%,57:43:00,2024
flinders university,Flinders University,Australia,AU,380,29.2,13.3,6.7,6.5,42.6,97.0,89.5,Flinders University,Australia,301.0,51.1–53.0,29.2,35.4,78.4,71.0,88.9,"17,422",29.4,33%,66:34:00,2024
university of luxembourg,University of Luxembourg,Luxembourg,LU,381,29.1,9.1,4.9,77.2,28.6,100.0,100.0,University of Luxembourg,Luxembourg,201.0,55.9–58.6,39.6,39.4,78.1,63.0,93.2,"5,599",21.3,49%,53:47:00,2024
mahidol university,Mahidol University,Thailand,TH,=382,29.0,42.4,30.3,77.7,4.7,6.0,5.1,Mahidol University,Thailand,601.0,37.0–41.8,39.3,25.0,46.3,78.6,48.7,"28,790",8.9,5%,64:36:00,2024
nankai university,Nankai University,China (Mainland),CN,=384,28.6,21.1,8.6,29.5,73.9,11.2,3.5,Nankai University,China,251.0,53.1–55.8,48.8,31.4,85.3,66.5,49.3,"31,416",11.7,7%,,2024
university of hawai i at m noa,University of Hawaiʻi at Mānoa,United States,US,386,28.4,16.1,8.5,36.8,48.6,53.0,12.9,University of Hawai’i at Mānoa,United States,201.0,55.9–58.6,42.0,42.5,75.8,68.3,77.3,"14,936",11.3,10%,57:43:00,2024
aix marseille university,Aix-Marseille University,France,FR,=387,28.3,36.1,4.5,8.3,26.5,18.5,19.9,Aix-Marseille University,France,351.0,49.1–51.0,43.0,27.2,71.9,63.2,76.3,"72,946",17.3,14%,60:40:00,2024
belarusian state university,Belarusian State University,Belarus,BY,=387,28.3,26.6,42.5,95.3,1.3,4.1,49.9,Belarusian State University,Belarus,1201.0,22.8–28.2,25.5,11.5,17.0,55.4,66.8,"23,030",7.6,19%,62:38:00,2024
concordia university,Concordia University,Canada,CA,=387,28.3,15.0,15.2,3.0,23.7,80.3,89.3,Concordia University,Canada,501.0,41.9–45.3,25.7,29.3,66.2,66.3,86.6,"36,749",34.6,34%,50:50:00,2024
national taiwan university of science and technology,National Taiwan University of Science and Technology (Taiwan Tech),Taiwan,TW,=387,28.3,27.1,37.8,43.6,27.0,17.5,31.1,National Taiwan University of Science and Technology (Taiwan Tech),Taiwan,401.0,45.4–49.0,33.2,36.9,63.8,93.2,56.4,"9,221",18.5,19%,30 : 70,2024
universiti brunei darussalam,Universiti Brunei Darussalam (UBD),Brunei,BN,=387,28.3,21.0,5.5,96.3,8.2,100.0,65.1,Universiti Brunei Darussalam,Brunei Darussalam,401.0,45.4–49.0,28.5,28.9,76.0,22.9,75.7,"3,503",11.3,14%,66:34:00,2024
south china university of technology,South China University of Technology,China (Mainland),CN,=392,28.2,12.5,4.2,19.0,95.4,10.4,4.5,South China University of Technology,China,251.0,53.1–55.8,36.6,38.2,83.2,92.8,44.0,"40,449",12.6,6%,38 : 62,2024
technion israel institute of technology,Technion - Israel Institute of Technology,Israel,IL,=392,28.2,25.4,27.8,43.9,25.4,64.8,4.6,Technion Israel Institute of Technology,Israel,351.0,49.1–51.0,37.5,34.0,66.9,68.1,71.8,"15,934",22.7,13%,40 : 60,2024
xiamen university,Xiamen University,China (Mainland),CN,=392,28.2,25.9,11.6,20.0,65.3,5.4,3.4,Xiamen University,China,301.0,51.1–53.0,38.0,33.5,83.7,72.1,38.4,"44,715",15.1,2%,,2024
justus liebig university giessen,Justus-Liebig-University Giessen,Germany,DE,=396,28.1,13.6,6.1,1.7,85.7,12.1,18.9,Justus Liebig University Giessen,Germany,351.0,49.1–51.0,34.4,38.0,72.5,70.5,62.7,"27,184",42.4,11%,64:36:00,2024
kazan federal university,Kazan (Volga region) Federal University,Russia,RU,=396,28.1,22.7,7.6,93.7,2.8,10.5,96.1,Kazan Federal University,Russian Federation,801.0,32.7–36.9,44.7,21.7,32.3,42.6,69.2,"22,464",10.8,33%,67:33:00,2024
hse university,HSE University,Russia,RU,399,28.0,27.3,31.9,90.7,1.9,6.3,16.1,HSE University,Russian Federation,401.0,45.4–49.0,34.4,44.0,57.3,56.5,51.4,"34,656",18.6,12%,,2024
iowa state university,Iowa State University,United States,US,=400,27.9,20.0,13.5,8.4,58.7,4.6,11.1,Iowa State University,United States,351.0,49.1–51.0,39.5,34.5,69.3,84.8,46.0,"28,591",17.1,8%,46:54:00,2024
masaryk university,Masaryk University,Czech Republic,CZ,=400,27.9,23.2,32.2,10.4,15.2,31.0,68.7,Masaryk University,Czech Republic,601.0,37.0–41.8,25.9,31.0,50.1,41.7,66.3,"32,789",18.4,23%,62:38:00,2024
university of granada,University of Granada,Spain,ES,403,27.8,44.0,9.8,5.6,23.3,3.4,16.1,University of Granada,Spain,501.0,41.9–45.3,28.5,26.6,65.7,52.2,52.6,"55,523",14.7,9%,59:41:00,2024
istanbul technical university,Istanbul Technical University,Turkey,TR,=404,27.6,24.2,60.4,12.1,13.3,7.3,18.3,Istanbul Technical University,Turkey,501.0,41.9–45.3,35.8,36.6,51.8,87.3,45.8,"19,055",25.8,14%,42:58:00,2024
university of california riverside,"University of California, Riverside",United States,US,=404,27.6,17.5,7.0,6.7,59.9,63.0,9.1,"University of California, Riverside",United States,251.0,53.1–55.8,35.9,35.4,85.7,70.6,77.0,"25,670",19.6,14%,53:47:00,2024
university of the philippines,University of the Philippines,Philippines,PH,=404,27.6,34.4,58.9,38.0,1.9,1.6,1.1,University of the Philippines,Philippines,1201.0,22.8–28.2,25.4,15.3,38.7,22.8,38.4,"53,676",11.1,0%,59:41:00,2024
auckland university of technology,Auckland University of Technology (AUT),New Zealand,NZ,=407,27.4,19.3,11.7,10.3,18.5,100.0,99.3,Auckland University of Technology,New Zealand,401.0,45.4–49.0,23.8,21.2,84.0,40.8,92.4,"18,592",17.7,46%,60:40:00,2024
university of delhi,University of Delhi,India,IN,=407,27.4,36.1,28.2,3.9,22.5,1.4,1.7,University of Delhi,India,801.0,32.7–36.9,40.4,24.2,39.0,40.5,23.3,"29,532",23.8,1%,48:52:00,2024
university of kansas,University of Kansas,United States,US,=410,27.2,15.1,13.3,83.6,9.0,72.6,7.8,University of Kansas,United States,351.0,49.1–51.0,42.7,25.9,73.1,79.9,58.6,"23,410",9.5,7%,53:47:00,2024
university of southern queensland,University of Southern Queensland ,Australia,AU,=410,27.2,8.5,6.8,4.5,59.6,76.1,26.3,University of Southern Queensland,Australia,351.0,49.1–51.0,28.4,25.9,88.0,46.9,81.8,"11,650",24.8,15%,63:37:00,2024
oxford brookes university,Oxford Brookes University,United Kingdom,UK,=413,27.1,28.9,29.7,13.8,8.4,68.8,70.3,Oxford Brookes University,United Kingdom,601.0,37.0–41.8,25.1,21.1,62.5,29.1,87.9,"13,860",14.0,25%,58:42:00,2024
royal holloway university of london,Royal Holloway University of London,United Kingdom,UK,=413,27.1,16.0,5.7,13.7,36.3,94.4,88.7,"Royal Holloway, University of London",United Kingdom,301.0,51.1–53.0,31.6,29.3,79.0,63.3,94.6,"11,290",16.1,31%,55:45:00,2024
james cook university,James Cook University,Australia,AU,=415,27.0,15.4,8.7,14.1,51.1,42.0,13.5,James Cook University,Australia,351.0,49.1–51.0,28.3,30.9,79.6,58.9,77.7,"9,759",17.3,9%,66:34:00,2024
moscow institute of physics and technology,Moscow Institute of Physics and Technology (MIPT / Moscow Phystech),Russia,RU,=415,27.0,19.8,19.9,96.0,16.0,31.4,53.1,Moscow Institute of Physics and Technology (MIPT),Russian Federation,201.0,55.9–58.6,63.5,48.8,55.1,68.6,72.7,"6,111",11.6,21%,,2024
tomsk state university,Tomsk State University,Russia,RU,418,26.9,23.1,10.9,99.4,5.1,23.7,91.5,Tomsk State University,Russian Federation,501.0,41.9–45.3,49.2,40.0,31.8,53.8,79.1,"7,930",11.6,37%,,2024
washington state university,Washington State University,United States,US,=419,26.8,24.4,17.9,16.2,35.4,50.0,5.5,Washington State University,United States,301.0,51.1–53.0,36.9,34.5,74.8,82.9,60.3,"28,896",18.8,6%,55:45:00,2024
graz university of technology,Graz University of Technology,Austria,AT,=421,26.7,14.5,11.0,99.5,13.6,75.0,58.8,Graz University of Technology,Austria,501.0,41.9–45.3,40.4,21.4,51.5,91.5,81.5,"6,660",8.2,24%,26 : 74,2024
novosibirsk state university,Novosibirsk State University,Russia,RU,=421,26.7,27.5,14.4,93.5,12.6,6.7,56.3,Novosibirsk State University,Russian Federation,601.0,37.0–41.8,42.2,36.6,31.6,40.7,51.9,"7,264",6.6,20%,,2024
university of canberra,University of Canberra ,Australia,AU,=421,26.7,13.7,7.3,2.3,51.7,87.0,58.9,University of Canberra,Australia,351.0,49.1–51.0,24.1,31.6,82.4,40.8,88.3,"11,299",34.4,23%,56:44:00,2024
university of limerick,University of Limerick,Ireland,IE,426,26.6,17.5,29.1,14.0,21.9,88.4,28.6,University of Limerick,Ireland,401.0,45.4–49.0,27.1,32.6,64.1,75.9,76.1,"14,640",27.1,15%,50:50:00,2024
anna university,Anna University,India,IN,427,26.5,8.5,8.5,5.3,99.8,,1.5,Anna University,India,501.0,41.9–45.3,32.0,26.3,72.4,51.0,20.4,"12,824",13.1,1%,41:59:00,2024
university of trento,University of Trento,Italy,IT,=429,26.3,24.6,8.9,19.3,44.0,26.9,6.2,University of Trento,Italy,351.0,49.1–51.0,29.3,34.8,80.5,65.2,61.1,"14,100",18.4,7%,51:49:00,2024
ko university,Koç University,Turkey,TR,=431,26.2,22.4,47.3,24.0,28.6,27.3,11.2,Koç University,Turkey,351.0,49.1–51.0,31.8,40.5,68.9,91.9,57.4,"6,427",19.5,9%,49:51:00,2024
murdoch university,Murdoch University,Australia,AU,=431,26.2,7.3,5.3,5.4,53.1,86.3,76.6,Murdoch University,Australia,351.0,49.1–51.0,23.2,29.6,81.4,67.2,94.2,"14,816",34.0,38%,62:38:00,2024
national taipei university of technology,National Taipei University of Technology,Taiwan,TW,=431,26.2,15.0,57.7,27.0,34.3,21.1,18.2,National Taipei University of Technology,Taiwan,801.0,32.7–36.9,27.3,25.0,35.8,94.1,41.6,"9,868",15.6,10%,28 : 72,2024
national taiwan normal university,National Taiwan Normal University,Taiwan,TW,=431,26.2,34.5,20.8,65.4,5.9,14.5,26.7,National Taiwan Normal University,Taiwan,501.0,41.9–45.3,35.0,32.0,51.4,92.7,50.4,"10,878",12.3,12%,,2024
university of stirling,University of Stirling,United Kingdom,UK,=431,26.2,11.5,10.2,10.5,34.7,71.9,83.5,University of Stirling,United Kingdom,401.0,45.4–49.0,23.0,26.2,82.4,41.0,91.4,"10,650",18.7,28%,64:36:00,2024
dublin city university,Dublin City University,Ireland,IE,=436,26.0,19.7,27.0,25.6,12.4,76.0,19.3,Dublin City University,Ireland,401.0,45.4–49.0,24.5,35.2,77.1,62.8,73.9,"14,325",26.1,12%,58:42:00,2024
sejong university,Sejong University ,South Korea,KR,=436,26.0,13.8,17.3,14.7,65.5,24.6,26.7,Sejong University,South Korea,251.0,53.1–55.8,31.4,34.5,94.0,73.8,68.6,"11,678",18.9,15%,51:49:00,2024
tampere university,Tampere University,Finland,FI,=436,26.0,22.5,19.5,23.9,31.8,32.0,6.4,Tampere University,Finland,301.0,51.1–53.0,30.6,38.4,80.9,93.1,49.8,"16,236",20.7,7%,55:45:00,2024
university of st gallen,University of St.Gallen (HSG),Switzerland,CH,=436,26.0,9.0,27.6,6.2,22.8,100.0,83.1,University of St Gallen,Switzerland,351.0,49.1–51.0,33.8,21.0,81.4,66.6,93.6,"8,799",12.9,33%,36 : 64,2024
university of dundee, University of Dundee,United Kingdom,UK,=441,25.9,18.3,13.6,37.5,14.2,96.0,79.9,University of Dundee,United Kingdom,301.0,51.1–53.0,26.7,32.1,84.9,83.0,91.1,"14,145",18.1,25%,65:35:00,2024
universit laval,Université Laval,Canada,CA,=441,25.9,19.9,11.0,25.6,25.1,67.4,36.3,Université Laval,Canada,251.0,53.1–55.8,40.7,38.7,73.7,94.2,76.2,"30,362",17.9,16%,58:42:00,2024
university of utah,University of Utah,United States,US,=441,25.9,15.9,6.0,53.0,36.5,25.3,10.1,University of Utah,United States,201.0,55.9–58.6,43.5,38.5,87.0,83.5,40.9,"31,502",13.3,8%,50:50:00,2024
national and kapodistrian university of athens,National and Kapodistrian University of Athens,Greece,GR,=444,25.8,26.3,31.6,2.0,29.1,9.9,16.2,National and Kapodistrian University of Athens,Greece,501.0,41.9–45.3,22.6,23.9,77.3,89.8,56.6,"67,934",34.0,11%,59:41:00,2024
university of connecticut,University of Connecticut,United States,US,=444,25.8,15.1,6.9,14.5,41.6,47.0,19.0,University of Connecticut,United States,351.0,49.1–51.0,41.2,30.2,72.8,68.7,64.6,"28,128",13.1,11%,53:47:00,2024
aston university,Aston University,United Kingdom,UK,=446,25.7,12.9,22.8,10.0,34.1,93.0,38.3,Aston University,United Kingdom,401.0,45.4–49.0,22.2,26.5,82.5,64.1,95.2,"12,950",19.0,25%,48:52:00,2024
the university of tennessee knoxville,"The University of Tennessee, Knoxville",United States,US,=446,25.7,10.3,15.4,10.8,72.5,4.2,2.5,The University of Tennessee-Knoxville,United States,301.0,51.1–53.0,38.0,31.6,84.5,72.9,56.1,"28,377",17.0,3%,,2024
university of jyv skyl,University of Jyväskylä,Finland,FI,=446,25.7,17.2,12.5,86.2,15.3,40.9,2.8,University of Jyväskylä,Finland,401.0,45.4–49.0,31.4,34.1,78.2,53.0,49.7,"10,702",13.8,3%,62:38:00,2024
iran university of science and technology,Iran University of Science and Technology,"Iran, Islamic Republic of",IR,451,25.6,6.6,23.2,2.5,94.8,,1.5,Iran University of Science and Technology,Iran,401.0,45.4–49.0,33.6,37.4,75.2,73.9,24.3,"14,679",32.7,1%,35 : 65,2024
czech technical university in prague,Czech Technical University in Prague,Czech Republic,CZ,=454,25.2,21.5,37.6,75.8,4.1,25.6,39.2,Czech Technical University in Prague,Czech Republic,1001.0,28.3–32.6,30.9,18.8,32.2,51.9,60.2,"15,663",8.7,21%,30 : 70,2024
southeast university,Southeast University,China (Mainland),CN,=454,25.2,12.8,7.4,23.9,73.1,15.1,3.5,Southeast University,China,301.0,51.1–53.0,39.9,46.3,68.4,90.4,47.6,"39,637",12.4,4%,36 : 64,2024
sultan qaboos university,Sultan Qaboos University,Oman,OM,=454,25.2,16.7,13.7,56.7,18.4,100.0,3.4,Sultan Qaboos University,Oman,601.0,37.0–41.8,28.1,22.2,62.3,35.7,74.0,"7,512",9.2,4%,50:50:00,2024
florida state university,Florida State University,United States,US,=461,24.9,25.1,25.7,6.8,30.7,15.6,3.9,Florida State University,United States,251.0,53.1–55.8,38.2,38.6,79.4,68.2,58.8,"39,831",24.6,6%,58:42:00,2024
national research nuclear university mephi,National Research Nuclear University MEPhI (Moscow Engineering Physics Institute),Russia,RU,=461,24.9,10.2,10.1,99.0,10.9,54.1,90.7,National Research Nuclear University MEPhI,Russian Federation,401.0,45.4–49.0,53.1,41.0,42.4,57.5,78.8,"4,993",9.2,28%,39 : 61,2024
university of bordeaux,University of Bordeaux,France,FR,=465,24.7,30.2,5.3,14.4,21.4,25.6,19.5,University of Bordeaux,France,351.0,49.1–51.0,37.2,29.9,72.5,66.7,66.6,"52,643",21.7,14%,60:40:00,2024
university of sharjah,University of Sharjah,United Arab Emirates,AE,=465,24.7,16.7,18.8,5.5,13.5,100.0,99.7,University of Sharjah,United Arab Emirates,351.0,49.1–51.0,20.7,25.7,93.8,29.0,98.8,"12,848",18.9,51%,67:33:00,2024
ben gurion university of the negev,Ben-Gurion University of The Negev,Israel,IL,=469,24.6,14.6,14.2,11.7,52.7,65.3,15.7,Ben-Gurion University of the Negev,Israel,501.0,41.9–45.3,34.1,30.6,59.0,71.6,34.5,"17,265",21.3,2%,52:48:00,2024
illinois institute of technology,Illinois Institute of Technology,United States,US,=469,24.6,14.2,15.6,13.0,48.5,30.1,94.1,Illinois Institute of Technology,United States,351.0,49.1–51.0,42.6,26.9,67.8,91.5,73.2,"6,107",12.2,36%,37 : 63,2024
hiroshima university,Hiroshima University,Japan,JP,472,24.5,23.6,14.0,81.0,9.6,17.3,12.9,Hiroshima University,Japan,601.0,37.0–41.8,39.6,26.4,44.7,68.5,51.5,"14,590",7.6,10%,38 : 62,2024
beihang university,Beihang University (former BUAA),China (Mainland),CN,=473,24.4,13.1,5.5,36.1,68.7,7.5,4.9,Beihang University,China,301.0,51.1–53.0,42.9,43.5,68.6,94.7,34.5,"32,854",12.3,4%,,2024
vilnius university,Vilnius University ,Lithuania,LT,=473,24.4,19.8,27.8,83.0,3.0,13.0,14.9,Vilnius University,Lithuania,801.0,32.7–36.9,26.6,17.5,51.4,44.4,46.7,"20,901",9.1,9%,65:35:00,2024
kobe university,Kobe University,Japan,JP,=476,24.3,28.5,38.8,53.2,11.6,7.4,7.7,Kobe University,Japan,601.0,37.0–41.8,39.5,27.2,48.1,75.4,39.0,"15,333",10.2,7%,35 : 65,2024
missouri university of science and technology,Missouri University of Science and Technology,United States,US,480,24.0,4.6,4.8,6.5,85.1,61.1,12.3,Missouri University of Science and Technology,United States,401.0,45.4–49.0,33.2,28.7,69.6,88.1,72.4,"7,271",21.6,9%,24 : 76,2024
bangor university,Bangor University,United Kingdom,UK,=481,23.9,8.8,5.3,14.9,39.7,42.2,55.4,Bangor University,United Kingdom,401.0,45.4–49.0,27.6,25.3,72.7,64.3,88.2,"8,130",14.8,23%,61:39:00,2024
leibniz university hannover,Leibniz University Hannover,Germany,DE,=481,23.9,21.3,33.2,16.8,14.8,40.5,30.6,Leibniz University Hannover,Germany,351.0,49.1–51.0,38.3,41.5,62.1,81.6,58.2,"19,807",39.5,15%,44:56:00,2024
satbayev university,Satbayev University,Kazakhstan,KZ,=481,23.9,23.3,36.0,84.3,1.2,40.5,4.2,Satbayev University,Kazakhstan,1501.0,9.7–22.7,22.7,10.8,8.5,23.2,68.7,"8,114",12.4,5%,44:56:00,2024
university of electronic science and technology of china,University of Electronic Science and Technology of China,China (Mainland),CN,=486,23.7,4.3,3.0,8.6,96.4,3.4,2.6,University of Electronic Science and Technology of China,China,351.0,49.1–51.0,34.8,35.2,80.9,85.5,33.9,"37,498",15.7,3%,30 : 70,2024
university of guelph,University of Guelph,Canada,CA,=486,23.7,13.5,20.9,5.8,47.5,43.5,15.1,University of Guelph,Canada,401.0,45.4–49.0,32.6,36.2,66.2,78.1,64.5,"22,936",27.3,10%,59:41:00,2024
ipb university,IPB University (a.k.a. Bogor Agricultural University),Indonesia,ID,=489,23.6,21.6,39.0,66.1,1.7,54.6,3.8,IPB University,Indonesia,1201.0,22.8–28.2,30.9,9.8,24.2,39.2,45.0,"23,070",6.8,3%,60:40:00,2024
dalian university of technology,Dalian University of Technology,China (Mainland),CN,=491,23.5,9.1,3.2,16.8,79.8,12.2,3.2,Dalian University of Technology,China,401.0,45.4–49.0,37.0,35.0,68.1,86.8,40.2,"37,389",14.5,3%,,2024
university of iowa,University of Iowa,United States,US,=491,23.5,19.9,11.2,48.2,20.9,22.3,4.6,University of Iowa,United States,201.0,55.9–58.6,46.1,37.0,79.9,88.6,55.8,"28,583",10.9,6%,55:45:00,2024
chung ang university,Chung-Ang University (CAU),South Korea,KR,=494,23.4,19.8,36.2,69.5,8.9,13.8,36.3,Chung-Ang University,South Korea,401.0,45.4–49.0,37.4,38.4,52.0,98.3,62.6,"18,193",22.4,23%,,2024
hunan university,Hunan University ,China (Mainland),CN,=494,23.4,8.6,8.4,13.8,82.0,4.9,1.9,Hunan University,China,351.0,49.1–51.0,28.9,30.4,92.0,75.2,32.5,"41,481",17.8,2%,47:53:00,2024
rensselaer polytechnic institute,Rensselaer Polytechnic Institute,United States,US,=494,23.4,8.3,7.0,19.5,70.7,4.0,44.3,Rensselaer Polytechnic Institute,United States,401.0,45.4–49.0,34.1,30.3,60.9,89.9,78.7,"7,496",15.3,20%,31 : 69,2024
ewha womans university,Ewha Womans University,South Korea,KR,=498,23.2,26.7,23.0,77.4,7.7,7.8,19.8,Ewha Womans University,South Korea,601.0,37.0–41.8,37.6,35.3,44.5,82.8,49.6,"13,999",16.7,15%,100:00:00,2024
ulster university,Ulster University,United Kingdom,UK,=498,23.2,8.4,13.0,11.9,12.1,100.0,90.5,Ulster University,United Kingdom,601.0,37.0–41.8,21.3,22.4,62.0,50.1,82.4,"19,825",20.1,10%,56:44:00,2024
university of delaware,University of Delaware,United States,US,=498,23.2,10.3,7.9,6.9,59.1,36.3,13.7,University of Delaware,United States,401.0,45.4–49.0,32.7,31.8,72.5,80.9,62.3,"21,545",16.1,11%,57:43:00,2024
bilkent university,Bilkent University,Turkey,TR,=502,23.1,22.2,44.9,17.2,12.9,72.0,5.7,Bilkent University,Turkey,601.0,37.0–41.8,27.8,26.0,48.8,91.4,70.0,"9,109",14.8,8%,46:54:00,2024
university of portsmouth,University of Portsmouth,United Kingdom,UK,=502,23.1,8.4,9.6,8.7,18.7,75.1,87.3,University of Portsmouth,United Kingdom,401.0,45.4–49.0,20.0,20.0,84.5,40.6,94.7,"23,625",16.8,29%,47:53:00,2024
macau university of science and technology,Macau University of Science and Technology,Macau SAR,MO,=505,23.0,4.2,4.2,4.5,47.8,100.0,100.0,Macau University of Science and Technology,Macao,251.0,53.1–55.8,33.1,34.2,78.9,65.0,94.7,"14,091",41.8,92%,57:43:00,2024
national sun yat sen university,National Sun Yat-sen University,Taiwan,TW,=505,23.0,26.5,24.4,29.5,25.2,23.8,10.3,National Sun Yat-Sen University,Taiwan,601.0,37.0–41.8,28.2,33.7,43.8,79.1,47.2,"8,497",12.6,9%,42:58:00,2024
sogang university,Sogang University,South Korea,KR,=509,22.9,21.5,49.1,55.7,5.5,7.2,24.3,Sogang University,South Korea,801.0,32.7–36.9,27.2,30.6,39.8,73.3,45.0,"9,688",23.9,19%,47:53:00,2024
university of bayreuth,University of Bayreuth,Germany,DE,=509,22.9,10.3,19.3,46.4,27.0,50.1,21.9,University of Bayreuth,Germany,351.0,49.1–51.0,38.0,40.8,65.0,83.4,67.7,"8,944",24.5,14%,46:54:00,2024
east china normal university,East China Normal University,China (Mainland),CN,=511,22.8,15.2,3.7,19.1,53.1,23.3,19.6,East China Normal University,China,301.0,51.1–53.0,42.7,35.1,76.3,66.3,56.4,"28,787",14.1,8%,64:36:00,2024
soas university of london,SOAS University of London ,United Kingdom,UK,=511,22.8,18.1,9.5,18.3,15.2,100.0,99.0,SOAS University of London,United Kingdom,401.0,45.4–49.0,42.5,36.1,60.2,15.6,80.4,"4,845",14.9,45%,65:35:00,2024
bo azi i university,Boğaziçi University,Turkey,TR,=514,22.7,23.0,58.4,4.0,14.3,11.1,2.6,Boğaziçi University,Turkey,601.0,37.0–41.8,26.1,26.6,57.4,59.6,50.6,"12,877",23.5,2%,45:55:00,2024
duy tan university,Duy Tan University,Vietnam,VN,=514,22.7,10.7,26.3,3.8,33.6,37.0,1.2,Duy Tan University,Vietnam,601.0,37.0–41.8,12.1,14.2,87.5,17.4,52.5,"23,951",24.3,0%,57:43:00,2024
shanghai university,Shanghai University,China (Mainland),CN,=514,22.7,22.2,9.0,53.3,25.4,43.8,5.9,Shanghai University,China,501.0,41.9–45.3,31.8,38.0,62.7,71.3,42.9,"38,015",13.0,6%,51:49:00,2024
kyungpook national university,Kyungpook National University,South Korea,KR,=520,22.6,11.1,18.0,64.5,17.2,9.8,20.1,Kyungpook National University,South Korea,501.0,41.9–45.3,33.2,38.1,51.5,96.2,50.2,"18,432",20.1,14%,45:55:00,2024
university of hull,University of Hull,United Kingdom,UK,=523,22.5,8.5,3.5,13.0,25.4,57.4,67.4,University of Hull,United Kingdom,401.0,45.4–49.0,27.4,24.3,74.3,59.8,85.4,"12,305",18.0,21%,56:44:00,2024
edith cowan university,Edith Cowan University ,Australia,AU,529,22.2,8.7,8.1,6.2,41.0,77.5,72.6,Edith Cowan University,Australia,351.0,49.1–51.0,23.7,26.2,86.9,69.2,87.6,"17,965",29.8,24%,62:38:00,2024
aristotle university of thessaloniki,Aristotle University of Thessaloniki,Greece,GR,=530,22.1,28.7,25.9,3.8,13.5,1.4,4.0,Aristotle University of Thessaloniki,Greece,801.0,32.7–36.9,22.3,16.8,66.3,52.7,38.1,"49,654",18.2,5%,58:42:00,2024
university of genoa,University of Genoa,Italy,IT,=530,22.1,17.4,3.8,11.3,40.6,4.8,8.8,University of Genoa,Italy,401.0,45.4–49.0,36.1,28.3,78.0,73.4,47.3,"21,470",16.5,7%,58:42:00,2024
peter the great st petersburg polytechnic university,Peter the Great St. Petersburg Polytechnic University,Russia,RU,=534,22.0,16.7,9.0,77.6,3.0,15.0,87.6,Peter the Great St Petersburg Polytechnic University,Russian Federation,351.0,49.1–51.0,43.4,31.3,67.4,61.6,65.2,"16,400",10.0,33%,42:58:00,2024
university of crete,University of Crete,Greece,GR,=534,22.0,15.1,14.3,3.0,67.9,1.7,3.8,University of Crete,Greece,501.0,41.9–45.3,19.9,25.7,76.5,64.5,47.4,"14,119",26.5,4%,63:37:00,2024
university of salamanca,University of Salamanca,Spain,ES,=534,22.0,26.8,15.0,23.2,6.9,6.7,22.4,University of Salamanca,Spain,801.0,32.7–36.9,32.0,21.8,50.4,39.9,53.6,"24,707",14.7,13%,61:39:00,2024
universiti utara malaysia,Universiti Utara Malaysia (UUM),Malaysia,MY,=538,21.9,20.6,28.0,40.4,7.1,18.8,79.8,Universiti Utara Malaysia,Malaysia,401.0,45.4–49.0,38.4,27.6,69.7,28.1,78.7,"12,229",11.5,30%,73:27:00,2024
lahore university of management sciences,Lahore University of Management Sciences (LUMS),Pakistan,PK,=540,21.8,15.7,72.0,35.1,6.0,7.3,1.9,Lahore University of Management Sciences,Pakistan,801.0,32.7–36.9,23.3,16.7,60.2,43.1,53.0,"4,735",14.2,2%,43:57:00,2024
itmo university,ITMO University,Russia,RU,=542,21.7,12.0,11.6,96.2,6.9,21.4,38.9,ITMO University,Russian Federation,601.0,37.0–41.8,34.0,34.9,40.0,69.0,67.1,"10,902",14.6,18%,34 : 66,2024
bar ilan university,Bar-Ilan University,Israel,IL,=545,21.5,8.0,5.3,7.8,62.2,47.9,2.9,Bar-Ilan University,Israel,501.0,41.9–45.3,30.0,34.1,54.1,85.8,46.8,"19,599",19.0,4%,61:39:00,2024
lehigh university,Lehigh University,United States,US,=548,21.4,5.8,4.2,26.2,38.4,62.4,29.6,Lehigh University,United States,601.0,37.0–41.8,33.0,22.5,57.6,63.6,73.8,"6,518",11.2,17%,46:54:00,2024
university of eastern finland,University of Eastern Finland,Finland,FI,=548,21.4,14.8,9.7,39.4,24.6,30.9,4.8,University of Eastern Finland,Finland,501.0,41.9–45.3,28.9,31.2,69.7,67.4,48.5,"12,237",18.5,5%,67:33:00,2024
hasselt university,Hasselt University ,Belgium,BE,=551,21.3,5.8,3.4,78.8,18.3,76.0,23.9,Hasselt University,Belgium,351.0,49.1–51.0,33.5,38.1,69.1,83.9,71.6,"5,749",30.9,14%,50:50:00,2024
university of nebraska lincoln,University of Nebraska - Lincoln,United States,US,=551,21.3,10.8,5.9,18.8,33.7,30.4,8.2,University of Nebraska-Lincoln,United States,401.0,45.4–49.0,33.8,31.1,71.5,67.0,65.9,"23,920",16.6,9%,49:51:00,2024
florida international university,Florida International University,United States,US,=556,21.1,14.9,35.4,12.0,12.8,21.1,12.1,Florida International University,United States,401.0,45.4–49.0,31.0,29.3,74.2,61.5,51.0,"35,006",22.4,9%,60:40:00,2024
university of chemistry and technology prague,"University of Chemistry and Technology, Prague",Czech Republic,CZ,=556,21.1,6.1,7.9,99.0,12.9,27.8,71.9,"University of Chemistry and Technology, Prague",Czech Republic,1001.0,28.3–32.6,32.8,14.7,29.0,45.7,51.0,"4,061",8.3,23%,57:43:00,2024
chongqing university,Chongqing University,China (Mainland),CN,=561,21.0,8.4,3.8,13.2,70.4,14.7,2.2,Chongqing University,China,351.0,49.1–51.0,32.8,38.2,75.9,79.6,42.0,"42,607",20.1,2%,,2024
university of plymouth,University of Plymouth,United Kingdom,UK,=561,21.0,9.0,12.1,12.2,29.1,51.3,38.9,University of Plymouth,United Kingdom,401.0,45.4–49.0,24.4,21.9,79.5,66.1,80.6,"15,675",17.1,16%,59:41:00,2024
ateneo de manila university,Ateneo de Manila University,Philippines,PH,=563,20.9,19.7,57.9,29.0,1.7,3.3,2.7,Ateneo de Manila University,Philippines,1001.0,28.3–32.6,30.8,10.8,52.4,27.6,33.5,"14,168",11.1,1%,52:48:00,2024
university of south florida,University of South Florida,United States,US,=563,20.9,13.2,10.2,7.9,36.6,30.7,13.8,University of South Florida,United States,251.0,53.1–55.8,31.7,36.4,87.6,99.9,66.7,"40,379",19.0,13%,,2024
bond university,Bond University,Australia,AU,=567,20.8,4.7,5.2,44.1,22.8,87.7,93.6,Bond University,Australia,401.0,45.4–49.0,28.2,23.1,82.5,23.1,82.3,"3,170",11.2,34%,54:46:00,2024
national chengchi university,National Chengchi University,Taiwan,TW,=567,20.8,19.5,39.0,19.7,2.7,27.1,23.5,National Chengchi University,Taiwan,1001.0,28.3–32.6,27.6,27.8,24.8,60.6,48.8,"12,329",14.9,12%,56:44:00,2024
university of huddersfield,University of Huddersfield,United Kingdom,UK,=567,20.8,12.5,15.0,6.7,20.9,65.1,79.4,University of Huddersfield,United Kingdom,501.0,41.9–45.3,28.3,25.0,66.3,44.4,88.4,"14,270",19.8,26%,58:42:00,2024
chiang mai university,Chiang Mai University,Thailand,TH,=571,20.7,33.8,19.3,16.4,3.9,5.1,4.1,Chiang Mai University,Thailand,801.0,32.7–36.9,28.5,19.1,46.3,58.1,39.5,"33,649",13.6,4%,61:39:00,2024
coventry university,Coventry University,United Kingdom,UK,=571,20.7,9.2,12.5,15.7,6.8,74.8,100.0,Coventry University,United Kingdom,601.0,37.0–41.8,20.9,14.9,69.6,26.8,95.6,"32,635",14.9,48%,48:52:00,2024
warsaw university of technology,Warsaw University of Technology,Poland,PL,=571,20.7,22.8,49.8,38.7,4.3,1.8,10.3,Warsaw University of Technology,Poland,1201.0,22.8–28.2,22.0,19.6,33.3,53.5,31.7,"23,167",17.1,7%,32 : 68,2024
lebanese university,Lebanese University,Lebanon,LB,=577,20.5,23.7,49.8,11.6,2.1,43.3,31.9,Lebanese University,Lebanon,801.0,32.7–36.9,42.8,22.3,23.6,17.7,78.8,"46,704",14.6,16%,70:30:00,2024
taipei medical university,Taipei Medical University (TMU),Taiwan,TW,=577,20.5,10.3,15.4,91.1,17.9,15.1,15.6,Taipei Medical University,Taiwan,401.0,45.4–49.0,47.4,32.6,60.9,85.1,48.5,"5,993",8.9,10%,59:41:00,2024
abu dhabi university,Abu Dhabi University,United Arab Emirates,AE,=580,20.4,11.5,17.9,12.6,12.4,100.0,99.9,Abu Dhabi University,United Arab Emirates,201.0,55.9–58.6,48.2,30.0,85.8,25.5,97.8,"2,506",10.9,60%,51:49:00,2024
university of klagenfurt,University of Klagenfurt,Austria,AT,=580,20.4,5.5,4.3,60.2,11.4,95.2,86.6,University of Klagenfurt,Austria,501.0,41.9–45.3,31.2,19.4,72.4,48.1,87.6,"3,479",10.0,31%,67:33:00,2024
sunway university,Sunway University,Malaysia,MY,=586,20.2,10.5,44.1,52.2,7.2,35.5,24.3,Sunway University,Malaysia,601.0,37.0–41.8,24.7,14.6,71.7,17.2,78.3,"4,350",8.1,14%,52:48:00,2024
central queensland university,Central Queensland University (CQUniversity Australia),Australia,AU,=590,20.1,8.7,9.5,24.0,16.0,98.0,98.1,Central Queensland University,Australia,501.0,41.9–45.3,19.7,26.7,76.0,39.5,65.3,"12,874",25.6,11%,65:35:00,2024
manchester metropolitan university,Manchester Metropolitan University (MMU),United Kingdom,UK,=590,20.1,12.0,13.4,8.5,9.8,44.4,40.5,Manchester Metropolitan University,United Kingdom,501.0,41.9–45.3,20.5,18.5,77.4,57.7,80.6,"30,985",17.4,19%,58:42:00,2024
goldsmiths university of london,"Goldsmiths, University of London",United Kingdom,UK,=593,20.0,14.9,6.0,14.7,13.6,97.8,92.8,"Goldsmiths, University of London",United Kingdom,401.0,45.4–49.0,29.2,25.2,75.4,28.9,81.0,"8,780",14.5,38%,66:34:00,2024
university of central florida,University of Central Florida,United States,US,=593,20.0,14.4,37.1,2.8,25.7,17.1,4.5,University of Central Florida,United States,401.0,45.4–49.0,28.5,34.4,74.7,78.3,39.9,"65,269",39.1,4%,57:43:00,2024
imam abdulrahman bin faisal university,Imam Abdulrahman Bin Faisal University (IAU) (formerly UNIVERSITY OF DAMMAM),Saudi Arabia,SA,=595,19.9,7.6,7.1,85.9,2.3,98.5,16.5,Imam Abdulrahman Bin Faisal University,Saudi Arabia,601.0,37.0–41.8,27.7,13.9,70.6,20.8,75.3,"23,781",11.3,4%,84:16:00,2024
nottingham trent university,Nottingham Trent University,United Kingdom,UK,=595,19.9,10.6,20.5,10.2,5.2,56.9,61.0,Nottingham Trent University,United Kingdom,501.0,41.9–45.3,20.7,14.3,84.6,37.3,88.5,"32,545",15.4,21%,55:45:00,2024
shenzhen university,Shenzhen University,China (Mainland),CN,=595,19.9,8.4,2.3,55.2,42.6,13.2,1.4,Shenzhen University,China,351.0,49.1–51.0,27.8,34.3,85.3,57.9,42.4,"35,736",14.0,1%,49:51:00,2024
thammasat university,Thammasat University,Thailand,TH,=600,19.8,23.8,26.4,25.1,2.1,11.6,1.7,Thammasat University,Thailand,1201.0,22.8–28.2,26.3,19.1,25.7,30.1,38.1,"30,488",11.4,1%,64:36:00,2024
tulane university,Tulane University,United States,US,=600,19.8,9.6,5.0,81.5,10.4,16.9,14.5,Tulane University,United States,401.0,45.4–49.0,42.9,24.4,73.1,67.8,50.7,"12,217",7.7,9%,60:40:00,2024
charles darwin university,Charles Darwin University ,Australia,AU,601-610,-,5.8,4.7,4.0,41.3,37.4,76.7,Charles Darwin University,Australia,401.0,45.4–49.0,24.8,32.5,73.9,36.3,81.6,"7,313",33.6,27%,71:29:00,2024
drexel university,Drexel University,United States,US,601-610,-,8.4,6.1,21.1,35.1,32.8,22.3,Drexel University,United States,301.0,51.1–53.0,44.1,26.0,79.6,75.6,62.2,"16,910",11.0,15%,51:49:00,2024
jawaharlal nehru university,Jawaharlal Nehru University,India,IN,601-610,-,29.1,10.6,12.2,24.1,,1.6,Jawaharlal Nehru University,India,601.0,37.0–41.8,41.9,24.3,51.8,33.9,23.7,"9,737",16.1,1%,45:55:00,2024
umm al qura university,Umm Al-Qura University ,Saudi Arabia,SA,601-610,-,18.3,9.4,56.9,2.0,100.0,17.6,Umm Al-Qura University,Saudi Arabia,601.0,37.0–41.8,33.3,14.4,62.2,53.2,73.1,"35,180",9.6,7%,53:47:00,2024
university of szeged,University of Szeged,Hungary,HU,601-610,-,18.0,12.0,44.6,4.9,11.9,50.5,University of Szeged,Hungary,1001.0,28.3–32.6,29.9,15.8,40.5,48.1,57.8,"20,050",12.3,20%,56:44:00,2024
brno university of technology,Brno University of Technology,Czech Republic,CZ,611-620,-,13.1,34.7,22.7,6.7,9.0,70.9,Brno University of Technology,Czech Republic,1001.0,28.3–32.6,22.2,19.3,39.0,70.3,58.3,"18,137",15.5,25%,28 : 72,2024
national central university,National Central University,Taiwan,TW,611-620,-,21.5,27.1,23.0,17.8,12.9,9.1,National Central University,Taiwan,1001.0,28.3–32.6,30.8,24.9,29.7,88.8,44.4,"11,001",9.5,7%,35 : 65,2024
pusan national university,Pusan National University,South Korea,KR,611-620,-,23.0,18.5,38.0,17.1,10.4,12.4,Pusan National University,South Korea,501.0,41.9–45.3,39.2,39.1,45.1,86.6,37.8,"17,195",16.9,10%,55:45:00,2024
tokyo medical and dental university,Tokyo Medical and Dental University (TMDU),Japan,JP,611-620,-,11.5,5.8,100.0,18.2,3.5,15.3,Tokyo Medical and Dental University (TMDU),Japan,401.0,45.4–49.0,46.7,31.3,53.4,99.0,39.0,"2,990",4.4,12%,57:43:00,2024
university of minho,University of Minho,Portugal,PT,611-620,-,15.6,8.7,32.8,18.7,19.4,18.0,University of Minho,Portugal,601.0,37.0–41.8,26.3,30.3,59.3,74.7,51.9,"20,001",19.5,13%,56:44:00,2024
chang gung university,Chang Gung University,Taiwan,TW,621-630,-,5.7,4.6,70.0,43.0,4.3,4.7,Chang Gung University,Taiwan,601.0,37.0–41.8,26.5,34.6,47.2,95.5,28.5,"7,017",12.3,5%,49:51:00,2024
institut teknologi sepuluh nopember,Institut Teknologi Sepuluh Nopember (ITS Surabaya),Indonesia,ID,621-630,-,15.3,41.0,36.9,1.7,43.1,5.2,Institut Teknologi Sepuluh Nopember,Indonesia,1201.0,22.8–28.2,25.3,10.8,25.4,35.4,42.5,"20,658",7.1,6%,40 : 60,2024
northwestern polytechnical university,Northwestern Polytechnical University,China (Mainland),CN,621-630,-,5.9,2.5,46.0,53.6,13.9,4.8,Northwestern Polytechnical University,China,301.0,51.1–53.0,37.4,40.6,74.7,86.7,48.4,"36,797",14.5,4%,25 : 75,2024
stevens institute of technology,Stevens Institute of Technology,United States,US,621-630,-,2.7,2.9,4.7,52.4,37.5,91.4,Stevens Institute of Technology,United States,401.0,45.4–49.0,26.9,25.3,74.6,62.4,80.8,"6,393",18.6,30%,29 : 71,2024
universitat ramon llull,Universitat Ramon Llull,Spain,ES,621-630,-,10.4,43.7,6.3,8.5,94.7,32.2,Universitat Ramon Llull,Spain,601.0,37.0–41.8,20.7,18.2,70.3,32.1,72.6,"15,125",22.6,20%,51:49:00,2024
university of kwazulu natal,University of Kwazulu-Natal,South Africa,ZA,621-630,-,12.9,11.8,6.5,22.8,25.1,1.9,University of KwaZulu-Natal,South Africa,501.0,41.9–45.3,31.5,34.8,63.7,39.7,55.9,"33,039",27.6,2%,60:40:00,2024
university of ljubljana,University of Ljubljana,Slovenia,SI,621-630,-,20.0,9.5,35.6,6.3,4.5,10.7,University of Ljubljana,Slovenia,801.0,32.7–36.9,24.5,20.1,54.6,69.8,42.4,"40,607",13.8,9%,60:40:00,2024
university of the basque country,University of the Basque Country,Spain,ES,621-630,-,19.4,6.4,34.7,17.4,2.5,3.8,University of the Basque Country,Spain,601.0,37.0–41.8,27.0,23.9,65.8,65.5,46.2,"38,301",13.8,5%,55:45:00,2024
zhengzhou university,Zhengzhou University,China (Mainland),CN,621-630,-,5.4,19.7,4.7,65.6,,2.5,Zhengzhou University,China,601.0,37.0–41.8,18.7,19.8,82.5,35.8,25.2,"74,052",15.6,4%,48:52:00,2024
ajou university,Ajou University ,South Korea,KR,631-640,-,15.5,15.4,65.1,17.4,6.2,13.7,Ajou University,South Korea,501.0,41.9–45.3,35.6,37.7,52.8,92.3,48.0,"7,714",14.9,17%,41:59:00,2024
boston college,Boston College,United States,US,631-640,-,20.5,12.9,19.3,21.5,12.0,18.3,Boston College,United States,251.0,53.1–55.8,43.5,30.5,84.6,60.7,57.8,"13,156",14.9,10%,55:45:00,2024
jinan university,Jinan University (China),China (Mainland),CN,631-640,-,5.6,2.1,9.4,42.9,36.7,85.2,Jinan University,China,501.0,41.9–45.3,25.9,22.8,73.5,43.6,63.1,"37,555",15.0,30%,60:40:00,2024
palack university olomouc,Palacký University Olomouc,Czech Republic,CZ,631-640,-,15.0,17.9,29.6,8.6,33.3,19.5,Palacký University Olomouc,Czech Republic,801.0,32.7–36.9,23.4,23.9,49.8,36.8,61.8,"19,474",15.2,14%,68:32:00,2024
ritsumeikan university,Ritsumeikan University,Japan,JP,631-640,-,15.2,68.4,8.1,3.8,24.7,10.2,Ritsumeikan University,Japan,1201.0,22.8–28.2,19.8,13.9,27.4,30.3,46.8,"35,119",17.4,10%,37 : 63,2024
far eastern federal university,Far Eastern Federal University,Russia,RU,641-650,-,10.6,3.5,94.9,1.8,14.1,66.1,Far Eastern Federal University,Russian Federation,1201.0,22.8–28.2,31.5,19.6,21.0,26.6,62.7,"15,631",12.9,21%,59:41:00,2024
free university of bozen bolzano,Free University of Bozen-Bolzano,Italy,IT,641-650,-,5.0,1.5,11.0,47.6,74.8,26.3,Free University of Bozen-Bolzano,Italy,351.0,49.1–51.0,31.8,22.8,85.5,45.6,78.6,"4,244",10.7,14%,67:33:00,2024
memorial university of newfoundland,Memorial University of Newfoundland,Canada,CA,641-650,-,7.0,4.6,11.0,28.5,25.3,71.9,Memorial University of Newfoundland,Canada,501.0,41.9–45.3,27.5,24.5,60.9,83.2,85.7,"16,318",15.1,23%,55:45:00,2024
new jersey institute of technology,New Jersey Institute of Technology (NJIT),United States,US,641-650,-,3.9,6.1,14.0,27.5,84.5,69.9,New Jersey Institute of Technology,United States,401.0,45.4–49.0,27.4,23.5,69.2,69.8,93.6,"9,981",14.5,24%,27 : 73,2024
the new school,The New School,United States,US,641-650,-,15.9,14.9,44.3,2.8,6.0,91.7,The New School,United States,801.0,32.7–36.9,29.8,15.5,45.8,27.2,61.1,"8,644",9.3,34%,73:27:00,2024
university of bradford,University of Bradford,United Kingdom,UK,641-650,-,8.7,7.3,8.2,18.1,63.8,93.2,University of Bradford,United Kingdom,501.0,41.9–45.3,23.3,22.4,73.8,58.1,90.1,"8,970",19.5,31%,57:43:00,2024
university of houston,University of Houston,United States,US,641-650,-,13.9,10.9,4.5,34.0,8.5,9.3,University of Houston,United States,501.0,41.9–45.3,33.8,29.7,65.8,70.2,50.8,"47,963",26.3,7%,52:48:00,2024
university of modena and reggio emilia,University of Modena and Reggio Emilia,Italy,IT,641-650,-,8.7,3.2,2.3,50.3,3.9,3.8,University of Modena and Reggio Emilia,Italy,401.0,45.4–49.0,32.0,24.6,79.6,80.3,40.2,"21,836",27.0,5%,54:46:00,2024
university of windsor,University of Windsor,Canada,CA,641-650,-,3.6,4.8,2.3,33.1,87.6,75.1,University of Windsor,Canada,501.0,41.9–45.3,28.7,29.8,56.7,60.7,90.8,"14,849",34.1,35%,,2024
comsats university islamabad,COMSATS University Islamabad,Pakistan,PK,651-660,-,10.4,29.2,14.4,13.9,1.6,1.6,COMSATS University Islamabad,Pakistan,601.0,37.0–41.8,17.9,16.6,88.2,30.5,50.0,"34,323",16.0,1%,42:58:00,2024
southern cross university,Southern Cross University ,Australia,AU,651-660,-,4.7,3.4,3.2,38.6,71.2,66.2,Southern Cross University,Australia,501.0,41.9–45.3,23.5,27.7,65.4,52.8,73.7,"10,381",48.7,23%,66:34:00,2024
tallinn university of technology,Tallinn University of Technology (TalTech),Estonia,EE,651-660,-,12.9,11.4,27.6,9.6,49.5,25.0,Tallinn University of Technology,Estonia,601.0,37.0–41.8,25.7,20.6,65.7,48.1,69.1,"8,521",11.4,14%,40 : 60,2024
university of haifa,University of Haifa,Israel,IL,651-660,-,13.1,7.4,19.6,30.1,14.2,3.9,University of Haifa,Israel,601.0,37.0–41.8,23.9,30.1,68.4,64.5,34.5,"17,353",18.4,3%,66:34:00,2024
university of hohenheim,University of Hohenheim,Germany,DE,651-660,-,9.8,5.3,10.0,39.4,26.4,24.2,University of Hohenheim,Germany,251.0,53.1–55.8,35.0,35.5,85.7,80.5,61.7,"8,369",37.7,14%,57:43:00,2024
aberystwyth university,Aberystwyth University,United Kingdom,UK,661-670,-,9.5,6.4,19.5,23.5,46.1,49.5,Aberystwyth University,United Kingdom,501.0,41.9–45.3,26.3,23.0,68.5,62.4,87.3,"6,180",15.6,23%,51:49:00,2024
brandeis university,Brandeis University,United States,US,661-670,-,9.8,4.3,49.9,16.3,26.2,70.6,Brandeis University,United States,251.0,53.1–55.8,36.7,28.3,84.6,64.2,81.4,"4,791",11.6,33%,59:41:00,2024
ca foscari university of venice,Ca' Foscari University of Venice ,Italy,IT,661-670,-,18.8,14.8,4.9,14.2,35.1,8.2,Ca’ Foscari University of Venice,Italy,501.0,41.9–45.3,34.2,36.3,52.8,64.7,63.0,"15,053",29.5,7%,66:34:00,2024
lebanese american university,Lebanese American University,Lebanon,LB,661-670,-,10.5,28.2,35.5,3.2,78.9,26.4,Lebanese American University,Lebanon,501.0,41.9–45.3,26.7,13.2,76.4,32.8,84.2,"7,100",10.1,17%,52:48:00,2024
middlesex university,Middlesex University,United Kingdom,UK,661-670,-,5.6,4.8,8.3,14.3,85.1,99.6,Middlesex University,United Kingdom,501.0,41.9–45.3,22.8,18.5,80.0,46.8,93.4,"15,545",18.3,50%,59:41:00,2024
national chung hsing university,National Chung Hsing University,Taiwan,TW,661-670,-,20.2,24.1,27.6,11.8,7.9,5.6,National Chung Hsing University,Taiwan,1001.0,28.3–32.6,23.8,25.2,33.8,78.8,32.5,"14,394",15.5,6%,42:58:00,2024
princess nourah bint abdulrahman university,Princess Nourah bint Abdulrahman University,Saudi Arabia,SA,661-670,-,16.6,16.5,19.4,1.9,92.5,47.7,Princess Nourah bint Abdulrahman University,Saudi Arabia,601.0,37.0–41.8,26.7,16.3,66.1,28.3,91.7,"22,552",12.1,17%,100:00:00,2024
tokyo university of science,Tokyo University of Science,Japan,JP,661-670,-,11.0,54.8,10.6,11.7,13.3,3.8,Tokyo University of Science,Japan,1201.0,22.8–28.2,24.0,26.1,26.4,74.0,29.1,"17,662",24.0,4%,25 : 75,2024
universidad panamericana,Universidad Panamericana (UP),Mexico,MX,661-670,-,8.7,22.0,81.5,1.2,10.5,2.5,Universidad Panamericana (UP),Mexico,1501.0,9.7–22.7,23.9,9.1,12.0,16.0,43.9,"15,469",7.8,2%,48:52:00,2024
universitas padjadjaran,Universitas Padjadjaran,Indonesia,ID,661-670,-,16.8,34.0,36.6,1.4,24.0,1.7,Universitas Padjadjaran,Indonesia,1501.0,9.7–22.7,28.5,12.2,19.2,23.6,34.3,"35,498",11.3,1%,59:41:00,2024
carleton university,Carleton University,Canada,CA,671-680,-,10.9,13.9,3.1,21.8,21.6,46.0,Carleton University,Canada,501.0,41.9–45.3,22.6,31.2,67.0,75.5,77.2,"29,656",29.4,21%,50:50:00,2024
university of debrecen,University of Debrecen,Hungary,HU,671-680,-,17.3,10.3,30.4,3.7,10.6,68.0,University of Debrecen,Hungary,601.0,37.0–41.8,41.2,22.5,40.7,51.1,59.7,"19,964",12.0,24%,56:44:00,2024
university of greenwich,University of Greenwich,United Kingdom,UK,671-680,-,4.5,4.2,4.6,10.6,91.9,100.0,University of Greenwich,United Kingdom,501.0,41.9–45.3,17.8,17.5,81.2,40.9,97.2,"17,095",21.8,46%,58:42:00,2024
university of manitoba,University of Manitoba,Canada,CA,671-680,-,14.5,12.0,36.3,10.0,,27.8,University of Manitoba,Canada,351.0,49.1–51.0,31.8,34.7,76.3,62.3,59.1,"30,316",30.0,21%,54:46:00,2024
de la salle university,De La Salle University,Philippines,PH,681-690,-,21.0,45.1,10.5,4.2,2.0,2.7,De La Salle University,Philippines,1501.0,9.7–22.7,19.6,12.8,31.3,17.4,29.3,"14,905",14.5,3%,50:50:00,2024
east china university of science and technology,East China University of Science and Technology,China (Mainland),CN,681-690,-,7.5,2.6,13.0,61.4,2.7,1.8,East China University of Science and Technology,China,601.0,37.0–41.8,29.9,25.8,60.2,87.1,23.2,"30,974",18.0,2%,44:56:00,2024
shiraz university,Shiraz University,"Iran, Islamic Republic of",IR,681-690,-,5.7,10.4,5.1,54.9,1.2,1.8,Shiraz University,Iran,801.0,32.7–36.9,29.3,24.6,55.0,57.4,29.1,"14,857",20.8,2%,53:47:00,2024
taras shevchenko national university of kyiv,Taras Shevchenko National University of Kyiv,Ukraine,UA,681-690,-,19.2,38.6,33.4,2.3,1.5,5.1,Taras Shevchenko National University of Kyiv,Ukraine,1201.0,22.8–28.2,30.0,13.1,20.2,31.4,31.8,"25,937",10.6,5%,56:44:00,2024
university of kentucky,University of Kentucky,United States,US,681-690,-,10.9,11.5,18.9,26.1,20.9,3.7,University of Kentucky,United States,401.0,45.4–49.0,41.3,30.8,71.8,70.9,46.8,"27,540",11.3,3%,58:42:00,2024
inha university,Inha University,South Korea,KR,691-700,-,10.9,15.3,72.9,11.7,8.8,14.4,Inha University,South Korea,801.0,32.7–36.9,31.2,27.2,41.7,83.9,38.8,"16,035",19.2,8%,42:58:00,2024
universidade federal do rio grande do sul,Universidade Federal do Rio Grande Do Sul ,Brazil,BR,691-700,-,28.6,3.8,10.9,10.1,2.2,1.6,Universidade Federal do Rio Grande do Sul,Brazil,601.0,37.0–41.8,36.4,22.5,54.1,52.9,34.1,"45,760",16.5,1%,51:49:00,2024
university of dhaka,University of Dhaka,Bangladesh,BD,691-700,-,21.3,44.9,11.7,2.6,1.7,1.0,University of Dhaka,Bangladesh,801.0,32.7–36.9,17.5,10.0,68.8,18.1,48.5,"2,16,258",15.3,3%,50:50:00,2024
university of mons,University of Mons ,Belgium,BE,691-700,-,6.7,13.0,3.1,40.3,35.9,43.6,University of Mons,Belgium,501.0,41.9–45.3,24.8,32.5,63.9,64.0,71.5,"8,132",28.1,18%,56:44:00,2024
university of trieste,University of Trieste,Italy,IT,691-700,-,11.9,3.6,4.0,45.5,6.4,7.6,University of Trieste,Italy,501.0,41.9–45.3,31.9,25.1,74.2,52.3,52.0,"17,196",26.0,7%,57:43:00,2024
v n karazin kharkiv national university,V. N. Karazin Kharkiv National University,Ukraine,UA,691-700,-,12.6,17.9,66.0,1.4,3.1,58.8,V.N. Karazin Kharkiv National University,Ukraine,1201.0,22.8–28.2,26.4,10.9,8.8,46.6,47.2,"17,491",8.3,28%,53:47:00,2024
altai state university,Altai State University,Russia,RU,701-710,-,10.0,3.7,84.4,1.4,6.7,69.9,Altai State University,Russian Federation,1501.0,9.7–22.7,20.5,16.5,15.2,25.2,64.4,"9,271",19.0,27%,56:44:00,2024
chiba university,Chiba University,Japan,JP,701-710,-,16.8,8.4,62.3,10.9,7.5,5.2,Chiba University,Japan,801.0,32.7–36.9,33.2,20.9,42.0,68.9,33.9,"13,832",8.9,6%,38 : 62,2024
e tv s lor nd university,Eötvös Loránd University,Hungary,HU,701-710,-,23.9,16.8,13.2,7.8,5.0,11.3,Eötvös Loránd University,Hungary,801.0,32.7–36.9,28.6,19.2,57.3,33.4,51.3,"30,414",17.8,11%,61:39:00,2024
wake forest university,Wake Forest University,United States,US,701-710,-,5.4,6.1,100.0,11.0,5.4,13.5,Wake Forest University,United States,401.0,45.4–49.0,39.6,22.0,80.6,78.5,38.7,"8,293",4.1,9%,54:46:00,2024
zayed university,Zayed University,United Arab Emirates,AE,701-710,-,14.5,17.3,22.0,6.3,100.0,2.0,Zayed University,United Arab Emirates,401.0,45.4–49.0,28.3,25.4,85.7,35.0,74.5,"9,036",14.4,2%,87:13:00,2024
beirut arab university,Beirut Arab University ,Lebanon,LB,711-720,-,13.4,18.8,16.5,2.7,80.1,51.3,Beirut Arab University,Lebanon,501.0,41.9–45.3,48.5,24.6,47.3,18.6,88.2,"4,834",10.4,21%,45:55:00,2024
china university of petroleum,China University of Petroleum,China (Mainland),CN,711-720,-,3.8,1.5,9.8,64.8,1.5,3.2,China University of Petroleum (East China),China,801.0,32.7–36.9,22.2,23.0,54.3,68.2,23.8,"29,292",17.0,2%,33 : 67,2024
istanbul university,Istanbul University,Turkey,TR,711-720,-,26.4,19.1,3.0,4.2,6.4,15.7,Istanbul University,Turkey,1001.0,28.3–32.6,23.5,22.0,34.4,50.9,38.2,"61,369",25.4,9%,56:44:00,2024
savitribai phule pune university,Savitribai Phule Pune University,India,IN,711-720,-,7.8,11.3,55.1,30.4,1.2,3.3,Savitribai Phule Pune University,India,801.0,32.7–36.9,44.0,11.8,54.5,22.8,25.2,"5,871",9.6,4%,44:56:00,2024
university of maryland baltimore county,"University of Maryland, Baltimore County",United States,US,711-720,-,10.6,13.1,13.4,18.1,59.4,15.9,"University of Maryland, Baltimore County",United States,601.0,37.0–41.8,28.8,24.6,61.5,66.8,50.1,"11,668",17.2,11%,46:54:00,2024
university of westminster,University of Westminster,United Kingdom,UK,711-720,-,12.9,6.7,5.9,6.0,78.4,100.0,University of Westminster,United Kingdom,801.0,32.7–36.9,19.4,18.1,55.3,40.0,87.1,"17,315",19.8,48%,60:40:00,2024
victoria university,Victoria University ,Australia,AU,711-720,-,7.6,6.5,2.4,34.6,34.1,57.6,Victoria University,Australia,401.0,45.4–49.0,27.4,29.9,73.1,57.2,75.5,"14,113",40.0,19%,57:43:00,2024
ain shams university,Ain Shams University ,Egypt,EG,721-730,-,22.4,25.4,10.2,1.9,25.0,5.6,Ain Shams University,Egypt,1001.0,28.3–32.6,27.9,15.3,45.8,48.0,51.8,"1,52,995",13.3,6%,52:48:00,2024
jeonbuk national university,Jeonbuk National University,South Korea,KR,721-730,-,16.7,10.7,65.8,9.7,8.2,7.4,Jeonbuk National University,South Korea,801.0,32.7–36.9,30.2,27.3,45.0,68.1,34.1,"20,118",19.6,7%,46:54:00,2024
temple university,Temple University,United States,US,721-730,-,12.5,7.9,26.4,18.8,3.4,5.7,Temple University,United States,351.0,49.1–51.0,40.7,24.3,85.2,70.4,43.6,"34,069",12.3,6%,56:44:00,2024
ton duc thang university,Ton Duc Thang University,Vietnam,VN,721-730,-,4.2,10.2,5.1,34.6,18.4,1.6,Ton Duc Thang University,Vietnam,601.0,37.0–41.8,12.9,16.0,90.6,20.9,63.1,"28,400",21.9,1%,57:43:00,2024
university of belgrade,University of Belgrade,Serbia,RS,721-730,-,17.8,5.2,4.3,5.3,2.9,4.3,University of Belgrade,Serbia,801.0,32.7–36.9,21.3,27.0,49.4,34.0,42.3,"91,494",18.2,5%,62:38:00,2024
university of oregon,University of Oregon,United States,US,721-730,-,17.7,8.6,11.2,24.0,12.5,4.5,University of Oregon,United States,401.0,45.4–49.0,31.1,30.5,79.4,70.2,43.2,"21,185",13.0,6%,55:45:00,2024
adam mickiewicz university pozna,"Adam Mickiewicz University, Poznań",Poland,PL,731-740,-,15.8,8.7,29.7,5.0,7.0,7.0,"Adam Mickiewicz University, Poznań",Poland,1001.0,28.3–32.6,19.7,28.4,43.5,29.6,37.8,"33,268",25.0,6%,68:32:00,2024
alfaisal university,Alfaisal University,Saudi Arabia,SA,731-740,-,3.9,3.2,23.9,10.7,100.0,89.4,Alfaisal University,Saudi Arabia,501.0,41.9–45.3,24.1,15.2,72.7,42.1,97.7,"3,274",10.8,32%,56:44:00,2024
bournemouth university,Bournemouth University,United Kingdom,UK,731-740,-,5.7,8.3,6.1,17.4,81.2,50.1,Bournemouth University,United Kingdom,401.0,45.4–49.0,23.2,21.1,86.7,38.4,89.0,"14,260",19.1,21%,53:47:00,2024
national technical university of ukraine igor sikorsky kyiv polytechnic institute,"National Technical University of Ukraine ""Igor Sikorsky Kyiv Polytechnic Institute""",Ukraine,UA,731-740,-,16.1,33.7,47.0,1.5,1.1,2.5,National Technical University of Ukraine – Igor Sikorsky Kyiv Polytechnic Institute,Ukraine,1201.0,22.8–28.2,26.5,9.9,16.0,22.2,22.4,"21,170",8.0,3%,30 : 70,2024
universidade federal de s o paulo,Universidade Federal de São Paulo,Brazil,BR,731-740,-,11.4,4.3,97.0,6.3,5.0,1.5,Universidade Federal de São Paulo (UNIFESP),Brazil,801.0,32.7–36.9,33.2,22.5,48.2,47.2,35.2,"19,803",11.3,1%,59:41:00,2024
university of siena,University of Siena,Italy,IT,731-740,-,12.5,2.6,8.6,33.2,2.1,15.1,University of Siena,Italy,501.0,41.9–45.3,25.0,25.6,75.9,74.9,48.7,"13,115",18.1,10%,63:37:00,2024
budapest university of technology and economics,Budapest University of Technology and Economics,Hungary,HU,741-750,-,14.3,19.4,15.2,8.9,2.5,18.8,Budapest University of Technology and Economics,Hungary,1201.0,22.8–28.2,22.2,18.3,35.8,59.3,37.6,"18,621",16.9,13%,31 : 69,2024
instituto polit cnico nacional,Instituto Politécnico Nacional (IPN),Mexico,MX,741-750,-,20.4,40.2,8.7,2.1,2.6,1.1,Instituto Politécnico Nacional (IPN),Mexico,1501.0,9.7–22.7,20.7,9.9,14.5,26.7,25.5,"1,41,583",13.0,0%,42:58:00,2024
jadavpur university,Jadavpur University,India,IN,741-750,-,16.3,5.1,8.3,37.9,,1.0,Jadavpur University,India,1001.0,28.3–32.6,35.3,15.8,46.0,35.4,19.2,"14,338",21.3,0%,31 : 69,2024
university of the punjab,University of the Punjab,Pakistan,PK,741-750,-,14.2,52.3,5.3,9.8,2.9,1.3,University of the Punjab,Pakistan,801.0,32.7–36.9,27.7,14.7,62.4,24.9,46.7,"28,692",22.0,1%,52:48:00,2024
university of the west of england,University of the West of England,United Kingdom,UK,741-750,-,9.2,9.4,8.4,10.8,48.4,75.8,University of the West of England,United Kingdom,501.0,41.9–45.3,19.5,15.0,82.6,30.2,78.6,"26,890",15.9,25%,52:48:00,2024
kasetsart university,Kasetsart University,Thailand,TH,751-760,-,24.3,21.8,6.2,2.5,4.8,1.3,Kasetsart University,Thailand,1501.0,9.7–22.7,18.1,12.6,23.5,25.7,33.8,"70,633",18.7,1%,62:38:00,2024
liverpool john moores university,Liverpool John Moores University,United Kingdom,UK,751-760,-,9.9,6.8,8.4,14.5,48.1,24.4,Liverpool John Moores University,United Kingdom,501.0,41.9–45.3,21.6,19.3,77.7,35.4,83.0,"23,200",18.1,16%,54:46:00,2024
riga technical university,Riga Technical University,Latvia,LV,751-760,-,11.4,28.2,19.7,2.9,16.4,59.9,Riga Technical University,Latvia,1001.0,28.3–32.6,26.4,23.9,32.0,46.4,57.0,"10,830",31.7,22%,34 : 66,2024
universit du qu bec,Université du Québec,Canada,CA,751-760,-,17.3,11.8,1.6,16.3,37.1,11.6,Université du Québec,Canada,401.0,45.4–49.0,33.7,33.8,57.2,71.5,74.3,"51,748",18.4,11%,58:42:00,2024
university of ulsan,University of Ulsan ,South Korea,KR,751-760,-,6.9,2.5,57.8,34.3,2.5,3.4,University of Ulsan,South Korea,501.0,41.9–45.3,29.4,26.6,69.0,86.6,25.2,"12,223",10.8,4%,48:52:00,2024
university of zagreb,University of Zagreb,Croatia,HR,751-760,-,16.2,4.7,23.8,4.2,1.5,2.7,University of Zagreb,Croatia,1001.0,28.3–32.6,26.0,15.9,44.7,59.7,31.2,"58,474",14.8,3%,60:40:00,2024
wayne state university,Wayne State University,United States,US,751-760,-,7.8,3.2,64.7,12.3,12.5,4.8,Wayne State University,United States,501.0,41.9–45.3,36.4,20.4,70.2,79.3,41.8,"22,523",13.0,5%,61:39:00,2024
hacettepe university,Hacettepe University ,Turkey,TR,761-770,-,20.4,22.7,10.1,6.0,3.2,3.4,Hacettepe University,Turkey,601.0,37.0–41.8,32.5,26.8,50.4,73.5,27.5,"37,249",19.9,3%,58:42:00,2024
king khalid university,King Khalid University,Saudi Arabia,SA,761-770,-,12.8,5.1,43.0,2.2,100.0,10.2,King Khalid University,Saudi Arabia,501.0,41.9–45.3,29.8,20.1,70.3,48.6,91.0,"32,078",8.3,16%,61:39:00,2024
universiti tenaga nasional,Universiti Tenaga Nasional (UNITEN),Malaysia,MY,761-770,-,7.3,13.8,49.1,14.6,5.7,50.2,Universiti Tenaga Nasional (UNITEN),Malaysia,601.0,37.0–41.8,25.1,16.8,58.0,70.8,60.8,"4,300",9.0,19%,32 : 68,2024
virginia commonwealth university,Virginia Commonwealth University,United States,US,761-770,-,6.7,16.5,43.1,13.7,15.9,3.2,Virginia Commonwealth University,United States,401.0,45.4–49.0,36.4,23.2,82.8,72.7,36.5,"25,944",10.6,3%,63:37:00,2024
sechenov university,Sechenov University,Russia,RU,771-780,-,5.8,4.4,59.7,3.4,9.6,66.0,Sechenov University,Russian Federation,801.0,32.7–36.9,32.6,17.1,47.7,39.4,62.1,"15,885",8.1,26%,69:31:00,2024
shoolini university of biotechnology and management sciences,Shoolini University of Biotechnology and Management Sciences,India,IN,771-780,-,8.3,12.6,7.3,42.4,24.2,1.7,Shoolini University of Biotechnology and Management Sciences,India,501.0,41.9–45.3,27.6,17.9,85.2,17.7,70.0,"3,251",15.3,1%,47:53:00,2024
university of brighton,University of Brighton,United Kingdom,UK,771-780,-,8.4,7.0,8.9,15.8,56.2,54.2,University of Brighton,United Kingdom,801.0,32.7–36.9,19.8,16.5,53.9,60.9,84.4,"14,525",18.0,22%,60:40:00,2024
university of northern british columbia,University of Northern British Columbia,Canada,CA,781-790,-,3.8,8.5,100.0,1.1,,,University of Northern British Columbia (UNBC),Canada,801.0,32.7–36.9,21.1,21.8,51.7,21.4,52.0,"2,937",16.5,12%,61:39:00,2024
keele university,Keele University ,United Kingdom,UK,781-790,-,6.7,4.3,15.2,27.1,53.1,33.2,Keele University,United Kingdom,501.0,41.9–45.3,21.5,24.6,73.3,66.1,81.3,"9,610",15.8,15%,60:40:00,2024
national institute of technology tiruchirappalli,National Institute of Technology Tiruchirappalli,India,IN,781-790,-,3.7,2.7,11.8,58.9,,2.1,"National Institute of Technology, Tiruchirappalli",India,801.0,32.7–36.9,33.8,17.1,60.2,27.1,21.2,"7,462",20.4,2%,24 : 76,2024
syracuse university,Syracuse University,United States,US,781-790,-,13.6,9.6,11.8,13.7,4.8,44.1,Syracuse University,United States,401.0,45.4–49.0,33.8,28.2,73.3,72.7,56.5,"19,214",14.1,21%,53:47:00,2024
the catholic university of korea,The Catholic University of Korea ,South Korea,KR,781-790,-,3.6,2.7,99.0,12.0,3.3,13.0,The Catholic University of Korea,South Korea,601.0,37.0–41.8,30.7,38.7,42.9,89.9,36.2,"7,389",17.9,7%,57:43:00,2024
universiti malaysia pahang,Universiti Malaysia Pahang,Malaysia,MY,781-790,-,10.1,7.1,15.2,28.3,23.6,9.7,Universiti Malaysia Pahang,Malaysia,601.0,37.0–41.8,27.4,19.0,67.5,28.3,57.9,"8,331",13.5,8%,49:51:00,2024
university of alaska fairbanks,University of Alaska Fairbanks,United States,US,781-790,-,3.1,3.2,99.6,13.4,6.7,3.1,University of Alaska Fairbanks,United States,501.0,41.9–45.3,34.5,31.0,63.1,47.5,70.1,"2,829",7.9,6%,55:45:00,2024
american university,American University,United States,US,791-800,-,16.2,22.8,30.0,4.1,3.0,15.6,American University,United States,601.0,37.0–41.8,35.2,17.1,57.2,38.5,46.5,"12,771",12.0,12%,62:38:00,2024
clarkson university,Clarkson University,United States,US,791-800,-,1.6,2.4,16.9,39.0,64.7,8.6,Clarkson University,United States,801.0,32.7–36.9,29.9,18.0,41.2,67.4,63.3,"3,871",15.5,8%,34 : 66,2024
diponegoro university,Diponegoro University,Indonesia,ID,791-800,-,17.2,33.9,15.7,1.4,22.8,2.8,Diponegoro University,Indonesia,1501.0,9.7–22.7,27.1,15.4,19.1,42.9,35.1,"35,688",18.0,2%,56:44:00,2024
plekhanov russian university of economics,Plekhanov Russian University of Economics,Russia,RU,791-800,-,12.6,14.3,49.6,2.8,6.0,21.2,Plekhanov Russian University of Economics,Russian Federation,1001.0,28.3–32.6,25.9,12.9,44.7,20.6,59.0,"12,595",9.1,15%,57:43:00,2024
university of brescia,University of Brescia,Italy,IT,791-800,-,3.9,2.1,6.8,50.4,2.6,6.9,University of Brescia,Italy,401.0,45.4–49.0,24.4,19.2,89.3,62.4,44.9,"14,615",24.2,6%,47:53:00,2024
university of engineering technology lahore,University of Engineering & Technology (UET) Lahore,Pakistan,PK,791-800,-,8.9,44.8,16.4,5.7,1.1,3.6,University of Engineering & Technology (UET) Lahore,Pakistan,1001.0,28.3–32.6,18.8,9.9,53.5,24.1,50.6,"12,720",13.4,2%,29 : 71,2024
university of patras,University of Patras,Greece,GR,791-800,-,12.1,17.7,2.7,24.0,1.5,5.1,University of Patras,Greece,801.0,32.7–36.9,19.0,17.8,56.2,68.4,35.1,"31,172",29.4,5%,51:49:00,2024
auburn university,Auburn University,United States,US,801-850,-,7.2,8.5,7.4,19.0,23.9,7.8,Auburn University,United States,501.0,41.9–45.3,36.0,25.7,59.6,69.3,57.7,"27,670",18.2,8%,50:50:00,2024
australian catholic university,Australian Catholic University,Australia,AU,801-850,-,8.3,10.5,4.7,13.5,70.2,43.2,Australian Catholic University,Australia,401.0,45.4–49.0,16.8,25.7,97.0,21.9,80.7,"23,843",38.4,14%,76:24:00,2024
bangladesh university of engineering and technology,Bangladesh University of Engineering and Technology,Bangladesh,BD,801-850,-,15.6,34.8,16.9,12.0,,1.0,Bangladesh University of Engineering and Technology,Bangladesh,1001.0,28.3–32.6,21.7,15.8,50.7,35.2,29.8,"6,237",13.2,0%,0.970833333,2024
charles sturt university,Charles Sturt University ,Australia,AU,801-850,-,5.0,6.0,7.0,8.6,31.7,74.0,Charles Sturt University,Australia,801.0,32.7–36.9,18.5,17.9,55.1,58.0,66.3,"21,133",24.6,13%,63:37:00,2024
clark university,Clark University,United States,US,801-850,-,3.0,5.3,23.4,18.3,14.2,72.6,Clark University,United States,601.0,37.0–41.8,26.6,20.8,66.8,54.0,70.5,"3,217",12.2,27%,59:41:00,2024
de montfort university,De Montfort University,United Kingdom,UK,801-850,-,5.5,4.8,5.8,7.6,75.3,97.5,De Montfort University,United Kingdom,601.0,37.0–41.8,17.8,15.1,71.0,45.0,93.9,"23,125",18.5,37%,56:44:00,2024
edinburgh napier university,Edinburgh Napier University,United Kingdom,UK,801-850,-,4.9,4.2,4.1,10.4,73.8,87.9,Edinburgh Napier University,United Kingdom,501.0,41.9–45.3,18.1,18.4,77.9,47.7,93.7,"12,415",22.4,34%,52:48:00,2024
immanuel kant baltic federal university,Immanuel Kant Baltic Federal University,Russia,RU,801-850,-,8.1,2.3,75.5,1.8,17.9,32.0,Immanuel Kant Baltic Federal University,Russian Federation,1201.0,22.8–28.2,35.9,18.8,16.9,34.4,62.4,"6,857",17.1,19%,59:41:00,2024
ivane javakhishvili tbilisi state university,Ivane Javakhishvili Tbilisi State University,Georgia,GE,801-850,-,9.7,2.6,76.0,1.2,1.9,3.5,Ivane Javakhishvili Tbilisi State University,Georgia,1501.0,9.7–22.7,15.9,11.3,22.2,18.0,46.7,"23,278",30.6,3%,61:39:00,2024
jouf university,Jouf University,Saudi Arabia,SA,801-850,-,8.8,5.3,45.1,1.9,100.0,2.8,Jouf University,Saudi Arabia,601.0,37.0–41.8,30.5,18.3,58.3,21.3,76.7,"19,006",9.6,3%,64:36:00,2024
kaunas university of technology,Kaunas University of Technology,Lithuania,LT,801-850,-,11.3,21.8,31.5,6.8,3.3,24.1,Kaunas University of Technology,Lithuania,1201.0,22.8–28.2,22.2,15.3,39.0,36.9,39.2,"7,986",13.3,8%,36 : 64,2024
konkuk university,Konkuk University ,South Korea,KR,801-850,-,9.4,9.3,59.0,13.8,7.7,9.8,Konkuk University,South Korea,601.0,37.0–41.8,32.2,37.6,49.1,73.7,45.0,"12,805",25.2,15%,48:52:00,2024
louisiana state university,Louisiana State University,United States,US,801-850,-,9.7,8.3,7.1,16.2,10.1,4.1,Louisiana State University,United States,601.0,37.0–41.8,32.7,21.4,61.1,63.1,47.8,"31,112",19.4,4%,55:45:00,2024
maynooth university,Maynooth University,Ireland,IE,801-850,-,10.0,9.2,8.7,12.6,89.4,15.6,Maynooth University,Ireland,401.0,45.4–49.0,21.1,30.7,77.0,58.3,74.8,"11,885",28.5,12%,56:44:00,2024
nagasaki university,Nagasaki University,Japan,JP,801-850,-,6.9,2.2,84.2,6.2,6.5,4.2,Nagasaki University,Japan,1201.0,22.8–28.2,29.4,14.8,28.5,48.4,40.3,"8,782",6.7,5%,39 : 61,2024
nanjing university of aeronautics and astronautics,Nanjing University of Aeronautics and Astronautics,China (Mainland),CN,801-850,-,4.7,2.6,13.1,47.3,5.7,3.2,Nanjing University of Aeronautics and Astronautics,China,601.0,37.0–41.8,28.2,31.6,50.1,71.4,24.7,"33,883",15.4,3%,,2024
north west university,North-West University,South Africa,ZA,801-850,-,7.1,9.1,5.2,13.0,5.8,2.4,North-West University,South Africa,601.0,37.0–41.8,22.7,18.7,64.3,48.0,56.6,"39,684",25.5,3%,61:39:00,2024
texas tech university,Texas Tech University,United States,US,801-850,-,11.0,11.8,5.0,15.3,8.5,7.1,Texas Tech University,United States,601.0,37.0–41.8,30.7,20.9,56.9,58.0,58.9,"37,331",21.1,6%,50:50:00,2024
tokyo university of agriculture and technology,Tokyo University of Agriculture and Technology ,Japan,JP,801-850,-,13.6,6.7,13.3,32.9,5.8,9.5,Tokyo University of Agriculture and Technology,Japan,801.0,32.7–36.9,35.0,29.1,29.6,84.5,38.1,"5,834",15.6,7%,34 : 66,2024
universidad pontificia bolivariana,Universidad Pontificia Bolivariana ,Colombia,CO,801-850,-,9.3,15.4,69.9,1.6,4.9,2.1,Universidad Pontificia Bolivariana (UPB),Colombia,1501.0,9.7–22.7,24.2,10.6,10.2,26.8,37.2,"10,565",10.6,2%,57:43:00,2024
universidad san francisco de quito,Universidad San Francisco de Quito (USFQ),Ecuador,EC,801-850,-,14.4,10.7,36.1,2.3,56.9,2.0,Universidad San Francisco de Quito,Ecuador,1001.0,28.3–32.6,22.3,11.1,48.9,17.4,67.0,"7,874",10.2,2%,50:50:00,2024
universidade federal de santa catarina,Universidade Federal de Santa Catarina ,Brazil,BR,801-850,-,19.6,4.4,19.0,8.0,4.4,2.0,Universidade Federal de Santa Catarina,Brazil,801.0,32.7–36.9,32.5,21.6,41.6,64.2,35.3,"42,576",17.7,2%,49:51:00,2024
universiti tunku abdul rahman,Universiti Tunku Abdul Rahman (UTAR),Malaysia,MY,801-850,-,12.9,36.4,11.1,5.1,8.4,3.3,Universiti Tunku Abdul Rahman (UTAR),Malaysia,1001.0,28.3–32.6,16.8,17.1,48.1,53.6,45.3,"19,080",17.2,9%,51:49:00,2024
university of alicante,University of Alicante,Spain,ES,801-850,-,13.4,6.2,22.9,8.0,4.6,14.0,University of Alicante,Spain,1001.0,28.3–32.6,25.0,19.8,43.8,51.6,44.6,"22,767",14.5,10%,59:41:00,2024
university of calcutta,University of Calcutta,India,IN,801-850,-,15.7,4.3,5.6,20.3,25.9,1.1,University of Calcutta,India,1001.0,28.3–32.6,40.0,15.2,33.7,30.3,19.3,"17,879",14.2,0%,54:46:00,2024
university of latvia,University of Latvia,Latvia,LV,801-850,-,12.5,17.8,5.1,6.1,12.5,5.3,University of Latvia,Latvia,1001.0,28.3–32.6,18.6,27.1,40.3,42.5,47.6,"12,125",30.2,7%,69:31:00,2024
university of salerno,University of Salerno,Italy,IT,801-850,-,7.9,2.1,4.8,31.9,3.4,1.8,University of Salerno,Italy,501.0,41.9–45.3,21.9,24.4,79.2,52.4,37.4,"26,142",26.5,2%,55:45:00,2024
university of santo tomas,University of Santo Tomas,Philippines,PH,801-850,-,11.5,33.5,15.7,1.3,41.4,8.2,University of Santo Tomas,Philippines,1501.0,9.7–22.7,19.6,9.5,25.8,20.7,67.0,"31,813",13.3,7%,51:49:00,2024
verona university,Verona University,Italy,IT,801-850,-,8.7,2.9,4.8,40.0,4.7,3.6,Verona University,Italy,401.0,45.4–49.0,29.6,26.2,84.1,67.0,46.0,"20,968",26.0,4%,64:36:00,2024
vilnius gediminas technical university,Vilnius Gediminas Technical University,Lithuania,LT,801-850,-,9.0,16.7,40.9,7.3,15.8,38.8,Vilnius Gediminas Technical University (Vilnius Tech),Lithuania,1201.0,22.8–28.2,22.0,16.3,36.0,57.8,47.2,"8,369",12.3,11%,34 : 66,2024
vytautas magnus university,Vytautas Magnus University,Lithuania,LT,801-850,-,11.0,20.6,38.5,2.1,15.1,40.2,Vytautas Magnus University,Lithuania,1201.0,22.8–28.2,22.4,12.3,27.4,20.9,61.9,"8,210",11.2,15%,61:39:00,2024
yokohama city university,Yokohama City University,Japan,JP,801-850,-,3.3,2.6,97.7,10.3,4.1,2.4,Yokohama City University,Japan,801.0,32.7–36.9,28.4,11.3,59.4,62.4,29.0,"5,144",6.0,3%,55:45:00,2024
chonnam national university,Chonnam National University,South Korea,KR,851-900,-,11.7,5.0,44.0,14.3,11.4,6.5,Chonnam National University,South Korea,801.0,32.7–36.9,28.5,28.3,43.6,57.5,32.8,"22,051",17.7,7%,49:51:00,2024
chungnam national university,Chungnam National University,South Korea,KR,851-900,-,11.7,8.0,45.3,10.6,8.2,10.7,Chungnam National University,South Korea,801.0,32.7–36.9,29.9,29.7,34.9,71.7,26.0,"20,334",19.8,4%,47:53:00,2024
cy cergy paris university,CY Cergy Paris University,France,FR,851-900,-,3.4,2.7,41.9,6.5,54.3,45.1,CY Cergy Paris University,France,801.0,32.7–36.9,23.8,25.3,44.4,56.6,92.7,"16,082",19.5,26%,52:48:00,2024
gda sk university of technology,Gdańsk University of Technology,Poland,PL,851-900,-,9.2,14.4,36.3,11.8,3.3,7.1,Gdańsk University of Technology,Poland,1001.0,28.3–32.6,19.7,17.0,48.3,50.7,35.0,"13,903",17.9,5%,38 : 62,2024
georgia state university,Georgia State University,United States,US,851-900,-,11.7,13.6,4.9,20.3,10.5,7.4,Georgia State University,United States,401.0,45.4–49.0,35.0,25.4,72.6,65.2,57.1,"30,821",15.7,7%,61:39:00,2024
kanazawa university,Kanazawa University,Japan,JP,851-900,-,9.3,4.4,60.8,12.1,9.2,5.8,Kanazawa University,Japan,1001.0,28.3–32.6,35.5,18.8,35.4,70.4,33.6,"10,271",9.9,6%,37 : 63,2024
kansas state university,Kansas State University ,United States,US,851-900,-,8.9,8.0,12.0,20.0,24.0,5.2,Kansas State University,United States,601.0,37.0–41.8,32.9,20.9,57.4,66.9,57.5,"19,332",13.8,6%,53:47:00,2024
king faisal university,King Faisal University,Saudi Arabia,SA,851-900,-,15.0,8.6,11.4,2.4,99.2,2.0,King Faisal University,Saudi Arabia,801.0,32.7–36.9,19.9,12.2,68.0,31.4,75.5,"29,628",14.5,2%,60:40:00,2024
kuwait university,Kuwait University,Kuwait,KW,851-900,-,13.6,8.3,6.4,2.2,30.4,21.0,Kuwait University,Kuwait,1001.0,28.3–32.6,19.5,9.9,55.5,28.9,66.4,"34,147",14.7,13%,73:27:00,2024
london south bank university,London South Bank University,United Kingdom,UK,851-900,-,3.5,2.9,8.3,5.6,78.2,95.9,London South Bank University,United Kingdom,601.0,37.0–41.8,18.6,12.4,65.9,52.4,92.3,"14,510",17.5,37%,56:44:00,2024
national research saratov state university,National Research Saratov State University,Russia,RU,851-900,-,5.2,2.5,95.8,1.7,3.2,18.2,National Research Saratov State University,Russian Federation,1501.0,9.7–22.7,26.8,16.1,17.6,39.1,38.0,"9,664",9.3,11%,58:42:00,2024
niigata university,Niigata University,Japan,JP,851-900,-,4.9,3.3,88.1,4.6,4.2,3.3,Niigata University,Japan,1001.0,28.3–32.6,30.6,15.0,41.8,49.7,29.0,"11,942",7.2,3%,37 : 63,2024
north south university,North South University,Bangladesh,BD,851-900,-,12.1,48.4,5.6,2.3,12.2,2.4,North South University,Bangladesh,801.0,32.7–36.9,12.9,10.0,76.1,15.8,43.3,"18,681",21.3,0%,42:58:00,2024
oklahoma state university,Oklahoma State University ,United States,US,851-900,-,8.4,9.7,10.7,15.1,37.3,4.3,Oklahoma State University,United States,601.0,37.0–41.8,34.1,20.9,60.8,65.8,56.0,"21,239",14.1,5%,52:48:00,2024
pavol jozef af rik university in ko ice,Pavol Jozef Šafárik University in Košice,Slovakia,SK,851-900,-,5.1,3.6,55.5,3.6,2.0,63.8,Pavol Jozef Šafárik University in Košice,Slovakia,1201.0,22.8–28.2,40.7,10.2,17.1,24.9,62.1,"7,060",10.3,24%,67:33:00,2024
southern federal university,Southern Federal University,Russia,RU,851-900,-,7.6,3.6,77.8,1.8,3.5,23.1,Southern Federal University,Russian Federation,1201.0,22.8–28.2,27.9,14.3,21.4,32.1,40.3,"19,181",11.3,11%,54:46:00,2024
technological university dublin,Technological University Dublin,Ireland,IE,851-900,-,12.1,12.4,12.6,3.1,32.7,39.6,Technological University Dublin,Ireland,1001.0,28.3–32.6,19.1,13.1,45.6,66.0,64.9,"20,801",18.7,18%,44:56:00,2024
tu dortmund university,TU Dortmund University,Germany,DE,851-900,-,13.6,13.8,22.2,7.4,20.2,19.1,TU Dortmund University,Germany,401.0,45.4–49.0,35.7,42.2,62.3,72.0,57.3,"19,477",56.0,15%,49:51:00,2024
university of bucharest,University of Bucharest,Romania,RO,851-900,-,15.5,13.8,6.5,4.2,2.8,1.9,University of Bucharest,Romania,1001.0,28.3–32.6,24.8,21.1,43.2,25.3,29.1,"32,362",33.3,2%,70:30:00,2024
university of east london,University of East London,United Kingdom,UK,851-900,-,3.6,3.5,3.5,6.7,74.2,100.0,University of East London,United Kingdom,1001.0,28.3–32.6,21.8,15.1,41.0,28.2,84.9,"14,480",26.1,52%,56:44:00,2024
university of hertfordshire,University of Hertfordshire,United Kingdom,UK,851-900,-,4.7,4.8,6.4,5.6,63.4,99.5,University of Hertfordshire,United Kingdom,601.0,37.0–41.8,18.6,13.4,67.2,33.9,91.6,"20,480",16.3,40%,52:48:00,2024
university of lincoln,University of Lincoln,United Kingdom,UK,851-900,-,6.1,5.1,9.1,11.3,64.6,30.1,University of Lincoln,United Kingdom,501.0,41.9–45.3,19.9,18.7,82.2,24.7,80.2,"15,020",16.1,13%,55:45:00,2024
university of malta,University of Malta,Malta,MT,851-900,-,5.3,5.2,38.2,6.5,15.1,11.2,University of Malta,Malta,801.0,32.7–36.9,23.4,16.2,60.6,20.5,53.8,"10,056",12.3,14%,59:41:00,2024
university of maribor,University of Maribor,Slovenia,SI,851-900,-,7.0,6.7,30.8,6.7,1.9,14.3,University of Maribor,Slovenia,1201.0,22.8–28.2,20.1,16.9,40.8,36.5,38.9,"12,919",14.4,11%,54:46:00,2024
university of messina,University of Messina (UniME),Italy,IT,851-900,-,8.3,2.5,12.7,29.4,1.4,4.4,University of Messina,Italy,501.0,41.9–45.3,30.5,25.3,79.1,59.5,34.1,"13,509",21.1,3%,63:37:00,2024
university of palermo,University of Palermo,Italy,IT,851-900,-,10.9,2.4,5.1,27.5,2.4,1.9,University of Palermo,Italy,601.0,37.0–41.8,18.9,22.5,69.8,47.2,34.8,"33,972",22.0,1%,59:41:00,2024
university of parma,University of Parma,Italy,IT,851-900,-,9.4,2.7,2.6,34.6,2.0,6.3,University of Parma,Italy,601.0,37.0–41.8,19.4,22.6,72.2,65.9,38.7,"29,840",33.4,6%,58:42:00,2024
university of salford,University of Salford,United Kingdom,UK,851-900,-,7.4,4.0,6.7,7.8,38.1,70.1,University of Salford,United Kingdom,801.0,32.7–36.9,18.8,15.0,61.1,46.9,82.2,"20,010",20.3,23%,55:45:00,2024
university of south africa,University of South Africa,South Africa,ZA,851-900,-,9.6,4.9,1.0,8.8,,8.0,University of South Africa,South Africa,1001.0,28.3–32.6,24.7,19.3,50.5,26.0,41.4,"1,98,816",114.2,3%,74:26:00,2024
worcester polytechnic institute,Worcester Polytechnic Institute,United States,US,851-900,-,3.9,5.7,17.1,27.5,42.7,24.2,Worcester Polytechnic Institute,United States,601.0,37.0–41.8,30.0,22.1,61.2,61.8,57.2,"5,834",13.0,14%,38 : 62,2024
alexandria university,Alexandria University ,Egypt,EG,901-950,-,21.5,13.1,5.0,1.9,1.7,5.0,Alexandria University,Egypt,801.0,32.7–36.9,17.9,17.7,58.2,27.2,51.4,"2,05,777",28.7,4%,52:48:00,2024
asia university taiwan,Asia University Taiwan,Taiwan,TW,901-950,-,5.9,1.8,3.3,38.7,9.5,3.5,"Asia University, Taiwan",Taiwan,401.0,45.4–49.0,18.3,36.6,80.6,63.2,49.2,"11,431",29.5,4%,63:37:00,2024
athens university of economics and business,Athens University of Economics and Business,Greece,GR,901-950,-,7.4,33.3,1.6,17.7,1.7,3.3,Athens University of Economics and Business,Greece,801.0,32.7–36.9,18.1,23.6,53.3,57.8,44.5,"10,477",53.7,5%,45:55:00,2024
donghua university,Donghua University,China (Mainland),CN,901-950,-,4.0,1.5,26.9,37.9,2.3,3.4,Donghua University,China,501.0,41.9–45.3,27.8,22.1,72.8,85.3,39.9,"23,099",14.7,6%,44:56:00,2024
hallym university,Hallym University ,South Korea,KR,901-950,-,2.6,1.9,94.0,6.9,4.2,2.7,Hallym University,South Korea,1201.0,22.8–28.2,25.2,19.8,31.8,60.6,23.4,"8,369",9.3,4%,,2024
kumamoto university,Kumamoto University,Japan,JP,901-950,-,7.6,3.1,56.0,12.3,5.9,3.4,Kumamoto University,Japan,801.0,32.7–36.9,33.6,19.6,40.9,77.5,36.5,"9,384",9.8,6%,39 : 61,2024
mendel university in brno,Mendel University in Brno,Czech Republic,CZ,901-950,-,6.4,8.6,48.8,3.9,10.4,37.1,Mendel University in Brno,Czech Republic,1201.0,22.8–28.2,20.9,19.4,36.8,21.0,55.1,"9,019",16.3,17%,57:43:00,2024
national chung cheng university,National Chung Cheng University,Taiwan,TW,901-950,-,13.0,26.2,18.2,5.2,4.5,3.9,National Chung Cheng University,Taiwan,1201.0,22.8–28.2,23.5,22.2,25.0,72.9,26.5,"8,748",15.6,4%,44:56:00,2024
national technical university kharkiv polytechnic institute,"National Technical University ""Kharkiv Polytechnic Institute""",Ukraine,UA,901-950,-,6.6,12.1,63.3,1.3,1.8,24.0,National Technical University Kharkiv Polytechnic Institute,Ukraine,1201.0,22.8–28.2,24.8,9.0,14.9,17.5,33.6,"11,055",7.9,14%,31 : 69,2024
okayama university,Okayama University,Japan,JP,901-950,-,8.9,3.9,62.1,8.4,5.6,6.3,Okayama University,Japan,801.0,32.7–36.9,34.6,21.5,36.4,84.9,37.2,"13,027",10.0,7%,40 : 60,2024
pontificia universidad cat lica del ecuador,Pontificia Universidad Católica del Ecuador (PUCE),Ecuador,EC,901-950,-,16.8,28.7,10.5,1.3,16.9,1.6,Pontificia Universidad Católica del Ecuador,Ecuador,1501.0,9.7–22.7,12.2,8.7,15.3,15.9,63.9,"21,237",25.4,1%,56:44:00,2024
prince of songkla university,Prince of Songkla University,Thailand,TH,901-950,-,20.1,7.1,16.4,3.2,4.9,1.9,Prince of Songkla University,Thailand,1201.0,22.8–28.2,23.4,14.8,32.6,43.5,37.7,"33,318",12.9,2%,69:31:00,2024
qassim university,Qassim University,Saudi Arabia,SA,901-950,-,7.2,2.9,30.6,1.6,98.4,8.6,Qassim University,Saudi Arabia,801.0,32.7–36.9,36.0,20.4,42.8,21.6,80.2,"37,222",10.2,7%,62:38:00,2024
robert gordon university,Robert Gordon University,United Kingdom,UK,901-950,-,3.5,11.7,5.4,4.9,63.9,76.7,Robert Gordon University,United Kingdom,801.0,32.7–36.9,17.5,13.2,53.4,36.0,87.1,"10,095",21.0,26%,60:40:00,2024
samara national research university,Samara National Research University (Samara University),Russia,RU,901-950,-,4.6,2.2,81.8,2.3,2.8,14.3,Samara National Research University (Samara University),Russian Federation,1201.0,22.8–28.2,27.5,14.8,21.8,26.6,37.1,"9,198",10.7,14%,48:52:00,2024
sophia university,Sophia University ,Japan,JP,901-950,-,12.1,19.9,21.3,2.1,35.2,12.0,Sophia University,Japan,1501.0,9.7–22.7,22.6,11.0,13.3,25.4,50.9,"13,265",12.7,10%,60:40:00,2024
university of central lancashire,University of Central Lancashire,United Kingdom,UK,901-950,-,5.9,5.8,11.5,4.4,37.0,81.6,University of Central Lancashire,United Kingdom,1001.0,28.3–32.6,18.3,13.8,51.9,34.3,82.3,"21,525",16.3,28%,58:42:00,2024
university of denver,University of Denver,United States,US,901-950,-,5.3,7.5,45.7,11.1,2.4,5.6,University of Denver,United States,501.0,41.9–45.3,39.9,24.3,64.2,55.8,31.2,"10,367",13.6,5%,60:40:00,2024
university of murcia,University of Murcia,Spain,ES,901-950,-,12.6,2.8,32.5,5.7,3.7,8.3,University of Murcia,Spain,801.0,32.7–36.9,25.2,19.9,52.6,61.4,38.9,"28,862",17.7,5%,62:38:00,2024
birla institute of technology and science pilani,"Birla Institute of Technology and Science, Pilani",India,IN,951-1000,-,9.1,14.4,7.3,17.3,1.8,2.6,"Birla Institute of Technology and Science, Pilani",India,801.0,32.7–36.9,23.7,17.0,67.4,31.7,25.1,"16,339",16.2,2%,0.888888889,2024
george mason university,George Mason University,United States,US,951-1000,-,9.0,6.0,12.6,11.4,12.4,10.6,George Mason University,United States,401.0,45.4–49.0,29.7,27.5,82.7,62.0,59.9,"32,959",18.3,11%,53:47:00,2024
gifu university,Gifu University,Japan,JP,951-1000,-,6.3,2.5,67.4,7.3,5.3,3.7,Gifu University,Japan,1001.0,28.3–32.6,30.6,23.2,29.5,65.9,29.5,"7,134",14.6,4%,38 : 62,2024
gunma university,Gunma University,Japan,JP,951-1000,-,3.8,2.2,82.0,4.7,4.5,3.7,Gunma University,Japan,1201.0,22.8–28.2,28.6,14.2,20.7,57.4,26.7,"6,248",7.6,4%,37 : 63,2024
jamia millia islamia,Jamia Millia Islamia,India,IN,951-1000,-,8.0,2.6,34.7,20.7,3.5,4.4,Jamia Millia Islamia,India,501.0,41.9–45.3,41.1,14.4,75.7,37.5,39.7,"10,235",11.2,4%,52:48:00,2024
khon kaen university,Khon Kaen University,Thailand,TH,951-1000,-,16.4,12.1,8.1,4.1,6.9,2.7,Khon Kaen University,Thailand,1201.0,22.8–28.2,23.3,15.7,35.5,36.1,35.4,"32,895",17.2,2%,62:38:00,2024
king mongkut s university of technology thonburi,King Mongkut's University of Technology Thonburi ,Thailand,TH,951-1000,-,13.1,7.2,14.0,7.6,12.5,3.5,King Mongkut’s University of Technology Thonburi,Thailand,801.0,32.7–36.9,21.5,22.1,59.5,71.0,43.3,"15,075",20.4,4%,45:55:00,2024
lviv polytechnic national university,Lviv Polytechnic National University,Ukraine,UA,951-1000,-,8.1,14.8,37.2,1.8,1.9,1.6,Lviv Polytechnic National University,Ukraine,601.0,37.0–41.8,22.9,11.3,34.2,18.8,27.1,"22,580",11.9,1%,41:59:00,2024
makerere university,Makerere University,Uganda,UG,951-1000,-,10.2,4.7,3.4,4.6,10.3,8.2,Makerere University,Uganda,801.0,32.7–36.9,23.4,25.3,39.6,52.1,68.1,"29,510",19.2,3%,46:54:00,2024
south ural state university,South Ural State University (National Research University),Russia,RU,951-1000,-,9.3,4.2,39.4,3.0,9.7,16.4,South Ural State University,Russian Federation,601.0,37.0–41.8,23.2,13.5,74.7,24.7,54.5,"15,354",11.0,11%,37 : 63,2024
sumy state university,Sumy State University,Ukraine,UA,951-1000,-,5.6,5.7,42.4,2.3,2.9,63.1,Sumy State University,Ukraine,401.0,45.4–49.0,24.3,13.5,68.9,20.0,63.2,"8,449",12.0,24%,45:55:00,2024
the university of alabama,The University of Alabama,United States,US,951-1000,-,9.7,19.0,5.9,12.8,8.9,2.7,The University of Alabama,United States,601.0,37.0–41.8,26.0,21.2,64.4,46.6,39.3,"34,810",21.6,4%,57:43:00,2024
tokyo metropolitan university,Tokyo Metropolitan University,Japan,JP,951-1000,-,12.6,5.4,28.7,14.3,6.9,6.3,Tokyo Metropolitan University,Japan,1001.0,28.3–32.6,29.8,16.2,39.2,48.0,36.5,"8,903",10.9,7%,39 : 61,2024
universidad peruana cayetano heredia,Universidad Peruana Cayetano Heredia (UPCH),Peru,PE,951-1000,-,9.7,10.4,54.9,2.3,1.2,1.2,Universidad Peruana Cayetano Heredia,Peru,1001.0,28.3–32.6,16.9,12.9,53.3,29.8,49.8,"10,503",15.6,1%,66:34:00,2024
universiti pendidikan sultan idris,Universiti Pendidikan Sultan Idris (UPSI),Malaysia,MY,951-1000,-,11.9,11.0,25.0,2.5,21.0,28.7,Universiti Pendidikan Sultan Idris,Malaysia,601.0,37.0–41.8,35.3,25.2,38.8,62.3,70.8,"5,920",9.8,20%,57:43:00,2024
university of baghdad,University of Baghdad,Iraq,IQ,951-1000,-,9.5,11.4,30.9,1.5,1.8,1.1,University of Baghdad,Iraq,1501.0,9.7–22.7,25.1,12.6,19.8,28.5,20.2,"77,128",13.3,0%,57:43:00,2024
university of calabria,University of Calabria,Italy,IT,951-1000,-,5.7,2.0,3.9,25.7,6.2,5.7,University of Calabria,Italy,501.0,41.9–45.3,34.9,19.5,69.6,47.4,43.2,"12,784",16.1,5%,62:38:00,2024
university of ghana,University of Ghana,Ghana,GH,951-1000,-,10.5,9.4,1.8,5.1,4.9,1.8,University of Ghana,Ghana,1001.0,28.3–32.6,14.9,21.3,42.1,37.3,52.3,"59,744",35.9,1%,49:51:00,2024
university of peshawar,University of Peshawar,Pakistan,PK,951-1000,-,6.0,9.0,36.0,17.4,,2.0,University of Peshawar,Pakistan,1001.0,28.3–32.6,19.4,12.2,61.0,17.4,47.3,"20,494",42.7,0%,0.806944444,2024
university of seoul,University of Seoul ,South Korea,KR,951-1000,-,12.1,10.0,37.2,8.2,3.2,5.8,University of Seoul,South Korea,801.0,32.7–36.9,28.8,26.1,41.0,52.1,34.9,"9,929",14.4,4%,42:58:00,2024
university of the western cape,University of the Western Cape,South Africa,ZA,951-1000,-,8.4,7.8,4.2,15.1,26.4,4.0,University of the Western Cape,South Africa,601.0,37.0–41.8,22.0,23.8,59.3,22.6,65.7,"24,605",36.7,6%,61:39:00,2024
vietnam national university hanoi,"Vietnam National University, Hanoi ",Vietnam,VN,951-1000,-,13.5,21.1,9.4,2.3,4.7,1.2,"Vietnam National University, Hanoi",Vietnam,1201.0,22.8–28.2,20.9,11.2,46.8,19.1,48.9,"52,005",15.9,1%,63:37:00,2024
yeungnam university,Yeungnam University ,South Korea,KR,951-1000,-,5.5,3.2,14.3,23.3,39.8,6.1,Yeungnam University,South Korea,601.0,37.0–41.8,24.1,18.0,66.8,47.0,54.9,"19,063",14.7,5%,50:50:00,2024
yokohama national university,Yokohama National University,Japan,JP,951-1000,-,9.6,18.3,16.7,8.3,8.8,9.4,Yokohama National University,Japan,1201.0,22.8–28.2,26.0,22.5,19.1,71.2,36.1,"9,649",13.4,8%,28 : 72,2024
university of ioannina,University of Ioannina,Greece,GR,1001-1200,-,6.9,3.7,1.4,24.6,1.7,2.7,University of Ioannina,Greece,1001.0,28.3–32.6,14.0,12.4,55.9,47.4,43.2,"32,155",32.6,5%,54:46:00,2024
aligarh muslim university,Aligarh Muslim University,India,IN,1001-1200,-,9.7,2.5,20.8,10.2,1.2,1.7,Aligarh Muslim University,India,601.0,37.0–41.8,41.1,14.0,61.6,34.3,38.2,"20,428",12.0,1%,40 : 60,2024
amity university,Amity University,India,IN,1001-1200,-,8.5,7.6,10.6,5.9,3.8,21.8,Amity University,India,801.0,32.7–36.9,23.6,14.0,62.3,20.0,31.1,"30,989",17.1,7%,52:48:00,2024
amrita vishwa vidyapeetham,Amrita Vishwa Vidyapeetham,India,IN,1001-1200,-,4.8,4.1,25.3,5.2,37.0,1.7,Amrita Vishwa Vidyapeetham,India,801.0,32.7–36.9,28.4,20.5,60.8,41.1,36.9,"22,085",11.8,5%,,2024
an najah national university,An-Najah National University,"Palestinian Territory, Occupied",PS,1001-1200,-,6.4,16.5,7.3,2.2,36.2,25.0,An-Najah National University,Palestine,1001.0,28.3–32.6,13.3,9.8,65.4,21.0,61.2,"24,835",21.7,11%,66:34:00,2024
arab academy for science technology and maritime transport,"Arab Academy for Science, Technology and Maritime Transport",Egypt,EG,1001-1200,-,5.3,5.8,32.6,1.5,6.9,26.8,"Arab Academy for Science, Technology and Maritime Transport",Egypt,1201.0,22.8–28.2,28.1,12.3,32.9,22.6,53.3,"37,942",13.9,10%,32 : 68,2024
assiut university,Assiut University ,Egypt,EG,1001-1200,-,11.2,6.9,12.3,2.3,15.5,4.0,Assiut University,Egypt,1201.0,22.8–28.2,16.1,10.8,48.0,22.2,52.9,"99,610",22.1,1%,38 : 62,2024
baku state university,Baku State University,Azerbaijan,AZ,1001-1200,-,9.6,3.2,33.9,1.4,2.1,1.7,Baku State University,Azerbaijan,1501.0,9.7–22.7,20.1,8.6,13.8,19.7,35.5,"23,684",13.2,2%,66:34:00,2024
banaras hindu university,Banaras Hindu University,India,IN,1001-1200,-,12.1,6.5,15.9,7.8,1.2,1.6,Banaras Hindu University,India,601.0,37.0–41.8,47.2,16.4,66.4,26.8,25.0,"12,620",8.0,3%,43:57:00,2024
baylor university,Baylor University,United States,US,1001-1200,-,6.1,16.8,11.7,8.3,2.4,3.8,Baylor University,United States,601.0,37.0–41.8,39.2,19.7,61.3,54.8,38.6,"20,859",19.0,6%,61:39:00,2024
birmingham city university,Birmingham City University ,United Kingdom,UK,1001-1200,-,5.8,4.6,7.6,3.1,43.5,76.5,Birmingham City University,United Kingdom,601.0,37.0–41.8,17.3,11.8,77.8,23.2,81.9,"24,575",17.2,26%,63:37:00,2024
brac university,BRAC University,Bangladesh,BD,1001-1200,-,10.6,29.1,12.4,1.9,2.5,1.4,BRAC University,Bangladesh,801.0,32.7–36.9,14.8,12.3,71.1,15.7,42.2,"13,027",16.9,1%,43:57:00,2024
canterbury christ church university,Canterbury Christ Church University,United Kingdom,UK,1001-1200,-,5.7,2.1,5.8,4.1,35.9,72.8,Canterbury Christ Church University,United Kingdom,1001.0,28.3–32.6,20.7,13.8,44.6,18.0,59.6,"11,155",20.1,15%,68:32:00,2024
chung yuan christian university,Chung Yuan Christian University,Taiwan,TW,1001-1200,-,5.8,5.2,4.4,15.1,4.4,7.2,Chung Yuan Christian University,Taiwan,1001.0,28.3–32.6,18.1,24.4,39.0,62.6,41.2,"15,939",33.5,7%,46:54:00,2024
chungbuk national university,Chungbuk National University,South Korea,KR,1001-1200,-,5.4,2.8,30.6,8.6,7.0,4.3,Chungbuk National University,South Korea,1201.0,22.8–28.2,26.5,21.2,29.9,50.6,29.6,"17,075",14.0,5%,44:56:00,2024
cracow university of technology,Cracow University of Technology (Politechnika Krakowska),Poland,PL,1001-1200,-,11.4,23.7,19.6,4.4,2.1,2.0,Cracow University of Technology,Poland,1501.0,9.7–22.7,21.2,10.7,30.4,28.2,27.3,"13,510",12.2,5%,36 : 64,2024
doshisha university,Doshisha University,Japan,JP,1001-1200,-,9.0,13.7,5.3,2.1,18.6,4.0,Doshisha University,Japan,1501.0,9.7–22.7,17.9,10.9,11.1,30.7,35.5,"27,624",18.6,4%,42:58:00,2024
ege university,EGE UNIVERSITY,Turkey,TR,1001-1200,-,8.6,10.3,13.8,3.0,1.3,3.3,Ege University,Turkey,1201.0,22.8–28.2,32.7,16.7,30.4,63.4,25.7,"31,178",20.3,4%,54:46:00,2024
escuela polit cnica nacional,Escuela Politécnica Nacional,Ecuador,EC,1001-1200,-,6.3,17.6,16.6,3.3,6.7,1.9,Escuela Politécnica Nacional,Ecuador,1501.0,9.7–22.7,18.2,9.4,29.0,18.6,52.1,"7,458",13.2,1%,28 : 72,2024
escuela superior polit cnica del litoral,Escuela Superior Politécnica del Litoral (ESPOL),Ecuador,EC,1001-1200,-,12.9,9.1,19.2,2.7,13.0,1.7,Escuela Superior Politécnica del Litoral,Ecuador,1201.0,22.8–28.2,20.4,9.5,32.3,18.3,56.4,"10,271",10.4,1%,39 : 61,2024
ferdowsi university of mashhad,Ferdowsi University of Mashhad,"Iran, Islamic Republic of",IR,1001-1200,-,5.8,10.3,3.5,25.8,1.3,7.9,Ferdowsi University of Mashhad,Iran,801.0,32.7–36.9,28.6,26.8,48.2,45.4,38.6,"25,009",30.5,11%,54:46:00,2024
financial university under the government of the russian federation,Financial University under the Government of the Russian Federation,Russia,RU,1001-1200,-,5.5,7.8,37.1,1.6,4.1,13.1,Financial University under the Government of the Russian Federation,Russian Federation,1001.0,28.3–32.6,26.7,18.0,50.3,30.9,34.5,"16,580",13.0,9%,51:49:00,2024
german jordanian university,German Jordanian University,Jordan,JO,1001-1200,-,7.1,13.4,18.8,4.8,44.1,14.4,German Jordanian University,Jordan,1201.0,22.8–28.2,17.8,11.4,40.6,19.5,69.1,"4,255",12.8,11%,38 : 62,2024
glasgow caledonian university,Glasgow Caledonian University,United Kingdom,UK,1001-1200,-,5.5,4.9,4.4,6.5,31.4,37.5,Glasgow Caledonian University,United Kingdom,601.0,37.0–41.8,20.7,13.9,66.7,46.1,75.6,"14,840",24.1,18%,58:42:00,2024
harbin engineering university,Harbin Engineering University,China (Mainland),CN,1001-1200,-,4.6,2.0,14.6,23.0,2.5,2.0,Harbin Engineering University,China,801.0,32.7–36.9,28.1,30.6,43.6,64.9,24.4,"33,528",19.8,2%,0.970833333,2024
howard university,Howard University,United States,US,1001-1200,-,6.5,7.7,46.7,3.4,1.1,3.8,Howard University,United States,801.0,32.7–36.9,48.0,18.8,41.6,39.8,39.3,"10,199",9.7,5%,71:29:00,2024
hungarian university of agriculture and life sciences,Hungarian University of Agriculture and Life Sciences,Hungary,HU,1001-1200,-,5.6,4.0,34.1,2.9,1.9,29.1,Hungarian University of Agriculture and Life Sciences,Hungary,1201.0,22.8–28.2,25.8,11.6,32.5,23.0,62.3,"10,252",11.6,16%,53:47:00,2024
jiangnan university,Jiangnan University,China (Mainland),CN,1001-1200,-,4.9,6.8,16.8,20.5,,,Jiangnan University,China,801.0,32.7–36.9,24.7,22.4,60.2,76.6,24.0,"31,018",12.9,1%,,2024
kagoshima university,Kagoshima University,Japan,JP,1001-1200,-,6.1,2.9,65.8,3.9,4.0,3.0,Kagoshima University,Japan,1201.0,22.8–28.2,25.7,13.5,24.0,55.2,27.7,"10,257",10.1,3%,38 : 62,2024
kangwon national university,Kangwon National University ,South Korea,KR,1001-1200,-,5.8,5.4,20.0,8.9,4.0,2.5,Kangwon National University,South Korea,1201.0,22.8–28.2,22.0,21.9,32.4,47.4,24.1,"21,920",21.6,3%,41:59:00,2024
kazan national research technological university,Kazan National Research Technological University,Russia,RU,1001-1200,-,5.0,3.6,23.1,1.4,2.5,44.0,Kazan National Research Technological University,Russian Federation,1501.0,9.7–22.7,21.9,8.8,12.4,36.1,35.4,"13,088",11.6,16%,40 : 60,2024
kookmin university,Kookmin University ,South Korea,KR,1001-1200,-,5.2,4.0,28.8,3.5,5.5,21.0,Kookmin University,South Korea,1501.0,9.7–22.7,24.5,14.3,20.1,37.0,36.1,"17,514",11.6,11%,50:50:00,2024
kyoto institute of technology,Kyoto Institute of Technology,Japan,JP,1001-1200,-,6.4,4.0,16.2,12.9,11.0,7.9,Kyoto Institute of Technology,Japan,1201.0,22.8–28.2,27.2,17.1,15.2,73.3,33.7,"3,943",13.8,6%,29 : 71,2024
kyushu institute of technology,Kyushu Institute of Technology ,Japan,JP,1001-1200,-,4.7,5.4,11.3,23.0,9.0,4.6,Kyushu Institute of Technology (Kyutech),Japan,1201.0,22.8–28.2,26.3,15.6,31.4,60.3,40.8,"5,628",16.0,5%,0.643055556,2024
leeds beckett university,Leeds Beckett University,United Kingdom,UK,1001-1200,-,4.4,8.0,4.4,8.1,35.2,18.0,Leeds Beckett University,United Kingdom,801.0,32.7–36.9,17.7,16.2,65.0,49.9,67.3,"20,360",21.9,15%,54:46:00,2024
lodz university of technology,Lodz University of Technology,Poland,PL,1001-1200,-,5.4,3.7,42.4,8.3,4.2,3.5,Lodz University of Technology,Poland,1201.0,22.8–28.2,21.2,15.7,34.4,66.9,29.8,"11,706",13.1,5%,39 : 61,2024
mansoura university,Mansoura University,Egypt,EG,1001-1200,-,12.9,8.1,3.2,2.4,5.8,4.1,Mansoura University,Egypt,801.0,32.7–36.9,19.5,12.4,68.1,31.8,74.1,"1,74,302",40.2,4%,50:50:00,2024
meiji university,Meiji University,Japan,JP,1001-1200,-,7.4,24.5,4.9,1.7,10.1,5.3,Meiji University,Japan,1501.0,9.7–22.7,16.3,12.1,13.5,40.8,31.4,"32,810",34.0,5%,35 : 65,2024
mississippi state university,Mississippi State University,United States,US,1001-1200,-,6.0,5.8,6.7,18.4,15.7,3.2,Mississippi State University,United States,601.0,37.0–41.8,27.3,20.0,58.8,66.2,50.7,"21,181",14.6,4%,53:47:00,2024
multimedia university,Multimedia University (MMU),Malaysia,MY,1001-1200,-,8.8,17.6,11.6,5.8,16.3,23.5,Multimedia University,Malaysia,1201.0,22.8–28.2,19.5,13.0,29.0,62.2,41.2,"8,893",16.3,9%,45:55:00,2024
mustansiriyah university,Mustansiriyah University,Iraq,IQ,1001-1200,-,3.7,5.3,43.7,1.3,33.0,4.0,Mustansiriyah University,Iraq,1501.0,9.7–22.7,25.3,8.4,16.0,19.1,32.5,"30,964",6.5,1%,52:48:00,2024
mutah university,Mutah University,Jordan,JO,1001-1200,-,7.6,8.9,10.1,1.7,10.1,43.6,Mutah University,Jordan,1201.0,22.8–28.2,29.7,11.5,27.6,20.9,61.2,"11,348",15.5,18%,44:56:00,2024
nanjing normal university,Nanjing Normal University,China (Mainland),CN,1001-1200,-,5.1,1.7,16.6,21.6,,4.6,Nanjing Normal University,China,801.0,32.7–36.9,25.1,15.1,66.5,50.7,29.8,"32,700",13.5,2%,69:31:00,2024
northwest university,Northwest University (China),China (Mainland),CN,1001-1200,-,4.7,1.5,50.9,14.3,3.8,2.8,Northwest University,China,1001.0,28.3–32.6,24.4,15.3,51.5,35.3,25.0,"26,059",13.3,1%,52:48:00,2024
novosibirsk state technical university,Novosibirsk State Technical University,Russia,RU,1001-1200,-,6.8,5.9,29.1,1.8,1.4,44.6,Novosibirsk State Technical University,Russian Federation,1501.0,9.7–22.7,20.2,12.4,12.8,23.2,36.1,"12,615",14.6,17%,40 : 60,2024
ohio university,Ohio University,United States,US,1001-1200,-,8.5,9.3,5.5,14.3,5.5,3.9,Ohio University (Main campus),United States,601.0,37.0–41.8,30.6,20.1,61.2,54.7,37.2,"20,948",19.9,4%,58:42:00,2024
panjab university,Panjab University,India,IN,1001-1200,-,6.7,5.9,5.6,21.0,,1.8,Panjab University,India,601.0,37.0–41.8,32.6,16.2,67.9,39.2,23.5,"19,695",18.6,1%,51:49:00,2024
rochester institute of technology,Rochester Institute of Technology (RIT),United States,US,1001-1200,-,6.2,9.4,19.8,7.6,5.0,17.7,Rochester Institute of Technology,United States,801.0,32.7–36.9,22.9,20.2,58.4,60.7,46.3,"14,249",16.0,13%,37 : 63,2024
russian presidential academy of national economy and public administration,Russian Presidential Academy of National Economy and Public Administration,Russia,RU,1001-1200,-,5.2,6.8,49.0,1.1,2.0,3.0,Russian Presidential Academy of National Economy and Public Administration,Russian Federation,1501.0,9.7–22.7,26.8,17.1,18.1,19.4,23.2,"18,646",10.4,4%,63:37:00,2024
saint petersburg mining university,Saint-Petersburg Mining University,Russia,RU,1001-1200,-,3.7,3.1,53.9,2.2,19.7,20.6,Saint-Petersburg Mining University,Russian Federation,601.0,37.0–41.8,29.7,16.9,69.3,50.4,43.1,"8,345",13.4,12%,41:59:00,2024
san diego state university,San Diego State University,United States,US,1001-1200,-,5.2,3.0,3.2,17.1,6.5,4.4,San Diego State University,United States,801.0,32.7–36.9,21.5,11.9,71.1,58.3,37.0,"32,069",28.1,5%,58:42:00,2024
sathyabama institute of science and technology,Sathyabama Institute of Science and Technology (deemed to be university),India,IN,1001-1200,-,5.0,6.3,29.1,3.9,5.9,4.1,Sathyabama Institute of Science and Technology,India,1201.0,22.8–28.2,31.2,9.9,35.1,16.9,29.7,"13,406",10.6,5%,50:50:00,2024
seoul national university of science and technology,Seoul National University of Science and Technology,South Korea,KR,1001-1200,-,7.4,3.8,10.8,10.0,11.1,11.9,Seoul National University of Science and Technology (SeoulTech),South Korea,1201.0,22.8–28.2,28.0,20.1,32.7,39.8,30.6,"8,987",13.8,9%,36 : 64,2024
sheffield hallam university,Sheffield Hallam University,United Kingdom,UK,1001-1200,-,6.5,12.1,10.0,4.9,35.0,30.9,Sheffield Hallam University,United Kingdom,801.0,32.7–36.9,19.4,14.4,66.7,33.1,64.0,"26,580",17.7,12%,55:45:00,2024
shinshu university,Shinshu University ,Japan,JP,1001-1200,-,3.4,3.4,35.1,12.0,10.7,2.9,Shinshu University,Japan,1001.0,28.3–32.6,26.8,18.0,34.6,63.1,32.6,"10,602",10.4,3%,32 : 68,2024
silesian university of technology,Silesian University of Technology,Poland,PL,1001-1200,-,6.5,3.6,27.7,6.2,2.4,4.4,Silesian University of Technology,Poland,1201.0,22.8–28.2,21.8,15.6,39.4,31.5,26.6,"17,424",12.0,4%,32 : 68,2024
slovak university of technology in bratislava,Slovak University of Technology in Bratislava,Slovakia,SK,1001-1200,-,9.7,7.9,34.7,3.6,2.1,2.7,Slovak University of Technology in Bratislava,Slovakia,1501.0,9.7–22.7,27.6,12.0,22.3,28.7,32.8,"10,678",8.5,7%,31 : 69,2024
soonchunhyang university,Soonchunhyang University,South Korea,KR,1001-1200,-,5.0,2.9,46.6,7.3,5.7,4.8,Soonchunhyang University,South Korea,1201.0,22.8–28.2,19.8,25.4,33.0,48.2,35.0,"10,329",21.4,6%,51:49:00,2024
sz chenyi istv n university,Széchenyi István University,Hungary,HU,1001-1200,-,8.1,24.7,22.8,1.6,4.2,6.6,Széchenyi István University,Hungary,1501.0,9.7–22.7,19.1,11.7,23.2,17.4,29.6,"9,573",14.8,5%,45:55:00,2024
taibah university,Taibah University,Saudi Arabia,SA,1001-1200,-,5.7,2.3,4.1,3.2,97.7,2.3,Taibah University,Saudi Arabia,1001.0,28.3–32.6,14.4,10.2,54.2,18.5,76.0,"61,471",24.4,2%,61:39:00,2024
tallinn university,Tallinn University ,Estonia,EE,1001-1200,-,8.7,5.7,6.9,6.1,40.0,19.3,Tallinn University,Estonia,1001.0,28.3–32.6,24.8,23.0,42.6,22.1,59.3,"4,509",9.9,14%,71:29:00,2024
technical university of liberec,Technical University of Liberec,Czech Republic,CZ,1001-1200,-,4.3,3.2,45.5,4.3,16.4,10.1,Technical University of Liberec,Czech Republic,1501.0,9.7–22.7,21.0,18.9,18.2,34.5,44.2,"5,303",13.3,10%,54:46:00,2024
telkom university,Telkom University,Indonesia,ID,1001-1200,-,7.4,9.4,27.0,1.4,22.3,3.6,Telkom University,Indonesia,1501.0,9.7–22.7,15.0,11.0,28.5,21.3,38.1,"18,956",16.8,3%,42:58:00,2024
tokai university,Tokai University,Japan,JP,1001-1200,-,11.4,6.4,14.4,3.0,6.0,3.1,Tokai University,Japan,1201.0,22.8–28.2,18.3,12.0,36.5,46.0,30.4,"28,334",16.0,4%,27 : 73,2024
tokushima university,Tokushima University,Japan,JP,1001-1200,-,4.8,1.9,66.3,6.6,2.7,2.4,Tokushima University,Japan,1201.0,22.8–28.2,29.2,24.0,24.4,81.6,26.4,"7,482",9.7,2%,35 : 65,2024
universidad andr s bello,Universidad Andrés Bello,Chile,CL,1001-1200,-,11.0,11.0,6.2,2.5,7.0,1.5,Universidad Andrés Bello (UNAB),Chile,1501.0,9.7–22.7,15.1,10.4,33.5,20.7,50.6,"46,249",18.4,2%,53:47:00,2024
universidad aut noma de nuevo le n,Universidad Autónoma de Nuevo León,Mexico,MX,1001-1200,-,15.4,12.5,2.2,1.8,3.4,1.1,Universidad Autónoma de Nuevo León (UANL),Mexico,1501.0,9.7–22.7,13.3,9.1,17.1,19.8,33.4,"1,32,850",48.0,0%,47:53:00,2024
universidad aut noma del estado de hidalgo,Universidad Autónoma del Estado de Hidalgo (UAEH),Mexico,MX,1001-1200,-,3.9,7.2,43.2,1.4,2.4,1.8,Universidad Autónoma del Estado de Hidalgo,Mexico,1501.0,9.7–22.7,19.2,9.6,11.1,18.1,26.4,"38,732",19.5,0%,58:42:00,2024
universidad del valle,Universidad del Valle,Colombia,CO,1001-1200,-,18.2,15.0,8.1,2.0,2.2,1.4,Universidad del Valle,Colombia,1501.0,9.7–22.7,23.2,8.7,12.2,17.9,40.6,"33,442",8.9,1%,50:50:00,2024
universidad peruana de ciencias aplicadas,Universidad Peruana de Ciencias Aplicadas,Peru,PE,1001-1200,-,10.7,25.8,3.3,1.1,16.6,1.8,Universidad Peruana de Ciencias Aplicadas (UPC),Peru,1501.0,9.7–22.7,13.5,8.7,10.1,15.6,26.5,"56,595",21.1,1%,50:50:00,2024
universitas sebelas maret,Universitas Sebelas Maret,Indonesia,ID,1001-1200,-,10.7,11.5,13.6,1.5,10.3,2.0,Universitas Sebelas Maret,Indonesia,1201.0,22.8–28.2,19.3,19.3,33.9,48.3,33.3,"27,580",16.9,2%,64:36:00,2024
universit de poitiers,Université de Poitiers,France,FR,1001-1200,-,8.7,2.0,4.9,6.2,,29.1,Université de Poitiers,France,801.0,32.7–36.9,28.6,25.7,36.0,45.0,58.9,"29,280",31.5,11%,57:43:00,2024
universiti kuala lumpur,Universiti Kuala Lumpur (UniKL),Malaysia,MY,1001-1200,-,6.4,9.9,33.6,2.1,8.0,3.8,Universiti Kuala Lumpur,Malaysia,1501.0,9.7–22.7,23.6,9.0,24.3,25.5,43.7,"15,516",11.9,5%,43:57:00,2024
universiti malaysia perlis,Universiti Malaysia Perlis,Malaysia,MY,1001-1200,-,7.3,5.5,24.1,7.5,2.0,4.0,Universiti Malaysia Perlis,Malaysia,1201.0,22.8–28.2,21.6,12.5,46.0,26.0,33.3,"10,836",13.6,3%,47:53:00,2024
universiti malaysia sabah,Universiti Malaysia Sabah (UMS),Malaysia,MY,1001-1200,-,13.6,10.0,7.8,3.3,9.8,4.0,Universiti Malaysia Sabah (UMS),Malaysia,1501.0,9.7–22.7,17.8,14.3,25.0,21.8,41.8,"17,316",16.6,4%,66:34:00,2024
universiti malaysia sarawak,Universiti Malaysia Sarawak (UNIMAS),Malaysia,MY,1001-1200,-,12.6,8.7,11.9,3.0,37.3,8.7,Universiti Malaysia Sarawak (UNIMAS),Malaysia,1001.0,28.3–32.6,29.9,19.3,22.9,66.9,61.0,"12,158",14.9,13%,71:29:00,2024
universiti malaysia terengganu,Universiti Malaysia Terengganu (UMT),Malaysia,MY,1001-1200,-,10.0,4.6,10.8,9.3,12.9,6.7,Universiti Malaysia Terengganu (UMT),Malaysia,1001.0,28.3–32.6,19.1,18.7,47.6,30.1,49.7,"10,143",16.8,5%,69:31:00,2024
university of colombo,University of Colombo,Sri Lanka,LK,1001-1200,-,11.7,14.8,2.5,3.1,1.1,1.3,University of Colombo,Sri Lanka,1001.0,28.3–32.6,25.4,10.6,60.2,18.7,39.3,"34,058",32.0,0%,60:40:00,2024
university of derby,University of Derby,United Kingdom,UK,1001-1200,-,4.8,3.2,11.3,4.7,30.5,48.5,University of Derby,United Kingdom,601.0,37.0–41.8,18.5,12.8,71.8,26.5,75.0,"16,170",15.8,18%,60:40:00,2024
university of deusto,University of Deusto,Spain,ES,1001-1200,-,5.8,20.9,5.0,6.8,,,University of Deusto,Spain,801.0,32.7–36.9,22.5,23.2,54.3,36.6,42.3,"9,570",18.8,6%,57:43:00,2024
university of karachi,University of Karachi,Pakistan,PK,1001-1200,-,10.4,15.3,1.6,4.6,3.8,1.1,University of Karachi,Pakistan,1501.0,9.7–22.7,14.1,10.6,19.5,24.5,44.4,"47,337",39.3,0%,60:40:00,2024
university of nairobi,University of Nairobi,Kenya,KE,1001-1200,-,9.6,14.6,18.1,1.7,,,University of Nairobi,Kenya,1201.0,22.8–28.2,12.0,10.6,45.9,18.8,49.8,"52,678",34.5,2%,24 : 76,2024
university of north carolina at charlotte,University of North Carolina at Charlotte,United States,US,1001-1200,-,5.7,4.5,5.0,14.1,8.7,5.5,University of North Carolina at Charlotte,United States,601.0,37.0–41.8,23.2,22.1,74.4,58.7,37.0,"26,819",20.6,6%,49:51:00,2024
university of novi sad,University of Novi Sad,Serbia,RS,1001-1200,-,8.8,3.6,9.3,3.4,,,University of Novi Sad,Serbia,1501.0,9.7–22.7,19.0,11.7,29.1,36.4,33.6,"47,978",15.1,1%,57:43:00,2024
university of pardubice,University of Pardubice,Czech Republic,CZ,1001-1200,-,4.8,2.6,39.8,3.3,11.5,11.1,University of Pardubice,Czech Republic,1501.0,9.7–22.7,21.1,17.7,17.7,30.0,39.8,"7,375",13.5,10%,56:44:00,2024
university of primorska,University of Primorska,Slovenia,SI,1001-1200,-,3.1,2.3,9.4,5.1,26.3,28.6,University of Primorska,Slovenia,1501.0,9.7–22.7,16.4,14.9,26.5,21.9,61.8,"5,805",15.3,18%,77:23:00,2024
university of regina,University of Regina,Canada,CA,1001-1200,-,3.5,2.9,4.0,21.2,8.8,41.1,University of Regina,Canada,801.0,32.7–36.9,17.8,19.5,62.9,36.1,71.0,"14,167",24.6,26%,49:51:00,2024
university of rhode island,University of Rhode Island ,United States,US,1001-1200,-,5.6,2.8,6.9,16.7,5.1,2.7,University of Rhode Island,United States,601.0,37.0–41.8,26.3,20.5,57.4,50.0,53.7,"15,886",14.5,3%,57:43:00,2024
university of the free state,University of the Free State,South Africa,ZA,1001-1200,-,5.6,6.6,3.5,7.9,,4.9,University of the Free State,South Africa,801.0,32.7–36.9,22.4,18.7,56.4,26.9,51.7,"33,247",35.6,2%,63:37:00,2024
university of the sunshine coast,University of the Sunshine Coast ,Australia,AU,1001-1200,-,3.0,2.2,2.3,22.8,2.9,18.5,University of the Sunshine Coast,Australia,501.0,41.9–45.3,20.9,27.7,70.2,37.3,69.1,"11,542",29.8,13%,69:31:00,2024
university of toledo,University of Toledo,United States,US,1001-1200,-,3.8,4.4,8.7,21.4,9.6,8.8,University of Toledo,United States,601.0,37.0–41.8,35.7,16.7,54.5,68.8,56.7,"16,199",17.0,9%,53:47:00,2024
university of wolverhampton,University of Wolverhampton,United Kingdom,UK,1001-1200,-,3.4,3.2,10.4,9.4,34.7,72.1,University of Wolverhampton,United Kingdom,601.0,37.0–41.8,19.1,14.7,64.7,40.7,81.1,"15,115",16.7,28%,62:38:00,2024
university of wyoming,University of Wyoming,United States,US,1001-1200,-,3.0,1.4,25.9,23.4,7.7,4.0,University of Wyoming,United States,601.0,37.0–41.8,35.9,20.3,62.1,58.6,37.7,"10,174",14.1,4%,52:48:00,2024
university of ilina,University of Žilina,Slovakia,SK,1001-1200,-,5.7,1.0,56.1,6.2,2.5,2.9,University of Žilina,Slovakia,1001.0,28.3–32.6,27.7,18.0,48.2,30.6,31.8,"7,154",14.0,3%,32 : 68,2024
vsb technical university of ostrava,VSB - Technical University of Ostrava,Czech Republic,CZ,1001-1200,-,5.4,10.3,15.5,4.3,8.4,22.0,VSB - Technical University of Ostrava,Czech Republic,1201.0,22.8–28.2,26.8,19.7,27.8,31.0,46.9,"11,390",14.7,13%,33 : 67,2024
warsaw university of life sciences sggw,Warsaw University of Life Sciences – SGGW (WULS-SGGW),Poland,PL,1001-1200,-,6.9,5.0,20.2,6.0,2.4,7.7,Warsaw University of Life Sciences – SGGW,Poland,1201.0,22.8–28.2,19.9,11.8,41.6,23.4,34.2,"15,737",13.4,8%,58:42:00,2024
western michigan university,Western Michigan University,United States,US,1001-1200,-,5.3,3.6,10.8,5.8,32.3,10.4,Western Michigan University,United States,1001.0,28.3–32.6,24.0,17.1,39.2,39.3,43.1,"16,486",21.3,8%,53:47:00,2024
xi an jiaotong liverpool university,Xi'an Jiaotong Liverpool University,China (Mainland),CN,1001-1200,-,4.3,2.1,5.7,5.8,97.5,3.1,Xi’an Jiaotong-Liverpool University,China,601.0,37.0–41.8,18.6,15.1,70.8,20.9,77.3,"19,535",19.9,4%,51:49:00,2024
yamaguchi university,Yamaguchi University ,Japan,JP,1001-1200,-,4.0,1.7,43.2,4.5,7.0,2.7,Yamaguchi University,Japan,1201.0,22.8–28.2,28.5,13.4,21.4,57.3,33.4,"10,437",10.9,5%,37 : 63,2024
yarmouk university,Yarmouk University,Jordan,JO,1001-1200,-,11.9,14.5,2.8,2.5,7.8,13.9,Yarmouk University,Jordan,1201.0,22.8–28.2,19.9,12.9,41.5,20.8,53.1,"31,177",28.3,11%,57:43:00,2024
yerevan state university,Yerevan State University,Armenia,AM,1001-1200,-,7.0,3.0,45.4,1.4,5.2,1.6,Yerevan State University,Armenia,1501.0,9.7–22.7,23.9,8.6,26.8,16.4,38.1,"13,838",8.0,2%,53:47:00,2024
lucian blaga university of sibiu,Lucian Blaga University of Sibiu,Romania,RO,1201-1400,-,3.7,2.5,8.1,1.8,12.5,3.1,Lucian Blaga University of Sibiu,Romania,1501.0,9.7–22.7,18.5,14.0,29.7,16.8,28.4,"13,369",16.5,3%,59:41:00,2024
don state technical university, Don State Technical University,Russia,RU,1201-1400,-,4.2,3.1,13.3,1.4,1.6,14.8,Don State Technical University,Russian Federation,1001.0,28.3–32.6,20.6,9.0,54.9,17.9,31.7,"26,030",12.4,12%,,2024
al azhar university,Al-Azhar University,Egypt,EG,1201-1400,-,11.2,6.8,11.1,1.3,1.5,10.4,Al-Azhar University,Egypt,801.0,32.7–36.9,19.2,10.9,69.2,20.4,57.4,"2,69,733",22.0,9%,42:58:00,2024
alexandru ioan cuza university,Alexandru Ioan Cuza University,Romania,RO,1201-1400,-,8.0,8.0,5.3,2.9,3.6,10.9,Alexandru Ioan Cuza University,Romania,1501.0,9.7–22.7,16.5,12.1,31.6,18.3,40.2,"25,443",22.3,8%,56:44:00,2024
anadolu university,Anadolu University,Turkey,TR,1201-1400,-,4.0,4.0,13.8,2.9,1.9,3.1,Anadolu University,Turkey,1201.0,22.8–28.2,22.3,11.8,41.2,22.0,32.7,"21,491",17.0,8%,53:47:00,2024
aoyama gakuin university,Aoyama Gakuin University,Japan,JP,1201-1400,-,6.9,12.3,5.4,2.0,16.3,2.7,Aoyama Gakuin University,Japan,1501.0,9.7–22.7,20.0,8.9,10.4,22.2,36.2,"19,692",12.2,3%,49:51:00,2024
bahauddin zakariya university,Bahauddin Zakariya University ,Pakistan,PK,1201-1400,-,5.4,5.5,1.7,12.1,,1.0,Bahauddin Zakariya University,Pakistan,1001.0,28.3–32.6,19.6,12.6,58.5,19.2,48.1,"26,994",27.2,0%,40 : 60,2024
benem rita universidad aut noma de puebla,Benemérita Universidad Autónoma de Puebla,Mexico,MX,1201-1400,-,15.3,6.5,3.2,2.0,2.9,1.3,Benemérita Universidad Autónoma de Puebla,Mexico,1501.0,9.7–22.7,15.6,9.5,17.1,19.4,37.7,"79,695",45.2,1%,52:48:00,2024
central michigan university,Central Michigan University,United States,US,1201-1400,-,3.6,4.2,7.8,8.1,3.5,3.1,Central Michigan University,United States,1001.0,28.3–32.6,28.8,15.3,46.8,44.9,33.4,"13,780",18.3,3%,60:40:00,2024
chaoyang university of technology,Chaoyang University of Technology,Taiwan,TW,1201-1400,-,5.6,6.7,4.2,3.5,6.7,5.7,Chaoyang University of Technology,Taiwan,1501.0,9.7–22.7,14.1,18.2,28.2,47.0,38.9,"14,432",37.5,5%,55:45:00,2024
feng chia university,Feng Chia University,Taiwan,TW,1201-1400,-,10.0,7.5,4.5,6.0,3.9,5.8,Feng Chia University,Taiwan,1201.0,22.8–28.2,18.4,18.9,25.5,40.9,37.7,"19,770",23.3,7%,40 : 60,2024
fu jen catholic university,Fu Jen Catholic University,Taiwan,TW,1201-1400,-,7.3,7.5,4.3,6.8,7.9,7.4,Fu Jen Catholic University,Taiwan,1001.0,28.3–32.6,24.0,29.2,26.3,65.5,31.1,"16,382",27.2,6%,59:41:00,2024
german university in cairo,German University in Cairo,Egypt,EG,1201-1400,-,7.9,11.4,7.3,2.1,14.2,1.2,German University in Cairo,Egypt,1501.0,9.7–22.7,18.6,8.7,34.0,16.8,48.6,"12,332",12.8,2%,43:57:00,2024
hanoi university of science and technology,Hanoi University of Science and Technology,Vietnam,VN,1201-1400,-,6.1,8.7,2.4,4.3,3.8,1.2,Hanoi University of Science and Technology,Vietnam,1501.0,9.7–22.7,15.7,15.7,27.4,43.4,39.7,"37,891",34.1,0%,0.888888889,2024
helwan university,Helwan University ,Egypt,EG,1201-1400,-,7.0,10.1,4.4,1.6,1.2,2.3,Helwan University,Egypt,1201.0,22.8–28.2,16.2,8.9,38.8,19.9,47.6,"1,24,886",22.4,2%,54:46:00,2024
international islamic university islamabad,International Islamic University Islamabad (IIU),Pakistan,PK,1201-1400,-,6.3,10.8,3.6,7.2,4.5,6.7,"International Islamic University, Islamabad",Pakistan,801.0,32.7–36.9,17.3,11.2,72.7,17.6,60.0,"23,650",21.8,7%,54:46:00,2024
ivan franko national university of lviv,Ivan Franko National University of Lviv,Ukraine,UA,1201-1400,-,4.3,10.1,34.2,1.3,1.4,2.0,Ivan Franko National University of Lviv,Ukraine,1201.0,22.8–28.2,24.5,10.5,10.0,17.9,31.7,"19,799",10.7,2%,63:37:00,2024
izmir institute of technology,Izmir Institute of Technology (IZTECH),Turkey,TR,1201-1400,-,6.6,3.5,5.9,7.5,3.4,2.3,Izmir Institute of Technology,Turkey,1201.0,22.8–28.2,20.2,15.1,27.8,56.7,35.5,"6,309",18.6,3%,47:53:00,2024
jahangirnagar university,Jahangirnagar University,Bangladesh,BD,1201-1400,-,8.5,13.7,,,,,Jahangirnagar University,Bangladesh,801.0,32.7–36.9,24.1,8.9,71.9,19.5,49.7,"12,649",17.3,0%,49:51:00,2024
jeju national university,Jeju National University ,South Korea,KR,1201-1400,-,4.8,2.0,25.3,6.6,3.8,4.2,Jeju National University,South Korea,1201.0,22.8–28.2,27.4,19.2,35.0,38.2,31.2,"11,376",17.2,6%,53:47:00,2024
kharkiv national university of radio electronics,Kharkiv National University of Radio Electronics ,Ukraine,UA,1201-1400,-,3.7,13.1,26.0,1.5,1.4,10.9,Kharkiv National University of Radio Electronics,Ukraine,1001.0,28.3–32.6,22.2,9.4,28.0,16.5,32.9,"7,744",10.8,11%,26 : 74,2024
kindai university,Kindai University (Kinki University),Japan,JP,1201-1400,-,5.3,4.6,10.6,4.5,16.4,2.1,Kindai University,Japan,1001.0,28.3–32.6,18.4,11.8,51.9,50.2,30.9,"34,545",17.7,2%,32 : 68,2024
king mongkut s institute of technology ladkrabang,King Mongkut\'s Institute of Technology Ladkrabang,Thailand,TH,1201-1400,-,8.1,7.4,4.8,3.1,15.7,1.6,King Mongkut’s Institute of Technology Ladkrabang,Thailand,1501.0,9.7–22.7,16.5,22.9,19.2,55.0,30.7,"25,482",23.0,1%,52:48:00,2024
king mongkut s university of technology north bangkok,King Mongkut's University of Technology North Bangkok,Thailand,TH,1201-1400,-,8.1,5.8,3.7,3.0,3.4,1.1,King Mongkut's University of Technology North Bangkok,Thailand,1201.0,22.8–28.2,16.2,12.7,50.9,25.9,28.7,"28,122",23.3,0%,42:58:00,2024
kwansei gakuin university,Kwansei Gakuin University,Japan,JP,1201-1400,-,4.2,6.4,4.5,2.5,24.4,3.9,Kwansei Gakuin University,Japan,1501.0,9.7–22.7,15.7,9.5,15.4,20.7,40.9,"25,232",24.7,4%,49:51:00,2024
marmara university,Marmara University,Turkey,TR,1201-1400,-,6.8,8.3,5.0,2.3,3.0,3.6,Marmara University,Turkey,1501.0,9.7–22.7,17.0,11.7,31.9,26.9,30.7,"62,991",30.6,5%,51:49:00,2024
marquette university,Marquette University,United States,US,1201-1400,-,3.4,3.8,23.7,9.3,6.8,2.7,Marquette University,United States,801.0,32.7–36.9,36.9,18.2,54.0,49.3,33.1,"10,317",12.2,3%,58:42:00,2024
mendeleev university of chemical technology,Mendeleev University of Chemical Technology,Russia,RU,1201-1400,-,4.9,3.9,30.5,2.7,1.1,5.7,Mendeleev University of Chemical Technology,Russian Federation,1501.0,9.7–22.7,19.6,14.1,14.3,43.4,23.6,"7,338",14.9,6%,56:44:00,2024
nagoya institute of technology,Nagoya Institute of Technology (NIT),Japan,JP,1201-1400,-,5.9,2.3,6.8,15.3,5.5,4.5,Nagoya Institute of Technology,Japan,1201.0,22.8–28.2,21.5,20.3,23.0,73.2,31.4,"5,760",16.1,5%,0.765972222,2024
naresuan university,Naresuan University,Thailand,TH,1201-1400,-,6.5,3.3,6.5,2.0,5.9,1.3,Naresuan University,Thailand,1501.0,9.7–22.7,15.8,10.5,14.8,28.3,33.1,"27,234",18.3,1%,68:32:00,2024
national dong hwa university,National Dong Hwa University,Taiwan,TW,1201-1400,-,6.3,2.3,6.5,6.4,3.2,10.2,National Dong Hwa University,Taiwan,1201.0,22.8–28.2,19.1,23.8,26.3,33.5,48.6,"9,970",18.6,9%,52:48:00,2024
national taipei university,National Taipei University,Taiwan,TW,1201-1400,-,7.5,4.5,8.2,3.2,2.7,5.2,National Taipei University,Taiwan,1501.0,9.7–22.7,20.6,15.1,22.4,23.3,30.5,"8,386",15.7,6%,55:45:00,2024
national taiwan ocean university,National Taiwan Ocean University,Taiwan,TW,1201-1400,-,5.7,3.2,11.6,10.1,5.6,7.7,National Taiwan Ocean University,Taiwan,1201.0,22.8–28.2,19.7,25.0,30.2,63.0,34.7,"8,244",16.2,8%,32 : 68,2024
national university of life and environmental sciences of ukraine,National University of Life and Environmental Sciences of Ukraine,Ukraine,UA,1201-1400,-,5.7,4.4,17.2,1.4,1.2,1.2,National University of Life and Environmental Sciences of Ukraine,Ukraine,1501.0,9.7–22.7,20.3,8.9,30.1,25.3,25.7,"17,628",15.2,1%,45:55:00,2024
norwegian university of life sciences,Norwegian University of Life Sciences (UMB),Norway,NO,1201-1400,-,5.9,3.7,,,,,Norwegian University of Life Sciences,Norway,601.0,37.0–41.8,32.1,14.7,64.0,36.5,70.8,"7,275",8.2,12%,61:39:00,2024
nova southeastern university,Nova Southeastern University,United States,US,1201-1400,-,2.9,3.3,14.0,3.1,4.4,3.9,Nova Southeastern University,United States,801.0,32.7–36.9,39.1,12.2,50.1,38.9,34.4,"17,973",16.5,4%,71:29:00,2024
buda university,Óbuda University,Hungary,HU,1201-1400,-,4.5,3.9,2.1,6.6,13.6,7.6,Óbuda University,Hungary,1001.0,28.3–32.6,14.4,16.4,55.7,20.7,42.6,"10,997",34.4,7%,0.970833333,2024
osmania university,OSMANIA UNIVERSITY,India,IN,1201-1400,-,4.7,3.5,3.5,17.5,,5.9,Osmania University,India,1201.0,22.8–28.2,33.9,16.3,31.1,27.7,21.4,"10,520",25.7,3%,36 : 64,2024
pondicherry university,Pondicherry University,India,IN,1201-1400,-,4.0,1.9,6.5,12.2,1.1,1.1,Pondicherry University,India,1001.0,28.3–32.6,33.5,18.4,38.3,42.5,19.4,"8,187",21.5,1%,46:54:00,2024
portland state university,Portland State University,United States,US,1201-1400,-,4.3,2.1,9.5,10.5,1.6,5.3,Portland State University,United States,801.0,32.7–36.9,22.1,23.2,55.7,54.7,35.0,"18,763",20.5,5%,58:42:00,2024
pukyong national university,Pukyong National University ,South Korea,KR,1201-1400,-,6.6,3.4,10.3,7.0,6.6,8.1,Pukyong National University,South Korea,1201.0,22.8–28.2,26.7,13.9,28.5,39.0,36.4,"16,563",11.4,10%,52:48:00,2024
rikkyo university,Rikkyo University,Japan,JP,1201-1400,-,4.1,12.0,10.1,2.6,24.9,6.2,Rikkyo University,Japan,1201.0,22.8–28.2,18.6,9.3,34.0,19.7,58.4,"19,783",14.4,4%,,2024
russian state university for the humanities,Russian State University for the Humanities ,Russia,RU,1201-1400,-,5.4,2.6,17.5,1.3,1.7,4.1,Russian State University for the Humanities,Russian Federation,1501.0,9.7–22.7,13.5,13.4,16.8,15.7,22.1,"16,679",22.1,4%,69:31:00,2024
saitama university,Saitama University,Japan,JP,1201-1400,-,4.5,1.8,14.1,9.2,10.5,6.2,Saitama University,Japan,1501.0,9.7–22.7,22.9,15.5,19.4,41.2,41.5,"8,321",15.3,6%,32 : 68,2024
shibaura institute of technology,Shibaura Institute of Technology,Japan,JP,1201-1400,-,3.7,2.3,2.8,4.8,13.8,9.8,Shibaura Institute of Technology,Japan,1201.0,22.8–28.2,20.8,20.1,22.3,36.3,42.3,"9,001",29.7,5%,0.806944444,2024
siksha o anusandhan,Siksha 'O' Anusandhan (Deemed to be University),India,IN,1201-1400,-,4.6,2.0,32.9,4.7,1.7,2.1,Siksha ‘O’ Anusandhan,India,801.0,32.7–36.9,37.9,16.7,47.7,40.8,19.9,"13,808",11.9,2%,52:48:00,2024
silpakorn university,Silpakorn University,Thailand,TH,1201-1400,-,6.2,6.7,4.5,2.7,4.6,1.2,Silpakorn University,Thailand,1501.0,9.7–22.7,19.3,13.6,20.7,38.0,29.0,"22,163",18.8,2%,69:31:00,2024
soongsil university,Soongsil University,South Korea,KR,1201-1400,-,5.0,6.5,10.1,4.3,5.9,13.9,Soongsil University,South Korea,1201.0,22.8–28.2,26.7,15.0,25.1,47.4,35.6,"15,808",18.6,12%,48:52:00,2024
srm institute of science and technology,SRM INSTITUTE OF SCIENCE AND TECHNOLOGY,India,IN,1201-1400,-,7.0,13.1,12.2,3.7,1.7,2.1,SRM Institute of Science and Technology,India,1201.0,22.8–28.2,21.6,11.5,51.6,21.9,26.8,"49,683",15.5,2%,30 : 70,2024
suez canal university,Suez Canal University,Egypt,EG,1201-1400,-,3.9,2.6,16.2,2.2,2.2,1.8,Suez Canal University,Egypt,1001.0,28.3–32.6,19.7,8.8,57.6,28.3,50.6,"45,981",13.1,1%,52:48:00,2024
suranaree university of technology,Suranaree University of Technology ,Thailand,TH,1201-1400,-,6.2,3.1,3.4,8.6,6.1,1.5,Suranaree University of Technology,Thailand,1201.0,22.8–28.2,21.9,20.9,27.7,54.9,37.9,"14,265",26.2,1%,54:46:00,2024
tamkang university,Tamkang University,Taiwan,TW,1201-1400,-,5.7,5.5,3.6,5.6,8.4,7.4,Tamkang University,Taiwan,1201.0,22.8–28.2,15.3,12.7,34.1,43.6,42.9,"23,600",22.5,7%,47:53:00,2024
tanta university,Tanta University ,Egypt,EG,1201-1400,-,6.3,4.3,4.1,2.1,1.6,2.0,Tanta University,Egypt,1001.0,28.3–32.6,20.4,9.1,62.6,20.0,47.8,"1,23,577",17.3,1%,57:43:00,2024
technical university of cluj napoca,Technical University of Cluj-Napoca,Romania,RO,1201-1400,-,5.0,4.8,7.3,3.7,1.7,2.7,Technical University of Cluj-Napoca,Romania,1201.0,22.8–28.2,17.0,13.2,39.3,29.5,25.0,"19,065",20.5,2%,37 : 63,2024
the hashemite university,The Hashemite University,Jordan,JO,1201-1400,-,8.0,13.0,3.8,3.4,9.0,8.0,The Hashemite University,Jordan,1201.0,22.8–28.2,13.2,14.2,40.6,25.4,53.1,"17,665",23.0,7%,63:37:00,2024
tunghai university,Tunghai University,Taiwan,TW,1201-1400,-,6.2,6.1,5.2,4.5,10.2,9.3,Tunghai University,Taiwan,1201.0,22.8–28.2,16.5,14.4,37.8,49.4,46.6,"15,201",20.4,10%,55:45:00,2024
universidad de cartagena,Universidad de Cartagena,Colombia,CO,1201-1400,-,4.9,5.4,4.0,4.3,2.2,1.1,Universidad de Cartagena,Colombia,1201.0,22.8–28.2,13.8,9.1,56.8,17.2,41.2,"21,749",21.3,1%,59:41:00,2024
universidad de las fuerzas armadas espe,Universidad de las Fuerzas Armadas ESPE (Ex - Escuela Politécnica del Ejército),Ecuador,EC,1201-1400,-,5.1,5.4,9.4,1.4,3.0,1.1,Universidad de las Fuerzas Armadas – ESPE,Ecuador,1501.0,9.7–22.7,15.9,8.6,11.6,16.3,40.6,"19,314",14.5,1%,39 : 61,2024
universidad nacional del litoral,Universidad Nacional del Litoral,Argentina,AR,1201-1400,-,11.7,5.8,2.2,2.7,1.5,1.1,Universidad Nacional del Litoral,Argentina,1501.0,9.7–22.7,12.0,9.4,16.9,24.1,29.2,"50,145",35.2,0%,63:37:00,2024
universidade do estado do rio de janeiro,Universidade do Estado do Rio de Janeiro (UERJ),Brazil,BR,1201-1400,-,9.4,4.0,17.6,2.6,3.8,1.2,Universidade do Estado do Rio de Janeiro (UERJ),Brazil,1201.0,22.8–28.2,31.8,13.5,24.6,26.3,30.4,"22,879",9.4,0%,56:44:00,2024
universidade federal da bahia,Universidade Federal da Bahia,Brazil,BR,1201-1400,-,9.1,2.4,8.9,3.1,5.4,1.5,Universidade Federal da Bahia,Brazil,1201.0,22.8–28.2,27.5,12.3,30.5,19.7,28.4,"51,291",19.9,0%,41:59:00,2024
universidade federal de juiz de fora,Universidade Federal de Juiz de Fora- (UFJF),Brazil,BR,1201-1400,-,3.6,2.3,31.4,3.0,,,Universidade Federal de Juiz de Fora,Brazil,1501.0,9.7–22.7,18.5,12.1,27.5,18.6,29.8,"26,483",16.6,0%,50:50:00,2024
universidade federal do cear,Universidade Federal do Ceará (UFC),Brazil,BR,1201-1400,-,7.3,3.1,7.7,5.8,1.4,1.3,Universidade Federal do Ceará (UFC),Brazil,1201.0,22.8–28.2,24.2,16.6,24.6,44.5,27.2,"40,899",19.8,1%,44:56:00,2024
universitas pendidikan indonesia,Universitas Pendidikan Indonesia,Indonesia,ID,1201-1400,-,9.6,3.1,11.0,1.4,14.6,1.7,Universitas Pendidikan Indonesia,Indonesia,1501.0,9.7–22.7,19.8,12.1,33.0,16.3,23.9,"32,713",18.5,1%,61:39:00,2024
universitas sumatera utara,Universitas Sumatera Utara,Indonesia,ID,1201-1400,-,7.6,6.2,21.0,1.3,9.8,2.4,Universitas Sumatera Utara,Indonesia,1501.0,9.7–22.7,16.5,10.5,26.6,17.1,27.6,"35,761",19.2,2%,54:46:00,2024
universiti teknikal malaysia melaka,Universiti Teknikal Malaysia Melaka,Malaysia,MY,1201-1400,-,6.0,6.2,9.8,5.4,3.5,5.7,Universiti Teknikal Malaysia Melaka,Malaysia,1201.0,22.8–28.2,20.1,11.4,32.6,19.6,44.2,"11,730",16.1,6%,38 : 62,2024
university of babylon,University of Babylon,Iraq,IQ,1201-1400,-,3.6,6.3,13.2,1.9,1.1,1.0,University of Babylon,Iraq,1201.0,22.8–28.2,21.4,8.2,47.3,30.3,21.4,"30,973",14.9,0%,59:41:00,2024
university of basrah,University of Basrah,Iraq,IQ,1201-1400,-,4.4,6.0,15.9,1.4,1.3,1.1,University of Basrah,Iraq,1501.0,9.7–22.7,23.4,7.8,14.6,16.2,26.1,"42,848",11.7,0%,55:45:00,2024
university of iceland,University of Iceland,Iceland,IS,1201-1400,-,7.8,5.5,,,,,University of Iceland,Iceland,501.0,41.9–45.3,23.4,34.0,70.6,75.6,55.8,"9,899",17.0,12%,68:32:00,2024
university of kufa,University of Kufa,Iraq,IQ,1201-1400,-,3.3,8.5,30.6,1.4,4.7,1.1,University of Kufa,Iraq,1501.0,9.7–22.7,20.0,8.7,18.0,16.7,29.5,"28,175",12.3,0%,65:35:00,2024
university of memphis,University of Memphis,United States,US,1201-1400,-,3.1,5.1,14.9,8.9,2.1,4.4,University of Memphis,United States,801.0,32.7–36.9,27.5,19.0,55.0,63.0,35.0,"16,549",14.9,5%,62:38:00,2024
university of miskolc,University of Miskolc ,Hungary,HU,1201-1400,-,6.2,5.2,23.6,2.3,3.1,6.6,University of Miskolc,Hungary,1501.0,9.7–22.7,25.6,13.4,16.1,21.7,31.7,"7,808",14.9,5%,48:52:00,2024
university of ostrava,University of Ostrava,Czech Republic,CZ,1201-1400,-,6.0,1.0,19.9,4.1,18.6,12.3,University of Ostrava,Czech Republic,1501.0,9.7–22.7,19.5,16.3,23.2,18.2,46.2,"8,526",16.0,9%,71:29:00,2024
university of pannonia,University of Pannonia,Hungary,HU,1201-1400,-,4.5,3.5,23.7,8.3,,9.2,University of Pannonia,Hungary,1501.0,9.7–22.7,22.2,15.6,21.5,45.5,37.9,"5,241",19.5,7%,48:52:00,2024
university of peradeniya,University of Peradeniya ,Sri Lanka,LK,1201-1400,-,7.8,9.9,14.9,2.0,1.0,1.3,University of Peradeniya,Sri Lanka,1001.0,28.3–32.6,18.4,9.2,58.6,23.3,39.8,"22,336",13.9,1%,65:35:00,2024
university of rijeka,University of Rijeka,Croatia,HR,1201-1400,-,5.9,2.7,17.1,4.3,2.6,1.9,University of Rijeka,Croatia,1501.0,9.7–22.7,18.7,16.7,29.9,25.8,29.2,"13,163",15.6,3%,58:42:00,2024
university of sarajevo,University of Sarajevo ,Bosnia and Herzegovina,BA,1201-1400,-,4.2,3.5,3.8,2.0,,3.0,University of Sarajevo,Bosnia and Herzegovina,1501.0,9.7–22.7,16.4,10.8,18.6,23.6,27.7,"25,468",15.6,0%,64:36:00,2024
university of silesia in katowice,University of Silesia in Katowice,Poland,PL,1201-1400,-,5.3,4.3,17.2,3.3,3.3,3.3,University of Silesia in Katowice,Poland,1501.0,9.7–22.7,23.2,13.5,23.4,21.8,29.7,"19,222",11.6,4%,67:33:00,2024
university of split,University of Split,Croatia,HR,1201-1400,-,5.9,2.5,4.2,3.9,1.5,2.1,University of Split,Croatia,1201.0,22.8–28.2,17.9,13.9,49.1,23.1,36.0,"19,354",15.7,2%,58:42:00,2024
university of warmia and mazury in olsztyn,University of Warmia and Mazury in Olsztyn,Poland,PL,1201-1400,-,6.0,10.8,24.2,3.5,2.0,2.7,University of Warmia and Mazury in Olsztyn,Poland,1501.0,9.7–22.7,16.9,13.5,35.3,21.8,23.3,"16,899",17.5,3%,60:40:00,2024
university of west bohemia,University of West Bohemia ,Czech Republic,CZ,1201-1400,-,5.9,2.0,11.9,4.3,,,University of West Bohemia,Czech Republic,1201.0,22.8–28.2,20.5,18.0,35.2,27.7,32.4,"11,252",14.8,5%,54:46:00,2024
voronezh state university,Voronezh State University,Russia,RU,1201-1400,-,5.9,2.3,19.9,1.3,3.4,25.6,Voronezh State University,Russian Federation,1501.0,9.7–22.7,22.7,10.7,7.7,17.4,37.0,"16,386",11.1,15%,52:48:00,2024
yogyakarta state university,Yogyakarta State University,Indonesia,ID,1201-1400,-,9.6,2.8,8.0,1.4,15.4,1.8,Yogyakarta State University,Indonesia,1501.0,9.7–22.7,16.9,10.5,28.8,23.1,30.6,"24,073",16.3,1%,61:39:00,2024
yuan ze university,Yuan Ze University,Taiwan,TW,1201-1400,-,5.4,5.4,7.4,10.6,7.0,9.6,Yuan Ze University,Taiwan,1201.0,22.8–28.2,18.5,24.1,32.1,69.0,42.8,"6,852",23.0,8%,44:56:00,2024
zagazig university,Zagazig University,Egypt,EG,1201-1400,-,6.6,3.8,2.9,2.4,1.2,2.4,Zagazig University,Egypt,801.0,32.7–36.9,14.2,9.2,71.4,49.8,49.0,"1,66,653",25.2,2%,52:48:00,2024
al balqa applied university,Al-Balqa Applied University,Jordan,JO,1401+,-,5.0,6.7,4.3,2.4,3.8,1.8,Al-Balqa Applied University,Jordan,1001.0,28.3–32.6,12.0,13.6,59.2,22.5,39.3,"27,973",27.3,2%,59:41:00,2024
cukurova university,Cukurova University,Turkey,TR,1401+,-,4.4,2.8,4.5,2.5,2.1,5.0,Cukurova University,Turkey,1201.0,22.8–28.2,23.8,23.4,26.2,26.7,28.9,"35,424",15.4,4%,45:55:00,2024
georgian technical university,Georgian Technical University,Georgia,GE,1401+,-,6.3,4.2,,,,,Georgian Technical University,Georgia,1501.0,9.7–22.7,32.4,9.3,22.2,16.1,40.8,"19,873",15.0,2%,0.110416667,2024
irkutsk state university,Irkutsk State University,Russia,RU,1401+,-,3.6,1.6,17.6,1.4,1.9,3.8,Irkutsk State University,Russian Federation,1501.0,9.7–22.7,18.6,11.5,9.1,18.9,28.1,"13,496",14.2,4%,68:32:00,2024
khulna university,Khulna University,Bangladesh,BD,1401+,-,5.9,5.3,,,,,Khulna University,Bangladesh,1201.0,22.8–28.2,17.0,9.5,46.9,17.1,43.7,"6,997",13.9,0%,43:57:00,2024
kwame nkrumah university of science and technology,Kwame Nkrumah University of Science and Technology,Ghana,GH,1401+,-,5.9,7.6,,,,,Kwame Nkrumah University of Science and Technology,Ghana,1001.0,28.3–32.6,16.2,20.7,50.8,52.0,47.2,"71,529",60.8,1%,38 : 62,2024
mirea russian technological university,MIREA - Russian Technological University,Russia,RU,1401+,-,5.2,4.9,7.5,1.4,1.3,3.4,MIREA - Russian Technological University,Russian Federation,1501.0,9.7–22.7,15.0,11.7,8.6,48.1,22.2,"26,765",21.5,5%,26 : 74,2024
pontif cia universidade cat lica do paran,Pontifícia Universidade Católica do Paraná,Brazil,BR,1401+,-,4.3,2.7,6.0,4.2,1.9,1.4,Pontifícia Universidade Católica do Paraná,Brazil,1201.0,22.8–28.2,26.3,12.8,34.3,43.0,30.7,"11,476",13.0,1%,56:44:00,2024
sakarya university,Sakarya University,Turkey,TR,1401+,-,3.7,3.0,2.8,3.1,1.7,12.6,Sakarya University,Turkey,1201.0,22.8–28.2,16.5,10.6,45.4,24.0,28.4,"42,601",26.6,7%,51:49:00,2024
shahjalal university of science and technology,Shahjalal University of Science and Technology,Bangladesh,BD,1401+,-,6.8,8.9,,,,,Shahjalal University of Science and Technology,Bangladesh,1201.0,22.8–28.2,13.2,8.4,43.4,16.6,44.8,"9,585",17.8,0%,31 : 69,2024
state university of malang,State University of Malang,Indonesia,ID,1401+,-,5.3,2.3,7.9,1.7,9.9,1.3,State University of Malang,Indonesia,1501.0,9.7–22.7,18.5,11.1,30.0,15.8,31.4,"33,358",30.5,4%,55:45:00,2024
technical university of crete,Technical University of Crete,Greece,GR,1401+,-,5.9,5.4,,,,,Technical University of Crete,Greece,1201.0,22.8–28.2,13.1,11.1,50.4,40.6,40.7,"6,935",33.2,4%,37 : 63,2024
universidad aut noma de chile,Universidad Autónoma de Chile,Chile,CL,1401+,-,5.5,2.2,4.9,2.9,11.1,1.4,Universidad Autónoma de Chile,Chile,1001.0,28.3–32.6,12.5,12.2,54.5,16.1,55.4,"30,336",25.5,1%,65:35:00,2024
universidad aut noma de quer taro,Universidad Autónoma de Querétaro (UAQ),Mexico,MX,1401+,-,4.9,2.9,5.2,2.4,5.4,1.6,Universidad Autónoma de Querétaro,Mexico,1501.0,9.7–22.7,19.1,10.5,19.1,23.7,30.0,"25,567",45.2,1%,57:43:00,2024
universidad aut noma del estado de morelos,Universidad Autónoma del Estado de Morelos (UAEM),Mexico,MX,1401+,-,4.0,2.2,13.0,1.6,3.2,1.1,Universidad Autónoma del Estado de Morelos,Mexico,1501.0,9.7–22.7,17.1,9.1,9.1,28.8,27.4,"30,889",17.4,0%,56:44:00,2024
universidade do estado de santa catarina,Universidade do Estado de Santa Catarina,Brazil,BR,1401+,-,3.9,1.3,20.2,1.6,,,Universidade do Estado de Santa Catarina,Brazil,1501.0,9.7–22.7,26.5,11.0,15.7,17.0,21.2,"12,417",11.5,1%,54:46:00,2024
universitas andalas,Universitas Andalas,Indonesia,ID,1401+,-,6.9,3.9,4.9,1.4,2.1,1.1,Universitas Andalas,Indonesia,1501.0,9.7–22.7,24.7,12.7,16.5,36.1,33.2,"32,695",22.0,1%,58:42:00,2024
university of craiova,University of Craiova,Romania,RO,1401+,-,4.1,2.0,2.9,2.0,,,University of Craiova,Romania,1501.0,9.7–22.7,18.3,11.5,25.2,18.4,24.0,"16,907",20.9,4%,50:50:00,2024
university of ibadan,University of Ibadan,Nigeria,NG,1401+,-,9.0,6.6,,,,,University of Ibadan,Nigeria,801.0,32.7–36.9,27.6,14.4,59.3,24.4,41.0,"41,269",19.7,0%,50:50:00,2024
university of kragujevac,University of Kragujevac,Serbia,RS,1401+,-,4.0,2.4,10.3,3.6,1.0,1.1,University of Kragujevac,Serbia,1001.0,28.3–32.6,23.8,10.7,60.0,21.2,31.8,"16,543",13.7,1%,63:37:00,2024
university of lagos,University of Lagos,Nigeria,NG,1401+,-,7.4,5.6,,,,,University of Lagos,Nigeria,1001.0,28.3–32.6,14.6,14.4,65.5,20.9,41.5,"41,048",27.5,0%,51:49:00,2024
university of lampung,University of Lampung,Indonesia,ID,1401+,-,3.4,1.8,4.7,1.3,1.0,1.0,University of Lampung,Indonesia,1501.0,9.7–22.7,17.1,8.1,26.3,16.8,18.4,"34,807",13.1,0%,60:40:00,2024
university of oradea,University of Oradea,Romania,RO,1401+,-,5.0,2.0,3.6,1.7,1.6,7.0,University of Oradea,Romania,1201.0,22.8–28.2,16.7,14.6,35.0,16.9,41.0,"15,820",17.5,6%,56:44:00,2024
university of stavanger,University of Stavanger,Norway,NO,1401+,-,7.2,5.7,,,,,University of Stavanger,Norway,601.0,37.0–41.8,24.7,15.6,66.6,30.2,74.4,"11,428",10.5,13%,58:42:00,2024
