University Rank,Name of University,Location,No of student,No of student per staff,International Student,Female:Male Ratio,OverAll Score,Teaching Score,Research Score,Citations Score,Industry Income Score,International Outlook Score,female_percentage,male_percentage,overall_score_min,overall_score_max,overall_score_mid,rank_type,rank_numeric
1,University of Oxford,United Kingdom,20965,10.6,42.0,48 : 52,96.4,92.3,99.7,99.0,74.9,96.2,48,52,96.4,96.4,96.4,Exact,1
2,Harvard University,United States,21887,9.6,25.0,50 : 50,95.2,94.8,99.0,99.3,49.5,80.5,50,50,95.2,95.2,95.2,Exact,2
3,University of Cambridge,United Kingdom,20185,11.3,39.0,47 : 53,94.8,90.9,99.5,97.0,54.2,95.8,47,53,94.8,94.8,94.8,Exact,3
3,Stanford University,United States,16164,7.1,24.0,46 : 54,94.8,94.2,96.7,99.8,65.0,79.8,46,54,94.8,94.8,94.8,Exact,3
5,Massachusetts Institute of Technology,United States,11415,8.2,33.0,40 : 60,94.2,90.7,93.6,99.8,90.9,89.3,40,60,94.2,94.2,94.2,Exact,5
6,California Institute of Technology,United States,2237,6.2,34.0,37 : 63,94.1,90.9,97.0,97.3,89.8,83.6,37,63,94.1,94.1,94.1,Exact,6
7,Princeton University,United States,8279,8.0,23.0,46 : 54,92.4,87.6,95.9,99.1,66.0,80.3,46,54,92.4,92.4,92.4,Exact,7
8,"University of California, Berkeley",United States,40921,18.4,24.0,52 : 48,92.1,86.4,95.8,99.0,76.8,78.4,52,48,92.1,92.1,92.1,Exact,8
9,Yale University,United States,13482,5.9,21.0,52 : 48,91.4,92.6,92.7,97.0,55.0,70.9,52,48,91.4,91.4,91.4,Exact,9
10,Imperial College London,United Kingdom,18545,11.2,61.0,40 : 60,90.4,82.8,90.8,98.3,59.8,97.5,40,60,90.4,90.4,90.4,Exact,10
11,Columbia University,United States,21781,4.5,38.0,,89.4,89.4,87.7,97.1,44.8,79.9,,,89.4,89.4,89.4,Exact,11
11,ETH Zurich,Switzerland,21665,14.8,41.0,33 : 67,89.4,82.6,95.4,90.7,59.1,97.7,33,67,89.4,89.4,89.4,Exact,11
13,The University of Chicago,United States,15366,6.0,36.0,47 : 53,88.9,86.5,88.8,97.7,56.2,74.2,47,53,88.9,88.9,88.9,Exact,13
14,University of Pennsylvania,United States,21453,6.3,23.0,53 : 47,88.8,86.0,88.8,97.0,75.8,71.5,53,47,88.8,88.8,88.8,Exact,14
15,Johns Hopkins University,United States,17584,4.7,29.0,53 : 47,88.3,79.4,91.5,97.0,89.5,75.3,53,47,88.3,88.3,88.3,Exact,15
16,Tsinghua University,,38324,11.6,10.0,,88.2,90.1,97.4,88.0,100.0,40.3,,,88.2,88.2,88.2,Exact,16
17,Peking University,,31994,10.3,19.0,,88.1,92.5,96.7,80.4,91.8,65.0,,,88.1,88.1,88.1,Exact,17
18,University of Toronto,Canada,77468,25.8,26.0,56 : 44,87.4,77.3,93.3,92.8,65.5,89.7,56,44,87.4,87.4,87.4,Exact,18
19,National University of Singapore,,32337,19.8,25.0,51 : 49,87.1,76.4,93.0,90.2,87.0,94.0,51,49,87.1,87.1,87.1,Exact,19
20,Cornell University,United States,24027,10.3,26.0,51 : 49,85.9,80.2,86.1,97.3,40.4,76.9,51,49,85.9,85.9,85.9,Exact,20
21,"University of California, Los Angeles",United States,42434,9.7,16.0,56 : 44,85.8,80.4,88.9,95.4,58.8,65.0,56,44,85.8,85.8,85.8,Exact,21
22,UCL,United Kingdom,36790,10.3,60.0,59 : 41,85.7,74.5,85.4,97.9,44.5,96.7,59,41,85.7,85.7,85.7,Exact,22
23,University of Michigan-Ann Arbor,United States,45912,8.2,17.0,50 : 50,82.9,79.3,84.6,93.6,48.7,59.2,50,50,82.9,82.9,82.9,Exact,23
24,New York University,United States,36337,9.8,42.0,57 : 43,82.7,74.2,84.0,95.0,44.6,74.7,57,43,82.7,82.7,82.7,Exact,24
25,Duke University,United States,16091,4.2,24.0,52 : 48,82.6,78.1,76.2,95.7,99.6,68.0,52,48,82.6,82.6,82.6,Exact,25
26,Northwestern University,United States,19175,13.2,20.0,51 : 49,82.1,71.7,80.7,97.5,85.0,67.0,51,49,82.1,82.1,82.1,Exact,26
26,University of Washington,United States,47727,10.8,18.0,55 : 45,82.1,71.6,82.8,98.9,53.9,63.0,55,45,82.1,82.1,82.1,Exact,26
28,Carnegie Mellon University,United States,14305,12.9,47.0,44 : 56,81.1,65.4,81.8,98.7,55.2,80.1,44,56,81.1,81.1,81.1,Exact,28
29,University of Edinburgh,United Kingdom,32845,11.8,47.0,62 : 38,79.8,66.9,74.5,97.1,40.9,95.6,62,38,79.8,79.8,79.8,Exact,29
30,Technical University of Munich,,33960,40.6,36.0,37 : 63,79.3,69.8,82.2,84.5,100.0,77.7,37,63,79.3,79.3,79.3,Exact,30
31,University of Hong Kong,,18087,18.2,43.0,54 : 46,78.5,65.6,74.1,92.4,60.6,98.7,54,46,78.5,78.5,78.5,Exact,31
32,"University of California, San Diego",United States,37030,11.3,28.0,48 : 52,78.1,60.2,77.2,98.2,93.0,67.8,48,52,78.1,78.1,78.1,Exact,32
33,LMU Munich,,35003,34.2,19.0,61 : 39,77.7,67.3,78.3,87.4,100.0,70.5,61,39,77.7,77.7,77.7,Exact,33
34,University of Melbourne,Australia,49588,23.8,47.0,58 : 42,77.6,67.1,75.9,85.8,78.1,93.6,58,42,77.6,77.6,77.6,Exact,34
35,King’s College London,United Kingdom,28965,11.8,52.0,63 : 37,77.1,58.0,72.9,98.2,45.6,96.1,63,37,77.1,77.1,77.1,Exact,35
36,"Nanyang Technological University, Singapore",Singapore,24651,15.1,25.0,48 : 52,77.0,60.9,77.9,87.2,84.5,94.5,48,52,77.0,77.0,77.0,Exact,36
37,London School of Economics and Political Science,United Kingdom,11120,11.9,73.0,55 : 45,76.5,59.2,74.3,95.1,37.8,92.8,55,45,76.5,76.5,76.5,Exact,37
38,Georgia Institute of Technology,United States,28826,24.7,40.0,33 : 67,76.0,60.2,75.9,91.4,64.9,81.2,33,67,76.0,76.0,76.0,Exact,38
39,The University of Tokyo,Japan,26112,10.5,15.0,,75.9,88.1,91.4,55.5,86.7,43.3,,,75.9,75.9,75.9,Exact,39
40,University of British Columbia,Canada,56452,18.9,34.0,55 : 45,75.7,62.9,73.1,88.8,47.9,94.8,55,45,75.7,75.7,75.7,Exact,40
41,École Polytechnique Fédérale de Lausanne,Switzerland,11641,12.3,62.0,30 : 70,75.4,65.6,70.7,84.5,71.7,98.0,30,70,75.4,75.4,75.4,Exact,41
42,KU Leuven,,47663,36.5,18.0,51 : 49,74.6,59.7,74.9,86.7,99.2,76.8,51,49,74.6,74.6,74.6,Exact,42
43,Universität Heidelberg,,19347,13.5,21.0,55 : 45,74.1,67.2,61.5,96.0,55.7,71.2,55,45,74.1,74.1,74.1,Exact,43
44,Monash University,Australia,58725,42.5,41.0,57 : 43,73.6,56.9,68.7,90.4,78.4,91.0,57,43,73.6,73.6,73.6,Exact,44
45,Chinese University of Hong Kong,,18468,19.0,21.0,,73.2,59.1,61.1,95.7,60.9,92.5,,,73.2,73.2,73.2,Exact,45
46,McGill University,,32309,12.5,30.0,60 : 40,73.0,62.0,72.4,82.5,43.5,91.0,60,40,73.0,73.0,73.0,Exact,46
47,Paris Sciences et Lettres – PSL Research University Paris,France,16218,15.0,22.0,51 : 49,72.9,68.2,73.5,75.5,78.8,76.3,51,49,72.9,72.9,72.9,Exact,47
48,University of Illinois at Urbana-Champaign,United States,48674,17.4,22.0,48 : 52,72.7,67.1,78.9,78.1,50.1,56.2,48,52,72.7,72.7,72.7,Exact,48
49,Karolinska Institute,Sweden,8021,9.9,27.0,70 : 30,72.4,51.1,68.8,94.0,66.4,87.3,70,30,72.4,72.4,72.4,Exact,49
50,University of Texas at Austin,United States,49171,17.4,10.0,53 : 47,72.3,66.2,73.1,87.5,51.3,40.1,53,47,72.3,72.3,72.3,Exact,50
51,Fudan University,China,36318,11.9,9.0,52 : 48,72.0,71.8,75.8,74.5,77.3,45.2,52,48,72.0,72.0,72.0,Exact,51
52,Shanghai Jiao Tong University,China,37478,11.5,8.0,42 : 58,71.2,75.3,82.9,59.9,100.0,43.7,42,58,71.2,71.2,71.2,Exact,52
53,The University of Queensland,,41372,34.2,41.0,55 : 45,71.1,55.9,66.5,84.3,82.0,93.2,55,45,71.1,71.1,71.1,Exact,53
54,University of Manchester,,37035,14.2,44.0,55 : 45,70.9,54.5,63.7,91.3,45.3,92.7,55,45,70.9,70.9,70.9,Exact,54
54,The University of Sydney,Australia,45853,19.0,45.0,58 : 42,70.9,53.1,65.8,88.5,73.2,90.6,58,42,70.9,70.9,70.9,Exact,54
56,Seoul National University,South Korea,26209,15.1,10.0,,70.8,75.2,76.2,67.6,96.6,35.9,,,70.8,70.8,70.8,Exact,56
57,Washington University in St Louis,United States,14420,7.8,24.0,53 : 47,70.6,60.3,56.8,98.2,47.5,64.0,53,47,70.6,70.6,70.6,Exact,57
58,The Hong Kong University of Science and Technology,,9864,21.0,32.0,,70.5,51.4,63.4,87.7,95.0,97.7,,,70.5,70.5,70.5,Exact,58
59,Wageningen University & Research,Netherlands,15404,18.6,27.0,55 : 45,70.3,50.4,60.2,93.2,100.0,88.8,55,45,70.3,70.3,70.3,Exact,59
60,University of Amsterdam,Netherlands,29157,14.5,32.0,59 : 41,69.6,48.0,64.1,93.3,44.4,91.9,59,41,69.6,69.6,69.6,Exact,60
61,Brown University,United States,10037,10.1,21.0,,69.3,64.5,58.0,89.5,39.0,63.3,,,69.3,69.3,69.3,Exact,61
62,Australian National University,Australia,16758,14.6,51.0,52 : 48,69.0,51.3,69.2,81.8,45.6,96.0,52,48,69.0,69.0,69.0,Exact,62
63,"University of California, Davis",United States,37639,13.1,18.0,60 : 40,68.5,59.7,66.3,80.9,52.4,68.7,60,40,68.5,68.5,68.5,Exact,63
64,"University of California, Santa Barbara",United States,25860,28.5,20.0,54 : 46,68.4,44.6,61.5,96.2,80.1,76.0,54,46,68.4,68.4,68.4,Exact,64
65,University of Southern California,United States,40549,12.6,22.0,49 : 51,68.3,58.9,58.6,90.4,43.8,63.7,49,51,68.3,68.3,68.3,Exact,65
66,Utrecht University,Netherlands,32532,17.1,13.0,62 : 38,68.2,44.3,66.0,91.2,72.7,78.8,62,38,68.2,68.2,68.2,Exact,66
67,Zhejiang University,,46124,12.0,16.0,,68.1,67.3,74.8,62.8,100.0,55.1,,,68.1,68.1,68.1,Exact,67
68,Kyoto University,Japan,22269,9.2,12.0,25 : 75,68.0,77.5,79.1,52.3,88.6,40.5,25,75,68.0,68.0,68.0,Exact,68
69,University of North Carolina at Chapel Hill,United States,31080,7.9,8.0,59 : 41,67.8,58.9,59.7,93.3,46.0,41.7,59,41,67.8,67.8,67.8,Exact,69
70,Delft University of Technology,Netherlands,20299,16.1,31.0,31 : 69,67.7,58.8,76.4,59.1,93.4,94.2,31,69,67.7,67.7,67.7,Exact,70
71,Boston University,United States,27243,10.8,31.0,59 : 41,67.5,55.9,56.1,92.9,41.1,65.9,59,41,67.5,67.5,67.5,Exact,71
71,UNSW Sydney,,45133,36.3,40.0,47 : 53,67.5,51.1,59.0,85.9,63.5,95.1,47,53,67.5,67.5,67.5,Exact,71
73,Charité - Universitätsmedizin Berlin,Germany,8429,18.0,21.0,64 : 36,67.2,48.5,52.2,98.8,87.1,69.3,64,36,67.2,67.2,67.2,Exact,73
74,University of Science and Technology of China,,18573,8.1,6.0,,67.1,65.0,64.9,78.8,69.4,36.9,,,67.1,67.1,67.1,Exact,74
75,University of Groningen,,30009,24.4,28.0,52 : 48,66.6,45.4,57.6,90.4,75.8,89.8,52,48,66.6,66.6,66.6,Exact,75
76,University of Bristol,,25680,14.6,31.0,56 : 44,66.5,43.8,53.4,98.6,43.5,89.4,56,44,66.5,66.5,66.5,Exact,76
77,Leiden University,,33648,19.3,20.0,60 : 40,66.4,43.2,64.4,86.6,68.4,85.4,60,40,66.4,66.4,66.4,Exact,77
78,Yonsei University (Seoul campus),,19481,14.7,17.0,50 : 50,66.3,67.0,68.9,63.9,94.8,52.8,50,50,66.3,66.3,66.3,Exact,78
79,Hong Kong Polytechnic University,,19046,28.9,30.0,51 : 49,65.8,46.6,57.0,86.7,56.0,97.6,51,49,65.8,65.8,65.8,Exact,79
80,Erasmus University Rotterdam,,31668,33.9,22.0,53 : 47,65.7,38.6,57.1,95.6,64.4,89.7,53,47,65.7,65.7,65.7,Exact,80
81,University of Wisconsin-Madison,United States,40701,10.0,14.0,,65.5,59.7,62.9,78.7,48.4,51.8,,,65.5,65.5,65.5,Exact,81
82,Emory University,United States,13190,4.2,20.0,60 : 40,65.3,54.8,46.0,98.0,48.6,59.8,60,40,65.3,65.3,65.3,Exact,82
82,University of Glasgow,,28540,13.5,41.0,59 : 41,65.3,43.3,50.8,96.5,41.9,93.8,59,41,65.3,65.3,65.3,Exact,82
82,University of Zurich,Switzerland,25003,13.7,22.0,56 : 44,65.3,51.5,50.7,87.5,57.6,93.0,56,44,65.3,65.3,65.3,Exact,82
85,McMaster University,,26403,29.0,20.0,56 : 44,65.1,42.7,51.1,94.6,89.9,84.7,56,44,65.1,65.1,65.1,Exact,85
86,Humboldt University of Berlin,Germany,34399,53.2,17.0,,64.9,55.2,64.3,75.6,42.8,70.5,,,64.9,64.9,64.9,Exact,86
86,University of Tübingen,Germany,20620,27.5,13.0,59 : 41,64.9,51.1,58.2,84.5,79.9,64.1,59,41,64.9,64.9,64.9,Exact,86
88,University of Adelaide,,23102,32.8,32.0,49 : 51,64.7,42.7,51.8,92.2,65.3,93.6,49,51,64.7,64.7,64.7,Exact,88
89,University of Bonn,Germany,27210,47.5,17.0,56 : 44,64.6,51.6,56.1,86.0,55.0,68.7,56,44,64.6,64.6,64.6,Exact,89
90,Sorbonne University,France,41443,13.9,21.0,59 : 41,64.5,58.7,58.3,76.6,40.0,72.3,59,41,64.5,64.5,64.5,Exact,90
91,Free University of Berlin,Germany,26497,41.9,23.0,62 : 38,64.2,54.2,62.4,74.8,41.7,76.4,62,38,64.2,64.2,64.2,Exact,91
91,Korea Advanced Institute of Science and Technology (KAIST),South Korea,9946,10.7,9.0,21 : 79,64.2,64.5,66.0,65.7,100.0,38.2,21,79,64.2,64.2,64.2,Exact,91
93,Université Paris-Saclay,France,44443,14.9,19.0,49 : 51,63.9,56.7,55.2,79.1,54.6,69.7,49,51,63.9,63.9,63.9,Exact,93
94,University of Bern,Switzerland,11728,17.2,17.0,58 : 42,63.7,46.0,46.5,90.7,86.3,88.2,58,42,63.7,63.7,63.7,Exact,94
95,"University of California, Irvine",United States,36655,16.9,28.0,52 : 48,63.6,43.5,51.6,93.6,59.4,73.2,52,48,63.6,63.6,63.6,Exact,95
95,Institut Polytechnique de Paris,France,5999,6.7,41.0,24 : 76,63.6,58.5,58.8,64.8,72.7,95.6,24,76,63.6,63.6,63.6,Exact,95
95,Nanjing University,China,36426,16.5,8.0,54 : 46,63.6,58.4,58.2,74.3,87.3,55.2,54,46,63.6,63.6,63.6,Exact,95
98,Vanderbilt University,United States,12696,3.8,15.0,55 : 45,63.5,49.5,47.5,96.5,66.7,50.6,55,45,63.5,63.5,63.5,Exact,98
99,City University of Hong Kong,,9099,12.1,62.0,54 : 46,63.4,47.2,53.0,79.9,76.6,99.6,54,46,63.4,63.4,63.4,Exact,99
99,RWTH Aachen University,Germany,39738,50.0,28.0,33 : 67,63.4,56.8,64.5,66.1,93.8,65.1,33,67,63.4,63.4,63.4,Exact,99
101,University of Basel,Switzerland,8632,10.9,30.0,57 : 43,63.0,47.0,44.1,86.5,99.2,96.8,57,43,63.0,63.0,63.0,Exact,101
101,King Abdulaziz University,,31545,7.8,22.0,54 : 46,63.0,51.7,36.7,91.9,74.2,93.6,54,46,63.0,63.0,63.0,Exact,101
101,University of Minnesota,United States,61009,12.0,10.0,54 : 46,63.0,55.1,56.9,81.2,77.8,41.7,54,46,63.0,63.0,63.0,Exact,101
104,"University of Maryland, College Park",United States,33775,16.5,11.0,49 : 51,62.9,48.1,57.7,89.7,40.0,42.6,49,51,62.9,62.9,62.9,Exact,104
104,University of Warwick,,23230,13.1,44.0,50 : 50,62.9,44.8,49.6,88.1,42.7,94.9,50,50,62.9,62.9,62.9,Exact,104
106,Michigan State University,United States,45465,16.0,13.0,52 : 48,62.8,56.2,55.6,78.8,39.9,61.9,52,48,62.8,62.8,62.8,Exact,106
107,Ghent University,Belgium,39437,35.6,12.0,57 : 43,62.7,48.6,60.1,77.8,80.0,63.9,57,43,62.7,62.7,62.7,Exact,107
108,University of Birmingham,United Kingdom,31820,15.0,34.0,58 : 42,62.6,40.5,46.2,95.2,42.3,92.2,58,42,62.6,62.6,62.6,Exact,108
108,University of Southampton,United Kingdom,21175,13.7,39.0,53 : 47,62.6,41.4,47.5,92.3,44.1,94.6,53,47,62.6,62.6,62.6,Exact,108
110,University of Helsinki,Finland,23059,15.8,5.0,67 : 33,62.5,45.9,58.5,86.6,39.1,57.0,67,33,62.5,62.5,62.5,Exact,110
111,University of Montreal,,38189,20.8,22.0,,62.3,50.9,53.2,75.8,76.5,85.5,,,62.3,62.3,62.3,Exact,111
112,Ohio State University (Main campus),United States,55814,11.8,13.0,51 : 49,62.2,53.0,51.2,83.4,55.3,60.3,51,49,62.2,62.2,62.2,Exact,112
113,University of Freiburg,Germany,20253,37.2,17.0,53 : 47,61.9,47.8,52.8,80.8,96.2,67.3,53,47,61.9,61.9,61.9,Exact,113
114,University of Copenhagen,Denmark,31519,4.2,16.0,62 : 38,61.7,45.1,47.5,87.2,55.0,84.7,62,38,61.7,61.7,61.7,Exact,114
114,Université Paris Cité,,62747,17.0,19.0,65 : 35,61.7,51.5,44.8,89.3,37.3,68.3,65,35,61.7,61.7,61.7,Exact,114
114,University of Sheffield,,27465,14.5,41.0,53 : 47,61.7,43.6,46.4,89.5,47.4,88.5,53,47,61.7,61.7,61.7,Exact,114
117,Aarhus University,Denmark,26475,13.5,10.0,55 : 45,61.2,40.6,60.0,77.6,74.1,77.9,55,45,61.2,61.2,61.2,Exact,117
118,University of Alberta,Canada,32338,21.6,28.0,,61.1,48.8,52.7,72.9,82.7,89.2,,,61.1,61.1,61.1,Exact,118
119,University of Göttingen,Germany,30221,26.0,14.0,52 : 48,61.0,46.3,53.8,83.9,40.1,63.0,52,48,61.0,61.0,61.0,Exact,119
119,Lund University,Sweden,28545,11.5,18.0,55 : 45,61.0,40.5,55.5,81.0,79.5,78.5,55,45,61.0,61.0,61.0,Exact,119
121,Vrije Universiteit Amsterdam,Netherlands,29796,19.8,16.0,56 : 44,60.9,38.4,52.2,87.5,59.1,79.4,56,44,60.9,60.9,60.9,Exact,121
122,Lancaster University,United Kingdom,14380,12.8,39.0,51 : 49,60.8,38.7,40.0,96.9,38.3,94.9,51,49,60.8,60.8,60.8,Exact,122
123,Dartmouth College,United States,6440,7.8,15.0,49 : 51,60.7,59.8,40.4,88.2,40.0,42.0,49,51,60.7,60.7,60.7,Exact,123
124,Queen Mary University of London,United Kingdom,20505,13.1,46.0,55 : 45,60.4,34.3,41.3,97.7,44.0,97.1,55,45,60.4,60.4,60.4,Exact,124
124,University of Vienna,Austria,35929,42.9,29.0,66 : 34,60.4,49.4,59.3,65.1,44.8,95.8,66,34,60.4,60.4,60.4,Exact,124
126,University of Oslo,Norway,21548,13.3,15.0,66 : 34,60.2,40.1,48.5,89.0,44.5,77.0,66,34,60.2,60.2,60.2,Exact,126
127,Purdue University West Lafayette,United States,44551,16.9,20.0,44 : 56,60.1,55.9,64.2,56.9,67.8,71.1,44,56,60.1,60.1,60.1,Exact,127
128,University of Hamburg,Germany,30676,61.5,12.0,58 : 42,59.8,46.5,54.4,75.4,96.1,60.4,58,42,59.8,59.8,59.8,Exact,128
128,University of Leeds,United Kingdom,33990,14.6,36.0,60 : 40,59.8,46.0,47.8,79.3,40.5,91.8,60,40,59.8,59.8,59.8,Exact,128
130,University of Nottingham,United Kingdom,32875,15.1,31.0,54 : 46,59.6,41.8,44.1,86.6,41.7,90.4,54,46,59.6,59.6,59.6,Exact,130
131,University of Antwerp,Belgium,15857,32.2,17.0,56 : 44,59.4,36.4,46.2,90.4,83.5,71.8,56,44,59.4,59.4,59.4,Exact,131
131,The University of Western Australia,Australia,18405,21.3,28.0,49 : 51,59.4,34.9,48.1,85.6,69.2,94.4,49,51,59.4,59.4,59.4,Exact,131
133,University of Technology Sydney,,27481,35.1,31.0,50 : 50,59.3,36.9,42.1,90.5,49.7,96.0,50,50,59.3,59.3,59.3,Exact,133
134,Case Western Reserve University,United States,10934,8.2,20.0,51 : 49,59.0,48.4,40.6,90.7,43.4,52.9,51,49,59.0,59.0,59.0,Exact,134
135,University of Lausanne,Switzerland,13401,10.2,23.0,,58.7,35.8,47.6,83.0,72.3,92.3,,,58.7,58.7,58.7,Exact,135
136,Georgetown University,United States,16074,8.0,19.0,54 : 46,58.6,55.5,35.0,88.0,54.0,49.1,54,46,58.6,58.6,58.6,Exact,136
137,University of Exeter,United Kingdom,24165,15.9,29.0,53 : 47,58.5,32.4,41.3,94.8,39.2,92.7,53,47,58.5,58.5,58.5,Exact,137
137,University of Ottawa,,36670,26.0,24.0,58 : 42,58.5,41.7,45.4,82.6,51.0,84.1,58,42,58.5,58.5,58.5,Exact,137
139,University of Auckland,New Zealand,33093,22.1,32.0,56 : 44,58.4,36.8,44.3,85.4,56.4,94.3,56,44,58.4,58.4,58.4,Exact,139
139,Newcastle University,,25590,15.1,29.0,52 : 48,58.4,33.3,40.0,96.0,41.8,87.8,52,48,58.4,58.4,58.4,Exact,139
139,Radboud University Nijmegen,,21979,17.6,13.0,56 : 44,58.4,34.9,51.6,85.5,48.0,74.7,56,44,58.4,58.4,58.4,Exact,139
139,University of Würzburg,Germany,23754,40.7,10.0,58 : 42,58.4,40.7,45.2,87.8,79.4,57.3,58,42,58.4,58.4,58.4,Exact,139
139,University of York,United Kingdom,17665,14.4,28.0,56 : 44,58.4,39.3,44.0,85.9,38.4,88.7,56,44,58.4,58.4,58.4,Exact,139
144,University of Pittsburgh-Pittsburgh campus,United States,26575,5.5,11.0,55 : 45,58.3,46.2,42.9,90.6,44.2,43.4,55,45,58.3,58.3,58.3,Exact,144
145,Maastricht University,Netherlands,19909,18.6,56.0,60 : 40,58.2,38.4,49.6,75.5,73.2,98.1,60,40,58.2,58.2,58.2,Exact,145
146,University of Cologne,Germany,33341,30.4,16.0,,58.0,44.5,46.5,80.0,77.3,64.4,,,58.0,58.0,58.0,Exact,146
147,Rice University,United States,7068,9.2,28.0,43 : 57,57.9,46.5,39.7,84.4,44.5,75.3,43,57,57.9,57.9,57.9,Exact,147
148,University of Colorado Boulder,United States,34928,16.0,8.0,45 : 55,57.8,45.6,46.3,85.5,44.6,45.6,45,55,57.8,57.8,57.8,Exact,148
148,Ulm University,Germany,10271,26.2,13.0,51 : 49,57.8,41.6,41.2,89.3,77.6,56.1,51,49,57.8,57.8,57.8,Exact,148
148,Uppsala University,Sweden,25548,15.3,17.0,62 : 38,57.8,37.6,55.7,75.2,71.5,72.6,62,38,57.8,57.8,57.8,Exact,148
151,University of Florida,United States,46807,16.1,8.0,56 : 44,57.7,55.0,58.7,64.2,51.4,41.4,56,44,57.7,57.7,57.7,Exact,151
151,Penn State (Main campus),United States,46863,14.0,16.0,47 : 53,57.7,47.8,53.8,75.2,41.6,48.3,47,53,57.7,57.7,57.7,Exact,151
151,Tufts University,United States,11399,10.0,16.0,56 : 44,57.7,47.1,36.7,92.2,43.4,51.4,56,44,57.7,57.7,57.7,Exact,151
154,University of Rochester,United States,10364,7.7,36.0,50 : 50,57.6,42.0,40.5,87.0,49.3,73.8,50,50,57.6,57.6,57.6,Exact,154
155,KTH Royal Institute of Technology,Sweden,13329,16.4,20.0,34 : 66,57.5,43.5,53.8,68.4,68.1,81.1,34,66,57.5,57.5,57.5,Exact,155
156,Arizona State University (Tempe),,50027,19.6,17.0,45 : 55,57.4,44.8,47.9,79.6,40.2,62.5,45,55,57.4,57.4,57.4,Exact,156
156,Technical University of Berlin,Germany,20243,48.1,27.0,35 : 65,57.4,48.8,55.7,62.0,92.6,67.8,35,65,57.4,57.4,57.4,Exact,156
156,TU Dresden,Germany,30382,30.8,16.0,45 : 55,57.4,48.8,50.7,69.1,92.4,60.5,45,55,57.4,57.4,57.4,Exact,156
156,University of Virginia (Main campus),United States,25810,9.0,13.0,53 : 47,57.4,48.1,39.8,86.6,45.8,52.5,53,47,57.4,57.4,57.4,Exact,156
160,University of Cape Town,,21069,12.8,15.0,54 : 46,57.2,33.9,43.8,88.7,53.3,78.8,54,46,57.2,57.2,57.2,Exact,160
161,University of Bologna,,69831,24.4,12.0,56 : 44,57.0,52.1,40.8,80.2,46.4,51.6,56,44,57.0,57.0,57.0,Exact,161
161,Trinity College Dublin,,17764,21.0,28.0,60 : 40,57.0,36.0,47.3,79.4,47.1,93.7,60,40,57.0,57.0,57.0,Exact,161
163,University of Leicester,United Kingdom,14650,14.1,34.0,54 : 46,56.9,31.4,32.9,98.7,41.9,92.5,54,46,56.9,56.9,56.9,Exact,163
163,Pohang University of Science and Technology (POSTECH),,3260,10.0,3.0,,56.9,54.7,51.4,67.7,96.2,31.8,,,56.9,56.9,56.9,Exact,163
166,Southern University of Science and Technology (SUSTech),,5137,8.8,1.0,,56.8,29.8,42.9,95.5,77.9,59.0,,,56.8,56.8,56.8,Exact,166
166,Technical University of Denmark,Denmark,9599,6.9,26.0,32 : 68,56.8,40.4,44.9,73.2,86.0,94.0,32,68,56.8,56.8,56.8,Exact,166
168,Medical University of Graz,Austria,3722,14.1,27.0,53 : 47,56.6,29.4,34.4,96.8,98.1,79.0,53,47,56.6,56.6,56.6,Exact,168
168,"Northeastern University, US",United States,21211,14.6,36.0,48 : 52,56.6,39.9,30.2,96.2,40.1,76.3,48,52,56.6,56.6,56.6,Exact,168
170,Indiana University,United States,66637,12.6,13.0,53 : 47,56.5,45.5,39.4,85.5,53.6,54.3,53,47,56.5,56.5,56.5,Exact,170
170,Université Catholique de Louvain,Belgium,24523,36.0,20.0,54 : 46,56.5,39.9,50.4,72.8,57.7,82.3,54,46,56.5,56.5,56.5,Exact,170
170,Sungkyunkwan University (SKKU),,23399,19.4,18.0,,56.5,52.8,54.0,59.4,98.3,56.4,,,56.5,56.5,56.5,Exact,170
173,Wuhan University,China,55412,15.2,6.0,,56.4,43.5,40.5,89.2,69.4,35.3,,,56.4,56.4,56.4,Exact,173
174,Ulsan National Institute of Science and Technology (UNIST),,3896,13.6,9.0,27 : 73,56.3,41.3,42.0,85.9,89.9,43.7,27,73,56.3,56.3,56.3,Exact,174
175,Macquarie University,Australia,30561,69.0,27.0,52 : 48,56.2,38.7,44.6,76.1,64.9,89.8,52,48,56.2,56.2,56.2,Exact,175
176,Huazhong University of Science and Technology,China,57167,16.2,4.0,,56.1,42.2,42.6,88.8,83.2,25.5,,,56.1,56.1,56.1,Exact,176
176,University of Liverpool,,26350,14.2,36.0,55 : 45,56.1,33.2,37.7,89.4,39.6,94.1,55,45,56.1,56.1,56.1,Exact,176
176,Stockholm University,Sweden,30365,20.7,7.0,,56.1,29.7,50.4,87.1,38.3,66.3,,,56.1,56.1,56.1,Exact,176
179,University of Mannheim,Germany,7684,58.2,13.0,,56.0,40.0,48.2,79.0,61.0,57.4,,,56.0,56.0,56.0,Exact,179
180,University of Arizona,United States,39797,17.0,9.0,54 : 46,55.9,45.8,47.0,78.7,52.1,41.3,54,46,55.9,55.9,55.9,Exact,180
181,Texas A&M University,United States,62931,21.3,8.0,47 : 53,55.8,50.2,54.8,63.2,45.1,56.0,47,53,55.8,55.8,55.8,Exact,181
182,University of Barcelona,Spain,45004,15.8,11.0,63 : 37,55.7,33.1,43.4,89.9,50.2,59.9,63,37,55.7,55.7,55.7,Exact,182
183,Autonomous University of Barcelona,Spain,31933,12.7,16.0,60 : 40,55.6,35.1,38.8,91.1,43.0,67.1,60,40,55.6,55.6,55.6,Exact,183
183,Scuola Normale Superiore di Pisa,Italy,629,7.6,13.0,28 : 72,55.6,56.7,36.5,74.8,38.2,56.4,28,72,55.6,55.6,55.6,Exact,183
185,University of Münster,Germany,28014,25.4,7.0,,55.5,43.4,43.9,81.4,48.9,49.2,,,55.5,55.5,55.5,Exact,185
186,Pompeu Fabra University,Spain,11965,22.4,13.0,60 : 40,55.4,32.6,39.4,91.5,46.2,68.9,60,40,55.4,55.4,55.4,Exact,186
187,Cardiff University,,27105,14.3,28.0,59 : 41,55.2,31.1,38.9,88.5,41.5,88.3,59,41,55.2,55.2,55.2,Exact,187
187,National Taiwan University (NTU),,25215,11.4,11.0,42 : 58,55.2,50.2,55.5,60.1,75.1,47.2,42,58,55.2,55.2,55.2,Exact,187
189,Friedrich Schiller University Jena,Germany,16446,20.6,14.0,,55.0,42.4,39.9,81.3,49.7,62.8,,,55.0,55.0,55.0,Exact,189
189,Karlsruhe Institute of Technology,Germany,22673,21.6,20.0,29 : 71,55.0,46.7,54.2,57.8,89.7,68.6,29,71,55.0,55.0,55.0,Exact,189
191,University of Massachusetts,United States,63338,13.2,14.0,49 : 51,54.9,41.2,33.5,87.8,51.7,65.0,49,51,54.9,54.9,54.9,Exact,191
192,University of Aberdeen,United Kingdom,13205,16.2,44.0,58 : 42,54.8,30.7,34.1,89.8,47.5,95.9,58,42,54.8,54.8,54.8,Exact,192
192,"University of California, Santa Cruz",United States,19266,22.6,14.0,47 : 53,54.8,32.6,33.3,95.9,46.2,67.9,47,53,54.8,54.8,54.8,Exact,192
194,Medical University of Vienna,Austria,7274,8.4,33.0,50 : 50,54.6,35.0,27.6,94.0,61.2,81.7,50,50,54.6,54.6,54.6,Exact,194
194,University of Miami,United States,17009,10.8,16.0,53 : 47,54.6,48.4,33.5,81.0,48.3,60.2,53,47,54.6,54.6,54.6,Exact,194
196,University of Erlangen-Nuremberg,Germany,30303,43.4,13.0,51 : 49,54.5,44.6,47.5,68.8,90.7,53.5,51,49,54.5,54.5,54.5,Exact,196
196,Sichuan University,China,49543,15.8,6.0,,54.5,57.1,58.6,48.6,93.4,38.7,,,54.5,54.5,54.5,Exact,196
198,Durham University,United Kingdom,18425,14.1,35.0,54 : 46,54.4,40.0,44.6,70.0,39.4,94.3,54,46,54.4,54.4,54.4,Exact,198
198,Queen’s University Belfast,,19060,15.8,39.0,57 : 43,54.4,31.1,37.9,84.4,41.6,97.4,57,43,54.4,54.4,54.4,Exact,198
198,University of Reading,United Kingdom,15720,16.4,32.0,56 : 44,54.4,36.5,39.6,78.5,42.2,93.3,56,44,54.4,54.4,54.4,Exact,198
201–250,Aalto University,Finland,13306,19.7,21.0,38 : 62,51.2â54.3,38.3,40.4,67.5,53.2,81.9,38,62,51.2,54.3,52.75,Range,
201–250,University of Bergen,Norway,15202,12.8,10.0,60 : 40,51.2â54.3,30.2,32.7,85.7,41.7,76.4,60,40,51.2,54.3,52.75,Range,
201–250,Bielefeld University,Germany,24875,66.6,7.0,58 : 42,51.2â54.3,33.1,42.4,84.2,42.9,48.5,58,42,51.2,54.3,52.75,Range,
201–250,University of Calgary,Canada,33560,18.7,21.0,54 : 46,51.2â54.3,36.8,40.2,75.9,61.6,79.9,54,46,51.2,54.3,52.75,Range,
201–250,Curtin University,,29999,20.8,31.0,52 : 48,51.2â54.3,26.5,33.5,83.0,48.5,95.2,52,48,51.2,54.3,52.75,Range,
201–250,University of Dundee,United Kingdom,13630,18.3,27.0,64 : 36,51.2â54.3,25.8,30.5,90.3,49.5,85.4,64,36,51.2,54.3,52.75,Range,
201–250,University of East Anglia,,15940,13.3,25.0,58 : 42,51.2â54.3,27.0,29.7,95.0,37.7,86.4,58,42,51.2,54.3,52.75,Range,
201–250,Eindhoven University of Technology,Netherlands,10240,21.0,24.0,,51.2â54.3,45.5,49.8,55.5,99.2,86.4,,,51.2,54.3,52.75,Range,
201–250,University of Geneva,Switzerland,19078,8.7,40.0,62 : 38,51.2â54.3,34.7,35.4,81.8,48.2,98.6,62,38,51.2,54.3,52.75,Range,
201–250,George Washington University,United States,22298,12.9,15.0,62 : 38,51.2â54.3,47.0,32.8,83.2,38.7,56.9,62,38,51.2,54.3,52.75,Range,
201–250,University of Gothenburg,Sweden,20891,10.7,12.0,,51.2â54.3,29.3,43.6,87.9,47.1,65.1,,,51.2,54.3,52.75,Range,
201–250,University of Hohenheim,Germany,8714,39.7,14.0,58 : 42,51.2â54.3,33.6,32.2,95.2,49.6,55.8,58,42,51.2,54.3,52.75,Range,
201–250,Humanitas University,,1823,19.0,18.0,59 : 41,51.2â54.3,28.3,28.8,99.7,39.4,62.9,59,41,51.2,54.3,52.75,Range,
201–250,King Fahd University of Petroleum and Minerals,Saudi Arabia,7268,8.6,10.0,2 : 98,51.2â54.3,31.4,35.9,80.3,91.8,76.7,2,98,51.2,54.3,52.75,Range,
201–250,University of Konstanz,Germany,5758,24.2,12.0,60 : 40,51.2â54.3,42.0,46.4,62.9,62.6,67.9,60,40,51.2,54.3,52.75,Range,
201–250,Korea University,,22507,15.8,27.0,,51.2â54.3,46.8,48.7,61.5,95.3,55.8,,,51.2,54.3,52.75,Range,
201–250,Université Libre de Bruxelles,Belgium,28290,49.3,31.0,57 : 43,51.2â54.3,32.6,44.1,77.3,44.8,88.9,57,43,51.2,54.3,52.75,Range,
201–250,University of Luxembourg,Luxembourg,5185,19.3,51.0,53 : 47,51.2â54.3,38.2,39.8,64.5,51.2,99.4,53,47,51.2,54.3,52.75,Range,
201–250,University of Macau,,10460,15.4,39.0,55 : 45,51.2â54.3,31.6,36.0,78.5,44.2,99.3,55,45,51.2,54.3,52.75,Range,
201–250,Macau University of Science and Technology,,11993,38.1,91.0,57 : 43,51.2â54.3,35.4,30.7,79.2,50.1,99.7,57,43,51.2,54.3,52.75,Range,
201–250,Medical University of Innsbruck,Austria,3244,12.9,43.0,54 : 46,51.2â54.3,29.9,30.2,88.8,95.3,88.4,54,46,51.2,54.3,52.75,Range,
201–250,University of Newcastle,Australia,24363,29.5,18.0,57 : 43,51.2â54.3,30.0,35.8,79.3,61.9,84.3,57,43,51.2,54.3,52.75,Range,
201–250,University of Notre Dame,United States,12401,10.9,13.0,46 : 54,51.2â54.3,51.0,40.5,67.7,39.7,59.3,46,54,51.2,54.3,52.75,Range,
201–250,University of Padua,Italy,48524,29.3,8.0,55 : 45,51.2â54.3,47.2,36.5,80.9,46.4,49.3,55,45,51.2,54.3,52.75,Range,
201–250,University of Potsdam,Germany,14993,39.6,14.0,57 : 43,51.2â54.3,39.2,44.6,70.4,60.2,59.6,57,43,51.2,54.3,52.75,Range,
201–250,Qatar University,Qatar,9084,8.8,35.0,77 : 23,51.2â54.3,27.0,38.7,79.6,61.4,98.9,77,23,51.2,54.3,52.75,Range,
201–250,Queensland University of Technology,,35278,37.9,17.0,53 : 47,51.2â54.3,29.2,39.7,86.0,50.1,83.9,53,47,51.2,54.3,52.75,Range,
201–250,RCSI University of Medicine and Health Sciences,,2563,24.2,70.0,,51.2â54.3,31.4,37.3,76.9,50.7,94.7,,,51.2,54.3,52.75,Range,
201–250,Rutgers University – New Brunswick,United States,46158,10.9,17.0,53 : 47,51.2â54.3,43.5,43.6,73.0,43.1,53.9,53,47,51.2,54.3,52.75,Range,
201–250,"St George’s, University of London",United Kingdom,3490,13.2,20.0,64 : 36,51.2â54.3,20.4,28.3,99.9,40.5,74.9,64,36,51.2,54.3,52.75,Range,
201–250,Sant’Anna School of Advanced Studies – Pisa,,1100,14.0,19.0,41 : 59,51.2â54.3,43.3,40.2,69.4,81.0,56.7,41,59,51.2,54.3,52.75,Range,
201–250,University of São Paulo,Brazil,82010,15.9,4.0,47 : 53,51.2â54.3,54.5,61.5,43.3,43.0,37.2,47,53,51.2,54.3,52.75,Range,
201–250,Sapienza University of Rome,Italy,72604,28.2,10.0,60 : 40,51.2â54.3,52.4,44.9,67.7,53.0,43.5,60,40,51.2,54.3,52.75,Range,
201–250,Semmelweis University,,9860,12.2,34.0,69 : 31,51.2â54.3,44.7,18.0,87.9,43.3,77.1,69,31,51.2,54.3,52.75,Range,
201–250,University of South Florida,United States,39907,18.6,13.0,,51.2â54.3,31.1,36.9,85.1,85.0,56.2,,,51.2,54.3,52.75,Range,
201–250,University of St Andrews,United Kingdom,9770,12.3,47.0,59 : 41,51.2â54.3,40.0,41.4,67.8,38.9,94.9,59,41,51.2,54.3,52.75,Range,
201–250,University of Surrey,United Kingdom,14960,16.9,36.0,53 : 47,51.2â54.3,31.3,33.9,79.5,45.8,94.8,53,47,51.2,54.3,52.75,Range,
201–250,University of Sussex,United Kingdom,17790,17.4,37.0,55 : 45,51.2â54.3,28.0,34.2,89.0,39.0,93.1,55,45,51.2,54.3,52.75,Range,
201–250,Università della Svizzera italiana,Switzerland,3266,12.5,66.0,47 : 53,51.2â54.3,28.0,23.3,91.4,55.7,99.5,47,53,51.2,54.3,52.75,Range,
201–250,University of Tartu,,9235,12.0,13.0,68 : 32,51.2â54.3,26.8,33.1,92.4,45.6,65.4,68,32,51.2,54.3,52.75,Range,
201–250,Tel Aviv University,Israel,23834,23.0,7.0,57 : 43,51.2â54.3,39.4,51.2,72.0,43.8,56.0,57,43,51.2,54.3,52.75,Range,
201–250,Tohoku University,Japan,17812,12.4,14.0,28 : 72,51.2â54.3,59.1,62.3,36.8,94.5,51.1,28,72,51.2,54.3,52.75,Range,
201–250,University College Dublin,Ireland,23361,21.3,31.0,,51.2â54.3,32.6,40.3,73.9,46.9,94.2,,,51.2,54.3,52.75,Range,
201–250,Vita-Salute San Raffaele University,Italy,3560,15.1,5.0,61 : 39,51.2â54.3,37.6,27.8,99.7,38.2,45.2,61,39,51.2,54.3,52.75,Range,
201–250,Vrije Universiteit Brussel,Belgium,14284,33.6,23.0,57 : 43,51.2â54.3,36.6,43.6,67.4,60.1,77.3,57,43,51.2,54.3,52.75,Range,
201–250,University of Waterloo,Canada,34306,23.2,23.0,48 : 52,51.2â54.3,36.8,46.4,71.0,47.3,87.5,48,52,51.2,54.3,52.75,Range,
201–250,Western University,,29747,29.5,22.0,56 : 44,51.2â54.3,40.7,42.1,67.9,79.9,85.6,56,44,51.2,54.3,52.75,Range,
201–250,Western Sydney University,Australia,36033,40.3,22.0,58 : 42,51.2â54.3,25.8,31.7,87.6,44.1,87.9,58,42,51.2,54.3,52.75,Range,
201–250,University of Wollongong,Australia,17440,29.1,27.0,54 : 46,51.2â54.3,31.4,38.2,74.8,57.2,94.0,54,46,51.2,54.3,52.75,Range,
251–300,Aalborg University,Denmark,16818,14.7,14.0,,48.9â51.1,29.5,43.3,73.2,51.5,76.4,,,48.9,51.1,50.0,Range,
251–300,Auckland University of Technology,,18837,17.3,49.0,59 : 41,48.9â51.1,20.8,21.3,97.4,39.4,96.4,59,41,48.9,51.1,50.0,Range,
251–300,Australian Catholic University,Australia,23728,39.1,15.0,75 : 25,48.9â51.1,18.3,25.9,98.3,38.4,79.9,75,25,48.9,51.1,50.0,Range,
251–300,University of Bath,United Kingdom,14955,15.4,34.0,46 : 54,48.9â51.1,32.2,33.8,73.8,39.9,93.4,46,54,48.9,51.1,50.0,Range,
251–300,Beijing Normal University,China,24416,14.3,10.0,,48.9â51.1,50.7,43.8,59.5,64.3,41.4,,,48.9,51.1,50.0,Range,
251–300,Bond University,Australia,3214,10.9,39.0,54 : 46,48.9â51.1,21.6,21.8,99.9,38.3,81.8,54,46,48.9,51.1,50.0,Range,
251–300,Boston College,United States,12755,14.5,12.0,54 : 46,48.9â51.1,48.6,31.5,74.9,37.4,48.5,54,46,48.9,51.1,50.0,Range,
251–300,Bournemouth University,United Kingdom,13825,18.6,21.0,53 : 47,48.9â51.1,32.6,20.7,88.4,37.5,84.0,53,47,48.9,51.1,50.0,Range,
251–300,Brighton and Sussex Medical School,United Kingdom,1015,20.3,17.0,60 : 40,48.9â51.1,15.7,25.4,99.8,36.9,81.1,60,40,48.9,51.1,50.0,Range,
251–300,"University of California, Riverside",United States,24515,18.6,14.0,53 : 47,48.9â51.1,33.0,32.7,81.4,41.7,65.3,53,47,48.9,51.1,50.0,Range,
251–300,University of Canberra,Australia,10785,35.5,26.0,,48.9â51.1,20.0,32.0,92.6,43.0,88.1,,,48.9,51.1,50.0,Range,
251–300,Chalmers University of Technology,Sweden,9513,13.8,19.0,32 : 68,48.9â51.1,34.9,44.5,64.4,66.0,77.4,32,68,48.9,51.1,50.0,Range,
251–300,"China Medical University, Taiwan",Taiwan,7284,15.5,9.0,56 : 44,48.9â51.1,24.1,32.0,92.8,93.1,47.6,56,44,48.9,51.1,50.0,Range,
251–300,Copenhagen Business School,Denmark,16547,27.7,24.0,48 : 52,48.9â51.1,21.5,31.0,90.9,43.9,93.6,48,52,48.9,51.1,50.0,Range,
251–300,Deakin University,Australia,43080,33.9,25.0,58 : 42,48.9â51.1,25.0,33.0,83.2,44.6,88.7,58,42,48.9,51.1,50.0,Range,
251–300,University of Duisburg-Essen,Germany,41618,43.7,19.0,49 : 51,48.9â51.1,34.0,35.5,79.9,64.5,60.9,49,51,48.9,51.1,50.0,Range,
251–300,Heinrich Heine University Düsseldorf,Germany,29365,32.8,12.0,58 : 42,48.9â51.1,34.7,32.3,80.1,44.1,59.3,58,42,48.9,51.1,50.0,Range,
251–300,École des Ponts ParisTech,France,1959,10.0,37.0,32 : 68,48.9â51.1,34.4,29.4,79.5,50.1,83.6,32,68,48.9,51.1,50.0,Range,
251–300,Goethe University Frankfurt,Germany,30082,12.7,14.0,58 : 42,48.9â51.1,33.7,32.9,76.4,44.8,65.6,58,42,48.9,51.1,50.0,Range,
251–300,Griffith University,,35900,32.9,17.0,59 : 41,48.9â51.1,27.1,35.8,76.4,52.8,83.2,59,41,48.9,51.1,50.0,Range,
251–300,University of Hawai’i at Mānoa,United States,14628,10.7,11.0,56 : 44,48.9â51.1,39.8,41.7,66.0,40.4,66.9,56,44,48.9,51.1,50.0,Range,
251–300,Hebrew University of Jerusalem,Israel,16175,11.3,5.0,57 : 43,48.9â51.1,42.1,41.8,65.3,42.8,59.5,57,43,48.9,51.1,50.0,Range,
251–300,University of Illinois Chicago,United States,28724,11.3,19.0,54 : 46,48.9â51.1,43.0,32.4,74.6,45.4,53.1,54,46,48.9,51.1,50.0,Range,
251–300,Indian Institute of Science,India,3990,8.8,1.0,27 : 73,48.9â51.1,60.5,56.9,33.1,80.1,28.0,27,73,48.9,51.1,50.0,Range,
251–300,Johannes Gutenberg University of Mainz,Germany,30856,25.5,12.0,59 : 41,48.9â51.1,36.7,28.8,80.5,57.6,58.5,59,41,48.9,51.1,50.0,Range,
251–300,University of Kiel,Germany,27911,22.7,9.0,53 : 47,48.9â51.1,31.5,32.7,84.5,36.9,57.1,53,47,48.9,51.1,50.0,Range,
251–300,King Saud University,Saudi Arabia,33931,10.6,14.0,44 : 56,48.9â51.1,27.0,32.9,76.3,86.3,85.4,44,56,48.9,51.1,50.0,Range,
251–300,Kyung Hee University,,20504,17.7,27.0,55 : 45,48.9â51.1,37.4,41.8,62.9,89.6,67.8,55,45,48.9,51.1,50.0,Range,
251–300,La Trobe University,,21663,27.4,33.0,63 : 37,48.9â51.1,25.9,32.9,83.2,51.8,88.4,63,37,48.9,51.1,50.0,Range,
251–300,Université Laval,Canada,28611,16.9,15.0,58 : 42,48.9â51.1,40.1,35.8,67.8,68.7,72.4,58,42,48.9,51.1,50.0,Range,
251–300,Linköping University,Sweden,15026,14.4,15.0,52 : 48,48.9â51.1,23.5,39.8,78.0,61.8,70.8,52,48,48.9,51.1,50.0,Range,
251–300,University of Navarra,Spain,11466,14.7,27.0,54 : 46,48.9â51.1,30.7,30.3,84.7,66.2,72.5,54,46,48.9,51.1,50.0,Range,
251–300,Oregon Health and Science University,United States,3035,1.0,3.0,67 : 33,48.9â51.1,36.4,19.8,99.4,52.0,29.4,67,33,48.9,51.1,50.0,Range,
251–300,Osaka University,Japan,22485,10.5,10.0,33 : 67,48.9â51.1,54.3,60.9,31.8,96.4,42.2,33,67,48.9,51.1,50.0,Range,
251–300,University of Pavia,Italy,20027,34.9,10.0,57 : 43,48.9â51.1,38.6,33.7,75.0,46.5,47.2,57,43,48.9,51.1,50.0,Range,
251–300,Queen’s University,,26556,26.2,17.0,59 : 41,48.9â51.1,39.9,38.0,60.9,72.0,72.7,59,41,48.9,51.1,50.0,Range,
251–300,Ruhr University Bochum,Germany,38441,48.5,15.0,50 : 50,48.9â51.1,40.4,47.2,57.6,52.3,54.1,50,50,48.9,51.1,50.0,Range,
251–300,Sejong University,South Korea,12356,20.8,13.0,48 : 52,48.9â51.1,27.3,29.3,93.8,55.6,58.8,48,52,48.9,51.1,50.0,Range,
251–300,University of Sharjah,United Arab Emirates,12933,19.2,55.0,67 : 33,48.9â51.1,20.5,21.3,96.8,41.4,99.3,67,33,48.9,51.1,50.0,Range,
251–300,Simon Fraser University,,26981,27.5,31.0,54 : 46,48.9â51.1,27.8,36.8,76.3,52.0,92.0,54,46,48.9,51.1,50.0,Range,
251–300,University of Southern Denmark,Denmark,18471,10.2,14.0,53 : 47,48.9â51.1,24.7,32.4,85.3,72.3,78.9,53,47,48.9,51.1,50.0,Range,
251–300,Stellenbosch University,,24907,25.9,8.0,56 : 44,48.9â51.1,30.5,36.9,82.2,71.0,54.0,56,44,48.9,51.1,50.0,Range,
251–300,Sun Yat-sen University,China,57951,15.1,5.0,49 : 51,48.9â51.1,44.9,37.4,74.8,59.3,31.3,49,51,48.9,51.1,50.0,Range,
251–300,Swansea University,United Kingdom,17490,15.4,22.0,47 : 53,48.9â51.1,24.9,28.2,91.5,39.3,83.6,47,53,48.9,51.1,50.0,Range,
251–300,Tilburg University,,11876,29.9,20.0,51 : 49,48.9â51.1,34.3,46.6,61.7,50.6,84.5,51,49,48.9,51.1,50.0,Range,
251–300,Tongji University,China,30153,10.8,12.0,46 : 54,48.9â51.1,43.4,52.3,46.1,97.8,53.1,46,54,48.9,51.1,50.0,Range,
251–300,University of Twente,Netherlands,9816,14.7,37.0,37 : 63,48.9â51.1,34.3,46.4,57.2,80.5,94.5,37,63,48.9,51.1,50.0,Range,
251–300,United Arab Emirates University,,7121,10.9,17.0,80 : 20,48.9â51.1,24.7,29.8,82.3,72.5,88.8,80,20,48.9,51.1,50.0,Range,
251–300,University of Utah,United States,30967,13.6,8.0,48 : 52,48.9â51.1,39.9,34.9,81.7,57.5,33.9,48,52,48.9,51.1,50.0,Range,
251–300,Virginia Polytechnic Institute and State University,,36512,18.5,14.0,43 : 57,48.9â51.1,39.3,36.2,73.7,47.4,56.8,43,57,48.9,51.1,50.0,Range,
251–300,University of the Witwatersrand,,26871,23.6,7.0,56 : 44,48.9â51.1,31.5,44.3,67.9,100.0,73.1,56,44,48.9,51.1,50.0,Range,
301–350,Abu Dhabi University,United Arab Emirates,3926,18.1,60.0,51 : 49,47.0â48.7,32.3,15.4,83.1,36.9,98.5,51,49,47.0,48.7,47.85,Range,
301–350,Aix-Marseille University,France,70054,17.4,13.0,60 : 40,47.0â48.7,40.5,24.9,72.3,41.5,63.2,60,40,47.0,48.7,47.85,Range,
301–350,Alfaisal University,,2851,10.2,32.0,59 : 41,47.0â48.7,20.2,22.1,91.6,43.4,96.7,59,41,47.0,48.7,47.85,Range,
301–350,Anglia Ruskin University (ARU),United Kingdom,20285,27.8,46.0,64 : 36,47.0â48.7,18.2,16.3,99.0,37.2,91.1,64,36,47.0,48.7,47.85,Range,
301–350,Autonomous University of Madrid,Spain,29327,13.2,12.0,61 : 39,47.0â48.7,31.3,31.2,80.8,40.0,51.2,61,39,47.0,48.7,47.85,Range,
301–350,University of Bordeaux,,53755,22.4,13.0,59 : 41,47.0â48.7,31.6,27.8,79.5,39.5,59.9,59,41,47.0,48.7,47.85,Range,
301–350,Brandeis University,United States,5427,13.1,28.0,59 : 41,47.0â48.7,28.5,23.1,90.3,37.3,55.5,59,41,47.0,48.7,47.85,Range,
301–350,Universiti Brunei Darussalam,Brunei Darussalam,3641,10.8,14.0,66 : 34,47.0â48.7,26.0,22.6,83.2,40.1,85.2,66,34,47.0,48.7,47.85,Range,
301–350,University at Buffalo,United States,27393,18.0,15.0,45 : 55,47.0â48.7,38.7,33.7,67.7,47.1,63.7,45,55,47.0,48.7,47.85,Range,
301–350,"University of California, Merced",United States,9185,20.1,10.0,52 : 48,47.0â48.7,22.9,23.5,96.0,42.2,47.3,52,48,47.0,48.7,47.85,Range,
301–350,University of Colorado Denver/Anschutz Medical Campus,United States,17224,3.8,8.0,57 : 43,47.0â48.7,30.1,20.3,97.0,42.9,31.5,57,43,47.0,48.7,47.85,Range,
301–350,Dalhousie University,,16901,14.8,28.0,55 : 45,47.0â48.7,28.1,30.9,74.3,45.0,89.0,55,45,47.0,48.7,47.85,Range,
301–350,Drexel University,United States,19304,12.5,14.0,51 : 49,47.0â48.7,40.8,26.0,76.4,48.8,50.1,51,49,47.0,48.7,47.85,Range,
301–350,École Normale Supérieure de Lyon,France,2171,8.6,11.0,47 : 53,47.0â48.7,46.9,46.2,47.4,56.6,62.1,47,53,47.0,48.7,47.85,Range,
301–350,University of Essex,United Kingdom,14335,15.3,40.0,54 : 46,47.0â48.7,31.0,32.4,71.0,37.9,96.4,54,46,47.0,48.7,47.85,Range,
301–350,Flinders University,Australia,17027,27.9,36.0,65 : 35,47.0â48.7,27.3,33.1,75.8,43.0,89.8,65,35,47.0,48.7,47.85,Range,
301–350,Florida State University,United States,39380,24.0,7.0,57 : 43,47.0â48.7,40.2,37.3,67.5,40.1,47.8,57,43,47.0,48.7,47.85,Range,
301–350,University of Galway,Ireland,15109,26.1,20.0,60 : 40,47.0â48.7,29.7,32.7,71.2,45.7,82.8,60,40,47.0,48.7,47.85,Range,
301–350,George Mason University,United States,32157,18.1,12.0,53 : 47,47.0â48.7,30.7,26.8,84.0,37.8,50.0,53,47,47.0,48.7,47.85,Range,
301–350,Hasselt University,Belgium,5683,31.1,14.0,49 : 51,47.0â48.7,33.4,39.5,63.3,57.3,70.2,49,51,47.0,48.7,47.85,Range,
301–350,University of Iowa,United States,29257,11.1,8.0,54 : 46,47.0â48.7,42.5,31.6,70.7,51.0,46.2,54,46,47.0,48.7,47.85,Range,
301–350,Lappeenranta-Lahti University of Technology LUT,Finland,4609,30.3,12.0,33 : 67,47.0â48.7,27.8,32.7,77.2,52.1,59.8,33,67,47.0,48.7,47.85,Range,
301–350,University of Milan,Italy,47512,21.2,7.0,60 : 40,47.0â48.7,32.6,30.4,82.5,40.5,43.5,60,40,47.0,48.7,47.85,Range,
301–350,University of Milan-Bicocca,Italy,29057,29.2,5.0,62 : 38,47.0â48.7,24.9,25.9,93.6,40.8,43.0,62,38,47.0,48.7,47.85,Range,
301–350,Montpellier University,France,40179,20.1,15.0,54 : 46,47.0â48.7,35.2,33.6,72.1,39.9,62.2,54,46,47.0,48.7,47.85,Range,
301–350,Nagoya University,Japan,15224,12.8,12.0,30 : 70,47.0â48.7,48.4,54.1,39.7,99.2,35.8,30,70,47.0,48.7,47.85,Range,
301–350,Nankai University,China,31322,11.3,5.0,,47.0â48.7,39.7,24.9,79.4,46.2,40.7,,,47.0,48.7,47.85,Range,
301–350,University of Otago,New Zealand,18508,19.7,19.0,60 : 40,47.0â48.7,32.4,34.5,70.2,38.8,88.0,60,40,47.0,48.7,47.85,Range,
301–350,University of Oulu,,10134,19.8,7.0,54 : 46,47.0â48.7,28.4,35.8,75.2,46.9,57.5,54,46,47.0,48.7,47.85,Range,
301–350,Politecnico di Milano,,37532,25.4,18.0,,47.0â48.7,39.0,45.3,56.4,74.6,62.0,,,47.0,48.7,47.85,Range,
301–350,Reykjavík University,Iceland,2757,22.9,8.0,47 : 53,47.0â48.7,15.5,21.5,99.9,38.1,71.4,47,53,47.0,48.7,47.85,Range,
301–350,RMIT University,Australia,32692,23.6,34.0,48 : 52,47.0â48.7,29.4,32.7,71.8,47.6,93.6,48,52,47.0,48.7,47.85,Range,
301–350,University of St Gallen,Switzerland,8065,12.2,34.0,35 : 65,47.0â48.7,28.2,20.4,80.0,47.4,95.9,35,65,47.0,48.7,47.85,Range,
301–350,Saint Louis University,United States,10798,7.4,7.0,60 : 40,47.0â48.7,39.6,15.8,89.4,39.8,34.7,60,40,47.0,48.7,47.85,Range,
301–350,University of South Australia,,23490,32.9,21.0,58 : 42,47.0â48.7,23.0,36.1,70.4,79.5,87.5,58,42,47.0,48.7,47.85,Range,
301–350,University of Southern Queensland,Australia,12150,26.0,18.0,62 : 38,47.0â48.7,24.6,24.3,85.5,41.5,79.8,62,38,47.0,48.7,47.85,Range,
301–350,Stony Brook University,United States,25411,10.6,22.0,52 : 48,47.0â48.7,33.8,26.8,76.1,38.1,69.5,52,48,47.0,48.7,47.85,Range,
301–350,University of Stuttgart,Germany,16054,26.5,19.0,34 : 66,47.0â48.7,44.8,48.6,47.5,88.0,53.5,34,66,47.0,48.7,47.85,Range,
301–350,Swinburne University of Technology,Australia,15327,25.6,25.0,38 : 62,47.0â48.7,25.2,31.1,81.8,45.2,81.5,38,62,47.0,48.7,47.85,Range,
301–350,Taipei Medical University,,5946,9.1,10.0,58 : 42,47.0â48.7,44.4,32.2,63.1,93.1,45.8,58,42,47.0,48.7,47.85,Range,
301–350,Tampere University,Finland,15855,20.6,6.0,54 : 46,47.0â48.7,26.6,35.9,76.9,56.1,51.1,54,46,47.0,48.7,47.85,Range,
301–350,University of Tasmania,Australia,18264,22.9,36.0,60 : 40,47.0â48.7,27.1,34.8,71.5,48.1,91.1,60,40,47.0,48.7,47.85,Range,
301–350,Technical University of Darmstadt,Germany,15526,37.1,18.0,34 : 66,47.0â48.7,43.3,48.2,43.8,80.7,59.6,34,66,47.0,48.7,47.85,Range,
301–350,Temple University,United States,35641,12.5,8.0,54 : 46,47.0â48.7,37.4,23.1,83.5,40.2,38.6,54,46,47.0,48.7,47.85,Range,
301–350,The University of Tennessee-Knoxville,United States,27308,16.7,4.0,,47.0â48.7,35.6,28.4,79.0,45.1,46.7,,,47.0,48.7,47.85,Range,
301–350,Tokyo Institute of Technology,Japan,9878,9.5,17.0,16 : 84,47.0â48.7,49.7,58.2,31.0,80.0,50.0,16,84,47.0,48.7,47.85,Range,
301–350,University College Cork,Ireland,17925,20.8,20.0,59 : 41,47.0â48.7,24.2,28.8,83.7,47.2,84.3,59,41,47.0,48.7,47.85,Range,
301–350,University of Victoria,Canada,20936,24.6,21.0,55 : 45,47.0â48.7,24.7,33.7,75.5,45.7,86.8,55,45,47.0,48.7,47.85,Range,
351–400,American University of Beirut,Lebanon,9267,8.7,22.0,51 : 49,45.0â46.9,24.7,14.8,89.6,43.0,78.7,51,49,45.0,46.9,45.95,Range,
351–400,"Asia University, Taiwan",Taiwan,11421,30.3,7.0,62 : 38,45.0â46.9,18.2,36.5,76.1,97.2,52.5,62,38,45.0,46.9,45.95,Range,
351–400,Ateneo de Manila University,Philippines,13159,10.0,4.0,51 : 49,45.0â46.9,32.4,9.5,97.0,37.6,31.8,51,49,45.0,46.9,45.95,Range,
351–400,"Birkbeck, University of London",United Kingdom,8060,16.6,40.0,56 : 44,45.0â46.9,30.4,33.3,66.8,37.2,90.7,56,44,45.0,46.9,45.95,Range,
351–400,University of Bremen,Germany,12635,20.1,14.0,53 : 47,45.0â46.9,36.4,38.6,59.0,48.3,59.7,53,47,45.0,46.9,45.95,Range,
351–400,University of Brescia,Italy,15133,24.6,7.0,46 : 54,45.0â46.9,26.4,18.8,95.2,40.2,42.5,46,54,45.0,46.9,45.95,Range,
351–400,University of Cape Coast,,28451,35.5,0.0,33 : 67,45.0â46.9,17.4,20.7,99.1,63.4,44.7,33,67,45.0,46.9,45.95,Range,
351–400,Catholic University of Portugal,Portugal,11213,22.2,21.0,63 : 37,45.0â46.9,20.2,19.2,97.8,38.8,62.8,63,37,45.0,46.9,45.95,Range,
351–400,Central South University,China,56344,20.4,4.0,,45.0â46.9,31.8,41.2,65.7,93.4,26.3,,,45.0,46.9,45.95,Range,
351–400,Charles Darwin University,Australia,7246,34.5,30.0,69 : 31,45.0â46.9,22.7,33.2,72.4,45.9,79.8,69,31,45.0,46.9,45.95,Range,
351–400,"City, University of London",United Kingdom,15460,18.2,51.0,57 : 43,45.0â46.9,25.6,29.3,69.0,38.3,95.0,57,43,45.0,46.9,45.95,Range,
351–400,University of Delaware,United States,21808,16.3,12.0,57 : 43,45.0â46.9,28.8,39.0,64.9,91.4,51.5,57,43,45.0,46.9,45.95,Range,
351–400,East China Normal University,China,28055,14.7,11.0,64 : 36,45.0â46.9,37.5,32.6,62.0,54.4,54.7,64,36,45.0,46.9,45.95,Range,
351–400,Edith Cowan University,,18759,30.4,28.0,60 : 40,45.0â46.9,20.1,25.3,80.4,40.7,87.4,60,40,45.0,46.9,45.95,Range,
351–400,Golestan University of Medical Sciences,Iran,3721,11.5,11.0,60 : 40,45.0â46.9,33.7,8.9,100.0,37.0,33.3,60,40,45.0,46.9,45.95,Range,
351–400,University of Greifswald,Germany,10291,20.6,8.0,58 : 42,45.0â46.9,31.9,26.9,77.6,42.0,56.7,58,42,45.0,46.9,45.95,Range,
351–400,University of Hail,Saudi Arabia,19366,11.2,10.0,63 : 37,45.0â46.9,18.0,9.2,98.7,42.8,82.3,63,37,45.0,46.9,45.95,Range,
351–400,Harbin Institute of Technology,China,30542,10.5,6.0,,45.0â46.9,44.2,46.9,49.0,99.6,27.6,,,45.0,46.9,45.95,Range,
351–400,Howard University,United States,8782,8.2,6.0,70 : 30,45.0â46.9,45.7,17.6,79.2,36.9,34.3,70,30,45.0,46.9,45.95,Range,
351–400,Imam Mohammad Ibn Saud Islamic University,Saudi Arabia,43110,10.8,3.0,39 : 61,45.0â46.9,29.6,17.7,89.6,40.6,65.1,39,61,45.0,46.9,45.95,Range,
351–400,IMT Atlantique,France,1436,7.7,33.0,25 : 75,45.0â46.9,37.3,35.8,50.1,90.6,77.2,25,75,45.0,46.9,45.95,Range,
351–400,James Cook University,Australia,12825,20.1,32.0,62 : 38,45.0â46.9,23.3,28.2,78.0,43.4,93.8,62,38,45.0,46.9,45.95,Range,
351–400,JSS Academy of Higher Education and Research,India,7891,9.5,7.0,54 : 46,45.0â46.9,34.4,9.4,99.3,38.4,35.2,54,46,45.0,46.9,45.95,Range,
351–400,University of Kent,United Kingdom,16705,17.0,29.0,54 : 46,45.0â46.9,27.9,29.5,67.6,37.4,92.0,54,46,45.0,46.9,45.95,Range,
351–400,Khalifa University,,3029,8.8,22.0,58 : 42,45.0â46.9,31.2,37.1,56.2,94.2,92.8,58,42,45.0,46.9,45.95,Range,
351–400,Kurdistan University of Medical Sciences,Iran,3181,10.5,2.0,49 : 51,45.0â46.9,36.1,9.8,98.4,37.6,23.7,49,51,45.0,46.9,45.95,Range,
351–400,Leuphana University of Lüneburg,Germany,7839,26.1,7.0,62 : 38,45.0â46.9,25.2,22.1,90.0,38.9,54.3,62,38,45.0,46.9,45.95,Range,
351–400,University of Liège,Belgium,21910,26.8,21.0,58 : 42,45.0â46.9,26.8,38.4,62.2,85.7,72.4,58,42,45.0,46.9,45.95,Range,
351–400,Loughborough University,United Kingdom,15815,13.8,29.0,41 : 59,45.0â46.9,32.2,32.6,61.0,40.3,88.6,41,59,45.0,46.9,45.95,Range,
351–400,University of Malaya,Malaysia,18320,9.8,18.0,58 : 42,45.0â46.9,37.4,32.6,61.2,42.7,82.7,58,42,45.0,46.9,45.95,Range,
351–400,University of Manitoba,Canada,29561,29.4,20.0,54 : 46,45.0â46.9,32.7,31.2,75.0,38.2,56.6,54,46,45.0,46.9,45.95,Range,
351–400,Mazandaran University of Medical Sciences,Iran,7845,15.1,1.0,57 : 43,45.0â46.9,41.8,11.1,93.3,42.1,21.4,57,43,45.0,46.9,45.95,Range,
351–400,University of Naples Federico II,Italy,53319,20.2,2.0,55 : 45,45.0â46.9,34.0,28.3,77.5,42.6,32.3,55,45,45.0,46.9,45.95,Range,
351–400,University of New Mexico (Main campus),United States,18046,16.9,5.0,56 : 44,45.0â46.9,34.7,29.3,74.5,39.0,37.6,56,44,45.0,46.9,45.95,Range,
351–400,North Carolina State University,United States,31540,16.6,14.0,48 : 52,45.0â46.9,40.9,38.2,59.7,47.5,54.8,48,52,45.0,46.9,45.95,Range,
351–400,University of Rome II – Tor Vergata,Italy,24038,30.3,20.0,56 : 44,45.0â46.9,39.7,28.8,63.8,45.8,65.3,56,44,45.0,46.9,45.95,Range,
351–400,"Royal Holloway, University of London",United Kingdom,10640,15.1,35.0,57 : 43,45.0â46.9,28.7,28.4,67.6,39.5,91.6,57,43,45.0,46.9,45.95,Range,
351–400,Royal Veterinary College,United Kingdom,2250,10.5,30.0,80 : 20,45.0â46.9,24.4,20.1,79.6,46.6,93.4,80,20,45.0,46.9,45.95,Range,
351–400,Rush University,United States,2757,2.1,1.0,76 : 24,45.0â46.9,40.9,15.3,90.1,44.1,22.1,76,24,45.0,46.9,45.95,Range,
351–400,Shoolini University of Biotechnology and Management Sciences,India,2973,14.3,2.0,45 : 55,45.0â46.9,23.2,14.4,98.3,37.9,49.1,45,55,45.0,46.9,45.95,Range,
351–400,University of Stirling,United Kingdom,9855,16.0,27.0,64 : 36,45.0â46.9,22.9,25.9,79.4,37.3,86.1,64,36,45.0,46.9,45.95,Range,
351–400,Swedish University of Agricultural Sciences,Sweden,4216,4.6,7.0,70 : 30,45.0â46.9,29.9,31.4,71.8,89.2,52.1,70,30,45.0,46.9,45.95,Range,
351–400,University of Texas at Dallas,United States,25464,21.6,20.0,43 : 57,45.0â46.9,24.8,27.0,81.3,42.7,56.4,43,57,45.0,46.9,45.95,Range,
351–400,Tulane University,United States,11220,7.5,11.0,58 : 42,45.0â46.9,41.9,23.0,73.6,38.8,43.8,58,42,45.0,46.9,45.95,Range,
351–400,University of Turku,,13012,15.3,5.0,64 : 36,45.0â46.9,27.7,32.6,73.9,38.7,53.5,64,36,45.0,46.9,45.95,Range,
351–400,University of Vaasa,Finland,3873,20.0,4.0,53 : 47,45.0â46.9,19.6,25.5,88.0,38.5,66.2,53,47,45.0,46.9,45.95,Range,
351–400,Verona University,Italy,18621,23.8,4.0,64 : 36,45.0â46.9,31.4,26.0,80.0,45.5,42.4,64,36,45.0,46.9,45.95,Range,
351–400,Wake Forest University,United States,8122,4.0,10.0,54 : 46,45.0â46.9,39.4,20.2,81.9,45.7,33.0,54,46,45.0,46.9,45.95,Range,
351–400,Washington State University,United States,29463,19.5,7.0,54 : 46,45.0â46.9,33.4,32.7,69.6,50.8,50.1,54,46,45.0,46.9,45.95,Range,
351–400,Wroclaw Medical University,Poland,6769,9.4,14.0,71 : 29,45.0â46.9,39.6,11.7,89.0,38.2,37.5,71,29,45.0,46.9,45.95,Range,
401–500,Alagappa University,India,4831,15.7,0.0,63 : 37,42.1â44.9,34.6,11.0,82.8,37.2,35.1,63,37,42.1,44.9,43.5,Range,
401–500,University of Alaska Fairbanks,United States,2910,7.2,6.0,53 : 47,42.1â44.9,29.1,24.9,70.0,47.7,60.0,53,47,42.1,44.9,43.5,Range,
401–500,Arak University of Medical Sciences,Iran,3500,7.4,1.0,56 : 44,42.1â44.9,24.6,8.8,100.0,36.9,17.9,56,44,42.1,44.9,43.5,Range,
401–500,Aston University,United Kingdom,12015,17.8,25.0,48 : 52,42.1â44.9,20.5,24.9,76.8,38.8,92.6,48,52,42.1,44.9,43.5,Range,
401–500,Aswan University,Egypt,31877,46.7,2.0,55 : 45,42.1â44.9,16.7,11.6,98.5,37.0,47.8,55,45,42.1,44.9,43.5,Range,
401–500,Babol University of Medical Sciences,Iran,4102,11.8,0.0,58 : 42,42.1â44.9,32.3,10.6,97.3,37.3,18.4,58,42,42.1,44.9,43.5,Range,
401–500,Babol Noshirvani University of Technology,Iran,6180,28.7,0.0,33 : 67,42.1â44.9,20.3,20.9,98.4,38.5,22.9,33,67,42.1,44.9,43.5,Range,
401–500,Bangor University,United Kingdom,8790,15.7,26.0,61 : 39,42.1â44.9,28.3,24.7,72.6,37.4,84.3,61,39,42.1,44.9,43.5,Range,
401–500,University of Bayreuth,Germany,9734,26.6,12.0,47 : 53,42.1â44.9,36.4,39.4,55.0,53.3,58.3,47,53,42.1,44.9,43.5,Range,
401–500,Brunel University London,United Kingdom,13040,17.0,39.0,47 : 53,42.1â44.9,24.3,26.4,69.9,37.9,96.9,47,53,42.1,44.9,43.5,Range,
401–500,University of Campinas,Brazil,31199,17.8,3.0,46 : 54,42.1â44.9,47.9,46.7,38.4,44.4,34.1,46,54,42.1,44.9,43.5,Range,
401–500,Cankaya University,Turkey,7113,25.4,1.0,46 : 54,42.1â44.9,15.5,13.2,100.0,37.7,46.7,46,54,42.1,44.9,43.5,Range,
401–500,University of Catania,Italy,26902,21.2,3.0,58 : 42,42.1â44.9,31.2,21.5,79.7,39.4,31.9,58,42,42.1,44.9,43.5,Range,
401–500,Claude Bernard University Lyon 1,France,28253,13.0,14.0,54 : 46,42.1â44.9,36.1,27.2,65.5,41.6,59.0,54,46,42.1,44.9,43.5,Range,
401–500,Colorado School of Mines,United States,6350,17.6,9.0,31 : 69,42.1â44.9,34.0,30.3,63.0,46.2,37.1,31,69,42.1,44.9,43.5,Range,
401–500,"Colorado State University, Fort Collins",United States,29351,17.7,6.0,55 : 45,42.1â44.9,31.7,29.6,72.3,43.0,39.1,55,45,42.1,44.9,43.5,Range,
401–500,Complutense University of Madrid,Spain,61128,20.3,12.0,62 : 38,42.1â44.9,31.4,34.7,60.5,39.1,44.7,62,38,42.1,44.9,43.5,Range,
401–500,University of Connecticut,United States,27752,13.6,12.0,52 : 48,42.1â44.9,39.1,29.3,59.8,40.0,54.8,52,48,42.1,44.9,43.5,Range,
401–500,University of Crete,Greece,13808,27.6,4.0,63 : 37,42.1â44.9,20.6,26.0,82.2,51.0,48.4,63,37,42.1,44.9,43.5,Range,
401–500,University of Cyprus,,6875,20.1,13.0,60 : 40,42.1â44.9,26.0,23.1,67.0,55.5,83.4,60,40,42.1,44.9,43.5,Range,
401–500,University of Denver,United States,10001,13.0,6.0,60 : 40,42.1â44.9,40.1,24.7,69.8,37.9,27.5,60,40,42.1,44.9,43.5,Range,
401–500,Dublin City University,Ireland,13956,25.4,17.0,59 : 41,42.1â44.9,23.9,33.8,63.2,42.6,82.2,59,41,42.1,44.9,43.5,Range,
401–500,Duy Tan University,Vietnam,21670,21.9,0.0,62 : 38,42.1â44.9,14.4,12.6,100.0,37.7,48.6,62,38,42.1,44.9,43.5,Range,
401–500,Edinburgh Napier University,United Kingdom,11535,20.4,35.0,53 : 47,42.1â44.9,17.9,17.0,81.3,37.0,87.8,53,47,42.1,44.9,43.5,Range,
401–500,University of Electronic Science and Technology of China,China,35232,15.4,3.0,30 : 70,42.1â44.9,29.3,31.2,67.1,67.0,32.4,30,70,42.1,44.9,43.5,Range,
401–500,Ferhat Abbas Sétif University 1,Algeria,34637,22.7,1.0,63 : 37,42.1â44.9,18.2,19.8,94.7,36.9,40.0,63,37,42.1,44.9,43.5,Range,
401–500,University of Ferrara,Italy,20507,32.6,5.0,61 : 39,42.1â44.9,31.4,24.7,70.6,43.0,42.4,61,39,42.1,44.9,43.5,Range,
401–500,University of Florence,Italy,39407,23.0,9.0,56 : 44,42.1â44.9,34.8,32.4,65.6,45.0,44.7,56,44,42.1,44.9,43.5,Range,
401–500,Free University of Bozen-Bolzano,Italy,4236,12.6,15.0,68 : 32,42.1â44.9,23.5,19.4,83.3,38.5,74.2,68,32,42.1,44.9,43.5,Range,
401–500,University of Genoa,Italy,20447,23.7,8.0,57 : 43,42.1â44.9,36.4,28.3,66.5,48.3,43.9,57,43,42.1,44.9,43.5,Range,
401–500,Georgia State University,United States,34734,17.3,5.0,58 : 42,42.1â44.9,34.3,26.9,65.2,38.1,43.4,58,42,42.1,44.9,43.5,Range,
401–500,Université Grenoble Alpes,France,50868,18.2,17.0,52 : 48,42.1â44.9,37.6,35.0,56.1,40.4,65.5,52,48,42.1,44.9,43.5,Range,
401–500,Hanyang University,,20079,14.6,20.0,,42.1â44.9,41.8,40.8,40.8,89.8,63.7,,,42.1,44.9,43.5,Range,
401–500,Hunan University,China,41580,18.6,2.0,47 : 53,42.1â44.9,24.0,26.4,87.6,59.1,25.6,47,53,42.1,44.9,43.5,Range,
401–500,University of Ibadan,Nigeria,26156,17.6,0.0,49 : 51,42.1â44.9,30.1,15.7,83.7,37.4,34.5,49,51,42.1,44.9,43.5,Range,
401–500,Illinois Institute of Technology,United States,6386,11.5,41.0,37 : 63,42.1â44.9,43.1,21.8,61.0,39.7,67.3,37,63,42.1,44.9,43.5,Range,
401–500,University of Innsbruck,Austria,13918,22.0,46.0,53 : 47,42.1â44.9,33.9,30.1,55.9,52.5,96.2,53,47,42.1,44.9,43.5,Range,
401–500,Institut Agro,France,2148,11.5,16.0,65 : 35,42.1â44.9,35.4,30.5,59.1,46.7,59.4,65,35,42.1,44.9,43.5,Range,
401–500,University of International Business and Economics,China,16061,15.7,15.0,69 : 31,42.1â44.9,27.2,15.6,84.0,38.1,54.3,69,31,42.1,44.9,43.5,Range,
401–500,Iowa State University,United States,28767,16.7,10.0,44 : 56,42.1â44.9,35.5,36.9,56.5,51.0,39.5,44,56,42.1,44.9,43.5,Range,
401–500,Jazan University,Saudi Arabia,26568,13.0,3.0,64 : 36,42.1â44.9,17.5,8.5,97.0,37.1,74.8,64,36,42.1,44.9,43.5,Range,
401–500,Justus Liebig University Giessen,Germany,28278,44.6,11.0,63 : 37,42.1â44.9,33.1,37.3,60.2,43.7,51.8,63,37,42.1,44.9,43.5,Range,
401–500,University of Jyväskylä,Finland,10444,14.4,3.0,62 : 38,42.1â44.9,28.5,33.3,68.0,38.2,51.2,62,38,42.1,44.9,43.5,Range,
401–500,University of Kansas,United States,24435,9.9,8.0,53 : 47,42.1â44.9,38.1,24.4,67.2,46.3,49.2,53,47,42.1,44.9,43.5,Range,
401–500,University of Klagenfurt,Austria,3562,10.0,28.0,68 : 32,42.1â44.9,23.5,18.2,74.7,38.5,90.9,68,32,42.1,44.9,43.5,Range,
401–500,Koç University,Turkey,5882,19.7,8.0,48 : 52,42.1â44.9,30.7,42.3,56.1,100.0,49.3,48,52,42.1,44.9,43.5,Range,
401–500,University of KwaZulu-Natal,,35795,30.1,2.0,60 : 40,42.1â44.9,30.4,34.4,63.9,38.2,51.5,60,40,42.1,44.9,43.5,Range,
401–500,University of Lagos,Nigeria,36237,21.5,0.0,48 : 52,42.1â44.9,18.5,14.0,97.7,40.9,34.0,48,52,42.1,44.9,43.5,Range,
401–500,Leibniz University Hannover,Germany,21677,43.7,18.0,42 : 58,42.1â44.9,39.1,39.2,46.2,48.9,54.7,42,58,42.1,44.9,43.5,Range,
401–500,Lincoln University,New Zealand,2492,13.3,44.0,51 : 49,42.1â44.9,29.7,22.6,59.9,51.7,96.4,51,49,42.1,44.9,43.5,Range,
401–500,University of Lincoln,United Kingdom,14480,15.7,13.0,55 : 45,42.1â44.9,17.8,17.4,85.8,37.5,75.4,55,45,42.1,44.9,43.5,Range,
401–500,Liverpool John Moores University,United Kingdom,21725,17.4,16.0,54 : 46,42.1â44.9,20.9,19.0,81.2,37.4,77.2,54,46,42.1,44.9,43.5,Range,
401–500,Mahatma Gandhi University,India,1855,14.6,2.0,61 : 39,42.1â44.9,42.5,31.5,58.1,37.9,21.9,61,39,42.1,44.9,43.5,Range,
401–500,University of Marburg,Germany,23383,31.2,12.0,56 : 44,42.1â44.9,36.0,30.1,64.1,36.9,53.9,56,44,42.1,44.9,43.5,Range,
401–500,Maynooth University,Ireland,11454,28.5,15.0,55 : 45,42.1â44.9,21.7,28.9,71.7,39.5,82.5,55,45,42.1,44.9,43.5,Range,
401–500,Middlesex University,United Kingdom,15905,18.7,50.0,58 : 42,42.1â44.9,21.3,19.6,75.3,37.2,91.0,58,42,42.1,44.9,43.5,Range,
401–500,University of Modena and Reggio Emilia,Italy,21409,26.9,5.0,53 : 47,42.1â44.9,32.7,23.2,72.1,49.1,37.6,53,47,42.1,44.9,43.5,Range,
401–500,Muhimbili University of Health and Allied Sciences,Tanzania,3626,11.3,3.0,41 : 59,42.1â44.9,17.0,11.0,99.9,39.1,49.2,41,59,42.1,44.9,43.5,Range,
401–500,Murdoch University,Australia,16641,36.5,40.0,61 : 39,42.1â44.9,21.6,27.8,70.6,46.7,93.2,61,39,42.1,44.9,43.5,Range,
401–500,National and Kapodistrian University of Athens,Greece,66649,31.0,11.0,59 : 41,42.1â44.9,22.1,20.1,82.4,67.9,56.3,59,41,42.1,44.9,43.5,Range,
401–500,University of Nebraska-Lincoln,United States,24909,16.8,10.0,49 : 51,42.1â44.9,34.0,31.0,60.5,39.6,56.1,49,51,42.1,44.9,43.5,Range,
401–500,University of Nebraska Medical Center,United States,3181,2.0,9.0,69 : 31,42.1â44.9,34.9,12.6,83.2,40.2,46.3,69,31,42.1,44.9,43.5,Range,
401–500,Norwegian University of Science and Technology,Norway,37707,15.8,9.0,48 : 52,42.1â44.9,30.0,34.7,60.1,42.9,67.5,48,52,42.1,44.9,43.5,Range,
401–500,Nova Southeastern University,United States,17952,16.3,4.0,70 : 30,42.1â44.9,39.4,10.6,87.5,36.9,28.9,70,30,42.1,44.9,43.5,Range,
401–500,Örebro University,Sweden,10005,15.2,5.0,61 : 39,42.1â44.9,17.7,21.8,87.1,37.7,55.1,61,39,42.1,44.9,43.5,Range,
401–500,University of Passau,Germany,9703,69.2,12.0,61 : 39,42.1â44.9,35.6,38.1,54.5,43.0,53.6,61,39,42.1,44.9,43.5,Range,
401–500,University of Pisa,Italy,33791,21.9,6.0,51 : 49,42.1â44.9,28.8,30.2,69.2,41.7,40.6,51,49,42.1,44.9,43.5,Range,
401–500,University of Plymouth,United Kingdom,15605,17.7,16.0,58 : 42,42.1â44.9,22.2,22.7,79.6,37.2,73.0,58,42,42.1,44.9,43.5,Range,
401–500,Pontificia Universidad Católica de Chile,Chile,31578,16.0,4.0,,42.1â44.9,24.2,31.9,66.2,70.3,56.2,,,42.1,44.9,43.5,Range,
401–500,University of Porto,Portugal,33484,16.2,16.0,55 : 45,42.1â44.9,26.6,32.3,63.7,41.9,57.9,55,45,42.1,44.9,43.5,Range,
401–500,University of Portsmouth,United Kingdom,22490,16.4,29.0,47 : 53,42.1â44.9,18.8,19.2,76.3,37.6,91.4,47,53,42.1,44.9,43.5,Range,
401–500,Qazvin University of Medical Sciences,Iran,2598,9.2,1.0,57 : 43,42.1â44.9,30.6,10.3,99.9,37.0,22.6,57,43,42.1,44.9,43.5,Range,
401–500,Qom University of Medical Sciences,Iran,2272,9.1,4.0,57 : 43,42.1â44.9,28.9,9.8,100.0,37.0,19.4,57,43,42.1,44.9,43.5,Range,
401–500,Quaid-i-Azam University,Pakistan,9250,16.5,1.0,51 : 49,42.1â44.9,26.9,22.9,78.7,38.2,48.6,51,49,42.1,44.9,43.5,Range,
401–500,Sabancı University,,3819,20.0,10.0,38 : 62,42.1â44.9,25.5,37.7,57.0,73.4,59.7,38,62,42.1,44.9,43.5,Range,
401–500,Sharif University of Technology,Iran,9219,22.5,2.0,25 : 75,42.1â44.9,33.5,36.3,60.4,89.5,31.6,25,75,42.1,44.9,43.5,Range,
401–500,Shenzhen University,China,38240,14.1,1.0,46 : 54,42.1â44.9,23.0,27.9,86.0,50.5,34.5,46,54,42.1,44.9,43.5,Range,
401–500,University of Siena,Italy,12948,18.7,9.0,63 : 37,42.1â44.9,21.5,25.3,79.9,41.7,43.5,63,37,42.1,44.9,43.5,Range,
401–500,South China University of Technology,China,40082,12.7,5.0,39 : 61,42.1â44.9,28.2,35.6,70.7,80.7,34.4,39,61,42.1,44.9,43.5,Range,
401–500,Southeast University,China,37484,12.3,4.0,36 : 64,42.1â44.9,34.8,42.3,47.2,93.7,37.8,36,64,42.1,44.9,43.5,Range,
401–500,Southern Medical University,,20432,10.7,6.0,,42.1â44.9,38.6,37.7,58.0,43.8,25.0,,,42.1,44.9,43.5,Range,
401–500,SRUC (Scotland’s Rural College),United Kingdom,1325,5.3,8.0,60 : 40,42.1â44.9,23.6,12.6,92.1,42.5,59.1,60,40,42.1,44.9,43.5,Range,
401–500,University of Strathclyde,United Kingdom,19840,17.0,29.0,50 : 50,42.1â44.9,32.0,33.9,56.1,47.8,89.7,50,50,42.1,44.9,43.5,Range,
401–500,Sumy State University,Ukraine,8703,11.4,21.0,44 : 56,42.1â44.9,19.5,12.3,94.5,39.9,57.2,44,56,42.1,44.9,43.5,Range,
401–500,Syracuse University,United States,20620,14.9,23.0,52 : 48,42.1â44.9,34.9,28.0,64.3,37.2,50.7,52,48,42.1,44.9,43.5,Range,
401–500,Universiti Teknologi Petronas,Malaysia,5021,13.6,16.0,38 : 62,42.1â44.9,26.8,33.8,58.9,77.6,76.7,38,62,42.1,44.9,43.5,Range,
401–500,Tianjin University,China,27353,8.7,12.0,,42.1â44.9,35.3,42.8,51.6,89.9,41.5,,,42.1,44.9,43.5,Range,
401–500,Ton Duc Thang University,,27878,25.3,1.0,56 : 44,42.1â44.9,13.5,16.0,99.2,39.8,58.4,56,44,42.1,44.9,43.5,Range,
401–500,University of Trento,Italy,14219,19.2,8.0,52 : 48,42.1â44.9,27.0,32.3,66.5,41.1,56.9,52,48,42.1,44.9,43.5,Range,
401–500,The University of Tulsa,United States,4407,12.0,10.0,48 : 52,42.1â44.9,37.8,17.1,75.6,48.0,36.4,48,52,42.1,44.9,43.5,Range,
401–500,University of Turin,Italy,58463,28.4,6.0,61 : 39,42.1â44.9,21.5,29.7,77.5,43.9,41.4,61,39,42.1,44.9,43.5,Range,
401–500,TU Wien,Austria,10327,17.7,31.0,31 : 69,42.1â44.9,40.1,37.4,38.1,62.0,87.6,31,69,42.1,44.9,43.5,Range,
401–500,Umeå University,Sweden,18218,12.6,11.0,61 : 39,42.1â44.9,21.9,29.6,78.4,38.5,64.5,61,39,42.1,44.9,43.5,Range,
401–500,Urmia University of Medical Sciences,Iran,4644,12.0,2.0,51 : 49,42.1â44.9,35.0,10.0,90.4,36.9,19.7,51,49,42.1,44.9,43.5,Range,
401–500,Universiti Utara Malaysia,Malaysia,12457,11.6,30.0,79 : 21,42.1â44.9,33.4,25.7,60.2,41.2,74.8,79,21,42.1,44.9,43.5,Range,
401–500,Victoria University of Wellington,New Zealand,17883,18.8,20.0,58 : 42,42.1â44.9,27.8,34.0,53.2,53.7,87.4,58,42,42.1,44.9,43.5,Range,
401–500,University of Waikato,New Zealand,10472,17.6,31.0,59 : 41,42.1â44.9,21.6,28.1,66.4,40.8,95.4,59,41,42.1,44.9,43.5,Range,
401–500,University of the West of England,United Kingdom,24585,15.9,23.0,53 : 47,42.1â44.9,18.3,14.6,92.9,37.6,72.9,53,47,42.1,44.9,43.5,Range,
401–500,William & Mary,United States,8089,10.9,8.0,56 : 44,42.1â44.9,43.7,21.4,64.3,37.3,35.7,56,44,42.1,44.9,43.5,Range,
401–500,Xiamen University,China,42760,15.4,2.0,,42.1â44.9,30.8,28.5,78.4,53.1,28.3,,,42.1,44.9,43.5,Range,
401–500,York University,,44036,29.1,28.0,55 : 45,42.1â44.9,25.1,33.1,67.0,42.1,75.3,55,45,42.1,44.9,43.5,Range,
501–600,Aberystwyth University,United Kingdom,6180,16.3,24.0,52 : 48,39.3â42.0,22.3,23.4,64.1,39.8,81.1,52,48,39.3,42.0,40.65,Range,
501–600,An-Najah National University,,23922,23.9,10.0,65 : 35,39.3â42.0,13.3,8.9,98.4,38.1,64.1,65,35,39.3,42.0,40.65,Range,
501–600,University of L’Aquila,Italy,18491,40.2,4.0,56 : 44,39.3â42.0,33.0,24.3,69.2,54.8,34.6,56,44,39.3,42.0,40.65,Range,
501–600,Beihang University,China,31821,12.9,4.0,,39.3â42.0,32.9,39.6,48.4,90.0,27.1,,,39.3,42.0,40.65,Range,
501–600,Beijing Institute of Technology,China,35710,14.2,6.0,,39.3â42.0,33.6,36.2,49.9,99.8,25.8,,,39.3,42.0,40.65,Range,
501–600,Birmingham City University,United Kingdom,22935,16.6,26.0,62 : 38,39.3â42.0,16.3,10.8,90.3,37.1,72.0,62,38,39.3,42.0,40.65,Range,
501–600,University of Bradford,United Kingdom,8400,19.1,30.0,57 : 43,39.3â42.0,22.0,22.7,62.5,39.7,84.2,57,43,39.3,42.0,40.65,Range,
501–600,Bucharest University of Economic Studies,Romania,22723,16.2,4.0,65 : 35,39.3â42.0,17.9,11.1,97.7,37.8,24.6,65,35,39.3,42.0,40.65,Range,
501–600,Centrale Nantes,France,1730,15.7,43.0,24 : 76,39.3â42.0,31.9,28.7,45.3,81.0,86.3,24,76,39.3,42.0,40.65,Range,
501–600,Changsha University of Science and Technology,China,33342,15.3,1.0,37 : 63,39.3â42.0,15.5,11.8,93.8,54.8,23.5,37,63,39.3,42.0,40.65,Range,
501–600,Charles University,Czech Republic,49787,13.2,22.0,62 : 38,39.3â42.0,33.2,31.0,49.7,37.3,64.3,62,38,39.3,42.0,40.65,Range,
501–600,University of Côte d’Azur,France,31723,20.2,20.0,56 : 44,39.3â42.0,24.9,21.1,69.9,37.6,74.0,56,44,39.3,42.0,40.65,Range,
501–600,Damietta University,Egypt,30084,24.7,1.0,71 : 29,39.3â42.0,17.0,8.2,99.9,37.5,39.0,71,29,39.3,42.0,40.65,Range,
501–600,Durban University of Technology,South Africa,27063,36.5,1.0,54 : 46,39.3â42.0,17.6,11.6,90.0,38.5,38.8,54,46,39.3,42.0,40.65,Range,
501–600,Eastern Mediterranean University,Northern Cyprus,14375,27.0,76.0,43 : 57,39.3â42.0,22.4,14.2,76.6,46.1,89.3,43,57,39.3,42.0,40.65,Range,
501–600,École des Mines de Saint-Étienne,France,1115,9.9,25.0,28 : 72,39.3â42.0,32.3,30.8,51.6,76.1,70.9,28,72,39.3,42.0,40.65,Range,
501–600,Federal University of Toulouse Midi-Pyrénées,France,108889,19.8,14.0,55 : 45,39.3â42.0,26.4,27.5,61.2,39.9,66.0,55,45,39.3,42.0,40.65,Range,
501–600,Florida International University,United States,35590,23.3,9.0,57 : 43,39.3â42.0,32.2,27.4,62.7,37.9,41.7,57,43,39.3,42.0,40.65,Range,
501–600,University of Fribourg,Switzerland,6880,15.6,14.0,64 : 36,39.3â42.0,29.3,31.3,54.8,49.4,82.5,64,36,39.3,42.0,40.65,Range,
501–600,"Goldsmiths, University of London",United Kingdom,9215,14.9,39.0,66 : 34,39.3â42.0,25.5,25.9,63.4,37.0,80.7,66,34,39.3,42.0,40.65,Range,
501–600,Government College University Faisalabad,Pakistan,21219,27.3,0.0,46 : 54,39.3â42.0,16.8,13.1,88.1,37.0,45.3,46,54,39.3,42.0,40.65,Range,
501–600,University of Greenwich,United Kingdom,15045,20.2,44.0,57 : 43,39.3â42.0,18.1,16.8,78.2,37.8,94.6,57,43,39.3,42.0,40.65,Range,
501–600,University of Guelph,Canada,22763,27.4,10.0,59 : 41,39.3â42.0,29.5,33.4,48.7,49.3,60.6,59,41,39.3,42.0,40.65,Range,
501–600,Gwangju Institute of Science and Technology (GIST),South Korea,1808,10.0,8.0,25 : 75,39.3â42.0,44.5,40.8,31.4,76.8,39.8,25,75,39.3,42.0,40.65,Range,
501–600,Harokopio University of Athens,Greece,3125,46.6,3.0,53 : 47,39.3â42.0,23.2,24.2,76.2,43.9,43.9,53,47,39.3,42.0,40.65,Range,
501–600,Heriot-Watt University,United Kingdom,9735,17.9,37.0,40 : 60,39.3â42.0,31.2,31.1,48.3,43.0,94.0,40,60,39.3,42.0,40.65,Range,
501–600,Hokkaido University,Japan,18263,8.4,11.0,30 : 70,39.3â42.0,43.1,40.8,32.2,65.4,44.0,30,70,39.3,42.0,40.65,Range,
501–600,Hong Kong Baptist University,Hong Kong,8358,12.4,62.0,67 : 33,39.3â42.0,26.5,28.2,57.4,40.1,98.0,67,33,39.3,42.0,40.65,Range,
501–600,University of Hull,United Kingdom,12565,17.2,19.0,55 : 45,39.3â42.0,25.3,24.6,62.1,38.2,77.6,55,45,39.3,42.0,40.65,Range,
501–600,University of Iceland,Iceland,10642,17.9,10.0,68 : 32,39.3â42.0,18.7,32.0,66.3,63.1,61.6,68,32,39.3,42.0,40.65,Range,
501–600,Indian Institute of Technology Ropar,India,2339,13.6,0.0,17 : 83,39.3â42.0,30.1,15.4,78.4,42.7,19.4,17,83,39.3,42.0,40.65,Range,
501–600,University of Insubria,Italy,9789,27.0,6.0,55 : 45,39.3â42.0,18.0,22.6,84.8,38.6,40.3,55,45,39.3,42.0,40.65,Range,
501–600,"International Institute of Information Technology, Hyderabad",India,1862,18.1,7.0,20 : 80,39.3â42.0,18.4,23.1,79.5,68.8,30.2,20,80,39.3,42.0,40.65,Range,
501–600,Iran University of Science and Technology,Iran,15436,33.9,1.0,34 : 66,39.3â42.0,32.6,36.8,54.2,98.4,21.2,34,66,39.3,42.0,40.65,Range,
501–600,"Islamic Azad University, Najafabad Branch (IAUN)",Iran,21971,17.7,0.0,47 : 53,39.3â42.0,21.9,8.5,96.4,37.3,23.5,47,53,39.3,42.0,40.65,Range,
501–600,Constructor University Bremen,,1556,21.6,84.0,43 : 57,39.3â42.0,34.5,31.4,40.5,56.2,90.2,43,57,39.3,42.0,40.65,Range,
501–600,Jamia Millia Islamia,India,10481,11.2,2.0,49 : 51,39.3â42.0,36.6,12.5,75.8,38.2,27.7,49,51,39.3,42.0,40.65,Range,
501–600,Jimma University,Ethiopia,30473,16.3,0.0,30 : 70,39.3â42.0,14.7,9.5,100.0,37.5,39.5,30,70,39.3,42.0,40.65,Range,
501–600,Johannes Kepler University of Linz,Austria,7133,22.5,13.0,50 : 50,39.3â42.0,32.5,32.9,42.3,73.1,70.4,50,50,39.3,42.0,40.65,Range,
501–600,Jordan University of Science and Technology,Jordan,25905,14.9,13.0,57 : 43,39.3â42.0,15.7,10.3,92.2,38.2,50.6,57,43,39.3,42.0,40.65,Range,
501–600,Kafrelsheikh University,Egypt,62533,26.1,2.0,48 : 52,39.3â42.0,13.6,8.4,96.7,39.2,48.3,48,52,39.3,42.0,40.65,Range,
501–600,Kashan University of Medical Sciences and Health Services,Iran,3419,12.8,2.0,38 : 62,39.3â42.0,32.0,13.4,84.0,37.4,22.9,38,62,39.3,42.0,40.65,Range,
501–600,Keele University,United Kingdom,9170,15.3,16.0,59 : 41,39.3â42.0,21.1,24.8,68.4,37.5,73.1,59,41,39.3,42.0,40.65,Range,
501–600,University of Kentucky,United States,27216,11.2,4.0,57 : 43,39.3â42.0,36.1,27.3,59.2,40.4,39.0,57,43,39.3,42.0,40.65,Range,
501–600,Kermanshah University of Medical Sciences,Iran,5759,9.6,12.0,53 : 47,39.3â42.0,20.8,10.3,95.0,37.3,39.3,53,47,39.3,42.0,40.65,Range,
501–600,University of Kragujevac,Serbia,16679,15.8,1.0,57 : 43,39.3â42.0,21.5,8.3,96.0,39.3,33.3,57,43,39.3,42.0,40.65,Range,
501–600,Kyushu University,Japan,18568,7.8,14.0,29 : 71,39.3â42.0,46.0,42.5,34.8,71.0,43.6,29,71,39.3,42.0,40.65,Range,
501–600,Lebanese American University,Lebanon,7057,10.1,19.0,52 : 48,39.3â42.0,29.4,11.9,69.5,37.0,86.5,52,48,39.3,42.0,40.65,Range,
501–600,University of Lille,France,75291,29.6,14.0,60 : 40,39.3â42.0,30.7,21.5,59.5,42.2,62.5,60,40,39.3,42.0,40.65,Range,
501–600,University of Lisbon,Portugal,48404,18.1,18.0,53 : 47,39.3â42.0,26.4,35.7,53.4,43.0,60.4,53,47,39.3,42.0,40.65,Range,
501–600,University of Management and Technology,Pakistan,22520,22.2,2.0,45 : 55,39.3â42.0,14.8,9.5,99.9,39.5,45.4,45,55,39.3,42.0,40.65,Range,
501–600,University of Messina,Italy,15290,24.2,3.0,63 : 37,39.3â42.0,31.7,23.6,72.1,38.6,32.1,63,37,39.3,42.0,40.65,Range,
501–600,Middle East Technical University,Turkey,17151,22.5,10.0,48 : 52,39.3â42.0,37.5,42.4,35.4,99.9,44.6,48,52,39.3,42.0,40.65,Range,
501–600,Missouri University of Science and Technology,United States,7617,22.3,9.0,23 : 77,39.3â42.0,29.0,26.7,61.3,58.7,62.9,23,77,39.3,42.0,40.65,Range,
501–600,University of Mons,Belgium,7450,26.9,17.0,57 : 43,39.3â42.0,23.1,27.0,60.1,41.3,69.9,57,43,39.3,42.0,40.65,Range,
501–600,National Tsing Hua University,Taiwan,13711,16.3,11.0,41 : 59,39.3â42.0,32.6,42.6,47.2,69.2,43.0,41,59,39.3,42.0,40.65,Range,
501–600,National Yang Ming Chiao Tung University,Taiwan,16425,14.2,11.0,36 : 64,39.3â42.0,41.3,46.7,34.9,79.9,41.3,36,64,39.3,42.0,40.65,Range,
501–600,University of Neuchâtel,Switzerland,4148,11.1,21.0,61 : 39,39.3â42.0,26.2,25.2,58.3,39.5,88.7,61,39,39.3,42.0,40.65,Range,
501–600,University of Nicosia,,4696,11.3,54.0,53 : 47,39.3â42.0,19.6,16.6,75.7,37.4,94.8,53,47,39.3,42.0,40.65,Range,
501–600,Northumbria University,United Kingdom,22500,16.2,22.0,54 : 46,39.3â42.0,20.5,22.4,71.5,37.5,81.6,54,46,39.3,42.0,40.65,Range,
501–600,Northwestern Polytechnical University,China,34095,13.9,4.0,28 : 72,39.3â42.0,30.2,37.7,54.8,69.5,40.1,28,72,39.3,42.0,40.65,Range,
501–600,Nottingham Trent University,United Kingdom,29925,15.3,21.0,57 : 43,39.3â42.0,19.4,15.0,79.6,37.5,82.2,57,43,39.3,42.0,40.65,Range,
501–600,Open University of Catalonia,Spain,32319,100.5,6.0,57 : 43,39.3â42.0,20.0,18.9,81.2,37.7,48.1,57,43,39.3,42.0,40.65,Range,
501–600,University of Peradeniya,Sri Lanka,16123,10.7,1.0,59 : 41,39.3â42.0,17.3,8.9,99.2,39.1,40.3,59,41,39.3,42.0,40.65,Range,
501–600,Universitat Ramon Llull,Spain,14900,22.2,19.0,52 : 48,39.3â42.0,19.5,17.0,83.6,40.0,66.5,52,48,39.3,42.0,40.65,Range,
501–600,University of Salerno,Italy,26289,27.4,3.0,54 : 46,39.3â42.0,18.9,23.3,77.4,39.1,35.0,54,46,39.3,42.0,40.65,Range,
501–600,University of Saskatchewan,Canada,17741,17.6,22.0,55 : 45,39.3â42.0,36.7,30.3,48.6,69.7,75.0,55,45,39.3,42.0,40.65,Range,
501–600,University of Sassari,Italy,15065,37.9,2.0,62 : 38,39.3â42.0,32.1,27.6,62.4,38.4,37.9,62,38,39.3,42.0,40.65,Range,
501–600,Saveetha Institute of Medical and Technical Sciences,,12394,7.4,1.0,38 : 62,39.3â42.0,22.4,8.5,97.1,38.1,35.3,38,62,39.3,42.0,40.65,Range,
501–600,Sciences Po,France,12872,45.2,37.0,61 : 39,39.3â42.0,28.8,25.1,57.9,39.1,82.1,61,39,39.3,42.0,40.65,Range,
501–600,Shiraz University of Technology,Iran,1437,13.8,0.0,37 : 63,39.3â42.0,28.4,22.8,78.0,42.1,29.4,37,63,39.3,42.0,40.65,Range,
501–600,SOAS University of London,United Kingdom,4655,12.8,53.0,67 : 33,39.3â42.0,33.9,38.5,42.4,37.0,81.4,67,33,39.3,42.0,40.65,Range,
501–600,University of South Carolina-Columbia,United States,33025,15.6,5.0,55 : 45,39.3â42.0,35.0,24.0,65.5,37.6,45.9,55,45,39.3,42.0,40.65,Range,
501–600,Southwestern University of Finance and Economics,China,23330,16.4,2.0,65 : 35,39.3â42.0,20.0,12.8,93.6,39.8,39.7,65,35,39.3,42.0,40.65,Range,
501–600,University of Stavanger,Norway,11089,11.4,11.0,58 : 42,39.3â42.0,20.7,15.6,72.3,41.3,77.0,58,42,39.3,42.0,40.65,Range,
501–600,Stevens Institute of Technology,United States,6624,18.6,35.0,29 : 71,39.3â42.0,22.8,20.5,69.6,37.6,73.5,29,71,39.3,42.0,40.65,Range,
501–600,SUNY University at Albany,United States,16090,17.2,8.0,55 : 45,39.3â42.0,24.6,25.7,71.4,44.6,50.4,55,45,39.3,42.0,40.65,Range,
501–600,University of Tabuk,Saudi Arabia,29471,14.4,2.0,57 : 43,39.3â42.0,16.1,8.6,87.9,41.7,72.9,57,43,39.3,42.0,40.65,Range,
501–600,Technion Israel Institute of Technology,Israel,15147,21.0,12.0,39 : 61,39.3â42.0,33.7,30.9,51.2,38.6,72.0,39,61,39.3,42.0,40.65,Range,
501–600,Tokyo Medical and Dental University (TMDU),Japan,3010,4.4,11.0,50 : 50,39.3â42.0,45.1,29.7,44.0,74.5,31.7,50,50,39.3,42.0,40.65,Range,
501–600,University of Trieste,Italy,16677,24.9,7.0,57 : 43,39.3â42.0,28.5,25.5,63.8,39.0,47.5,57,43,39.3,42.0,40.65,Range,
501–600,University of Tsukuba,Japan,15725,12.7,16.0,38 : 62,39.3â42.0,43.9,37.8,38.5,43.7,43.0,38,62,39.3,42.0,40.65,Range,
501–600,TU Dortmund University,Germany,25046,74.8,10.0,47 : 53,39.3â42.0,35.9,43.2,43.7,46.1,44.2,47,53,39.3,42.0,40.65,Range,
501–600,University of Tuscia,Italy,6272,20.0,4.0,54 : 46,39.3â42.0,19.1,20.2,81.6,47.7,39.5,54,46,39.3,42.0,40.65,Range,
501–600,University of Udine,Italy,12326,18.5,5.0,54 : 46,39.3â42.0,26.1,19.6,73.6,39.9,38.2,54,46,39.3,42.0,40.65,Range,
501–600,UiT The Arctic University of Norway,Norway,14377,10.1,10.0,58 : 42,39.3â42.0,22.8,20.8,75.3,39.0,68.6,58,42,39.3,42.0,40.65,Range,
501–600,University of Valencia,Spain,50575,14.3,14.0,58 : 42,39.3â42.0,23.0,23.8,71.3,39.0,49.9,58,42,39.3,42.0,40.65,Range,
501–600,University of Vic – Central University of Catalonia,Spain,6472,14.0,20.0,60 : 40,39.3â42.0,16.1,12.0,91.6,37.9,59.7,60,40,39.3,42.0,40.65,Range,
501–600,Victoria University,Australia,16106,45.2,25.0,55 : 45,39.3â42.0,25.5,26.9,63.6,44.5,79.1,55,45,39.3,42.0,40.65,Range,
501–600,Virginia Commonwealth University,United States,26472,10.7,4.0,63 : 37,39.3â42.0,28.9,12.3,86.2,42.5,30.7,63,37,39.3,42.0,40.65,Range,
501–600,Wayne State University,United States,22941,11.9,5.0,59 : 41,39.3â42.0,34.0,18.6,67.2,48.8,35.3,59,41,39.3,42.0,40.65,Range,
501–600,The University of the West Indies,Jamaica,24811,17.0,1.0,71 : 29,39.3â42.0,17.6,10.8,90.3,38.9,58.1,71,29,39.3,42.0,40.65,Range,
501–600,Xi’an Jiaotong University,China,44942,14.1,6.0,35 : 65,39.3â42.0,36.4,42.7,47.1,75.0,29.4,35,65,39.3,42.0,40.65,Range,
501–600,University of Zambia,Zambia,16903,21.2,1.0,35 : 65,39.3â42.0,15.7,9.2,96.8,38.4,49.9,35,65,39.3,42.0,40.65,Range,
501–600,Zayed University,United Arab Emirates,8593,14.1,2.0,88 : 12,39.3â42.0,17.7,16.0,79.1,37.6,74.5,88,12,39.3,42.0,40.65,Range,
501–600,Zhejiang Normal University,China,26928,11.7,7.0,,39.3â42.0,16.7,15.5,87.5,65.4,30.5,,,39.3,42.0,40.65,Range,
601–800,Abdul Wali Khan University Mardan,Pakistan,10314,20.9,0.0,32 : 68,34.0â39.2,15.0,12.0,88.0,36.9,46.4,32,68,34.0,39.2,36.6,Range,
601–800,Åbo Akademi University,Finland,5399,17.6,10.0,,34.0â39.2,22.0,31.2,44.4,40.0,65.0,,,34.0,39.2,36.6,Range,
601–800,Addis Ababa University,Ethiopia,46881,14.8,0.0,29 : 71,34.0â39.2,19.6,12.4,79.5,41.9,46.6,29,71,34.0,39.2,36.6,Range,
601–800,Ahvaz Jundishapur University of Medical Sciences (AJUMS),Iran,8601,11.6,2.0,60 : 40,34.0â39.2,33.5,10.0,65.5,37.5,18.2,60,40,34.0,39.2,36.6,Range,
601–800,Ajou University,South Korea,7574,14.2,17.0,42 : 58,34.0â39.2,31.1,37.5,41.7,74.3,44.4,42,58,34.0,39.2,36.6,Range,
601–800,Amedeo Avogadro University of Eastern Piedmont,Italy,14292,37.1,7.0,61 : 39,34.0â39.2,13.9,22.2,64.5,37.5,41.6,61,39,34.0,39.2,36.6,Range,
601–800,American University,United States,12495,11.6,11.0,63 : 37,34.0â39.2,40.7,16.8,55.7,42.5,37.3,63,37,34.0,39.2,36.6,Range,
601–800,American University of Sharjah,United Arab Emirates,4468,11.9,76.0,53 : 47,34.0â39.2,20.9,21.3,45.6,38.9,93.5,53,47,34.0,39.2,36.6,Range,
601–800,Amirkabir University of Technology,Iran,10673,21.2,2.0,35 : 65,34.0â39.2,30.1,31.9,54.9,64.9,31.7,35,65,34.0,39.2,36.6,Range,
601–800,University of Antofagasta,Chile,8083,20.4,2.0,56 : 44,34.0â39.2,14.8,9.5,81.0,36.9,52.4,56,44,34.0,39.2,36.6,Range,
601–800,University of Arkansas,United States,25207,19.4,4.0,54 : 46,34.0â39.2,29.1,27.6,48.5,39.5,30.6,54,46,34.0,39.2,36.6,Range,
601–800,Auburn University,United States,27512,18.2,10.0,50 : 50,34.0â39.2,32.4,23.4,45.9,43.8,49.3,50,50,34.0,39.2,36.6,Range,
601–800,Azarbaijan Shahid Madani University,Iran,7350,26.2,0.0,61 : 39,34.0â39.2,18.1,13.0,83.8,38.4,22.7,61,39,34.0,39.2,36.6,Range,
601–800,University of Babylon,Iraq,26449,12.7,0.0,54 : 46,34.0â39.2,18.0,7.8,85.0,37.0,21.6,54,46,34.0,39.2,36.6,Range,
601–800,Bahçeşehir University,Turkey,17813,47.2,18.0,49 : 51,34.0â39.2,19.3,20.9,62.3,51.9,49.5,49,51,34.0,39.2,36.6,Range,
601–800,Bahria University,Pakistan,19573,22.2,1.0,44 : 56,34.0â39.2,13.6,9.1,79.7,37.4,43.7,44,56,34.0,39.2,36.6,Range,
601–800,Banaras Hindu University,India,13900,8.7,3.0,38 : 62,34.0â39.2,38.8,16.9,66.0,37.0,20.1,38,62,34.0,39.2,36.6,Range,
601–800,University of Bari Aldo Moro,Italy,29905,21.6,2.0,62 : 38,34.0â39.2,16.6,22.8,72.5,38.9,33.6,62,38,34.0,39.2,36.6,Range,
601–800,Bar-Ilan University,Israel,17255,17.3,4.0,61 : 39,34.0â39.2,30.5,34.0,42.0,49.4,50.3,61,39,34.0,39.2,36.6,Range,
601–800,Baylor University,United States,19700,17.7,7.0,55 : 45,34.0â39.2,33.7,18.3,52.4,37.4,29.3,55,45,34.0,39.2,36.6,Range,
601–800,Beirut Arab University,Lebanon,5698,12.0,18.0,45 : 55,34.0â39.2,33.6,16.4,56.1,37.0,83.9,45,55,34.0,39.2,36.6,Range,
601–800,Ben-Gurion University of the Negev,Israel,16468,20.4,2.0,52 : 48,34.0â39.2,30.3,31.1,43.4,42.8,37.0,52,48,34.0,39.2,36.6,Range,
601–800,Benha University,Egypt,110645,32.5,3.0,42 : 58,34.0â39.2,16.5,8.6,77.0,37.8,45.1,42,58,34.0,39.2,36.6,Range,
601–800,Université Bourgogne Franche-Comté (UBFC),France,67049,37.3,11.0,56 : 44,34.0â39.2,19.6,18.3,69.7,40.7,55.4,56,44,34.0,39.2,36.6,Range,
601–800,Ca’ Foscari University of Venice,Italy,18231,38.3,10.0,64 : 36,34.0â39.2,34.4,32.3,34.3,44.6,60.8,64,36,34.0,39.2,36.6,Range,
601–800,University of Camerino (Unicam),Italy,8129,27.9,10.0,46 : 54,34.0â39.2,20.9,15.8,61.4,44.7,49.3,46,54,34.0,39.2,36.6,Range,
601–800,University of Canterbury,,15245,18.4,22.0,51 : 49,34.0â39.2,25.2,27.5,45.3,39.7,92.0,51,49,34.0,39.2,36.6,Range,
601–800,Capital Medical University,China,15254,4.9,5.0,62 : 38,34.0â39.2,30.4,18.3,65.8,37.3,22.8,62,38,34.0,39.2,36.6,Range,
601–800,Carleton University,Canada,28760,29.7,22.0,49 : 51,34.0â39.2,21.5,30.5,50.4,43.0,72.2,49,51,34.0,39.2,36.6,Range,
601–800,University of Central Florida,United States,62248,36.1,5.0,56 : 44,34.0â39.2,26.1,29.5,60.1,46.0,34.4,56,44,34.0,39.2,36.6,Range,
601–800,Central Queensland University,,15453,20.7,26.0,58 : 42,34.0â39.2,19.4,19.6,66.5,40.3,61.7,58,42,34.0,39.2,36.6,Range,
601–800,Chongqing University,,40696,19.9,3.0,,34.0â39.2,27.8,33.2,52.8,85.2,24.8,,,34.0,39.2,36.6,Range,
601–800,Chung-Ang University,South Korea,18101,22.7,22.0,,34.0â39.2,37.3,38.3,29.2,78.6,56.1,,,34.0,39.2,36.6,Range,
601–800,Clark University,United States,3273,11.6,25.0,59 : 41,34.0â39.2,24.9,20.7,64.9,36.9,58.4,59,41,34.0,39.2,36.6,Range,
601–800,University of Coimbra,Portugal,21429,18.0,19.0,58 : 42,34.0â39.2,25.1,35.2,40.4,49.8,59.5,58,42,34.0,39.2,36.6,Range,
601–800,University of Colombo,Sri Lanka,31792,31.9,0.0,58 : 42,34.0â39.2,28.9,9.6,74.5,37.0,37.0,58,42,34.0,39.2,36.6,Range,
601–800,COMSATS University Islamabad,Pakistan,33465,14.8,2.0,42 : 58,34.0â39.2,17.1,14.7,78.2,37.0,46.8,42,58,34.0,39.2,36.6,Range,
601–800,Concordia University,Canada,35592,33.5,34.0,50 : 50,34.0â39.2,22.6,27.4,46.4,39.2,85.6,50,50,34.0,39.2,36.6,Range,
601–800,University of Córdoba,Spain,16847,13.5,10.0,56 : 44,34.0â39.2,22.7,21.2,56.0,39.4,47.5,56,44,34.0,39.2,36.6,Range,
601–800,University of Costa Rica,Costa Rica,31545,13.4,2.0,53 : 47,34.0â39.2,18.2,9.0,71.2,36.9,48.1,53,47,34.0,39.2,36.6,Range,
601–800,Covenant University,,8362,15.5,1.0,40 : 60,34.0â39.2,22.1,24.8,59.4,44.3,46.0,40,60,34.0,39.2,36.6,Range,
601–800,Cyprus University of Technology,Cyprus,3280,16.9,14.0,56 : 44,34.0â39.2,23.7,16.7,53.9,38.9,78.6,56,44,34.0,39.2,36.6,Range,
601–800,Dalian University of Technology,China,38465,15.0,3.0,,34.0â39.2,28.6,29.6,46.1,73.0,31.9,,,34.0,39.2,36.6,Range,
601–800,Delhi Technological University,India,11196,22.3,3.0,22 : 78,34.0â39.2,17.8,17.0,80.1,42.5,17.3,22,78,34.0,39.2,36.6,Range,
601–800,De Montfort University,United Kingdom,24490,20.2,38.0,54 : 46,34.0â39.2,17.0,14.8,59.3,37.0,89.6,54,46,34.0,39.2,36.6,Range,
601–800,University of Derby,United Kingdom,15525,14.6,18.0,59 : 41,34.0â39.2,16.5,12.0,66.5,37.4,70.2,59,41,34.0,39.2,36.6,Range,
601–800,University of Desarrollo,Chile,15933,15.9,3.0,56 : 44,34.0â39.2,15.0,10.1,73.8,39.6,50.6,56,44,34.0,39.2,36.6,Range,
601–800,University of Dhaka,Bangladesh,211424,16.1,3.0,48 : 52,34.0â39.2,15.2,8.6,85.9,37.3,43.1,48,52,34.0,39.2,36.6,Range,
601–800,Dow University of Health Sciences,Pakistan,7249,6.8,3.0,76 : 24,34.0â39.2,20.8,8.2,74.0,37.2,35.8,76,24,34.0,39.2,36.6,Range,
601–800,University of Eastern Finland,Finland,11898,18.2,5.0,66 : 34,34.0â39.2,24.8,29.1,58.3,40.0,50.5,66,34,34.0,39.2,36.6,Range,
601–800,Universidade Eduardo Mondlane,Mozambique,45256,26.1,0.0,39 : 61,34.0â39.2,12.1,8.4,89.4,36.9,48.7,39,61,34.0,39.2,36.6,Range,
601–800,"University of Engineering and Technology, Taxila",Pakistan,5290,19.3,2.0,18 : 82,34.0â39.2,15.1,12.5,88.9,37.2,42.7,18,82,34.0,39.2,36.6,Range,
601–800,ENSTA Bretagne,France,830,8.1,5.0,24 : 76,34.0â39.2,26.3,23.3,48.7,64.7,49.5,24,76,34.0,39.2,36.6,Range,
601–800,Eötvös Loránd University,,30190,17.5,9.0,62 : 38,34.0â39.2,32.9,18.2,49.6,37.2,52.1,62,38,34.0,39.2,36.6,Range,
601–800,Fayoum University,Egypt,44786,16.8,0.0,62 : 38,34.0â39.2,15.3,10.4,79.7,40.2,42.4,62,38,34.0,39.2,36.6,Range,
601–800,Universidade Federal do Rio Grande do Sul,Brazil,39169,14.1,1.0,52 : 48,34.0â39.2,32.1,21.9,50.8,39.8,28.7,52,48,34.0,39.2,36.6,Range,
601–800,Universidade Federal de São Paulo (UNIFESP),Brazil,18877,10.3,1.0,59 : 41,34.0â39.2,29.6,21.4,55.4,37.3,30.5,59,41,34.0,39.2,36.6,Range,
601–800,Federation University Australia,,11684,22.2,52.0,55 : 45,34.0â39.2,18.6,15.8,70.5,41.1,81.2,55,45,34.0,39.2,36.6,Range,
601–800,Gabriele d‘Annunzio University,Italy,23416,32.4,2.0,64 : 36,34.0â39.2,15.1,18.9,72.9,37.8,38.4,64,36,34.0,39.2,36.6,Range,
601–800,University of Georgia,United States,37465,13.2,7.0,58 : 42,34.0â39.2,39.5,25.8,52.8,39.2,37.6,58,42,34.0,39.2,36.6,Range,
601–800,Glasgow Caledonian University,United Kingdom,14270,23.6,19.0,57 : 43,34.0â39.2,18.4,13.8,65.4,37.4,69.0,57,43,34.0,39.2,36.6,Range,
601–800,University of Granada,Spain,54619,14.5,10.0,60 : 40,34.0â39.2,23.2,28.8,50.5,37.2,50.2,60,40,34.0,39.2,36.6,Range,
601–800,Graphic Era University,,7823,14.3,1.0,42 : 58,34.0â39.2,25.0,9.0,83.1,41.6,25.5,42,58,34.0,39.2,36.6,Range,
601–800,University of Graz,Austria,12531,12.4,17.0,66 : 34,34.0â39.2,25.2,19.3,59.3,38.2,81.7,66,34,34.0,39.2,36.6,Range,
601–800,Graz University of Technology,Austria,6353,8.6,23.0,25 : 75,34.0â39.2,32.0,20.3,42.5,63.1,83.6,25,75,34.0,39.2,36.6,Range,
601–800,Guangzhou University,China,36701,19.4,0.0,64 : 36,34.0â39.2,16.1,14.3,76.9,41.5,28.9,64,36,34.0,39.2,36.6,Range,
601–800,Guangzhou Medical University,China,12891,1.7,2.0,56 : 44,34.0â39.2,22.2,8.3,87.6,38.2,24.2,56,44,34.0,39.2,36.6,Range,
601–800,Hacettepe University,Turkey,38444,20.1,3.0,56 : 44,34.0â39.2,29.0,26.1,51.9,89.1,25.7,56,44,34.0,39.2,36.6,Range,
601–800,University of Haifa,Israel,17353,17.7,3.0,66 : 34,34.0â39.2,21.5,29.1,66.4,38.1,36.1,66,34,34.0,39.2,36.6,Range,
601–800,Hamburg University of Technology,Germany,4668,28.9,23.0,28 : 72,34.0â39.2,36.1,23.9,42.5,88.1,56.9,28,72,34.0,39.2,36.6,Range,
601–800,Hazara University Mansehra,Pakistan,12145,26.5,0.0,26 : 74,34.0â39.2,17.4,10.1,82.0,37.0,44.3,26,74,34.0,39.2,36.6,Range,
601–800,University of Hertfordshire,United Kingdom,18780,15.5,38.0,54 : 46,34.0â39.2,17.7,13.2,58.1,37.3,86.1,54,46,34.0,39.2,36.6,Range,
601–800,University of Houston,United States,46958,27.0,7.0,52 : 48,34.0â39.2,34.9,28.0,48.8,42.5,43.2,52,48,34.0,39.2,36.6,Range,
601–800,University of Huddersfield,United Kingdom,14410,19.9,26.0,58 : 42,34.0â39.2,23.2,23.7,49.8,39.7,82.8,58,42,34.0,39.2,36.6,Range,
601–800,Icesi University,Colombia,6279,8.0,2.0,53 : 47,34.0â39.2,19.1,9.1,86.0,37.4,37.3,53,47,34.0,39.2,36.6,Range,
601–800,Ilam University of Medical Sciences,Iran,2687,13.0,4.0,53 : 47,34.0â39.2,26.1,10.7,85.1,38.5,20.8,53,47,34.0,39.2,36.6,Range,
601–800,Imam Abdulrahman Bin Faisal University,Saudi Arabia,22059,8.7,4.0,90 : 10,34.0â39.2,22.1,9.9,64.0,37.5,72.9,90,10,34.0,39.2,36.6,Range,
601–800,Indian Institute of Technology Indore,India,2001,11.7,0.0,22 : 78,34.0â39.2,32.8,23.7,61.8,39.1,24.9,22,78,34.0,39.2,36.6,Range,
601–800,Indraprastha Institute of Information Technology Delhi,India,2399,23.1,2.0,23 : 77,34.0â39.2,21.5,17.5,69.6,78.9,33.8,23,77,34.0,39.2,36.6,Range,
601–800,"International Islamic University, Islamabad",Pakistan,25221,25.1,7.0,53 : 47,34.0â39.2,17.2,10.8,80.7,36.9,52.2,53,47,34.0,39.2,36.6,Range,
601–800,Iran University of Medical Sciences,Iran,8840,8.3,5.0,57 : 43,34.0â39.2,46.0,14.9,56.1,41.7,27.1,57,43,34.0,39.2,36.6,Range,
601–800,Istanbul Technical University,Turkey,18562,24.2,15.0,37 : 63,34.0â39.2,31.9,35.5,29.1,100.0,42.6,37,63,34.0,39.2,36.6,Range,
601–800,Jagiellonian University,Poland,34725,9.6,11.0,67 : 33,34.0â39.2,31.3,25.3,56.7,37.6,40.9,67,33,34.0,39.2,36.6,Range,
601–800,Jamia Hamdard University,India,9636,20.0,3.0,45 : 55,34.0â39.2,18.9,12.6,73.3,40.5,31.3,45,55,34.0,39.2,36.6,Range,
601–800,Jawaharlal Nehru University,India,8840,14.2,2.0,46 : 54,34.0â39.2,44.1,23.5,38.3,37.9,19.5,46,54,34.0,39.2,36.6,Range,
601–800,Jiangsu University,China,35687,9.5,6.0,42 : 58,34.0â39.2,21.0,12.5,66.5,58.8,44.4,42,58,34.0,39.2,36.6,Range,
601–800,Jinan University,China,41858,16.6,27.0,56 : 44,34.0â39.2,21.6,20.2,57.1,45.0,52.9,56,44,34.0,39.2,36.6,Range,
601–800,University of Johannesburg,,29167,25.1,15.0,55 : 45,34.0â39.2,24.7,33.4,35.8,45.5,74.9,55,45,34.0,39.2,36.6,Range,
601–800,Jönköping University,Sweden,6762,13.0,14.0,60 : 40,34.0â39.2,18.6,18.3,58.9,38.1,65.5,60,40,34.0,39.2,36.6,Range,
601–800,The University of Jordan,Jordan,30380,13.4,13.0,66 : 34,34.0â39.2,24.8,12.4,60.9,40.8,59.9,66,34,34.0,39.2,36.6,Range,
601–800,Jouf University,Saudi Arabia,19826,9.8,3.0,60 : 40,34.0â39.2,27.3,17.7,47.7,38.4,75.0,60,40,34.0,39.2,36.6,Range,
601–800,University of Kaiserslautern,Germany,8572,28.8,22.0,35 : 65,34.0â39.2,37.5,26.7,32.2,62.5,54.9,35,65,34.0,39.2,36.6,Range,
601–800,Kalasalingam Academy of Research and Education,India,7365,8.8,3.0,55 : 45,34.0â39.2,22.3,9.3,82.3,39.3,23.3,55,45,34.0,39.2,36.6,Range,
601–800,Kansai Medical University,Japan,1086,1.3,2.0,52 : 48,34.0â39.2,27.6,8.5,82.6,38.1,18.2,52,48,34.0,39.2,36.6,Range,
601–800,University of Kashan,Iran,8190,27.2,3.0,54 : 46,34.0â39.2,21.4,19.2,76.3,38.4,22.8,54,46,34.0,39.2,36.6,Range,
601–800,Universiti Kebangsaan Malaysia,Malaysia,16873,10.1,14.0,58 : 42,34.0â39.2,37.6,23.9,47.1,40.1,65.7,58,42,34.0,39.2,36.6,Range,
601–800,KIIT University,,24796,12.3,9.0,49 : 51,34.0â39.2,30.3,13.6,67.5,69.5,28.0,49,51,34.0,39.2,36.6,Range,
601–800,King Saud bin Abdulaziz University for Health Sciences,Saudi Arabia,7870,11.3,1.0,50 : 50,34.0â39.2,34.8,13.9,50.1,42.9,62.9,50,50,34.0,39.2,36.6,Range,
601–800,Konkuk University,South Korea,13375,26.2,14.0,49 : 51,34.0â39.2,30.6,37.8,30.5,45.8,42.1,49,51,34.0,39.2,36.6,Range,
601–800,Kore University of Enna,Italy,5053,14.5,1.0,68 : 32,34.0â39.2,16.7,12.1,86.3,37.9,37.7,68,32,34.0,39.2,36.6,Range,
601–800,University of Kurdistan,Iran,12924,34.6,5.0,53 : 47,34.0â39.2,14.7,14.4,74.2,41.8,30.9,53,47,34.0,39.2,36.6,Range,
601–800,Lahore University of Management Sciences,Pakistan,4499,13.8,1.0,42 : 58,34.0â39.2,21.5,15.7,64.5,38.8,47.2,42,58,34.0,39.2,36.6,Range,
601–800,Lehigh University,United States,6459,11.1,18.0,46 : 54,34.0â39.2,28.3,21.4,52.3,39.3,65.2,46,54,34.0,39.2,36.6,Range,
601–800,University of Limerick,,14733,25.1,20.0,50 : 50,34.0â39.2,24.2,30.3,50.8,40.7,83.0,50,50,34.0,39.2,36.6,Range,
601–800,London South Bank University,United Kingdom,13050,16.8,35.0,56 : 44,34.0â39.2,18.0,12.1,63.5,37.5,87.7,56,44,34.0,39.2,36.6,Range,
601–800,University of Lorraine,France,61210,20.2,17.0,53 : 47,34.0â39.2,23.2,17.8,54.6,39.7,64.7,53,47,34.0,39.2,36.6,Range,
601–800,Louisiana State University,United States,29191,18.2,5.0,54 : 46,34.0â39.2,34.8,21.4,47.0,38.2,39.9,54,46,34.0,39.2,36.6,Range,
601–800,Lviv Polytechnic National University,Ukraine,21367,10.5,1.0,42 : 58,34.0â39.2,19.4,10.7,53.7,38.0,25.3,42,58,34.0,39.2,36.6,Range,
601–800,Maharishi Markandeshwar University (MMU),,9053,13.3,10.0,43 : 57,34.0â39.2,19.9,8.2,76.8,37.3,26.6,43,57,34.0,39.2,36.6,Range,
601–800,Majmaah University,Saudi Arabia,20844,14.2,2.0,46 : 54,34.0â39.2,16.0,8.5,71.4,37.0,72.6,46,54,34.0,39.2,36.6,Range,
601–800,University of Malakand,Pakistan,7757,27.1,1.0,29 : 71,34.0â39.2,17.0,11.4,79.3,37.5,44.8,29,71,34.0,39.2,36.6,Range,
601–800,Manchester Metropolitan University,United Kingdom,29195,15.9,19.0,58 : 42,34.0â39.2,19.1,17.4,69.1,37.4,73.8,58,42,34.0,39.2,36.6,Range,
601–800,Mansoura University,Egypt,161977,47.5,3.0,52 : 48,34.0â39.2,20.7,11.5,80.6,43.7,48.9,52,48,34.0,39.2,36.6,Range,
601–800,Marche Polytechnic University,Italy,10544,22.4,5.0,46 : 54,34.0â39.2,20.4,22.3,73.1,45.4,33.9,46,54,34.0,39.2,36.6,Range,
601–800,"University of Maryland, Baltimore County",United States,11456,16.8,8.0,46 : 54,34.0â39.2,23.0,22.2,58.4,37.9,37.7,46,54,34.0,39.2,36.6,Range,
601–800,Mashhad University of Medical Sciences,Iran,9148,9.7,4.0,58 : 42,34.0â39.2,29.3,13.5,60.9,37.0,26.2,58,42,34.0,39.2,36.6,Range,
601–800,Massey University,New Zealand,17534,16.1,29.0,64 : 36,34.0â39.2,24.3,25.8,39.7,43.8,92.9,64,36,34.0,39.2,36.6,Range,
601–800,Medical University of Lodz,Poland,10294,8.6,10.0,70 : 30,34.0â39.2,20.7,9.7,80.1,37.1,30.4,70,30,34.0,39.2,36.6,Range,
601–800,Memorial University of Newfoundland,,16098,14.9,21.0,56 : 44,34.0â39.2,23.3,22.7,47.6,72.1,81.2,56,44,34.0,39.2,36.6,Range,
601–800,Minia University,Egypt,75566,17.9,1.0,54 : 46,34.0â39.2,15.9,8.5,74.9,37.1,46.2,54,46,34.0,39.2,36.6,Range,
601–800,Mizzou - University of Missouri,United States,25113,11.8,4.0,55 : 45,34.0â39.2,34.8,25.3,52.1,40.2,44.7,55,45,34.0,39.2,36.6,Range,
601–800,University of Mohaghegh Ardabili,Iran,11435,28.7,0.0,56 : 44,34.0â39.2,20.9,11.1,75.1,37.2,27.5,56,44,34.0,39.2,36.6,Range,
601–800,University of Nairobi,Kenya,52678,34.5,2.0,24 : 76,34.0â39.2,13.2,8.8,86.9,36.9,47.3,24,76,34.0,39.2,36.6,Range,
601–800,University of Namibia,Namibia,29369,21.8,3.0,64 : 36,34.0â39.2,13.3,8.0,90.3,36.9,64.2,64,36,34.0,39.2,36.6,Range,
601–800,Nanjing Agricultural University,China,28184,17.0,2.0,,34.0â39.2,20.5,24.1,59.5,47.5,24.9,,,34.0,39.2,36.6,Range,
601–800,Nantes Université,France,36281,24.0,11.0,55 : 45,34.0â39.2,27.3,24.4,62.0,42.0,51.9,55,45,34.0,39.2,36.6,Range,
601–800,National Cheng Kung University (NCKU),,20080,15.1,12.0,37 : 63,34.0â39.2,31.9,39.9,25.2,100.0,38.7,37,63,34.0,39.2,36.6,Range,
601–800,National Taiwan University of Science and Technology (Taiwan Tech),Taiwan,8906,17.9,18.0,30 : 70,34.0â39.2,26.8,35.9,41.6,65.9,53.7,30,70,34.0,39.2,36.6,Range,
601–800,National Institute of Technology Silchar,India,3900,13.9,3.0,21 : 79,34.0â39.2,28.4,16.0,61.3,38.0,17.7,21,79,34.0,39.2,36.6,Range,
601–800,National Yunlin University of Science and Technology,Taiwan,9135,21.8,6.0,43 : 57,34.0â39.2,19.6,27.1,57.1,93.3,34.3,43,57,34.0,39.2,36.6,Range,
601–800,Near East University,Northern Cyprus,20103,24.5,83.0,43 : 57,34.0â39.2,20.7,17.4,57.6,78.5,95.7,43,57,34.0,39.2,36.6,Range,
601–800,"University of Nevada, Las Vegas",United States,26730,23.2,4.0,57 : 43,34.0â39.2,31.8,24.6,50.7,37.3,31.0,57,43,34.0,39.2,36.6,Range,
601–800,University of New Brunswick UNB,Canada,8661,14.7,15.0,51 : 49,34.0â39.2,20.5,21.3,52.4,38.4,74.8,51,49,34.0,39.2,36.6,Range,
601–800,New Jersey Institute of Technology,United States,9757,14.6,24.0,27 : 73,34.0â39.2,20.5,20.6,60.6,40.1,85.2,27,73,34.0,39.2,36.6,Range,
601–800,University of North Carolina at Charlotte,United States,27579,20.5,5.0,49 : 51,34.0â39.2,20.2,19.3,71.7,39.4,31.6,49,51,34.0,39.2,36.6,Range,
601–800,North South University,Bangladesh,24760,30.9,0.0,42 : 58,34.0â39.2,12.7,9.3,87.8,36.9,34.8,42,58,34.0,39.2,36.6,Range,
601–800,North-West University,South Africa,40095,24.3,3.0,61 : 39,34.0â39.2,20.4,18.5,67.3,40.4,50.8,61,39,34.0,39.2,36.6,Range,
601–800,Norwegian University of Life Sciences,Norway,6786,7.6,12.0,57 : 43,34.0â39.2,25.0,13.3,61.8,41.0,72.3,57,43,34.0,39.2,36.6,Range,
601–800,NOVA University of Lisbon,Portugal,20996,17.8,23.0,51 : 49,34.0â39.2,23.7,31.1,42.4,54.5,64.2,51,49,34.0,39.2,36.6,Range,
601–800,"University of Occupational and Environmental Health, Japan",Japan,1157,2.5,2.0,52 : 48,34.0â39.2,27.1,10.8,78.6,42.1,20.3,52,48,34.0,39.2,36.6,Range,
601–800,Oklahoma State University,United States,21250,14.0,6.0,51 : 49,34.0â39.2,29.7,20.5,53.8,39.6,45.7,51,49,34.0,39.2,36.6,Range,
601–800,Ontario Tech University,Canada,8969,28.6,8.0,44 : 56,34.0â39.2,19.5,24.3,53.0,40.6,60.9,44,56,34.0,39.2,36.6,Range,
601–800,The Open University,United Kingdom,68390,31.6,8.0,65 : 35,34.0â39.2,19.2,16.9,60.5,37.1,57.3,65,35,34.0,39.2,36.6,Range,
601–800,Oxford Brookes University,United Kingdom,13575,14.2,25.0,59 : 41,34.0â39.2,24.6,22.7,52.8,37.2,83.6,59,41,34.0,39.2,36.6,Range,
601–800,University of Parma,Italy,28210,32.1,6.0,58 : 42,34.0â39.2,18.3,22.1,65.1,41.9,37.1,58,42,34.0,39.2,36.6,Range,
601–800,Universidad Peruana Cayetano Heredia,Peru,6028,6.7,0.0,67 : 33,34.0â39.2,20.7,12.0,80.9,41.9,47.2,67,33,34.0,39.2,36.6,Range,
601–800,University of Perugia,Italy,24943,25.1,6.0,58 : 42,34.0â39.2,21.6,19.3,73.5,41.9,46.0,58,42,34.0,39.2,36.6,Range,
601–800,Polytechnic University of Bari,Italy,9998,43.1,1.0,30 : 70,34.0â39.2,18.5,23.1,73.3,57.9,35.0,30,70,34.0,39.2,36.6,Range,
601–800,Polytechnic University of Turin,Italy,29428,30.4,14.0,30 : 70,34.0â39.2,23.9,26.7,58.4,55.7,48.7,30,70,34.0,39.2,36.6,Range,
601–800,Prince Sattam Bin Abdulaziz University,Saudi Arabia,27117,12.2,2.0,58 : 42,34.0â39.2,17.7,9.9,80.4,37.8,73.6,58,42,34.0,39.2,36.6,Range,
601–800,Universiti Putra Malaysia,Malaysia,18365,11.1,26.0,59 : 41,34.0â39.2,38.5,28.2,28.8,74.3,79.4,59,41,34.0,39.2,36.6,Range,
601–800,Qingdao University,China,42667,15.2,2.0,64 : 36,34.0â39.2,16.4,14.7,75.9,40.9,22.1,64,36,34.0,39.2,36.6,Range,
601–800,Université du Québec,Canada,50418,17.9,12.0,57 : 43,34.0â39.2,26.9,29.1,35.6,43.8,72.0,57,43,34.0,39.2,36.6,Range,
601–800,University of Regina,Canada,14172,24.7,27.0,59 : 41,34.0â39.2,17.6,18.0,64.4,39.0,68.3,59,41,34.0,39.2,36.6,Range,
601–800,Rensselaer Polytechnic Institute,United States,7475,14.7,21.0,32 : 68,34.0â39.2,28.9,26.1,51.0,59.1,72.6,32,68,34.0,39.2,36.6,Range,
601–800,Riga Stradiņš University,Latvia,8512,19.5,28.0,74 : 26,34.0â39.2,16.2,11.2,75.5,38.2,73.1,74,26,34.0,39.2,36.6,Range,
601–800,Riphah International University,Pakistan,23590,21.5,0.0,50 : 50,34.0â39.2,13.6,9.0,82.8,37.0,44.5,50,50,34.0,39.2,36.6,Range,
601–800,Rovira i Virgili University,Spain,12975,12.6,13.0,60 : 40,34.0â39.2,21.9,22.3,61.5,40.5,55.2,60,40,34.0,39.2,36.6,Range,
601–800,Universiti Sains Malaysia,Malaysia,23492,11.6,17.0,64 : 36,34.0â39.2,36.1,25.3,43.2,44.8,60.6,64,36,34.0,39.2,36.6,Range,
601–800,San Diego State University,United States,31340,27.5,7.0,56 : 44,34.0â39.2,24.5,11.1,69.4,37.6,33.5,56,44,34.0,39.2,36.6,Range,
601–800,University of Sannio,Italy,2944,15.4,2.0,51 : 49,34.0â39.2,18.0,18.5,70.8,55.5,28.6,51,49,34.0,39.2,36.6,Range,
601–800,University of Santiago de Compostela,Spain,24713,14.5,9.0,62 : 38,34.0â39.2,24.2,19.8,55.7,40.7,45.6,62,38,34.0,39.2,36.6,Range,
601–800,Savitribai Phule Pune University,India,5163,12.1,6.0,43 : 57,34.0â39.2,40.6,23.5,46.0,38.7,22.0,43,57,34.0,39.2,36.6,Range,
601–800,University of Campania Luigi Vanvitelli,Italy,33663,35.1,2.0,37 : 63,34.0â39.2,23.3,8.6,78.0,37.8,28.9,37,63,34.0,39.2,36.6,Range,
601–800,Shanghai University,China,37499,13.1,7.0,50 : 50,34.0â39.2,24.7,33.1,41.4,75.3,35.3,50,50,34.0,39.2,36.6,Range,
601–800,"Soochow University, China",,47989,15.5,5.0,54 : 46,34.0â39.2,23.0,21.4,64.5,59.9,25.9,54,46,34.0,39.2,36.6,Range,
601–800,Southern Cross University,Australia,10866,36.1,28.0,64 : 36,34.0â39.2,18.7,24.9,55.9,47.4,80.7,64,36,34.0,39.2,36.6,Range,
601–800,University of Strasbourg,France,51028,19.8,21.0,59 : 41,34.0â39.2,24.7,23.1,59.6,44.2,73.3,59,41,34.0,39.2,36.6,Range,
601–800,Sultan Qaboos University,Oman,7436,8.6,4.0,50 : 50,34.0â39.2,23.1,18.4,56.9,40.6,74.9,50,50,34.0,39.2,36.6,Range,
601–800,University of the Sunshine Coast,Australia,11118,29.6,16.0,69 : 31,34.0â39.2,19.5,26.5,48.0,42.9,70.5,69,31,34.0,39.2,36.6,Range,
601–800,Yokohama City University,Japan,5073,6.0,2.0,56 : 44,34.0â39.2,26.4,10.2,82.8,47.6,25.2,56,44,34.0,39.2,36.6,Range,
601–800,Zhengzhou University,China,70824,17.5,3.0,49 : 51,34.0â39.2,17.8,15.4,71.8,38.3,22.2,49,51,34.0,39.2,36.6,Range,
801–1000,University of the Aegean,Greece,22148,68.4,1.0,55 : 45,29.8â33.9,17.3,19.3,53.7,62.8,34.7,55,45,29.8,33.9,31.85,Range,
801–1000,"University of Agriculture, Faisalabad",Pakistan,27826,42.4,0.0,45 : 55,29.8â33.9,24.0,17.4,55.3,46.7,45.0,45,55,29.8,33.9,31.85,Range,
801–1000,The University of Aizu,Japan,1217,12.1,9.0,11 : 89,29.8â33.9,21.9,13.0,50.8,40.0,74.6,11,89,29.8,33.9,31.85,Range,
801–1000,The University of Alabama,United States,35457,20.9,4.0,56 : 44,29.8â33.9,27.2,19.1,54.2,37.5,31.0,56,44,29.8,33.9,31.85,Range,
801–1000,Al-Azhar University,Egypt,425977,38.4,6.0,38 : 62,29.8â33.9,14.9,9.6,63.3,37.0,48.7,38,62,29.8,33.9,31.85,Range,
801–1000,Al-Balqa Applied University,Jordan,28178,27.7,2.0,59 : 41,29.8â33.9,12.9,11.7,69.8,41.2,41.3,59,41,29.8,33.9,31.85,Range,
801–1000,University of Alcalá,Spain,15941,10.2,24.0,60 : 40,29.8â33.9,21.3,14.0,50.8,39.4,60.4,60,40,29.8,33.9,31.85,Range,
801–1000,Alexandria University,Egypt,202206,28.2,4.0,52 : 48,29.8â33.9,18.6,13.7,56.2,40.7,46.1,52,48,29.8,33.9,31.85,Range,
801–1000,Aligarh Muslim University,India,20428,12.1,2.0,40 : 60,29.8â33.9,35.7,12.9,51.1,40.0,27.7,40,60,29.8,33.9,31.85,Range,
801–1000,American University in Cairo,Egypt,5921,13.7,5.0,56 : 44,29.8â33.9,24.4,26.6,32.5,40.4,64.4,56,44,29.8,33.9,31.85,Range,
801–1000,Anna University,India,15149,15.9,1.0,43 : 57,29.8â33.9,21.3,26.6,53.5,45.2,16.5,43,57,29.8,33.9,31.85,Range,
801–1000,University of Applied Sciences and Arts of Western Switzerland,Switzerland,17491,6.5,30.0,53 : 47,29.8â33.9,21.0,11.4,41.2,40.4,90.5,53,47,29.8,33.9,31.85,Range,
801–1000,Aristotle University of Thessaloniki,Greece,49840,19.7,5.0,58 : 42,29.8â33.9,19.0,16.2,56.9,41.4,40.4,58,42,29.8,33.9,31.85,Range,
801–1000,Athens University of Economics and Business,Greece,9682,51.0,6.0,45 : 55,29.8â33.9,18.3,26.6,42.1,38.9,48.4,45,55,29.8,33.9,31.85,Range,
801–1000,Universidad Autónoma de Chile,Chile,27474,22.9,1.0,63 : 37,29.8â33.9,13.2,10.2,72.4,36.9,49.7,63,37,29.8,33.9,31.85,Range,
801–1000,University of Aveiro,Portugal,12566,15.1,10.0,54 : 46,29.8â33.9,25.9,25.7,40.2,39.0,50.4,54,46,29.8,33.9,31.85,Range,
801–1000,University of the Balearic Islands,Spain,11493,11.8,8.0,60 : 40,29.8â33.9,19.2,16.3,51.2,37.0,49.6,60,40,29.8,33.9,31.85,Range,
801–1000,University of the Basque Country,Spain,43018,15.4,6.0,55 : 45,29.8â33.9,21.5,21.8,51.7,39.6,44.5,55,45,29.8,33.9,31.85,Range,
801–1000,University of Bedfordshire,United Kingdom,13175,29.6,59.0,59 : 41,29.8â33.9,17.9,15.2,49.7,37.1,79.2,59,41,29.8,33.9,31.85,Range,
801–1000,University of Beira Interior,Portugal,7861,17.0,22.0,53 : 47,29.8â33.9,17.8,20.9,50.6,38.4,58.1,53,47,29.8,33.9,31.85,Range,
801–1000,University of Belgrade,Serbia,93251,18.9,5.0,62 : 38,29.8â33.9,21.1,33.0,44.5,42.9,43.4,62,38,29.8,33.9,31.85,Range,
801–1000,Beni-Suef University,Egypt,82124,28.3,1.0,50 : 50,29.8â33.9,17.9,8.7,67.8,36.9,45.9,50,50,29.8,33.9,31.85,Range,
801–1000,University of Bergamo,Italy,22115,60.9,7.0,62 : 38,29.8â33.9,18.2,22.4,51.5,41.2,35.5,62,38,29.8,33.9,31.85,Range,
801–1000,Bharathiar University,India,4097,18.8,0.0,63 : 37,29.8â33.9,36.6,27.6,30.4,37.5,23.7,63,37,29.8,33.9,31.85,Range,
801–1000,Bilkent University,Turkey,9682,14.2,8.0,46 : 54,29.8â33.9,23.4,24.2,43.5,55.3,63.7,46,54,29.8,33.9,31.85,Range,
801–1000,"Birla Institute of Technology and Science, Pilani",India,15651,18.1,2.0,19 : 81,29.8â33.9,20.3,11.3,63.8,38.2,19.8,19,81,29.8,33.9,31.85,Range,
801–1000,Boğaziçi University,Turkey,12614,22.3,3.0,45 : 55,29.8â33.9,24.4,24.6,39.8,54.1,41.8,45,55,29.8,33.9,31.85,Range,
801–1000,University of Brighton,United Kingdom,15015,16.8,22.0,60 : 40,29.8â33.9,17.9,15.6,53.0,37.6,78.0,60,40,29.8,33.9,31.85,Range,
801–1000,Cairo University,Egypt,224216,36.8,4.0,54 : 46,29.8â33.9,23.6,17.1,51.7,37.6,38.7,54,46,29.8,33.9,31.85,Range,
801–1000,University of Calabria,Italy,19788,23.2,3.0,57 : 43,29.8â33.9,17.1,18.0,57.3,37.4,37.9,57,43,29.8,33.9,31.85,Range,
801–1000,Chapman University,United States,9332,12.8,8.0,61 : 39,29.8â33.9,38.5,13.9,43.3,37.4,40.6,61,39,29.8,33.9,31.85,Range,
801–1000,Institute of Chemical Technology,India,2550,17.2,0.0,30 : 70,29.8â33.9,38.1,19.9,35.6,42.5,15.1,30,70,29.8,33.9,31.85,Range,
801–1000,Chengdu University,,22762,16.3,2.0,59 : 41,29.8â33.9,16.5,10.6,67.5,42.7,22.4,59,41,29.8,33.9,31.85,Range,
801–1000,"China University of Petroleum, Beijing",China,17001,17.4,4.0,,29.8â33.9,24.4,25.2,38.4,94.6,22.4,,,29.8,33.9,31.85,Range,
801–1000,Chulalongkorn University,,34095,11.5,3.0,58 : 42,29.8â33.9,31.5,25.5,34.5,87.5,38.1,58,42,29.8,33.9,31.85,Range,
801–1000,Clemson University,United States,23491,15.5,6.0,49 : 51,29.8â33.9,25.2,21.4,41.7,40.9,43.7,49,51,29.8,33.9,31.85,Range,
801–1000,University of Clermont Auvergne,France,36630,20.9,15.0,57 : 43,29.8â33.9,18.7,16.3,48.9,38.2,61.2,57,43,29.8,33.9,31.85,Range,
801–1000,Coventry University,,32820,16.1,47.0,48 : 52,29.8â33.9,18.8,14.4,52.4,37.1,94.0,48,52,29.8,33.9,31.85,Range,
801–1000,CY Cergy Paris University,France,14999,19.6,23.0,52 : 48,29.8â33.9,22.7,24.6,35.9,42.4,88.2,52,48,29.8,33.9,31.85,Range,
801–1000,University of Dayton,United States,11183,16.5,11.0,48 : 52,29.8â33.9,32.6,25.4,29.5,43.4,33.1,48,52,29.8,33.9,31.85,Range,
801–1000,University of Deusto,Spain,9518,20.1,11.0,58 : 42,29.8â33.9,18.9,20.3,49.9,46.1,47.4,58,42,29.8,33.9,31.85,Range,
801–1000,Diego Portales University,Chile,17613,16.0,2.0,50 : 50,29.8â33.9,15.4,11.1,69.5,36.9,52.1,50,50,29.8,33.9,31.85,Range,
801–1000,Donghua University,China,22434,14.4,6.0,45 : 55,29.8â33.9,20.7,19.6,55.1,65.0,32.2,45,55,29.8,33.9,31.85,Range,
801–1000,Duzce University,Turkey,21552,35.5,8.0,44 : 56,29.8â33.9,20.4,14.6,56.7,83.5,26.6,44,56,29.8,33.9,31.85,Range,
801–1000,Edge Hill University,United Kingdom,10990,15.4,7.0,69 : 31,29.8â33.9,17.7,14.2,58.0,37.0,49.1,69,31,29.8,33.9,31.85,Range,
801–1000,"University of Engineering and Technology, Peshawar",Pakistan,8680,20.7,1.0,6 : 94,29.8â33.9,14.2,11.8,62.0,38.2,44.6,6,94,29.8,33.9,31.85,Range,
801–1000,Ewha Womans University,South Korea,14746,17.5,13.0,100 : 0,29.8â33.9,32.3,33.1,26.2,70.4,44.3,100,0,29.8,33.9,31.85,Range,
801–1000,Federal University of Minas Gerais,Brazil,40998,12.9,1.0,53 : 47,29.8â33.9,34.2,19.1,42.2,38.7,29.4,53,47,29.8,33.9,31.85,Range,
801–1000,Universidade Federal de Sergipe,Brazil,26327,15.8,0.0,51 : 49,29.8â33.9,17.4,9.9,67.2,36.9,23.1,51,49,29.8,33.9,31.85,Range,
801–1000,Firat University,Turkey,39961,20.6,5.0,37 : 63,29.8â33.9,15.6,9.0,74.6,37.0,25.1,37,63,29.8,33.9,31.85,Range,
801–1000,Florida Agricultural and Mechanical University,United States,9342,16.8,1.0,66 : 34,29.8â33.9,36.8,13.8,36.8,37.3,41.5,66,34,29.8,33.9,31.85,Range,
801–1000,Florida Atlantic University,United States,24191,18.7,10.0,64 : 36,29.8â33.9,21.5,19.3,46.0,42.6,48.5,64,36,29.8,33.9,31.85,Range,
801–1000,University of Foggia,Italy,11292,31.8,1.0,63 : 37,29.8â33.9,17.9,21.3,55.7,38.8,26.3,63,37,29.8,33.9,31.85,Range,
801–1000,University of the Free State,South Africa,33826,36.8,2.0,63 : 37,29.8â33.9,18.1,17.6,49.4,40.1,47.3,63,37,29.8,33.9,31.85,Range,
801–1000,Fujita Health University,Japan,3082,3.8,1.0,57 : 43,29.8â33.9,25.1,11.7,64.0,40.2,20.5,57,43,29.8,33.9,31.85,Range,
801–1000,Fuzhou University,China,39987,16.8,1.0,39 : 61,29.8â33.9,17.2,14.4,60.1,55.0,29.0,39,61,29.8,33.9,31.85,Range,
801–1000,University of Girona,Spain,14011,21.1,15.0,57 : 43,29.8â33.9,18.9,21.9,52.8,39.6,53.0,57,43,29.8,33.9,31.85,Range,
801–1000,Guangdong University of Technology,China,46040,18.1,0.0,29 : 71,29.8â33.9,16.2,14.8,69.9,61.1,25.1,29,71,29.8,33.9,31.85,Range,
801–1000,Hiroshima University,Japan,14612,8.1,9.0,37 : 63,29.8â33.9,32.5,23.5,29.7,49.6,38.6,37,63,29.8,33.9,31.85,Range,
801–1000,Indian Institute of Technology Patna,India,2203,17.9,0.0,18 : 82,29.8â33.9,27.2,24.0,50.1,37.1,17.8,18,82,29.8,33.9,31.85,Range,
801–1000,Indian Institute of Technology Gandhinagar,India,1782,15.1,1.0,26 : 74,29.8â33.9,34.0,27.5,34.2,44.8,23.9,26,74,29.8,33.9,31.85,Range,
801–1000,Universitat Internacional de Catalunya,Spain,5172,14.0,34.0,63 : 37,29.8â33.9,17.6,15.6,57.0,40.2,63.7,63,37,29.8,33.9,31.85,Range,
801–1000,University of Ioannina,Greece,32168,39.6,3.0,69 : 31,29.8â33.9,15.5,14.5,60.6,39.0,43.4,69,31,29.8,33.9,31.85,Range,
801–1000,ISCTE-University Institute of Lisbon,Portugal,9374,24.9,17.0,52 : 48,29.8â33.9,24.0,32.0,36.0,41.8,55.5,52,48,29.8,33.9,31.85,Range,
801–1000,The Islamia University of Bahawalpur,Pakistan,35698,28.5,0.0,46 : 54,29.8â33.9,21.4,12.1,62.9,37.1,43.2,46,54,29.8,33.9,31.85,Range,
801–1000,Istanbul Medeniyet University,Turkey,10536,13.4,3.0,52 : 48,29.8â33.9,17.7,9.9,66.4,37.0,22.7,52,48,29.8,33.9,31.85,Range,
801–1000,Iuliu Haţieganu University of Medicine and Pharmacy Cluj-Napoca,Romania,8017,7.9,33.0,66 : 34,29.8â33.9,20.7,9.2,61.7,37.3,52.1,66,34,29.8,33.9,31.85,Range,
801–1000,University of Jaén,Spain,13767,16.4,9.0,57 : 43,29.8â33.9,18.5,17.6,54.7,37.1,44.7,57,43,29.8,33.9,31.85,Range,
801–1000,Juntendo University,Japan,5980,4.6,3.0,55 : 45,29.8â33.9,33.5,18.6,47.3,52.9,22.8,55,45,29.8,33.9,31.85,Range,
801–1000,Kansas State University,United States,19927,13.1,7.0,51 : 49,29.8â33.9,27.5,20.8,41.0,42.2,46.9,51,49,29.8,33.9,31.85,Range,
801–1000,Karlstad University,Sweden,9698,14.0,,63 : 37,29.8â33.9,17.3,14.4,54.6,37.5,41.2,63,37,29.8,33.9,31.85,Range,
801–1000,Keio University,Japan,33636,10.1,8.0,37 : 63,29.8â33.9,31.8,24.7,44.3,44.9,33.7,37,63,29.8,33.9,31.85,Range,
801–1000,Kerman University of Medical Sciences,Iran,5226,3.4,2.0,,29.8â33.9,30.6,9.9,51.2,41.0,20.8,,,29.8,33.9,31.85,Range,
801–1000,Kindai University,Japan,33234,14.6,2.0,32 : 68,29.8â33.9,19.7,11.0,59.8,41.3,27.6,32,68,29.8,33.9,31.85,Range,
801–1000,King Faisal University,Saudi Arabia,27805,13.1,2.0,67 : 33,29.8â33.9,18.4,9.4,55.4,43.0,74.1,67,33,29.8,33.9,31.85,Range,
801–1000,King Khalid University,Saudi Arabia,39389,8.3,7.0,55 : 45,29.8â33.9,21.8,8.9,52.9,37.9,79.3,55,45,29.8,33.9,31.85,Range,
801–1000,King Mongkut’s University of Technology Thonburi,Thailand,15116,19.8,2.0,46 : 54,29.8â33.9,18.4,18.6,57.0,71.8,36.0,46,54,29.8,33.9,31.85,Range,
801–1000,Kingston University,United Kingdom,14975,19.4,43.0,58 : 42,29.8â33.9,18.9,16.1,39.5,37.3,87.7,58,42,29.8,33.9,31.85,Range,
801–1000,KL University,India,17801,14.5,2.0,36 : 64,29.8â33.9,16.9,9.6,68.4,37.2,17.2,36,64,29.8,33.9,31.85,Range,
801–1000,Kobe University,Japan,15477,10.3,8.0,36 : 64,29.8â33.9,33.3,25.2,38.5,46.7,33.1,36,64,29.8,33.9,31.85,Range,
801–1000,Kurume University,Japan,5062,7.6,2.0,,29.8â33.9,23.0,11.0,60.5,39.4,23.8,,,29.8,33.9,31.85,Range,
801–1000,Kuwait University,,24680,15.2,15.0,76 : 24,29.8â33.9,18.2,10.2,61.5,38.9,68.5,76,24,29.8,33.9,31.85,Range,
801–1000,Kyungpook National University,,18892,20.2,13.0,47 : 53,29.8â33.9,29.2,35.6,27.5,88.0,44.2,47,53,29.8,33.9,31.85,Range,
801–1000,University of Lahore,Pakistan,27149,14.8,2.0,37 : 63,29.8â33.9,15.3,9.6,65.3,37.5,47.1,37,63,29.8,33.9,31.85,Range,
801–1000,Lakehead University,Canada,8365,25.8,21.0,55 : 45,29.8â33.9,18.3,23.0,46.3,38.9,57.6,55,45,29.8,33.9,31.85,Range,
801–1000,University of La Laguna,Spain,18270,12.8,5.0,58 : 42,29.8â33.9,18.2,14.2,55.2,38.4,47.9,58,42,29.8,33.9,31.85,Range,
801–1000,University of Latvia,Latvia,11877,32.7,7.0,68 : 32,29.8â33.9,18.6,27.6,45.3,47.0,54.7,68,32,29.8,33.9,31.85,Range,
801–1000,Leeds Beckett University,United Kingdom,18945,20.3,13.0,54 : 46,29.8â33.9,16.7,16.5,58.8,37.4,57.3,54,46,29.8,33.9,31.85,Range,
801–1000,Lithuanian University of Health Sciences,Lithuania,6167,8.6,22.0,75 : 25,29.8â33.9,21.0,10.6,60.7,37.4,58.9,75,25,29.8,33.9,31.85,Range,
801–1000,University of Ljubljana,Slovenia,37615,13.1,8.0,60 : 40,29.8â33.9,21.9,19.5,47.1,42.7,47.9,60,40,29.8,33.9,31.85,Range,
801–1000,University of Lleida,Spain,9164,15.4,10.0,59 : 41,29.8â33.9,20.7,19.5,49.1,41.9,42.2,59,41,29.8,33.9,31.85,Range,
801–1000,Lovely Professional University,,33469,14.8,6.0,24 : 76,29.8â33.9,18.2,10.6,66.8,38.1,28.9,24,76,29.8,33.9,31.85,Range,
801–1000,Mae Fah Luang University,Thailand,13802,21.0,4.0,73 : 27,29.8â33.9,15.5,12.4,58.8,38.8,47.0,73,27,29.8,33.9,31.85,Range,
801–1000,Mahidol University,Thailand,28477,9.0,5.0,64 : 36,29.8â33.9,32.8,22.5,35.8,69.8,45.7,64,36,29.8,33.9,31.85,Range,
801–1000,Makerere University,Uganda,31233,21.0,3.0,51 : 49,29.8â33.9,21.8,27.7,34.5,52.2,57.6,51,49,29.8,33.9,31.85,Range,
801–1000,Universiti Malaysia Pahang,Malaysia,8140,13.3,7.0,48 : 52,29.8â33.9,19.8,18.2,58.7,39.6,51.5,48,52,29.8,33.9,31.85,Range,
801–1000,University of Malta,Malta,9687,10.7,13.0,60 : 40,29.8â33.9,19.6,16.7,53.4,37.5,62.6,60,40,29.8,33.9,31.85,Range,
801–1000,Manipal Academy of Higher Education,India,23002,9.0,12.0,49 : 51,29.8â33.9,40.9,17.8,32.6,46.7,36.8,49,51,29.8,33.9,31.85,Range,
801–1000,Marquette University,United States,10540,12.0,3.0,57 : 43,29.8â33.9,37.5,16.6,37.9,38.7,25.6,57,43,29.8,33.9,31.85,Range,
801–1000,Masaryk University,Czech Republic,32271,18.9,23.0,62 : 38,29.8â33.9,23.9,29.7,34.0,38.1,66.7,62,38,29.8,33.9,31.85,Range,
801–1000,Medical University of Gdańsk,Poland,6344,5.6,16.0,65 : 35,29.8â33.9,25.3,9.3,55.7,37.0,41.9,65,35,29.8,33.9,31.85,Range,
801–1000,University of Memphis,United States,16520,14.7,5.0,60 : 40,29.8â33.9,29.3,17.7,42.2,37.2,29.9,60,40,29.8,33.9,31.85,Range,
801–1000,University of Minho,Portugal,19922,19.6,16.0,55 : 45,29.8â33.9,24.4,28.9,38.8,58.9,57.6,55,45,29.8,33.9,31.85,Range,
801–1000,Mississippi State University,United States,21810,15.2,3.0,52 : 48,29.8â33.9,22.8,18.5,44.9,40.6,41.6,52,48,29.8,33.9,31.85,Range,
801–1000,University of Missouri-St Louis,United States,6365,15.8,5.0,58 : 42,29.8â33.9,33.1,18.8,44.2,47.4,41.7,58,42,29.8,33.9,31.85,Range,
801–1000,Montana State University,United States,14094,16.0,3.0,47 : 53,29.8â33.9,21.0,17.7,57.6,45.5,36.9,47,53,29.8,33.9,31.85,Range,
801–1000,Monterrey Institute of Technology,,15735,14.3,10.0,43 : 57,29.8â33.9,20.4,19.6,52.3,60.9,57.7,43,57,29.8,33.9,31.85,Range,
801–1000,University of Namur,Belgium,6753,20.8,12.0,57 : 43,29.8â33.9,20.6,21.2,46.5,45.0,67.9,57,43,29.8,33.9,31.85,Range,
801–1000,Nanjing Forestry University,China,32318,17.6,1.0,,29.8â33.9,16.6,9.3,67.5,41.1,22.7,,,29.8,33.9,31.85,Range,
801–1000,Nanjing University of Information Science and Technology,China,33008,16.7,3.0,,29.8â33.9,17.7,16.1,61.0,44.2,33.6,,,29.8,33.9,31.85,Range,
801–1000,Nanjing Normal University,China,31211,13.0,2.0,70 : 30,29.8â33.9,21.7,13.7,58.7,52.7,24.9,70,30,29.8,33.9,31.85,Range,
801–1000,Nanjing Tech University,China,38866,13.5,3.0,,29.8â33.9,19.1,13.7,58.9,61.3,30.1,,,29.8,33.9,31.85,Range,
801–1000,National Institute of Applied Sciences of Lyon (INSA Lyon),France,6382,18.9,27.0,36 : 64,29.8â33.9,32.4,22.9,30.8,77.4,70.8,36,64,29.8,33.9,31.85,Range,
801–1000,École Nationale des Travaux Publics de l'État (ENTPE),France,809,15.3,13.0,42 : 58,29.8â33.9,31.3,34.7,24.9,77.2,62.1,42,58,29.8,33.9,31.85,Range,
801–1000,National University of Sciences and Technology,Pakistan,11737,9.4,5.0,34 : 66,29.8â33.9,21.5,17.7,50.9,39.2,47.4,34,66,29.8,33.9,31.85,Range,
801–1000,National Sun Yat-Sen University,Taiwan,8150,12.3,8.0,40 : 60,29.8â33.9,25.1,33.2,27.1,54.8,44.3,40,60,29.8,33.9,31.85,Range,
801–1000,National Taiwan Normal University,,10699,12.2,16.0,,29.8â33.9,28.0,34.4,28.8,74.4,51.8,,,29.8,33.9,31.85,Range,
801–1000,National Technical University of Athens,Greece,13732,19.9,6.0,33 : 67,29.8â33.9,23.3,21.6,43.9,99.1,38.1,33,67,29.8,33.9,31.85,Range,
801–1000,National Institute of Technology Hamirpur,India,3823,20.7,0.0,22 : 78,29.8â33.9,17.0,16.6,72.1,39.2,14.9,22,78,29.8,33.9,31.85,Range,
801–1000,"National Institute of Technology, Tiruchirappalli",India,7037,18.5,2.0,23 : 77,29.8â33.9,30.2,15.9,49.8,39.2,17.6,23,77,29.8,33.9,31.85,Range,
801–1000,The New School,United States,9692,9.7,35.0,74 : 26,29.8â33.9,25.2,14.5,47.2,37.0,53.0,74,26,29.8,33.9,31.85,Range,
801–1000,New Mexico State University (Main campus),United States,12285,16.0,6.0,58 : 42,29.8â33.9,23.2,22.2,44.8,39.9,37.5,58,42,29.8,33.9,31.85,Range,
801–1000,Nippon Medical School,Japan,905,0.9,0.0,37 : 63,29.8â33.9,26.8,9.5,64.4,37.3,18.4,37,63,29.8,33.9,31.85,Range,
801–1000,University of North Carolina at Greensboro,United States,18637,19.5,3.0,67 : 33,29.8â33.9,25.1,19.0,48.3,37.3,25.9,67,33,29.8,33.9,31.85,Range,
801–1000,"Northeastern University, China",China,39155,14.8,2.0,,29.8â33.9,27.1,24.8,31.3,93.0,37.3,,,29.8,33.9,31.85,Range,
801–1000,Northeast Normal University,China,30310,18.7,4.0,70 : 30,29.8â33.9,25.0,13.9,54.6,40.2,25.0,70,30,29.8,33.9,31.85,Range,
801–1000,University of Northern British Columbia (UNBC),Canada,3008,15.6,11.0,63 : 37,29.8â33.9,19.1,21.5,45.2,37.4,45.9,63,37,29.8,33.9,31.85,Range,
801–1000,Northern Illinois University,United States,13768,14.4,7.0,53 : 47,29.8â33.9,28.3,16.7,47.1,37.6,51.2,53,47,29.8,33.9,31.85,Range,
801–1000,Ohio University (Main campus),United States,22682,20.1,4.0,57 : 43,29.8â33.9,27.6,18.8,55.7,38.0,29.9,57,43,29.8,33.9,31.85,Range,
801–1000,Old Dominion University,United States,18368,17.5,3.0,56 : 44,29.8â33.9,23.2,19.5,47.4,36.9,31.7,56,44,29.8,33.9,31.85,Range,
801–1000,Ozyegin University,Turkey,5958,27.2,7.0,44 : 56,29.8â33.9,17.2,20.1,46.6,41.2,48.8,44,56,29.8,33.9,31.85,Range,
801–1000,Pablo de Olavide University,Spain,12849,14.4,18.0,59 : 41,29.8â33.9,17.4,16.7,51.2,37.5,51.0,59,41,29.8,33.9,31.85,Range,
801–1000,University of Palermo,Italy,32351,22.4,1.0,58 : 42,29.8â33.9,17.8,21.9,56.3,37.5,32.0,58,42,29.8,33.9,31.85,Range,
801–1000,Panjab University,India,18918,17.6,1.0,41 : 59,29.8â33.9,30.5,14.6,60.0,37.5,17.1,41,59,29.8,33.9,31.85,Range,
801–1000,Panthéon-Sorbonne University – Paris 1,France,35547,29.0,20.0,61 : 39,29.8â33.9,34.5,32.1,18.4,37.1,62.8,61,39,29.8,33.9,31.85,Range,
801–1000,Parthenope University of Naples,Italy,11555,33.7,2.0,42 : 58,29.8â33.9,16.7,20.3,63.0,38.1,27.8,42,58,29.8,33.9,31.85,Range,
801–1000,Universiti Pendidikan Sultan Idris,Malaysia,5968,9.9,18.0,55 : 45,29.8â33.9,28.4,25.5,33.9,99.9,61.7,55,45,29.8,33.9,31.85,Range,
801–1000,University of Peshawar,Pakistan,6107,9.0,1.0,32 : 68,29.8â33.9,30.5,10.8,53.2,37.0,42.2,32,68,29.8,33.9,31.85,Range,
801–1000,University of the Philippines,Philippines,46714,10.6,0.0,52 : 48,29.8â33.9,21.4,16.6,62.5,41.4,34.6,52,48,29.8,33.9,31.85,Range,
801–1000,Universitat Politècnica de Catalunya,Spain,22280,9.5,14.0,27 : 73,29.8â33.9,27.3,19.3,43.8,43.5,58.7,27,73,29.8,33.9,31.85,Range,
801–1000,Polytechnic University of Valencia,Spain,23406,12.7,14.0,41 : 59,29.8â33.9,25.7,21.8,38.4,48.9,51.2,41,59,29.8,33.9,31.85,Range,
801–1000,Pontifical Catholic University of Rio de Janeiro (PUC-Rio),Brazil,13453,18.7,3.0,50 : 50,29.8â33.9,28.1,25.6,30.9,94.6,37.4,50,50,29.8,33.9,31.85,Range,
801–1000,Pontifical Catholic University of Rio Grande do Sul (PUCRS),Brazil,14096,21.3,1.0,52 : 48,29.8â33.9,25.6,17.1,50.2,41.7,29.6,52,48,29.8,33.9,31.85,Range,
801–1000,Pontifical Javeriana University,Colombia,27346,14.2,2.0,55 : 45,29.8â33.9,17.5,11.1,68.7,36.9,43.6,55,45,29.8,33.9,31.85,Range,
801–1000,University of Pretoria,South Africa,36492,21.7,7.0,59 : 41,29.8â33.9,27.9,31.6,35.3,44.2,54.9,59,41,29.8,33.9,31.85,Range,
801–1000,Princess Nourah bint Abdulrahman University,Saudi Arabia,25955,13.1,15.0,100 : 0,29.8â33.9,22.9,13.6,46.3,45.6,85.5,100,0,29.8,33.9,31.85,Range,
801–1000,University of the Punjab,Pakistan,28384,22.4,1.0,52 : 48,29.8â33.9,24.2,14.0,52.1,37.5,39.1,52,48,29.8,33.9,31.85,Range,
801–1000,University of Rennes 1,France,28275,18.5,11.0,52 : 48,29.8â33.9,27.5,17.0,43.2,40.9,56.9,52,48,29.8,33.9,31.85,Range,
801–1000,University of Rhode Island,United States,15851,14.5,3.0,57 : 43,29.8â33.9,23.3,18.0,56.0,37.2,44.7,57,43,29.8,33.9,31.85,Range,
801–1000,Rhodes University,South Africa,6872,17.0,14.0,63 : 37,29.8â33.9,24.8,13.4,43.4,60.9,62.0,63,37,29.8,33.9,31.85,Range,
801–1000,University of Roehampton,United Kingdom,7780,16.2,33.0,69 : 31,29.8â33.9,20.1,21.4,39.5,37.3,81.2,69,31,29.8,33.9,31.85,Range,
801–1000,University of Rome III,Italy,33264,47.7,5.0,61 : 39,29.8â33.9,22.1,24.1,42.2,41.8,40.7,61,39,29.8,33.9,31.85,Range,
801–1000,Roskilde University,Denmark,6100,15.8,16.0,64 : 36,29.8â33.9,19.5,32.1,41.7,43.6,59.8,64,36,29.8,33.9,31.85,Range,
801–1000,University of Salamanca,Spain,27920,16.9,18.0,62 : 38,29.8â33.9,26.9,20.8,38.4,39.4,55.5,62,38,29.8,33.9,31.85,Range,
801–1000,University of Salento,Italy,13608,22.6,1.0,62 : 38,29.8â33.9,26.1,19.3,53.2,39.8,29.6,62,38,29.8,33.9,31.85,Range,
801–1000,University of Salford,United Kingdom,18220,18.7,20.0,55 : 45,29.8â33.9,18.0,14.9,46.1,38.0,74.3,55,45,29.8,33.9,31.85,Range,
801–1000,University of Science and Technology Beijing,China,28432,16.1,4.0,36 : 64,29.8â33.9,27.4,29.8,41.0,59.5,22.3,36,64,29.8,33.9,31.85,Range,
801–1000,University of La Serena,Chile,7643,25.5,1.0,52 : 48,29.8â33.9,12.7,9.3,65.6,36.9,48.0,52,48,29.8,33.9,31.85,Range,
801–1000,Shahid Beheshti University,Iran,19695,23.4,1.0,50 : 50,29.8â33.9,27.1,27.4,36.2,56.3,23.7,50,50,29.8,33.9,31.85,Range,
801–1000,Shantou University,China,14119,12.2,1.0,45 : 55,29.8â33.9,19.4,15.5,53.7,40.6,33.9,45,55,29.8,33.9,31.85,Range,
801–1000,Sheffield Hallam University,United Kingdom,25650,17.2,13.0,55 : 45,29.8â33.9,18.7,14.3,60.8,37.1,57.3,55,45,29.8,33.9,31.85,Range,
801–1000,Shiraz University,Iran,14552,20.2,1.0,53 : 47,29.8â33.9,28.3,24.4,37.1,49.5,24.8,53,47,29.8,33.9,31.85,Range,
801–1000,Shiraz University of Medical Sciences,Iran,10228,10.4,3.0,57 : 43,29.8â33.9,34.7,11.0,52.2,37.0,21.3,57,43,29.8,33.9,31.85,Range,
801–1000,University of Siegen,Germany,12633,26.4,12.0,56 : 44,29.8â33.9,21.8,27.3,41.4,40.6,52.3,56,44,29.8,33.9,31.85,Range,
801–1000,University of South Bohemia in České Budějovice,Czech Republic,8763,13.8,7.0,69 : 31,29.8â33.9,19.4,17.1,46.9,36.9,51.2,69,31,29.8,33.9,31.85,Range,
801–1000,South China Normal University,China,30041,16.4,3.0,,29.8â33.9,21.1,19.2,51.7,53.4,32.9,,,29.8,33.9,31.85,Range,
801–1000,Southern Illinois University Carbondale,United States,10130,13.8,7.0,50 : 50,29.8â33.9,35.2,23.9,35.2,47.1,33.9,50,50,29.8,33.9,31.85,Range,
801–1000,Suez Canal University,Egypt,38962,11.4,1.0,58 : 42,29.8â33.9,18.1,8.2,64.4,39.1,47.5,58,42,29.8,33.9,31.85,Range,
801–1000,Sunway University,Malaysia,4638,8.6,15.0,53 : 47,29.8â33.9,20.4,12.0,58.0,37.6,73.2,53,47,29.8,33.9,31.85,Range,
801–1000,Symbiosis International University,,16305,13.0,6.0,54 : 46,29.8â33.9,18.6,10.2,73.4,37.3,28.7,54,46,29.8,33.9,31.85,Range,
801–1000,Taibah University,Saudi Arabia,59028,21.7,3.0,62 : 38,29.8â33.9,15.2,9.0,55.1,37.2,74.7,62,38,29.8,33.9,31.85,Range,
801–1000,Tanta University,Egypt,129209,19.2,1.0,54 : 46,29.8â33.9,19.1,8.4,62.8,37.1,42.9,54,46,29.8,33.9,31.85,Range,
801–1000,"University of Technology, Iraq",Iraq,10321,6.9,0.0,50 : 50,29.8â33.9,22.0,9.5,60.0,39.6,24.6,50,50,29.8,33.9,31.85,Range,
801–1000,Universiti Tenaga Nasional (UNITEN),Malaysia,4987,11.4,11.0,34 : 66,29.8â33.9,20.7,15.0,51.1,77.9,52.6,34,66,29.8,33.9,31.85,Range,
801–1000,University of Texas at El Paso,United States,17908,30.2,7.0,54 : 46,29.8â33.9,26.6,31.7,32.8,36.9,41.6,54,46,29.8,33.9,31.85,Range,
801–1000,Texas Tech University,United States,35957,19.4,7.0,49 : 51,29.8â33.9,29.7,19.2,42.9,37.6,50.5,49,51,29.8,33.9,31.85,Range,
801–1000,University of Thessaly,Greece,21962,30.2,2.0,52 : 48,29.8â33.9,16.0,14.4,61.3,38.7,37.8,52,48,29.8,33.9,31.85,Range,
801–1000,Toronto Metropolitan University,,36218,42.4,8.0,56 : 44,29.8â33.9,19.7,30.8,36.5,40.5,59.0,56,44,29.8,33.9,31.85,Range,
801–1000,Tribhuvan University,Nepal,460632,30.9,0.0,50 : 50,29.8â33.9,12.8,7.9,71.2,37.0,45.4,50,50,29.8,33.9,31.85,Range,
801–1000,University of Urbino Carlo Bo,Italy,15336,42.1,6.0,62 : 38,29.8â33.9,16.2,17.1,59.1,42.7,49.3,62,38,29.8,33.9,31.85,Range,
801–1000,Vilnius University,Lithuania,17012,10.2,9.0,69 : 31,29.8â33.9,21.4,18.7,47.3,45.9,55.5,69,31,29.8,33.9,31.85,Range,
801–1000,VIT University,India,33416,17.0,4.0,30 : 70,29.8â33.9,22.9,14.6,52.9,38.9,31.5,30,70,29.8,33.9,31.85,Range,
801–1000,University of Warsaw,Poland,37090,12.0,10.0,63 : 37,29.8â33.9,26.8,27.4,42.6,37.8,43.0,63,37,29.8,33.9,31.85,Range,
801–1000,Wenzhou Medical University,China,19243,11.2,5.0,63 : 37,29.8â33.9,17.7,14.2,67.1,38.5,26.5,63,37,29.8,33.9,31.85,Range,
801–1000,University of Winchester,United Kingdom,7290,16.8,10.0,66 : 34,29.8â33.9,16.7,15.7,61.1,37.0,52.8,66,34,29.8,33.9,31.85,Range,
801–1000,University of Wisconsin-Milwaukee,United States,19218,19.3,5.0,56 : 44,29.8â33.9,22.9,22.2,55.8,38.0,33.4,56,44,29.8,33.9,31.85,Range,
801–1000,Worcester Polytechnic Institute,United States,5949,12.7,19.0,38 : 62,29.8â33.9,23.6,19.3,53.8,38.5,52.2,38,62,29.8,33.9,31.85,Range,
801–1000,University of Wyoming,United States,10660,14.7,5.0,51 : 49,29.8â33.9,27.6,14.4,57.2,39.9,32.3,51,49,29.8,33.9,31.85,Range,
801–1000,Yangzhou University,China,31066,13.3,11.0,58 : 42,29.8â33.9,23.9,18.4,51.6,71.9,38.6,58,42,29.8,33.9,31.85,Range,
801–1000,Yeungnam University,South Korea,19345,15.0,4.0,50 : 50,29.8â33.9,20.2,15.3,54.0,42.7,43.3,50,50,29.8,33.9,31.85,Range,
801–1000,Zagazig University,Egypt,165556,26.4,2.0,52 : 48,29.8â33.9,13.9,8.3,69.5,36.9,43.5,52,48,29.8,33.9,31.85,Range,
801–1000,Zewail City of Science and Technology,Egypt,1184,11.6,0.0,42 : 58,29.8â33.9,23.4,16.4,56.6,41.0,31.4,42,58,29.8,33.9,31.85,Range,
801–1000,Zhejiang University of Finance and Economics,China,17260,21.3,3.0,63 : 37,29.8â33.9,14.0,11.3,64.8,38.6,25.2,63,37,29.8,33.9,31.85,Range,
1001–1200,University of A Coruña,Spain,14937,12.2,5.0,52 : 48,24.4â29.7,19.9,17.2,32.6,39.5,34.8,52,48,24.4,29.7,27.049999999999997,Range,
1001–1200,"Adam Mickiewicz University, Poznań",Poland,35901,23.9,4.0,68 : 32,24.4â29.7,19.3,25.3,28.3,39.2,34.1,68,32,24.4,29.7,27.049999999999997,Range,
1001–1200,Ain Shams University,Egypt,138700,12.5,4.0,53 : 47,24.4â29.7,24.0,13.1,47.3,38.1,41.2,53,47,24.4,29.7,27.049999999999997,Range,
1001–1200,Al-Farabi Kazakh National University,Kazakhstan,24229,5.7,15.0,56 : 44,24.4â29.7,27.3,10.8,26.2,41.1,69.2,56,44,24.4,29.7,27.049999999999997,Range,
1001–1200,University of Algarve,Portugal,8443,14.0,22.0,58 : 42,24.4â29.7,16.9,17.3,40.6,37.6,69.6,58,42,24.4,29.7,27.049999999999997,Range,
1001–1200,University of Almería,Spain,13050,17.5,12.0,55 : 45,24.4â29.7,20.0,17.6,36.9,39.1,42.3,55,45,24.4,29.7,27.049999999999997,Range,
1001–1200,Amity University,India,31383,16.2,6.0,52 : 48,24.4â29.7,20.1,12.6,47.9,37.8,22.7,52,48,24.4,29.7,27.049999999999997,Range,
1001–1200,University of Anbar,Iraq,26521,15.9,0.0,56 : 44,24.4â29.7,16.0,8.6,56.2,37.1,29.0,56,44,24.4,29.7,27.049999999999997,Range,
1001–1200,"University of the Andes, Colombia",Colombia,15312,12.7,1.0,45 : 55,24.4â29.7,20.3,19.4,36.7,44.1,53.2,45,55,24.4,29.7,27.049999999999997,Range,
1001–1200,Arts et Métiers,France,6230,16.5,14.0,18 : 82,24.4â29.7,25.8,16.0,24.2,60.7,63.5,18,82,24.4,29.7,27.049999999999997,Range,
1001–1200,Assiut University,Egypt,84941,14.9,1.0,55 : 45,24.4â29.7,16.9,9.4,47.1,37.0,46.9,55,45,24.4,29.7,27.049999999999997,Range,
1001–1200,Atılım University,,8325,11.1,7.0,42 : 58,24.4â29.7,17.0,9.0,52.7,37.3,40.7,42,58,24.4,29.7,27.049999999999997,Range,
1001–1200,Autonomous University of Sinaloa,Mexico,74001,21.8,0.0,56 : 44,24.4â29.7,18.6,7.7,62.7,37.0,23.7,56,44,24.4,29.7,27.049999999999997,Range,
1001–1200,Babeş-Bolyai University,Romania,39811,21.0,4.0,64 : 36,24.4â29.7,18.8,16.0,37.6,37.5,40.8,64,36,24.4,29.7,27.049999999999997,Range,
1001–1200,Bahauddin Zakariya University,Pakistan,29880,36.7,0.0,40 : 60,24.4â29.7,14.6,11.9,42.3,37.1,42.9,40,60,24.4,29.7,27.049999999999997,Range,
1001–1200,Bayero University,Nigeria,44410,25.9,0.0,33 : 67,24.4â29.7,17.0,8.8,41.5,37.4,45.5,33,67,24.4,29.7,27.049999999999997,Range,
1001–1200,Beijing Jiaotong University,China,29086,14.7,5.0,,24.4â29.7,25.3,28.3,22.5,61.9,32.3,,,24.4,29.7,27.049999999999997,Range,
1001–1200,University of Botswana,Botswana,13063,17.6,4.0,57 : 43,24.4â29.7,16.5,12.6,40.9,37.0,63.7,57,43,24.4,29.7,27.049999999999997,Range,
1001–1200,Bowling Green State University,United States,15199,15.7,4.0,57 : 43,24.4â29.7,21.5,12.7,38.8,37.0,25.8,57,43,24.4,29.7,27.049999999999997,Range,
1001–1200,Instituto Politécnico de Bragança,Portugal,8845,19.4,32.0,54 : 46,24.4â29.7,13.5,12.6,43.3,40.3,67.3,54,46,24.4,29.7,27.049999999999997,Range,
1001–1200,University of Burgos,Spain,7599,13.5,5.0,51 : 49,24.4â29.7,20.0,14.4,34.8,38.5,36.2,51,49,24.4,29.7,27.049999999999997,Range,
1001–1200,University of Calcutta,,19119,15.6,0.0,51 : 49,24.4â29.7,39.3,14.7,21.4,43.0,16.6,51,49,24.4,29.7,27.049999999999997,Range,
1001–1200,Cardiff Metropolitan University,United Kingdom,9380,18.6,22.0,54 : 46,24.4â29.7,17.4,12.5,35.8,37.6,73.0,54,46,24.4,29.7,27.049999999999997,Range,
1001–1200,Carlos III University of Madrid,,18133,11.0,17.0,46 : 54,24.4â29.7,26.2,18.8,25.2,42.0,61.8,46,54,24.4,29.7,27.049999999999997,Range,
1001–1200,Technical University of Cartagena,Spain,4466,10.0,9.0,27 : 73,24.4â29.7,22.3,12.5,34.8,40.1,38.9,27,73,24.4,29.7,27.049999999999997,Range,
1001–1200,University of Castilla-La Mancha,Spain,22524,12.8,8.0,57 : 43,24.4â29.7,19.6,16.0,36.9,38.7,40.1,57,43,24.4,29.7,27.049999999999997,Range,
1001–1200,Universidad Católica San Antonio de Murcia (UCAM),Spain,10727,19.5,15.0,56 : 44,24.4â29.7,18.2,14.6,35.0,45.1,49.9,56,44,24.4,29.7,27.049999999999997,Range,
1001–1200,University of Central Lancashire,United Kingdom,19285,14.4,25.0,58 : 42,24.4â29.7,18.2,13.9,45.5,37.3,73.3,58,42,24.4,29.7,27.049999999999997,Range,
1001–1200,Chang Gung University,,7016,12.1,5.0,49 : 51,24.4â29.7,21.9,27.9,30.6,77.3,28.3,49,51,24.4,29.7,27.049999999999997,Range,
1001–1200,Charles Sturt University,Australia,22735,20.2,20.0,61 : 39,24.4â29.7,17.8,16.0,32.5,37.3,65.0,61,39,24.4,29.7,27.049999999999997,Range,
1001–1200,Chiang Mai University,Thailand,34110,14.0,3.0,66 : 34,24.4â29.7,25.2,17.0,30.8,58.2,36.4,66,34,24.4,29.7,27.049999999999997,Range,
1001–1200,Chiba University,Japan,13640,8.5,5.0,38 : 62,24.4â29.7,26.5,18.3,32.8,41.4,28.7,38,62,24.4,29.7,27.049999999999997,Range,
1001–1200,University of Chile,Chile,37286,15.5,5.0,50 : 50,24.4â29.7,22.6,18.6,37.1,41.7,51.2,50,50,24.4,29.7,27.049999999999997,Range,
1001–1200,"China University of Geosciences, Beijing",China,16758,16.6,1.0,41 : 59,24.4â29.7,29.8,19.2,38.6,50.8,20.6,41,59,24.4,29.7,27.049999999999997,Range,
1001–1200,China Pharmaceutical University,China,24270,22.4,2.0,69 : 31,24.4â29.7,18.8,15.8,41.8,57.8,18.7,69,31,24.4,29.7,27.049999999999997,Range,
1001–1200,Chonnam National University,,24436,19.9,6.0,48 : 52,24.4â29.7,24.1,24.2,28.3,43.2,27.6,48,52,24.4,29.7,27.049999999999997,Range,
1001–1200,Clarkson University,United States,4024,14.9,9.0,35 : 65,24.4â29.7,25.8,16.5,35.3,40.4,51.5,35,65,24.4,29.7,27.049999999999997,Range,
1001–1200,Comenius University in Bratislava,Slovakia,21788,10.6,14.0,64 : 36,24.4â29.7,23.8,15.5,39.7,37.2,53.3,64,36,24.4,29.7,27.049999999999997,Range,
1001–1200,Creighton University,United States,9641,14.9,4.0,60 : 40,24.4â29.7,39.8,14.6,29.3,38.2,26.7,60,40,24.4,29.7,27.049999999999997,Range,
1001–1200,Czech University of Life Sciences Prague (CZU),Czech Republic,18057,17.6,22.0,54 : 46,24.4â29.7,17.4,13.6,42.1,52.0,71.2,54,46,24.4,29.7,27.049999999999997,Range,
1001–1200,University of Debrecen,,29045,17.7,22.0,55 : 45,24.4â29.7,34.7,14.3,29.8,41.9,60.1,55,45,24.4,29.7,27.049999999999997,Range,
1001–1200,University of Delhi,India,27471,25.6,1.0,48 : 52,24.4â29.7,40.9,24.2,26.2,37.0,18.6,48,52,24.4,29.7,27.049999999999997,Range,
1001–1200,Dr B.R. Ambedkar National Institute of Technology Jalandhar,India,5016,23.7,0.0,23 : 77,24.4â29.7,21.5,13.1,45.8,37.6,14.9,23,77,24.4,29.7,27.049999999999997,Range,
1001–1200,East China University of Science and Technology,China,28718,16.9,2.0,44 : 56,24.4â29.7,24.2,22.4,41.9,61.7,20.1,44,56,24.4,29.7,27.049999999999997,Range,
1001–1200,University of East London,United Kingdom,12180,21.9,44.0,58 : 42,24.4â29.7,20.8,15.0,34.4,37.1,81.8,58,42,24.4,29.7,27.049999999999997,Range,
1001–1200,École Centrale de Lyon,France,2108,14.3,26.0,24 : 76,24.4â29.7,29.7,22.3,20.8,50.3,73.1,24,76,24.4,29.7,27.049999999999997,Range,
1001–1200,University of Engineering & Technology (UET) Lahore,Pakistan,13163,13.9,3.0,23 : 77,24.4â29.7,16.4,9.9,41.5,37.3,46.6,23,77,24.4,29.7,27.049999999999997,Range,
1001–1200,Universidade Estadual Paulista (Unesp),Brazil,42008,15.6,3.0,51 : 49,24.4â29.7,33.6,28.8,16.3,41.6,30.3,51,49,24.4,29.7,27.049999999999997,Range,
1001–1200,European University of Madrid,Spain,10684,10.7,32.0,49 : 51,24.4â29.7,18.3,9.8,51.6,37.1,60.2,49,51,24.4,29.7,27.049999999999997,Range,
1001–1200,University of Extremadura,Spain,20509,11.2,2.0,56 : 44,24.4â29.7,19.9,11.1,49.2,39.0,33.2,56,44,24.4,29.7,27.049999999999997,Range,
1001–1200,Federal University of Rio de Janeiro,Brazil,45747,11.4,1.0,55 : 45,24.4â29.7,38.7,25.3,21.3,66.5,30.3,55,45,24.4,29.7,27.049999999999997,Range,
1001–1200,Universidade Federal de Santa Catarina,Brazil,38751,16.1,2.0,49 : 51,24.4â29.7,30.2,19.2,35.9,54.4,30.1,49,51,24.4,29.7,27.049999999999997,Range,
1001–1200,Federal University of Technology Akure,Nigeria,19593,21.1,0.0,28 : 72,24.4â29.7,20.9,10.2,47.0,37.2,34.9,28,72,24.4,29.7,27.049999999999997,Range,
1001–1200,Ferdowsi University of Mashhad,Iran,25269,30.9,9.0,54 : 46,24.4â29.7,27.1,25.7,25.3,65.7,31.3,54,46,24.4,29.7,27.049999999999997,Range,
1001–1200,Florida Institute of Technology,United States,5091,14.9,25.0,35 : 65,24.4â29.7,29.2,17.4,25.6,39.4,66.7,35,65,24.4,29.7,27.049999999999997,Range,
1001–1200,University of Fortaleza (UNIFOR),Brazil,21115,18.5,0.0,51 : 49,24.4â29.7,16.4,8.6,57.6,37.7,35.3,51,49,24.4,29.7,27.049999999999997,Range,
1001–1200,Fu Jen Catholic University,Taiwan,18619,29.0,5.0,58 : 42,24.4â29.7,24.0,26.5,19.4,78.9,28.7,58,42,24.4,29.7,27.049999999999997,Range,
1001–1200,Fujian Agriculture and Forestry University,China,29188,16.9,1.0,54 : 46,24.4â29.7,15.5,11.8,47.4,42.4,26.2,54,46,24.4,29.7,27.049999999999997,Range,
1001–1200,University of Ghana,Ghana,54256,32.4,1.0,48 : 52,24.4â29.7,16.3,17.0,32.1,48.5,49.0,48,52,24.4,29.7,27.049999999999997,Range,
1001–1200,Guangxi University,China,39172,19.8,2.0,46 : 54,24.4â29.7,16.7,13.2,50.7,45.0,22.0,46,54,24.4,29.7,27.049999999999997,Range,
1001–1200,University of Gujrat,Pakistan,11975,23.5,0.0,58 : 42,24.4â29.7,14.6,10.5,58.5,36.9,40.4,58,42,24.4,29.7,27.049999999999997,Range,
1001–1200,Guru Jambheshwar University of Science and Technology,India,6420,19.3,0.0,44 : 56,24.4â29.7,23.0,8.9,48.8,36.9,15.8,44,56,24.4,29.7,27.049999999999997,Range,
1001–1200,Hakim Sabzevari University,Iran,7940,19.8,4.0,53 : 47,24.4â29.7,16.2,9.9,56.8,37.0,33.5,53,47,24.4,29.7,27.049999999999997,Range,
1001–1200,Hamamatsu University School of Medicine,Japan,1204,4.6,2.0,49 : 51,24.4â29.7,28.6,18.3,30.2,41.4,21.0,49,51,24.4,29.7,27.049999999999997,Range,
1001–1200,Huaqiao University,China,31351,17.2,18.0,53 : 47,24.4â29.7,15.3,12.0,40.2,38.8,59.5,53,47,24.4,29.7,27.049999999999997,Range,
1001–1200,Hyogo College of Medicine,Japan,937,2.2,0.0,30 : 70,24.4â29.7,30.5,12.0,35.5,40.7,16.2,30,70,24.4,29.7,27.049999999999997,Range,
1001–1200,Ibn Tofaïl University,Morocco,51802,71.9,3.0,49 : 51,24.4â29.7,18.8,10.9,41.9,38.9,25.4,49,51,24.4,29.7,27.049999999999997,Range,
1001–1200,Ilia State University,Georgia,16196,10.2,3.0,63 : 37,24.4â29.7,17.1,8.6,40.2,37.1,49.7,63,37,24.4,29.7,27.049999999999997,Range,
1001–1200,Ilmenau University of Technology,Germany,5425,17.4,30.0,28 : 72,24.4â29.7,27.4,16.8,23.2,51.7,64.1,28,72,24.4,29.7,27.049999999999997,Range,
1001–1200,IMT Nord Europe,France,1484,16.1,21.0,23 : 77,24.4â29.7,29.0,26.5,17.1,73.6,74.2,23,77,24.4,29.7,27.049999999999997,Range,
1001–1200,"Indian Institute of Science Education and Research, Pune",India,1512,10.4,0.0,31 : 69,24.4â29.7,36.0,16.2,27.4,38.2,25.4,31,69,24.4,29.7,27.049999999999997,Range,
1001–1200,Indian Institute of Science Education and Research Kolkata,India,1563,12.3,0.0,28 : 72,24.4â29.7,29.1,16.5,31.7,39.7,19.6,28,72,24.4,29.7,27.049999999999997,Range,
1001–1200,Indian Institute of Technology Bhubaneswar,India,2102,14.7,0.0,16 : 84,24.4â29.7,23.8,13.7,45.5,38.1,18.1,16,84,24.4,29.7,27.049999999999997,Range,
1001–1200,Indian Institute of Technology Guwahati,India,6353,13.8,1.0,22 : 78,24.4â29.7,30.2,22.3,33.8,41.0,21.0,22,78,24.4,29.7,27.049999999999997,Range,
1001–1200,Indian Institute of Technology (Indian School of Mines) Dhanbad,India,7002,20.7,1.0,16 : 84,24.4â29.7,24.0,21.9,38.2,40.6,15.9,16,84,24.4,29.7,27.049999999999997,Range,
1001–1200,Indian Institute of Technology Mandi,India,1587,11.6,1.0,26 : 74,24.4â29.7,27.6,11.7,38.1,37.9,21.9,26,74,24.4,29.7,27.049999999999997,Range,
1001–1200,University of Indonesia,,41123,8.6,14.0,68 : 32,24.4â29.7,40.1,19.9,16.0,77.7,54.8,68,32,24.4,29.7,27.049999999999997,Range,
1001–1200,Inha University,South Korea,17103,21.0,8.0,42 : 58,24.4â29.7,27.4,22.3,27.7,70.1,35.8,42,58,24.4,29.7,27.049999999999997,Range,
1001–1200,Isfahan University of Medical Sciences,Iran,10102,10.2,2.0,63 : 37,24.4â29.7,42.6,13.0,32.4,37.1,20.4,63,37,24.4,29.7,27.049999999999997,Range,
1001–1200,Isfahan University of Technology,Iran,11323,23.5,1.0,40 : 60,24.4â29.7,21.2,22.8,40.3,71.2,27.8,40,60,24.4,29.7,27.049999999999997,Range,
1001–1200,Istanbul University,Turkey,59250,25.1,8.0,53 : 47,24.4â29.7,22.1,20.8,32.4,48.3,31.5,53,47,24.4,29.7,27.049999999999997,Range,
1001–1200,Istanbul University-Cerrahpaşa,Turkey,25638,21.7,3.0,36 : 64,24.4â29.7,17.1,12.1,52.6,45.3,21.3,36,64,24.4,29.7,27.049999999999997,Range,
1001–1200,Jadavpur University,India,14217,21.7,0.0,30 : 70,24.4â29.7,35.0,16.9,28.9,41.9,16.8,30,70,24.4,29.7,27.049999999999997,Range,
1001–1200,Jaume I University,Spain,11495,14.6,10.0,58 : 42,24.4â29.7,19.2,20.0,44.9,39.4,44.8,58,42,24.4,29.7,27.049999999999997,Range,
1001–1200,University of Jeddah,Saudi Arabia,26236,13.9,2.0,67 : 33,24.4â29.7,16.5,8.8,48.6,37.9,71.4,67,33,24.4,29.7,27.049999999999997,Range,
1001–1200,Jeonbuk National University,,20453,19.9,7.0,46 : 54,24.4â29.7,24.7,23.7,27.7,46.2,30.8,46,54,24.4,29.7,27.049999999999997,Range,
1001–1200,Jiangnan University,,29614,13.1,1.0,,24.4â29.7,20.4,19.5,37.7,59.5,20.4,,,24.4,29.7,27.049999999999997,Range,
1001–1200,Jiangsu Normal University,China,23978,14.3,2.0,,24.4â29.7,15.5,11.2,53.8,39.3,24.1,,,24.4,29.7,27.049999999999997,Range,
1001–1200,Jiangxi University of Finance and Economics,China,24395,18.5,2.0,55 : 45,24.4â29.7,17.4,9.1,61.4,39.3,30.2,55,45,24.4,29.7,27.049999999999997,Range,
1001–1200,The Jikei University School of Medicine,Japan,1093,0.9,0.0,44 : 56,24.4â29.7,28.5,9.2,52.5,40.0,17.4,44,56,24.4,29.7,27.049999999999997,Range,
1001–1200,Kanazawa University,Japan,9886,9.4,7.0,39 : 61,24.4â29.7,27.2,17.0,25.8,44.3,29.8,39,61,24.4,29.7,27.049999999999997,Range,
1001–1200,Kaohsiung Medical University,Taiwan,6490,11.8,6.0,59 : 41,24.4â29.7,22.5,24.2,25.8,54.2,27.7,59,41,24.4,29.7,27.049999999999997,Range,
1001–1200,Kharkiv National University of Radio Electronics,Ukraine,7704,9.9,10.0,26 : 74,24.4â29.7,19.1,9.4,55.9,37.5,29.7,26,74,24.4,29.7,27.049999999999997,Range,
1001–1200,K.N. Toosi University of Technology,Iran,8403,26.6,2.0,34 : 66,24.4â29.7,23.3,21.8,38.7,42.9,30.3,34,66,24.4,29.7,27.049999999999997,Range,
1001–1200,Kumamoto University,Japan,9536,10.0,6.0,38 : 62,24.4â29.7,24.6,18.9,30.4,48.2,32.0,38,62,24.4,29.7,27.049999999999997,Range,
1001–1200,Kwame Nkrumah University of Science and Technology,Ghana,87443,78.1,1.0,43 : 57,24.4â29.7,13.1,14.2,39.5,43.4,47.2,43,57,24.4,29.7,27.049999999999997,Range,
1001–1200,Kyoto Prefectural University of Medicine,Japan,1371,3.4,1.0,46 : 54,24.4â29.7,30.1,15.9,41.1,45.4,17.7,46,54,24.4,29.7,27.049999999999997,Range,
1001–1200,University of Las Palmas de Gran Canaria,Spain,15612,16.9,8.0,58 : 42,24.4â29.7,16.5,15.0,44.6,36.9,41.5,58,42,24.4,29.7,27.049999999999997,Range,
1001–1200,Lebanese University,Lebanon,46256,14.8,16.0,70 : 30,24.4â29.7,36.5,20.1,17.3,37.0,78.6,70,30,24.4,29.7,27.049999999999997,Range,
1001–1200,University of Leoben,Austria,2604,4.6,17.0,24 : 76,24.4â29.7,29.5,13.0,25.5,53.6,79.2,24,76,24.4,29.7,27.049999999999997,Range,
1001–1200,University of León,Spain,14828,15.3,5.0,56 : 44,24.4â29.7,17.8,13.6,46.3,38.6,34.1,56,44,24.4,29.7,27.049999999999997,Range,
1001–1200,Lorestan University,Iran,9059,23.6,1.0,57 : 43,24.4â29.7,24.3,11.1,50.0,37.1,21.8,57,43,24.4,29.7,27.049999999999997,Range,
1001–1200,Lusophone University of Humanities and Technologies,Portugal,7544,10.7,22.0,53 : 47,24.4â29.7,18.4,11.4,36.0,38.7,67.4,53,47,24.4,29.7,27.049999999999997,Range,
1001–1200,Universiti Malaysia Perlis,Malaysia,10937,13.6,5.0,45 : 55,24.4â29.7,17.9,13.6,40.7,37.2,29.6,45,55,24.4,29.7,27.049999999999997,Range,
1001–1200,University of Manouba,Tunisia,16315,12.1,1.0,59 : 41,24.4â29.7,19.2,8.3,52.7,36.9,44.6,59,41,24.4,29.7,27.049999999999997,Range,
1001–1200,University of Maragheh,Iran,3146,19.9,0.0,56 : 44,24.4â29.7,15.1,12.4,55.7,36.9,27.4,56,44,24.4,29.7,27.049999999999997,Range,
1001–1200,University of Marrakech Cadi Ayyad,Morocco,110826,44.8,1.0,50 : 50,24.4â29.7,26.8,10.5,32.7,38.7,37.7,50,50,24.4,29.7,27.049999999999997,Range,
1001–1200,University of Mauritius,Mauritius,8710,21.5,1.0,55 : 45,24.4â29.7,16.4,10.0,49.1,38.1,41.9,55,45,24.4,29.7,27.049999999999997,Range,
1001–1200,University of Mazandaran,Iran,13320,33.1,6.0,62 : 38,24.4â29.7,25.2,15.0,38.1,38.1,27.0,62,38,24.4,29.7,27.049999999999997,Range,
1001–1200,Medical University of Bialystok,Poland,5494,12.7,8.0,76 : 24,24.4â29.7,37.1,10.5,30.9,39.5,28.0,76,24,24.4,29.7,27.049999999999997,Range,
1001–1200,Menoufia University,Egypt,100182,34.3,0.0,43 : 57,24.4â29.7,14.5,8.2,61.4,38.2,41.7,43,57,24.4,29.7,27.049999999999997,Range,
1001–1200,Miguel Hernández University of Elche,Spain,12276,17.0,7.0,48 : 52,24.4â29.7,17.5,16.1,40.5,40.0,38.6,48,52,24.4,29.7,27.049999999999997,Range,
1001–1200,Morgan State University,United States,6129,11.7,8.0,59 : 41,24.4â29.7,22.0,10.4,36.7,37.2,48.7,59,41,24.4,29.7,27.049999999999997,Range,
1001–1200,University of Murcia,Spain,26351,16.0,8.0,59 : 41,24.4â29.7,20.1,19.1,34.0,39.2,39.8,59,41,24.4,29.7,27.049999999999997,Range,
1001–1200,Nanjing University of Aeronautics and Astronautics,China,32300,15.6,3.0,30 : 70,24.4â29.7,22.0,26.1,23.1,69.5,20.8,30,70,24.4,29.7,27.049999999999997,Range,
1001–1200,Nanjing Medical University,China,20660,8.6,4.0,,24.4â29.7,29.2,19.7,37.2,39.0,20.7,,,24.4,29.7,27.049999999999997,Range,
1001–1200,National Autonomous University of Mexico,Mexico,172729,17.4,4.0,52 : 48,24.4â29.7,29.9,29.5,21.3,54.3,47.8,52,48,24.4,29.7,27.049999999999997,Range,
1001–1200,National Central University,Taiwan,10853,9.7,9.0,36 : 64,24.4â29.7,25.0,22.6,17.4,73.6,43.7,36,64,24.4,29.7,27.049999999999997,Range,
1001–1200,National University of Colombia,Colombia,42188,15.8,1.0,39 : 61,24.4â29.7,20.3,13.1,41.2,37.3,38.4,39,61,24.4,29.7,27.049999999999997,Range,
1001–1200,National Taipei University of Technology,Taiwan,9873,15.7,11.0,28 : 72,24.4â29.7,22.7,23.1,24.6,96.5,39.7,28,72,24.4,29.7,27.049999999999997,Range,
1001–1200,National Taiwan Ocean University,Taiwan,8905,21.0,6.0,33 : 67,24.4â29.7,18.7,25.6,24.1,74.9,31.3,33,67,24.4,29.7,27.049999999999997,Range,
1001–1200,National Institute of Technology Rourkela,India,7583,20.6,4.0,23 : 77,24.4â29.7,22.2,17.2,45.6,39.0,18.6,23,77,24.4,29.7,27.049999999999997,Range,
1001–1200,Necmettin Erbakan University,Turkey,18420,13.4,13.0,51 : 49,24.4â29.7,33.7,12.7,26.9,39.6,31.5,51,49,24.4,29.7,27.049999999999997,Range,
1001–1200,Niigata University,Japan,12037,7.6,3.0,38 : 62,24.4â29.7,25.3,13.5,48.8,42.1,25.3,38,62,24.4,29.7,27.049999999999997,Range,
1001–1200,Northwest University,China,26073,14.0,1.0,53 : 47,24.4â29.7,21.5,14.5,40.1,41.5,21.4,53,47,24.4,29.7,27.049999999999997,Range,
1001–1200,Oakland University,United States,15413,17.8,4.0,58 : 42,24.4â29.7,29.0,15.7,31.3,37.1,33.6,58,42,24.4,29.7,27.049999999999997,Range,
1001–1200,Óbuda University,Hungary,11804,38.4,6.0,21 : 79,24.4â29.7,15.0,14.6,45.5,38.8,42.1,21,79,24.4,29.7,27.049999999999997,Range,
1001–1200,Okayama University,Japan,13012,10.4,10.0,40 : 60,24.4â29.7,27.6,20.3,22.4,57.6,33.6,40,60,24.4,29.7,27.049999999999997,Range,
1001–1200,University of Oviedo,Spain,18599,11.6,2.0,53 : 47,24.4â29.7,22.0,20.1,38.4,40.4,32.8,53,47,24.4,29.7,27.049999999999997,Range,
1001–1200,Palacký University Olomouc,Czech Republic,18673,14.5,13.0,69 : 31,24.4â29.7,19.6,19.9,40.0,37.8,59.3,69,31,24.4,29.7,27.049999999999997,Range,
1001–1200,University of Patras,Greece,29393,25.6,6.0,51 : 49,24.4â29.7,16.9,16.6,43.7,40.9,38.1,51,49,24.4,29.7,27.049999999999997,Range,
1001–1200,Pavol Jozef Šafárik University in Košice,Slovakia,6867,10.0,23.0,67 : 33,24.4â29.7,39.7,10.1,14.4,37.0,64.8,67,33,24.4,29.7,27.049999999999997,Range,
1001–1200,University of Pécs,Hungary,17711,12.6,23.0,57 : 43,24.4â29.7,38.3,13.0,27.2,38.7,56.3,57,43,24.4,29.7,27.049999999999997,Range,
1001–1200,PMAS Arid Agriculture University Rawalpindi,Pakistan,11456,44.8,0.0,37 : 63,24.4â29.7,26.4,11.2,35.5,36.9,43.1,37,63,24.4,29.7,27.049999999999997,Range,
1001–1200,Polytechnic Institute of Porto,Portugal,18743,16.9,7.0,48 : 52,24.4â29.7,14.3,11.2,46.3,37.1,36.7,48,52,24.4,29.7,27.049999999999997,Range,
1001–1200,Pondicherry University,India,7291,22.6,1.0,47 : 53,24.4â29.7,35.9,21.3,23.5,38.1,16.1,47,53,24.4,29.7,27.049999999999997,Range,
1001–1200,Portland State University,United States,18067,19.3,6.0,58 : 42,24.4â29.7,20.5,21.5,40.6,37.8,30.6,58,42,24.4,29.7,27.049999999999997,Range,
1001–1200,Port Said University,Egypt,29534,29.8,0.0,49 : 51,24.4â29.7,13.2,8.0,53.9,37.0,42.5,49,51,24.4,29.7,27.049999999999997,Range,
1001–1200,Public University of Navarre,Spain,7806,11.2,8.0,51 : 49,24.4â29.7,20.0,13.5,42.5,39.0,46.6,51,49,24.4,29.7,27.049999999999997,Range,
1001–1200,University of Puerto Rico,Puerto Rico,47257,17.0,1.0,61 : 39,24.4â29.7,22.9,10.5,41.0,39.9,46.7,61,39,24.4,29.7,27.049999999999997,Range,
1001–1200,Pusan National University,,21018,17.0,6.0,51 : 49,24.4â29.7,30.7,32.5,21.6,50.8,28.5,51,49,24.4,29.7,27.049999999999997,Range,
1001–1200,Reichman University,Israel,8030,18.7,28.0,51 : 49,24.4â29.7,14.3,9.6,50.3,36.9,66.2,51,49,24.4,29.7,27.049999999999997,Range,
1001–1200,University Rey Juan Carlos,Spain,43160,20.3,7.0,59 : 41,24.4â29.7,15.4,13.2,47.4,38.3,38.8,59,41,24.4,29.7,27.049999999999997,Range,
1001–1200,Rikkyo University,Japan,20014,15.1,5.0,,24.4â29.7,16.5,8.7,41.0,37.4,49.2,,,24.4,29.7,27.049999999999997,Range,
1001–1200,Robert Gordon University,United Kingdom,8955,19.1,25.0,60 : 40,24.4â29.7,17.7,12.9,33.9,38.2,79.9,60,40,24.4,29.7,27.049999999999997,Range,
1001–1200,Rochester Institute of Technology,United States,14520,15.7,16.0,36 : 64,24.4â29.7,20.9,19.2,43.5,38.2,41.5,36,64,24.4,29.7,27.049999999999997,Range,
1001–1200,Rowan University,United States,17912,14.4,3.0,47 : 53,24.4â29.7,30.7,11.3,45.6,37.3,31.3,47,53,24.4,29.7,27.049999999999997,Range,
1001–1200,Sahand University of Technology,Iran,4595,24.5,0.0,35 : 65,24.4â29.7,20.2,15.6,48.7,55.1,19.3,35,65,24.4,29.7,27.049999999999997,Range,
1001–1200,Sakarya University,Turkey,40331,25.1,8.0,54 : 46,24.4â29.7,21.2,11.3,46.2,54.2,27.3,54,46,24.4,29.7,27.049999999999997,Range,
1001–1200,Universidad San Francisco de Quito,Ecuador,10338,13.6,5.0,49 : 51,24.4â29.7,16.7,9.8,42.8,37.7,65.6,49,51,24.4,29.7,27.049999999999997,Range,
1001–1200,University of Sargodha,Pakistan,23740,31.0,0.0,53 : 47,24.4â29.7,28.1,10.7,39.2,37.3,43.2,53,47,24.4,29.7,27.049999999999997,Range,
1001–1200,Semnan University of Medical Sciences and Health Services,Iran,3536,8.3,7.0,64 : 36,24.4â29.7,20.9,9.2,47.6,37.0,25.0,64,36,24.4,29.7,27.049999999999997,Range,
1001–1200,University of Seville,Spain,49155,16.7,12.0,58 : 42,24.4â29.7,20.3,22.6,39.5,40.6,45.4,58,42,24.4,29.7,27.049999999999997,Range,
1001–1200,Shahid Beheshti University of Medical Sciences,Iran,12850,8.7,3.0,58 : 42,24.4â29.7,38.6,14.8,35.8,50.9,21.7,58,42,24.4,29.7,27.049999999999997,Range,
1001–1200,Shahrekord University,Iran,7268,21.1,0.0,56 : 44,24.4â29.7,17.7,12.7,48.7,37.7,19.3,56,44,24.4,29.7,27.049999999999997,Range,
1001–1200,Shahrood University of Technology,Iran,8221,21.1,1.0,44 : 56,24.4â29.7,25.1,16.6,46.1,37.6,28.1,44,56,24.4,29.7,27.049999999999997,Range,
1001–1200,Shanghai Maritime University,China,23263,16.7,2.0,46 : 54,24.4â29.7,15.8,11.2,50.6,48.4,32.0,46,54,24.4,29.7,27.049999999999997,Range,
1001–1200,Sidi Mohamed Ben Abdellah University,Morocco,90045,53.3,2.0,48 : 52,24.4â29.7,23.9,10.4,40.7,36.9,23.4,48,52,24.4,29.7,27.049999999999997,Range,
1001–1200,Siksha ‘O’ Anusandhan,,13990,12.4,1.0,54 : 46,24.4â29.7,28.6,14.8,46.3,52.8,16.0,54,46,24.4,29.7,27.049999999999997,Range,
1001–1200,University of Social Welfare and Rehabilitation Sciences,Iran,1746,10.9,2.0,68 : 32,24.4â29.7,29.4,19.5,33.1,41.4,33.1,68,32,24.4,29.7,27.049999999999997,Range,
1001–1200,Sogang University,South Korea,9625,24.0,15.0,46 : 54,24.4â29.7,24.8,25.9,28.4,51.7,39.0,46,54,24.4,29.7,27.049999999999997,Range,
1001–1200,Sohag University,Egypt,60248,26.4,0.0,56 : 44,24.4â29.7,14.2,8.3,52.2,37.4,44.9,56,44,24.4,29.7,27.049999999999997,Range,
1001–1200,University of South Africa,South Africa,236282,232.2,3.0,73 : 27,24.4â29.7,30.4,25.5,29.3,37.6,42.6,73,27,24.4,29.7,27.049999999999997,Range,
1001–1200,University of South Dakota,United States,7129,14.7,3.0,63 : 37,24.4â29.7,35.2,15.0,30.1,36.9,24.9,63,37,24.4,29.7,27.049999999999997,Range,
1001–1200,University of the South Pacific,Fiji,12052,36.6,1.0,58 : 42,24.4â29.7,15.8,16.3,45.3,43.1,69.0,58,42,24.4,29.7,27.049999999999997,Range,
1001–1200,South Valley University,Egypt,52035,30.0,1.0,57 : 43,24.4â29.7,13.7,8.4,53.6,37.0,46.1,57,43,24.4,29.7,27.049999999999997,Range,
1001–1200,University of South Wales,United Kingdom,15625,15.4,21.0,53 : 47,24.4â29.7,16.9,11.0,33.0,38.5,70.9,53,47,24.4,29.7,27.049999999999997,Range,
1001–1200,University of Split,Croatia,19363,16.3,2.0,57 : 43,24.4â29.7,15.7,13.4,49.7,37.9,37.3,57,43,24.4,29.7,27.049999999999997,Range,
1001–1200,Ştefan cel Mare University of Suceava,Romania,9239,24.8,14.0,59 : 41,24.4â29.7,16.9,12.0,52.0,37.5,33.5,59,41,24.4,29.7,27.049999999999997,Range,
1001–1200,St Marianna University School of Medicine,Japan,833,0.9,1.0,39 : 61,24.4â29.7,26.7,8.6,39.4,37.1,17.6,39,61,24.4,29.7,27.049999999999997,Range,
1001–1200,University of Sunderland,United Kingdom,12050,15.9,40.0,60 : 40,24.4â29.7,16.9,9.6,35.3,37.1,69.6,60,40,24.4,29.7,27.049999999999997,Range,
1001–1200,SWPS University of Social Sciences and Humanities,Poland,14522,37.6,8.0,78 : 22,24.4â29.7,15.4,16.3,38.5,37.3,52.0,78,22,24.4,29.7,27.049999999999997,Range,
1001–1200,University of Szeged,Hungary,20023,12.5,22.0,55 : 45,24.4â29.7,23.2,15.5,33.3,39.6,60.8,55,45,24.4,29.7,27.049999999999997,Range,
1001–1200,Tallinn University,Estonia,4178,9.6,16.0,71 : 29,24.4â29.7,19.7,18.8,22.4,39.0,68.9,71,29,24.4,29.7,27.049999999999997,Range,
1001–1200,Technical University of Crete,Greece,6597,31.6,4.0,37 : 63,24.4â29.7,14.1,11.9,57.4,41.4,43.4,37,63,24.4,29.7,27.049999999999997,Range,
1001–1200,Technical University of Madrid,Spain,38976,15.6,16.0,32 : 68,24.4â29.7,22.5,15.3,36.5,45.2,52.7,32,68,24.4,29.7,27.049999999999997,Range,
1001–1200,Technological University Dublin,Ireland,20686,18.7,21.0,44 : 56,24.4â29.7,17.8,12.3,33.1,37.5,72.6,44,56,24.4,29.7,27.049999999999997,Range,
1001–1200,Teesside University,United Kingdom,13135,19.3,20.0,57 : 43,24.4â29.7,19.1,12.7,42.5,37.2,69.1,57,43,24.4,29.7,27.049999999999997,Range,
1001–1200,University of Texas Rio Grande Valley,United States,29420,23.5,3.0,60 : 40,24.4â29.7,18.1,23.7,40.7,37.1,36.0,60,40,24.4,29.7,27.049999999999997,Range,
1001–1200,Tokyo Medical University,Japan,1370,1.7,1.0,45 : 55,24.4â29.7,28.2,11.5,39.8,44.5,19.0,45,55,24.4,29.7,27.049999999999997,Range,
1001–1200,Tokyo Metropolitan University,,8829,10.6,6.0,39 : 61,24.4â29.7,24.5,14.6,34.1,39.9,30.0,39,61,24.4,29.7,27.049999999999997,Range,
1001–1200,Toyota Technological Institute,Japan,489,9.4,2.0,8 : 92,24.4â29.7,23.5,17.5,30.4,59.9,26.0,8,92,24.4,29.7,27.049999999999997,Range,
1001–1200,University of Trás-os-Montes and Alto Douro,Portugal,7123,11.1,8.0,55 : 45,24.4â29.7,17.1,19.4,31.9,36.9,44.2,55,45,24.4,29.7,27.049999999999997,Range,
1001–1200,Universiti Tunku Abdul Rahman (UTAR),Malaysia,18183,15.8,3.0,51 : 49,24.4â29.7,16.1,14.9,49.8,39.7,35.6,51,49,24.4,29.7,27.049999999999997,Range,
1001–1200,Urmia University,Iran,13910,27.2,2.0,50 : 50,24.4â29.7,24.2,16.4,38.6,40.9,22.4,50,50,24.4,29.7,27.049999999999997,Range,
1001–1200,"University of Veterinary and Animal Sciences, Lahore",Pakistan,7087,19.6,1.0,50 : 50,24.4â29.7,16.3,13.9,38.4,54.8,45.0,50,50,24.4,29.7,27.049999999999997,Range,
1001–1200,"Vietnam National University, Hanoi",Vietnam,48070,15.3,1.0,63 : 37,24.4â29.7,18.7,9.6,45.9,38.9,45.5,63,37,24.4,29.7,27.049999999999997,Range,
1001–1200,University of Vigo,Spain,17613,15.4,6.0,51 : 49,24.4â29.7,18.7,16.5,44.5,40.6,44.6,51,49,24.4,29.7,27.049999999999997,Range,
1001–1200,Waseda University,Japan,46799,14.6,13.0,39 : 61,24.4â29.7,29.3,23.8,27.6,41.1,47.0,39,61,24.4,29.7,27.049999999999997,Range,
1001–1200,University of Westminster,United Kingdom,16945,20.8,50.0,61 : 39,24.4â29.7,18.6,18.4,35.9,37.3,82.9,61,39,24.4,29.7,27.049999999999997,Range,
1001–1200,Wuhan University of Technology,China,55426,14.9,2.0,30 : 70,24.4â29.7,19.4,15.2,48.3,55.7,23.2,30,70,24.4,29.7,27.049999999999997,Range,
1001–1200,Xidian University,China,37205,16.0,1.0,27 : 73,24.4â29.7,22.0,20.4,40.8,78.4,21.1,27,73,24.4,29.7,27.049999999999997,Range,
1001–1200,Yarmouk University,Jordan,36443,33.2,10.0,69 : 31,24.4â29.7,29.4,11.1,33.6,38.2,49.8,69,31,24.4,29.7,27.049999999999997,Range,
1001–1200,Yasouj University,Iran,5713,23.6,0.0,56 : 44,24.4â29.7,14.8,13.6,53.8,38.5,18.5,56,44,24.4,29.7,27.049999999999997,Range,
1001–1200,Yıldız Technical University,,25532,26.0,11.0,48 : 52,24.4â29.7,25.7,26.7,29.3,100.0,32.0,48,52,24.4,29.7,27.049999999999997,Range,
1001–1200,University of Zaragoza,Spain,28085,10.1,8.0,54 : 46,24.4â29.7,21.1,16.3,35.0,40.7,40.3,54,46,24.4,29.7,27.049999999999997,Range,
1001–1200,Zhejiang Gongshang University,China,22676,15.8,5.0,61 : 39,24.4â29.7,16.9,11.0,53.8,40.1,32.8,61,39,24.4,29.7,27.049999999999997,Range,
1001–1200,Zhejiang University of Technology,China,32095,14.5,6.0,,24.4â29.7,18.2,18.4,49.1,65.1,24.5,,,24.4,29.7,27.049999999999997,Range,
1001–1200,University of Žilina,Slovakia,7545,13.4,3.0,35 : 65,24.4â29.7,21.3,18.2,29.7,45.3,33.0,35,65,24.4,29.7,27.049999999999997,Range,
1001–1200,University of Zimbabwe,Zimbabwe,20598,23.9,0.0,51 : 49,24.4â29.7,14.8,23.3,35.6,43.1,50.0,51,49,24.4,29.7,27.049999999999997,Range,
1201–1500,Université 8 Mai 1945 Guelma,Algeria,17530,20.1,1.0,67 : 33,18.4â24.3,16.2,8.6,41.3,37.0,36.5,67,33,18.4,24.3,21.35,Range,
1201–1500,Abdelmalek Essaâdi University,Morocco,112677,88.2,1.0,50 : 50,18.4â24.3,27.4,9.5,16.2,36.9,28.0,50,50,18.4,24.3,21.35,Range,
1201–1500,Acharya Nagarjuna University,India,4872,7.9,7.0,38 : 62,18.4â24.3,42.4,9.7,18.2,42.5,24.1,38,62,18.4,24.3,21.35,Range,
1201–1500,Acıbadem University,,2784,6.1,3.0,74 : 26,18.4â24.3,22.4,11.4,18.0,38.7,24.9,74,26,18.4,24.3,21.35,Range,
1201–1500,Adolfo Ibáñez University,Chile,10573,25.7,5.0,38 : 62,18.4â24.3,15.6,17.2,20.0,38.1,60.4,38,62,18.4,24.3,21.35,Range,
1201–1500,AGH University of Krakow,Poland,20240,12.7,3.0,35 : 65,18.4â24.3,20.6,18.6,18.7,56.8,25.5,35,65,18.4,24.3,21.35,Range,
1201–1500,Aichi Medical University,Japan,1323,2.9,1.0,57 : 43,18.4â24.3,26.5,12.4,31.6,41.1,18.7,57,43,18.4,24.3,21.35,Range,
1201–1500,Universitas Airlangga,,26142,7.7,2.0,66 : 34,18.4â24.3,23.4,10.5,27.6,38.4,38.5,66,34,18.4,24.3,21.35,Range,
1201–1500,Akdeniz University,Turkey,44434,32.7,3.0,33 : 67,18.4â24.3,15.5,10.8,27.8,38.1,19.7,33,67,18.4,24.3,21.35,Range,
1201–1500,University of Alicante,Spain,22094,14.4,10.0,58 : 42,18.4â24.3,20.3,18.4,23.1,39.3,41.3,58,42,18.4,24.3,21.35,Range,
1201–1500,Anadolu University,Turkey,20815,17.0,3.0,53 : 47,18.4â24.3,23.1,11.3,32.9,40.5,22.9,53,47,18.4,24.3,21.35,Range,
1201–1500,"University of the Andes, Chile",Chile,9405,18.9,3.0,58 : 42,18.4â24.3,17.8,14.3,28.0,40.2,48.1,58,42,18.4,24.3,21.35,Range,
1201–1500,Andhra University,India,9048,13.2,6.0,49 : 51,18.4â24.3,38.4,9.9,21.7,40.3,20.4,49,51,18.4,24.3,21.35,Range,
1201–1500,Universidad Andrés Bello (UNAB),Chile,46325,19.5,4.0,54 : 46,18.4â24.3,14.3,9.4,29.8,37.8,50.4,54,46,18.4,24.3,21.35,Range,
1201–1500,Ankara University,Turkey,71311,15.2,5.0,46 : 54,18.4â24.3,18.8,11.0,25.6,37.7,27.4,46,54,18.4,24.3,21.35,Range,
1201–1500,University of Antioquia,Colombia,38437,21.5,0.0,51 : 49,18.4â24.3,17.2,14.9,25.0,43.3,37.8,51,49,18.4,24.3,21.35,Range,
1201–1500,"Arab Academy for Science, Technology and Maritime Transport",Egypt,32049,13.8,12.0,33 : 67,18.4â24.3,23.3,10.4,24.0,39.8,45.5,33,67,18.4,24.3,21.35,Range,
1201–1500,Arak University,Iran,6379,21.3,6.0,67 : 33,18.4â24.3,17.9,12.9,24.9,37.2,23.5,67,33,18.4,24.3,21.35,Range,
1201–1500,Ariel University,Israel,12418,20.7,0.0,49 : 51,18.4â24.3,15.8,18.9,15.5,40.1,31.4,49,51,18.4,24.3,21.35,Range,
1201–1500,Atatürk University,Turkey,56419,30.2,3.0,51 : 49,18.4â24.3,18.8,14.0,37.2,37.3,20.4,51,49,18.4,24.3,21.35,Range,
1201–1500,Austral University of Chile,Chile,17434,17.5,1.0,53 : 47,18.4â24.3,16.5,14.4,24.0,44.4,51.4,53,47,18.4,24.3,21.35,Range,
1201–1500,Banasthali University,India,10092,17.1,5.0,100 : 0,18.4â24.3,34.7,11.0,26.3,43.2,21.8,100,0,18.4,24.3,21.35,Range,
1201–1500,Bandung Institute of Technology (ITB),Indonesia,20915,13.9,2.0,44 : 56,18.4â24.3,22.6,25.8,15.3,88.8,34.7,44,56,18.4,24.3,21.35,Range,
1201–1500,Bangladesh Agricultural University (BAU),Bangladesh,9918,17.3,1.0,34 : 66,18.4â24.3,17.3,10.2,33.7,40.7,46.3,34,66,18.4,24.3,21.35,Range,
1201–1500,Bangladesh University of Engineering and Technology,Bangladesh,6268,13.0,0.0,22 : 78,18.4â24.3,18.1,13.4,33.0,37.8,25.7,22,78,18.4,24.3,21.35,Range,
1201–1500,University of Benin,Nigeria,47468,25.2,0.0,50 : 50,18.4â24.3,14.7,8.7,28.3,36.9,27.1,50,50,18.4,24.3,21.35,Range,
1201–1500,Bezmiâlem Vakif University,Turkey,2904,9.5,6.0,71 : 29,18.4â24.3,27.7,10.7,27.2,41.0,24.3,71,29,18.4,24.3,21.35,Range,
1201–1500,BINUS University,Indonesia,15331,14.3,4.0,41 : 59,18.4â24.3,17.6,14.3,24.4,43.8,27.0,41,59,18.4,24.3,21.35,Range,
1201–1500,Bozok University,Turkey,14642,16.8,6.0,50 : 50,18.4â24.3,13.8,8.7,30.2,38.4,27.7,50,50,18.4,24.3,21.35,Range,
1201–1500,University of Brasília,Brazil,45737,15.2,1.0,52 : 48,18.4â24.3,27.3,15.8,23.5,49.5,31.2,52,48,18.4,24.3,21.35,Range,
1201–1500,The British University in Egypt,Egypt,11042,16.2,3.0,46 : 54,18.4â24.3,15.1,8.7,41.9,37.1,30.1,46,54,18.4,24.3,21.35,Range,
1201–1500,Brno University of Technology,Czech Republic,18762,16.6,23.0,29 : 71,18.4â24.3,18.6,17.8,17.1,42.7,56.2,29,71,18.4,24.3,21.35,Range,
1201–1500,Bu-Ali Sina University,Iran,10838,23.4,1.0,56 : 44,18.4â24.3,16.5,15.6,29.0,38.4,22.0,56,44,18.4,24.3,21.35,Range,
1201–1500,University of Bucharest,Romania,31267,32.7,2.0,68 : 32,18.4â24.3,24.3,16.8,23.1,37.6,29.4,68,32,18.4,24.3,21.35,Range,
1201–1500,Budapest University of Technology and Economics,Hungary,18728,17.0,12.0,31 : 69,18.4â24.3,19.1,17.5,18.0,43.6,39.1,31,69,18.4,24.3,21.35,Range,
1201–1500,University of Cadiz,Spain,18672,16.8,9.0,56 : 44,18.4â24.3,17.6,16.4,32.6,38.4,39.8,56,44,18.4,24.3,21.35,Range,
1201–1500,Canterbury Christ Church University,United Kingdom,10740,17.8,14.0,69 : 31,18.4â24.3,24.7,12.8,26.4,37.0,47.7,69,31,18.4,24.3,21.35,Range,
1201–1500,University of Carthage,Tunisia,28962,9.9,1.0,67 : 33,18.4â24.3,19.0,9.8,19.1,38.3,44.2,67,33,18.4,24.3,21.35,Range,
1201–1500,The Catholic University of Korea,,9782,7.1,4.0,60 : 40,18.4â24.3,25.1,18.9,24.9,41.2,20.1,60,40,18.4,24.3,21.35,Range,
1201–1500,Catholic University of the North,Chile,11343,20.4,3.0,47 : 53,18.4â24.3,14.3,17.0,27.4,38.2,57.1,47,53,18.4,24.3,21.35,Range,
1201–1500,Chang Gung University of Science and Technology,Taiwan,6326,26.5,1.0,90 : 10,18.4â24.3,13.6,16.1,29.4,47.8,19.3,90,10,18.4,24.3,21.35,Range,
1201–1500,"University of Chemistry and Technology, Prague",Czech Republic,4006,8.0,22.0,58 : 42,18.4â24.3,26.2,13.4,15.8,41.5,51.4,58,42,18.4,24.3,21.35,Range,
1201–1500,University of Chester,United Kingdom,10435,18.0,15.0,68 : 32,18.4â24.3,18.8,12.9,18.7,37.6,56.5,68,32,18.4,24.3,21.35,Range,
1201–1500,Chosun University,South Korea,21073,27.3,3.0,48 : 52,18.4â24.3,17.8,22.2,16.9,81.3,29.6,48,52,18.4,24.3,21.35,Range,
1201–1500,Chungbuk National University,,17219,14.2,5.0,44 : 56,18.4â24.3,20.3,20.2,20.9,42.9,26.6,44,56,18.4,24.3,21.35,Range,
1201–1500,Chungnam National University,South Korea,21244,20.7,4.0,47 : 53,18.4â24.3,26.7,24.6,18.7,46.1,24.3,47,53,18.4,24.3,21.35,Range,
1201–1500,Chung Yuan Christian University,Taiwan,15037,31.3,9.0,46 : 54,18.4â24.3,17.2,21.9,26.6,48.5,42.9,46,54,18.4,24.3,21.35,Range,
1201–1500,Cochin University of Science and Technology,India,3969,16.9,1.0,60 : 40,18.4â24.3,37.8,18.6,12.8,37.4,16.9,60,40,18.4,24.3,21.35,Range,
1201–1500,University of Colorado Colorado Springs,United States,12380,21.2,1.0,55 : 45,18.4â24.3,17.1,12.7,32.9,38.4,24.7,55,45,18.4,24.3,21.35,Range,
1201–1500,University of Concepción,Chile,28112,17.1,2.0,52 : 48,18.4â24.3,16.4,14.0,30.1,49.9,50.7,52,48,18.4,24.3,21.35,Range,
1201–1500,Corvinus University of Budapest,Hungary,11225,21.3,15.0,53 : 47,18.4â24.3,16.0,12.2,23.0,37.2,43.5,53,47,18.4,24.3,21.35,Range,
1201–1500,Czech Technical University in Prague,Czech Republic,16217,8.8,20.0,19 : 81,18.4â24.3,23.2,16.1,15.5,48.4,58.2,19,81,18.4,24.3,21.35,Range,
1201–1500,Damghan University,Iran,4980,28.6,0.0,62 : 38,18.4â24.3,18.1,13.3,25.4,39.1,23.4,62,38,18.4,24.3,21.35,Range,
1201–1500,De La Salle University,,12941,14.9,3.0,50 : 50,18.4â24.3,18.1,13.4,23.6,36.9,25.6,50,50,18.4,24.3,21.35,Range,
1201–1500,Del Rosario University,Colombia,11751,13.2,2.0,59 : 41,18.4â24.3,16.8,11.6,25.3,38.4,48.4,59,41,18.4,24.3,21.35,Range,
1201–1500,Democritus University of Thrace,Greece,22230,37.0,4.0,56 : 44,18.4â24.3,15.2,13.8,36.9,37.9,32.6,56,44,18.4,24.3,21.35,Range,
1201–1500,Dokuz Eylül University,Turkey,56233,17.6,3.0,47 : 53,18.4â24.3,18.4,13.3,20.9,95.8,21.7,47,53,18.4,24.3,21.35,Range,
1201–1500,Ege University,Turkey,33062,18.5,4.0,57 : 43,18.4â24.3,21.8,13.3,19.0,46.7,24.1,57,43,18.4,24.3,21.35,Range,
1201–1500,Ehime University,Japan,9204,13.3,2.0,38 : 62,18.4â24.3,20.7,15.3,21.7,44.0,27.1,38,62,18.4,24.3,21.35,Range,
1201–1500,El Bosque University,Colombia,12721,6.6,0.0,65 : 35,18.4â24.3,20.3,7.8,19.7,37.9,44.1,65,35,18.4,24.3,21.35,Range,
1201–1500,The University of Electro-Communications,Japan,4662,15.4,6.0,12 : 88,18.4â24.3,19.9,21.1,10.5,44.3,32.6,12,88,18.4,24.3,21.35,Range,
1201–1500,Erciyes University,Turkey,50212,36.2,4.0,47 : 53,18.4â24.3,20.0,14.1,23.7,68.9,24.1,47,53,18.4,24.3,21.35,Range,
1201–1500,Escuela Superior Politécnica del Litoral,Ecuador,11549,12.8,1.0,38 : 62,18.4â24.3,16.1,10.2,35.0,37.0,54.3,38,62,18.4,24.3,21.35,Range,
1201–1500,Universidade do Estado do Rio de Janeiro (UERJ),Brazil,22458,9.1,0.0,56 : 44,18.4â24.3,24.9,12.4,17.4,39.9,24.2,56,44,18.4,24.3,21.35,Range,
1201–1500,Universidade Federal do ABC (UFABC),Brazil,16706,22.2,1.0,35 : 65,18.4â24.3,17.6,15.4,32.6,38.1,34.9,35,65,18.4,24.3,21.35,Range,
1201–1500,Universidade Federal da Bahia,Brazil,45692,17.4,0.0,51 : 49,18.4â24.3,24.6,11.1,25.6,37.2,24.6,51,49,18.4,24.3,21.35,Range,
1201–1500,Federal University of Espírito Santo,Brazil,23475,13.4,1.0,54 : 46,18.4â24.3,20.4,12.2,22.5,42.1,24.8,54,46,18.4,24.3,21.35,Range,
1201–1500,Federal University of Goiás,Brazil,25511,13.7,1.0,50 : 50,18.4â24.3,22.5,13.0,19.2,38.8,23.7,50,50,18.4,24.3,21.35,Range,
1201–1500,Federal University of Lavras,Brazil,14637,18.4,1.0,52 : 48,18.4â24.3,24.7,17.1,15.7,54.3,23.1,52,48,18.4,24.3,21.35,Range,
1201–1500,Universidade Federal do Paraná (UFPR),Brazil,33621,13.4,0.0,63 : 37,18.4â24.3,25.4,16.0,15.2,39.1,23.9,63,37,18.4,24.3,21.35,Range,
1201–1500,Federal University of Rio Grande do Norte (UFRN),Brazil,37879,14.7,0.0,40 : 60,18.4â24.3,22.2,10.1,34.0,38.5,27.1,40,60,18.4,24.3,21.35,Range,
1201–1500,Federal University of Santa Maria,Brazil,27242,13.7,1.0,53 : 47,18.4â24.3,22.1,12.1,33.9,37.8,21.5,53,47,18.4,24.3,21.35,Range,
1201–1500,Federal University of São Carlos,Brazil,20314,15.4,1.0,50 : 50,18.4â24.3,28.1,19.0,18.4,42.8,26.1,50,50,18.4,24.3,21.35,Range,
1201–1500,Federal University of Uberlândia,Brazil,25748,13.6,1.0,52 : 48,18.4â24.3,23.0,11.1,34.6,39.4,21.4,52,48,18.4,24.3,21.35,Range,
1201–1500,Federal University of Viçosa,Brazil,16436,13.3,2.0,55 : 45,18.4â24.3,28.3,16.7,15.2,43.7,21.7,55,45,18.4,24.3,21.35,Range,
1201–1500,Federico Santa María Technical University,Chile,22405,30.0,3.0,26 : 74,18.4â24.3,14.0,12.0,27.3,39.4,54.8,26,74,18.4,24.3,21.35,Range,
1201–1500,University of Fort Hare,South Africa,13626,38.4,2.0,57 : 43,18.4â24.3,22.5,12.4,22.5,37.0,43.9,57,43,18.4,24.3,21.35,Range,
1201–1500,University of La Frontera,Chile,11053,22.0,1.0,50 : 50,18.4â24.3,16.0,12.9,28.8,37.1,49.7,50,50,18.4,24.3,21.35,Range,
1201–1500,Fujian Normal University,China,31697,14.2,2.0,,18.4â24.3,17.3,10.5,43.9,39.3,23.5,,,18.4,24.3,21.35,Range,
1201–1500,Université de Gabès,Tunisia,13152,12.8,1.0,75 : 25,18.4â24.3,18.1,9.3,25.7,36.9,42.1,75,25,18.4,24.3,21.35,Range,
1201–1500,Universitas Gadjah Mada,Indonesia,38089,8.1,4.0,55 : 45,18.4â24.3,25.6,17.3,11.3,71.7,36.2,55,45,18.4,24.3,21.35,Range,
1201–1500,Gazi University,Turkey,41358,20.6,3.0,50 : 50,18.4â24.3,27.5,16.2,23.0,92.7,18.9,50,50,18.4,24.3,21.35,Range,
1201–1500,University of Gdańsk,Poland,19970,23.9,2.0,67 : 33,18.4â24.3,18.4,15.5,19.1,38.0,34.7,67,33,18.4,24.3,21.35,Range,
1201–1500,Gdańsk University of Technology,Poland,14816,19.9,5.0,38 : 62,18.4â24.3,17.7,15.1,33.3,45.0,29.9,38,62,18.4,24.3,21.35,Range,
1201–1500,Gebze Technical University,Turkey,8403,22.7,2.0,43 : 57,18.4â24.3,20.5,14.4,22.1,44.1,25.5,43,57,18.4,24.3,21.35,Range,
1201–1500,Georgia Southern University,United States,22885,18.8,3.0,59 : 41,18.4â24.3,21.9,11.4,33.9,39.4,28.0,59,41,18.4,24.3,21.35,Range,
1201–1500,German University in Cairo,Egypt,11937,14.9,1.0,44 : 56,18.4â24.3,15.0,8.8,38.4,36.9,43.0,44,56,18.4,24.3,21.35,Range,
1201–1500,Gifu University,Japan,7216,7.5,5.0,38 : 62,18.4â24.3,25.7,13.0,17.2,42.1,26.1,38,62,18.4,24.3,21.35,Range,
1201–1500,Government College University Lahore,Pakistan,11276,19.4,0.0,42 : 58,18.4â24.3,17.5,11.5,21.0,37.3,43.7,42,58,18.4,24.3,21.35,Range,
1201–1500,Grand Valley State University,United States,20972,15.3,1.0,61 : 39,18.4â24.3,26.7,9.0,19.2,37.0,30.6,61,39,18.4,24.3,21.35,Range,
1201–1500,Gunma University,Japan,6300,7.7,5.0,38 : 62,18.4â24.3,24.2,13.0,17.1,40.7,23.5,38,62,18.4,24.3,21.35,Range,
1201–1500,Gyeongsang National University,,12996,12.3,3.0,47 : 53,18.4â24.3,20.8,17.0,21.2,40.9,26.4,47,53,18.4,24.3,21.35,Range,
1201–1500,Hallym University,South Korea,7947,9.4,4.0,,18.4â24.3,19.8,18.7,18.4,45.1,21.4,,,18.4,24.3,21.35,Range,
1201–1500,Harbin Engineering University,China,29861,18.7,3.0,23 : 77,18.4â24.3,24.6,23.2,18.6,79.3,21.7,23,77,18.4,24.3,21.35,Range,
1201–1500,Hasanuddin University,Indonesia,33601,14.6,1.0,60 : 40,18.4â24.3,18.4,10.9,25.5,44.5,26.4,60,40,18.4,24.3,21.35,Range,
1201–1500,The Hashemite University,,16647,27.9,7.0,61 : 39,18.4â24.3,14.3,13.5,23.7,42.8,54.5,61,39,18.4,24.3,21.35,Range,
1201–1500,Université Hassan II de Casablanca,Morocco,124623,36.0,2.0,52 : 48,18.4â24.3,19.4,8.6,30.3,38.6,24.6,52,48,18.4,24.3,21.35,Range,
1201–1500,Université Polytechnique Hauts-de-France,France,13633,21.2,13.0,46 : 54,18.4â24.3,15.4,8.1,32.6,37.7,76.2,46,54,18.4,24.3,21.35,Range,
1201–1500,Helwan University,Egypt,127379,19.3,2.0,53 : 47,18.4â24.3,15.5,8.3,31.1,37.3,39.7,53,47,18.4,24.3,21.35,Range,
1201–1500,Hosei University,Japan,30300,39.2,4.0,38 : 62,18.4â24.3,16.7,10.0,27.8,38.3,31.8,38,62,18.4,24.3,21.35,Range,
1201–1500,University of Hradec Králové,Czech Republic,6390,12.3,3.0,65 : 35,18.4â24.3,17.0,13.6,30.0,39.3,57.6,65,35,18.4,24.3,21.35,Range,
1201–1500,Hungarian University of Agriculture and Life Sciences,Hungary,10474,10.5,14.0,53 : 47,18.4â24.3,21.1,13.3,21.0,37.7,56.2,53,47,18.4,24.3,21.35,Range,
1201–1500,University of Ilorin,Nigeria,40901,34.8,1.0,48 : 52,18.4â24.3,19.8,10.7,35.8,36.9,33.5,48,52,18.4,24.3,21.35,Range,
1201–1500,Incheon National University,South Korea,13210,17.3,3.0,,18.4â24.3,17.9,14.6,25.2,38.6,29.8,,,18.4,24.3,21.35,Range,
1201–1500,Indian Institute of Science Education and Research Bhopal,India,1724,14.1,0.0,32 : 68,18.4â24.3,27.8,15.8,19.2,36.9,20.2,32,68,18.4,24.3,21.35,Range,
1201–1500,International Hellenic University,Greece,45009,49.0,1.0,54 : 46,18.4â24.3,11.7,10.8,34.4,37.3,31.2,54,46,18.4,24.3,21.35,Range,
1201–1500,IPB University,Indonesia,23580,6.7,3.0,58 : 42,18.4â24.3,26.1,9.7,17.6,53.1,40.4,58,42,18.4,24.3,21.35,Range,
1201–1500,University of Isfahan,Iran,16756,24.7,4.0,61 : 39,18.4â24.3,30.6,17.2,21.9,38.5,27.9,61,39,18.4,24.3,21.35,Range,
1201–1500,Istanbul Medipol University,,24332,20.4,11.0,65 : 35,18.4â24.3,14.1,9.5,28.2,38.0,34.8,65,35,18.4,24.3,21.35,Range,
1201–1500,Ivan Franko National University of Lviv,Ukraine,18357,10.0,1.0,65 : 35,18.4â24.3,20.6,9.5,4.2,37.6,30.9,65,35,18.4,24.3,21.35,Range,
1201–1500,Jawaharlal Nehru Technological University Anantapur (JNTUA),India,5683,16.1,0.0,38 : 62,18.4â24.3,26.0,12.3,34.1,37.3,16.0,38,62,18.4,24.3,21.35,Range,
1201–1500,Jeju National University,,11741,17.6,4.0,52 : 48,18.4â24.3,19.3,15.6,22.4,40.0,23.0,52,48,18.4,24.3,21.35,Range,
1201–1500,Jianghan University,China,19522,15.5,2.0,55 : 45,18.4â24.3,15.2,11.5,40.4,44.4,20.5,55,45,18.4,24.3,21.35,Range,
1201–1500,Kagawa University,Japan,6369,9.9,2.0,42 : 58,18.4â24.3,20.3,12.2,20.8,42.3,28.9,42,58,18.4,24.3,21.35,Range,
1201–1500,Kanazawa Medical University,Japan,1090,2.2,2.0,54 : 46,18.4â24.3,25.7,8.9,18.8,37.9,19.5,54,46,18.4,24.3,21.35,Range,
1201–1500,Kangwon National University,,22104,22.0,3.0,41 : 59,18.4â24.3,20.3,19.4,19.1,39.9,23.1,41,59,18.4,24.3,21.35,Range,
1201–1500,Karabük University,Turkey,47263,41.8,22.0,39 : 61,18.4â24.3,13.1,8.8,37.2,37.2,42.6,39,61,18.4,24.3,21.35,Range,
1201–1500,Kaunas University of Technology,Lithuania,8361,14.2,8.0,34 : 66,18.4â24.3,18.2,15.9,21.3,43.8,44.3,34,66,18.4,24.3,21.35,Range,
1201–1500,Kharazmi University,Iran,12607,19.0,4.0,54 : 46,18.4â24.3,31.3,14.1,19.4,38.0,24.6,54,46,18.4,24.3,21.35,Range,
1201–1500,Khon Kaen University,Thailand,34434,18.1,2.0,59 : 41,18.4â24.3,22.1,14.4,19.2,49.5,32.2,59,41,18.4,24.3,21.35,Range,
1201–1500,Khulna University of Engineering and Technology (KUET),Bangladesh,5562,15.0,0.0,23 : 77,18.4â24.3,14.3,9.2,45.7,37.0,24.3,23,77,18.4,24.3,21.35,Range,
1201–1500,King Mongkut's University of Technology North Bangkok,Thailand,27055,22.8,0.0,43 : 57,18.4â24.3,16.6,10.3,31.5,39.1,23.0,43,57,18.4,24.3,21.35,Range,
1201–1500,Kitasato University,Japan,8605,5.2,1.0,54 : 46,18.4â24.3,23.9,10.1,20.3,41.3,17.9,54,46,18.4,24.3,21.35,Range,
1201–1500,Kochi University of Technology,Japan,2593,20.3,2.0,25 : 75,18.4â24.3,25.2,14.3,10.1,42.0,33.7,25,75,18.4,24.3,21.35,Range,
1201–1500,Universiti Kuala Lumpur,Malaysia,15858,12.3,3.0,41 : 59,18.4â24.3,17.2,9.0,24.1,40.1,38.3,41,59,18.4,24.3,21.35,Range,
1201–1500,Kyushu Institute of Technology (Kyutech),Japan,5646,16.0,5.0,14 : 86,18.4â24.3,20.2,14.1,25.1,53.5,36.2,14,86,18.4,24.3,21.35,Range,
1201–1500,Lahore College for Women University (LCWU),Pakistan,10457,17.7,0.0,100 : 0,18.4â24.3,22.8,8.8,27.5,36.9,28.7,100,0,18.4,24.3,21.35,Range,
1201–1500,University of Lethbridge,Canada,7172,13.3,11.0,,18.4â24.3,17.0,13.7,20.5,37.0,57.1,,,18.4,24.3,21.35,Range,
1201–1500,L.N. Gumilyov Eurasian National University,Kazakhstan,19358,14.1,4.0,57 : 43,18.4â24.3,18.1,10.9,24.4,37.0,53.3,57,43,18.4,24.3,21.35,Range,
1201–1500,Londrina State University,Brazil,21180,11.2,1.0,58 : 42,18.4â24.3,23.1,14.9,15.9,45.5,21.1,58,42,18.4,24.3,21.35,Range,
1201–1500,University of Lucknow,India,17291,39.2,0.0,50 : 50,18.4â24.3,30.3,10.3,20.7,37.4,18.1,50,50,18.4,24.3,21.35,Range,
1201–1500,"Lumière University, Lyon 2",France,25186,47.2,18.0,68 : 32,18.4â24.3,22.4,18.4,8.7,37.3,61.0,68,32,18.4,24.3,21.35,Range,
1201–1500,University of Malaga,Spain,35888,13.8,6.0,54 : 46,18.4â24.3,17.2,14.6,30.8,39.8,39.1,54,46,18.4,24.3,21.35,Range,
1201–1500,Universiti Malaysia Kelantan,Malaysia,8787,20.1,3.0,71 : 29,18.4â24.3,14.7,11.6,23.9,39.4,33.5,71,29,18.4,24.3,21.35,Range,
1201–1500,Universiti Malaysia Sarawak (UNIMAS),,13956,17.9,7.0,73 : 27,18.4â24.3,22.9,11.8,16.2,37.9,45.7,73,27,18.4,24.3,21.35,Range,
1201–1500,University of Maribor,Slovenia,12403,14.3,10.0,53 : 47,18.4â24.3,17.2,17.4,28.3,42.5,43.5,53,47,18.4,24.3,21.35,Range,
1201–1500,Marmara University,Turkey,62414,30.6,6.0,51 : 49,18.4â24.3,18.3,10.0,24.1,40.4,26.3,51,49,18.4,24.3,21.35,Range,
1201–1500,Mendel University in Brno,Czech Republic,8886,16.5,20.0,57 : 43,18.4â24.3,19.0,17.6,18.1,37.7,55.7,57,43,18.4,24.3,21.35,Range,
1201–1500,Metropolitan Autonomous University,Mexico,59709,21.1,1.0,50 : 50,18.4â24.3,17.3,17.5,31.6,38.1,25.8,50,50,18.4,24.3,21.35,Range,
1201–1500,Mie University,Japan,7125,8.4,4.0,38 : 62,18.4â24.3,22.4,12.7,19.0,44.9,23.8,38,62,18.4,24.3,21.35,Range,
1201–1500,Ming Chi University of Technology,Taiwan,4514,19.5,2.0,26 : 74,18.4â24.3,16.4,19.8,29.4,53.3,25.6,26,74,18.4,24.3,21.35,Range,
1201–1500,Mohammed V University of Rabat,Morocco,88644,43.3,3.0,52 : 48,18.4â24.3,30.4,13.3,17.4,45.4,27.9,52,48,18.4,24.3,21.35,Range,
1201–1500,University of Monastir,Tunisia,19203,9.6,2.0,70 : 30,18.4â24.3,19.6,10.0,26.5,36.9,45.1,70,30,18.4,24.3,21.35,Range,
1201–1500,Multimedia University,Malaysia,7116,10.6,11.0,51 : 49,18.4â24.3,19.5,10.7,25.6,38.5,42.1,51,49,18.4,24.3,21.35,Range,
1201–1500,University of Mumbai,India,13330,23.5,1.0,51 : 49,18.4â24.3,29.6,19.9,16.1,38.0,16.7,51,49,18.4,24.3,21.35,Range,
1201–1500,University of Mysore,India,7970,21.4,10.0,42 : 58,18.4â24.3,31.3,8.6,20.8,37.3,34.5,42,58,18.4,24.3,21.35,Range,
1201–1500,Nagaoka University of Technology,Japan,2189,11.1,12.0,10 : 90,18.4â24.3,25.0,15.7,9.1,47.3,36.5,10,90,18.4,24.3,21.35,Range,
1201–1500,Nagasaki University,Japan,8869,6.7,6.0,39 : 61,18.4â24.3,24.2,13.0,22.1,43.9,36.1,39,61,18.4,24.3,21.35,Range,
1201–1500,Nagoya City University,Japan,4514,7.5,4.0,48 : 52,18.4â24.3,24.5,15.8,24.1,51.2,21.7,48,52,18.4,24.3,21.35,Range,
1201–1500,National Chengchi University,Taiwan,12489,14.8,13.0,57 : 43,18.4â24.3,23.9,28.3,11.0,44.4,47.6,57,43,18.4,24.3,21.35,Range,
1201–1500,National Chin-Yi University of Technology,Taiwan,7294,23.2,5.0,30 : 70,18.4â24.3,15.2,23.6,13.6,46.4,24.1,30,70,18.4,24.3,21.35,Range,
1201–1500,National Chung Cheng University,,8650,15.4,4.0,44 : 56,18.4â24.3,20.4,18.7,13.3,43.2,24.9,44,56,18.4,24.3,21.35,Range,
1201–1500,National Chung Hsing University,Taiwan,15150,16.8,7.0,41 : 59,18.4â24.3,21.5,21.0,17.2,51.3,31.8,41,59,18.4,24.3,21.35,Range,
1201–1500,National University of Distance Education (UNED),Spain,66141,56.9,5.0,54 : 46,18.4â24.3,17.8,18.5,21.9,38.2,29.5,54,46,18.4,24.3,21.35,Range,
1201–1500,National Dong Hwa University,,10008,17.8,8.0,52 : 48,18.4â24.3,17.3,21.7,22.9,40.9,45.7,52,48,18.4,24.3,21.35,Range,
1201–1500,National University of San Martín,Argentina,16276,16.1,5.0,60 : 40,18.4â24.3,18.2,10.4,28.6,37.6,40.8,60,40,18.4,24.3,21.35,Range,
1201–1500,National Technical University Kharkiv Polytechnic Institute,Ukraine,11413,7.9,13.0,32 : 68,18.4â24.3,20.8,9.1,15.8,38.2,30.0,32,68,18.4,24.3,21.35,Range,
1201–1500,National Technical University of Ukraine – Igor Sikorsky Kyiv Polytechnic Institute,Ukraine,21170,8.0,3.0,30 : 70,18.4â24.3,21.2,10.0,27.8,37.7,21.2,30,70,18.4,24.3,21.35,Range,
1201–1500,Nicolaus Copernicus University in Toruń,Poland,19684,13.0,4.0,67 : 33,18.4â24.3,19.3,19.0,30.3,38.3,30.5,67,33,18.4,24.3,21.35,Range,
1201–1500,University of Nigeria Nsukka,Nigeria,43108,11.4,1.0,46 : 54,18.4â24.3,25.0,10.2,32.2,37.6,30.0,46,54,18.4,24.3,21.35,Range,
1201–1500,Slovak University of Agriculture in Nitra,Slovakia,4870,11.3,3.0,52 : 48,18.4â24.3,19.8,12.5,20.4,38.3,48.3,52,48,18.4,24.3,21.35,Range,
1201–1500,University of North Carolina Wilmington,United States,15940,19.1,2.0,64 : 36,18.4â24.3,18.5,8.1,32.4,37.3,30.0,64,36,18.4,24.3,21.35,Range,
1201–1500,North China Electric Power University,China,37861,19.1,3.0,36 : 64,18.4â24.3,18.5,19.9,29.3,66.8,18.7,36,64,18.4,24.3,21.35,Range,
1201–1500,"University of the North, Colombia",Colombia,13991,19.0,1.0,51 : 49,18.4â24.3,17.3,12.5,21.1,39.8,51.6,51,49,18.4,24.3,21.35,Range,
1201–1500,Obafemi Awolowo University,Nigeria,29939,23.3,0.0,41 : 59,18.4â24.3,19.6,12.3,26.1,36.9,33.9,41,59,18.4,24.3,21.35,Range,
1201–1500,Oles Honchar Dnipro National University,Ukraine,9522,12.1,1.0,60 : 40,18.4â24.3,17.3,8.6,3.9,37.2,20.9,60,40,18.4,24.3,21.35,Range,
1201–1500,Opole University of Technology,Poland,5604,14.5,7.0,33 : 67,18.4â24.3,16.2,13.0,24.9,37.8,29.3,33,67,18.4,24.3,21.35,Range,
1201–1500,Oran 1 University,Algeria,25775,19.2,1.0,66 : 34,18.4â24.3,30.4,8.3,22.2,37.6,39.5,66,34,18.4,24.3,21.35,Range,
1201–1500,Osaka Metropolitan University,Japan,15827,11.5,5.0,37 : 63,18.4â24.3,23.7,17.0,17.8,47.3,24.2,37,63,18.4,24.3,21.35,Range,
1201–1500,Osmania University,India,10814,23.7,3.0,32 : 68,18.4â24.3,32.4,13.9,16.8,40.7,18.1,32,68,18.4,24.3,21.35,Range,
1201–1500,University of Ostrava,Czech Republic,8492,16.4,11.0,69 : 31,18.4â24.3,18.5,15.1,16.2,37.1,46.0,69,31,18.4,24.3,21.35,Range,
1201–1500,University of Pannonia,Hungary,5351,17.3,6.0,49 : 51,18.4â24.3,18.0,14.6,17.5,39.1,39.5,49,51,18.4,24.3,21.35,Range,
1201–1500,Paris Nanterre University,France,34972,37.4,17.0,63 : 37,18.4â24.3,24.8,21.0,14.0,37.1,55.1,63,37,18.4,24.3,21.35,Range,
1201–1500,University of Pau and Pays de l’Adour,France,14186,14.5,14.0,52 : 48,18.4â24.3,18.5,11.3,23.9,41.6,71.6,52,48,18.4,24.3,21.35,Range,
1201–1500,Universitas Pendidikan Indonesia,Indonesia,32320,20.1,1.0,64 : 36,18.4â24.3,20.0,10.7,26.0,37.4,18.4,64,36,18.4,24.3,21.35,Range,
1201–1500,Persian Gulf University,Iran,5070,21.3,3.0,55 : 45,18.4â24.3,15.7,13.4,38.6,48.5,28.3,55,45,18.4,24.3,21.35,Range,
1201–1500,Pontifical Catholic University of Peru,Peru,25644,7.8,1.0,46 : 54,18.4â24.3,20.7,10.0,28.9,37.8,43.1,46,54,18.4,24.3,21.35,Range,
1201–1500,Pontifical Catholic University of Valparaíso,Chile,17703,26.6,1.0,43 : 57,18.4â24.3,16.6,18.1,21.4,47.4,50.0,43,57,18.4,24.3,21.35,Range,
1201–1500,Pontifícia Universidade Católica do Paraná,Brazil,12301,14.7,1.0,55 : 45,18.4â24.3,23.2,13.5,34.2,39.3,26.7,55,45,18.4,24.3,21.35,Range,
1201–1500,Poznan University of Medical Sciences,Poland,7495,6.0,14.0,72 : 28,18.4â24.3,22.1,12.2,30.7,46.7,35.3,72,28,18.4,24.3,21.35,Range,
1201–1500,Poznan University of Technology,Poland,14502,11.6,4.0,33 : 67,18.4â24.3,18.9,12.7,26.6,40.0,22.2,33,67,18.4,24.3,21.35,Range,
1201–1500,University of Primorska,Slovenia,6089,16.6,15.0,76 : 24,18.4â24.3,15.8,14.2,16.3,38.1,68.0,76,24,18.4,24.3,21.35,Range,
1201–1500,Prince of Songkla University,Thailand,32779,13.0,2.0,70 : 30,18.4â24.3,18.8,13.6,18.9,51.2,33.1,70,30,18.4,24.3,21.35,Range,
1201–1500,Qassim University,,42159,10.2,6.0,62 : 38,18.4â24.3,20.1,8.7,26.4,40.2,76.7,62,38,18.4,24.3,21.35,Range,
1201–1500,Riga Technical University,Latvia,10745,33.4,21.0,33 : 67,18.4â24.3,22.7,22.0,14.8,62.6,60.9,33,67,18.4,24.3,21.35,Range,
1201–1500,Ritsumeikan University,Japan,34906,17.3,10.0,37 : 63,18.4â24.3,18.9,13.0,16.9,39.3,40.1,37,63,18.4,24.3,21.35,Range,
1201–1500,University of the Ryukyus,Japan,7534,9.9,2.0,39 : 61,18.4â24.3,20.7,12.6,16.9,45.4,33.2,39,61,18.4,24.3,21.35,Range,
1201–1500,Saga University,Japan,6577,9.9,3.0,41 : 59,18.4â24.3,22.4,12.7,17.3,49.1,23.6,41,59,18.4,24.3,21.35,Range,
1201–1500,Université Saint-Joseph de Beyrouth,Lebanon,7906,11.3,6.0,62 : 38,18.4â24.3,21.9,10.1,18.7,40.1,69.2,62,38,18.4,24.3,21.35,Range,
1201–1500,Saitama Medical University,Japan,1908,1.4,0.0,51 : 49,18.4â24.3,23.7,9.0,38.7,40.3,16.2,51,49,18.4,24.3,21.35,Range,
1201–1500,"University of Santiago, Chile (USACH)",Chile,23419,22.5,2.0,44 : 56,18.4â24.3,16.6,16.1,14.6,37.6,46.6,44,56,18.4,24.3,21.35,Range,
1201–1500,Sapporo Medical University,Japan,1299,3.2,0.0,45 : 55,18.4â24.3,25.4,11.3,25.5,41.0,15.9,45,55,18.4,24.3,21.35,Range,
1201–1500,SASTRA University,India,9945,13.8,1.0,45 : 55,18.4â24.3,17.7,10.4,43.2,44.6,19.4,45,55,18.4,24.3,21.35,Range,
1201–1500,Sathyabama Institute of Science and Technology,,12971,12.1,5.0,48 : 52,18.4â24.3,22.7,9.9,24.7,37.5,23.8,48,52,18.4,24.3,21.35,Range,
1201–1500,Universitas Sebelas Maret,Indonesia,28398,18.3,1.0,64 : 36,18.4â24.3,17.9,17.3,23.6,70.8,25.8,64,36,18.4,24.3,21.35,Range,
1201–1500,Selçuk University,Turkey,36084,19.6,7.0,55 : 45,18.4â24.3,17.9,13.0,32.5,78.0,28.6,55,45,18.4,24.3,21.35,Range,
1201–1500,Semnan University,Iran,15415,13.7,1.0,50 : 50,18.4â24.3,17.9,11.1,40.7,37.4,19.6,50,50,18.4,24.3,21.35,Range,
1201–1500,University of Seoul,South Korea,9759,17.5,4.0,40 : 60,18.4â24.3,22.6,21.1,26.1,40.9,26.4,40,60,18.4,24.3,21.35,Range,
1201–1500,Seoul National University of Science and Technology (SeoulTech),South Korea,9526,14.9,8.0,36 : 64,18.4â24.3,23.2,17.7,17.0,43.0,26.1,36,64,18.4,24.3,21.35,Range,
1201–1500,University of Sfax,Tunisia,29118,12.9,2.0,68 : 32,18.4â24.3,25.2,14.0,22.6,37.3,43.6,68,32,18.4,24.3,21.35,Range,
1201–1500,Shahed University,Iran,5501,16.8,0.0,48 : 52,18.4â24.3,27.3,14.2,17.6,40.8,16.2,48,52,18.4,24.3,21.35,Range,
1201–1500,Shahid Bahonar University of Kerman,Iran,14509,23.8,1.0,60 : 40,18.4â24.3,19.8,13.7,29.7,43.0,21.5,60,40,18.4,24.3,21.35,Range,
1201–1500,​Shahid Chamran University of Ahvaz,Iran,15096,25.6,4.0,58 : 42,18.4â24.3,22.1,17.2,22.5,79.3,22.3,58,42,18.4,24.3,21.35,Range,
1201–1500,Shahid Rajaee Teacher Training University,Iran,9060,38.1,0.0,31 : 69,18.4â24.3,17.4,15.0,26.3,46.3,23.8,31,69,18.4,24.3,21.35,Range,
1201–1500,University of Shanghai for Science and Technology,China,25884,9.7,2.0,41 : 59,18.4â24.3,18.9,10.5,26.7,50.4,21.8,41,59,18.4,24.3,21.35,Range,
1201–1500,Shibaura Institute of Technology,Japan,9007,27.9,6.0,18 : 82,18.4â24.3,19.1,17.4,11.8,42.6,38.8,18,82,18.4,24.3,21.35,Range,
1201–1500,Shiga University of Medical Science,Japan,1160,3.1,3.0,49 : 51,18.4â24.3,27.3,11.3,29.4,44.8,21.6,49,51,18.4,24.3,21.35,Range,
1201–1500,Shinshu University,Japan,10603,10.4,3.0,32 : 68,18.4â24.3,21.5,14.9,24.3,42.4,27.1,32,68,18.4,24.3,21.35,Range,
1201–1500,Showa University,Japan,3662,1.6,0.0,60 : 40,18.4â24.3,29.5,9.0,30.5,39.0,17.7,60,40,18.4,24.3,21.35,Range,
1201–1500,Silesian University of Technology,Poland,18396,12.4,4.0,32 : 68,18.4â24.3,18.0,14.2,22.2,40.2,21.7,32,68,18.4,24.3,21.35,Range,
1201–1500,Sofia University,Bulgaria,22490,6.5,6.0,65 : 35,18.4â24.3,25.0,11.1,16.4,37.8,39.0,65,35,18.4,24.3,21.35,Range,
1201–1500,Soonchunhyang University,South Korea,11543,19.2,4.0,49 : 51,18.4â24.3,17.8,19.4,24.1,38.2,28.5,49,51,18.4,24.3,21.35,Range,
1201–1500,Soongsil University,South Korea,16142,19.8,10.0,47 : 53,18.4â24.3,24.4,12.5,13.4,38.5,30.9,47,53,18.4,24.3,21.35,Range,
1201–1500,Université Sorbonne Nouvelle,France,16698,24.0,29.0,77 : 23,18.4â24.3,31.7,12.0,7.4,36.9,72.1,77,23,18.4,24.3,21.35,Range,
1201–1500,University of Sousse,Tunisia,25602,13.4,2.0,68 : 32,18.4â24.3,23.4,9.4,24.1,36.9,40.1,68,32,18.4,24.3,21.35,Range,
1201–1500,Southwest Jiaotong University,,46881,17.4,1.0,34 : 66,18.4â24.3,18.7,21.1,30.1,44.4,20.6,34,66,18.4,24.3,21.35,Range,
1201–1500,Sri Venkateswara University,India,7248,14.6,0.0,45 : 55,18.4â24.3,36.6,10.4,21.4,37.3,23.6,45,55,18.4,24.3,21.35,Range,
1201–1500,SRM Institute of Science and Technology,India,50680,15.1,2.0,28 : 72,18.4â24.3,18.6,10.4,34.4,37.2,20.9,28,72,18.4,24.3,21.35,Range,
1201–1500,Staffordshire University,United Kingdom,10050,17.5,13.0,49 : 51,18.4â24.3,17.7,11.4,33.8,37.0,56.4,49,51,18.4,24.3,21.35,Range,
1201–1500,State University of Malang,Indonesia,36741,35.6,4.0,61 : 39,18.4â24.3,19.4,10.5,35.8,36.9,23.2,61,39,18.4,24.3,21.35,Range,
1201–1500,Suranaree University of Technology,Thailand,15505,30.4,2.0,56 : 44,18.4â24.3,20.2,15.9,18.1,68.3,32.2,56,44,18.4,24.3,21.35,Range,
1201–1500,University of Talca,Chile,11372,12.5,1.0,51 : 49,18.4â24.3,17.0,11.9,25.3,38.3,52.3,51,49,18.4,24.3,21.35,Range,
1201–1500,Tamkang University,Taiwan,23207,22.9,7.0,48 : 52,18.4â24.3,15.8,12.7,23.7,38.6,39.9,48,52,18.4,24.3,21.35,Range,
1201–1500,University of Tarapacá,Chile,9758,30.2,3.0,54 : 46,18.4â24.3,14.7,18.2,23.6,37.2,52.6,54,46,18.4,24.3,21.35,Range,
1201–1500,Taras Shevchenko National University of Kyiv,Ukraine,23857,10.0,5.0,57 : 43,18.4â24.3,23.6,12.9,10.8,37.5,30.4,57,43,18.4,24.3,21.35,Range,
1201–1500,Technical University of Košice,Slovakia,9348,12.3,20.0,27 : 73,18.4â24.3,21.3,15.8,12.5,40.4,44.8,27,73,18.4,24.3,21.35,Range,
1201–1500,Technological University of Pereira,Colombia,17968,18.4,0.0,43 : 57,18.4â24.3,14.8,7.8,31.4,38.0,31.5,43,57,18.4,24.3,21.35,Range,
1201–1500,University of Technology of Compiègne,France,4269,15.9,21.0,38 : 62,18.4â24.3,22.5,10.8,20.2,41.4,81.1,38,62,18.4,24.3,21.35,Range,
1201–1500,University of Technology of Troyes,France,3189,19.4,23.0,24 : 76,18.4â24.3,23.5,11.0,22.3,42.0,69.4,24,76,18.4,24.3,21.35,Range,
1201–1500,Teikyo University,Japan,22937,15.9,5.0,36 : 64,18.4â24.3,15.7,11.1,44.9,38.7,22.7,36,64,18.4,24.3,21.35,Range,
1201–1500,Universiti Teknikal Malaysia Melaka,Malaysia,11716,16.3,7.0,40 : 60,18.4â24.3,16.1,11.4,22.0,37.5,39.4,40,60,18.4,24.3,21.35,Range,
1201–1500,Institut Teknologi Sepuluh Nopember,Indonesia,17893,10.6,3.0,40 : 60,18.4â24.3,19.5,12.3,17.3,49.1,41.6,40,60,18.4,24.3,21.35,Range,
1201–1500,Texas State University,United States,31639,19.3,1.0,59 : 41,18.4â24.3,19.1,16.2,31.1,39.8,35.0,59,41,18.4,24.3,21.35,Range,
1201–1500,Tezpur University,India,4028,15.0,1.0,41 : 59,18.4â24.3,27.5,18.1,22.1,37.9,16.0,41,59,18.4,24.3,21.35,Range,
1201–1500,Thammasat University,,30995,11.7,1.0,64 : 36,18.4â24.3,21.9,17.0,11.9,43.6,33.0,64,36,18.4,24.3,21.35,Range,
1201–1500,The John Paul II Catholic University of Lublin,Poland,10070,10.7,9.0,62 : 38,18.4â24.3,25.9,12.0,30.4,37.1,30.8,62,38,18.4,24.3,21.35,Range,
1201–1500,TOBB University of Economics and Technology,Turkey,4822,12.8,1.0,47 : 53,18.4â24.3,19.0,11.4,30.3,39.0,27.6,47,53,18.4,24.3,21.35,Range,
1201–1500,Toho University,Japan,5421,13.4,0.0,53 : 47,18.4â24.3,21.0,15.0,22.4,41.9,19.3,53,47,18.4,24.3,21.35,Range,
1201–1500,Tokai University,Japan,28334,15.8,4.0,27 : 73,18.4â24.3,16.7,11.0,26.2,37.0,26.4,27,73,18.4,24.3,21.35,Range,
1201–1500,Tokat Gaziosmanpaşa University,Turkey,19358,14.6,11.0,50 : 50,18.4â24.3,15.7,8.0,30.5,37.3,28.5,50,50,18.4,24.3,21.35,Range,
1201–1500,Tokushima University,Japan,7508,9.6,3.0,36 : 64,18.4â24.3,23.7,22.8,12.4,62.0,24.4,36,64,18.4,24.3,21.35,Range,
1201–1500,Tokyo University of Agriculture and Technology,Japan,5686,15.2,6.0,32 : 68,18.4â24.3,27.6,25.2,12.0,53.0,31.2,32,68,18.4,24.3,21.35,Range,
1201–1500,Tokyo University of Marine Science and Technology,Japan,2595,10.5,8.0,33 : 67,18.4â24.3,24.6,15.1,14.3,48.2,36.8,33,67,18.4,24.3,21.35,Range,
1201–1500,Tokyo University of Science,Japan,18091,24.3,3.0,25 : 75,18.4â24.3,22.3,24.4,11.3,47.2,24.5,25,75,18.4,24.3,21.35,Range,
1201–1500,Tomas Bata University in Zlín,Czech Republic,9129,19.6,10.0,56 : 44,18.4â24.3,16.9,19.4,16.8,40.2,49.1,56,44,18.4,24.3,21.35,Range,
1201–1500,University of Toyama,Japan,8988,12.0,3.0,39 : 61,18.4â24.3,22.2,15.0,25.4,47.6,29.3,39,61,18.4,24.3,21.35,Range,
1201–1500,Toyohashi University of Technology (TUT),Japan,2033,10.6,14.0,12 : 88,18.4â24.3,22.6,21.3,11.7,56.6,36.8,12,88,18.4,24.3,21.35,Range,
1201–1500,Transilvania University of Brașov,Romania,19351,18.0,1.0,52 : 48,18.4â24.3,15.0,10.4,34.3,37.4,29.5,52,48,18.4,24.3,21.35,Range,
1201–1500,Tshwane University of Technology,South Africa,45862,39.6,2.0,53 : 47,18.4â24.3,16.2,12.5,35.8,42.0,44.6,53,47,18.4,24.3,21.35,Range,
1201–1500,Tunghai University,Taiwan,15160,20.3,10.0,55 : 45,18.4â24.3,16.4,12.4,24.7,41.2,41.6,55,45,18.4,24.3,21.35,Range,
1201–1500,University of Tunis El Manar,Tunisia,26825,11.1,2.0,70 : 30,18.4â24.3,28.8,13.7,19.5,38.2,43.7,70,30,18.4,24.3,21.35,Range,
1201–1500,Tzu Chi University,Taiwan,3373,9.8,10.0,62 : 38,18.4â24.3,19.8,24.2,9.4,78.0,27.2,62,38,18.4,24.3,21.35,Range,
1201–1500,UNIR – International University of La Rioja,Spain,27135,26.7,41.0,62 : 38,18.4â24.3,13.0,11.9,28.2,37.0,58.1,62,38,18.4,24.3,21.35,Range,
1201–1500,Unisinos University,Brazil,9529,18.2,0.0,61 : 39,18.4â24.3,23.6,14.6,14.7,40.3,24.8,61,39,18.4,24.3,21.35,Range,
1201–1500,Université Chouaïb Doukkali,Morocco,21654,33.6,2.0,55 : 45,18.4â24.3,14.4,10.3,29.9,38.5,25.4,55,45,18.4,24.3,21.35,Range,
1201–1500,Universiti Malaysia Terengganu (UMT),Malaysia,9510,15.7,5.0,70 : 30,18.4â24.3,17.8,16.7,27.9,40.7,41.8,70,30,18.4,24.3,21.35,Range,
1201–1500,Universiti Tun Hussein Onn Malaysia (UTHM),Malaysia,15498,16.4,6.0,47 : 53,18.4â24.3,19.8,15.9,22.5,37.3,39.6,47,53,18.4,24.3,21.35,Range,
1201–1500,USAMV Cluj-Napoca,Romania,5643,18.5,7.0,52 : 48,18.4â24.3,16.8,9.1,40.1,38.4,38.9,52,48,18.4,24.3,21.35,Range,
1201–1500,University of Valladolid,Spain,21780,11.2,8.0,57 : 43,18.4â24.3,19.9,13.2,28.9,39.7,38.4,57,43,18.4,24.3,21.35,Range,
1201–1500,Veltech University,India,8568,13.6,2.0,15 : 85,18.4â24.3,16.6,8.6,46.8,37.9,22.9,15,85,18.4,24.3,21.35,Range,
1201–1500,University of Venda,South Africa,11407,27.8,1.0,60 : 40,18.4â24.3,20.3,28.5,9.5,41.3,43.8,60,40,18.4,24.3,21.35,Range,
1201–1500,"Vignan’s Foundation for Science, Technology and Research",India,7072,11.7,1.0,47 : 53,18.4â24.3,17.9,7.8,31.3,37.4,16.4,47,53,18.4,24.3,21.35,Range,
1201–1500,Vilnius Gediminas Technical University (Vilnius Tech),Lithuania,8322,13.0,11.0,32 : 68,18.4â24.3,18.0,14.7,32.1,43.2,47.7,32,68,18.4,24.3,21.35,Range,
1201–1500,"Visvesvaraya National Institute of Technology, Nagpur",India,4882,16.6,3.0,22 : 78,18.4â24.3,20.8,13.5,30.0,46.9,17.0,22,78,18.4,24.3,21.35,Range,
1201–1500,V.N. Karazin Kharkiv National University,Ukraine,17080,8.5,26.0,55 : 45,18.4â24.3,21.5,10.5,4.6,37.1,45.5,55,45,18.4,24.3,21.35,Range,
1201–1500,Vytautas Magnus University,Lithuania,7765,11.3,14.0,61 : 39,18.4â24.3,18.3,12.4,15.5,37.0,67.7,61,39,18.4,24.3,21.35,Range,
1201–1500,Warsaw University of Life Sciences – SGGW,Poland,15736,13.6,6.0,59 : 41,18.4â24.3,16.2,11.5,28.6,42.1,28.2,59,41,18.4,24.3,21.35,Range,
1201–1500,Warsaw University of Technology,Poland,25021,18.9,7.0,34 : 66,18.4â24.3,18.4,17.6,15.8,41.0,28.6,34,66,18.4,24.3,21.35,Range,
1201–1500,University of West Bohemia,Czech Republic,11054,14.7,4.0,54 : 46,18.4â24.3,18.5,16.0,30.7,40.3,31.6,54,46,18.4,24.3,21.35,Range,
1201–1500,University of Western Macedonia,Greece,7891,33.6,1.0,50 : 50,18.4â24.3,17.8,15.4,26.4,37.7,28.9,50,50,18.4,24.3,21.35,Range,
1201–1500,Western Michigan University,United States,17612,19.9,8.0,52 : 48,18.4â24.3,22.7,15.2,24.7,37.3,36.0,52,48,18.4,24.3,21.35,Range,
1201–1500,Wrocław University of Environmental and Life Sciences,Poland,7351,17.1,4.0,68 : 32,18.4â24.3,16.7,12.7,23.0,39.0,26.3,68,32,18.4,24.3,21.35,Range,
1201–1500,University of Wrocław,Poland,19501,16.4,7.0,67 : 33,18.4â24.3,21.0,24.0,20.1,37.4,41.0,67,33,18.4,24.3,21.35,Range,
1201–1500,Wuhan Textile University,China,22221,16.0,1.0,55 : 45,18.4â24.3,13.7,10.0,33.8,38.3,18.6,55,45,18.4,24.3,21.35,Range,
1201–1500,Xiangtan University,China,32981,21.9,1.0,51 : 49,18.4â24.3,17.1,14.3,39.2,41.1,19.3,51,49,18.4,24.3,21.35,Range,
1201–1500,Xuzhou Medical University,China,13796,20.3,3.0,,18.4â24.3,14.7,14.2,25.6,37.3,18.2,,,18.4,24.3,21.35,Range,
1201–1500,Yamagata University,Japan,8684,8.8,2.0,34 : 66,18.4â24.3,22.3,13.4,27.4,53.5,26.8,34,66,18.4,24.3,21.35,Range,
1201–1500,University of Yamanashi,Japan,4604,6.1,5.0,30 : 70,18.4â24.3,24.6,12.3,23.0,39.4,24.3,30,70,18.4,24.3,21.35,Range,
1201–1500,Yazd University,Iran,14448,30.3,2.0,56 : 44,18.4â24.3,19.3,14.8,28.1,37.2,28.3,56,44,18.4,24.3,21.35,Range,
1201–1500,Yokohama National University,Japan,9723,13.1,8.0,29 : 71,18.4â24.3,21.7,20.4,11.5,52.7,30.8,29,71,18.4,24.3,21.35,Range,
1201–1500,Yuan Ze University,Taiwan,7339,24.3,6.0,43 : 57,18.4â24.3,18.2,21.7,16.7,55.8,35.8,43,57,18.4,24.3,21.35,Range,
1201–1500,Yuriy Fedkovych Chernivtsi National University,Ukraine,11353,10.9,1.0,56 : 44,18.4â24.3,17.6,8.9,7.1,37.0,24.8,56,44,18.4,24.3,21.35,Range,
1201–1500,University of Zagreb,Croatia,65436,16.6,4.0,60 : 40,18.4â24.3,20.1,14.9,30.3,45.6,34.8,60,40,18.4,24.3,21.35,Range,
1201–1500,University of Zanjan,Iran,9611,23.5,0.0,53 : 47,18.4â24.3,15.9,12.1,31.8,40.3,23.6,53,47,18.4,24.3,21.35,Range,
1201–1500,Zanjan University of Medical Sciences,Iran,4698,10.9,1.0,56 : 44,18.4â24.3,21.9,9.5,30.4,37.7,18.0,56,44,18.4,24.3,21.35,Range,
1501+,University of Abou Bekr Belkaïd Tlemcen,Algeria,40203,20.2,1.0,68 : 32,10.4â18.3,22.7,8.8,10.6,37.0,34.9,68,32,10.4,18.3,14.350000000000001,Range_1501_plus,
1501+,Akita University,Japan,5016,10.5,4.0,36 : 64,10.4â18.3,21.1,11.7,13.4,40.8,24.1,36,64,10.4,18.3,14.350000000000001,Range_1501_plus,
1501+,Aksaray University,Turkey,21377,25.7,8.0,48 : 52,10.4â18.3,12.7,8.5,22.2,37.2,24.8,48,52,10.4,18.3,14.350000000000001,Range_1501_plus,
1501+,Alexandru Ioan Cuza University,Romania,24847,22.1,7.0,57 : 43,10.4â18.3,16.7,11.7,13.3,37.0,35.7,57,43,10.4,18.3,14.350000000000001,Range_1501_plus,
1501+,Alzahra University,Iran,10128,23.6,2.0,100 : 0,10.4â18.3,20.0,11.6,13.4,38.0,28.8,100,0,10.4,18.3,14.350000000000001,Range_1501_plus,
1501+,"University of the Andes, Venezuela",Venezuela,24372,11.7,2.0,61 : 39,10.4â18.3,15.9,7.8,8.9,36.9,48.1,61,39,10.4,18.3,14.350000000000001,Range_1501_plus,
1501+,Annamalai University,India,15770,11.5,1.0,55 : 45,10.4â18.3,27.9,9.6,11.8,37.5,17.5,55,45,10.4,18.3,14.350000000000001,Range_1501_plus,
1501+,Aoyama Gakuin University,Japan,19348,11.7,3.0,50 : 50,10.4â18.3,17.0,8.5,9.7,37.5,30.6,50,50,10.4,18.3,14.350000000000001,Range_1501_plus,
1501+,Universidad Autónoma Chapingo,Mexico,6228,7.9,1.0,45 : 55,10.4â18.3,22.6,8.4,3.0,37.0,24.3,45,55,10.4,18.3,14.350000000000001,Range_1501_plus,
1501+,Universidad Autónoma de Ciudad Juárez,Mexico,36107,15.4,2.0,54 : 46,10.4â18.3,14.5,7.6,10.7,36.9,33.4,54,46,10.4,18.3,14.350000000000001,Range_1501_plus,
1501+,Universidad Autónoma de Coahuila,Mexico,28202,29.2,0.0,56 : 44,10.4â18.3,12.8,8.1,14.4,37.7,25.0,56,44,10.4,18.3,14.350000000000001,Range_1501_plus,
1501+,Universidad Autónoma del Estado de Hidalgo,Mexico,37596,18.9,1.0,57 : 43,10.4â18.3,14.7,9.0,10.7,38.5,23.7,57,43,10.4,18.3,14.350000000000001,Range_1501_plus,
1501+,Universidad Autónoma del Estado de Mexico (UAEMex),Mexico,62789,10.9,1.0,58 : 42,10.4â18.3,17.9,8.6,5.7,37.0,24.7,58,42,10.4,18.3,14.350000000000001,Range_1501_plus,
1501+,Universidad Autónoma del Estado de Morelos,Mexico,30239,15.9,0.0,55 : 45,10.4â18.3,17.9,7.9,6.6,37.1,24.8,55,45,10.4,18.3,14.350000000000001,Range_1501_plus,
1501+,Universidad Autónoma de Nuevo León (UANL),Mexico,132684,47.3,1.0,50 : 50,10.4â18.3,13.1,8.7,13.3,37.2,30.5,50,50,10.4,18.3,14.350000000000001,Range_1501_plus,
1501+,Universidad Autónoma de Querétaro,Mexico,25399,45.3,1.0,56 : 44,10.4â18.3,18.7,9.9,14.7,40.8,27.2,56,44,10.4,18.3,14.350000000000001,Range_1501_plus,
1501+,Universidad Autónoma de Yucatán,Mexico,18446,14.7,0.0,50 : 50,10.4â18.3,15.8,10.3,12.5,46.0,30.5,50,50,10.4,18.3,14.350000000000001,Range_1501_plus,
1501+,Autonomous University of Baja California,Mexico,66282,22.4,3.0,53 : 47,10.4â18.3,14.0,8.7,9.1,37.0,32.0,53,47,10.4,18.3,14.350000000000001,Range_1501_plus,
1501+,Badji Mokhtar University – Annaba,Algeria,41841,14.2,1.0,63 : 37,10.4â18.3,20.0,8.1,11.3,37.1,32.7,63,37,10.4,18.3,14.350000000000001,Range_1501_plus,
1501+,University of Baghdad,Iraq,73873,9.4,0.0,57 : 43,10.4â18.3,21.6,11.1,14.6,44.2,19.5,57,43,10.4,18.3,14.350000000000001,Range_1501_plus,
1501+,Baku State University,Azerbaijan,23323,13.3,2.0,66 : 34,10.4â18.3,16.5,7.8,15.1,37.2,40.5,66,34,10.4,18.3,14.350000000000001,Range_1501_plus,
1501+,Başkent University,Turkey,13172,13.0,2.0,59 : 41,10.4â18.3,16.7,11.2,6.0,36.9,22.3,59,41,10.4,18.3,14.350000000000001,Range_1501_plus,
1501+,University of Basrah,Iraq,41612,12.9,0.0,58 : 42,10.4â18.3,18.6,7.8,14.5,37.0,28.8,58,42,10.4,18.3,14.350000000000001,Range_1501_plus,
1501+,University of Béjaïa,Algeria,41381,24.4,2.0,61 : 39,10.4â18.3,14.8,8.3,13.3,36.9,43.2,61,39,10.4,18.3,14.350000000000001,Range_1501_plus,
1501+,Benemérita Universidad Autónoma de Puebla,Mexico,75483,40.5,1.0,53 : 47,10.4â18.3,12.7,9.4,10.6,36.9,28.2,53,47,10.4,18.3,14.350000000000001,Range_1501_plus,
1501+,Bialystok University of Technology,Poland,6417,10.6,4.0,36 : 64,10.4â18.3,20.2,14.6,9.5,37.6,22.0,36,64,10.4,18.3,14.350000000000001,Range_1501_plus,
1501+,University of Bío-Bío,Chile,12343,24.8,1.0,43 : 57,10.4â18.3,13.8,8.5,8.1,37.0,46.3,43,57,10.4,18.3,14.350000000000001,Range_1501_plus,
1501+,University of Biskra,Algeria,33049,23.1,0.0,63 : 37,10.4â18.3,20.9,8.2,16.8,37.0,35.7,63,37,10.4,18.3,14.350000000000001,Range_1501_plus,
1501+,Blida 1 University,Algeria,30076,20.4,1.0,68 : 32,10.4â18.3,18.3,8.3,18.2,37.1,35.9,68,32,10.4,18.3,14.350000000000001,Range_1501_plus,
1501+,Bolu Abant Izzet Baysal University,Turkey,24348,23.5,3.0,55 : 45,10.4â18.3,15.6,8.5,23.2,37.1,23.0,55,45,10.4,18.3,14.350000000000001,Range_1501_plus,
1501+,University of Brawijaya,Indonesia,50116,12.3,1.0,56 : 44,10.4â18.3,19.1,9.4,9.3,38.8,21.4,56,44,10.4,18.3,14.350000000000001,Range_1501_plus,
1501+,Burapha University,,30800,21.8,1.0,70 : 30,10.4â18.3,15.0,9.3,11.1,38.0,25.2,70,30,10.4,18.3,14.350000000000001,Range_1501_plus,
1501+,Bursa Uludağ University,Turkey,42787,25.3,9.0,47 : 53,10.4â18.3,16.3,10.1,15.0,43.1,28.3,47,53,10.4,18.3,14.350000000000001,Range_1501_plus,
1501+,Catholic University of Brasília,Brazil,8865,17.8,0.0,53 : 47,10.4â18.3,16.3,9.0,10.5,36.9,33.7,53,47,10.4,18.3,14.350000000000001,Range_1501_plus,
1501+,University of Caxias do Sul,Brazil,13554,25.8,0.0,51 : 49,10.4â18.3,14.8,8.9,11.1,37.5,18.6,51,49,10.4,18.3,14.350000000000001,Range_1501_plus,
1501+,Ceará State University,Brazil,18436,16.6,0.0,58 : 42,10.4â18.3,17.9,10.0,5.1,38.1,18.6,58,42,10.4,18.3,14.350000000000001,Range_1501_plus,
1501+,Manisa Celal Bayar University,Turkey,40533,22.4,2.0,51 : 49,10.4â18.3,14.2,7.8,24.4,36.9,18.2,51,49,10.4,18.3,14.350000000000001,Range_1501_plus,
1501+,Chaoyang University of Technology,Taiwan,14645,38.1,6.0,55 : 45,10.4â18.3,15.0,16.1,10.5,46.1,34.3,55,45,10.4,18.3,14.350000000000001,Range_1501_plus,
1501+,Chiba Institute of Technology,Japan,9895,24.3,2.0,14 : 86,10.4â18.3,15.1,9.1,7.3,39.8,18.5,14,86,10.4,18.3,14.350000000000001,Range_1501_plus,
1501+,Chinese Culture University,Taiwan,23216,23.3,5.0,50 : 50,10.4â18.3,14.9,9.4,8.9,37.5,27.9,50,50,10.4,18.3,14.350000000000001,Range_1501_plus,
1501+,Chubu University,Japan,9128,16.8,2.0,27 : 73,10.4â18.3,16.4,10.5,13.6,39.0,30.7,27,73,10.4,18.3,14.350000000000001,Range_1501_plus,
1501+,Chuo University,Japan,25954,35.3,4.0,38 : 62,10.4â18.3,25.3,11.7,8.6,40.4,26.2,38,62,10.4,18.3,14.350000000000001,Range_1501_plus,
1501+,University of Colima,Mexico,13665,9.6,0.0,54 : 46,10.4â18.3,18.3,7.7,12.1,37.1,29.2,54,46,10.4,18.3,14.350000000000001,Range_1501_plus,
1501+,Comillas Pontifical University,Spain,10065,21.8,6.0,55 : 45,10.4â18.3,17.6,14.5,13.8,46.0,38.3,55,45,10.4,18.3,14.350000000000001,Range_1501_plus,
1501+,Communication University of China,China,16350,14.0,5.0,,10.4â18.3,22.3,15.1,2.9,49.2,19.7,,,10.4,18.3,14.350000000000001,Range_1501_plus,
1501+,Cracow University of Technology,Poland,13339,12.9,2.0,38 : 62,10.4â18.3,17.6,9.8,21.9,41.4,21.6,38,62,10.4,18.3,14.350000000000001,Range_1501_plus,
1501+,University of Craiova,Romania,18411,22.5,4.0,49 : 51,10.4â18.3,16.8,10.8,11.9,37.9,21.5,49,51,10.4,18.3,14.350000000000001,Range_1501_plus,
1501+,Cukurova University,Turkey,40200,17.8,5.0,44 : 56,10.4â18.3,17.3,9.8,18.9,39.9,23.3,44,56,10.4,18.3,14.350000000000001,Range_1501_plus,
1501+,University of Dar es Salaam,Tanzania,37385,24.8,0.0,44 : 56,10.4â18.3,13.9,9.5,16.7,37.5,47.4,44,56,10.4,18.3,14.350000000000001,Range_1501_plus,
1501+,Dicle University,Turkey,31401,17.3,2.0,44 : 56,10.4â18.3,19.5,8.4,10.9,37.1,17.7,44,56,10.4,18.3,14.350000000000001,Range_1501_plus,
1501+,Diponegoro University,Indonesia,38567,13.5,2.0,56 : 44,10.4â18.3,22.3,11.2,12.3,47.8,28.4,56,44,10.4,18.3,14.350000000000001,Range_1501_plus,
1501+,Dokkyo Medical University,Japan,1338,1.2,0.0,51 : 49,10.4â18.3,24.7,8.6,14.6,39.6,16.8,51,49,10.4,18.3,14.350000000000001,Range_1501_plus,
1501+,Doshisha University,Japan,27764,18.5,4.0,42 : 58,10.4â18.3,17.3,10.1,5.4,37.9,30.3,42,58,10.4,18.3,14.350000000000001,Range_1501_plus,
1501+,Dumlupinar University,Turkey,49511,50.4,8.0,43 : 57,10.4â18.3,12.0,8.9,31.0,40.1,23.4,43,57,10.4,18.3,14.350000000000001,Range_1501_plus,
1501+,Dunarea de Jos University of Galati,Romania,12770,16.6,21.0,59 : 41,10.4â18.3,16.1,9.0,6.3,37.0,38.5,59,41,10.4,18.3,14.350000000000001,Range_1501_plus,
1501+,EAFIT University,Colombia,14164,23.8,2.0,44 : 56,10.4â18.3,14.3,11.0,9.8,37.6,42.6,44,56,10.4,18.3,14.350000000000001,Range_1501_plus,
1501+,Erzincan Binali Yıldırım University,Turkey,13773,18.7,3.0,54 : 46,10.4â18.3,13.6,8.2,31.5,36.9,18.3,54,46,10.4,18.3,14.350000000000001,Range_1501_plus,
1501+,Escuela Politécnica Nacional,Ecuador,7084,12.9,1.0,29 : 71,10.4â18.3,15.8,9.4,20.3,37.3,49.0,29,71,10.4,18.3,14.350000000000001,Range_1501_plus,
1501+,Eskişehir Osmangazi University,Turkey,30822,19.6,3.0,45 : 55,10.4â18.3,17.4,14.8,17.1,37.2,19.8,45,55,10.4,18.3,14.350000000000001,Range_1501_plus,
1501+,Universidade do Estado de Santa Catarina,Brazil,12404,12.9,1.0,52 : 48,10.4â18.3,19.7,11.1,16.3,37.1,18.1,52,48,10.4,18.3,14.350000000000001,Range_1501_plus,
1501+,Universidade Estadual do Norte Fluminense Darcy Ribeiro,Brazil,6910,23.0,0.0,61 : 39,10.4â18.3,22.1,12.4,11.3,40.0,29.6,61,39,10.4,18.3,14.350000000000001,Range_1501_plus,
1501+,Universidade Estadual de Maringá,Brazil,19442,12.6,0.0,55 : 45,10.4â18.3,22.9,13.3,11.4,37.4,19.1,55,45,10.4,18.3,14.350000000000001,Range_1501_plus,
1501+,Universidade Estadual do Oeste do Paraná (Unioeste),Brazil,10540,9.0,0.0,59 : 41,10.4â18.3,22.2,9.3,4.8,37.0,17.9,59,41,10.4,18.3,14.350000000000001,Range_1501_plus,
1501+,"Federal University of Agriculture, Abeokuta",Nigeria,17038,25.9,0.0,50 : 50,10.4â18.3,15.0,8.8,16.0,37.5,26.0,50,50,10.4,18.3,14.350000000000001,Range_1501_plus,
1501+,Universidade Federal do Ceará (UFC),Brazil,40899,19.8,1.0,44 : 56,10.4â18.3,21.3,13.6,15.5,39.3,24.7,44,56,10.4,18.3,14.350000000000001,Range_1501_plus,
1501+,Universidade Federal de Ciências da Saúde de Porto Alegre (UFCSPA),Brazil,4882,13.6,1.0,70 : 30,10.4â18.3,18.1,12.4,19.9,36.9,21.7,70,30,10.4,18.3,14.350000000000001,Range_1501_plus,
1501+,Universidade Federal do Triângulo Mineiro,Brazil,11992,20.5,0.0,59 : 41,10.4â18.3,14.0,9.4,23.0,36.9,21.1,59,41,10.4,18.3,14.350000000000001,Range_1501_plus,
1501+,Universidade Federal do Vale do São Francisco,Brazil,6395,11.0,0.0,49 : 51,10.4â18.3,16.6,7.4,4.1,36.9,17.3,49,51,10.4,18.3,14.350000000000001,Range_1501_plus,
1501+,Federal University of Itajubá,Brazil,8596,17.1,1.0,30 : 70,10.4â18.3,16.7,9.6,14.9,40.0,24.2,30,70,10.4,18.3,14.350000000000001,Range_1501_plus,
1501+,Universidade Federal de Juiz de Fora,Brazil,26085,16.5,0.0,54 : 46,10.4â18.3,18.0,10.8,18.6,37.9,22.9,54,46,10.4,18.3,14.350000000000001,Range_1501_plus,
1501+,Universidade Federal do Maranhão (UFMA),Brazil,32222,16.2,0.0,52 : 48,10.4â18.3,16.4,8.8,12.6,37.1,20.1,52,48,10.4,18.3,14.350000000000001,Range_1501_plus,
1501+,Federal University of Mato Grosso do Sul,Brazil,26142,15.6,1.0,55 : 45,10.4â18.3,18.1,10.4,17.4,41.9,23.2,55,45,10.4,18.3,14.350000000000001,Range_1501_plus,
1501+,Universidade Federal de Ouro Preto (UFOP),Brazil,15453,17.1,1.0,50 : 50,10.4â18.3,20.0,11.6,13.7,40.4,20.7,50,50,10.4,18.3,14.350000000000001,Range_1501_plus,
1501+,Federal University of Pará,Brazil,43211,16.3,0.0,52 : 48,10.4â18.3,19.5,10.7,12.7,39.0,23.6,52,48,10.4,18.3,14.350000000000001,Range_1501_plus,
1501+,Federal University of Paraí­ba (UFPB),Brazil,36815,14.3,0.0,51 : 49,10.4â18.3,18.4,8.1,13.0,36.9,21.7,51,49,10.4,18.3,14.350000000000001,Range_1501_plus,
1501+,Federal University of Pelotas,Brazil,23242,17.1,0.0,56 : 44,10.4â18.3,18.4,13.4,19.2,37.7,20.2,56,44,10.4,18.3,14.350000000000001,Range_1501_plus,
1501+,Federal University of Pernambuco,Brazil,34356,14.2,1.0,50 : 50,10.4â18.3,25.8,11.0,15.0,39.6,21.8,50,50,10.4,18.3,14.350000000000001,Range_1501_plus,
1501+,Federal University of Piauí,Brazil,52000,24.6,0.0,,10.4â18.3,13.9,10.5,13.9,37.8,25.4,,,10.4,18.3,14.350000000000001,Range_1501_plus,
1501+,Federal Rural University of Pernambuco,Brazil,20185,16.0,0.0,48 : 52,10.4â18.3,16.8,10.2,8.3,37.1,20.1,48,52,10.4,18.3,14.350000000000001,Range_1501_plus,
1501+,Universidade Federal Rural do Semi-Arido,Brazil,6750,10.0,0.0,46 : 54,10.4â18.3,26.0,9.4,2.4,44.0,15.8,46,54,10.4,18.3,14.350000000000001,Range_1501_plus,
1501+,Federal University of the State of Rio de Janeiro (UNIRIO),Brazil,20874,22.7,8.0,,10.4â18.3,20.4,10.9,7.3,36.9,33.0,,,10.4,18.3,14.350000000000001,Range_1501_plus,
1501+,Federal University of Vales do Jequitinhonha e Mucuri,Brazil,10708,13.2,0.0,59 : 41,10.4â18.3,17.0,8.8,6.4,36.9,18.2,59,41,10.4,18.3,14.350000000000001,Range_1501_plus,
1501+,Feng Chia University,Taiwan,19298,23.3,7.0,39 : 61,10.4â18.3,17.5,16.6,13.6,41.0,37.1,39,61,10.4,18.3,14.350000000000001,Range_1501_plus,
1501+,Fluminense Federal University,Brazil,70979,21.1,0.0,49 : 51,10.4â18.3,18.8,12.1,16.7,39.1,25.0,49,51,10.4,18.3,14.350000000000001,Range_1501_plus,
1501+,Université Frères Mentouri Constantine 1,Algeria,36423,22.2,1.0,62 : 38,10.4â18.3,18.9,8.7,10.9,37.5,37.6,62,38,10.4,18.3,14.350000000000001,Range_1501_plus,
1501+,Universidad de las Fuerzas Armadas – ESPE,Ecuador,18562,13.4,0.0,37 : 63,10.4â18.3,15.1,9.4,11.8,37.1,42.2,37,63,10.4,18.3,14.350000000000001,Range_1501_plus,
1501+,University of Fukui,Japan,4902,8.0,5.0,31 : 69,10.4â18.3,22.3,11.2,12.5,41.0,26.2,31,69,10.4,18.3,14.350000000000001,Range_1501_plus,
1501+,Fukuoka University,Japan,19637,9.5,1.0,40 : 60,10.4â18.3,18.8,9.2,15.1,39.7,21.0,40,60,10.4,18.3,14.350000000000001,Range_1501_plus,
1501+,Gaziantep University,Turkey,33225,38.0,11.0,47 : 53,10.4â18.3,16.6,9.8,21.5,36.9,31.1,47,53,10.4,18.3,14.350000000000001,Range_1501_plus,
1501+,"George Emil Palade University of Medicine, Pharmacy, Science, and Technology of Targu Mures",Romania,8752,14.0,11.0,64 : 36,10.4â18.3,17.9,9.4,16.2,37.2,34.9,64,36,10.4,18.3,14.350000000000001,Range_1501_plus,
1501+,Gheorghe Asachi Technical University of Iaşi,Romania,13884,21.0,9.0,30 : 70,10.4â18.3,15.6,10.4,11.2,37.2,29.4,30,70,10.4,18.3,14.350000000000001,Range_1501_plus,
1501+,GITAM University,India,22094,14.1,1.0,35 : 65,10.4â18.3,17.6,8.8,16.2,38.2,20.1,35,65,10.4,18.3,14.350000000000001,Range_1501_plus,
1501+,Grigore T. Popa University of Medicine and Pharmacy,Romania,9605,10.8,27.0,68 : 32,10.4â18.3,18.4,8.4,15.8,37.1,43.2,68,32,10.4,18.3,14.350000000000001,Range_1501_plus,
1501+,University of Guadalajara,,138372,17.8,0.0,53 : 47,10.4â18.3,15.0,8.2,10.3,36.9,28.7,53,47,10.4,18.3,14.350000000000001,Range_1501_plus,
1501+,University of Guanajuato,Mexico,29558,20.9,1.0,55 : 45,10.4â18.3,16.8,9.0,9.0,38.8,31.8,55,45,10.4,18.3,14.350000000000001,Range_1501_plus,
1501+,Hanoi University of Science and Technology,Vietnam,32758,31.1,0.0,22 : 78,10.4â18.3,14.9,12.3,20.2,43.5,39.4,22,78,10.4,18.3,14.350000000000001,Range_1501_plus,
1501+,Université Hassan 1er,Morocco,47480,51.8,2.0,51 : 49,10.4â18.3,18.0,8.7,12.2,36.9,22.7,51,49,10.4,18.3,14.350000000000001,Range_1501_plus,
1501+,University of Havana,Cuba,15002,8.6,4.0,63 : 37,10.4â18.3,23.3,11.3,7.9,42.4,51.0,63,37,10.4,18.3,14.350000000000001,Range_1501_plus,
1501+,Hellenic Open University,Greece,19311,6.8,1.0,61 : 39,10.4â18.3,19.8,8.1,23.0,37.0,23.4,61,39,10.4,18.3,14.350000000000001,Range_1501_plus,
1501+,Hue University,Vietnam,47590,22.0,1.0,57 : 43,10.4â18.3,13.7,8.1,14.5,37.4,47.2,57,43,10.4,18.3,14.350000000000001,Range_1501_plus,
1501+,University of Hyogo,Japan,6592,12.7,3.0,42 : 58,10.4â18.3,17.9,12.3,4.7,47.3,21.3,42,58,10.4,18.3,14.350000000000001,Range_1501_plus,
1501+,Ibaraki University,Japan,7863,14.8,3.0,35 : 65,10.4â18.3,17.5,12.2,6.9,42.1,24.2,35,65,10.4,18.3,14.350000000000001,Range_1501_plus,
1501+,Universidad Industrial de Santander (UIS),Colombia,20708,13.8,1.0,45 : 55,10.4â18.3,16.1,10.1,7.9,43.6,35.2,45,55,10.4,18.3,14.350000000000001,Range_1501_plus,
1501+,Inönü University,Turkey,30348,19.2,2.0,36 : 64,10.4â18.3,24.6,8.4,15.5,36.9,17.6,36,64,10.4,18.3,14.350000000000001,Range_1501_plus,
1501+,Instituto Politécnico Nacional (IPN),Mexico,133839,12.6,0.0,42 : 58,10.4â18.3,18.4,10.6,12.5,43.0,25.2,42,58,10.4,18.3,14.350000000000001,Range_1501_plus,
1501+,I-Shou University,Taiwan,11691,27.5,16.0,50 : 50,10.4â18.3,15.3,19.0,11.7,51.0,41.8,50,50,10.4,18.3,14.350000000000001,Range_1501_plus,
1501+,Islamic University of Indonesia,Indonesia,24392,28.2,4.0,45 : 55,10.4â18.3,25.6,9.3,6.1,38.3,26.7,45,55,10.4,18.3,14.350000000000001,Range_1501_plus,
1501+,Ivane Javakhishvili Tbilisi State University,Georgia,22080,29.1,3.0,61 : 39,10.4â18.3,15.4,10.6,5.1,37.4,42.5,61,39,10.4,18.3,14.350000000000001,Range_1501_plus,
1501+,Iwate University,Japan,5305,13.1,4.0,37 : 63,10.4â18.3,21.5,10.6,7.3,39.8,26.1,37,63,10.4,18.3,14.350000000000001,Range_1501_plus,
1501+,Izmir Institute of Technology,Turkey,5542,18.5,3.0,46 : 54,10.4â18.3,17.2,10.9,15.5,40.6,29.5,46,54,10.4,18.3,14.350000000000001,Range_1501_plus,
1501+,Jan Evangelista Purkyně University,Czech Republic,7966,18.1,3.0,66 : 34,10.4â18.3,15.2,12.4,10.8,37.3,38.0,66,34,10.4,18.3,14.350000000000001,Range_1501_plus,
1501+,Jean Moulin University – Lyon 3,France,27907,40.6,20.0,65 : 35,10.4â18.3,15.9,12.3,5.4,37.5,53.0,65,35,10.4,18.3,14.350000000000001,Range_1501_plus,
1501+,Kagoshima University,Japan,10326,10.2,2.0,37 : 63,10.4â18.3,21.8,12.4,14.3,43.4,25.2,37,63,10.4,18.3,14.350000000000001,Range_1501_plus,
1501+,Kanagawa University,Japan,17457,14.8,4.0,30 : 70,10.4â18.3,15.7,8.0,10.0,37.4,30.9,30,70,10.4,18.3,14.350000000000001,Range_1501_plus,
1501+,Kansai University,Japan,30335,12.3,3.0,41 : 59,10.4â18.3,17.4,8.3,6.5,38.4,28.2,41,59,10.4,18.3,14.350000000000001,Range_1501_plus,
1501+,University of Karachi,Pakistan,43740,36.3,0.0,57 : 43,10.4â18.3,14.9,10.8,9.4,37.0,37.5,57,43,10.4,18.3,14.350000000000001,Range_1501_plus,
1501+,Karadeniz Technical University,Turkey,34824,25.8,4.0,44 : 56,10.4â18.3,14.3,9.5,19.7,40.0,19.6,44,56,10.4,18.3,14.350000000000001,Range_1501_plus,
1501+,Kasetsart University,Thailand,68589,18.4,1.0,63 : 37,10.4â18.3,19.2,11.4,13.4,42.0,32.2,63,37,10.4,18.3,14.350000000000001,Range_1501_plus,
1501+,King Mongkut’s Institute of Technology Ladkrabang,Thailand,24243,20.6,1.0,54 : 46,10.4â18.3,17.4,20.5,6.9,81.3,26.5,54,46,10.4,18.3,14.350000000000001,Range_1501_plus,
1501+,Kirikkale University,Turkey,27790,46.2,2.0,49 : 51,10.4â18.3,17.4,17.6,16.2,36.9,17.1,49,51,10.4,18.3,14.350000000000001,Range_1501_plus,
1501+,Kocaeli University,Turkey,67200,45.7,3.0,41 : 59,10.4â18.3,13.4,8.8,14.4,39.2,22.4,41,59,10.4,18.3,14.350000000000001,Range_1501_plus,
1501+,Kochi University,Japan,5480,8.2,1.0,44 : 56,10.4â18.3,20.7,11.3,17.3,41.1,23.9,44,56,10.4,18.3,14.350000000000001,Range_1501_plus,
1501+,Kogakuin University,Japan,6317,17.5,1.0,19 : 81,10.4â18.3,16.4,11.0,15.0,41.7,20.8,19,81,10.4,18.3,14.350000000000001,Range_1501_plus,
1501+,Kookmin University,South Korea,17238,12.0,11.0,49 : 51,10.4â18.3,19.8,11.2,15.6,40.3,31.5,49,51,10.4,18.3,14.350000000000001,Range_1501_plus,
1501+,University of Kufa,Iraq,28175,12.3,0.0,65 : 35,10.4â18.3,17.3,8.3,18.3,37.7,28.8,65,35,10.4,18.3,14.350000000000001,Range_1501_plus,
1501+,Kwansei Gakuin University,Japan,25537,24.8,4.0,49 : 51,10.4â18.3,15.5,9.2,17.3,38.0,35.1,49,51,10.4,18.3,14.350000000000001,Range_1501_plus,
1501+,Kyoto Sangyo University,Japan,12110,21.1,2.0,34 : 66,10.4â18.3,14.6,8.5,16.0,37.0,38.6,34,66,10.4,18.3,14.350000000000001,Range_1501_plus,
1501+,Kyoto Institute of Technology,Japan,3958,13.4,6.0,29 : 71,10.4â18.3,21.8,16.0,5.0,42.9,28.8,29,71,10.4,18.3,14.350000000000001,Range_1501_plus,
1501+,Ladoke Akintola University of Technology,Nigeria,25953,53.1,0.0,49 : 51,10.4â18.3,15.4,11.2,17.9,43.0,27.1,49,51,10.4,18.3,14.350000000000001,Range_1501_plus,
1501+,Latvia University of Life Sciences and Technologies,Latvia,3891,24.9,4.0,52 : 48,10.4â18.3,16.7,20.1,5.5,39.1,25.9,52,48,10.4,18.3,14.350000000000001,Range_1501_plus,
1501+,University of Łódź,Poland,22273,16.7,8.0,63 : 37,10.4â18.3,17.7,15.5,13.8,37.2,30.1,63,37,10.4,18.3,14.350000000000001,Range_1501_plus,
1501+,Lodz University of Technology,Poland,12642,17.8,4.0,39 : 61,10.4â18.3,16.6,14.9,17.8,43.6,25.5,39,61,10.4,18.3,14.350000000000001,Range_1501_plus,
1501+,Lucian Blaga University of Sibiu,Romania,13154,16.5,2.0,60 : 40,10.4â18.3,17.8,13.2,19.5,37.5,23.1,60,40,10.4,18.3,14.350000000000001,Range_1501_plus,
1501+,University of Macerata (UNIMC),Italy,10561,23.7,5.0,76 : 24,10.4â18.3,16.8,18.0,7.0,37.0,31.4,76,24,10.4,18.3,14.350000000000001,Range_1501_plus,
1501+,Mackenzie Presbyterian University,Brazil,27482,27.3,0.0,59 : 41,10.4â18.3,17.4,10.0,10.4,37.6,24.3,59,41,10.4,18.3,14.350000000000001,Range_1501_plus,
1501+,Mahasarakham University,Thailand,37351,30.0,1.0,57 : 43,10.4â18.3,23.2,8.4,7.3,37.9,23.0,57,43,10.4,18.3,14.350000000000001,Range_1501_plus,
1501+,Mapúa University,,6576,23.9,1.0,36 : 64,10.4â18.3,13.8,13.5,8.5,36.9,16.9,36,64,10.4,18.3,14.350000000000001,Range_1501_plus,
1501+,Maria Curie-Skłodowska University (UMCS),Poland,18263,12.6,9.0,68 : 32,10.4â18.3,17.6,16.8,12.0,37.2,30.5,68,32,10.4,18.3,14.350000000000001,Range_1501_plus,
1501+,Matej Bel University,Slovakia,6987,14.2,8.0,71 : 29,10.4â18.3,18.8,13.3,7.4,37.5,45.0,71,29,10.4,18.3,14.350000000000001,Range_1501_plus,
1501+,Medical University of Silesia in Katowice,Poland,10267,7.6,5.0,74 : 26,10.4â18.3,22.8,9.1,18.5,39.0,23.0,74,26,10.4,18.3,14.350000000000001,Range_1501_plus,
1501+,Meiji University,Japan,33090,34.2,5.0,35 : 65,10.4â18.3,17.0,11.4,6.6,41.3,27.4,35,65,10.4,18.3,14.350000000000001,Range_1501_plus,
1501+,Meijo University,Japan,15043,30.3,1.0,34 : 66,10.4â18.3,15.0,11.1,9.8,38.0,26.2,34,66,10.4,18.3,14.350000000000001,Range_1501_plus,
1501+,M’Hamed Bougara University of Boumerdès,Algeria,32336,22.2,1.0,60 : 40,10.4â18.3,13.6,8.0,24.0,37.0,31.0,60,40,10.4,18.3,14.350000000000001,Range_1501_plus,
1501+,Universidad Michoacana de San Nicolás de Hidalgo,Mexico,41022,22.9,1.0,46 : 54,10.4â18.3,15.9,8.5,7.8,37.5,27.0,46,54,10.4,18.3,14.350000000000001,Range_1501_plus,
1501+,Ming Chuan University,Taiwan,18024,21.7,10.0,61 : 39,10.4â18.3,14.3,10.8,15.5,37.4,33.9,61,39,10.4,18.3,14.350000000000001,Range_1501_plus,
1501+,University of Miskolc,Hungary,9021,16.1,5.0,49 : 51,10.4â18.3,31.4,10.6,6.9,39.5,29.8,49,51,10.4,18.3,14.350000000000001,Range_1501_plus,
1501+,University of Miyazaki,Japan,5456,7.5,3.0,35 : 65,10.4â18.3,22.5,10.9,17.4,39.9,24.7,35,65,10.4,18.3,14.350000000000001,Range_1501_plus,
1501+,University Mohamed Boudiaf of M’Sila,Algeria,38267,19.4,1.0,26 : 74,10.4â18.3,16.5,7.8,8.5,37.7,31.4,26,74,10.4,18.3,14.350000000000001,Range_1501_plus,
1501+,University of Montenegro,Montenegro,16793,24.3,2.0,57 : 43,10.4â18.3,13.0,11.5,14.6,44.1,46.0,57,43,10.4,18.3,14.350000000000001,Range_1501_plus,
1501+,University of Mosul,Iraq,60460,15.9,0.0,46 : 54,10.4â18.3,15.2,8.8,22.7,39.7,23.9,46,54,10.4,18.3,14.350000000000001,Range_1501_plus,
1501+,Université Mouloud Mammeri de Tizi-Ouzou,Algeria,41107,18.1,0.0,66 : 34,10.4â18.3,21.9,7.5,6.3,36.9,44.9,66,34,10.4,18.3,14.350000000000001,Range_1501_plus,
1501+,Muroran Institute of Technology,Japan,3397,20.3,6.0,14 : 86,10.4â18.3,15.5,11.0,17.2,42.7,34.1,14,86,10.4,18.3,14.350000000000001,Range_1501_plus,
1501+,Mustansiriyah University,Iraq,33105,7.1,1.0,51 : 49,10.4â18.3,21.7,8.2,18.2,40.0,28.7,51,49,10.4,18.3,14.350000000000001,Range_1501_plus,
1501+,Universidad Nacional del Litoral,Argentina,47336,30.0,0.0,60 : 40,10.4â18.3,13.5,8.9,14.6,37.9,27.9,60,40,10.4,18.3,14.350000000000001,Range_1501_plus,
1501+,Universidad Nacional Mayor de San Marcos,Peru,47716,26.1,0.0,71 : 29,10.4â18.3,15.3,10.4,4.5,36.9,37.2,71,29,10.4,18.3,14.350000000000001,Range_1501_plus,
1501+,Nagoya Institute of Technology,Japan,5774,16.3,5.0,17 : 83,10.4â18.3,17.1,19.6,7.5,49.2,26.7,17,83,10.4,18.3,14.350000000000001,Range_1501_plus,
1501+,Naresuan University,Thailand,24827,16.7,1.0,66 : 34,10.4â18.3,15.7,9.2,13.3,41.3,31.3,66,34,10.4,18.3,14.350000000000001,Range_1501_plus,
1501+,National Changhua University of Education,Taiwan,8515,23.2,4.0,49 : 51,10.4â18.3,21.2,16.5,7.8,39.3,24.9,49,51,10.4,18.3,14.350000000000001,Range_1501_plus,
1501+,National Chiayi University,Taiwan,12059,26.3,3.0,49 : 51,10.4â18.3,15.2,13.1,13.2,64.0,19.5,49,51,10.4,18.3,14.350000000000001,Range_1501_plus,
1501+,National Chi Nan University,Taiwan,5773,14.6,11.0,54 : 46,10.4â18.3,18.3,14.9,7.3,50.7,30.8,54,46,10.4,18.3,14.350000000000001,Range_1501_plus,
1501+,National University of Córdoba,Argentina,167063,16.2,1.0,64 : 36,10.4â18.3,18.3,10.2,19.4,37.4,35.3,64,36,10.4,18.3,14.350000000000001,Range_1501_plus,
1501+,National Formosa University,Taiwan,11134,19.0,1.0,22 : 78,10.4â18.3,14.3,14.3,6.5,41.6,16.5,22,78,10.4,18.3,14.350000000000001,Range_1501_plus,
1501+,National Ilan University,Taiwan,5476,23.0,2.0,36 : 64,10.4â18.3,14.6,13.3,16.6,42.0,32.5,36,64,10.4,18.3,14.350000000000001,Range_1501_plus,
1501+,National University of Kaohsiung,Taiwan,5741,24.0,4.0,41 : 59,10.4â18.3,14.4,15.3,5.2,41.6,27.8,41,59,10.4,18.3,14.350000000000001,Range_1501_plus,
1501+,National Kaohsiung University of Science and Technology,Taiwan,28128,28.2,2.0,36 : 64,10.4â18.3,15.7,13.8,15.0,48.6,22.8,36,64,10.4,18.3,14.350000000000001,Range_1501_plus,
1501+,National Taipei University,Taiwan,8344,16.0,5.0,54 : 46,10.4â18.3,18.5,13.7,14.2,38.1,28.5,54,46,10.4,18.3,14.350000000000001,Range_1501_plus,
1501+,National United University,Taiwan,7418,20.7,1.0,32 : 68,10.4â18.3,13.9,13.1,21.6,39.4,20.0,32,68,10.4,18.3,14.350000000000001,Range_1501_plus,
1501+,Nnamdi Azikiwe University,Nigeria,33509,15.7,0.0,46 : 54,10.4â18.3,16.6,8.3,14.3,37.2,27.6,46,54,10.4,18.3,14.350000000000001,Range_1501_plus,
1501+,Universidade Nove de Julho (Uninove),Brazil,79285,25.4,1.0,58 : 42,10.4â18.3,18.4,7.7,11.7,37.9,22.2,58,42,10.4,18.3,14.350000000000001,Range_1501_plus,
1501+,University of Novi Sad,Serbia,47669,15.3,1.0,57 : 43,10.4â18.3,16.7,11.1,15.7,42.2,35.8,57,43,10.4,18.3,14.350000000000001,Range_1501_plus,
1501+,Nueva Granada Military University,Colombia,17620,10.4,0.0,46 : 54,10.4â18.3,18.0,7.7,2.9,37.0,27.3,46,54,10.4,18.3,14.350000000000001,Range_1501_plus,
1501+,Ochanomizu University,Japan,2743,14.9,6.0,100 : 0,10.4â18.3,28.6,13.9,7.7,39.4,26.8,100,0,10.4,18.3,14.350000000000001,Range_1501_plus,
1501+,Oita University,Japan,5433,8.5,2.0,38 : 62,10.4â18.3,20.8,11.1,17.3,39.5,19.6,38,62,10.4,18.3,14.350000000000001,Range_1501_plus,
1501+,Ondokuz Mayis University,Turkey,33798,16.0,15.0,50 : 50,10.4â18.3,16.1,10.5,16.9,43.8,33.6,50,50,10.4,18.3,14.350000000000001,Range_1501_plus,
1501+,University of Oradea,Romania,15840,17.2,6.0,55 : 45,10.4â18.3,14.8,8.9,16.3,37.1,35.2,55,45,10.4,18.3,14.350000000000001,Range_1501_plus,
1501+,Osaka Institute of Technology,Japan,7160,30.3,1.0,13 : 87,10.4â18.3,14.7,12.2,22.9,41.3,24.1,13,87,10.4,18.3,14.350000000000001,Range_1501_plus,
1501+,Osaka Medical and Pharmaceutical University,Japan,3094,5.5,1.0,59 : 41,10.4â18.3,25.0,10.8,14.8,38.7,16.5,59,41,10.4,18.3,14.350000000000001,Range_1501_plus,
1501+,Ovidius University of Constanța,Romania,18344,12.7,6.0,47 : 53,10.4â18.3,16.2,8.6,3.1,37.0,23.4,47,53,10.4,18.3,14.350000000000001,Range_1501_plus,
1501+,Universitas Padjadjaran,Indonesia,35873,12.1,1.0,60 : 40,10.4â18.3,22.5,11.0,17.0,41.8,26.1,60,40,10.4,18.3,14.350000000000001,Range_1501_plus,
1501+,Universidad Panamericana (UP),Mexico,14504,8.5,1.0,48 : 52,10.4â18.3,20.5,9.1,8.7,37.0,36.5,48,52,10.4,18.3,14.350000000000001,Range_1501_plus,
1501+,University of Pardubice,Czech Republic,7606,14.0,7.0,56 : 44,10.4â18.3,18.6,16.7,5.7,37.3,34.9,56,44,10.4,18.3,14.350000000000001,Range_1501_plus,
1501+,University of Passo Fundo (UPF),Brazil,11671,24.7,0.0,58 : 42,10.4â18.3,16.9,10.1,23.1,37.0,23.9,58,42,10.4,18.3,14.350000000000001,Range_1501_plus,
1501+,Payame Noor University,Iran,454155,124.7,1.0,60 : 40,10.4â18.3,14.8,9.0,23.5,38.2,18.2,60,40,10.4,18.3,14.350000000000001,Range_1501_plus,
1501+,Pedagogical and Technological University of Colombia,Colombia,32037,15.4,0.0,54 : 46,10.4â18.3,14.5,7.6,6.1,37.0,35.2,54,46,10.4,18.3,14.350000000000001,Range_1501_plus,
1501+,University of Pernambuco,Brazil,18556,17.0,0.0,43 : 57,10.4â18.3,16.0,10.0,17.8,37.4,24.8,43,57,10.4,18.3,14.350000000000001,Range_1501_plus,
1501+,Universidad Politécnica Salesiana,Ecuador,21335,20.7,1.0,41 : 59,10.4â18.3,13.0,8.8,14.5,37.4,46.4,41,59,10.4,18.3,14.350000000000001,Range_1501_plus,
1501+,Polytechnic University of Bucharest,Romania,30287,24.4,4.0,36 : 64,10.4â18.3,16.6,11.8,10.2,37.7,22.1,36,64,10.4,18.3,14.350000000000001,Range_1501_plus,
1501+,Polytechnic University of Timişoara,Romania,13081,21.5,2.0,37 : 63,10.4â18.3,14.9,10.6,20.3,38.1,19.9,37,63,10.4,18.3,14.350000000000001,Range_1501_plus,
1501+,Pontifical Catholic University of Minas Gerais,Brazil,39142,34.0,0.0,56 : 44,10.4â18.3,17.6,9.4,6.8,37.2,21.3,56,44,10.4,18.3,14.350000000000001,Range_1501_plus,
1501+,Universidad Pontificia Bolivariana (UPB),Colombia,11497,11.5,2.0,55 : 45,10.4â18.3,18.7,10.6,4.8,39.3,36.4,55,45,10.4,18.3,14.350000000000001,Range_1501_plus,
1501+,Pontificia Universidad Católica del Ecuador,Ecuador,23170,15.0,1.0,57 : 43,10.4â18.3,14.8,8.0,18.4,36.9,52.7,57,43,10.4,18.3,14.350000000000001,Range_1501_plus,
1501+,Prague University of Economics and Business,Czech Republic,13700,28.1,27.0,52 : 48,10.4â18.3,16.4,14.0,6.8,37.7,47.0,52,48,10.4,18.3,14.350000000000001,Range_1501_plus,
1501+,PSG College of Technology,India,8594,15.3,0.0,38 : 62,10.4â18.3,16.9,9.6,21.1,38.0,15.0,38,62,10.4,18.3,14.350000000000001,Range_1501_plus,
1501+,Recep Tayyip Erdoğan University,Turkey,13468,19.2,4.0,53 : 47,10.4â18.3,15.6,8.8,16.9,37.1,20.1,53,47,10.4,18.3,14.350000000000001,Range_1501_plus,
1501+,University of Rijeka,Croatia,13155,15.6,2.0,58 : 42,10.4â18.3,17.1,15.9,14.9,39.3,31.3,58,42,10.4,18.3,14.350000000000001,Range_1501_plus,
1501+,R V College of Engineering,India,5953,15.4,0.0,29 : 71,10.4â18.3,15.6,9.7,26.2,38.3,14.1,29,71,10.4,18.3,14.350000000000001,Range_1501_plus,
1501+,Ryukoku University,Japan,15692,27.7,2.0,37 : 63,10.4â18.3,15.6,10.0,11.7,37.5,24.9,37,63,10.4,18.3,14.350000000000001,Range_1501_plus,
1501+,Rzeszów University of Technology,Poland,11259,12.1,1.0,38 : 62,10.4â18.3,16.9,9.3,24.0,40.5,21.3,38,62,10.4,18.3,14.350000000000001,Range_1501_plus,
1501+,University of La Sabana,Colombia,12123,15.5,2.0,57 : 43,10.4â18.3,17.0,10.1,12.6,38.0,42.6,57,43,10.4,18.3,14.350000000000001,Range_1501_plus,
1501+,Saitama University,Japan,8457,14.9,6.0,33 : 67,10.4â18.3,19.7,13.5,13.3,39.0,34.9,33,67,10.4,18.3,14.350000000000001,Range_1501_plus,
1501+,San Sebastián University,Chile,19858,10.4,0.0,61 : 39,10.4â18.3,17.1,8.1,8.9,36.9,41.6,61,39,10.4,18.3,14.350000000000001,Range_1501_plus,
1501+,Satbayev University,Kazakhstan,9243,9.7,4.0,38 : 62,10.4â18.3,19.6,9.3,5.0,41.1,67.9,38,62,10.4,18.3,14.350000000000001,Range_1501_plus,
1501+,University of Science and Technology of Oran Mohamed-Boudiaf,Algeria,19115,6.9,1.0,49 : 51,10.4â18.3,21.6,7.7,7.8,37.0,32.3,49,51,10.4,18.3,14.350000000000001,Range_1501_plus,
1501+,SGH Warsaw School of Economics,Poland,9092,17.7,12.0,50 : 50,10.4â18.3,16.9,13.2,10.3,37.8,32.3,50,50,10.4,18.3,14.350000000000001,Range_1501_plus,
1501+,Shimane University,Japan,6055,7.7,3.0,38 : 62,10.4â18.3,21.2,11.3,17.0,40.0,24.9,38,62,10.4,18.3,14.350000000000001,Range_1501_plus,
1501+,Shizuoka University,Japan,9926,14.2,4.0,29 : 71,10.4â18.3,18.7,14.8,10.6,43.3,32.0,29,71,10.4,18.3,14.350000000000001,Range_1501_plus,
1501+,University of Shizuoka,Japan,3125,11.9,3.0,61 : 39,10.4â18.3,19.5,12.8,10.2,41.5,22.8,61,39,10.4,18.3,14.350000000000001,Range_1501_plus,
1501+,Sichuan University of Science and Engineering,China,38707,21.2,1.0,43 : 57,10.4â18.3,13.1,9.4,21.9,42.5,17.4,43,57,10.4,18.3,14.350000000000001,Range_1501_plus,
1501+,University of Silesia in Katowice,Poland,19962,12.0,3.0,67 : 33,10.4â18.3,19.4,12.3,10.1,37.0,26.9,67,33,10.4,18.3,14.350000000000001,Range_1501_plus,
1501+,Silpakorn University,Thailand,24310,21.0,1.0,69 : 31,10.4â18.3,18.4,10.9,16.7,49.4,26.1,69,31,10.4,18.3,14.350000000000001,Range_1501_plus,
1501+,University of Sistan and Baluchestan,Iran,9109,20.3,1.0,57 : 43,10.4â18.3,16.8,11.5,21.9,37.4,20.1,57,43,10.4,18.3,14.350000000000001,Range_1501_plus,
1501+,Sivas Cumhuriyet University,Turkey,44942,34.8,4.0,49 : 51,10.4â18.3,18.2,9.3,17.8,37.3,21.1,49,51,10.4,18.3,14.350000000000001,Range_1501_plus,
1501+,Slovak University of Technology in Bratislava,Slovakia,10976,8.8,5.0,28 : 72,10.4â18.3,22.0,11.8,7.5,38.4,32.3,28,72,10.4,18.3,14.350000000000001,Range_1501_plus,
1501+,University of Sonora,Mexico,35026,25.6,1.0,56 : 44,10.4â18.3,14.5,8.1,9.7,36.9,26.8,56,44,10.4,18.3,14.350000000000001,Range_1501_plus,
1501+,Sophia University,,13402,11.8,12.0,60 : 40,10.4â18.3,20.3,10.0,9.1,37.5,47.2,60,40,10.4,18.3,14.350000000000001,Range_1501_plus,
1501+,Srinakharinwirot University,Thailand,26673,19.6,0.0,67 : 33,10.4â18.3,18.4,8.6,10.2,37.3,19.7,67,33,10.4,18.3,14.350000000000001,Range_1501_plus,
1501+,State University of Ponta Grossa,Brazil,8453,9.1,1.0,55 : 45,10.4â18.3,20.7,9.9,18.2,37.1,22.8,55,45,10.4,18.3,14.350000000000001,Range_1501_plus,
1501+,State University of Santa Cruz,Brazil,6887,9.4,1.0,56 : 44,10.4â18.3,21.3,9.2,17.1,37.3,28.7,56,44,10.4,18.3,14.350000000000001,Range_1501_plus,
1501+,Süleyman Demirel University,Turkey,41032,34.8,5.0,50 : 50,10.4â18.3,15.8,9.1,23.2,37.3,22.9,50,50,10.4,18.3,14.350000000000001,Range_1501_plus,
1501+,Universitas Sumatera Utara,Indonesia,36146,21.1,2.0,54 : 46,10.4â18.3,15.4,9.9,25.1,38.0,22.0,54,46,10.4,18.3,14.350000000000001,Range_1501_plus,
1501+,Tamil Nadu Agricultural University,India,6724,8.7,0.0,62 : 38,10.4â18.3,25.2,10.3,2.0,41.5,15.0,62,38,10.4,18.3,14.350000000000001,Range_1501_plus,
1501+,Technical University of Cluj-Napoca,Romania,18649,20.5,2.0,38 : 62,10.4â18.3,15.6,12.0,19.5,39.1,23.0,38,62,10.4,18.3,14.350000000000001,Range_1501_plus,
1501+,Technical University of Liberec,Czech Republic,5222,11.5,11.0,52 : 48,10.4â18.3,20.2,15.4,7.7,44.0,43.3,52,48,10.4,18.3,14.350000000000001,Range_1501_plus,
1501+,Technical University of Loja,Ecuador,51567,33.4,1.0,56 : 44,10.4â18.3,11.6,7.8,10.2,37.1,51.8,56,44,10.4,18.3,14.350000000000001,Range_1501_plus,
1501+,Technical University of Sofia,Bulgaria,10339,11.6,9.0,27 : 73,10.4â18.3,17.5,8.3,8.0,39.3,26.1,27,73,10.4,18.3,14.350000000000001,Range_1501_plus,
1501+,Universidade Tecnológica Federal do Paraná (UTFPR),Brazil,33484,12.8,1.0,35 : 65,10.4â18.3,16.4,10.1,12.6,37.4,22.1,35,65,10.4,18.3,14.350000000000001,Range_1501_plus,
1501+,Universiti Teknologi MARA,Malaysia,60563,16.0,1.0,67 : 33,10.4â18.3,19.0,13.2,10.4,37.5,20.9,67,33,10.4,18.3,14.350000000000001,Range_1501_plus,
1501+,Telkom University,Indonesia,18977,18.2,1.0,43 : 57,10.4â18.3,14.1,10.5,20.3,40.5,29.4,43,57,10.4,18.3,14.350000000000001,Range_1501_plus,
1501+,Temuco Catholic University,Chile,10629,12.3,1.0,60 : 40,10.4â18.3,16.0,10.1,7.9,38.3,41.5,60,40,10.4,18.3,14.350000000000001,Range_1501_plus,
1501+,Tokyo University of Agriculture,Japan,12907,32.7,1.0,43 : 57,10.4â18.3,15.8,10.1,15.3,38.7,21.3,43,57,10.4,18.3,14.350000000000001,Range_1501_plus,
1501+,Tokyo City University,Japan,7415,15.5,2.0,24 : 76,10.4â18.3,16.3,10.3,5.1,46.6,23.0,24,76,10.4,18.3,14.350000000000001,Range_1501_plus,
1501+,Tokyo Denki University,Japan,9846,28.5,3.0,13 : 87,10.4â18.3,15.0,9.6,1.7,40.2,19.5,13,87,10.4,18.3,14.350000000000001,Range_1501_plus,
1501+,Tokyo University of Pharmacy and Life Sciences,Japan,3853,18.9,1.0,52 : 48,10.4â18.3,17.5,7.8,11.2,38.0,18.4,52,48,10.4,18.3,14.350000000000001,Range_1501_plus,
1501+,Tottori University,Japan,5995,8.1,2.0,38 : 62,10.4â18.3,23.3,12.3,14.4,39.6,22.6,38,62,10.4,18.3,14.350000000000001,Range_1501_plus,
1501+,Toyo University,Japan,30465,24.2,6.0,43 : 57,10.4â18.3,14.4,9.0,4.8,37.9,30.9,43,57,10.4,18.3,14.350000000000001,Range_1501_plus,
1501+,University of Tunis,Tunisia,16418,12.8,2.0,68 : 32,10.4â18.3,20.5,9.6,14.7,37.0,38.2,68,32,10.4,18.3,14.350000000000001,Range_1501_plus,
1501+,Universitas Andalas,Indonesia,32537,21.6,0.0,55 : 45,10.4â18.3,23.9,9.1,10.7,43.4,16.7,55,45,10.4,18.3,14.350000000000001,Range_1501_plus,
1501+,Universiti Malaysia Sabah (UMS),Malaysia,17068,19.0,4.0,67 : 33,10.4â18.3,16.3,12.6,16.5,37.5,40.1,67,33,10.4,18.3,14.350000000000001,Range_1501_plus,
1501+,Uşak University,Turkey,20902,38.1,11.0,47 : 53,10.4â18.3,12.3,10.0,10.5,39.1,28.2,47,53,10.4,18.3,14.350000000000001,Range_1501_plus,
1501+,Utsunomiya University,Japan,4829,14.1,4.0,37 : 63,10.4â18.3,19.0,11.6,3.0,40.2,24.5,37,63,10.4,18.3,14.350000000000001,Range_1501_plus,
1501+,University of Valparaíso,Chile,16371,18.3,2.0,58 : 42,10.4â18.3,15.5,11.4,18.6,37.0,47.8,58,42,10.4,18.3,14.350000000000001,Range_1501_plus,
1501+,Van Yüzüncü Yil University,Turkey,20523,17.0,3.0,44 : 56,10.4â18.3,17.4,22.7,10.4,61.0,19.4,44,56,10.4,18.3,14.350000000000001,Range_1501_plus,
1501+,Vietnam National University (Ho Chi Minh City),Vietnam,75704,21.7,1.0,46 : 54,10.4â18.3,15.1,10.1,20.7,41.5,35.6,46,54,10.4,18.3,14.350000000000001,Range_1501_plus,
1501+,VSB - Technical University of Ostrava,,11087,14.4,10.0,33 : 67,10.4â18.3,18.8,17.0,8.2,44.1,42.0,33,67,10.4,18.3,14.350000000000001,Range_1501_plus,
1501+,Walailak University,Thailand,8553,13.3,1.0,73 : 27,10.4â18.3,17.7,10.6,14.5,37.2,36.0,73,27,10.4,18.3,14.350000000000001,Range_1501_plus,
1501+,University of Warmia and Mazury in Olsztyn,Poland,17690,17.7,2.0,59 : 41,10.4â18.3,16.8,12.2,20.6,39.2,21.4,59,41,10.4,18.3,14.350000000000001,Range_1501_plus,
1501+,University of West Attica,Greece,34530,33.6,0.0,49 : 51,10.4â18.3,12.0,9.8,22.8,37.3,26.0,49,51,10.4,18.3,14.350000000000001,Range_1501_plus,
1501+,West University of Timişoara,Romania,14527,24.6,6.0,66 : 34,10.4â18.3,18.7,13.4,16.8,37.7,28.7,66,34,10.4,18.3,14.350000000000001,Range_1501_plus,
1501+,Wrocław University of Science and Technology,Poland,23657,20.3,6.0,35 : 65,10.4â18.3,17.9,16.0,14.9,45.5,27.3,35,65,10.4,18.3,14.350000000000001,Range_1501_plus,
1501+,Yamaguchi University,Japan,10724,11.1,7.0,38 : 62,10.4â18.3,21.3,12.3,13.9,43.8,30.4,38,62,10.4,18.3,14.350000000000001,Range_1501_plus,
1501+,Yanshan University,China,38649,13.2,1.0,39 : 61,10.4â18.3,17.2,10.9,18.3,46.9,17.0,39,61,10.4,18.3,14.350000000000001,Range_1501_plus,
1501+,Yeditepe University,Turkey,17038,28.2,5.0,55 : 45,10.4â18.3,18.8,12.2,10.5,65.7,29.6,55,45,10.4,18.3,14.350000000000001,Range_1501_plus,
1501+,Zonguldak Bülent Ecevit University,Turkey,28319,25.4,8.0,47 : 53,10.4â18.3,13.2,8.2,23.5,38.9,23.1,47,53,10.4,18.3,14.350000000000001,Range_1501_plus,
Reporter,University Abdelhamid Ibn Badis Mostaganem,Algeria,24493,19.3,1.0,67 : 33,,,,,,,67,33,,,,Reporter,
Reporter,Abdullah Gül University,Turkey,2509,20.1,9.0,43 : 57,,,,,,,43,57,,,,Reporter,
Reporter,Abertay University,United Kingdom,4010,21.7,22.0,48 : 52,,,,,,,48,52,,,,Reporter,
Reporter,"Adamawa State University, Mubi",Nigeria,17840,70.0,0.0,35 : 65,,,,,,,35,65,,,,Reporter,
Reporter,AECC University College,United Kingdom,615,15.4,43.0,47 : 53,,,,,,,47,53,,,,Reporter,
Reporter,Afe Babalola University,,9085,11.1,1.0,59 : 41,,,,,,,59,41,,,,Reporter,
Reporter,Aga Khan University,Pakistan,1356,2.3,1.0,65 : 35,,,,,,,65,35,,,,Reporter,
Reporter,Ahl Al Bayt University,Iraq,2879,14.3,1.0,51 : 49,,,,,,,51,49,,,,Reporter,
Reporter,Aichi Prefectural University,Japan,3302,15.2,1.0,72 : 28,,,,,,,72,28,,,,Reporter,
Reporter,Air University,Pakistan,6404,15.2,0.0,32 : 68,,,,,,,32,68,,,,Reporter,
Reporter,Ajeenkya DY Patil University,India,2793,16.4,0.0,24 : 76,,,,,,,24,76,,,,Reporter,
Reporter,Tashkent Metropolitan University,Uzbekistan,317,22.6,5.0,51 : 49,,,,,,,51,49,,,,Reporter,
Reporter,Ajman University,United Arab Emirates,5050,16.4,82.0,59 : 41,,,,,,,59,41,,,,Reporter,
Reporter,Akita Prefectural University,Japan,1826,8.5,1.0,26 : 74,,,,,,,26,74,,,,Reporter,
Reporter,Akwa Ibom State University,Nigeria,10026,20.7,0.0,42 : 58,,,,,,,42,58,,,,Reporter,
Reporter,Al-Ayen University,Iraq,11000,51.2,0.0,66 : 34,,,,,,,66,34,,,,Reporter,
Reporter,Alex Ekwueme Federal University Ndufu-Alike,Nigeria,12962,16.8,0.0,52 : 48,,,,,,,52,48,,,,Reporter,
Reporter,Al-Ahliyya Amman University,,4192,11.8,57.0,50 : 50,,,,,,,50,50,,,,Reporter,
Reporter,Al-Farabi University College,Iraq,4309,16.0,0.0,36 : 64,,,,,,,36,64,,,,Reporter,
Reporter,Al-Farahidi University,Iraq,17080,65.9,0.0,47 : 53,,,,,,,47,53,,,,Reporter,
Reporter,Al-Esraa University College,Iraq,16150,22.2,0.0,,,,,,,,,,,,,Reporter,
Reporter,University of Al-Hamdaniya,Iraq,2302,26.5,0.0,32 : 68,,,,,,,32,68,,,,Reporter,
Reporter,Alisher Navo’i Tashkent State University of Uzbek Language and Literature,,3614,12.9,6.0,82 : 18,,,,,,,82,18,,,,Reporter,
Reporter,Al-Kitab University,Iraq,7206,16.9,0.0,32 : 68,,,,,,,32,68,,,,Reporter,
Reporter,Al-Maarif University College,Iraq,6000,17.6,1.0,60 : 40,,,,,,,60,40,,,,Reporter,
Reporter,Al-Manara College for Medical Sciences,Iraq,4538,30.9,0.0,47 : 53,,,,,,,47,53,,,,Reporter,
Reporter,Al-Mustaqbal University,,9698,20.8,0.0,41 : 59,,,,,,,41,59,,,,Reporter,
Reporter,Al-Muthanna University,Iraq,15591,23.1,0.0,55 : 45,,,,,,,55,45,,,,Reporter,
Reporter,Al-Nahrain University,Iraq,5716,6.2,0.0,49 : 51,,,,,,,49,51,,,,Reporter,
Reporter,Al-Noor University College,Iraq,6454,40.6,0.0,62 : 38,,,,,,,62,38,,,,Reporter,
Reporter,Al-Quds University,Palestine,12170,12.3,6.0,62 : 38,,,,,,,62,38,,,,Reporter,
Reporter,Altınbaş University,Turkey,8204,13.7,47.0,41 : 59,,,,,,,41,59,,,,Reporter,
Reporter,American International University – Bangladesh,Bangladesh,10738,26.6,0.0,24 : 76,,,,,,,24,76,,,,Reporter,
Reporter,American University of Madaba,Jordan,1685,17.9,26.0,47 : 53,,,,,,,47,53,,,,Reporter,
Reporter,American University of Nigeria,Nigeria,1100,10.1,2.0,49 : 51,,,,,,,49,51,,,,Reporter,
Reporter,American University of Ras Al Khaimah,United Arab Emirates,784,8.1,63.0,50 : 50,,,,,,,50,50,,,,Reporter,
Reporter,"Amity University, Gurugram",India,5695,14.8,2.0,40 : 60,,,,,,,40,60,,,,Reporter,
Reporter,"Amity University, Gwalior",India,2160,12.6,0.0,43 : 57,,,,,,,43,57,,,,Reporter,
Reporter,"Amity University Rajasthan, Jaipur",India,2971,12.5,0.0,33 : 67,,,,,,,33,67,,,,Reporter,
Reporter,"Amity University, Mumbai",India,4358,22.7,0.0,48 : 52,,,,,,,48,52,,,,Reporter,
Reporter,Andijan State Medical Institute,Uzbekistan,6831,9.5,5.0,47 : 53,,,,,,,47,53,,,,Reporter,
Reporter,Andrés Bello Catholic University (UCAB),Venezuela,10857,17.8,1.0,50 : 50,,,,,,,50,50,,,,Reporter,
Reporter,Anglo-American University,Czech Republic,620,12.7,80.0,40 : 60,,,,,,,40,60,,,,Reporter,
Reporter,Ankara Science University,Turkey,393,9.6,19.0,62 : 38,,,,,,,62,38,,,,Reporter,
Reporter,Arab American University,Palestine,12070,31.1,44.0,58 : 42,,,,,,,58,42,,,,Reporter,
Reporter,Arab Open University – Kuwait,Kuwait,9139,103.9,64.0,57 : 43,,,,,,,57,43,,,,Reporter,
Reporter,Arab Open University Lebanon,Lebanon,1754,13.3,14.0,47 : 53,,,,,,,47,53,,,,Reporter,
Reporter,Arts University Bournemouth,United Kingdom,3310,14.1,21.0,69 : 31,,,,,,,69,31,,,,Reporter,
Reporter,Antonio Nariño University,Colombia,13359,17.9,1.0,53 : 47,,,,,,,53,47,,,,Reporter,
Reporter,University of the Arts London,United Kingdom,17930,12.8,60.0,76 : 24,,,,,,,76,24,,,,Reporter,
Reporter,Arts University Plymouth,United Kingdom,1215,12.2,9.0,72 : 28,,,,,,,72,28,,,,Reporter,
Reporter,Asahi University,Japan,2607,8.7,5.0,33 : 67,,,,,,,33,67,,,,Reporter,
Reporter,Ashikaga University,Japan,1572,19.9,15.0,25 : 75,,,,,,,25,75,,,,Reporter,
Reporter,Ashur University College,Iraq,1059,8.1,0.0,59 : 41,,,,,,,59,41,,,,Reporter,
Reporter,Audencia,France,5838,38.7,31.0,52 : 48,,,,,,,52,48,,,,Reporter,
Reporter,Augustine University,Nigeria,238,3.7,0.0,40 : 60,,,,,,,40,60,,,,Reporter,
Reporter,Azerbaijan University of Architecture and Construction,Azerbaijan,9846,18.9,3.0,22 : 78,,,,,,,22,78,,,,Reporter,
Reporter,Azerbaijan State University of Economics,Azerbaijan,17328,11.8,2.0,51 : 49,,,,,,,51,49,,,,Reporter,
Reporter,Babcock University,Nigeria,12340,18.8,0.0,53 : 47,,,,,,,53,47,,,,Reporter,
Reporter,Badr University in Cairo (BUC),Egypt,14021,20.7,2.0,55 : 45,,,,,,,55,45,,,,Reporter,
Reporter,Bakrie University,Indonesia,3219,33.9,0.0,57 : 43,,,,,,,57,43,,,,Reporter,
Reporter,"Balochistan University of Engineering and Technology, Khuzdar",Pakistan,2990,15.0,,7 : 93,,,,,,,7,93,,,,Reporter,
Reporter,"Bamidele Olumilua University of Education, Science and Technology, Ikere-Ikiti",Nigeria,4329,14.9,0.0,60 : 40,,,,,,,60,40,,,,Reporter,
Reporter,Bandirma Onyedi Eylül University,Turkey,15473,47.0,7.0,45 : 55,,,,,,,45,55,,,,Reporter,
Reporter,Bangabandhu Sheikh Mujibur Rahman Agricultural University,Bangladesh,1760,8.4,3.0,53 : 47,,,,,,,53,47,,,,Reporter,
Reporter,Barawa International University,Somalia,13200,35.3,3.0,33 : 67,,,,,,,33,67,,,,Reporter,
Reporter,Bartin University,Turkey,10317,23.7,9.0,44 : 56,,,,,,,44,56,,,,Reporter,
Reporter,Basrah University College of Science and Technology,Iraq,2115,21.2,0.0,46 : 54,,,,,,,46,54,,,,Reporter,
Reporter,Bath Spa University,United Kingdom,6555,17.7,11.0,68 : 32,,,,,,,68,32,,,,Reporter,
Reporter,University of Batna 1,Algeria,32179,28.1,0.0,64 : 36,,,,,,,64,36,,,,Reporter,
Reporter,Baze University,Nigeria,1790,5.2,0.0,50 : 50,,,,,,,50,50,,,,Reporter,
Reporter,Bells University of Technology,Nigeria,1765,7.5,0.0,27 : 73,,,,,,,27,73,,,,Reporter,
Reporter,University of Benghazi,Libya,76419,16.3,2.0,58 : 42,,,,,,,58,42,,,,Reporter,
Reporter,Benson Idahosa University,Nigeria,3859,16.6,0.0,50 : 50,,,,,,,50,50,,,,Reporter,
Reporter,Bernardo O’Higgins University,Chile,7554,18.1,4.0,66 : 34,,,,,,,66,34,,,,Reporter,
Reporter,Beykent University,Turkey,22103,25.4,4.0,47 : 53,,,,,,,47,53,,,,Reporter,
Reporter,Bilecik Şeyh Edebali University,Turkey,10434,18.2,8.0,42 : 58,,,,,,,42,58,,,,Reporter,
Reporter,Biruni University,Turkey,5111,16.9,7.0,72 : 28,,,,,,,72,28,,,,Reporter,
Reporter,Birzeit University,Palestine,11486,17.5,5.0,63 : 37,,,,,,,63,37,,,,Reporter,
Reporter,University of Bisha,Saudi Arabia,13919,11.8,1.0,66 : 34,,,,,,,66,34,,,,Reporter,
Reporter,Bishop Grosseteste University,United Kingdom,2010,21.2,4.0,79 : 21,,,,,,,79,21,,,,Reporter,
Reporter,University of Bogotá Jorge Tadeo Lozano,Colombia,7704,18.6,1.0,55 : 45,,,,,,,55,45,,,,Reporter,
Reporter,University of Bolton,United Kingdom,5400,14.6,33.0,61 : 39,,,,,,,61,39,,,,Reporter,
Reporter,Botswana International University of Science and Technology (BIUST),Botswana,2006,11.4,1.0,22 : 78,,,,,,,22,78,,,,Reporter,
Reporter,Bowen University,Nigeria,4161,12.0,0.0,58 : 42,,,,,,,58,42,,,,Reporter,
Reporter,Buckinghamshire New University,United Kingdom,5290,17.3,32.0,60 : 40,,,,,,,60,40,,,,Reporter,
Reporter,Buriram Rajabhat University,Thailand,11197,26.2,0.0,53 : 47,,,,,,,53,47,,,,Reporter,
Reporter,Canadian International College (CIC) – Cairo,Egypt,9494,39.4,2.0,32 : 68,,,,,,,32,68,,,,Reporter,
Reporter,Catholic University in Erbil,Iraq,152,3.6,0.0,58 : 42,,,,,,,58,42,,,,Reporter,
Reporter,Universidad Católica de Colombia,Colombia,10671,27.2,0.0,50 : 50,,,,,,,50,50,,,,Reporter,
Reporter,B. S. Abdur Rahman Crescent Institute of Science and Technology,India,7046,15.7,0.0,24 : 76,,,,,,,24,76,,,,Reporter,
Reporter,Universidad Católica de Cuenca,Ecuador,16046,20.6,2.0,57 : 43,,,,,,,57,43,,,,Reporter,
Reporter,Universidad Católica San Pablo,Peru,8793,32.5,0.0,53 : 47,,,,,,,53,47,,,,Reporter,
Reporter,Cebu Technological University,Philippines,39726,33.3,0.0,50 : 50,,,,,,,50,50,,,,Reporter,
Reporter,CECOS University of IT and Emerging Sciences,Pakistan,2405,13.0,0.0,11 : 89,,,,,,,11,89,,,,Reporter,
Reporter,University of Celaya,Mexico,1993,14.0,2.0,50 : 50,,,,,,,50,50,,,,Reporter,
Reporter,Central European University,Austria,1276,7.6,83.0,55 : 45,,,,,,,55,45,,,,Reporter,
Reporter,University of Central Punjab,Pakistan,16948,32.8,0.0,36 : 64,,,,,,,36,64,,,,Reporter,
Reporter,Centro Universitário de Jaguariúna,Brazil,9839,25.8,0.0,58 : 42,,,,,,,58,42,,,,Reporter,
Reporter,Centro Universitário Max Planck,Brazil,5150,16.0,0.0,61 : 39,,,,,,,61,39,,,,Reporter,
Reporter,CES University,Colombia,6348,13.5,3.0,70 : 30,,,,,,,70,30,,,,Reporter,
Reporter,César Ritz Colleges Switzerland,Switzerland,547,4.8,99.0,49 : 51,,,,,,,49,51,,,,Reporter,
Reporter,CETYS Universidad,Mexico,4960,9.6,13.0,52 : 48,,,,,,,52,48,,,,Reporter,
Reporter,Chernihiv Polytechnic National University,Ukraine,5914,20.5,0.0,42 : 58,,,,,,,42,58,,,,Reporter,
Reporter,University of Chichester,United Kingdom,4180,14.7,7.0,62 : 38,,,,,,,62,38,,,,Reporter,
Reporter,Chitkara University,India,12895,15.5,3.0,40 : 60,,,,,,,40,60,,,,Reporter,
Reporter,Christ University Bengaluru India,India,23637,20.2,2.0,48 : 52,,,,,,,48,52,,,,Reporter,
Reporter,Coal City University,Nigeria,461,4.8,0.0,48 : 52,,,,,,,48,52,,,,Reporter,
Reporter,Conservatoire for Dance and Drama,United Kingdom,940,10.4,35.0,70 : 30,,,,,,,70,30,,,,Reporter,
Reporter,University of Constantine 3,Algeria,14736,16.2,2.0,73 : 27,,,,,,,73,27,,,,Reporter,
Reporter,Courtauld Institute of Art,United Kingdom,510,12.8,51.0,82 : 18,,,,,,,82,18,,,,Reporter,
Reporter,Cranfield University,United Kingdom,3135,7.8,68.0,30 : 70,,,,,,,30,70,,,,Reporter,
Reporter,Cihan University – Erbil,Iraq,4457,23.3,1.0,43 : 57,,,,,,,43,57,,,,Reporter,
Reporter,University for the Creative Arts,United Kingdom,5345,18.8,35.0,67 : 33,,,,,,,67,33,,,,Reporter,
Reporter,"City University of Science and Information Technology, Peshawar",Pakistan,4163,21.3,2.0,15 : 85,,,,,,,15,85,,,,Reporter,
Reporter,Cross River University of Technology,Nigeria,18915,40.2,0.0,36 : 64,,,,,,,36,64,,,,Reporter,
Reporter,University of Cumbria,United Kingdom,5275,15.7,10.0,70 : 30,,,,,,,70,30,,,,Reporter,
Reporter,C.V. Raman Global University,India,6991,15.8,4.0,29 : 71,,,,,,,29,71,,,,Reporter,
Reporter,Cyprus Health and Social Sciences University,Northern Cyprus,2354,35.1,75.0,45 : 55,,,,,,,45,55,,,,Reporter,
Reporter,Daffodil International University (DIU),Bangladesh,16157,21.1,3.0,34 : 66,,,,,,,34,66,,,,Reporter,
Reporter,Debre Tabor University,Ethiopia,8414,7.4,0.0,41 : 59,,,,,,,41,59,,,,Reporter,
Reporter,Universidad del Sinú,Colombia,4350,25.6,0.0,57 : 43,,,,,,,57,43,,,,Reporter,
Reporter,Delta University for Science and Technology,Egypt,8780,16.9,0.0,48 : 52,,,,,,,48,52,,,,Reporter,
Reporter,Deraya University,Egypt,4275,18.9,0.0,58 : 42,,,,,,,58,42,,,,Reporter,
Reporter,University for Development Studies,Ghana,20674,33.9,1.0,41 : 59,,,,,,,41,59,,,,Reporter,
Reporter,Dhaka International University,Bangladesh,6033,29.9,8.0,17 : 83,,,,,,,17,83,,,,Reporter,
Reporter,Dhofar University,Oman,3122,17.8,6.0,56 : 44,,,,,,,56,44,,,,Reporter,
Reporter,Dhonburi Rajabhat University,Thailand,4210,16.1,1.0,61 : 39,,,,,,,61,39,,,,Reporter,
Reporter,Dijlah University,Iraq,8864,28.5,0.0,43 : 57,,,,,,,43,57,,,,Reporter,
Reporter,University of Diyala,Iraq,29461,17.9,0.0,54 : 46,,,,,,,54,46,,,,Reporter,
Reporter,Denau Institute of Entrepreneurship and Pedagogy,Uzbekistan,5247,21.9,0.0,63 : 37,,,,,,,63,37,,,,Reporter,
Reporter,Doğuş University,Turkey,9149,30.2,1.0,40 : 60,,,,,,,40,60,,,,Reporter,
Reporter,Donetsk National University of Economics and Trade named after Mykhailo Tuhan-Baranovsky (DonNUET),Ukraine,1068,18.4,2.0,60 : 40,,,,,,,60,40,,,,Reporter,
Reporter,Dr. M.G.R. Educational and Research Institute,India,23097,13.3,0.0,32 : 68,,,,,,,32,68,,,,Reporter,
Reporter,University of Dubai,United Arab Emirates,1147,27.3,24.0,29 : 71,,,,,,,29,71,,,,Reporter,
Reporter,DHA Suffa University,Pakistan,1807,14.5,0.0,15 : 85,,,,,,,15,85,,,,Reporter,
Reporter,University of Duhok,Iraq,23662,13.5,0.0,52 : 48,,,,,,,52,48,,,,Reporter,
Reporter,EAN University,Colombia,10000,142.9,0.0,,,,,,,,,,,,,Reporter,
Reporter,Ebonyi State University,Nigeria,25204,27.5,0.0,50 : 50,,,,,,,50,50,,,,Reporter,
Reporter,University of El Oued,Algeria,29028,33.1,0.0,59 : 41,,,,,,,59,41,,,,Reporter,
Reporter,École Nationale Polytechnique,Algeria,1489,8.7,0.0,46 : 54,,,,,,,46,54,,,,Reporter,
Reporter,École Polytechnique d’Architecture et d’Urbanisme,Algeria,1371,10.1,0.0,69 : 31,,,,,,,69,31,,,,Reporter,
Reporter,Academy of Economic Studies of Moldova,Moldova,5525,25.3,1.0,53 : 47,,,,,,,53,47,,,,Reporter,
Reporter,Edo State University Uzairue,Nigeria,1489,9.5,0.0,52 : 48,,,,,,,52,48,,,,Reporter,
Reporter,"University of Education, Lahore",Pakistan,27105,33.1,0.0,51 : 49,,,,,,,51,49,,,,Reporter,
Reporter,Effat University,Saudi Arabia,1067,9.4,26.0,99 : 1,,,,,,,99,1,,,,Reporter,
Reporter,Egerton University,Kenya,20472,40.1,1.0,43 : 57,,,,,,,43,57,,,,Reporter,
Reporter,Egyptian Russian University,Egypt,6237,13.6,2.0,39 : 61,,,,,,,39,61,,,,Reporter,
Reporter,Egypt-Japan University of Science and Technology (E-JUST),Egypt,539,6.7,3.0,33 : 67,,,,,,,33,67,,,,Reporter,
Reporter,"University of Engineering and Technology, Mardan",Pakistan,1208,21.6,1.0,5 : 95,,,,,,,5,95,,,,Reporter,
Reporter,ESIC,,6123,19.4,10.0,46 : 54,,,,,,,46,54,,,,Reporter,
Reporter,Universidade Estadual de Goiás,Brazil,19519,15.4,0.0,66 : 34,,,,,,,66,34,,,,Reporter,
Reporter,European University Cyprus,,5229,19.4,49.0,58 : 42,,,,,,,58,42,,,,Reporter,
Reporter,European University of Valencia,Spain,2169,8.8,50.0,58 : 42,,,,,,,58,42,,,,Reporter,
Reporter,"Evangel University, Akaeze",Nigeria,987,5.7,0.0,47 : 53,,,,,,,47,53,,,,Reporter,
Reporter,Externado University of Colombia,Colombia,12370,13.0,1.0,58 : 42,,,,,,,58,42,,,,Reporter,
Reporter,Falmouth University,United Kingdom,4800,17.8,14.0,57 : 43,,,,,,,57,43,,,,Reporter,
Reporter,Federal University Gashua,Nigeria,1091,3.3,0.0,10 : 90,,,,,,,10,90,,,,Reporter,
Reporter,Federal University of Kashere,Nigeria,10121,21.4,0.0,30 : 70,,,,,,,30,70,,,,Reporter,
Reporter,Federal University of Lafia,Nigeria,12456,22.8,0.0,40 : 60,,,,,,,40,60,,,,Reporter,
Reporter,Federal University of Latin American Integration (UNILA),Brazil,4774,11.8,31.0,50 : 50,,,,,,,50,50,,,,Reporter,
Reporter,"Federal University of Petroleum Resources, Effurun",Nigeria,7313,39.7,0.0,17 : 83,,,,,,,17,83,,,,Reporter,
Reporter,"Federal University of Technology, Minna",Nigeria,24671,27.8,0.0,25 : 75,,,,,,,25,75,,,,Reporter,
Reporter,"Federal University of Technology, Owerri",Nigeria,22610,18.7,0.0,31 : 69,,,,,,,31,69,,,,Reporter,
Reporter,First Technical University,Nigeria,2442,29.1,0.0,29 : 71,,,,,,,29,71,,,,Reporter,
Reporter,Fountain University,Nigeria,1420,18.9,0.0,59 : 41,,,,,,,59,41,,,,Reporter,
Reporter,University of Franca,Brazil,50760,160.6,0.0,57 : 43,,,,,,,57,43,,,,Reporter,
Reporter,Fukui Prefectural University,Japan,1772,10.9,1.0,51 : 49,,,,,,,51,49,,,,Reporter,
Reporter,Fundação Oswaldo Cruz,Brazil,3699,,,,,,,,,,,,,,,Reporter,
Reporter,Fundación Universitaria del Área Andina,Colombia,40193,35.9,0.0,60 : 40,,,,,,,60,40,,,,Reporter,
Reporter,Future University in Egypt,Egypt,9066,10.7,10.0,43 : 57,,,,,,,43,57,,,,Reporter,
Reporter,General Sir John Kotelawala Defence University,Sri Lanka,5136,21.0,2.0,48 : 52,,,,,,,48,52,,,,Reporter,
Reporter,Ghulam Ishaq Khan Institute of Engineering Sciences and Technology,Pakistan,2046,20.5,0.0,10 : 90,,,,,,,10,90,,,,Reporter,
Reporter,GLA University,India,9680,17.2,0.0,27 : 73,,,,,,,27,73,,,,Reporter,
Reporter,Fergana Polytechnic Institute,Uzbekistan,14812,23.6,0.0,20 : 80,,,,,,,20,80,,,,Reporter,
Reporter,Glasgow School of Art,United Kingdom,2240,16.0,44.0,67 : 33,,,,,,,67,33,,,,Reporter,
Reporter,University of Gloucestershire,United Kingdom,6605,17.2,11.0,60 : 40,,,,,,,60,40,,,,Reporter,
Reporter,Government College Women University Faisalabad,Pakistan,14424,56.3,0.0,100 : 0,,,,,,,100,0,,,,Reporter,
Reporter,"Government College Women University, Sialkot",Pakistan,7023,34.8,0.0,100 : 0,,,,,,,100,0,,,,Reporter,
Reporter,"The Graduate University for Advanced Studies, SOKENDAI",Japan,506,0.4,31.0,29 : 71,,,,,,,29,71,,,,Reporter,
Reporter,Greenwich University,Pakistan,1261,15.6,3.0,35 : 65,,,,,,,35,65,,,,Reporter,
Reporter,Gregory University Uturu,Nigeria,2025,7.3,0.0,62 : 38,,,,,,,62,38,,,,Reporter,
Reporter,Guildhall School of Music and Drama,United Kingdom,995,5.2,34.0,50 : 50,,,,,,,50,50,,,,Reporter,
Reporter,Gulf College,Oman,2780,27.5,3.0,40 : 60,,,,,,,40,60,,,,Reporter,
Reporter,Harper Adams University,United Kingdom,2195,13.3,11.0,58 : 42,,,,,,,58,42,,,,Reporter,
Reporter,Hartpury University,United Kingdom,1655,23.6,10.0,64 : 36,,,,,,,64,36,,,,Reporter,
Reporter,Hassiba Benbouali University of Chlef,Algeria,30121,22.3,1.0,71 : 29,,,,,,,71,29,,,,Reporter,
Reporter,Hawler Medical University,Iraq,4152,7.2,1.0,63 : 37,,,,,,,63,37,,,,Reporter,
Reporter,University of Health and Allied Sciences,Ghana,6445,23.5,0.0,62 : 38,,,,,,,62,38,,,,Reporter,
Reporter,"University of Health Sciences, Turkey",Turkey,21322,9.0,5.0,34 : 66,,,,,,,34,66,,,,Reporter,
Reporter,University of the Highlands and Islands,United Kingdom,7200,130.9,12.0,61 : 39,,,,,,,61,39,,,,Reporter,
Reporter,Hindustan Institute of Technology and Science,India,6033,12.1,1.0,36 : 64,,,,,,,36,64,,,,Reporter,
Reporter,Hiroshima Shudo University,Japan,4776,16.6,0.0,39 : 61,,,,,,,39,61,,,,Reporter,
Reporter,Hiroshima Institute of Technology,Japan,4628,25.4,0.0,10 : 90,,,,,,,10,90,,,,Reporter,
Reporter,Hitotsubashi University,Japan,6212,17.0,15.0,32 : 68,,,,,,,32,68,,,,Reporter,
Reporter,Huachiew Chalermprakiet University,Thailand,7297,16.0,7.0,79 : 21,,,,,,,79,21,,,,Reporter,
Reporter,University of Human Development,Iraq,2583,17.1,3.0,49 : 51,,,,,,,49,51,,,,Reporter,
Reporter,Hyogo University of Teacher Education,Japan,1161,8.0,2.0,68 : 32,,,,,,,68,32,,,,Reporter,
Reporter,IFHE Hyderabad,India,6931,20.3,0.0,39 : 61,,,,,,,39,61,,,,Reporter,
Reporter,Ignatius Ajuru University of Education,Nigeria,29785,75.2,0.0,49 : 51,,,,,,,49,51,,,,Reporter,
Reporter,Ilma University,Pakistan,4107,22.4,0.0,21 : 79,,,,,,,21,79,,,,Reporter,
Reporter,IMT Mines Alès,France,1425,12.8,15.0,31 : 69,,,,,,,31,69,,,,Reporter,
Reporter,Indira Gandhi Delhi Technical University for Women,India,3673,53.2,0.0,100 : 0,,,,,,,100,0,,,,Reporter,
Reporter,Institute of Cancer Research,United Kingdom,195,2.8,33.0,62 : 38,,,,,,,62,38,,,,Reporter,
Reporter,International Christian University,Japan,2913,12.6,11.0,61 : 39,,,,,,,61,39,,,,Reporter,
Reporter,International University of Rabat,Morocco,5830,33.3,2.0,51 : 49,,,,,,,51,49,,,,Reporter,
Reporter,Ionian University,Greece,8169,41.9,3.0,53 : 47,,,,,,,53,47,,,,Reporter,
Reporter,Ion Mincu University of Architecture and Urbanism,Romania,3173,12.8,4.0,71 : 29,,,,,,,71,29,,,,Reporter,
Reporter,Islamia College Peshawar,Pakistan,6732,25.5,3.0,27 : 73,,,,,,,27,73,,,,Reporter,
Reporter,The Islamic University,Iraq,4152,9.1,2.0,70 : 30,,,,,,,70,30,,,,Reporter,
Reporter,Islamic University of Gaza,Palestine,17058,47.0,1.0,60 : 40,,,,,,,60,40,,,,Reporter,
Reporter,Islamic University of Madinah,Saudi Arabia,11703,7.7,75.0,4 : 96,,,,,,,4,96,,,,Reporter,
Reporter,Isra University,Jordan,4864,19.6,18.0,54 : 46,,,,,,,54,46,,,,Reporter,
Reporter,Israel Technological University,Ecuador,3070,34.9,1.0,42 : 58,,,,,,,42,58,,,,Reporter,
Reporter,Istanbul Aydın University,Turkey,27826,27.9,13.0,51 : 49,,,,,,,51,49,,,,Reporter,
Reporter,Istanbul Gelişim University,Turkey,18774,23.4,15.0,46 : 54,,,,,,,46,54,,,,Reporter,
Reporter,IUBAT – International University of Business Agriculture and Technology,Bangladesh,6435,22.1,1.0,30 : 70,,,,,,,30,70,,,,Reporter,
Reporter,Universita IULM,,7841,15.9,7.0,72 : 28,,,,,,,72,28,,,,Reporter,
Reporter,Jabir ibn Hayyan Medical University,Iraq,1532,16.1,0.0,58 : 42,,,,,,,58,42,,,,Reporter,
Reporter,Japan Advanced Institute of Science and Technology (JAIST),Japan,1218,7.8,42.0,23 : 77,,,,,,,23,77,,,,Reporter,
Reporter,Jashore University of Science and Technology,Bangladesh,4741,20.1,0.0,30 : 70,,,,,,,30,70,,,,Reporter,
Reporter,Jerash Private University,Jordan,3362,18.0,31.0,38 : 62,,,,,,,38,62,,,,Reporter,
Reporter,University of Jijel,Algeria,21228,20.2,0.0,63 : 37,,,,,,,63,37,,,,Reporter,
Reporter,University of Jos,Nigeria,37885,23.4,0.0,45 : 55,,,,,,,45,55,,,,Reporter,
Reporter,Kamianets-Podіlskyi Ivan Ohiienko National University,Ukraine,2944,7.8,0.0,64 : 36,,,,,,,64,36,,,,Reporter,
Reporter,Kampala International University,Uganda,23800,7.0,30.0,45 : 55,,,,,,,45,55,,,,Reporter,
Reporter,Karaganda University of Kazpotrebsoyuz,Kazakhstan,5076,13.3,1.0,59 : 41,,,,,,,59,41,,,,Reporter,
Reporter,Karshi State University,Uzbekistan,13909,21.0,0.0,63 : 37,,,,,,,63,37,,,,Reporter,
Reporter,Kastamonu University,Turkey,17597,41.0,15.0,45 : 55,,,,,,,45,55,,,,Reporter,
Reporter,Kazakh National Pedagogical University Abai,Kazakhstan,13479,12.6,2.0,61 : 39,,,,,,,61,39,,,,Reporter,
Reporter,University of Kelaniya,Sri Lanka,17082,17.1,3.0,65 : 35,,,,,,,65,35,,,,Reporter,
Reporter,University of Kerbala,Iraq,20327,16.5,0.0,55 : 45,,,,,,,55,45,,,,Reporter,
Reporter,Kermanshah University of Technology,Iran,2251,13.6,0.0,38 : 62,,,,,,,38,62,,,,Reporter,
Reporter,Kharkiv University of Humanities “People’s Ukrainian Academy”,Ukraine,455,5.5,1.0,81 : 19,,,,,,,81,19,,,,Reporter,
Reporter,Kadir Has University,Turkey,4896,23.5,3.0,53 : 47,,,,,,,53,47,,,,Reporter,
Reporter,Khazar University,Azerbaijan,2610,11.3,7.0,54 : 46,,,,,,,54,46,,,,Reporter,
Reporter,Khomein University of Medical Sciences,Iran,782,31.3,0.0,48 : 52,,,,,,,48,52,,,,Reporter,
Reporter,Khulna University,Bangladesh,5921,11.8,0.0,41 : 59,,,,,,,41,59,,,,Reporter,
Reporter,Khwaja Fareed University of Engineering and Information Technology,Pakistan,10713,21.6,0.0,41 : 59,,,,,,,41,59,,,,Reporter,
Reporter,Khyber Medical University,Pakistan,4364,16.5,3.0,40 : 60,,,,,,,40,60,,,,Reporter,
Reporter,Kings University,Nigeria,132,3.3,0.0,42 : 58,,,,,,,42,58,,,,Reporter,
Reporter,University of Kirkuk,Iraq,22867,24.8,0.0,52 : 48,,,,,,,52,48,,,,Reporter,
Reporter,Kitami Institute of Technology,Japan,1965,14.1,4.0,13 : 87,,,,,,,13,87,,,,Reporter,
Reporter,Kobe City University of Foreign Studies,Japan,2287,15.3,4.0,67 : 33,,,,,,,67,33,,,,Reporter,
Reporter,Kobe Gakuin University,Japan,11557,34.3,2.0,38 : 62,,,,,,,38,62,,,,Reporter,
Reporter,Kocaeli Health and Technology University,Turkey,2784,31.6,4.0,66 : 34,,,,,,,66,34,,,,Reporter,
Reporter,Kokshetau State University,Kazakhstan,7047,11.3,5.0,65 : 35,,,,,,,65,35,,,,Reporter,
Reporter,Konan Women’s University,Japan,4416,24.7,1.0,100 : 0,,,,,,,100,0,,,,Reporter,
Reporter,Konya Technical University,Turkey,13016,30.1,4.0,26 : 74,,,,,,,26,74,,,,Reporter,
Reporter,KTO Karatay University,Turkey,8370,26.2,3.0,58 : 42,,,,,,,58,42,,,,Reporter,
Reporter,Kyiv National Economic University,Ukraine,10585,9.4,2.0,61 : 39,,,,,,,61,39,,,,Reporter,
Reporter,Kyoai Gakuen University,Japan,1089,19.4,4.0,66 : 34,,,,,,,66,34,,,,Reporter,
Reporter,Kyrgyz-Turkish Manas University,Kyrgyzstan,5448,14.5,17.0,72 : 28,,,,,,,72,28,,,,Reporter,
Reporter,University of Laghouat,Algeria,34345,35.2,0.0,51 : 49,,,,,,,51,49,,,,Reporter,
Reporter,Lagos State University,Nigeria,28289,37.1,0.0,50 : 50,,,,,,,50,50,,,,Reporter,
Reporter,Knowledge University,Iraq,2125,16.6,1.0,47 : 53,,,,,,,47,53,,,,Reporter,
Reporter,University of Lampung,Indonesia,25782,19.9,0.0,50 : 50,,,,,,,50,50,,,,Reporter,
Reporter,Landmark University,Nigeria,3429,13.4,0.0,34 : 66,,,,,,,34,66,,,,Reporter,
Reporter,La Salle University,Colombia,9869,20.1,1.0,55 : 45,,,,,,,55,45,,,,Reporter,
Reporter,University of Las Américas (UDLA),Ecuador,12767,13.7,1.0,54 : 46,,,,,,,54,46,,,,Reporter,
Reporter,Leeds Arts University,United Kingdom,2065,15.3,12.0,76 : 24,,,,,,,76,24,,,,Reporter,
Reporter,Leeds Conservatoire,United Kingdom,1260,19.4,12.0,33 : 67,,,,,,,33,67,,,,Reporter,
Reporter,Leeds Trinity University,United Kingdom,3230,24.8,9.0,65 : 35,,,,,,,65,35,,,,Reporter,
Reporter,Koya University,Iraq,4536,9.4,1.0,50 : 50,,,,,,,50,50,,,,Reporter,
Reporter,Lesya Ukrainka Volyn National University,Ukraine,8039,10.1,1.0,68 : 32,,,,,,,68,32,,,,Reporter,
Reporter,University of Liberal Arts Bangladesh,Bangladesh,4475,20.2,0.0,49 : 51,,,,,,,49,51,,,,Reporter,
Reporter,Liverpool Hope University,United Kingdom,4025,15.2,13.0,67 : 33,,,,,,,67,33,,,,Reporter,
Reporter,Liverpool Institute for Performing Arts,United Kingdom,865,17.3,23.0,57 : 43,,,,,,,57,43,,,,Reporter,
Reporter,Liverpool School of Tropical Medicine,United Kingdom,210,2.2,39.0,65 : 35,,,,,,,65,35,,,,Reporter,
Reporter,The LNM Institute of Information Technology,India,2136,22.3,0.0,17 : 83,,,,,,,17,83,,,,Reporter,
Reporter,Loei Rajabhat University,Thailand,7433,19.6,0.0,70 : 30,,,,,,,70,30,,,,Reporter,
Reporter,London Business School,United Kingdom,1995,18.1,91.0,38 : 62,,,,,,,38,62,,,,Reporter,
Reporter,London School of Hygiene and Tropical Medicine,United Kingdom,825,1.8,62.0,70 : 30,,,,,,,70,30,,,,Reporter,
Reporter,London Metropolitan University,United Kingdom,8260,21.5,45.0,66 : 34,,,,,,,66,34,,,,Reporter,
Reporter,University of Los Lagos,Chile,5567,16.6,0.0,58 : 42,,,,,,,58,42,,,,Reporter,
Reporter,Universidad Loyola,Spain,3319,13.3,4.0,65 : 35,,,,,,,65,35,,,,Reporter,
Reporter,Malawi University of Science and Technology (MUST),Malawi,2356,12.3,0.0,28 : 72,,,,,,,28,72,,,,Reporter,
Reporter,Management Development Institute (MDI),India,982,12.8,0.0,21 : 79,,,,,,,21,79,,,,Reporter,
Reporter,Marian College Kuttikkanam (Autonomous),India,1755,17.0,0.0,52 : 48,,,,,,,52,48,,,,Reporter,
Reporter,Maritime University of Szczecin,Poland,2559,24.7,13.0,26 : 74,,,,,,,26,74,,,,Reporter,
Reporter,University of Mascara,Algeria,21682,12.0,0.0,61 : 39,,,,,,,61,39,,,,Reporter,
Reporter,Universidad Mayor,Chile,20330,11.0,2.0,57 : 43,,,,,,,57,43,,,,Reporter,
Reporter,University of Medellín,Colombia,9371,17.6,2.0,54 : 46,,,,,,,54,46,,,,Reporter,
Reporter,Meikai University,Japan,4326,16.1,17.0,43 : 57,,,,,,,43,57,,,,Reporter,
Reporter,Michael and Cecilia Ibru University,Nigeria,405,6.9,0.0,41 : 59,,,,,,,41,59,,,,Reporter,
Reporter,"Michael Okpara University of Agriculture, Umudike",Nigeria,23198,21.7,0.0,41 : 59,,,,,,,41,59,,,,Reporter,
Reporter,Middle Technical University,Iraq,37101,26.7,0.0,45 : 55,,,,,,,45,55,,,,Reporter,
Reporter,Mindanao State University – Iligan Institute of Technology,Philippines,9348,18.6,0.0,60 : 40,,,,,,,60,40,,,,Reporter,
Reporter,MIOTI Tech and Business School,Spain,115,38.3,9.0,31 : 69,,,,,,,31,69,,,,Reporter,
Reporter,Mirpur University of Science and Technology,Pakistan,7544,19.8,0.0,44 : 56,,,,,,,44,56,,,,Reporter,
Reporter,University of Misan,Iraq,11855,15.0,0.0,51 : 49,,,,,,,51,49,,,,Reporter,
Reporter,Misr University for Science and Technology,Egypt,24742,18.8,6.0,47 : 53,,,,,,,47,53,,,,Reporter,
Reporter,Mahatma Jyotiba Phule Rohilkhand University,India,3999,20.1,0.0,31 : 69,,,,,,,31,69,,,,Reporter,
Reporter,M. Kumarasamy College of Engineering,India,3772,11.7,0.0,27 : 73,,,,,,,27,73,,,,Reporter,
Reporter,"MNS University of Agriculture, Multan",Pakistan,3266,23.5,0.0,22 : 78,,,,,,,22,78,,,,Reporter,
Reporter,Modern University for Business and Science,Lebanon,1896,16.9,31.0,47 : 53,,,,,,,47,53,,,,Reporter,
Reporter,Université Mohamed El Bachir El Ibrahimi de Bordj Bou Arréridj,Algeria,18000,30.9,0.0,100 : 0,,,,,,,100,0,,,,Reporter,
Reporter,Universidad Monteávila,Venezuela,1054,5.7,0.0,71 : 29,,,,,,,71,29,,,,Reporter,
Reporter,University of Monterrey,Mexico,10814,31.2,1.0,61 : 39,,,,,,,61,39,,,,Reporter,
Reporter,October University for Modern Sciences and Arts (MSA),Egypt,12444,11.4,2.0,50 : 50,,,,,,,50,50,,,,Reporter,
Reporter,Muban Chombueng Rajabhat University,Thailand,4951,17.9,0.0,62 : 38,,,,,,,62,38,,,,Reporter,
Reporter,Mukogawa Women’s University,Japan,8394,26.4,0.0,100 : 0,,,,,,,100,0,,,,Reporter,
Reporter,Mulungushi University,Zambia,6988,54.6,0.0,41 : 59,,,,,,,41,59,,,,Reporter,
Reporter,Mutah University,Jordan,11486,16.1,15.0,46 : 54,,,,,,,46,54,,,,Reporter,
Reporter,Universidad Nacional de Chimborazo,Ecuador,8478,14.7,1.0,57 : 43,,,,,,,57,43,,,,Reporter,
Reporter,Universidad Nacional de Itapúa,Paraguay,5595,5.3,0.0,59 : 41,,,,,,,59,41,,,,Reporter,
Reporter,Nagoya University of Commerce & Business,Japan,3549,29.9,8.0,25 : 75,,,,,,,25,75,,,,Reporter,
Reporter,Najran University,Saudi Arabia,17967,16.9,1.0,69 : 31,,,,,,,69,31,,,,Reporter,
Reporter,Nakhchivan State University,Azerbaijan,7620,14.1,20.0,46 : 54,,,,,,,46,54,,,,Reporter,
Reporter,Namangan Engineering Construction Institute,Uzbekistan,3881,11.8,0.0,18 : 82,,,,,,,18,82,,,,Reporter,
Reporter,Namangan Institute of Engineering and Technology,Uzbekistan,5784,18.1,0.0,21 : 79,,,,,,,21,79,,,,Reporter,
Reporter,Namangan State University,Uzbekistan,20636,31.9,0.0,66 : 34,,,,,,,66,34,,,,Reporter,
Reporter,Nara Institute of Science and Technology,Japan,1043,5.1,24.0,23 : 77,,,,,,,23,77,,,,Reporter,
Reporter,Nara Women’s University,Japan,2612,6.2,5.0,100 : 0,,,,,,,100,0,,,,Reporter,
Reporter,National Aviation University,Ukraine,14239,10.9,5.0,39 : 61,,,,,,,39,61,,,,Reporter,
Reporter,National University of Computer and Emerging Sciences,Pakistan,8291,14.8,2.0,22 : 78,,,,,,,22,78,,,,Reporter,
Reporter,National Film and Television School,United Kingdom,395,7.2,42.0,50 : 50,,,,,,,50,50,,,,Reporter,
Reporter,National University of Medical Sciences (NUMS),Pakistan,1654,5.0,0.0,72 : 28,,,,,,,72,28,,,,Reporter,
Reporter,National University of Mongolia,Mongolia,18647,26.5,2.0,60 : 40,,,,,,,60,40,,,,Reporter,
Reporter,National University Odessa Law Academy,Ukraine,10503,17.7,1.0,60 : 40,,,,,,,60,40,,,,Reporter,
Reporter,The National University of Ostroh Academy,Ukraine,3432,8.8,1.0,57 : 43,,,,,,,57,43,,,,Reporter,
Reporter,National Polytechnic University of Armenia,Armenia,5742,8.7,2.0,20 : 80,,,,,,,20,80,,,,Reporter,
Reporter,National University of Quilmes,Argentina,33703,27.3,2.0,57 : 43,,,,,,,57,43,,,,Reporter,
Reporter,"National University of Science and Technology, Oman",Oman,3986,18.8,14.0,63 : 37,,,,,,,63,37,,,,Reporter,
Reporter,"National University, Sudan",Sudan,5132,12.3,6.0,60 : 40,,,,,,,60,40,,,,Reporter,
Reporter,National Taichung University of Science and Technology,Taiwan,15512,14.9,1.0,70 : 30,,,,,,,70,30,,,,Reporter,
Reporter,National Transport University,Ukraine,7262,11.5,2.0,31 : 69,,,,,,,31,69,,,,Reporter,
Reporter,National University of Water and Environmental Engineering,Ukraine,4344,9.8,3.0,34 : 66,,,,,,,34,66,,,,Reporter,
Reporter,National University “Yuri Kondratyuk Poltava Polytechnic”,Ukraine,5067,8.1,10.0,49 : 51,,,,,,,49,51,,,,Reporter,
Reporter,Navoi State Pedagogical Institute,Uzbekistan,12791,26.4,0.0,72 : 28,,,,,,,72,28,,,,Reporter,
Reporter,Universitas Negeri Surabaya,Indonesia,29840,24.5,0.0,64 : 36,,,,,,,64,36,,,,Reporter,
Reporter,Newman University,United Kingdom,2325,17.9,12.0,76 : 24,,,,,,,76,24,,,,Reporter,
Reporter,Niger Delta University,Nigeria,20608,25.9,0.0,45 : 55,,,,,,,45,55,,,,Reporter,
Reporter,"Nigerian Police Academy, Wudil",Nigeria,3087,21.9,0.0,16 : 84,,,,,,,16,84,,,,Reporter,
Reporter,Nihon Pharmaceutical University,Japan,1618,18.4,4.0,48 : 52,,,,,,,48,52,,,,Reporter,
Reporter,Niigata University of Health and Welfare,Japan,4410,17.2,0.0,51 : 49,,,,,,,51,49,,,,Reporter,
Reporter,University of Niigata Prefecture,Japan,1196,14.8,1.0,76 : 24,,,,,,,76,24,,,,Reporter,
Reporter,Nile University,Egypt,2168,14.4,2.0,28 : 72,,,,,,,28,72,,,,Reporter,
Reporter,Ninevah University,Iraq,3707,13.6,0.0,42 : 58,,,,,,,42,58,,,,Reporter,
Reporter,Nitte (Deemed to be University),India,4408,7.7,1.0,65 : 35,,,,,,,65,35,,,,Reporter,
Reporter,University of Northampton,United Kingdom,9945,16.9,33.0,64 : 36,,,,,,,64,36,,,,Reporter,
Reporter,Northeast Ohio Medical University,United States,955,11.8,0.0,54 : 46,,,,,,,54,46,,,,Reporter,
Reporter,Northern Technical University,Iraq,21400,27.5,0.0,48 : 52,,,,,,,48,52,,,,Reporter,
Reporter,Norwich University of the Arts,United Kingdom,2290,15.8,13.0,61 : 39,,,,,,,61,39,,,,Reporter,
Reporter,University of Nova Gorica,Slovenia,416,3.5,54.0,48 : 52,,,,,,,48,52,,,,Reporter,
Reporter,Novena University,Nigeria,1981,25.4,0.0,42 : 58,,,,,,,42,58,,,,Reporter,
Reporter,Nursing School of Coimbra,Portugal,2138,23.0,7.0,85 : 15,,,,,,,85,15,,,,Reporter,
Reporter,October 6 University,Egypt,25927,20.8,3.0,49 : 51,,,,,,,49,51,,,,Reporter,
Reporter,Oguz Han Engineering and Technology University of Turkmenistan,Turkmenistan,2223,13.2,0.0,52 : 48,,,,,,,52,48,,,,Reporter,
Reporter,Olusegun Agagu University of Science and Technology,Nigeria,6474,29.4,0.0,28 : 72,,,,,,,28,72,,,,Reporter,
Reporter,ORT Uruguay University,Uruguay,4151,6.7,2.0,47 : 53,,,,,,,47,53,,,,Reporter,
Reporter,Ostrogradsky National University of Kremenchuk,Ukraine,4106,11.8,0.0,38 : 62,,,,,,,38,62,,,,Reporter,
Reporter,Palestine Polytechnic University,Palestine,4812,27.0,3.0,55 : 45,,,,,,,55,45,,,,Reporter,
Reporter,Palestine Technical University – Kadoorie,Palestine,7013,18.3,4.0,59 : 41,,,,,,,59,41,,,,Reporter,
Reporter,Panteion University of Social and Political Sciences,Greece,12615,62.5,2.0,52 : 48,,,,,,,52,48,,,,Reporter,
Reporter,Paris University of International Education,France,445,29.7,100.0,32 : 68,,,,,,,32,68,,,,Reporter,
Reporter,Pavlo Tychyna Uman State Pedagogical University,Ukraine,9149,17.5,2.0,32 : 68,,,,,,,32,68,,,,Reporter,
Reporter,University of Petra,Jordan,6538,19.9,21.0,57 : 43,,,,,,,57,43,,,,Reporter,
Reporter,Pharos University,Egypt,11106,14.1,6.0,49 : 51,,,,,,,49,51,,,,Reporter,
Reporter,University of Phayao,Thailand,18057,20.7,0.0,68 : 32,,,,,,,68,32,,,,Reporter,
Reporter,Philadelphia University (Jordan),Jordan,3615,20.1,36.0,41 : 59,,,,,,,41,59,,,,Reporter,
Reporter,Plymouth Marjon University,United Kingdom,1845,18.5,3.0,61 : 39,,,,,,,61,39,,,,Reporter,
Reporter,Polytechnic University of Tirana,Albania,8591,16.2,2.0,,,,,,,,,,,,,Reporter,
Reporter,Poltava V.G. Korolenko National Pedagogical University (PNPU),Ukraine,3812,5.8,0.0,51 : 49,,,,,,,51,49,,,,Reporter,
Reporter,Polytechnic Institute of Setúbal,Portugal,7829,17.3,6.0,54 : 46,,,,,,,54,46,,,,Reporter,
Reporter,Universidad Popular Autónoma del Estado de Puebla,Mexico,11279,16.1,1.0,60 : 40,,,,,,,60,40,,,,Reporter,
Reporter,Prefectural University of Hiroshima,Japan,2623,12.3,2.0,65 : 35,,,,,,,65,35,,,,Reporter,
Reporter,Prince Sultan University (PSU),,4772,19.4,15.0,56 : 44,,,,,,,56,44,,,,Reporter,
Reporter,"University of Professional Studies, Accra",Ghana,14017,39.8,0.0,46 : 54,,,,,,,46,54,,,,Reporter,
Reporter,University of Puthisastra,Cambodia,1649,2.9,0.0,55 : 45,,,,,,,55,45,,,,Reporter,
Reporter,Queen Margaret University,United Kingdom,3905,20.6,31.0,77 : 23,,,,,,,77,23,,,,Reporter,
Reporter,Rajamangala University of Technology Isan,Thailand,24166,9.5,0.0,46 : 54,,,,,,,46,54,,,,Reporter,
Reporter,Ravensbourne,United Kingdom,2375,22.6,30.0,50 : 50,,,,,,,50,50,,,,Reporter,
Reporter,Rawalpindi Medical University,Pakistan,3304,8.4,1.0,69 : 31,,,,,,,69,31,,,,Reporter,
Reporter,Rennes School of Business,France,3098,31.3,33.0,50 : 50,,,,,,,50,50,,,,Reporter,
Reporter,REVA University,India,13467,21.3,1.0,33 : 67,,,,,,,33,67,,,,Reporter,
Reporter,Rose Bruford College,United Kingdom,655,18.7,18.0,60 : 40,,,,,,,60,40,,,,Reporter,
Reporter,Royal Agricultural University,United Kingdom,1015,20.3,14.0,51 : 49,,,,,,,51,49,,,,Reporter,
Reporter,"Royal Central School of Speech and Drama, University of London",United Kingdom,1035,15.9,36.0,68 : 32,,,,,,,68,32,,,,Reporter,
Reporter,Royal College of Art,United Kingdom,2405,20.9,77.0,69 : 31,,,,,,,69,31,,,,Reporter,
Reporter,Royal Conservatoire of Scotland,United Kingdom,1190,10.8,38.0,57 : 43,,,,,,,57,43,,,,Reporter,
Reporter,Royal Academy of Music,United Kingdom,830,9.8,47.0,49 : 51,,,,,,,49,51,,,,Reporter,
Reporter,Royal College of Music,United Kingdom,860,10.8,57.0,52 : 48,,,,,,,52,48,,,,Reporter,
Reporter,Royal Northern College of Music,United Kingdom,870,10.9,33.0,50 : 50,,,,,,,50,50,,,,Reporter,
Reporter,University of Sadat City,Egypt,30141,34.4,4.0,54 : 46,,,,,,,54,46,,,,Reporter,
Reporter,University of Saint Joseph,,1141,10.7,24.0,62 : 38,,,,,,,62,38,,,,Reporter,
Reporter,Sakon Nakhon Rajabhat University,Thailand,9328,20.1,0.0,64 : 36,,,,,,,64,36,,,,Reporter,
Reporter,Salahaddin University,Iraq,25189,10.7,1.0,55 : 45,,,,,,,55,45,,,,Reporter,
Reporter,Salem University,Nigeria,513,3.9,1.0,40 : 60,,,,,,,40,60,,,,Reporter,
Reporter,Samarkand State University,Uzbekistan,15754,17.2,0.0,50 : 50,,,,,,,50,50,,,,Reporter,
Reporter,Samarkand State Institute of Foreign Languages,Uzbekistan,5010,10.9,0.0,74 : 26,,,,,,,74,26,,,,Reporter,
Reporter,Samuel Adegboyega University,Nigeria,390,5.4,0.0,51 : 49,,,,,,,51,49,,,,Reporter,
Reporter,Universidad San Ignacio de Loyola,Peru,21556,35.9,1.0,51 : 49,,,,,,,51,49,,,,Reporter,
Reporter,University of San Martín de Porres,Peru,40234,18.0,0.0,61 : 39,,,,,,,61,39,,,,Reporter,
Reporter,University of Santo Tomas,Philippines,26511,13.3,7.0,51 : 49,,,,,,,51,49,,,,Reporter,
Reporter,Satya Wacana Christian University,Indonesia,16132,35.5,0.0,45 : 55,,,,,,,45,55,,,,Reporter,
Reporter,Saudi Electronic University,Saudi Arabia,21756,24.3,6.0,48 : 52,,,,,,,48,52,,,,Reporter,
Reporter,SBS Swiss Business School,Switzerland,1644,10.3,57.0,42 : 58,,,,,,,42,58,,,,Reporter,
Reporter,University of Science and Technology of Southern Philippines (USTP),Philippines,9222,32.5,0.0,60 : 40,,,,,,,60,40,,,,Reporter,
Reporter,Sefako Makgatho Health Sciences University,South Africa,6306,9.9,1.0,62 : 38,,,,,,,62,38,,,,Reporter,
Reporter,Senshu University,Japan,17933,23.0,3.0,35 : 65,,,,,,,35,65,,,,Reporter,
Reporter,Shaheed Benazir Bhutto Women University Peshawar,Pakistan,5677,38.6,0.0,100 : 0,,,,,,,100,0,,,,Reporter,
Reporter,Shaheed Zulfiqar Ali Bhutto Medical University,Pakistan,4803,8.6,1.0,55 : 45,,,,,,,55,45,,,,Reporter,
Reporter,The University of Shiga Prefecture,Japan,2853,14.1,1.0,49 : 51,,,,,,,49,51,,,,Reporter,
Reporter,Shonan Institute of Technology,Japan,2234,29.4,9.0,7 : 93,,,,,,,7,93,,,,Reporter,
Reporter,Samarkand State Medical University,Uzbekistan,7200,10.2,1.0,41 : 59,,,,,,,41,59,,,,Reporter,
Reporter,Shri Mata Vaishno Devi University,India,1805,15.0,0.0,40 : 60,,,,,,,40,60,,,,Reporter,
Reporter,Sikkim Manipal University,India,3013,10.5,2.0,31 : 69,,,,,,,31,69,,,,Reporter,
Reporter,Silesian University in Opava,Czech Republic,5322,20.4,6.0,71 : 29,,,,,,,71,29,,,,Reporter,
Reporter,Simón Bolívar University,Venezuela,4462,10.5,0.0,43 : 57,,,,,,,43,57,,,,Reporter,
Reporter,Simón Bolívar University (Colombia),Colombia,18482,18.2,1.0,60 : 40,,,,,,,60,40,,,,Reporter,
Reporter,Sir Syed University of Engineering and Technology,Pakistan,5879,14.1,0.0,14 : 86,,,,,,,14,86,,,,Reporter,
Reporter,Sokoto State University,Nigeria,8244,23.8,0.0,25 : 75,,,,,,,25,75,,,,Reporter,
Reporter,"Solent University, Southampton",United Kingdom,8640,16.1,30.0,45 : 55,,,,,,,45,55,,,,Reporter,
Reporter,University of Sopron,Hungary,2847,14.9,3.0,63 : 37,,,,,,,63,37,,,,Reporter,
Reporter,Soran University,Iraq,4596,9.5,0.0,50 : 50,,,,,,,50,50,,,,Reporter,
Reporter,University of South Santa Catarina (Unisul),Brazil,16602,18.8,0.0,52 : 48,,,,,,,52,48,,,,Reporter,
Reporter,SR University,India,3238,13.1,0.0,49 : 51,,,,,,,49,51,,,,Reporter,
Reporter,Sri Balaji Vidyapeeth,India,3850,7.4,1.0,53 : 47,,,,,,,53,47,,,,Reporter,
Reporter,University of Sri Jayewardenepura,Sri Lanka,17069,23.4,0.0,62 : 38,,,,,,,62,38,,,,Reporter,
Reporter,Sri Lanka Institute of Information Technology,Sri Lanka,11151,38.7,0.0,37 : 63,,,,,,,37,63,,,,Reporter,
Reporter,Sri Padmavati Mahila Visvavidyalayam (Women's University),India,5475,19.6,6.0,83 : 17,,,,,,,83,17,,,,Reporter,
Reporter,State University of Bahia,Brazil,20384,10.2,0.0,67 : 33,,,,,,,67,33,,,,Reporter,
Reporter,State Energy Institute of Turkmenistan,Turkmenistan,2134,11.5,2.0,28 : 72,,,,,,,28,72,,,,Reporter,
Reporter,"St Mary’s University College, Belfast",United Kingdom,915,22.9,48.0,74 : 26,,,,,,,74,26,,,,Reporter,
Reporter,"St Mary’s University, Twickenham",United Kingdom,4740,18.2,25.0,54 : 46,,,,,,,54,46,,,,Reporter,
Reporter,Stranmillis University College,United Kingdom,1060,23.6,18.0,79 : 21,,,,,,,79,21,,,,Reporter,
Reporter,Suez University,Egypt,18010,21.8,2.0,55 : 45,,,,,,,55,45,,,,Reporter,
Reporter,University of Suffolk,United Kingdom,3245,16.6,14.0,71 : 29,,,,,,,71,29,,,,Reporter,
Reporter,Sugiyama Jogakuen University,Japan,6064,29.4,0.0,100 : 0,,,,,,,100,0,,,,Reporter,
Reporter,Sulaimani Polytechnic University,Iraq,3762,11.4,0.0,50 : 50,,,,,,,50,50,,,,Reporter,
Reporter,Suratthani Rajabhat University,Thailand,12086,24.6,0.0,71 : 29,,,,,,,71,29,,,,Reporter,
Reporter,Széchenyi István University,Hungary,9299,14.7,5.0,43 : 57,,,,,,,43,57,,,,Reporter,
Reporter,Tafila Technical University,Jordan,4094,21.9,1.0,43 : 57,,,,,,,43,57,,,,Reporter,
Reporter,University of Taipei,Taiwan,7988,17.6,2.0,60 : 40,,,,,,,60,40,,,,Reporter,
Reporter,Tama Art University,Japan,4719,32.8,11.0,73 : 27,,,,,,,73,27,,,,Reporter,
Reporter,Tarlac Agricultural University,Philippines,5351,24.3,0.0,56 : 44,,,,,,,56,44,,,,Reporter,
Reporter,Tarsus University,Turkey,2556,27.8,2.0,42 : 58,,,,,,,42,58,,,,Reporter,
Reporter,Tashkent Institute of Finance,Uzbekistan,8370,21.2,1.0,29 : 71,,,,,,,29,71,,,,Reporter,
Reporter,Tashkent University of Information Technologies,Uzbekistan,14404,15.5,0.0,22 : 78,,,,,,,22,78,,,,Reporter,
Reporter,Tashkent Institute of Irrigation and Agricultural Mechanisation,Uzbekistan,5750,7.1,5.0,24 : 76,,,,,,,24,76,,,,Reporter,
Reporter,Tashkent Medical Academy,Uzbekistan,6495,8.8,2.0,42 : 58,,,,,,,42,58,,,,Reporter,
Reporter,Tashkent Pediatric Medical Institute,Uzbekistan,5704,10.1,1.0,50 : 50,,,,,,,50,50,,,,Reporter,
Reporter,Tashkent Pharmaceutical Institute,Uzbekistan,3313,12.2,13.0,64 : 36,,,,,,,64,36,,,,Reporter,
Reporter,Tashkent State Agrarian University,Uzbekistan,11560,13.5,0.0,51 : 49,,,,,,,51,49,,,,Reporter,
Reporter,Tashkent State Dental Institute,Uzbekistan,4609,8.9,3.0,52 : 48,,,,,,,52,48,,,,Reporter,
Reporter,Tashkent State University of Law,Uzbekistan,4819,10.6,1.0,27 : 73,,,,,,,27,73,,,,Reporter,
Reporter,Université Sultan Moulay Slimane,Morocco,31042,50.0,0.0,51 : 49,,,,,,,51,49,,,,Reporter,
Reporter,Tashkent State University of Oriental Studies,Uzbekistan,4291,16.1,1.0,51 : 49,,,,,,,51,49,,,,Reporter,
Reporter,Tashkent State Technical University,Uzbekistan,14591,14.2,0.0,17 : 83,,,,,,,17,83,,,,Reporter,
Reporter,Tashkent State Transport University,Uzbekistan,17319,24.9,0.0,9 : 91,,,,,,,9,91,,,,Reporter,
Reporter,Tashkent Institute of Textile and Light Industry,Uzbekistan,4266,11.7,0.0,40 : 60,,,,,,,40,60,,,,Reporter,
Reporter,Tatung University,Taiwan,4036,19.6,3.0,39 : 61,,,,,,,39,61,,,,Reporter,
Reporter,Tecmilenio University,Mexico,2932,16.5,1.0,45 : 55,,,,,,,45,55,,,,Reporter,
Reporter,Tecnológico de Costa Rica,Costa Rica,10651,13.8,2.0,35 : 65,,,,,,,35,65,,,,Reporter,
Reporter,Instituto Tecnológico Metropolitano,Colombia,25333,28.6,0.0,44 : 56,,,,,,,44,56,,,,Reporter,
Reporter,Institut Teknologi Nasional Bandung (ITENAS Bandung),Indonesia,5548,23.0,0.0,27 : 73,,,,,,,27,73,,,,Reporter,
Reporter,University of Telafer,Iraq,1456,30.3,0.0,44 : 56,,,,,,,44,56,,,,Reporter,
Reporter,Tenri University,Japan,3147,22.5,5.0,34 : 66,,,,,,,34,66,,,,Reporter,
Reporter,Termez State University,Uzbekistan,25070,35.7,1.0,49 : 51,,,,,,,49,51,,,,Reporter,
Reporter,Termez Institute of Engineering and Technology,Uzbekistan,4296,36.7,0.0,15 : 85,,,,,,,15,85,,,,Reporter,
Reporter,Tikrit University,Iraq,36905,13.1,0.0,36 : 64,,,,,,,36,64,,,,Reporter,
Reporter,Tokyo University of Foreign Studies,Japan,4413,17.9,11.0,66 : 34,,,,,,,66,34,,,,Reporter,
Reporter,Tashkent State University of Economics,,8304,14.2,1.0,27 : 73,,,,,,,27,73,,,,Reporter,
Reporter,Toyama Prefectural University,Japan,1630,8.2,2.0,26 : 74,,,,,,,26,74,,,,Reporter,
Reporter,Trinity Laban Conservatoire of Music and Dance,United Kingdom,1180,9.8,31.0,67 : 33,,,,,,,67,33,,,,Reporter,
Reporter,Turin Polytechnic University in Tashkent,Uzbekistan,1752,18.8,4.0,13 : 87,,,,,,,13,87,,,,Reporter,
Reporter,Ubon Ratchathani University,Thailand,15717,22.1,0.0,67 : 33,,,,,,,67,33,,,,Reporter,
Reporter,UBT,Kosovo,9757,15.5,4.0,45 : 55,,,,,,,45,55,,,,Reporter,
Reporter,UIN Sulthan Thaha Saifuddin Jambi,Indonesia,16859,47.5,1.0,56 : 44,,,,,,,56,44,,,,Reporter,
Reporter,Umaru Musa Yar’adua University,Nigeria,10334,20.3,0.0,27 : 73,,,,,,,27,73,,,,Reporter,
Reporter,Unichristus,Brazil,5497,15.4,0.0,67 : 33,,,,,,,67,33,,,,Reporter,
Reporter,United International University,Bangladesh,4632,21.4,1.0,30 : 70,,,,,,,30,70,,,,Reporter,
Reporter,Universidad del Pacífico Ecuador,Ecuador,651,13.9,2.0,58 : 42,,,,,,,58,42,,,,Reporter,
Reporter,University College of Osteopathy,United Kingdom,390,11.1,28.0,55 : 45,,,,,,,55,45,,,,Reporter,
Reporter,Institute of Telecommunications and Informatics of Turkmenistan,Turkmenistan,2900,9.7,0.0,24 : 76,,,,,,,24,76,,,,Reporter,
Reporter,UNNOBA,Argentina,8614,12.4,2.0,58 : 42,,,,,,,58,42,,,,Reporter,
Reporter,Urgench State University,Uzbekistan,22548,21.3,5.0,58 : 42,,,,,,,58,42,,,,Reporter,
Reporter,Üsküdar University,Turkey,22967,43.3,11.0,64 : 36,,,,,,,64,36,,,,Reporter,
Reporter,"Usmanu Danfodiyo University, Sokoto",Nigeria,24553,19.1,0.0,31 : 69,,,,,,,31,69,,,,Reporter,
Reporter,Universidad UTE,Ecuador,10628,19.0,1.0,48 : 52,,,,,,,48,52,,,,Reporter,
Reporter,University of Uyo,Nigeria,18911,30.4,0.0,42 : 58,,,,,,,42,58,,,,Reporter,
Reporter,National University of Uzbekistan named after Mirzo Ulugbek,,21785,16.4,1.0,50 : 50,,,,,,,50,50,,,,Reporter,
Reporter,Valahia University of Targoviste,Romania,5551,20.6,1.0,46 : 54,,,,,,,46,54,,,,Reporter,
Reporter,University of Vale do Itajaí,Brazil,9018,18.0,1.0,58 : 42,,,,,,,58,42,,,,Reporter,
Reporter,Varendra University,Bangladesh,4213,28.3,0.0,36 : 64,,,,,,,36,64,,,,Reporter,
Reporter,Varna University of Management,Bulgaria,618,19.3,33.0,48 : 52,,,,,,,48,52,,,,Reporter,
Reporter,"Veritas University, Abuja",Nigeria,3291,13.2,2.0,56 : 44,,,,,,,56,44,,,,Reporter,
Reporter,University of Veterinary Medicine and Pharmacy in Košice,Slovakia,1717,7.2,40.0,83 : 17,,,,,,,83,17,,,,Reporter,
Reporter,Vila Velha University,Brazil,4902,18.5,1.0,59 : 41,,,,,,,59,41,,,,Reporter,
Reporter,Virtual University of Tunis,Tunisia,2048,43.6,1.0,,,,,,,,,,,,,Reporter,
Reporter,Visayas State University,Philippines,6163,13.8,0.0,59 : 41,,,,,,,59,41,,,,Reporter,
Reporter,University of Wales Trinity Saint David,United Kingdom,9280,19.7,25.0,59 : 41,,,,,,,59,41,,,,Reporter,
Reporter,​Wellspring University,Nigeria,313,12.5,0.0,67 : 33,,,,,,,67,33,,,,Reporter,
Reporter,Western Caspian University,Azerbaijan,3245,7.7,5.0,59 : 41,,,,,,,59,41,,,,Reporter,
Reporter,University of West London,United Kingdom,9510,15.9,42.0,60 : 40,,,,,,,60,40,,,,Reporter,
Reporter,West Ukrainian National University,Ukraine,9408,13.7,3.0,42 : 58,,,,,,,42,58,,,,Reporter,
Reporter,West Virginia University,United States,25500,18.4,5.0,52 : 48,,,,,,,52,48,,,,Reporter,
Reporter,WHU: Beisheim,Germany,1664,29.7,29.0,32 : 68,,,,,,,32,68,,,,Reporter,
Reporter,University of Worcester,United Kingdom,7400,16.8,13.0,69 : 31,,,,,,,69,31,,,,Reporter,
Reporter,Uzhhorod National University,Ukraine,14836,11.5,11.0,55 : 45,,,,,,,55,45,,,,Reporter,
Reporter,The World Islamic Sciences and Education University (WISE),Jordan,7157,24.9,12.0,62 : 38,,,,,,,62,38,,,,Reporter,
Reporter,Wrexham Glyndwr University,United Kingdom,3520,22.0,14.0,61 : 39,,,,,,,61,39,,,,Reporter,
Reporter,Writtle University College,United Kingdom,655,7.7,10.0,79 : 21,,,,,,,79,21,,,,Reporter,
Reporter,WSB Academy,Poland,4346,6.2,33.0,49 : 51,,,,,,,49,51,,,,Reporter,
Reporter,Yagshigeldi Kakayev International University of Oil and Gas,Turkmenistan,4545,9.8,1.0,30 : 70,,,,,,,30,70,,,,Reporter,
Reporter,Yamaguchi Prefectural University,Japan,1363,12.7,2.0,86 : 14,,,,,,,86,14,,,,Reporter,
Reporter,Yogyakarta State University,Indonesia,23685,18.5,1.0,59 : 41,,,,,,,59,41,,,,Reporter,
Reporter,York St John University,United Kingdom,6315,18.6,12.0,65 : 35,,,,,,,65,35,,,,Reporter,
Reporter,"Yusuf Maitama Sule University, Kano",Nigeria,12880,33.0,0.0,48 : 52,,,,,,,48,52,,,,Reporter,
Reporter,Zhytomyr Polytechnic State University,Ukraine,3869,15.4,1.0,34 : 66,,,,,,,34,66,,,,Reporter,
Reporter,Ziauddin University,Pakistan,4906,8.8,1.0,63 : 37,,,,,,,63,37,,,,Reporter,
