university_id,university_name,country_name,openalex_id,openalex_display_name,openalex_country_code,openalex_country,openalex_ror,openalex_works_count,openalex_works_2023,openalex_works_2024,openalex_works_2025,normalized_university_name,normalized_openalex_name,name_similarity,country_match,publication_match_status
U0001,massachusetts institute of technology (mit),United States,,,,,,,,,,massachusetts institute of technology,ragon institute of mgh massachusetts institute of technology and harvard,0.6788990825688074,True,Rejected
U0002,imperial college london,United Kingdom,https://openalex.org/I47508984,Imperial College London,GB,United Kingdom,https://ror.org/041kmwe10,393820.0,23056.0,23758.0,22698.0,imperial college london,imperial college london,1.0,True,Validated
U0003,university of oxford,United Kingdom,https://openalex.org/I40120149,University of Oxford,GB,United Kingdom,https://ror.org/052gg0110,601867.0,45273.0,32787.0,34812.0,university of oxford,university of oxford,1.0,True,Validated
U0004,harvard university,United States,https://openalex.org/I136199984,Harvard University,US,United States,https://ror.org/03vek6s52,713785.0,35925.0,33782.0,33883.0,harvard university,harvard university,1.0,True,Validated
U0005,university of cambridge,United Kingdom,https://openalex.org/I241749,University of Cambridge,GB,United Kingdom,https://ror.org/013meh722,469139.0,22302.0,23073.0,23931.0,university of cambridge,university of cambridge,1.0,True,Validated
U0006,stanford university,United States,https://openalex.org/I97018004,Stanford University,US,United States,https://ror.org/00f54p054,538422.0,25371.0,26081.0,26686.0,stanford university,stanford university,1.0,True,Validated
U0007,eth zurich - swiss federal institute of technology,Switzerland,,,,,,,,,,eth zurich swiss federal institute of technology,eth zurich,0.3448275862068966,True,Rejected
U0008,national university of singapore (nus),Singapore,https://openalex.org/I4210126319,Duke-NUS Medical School,SG,Singapore,https://ror.org/02j1m6098,25433.0,2256.0,2559.0,2324.0,national university of singapore,duke national university of singapore medical school,0.7619047619047619,True,Review
U0009,ucl,United Kingdom,https://openalex.org/I45129253,University College London,GB,United Kingdom,https://ror.org/02jx3x895,598475.0,34143.0,37008.0,35477.0,university college london,university college london,1.0,True,Validated
U0010,california institute of technology (caltech),United States,https://openalex.org/I122411786,California Institute of Technology,US,United States,https://ror.org/05dxps055,248293.0,6539.0,6951.0,6075.0,california institute of technology,california institute of technology,1.0,True,Validated
U0011,university of pennsylvania,United States,https://openalex.org/I79576946,University of Pennsylvania,US,United States,https://ror.org/00b30xv10,388838.0,17150.0,17178.0,17172.0,university of pennsylvania,university of pennsylvania,1.0,True,Validated
U0012,"university of california, berkeley (ucb)",United States,,,,,,,,,,university of california berkeley,,0.0,False,Unmatched
U0013,the university of melbourne,Australia,https://openalex.org/I165779595,The University of Melbourne,AU,Australia,https://ror.org/01ej9dk98,349437.0,21837.0,22572.0,21992.0,university of melbourne,university of melbourne,1.0,True,Validated
U0014,peking university,China (Mainland),https://openalex.org/I20231570,Peking University,CN,China,https://ror.org/02v51f717,400530.0,35166.0,33132.0,34255.0,peking university,peking university,1.0,True,Validated
U0015,"nanyang technological university, singapore (ntu)",Singapore,,,,,,,,,,nanyang technological university singapore,,0.0,False,Unmatched
U0016,cornell university,United States,https://openalex.org/I205783295,Cornell University,US,United States,https://ror.org/05bnh6r87,482412.0,21240.0,23448.0,22809.0,cornell university,cornell university,1.0,True,Validated
U0017,the university of hong kong,Hong Kong SAR,,,,,,,,,,university of hong kong,hong kong university of science and technology,0.4927536231884058,True,Rejected
U0018,the university of sydney,Australia,https://openalex.org/I129604602,The University of Sydney,AU,Australia,https://ror.org/0384j8v12,339262.0,19206.0,19302.0,18647.0,university of sydney,university of sydney,1.0,True,Validated
U0019,the university of new south wales (unsw sydney),Australia,,,,,,,,,,university of new south wales,,0.0,False,Unmatched
U0020,tsinghua university,China (Mainland),https://openalex.org/I99065089,Tsinghua University,CN,China,https://ror.org/03cve4549,385984.0,26836.0,29771.0,32421.0,tsinghua university,tsinghua university,1.0,True,Validated
U0021,university of chicago,United States,https://openalex.org/I40347166,University of Chicago,US,United States,https://ror.org/024mw5h28,317399.0,14703.0,15500.0,16419.0,university of chicago,university of chicago,1.0,True,Validated
U0022,princeton university,United States,https://openalex.org/I20089843,Princeton University,US,United States,https://ror.org/00hx57361,218226.0,9012.0,8832.0,9048.0,princeton university,princeton university,1.0,True,Validated
U0023,yale university,United States,https://openalex.org/I32971472,Yale University,US,United States,https://ror.org/03v76x132,421451.0,18783.0,27874.0,31608.0,yale university,yale university,1.0,True,Validated
U0024,université psl,France,,,,,,,,,,universite psl,universite paris sciences et lettres,0.56,True,Rejected
U0025,university of toronto,Canada,https://openalex.org/I185261750,University of Toronto,CA,Canada,https://ror.org/03dbr7087,563786.0,30277.0,30588.0,28447.0,university of toronto,university of toronto,1.0,True,Validated
U0026,epfl,Switzerland,https://openalex.org/I5124864,École Polytechnique Fédérale de Lausanne,CH,Switzerland,https://ror.org/02s376052,176290.0,9357.0,9571.0,9690.0,ecole polytechnique federale de lausanne,ecole polytechnique federale de lausanne,1.0,True,Validated
U0027,the university of edinburgh,United Kingdom,,,,,,,,,,university of edinburgh,,0.0,False,Unmatched
U0028,technical university of munich,Germany,https://openalex.org/I62916508,Technical University of Munich,DE,Germany,https://ror.org/02kkvpp62,233350.0,14521.0,15374.0,14995.0,technical university of munich,technical university of munich,1.0,True,Validated
U0029,mcgill university,Canada,https://openalex.org/I5023651,McGill University,CA,Canada,https://ror.org/01pxwe438,297266.0,14866.0,15083.0,14346.0,mcgill university,mcgill university,1.0,True,Validated
U0030,the australian national university,Australia,,,,,,,,,,australian national university,,0.0,False,Unmatched
U0031,seoul national university,South Korea,https://openalex.org/I139264467,Seoul National University,KR,South Korea,https://ror.org/04h9pn542,249707.0,13751.0,17794.0,13842.0,seoul national university,seoul national university,1.0,True,Validated
U0032,johns hopkins university,United States,https://openalex.org/I145311948,Johns Hopkins University,US,United States,https://ror.org/00za53h95,504352.0,24621.0,26157.0,25502.0,johns hopkins university,johns hopkins university,1.0,True,Validated
U0033,the university of tokyo,Japan,https://openalex.org/I74801974,The University of Tokyo,JP,Japan,https://ror.org/057zh3y96,514424.0,20442.0,19234.0,19236.0,university of tokyo,university of tokyo,1.0,True,Validated
U0034,columbia university,United States,https://openalex.org/I78577930,Columbia University,US,United States,https://ror.org/00hj8s172,393779.0,16689.0,17016.0,17878.0,columbia university,columbia university,1.0,True,Validated
U0035,the university of manchester,United Kingdom,,,,,,,,,,university of manchester,,0.0,False,Unmatched
U0036,the chinese university of hong kong (cuhk),Hong Kong SAR,,,,,,,,,,chinese university of hong kong,,0.0,False,Unmatched
U0037,monash university,Australia,https://openalex.org/I56590836,Monash University,AU,Australia,https://ror.org/02bfwt286,288412.0,20407.0,19067.0,19116.0,monash university,monash university,1.0,True,Validated
U0038,university of british columbia,Canada,https://openalex.org/I141945490,University of British Columbia,CA,Canada,https://ror.org/03rmrcq20,383643.0,19145.0,19433.0,18258.0,university of british columbia,university of british columbia,1.0,True,Validated
U0039,fudan university,China (Mainland),https://openalex.org/I24943067,Fudan University,CN,China,https://ror.org/013q1eq08,247095.0,21831.0,22615.0,22314.0,fudan university,fudan university,1.0,True,Validated
U0040,king's college london,United Kingdom,https://openalex.org/I183935753,King's College London,GB,United Kingdom,https://ror.org/0220mzb33,259003.0,16463.0,17089.0,16189.0,king s college london,king s college london,1.0,True,Validated
U0041,the university of queensland,Australia,https://openalex.org/I165143802,The University of Queensland,AU,Australia,https://ror.org/00rqy9422,282584.0,16435.0,16371.0,15270.0,university of queensland,university of queensland,1.0,True,Validated
U0042,"university of california, los angeles (ucla)",United States,,,,,,,,,,university of california los angeles,university of california los angeles clinical and translational science institute,0.6153846153846154,False,Rejected
U0043,new york university (nyu),United States,https://openalex.org/I4210086933,NYU Langone Health,US,United States,https://ror.org/005dvqh91,39691.0,3175.0,3244.0,3347.0,new york university,new york university langone health,0.7169811320754716,True,Review
U0044,university of michigan-ann arbor,United States,https://openalex.org/I27837315,University of Michigan,US,United States,https://ror.org/00jmfr291,993812.0,23660.0,24653.0,24451.0,university of michigan ann arbor,university of michigan,0.8148148148148148,True,Validated
U0045,shanghai jiao tong university,China (Mainland),https://openalex.org/I183067930,Shanghai Jiao Tong University,CN,China,https://ror.org/0220qvk04,374382.0,32936.0,34387.0,34426.0,shanghai jiao tong university,shanghai jiao tong university,1.0,True,Validated
U0046,institut polytechnique de paris,France,https://openalex.org/I4210145102,Institut Polytechnique de Paris,FR,France,https://ror.org/042tfbd02,9765.0,735.0,759.0,822.0,institut polytechnique de paris,institut polytechnique de paris,1.0,True,Validated
U0047,the hong kong university of science and technology,Hong Kong SAR,,,,,,,,,,hong kong university of science and technology,hong kong university of science and technology,1.0,True,Review
U0048,zhejiang university,China (Mainland),https://openalex.org/I76130692,Zhejiang University,CN,China,https://ror.org/00a2xv884,377379.0,32414.0,34829.0,34455.0,zhejiang university,zhejiang university,1.0,True,Validated
U0049,delft university of technology,Netherlands,https://openalex.org/I98358874,Delft University of Technology,NL,The Netherlands,https://ror.org/02e2c7k09,179392.0,10559.0,10792.0,10659.0,delft university of technology,delft university of technology,1.0,True,Validated
U0050,kyoto university,Japan,https://openalex.org/I22299242,Kyoto University,JP,Japan,https://ror.org/02kpeqv85,364803.0,12669.0,12136.0,13001.0,kyoto university,kyoto university,1.0,True,Validated
U0051,northwestern university,United States,https://openalex.org/I111979921,Northwestern University,US,United States,https://ror.org/000e0be47,267693.0,11717.0,11493.0,11478.0,northwestern university,northwestern university,1.0,True,Validated
U0052,the london school of economics and political science (lse),United Kingdom,,,,,,,,,,london school of economics and political science,,0.0,False,Unmatched
U0053,kaist - korea advanced institute of science & technology,South Korea,,,,,,,,,,kaist korea advanced institute of science technology,,0.0,False,Unmatched
U0054,university of bristol,United Kingdom,https://openalex.org/I36234482,University of Bristol,GB,United Kingdom,https://ror.org/0524sp257,217227.0,11065.0,11571.0,11042.0,university of bristol,university of bristol,1.0,True,Validated
U0055,university of amsterdam,Netherlands,https://openalex.org/I887064364,University of Amsterdam,NL,The Netherlands,https://ror.org/04dkp9463,241593.0,13231.0,13160.0,12821.0,university of amsterdam,university of amsterdam,1.0,True,Validated
U0056,yonsei university,South Korea,https://openalex.org/I193775966,Yonsei University,KR,South Korea,https://ror.org/01wjejq96,183969.0,11761.0,11897.0,11860.0,yonsei university,yonsei university,1.0,True,Validated
U0057,the hong kong polytechnic university,Hong Kong SAR,,,,,,,,,,hong kong polytechnic university,,0.0,False,Unmatched
U0058,carnegie mellon university,United States,https://openalex.org/I74973139,Carnegie Mellon University,US,United States,https://ror.org/05x2bcf33,167951.0,7190.0,7762.0,9002.0,carnegie mellon university,carnegie mellon university,1.0,True,Validated
U0059,ludwig-maximilians-universität münchen,Germany,https://openalex.org/I8204097,Ludwig-Maximilians-Universität München,DE,Germany,https://ror.org/05591te55,282404.0,16805.0,16928.0,19934.0,ludwig maximilians universitat munchen,ludwig maximilians universitat munchen,1.0,True,Validated
U0060,universiti malaya (um),Malaysia,,,,,,,,,,universiti malaya,,0.0,False,Unmatched
U0061,duke university,United States,https://openalex.org/I170897317,Duke University,US,United States,https://ror.org/00py81415,277781.0,14554.0,15253.0,14359.0,duke university,duke university,1.0,True,Validated
U0062,city university of hong kong,Hong Kong SAR,https://openalex.org/I168719708,City University of Hong Kong,HK,Hong Kong,https://ror.org/03q8dnn23,119831.0,8332.0,9200.0,10653.0,city university of hong kong,city university of hong kong,1.0,True,Validated
U0063,ku leuven,Belgium,https://openalex.org/I99464096,KU Leuven,BE,Belgium,https://ror.org/05f950310,303580.0,16961.0,17641.0,16692.0,ku leuven,ku leuven,1.0,True,Validated
U0064,sorbonne university,France,https://openalex.org/I39804081,Sorbonne Université,FR,France,https://ror.org/02en5vm52,411597.0,24116.0,23956.0,26142.0,sorbonne university,sorbonne universite,0.9473684210526316,True,Validated
U0065,the university of auckland,New Zealand,,,,,,,,,,university of auckland,,0.0,False,Unmatched
U0066,university of texas at austin,United States,https://openalex.org/I86519309,The University of Texas at Austin,US,United States,https://ror.org/00hj54h04,361537.0,12063.0,83061.0,15487.0,university of texas at austin,university of texas at austin,1.0,True,Validated
U0067,korea university,South Korea,https://openalex.org/I197347611,Korea University,KR,South Korea,https://ror.org/047dqcg40,120807.0,7074.0,7731.0,8685.0,korea university,korea university,1.0,True,Validated
U0068,national taiwan university (ntu),Taiwan,,,,,,,,,,national taiwan university,,0.0,False,Unmatched
U0069,the university of warwick,United Kingdom,,,,,,,,,,university of warwick,,0.0,False,Unmatched
U0070,university of illinois at urbana-champaign,United States,,,,,,,,,,university of illinois at urbana champaign,lemann center for brazilian studies,0.3376623376623376,True,Rejected
U0071,universidad de buenos aires (uba),Argentina,,,,,,,,,,universidad de buenos aires,,0.0,False,Unmatched
U0072,"university of california, san diego (ucsd)",United States,,,,,,,,,,university of california san diego,moores cancer center,0.2962962962962963,False,Rejected
U0073,université paris-saclay,France,https://openalex.org/I277688954,Université Paris-Saclay,FR,France,https://ror.org/03xjwb503,183273.0,19239.0,19937.0,21358.0,universite paris saclay,universite paris saclay,1.0,True,Validated
U0074,kth royal institute of technology,Sweden,https://openalex.org/I86987016,KTH Royal Institute of Technology,SE,Sweden,https://ror.org/026vcq606,119385.0,6499.0,6589.0,6370.0,kth royal institute of technology royal institute of technology,kth royal institute of technology royal institute of technology,1.0,True,Validated
U0075,lund university,Sweden,https://openalex.org/I187531555,Lund University,SE,Sweden,https://ror.org/012a77v79,240721.0,12199.0,13121.0,12506.0,lund university,lund university,1.0,True,Validated
U0076,university of washington,United States,https://openalex.org/I201448701,University of Washington,US,United States,https://ror.org/00cvxb145,531695.0,24220.0,23669.0,22419.0,university of washington,university of washington,1.0,True,Validated
U0077,the university of western australia,Australia,https://openalex.org/I177877127,The University of Western Australia,AU,Australia,https://ror.org/047272k79,159688.0,9317.0,8824.0,8515.0,university of western australia,university of western australia,1.0,True,Validated
U0078,university of glasgow,United Kingdom,https://openalex.org/I7882870,University of Glasgow,GB,United Kingdom,https://ror.org/00vtgdb53,196747.0,10781.0,11253.0,10723.0,university of glasgow,university of glasgow,1.0,True,Validated
U0079,brown university,United States,https://openalex.org/I27804330,Brown University,US,United States,https://ror.org/05gq02987,180549.0,8671.0,12866.0,9485.0,brown university,brown university,1.0,True,Validated
U0080,university of birmingham,United Kingdom,https://openalex.org/I79619799,University of Birmingham,GB,United Kingdom,https://ror.org/03angcq70,219181.0,10792.0,11809.0,11556.0,university of birmingham,university of birmingham,1.0,True,Validated
U0081,university of southampton,United Kingdom,https://openalex.org/I43439940,University of Southampton,GB,United Kingdom,https://ror.org/01ryk1543,187717.0,8778.0,9362.0,9181.0,university of southampton,university of southampton,1.0,True,Validated
U0082,the university of adelaide,Australia,https://openalex.org/I5681781,The University of Adelaide,AU,Australia,https://ror.org/00892tw58,153892.0,8422.0,8948.0,8924.0,university of adelaide,university of adelaide,1.0,True,Validated
U0083,university of leeds,United Kingdom,https://openalex.org/I130828816,University of Leeds,GB,United Kingdom,https://ror.org/024mrxd33,198718.0,10168.0,10423.0,10494.0,university of leeds,university of leeds,1.0,True,Validated
U0084,ruprecht-karls-universität heidelberg,Germany,,,,,,,,,,ruprecht karls universitat heidelberg,heidelberg university,0.3793103448275862,True,Rejected
U0085,tokyo institute of technology (tokyo tech),Japan,https://openalex.org/I114531698,Tokyo Institute of Technology,JP,Japan,https://ror.org/0112mx960,168189.0,6448.0,4961.0,3516.0,tokyo institute of technology,tokyo institute of technology,1.0,True,Validated
U0086,osaka university,Japan,,,,,,,,,,osaka university,university of osaka,0.5714285714285714,True,Rejected
U0087,"trinity college dublin, the university of dublin",Ireland,,,,,,,,,,trinity college dublin the university of dublin,trinity college dublin,0.6376811594202898,True,Rejected
U0088,university of technology sydney,Australia,https://openalex.org/I114017466,University of Technology Sydney,AU,Australia,https://ror.org/03f0f6041,101292.0,7034.0,6974.0,7033.0,university of technology sydney,university of technology sydney,1.0,True,Validated
U0089,durham university,United Kingdom,,,,,,,,,,durham university,,0.0,False,Unmatched
U0090,pennsylvania state university,United States,,,,,,,,,,pennsylvania state university,,0.0,False,Unmatched
U0091,purdue university,United States,,,,,,,,,,purdue university,,0.0,False,Unmatched
U0092,universidade de são paulo,Brazil,,,,,,,,,,universidade de sao paulo,,0.0,False,Unmatched
U0093,pontificia universidad católica de chile (uc),Chile,,,,,,,,,,pontificia universidad catolica de chile,,0.0,False,Unmatched
U0094,lomonosov moscow state university,Russia,,,,,,,,,,lomonosov moscow state university,,0.0,False,Unmatched
U0095,universidad nacional autónoma de méxico (unam),Mexico,,,,,,,,,,universidad nacional autonoma de mexico,,0.0,False,Unmatched
U0096,university of alberta,Canada,,,,,,,,,,university of alberta,,0.0,False,Unmatched
U0097,freie universitaet berlin,Germany,,,,,,,,,,freie universitaet berlin,,0.0,False,Unmatched
U0098,pohang university of science and technology (postech),South Korea,,,,,,,,,,pohang university of science and technology,,0.0,False,Unmatched
U0099,rwth aachen university,Germany,,,,,,,,,,rwth aachen university,,0.0,False,Unmatched
U0100,university of copenhagen,Denmark,,,,,,,,,,university of copenhagen,,0.0,False,Unmatched
U0101,king fahd university of petroleum & minerals,Saudi Arabia,,,,,,,,,,king fahd university of petroleum minerals,,0.0,False,Unmatched
U0102,"kit, karlsruhe institute of technology",Germany,,,,,,,,,,kit karlsruhe institute of technology,,0.0,False,Unmatched
U0103,uppsala university,Sweden,,,,,,,,,,uppsala university,,0.0,False,Unmatched
U0104,university of st andrews,United Kingdom,,,,,,,,,,university of st andrews,,0.0,False,Unmatched
U0105,the university of sheffield,United Kingdom,,,,,,,,,,university of sheffield,,0.0,False,Unmatched
U0106,utrecht university,Netherlands,,,,,,,,,,utrecht university,,0.0,False,Unmatched
U0107,tohoku university,Japan,,,,,,,,,,tohoku university,,0.0,False,Unmatched
U0108,university of nottingham,United Kingdom,,,,,,,,,,university of nottingham,,0.0,False,Unmatched
U0109,technical university of denmark,Denmark,,,,,,,,,,technical university of denmark,,0.0,False,Unmatched
U0110,university of zurich,Switzerland,,,,,,,,,,university of zurich,,0.0,False,Unmatched
U0111,politecnico di milano,Italy,,,,,,,,,,politecnico di milano,,0.0,False,Unmatched
U0112,boston university,United States,,,,,,,,,,boston university,,0.0,False,Unmatched
U0113,aalto university,Finland,,,,,,,,,,aalto university,,0.0,False,Unmatched
U0114,georgia institute of technology,United States,,,,,,,,,,georgia institute of technology,,0.0,False,Unmatched
U0115,university of waterloo,Canada,,,,,,,,,,university of waterloo,,0.0,False,Unmatched
U0116,university of wisconsin-madison,United States,,,,,,,,,,university of wisconsin madison,,0.0,False,Unmatched
U0117,university of helsinki,Finland,,,,,,,,,,university of helsinki,,0.0,False,Unmatched
U0118,indian institute of technology bombay (iitb),India,,,,,,,,,,indian institute of technology bombay,,0.0,False,Unmatched
U0119,university of oslo,Norway,,,,,,,,,,university of oslo,,0.0,False,Unmatched
U0120,queen mary university of london,United Kingdom,,,,,,,,,,queen mary university of london,,0.0,False,Unmatched
U0121,western university,Canada,,,,,,,,,,western university,,0.0,False,Unmatched
U0122,qatar university,Qatar,,,,,,,,,,qatar university,,0.0,False,Unmatched
U0123,rmit university,Australia,,,,,,,,,,rmit university,,0.0,False,Unmatched
U0124,sungkyunkwan university(skku),South Korea,,,,,,,,,,sungkyunkwan university,,0.0,False,Unmatched
U0125,university of southern california,United States,,,,,,,,,,university of southern california,,0.0,False,Unmatched
U0126,humboldt-universität zu berlin,Germany,,,,,,,,,,humboldt universitat zu berlin,,0.0,False,Unmatched
U0127,university college dublin,Ireland,,,,,,,,,,university college dublin,,0.0,False,Unmatched
U0128,stockholm university,Sweden,,,,,,,,,,stockholm university,,0.0,False,Unmatched
U0129,newcastle university,United Kingdom,,,,,,,,,,newcastle university,,0.0,False,Unmatched
U0130,"university of california, davis",United States,,,,,,,,,,university of california davis,,0.0,False,Unmatched
U0131,university of basel,Switzerland,,,,,,,,,,university of basel,,0.0,False,Unmatched
U0132,sapienza university of rome,Italy,,,,,,,,,,sapienza university of rome,,0.0,False,Unmatched
U0133,alma mater studiorum - university of bologna,Italy,,,,,,,,,,alma mater studiorum university of bologna,,0.0,False,Unmatched
U0134,macquarie university,Australia,,,,,,,,,,macquarie university,,0.0,False,Unmatched
U0135,university of science and technology of china,China (Mainland),,,,,,,,,,university of science and technology of china,,0.0,False,Unmatched
U0136,eindhoven university of technology,Netherlands,,,,,,,,,,eindhoven university of technology,,0.0,False,Unmatched
U0137,university of vienna,Austria,,,,,,,,,,university of vienna,,0.0,False,Unmatched
U0138,universiti kebangsaan malaysia (ukm),Malaysia,,,,,,,,,,universiti kebangsaan malaysia,,0.0,False,Unmatched
U0139,chalmers university of technology,Sweden,,,,,,,,,,chalmers university of technology,,0.0,False,Unmatched
U0140,universidad de chile,Chile,,,,,,,,,,universidad de chile,,0.0,False,Unmatched
U0141,lancaster university,United Kingdom,,,,,,,,,,lancaster university,,0.0,False,Unmatched
U0142,leiden university,Netherlands,,,,,,,,,,leiden university,,0.0,False,Unmatched
U0143,rice university,United States,,,,,,,,,,rice university,,0.0,False,Unmatched
U0144,aarhus university,Denmark,,,,,,,,,,aarhus university,,0.0,False,Unmatched
U0145,nanjing university,China (Mainland),,,,,,,,,,nanjing university,,0.0,False,Unmatched
U0146,universiti sains malaysia (usm),Malaysia,,,,,,,,,,universiti sains malaysia,,0.0,False,Unmatched
U0147,technische universität berlin (tu berlin),Germany,,,,,,,,,,technische universitat berlin,,0.0,False,Unmatched
U0148,universiti putra malaysia (upm),Malaysia,,,,,,,,,,universiti putra malaysia,,0.0,False,Unmatched
U0149,king abdulaziz university (kau),Saudi Arabia,,,,,,,,,,king abdulaziz university,,0.0,False,Unmatched
U0150,indian institute of technology delhi (iitd),India,,,,,,,,,,indian institute of technology delhi,,0.0,False,Unmatched
U0151,university of bath,United Kingdom,,,,,,,,,,university of bath,,0.0,False,Unmatched
U0152,michigan state university,United States,,,,,,,,,,michigan state university,,0.0,False,Unmatched
U0153,nagoya university,Japan,,,,,,,,,,nagoya university,,0.0,False,Unmatched
U0154,texas a&m university,United States,,,,,,,,,,texas a m university,,0.0,False,Unmatched
U0155,university of geneva,Switzerland,,,,,,,,,,university of geneva,,0.0,False,Unmatched
U0156,"university of north carolina, chapel hill",United States,,,,,,,,,,university of north carolina chapel hill,,0.0,False,Unmatched
U0157,wageningen university & research,Netherlands,,,,,,,,,,wageningen university research,,0.0,False,Unmatched
U0158,erasmus university rotterdam,Netherlands,,,,,,,,,,erasmus university rotterdam,,0.0,False,Unmatched
U0159,université de montréal,Canada,,,,,,,,,,universite de montreal,,0.0,False,Unmatched
U0160,university of groningen,Netherlands,,,,,,,,,,university of groningen,,0.0,False,Unmatched
U0161,university of bern,Switzerland,,,,,,,,,,university of bern,,0.0,False,Unmatched
U0162,hanyang university,South Korea,,,,,,,,,,hanyang university,,0.0,False,Unmatched
U0163,al-farabi kazakh national university,Kazakhstan,,,,,,,,,,al farabi kazakh national university,,0.0,False,Unmatched
U0164,complutense university of madrid,Spain,,,,,,,,,,complutense university of madrid,,0.0,False,Unmatched
U0165,universitat de barcelona,Spain,,,,,,,,,,universitat de barcelona,,0.0,False,Unmatched
U0166,university of liverpool,United Kingdom,,,,,,,,,,university of liverpool,,0.0,False,Unmatched
U0167,kyushu university,Japan,,,,,,,,,,kyushu university,,0.0,False,Unmatched
U0168,university of wollongong,Australia,,,,,,,,,,university of wollongong,,0.0,False,Unmatched
U0169,ghent university,Belgium,,,,,,,,,,ghent university,,0.0,False,Unmatched
U0170,the university of exeter,United Kingdom,,,,,,,,,,university of exeter,,0.0,False,Unmatched
U0171,university of cape town,South Africa,,,,,,,,,,university of cape town,,0.0,False,Unmatched
U0172,university of reading,United Kingdom,,,,,,,,,,university of reading,,0.0,False,Unmatched
U0173,hokkaido university,Japan,,,,,,,,,,hokkaido university,,0.0,False,Unmatched
U0174,curtin university,Australia,,,,,,,,,,curtin university,,0.0,False,Unmatched
U0175,universitat autònoma de barcelona,Spain,,,,,,,,,,universitat autonoma de barcelona,,0.0,False,Unmatched
U0176,mcmaster university,Canada,,,,,,,,,,mcmaster university,,0.0,False,Unmatched
U0177,washington university in st. louis,United States,,,,,,,,,,washington university in st louis,,0.0,False,Unmatched
U0178,"university of california, santa barbara (ucsb)",United States,,,,,,,,,,university of california santa barbara,,0.0,False,Unmatched
U0179,"the university of newcastle, australia (uon)",Australia,,,,,,,,,,university of newcastle australia,,0.0,False,Unmatched
U0180,universidad de los andes,Colombia,,,,,,,,,,universidad de los andes,,0.0,False,Unmatched
U0181,universiti teknologi malaysia,Malaysia,,,,,,,,,,universiti teknologi malaysia,,0.0,False,Unmatched
U0182,waseda university,Japan,,,,,,,,,,waseda university,,0.0,False,Unmatched
U0183,hamad bin khalifa university,Qatar,,,,,,,,,,hamad bin khalifa university,,0.0,False,Unmatched
U0184,university of york,United Kingdom,,,,,,,,,,university of york,,0.0,False,Unmatched
U0185,tecnológico de monterrey,Mexico,,,,,,,,,,tecnologico de monterrey,,0.0,False,Unmatched
U0186,cardiff university,United Kingdom,,,,,,,,,,cardiff university,,0.0,False,Unmatched
U0187,école normale supérieure de lyon,France,,,,,,,,,,ecole normale superieure de lyon,,0.0,False,Unmatched
U0188,keio university,Japan,,,,,,,,,,keio university,,0.0,False,Unmatched
U0189,university of ottawa,Canada,,,,,,,,,,university of ottawa,,0.0,False,Unmatched
U0190,technische universität wien,Austria,,,,,,,,,,technische universitat wien,,0.0,False,Unmatched
U0191,universität hamburg,Germany,,,,,,,,,,universitat hamburg,,0.0,False,Unmatched
U0192,tongji university,China (Mainland),,,,,,,,,,tongji university,,0.0,False,Unmatched
U0193,queen's university at kingston,Canada,,,,,,,,,,queen s university at kingston,,0.0,False,Unmatched
U0194,university of gothenburg,Sweden,,,,,,,,,,university of gothenburg,,0.0,False,Unmatched
U0195,wuhan university,China (Mainland),,,,,,,,,,wuhan university,,0.0,False,Unmatched
U0196,emory university,United States,,,,,,,,,,emory university,,0.0,False,Unmatched
U0197,deakin university,Australia,,,,,,,,,,deakin university,,0.0,False,Unmatched
U0198,universidad autónoma de madrid,Spain,,,,,,,,,,universidad autonoma de madrid,,0.0,False,Unmatched
U0199,university of calgary,Canada,,,,,,,,,,university of calgary,,0.0,False,Unmatched
U0200,arizona state university,United States,,,,,,,,,,arizona state university,,0.0,False,Unmatched
U0201,king saud university,Saudi Arabia,,,,,,,,,,king saud university,,0.0,False,Unmatched
U0202,american university of sharjah,United Arab Emirates,,,,,,,,,,american university of sharjah,,0.0,False,Unmatched
U0203,université catholique de louvain (uclouvain),Belgium,,,,,,,,,,universite catholique de louvain,,0.0,False,Unmatched
U0204,university of minnesota twin cities,United States,,,,,,,,,,university of minnesota twin cities,,0.0,False,Unmatched
U0205,ecole des ponts paristech,France,,,,,,,,,,ecole des ponts paristech,,0.0,False,Unmatched
U0206,queen's university belfast,United Kingdom,,,,,,,,,,queen s university belfast,,0.0,False,Unmatched
U0207,universitas indonesia,Indonesia,,,,,,,,,,universitas indonesia,,0.0,False,Unmatched
U0208,the ohio state university,United States,,,,,,,,,,ohio state university,,0.0,False,Unmatched
U0209,tel aviv university,Israel,,,,,,,,,,tel aviv university,,0.0,False,Unmatched
U0210,national tsing hua university,Taiwan,,,,,,,,,,national tsing hua university,,0.0,False,Unmatched
U0211,indian institute of science,India,,,,,,,,,,indian institute of science,,0.0,False,Unmatched
U0212,albert-ludwigs-universitaet freiburg,Germany,,,,,,,,,,albert ludwigs universitaet freiburg,,0.0,False,Unmatched
U0213,queensland university of technology (qut),Australia,,,,,,,,,,queensland university of technology,,0.0,False,Unmatched
U0214,university of otago,New Zealand,,,,,,,,,,university of otago,,0.0,False,Unmatched
U0215,national cheng kung university (ncku),Taiwan,,,,,,,,,,national cheng kung university,,0.0,False,Unmatched
U0216,university of florida,United States,,,,,,,,,,university of florida,,0.0,False,Unmatched
U0217,la trobe university,Australia,,,,,,,,,,la trobe university,,0.0,False,Unmatched
U0218,"university of maryland, college park",United States,,,,,,,,,,university of maryland college park,,0.0,False,Unmatched
U0219,national yang ming chiao tung university,Taiwan,,,,,,,,,,national yang ming chiao tung university,,0.0,False,Unmatched
U0220,universidad nacional de colombia,Colombia,,,,,,,,,,universidad nacional de colombia,,0.0,False,Unmatched
U0221,vrije universiteit amsterdam,Netherlands,,,,,,,,,,vrije universiteit amsterdam,,0.0,False,Unmatched
U0222,eberhard karls universität tübingen,Germany,,,,,,,,,,eberhard karls universitat tubingen,,0.0,False,Unmatched
U0223,indian institute of technology kharagpur (iit-kgp),India,,,,,,,,,,indian institute of technology kharagpur,,0.0,False,Unmatched
U0224,friedrich-alexander-universität erlangen-nürnberg,Germany,,,,,,,,,,friedrich alexander universitat erlangen nurnberg,,0.0,False,Unmatched
U0225,loughborough university,United Kingdom,,,,,,,,,,loughborough university,,0.0,False,Unmatched
U0226,university of lausanne,Switzerland,,,,,,,,,,university of lausanne,,0.0,False,Unmatched
U0227,indian institute of technology madras (iitm),India,,,,,,,,,,indian institute of technology madras,,0.0,False,Unmatched
U0228,rheinische friedrich-wilhelms-universität bonn,Germany,,,,,,,,,,rheinische friedrich wilhelms universitat bonn,,0.0,False,Unmatched
U0229,chulalongkorn university,Thailand,,,,,,,,,,chulalongkorn university,,0.0,False,Unmatched
U0230,maastricht university,Netherlands,,,,,,,,,,maastricht university,,0.0,False,Unmatched
U0231,universite libre de bruxelles,Belgium,,,,,,,,,,universite libre de bruxelles,,0.0,False,Unmatched
U0232,universidade estadual de campinas (unicamp),Brazil,,,,,,,,,,universidade estadual de campinas,,0.0,False,Unmatched
U0233,university of twente,Netherlands,,,,,,,,,,university of twente,,0.0,False,Unmatched
U0234,technische universität dresden,Germany,,,,,,,,,,technische universitat dresden,,0.0,False,Unmatched
U0235,university of waikato,New Zealand,,,,,,,,,,university of waikato,,0.0,False,Unmatched
U0236,università di padova,Italy,,,,,,,,,,universita di padova,,0.0,False,Unmatched
U0237,university of aberdeen,United Kingdom,,,,,,,,,,university of aberdeen,,0.0,False,Unmatched
U0238,university of rochester,United States,,,,,,,,,,university of rochester,,0.0,False,Unmatched
U0239,gadjah mada university,Indonesia,,,,,,,,,,gadjah mada university,,0.0,False,Unmatched
U0240,massey university,New Zealand,,,,,,,,,,massey university,,0.0,False,Unmatched
U0241,politecnico di torino,Italy,,,,,,,,,,politecnico di torino,,0.0,False,Unmatched
U0242,technical university of darmstadt,Germany,,,,,,,,,,technical university of darmstadt,,0.0,False,Unmatched
U0243,dartmouth college,United States,,,,,,,,,,dartmouth college,,0.0,False,Unmatched
U0244,victoria university of wellington,New Zealand,,,,,,,,,,victoria university of wellington,,0.0,False,Unmatched
U0245,university of macau,Macau SAR,,,,,,,,,,university of macau,,0.0,False,Unmatched
U0246,charles university,Czech Republic,,,,,,,,,,charles university,,0.0,False,Unmatched
U0247,university of sussex,United Kingdom,,,,,,,,,,university of sussex,,0.0,False,Unmatched
U0248,vanderbilt university,United States,,,,,,,,,,vanderbilt university,,0.0,False,Unmatched
U0249,university of navarra,Spain,,,,,,,,,,university of navarra,,0.0,False,Unmatched
U0250,american university of beirut (aub),Lebanon,,,,,,,,,,american university of beirut,,0.0,False,Unmatched
U0251,taylor's university,Malaysia,,,,,,,,,,taylor s university,,0.0,False,Unmatched
U0252,harbin institute of technology,China (Mainland),,,,,,,,,,harbin institute of technology,,0.0,False,Unmatched
U0253,hong kong baptist university,Hong Kong SAR,,,,,,,,,,hong kong baptist university,,0.0,False,Unmatched
U0254,university of göttingen,Germany,,,,,,,,,,university of gottingen,,0.0,False,Unmatched
U0255,griffith university,Australia,,,,,,,,,,griffith university,,0.0,False,Unmatched
U0256,bandung institute of technology (itb),Indonesia,,,,,,,,,,bandung institute of technology,,0.0,False,Unmatched
U0257,heriot-watt university,United Kingdom,,,,,,,,,,heriot watt university,,0.0,False,Unmatched
U0258,university of warsaw,Poland,,,,,,,,,,university of warsaw,,0.0,False,Unmatched
U0259,case western reserve university,United States,,,,,,,,,,case western reserve university,,0.0,False,Unmatched
U0260,university of lisbon,Portugal,,,,,,,,,,university of lisbon,,0.0,False,Unmatched
U0261,canadian university dubai,United Arab Emirates,,,,,,,,,,canadian university dubai,,0.0,False,Unmatched
U0262,university of canterbury | te whare wananga o waitaha,New Zealand,,,,,,,,,,university of canterbury te whare wananga o waitaha,,0.0,False,Unmatched
U0263,indian institute of technology kanpur (iitk),India,,,,,,,,,,indian institute of technology kanpur,,0.0,False,Unmatched
U0264,norwegian university of science and technology,Norway,,,,,,,,,,norwegian university of science and technology,,0.0,False,Unmatched
U0265,ucsi university,Malaysia,,,,,,,,,,ucsi university,,0.0,False,Unmatched
U0266,universitat pompeu fabra (barcelona),Spain,,,,,,,,,,universitat pompeu fabra,,0.0,False,Unmatched
U0267,university of antwerp,Belgium,,,,,,,,,,university of antwerp,,0.0,False,Unmatched
U0268,university of witwatersrand,South Africa,,,,,,,,,,university of witwatersrand,,0.0,False,Unmatched
U0269,tianjin university,China (Mainland),,,,,,,,,,tianjin university,,0.0,False,Unmatched
U0270,universiti teknologi petronas (utp),Malaysia,,,,,,,,,,universiti teknologi petronas,,0.0,False,Unmatched
U0271,beijing normal university,China (Mainland),,,,,,,,,,beijing normal university,,0.0,False,Unmatched
U0272,radboud university,Netherlands,,,,,,,,,,radboud university,,0.0,False,Unmatched
U0273,university college cork,Ireland,,,,,,,,,,university college cork,,0.0,False,Unmatched
U0274,university of galway,Ireland,,,,,,,,,,university of galway,,0.0,False,Unmatched
U0275,dalhousie university,Canada,,,,,,,,,,dalhousie university,,0.0,False,Unmatched
U0276,university of massachusetts amherst,United States,,,,,,,,,,university of massachusetts amherst,,0.0,False,Unmatched
U0277,university of pittsburgh,United States,,,,,,,,,,university of pittsburgh,,0.0,False,Unmatched
U0278,university of porto,Portugal,,,,,,,,,,university of porto,,0.0,False,Unmatched
U0279,vrije universiteit brussel (vub),Belgium,,,,,,,,,,vrije universiteit brussel,,0.0,False,Unmatched
U0280,ulsan national institute of science and technology (unist),South Korea,,,,,,,,,,ulsan national institute of science and technology,,0.0,False,Unmatched
U0281,the hebrew university of jerusalem,Israel,,,,,,,,,,hebrew university of jerusalem,,0.0,False,Unmatched
U0282,university of strathclyde,United Kingdom,,,,,,,,,,university of strathclyde,,0.0,False,Unmatched
U0283,université paris 1 panthéon-sorbonne,France,,,,,,,,,,universite paris 1 pantheon sorbonne,,0.0,False,Unmatched
U0284,southern university of science and technology,China (Mainland),,,,,,,,,,southern university of science and technology,,0.0,False,Unmatched
U0285,middle east technical university,Turkey,,,,,,,,,,middle east technical university,,0.0,False,Unmatched
U0286,universidad carlos iii de madrid (uc3m),Spain,,,,,,,,,,universidad carlos iii de madrid,,0.0,False,Unmatched
U0287,university of cologne,Germany,,,,,,,,,,university of cologne,,0.0,False,Unmatched
U0288,university of leicester,United Kingdom,,,,,,,,,,university of leicester,,0.0,False,Unmatched
U0289,university of milan,Italy,,,,,,,,,,university of milan,,0.0,False,Unmatched
U0290,university of surrey,United Kingdom,,,,,,,,,,university of surrey,,0.0,False,Unmatched
U0291,swinburne university of technology,Australia,,,,,,,,,,swinburne university of technology,,0.0,False,Unmatched
U0292,university of bergen,Norway,,,,,,,,,,university of bergen,,0.0,False,Unmatched
U0293,the university of arizona,United States,,,,,,,,,,university of arizona,,0.0,False,Unmatched
U0294,university of tasmania,Australia,,,,,,,,,,university of tasmania,,0.0,False,Unmatched
U0295,xian jiaotong university,China (Mainland),,,,,,,,,,xi an jiaotong university,,0.0,False,Unmatched
U0296,stellenbosch university,South Africa,,,,,,,,,,stellenbosch university,,0.0,False,Unmatched
U0297,university of virginia,United States,,,,,,,,,,university of virginia,,0.0,False,Unmatched
U0298,bauman moscow state technical university,Russia,,,,,,,,,,bauman moscow state technical university,,0.0,False,Unmatched
U0299,swansea university,United Kingdom,,,,,,,,,,swansea university,,0.0,False,Unmatched
U0300,huazhong university of science and technology,China (Mainland),,,,,,,,,,huazhong university of science and technology,,0.0,False,Unmatched
U0301,georgetown university,United States,,,,,,,,,,georgetown university,,0.0,False,Unmatched
U0302,beijing institute of technology,China (Mainland),,,,,,,,,,beijing institute of technology,,0.0,False,Unmatched
U0303,université paris cité,France,,,,,,,,,,universite paris cite,,0.0,False,Unmatched
U0304,linköping university,Sweden,,,,,,,,,,linkoping university,,0.0,False,Unmatched
U0305,universidade federal do rio de janeiro,Brazil,,,,,,,,,,universidade federal do rio de janeiro,,0.0,False,Unmatched
U0306,aalborg university,Denmark,,,,,,,,,,aalborg university,,0.0,False,Unmatched
U0307,"university of california, irvine",United States,,,,,,,,,,university of california irvine,,0.0,False,Unmatched
U0308,airlangga university,Indonesia,,,,,,,,,,airlangga university,,0.0,False,Unmatched
U0309,goethe-university frankfurt am main,Germany,,,,,,,,,,goethe university frankfurt am main,,0.0,False,Unmatched
U0310,universität innsbruck,Austria,,,,,,,,,,universitat innsbruck,,0.0,False,Unmatched
U0311,north carolina state university,United States,,,,,,,,,,north carolina state university,,0.0,False,Unmatched
U0312,jagiellonian university,Poland,,,,,,,,,,jagiellonian university,,0.0,False,Unmatched
U0313,university of johannesburg,South Africa,,,,,,,,,,university of johannesburg,,0.0,False,Unmatched
U0314,universität stuttgart,Germany,,,,,,,,,,universitat stuttgart,,0.0,False,Unmatched
U0315,quaid-i-azam university,Pakistan,,,,,,,,,,quaid i azam university,,0.0,False,Unmatched
U0316,rudn university,Russia,,,,,,,,,,rudn university,,0.0,False,Unmatched
U0317,shandong university,China (Mainland),,,,,,,,,,shandong university,,0.0,False,Unmatched
U0318,university of notre dame,United States,,,,,,,,,,university of notre dame,,0.0,False,Unmatched
U0319,simon fraser university,Canada,,,,,,,,,,simon fraser university,,0.0,False,Unmatched
U0320,university of colorado boulder,United States,,,,,,,,,,university of colorado boulder,,0.0,False,Unmatched
U0321,l.n. gumilyov eurasian national university (enu),Kazakhstan,,,,,,,,,,l n gumilyov eurasian national university,,0.0,False,Unmatched
U0322,national technical university of athens,Greece,,,,,,,,,,national technical university of athens,,0.0,False,Unmatched
U0323,universidad politécnica de madrid (upm),Spain,,,,,,,,,,universidad politecnica de madrid,,0.0,False,Unmatched
U0324,university of miami,United States,,,,,,,,,,university of miami,,0.0,False,Unmatched
U0325,university of southern denmark (sdu),Denmark,,,,,,,,,,university of southern denmark,,0.0,False,Unmatched
U0326,daegu gyeongbuk institute of science and technology (dgist),South Korea,,,,,,,,,,daegu gyeongbuk institute of science and technology,,0.0,False,Unmatched
U0327,istanbul technical university,Turkey,,,,,,,,,,istanbul technical university,,0.0,False,Unmatched
U0328,kyung hee university,South Korea,,,,,,,,,,kyung hee university,,0.0,False,Unmatched
U0329,rutgers universitynew brunswick,United States,,,,,,,,,,rutgers university new brunswick,,0.0,False,Unmatched
U0330,university of delhi,India,,,,,,,,,,university of delhi,,0.0,False,Unmatched
U0331,sun yat-sen university,China (Mainland),,,,,,,,,,sun yat sen university,,0.0,False,Unmatched
U0332,abu dhabi university,United Arab Emirates,,,,,,,,,,abu dhabi university,,0.0,False,Unmatched
U0333,university of east anglia (uea),United Kingdom,,,,,,,,,,university of east anglia,,0.0,False,Unmatched
U0334,université grenoble alpes,France,,,,,,,,,,universite grenoble alpes,,0.0,False,Unmatched
U0335,indian institute of technology roorkee (iitr),India,,,,,,,,,,indian institute of technology roorkee,,0.0,False,Unmatched
U0336,flinders university,Australia,,,,,,,,,,flinders university,,0.0,False,Unmatched
U0337,lappeenranta-lahti university of technology lut,Finland,,,,,,,,,,lappeenranta lahti university of technology lut,,0.0,False,Unmatched
U0338,sichuan university,China (Mainland),,,,,,,,,,sichuan university,,0.0,False,Unmatched
U0339,university of the philippines,Philippines,,,,,,,,,,university of the philippines,,0.0,False,Unmatched
U0340,university of saskatchewan,Canada,,,,,,,,,,university of saskatchewan,,0.0,False,Unmatched
U0341,university of south australia,Australia,,,,,,,,,,university of south australia,,0.0,False,Unmatched
U0342,brunel university london,United Kingdom,,,,,,,,,,brunel university london,,0.0,False,Unmatched
U0343,sharif university of technology,"Iran, Islamic Republic of",,,,,,,,,,sharif university of technology,,0.0,False,Unmatched
U0344,indian institute of technology guwahati (iitg),India,,,,,,,,,,indian institute of technology guwahati,,0.0,False,Unmatched
U0345,tufts university,United States,,,,,,,,,,tufts university,,0.0,False,Unmatched
U0346,university of oulu,Finland,,,,,,,,,,university of oulu,,0.0,False,Unmatched
U0347,tilburg university,Netherlands,,,,,,,,,,tilburg university,,0.0,False,Unmatched
U0348,university of naples - federico ii,Italy,,,,,,,,,,university of naples federico ii,,0.0,False,Unmatched
U0349,university of victoria (uvic),Canada,,,,,,,,,,university of victoria,,0.0,False,Unmatched
U0350,cairo university,Egypt,,,,,,,,,,cairo university,,0.0,False,Unmatched
U0351,sciences po,France,,,,,,,,,,sciences po,,0.0,False,Unmatched
U0352,"city, university of london",United Kingdom,,,,,,,,,,city university of london,,0.0,False,Unmatched
U0353,national university of sciences and technology (nust) islamabad,Pakistan,,,,,,,,,,national university of sciences and technology islamabad,,0.0,False,Unmatched
U0354,university of pretoria,South Africa,,,,,,,,,,university of pretoria,,0.0,False,Unmatched
U0355,indiana university bloomington,United States,,,,,,,,,,indiana university bloomington,,0.0,False,Unmatched
U0356,university of coimbra,Portugal,,,,,,,,,,university of coimbra,,0.0,False,Unmatched
U0357,university of luxembourg,Luxembourg,,,,,,,,,,university of luxembourg,,0.0,False,Unmatched
U0358,university of tartu,Estonia,,,,,,,,,,university of tartu,,0.0,False,Unmatched
U0359,gwangju institute of science and technology (gist),South Korea,,,,,,,,,,gwangju institute of science and technology,,0.0,False,Unmatched
U0360,pontificia universidad católica del perú,Peru,,,,,,,,,,pontificia universidad catolica del peru,,0.0,False,Unmatched
U0361,university of aveiro,Portugal,,,,,,,,,,university of aveiro,,0.0,False,Unmatched
U0362,sultan qaboos university,Oman,,,,,,,,,,sultan qaboos university,,0.0,False,Unmatched
U0363,xiamen university,China (Mainland),,,,,,,,,,xiamen university,,0.0,False,Unmatched
U0364,york university,Canada,,,,,,,,,,york university,,0.0,False,Unmatched
U0365,saint petersburg state university,Russia,,,,,,,,,,saint petersburg state university,,0.0,False,Unmatched
U0366,university of illinois at chicago (uic),United States,,,,,,,,,,university of illinois at chicago,,0.0,False,Unmatched
U0367,westfälische wilhelms-universität münster,Germany,,,,,,,,,,westfalische wilhelms universitat munster,,0.0,False,Unmatched
U0368,mahidol university,Thailand,,,,,,,,,,mahidol university,,0.0,False,Unmatched
U0369,university of jordan,Jordan,,,,,,,,,,university of jordan,,0.0,False,Unmatched
U0370,university of tehran,"Iran, Islamic Republic of",,,,,,,,,,university of tehran,,0.0,False,Unmatched
U0371,george washington university,United States,,,,,,,,,,george washington university,,0.0,False,Unmatched
U0372,lincoln university,New Zealand,,,,,,,,,,lincoln university,,0.0,False,Unmatched
U0373,universitat politècnica de catalunya · barcelonatech (upc),Spain,,,,,,,,,,universitat politecnica de catalunya barcelonatech,,0.0,False,Unmatched
U0374,university of turin,Italy,,,,,,,,,,university of turin,,0.0,False,Unmatched
U0375,university of florence,Italy,,,,,,,,,,university of florence,,0.0,False,Unmatched
U0376,university of turku,Finland,,,,,,,,,,university of turku,,0.0,False,Unmatched
U0377,nankai university,China (Mainland),,,,,,,,,,nankai university,,0.0,False,Unmatched
U0378,pontificia universidad javeriana,Colombia,,,,,,,,,,pontificia universidad javeriana,,0.0,False,Unmatched
U0379,university of tsukuba,Japan,,,,,,,,,,university of tsukuba,,0.0,False,Unmatched
U0380,technische universität bergakademie freiberg,Germany,,,,,,,,,,technische universitat bergakademie freiberg,,0.0,False,Unmatched
U0381,university of kent,United Kingdom,,,,,,,,,,university of kent,,0.0,False,Unmatched
U0382,university of pisa,Italy,,,,,,,,,,university of pisa,,0.0,False,Unmatched
U0383,anna university,India,,,,,,,,,,anna university,,0.0,False,Unmatched
U0384,western sydney university,Australia,,,,,,,,,,western sydney university,,0.0,False,Unmatched
U0385,south china university of technology,China (Mainland),,,,,,,,,,south china university of technology,,0.0,False,Unmatched
U0386,universiti brunei darussalam (ubd),Brunei,,,,,,,,,,universiti brunei darussalam,,0.0,False,Unmatched
U0387,belarusian state university,Belarus,,,,,,,,,,belarusian state university,,0.0,False,Unmatched
U0388,universidade nova de lisboa,Portugal,,,,,,,,,,universidade nova de lisboa,,0.0,False,Unmatched
U0389,università vita-salute san raffaele,Italy,,,,,,,,,,universita vita salute san raffaele,,0.0,False,Unmatched
U0390,university of cyprus (ucy),Cyprus,,,,,,,,,,university of cyprus,,0.0,False,Unmatched
U0391,virginia polytechnic institute and state university,United States,,,,,,,,,,virginia polytechnic institute and state university,,0.0,False,Unmatched
U0392,national taiwan university of science and technology (taiwan tech),Taiwan,,,,,,,,,,national taiwan university of science and technology,,0.0,False,Unmatched
U0393,national and kapodistrian university of athens,Greece,,,,,,,,,,national and kapodistrian university of athens,,0.0,False,Unmatched
U0394,"university of california, santa cruz",United States,,,,,,,,,,university of california santa cruz,,0.0,False,Unmatched
U0395,"university of rome ""tor vergata""",Italy,,,,,,,,,,university of rome tor vergata,,0.0,False,Unmatched
U0396,northeastern university,United States,,,,,,,,,,northeastern university,,0.0,False,Unmatched
U0397,ruhr-universität bochum,Germany,,,,,,,,,,ruhr universitat bochum,,0.0,False,Unmatched
U0398,sejong university,South Korea,,,,,,,,,,sejong university,,0.0,False,Unmatched
U0399,université de liège,Belgium,,,,,,,,,,universite de liege,,0.0,False,Unmatched
U0400,university of southern queensland,Australia,,,,,,,,,,university of southern queensland,,0.0,False,Unmatched
U0401,kazan (volga region) federal university,Russia,,,,,,,,,,kazan federal university,,0.0,False,Unmatched
U0402,koç university,Turkey,,,,,,,,,,koc university,,0.0,False,Unmatched
U0403,amirkabir university of technology,"Iran, Islamic Republic of",,,,,,,,,,amirkabir university of technology,,0.0,False,Unmatched
U0404,university of canberra,Australia,,,,,,,,,,university of canberra,,0.0,False,Unmatched
U0405,institut national des sciences appliquées de lyon (insa),France,,,,,,,,,,institut national des sciences appliquees de lyon,,0.0,False,Unmatched
U0406,satbayev university,Kazakhstan,,,,,,,,,,satbayev university,,0.0,False,Unmatched
U0407,usi - università della svizzera italiana,Switzerland,,,,,,,,,,usi universita della svizzera italiana,,0.0,False,Unmatched
U0408,"birkbeck, university of london",United Kingdom,,,,,,,,,,birkbeck university of london,,0.0,False,Unmatched
U0409,masaryk university,Czech Republic,,,,,,,,,,masaryk university,,0.0,False,Unmatched
U0410,hse university,Russia,,,,,,,,,,hse university,,0.0,False,Unmatched
U0411,the american university in cairo,Egypt,,,,,,,,,,american university in cairo,,0.0,False,Unmatched
U0412,auckland university of technology (aut),New Zealand,,,,,,,,,,auckland university of technology,,0.0,False,Unmatched
U0413,graz university of technology,Austria,,,,,,,,,,graz university of technology,,0.0,False,Unmatched
U0414,yeshiva university,United States,,,,,,,,,,yeshiva university,,0.0,False,Unmatched
U0415,concordia university,Canada,,,,,,,,,,concordia university,,0.0,False,Unmatched
U0416,oxford brookes university,United Kingdom,,,,,,,,,,oxford brookes university,,0.0,False,Unmatched
U0417,technion - israel institute of technology,Israel,,,,,,,,,,technion israel institute of technology,,0.0,False,Unmatched
U0418,university of dundee,United Kingdom,,,,,,,,,,university of dundee,,0.0,False,Unmatched
U0419,bogaziçi university,Turkey,,,,,,,,,,bogazici university,,0.0,False,Unmatched
U0420,czech technical university in prague,Czech Republic,,,,,,,,,,czech technical university in prague,,0.0,False,Unmatched
U0421,dublin city university,Ireland,,,,,,,,,,dublin city university,,0.0,False,Unmatched
U0422,university of limerick,Ireland,,,,,,,,,,university of limerick,,0.0,False,Unmatched
U0423,aston university,United Kingdom,,,,,,,,,,aston university,,0.0,False,Unmatched
U0424,université laval,Canada,,,,,,,,,,universite laval,,0.0,False,Unmatched
U0425,national taipei university of technology,Taiwan,,,,,,,,,,national taipei university of technology,,0.0,False,Unmatched
U0426,ipb university (a.k.a. bogor agricultural university),Indonesia,,,,,,,,,,ipb university,,0.0,False,Unmatched
U0427,leibniz university hannover,Germany,,,,,,,,,,leibniz university hannover,,0.0,False,Unmatched
U0428,julius-maximilians-universität würzburg,Germany,,,,,,,,,,julius maximilians universitat wurzburg,,0.0,False,Unmatched
U0429,southeast university,China (Mainland),,,,,,,,,,southeast university,,0.0,False,Unmatched
U0430,university of science and technology beijing,China (Mainland),,,,,,,,,,university of science and technology beijing,,0.0,False,Unmatched
U0431,central south university,China (Mainland),,,,,,,,,,central south university,,0.0,False,Unmatched
U0432,tomsk state university,Russia,,,,,,,,,,tomsk state university,,0.0,False,Unmatched
U0433,university of granada,Spain,,,,,,,,,,university of granada,,0.0,False,Unmatched
U0434,ajman university,United Arab Emirates,,,,,,,,,,ajman university,,0.0,False,Unmatched
U0435,ie university,Spain,,,,,,,,,,ie university,,0.0,False,Unmatched
U0436,iran university of science and technology,"Iran, Islamic Republic of",,,,,,,,,,iran university of science and technology,,0.0,False,Unmatched
U0437,murdoch university,Australia,,,,,,,,,,murdoch university,,0.0,False,Unmatched
U0438,universitat politècnica de valència,Spain,,,,,,,,,,universitat politecnica de valencia,,0.0,False,Unmatched
U0439,vilnius university,Lithuania,,,,,,,,,,vilnius university,,0.0,False,Unmatched
U0440,singapore university of technology and design,Singapore,,,,,,,,,,singapore university of technology and design,,0.0,False,Unmatched
U0441,università degli studi di pavia,Italy,,,,,,,,,,universita degli studi di pavia,,0.0,False,Unmatched
U0442,colorado state university,United States,,,,,,,,,,colorado state university,,0.0,False,Unmatched
U0443,novosibirsk state university,Russia,,,,,,,,,,novosibirsk state university,,0.0,False,Unmatched
U0444,università cattolica del sacro cuore,Italy,,,,,,,,,,universita cattolica del sacro cuore,,0.0,False,Unmatched
U0445,james cook university,Australia,,,,,,,,,,james cook university,,0.0,False,Unmatched
U0446,justus-liebig-university giessen,Germany,,,,,,,,,,justus liebig university giessen,,0.0,False,Unmatched
U0447,universitat de valencia,Spain,,,,,,,,,,universitat de valencia,,0.0,False,Unmatched
U0448,dalian university of technology,China (Mainland),,,,,,,,,,dalian university of technology,,0.0,False,Unmatched
U0449,hunan university,China (Mainland),,,,,,,,,,hunan university,,0.0,False,Unmatched
U0450,université de montpellier,France,,,,,,,,,,universite de montpellier,,0.0,False,Unmatched
U0451,university of electronic science and technology of china,China (Mainland),,,,,,,,,,university of electronic science and technology of china,,0.0,False,Unmatched
U0452,beihang university (former buaa),China (Mainland),,,,,,,,,,beihang university,,0.0,False,Unmatched
U0453,national taiwan normal university,Taiwan,,,,,,,,,,national taiwan normal university,,0.0,False,Unmatched
U0454,university of kansas,United States,,,,,,,,,,university of kansas,,0.0,False,Unmatched
U0455,university of stirling,United Kingdom,,,,,,,,,,university of stirling,,0.0,False,Unmatched
U0456,moscow institute of physics and technology (mipt / moscow phystech),Russia,,,,,,,,,,moscow institute of physics and technology,,0.0,False,Unmatched
U0457,umea university,Sweden,,,,,,,,,,umea university,,0.0,False,Unmatched
U0458,université de strasbourg,France,,,,,,,,,,universite de strasbourg,,0.0,False,Unmatched
U0459,university of guelph,Canada,,,,,,,,,,university of guelph,,0.0,False,Unmatched
U0460,"stony brook university, state university of new york",United States,,,,,,,,,,stony brook university state university of new york,,0.0,False,Unmatched
U0461,universidad de santiago de chile (usach),Chile,,,,,,,,,,universidad de santiago de chile,,0.0,False,Unmatched
U0462,tampere university,Finland,,,,,,,,,,tampere university,,0.0,False,Unmatched
U0463,universidad de sevilla,Spain,,,,,,,,,,universidad de sevilla,,0.0,False,Unmatched
U0464,macau university of science and technology,Macau SAR,,,,,,,,,,macau university of science and technology,,0.0,False,Unmatched
U0465,kobe university,Japan,,,,,,,,,,kobe university,,0.0,False,Unmatched
U0466,universität konstanz,Germany,,,,,,,,,,universitat konstanz,,0.0,False,Unmatched
U0467,universitat ramon llull,Spain,,,,,,,,,,universitat ramon llull,,0.0,False,Unmatched
U0468,university at buffalo suny,United States,,,,,,,,,,university at buffalo suny,,0.0,False,Unmatched
U0469,washington state university,United States,,,,,,,,,,washington state university,,0.0,False,Unmatched
U0470,iowa state university,United States,,,,,,,,,,iowa state university,,0.0,False,Unmatched
U0471,ben-gurion university of the negev,Israel,,,,,,,,,,ben gurion university of the negev,,0.0,False,Unmatched
U0472,"essex, university of",United Kingdom,,,,,,,,,,essex university of,,0.0,False,Unmatched
U0473,johannes kepler university linz,Austria,,,,,,,,,,johannes kepler university linz,,0.0,False,Unmatched
U0474,bangor university,United Kingdom,,,,,,,,,,bangor university,,0.0,False,Unmatched
U0475,hiroshima university,Japan,,,,,,,,,,hiroshima university,,0.0,False,Unmatched
U0476,universität potsdam,Germany,,,,,,,,,,universitat potsdam,,0.0,False,Unmatched
U0477,university of sharjah,United Arab Emirates,,,,,,,,,,university of sharjah,,0.0,False,Unmatched
U0478,bilkent university,Turkey,,,,,,,,,,bilkent university,,0.0,False,Unmatched
U0479,indian institute of technology indore (iit indore),India,,,,,,,,,,indian institute of technology indore,,0.0,False,Unmatched
U0480,royal holloway university of london,United Kingdom,,,,,,,,,,royal holloway university of london,,0.0,False,Unmatched
U0481,aix-marseille university,France,,,,,,,,,,aix marseille university,,0.0,False,Unmatched
U0482,pontificia universidad católica argentina,Argentina,,,,,,,,,,pontificia universidad catolica argentina,,0.0,False,Unmatched
U0483,"the university of tennessee, knoxville",United States,,,,,,,,,,university of tennessee knoxville,,0.0,False,Unmatched
U0484,china agricultural university,China (Mainland),,,,,,,,,,china agricultural university,,0.0,False,Unmatched
U0485,american university of ras al khaimah ( aurak ),United Arab Emirates,,,,,,,,,,american university of ras al khaimah,,0.0,False,Unmatched
U0486,national sun yat-sen university,Taiwan,,,,,,,,,,national sun yat sen university,,0.0,False,Unmatched
U0487,universität mannheim,Germany,,,,,,,,,,universitat mannheim,,0.0,False,Unmatched
U0488,university of hawai?i at manoa,United States,,,,,,,,,,university of hawai i at manoa,,0.0,False,Unmatched
U0489,chongqing university,China (Mainland),,,,,,,,,,chongqing university,,0.0,False,Unmatched
U0490,chung-ang university (cau),South Korea,,,,,,,,,,chung ang university,,0.0,False,Unmatched
U0491,isfahan university of technology,"Iran, Islamic Republic of",,,,,,,,,,isfahan university of technology,,0.0,False,Unmatched
U0492,shanghai university,China (Mainland),,,,,,,,,,shanghai university,,0.0,False,Unmatched
U0493,unesp,Brazil,,,,,,,,,,unesp,,0.0,False,Unmatched
U0494,university of jyväskylä,Finland,,,,,,,,,,university of jyvaskyla,,0.0,False,Unmatched
U0495,central queensland university (cquniversity australia),Australia,,,,,,,,,,central queensland university,,0.0,False,Unmatched
U0496,duy tan university,Vietnam,,,,,,,,,,duy tan university,,0.0,False,Unmatched
U0497,jilin university,China (Mainland),,,,,,,,,,jilin university,,0.0,False,Unmatched
U0498,national research nuclear university mephi (moscow engineering physics institute),Russia,,,,,,,,,,national research nuclear university mephi,,0.0,False,Unmatched
U0499,universidad de costa rica,Costa Rica,,,,,,,,,,universidad de costa rica,,0.0,False,Unmatched
U0500,"university of california, riverside",United States,,,,,,,,,,university of california riverside,,0.0,False,Unmatched
U0501,khalifa university of science and technology,United Arab Emirates,,,,,,,,,,khalifa university of science and technology,,0.0,False,Unmatched
U0502,colorado school of mines,United States,,,,,,,,,,colorado school of mines,,0.0,False,Unmatched
U0503,east china normal university,China (Mainland),,,,,,,,,,east china normal university,,0.0,False,Unmatched
U0504,johannes gutenberg universität mainz,Germany,,,,,,,,,,johannes gutenberg universitat mainz,,0.0,False,Unmatched
U0505,university of huddersfield,United Kingdom,,,,,,,,,,university of huddersfield,,0.0,False,Unmatched
U0506,university of delaware,United States,,,,,,,,,,university of delaware,,0.0,False,Unmatched
U0507,university of trento,Italy,,,,,,,,,,university of trento,,0.0,False,Unmatched
U0508,aristotle university of thessaloniki,Greece,,,,,,,,,,aristotle university of thessaloniki,,0.0,False,Unmatched
U0509,shenzhen university,China (Mainland),,,,,,,,,,shenzhen university,,0.0,False,Unmatched
U0510,soas university of london,United Kingdom,,,,,,,,,,soas university of london,,0.0,False,Unmatched
U0511,ewha womans university,South Korea,,,,,,,,,,ewha womans university,,0.0,False,Unmatched
U0512,zhengzhou university,China (Mainland),,,,,,,,,,zhengzhou university,,0.0,False,Unmatched
U0513,imam abdulrahman bin faisal university (iau) (formerly university of dammam),Saudi Arabia,,,,,,,,,,imam abdulrahman bin faisal university,,0.0,False,Unmatched
U0514,prince mohammad bin fahd university,Saudi Arabia,,,,,,,,,,prince mohammad bin fahd university,,0.0,False,Unmatched
U0515,university of milano-bicocca,Italy,,,,,,,,,,university of milano bicocca,,0.0,False,Unmatched
U0516,ateneo de manila university,Philippines,,,,,,,,,,ateneo de manila university,,0.0,False,Unmatched
U0517,edith cowan university,Australia,,,,,,,,,,edith cowan university,,0.0,False,Unmatched
U0518,inti international university,Malaysia,,,,,,,,,,inti international university,,0.0,False,Unmatched
U0519,kyungpook national university,South Korea,,,,,,,,,,kyungpook national university,,0.0,False,Unmatched
U0520,sabanci university,Turkey,,,,,,,,,,sabanci university,,0.0,False,Unmatched
U0521,university of hull,United Kingdom,,,,,,,,,,university of hull,,0.0,False,Unmatched
U0522,ural federal university - urfu,Russia,,,,,,,,,,ural federal university urfu,,0.0,False,Unmatched
U0523,zayed university,United Arab Emirates,,,,,,,,,,zayed university,,0.0,False,Unmatched
U0524,pusan national university,South Korea,,,,,,,,,,pusan national university,,0.0,False,Unmatched
U0525,universidad austral,Argentina,,,,,,,,,,universidad austral,,0.0,False,Unmatched
U0526,universität jena,Germany,,,,,,,,,,universitat jena,,0.0,False,Unmatched
U0527,missouri university of science and technology,United States,,,,,,,,,,missouri university of science and technology,,0.0,False,Unmatched
U0528,universität leipzig,Germany,,,,,,,,,,universitat leipzig,,0.0,False,Unmatched
U0529,university of bayreuth,Germany,,,,,,,,,,university of bayreuth,,0.0,False,Unmatched
U0530,warsaw university of technology,Poland,,,,,,,,,,warsaw university of technology,,0.0,False,Unmatched
U0531,coventry university,United Kingdom,,,,,,,,,,coventry university,,0.0,False,Unmatched
U0532,indian institute of technology (bhu) varanasi,India,,,,,,,,,,indian institute of technology varanasi,,0.0,False,Unmatched
U0533,university of bradford,United Kingdom,,,,,,,,,,university of bradford,,0.0,False,Unmatched
U0534,university of utah,United States,,,,,,,,,,university of utah,,0.0,False,Unmatched
U0535,universidad nacional de la plata (unlp),Argentina,,,,,,,,,,universidad nacional de la plata,,0.0,False,Unmatched
U0536,lahore university of management sciences (lums),Pakistan,,,,,,,,,,lahore university of management sciences,,0.0,False,Unmatched
U0537,northumbria university at newcastle,United Kingdom,,,,,,,,,,northumbria university at newcastle,,0.0,False,Unmatched
U0538,university of bordeaux,France,,,,,,,,,,university of bordeaux,,0.0,False,Unmatched
U0539,university of eastern finland,Finland,,,,,,,,,,university of eastern finland,,0.0,False,Unmatched
U0540,applied science university - bahrain,Bahrain,,,,,,,,,,applied science university bahrain,,0.0,False,Unmatched
U0541,hitotsubashi university,Japan,,,,,,,,,,hitotsubashi university,,0.0,False,Unmatched
U0542,sunway university,Malaysia,,,,,,,,,,sunway university,,0.0,False,Unmatched
U0543,université de fribourg,Switzerland,,,,,,,,,,universite de fribourg,,0.0,False,Unmatched
U0544,university of salamanca,Spain,,,,,,,,,,university of salamanca,,0.0,False,Unmatched
U0545,universidad de zaragoza,Spain,,,,,,,,,,universidad de zaragoza,,0.0,False,Unmatched
U0546,universidad pontificia comillas,Spain,,,,,,,,,,universidad pontificia comillas,,0.0,False,Unmatched
U0547,northwestern polytechnical university,China (Mainland),,,,,,,,,,northwestern polytechnical university,,0.0,False,Unmatched
U0548,tashkent institute of irrigation and agricultural mechanization engineers - national research university (tiiame-nru),Uzbekistan,,,,,,,,,,tashkent institute of irrigation and agricultural mechanization engineers national research university,,0.0,False,Unmatched
U0549,university of genoa,Italy,,,,,,,,,,university of genoa,,0.0,False,Unmatched
U0550,university of iceland,Iceland,,,,,,,,,,university of iceland,,0.0,False,Unmatched
U0551,university of windsor,Canada,,,,,,,,,,university of windsor,,0.0,False,Unmatched
U0552,united arab emirates university,United Arab Emirates,,,,,,,,,,united arab emirates university,,0.0,False,Unmatched
U0553,university of tabriz,"Iran, Islamic Republic of",,,,,,,,,,university of tabriz,,0.0,False,Unmatched
U0554,hasselt university,Belgium,,,,,,,,,,hasselt university,,0.0,False,Unmatched
U0555,jordan university of science & technology,Jordan,,,,,,,,,,jordan university of science technology,,0.0,False,Unmatched
U0556,universiti utara malaysia (uum),Malaysia,,,,,,,,,,universiti utara malaysia,,0.0,False,Unmatched
U0557,university of dhaka,Bangladesh,,,,,,,,,,university of dhaka,,0.0,False,Unmatched
U0558,university ulm,Germany,,,,,,,,,,university ulm,,0.0,False,Unmatched
U0559,peter the great st. petersburg polytechnic university,Russia,,,,,,,,,,peter the great st petersburg polytechnic university,,0.0,False,Unmatched
U0560,ulster university,United Kingdom,,,,,,,,,,ulster university,,0.0,False,Unmatched
U0561,umm al-qura university,Saudi Arabia,,,,,,,,,,umm al qura university,,0.0,False,Unmatched
U0562,université claude bernard lyon 1,France,,,,,,,,,,universite claude bernard lyon 1,,0.0,False,Unmatched
U0563,universiti teknologi brunei,Brunei,,,,,,,,,,universiti teknologi brunei,,0.0,False,Unmatched
U0564,eötvös loránd university,Hungary,,,,,,,,,,eotvos lorand university,,0.0,False,Unmatched
U0565,nanjing university of science and technology,China (Mainland),,,,,,,,,,nanjing university of science and technology,,0.0,False,Unmatched
U0566,university of connecticut,United States,,,,,,,,,,university of connecticut,,0.0,False,Unmatched
U0567,chiang mai university,Thailand,,,,,,,,,,chiang mai university,,0.0,False,Unmatched
U0568,lebanese university,Lebanon,,,,,,,,,,lebanese university,,0.0,False,Unmatched
U0569,mgimo university,Russia,,,,,,,,,,mgimo university,,0.0,False,Unmatched
U0570,"university of chemistry and technology, prague",Czech Republic,,,,,,,,,,university of chemistry and technology prague,,0.0,False,Unmatched
U0571,university of szeged,Hungary,,,,,,,,,,university of szeged,,0.0,False,Unmatched
U0572,university of the punjab,Pakistan,,,,,,,,,,university of the punjab,,0.0,False,Unmatched
U0573,florida state university,United States,,,,,,,,,,florida state university,,0.0,False,Unmatched
U0574,florida international university,United States,,,,,,,,,,florida international university,,0.0,False,Unmatched
U0575,university of debrecen,Hungary,,,,,,,,,,university of debrecen,,0.0,False,Unmatched
U0576,national research tomsk polytechnic university,Russia,,,,,,,,,,national research tomsk polytechnic university,,0.0,False,Unmatched
U0577,sogang university,South Korea,,,,,,,,,,sogang university,,0.0,False,Unmatched
U0578,southern cross university,Australia,,,,,,,,,,southern cross university,,0.0,False,Unmatched
U0579,universidad adolfo ibáñez,Chile,,,,,,,,,,universidad adolfo ibanez,,0.0,False,Unmatched
U0580,jawaharlal nehru university,India,,,,,,,,,,jawaharlal nehru university,,0.0,False,Unmatched
U0581,jinan university (china),China (Mainland),,,,,,,,,,jinan university,,0.0,False,Unmatched
U0582,management and science university,Malaysia,,,,,,,,,,management and science university,,0.0,False,Unmatched
U0583,politecnico di bari,Italy,,,,,,,,,,politecnico di bari,,0.0,False,Unmatched
U0584,université paul sabatier toulouse iii,France,,,,,,,,,,universite paul sabatier toulouse iii,,0.0,False,Unmatched
U0585,institut teknologi sepuluh nopember (its surabaya),Indonesia,,,,,,,,,,institut teknologi sepuluh nopember,,0.0,False,Unmatched
U0586,singapore management university,Singapore,,,,,,,,,,singapore management university,,0.0,False,Unmatched
U0587,bond university,Australia,,,,,,,,,,bond university,,0.0,False,Unmatched
U0588,shoolini university of biotechnology and management sciences,India,,,,,,,,,,shoolini university of biotechnology and management sciences,,0.0,False,Unmatched
U0589,the university of georgia,United States,,,,,,,,,,university of georgia,,0.0,False,Unmatched
U0590,universiti teknologi mara - uitm,Malaysia,,,,,,,,,,universiti teknologi mara uitm,,0.0,False,Unmatched
U0591,university of kwazulu-natal,South Africa,,,,,,,,,,university of kwazulu natal,,0.0,False,Unmatched
U0592,ain shams university,Egypt,,,,,,,,,,ain shams university,,0.0,False,Unmatched
U0593,nottingham trent university,United Kingdom,,,,,,,,,,nottingham trent university,,0.0,False,Unmatched
U0594,universität bremen,Germany,,,,,,,,,,universitat bremen,,0.0,False,Unmatched
U0595,itmo university,Russia,,,,,,,,,,itmo university,,0.0,False,Unmatched
U0596,thammasat university,Thailand,,,,,,,,,,thammasat university,,0.0,False,Unmatched
U0597,universitas padjadjaran,Indonesia,,,,,,,,,,universitas padjadjaran,,0.0,False,Unmatched
U0598,university of iowa,United States,,,,,,,,,,university of iowa,,0.0,False,Unmatched
U0599,university of ljubljana,Slovenia,,,,,,,,,,university of ljubljana,,0.0,False,Unmatched
U0600,university of texas dallas,United States,,,,,,,,,,university of texas dallas,,0.0,False,Unmatched
U0601,ca' foscari university of venice,Italy,,,,,,,,,,ca foscari university of venice,,0.0,False,Unmatched
U0602,illinois institute of technology,United States,,,,,,,,,,illinois institute of technology,,0.0,False,Unmatched
U0603,king khalid university,Saudi Arabia,,,,,,,,,,king khalid university,,0.0,False,Unmatched
U0604,"kingston university, london",United Kingdom,,,,,,,,,,kingston university london,,0.0,False,Unmatched
U0605,manchester metropolitan university (mmu),United Kingdom,,,,,,,,,,manchester metropolitan university,,0.0,False,Unmatched
U0606,national chengchi university,Taiwan,,,,,,,,,,national chengchi university,,0.0,False,Unmatched
U0607,paris lodron university of salzburg,Austria,,,,,,,,,,paris lodron university of salzburg,,0.0,False,Unmatched
U0608,rensselaer polytechnic institute,United States,,,,,,,,,,rensselaer polytechnic institute,,0.0,False,Unmatched
U0609,universität des saarlandes,Germany,,,,,,,,,,universitat des saarlandes,,0.0,False,Unmatched
U0610,university of crete,Greece,,,,,,,,,,university of crete,,0.0,False,Unmatched
U0611,university of hohenheim,Germany,,,,,,,,,,university of hohenheim,,0.0,False,Unmatched
U0612,university of south carolina,United States,,,,,,,,,,university of south carolina,,0.0,False,Unmatched
U0613,american university of the middle east,Kuwait,,,,,,,,,,american university of the middle east,,0.0,False,Unmatched
U0614,asia pacific university of technology and innovation (apu),Malaysia,,,,,,,,,,asia pacific university of technology and innovation,,0.0,False,Unmatched
U0615,brno university of technology,Czech Republic,,,,,,,,,,brno university of technology,,0.0,False,Unmatched
U0616,christian-albrechts-university zu kiel,Germany,,,,,,,,,,christian albrechts university zu kiel,,0.0,False,Unmatched
U0617,eastern mediterranean university,Northern Cyprus,,,,,,,,,,eastern mediterranean university,,0.0,False,Unmatched
U0618,pontifícia universidade católica do rio de janeiro,Brazil,,,,,,,,,,pontificia universidade catolica do rio de janeiro,,0.0,False,Unmatched
U0619,taipei medical university (tmu),Taiwan,,,,,,,,,,taipei medical university,,0.0,False,Unmatched
U0620,university of klagenfurt,Austria,,,,,,,,,,university of klagenfurt,,0.0,False,Unmatched
U0621,university of minho,Portugal,,,,,,,,,,university of minho,,0.0,False,Unmatched
U0622,abo akademi university,Finland,,,,,,,,,,abo akademi university,,0.0,False,Unmatched
U0623,american university in dubai,United Arab Emirates,,,,,,,,,,american university in dubai,,0.0,False,Unmatched
U0624,auezov south kazakhstan university (sku),Kazakhstan,,,,,,,,,,auezov south kazakhstan university,,0.0,False,Unmatched
U0625,charles darwin university,Australia,,,,,,,,,,charles darwin university,,0.0,False,Unmatched
U0626,istanbul university,Turkey,,,,,,,,,,istanbul university,,0.0,False,Unmatched
U0627,renmin (people's) university of china,China (Mainland),,,,,,,,,,renmin university of china,,0.0,False,Unmatched
U0628,tallinn university of technology (taltech),Estonia,,,,,,,,,,tallinn university of technology,,0.0,False,Unmatched
U0629,universidad de alcalá,Spain,,,,,,,,,,universidad de alcala,,0.0,False,Unmatched
U0630,universidad de palermo (up),Argentina,,,,,,,,,,universidad de palermo,,0.0,False,Unmatched
U0631,university of south florida,United States,,,,,,,,,,university of south florida,,0.0,False,Unmatched
U0632,university of tromsø the arctic university of norway,Norway,,,,,,,,,,university of troms the arctic university of norway,,0.0,False,Unmatched
U0633,al ain university,United Arab Emirates,,,,,,,,,,al ain university,,0.0,False,Unmatched
U0634,ajou university,South Korea,,,,,,,,,,ajou university,,0.0,False,Unmatched
U0635,boston college,United States,,,,,,,,,,boston college,,0.0,False,Unmatched
U0636,chang gung university,Taiwan,,,,,,,,,,chang gung university,,0.0,False,Unmatched
U0637,china university of petroleum,China (Mainland),,,,,,,,,,china university of petroleum,,0.0,False,Unmatched
U0638,far eastern federal university,Russia,,,,,,,,,,far eastern federal university,,0.0,False,Unmatched
U0639,inha university,South Korea,,,,,,,,,,inha university,,0.0,False,Unmatched
U0640,savitribai phule pune university,India,,,,,,,,,,savitribai phule pune university,,0.0,False,Unmatched
U0641,tulane university,United States,,,,,,,,,,tulane university,,0.0,False,Unmatched
U0642,universidad de concepción,Chile,,,,,,,,,,universidad de concepcion,,0.0,False,Unmatched
U0643,university of portsmouth,United Kingdom,,,,,,,,,,university of portsmouth,,0.0,False,Unmatched
U0644,beirut arab university,Lebanon,,,,,,,,,,beirut arab university,,0.0,False,Unmatched
U0645,de la salle university,Philippines,,,,,,,,,,de la salle university,,0.0,False,Unmatched
U0646,east china university of science and technology,China (Mainland),,,,,,,,,,east china university of science and technology,,0.0,False,Unmatched
U0647,hacettepe university,Turkey,,,,,,,,,,hacettepe university,,0.0,False,Unmatched
U0648,lehigh university,United States,,,,,,,,,,lehigh university,,0.0,False,Unmatched
U0649,national central university,Taiwan,,,,,,,,,,national central university,,0.0,False,Unmatched
U0650,oregon state university,United States,,,,,,,,,,oregon state university,,0.0,False,Unmatched
U0651,ritsumeikan university,Japan,,,,,,,,,,ritsumeikan university,,0.0,False,Unmatched
U0652,soochow university,China (Mainland),,,,,,,,,,soochow university,,0.0,False,Unmatched
U0653,symbiosis international (deemed university),India,,,,,,,,,,symbiosis international,,0.0,False,Unmatched
U0654,universiti tenaga nasional (uniten),Malaysia,,,,,,,,,,universiti tenaga nasional,,0.0,False,Unmatched
U0655,"university of missouri, columbia",United States,,,,,,,,,,university of missouri columbia,,0.0,False,Unmatched
U0656,university of the basque country,Spain,,,,,,,,,,university of the basque country,,0.0,False,Unmatched
U0657,hufs - hankuk (korea) university of foreign studies,South Korea,,,,,,,,,,hufs hankuk university of foreign studies,,0.0,False,Unmatched
U0658,palacký university olomouc,Czech Republic,,,,,,,,,,palacky university olomouc,,0.0,False,Unmatched
U0659,universidade de santiago de compostela,Spain,,,,,,,,,,universidade de santiago de compostela,,0.0,False,Unmatched
U0660,university of houston,United States,,,,,,,,,,university of houston,,0.0,False,Unmatched
U0661,university of zagreb,Croatia,,,,,,,,,,university of zagreb,,0.0,False,Unmatched
U0662,aberystwyth university,United Kingdom,,,,,,,,,,aberystwyth university,,0.0,False,Unmatched
U0663,city university of new york,United States,,,,,,,,,,city university of new york,,0.0,False,Unmatched
U0664,comenius university bratislava,Slovakia,,,,,,,,,,comenius university bratislava,,0.0,False,Unmatched
U0665,free university of bozen-bolzano,Italy,,,,,,,,,,free university of bozen bolzano,,0.0,False,Unmatched
U0666,international islamic university malaysia (iium),Malaysia,,,,,,,,,,international islamic university malaysia,,0.0,False,Unmatched
U0667,iscte - instituto universitario de lisboa,Portugal,,,,,,,,,,iscte instituto universitario de lisboa,,0.0,False,Unmatched
U0668,memorial university of newfoundland,Canada,,,,,,,,,,memorial university of newfoundland,,0.0,False,Unmatched
U0669,national chung hsing university,Taiwan,,,,,,,,,,national chung hsing university,,0.0,False,Unmatched
U0670,"sofia university ""st. kliment ohridski""",Bulgaria,,,,,,,,,,sofia university st kliment ohridski,,0.0,False,Unmatched
U0671,tokyo medical and dental university (tmdu),Japan,,,,,,,,,,tokyo medical and dental university,,0.0,False,Unmatched
U0672,universidad de la república (udelar),Uruguay,,,,,,,,,,universidad de la republica,,0.0,False,Unmatched
U0673,university of manitoba,Canada,,,,,,,,,,university of manitoba,,0.0,False,Unmatched
U0674,university of plymouth,United Kingdom,,,,,,,,,,university of plymouth,,0.0,False,Unmatched
U0675,abai kazakh national pedagogical university,Kazakhstan,,,,,,,,,,abai kazakh national pedagogical university,,0.0,False,Unmatched
U0676,bar-ilan university,Israel,,,,,,,,,,bar ilan university,,0.0,False,Unmatched
U0677,karl-franzens-universitaet graz,Austria,,,,,,,,,,karl franzens universitaet graz,,0.0,False,Unmatched
U0678,kazakh national agrarian university kaznau,Kazakhstan,,,,,,,,,,kazakh national agrarian university kaznau,,0.0,False,Unmatched
U0679,martin-luther-universität halle-wittenberg,Germany,,,,,,,,,,martin luther universitat halle wittenberg,,0.0,False,Unmatched
U0680,universidade federal de minas gerais,Brazil,,,,,,,,,,universidade federal de minas gerais,,0.0,False,Unmatched
U0681,university of haifa,Israel,,,,,,,,,,university of haifa,,0.0,False,Unmatched
U0682,china university of mining and technology,China (Mainland),,,,,,,,,,china university of mining and technology,,0.0,False,Unmatched
U0683,"goldsmiths, university of london",United Kingdom,,,,,,,,,,goldsmiths university of london,,0.0,False,Unmatched
U0684,indian institute of technology hyderabad,India,,,,,,,,,,indian institute of technology hyderabad,,0.0,False,Unmatched
U0685,jeonbuk national university,South Korea,,,,,,,,,,jeonbuk national university,,0.0,False,Unmatched
U0686,prince sultan university,Saudi Arabia,,,,,,,,,,prince sultan university,,0.0,False,Unmatched
U0687,princess nourah bint abdulrahman university,Saudi Arabia,,,,,,,,,,princess nourah bint abdulrahman university,,0.0,False,Unmatched
U0688,temple university,United States,,,,,,,,,,temple university,,0.0,False,Unmatched
U0689,"university of agriculture, faisalabad",Pakistan,,,,,,,,,,university of agriculture faisalabad,,0.0,False,Unmatched
U0690,university of new brunswick,Canada,,,,,,,,,,university of new brunswick,,0.0,False,Unmatched
U0691,chandigarh university,India,,,,,,,,,,chandigarh university,,0.0,False,Unmatched
U0692,norwegian university of life sciences (umb),Norway,,,,,,,,,,norwegian university of life sciences,,0.0,False,Unmatched
U0693,pakistan institute of engineering and applied sciences (pieas),Pakistan,,,,,,,,,,pakistan institute of engineering and applied sciences,,0.0,False,Unmatched
U0694,shiraz university,"Iran, Islamic Republic of",,,,,,,,,,shiraz university,,0.0,False,Unmatched
U0695,universidad central de venezuela,Venezuela,,,,,,,,,,universidad central de venezuela,,0.0,False,Unmatched
U0696,universidad de la habana,Cuba,,,,,,,,,,universidad de la habana,,0.0,False,Unmatched
U0697,universidad panamericana (up),Mexico,,,,,,,,,,universidad panamericana,,0.0,False,Unmatched
U0698,universidade federal de são paulo,Brazil,,,,,,,,,,universidade federal de sao paulo,,0.0,False,Unmatched
U0699,universidade federal do rio grande do sul,Brazil,,,,,,,,,,universidade federal do rio grande do sul,,0.0,False,Unmatched
U0700,university of brescia,Italy,,,,,,,,,,university of brescia,,0.0,False,Unmatched
U0701,university of greenwich,United Kingdom,,,,,,,,,,university of greenwich,,0.0,False,Unmatched
U0702,university of siena,Italy,,,,,,,,,,university of siena,,0.0,False,Unmatched
U0703,beijing university of chemical technology,China (Mainland),,,,,,,,,,beijing university of chemical technology,,0.0,False,Unmatched
U0704,dongguk university,South Korea,,,,,,,,,,dongguk university,,0.0,False,Unmatched
U0705,lebanese american university,Lebanon,,,,,,,,,,lebanese american university,,0.0,False,Unmatched
U0706,national institute of technology tiruchirappalli,India,,,,,,,,,,national institute of technology tiruchirappalli,,0.0,False,Unmatched
U0707,stevens institute of technology,United States,,,,,,,,,,stevens institute of technology,,0.0,False,Unmatched
U0708,taras shevchenko national university of kyiv,Ukraine,,,,,,,,,,taras shevchenko national university of kyiv,,0.0,False,Unmatched
U0709,university of nebraska - lincoln,United States,,,,,,,,,,university of nebraska lincoln,,0.0,False,Unmatched
U0710,university of oklahoma,United States,,,,,,,,,,university of oklahoma,,0.0,False,Unmatched
U0711,ahlia university,Bahrain,,,,,,,,,,ahlia university,,0.0,False,Unmatched
U0712,american university,United States,,,,,,,,,,american university,,0.0,False,Unmatched
U0713,comsats university islamabad,Pakistan,,,,,,,,,,comsats university islamabad,,0.0,False,Unmatched
U0714,czech university of life sciences in prague,Czech Republic,,,,,,,,,,czech university of life sciences in prague,,0.0,False,Unmatched
U0715,de montfort university,United Kingdom,,,,,,,,,,de montfort university,,0.0,False,Unmatched
U0716,"lingnan university, hong kong",Hong Kong SAR,,,,,,,,,,lingnan university hong kong,,0.0,False,Unmatched
U0717,nanjing agricultural university,China (Mainland),,,,,,,,,,nanjing agricultural university,,0.0,False,Unmatched
U0718,plekhanov russian university of economics,Russia,,,,,,,,,,plekhanov russian university of economics,,0.0,False,Unmatched
U0719,saint joseph university of beirut (usj),Lebanon,,,,,,,,,,saint joseph university of beirut,,0.0,False,Unmatched
U0720,the national university of science and technology misis,Russia,,,,,,,,,,national university of science and technology misis,,0.0,False,Unmatched
U0721,ton duc thang university,Vietnam,,,,,,,,,,ton duc thang university,,0.0,False,Unmatched
U0722,université de franche-comté,France,,,,,,,,,,universite de franche comte,,0.0,False,Unmatched
U0723,university of mumbai,India,,,,,,,,,,university of mumbai,,0.0,False,Unmatched
U0724,brandeis university,United States,,,,,,,,,,brandeis university,,0.0,False,Unmatched
U0725,budapest university of technology and economics,Hungary,,,,,,,,,,budapest university of technology and economics,,0.0,False,Unmatched
U0726,diponegoro university,Indonesia,,,,,,,,,,diponegoro university,,0.0,False,Unmatched
U0727,drexel university,United States,,,,,,,,,,drexel university,,0.0,False,Unmatched
U0728,effat university,Saudi Arabia,,,,,,,,,,effat university,,0.0,False,Unmatched
U0729,jadavpur university,India,,,,,,,,,,jadavpur university,,0.0,False,Unmatched
U0730,konkuk university,South Korea,,,,,,,,,,konkuk university,,0.0,False,Unmatched
U0731,lanzhou university,China (Mainland),,,,,,,,,,lanzhou university,,0.0,False,Unmatched
U0732,middlesex university,United Kingdom,,,,,,,,,,middlesex university,,0.0,False,Unmatched
U0733,riga technical university,Latvia,,,,,,,,,,riga technical university,,0.0,False,Unmatched
U0734,université de lille,France,,,,,,,,,,universite de lille,,0.0,False,Unmatched
U0735,université de rennes 1 (university of rennes),France,,,,,,,,,,universite de rennes 1,,0.0,False,Unmatched
U0736,university of modena and reggio emilia,Italy,,,,,,,,,,university of modena and reggio emilia,,0.0,False,Unmatched
U0737,university of trieste,Italy,,,,,,,,,,university of trieste,,0.0,False,Unmatched
U0738,universitat rovira i virgili,Spain,,,,,,,,,,universitat rovira i virgili,,0.0,False,Unmatched
U0739,université côte d\'azur,France,,,,,,,,,,universite cote d azur,,0.0,False,Unmatched
U0740,university of belgrade,Serbia,,,,,,,,,,university of belgrade,,0.0,False,Unmatched
U0741,altai state university,Russia,,,,,,,,,,altai state university,,0.0,False,Unmatched
U0742,carleton university,Canada,,,,,,,,,,carleton university,,0.0,False,Unmatched
U0743,universidad católica andres bello,Venezuela,,,,,,,,,,universidad catolica andres bello,,0.0,False,Unmatched
U0744,universidad de montevideo (um),Uruguay,,,,,,,,,,universidad de montevideo,,0.0,False,Unmatched
U0745,universität regensburg,Germany,,,,,,,,,,universitat regensburg,,0.0,False,Unmatched
U0746,universiti malaysia pahang,Malaysia,,,,,,,,,,universiti malaysia pahang,,0.0,False,Unmatched
U0747,university of central florida,United States,,,,,,,,,,university of central florida,,0.0,False,Unmatched
U0748,university of the west of england,United Kingdom,,,,,,,,,,university of the west of england,,0.0,False,Unmatched
U0749,university of westminster,United Kingdom,,,,,,,,,,university of westminster,,0.0,False,Unmatched
U0750,v. n. karazin kharkiv national university,Ukraine,,,,,,,,,,v n karazin kharkiv national university,,0.0,False,Unmatched
U0751,victoria university,Australia,,,,,,,,,,victoria university,,0.0,False,Unmatched
U0752,vytautas magnus university,Lithuania,,,,,,,,,,vytautas magnus university,,0.0,False,Unmatched
U0753,wake forest university,United States,,,,,,,,,,wake forest university,,0.0,False,Unmatched
U0754,instituto tecnológico autónomo de méxico (itam),Mexico,,,,,,,,,,instituto tecnologico autonomo de mexico,,0.0,False,Unmatched
U0755,kaunas university of technology,Lithuania,,,,,,,,,,kaunas university of technology,,0.0,False,Unmatched
U0756,technische universität braunschweig,Germany,,,,,,,,,,technische universitat braunschweig,,0.0,False,Unmatched
U0757,tokyo university of science,Japan,,,,,,,,,,tokyo university of science,,0.0,False,Unmatched
U0758,universidade de brasília,Brazil,,,,,,,,,,universidade de brasilia,,0.0,False,Unmatched
U0759,universita' politecnica delle marche,Italy,,,,,,,,,,universita politecnica delle marche,,0.0,False,Unmatched
U0760,university of calcutta,India,,,,,,,,,,university of calcutta,,0.0,False,Unmatched
U0761,university of engineering & technology (uet) lahore,Pakistan,,,,,,,,,,university of engineering technology lahore,,0.0,False,Unmatched
U0762,university of malta,Malta,,,,,,,,,,university of malta,,0.0,False,Unmatched
U0763,university of messina (unime),Italy,,,,,,,,,,university of messina,,0.0,False,Unmatched
U0764,"adam mickiewicz university, poznan",Poland,,,,,,,,,,adam mickiewicz university poznan,,0.0,False,Unmatched
U0765,bangladesh university of engineering and technology,Bangladesh,,,,,,,,,,bangladesh university of engineering and technology,,0.0,False,Unmatched
U0766,king faisal university,Saudi Arabia,,,,,,,,,,king faisal university,,0.0,False,Unmatched
U0767,nanjing university of aeronautics and astronautics,China (Mainland),,,,,,,,,,nanjing university of aeronautics and astronautics,,0.0,False,Unmatched
U0768,university of cincinnati,United States,,,,,,,,,,university of cincinnati,,0.0,False,Unmatched
U0769,"university of colorado, denver",United States,,,,,,,,,,university of colorado denver,,0.0,False,Unmatched
U0770,university of patras,Greece,,,,,,,,,,university of patras,,0.0,False,Unmatched
U0771,addis ababa university,Ethiopia,,,,,,,,,,addis ababa university,,0.0,False,Unmatched
U0772,bournemouth university,United Kingdom,,,,,,,,,,bournemouth university,,0.0,False,Unmatched
U0773,chiba university,Japan,,,,,,,,,,chiba university,,0.0,False,Unmatched
U0774,china university of geosciences,China (Mainland),,,,,,,,,,china university of geosciences,,0.0,False,Unmatched
U0775,colegio de méxico,Mexico,,,,,,,,,,colegio de mexico,,0.0,False,Unmatched
U0776,holy spirit university of kaslik,Lebanon,,,,,,,,,,holy spirit university of kaslik,,0.0,False,Unmatched
U0777,universidad del rosario,Colombia,,,,,,,,,,universidad del rosario,,0.0,False,Unmatched
U0778,université de tunis el manar,Tunisia,,,,,,,,,,universite de tunis el manar,,0.0,False,Unmatched
U0779,"university of maryland, baltimore county",United States,,,,,,,,,,university of maryland baltimore county,,0.0,False,Unmatched
U0780,university of pecs,Hungary,,,,,,,,,,university of pecs,,0.0,False,Unmatched
U0781,verona university,Italy,,,,,,,,,,verona university,,0.0,False,Unmatched
U0782,babes-bolyai university,Romania,,,,,,,,,,babes bolyai university,,0.0,False,Unmatched
U0783,kasetsart university,Thailand,,,,,,,,,,kasetsart university,,0.0,False,Unmatched
U0784,national university of uzbekistan,Uzbekistan,,,,,,,,,,national university of uzbekistan,,0.0,False,Unmatched
U0785,qassim university,Saudi Arabia,,,,,,,,,,qassim university,,0.0,False,Unmatched
U0786,texas tech university,United States,,,,,,,,,,texas tech university,,0.0,False,Unmatched
U0787,the new school,United States,,,,,,,,,,new school,,0.0,False,Unmatched
U0788,universidad de belgrano,Argentina,,,,,,,,,,universidad de belgrano,,0.0,False,Unmatched
U0789,universidade federal de santa catarina,Brazil,,,,,,,,,,universidade federal de santa catarina,,0.0,False,Unmatched
U0790,university of latvia,Latvia,,,,,,,,,,university of latvia,,0.0,False,Unmatched
U0791,university of mons,Belgium,,,,,,,,,,university of mons,,0.0,False,Unmatched
U0792,zürcher hochschule winterthur,Switzerland,,,,,,,,,,zurcher hochschule winterthur,,0.0,False,Unmatched
U0793,alfaisal university,Saudi Arabia,,,,,,,,,,alfaisal university,,0.0,False,Unmatched
U0794,ivane javakhishvili tbilisi state university,Georgia,,,,,,,,,,ivane javakhishvili tbilisi state university,,0.0,False,Unmatched
U0795,keele university,United Kingdom,,,,,,,,,,keele university,,0.0,False,Unmatched
U0796,new jersey institute of technology (njit),United States,,,,,,,,,,new jersey institute of technology,,0.0,False,Unmatched
U0797,sechenov university,Russia,,,,,,,,,,sechenov university,,0.0,False,Unmatched
U0798,universidad de antioquia,Colombia,,,,,,,,,,universidad de antioquia,,0.0,False,Unmatched
U0799,university of kentucky,United States,,,,,,,,,,university of kentucky,,0.0,False,Unmatched
U0800,university of new mexico,United States,,,,,,,,,,university of new mexico,,0.0,False,Unmatched
U0801,vellore institute of technology (vit),India,,,,,,,,,,vellore institute of technology,,0.0,False,Unmatched
U0802,wayne state university,United States,,,,,,,,,,wayne state university,,0.0,False,Unmatched
U0803,al-ahliyya amman university,Jordan,,,,,,,,,,al ahliyya amman university,,0.0,False,Unmatched
U0804,alexandria university,Egypt,,,,,,,,,,alexandria university,,0.0,False,Unmatched
U0805,ankara üniversitesi,Turkey,,,,,,,,,,ankara universitesi,,0.0,False,Unmatched
U0806,asia university taiwan,Taiwan,,,,,,,,,,asia university taiwan,,0.0,False,Unmatched
U0807,beijing university of technology,China (Mainland),,,,,,,,,,beijing university of technology,,0.0,False,Unmatched
U0808,belarusian national technical university (bntu),Belarus,,,,,,,,,,belarusian national technical university,,0.0,False,Unmatched
U0809,"birla institute of technology and science, pilani",India,,,,,,,,,,birla institute of technology and science pilani,,0.0,False,Unmatched
U0810,edinburgh napier university,United Kingdom,,,,,,,,,,edinburgh napier university,,0.0,False,Unmatched
U0811,gdansk university of technology,Poland,,,,,,,,,,gdansk university of technology,,0.0,False,Unmatched
U0812,huazhong agricultural university,China (Mainland),,,,,,,,,,huazhong agricultural university,,0.0,False,Unmatched
U0813,immanuel kant baltic federal university,Russia,,,,,,,,,,immanuel kant baltic federal university,,0.0,False,Unmatched
U0814,instituto politécnico nacional (ipn),Mexico,,,,,,,,,,instituto politecnico nacional,,0.0,False,Unmatched
U0815,jouf university,Saudi Arabia,,,,,,,,,,jouf university,,0.0,False,Unmatched
U0816,khoja akhmet yassawi international kazakh-turkish university,Kazakhstan,,,,,,,,,,khoja akhmet yassawi international kazakh turkish university,,0.0,False,Unmatched
U0817,kuwait university,Kuwait,,,,,,,,,,kuwait university,,0.0,False,Unmatched
U0818,liverpool john moores university,United Kingdom,,,,,,,,,,liverpool john moores university,,0.0,False,Unmatched
U0819,london south bank university,United Kingdom,,,,,,,,,,london south bank university,,0.0,False,Unmatched
U0820,maynooth university,Ireland,,,,,,,,,,maynooth university,,0.0,False,Unmatched
U0821,"national technical university of ukraine ""igor sikorsky kyiv polytechnic institute""",Ukraine,,,,,,,,,,national technical university of ukraine igor sikorsky kyiv polytechnic institute,,0.0,False,Unmatched
U0822,ocean university of china,China (Mainland),,,,,,,,,,ocean university of china,,0.0,False,Unmatched
U0823,philipps-universität marburg,Germany,,,,,,,,,,philipps universitat marburg,,0.0,False,Unmatched
U0824,pontificia universidad católica de valparaíso,Chile,,,,,,,,,,pontificia universidad catolica de valparaiso,,0.0,False,Unmatched
U0825,rutgers universitynewark,United States,,,,,,,,,,rutgers university newark,,0.0,False,Unmatched
U0826,syracuse university,United States,,,,,,,,,,syracuse university,,0.0,False,Unmatched
U0827,the catholic university of korea,South Korea,,,,,,,,,,catholic university of korea,,0.0,False,Unmatched
U0828,toronto metropolitan university,Canada,,,,,,,,,,toronto metropolitan university,,0.0,False,Unmatched
U0829,tu dortmund university,Germany,,,,,,,,,,tu dortmund university,,0.0,False,Unmatched
U0830,universidad anáhuac méxico,Mexico,,,,,,,,,,universidad anahuac mexico,,0.0,False,Unmatched
U0831,universidad iberoamericana ibero,Mexico,,,,,,,,,,universidad iberoamericana ibero,,0.0,False,Unmatched
U0832,universidad san francisco de quito (usfq),Ecuador,,,,,,,,,,universidad san francisco de quito,,0.0,False,Unmatched
U0833,università degli studi di perugia,Italy,,,,,,,,,,universita degli studi di perugia,,0.0,False,Unmatched
U0834,universitas brawijaya,Indonesia,,,,,,,,,,universitas brawijaya,,0.0,False,Unmatched
U0835,universität duisburg-essen,Germany,,,,,,,,,,universitat duisburg essen,,0.0,False,Unmatched
U0836,universität rostock,Germany,,,,,,,,,,universitat rostock,,0.0,False,Unmatched
U0837,université de lorraine,France,,,,,,,,,,universite de lorraine,,0.0,False,Unmatched
U0838,universiti tunku abdul rahman (utar),Malaysia,,,,,,,,,,universiti tunku abdul rahman,,0.0,False,Unmatched
U0839,university of alaska fairbanks,United States,,,,,,,,,,university of alaska fairbanks,,0.0,False,Unmatched
U0840,university of alicante,Spain,,,,,,,,,,university of alicante,,0.0,False,Unmatched
U0841,university of baghdad,Iraq,,,,,,,,,,university of baghdad,,0.0,False,Unmatched
U0842,university of bari,Italy,,,,,,,,,,university of bari,,0.0,False,Unmatched
U0843,university of brighton,United Kingdom,,,,,,,,,,university of brighton,,0.0,False,Unmatched
U0844,university of bucharest,Romania,,,,,,,,,,university of bucharest,,0.0,False,Unmatched
U0845,university of hyderabad,India,,,,,,,,,,university of hyderabad,,0.0,False,Unmatched
U0846,university of oregon,United States,,,,,,,,,,university of oregon,,0.0,False,Unmatched
U0847,university of petroleum and energy studies (upes),India,,,,,,,,,,university of petroleum and energy studies,,0.0,False,Unmatched
U0848,university of salerno,Italy,,,,,,,,,,university of salerno,,0.0,False,Unmatched
U0849,university of stavanger,Norway,,,,,,,,,,university of stavanger,,0.0,False,Unmatched
U0850,university of ulsan,South Korea,,,,,,,,,,university of ulsan,,0.0,False,Unmatched
U0851,wuhan university of technology,China (Mainland),,,,,,,,,,wuhan university of technology,,0.0,False,Unmatched
U0852,agh university of science and technology,Poland,,,,,,,,,,agh university of science and technology,,0.0,False,Unmatched
U0853,al-quds university,"Palestinian Territory, Occupied",,,,,,,,,,al quds university,,0.0,False,Unmatched
U0854,applied science private university - jordan,Jordan,,,,,,,,,,applied science private university jordan,,0.0,False,Unmatched
U0855,charles sturt university,Australia,,,,,,,,,,charles sturt university,,0.0,False,Unmatched
U0856,chonnam national university,South Korea,,,,,,,,,,chonnam national university,,0.0,False,Unmatched
U0857,chungnam national university,South Korea,,,,,,,,,,chungnam national university,,0.0,False,Unmatched
U0858,clarkson university,United States,,,,,,,,,,clarkson university,,0.0,False,Unmatched
U0859,cy cergy paris university,France,,,,,,,,,,cy cergy paris university,,0.0,False,Unmatched
U0860,donghua university,China (Mainland),,,,,,,,,,donghua university,,0.0,False,Unmatched
U0861,georgia state university,United States,,,,,,,,,,georgia state university,,0.0,False,Unmatched
U0862,gulf university for science and technology,Kuwait,,,,,,,,,,gulf university for science and technology,,0.0,False,Unmatched
U0863,jamia millia islamia,India,,,,,,,,,,jamia millia islamia,,0.0,False,Unmatched
U0864,kansas state university,United States,,,,,,,,,,kansas state university,,0.0,False,Unmatched
U0865,karaganda state technical university,Kazakhstan,,,,,,,,,,karaganda state technical university,,0.0,False,Unmatched
U0866,kyrgyz russian slavic university,Kyrgyzstan,,,,,,,,,,kyrgyz russian slavic university,,0.0,False,Unmatched
U0867,mendel university in brno,Czech Republic,,,,,,,,,,mendel university in brno,,0.0,False,Unmatched
U0868,nagasaki university,Japan,,,,,,,,,,nagasaki university,,0.0,False,Unmatched
U0869,northwest agriculture and forestry university,China (Mainland),,,,,,,,,,northwest agriculture and forestry university,,0.0,False,Unmatched
U0870,north-west university,South Africa,,,,,,,,,,north west university,,0.0,False,Unmatched
U0871,okayama university,Japan,,,,,,,,,,okayama university,,0.0,False,Unmatched
U0872,oklahoma state university,United States,,,,,,,,,,oklahoma state university,,0.0,False,Unmatched
U0873,pavol jozef afárik university in koice,Slovakia,,,,,,,,,,pavol jozef afarik university in ko ice,,0.0,False,Unmatched
U0874,poznan university of life sciences,Poland,,,,,,,,,,poznan university of life sciences,,0.0,False,Unmatched
U0875,shahid beheshti university (sbu),"Iran, Islamic Republic of",,,,,,,,,,shahid beheshti university,,0.0,False,Unmatched
U0876,swarthmore college,United States,,,,,,,,,,swarthmore college,,0.0,False,Unmatched
U0877,technological university dublin,Ireland,,,,,,,,,,technological university dublin,,0.0,False,Unmatched
U0878,thapar institute of engineering & technology,India,,,,,,,,,,thapar institute of engineering technology,,0.0,False,Unmatched
U0879,tokyo university of agriculture and technology,Japan,,,,,,,,,,tokyo university of agriculture and technology,,0.0,False,Unmatched
U0880,universidad de valladolid,Spain,,,,,,,,,,universidad de valladolid,,0.0,False,Unmatched
U0881,universidad ort uruguay,Uruguay,,,,,,,,,,universidad ort uruguay,,0.0,False,Unmatched
U0882,universita' degli studi di ferrara,Italy,,,,,,,,,,universita degli studi di ferrara,,0.0,False,Unmatched
U0883,université de nantes,France,,,,,,,,,,universite de nantes,,0.0,False,Unmatched
U0884,université de sherbrooke,Canada,,,,,,,,,,universite de sherbrooke,,0.0,False,Unmatched
U0885,université du québec,Canada,,,,,,,,,,universite du quebec,,0.0,False,Unmatched
U0886,university at albany suny,United States,,,,,,,,,,university at albany suny,,0.0,False,Unmatched
U0887,university duesseldorf,Germany,,,,,,,,,,university duesseldorf,,0.0,False,Unmatched
U0888,university of dubai,United Arab Emirates,,,,,,,,,,university of dubai,,0.0,False,Unmatched
U0889,university of gdansk,Poland,,,,,,,,,,university of gdansk,,0.0,False,Unmatched
U0890,university of ghana,Ghana,,,,,,,,,,university of ghana,,0.0,False,Unmatched
U0891,university of hertfordshire,United Kingdom,,,,,,,,,,university of hertfordshire,,0.0,False,Unmatched
U0892,university of lincoln,United Kingdom,,,,,,,,,,university of lincoln,,0.0,False,Unmatched
U0893,university of mississippi,United States,,,,,,,,,,university of mississippi,,0.0,False,Unmatched
U0894,university of palermo,Italy,,,,,,,,,,university of palermo,,0.0,False,Unmatched
U0895,university of santo tomas,Philippines,,,,,,,,,,university of santo tomas,,0.0,False,Unmatched
U0896,university of south africa,South Africa,,,,,,,,,,university of south africa,,0.0,False,Unmatched
U0897,university of wroclaw,Poland,,,,,,,,,,university of wroclaw,,0.0,False,Unmatched
U0898,"vietnam national university, hanoi",Vietnam,,,,,,,,,,vietnam national university hanoi,,0.0,False,Unmatched
U0899,vilnius gediminas technical university,Lithuania,,,,,,,,,,vilnius gediminas technical university,,0.0,False,Unmatched
U0900,virginia commonwealth university,United States,,,,,,,,,,virginia commonwealth university,,0.0,False,Unmatched
U0901,yildiz technical university,Turkey,,,,,,,,,,yildiz technical university,,0.0,False,Unmatched
U0902,australian catholic university,Australia,,,,,,,,,,australian catholic university,,0.0,False,Unmatched
U0903,beijing jiaotong university,China (Mainland),,,,,,,,,,beijing jiaotong university,,0.0,False,Unmatched
U0904,beijing university of posts and telecommunications,China (Mainland),,,,,,,,,,beijing university of posts and telecommunications,,0.0,False,Unmatched
U0905,catania university,Italy,,,,,,,,,,catania university,,0.0,False,Unmatched
U0906,future university in egypt,Egypt,,,,,,,,,,future university in egypt,,0.0,False,Unmatched
U0907,gazi üniversitesi,Turkey,,,,,,,,,,gazi universitesi,,0.0,False,Unmatched
U0908,georgian technical university,Georgia,,,,,,,,,,georgian technical university,,0.0,False,Unmatched
U0909,german jordanian university,Jordan,,,,,,,,,,german jordanian university,,0.0,False,Unmatched
U0910,imam mohammad ibn saud islamic university  imsiu,Saudi Arabia,,,,,,,,,,imam mohammad ibn saud islamic university imsiu,,0.0,False,Unmatched
U0911,kanazawa university,Japan,,,,,,,,,,kanazawa university,,0.0,False,Unmatched
U0912,karaganda buketov university,Kazakhstan,,,,,,,,,,karaganda buketov university,,0.0,False,Unmatched
U0913,kyrgyz-turkish manas university,Kyrgyzstan,,,,,,,,,,kyrgyz turkish manas university,,0.0,False,Unmatched
U0914,louisiana state university,United States,,,,,,,,,,louisiana state university,,0.0,False,Unmatched
U0915,makerere university,Uganda,,,,,,,,,,makerere university,,0.0,False,Unmatched
U0916,"manipal academy of higher education, manipal, karnataka, india",India,,,,,,,,,,manipal academy of higher education manipal karnataka india,,0.0,False,Unmatched
U0917,michigan technological university,United States,,,,,,,,,,michigan technological university,,0.0,False,Unmatched
U0918,national research saratov state university,Russia,,,,,,,,,,national research saratov state university,,0.0,False,Unmatched
U0919,nicolaus copernicus university,Poland,,,,,,,,,,nicolaus copernicus university,,0.0,False,Unmatched
U0920,north south university,Bangladesh,,,,,,,,,,north south university,,0.0,False,Unmatched
U0921,osaka metropolitan university,Japan,,,,,,,,,,osaka metropolitan university,,0.0,False,Unmatched
U0922,princess sumaya university for technology,Jordan,,,,,,,,,,princess sumaya university for technology,,0.0,False,Unmatched
U0923,ritsumeikan asia pacific university,Japan,,,,,,,,,,ritsumeikan asia pacific university,,0.0,False,Unmatched
U0924,robert gordon university,United Kingdom,,,,,,,,,,robert gordon university,,0.0,False,Unmatched
U0925,south ural state university (national research university),Russia,,,,,,,,,,south ural state university,,0.0,False,Unmatched
U0926,universidad católica del uruguay (ucu),Uruguay,,,,,,,,,,universidad catolica del uruguay,,0.0,False,Unmatched
U0927,"universidad central ""marta abreu"" de las villas",Cuba,,,,,,,,,,universidad central marta abreu de las villas,,0.0,False,Unmatched
U0928,universidad eafit,Colombia,,,,,,,,,,universidad eafit,,0.0,False,Unmatched
U0929,universidad externado de colombia,Colombia,,,,,,,,,,universidad externado de colombia,,0.0,False,Unmatched
U0930,universidad nacional de córdoba - unc,Argentina,,,,,,,,,,universidad nacional de cordoba unc,,0.0,False,Unmatched
U0931,universidad nacional mayor de san marcos,Peru,,,,,,,,,,universidad nacional mayor de san marcos,,0.0,False,Unmatched
U0932,universidad pontificia bolivariana,Colombia,,,,,,,,,,universidad pontificia bolivariana,,0.0,False,Unmatched
U0933,universidade católica portuguesa - ucp,Portugal,,,,,,,,,,universidade catolica portuguesa ucp,,0.0,False,Unmatched
U0934,universidade de vigo,Spain,,,,,,,,,,universidade de vigo,,0.0,False,Unmatched
U0935,università degli studi della tuscia (university of tuscia),Italy,,,,,,,,,,universita degli studi della tuscia,,0.0,False,Unmatched
U0936,università degli studi roma tre,Italy,,,,,,,,,,universita degli studi roma tre,,0.0,False,Unmatched
U0937,"university of alabama, birmingham",United States,,,,,,,,,,university of alabama birmingham,,0.0,False,Unmatched
U0938,university of calabria,Italy,,,,,,,,,,university of calabria,,0.0,False,Unmatched
U0939,university of east london,United Kingdom,,,,,,,,,,university of east london,,0.0,False,Unmatched
U0940,university of hail,Saudi Arabia,,,,,,,,,,university of hail,,0.0,False,Unmatched
U0941,university of lodz,Poland,,,,,,,,,,university of lodz,,0.0,False,Unmatched
U0942,university of maribor,Slovenia,,,,,,,,,,university of maribor,,0.0,False,Unmatched
U0943,university of murcia,Spain,,,,,,,,,,university of murcia,,0.0,False,Unmatched
U0944,university of nairobi,Kenya,,,,,,,,,,university of nairobi,,0.0,False,Unmatched
U0945,university of peshawar,Pakistan,,,,,,,,,,university of peshawar,,0.0,False,Unmatched
U0946,university of salford,United Kingdom,,,,,,,,,,university of salford,,0.0,False,Unmatched
U0947,university paris 2 panthéon-assas,France,,,,,,,,,,university paris 2 pantheon assas,,0.0,False,Unmatched
U0948,viet nam national university ho chi minh city (vnu-hcm),Vietnam,,,,,,,,,,viet nam national university ho chi minh city,,0.0,False,Unmatched
U0949,worcester polytechnic institute,United States,,,,,,,,,,worcester polytechnic institute,,0.0,False,Unmatched
U0950,wroclaw university of science and technology (wrust),Poland,,,,,,,,,,wroclaw university of science and technology,,0.0,False,Unmatched
U0951,yerevan state university,Armenia,,,,,,,,,,yerevan state university,,0.0,False,Unmatched
U0952,yokohama city university,Japan,,,,,,,,,,yokohama city university,,0.0,False,Unmatched
U0953,almaty technological university,Kazakhstan,,,,,,,,,,almaty technological university,,0.0,False,Unmatched
U0954,athens university of economics and business,Greece,,,,,,,,,,athens university of economics and business,,0.0,False,Unmatched
U0955,auburn university,United States,,,,,,,,,,auburn university,,0.0,False,Unmatched
U0956,baku state university,Azerbaijan,,,,,,,,,,baku state university,,0.0,False,Unmatched
U0957,bina nusantara university (binus),Indonesia,,,,,,,,,,bina nusantara university,,0.0,False,Unmatched
U0958,clark university,United States,,,,,,,,,,clark university,,0.0,False,Unmatched
U0959,clemson university,United States,,,,,,,,,,clemson university,,0.0,False,Unmatched
U0960,d. serikbayev east kazakhstan state technical university,Kazakhstan,,,,,,,,,,d serikbayev east kazakhstan state technical university,,0.0,False,Unmatched
U0961,ferdowsi university of mashhad,"Iran, Islamic Republic of",,,,,,,,,,ferdowsi university of mashhad,,0.0,False,Unmatched
U0962,financial university under the government of the russian federation,Russia,,,,,,,,,,financial university under the government of the russian federation,,0.0,False,Unmatched
U0963,hallym university,South Korea,,,,,,,,,,hallym university,,0.0,False,Unmatched
U0964,indian institute of technology bhubaneswar,India,,,,,,,,,,indian institute of technology bhubaneswar,,0.0,False,Unmatched
U0965,instituto tecnológico de buenos aires (itba),Argentina,,,,,,,,,,instituto tecnologico de buenos aires,,0.0,False,Unmatched
U0966,khon kaen university,Thailand,,,,,,,,,,khon kaen university,,0.0,False,Unmatched
U0967,king mongkut's university of technology thonburi,Thailand,,,,,,,,,,king mongkut s university of technology thonburi,,0.0,False,Unmatched
U0968,kumamoto university,Japan,,,,,,,,,,kumamoto university,,0.0,False,Unmatched
U0969,mansoura university,Egypt,,,,,,,,,,mansoura university,,0.0,False,Unmatched
U0970,niigata university,Japan,,,,,,,,,,niigata university,,0.0,False,Unmatched
U0971,northern borders university,Saudi Arabia,,,,,,,,,,northern borders university,,0.0,False,Unmatched
U0972,pontificia universidad católica del ecuador (puce),Ecuador,,,,,,,,,,pontificia universidad catolica del ecuador,,0.0,False,Unmatched
U0973,prince of songkla university,Thailand,,,,,,,,,,prince of songkla university,,0.0,False,Unmatched
U0974,"queen margaret university , edinburgh",United Kingdom,,,,,,,,,,queen margaret university edinburgh,,0.0,False,Unmatched
U0975,rhodes university,South Africa,,,,,,,,,,rhodes university,,0.0,False,Unmatched
U0976,riga stradins university,Latvia,,,,,,,,,,riga stradins university,,0.0,False,Unmatched
U0977,s.d. asfendiyarov kazakh national medical university,Kazakhstan,,,,,,,,,,s d asfendiyarov kazakh national medical university,,0.0,False,Unmatched
U0978,saveetha institute of medical and technical sciences (deemed to be university),India,,,,,,,,,,saveetha institute of medical and technical sciences,,0.0,False,Unmatched
U0979,sophia university,Japan,,,,,,,,,,sophia university,,0.0,False,Unmatched
U0980,southern federal university,Russia,,,,,,,,,,southern federal university,,0.0,False,Unmatched
U0981,st. louis university,United States,,,,,,,,,,st louis university,,0.0,False,Unmatched
U0982,the university of alabama,United States,,,,,,,,,,university of alabama,,0.0,False,Unmatched
U0983,the university of lahore,Pakistan,,,,,,,,,,university of lahore,,0.0,False,Unmatched
U0984,universidad autónoma metropolitana (uam),Mexico,,,,,,,,,,universidad autonoma metropolitana,,0.0,False,Unmatched
U0985,universidad de córdoba - españa,Spain,,,,,,,,,,universidad de cordoba espana,,0.0,False,Unmatched
U0986,universidad de la sabana,Colombia,,,,,,,,,,universidad de la sabana,,0.0,False,Unmatched
U0987,universidad de león,Spain,,,,,,,,,,universidad de leon,,0.0,False,Unmatched
U0988,universidad de los andes - chile,Chile,,,,,,,,,,universidad de los andes chile,,0.0,False,Unmatched
U0989,universidad de san andrés - udesa,Argentina,,,,,,,,,,universidad de san andres udesa,,0.0,False,Unmatched
U0990,universidad nacional de rosario (unr),Argentina,,,,,,,,,,universidad nacional de rosario,,0.0,False,Unmatched
U0991,universidad técnica federico santa maría (usm),Chile,,,,,,,,,,universidad tecnica federico santa maria,,0.0,False,Unmatched
U0992,universidad torcuato di tella,Argentina,,,,,,,,,,universidad torcuato di tella,,0.0,False,Unmatched
U0993,université sorbonne paris nord,France,,,,,,,,,,universite sorbonne paris nord,,0.0,False,Unmatched
U0994,université toulouse 1 capitole,France,,,,,,,,,,universite toulouse 1 capitole,,0.0,False,Unmatched
U0995,universiti pendidikan sultan idris (upsi),Malaysia,,,,,,,,,,universiti pendidikan sultan idris,,0.0,False,Unmatched
U0996,university of bahrain,Bahrain,,,,,,,,,,university of bahrain,,0.0,False,Unmatched
U0997,university of central lancashire,United Kingdom,,,,,,,,,,university of central lancashire,,0.0,False,Unmatched
U0998,university of colombo,Sri Lanka,,,,,,,,,,university of colombo,,0.0,False,Unmatched
U0999,university of denver,United States,,,,,,,,,,university of denver,,0.0,False,Unmatched
U1000,university of parma,Italy,,,,,,,,,,university of parma,,0.0,False,Unmatched
U1001,university of regina,Canada,,,,,,,,,,university of regina,,0.0,False,Unmatched
U1002,university of south bohemia,Czech Republic,,,,,,,,,,university of south bohemia,,0.0,False,Unmatched
U1003,university of the western cape,South Africa,,,,,,,,,,university of the western cape,,0.0,False,Unmatched
U1004,yarmouk university,Jordan,,,,,,,,,,yarmouk university,,0.0,False,Unmatched
U1005,yeungnam university,South Korea,,,,,,,,,,yeungnam university,,0.0,False,Unmatched
U1006,al-azhar university,Egypt,,,,,,,,,,al azhar university,,0.0,False,Unmatched
U1007,aligarh muslim university,India,,,,,,,,,,aligarh muslim university,,0.0,False,Unmatched
U1008,amity university,India,,,,,,,,,,amity university,,0.0,False,Unmatched
U1009,amrita vishwa vidyapeetham,India,,,,,,,,,,amrita vishwa vidyapeetham,,0.0,False,Unmatched
U1010,an-najah national university,"Palestinian Territory, Occupied",,,,,,,,,,an najah national university,,0.0,False,Unmatched
U1011,"arab academy for science, technology and maritime transport",Egypt,,,,,,,,,,arab academy for science technology and maritime transport,,0.0,False,Unmatched
U1012,assiut university,Egypt,,,,,,,,,,assiut university,,0.0,False,Unmatched
U1013,azerbaijan state oil and industry university,Azerbaijan,,,,,,,,,,azerbaijan state oil and industry university,,0.0,False,Unmatched
U1014,azerbaijan state university of economics,Azerbaijan,,,,,,,,,,azerbaijan state university of economics,,0.0,False,Unmatched
U1015,banaras hindu university,India,,,,,,,,,,banaras hindu university,,0.0,False,Unmatched
U1016,baylor university,United States,,,,,,,,,,baylor university,,0.0,False,Unmatched
U1017,bielefeld university,Germany,,,,,,,,,,bielefeld university,,0.0,False,Unmatched
U1018,binghamton university suny,United States,,,,,,,,,,binghamton university suny,,0.0,False,Unmatched
U1019,birmingham city university,United Kingdom,,,,,,,,,,birmingham city university,,0.0,False,Unmatched
U1020,brac university,Bangladesh,,,,,,,,,,brac university,,0.0,False,Unmatched
U1021,brigham young university,United States,,,,,,,,,,brigham young university,,0.0,False,Unmatched
U1022,canterbury christ church university,United Kingdom,,,,,,,,,,canterbury christ church university,,0.0,False,Unmatched
U1023,chang jung christian university,Taiwan,,,,,,,,,,chang jung christian university,,0.0,False,Unmatched
U1024,chung yuan christian university,Taiwan,,,,,,,,,,chung yuan christian university,,0.0,False,Unmatched
U1025,chungbuk national university,South Korea,,,,,,,,,,chungbuk national university,,0.0,False,Unmatched
U1026,college of william and mary,United States,,,,,,,,,,college of william and mary,,0.0,False,Unmatched
U1027,corvinus university of budapest,Hungary,,,,,,,,,,corvinus university of budapest,,0.0,False,Unmatched
U1028,cracow university of technology (politechnika krakowska),Poland,,,,,,,,,,cracow university of technology,,0.0,False,Unmatched
U1029,dankook university,South Korea,,,,,,,,,,dankook university,,0.0,False,Unmatched
U1030,ege university,Turkey,,,,,,,,,,ege university,,0.0,False,Unmatched
U1031,escuela superior politécnica del litoral (espol),Ecuador,,,,,,,,,,escuela superior politecnica del litoral,,0.0,False,Unmatched
U1032,fordham university,United States,,,,,,,,,,fordham university,,0.0,False,Unmatched
U1033,gebze technical university (gtu),Turkey,,,,,,,,,,gebze technical university,,0.0,False,Unmatched
U1034,george mason university,United States,,,,,,,,,,george mason university,,0.0,False,Unmatched
U1035,gifu university,Japan,,,,,,,,,,gifu university,,0.0,False,Unmatched
U1036,glasgow caledonian university,United Kingdom,,,,,,,,,,glasgow caledonian university,,0.0,False,Unmatched
U1037,gunma university,Japan,,,,,,,,,,gunma university,,0.0,False,Unmatched
U1038,guru gobind singh indraprastha university,India,,,,,,,,,,guru gobind singh indraprastha university,,0.0,False,Unmatched
U1039,harbin engineering university,China (Mainland),,,,,,,,,,harbin engineering university,,0.0,False,Unmatched
U1040,hohai university,China (Mainland),,,,,,,,,,hohai university,,0.0,False,Unmatched
U1041,howard university,United States,,,,,,,,,,howard university,,0.0,False,Unmatched
U1042,hungarian university of agriculture and life sciences,Hungary,,,,,,,,,,hungarian university of agriculture and life sciences,,0.0,False,Unmatched
U1043,indiana universitypurdue university indianapolis,United States,,,,,,,,,,indiana university purdue university indianapolis,,0.0,False,Unmatched
U1044,international christian university,Japan,,,,,,,,,,international christian university,,0.0,False,Unmatched
U1045,international islamic university islamabad (iiu),Pakistan,,,,,,,,,,international islamic university islamabad,,0.0,False,Unmatched
U1046,islamic university of madinah,Saudi Arabia,,,,,,,,,,islamic university of madinah,,0.0,False,Unmatched
U1047,"iteso, universidad jesuita de guadalajara",Mexico,,,,,,,,,,iteso universidad jesuita de guadalajara,,0.0,False,Unmatched
U1048,jiangnan university,China (Mainland),,,,,,,,,,jiangnan university,,0.0,False,Unmatched
U1049,kagoshima university,Japan,,,,,,,,,,kagoshima university,,0.0,False,Unmatched
U1050,kangwon national university,South Korea,,,,,,,,,,kangwon national university,,0.0,False,Unmatched
U1051,kazakh-british technical university,Kazakhstan,,,,,,,,,,kazakh british technical university,,0.0,False,Unmatched
U1052,kent state university,United States,,,,,,,,,,kent state university,,0.0,False,Unmatched
U1053,kyushu institute of technology,Japan,,,,,,,,,,kyushu institute of technology,,0.0,False,Unmatched
U1054,leeds beckett university,United Kingdom,,,,,,,,,,leeds beckett university,,0.0,False,Unmatched
U1055,lobachevsky university,Russia,,,,,,,,,,lobachevsky university,,0.0,False,Unmatched
U1056,lodz university of technology,Poland,,,,,,,,,,lodz university of technology,,0.0,False,Unmatched
U1057,london metropolitan university,United Kingdom,,,,,,,,,,london metropolitan university,,0.0,False,Unmatched
U1058,loyola university chicago,United States,,,,,,,,,,loyola university chicago,,0.0,False,Unmatched
U1059,lviv polytechnic national university,Ukraine,,,,,,,,,,lviv polytechnic national university,,0.0,False,Unmatched
U1060,marmara university,Turkey,,,,,,,,,,marmara university,,0.0,False,Unmatched
U1061,mississippi state university,United States,,,,,,,,,,mississippi state university,,0.0,False,Unmatched
U1062,multimedia university (mmu),Malaysia,,,,,,,,,,multimedia university,,0.0,False,Unmatched
U1063,mustansiriyah university,Iraq,,,,,,,,,,mustansiriyah university,,0.0,False,Unmatched
U1064,mutah university,Jordan,,,,,,,,,,mutah university,,0.0,False,Unmatched
U1065,mykolas romeris university,Lithuania,,,,,,,,,,mykolas romeris university,,0.0,False,Unmatched
U1066,nanjing normal university,China (Mainland),,,,,,,,,,nanjing normal university,,0.0,False,Unmatched
U1067,narxoz university,Kazakhstan,,,,,,,,,,narxoz university,,0.0,False,Unmatched
U1068,national chung cheng university,Taiwan,,,,,,,,,,national chung cheng university,,0.0,False,Unmatched
U1069,"national technical university ""kharkiv polytechnic institute""",Ukraine,,,,,,,,,,national technical university kharkiv polytechnic institute,,0.0,False,Unmatched
U1070,national university of kyiv-mohyla academy (naukma),Ukraine,,,,,,,,,,national university of kyiv mohyla academy,,0.0,False,Unmatched
U1071,njsc kimep university,Kazakhstan,,,,,,,,,,njsc kimep university,,0.0,False,Unmatched
U1072,northern arizona university,United States,,,,,,,,,,northern arizona university,,0.0,False,Unmatched
U1073,northwest university (china),China (Mainland),,,,,,,,,,northwest university,,0.0,False,Unmatched
U1074,o.p. jindal global university,India,,,,,,,,,,o p jindal global university,,0.0,False,Unmatched
U1075,ohio university,United States,,,,,,,,,,ohio university,,0.0,False,Unmatched
U1076,panjab university,India,,,,,,,,,,panjab university,,0.0,False,Unmatched
U1077,paul valéry university montpellier,France,,,,,,,,,,paul valery university montpellier,,0.0,False,Unmatched
U1078,pontifícia universidade católica de são paulo,Brazil,,,,,,,,,,pontificia universidade catolica de sao paulo,,0.0,False,Unmatched
U1079,poznan university of technology,Poland,,,,,,,,,,poznan university of technology,,0.0,False,Unmatched
U1080,rochester institute of technology (rit),United States,,,,,,,,,,rochester institute of technology,,0.0,False,Unmatched
U1081,russian presidential academy of national economy and public administration,Russia,,,,,,,,,,russian presidential academy of national economy and public administration,,0.0,False,Unmatched
U1082,saint petersburg electrotechnical university etu-leti,Russia,,,,,,,,,,saint petersburg electrotechnical university etu leti,,0.0,False,Unmatched
U1083,saint-petersburg mining university,Russia,,,,,,,,,,saint petersburg mining university,,0.0,False,Unmatched
U1084,samara national research university (samara university),Russia,,,,,,,,,,samara national research university,,0.0,False,Unmatched
U1085,san diego state university,United States,,,,,,,,,,san diego state university,,0.0,False,Unmatched
U1086,sheffield hallam university,United Kingdom,,,,,,,,,,sheffield hallam university,,0.0,False,Unmatched
U1087,shinshu university,Japan,,,,,,,,,,shinshu university,,0.0,False,Unmatched
U1088,"siberian federal university, sibfu",Russia,,,,,,,,,,siberian federal university sibfu,,0.0,False,Unmatched
U1089,silesian university of technology,Poland,,,,,,,,,,silesian university of technology,,0.0,False,Unmatched
U1090,slovak university of agriculture in nitra,Slovakia,,,,,,,,,,slovak university of agriculture in nitra,,0.0,False,Unmatched
U1091,slovak university of technology in bratislava,Slovakia,,,,,,,,,,slovak university of technology in bratislava,,0.0,False,Unmatched
U1092,sohar university,Oman,,,,,,,,,,sohar university,,0.0,False,Unmatched
U1093,soonchunhyang university,South Korea,,,,,,,,,,soonchunhyang university,,0.0,False,Unmatched
U1094,southern methodist university,United States,,,,,,,,,,southern methodist university,,0.0,False,Unmatched
U1095,southwest university,China (Mainland),,,,,,,,,,southwest university,,0.0,False,Unmatched
U1096,srm institute of science and technology,India,,,,,,,,,,srm institute of science and technology,,0.0,False,Unmatched
U1097,sumy state university,Ukraine,,,,,,,,,,sumy state university,,0.0,False,Unmatched
U1098,sungshin women's university,South Korea,,,,,,,,,,sungshin women s university,,0.0,False,Unmatched
U1099,széchenyi istván university,Hungary,,,,,,,,,,szechenyi istvan university,,0.0,False,Unmatched
U1100,taibah university,Saudi Arabia,,,,,,,,,,taibah university,,0.0,False,Unmatched
U1101,tallinn university,Estonia,,,,,,,,,,tallinn university,,0.0,False,Unmatched
U1102,technical university of kosice,Slovakia,,,,,,,,,,technical university of kosice,,0.0,False,Unmatched
U1103,tecnológico de costa rica -tec,Costa Rica,,,,,,,,,,tecnologico de costa rica tec,,0.0,False,Unmatched
U1104,telkom university,Indonesia,,,,,,,,,,telkom university,,0.0,False,Unmatched
U1105,the hashemite university,Jordan,,,,,,,,,,hashemite university,,0.0,False,Unmatched
U1106,the university of northampton,United Kingdom,,,,,,,,,,university of northampton,,0.0,False,Unmatched
U1107,the university of texas at arlington,United States,,,,,,,,,,university of texas at arlington,,0.0,False,Unmatched
U1108,tokushima university,Japan,,,,,,,,,,tokushima university,,0.0,False,Unmatched
U1109,tokyo metropolitan university,Japan,,,,,,,,,,tokyo metropolitan university,,0.0,False,Unmatched
U1110,universidad andrés bello,Chile,,,,,,,,,,universidad andres bello,,0.0,False,Unmatched
U1111,universidad austral de chile,Chile,,,,,,,,,,universidad austral de chile,,0.0,False,Unmatched
U1112,universidad autónoma chapingo,Mexico,,,,,,,,,,universidad autonoma chapingo,,0.0,False,Unmatched
U1113,universidad autónoma de nuevo león,Mexico,,,,,,,,,,universidad autonoma de nuevo leon,,0.0,False,Unmatched
U1114,universidad autónoma del estado de méxico (uaemex),Mexico,,,,,,,,,,universidad autonoma del estado de mexico,,0.0,False,Unmatched
U1115,universidad de castilla-la mancha,Spain,,,,,,,,,,universidad de castilla la mancha,,0.0,False,Unmatched
U1116,universidad de guadalajara (udg),Mexico,,,,,,,,,,universidad de guadalajara,,0.0,False,Unmatched
U1117,universidad de la frontera (ufro),Chile,,,,,,,,,,universidad de la frontera,,0.0,False,Unmatched
U1118,universidad de las américas puebla (udlap),Mexico,,,,,,,,,,universidad de las americas puebla,,0.0,False,Unmatched
U1119,universidad de lima,Peru,,,,,,,,,,universidad de lima,,0.0,False,Unmatched
U1120,universidad de los andes - (ula) mérida,Venezuela,,,,,,,,,,universidad de los andes merida,,0.0,False,Unmatched
U1121,universidad de oviedo,Spain,,,,,,,,,,universidad de oviedo,,0.0,False,Unmatched
U1122,universidad de puerto rico,Puerto Rico,,,,,,,,,,universidad de puerto rico,,0.0,False,Unmatched
U1123,universidad de talca,Chile,,,,,,,,,,universidad de talca,,0.0,False,Unmatched
U1124,universidad del norte,Colombia,,,,,,,,,,universidad del norte,,0.0,False,Unmatched
U1125,universidad del pacífico,Peru,,,,,,,,,,universidad del pacifico,,0.0,False,Unmatched
U1126,universidad del valle,Colombia,,,,,,,,,,universidad del valle,,0.0,False,Unmatched
U1127,universidad diego portales (udp),Chile,,,,,,,,,,universidad diego portales,,0.0,False,Unmatched
U1128,universidad icesi,Colombia,,,,,,,,,,universidad icesi,,0.0,False,Unmatched
U1129,universidad nacional de cuyo,Argentina,,,,,,,,,,universidad nacional de cuyo,,0.0,False,Unmatched
U1130,universidad nacional de la asunción,Paraguay,,,,,,,,,,universidad nacional de la asuncion,,0.0,False,Unmatched
U1131,universidad nacional de san luis,Argentina,,,,,,,,,,universidad nacional de san luis,,0.0,False,Unmatched
U1132,universidad nacional del centro de la provincia de buenos aires (unicen),Argentina,,,,,,,,,,universidad nacional del centro de la provincia de buenos aires,,0.0,False,Unmatched
U1133,universidad peruana cayetano heredia (upch),Peru,,,,,,,,,,universidad peruana cayetano heredia,,0.0,False,Unmatched
U1134,universidad rey juan carlos,Spain,,,,,,,,,,universidad rey juan carlos,,0.0,False,Unmatched
U1135,universidad simón bolívar (usb),Venezuela,,,,,,,,,,universidad simon bolivar,,0.0,False,Unmatched
U1136,universidad tecnológica de panamá (utp),Panama,,,,,,,,,,universidad tecnologica de panama,,0.0,False,Unmatched
U1137,universidad tecnológica nacional (utn),Argentina,,,,,,,,,,universidad tecnologica nacional,,0.0,False,Unmatched
U1138,universidade da coruña,Spain,,,,,,,,,,universidade da coruna,,0.0,False,Unmatched
U1139,universidade federal de pernambuco (ufpe),Brazil,,,,,,,,,,universidade federal de pernambuco,,0.0,False,Unmatched
U1140,universidade federal de são carlos (ufscar),Brazil,,,,,,,,,,universidade federal de sao carlos,,0.0,False,Unmatched
U1141,universidade federal do paraná - ufpr,Brazil,,,,,,,,,,universidade federal do parana ufpr,,0.0,False,Unmatched
U1142,universidade federal fluminense,Brazil,,,,,,,,,,universidade federal fluminense,,0.0,False,Unmatched
U1143,"universita' degli studi ""g. d'annunzio"" chieti pescara",Italy,,,,,,,,,,universita degli studi g d annunzio chieti pescara,,0.0,False,Unmatched
U1144,università degli studi di udine,Italy,,,,,,,,,,universita degli studi di udine,,0.0,False,Unmatched
U1145,università del salento,Italy,,,,,,,,,,universita del salento,,0.0,False,Unmatched
U1146,universitas hasanuddin,Indonesia,,,,,,,,,,universitas hasanuddin,,0.0,False,Unmatched
U1147,universitas sebelas maret,Indonesia,,,,,,,,,,universitas sebelas maret,,0.0,False,Unmatched
U1148,universitat de lleida,Spain,,,,,,,,,,universitat de lleida,,0.0,False,Unmatched
U1149,universität siegen,Germany,,,,,,,,,,universitat siegen,,0.0,False,Unmatched
U1150,université de caen normandie,France,,,,,,,,,,universite de caen normandie,,0.0,False,Unmatched
U1151,université de poitiers,France,,,,,,,,,,universite de poitiers,,0.0,False,Unmatched
U1152,université de sfax,Tunisia,,,,,,,,,,universite de sfax,,0.0,False,Unmatched
U1153,université de sousse,Tunisia,,,,,,,,,,universite de sousse,,0.0,False,Unmatched
U1154,université de toulouse ii-le mirail,France,,,,,,,,,,universite de toulouse ii le mirail,,0.0,False,Unmatched
U1155,université de tunis,Tunisia,,,,,,,,,,universite de tunis,,0.0,False,Unmatched
U1156,université lumière lyon 2,France,,,,,,,,,,universite lumiere lyon 2,,0.0,False,Unmatched
U1157,université mohammed v de rabat,Morocco,,,,,,,,,,universite mohammed v de rabat,,0.0,False,Unmatched
U1158,université paris-nanterre,France,,,,,,,,,,universite paris nanterre,,0.0,False,Unmatched
U1159,universiti malaysia sabah (ums),Malaysia,,,,,,,,,,universiti malaysia sabah,,0.0,False,Unmatched
U1160,universiti malaysia sarawak (unimas),Malaysia,,,,,,,,,,universiti malaysia sarawak,,0.0,False,Unmatched
U1161,universiti malaysia terengganu (umt),Malaysia,,,,,,,,,,universiti malaysia terengganu,,0.0,False,Unmatched
U1162,universiti tun hussein onn university of malaysia (uthm),Malaysia,,,,,,,,,,universiti tun hussein onn university of malaysia,,0.0,False,Unmatched
U1163,university of arkansas fayetteville,United States,,,,,,,,,,university of arkansas fayetteville,,0.0,False,Unmatched
U1164,university of derby,United Kingdom,,,,,,,,,,university of derby,,0.0,False,Unmatched
U1165,university of deusto,Spain,,,,,,,,,,university of deusto,,0.0,False,Unmatched
U1166,university of hradec kralove,Czech Republic,,,,,,,,,,university of hradec kralove,,0.0,False,Unmatched
U1167,university of ibadan,Nigeria,,,,,,,,,,university of ibadan,,0.0,False,Unmatched
U1168,university of idaho,United States,,,,,,,,,,university of idaho,,0.0,False,Unmatched
U1169,university of ioannina,Greece,,,,,,,,,,university of ioannina,,0.0,False,Unmatched
U1170,university of karachi,Pakistan,,,,,,,,,,university of karachi,,0.0,False,Unmatched
U1171,university of khartoum,Sudan,,,,,,,,,,university of khartoum,,0.0,False,Unmatched
U1172,university of lagos,Nigeria,,,,,,,,,,university of lagos,,0.0,False,Unmatched
U1173,university of louisville,United States,,,,,,,,,,university of louisville,,0.0,False,Unmatched
U1174,university of massachusetts boston,United States,,,,,,,,,,university of massachusetts boston,,0.0,False,Unmatched
U1175,"university of missouri, kansas city",United States,,,,,,,,,,university of missouri kansas city,,0.0,False,Unmatched
U1176,university of naples parthenope,Italy,,,,,,,,,,university of naples parthenope,,0.0,False,Unmatched
U1177,university of new england australia,Australia,,,,,,,,,,university of new england australia,,0.0,False,Unmatched
U1178,university of new hampshire,United States,,,,,,,,,,university of new hampshire,,0.0,False,Unmatched
U1179,university of north carolina at charlotte,United States,,,,,,,,,,university of north carolina at charlotte,,0.0,False,Unmatched
U1180,university of north texas,United States,,,,,,,,,,university of north texas,,0.0,False,Unmatched
U1181,university of novi sad,Serbia,,,,,,,,,,university of novi sad,,0.0,False,Unmatched
U1182,university of rhode island,United States,,,,,,,,,,university of rhode island,,0.0,False,Unmatched
U1183,university of sarajevo,Bosnia and Herzegovina,,,,,,,,,,university of sarajevo,,0.0,False,Unmatched
U1184,university of seoul,South Korea,,,,,,,,,,university of seoul,,0.0,False,Unmatched
U1185,university of tabuk,Saudi Arabia,,,,,,,,,,university of tabuk,,0.0,False,Unmatched
U1186,university of texas at san antonio,United States,,,,,,,,,,university of texas at san antonio,,0.0,False,Unmatched
U1187,university of texas el paso,United States,,,,,,,,,,university of texas el paso,,0.0,False,Unmatched
U1188,university of the free state,South Africa,,,,,,,,,,university of the free state,,0.0,False,Unmatched
U1189,university of the sunshine coast,Australia,,,,,,,,,,university of the sunshine coast,,0.0,False,Unmatched
U1190,university of toledo,United States,,,,,,,,,,university of toledo,,0.0,False,Unmatched
U1191,university of tulsa,United States,,,,,,,,,,university of tulsa,,0.0,False,Unmatched
U1192,university of vermont,United States,,,,,,,,,,university of vermont,,0.0,False,Unmatched
U1193,university of warmia and mazury in olsztyn,Poland,,,,,,,,,,university of warmia and mazury in olsztyn,,0.0,False,Unmatched
U1194,university of wolverhampton,United Kingdom,,,,,,,,,,university of wolverhampton,,0.0,False,Unmatched
U1195,university of wyoming,United States,,,,,,,,,,university of wyoming,,0.0,False,Unmatched
U1196,university of ilina,Slovakia,,,,,,,,,,university of ilina,,0.0,False,Unmatched
U1197,utah state university,United States,,,,,,,,,,utah state university,,0.0,False,Unmatched
U1198,vsb - technical university of ostrava,Czech Republic,,,,,,,,,,vsb technical university of ostrava,,0.0,False,Unmatched
U1199,warsaw university of life sciences  sggw (wuls-sggw),Poland,,,,,,,,,,warsaw university of life sciences sggw,,0.0,False,Unmatched
U1200,west virginia university,United States,,,,,,,,,,west virginia university,,0.0,False,Unmatched
U1201,xi'an jiaotong liverpool university,China (Mainland),,,,,,,,,,xi an jiaotong liverpool university,,0.0,False,Unmatched
U1202,yokohama national university,Japan,,,,,,,,,,yokohama national university,,0.0,False,Unmatched
U1203,al-balqa applied university,Jordan,,,,,,,,,,al balqa applied university,,0.0,False,Unmatched
U1204,alexandru ioan cuza university,Romania,,,,,,,,,,alexandru ioan cuza university,,0.0,False,Unmatched
U1205,anadolu university,Turkey,,,,,,,,,,anadolu university,,0.0,False,Unmatched
U1206,aoyama gakuin university,Japan,,,,,,,,,,aoyama gakuin university,,0.0,False,Unmatched
U1207,ataturk university,Turkey,,,,,,,,,,ataturk university,,0.0,False,Unmatched
U1208,atma jaya catholic university jakarta,Indonesia,,,,,,,,,,atma jaya catholic university jakarta,,0.0,False,Unmatched
U1209,bahauddin zakariya university,Pakistan,,,,,,,,,,bahauddin zakariya university,,0.0,False,Unmatched
U1210,beijing foreign studies university,China (Mainland),,,,,,,,,,beijing foreign studies university,,0.0,False,Unmatched
U1211,beijing university of chinese medicine,China (Mainland),,,,,,,,,,beijing university of chinese medicine,,0.0,False,Unmatched
U1212,belarusian state university of informatics and radioelectronics,Belarus,,,,,,,,,,belarusian state university of informatics and radioelectronics,,0.0,False,Unmatched
U1213,benemérita universidad autónoma de puebla,Mexico,,,,,,,,,,benemerita universidad autonoma de puebla,,0.0,False,Unmatched
U1214,birzeit university,"Palestinian Territory, Occupied",,,,,,,,,,birzeit university,,0.0,False,Unmatched
U1215,british university in egypt,Egypt,,,,,,,,,,british university in egypt,,0.0,False,Unmatched
U1216,brock university,Canada,,,,,,,,,,brock university,,0.0,False,Unmatched
U1217,central michigan university,United States,,,,,,,,,,central michigan university,,0.0,False,Unmatched
U1218,chaoyang university of technology,Taiwan,,,,,,,,,,chaoyang university of technology,,0.0,False,Unmatched
U1219,china university of political science and law,China (Mainland),,,,,,,,,,china university of political science and law,,0.0,False,Unmatched
U1220,chitkara university,India,,,,,,,,,,chitkara university,,0.0,False,Unmatched
U1221,chittagong university of engineering and technology,Bangladesh,,,,,,,,,,chittagong university of engineering and technology,,0.0,False,Unmatched
U1222,cleveland state university,United States,,,,,,,,,,cleveland state university,,0.0,False,Unmatched
U1223,cukurova university,Turkey,,,,,,,,,,cukurova university,,0.0,False,Unmatched
U1224,cuny the city college of new york,United States,,,,,,,,,,cuny the city college of new york,,0.0,False,Unmatched
U1225,daffodil international university,Bangladesh,,,,,,,,,,daffodil international university,,0.0,False,Unmatched
U1226,damascus university,Syrian Arab Republic,,,,,,,,,,damascus university,,0.0,False,Unmatched
U1227,dokuz eylül üniversitesi,Turkey,,,,,,,,,,dokuz eylul universitesi,,0.0,False,Unmatched
U1228,doshisha university,Japan,,,,,,,,,,doshisha university,,0.0,False,Unmatched
U1229,erciyes üniversitesi,Turkey,,,,,,,,,,erciyes universitesi,,0.0,False,Unmatched
U1230,escuela politécnica nacional,Ecuador,,,,,,,,,,escuela politecnica nacional,,0.0,False,Unmatched
U1231,feng chia university,Taiwan,,,,,,,,,,feng chia university,,0.0,False,Unmatched
U1232,florida atlantic university - boca raton,United States,,,,,,,,,,florida atlantic university boca raton,,0.0,False,Unmatched
U1233,fu jen catholic university,Taiwan,,,,,,,,,,fu jen catholic university,,0.0,False,Unmatched
U1234,fundación ceu san pablo,Spain,,,,,,,,,,fundacion ceu san pablo,,0.0,False,Unmatched
U1235,german university in cairo,Egypt,,,,,,,,,,german university in cairo,,0.0,False,Unmatched
U1236,hanoi university of science and technology,Vietnam,,,,,,,,,,hanoi university of science and technology,,0.0,False,Unmatched
U1237,harper adams university,United Kingdom,,,,,,,,,,harper adams university,,0.0,False,Unmatched
U1238,helwan university,Egypt,,,,,,,,,,helwan university,,0.0,False,Unmatched
U1239,hongik university,South Korea,,,,,,,,,,hongik university,,0.0,False,Unmatched
U1240,hue university,Vietnam,,,,,,,,,,hue university,,0.0,False,Unmatched
U1241,instituto tecnológico de santo domingo (intec),Dominican Republic,,,,,,,,,,instituto tecnologico de santo domingo,,0.0,False,Unmatched
U1242,istanbul aydin university,Turkey,,,,,,,,,,istanbul aydin university,,0.0,False,Unmatched
U1243,istanbul bilgi üniversitesi,Turkey,,,,,,,,,,istanbul bilgi universitesi,,0.0,False,Unmatched
U1244,ivan franko national university of lviv,Ukraine,,,,,,,,,,ivan franko national university of lviv,,0.0,False,Unmatched
U1245,izmir institute of technology (iztech),Turkey,,,,,,,,,,izmir institute of technology,,0.0,False,Unmatched
U1246,jahangirnagar university,Bangladesh,,,,,,,,,,jahangirnagar university,,0.0,False,Unmatched
U1247,jamia hamdard,India,,,,,,,,,,jamia hamdard,,0.0,False,Unmatched
U1248,jeju national university,South Korea,,,,,,,,,,jeju national university,,0.0,False,Unmatched
U1249,kazakh ablai khan university of international relations and world languages,Kazakhstan,,,,,,,,,,kazakh ablai khan university of international relations and world languages,,0.0,False,Unmatched
U1250,kazan national research technological university,Russia,,,,,,,,,,kazan national research technological university,,0.0,False,Unmatched
U1251,kenyatta university,Kenya,,,,,,,,,,kenyatta university,,0.0,False,Unmatched
U1252,kharkiv national university of radio electronics,Ukraine,,,,,,,,,,kharkiv national university of radio electronics,,0.0,False,Unmatched
U1253,khulna university,Bangladesh,,,,,,,,,,khulna university,,0.0,False,Unmatched
U1254,khulna university of engineering and technology,Bangladesh,,,,,,,,,,khulna university of engineering and technology,,0.0,False,Unmatched
U1255,kindai university (kinki university),Japan,,,,,,,,,,kindai university,,0.0,False,Unmatched
U1256,king mongkut\'s institute of technology ladkrabang,Thailand,,,,,,,,,,king mongkut s institute of technology ladkrabang,,0.0,False,Unmatched
U1257,king mongkut's university of technology north bangkok,Thailand,,,,,,,,,,king mongkut s university of technology north bangkok,,0.0,False,Unmatched
U1258,kookmin university,South Korea,,,,,,,,,,kookmin university,,0.0,False,Unmatched
U1259,kwame nkrumah university of science and technology,Ghana,,,,,,,,,,kwame nkrumah university of science and technology,,0.0,False,Unmatched
U1260,kyoto institute of technology,Japan,,,,,,,,,,kyoto institute of technology,,0.0,False,Unmatched
U1261,kyrgyz state technical university,Kyrgyzstan,,,,,,,,,,kyrgyz state technical university,,0.0,False,Unmatched
U1262,marquette university,United States,,,,,,,,,,marquette university,,0.0,False,Unmatched
U1263,meiji university,Japan,,,,,,,,,,meiji university,,0.0,False,Unmatched
U1264,mendeleev university of chemical technology,Russia,,,,,,,,,,mendeleev university of chemical technology,,0.0,False,Unmatched
U1265,miami university,United States,,,,,,,,,,miami university,,0.0,False,Unmatched
U1266,moscow pedagogical state university,Russia,,,,,,,,,,moscow pedagogical state university,,0.0,False,Unmatched
U1267,nagoya institute of technology (nit),Japan,,,,,,,,,,nagoya institute of technology,,0.0,False,Unmatched
U1268,national dong hwa university,Taiwan,,,,,,,,,,national dong hwa university,,0.0,False,Unmatched
U1269,national research university moscow power engineering institute (mpei),Russia,,,,,,,,,,national research university moscow power engineering institute,,0.0,False,Unmatched
U1270,national taipei university,Taiwan,,,,,,,,,,national taipei university,,0.0,False,Unmatched
U1271,national taiwan ocean university,Taiwan,,,,,,,,,,national taiwan ocean university,,0.0,False,Unmatched
U1272,novosibirsk state technical university,Russia,,,,,,,,,,novosibirsk state technical university,,0.0,False,Unmatched
U1273,óbuda university,Hungary,,,,,,,,,,obuda university,,0.0,False,Unmatched
U1274,odessa i.i. mechnikov national university,Ukraine,,,,,,,,,,odessa i i mechnikov national university,,0.0,False,Unmatched
U1275,osmania university,India,,,,,,,,,,osmania university,,0.0,False,Unmatched
U1276,perm state national research university,Russia,,,,,,,,,,perm state national research university,,0.0,False,Unmatched
U1277,pondicherry university,India,,,,,,,,,,pondicherry university,,0.0,False,Unmatched
U1278,pontificia universidad catolica madre y maestra,Dominican Republic,,,,,,,,,,pontificia universidad catolica madre y maestra,,0.0,False,Unmatched
U1279,pontifícia universidade católica do rio grande do sul (pucrs),Brazil,,,,,,,,,,pontificia universidade catolica do rio grande do sul,,0.0,False,Unmatched
U1280,portland state university,United States,,,,,,,,,,portland state university,,0.0,False,Unmatched
U1281,pukyong national university,South Korea,,,,,,,,,,pukyong national university,,0.0,False,Unmatched
U1282,rajshahi university,Bangladesh,,,,,,,,,,rajshahi university,,0.0,False,Unmatched
U1283,rikkyo university,Japan,,,,,,,,,,rikkyo university,,0.0,False,Unmatched
U1284,saitama university,Japan,,,,,,,,,,saitama university,,0.0,False,Unmatched
U1285,saken seifullin kazakh agrotechnical university,Kazakhstan,,,,,,,,,,saken seifullin kazakh agrotechnical university,,0.0,False,Unmatched
U1286,san francisco state university,United States,,,,,,,,,,san francisco state university,,0.0,False,Unmatched
U1287,sathyabama institute of science and technology (deemed to be university),India,,,,,,,,,,sathyabama institute of science and technology,,0.0,False,Unmatched
U1288,seattle university,United States,,,,,,,,,,seattle university,,0.0,False,Unmatched
U1289,seoul national university of science and technology,South Korea,,,,,,,,,,seoul national university of science and technology,,0.0,False,Unmatched
U1290,shahjalal university of science and technology,Bangladesh,,,,,,,,,,shahjalal university of science and technology,,0.0,False,Unmatched
U1291,shanghai international studies university,China (Mainland),,,,,,,,,,shanghai international studies university,,0.0,False,Unmatched
U1292,shanghai university of finance and economics,China (Mainland),,,,,,,,,,shanghai university of finance and economics,,0.0,False,Unmatched
U1293,siksha 'o' anusandhan (deemed to be university),India,,,,,,,,,,siksha o anusandhan,,0.0,False,Unmatched
U1294,sookmyung women's university,South Korea,,,,,,,,,,sookmyung women s university,,0.0,False,Unmatched
U1295,suez canal university,Egypt,,,,,,,,,,suez canal university,,0.0,False,Unmatched
U1296,suleyman demirel university,Turkey,,,,,,,,,,suleyman demirel university,,0.0,False,Unmatched
U1297,"suleyman demirel university, kazakhstan",Kazakhstan,,,,,,,,,,suleyman demirel university kazakhstan,,0.0,False,Unmatched
U1298,suranaree university of technology,Thailand,,,,,,,,,,suranaree university of technology,,0.0,False,Unmatched
U1299,tamkang university,Taiwan,,,,,,,,,,tamkang university,,0.0,False,Unmatched
U1300,tanta university,Egypt,,,,,,,,,,tanta university,,0.0,False,Unmatched
U1301,technical university of cluj-napoca,Romania,,,,,,,,,,technical university of cluj napoca,,0.0,False,Unmatched
U1302,technical university of liberec,Czech Republic,,,,,,,,,,technical university of liberec,,0.0,False,Unmatched
U1303,technical university of lublin,Poland,,,,,,,,,,technical university of lublin,,0.0,False,Unmatched
U1304,technische universität kaiserslautern,Germany,,,,,,,,,,technische universitat kaiserslautern,,0.0,False,Unmatched
U1305,"the ""gheorghe asachi"" technical university of iasi",Romania,,,,,,,,,,gheorghe asachi technical university of iasi,,0.0,False,Unmatched
U1306,the herzen state pedagogical university of russia,Russia,,,,,,,,,,herzen state pedagogical university of russia,,0.0,False,Unmatched
U1307,the josip juraj strossmayer university of osijek,Croatia,,,,,,,,,,josip juraj strossmayer university of osijek,,0.0,False,Unmatched
U1308,"the national research university ""belgorod state university""",Russia,,,,,,,,,,national research university belgorod state university,,0.0,False,Unmatched
U1309,tokai university,Japan,,,,,,,,,,tokai university,,0.0,False,Unmatched
U1310,tomas bata university in zlin,Czech Republic,,,,,,,,,,tomas bata university in zlin,,0.0,False,Unmatched
U1311,toraighyrov university,Kazakhstan,,,,,,,,,,toraighyrov university,,0.0,False,Unmatched
U1312,transilvania university of brasov,Romania,,,,,,,,,,transilvania university of brasov,,0.0,False,Unmatched
U1313,tunghai university,Taiwan,,,,,,,,,,tunghai university,,0.0,False,Unmatched
U1314,universidad autónoma de guadalajara (uag),Mexico,,,,,,,,,,universidad autonoma de guadalajara,,0.0,False,Unmatched
U1315,universidad autónoma del estado de hidalgo (uaeh),Mexico,,,,,,,,,,universidad autonoma del estado de hidalgo,,0.0,False,Unmatched
U1316,universidad católica del norte,Chile,,,,,,,,,,universidad catolica del norte,,0.0,False,Unmatched
U1317,universidad central del ecuador,Ecuador,,,,,,,,,,universidad central del ecuador,,0.0,False,Unmatched
U1318,universidad de las américas (udla) ecuador,Ecuador,,,,,,,,,,universidad de las americas ecuador,,0.0,False,Unmatched
U1319,universidad de monterrey (udem),Mexico,,,,,,,,,,universidad de monterrey,,0.0,False,Unmatched
U1320,universidad de oriente santiago de cuba,Cuba,,,,,,,,,,universidad de oriente santiago de cuba,,0.0,False,Unmatched
U1321,universidad de panama,Panama,,,,,,,,,,universidad de panama,,0.0,False,Unmatched
U1322,universidad de piura,Peru,,,,,,,,,,universidad de piura,,0.0,False,Unmatched
U1323,universidad de san carlos de guatemala - usac,Guatemala,,,,,,,,,,universidad de san carlos de guatemala usac,,0.0,False,Unmatched
U1324,universidad de tarapaca,Chile,,,,,,,,,,universidad de tarapaca,,0.0,False,Unmatched
U1325,universidad de valparaíso (uv),Chile,,,,,,,,,,universidad de valparaiso,,0.0,False,Unmatched
U1326,universidad del bío-bío,Chile,,,,,,,,,,universidad del bio bio,,0.0,False,Unmatched
U1327,universidad del desarrollo (udd),Chile,,,,,,,,,,universidad del desarrollo,,0.0,False,Unmatched
U1328,universidad del salvador,Argentina,,,,,,,,,,universidad del salvador,,0.0,False,Unmatched
U1329,universidad del zulia,Venezuela,,,,,,,,,,universidad del zulia,,0.0,False,Unmatched
U1330,universidad industrial de santander - uis,Colombia,,,,,,,,,,universidad industrial de santander uis,,0.0,False,Unmatched
U1331,universidad la salle (ulsa),Mexico,,,,,,,,,,universidad la salle,,0.0,False,Unmatched
U1332,universidad latinoamericana de ciencia y tecnología costa rica (ulacit),Costa Rica,,,,,,,,,,universidad latinoamericana de ciencia y tecnologia costa rica,,0.0,False,Unmatched
U1333,universidad mayor de san andrés (umsa),Bolivia,,,,,,,,,,universidad mayor de san andres,,0.0,False,Unmatched
U1334,universidad metropolitana,Venezuela,,,,,,,,,,universidad metropolitana,,0.0,False,Unmatched
U1335,universidad nacional agraria la molina,Peru,,,,,,,,,,universidad nacional agraria la molina,,0.0,False,Unmatched
U1336,universidad nacional autónoma de honduras (unah),Honduras,,,,,,,,,,universidad nacional autonoma de honduras,,0.0,False,Unmatched
U1337,universidad nacional de ingeniería peru,Peru,,,,,,,,,,universidad nacional de ingenieria peru,,0.0,False,Unmatched
U1338,universidad nacional de mar del plata,Argentina,,,,,,,,,,universidad nacional de mar del plata,,0.0,False,Unmatched
U1339,universidad nacional de río cuarto - unrc,Argentina,,,,,,,,,,universidad nacional de rio cuarto unrc,,0.0,False,Unmatched
U1340,universidad nacional de san martín (unsam),Argentina,,,,,,,,,,universidad nacional de san martin,,0.0,False,Unmatched
U1341,universidad nacional del litoral,Argentina,,,,,,,,,,universidad nacional del litoral,,0.0,False,Unmatched
U1342,universidad nacional del sur,Argentina,,,,,,,,,,universidad nacional del sur,,0.0,False,Unmatched
U1343,"universidad nacional, costa rica",Costa Rica,,,,,,,,,,universidad nacional costa rica,,0.0,False,Unmatched
U1344,universidad peruana de ciencias aplicadas,Peru,,,,,,,,,,universidad peruana de ciencias aplicadas,,0.0,False,Unmatched
U1345,universidade do estado do rio de janeiro (uerj),Brazil,,,,,,,,,,universidade do estado do rio de janeiro,,0.0,False,Unmatched
U1346,universidade federal da bahia,Brazil,,,,,,,,,,universidade federal da bahia,,0.0,False,Unmatched
U1347,universidade federal de juiz de fora- (ufjf),Brazil,,,,,,,,,,universidade federal de juiz de fora,,0.0,False,Unmatched
U1348,universidade federal de pelotas,Brazil,,,,,,,,,,universidade federal de pelotas,,0.0,False,Unmatched
U1349,universidade federal de santa maria,Brazil,,,,,,,,,,universidade federal de santa maria,,0.0,False,Unmatched
U1350,universidade federal de viçosa (ufv),Brazil,,,,,,,,,,universidade federal de vicosa,,0.0,False,Unmatched
U1351,universidade federal do ceará (ufc),Brazil,,,,,,,,,,universidade federal do ceara,,0.0,False,Unmatched
U1352,universidade federal do rio grande do norte,Brazil,,,,,,,,,,universidade federal do rio grande do norte,,0.0,False,Unmatched
U1353,universidade presbiteriana mackenzie,Brazil,,,,,,,,,,universidade presbiteriana mackenzie,,0.0,False,Unmatched
U1354,università degli studi di bergamo,Italy,,,,,,,,,,universita degli studi di bergamo,,0.0,False,Unmatched
U1355,universitas islam indonesia,Indonesia,,,,,,,,,,universitas islam indonesia,,0.0,False,Unmatched
U1356,universitas muhammadiyah yogyakarta,Indonesia,,,,,,,,,,universitas muhammadiyah yogyakarta,,0.0,False,Unmatched
U1357,universitas pendidikan indonesia,Indonesia,,,,,,,,,,universitas pendidikan indonesia,,0.0,False,Unmatched
U1358,universitas sumatera utara,Indonesia,,,,,,,,,,universitas sumatera utara,,0.0,False,Unmatched
U1359,universitatea de vest din timisoara / west university of timisoara,Romania,,,,,,,,,,universitatea de vest din timisoara west university of timisoara,,0.0,False,Unmatched
U1360,université de limoges,France,,,,,,,,,,universite de limoges,,0.0,False,Unmatched
U1361,université jean moulin lyon 3,France,,,,,,,,,,universite jean moulin lyon 3,,0.0,False,Unmatched
U1362,universiti kuala lumpur (unikl),Malaysia,,,,,,,,,,universiti kuala lumpur,,0.0,False,Unmatched
U1363,universiti malaysia perlis,Malaysia,,,,,,,,,,universiti malaysia perlis,,0.0,False,Unmatched
U1364,universiti teknikal malaysia melaka,Malaysia,,,,,,,,,,universiti teknikal malaysia melaka,,0.0,False,Unmatched
U1365,university of babylon,Iraq,,,,,,,,,,university of babylon,,0.0,False,Unmatched
U1366,university of basrah,Iraq,,,,,,,,,,university of basrah,,0.0,False,Unmatched
U1367,university of bialystok,Poland,,,,,,,,,,university of bialystok,,0.0,False,Unmatched
U1368,university of international business and economics,China (Mainland),,,,,,,,,,university of international business and economics,,0.0,False,Unmatched
U1369,university of kragujevac,Serbia,,,,,,,,,,university of kragujevac,,0.0,False,Unmatched
U1370,university of kufa,Iraq,,,,,,,,,,university of kufa,,0.0,False,Unmatched
U1371,university of memphis,United States,,,,,,,,,,university of memphis,,0.0,False,Unmatched
U1372,university of miskolc,Hungary,,,,,,,,,,university of miskolc,,0.0,False,Unmatched
U1373,university of missouri saint louis,United States,,,,,,,,,,university of missouri saint louis,,0.0,False,Unmatched
U1374,university of ni,Serbia,,,,,,,,,,university of ni,,0.0,False,Unmatched
U1375,university of north carolina at greensboro,United States,,,,,,,,,,university of north carolina at greensboro,,0.0,False,Unmatched
U1376,university of ostrava,Czech Republic,,,,,,,,,,university of ostrava,,0.0,False,Unmatched
U1377,university of pannonia,Hungary,,,,,,,,,,university of pannonia,,0.0,False,Unmatched
U1378,university of pardubice,Czech Republic,,,,,,,,,,university of pardubice,,0.0,False,Unmatched
U1379,university of peradeniya,Sri Lanka,,,,,,,,,,university of peradeniya,,0.0,False,Unmatched
U1380,university of primorska,Slovenia,,,,,,,,,,university of primorska,,0.0,False,Unmatched
U1381,university of rijeka,Croatia,,,,,,,,,,university of rijeka,,0.0,False,Unmatched
U1382,university of rzeszów,Poland,,,,,,,,,,university of rzeszow,,0.0,False,Unmatched
U1383,university of san diego,United States,,,,,,,,,,university of san diego,,0.0,False,Unmatched
U1384,university of san francisco,United States,,,,,,,,,,university of san francisco,,0.0,False,Unmatched
U1385,university of silesia in katowice,Poland,,,,,,,,,,university of silesia in katowice,,0.0,False,Unmatched
U1386,university of south alabama (usa),United States,,,,,,,,,,university of south alabama,,0.0,False,Unmatched
U1387,university of split,Croatia,,,,,,,,,,university of split,,0.0,False,Unmatched
U1388,university of sri jayewardenepura,Sri Lanka,,,,,,,,,,university of sri jayewardenepura,,0.0,False,Unmatched
U1389,university of the pacific,United States,,,,,,,,,,university of the pacific,,0.0,False,Unmatched
U1390,university of tyumen,Russia,,,,,,,,,,university of tyumen,,0.0,False,Unmatched
U1391,university of west bohemia,Czech Republic,,,,,,,,,,university of west bohemia,,0.0,False,Unmatched
U1392,university of wisconsin milwaukee,United States,,,,,,,,,,university of wisconsin milwaukee,,0.0,False,Unmatched
U1393,university politehnica of bucharest,Romania,,,,,,,,,,university politehnica of bucharest,,0.0,False,Unmatched
U1394,vancouver island university,Canada,,,,,,,,,,vancouver island university,,0.0,False,Unmatched
U1395,voronezh state university,Russia,,,,,,,,,,voronezh state university,,0.0,False,Unmatched
U1396,western michigan university,United States,,,,,,,,,,western michigan university,,0.0,False,Unmatched
U1397,yamaguchi university,Japan,,,,,,,,,,yamaguchi university,,0.0,False,Unmatched
U1398,yogyakarta state university,Indonesia,,,,,,,,,,yogyakarta state university,,0.0,False,Unmatched
U1399,youngsan university,South Korea,,,,,,,,,,youngsan university,,0.0,False,Unmatched
U1400,yuan ze university,Taiwan,,,,,,,,,,yuan ze university,,0.0,False,Unmatched
U1401,zagazig university,Egypt,,,,,,,,,,zagazig university,,0.0,False,Unmatched
U1402,don state technical university,Russia,,,,,,,,,,don state technical university,,0.0,False,Unmatched
U1403,akdeniz üniversitesi,Turkey,,,,,,,,,,akdeniz universitesi,,0.0,False,Unmatched
U1404,california polytechnic state university,United States,,,,,,,,,,california polytechnic state university,,0.0,False,Unmatched
U1405,california state university - los angeles,United States,,,,,,,,,,california state university los angeles,,0.0,False,Unmatched
U1406,"california state university, long beach",United States,,,,,,,,,,california state university long beach,,0.0,False,Unmatched
U1407,católica de córdoba,Argentina,,,,,,,,,,catolica de cordoba,,0.0,False,Unmatched
U1408,east west university,Bangladesh,,,,,,,,,,east west university,,0.0,False,Unmatched
U1409,fundación universidad de bogotá-jorge tadeo lozano,Colombia,,,,,,,,,,fundacion universidad de bogota jorge tadeo lozano,,0.0,False,Unmatched
U1410,humboldt state university,United States,,,,,,,,,,humboldt state university,,0.0,False,Unmatched
U1411,illinois state university,United States,,,,,,,,,,illinois state university,,0.0,False,Unmatched
U1412,"indian institute of information technology, allahabad",India,,,,,,,,,,indian institute of information technology allahabad,,0.0,False,Unmatched
U1413,indiana state university,United States,,,,,,,,,,indiana state university,,0.0,False,Unmatched
U1414,international university of business agriculture and technology,Bangladesh,,,,,,,,,,international university of business agriculture and technology,,0.0,False,Unmatched
U1415,irkutsk state university,Russia,,,,,,,,,,irkutsk state university,,0.0,False,Unmatched
U1416,korkyt ata kyzylorda university,Kazakhstan,,,,,,,,,,korkyt ata kyzylorda university,,0.0,False,Unmatched
U1417,kwansei gakuin university,Japan,,,,,,,,,,kwansei gakuin university,,0.0,False,Unmatched
U1418,lucian blaga university of sibiu,Romania,,,,,,,,,,lucian blaga university of sibiu,,0.0,False,Unmatched
U1419,m.kh. dulaty taraz regional university,Kazakhstan,,,,,,,,,,m kh dulaty taraz regional university,,0.0,False,Unmatched
U1420,mirea - russian technological university,Russia,,,,,,,,,,mirea russian technological university,,0.0,False,Unmatched
U1421,moscow city university,Russia,,,,,,,,,,moscow city university,,0.0,False,Unmatched
U1422,naresuan university,Thailand,,,,,,,,,,naresuan university,,0.0,False,Unmatched
U1423,national university of life and environmental sciences of ukraine,Ukraine,,,,,,,,,,national university of life and environmental sciences of ukraine,,0.0,False,Unmatched
U1424,"national university of modern languages (numl), islamabad",Pakistan,,,,,,,,,,national university of modern languages islamabad,,0.0,False,Unmatched
U1425,nova southeastern university,United States,,,,,,,,,,nova southeastern university,,0.0,False,Unmatched
U1426,pontifícia universidade católica de minas gerais  puc minas,Brazil,,,,,,,,,,pontificia universidade catolica de minas gerais puc minas,,0.0,False,Unmatched
U1427,pontificia universidade católica do campinas - puc campinas,Brazil,,,,,,,,,,pontificia universidade catolica do campinas puc campinas,,0.0,False,Unmatched
U1428,pontifícia universidade católica do paraná,Brazil,,,,,,,,,,pontificia universidade catolica do parana,,0.0,False,Unmatched
U1429,russian state agrarian university - moscow timiryazev agricultural academy,Russia,,,,,,,,,,russian state agrarian university moscow timiryazev agricultural academy,,0.0,False,Unmatched
U1430,russian state university for the humanities,Russia,,,,,,,,,,russian state university for the humanities,,0.0,False,Unmatched
U1431,sakarya university,Turkey,,,,,,,,,,sakarya university,,0.0,False,Unmatched
U1432,shanghai normal university,China (Mainland),,,,,,,,,,shanghai normal university,,0.0,False,Unmatched
U1433,shibaura institute of technology,Japan,,,,,,,,,,shibaura institute of technology,,0.0,False,Unmatched
U1434,silpakorn university,Thailand,,,,,,,,,,silpakorn university,,0.0,False,Unmatched
U1435,soochow university (taiwan),Taiwan,,,,,,,,,,soochow university,,0.0,False,Unmatched
U1436,soongsil university,South Korea,,,,,,,,,,soongsil university,,0.0,False,Unmatched
U1437,stamford university bangladesh,Bangladesh,,,,,,,,,,stamford university bangladesh,,0.0,False,Unmatched
U1438,state university of malang,Indonesia,,,,,,,,,,state university of malang,,0.0,False,Unmatched
U1439,stefan cel mare university of suceava,Romania,,,,,,,,,,stefan cel mare university of suceava,,0.0,False,Unmatched
U1440,"the university of notre dame, australia",Australia,,,,,,,,,,university of notre dame australia,,0.0,False,Unmatched
U1441,udayana university,Indonesia,,,,,,,,,,udayana university,,0.0,False,Unmatched
U1442,united international university,Bangladesh,,,,,,,,,,united international university,,0.0,False,Unmatched
U1443,universidad alberto hurtado,Chile,,,,,,,,,,universidad alberto hurtado,,0.0,False,Unmatched
U1444,universidad autónoma de aguascalientes,Mexico,,,,,,,,,,universidad autonoma de aguascalientes,,0.0,False,Unmatched
U1445,universidad autónoma de baja california,Mexico,,,,,,,,,,universidad autonoma de baja california,,0.0,False,Unmatched
U1446,universidad autónoma de chile,Chile,,,,,,,,,,universidad autonoma de chile,,0.0,False,Unmatched
U1447,universidad autónoma de querétaro (uaq),Mexico,,,,,,,,,,universidad autonoma de queretaro,,0.0,False,Unmatched
U1448,universidad autónoma de san luis de potosí,Mexico,,,,,,,,,,universidad autonoma de san luis de potosi,,0.0,False,Unmatched
U1449,universidad autonoma de yucatan,Mexico,,,,,,,,,,universidad autonoma de yucatan,,0.0,False,Unmatched
U1450,universidad autónoma del estado de morelos (uaem),Mexico,,,,,,,,,,universidad autonoma del estado de morelos,,0.0,False,Unmatched
U1451,universidad bernardo o'higgins,Chile,,,,,,,,,,universidad bernardo o higgins,,0.0,False,Unmatched
U1452,"universidad católica boliviana ""san pablo""",Bolivia,,,,,,,,,,universidad catolica boliviana san pablo,,0.0,False,Unmatched
U1453,universidad católica de colombia,Colombia,,,,,,,,,,universidad catolica de colombia,,0.0,False,Unmatched
U1454,universidad católica de la santísima concepción - ucsc,Chile,,,,,,,,,,universidad catolica de la santisima concepcion ucsc,,0.0,False,Unmatched
U1455,universidad católica de santiago de guayaquil,Ecuador,,,,,,,,,,universidad catolica de santiago de guayaquil,,0.0,False,Unmatched
U1456,universidad católica de temuco,Chile,,,,,,,,,,universidad catolica de temuco,,0.0,False,Unmatched
U1457,universidad central de chile,Chile,,,,,,,,,,universidad central de chile,,0.0,False,Unmatched
U1458,universidad de caldas,Colombia,,,,,,,,,,universidad de caldas,,0.0,False,Unmatched
U1459,universidad de carabobo,Venezuela,,,,,,,,,,universidad de carabobo,,0.0,False,Unmatched
U1460,universidad de cartagena,Colombia,,,,,,,,,,universidad de cartagena,,0.0,False,Unmatched
U1461,universidad de córdoba - colombia,Colombia,,,,,,,,,,universidad de cordoba colombia,,0.0,False,Unmatched
U1462,universidad de cuenca,Ecuador,,,,,,,,,,universidad de cuenca,,0.0,False,Unmatched
U1463,universidad de guanajuato,Mexico,,,,,,,,,,universidad de guanajuato,,0.0,False,Unmatched
U1464,universidad de la salle,Colombia,,,,,,,,,,universidad de la salle,,0.0,False,Unmatched
U1465,universidad de la serena,Chile,,,,,,,,,,universidad de la serena,,0.0,False,Unmatched
U1466,universidad de las fuerzas armadas espe (ex - escuela politécnica del ejército),Ecuador,,,,,,,,,,universidad de las fuerzas armadas espe,,0.0,False,Unmatched
U1467,universidad de medellín,Colombia,,,,,,,,,,universidad de medellin,,0.0,False,Unmatched
U1468,universidad de santander - udes,Colombia,,,,,,,,,,universidad de santander udes,,0.0,False,Unmatched
U1469,universidad de sonora,Mexico,,,,,,,,,,universidad de sonora,,0.0,False,Unmatched
U1470,universidad del cauca,Colombia,,,,,,,,,,universidad del cauca,,0.0,False,Unmatched
U1471,universidad del valle de mexico (uvm),Mexico,,,,,,,,,,universidad del valle de mexico,,0.0,False,Unmatched
U1472,universidad michoacana de san nicolás de hidalgo,Mexico,,,,,,,,,,universidad michoacana de san nicolas de hidalgo,,0.0,False,Unmatched
U1473,universidad nacional de quilmes,Argentina,,,,,,,,,,universidad nacional de quilmes,,0.0,False,Unmatched
U1474,universidad nacional de tucumán,Argentina,,,,,,,,,,universidad nacional de tucuman,,0.0,False,Unmatched
U1475,universidad nacional del comahue,Argentina,,,,,,,,,,universidad nacional del comahue,,0.0,False,Unmatched
U1476,universidad politecnica salesiana,Ecuador,,,,,,,,,,universidad politecnica salesiana,,0.0,False,Unmatched
U1477,universidad popular autónoma del estado de puebla (upaep),Mexico,,,,,,,,,,universidad popular autonoma del estado de puebla,,0.0,False,Unmatched
U1478,universidad san ignacio de loyola,Peru,,,,,,,,,,universidad san ignacio de loyola,,0.0,False,Unmatched
U1479,universidad tecnica particular de loja (utpl),Ecuador,,,,,,,,,,universidad tecnica particular de loja,,0.0,False,Unmatched
U1480,universidad tecnológica de bolívar,Colombia,,,,,,,,,,universidad tecnologica de bolivar,,0.0,False,Unmatched
U1481,"universidad tecnológica de la habana josé antonio echeverría, cujae",Cuba,,,,,,,,,,universidad tecnologica de la habana jose antonio echeverria cujae,,0.0,False,Unmatched
U1482,universidad tecnológica de pereira,Colombia,,,,,,,,,,universidad tecnologica de pereira,,0.0,False,Unmatched
U1483,universidad veracruzana,Mexico,,,,,,,,,,universidad veracruzana,,0.0,False,Unmatched
U1484,universidade do estado de santa catarina,Brazil,,,,,,,,,,universidade do estado de santa catarina,,0.0,False,Unmatched
U1485,universidade estadual de londrina,Brazil,,,,,,,,,,universidade estadual de londrina,,0.0,False,Unmatched
U1486,universidade federal da paraíba,Brazil,,,,,,,,,,universidade federal da paraiba,,0.0,False,Unmatched
U1487,universidade federal de goiás,Brazil,,,,,,,,,,universidade federal de goias,,0.0,False,Unmatched
U1488,universidade federal de uberlândia,Brazil,,,,,,,,,,universidade federal de uberlandia,,0.0,False,Unmatched
U1489,universidade federal do estado do rio de janeiro - unirio,Brazil,,,,,,,,,,universidade federal do estado do rio de janeiro unirio,,0.0,False,Unmatched
U1490,universidade federal do parà - ufpa,Brazil,,,,,,,,,,universidade federal do para ufpa,,0.0,False,Unmatched
U1491,universitas andalas,Indonesia,,,,,,,,,,universitas andalas,,0.0,False,Unmatched
U1492,universitas kristen petra,Indonesia,,,,,,,,,,universitas kristen petra,,0.0,False,Unmatched
U1493,universitas muhammadiyah surakarta,Indonesia,,,,,,,,,,universitas muhammadiyah surakarta,,0.0,False,Unmatched
U1494,universiti sains islam malaysia,Malaysia,,,,,,,,,,universiti sains islam malaysia,,0.0,False,Unmatched
U1495,university of central oklahoma,United States,,,,,,,,,,university of central oklahoma,,0.0,False,Unmatched
U1496,university of craiova,Romania,,,,,,,,,,university of craiova,,0.0,False,Unmatched
U1497,university of lampung,Indonesia,,,,,,,,,,university of lampung,,0.0,False,Unmatched
U1498,university of mataram,Indonesia,,,,,,,,,,university of mataram,,0.0,False,Unmatched
U1499,university of montana missoula,United States,,,,,,,,,,university of montana missoula,,0.0,False,Unmatched
U1500,university of oradea,Romania,,,,,,,,,,university of oradea,,0.0,False,Unmatched
U1501,university of san carlos,Philippines,,,,,,,,,,university of san carlos,,0.0,False,Unmatched
U1502,"university politehnica of timisoara, upt",Romania,,,,,,,,,,university politehnica of timisoara upt,,0.0,False,Unmatched
U1503,western washington university,United States,,,,,,,,,,western washington university,,0.0,False,Unmatched
U1504,Massachusetts Institute of Technology,United States,,,,,,,,,,massachusetts institute of technology,,0.0,False,Unmatched
U1505,California Institute of Technology,United States,,,,,,,,,,california institute of technology,,0.0,False,Unmatched
U1506,"University of California, Berkeley",United States,,,,,,,,,,university of california berkeley,,0.0,False,Unmatched
U1507,ETH Zurich,Switzerland,,,,,,,,,,eth zurich,,0.0,False,Unmatched
U1508,The University of Chicago,United States,,,,,,,,,,university of chicago,,0.0,False,Unmatched
U1509,"University of California, Los Angeles",United States,,,,,,,,,,university of california los angeles,,0.0,False,Unmatched
U1510,National University of Singapore,Singapore,,,,,,,,,,national university of singapore,,0.0,False,Unmatched
U1511,New York University,United States,,,,,,,,,,new york university,,0.0,False,Unmatched
U1512,University of Edinburgh,United Kingdom,,,,,,,,,,university of edinburgh,,0.0,False,Unmatched
U1513,"Nanyang Technological University, Singapore",Singapore,,,,,,,,,,nanyang technological university singapore,,0.0,False,Unmatched
U1514,École Polytechnique Fédérale de Lausanne,Switzerland,,,,,,,,,,ecole polytechnique federale de lausanne,,0.0,False,Unmatched
U1515,"University of California, San Diego",United States,,,,,,,,,,university of california san diego,,0.0,False,Unmatched
U1516,University of Hong Kong,Hong Kong,,,,,,,,,,university of hong kong,,0.0,False,Unmatched
U1517,University of Melbourne,Australia,,,,,,,,,,university of melbourne,,0.0,False,Unmatched
U1518,King’s College London,United Kingdom,,,,,,,,,,king s college london,,0.0,False,Unmatched
U1519,LMU Munich,Germany,,,,,,,,,,lmu munich,,0.0,False,Unmatched
U1520,Paris Sciences et Lettres – PSL Research University Paris,France,,,,,,,,,,paris sciences et lettres psl research university paris,,0.0,False,Unmatched
U1521,London School of Economics and Political Science,United Kingdom,,,,,,,,,,london school of economics and political science,,0.0,False,Unmatched
U1522,Universität Heidelberg,Germany,,,,,,,,,,universitat heidelberg,,0.0,False,Unmatched
U1523,Karolinska Institute,Sweden,,,,,,,,,,karolinska institute,,0.0,False,Unmatched
U1524,University of Manchester,United Kingdom,,,,,,,,,,university of manchester,,0.0,False,Unmatched
U1525,Chinese University of Hong Kong,Hong Kong,,,,,,,,,,chinese university of hong kong,,0.0,False,Unmatched
U1526,Australian National University,Australia,,,,,,,,,,australian national university,,0.0,False,Unmatched
U1527,Washington University in St Louis,United States,,,,,,,,,,washington university in st louis,,0.0,False,Unmatched
U1528,"University of California, Santa Barbara",United States,,,,,,,,,,university of california santa barbara,,0.0,False,Unmatched
U1529,University of North Carolina at Chapel Hill,United States,,,,,,,,,,university of north carolina at chapel hill,,0.0,False,Unmatched
U1530,Yonsei University (Seoul campus),South Korea,,,,,,,,,,yonsei university,,0.0,False,Unmatched
U1531,Korea Advanced Institute of Science and Technology (KAIST),South Korea,,,,,,,,,,korea advanced institute of science and technology,,0.0,False,Unmatched
U1532,UNSW Sydney,Australia,,,,,,,,,,university of new south wales,,0.0,False,Unmatched
U1533,University of Minnesota,United States,,,,,,,,,,university of minnesota,,0.0,False,Unmatched
U1534,Purdue University West Lafayette,United States,,,,,,,,,,purdue university west lafayette,,0.0,False,Unmatched
U1535,Humboldt University of Berlin,Germany,,,,,,,,,,humboldt university of berlin,,0.0,False,Unmatched
U1536,University of Bonn,Germany,,,,,,,,,,university of bonn,,0.0,False,Unmatched
U1537,Charité - Universitätsmedizin Berlin,Germany,,,,,,,,,,charite universitatsmedizin berlin,,0.0,False,Unmatched
U1538,University of Tübingen,Germany,,,,,,,,,,university of tubingen,,0.0,False,Unmatched
U1539,Ohio State University (Main campus),United States,,,,,,,,,,ohio state university,,0.0,False,Unmatched
U1540,Free University of Berlin,Germany,,,,,,,,,,free university of berlin,,0.0,False,Unmatched
U1541,University of Sheffield,United Kingdom,,,,,,,,,,university of sheffield,,0.0,False,Unmatched
U1542,University of Warwick,United Kingdom,,,,,,,,,,university of warwick,,0.0,False,Unmatched
U1543,University of Adelaide,Australia,,,,,,,,,,university of adelaide,,0.0,False,Unmatched
U1544,Penn State (Main campus),United States,,,,,,,,,,penn state,,0.0,False,Unmatched
U1545,University of Massachusetts,United States,,,,,,,,,,university of massachusetts,,0.0,False,Unmatched
U1546,University of Freiburg,Germany,,,,,,,,,,university of freiburg,,0.0,False,Unmatched
U1547,Trinity College Dublin,Ireland,,,,,,,,,,trinity college dublin,,0.0,False,Unmatched
U1548,University of Hamburg,Germany,,,,,,,,,,university of hamburg,,0.0,False,Unmatched
U1549,Technical University of Berlin,Germany,,,,,,,,,,technical university of berlin,,0.0,False,Unmatched
U1550,Karlsruhe Institute of Technology,Germany,,,,,,,,,,karlsruhe institute of technology,,0.0,False,Unmatched
U1551,Radboud University Nijmegen,Netherlands,,,,,,,,,,radboud university nijmegen,,0.0,False,Unmatched
U1552,University of Pittsburgh-Pittsburgh campus,United States,,,,,,,,,,university of pittsburgh pittsburgh campus,,0.0,False,Unmatched
U1553,Sungkyunkwan University (SKKU),South Korea,,,,,,,,,,sungkyunkwan university,,0.0,False,Unmatched
U1554,University of Auckland,New Zealand,,,,,,,,,,university of auckland,,0.0,False,Unmatched
U1555,University of Barcelona,Spain,,,,,,,,,,university of barcelona,,0.0,False,Unmatched
U1556,University of Arizona,United States,,,,,,,,,,university of arizona,,0.0,False,Unmatched
U1557,University of Bologna,Italy,,,,,,,,,,university of bologna,,0.0,False,Unmatched
U1558,TU Dresden,Germany,,,,,,,,,,tu dresden,,0.0,False,Unmatched
U1559,University of Virginia (Main campus),United States,,,,,,,,,,university of virginia,,0.0,False,Unmatched
U1560,Université Catholique de Louvain,Belgium,,,,,,,,,,universite catholique de louvain,,0.0,False,Unmatched
U1561,Scuola Normale Superiore di Pisa,Italy,,,,,,,,,,scuola normale superiore di pisa,,0.0,False,Unmatched
U1562,University of Würzburg,Germany,,,,,,,,,,university of wurzburg,,0.0,False,Unmatched
U1563,University of Exeter,United Kingdom,,,,,,,,,,university of exeter,,0.0,False,Unmatched
U1564,Arizona State University (Tempe),United States,,,,,,,,,,arizona state university,,0.0,False,Unmatched
U1565,University of Mannheim,Germany,,,,,,,,,,university of mannheim,,0.0,False,Unmatched
U1566,Tokyo Institute of Technology,Japan,,,,,,,,,,tokyo institute of technology,,0.0,False,Unmatched
U1567,University of Erlangen-Nuremberg,Germany,,,,,,,,,,university of erlangen nuremberg,,0.0,False,Unmatched
U1568,University of Münster,Germany,,,,,,,,,,university of munster,,0.0,False,Unmatched
U1569,Ulm University,Germany,,,,,,,,,,ulm university,,0.0,False,Unmatched
U1570,Indiana University,United States,,,,,,,,,,indiana university,,0.0,False,Unmatched
U1571,Queensland University of Technology,Australia,,,,,,,,,,queensland university of technology,,0.0,False,Unmatched
U1572,Autonomous University of Barcelona,Spain,,,,,,,,,,autonomous university of barcelona,,0.0,False,Unmatched
U1573,Friedrich Schiller University Jena,Germany,,,,,,,,,,friedrich schiller university jena,,0.0,False,Unmatched
U1574,Goethe University Frankfurt,Germany,,,,,,,,,,goethe university frankfurt,,0.0,False,Unmatched
U1575,University of Hawai’i at Mānoa,United States,,,,,,,,,,university of hawai i at manoa,,0.0,False,Unmatched
U1576,University of Illinois Chicago,United States,,,,,,,,,,university of illinois chicago,,0.0,False,Unmatched
U1577,King Fahd University of Petroleum and Minerals,Saudi Arabia,,,,,,,,,,king fahd university of petroleum and minerals,,0.0,False,Unmatched
U1578,Université Libre de Bruxelles,Belgium,,,,,,,,,,universite libre de bruxelles,,0.0,False,Unmatched
U1579,Medical University of Graz,Austria,,,,,,,,,,medical university of graz,,0.0,False,Unmatched
U1580,Medical University of Vienna,Austria,,,,,,,,,,medical university of vienna,,0.0,False,Unmatched
U1581,Moscow Institute of Physics and Technology (MIPT),Russian Federation,,,,,,,,,,moscow institute of physics and technology,,0.0,False,Unmatched
U1582,University of Newcastle,Australia,,,,,,,,,,university of newcastle,,0.0,False,Unmatched
U1583,"Northeastern University, US",United States,,,,,,,,,,northeastern university us,,0.0,False,Unmatched
U1584,University of Padua,Italy,,,,,,,,,,university of padua,,0.0,False,Unmatched
U1585,Pompeu Fabra University,Spain,,,,,,,,,,pompeu fabra university,,0.0,False,Unmatched
U1586,University of Potsdam,Germany,,,,,,,,,,university of potsdam,,0.0,False,Unmatched
U1587,Queen’s University Belfast,United Kingdom,,,,,,,,,,queen s university belfast,,0.0,False,Unmatched
U1588,Rutgers University – New Brunswick,United States,,,,,,,,,,rutgers university new brunswick,,0.0,False,Unmatched
U1589,Sant’Anna School of Advanced Studies – Pisa,Italy,,,,,,,,,,sant anna school of advanced studies pisa,,0.0,False,Unmatched
U1590,University of São Paulo,Brazil,,,,,,,,,,university of sao paulo,,0.0,False,Unmatched
U1591,Southern University of Science and Technology (SUSTech),China,,,,,,,,,,southern university of science and technology,,0.0,False,Unmatched
U1592,Vrije Universiteit Brussel,Belgium,,,,,,,,,,vrije universiteit brussel,,0.0,False,Unmatched
U1593,University of East Anglia,United Kingdom,,,,,,,,,,university of east anglia,,0.0,False,Unmatched
U1594,Heinrich Heine University Düsseldorf,Germany,,,,,,,,,,heinrich heine university dusseldorf,,0.0,False,Unmatched
U1595,Humanitas University,Italy,,,,,,,,,,humanitas university,,0.0,False,Unmatched
U1596,Johannes Gutenberg University of Mainz,Germany,,,,,,,,,,johannes gutenberg university of mainz,,0.0,False,Unmatched
U1597,Khalifa University,United Arab Emirates,,,,,,,,,,khalifa university,,0.0,False,Unmatched
U1598,King Abdulaziz University,Saudi Arabia,,,,,,,,,,king abdulaziz university,,0.0,False,Unmatched
U1599,University of Konstanz,Germany,,,,,,,,,,university of konstanz,,0.0,False,Unmatched
U1600,University of Malaya,Malaysia,,,,,,,,,,university of malaya,,0.0,False,Unmatched
U1601,Medical University of Innsbruck,Austria,,,,,,,,,,medical university of innsbruck,,0.0,False,Unmatched
U1602,Queen’s University,Canada,,,,,,,,,,queen s university,,0.0,False,Unmatched
U1603,RCSI University of Medicine and Health Sciences,Ireland,,,,,,,,,,rcsi university of medicine and health sciences,,0.0,False,Unmatched
U1604,Ruhr University Bochum,Germany,,,,,,,,,,ruhr university bochum,,0.0,False,Unmatched
U1605,Semmelweis University,Hungary,,,,,,,,,,semmelweis university,,0.0,False,Unmatched
U1606,University of Southern Denmark,Denmark,,,,,,,,,,university of southern denmark,,0.0,False,Unmatched
U1607,Stony Brook University,United States,,,,,,,,,,stony brook university,,0.0,False,Unmatched
U1608,University of Stuttgart,Germany,,,,,,,,,,university of stuttgart,,0.0,False,Unmatched
U1609,Università della Svizzera italiana,Switzerland,,,,,,,,,,universita della svizzera italiana,,0.0,False,Unmatched
U1610,TU Wien,Austria,,,,,,,,,,tu wien,,0.0,False,Unmatched
U1611,Vita-Salute San Raffaele University,Italy,,,,,,,,,,vita salute san raffaele university,,0.0,False,Unmatched
U1612,Xi’an Jiaotong University,China,,,,,,,,,,xi an jiaotong university,,0.0,False,Unmatched
U1613,Beihang University,China,,,,,,,,,,beihang university,,0.0,False,Unmatched
U1614,University of Bremen,Germany,,,,,,,,,,university of bremen,,0.0,False,Unmatched
U1615,University at Buffalo,United States,,,,,,,,,,university at buffalo,,0.0,False,Unmatched
U1616,"China Medical University, Taiwan",Taiwan,,,,,,,,,,china medical university taiwan,,0.0,False,Unmatched
U1617,Copenhagen Business School,Denmark,,,,,,,,,,copenhagen business school,,0.0,False,Unmatched
U1618,University of Essex,United Kingdom,,,,,,,,,,university of essex,,0.0,False,Unmatched
U1619,Hebrew University of Jerusalem,Israel,,,,,,,,,,hebrew university of jerusalem,,0.0,False,Unmatched
U1620,University of Innsbruck,Austria,,,,,,,,,,university of innsbruck,,0.0,False,Unmatched
U1621,University of Kiel,Germany,,,,,,,,,,university of kiel,,0.0,False,Unmatched
U1622,University of Liège,Belgium,,,,,,,,,,university of liege,,0.0,False,Unmatched
U1623,Montpellier University,France,,,,,,,,,,montpellier university,,0.0,False,Unmatched
U1624,Oregon Health and Science University,United States,,,,,,,,,,oregon health and science university,,0.0,False,Unmatched
U1625,University of Pavia,Italy,,,,,,,,,,university of pavia,,0.0,False,Unmatched
U1626,University of Rome II – Tor Vergata,Italy,,,,,,,,,,university of rome ii tor vergata,,0.0,False,Unmatched
U1627,"Royal Holloway, University of London",United Kingdom,,,,,,,,,,royal holloway university of london,,0.0,False,Unmatched
U1628,"St George’s, University of London",United Kingdom,,,,,,,,,,st george s university of london,,0.0,False,Unmatched
U1629,Swedish University of Agricultural Sciences,Sweden,,,,,,,,,,swedish university of agricultural sciences,,0.0,False,Unmatched
U1630,Universiti Teknologi Petronas,Malaysia,,,,,,,,,,universiti teknologi petronas,,0.0,False,Unmatched
U1631,The University of Tennessee-Knoxville,United States,,,,,,,,,,university of tennessee knoxville,,0.0,False,Unmatched
U1632,University of the Witwatersrand,South Africa,,,,,,,,,,university of the witwatersrand,,0.0,False,Unmatched
U1633,Autonomous University of Madrid,Spain,,,,,,,,,,autonomous university of madrid,,0.0,False,Unmatched
U1634,University of Campinas,Brazil,,,,,,,,,,university of campinas,,0.0,False,Unmatched
U1635,University of Colorado Denver/Anschutz Medical Campus,United States,,,,,,,,,,university of colorado denver anschutz medical campus,,0.0,False,Unmatched
U1636,University of Georgia,United States,,,,,,,,,,university of georgia,,0.0,False,Unmatched
U1637,Justus Liebig University Giessen,Germany,,,,,,,,,,justus liebig university giessen,,0.0,False,Unmatched
U1638,University of Milan-Bicocca,Italy,,,,,,,,,,university of milan bicocca,,0.0,False,Unmatched
U1639,University of Naples Federico II,Italy,,,,,,,,,,university of naples federico ii,,0.0,False,Unmatched
U1640,Peter the Great St Petersburg Polytechnic University,Russian Federation,,,,,,,,,,peter the great st petersburg polytechnic university,,0.0,False,Unmatched
U1641,Sabancı University,Turkey,,,,,,,,,,sabanc university,,0.0,False,Unmatched
U1642,University of St Gallen,Switzerland,,,,,,,,,,university of st gallen,,0.0,False,Unmatched
U1643,Southern Medical University,China,,,,,,,,,,southern medical university,,0.0,False,Unmatched
U1644,Technion Israel Institute of Technology,Israel,,,,,,,,,,technion israel institute of technology,,0.0,False,Unmatched
U1645,University of Texas at Dallas,United States,,,,,,,,,,university of texas at dallas,,0.0,False,Unmatched
U1646,University of Victoria,Canada,,,,,,,,,,university of victoria,,0.0,False,Unmatched
U1647,"Asia University, Taiwan",Taiwan,,,,,,,,,,asia university taiwan,,0.0,False,Unmatched
U1648,Auckland University of Technology,New Zealand,,,,,,,,,,auckland university of technology,,0.0,False,Unmatched
U1649,Universiti Brunei Darussalam,Brunei Darussalam,,,,,,,,,,universiti brunei darussalam,,0.0,False,Unmatched
U1650,"University of California, Merced",United States,,,,,,,,,,university of california merced,,0.0,False,Unmatched
U1651,Campus Bio-Medico University of Rome,Italy,,,,,,,,,,campus bio medico university of rome,,0.0,False,Unmatched
U1652,University of Catania,Italy,,,,,,,,,,university of catania,,0.0,False,Unmatched
U1653,Centrale Nantes,France,,,,,,,,,,centrale nantes,,0.0,False,Unmatched
U1654,Chung-Ang University,South Korea,,,,,,,,,,chung ang university,,0.0,False,Unmatched
U1655,Claude Bernard University Lyon 1,France,,,,,,,,,,claude bernard university lyon 1,,0.0,False,Unmatched
U1656,"Colorado State University, Fort Collins",United States,,,,,,,,,,colorado state university fort collins,,0.0,False,Unmatched
U1657,Constructor University,Germany,,,,,,,,,,constructor university,,0.0,False,Unmatched
U1658,École des Ponts ParisTech,France,,,,,,,,,,ecole des ponts paristech,,0.0,False,Unmatched
U1659,University of Fribourg,Switzerland,,,,,,,,,,university of fribourg,,0.0,False,Unmatched
U1660,University of Greifswald,Germany,,,,,,,,,,university of greifswald,,0.0,False,Unmatched
U1661,Imam Mohammad Ibn Saud Islamic University,Saudi Arabia,,,,,,,,,,imam mohammad ibn saud islamic university,,0.0,False,Unmatched
U1662,IMT Atlantique,France,,,,,,,,,,imt atlantique,,0.0,False,Unmatched
U1663,Institut Agro,France,,,,,,,,,,institut agro,,0.0,False,Unmatched
U1664,Johannes Kepler University of Linz,Austria,,,,,,,,,,johannes kepler university of linz,,0.0,False,Unmatched
U1665,Universiti Kebangsaan Malaysia,Malaysia,,,,,,,,,,universiti kebangsaan malaysia,,0.0,False,Unmatched
U1666,University of Marburg,Germany,,,,,,,,,,university of marburg,,0.0,False,Unmatched
U1667,Mizzou - University of Missouri,United States,,,,,,,,,,mizzou university of missouri,,0.0,False,Unmatched
U1668,National Research Nuclear University MEPhI,Russian Federation,,,,,,,,,,national research nuclear university mephi,,0.0,False,Unmatched
U1669,University of Nebraska-Lincoln,United States,,,,,,,,,,university of nebraska lincoln,,0.0,False,Unmatched
U1670,University of Neuchâtel,Switzerland,,,,,,,,,,university of neuchatel,,0.0,False,Unmatched
U1671,New Jersey Institute of Technology,United States,,,,,,,,,,new jersey institute of technology,,0.0,False,Unmatched
U1672,University of Passau,Germany,,,,,,,,,,university of passau,,0.0,False,Unmatched
U1673,Polytechnic University of Turin,Italy,,,,,,,,,,polytechnic university of turin,,0.0,False,Unmatched
U1674,Pontificia Universidad Católica de Chile,Chile,,,,,,,,,,pontificia universidad catolica de chile,,0.0,False,Unmatched
U1675,Prince Sultan University (PSU),Saudi Arabia,,,,,,,,,,prince sultan university,,0.0,False,Unmatched
U1676,Royal Veterinary College,United Kingdom,,,,,,,,,,royal veterinary college,,0.0,False,Unmatched
U1677,Universiti Sains Malaysia,Malaysia,,,,,,,,,,universiti sains malaysia,,0.0,False,Unmatched
U1678,Saint Louis University,United States,,,,,,,,,,saint louis university,,0.0,False,Unmatched
U1679,University of South Carolina-Columbia,United States,,,,,,,,,,university of south carolina columbia,,0.0,False,Unmatched
U1680,Taipei Medical University,Taiwan,,,,,,,,,,taipei medical university,,0.0,False,Unmatched
U1681,University of Toulouse,France,,,,,,,,,,university of toulouse,,0.0,False,Unmatched
U1682,Umeå University,Sweden,,,,,,,,,,umea university,,0.0,False,Unmatched
U1683,Universiti Utara Malaysia,Malaysia,,,,,,,,,,universiti utara malaysia,,0.0,False,Unmatched
U1684,University of Vaasa,Finland,,,,,,,,,,university of vaasa,,0.0,False,Unmatched
U1685,Åbo Akademi University,Finland,,,,,,,,,,abo akademi university,,0.0,False,Unmatched
U1686,American University of Beirut,Lebanon,,,,,,,,,,american university of beirut,,0.0,False,Unmatched
U1687,Anglia Ruskin University (ARU),United Kingdom,,,,,,,,,,anglia ruskin university,,0.0,False,Unmatched
U1688,University of L’Aquila,Italy,,,,,,,,,,university of l aquila,,0.0,False,Unmatched
U1689,Babol Noshirvani University of Technology,Iran,,,,,,,,,,babol noshirvani university of technology,,0.0,False,Unmatched
U1690,Brighton and Sussex Medical School,United Kingdom,,,,,,,,,,brighton and sussex medical school,,0.0,False,Unmatched
U1691,Ca’ Foscari University of Venice,Italy,,,,,,,,,,ca foscari university of venice,,0.0,False,Unmatched
U1692,University of Canterbury,New Zealand,,,,,,,,,,university of canterbury,,0.0,False,Unmatched
U1693,Central Queensland University,Australia,,,,,,,,,,central queensland university,,0.0,False,Unmatched
U1694,"China University of Petroleum, Beijing",China,,,,,,,,,,china university of petroleum beijing,,0.0,False,Unmatched
U1695,University of Côte d’Azur,France,,,,,,,,,,university of cote d azur,,0.0,False,Unmatched
U1696,University of Cyprus,Cyprus,,,,,,,,,,university of cyprus,,0.0,False,Unmatched
U1697,ENSTA Bretagne,France,,,,,,,,,,ensta bretagne,,0.0,False,Unmatched
U1698,University of Ferrara,Italy,,,,,,,,,,university of ferrara,,0.0,False,Unmatched
U1699,University of Graz,Austria,,,,,,,,,,university of graz,,0.0,False,Unmatched
U1700,Hamburg University of Technology,Germany,,,,,,,,,,hamburg university of technology,,0.0,False,Unmatched
U1701,Jinan University,China,,,,,,,,,,jinan university,,0.0,False,Unmatched
U1702,Leuphana University of Lüneburg,Germany,,,,,,,,,,leuphana university of luneburg,,0.0,False,Unmatched
U1703,Mahatma Gandhi University,India,,,,,,,,,,mahatma gandhi university,,0.0,False,Unmatched
U1704,Manchester Metropolitan University,United Kingdom,,,,,,,,,,manchester metropolitan university,,0.0,False,Unmatched
U1705,University of Messina,Italy,,,,,,,,,,university of messina,,0.0,False,Unmatched
U1706,Nantes Université,France,,,,,,,,,,nantes universite,,0.0,False,Unmatched
U1707,National Yunlin University of Science and Technology,Taiwan,,,,,,,,,,national yunlin university of science and technology,,0.0,False,Unmatched
U1708,Nazarbayev University,Kazakhstan,,,,,,,,,,nazarbayev university,,0.0,False,Unmatched
U1709,University of Nebraska Medical Center,United States,,,,,,,,,,university of nebraska medical center,,0.0,False,Unmatched
U1710,University of Nicosia,Cyprus,,,,,,,,,,university of nicosia,,0.0,False,Unmatched
U1711,Northumbria University,United Kingdom,,,,,,,,,,northumbria university,,0.0,False,Unmatched
U1712,NOVA University of Lisbon,Portugal,,,,,,,,,,nova university of lisbon,,0.0,False,Unmatched
U1713,Polytechnic University of Bari,Italy,,,,,,,,,,polytechnic university of bari,,0.0,False,Unmatched
U1714,Universiti Putra Malaysia,Malaysia,,,,,,,,,,universiti putra malaysia,,0.0,False,Unmatched
U1715,Rovira i Virgili University,Spain,,,,,,,,,,rovira i virgili university,,0.0,False,Unmatched
U1716,Rush University,United States,,,,,,,,,,rush university,,0.0,False,Unmatched
U1717,Shiraz University of Technology,Iran,,,,,,,,,,shiraz university of technology,,0.0,False,Unmatched
U1718,"Soochow University, China",China,,,,,,,,,,soochow university china,,0.0,False,Unmatched
U1719,Tabriz University of Medical Sciences,Iran,,,,,,,,,,tabriz university of medical sciences,,0.0,False,Unmatched
U1720,Taif University,Saudi Arabia,,,,,,,,,,taif university,,0.0,False,Unmatched
U1721,The University of Texas at San Antonio,United States,,,,,,,,,,university of texas at san antonio,,0.0,False,Unmatched
U1722,TU Braunschweig,Germany,,,,,,,,,,tu braunschweig,,0.0,False,Unmatched
U1723,The University of Tulsa,United States,,,,,,,,,,university of tulsa,,0.0,False,Unmatched
U1724,UiT The Arctic University of Norway,Norway,,,,,,,,,,uit the arctic university of norway,,0.0,False,Unmatched
U1725,University of Valencia,Spain,,,,,,,,,,university of valencia,,0.0,False,Unmatched
U1726,University of Wuppertal,Germany,,,,,,,,,,university of wuppertal,,0.0,False,Unmatched
U1727,Yangzhou University,China,,,,,,,,,,yangzhou university,,0.0,False,Unmatched
U1728,Abdul Wali Khan University Mardan,Pakistan,,,,,,,,,,abdul wali khan university mardan,,0.0,False,Unmatched
U1729,Air University,Pakistan,,,,,,,,,,air university,,0.0,False,Unmatched
U1730,The University of Aizu,Japan,,,,,,,,,,university of aizu,,0.0,False,Unmatched
U1731,Alagappa University,India,,,,,,,,,,alagappa university,,0.0,False,Unmatched
U1732,Amedeo Avogadro University of Eastern Piedmont,Italy,,,,,,,,,,amedeo avogadro university of eastern piedmont,,0.0,False,Unmatched
U1733,University of Arkansas,United States,,,,,,,,,,university of arkansas,,0.0,False,Unmatched
U1734,Babol University of Medical Sciences,Iran,,,,,,,,,,babol university of medical sciences,,0.0,False,Unmatched
U1735,University of Bari Aldo Moro,Italy,,,,,,,,,,university of bari aldo moro,,0.0,False,Unmatched
U1736,University of Beira Interior,Portugal,,,,,,,,,,university of beira interior,,0.0,False,Unmatched
U1737,Bharathiar University,India,,,,,,,,,,bharathiar university,,0.0,False,Unmatched
U1738,Boğaziçi University,Turkey,,,,,,,,,,bogazici university,,0.0,False,Unmatched
U1739,University of Campania Luigi Vanvitelli,Italy,,,,,,,,,,university of campania luigi vanvitelli,,0.0,False,Unmatched
U1740,Cankaya University,Turkey,,,,,,,,,,cankaya university,,0.0,False,Unmatched
U1741,University of Cape Coast,Ghana,,,,,,,,,,university of cape coast,,0.0,False,Unmatched
U1742,Capital Medical University,China,,,,,,,,,,capital medical university,,0.0,False,Unmatched
U1743,Capital University of Science and Technology,Pakistan,,,,,,,,,,capital university of science and technology,,0.0,False,Unmatched
U1744,The Catholic University of America,United States,,,,,,,,,,catholic university of america,,0.0,False,Unmatched
U1745,University of Córdoba,Spain,,,,,,,,,,university of cordoba,,0.0,False,Unmatched
U1746,Cyprus University of Technology,Cyprus,,,,,,,,,,cyprus university of technology,,0.0,False,Unmatched
U1747,École Centrale de Lyon,France,,,,,,,,,,ecole centrale de lyon,,0.0,False,Unmatched
U1748,École des Mines de Saint-Étienne,France,,,,,,,,,,ecole des mines de saint etienne,,0.0,False,Unmatched
U1749,École Nationale des Travaux Publics de l'État (ENTPE),France,,,,,,,,,,ecole nationale des travaux publics de l etat,,0.0,False,Unmatched
U1750,Egypt-Japan University of Science and Technology (E-JUST),Egypt,,,,,,,,,,egypt japan university of science and technology,,0.0,False,Unmatched
U1751,"University of Engineering and Technology, Taxila",Pakistan,,,,,,,,,,university of engineering and technology taxila,,0.0,False,Unmatched
U1752,Universidade Estadual Paulista (Unesp),Brazil,,,,,,,,,,universidade estadual paulista,,0.0,False,Unmatched
U1753,Federal University of Rio de Janeiro,Brazil,,,,,,,,,,federal university of rio de janeiro,,0.0,False,Unmatched
U1754,Federation University Australia,Australia,,,,,,,,,,federation university australia,,0.0,False,Unmatched
U1755,University of Foggia,Italy,,,,,,,,,,university of foggia,,0.0,False,Unmatched
U1756,Gabriele d‘Annunzio University,Italy,,,,,,,,,,gabriele d annunzio university,,0.0,False,Unmatched
U1757,Government College University Faisalabad,Pakistan,,,,,,,,,,government college university faisalabad,,0.0,False,Unmatched
U1758,Guangdong University of Technology,China,,,,,,,,,,guangdong university of technology,,0.0,False,Unmatched
U1759,Harokopio University of Athens,Greece,,,,,,,,,,harokopio university of athens,,0.0,False,Unmatched
U1760,Imam Abdulrahman Bin Faisal University,Saudi Arabia,,,,,,,,,,imam abdulrahman bin faisal university,,0.0,False,Unmatched
U1761,Imam Khomeini International University,Iran,,,,,,,,,,imam khomeini international university,,0.0,False,Unmatched
U1762,Indian Institute of Technology Guwahati,India,,,,,,,,,,indian institute of technology guwahati,,0.0,False,Unmatched
U1763,Indian Institute of Technology (Indian School of Mines) Dhanbad,India,,,,,,,,,,indian institute of technology dhanbad,,0.0,False,Unmatched
U1764,Indian Institute of Technology Patna,India,,,,,,,,,,indian institute of technology patna,,0.0,False,Unmatched
U1765,University of Insubria,Italy,,,,,,,,,,university of insubria,,0.0,False,Unmatched
U1766,"International Institute of Information Technology, Hyderabad",India,,,,,,,,,,international institute of information technology hyderabad,,0.0,False,Unmatched
U1767,Iran University of Medical Sciences,Iran,,,,,,,,,,iran university of medical sciences,,0.0,False,Unmatched
U1768,ISCTE-University Institute of Lisbon,Portugal,,,,,,,,,,iscte university institute of lisbon,,0.0,False,Unmatched
U1769,Jamia Hamdard University,India,,,,,,,,,,jamia hamdard university,,0.0,False,Unmatched
U1770,Jiangsu University,China,,,,,,,,,,jiangsu university,,0.0,False,Unmatched
U1771,Jönköping University,Sweden,,,,,,,,,,jonkoping university,,0.0,False,Unmatched
U1772,The University of Jordan,Jordan,,,,,,,,,,university of jordan,,0.0,False,Unmatched
U1773,Juntendo University,Japan,,,,,,,,,,juntendo university,,0.0,False,Unmatched
U1774,University of Kaiserslautern,Germany,,,,,,,,,,university of kaiserslautern,,0.0,False,Unmatched
U1775,University of Kashan,Iran,,,,,,,,,,university of kashan,,0.0,False,Unmatched
U1776,Kashan University of Medical Sciences and Health Services,Iran,,,,,,,,,,kashan university of medical sciences and health services,,0.0,False,Unmatched
U1777,KIIT University,India,,,,,,,,,,kiit university,,0.0,False,Unmatched
U1778,King Saud bin Abdulaziz University for Health Sciences,Saudi Arabia,,,,,,,,,,king saud bin abdulaziz university for health sciences,,0.0,False,Unmatched
U1779,Kurdistan University of Medical Sciences,Iran,,,,,,,,,,kurdistan university of medical sciences,,0.0,False,Unmatched
U1780,University of Lille,France,,,,,,,,,,university of lille,,0.0,False,Unmatched
U1781,University of Lorraine,France,,,,,,,,,,university of lorraine,,0.0,False,Unmatched
U1782,Malaviya National Institute of Technology,India,,,,,,,,,,malaviya national institute of technology,,0.0,False,Unmatched
U1783,Universiti Malaysia Pahang Al-Sultan Abdullah (UMPSA),Malaysia,,,,,,,,,,universiti malaysia pahang al sultan abdullah,,0.0,False,Unmatched
U1784,Manipal Academy of Higher Education,India,,,,,,,,,,manipal academy of higher education,,0.0,False,Unmatched
U1785,Marche Polytechnic University,Italy,,,,,,,,,,marche polytechnic university,,0.0,False,Unmatched
U1786,Mashhad University of Medical Sciences,Iran,,,,,,,,,,mashhad university of medical sciences,,0.0,False,Unmatched
U1787,Mazandaran University of Medical Sciences,Iran,,,,,,,,,,mazandaran university of medical sciences,,0.0,False,Unmatched
U1788,Monterrey Institute of Technology,Mexico,,,,,,,,,,monterrey institute of technology,,0.0,False,Unmatched
U1789,University of Namur,Belgium,,,,,,,,,,university of namur,,0.0,False,Unmatched
U1790,Nanjing Forestry University,China,,,,,,,,,,nanjing forestry university,,0.0,False,Unmatched
U1791,Nanjing Tech University,China,,,,,,,,,,nanjing tech university,,0.0,False,Unmatched
U1792,National Institute of Applied Sciences of Lyon (INSA Lyon),France,,,,,,,,,,national institute of applied sciences of lyon,,0.0,False,Unmatched
U1793,National University of Sciences and Technology,Pakistan,,,,,,,,,,national university of sciences and technology,,0.0,False,Unmatched
U1794,National University of Science and Technology (MISiS),Russian Federation,,,,,,,,,,national university of science and technology,,0.0,False,Unmatched
U1795,National Institute of Technology Rourkela,India,,,,,,,,,,national institute of technology rourkela,,0.0,False,Unmatched
U1796,National Institute of Technology Silchar,India,,,,,,,,,,national institute of technology silchar,,0.0,False,Unmatched
U1797,Near East University,Northern Cyprus,,,,,,,,,,near east university,,0.0,False,Unmatched
U1798,"University of Nevada, Las Vegas",United States,,,,,,,,,,university of nevada las vegas,,0.0,False,Unmatched
U1799,University of New Brunswick UNB,Canada,,,,,,,,,,university of new brunswick unb,,0.0,False,Unmatched
U1800,"Northeastern University, China",China,,,,,,,,,,northeastern university china,,0.0,False,Unmatched
U1801,Northern Illinois University,United States,,,,,,,,,,northern illinois university,,0.0,False,Unmatched
U1802,Norwegian University of Life Sciences,Norway,,,,,,,,,,norwegian university of life sciences,,0.0,False,Unmatched
U1803,Ohio University (Main campus),United States,,,,,,,,,,ohio university,,0.0,False,Unmatched
U1804,Old Dominion University,United States,,,,,,,,,,old dominion university,,0.0,False,Unmatched
U1805,Ontario Tech University,Canada,,,,,,,,,,ontario tech university,,0.0,False,Unmatched
U1806,The Open University,United Kingdom,,,,,,,,,,open university,,0.0,False,Unmatched
U1807,Open University of Catalonia,Spain,,,,,,,,,,open university of catalonia,,0.0,False,Unmatched
U1808,Örebro University,Sweden,,,,,,,,,,orebro university,,0.0,False,Unmatched
U1809,Otto von Guericke University of Magdeburg,Germany,,,,,,,,,,otto von guericke university of magdeburg,,0.0,False,Unmatched
U1810,Parthenope University of Naples,Italy,,,,,,,,,,parthenope university of naples,,0.0,False,Unmatched
U1811,Universiti Pendidikan Sultan Idris,Malaysia,,,,,,,,,,universiti pendidikan sultan idris,,0.0,False,Unmatched
U1812,Universitat Politècnica de Catalunya,Spain,,,,,,,,,,universitat politecnica de catalunya,,0.0,False,Unmatched
U1813,Polytechnic University of Valencia,Spain,,,,,,,,,,polytechnic university of valencia,,0.0,False,Unmatched
U1814,Prince Sattam Bin Abdulaziz University,Saudi Arabia,,,,,,,,,,prince sattam bin abdulaziz university,,0.0,False,Unmatched
U1815,Qazvin University of Medical Sciences,Iran,,,,,,,,,,qazvin university of medical sciences,,0.0,False,Unmatched
U1816,Qingdao University,China,,,,,,,,,,qingdao university,,0.0,False,Unmatched
U1817,Reykjavík University,Iceland,,,,,,,,,,reykjavik university,,0.0,False,Unmatched
U1818,University of Rome III,Italy,,,,,,,,,,university of rome iii,,0.0,False,Unmatched
U1819,Roskilde University,Denmark,,,,,,,,,,roskilde university,,0.0,False,Unmatched
U1820,University of Salento,Italy,,,,,,,,,,university of salento,,0.0,False,Unmatched
U1821,University of Sannio,Italy,,,,,,,,,,university of sannio,,0.0,False,Unmatched
U1822,University of Santiago de Compostela,Spain,,,,,,,,,,university of santiago de compostela,,0.0,False,Unmatched
U1823,University of Sassari,Italy,,,,,,,,,,university of sassari,,0.0,False,Unmatched
U1824,Saveetha Institute of Medical and Technical Sciences,India,,,,,,,,,,saveetha institute of medical and technical sciences,,0.0,False,Unmatched
U1825,Shahid Beheshti University of Medical Sciences,Iran,,,,,,,,,,shahid beheshti university of medical sciences,,0.0,False,Unmatched
U1826,University of Siegen,Germany,,,,,,,,,,university of siegen,,0.0,False,Unmatched
U1827,South China Normal University,China,,,,,,,,,,south china normal university,,0.0,False,Unmatched
U1828,South Ural State University,Russian Federation,,,,,,,,,,south ural state university,,0.0,False,Unmatched
U1829,SRUC (Scotland’s Rural College),United Kingdom,,,,,,,,,,sruc,,0.0,False,Unmatched
U1830,SUNY Binghamton University,United States,,,,,,,,,,suny binghamton university,,0.0,False,Unmatched
U1831,Tallinn University of Technology,Estonia,,,,,,,,,,tallinn university of technology,,0.0,False,Unmatched
U1832,Tehran University of Medical Sciences,Iran,,,,,,,,,,tehran university of medical sciences,,0.0,False,Unmatched
U1833,University of Texas at Arlington,United States,,,,,,,,,,university of texas at arlington,,0.0,False,Unmatched
U1834,Thapar Institute of Engineering and Technology,India,,,,,,,,,,thapar institute of engineering and technology,,0.0,False,Unmatched
U1835,University of Tuscia,Italy,,,,,,,,,,university of tuscia,,0.0,False,Unmatched
U1836,University of Udine,Italy,,,,,,,,,,university of udine,,0.0,False,Unmatched
U1837,Paris Lodron Universität Salzburg,Austria,,,,,,,,,,paris lodron universitat salzburg,,0.0,False,Unmatched
U1838,Urmia University of Medical Sciences,Iran,,,,,,,,,,urmia university of medical sciences,,0.0,False,Unmatched
U1839,VIT University,India,,,,,,,,,,vit university,,0.0,False,Unmatched
U1840,University of the West of Scotland,United Kingdom,,,,,,,,,,university of the west of scotland,,0.0,False,Unmatched
U1841,William & Mary,United States,,,,,,,,,,william mary,,0.0,False,Unmatched
U1842,Wroclaw Medical University,Poland,,,,,,,,,,wroclaw medical university,,0.0,False,Unmatched
U1843,Xi’an Jiaotong-Liverpool University,China,,,,,,,,,,xi an jiaotong liverpool university,,0.0,False,Unmatched
U1844,Xidian University,China,,,,,,,,,,xidian university,,0.0,False,Unmatched
U1845,Zhejiang Normal University,China,,,,,,,,,,zhejiang normal university,,0.0,False,Unmatched
U1846,University of the Aegean,Greece,,,,,,,,,,university of the aegean,,0.0,False,Unmatched
U1847,Ahvaz Jundishapur University of Medical Sciences (AJUMS),Iran,,,,,,,,,,ahvaz jundishapur university of medical sciences,,0.0,False,Unmatched
U1848,University of Alcalá,Spain,,,,,,,,,,university of alcala,,0.0,False,Unmatched
U1849,University of Algarve,Portugal,,,,,,,,,,university of algarve,,0.0,False,Unmatched
U1850,American University in Cairo,Egypt,,,,,,,,,,american university in cairo,,0.0,False,Unmatched
U1851,"University of the Andes, Colombia",Colombia,,,,,,,,,,university of the andes colombia,,0.0,False,Unmatched
U1852,Arak University of Medical Sciences,Iran,,,,,,,,,,arak university of medical sciences,,0.0,False,Unmatched
U1853,Arts et Métiers,France,,,,,,,,,,arts et metiers,,0.0,False,Unmatched
U1854,Aswan University,Egypt,,,,,,,,,,aswan university,,0.0,False,Unmatched
U1855,Bahçeşehir University,Turkey,,,,,,,,,,bahcesehir university,,0.0,False,Unmatched
U1856,Bahria University,Pakistan,,,,,,,,,,bahria university,,0.0,False,Unmatched
U1857,University of the Balearic Islands,Spain,,,,,,,,,,university of the balearic islands,,0.0,False,Unmatched
U1858,University of Bergamo,Italy,,,,,,,,,,university of bergamo,,0.0,False,Unmatched
U1859,Université de Bretagne Occidentale,France,,,,,,,,,,universite de bretagne occidentale,,0.0,False,Unmatched
U1860,Bucharest University of Economic Studies,Romania,,,,,,,,,,bucharest university of economic studies,,0.0,False,Unmatched
U1861,University of Camerino (Unicam),Italy,,,,,,,,,,university of camerino,,0.0,False,Unmatched
U1862,Carlos III University of Madrid,Spain,,,,,,,,,,carlos iii university of madrid,,0.0,False,Unmatched
U1863,University of Castilla-La Mancha,Spain,,,,,,,,,,university of castilla la mancha,,0.0,False,Unmatched
U1864,Catholic University of Portugal,Portugal,,,,,,,,,,catholic university of portugal,,0.0,False,Unmatched
U1865,Changsha University of Science and Technology,China,,,,,,,,,,changsha university of science and technology,,0.0,False,Unmatched
U1866,Chapman University,United States,,,,,,,,,,chapman university,,0.0,False,Unmatched
U1867,Institute of Chemical Technology,India,,,,,,,,,,institute of chemical technology,,0.0,False,Unmatched
U1868,Chengdu University,China,,,,,,,,,,chengdu university,,0.0,False,Unmatched
U1869,University of Chile,Chile,,,,,,,,,,university of chile,,0.0,False,Unmatched
U1870,China University of Petroleum (East China),China,,,,,,,,,,china university of petroleum,,0.0,False,Unmatched
U1871,University of Clermont Auvergne,France,,,,,,,,,,university of clermont auvergne,,0.0,False,Unmatched
U1872,University of la Costa,Colombia,,,,,,,,,,university of la costa,,0.0,False,Unmatched
U1873,Covenant University,Nigeria,,,,,,,,,,covenant university,,0.0,False,Unmatched
U1874,Czech University of Life Sciences Prague (CZU),Czech Republic,,,,,,,,,,czech university of life sciences prague,,0.0,False,Unmatched
U1875,Damietta University,Egypt,,,,,,,,,,damietta university,,0.0,False,Unmatched
U1876,Delhi Technological University,India,,,,,,,,,,delhi technological university,,0.0,False,Unmatched
U1877,Federal University of Minas Gerais,Brazil,,,,,,,,,,federal university of minas gerais,,0.0,False,Unmatched
U1878,Universidade Federal de São Paulo (UNIFESP),Brazil,,,,,,,,,,universidade federal de sao paulo,,0.0,False,Unmatched
U1879,Florida Atlantic University,United States,,,,,,,,,,florida atlantic university,,0.0,False,Unmatched
U1880,Florida Institute of Technology,United States,,,,,,,,,,florida institute of technology,,0.0,False,Unmatched
U1881,Fuzhou University,China,,,,,,,,,,fuzhou university,,0.0,False,Unmatched
U1882,University of Girona,Spain,,,,,,,,,,university of girona,,0.0,False,Unmatched
U1883,University of Gloucestershire,United Kingdom,,,,,,,,,,university of gloucestershire,,0.0,False,Unmatched
U1884,Gorgan University of Agricultural Sciences and Natural Resources,Iran,,,,,,,,,,gorgan university of agricultural sciences and natural resources,,0.0,False,Unmatched
U1885,Guangzhou University,China,,,,,,,,,,guangzhou university,,0.0,False,Unmatched
U1886,Guangzhou Medical University,China,,,,,,,,,,guangzhou medical university,,0.0,False,Unmatched
U1887,Guilan University of Medical Sciences,Iran,,,,,,,,,,guilan university of medical sciences,,0.0,False,Unmatched
U1888,Hazara University Mansehra,Pakistan,,,,,,,,,,hazara university mansehra,,0.0,False,Unmatched
U1889,Ilam University of Medical Sciences,Iran,,,,,,,,,,ilam university of medical sciences,,0.0,False,Unmatched
U1890,"Indian Institute of Science Education and Research, Pune",India,,,,,,,,,,indian institute of science education and research pune,,0.0,False,Unmatched
U1891,Indian Institute of Technology Gandhinagar,India,,,,,,,,,,indian institute of technology gandhinagar,,0.0,False,Unmatched
U1892,University of Indonesia,Indonesia,,,,,,,,,,university of indonesia,,0.0,False,Unmatched
U1893,Indraprastha Institute of Information Technology Delhi,India,,,,,,,,,,indraprastha institute of information technology delhi,,0.0,False,Unmatched
U1894,Universitat Internacional de Catalunya,Spain,,,,,,,,,,universitat internacional de catalunya,,0.0,False,Unmatched
U1895,"International Islamic University, Islamabad",Pakistan,,,,,,,,,,international islamic university islamabad,,0.0,False,Unmatched
U1896,Isfahan University of Medical Sciences,Iran,,,,,,,,,,isfahan university of medical sciences,,0.0,False,Unmatched
U1897,Islamia College Peshawar,Pakistan,,,,,,,,,,islamia college peshawar,,0.0,False,Unmatched
U1898,University of Jaén,Spain,,,,,,,,,,university of jaen,,0.0,False,Unmatched
U1899,Jaume I University,Spain,,,,,,,,,,jaume i university,,0.0,False,Unmatched
U1900,Jawaharlal Nehru Technological University Anantapur (JNTUA),India,,,,,,,,,,jawaharlal nehru technological university anantapur,,0.0,False,Unmatched
U1901,Jaypee University of Information Technology,India,,,,,,,,,,jaypee university of information technology,,0.0,False,Unmatched
U1902,Jazan University,Saudi Arabia,,,,,,,,,,jazan university,,0.0,False,Unmatched
U1903,Jordan University of Science and Technology,Jordan,,,,,,,,,,jordan university of science and technology,,0.0,False,Unmatched
U1904,JSS Academy of Higher Education and Research,India,,,,,,,,,,jss academy of higher education and research,,0.0,False,Unmatched
U1905,Kafrelsheikh University,Egypt,,,,,,,,,,kafrelsheikh university,,0.0,False,Unmatched
U1906,Kalasalingam Academy of Research and Education,India,,,,,,,,,,kalasalingam academy of research and education,,0.0,False,Unmatched
U1907,Kaohsiung Medical University,Taiwan,,,,,,,,,,kaohsiung medical university,,0.0,False,Unmatched
U1908,Kazan Federal University,Russian Federation,,,,,,,,,,kazan federal university,,0.0,False,Unmatched
U1909,King Mongkut’s University of Technology Thonburi,Thailand,,,,,,,,,,king mongkut s university of technology thonburi,,0.0,False,Unmatched
U1910,Kingston University,United Kingdom,,,,,,,,,,kingston university,,0.0,False,Unmatched
U1911,K.N. Toosi University of Technology,Iran,,,,,,,,,,k n toosi university of technology,,0.0,False,Unmatched
U1912,Kore University of Enna,Italy,,,,,,,,,,kore university of enna,,0.0,False,Unmatched
U1913,University of Kurdistan,Iran,,,,,,,,,,university of kurdistan,,0.0,False,Unmatched
U1914,Kyoto Prefectural University of Medicine,Japan,,,,,,,,,,kyoto prefectural university of medicine,,0.0,False,Unmatched
U1915,University of Lahore,Pakistan,,,,,,,,,,university of lahore,,0.0,False,Unmatched
U1916,Lahore University of Management Sciences,Pakistan,,,,,,,,,,lahore university of management sciences,,0.0,False,Unmatched
U1917,Lakehead University,Canada,,,,,,,,,,lakehead university,,0.0,False,Unmatched
U1918,Lithuanian University of Health Sciences,Lithuania,,,,,,,,,,lithuanian university of health sciences,,0.0,False,Unmatched
U1919,University of Lleida,Spain,,,,,,,,,,university of lleida,,0.0,False,Unmatched
U1920,Lovely Professional University,India,,,,,,,,,,lovely professional university,,0.0,False,Unmatched
U1921,University of Malakand,Pakistan,,,,,,,,,,university of malakand,,0.0,False,Unmatched
U1922,University of Management and Technology,Pakistan,,,,,,,,,,university of management and technology,,0.0,False,Unmatched
U1923,Medical University of Lodz,Poland,,,,,,,,,,medical university of lodz,,0.0,False,Unmatched
U1924,University of Medicine and Pharmacy Carol Davila,Romania,,,,,,,,,,university of medicine and pharmacy carol davila,,0.0,False,Unmatched
U1925,University of Mohaghegh Ardabili,Iran,,,,,,,,,,university of mohaghegh ardabili,,0.0,False,Unmatched
U1926,Montana State University,United States,,,,,,,,,,montana state university,,0.0,False,Unmatched
U1927,Nanjing University of Information Science and Technology,China,,,,,,,,,,nanjing university of information science and technology,,0.0,False,Unmatched
U1928,Nanjing Medical University,China,,,,,,,,,,nanjing medical university,,0.0,False,Unmatched
U1929,National Autonomous University of Mexico,Mexico,,,,,,,,,,national autonomous university of mexico,,0.0,False,Unmatched
U1930,"National Institute of Technology, Tiruchirappalli",India,,,,,,,,,,national institute of technology tiruchirappalli,,0.0,False,Unmatched
U1931,New Mexico State University (Main campus),United States,,,,,,,,,,new mexico state university,,0.0,False,Unmatched
U1932,North China Electric Power University,China,,,,,,,,,,north china electric power university,,0.0,False,Unmatched
U1933,Northeast Normal University,China,,,,,,,,,,northeast normal university,,0.0,False,Unmatched
U1934,University of Northern British Columbia (UNBC),Canada,,,,,,,,,,university of northern british columbia,,0.0,False,Unmatched
U1935,University of Oviedo,Spain,,,,,,,,,,university of oviedo,,0.0,False,Unmatched
U1936,Ozyegin University,Turkey,,,,,,,,,,ozyegin university,,0.0,False,Unmatched
U1937,Pablo de Olavide University,Spain,,,,,,,,,,pablo de olavide university,,0.0,False,Unmatched
U1938,Panthéon-Sorbonne University – Paris 1,France,,,,,,,,,,pantheon sorbonne university paris 1,,0.0,False,Unmatched
U1939,UPES,India,,,,,,,,,,upes,,0.0,False,Unmatched
U1940,Pontifical Catholic University of Rio de Janeiro (PUC-Rio),Brazil,,,,,,,,,,pontifical catholic university of rio de janeiro,,0.0,False,Unmatched
U1941,Qom University of Medical Sciences,Iran,,,,,,,,,,qom university of medical sciences,,0.0,False,Unmatched
U1942,Reichman University,Israel,,,,,,,,,,reichman university,,0.0,False,Unmatched
U1943,University of Rennes 1,France,,,,,,,,,,university of rennes 1,,0.0,False,Unmatched
U1944,Rochester Institute of Technology,United States,,,,,,,,,,rochester institute of technology,,0.0,False,Unmatched
U1945,University of Roehampton,United Kingdom,,,,,,,,,,university of roehampton,,0.0,False,Unmatched
U1946,University of Seville,Spain,,,,,,,,,,university of seville,,0.0,False,Unmatched
U1947,Shahrekord University of Medical Sciences,Iran,,,,,,,,,,shahrekord university of medical sciences,,0.0,False,Unmatched
U1948,Shantou University,China,,,,,,,,,,shantou university,,0.0,False,Unmatched
U1949,Shiraz University of Medical Sciences,Iran,,,,,,,,,,shiraz university of medical sciences,,0.0,False,Unmatched
U1950,Shri Mata Vaishno Devi University,India,,,,,,,,,,shri mata vaishno devi university,,0.0,False,Unmatched
U1951,Siksha ‘O’ Anusandhan,India,,,,,,,,,,siksha o anusandhan,,0.0,False,Unmatched
U1952,Institute of Space Technology,Pakistan,,,,,,,,,,institute of space technology,,0.0,False,Unmatched
U1953,Technical University of Madrid,Spain,,,,,,,,,,technical university of madrid,,0.0,False,Unmatched
U1954,"University of Technology, Iraq",Iraq,,,,,,,,,,university of technology iraq,,0.0,False,Unmatched
U1955,University of Texas at El Paso,United States,,,,,,,,,,university of texas at el paso,,0.0,False,Unmatched
U1956,Tokyo Medical University,Japan,,,,,,,,,,tokyo medical university,,0.0,False,Unmatched
U1957,Tomsk Polytechnic University,Russian Federation,,,,,,,,,,tomsk polytechnic university,,0.0,False,Unmatched
U1958,University of Tours,France,,,,,,,,,,university of tours,,0.0,False,Unmatched
U1959,University of Trás-os-Montes and Alto Douro,Portugal,,,,,,,,,,university of tras os montes and alto douro,,0.0,False,Unmatched
U1960,University of Tunis El Manar,Tunisia,,,,,,,,,,university of tunis el manar,,0.0,False,Unmatched
U1961,Urmia University,Iran,,,,,,,,,,urmia university,,0.0,False,Unmatched
U1962,"University of Veterinary and Animal Sciences, Lahore",Pakistan,,,,,,,,,,university of veterinary and animal sciences lahore,,0.0,False,Unmatched
U1963,University of Vic – Central University of Catalonia,Spain,,,,,,,,,,university of vic central university of catalonia,,0.0,False,Unmatched
U1964,University of Vigo,Spain,,,,,,,,,,university of vigo,,0.0,False,Unmatched
U1965,Wenzhou University,China,,,,,,,,,,wenzhou university,,0.0,False,Unmatched
U1966,Wenzhou Medical University,China,,,,,,,,,,wenzhou medical university,,0.0,False,Unmatched
U1967,Yıldız Technical University,Turkey,,,,,,,,,,y ld z technical university,,0.0,False,Unmatched
U1968,University of Zaragoza,Spain,,,,,,,,,,university of zaragoza,,0.0,False,Unmatched
U1969,ZHAW Zurich University of Applied Sciences,Switzerland,,,,,,,,,,zhaw zurich university of applied sciences,,0.0,False,Unmatched
U1970,Zhejiang Gongshang University,China,,,,,,,,,,zhejiang gongshang university,,0.0,False,Unmatched
U1971,University of A Coruña,Spain,,,,,,,,,,university of a coruna,,0.0,False,Unmatched
U1972,"Adam Mickiewicz University, Poznań",Poland,,,,,,,,,,adam mickiewicz university poznan,,0.0,False,Unmatched
U1973,AGH University of Krakow,Poland,,,,,,,,,,agh university of krakow,,0.0,False,Unmatched
U1974,Aichi Medical University,Japan,,,,,,,,,,aichi medical university,,0.0,False,Unmatched
U1975,Akdeniz University,Turkey,,,,,,,,,,akdeniz university,,0.0,False,Unmatched
U1976,University of Almería,Spain,,,,,,,,,,university of almeria,,0.0,False,Unmatched
U1977,University of Applied Sciences and Arts of Western Switzerland,Switzerland,,,,,,,,,,university of applied sciences and arts of western switzerland,,0.0,False,Unmatched
U1978,Azarbaijan Shahid Madani University,Iran,,,,,,,,,,azarbaijan shahid madani university,,0.0,False,Unmatched
U1979,Babeş-Bolyai University,Romania,,,,,,,,,,babes bolyai university,,0.0,False,Unmatched
U1980,Bangladesh Agricultural University (BAU),Bangladesh,,,,,,,,,,bangladesh agricultural university,,0.0,False,Unmatched
U1981,Bartin University,Turkey,,,,,,,,,,bartin university,,0.0,False,Unmatched
U1982,University of Bedfordshire,United Kingdom,,,,,,,,,,university of bedfordshire,,0.0,False,Unmatched
U1983,Benha University,Egypt,,,,,,,,,,benha university,,0.0,False,Unmatched
U1984,Beni-Suef University,Egypt,,,,,,,,,,beni suef university,,0.0,False,Unmatched
U1985,Bowling Green State University,United States,,,,,,,,,,bowling green state university,,0.0,False,Unmatched
U1986,University of Cadiz,Spain,,,,,,,,,,university of cadiz,,0.0,False,Unmatched
U1987,China Pharmaceutical University,China,,,,,,,,,,china pharmaceutical university,,0.0,False,Unmatched
U1988,Comenius University in Bratislava,Slovakia,,,,,,,,,,comenius university in bratislava,,0.0,False,Unmatched
U1989,Democritus University of Thrace,Greece,,,,,,,,,,democritus university of thrace,,0.0,False,Unmatched
U1990,Universidad del Desarrollo,Chile,,,,,,,,,,universidad del desarrollo,,0.0,False,Unmatched
U1991,Diego Portales University,Chile,,,,,,,,,,diego portales university,,0.0,False,Unmatched
U1992,Université Djillali Liabès de Sidi Bel-Abbès,Algeria,,,,,,,,,,universite djillali liabes de sidi bel abbes,,0.0,False,Unmatched
U1993,Dr B.R. Ambedkar National Institute of Technology Jalandhar,India,,,,,,,,,,dr b r ambedkar national institute of technology jalandhar,,0.0,False,Unmatched
U1994,Durban University of Technology,South Africa,,,,,,,,,,durban university of technology,,0.0,False,Unmatched
U1995,Edge Hill University,United Kingdom,,,,,,,,,,edge hill university,,0.0,False,Unmatched
U1996,"University of Engineering and Technology, Peshawar",Pakistan,,,,,,,,,,university of engineering and technology peshawar,,0.0,False,Unmatched
U1997,European University of Madrid,Spain,,,,,,,,,,european university of madrid,,0.0,False,Unmatched
U1998,University of Extremadura,Spain,,,,,,,,,,university of extremadura,,0.0,False,Unmatched
U1999,Fayoum University,Egypt,,,,,,,,,,fayoum university,,0.0,False,Unmatched
U2000,Federal University of São Carlos,Brazil,,,,,,,,,,federal university of sao carlos,,0.0,False,Unmatched
U2001,Federal University of Technology Akure,Nigeria,,,,,,,,,,federal university of technology akure,,0.0,False,Unmatched
U2002,Firat University,Turkey,,,,,,,,,,firat university,,0.0,False,Unmatched
U2003,Florida Agricultural and Mechanical University,United States,,,,,,,,,,florida agricultural and mechanical university,,0.0,False,Unmatched
U2004,University of Franche-Comté,France,,,,,,,,,,university of franche comte,,0.0,False,Unmatched
U2005,Fujian Agriculture and Forestry University,China,,,,,,,,,,fujian agriculture and forestry university,,0.0,False,Unmatched
U2006,Fujita Health University,Japan,,,,,,,,,,fujita health university,,0.0,False,Unmatched
U2007,Gauhati University,India,,,,,,,,,,gauhati university,,0.0,False,Unmatched
U2008,Gdańsk University of Technology,Poland,,,,,,,,,,gdansk university of technology,,0.0,False,Unmatched
U2009,GLA University,India,,,,,,,,,,gla university,,0.0,False,Unmatched
U2010,University of Gujrat,Pakistan,,,,,,,,,,university of gujrat,,0.0,False,Unmatched
U2011,Guru Ghasidas Vishwavidyalaya,India,,,,,,,,,,guru ghasidas vishwavidyalaya,,0.0,False,Unmatched
U2012,Hakim Sabzevari University,Iran,,,,,,,,,,hakim sabzevari university,,0.0,False,Unmatched
U2013,Hamamatsu University School of Medicine,Japan,,,,,,,,,,hamamatsu university school of medicine,,0.0,False,Unmatched
U2014,Huaqiao University,China,,,,,,,,,,huaqiao university,,0.0,False,Unmatched
U2015,Icesi University,Colombia,,,,,,,,,,icesi university,,0.0,False,Unmatched
U2016,Ilmenau University of Technology,Germany,,,,,,,,,,ilmenau university of technology,,0.0,False,Unmatched
U2017,IMT Nord Europe,France,,,,,,,,,,imt nord europe,,0.0,False,Unmatched
U2018,Indian Institute of Science Education and Research Kolkata,India,,,,,,,,,,indian institute of science education and research kolkata,,0.0,False,Unmatched
U2019,Indian Institute of Technology Ropar,India,,,,,,,,,,indian institute of technology ropar,,0.0,False,Unmatched
U2020,Indian Institute of Technology Mandi,India,,,,,,,,,,indian institute of technology mandi,,0.0,False,Unmatched
U2021,University of Isfahan,Iran,,,,,,,,,,university of isfahan,,0.0,False,Unmatched
U2022,The Islamia University of Bahawalpur,Pakistan,,,,,,,,,,islamia university of bahawalpur,,0.0,False,Unmatched
U2023,Istanbul University-Cerrahpaşa,Turkey,,,,,,,,,,istanbul university cerrahpasa,,0.0,False,Unmatched
U2024,Iuliu Haţieganu University of Medicine and Pharmacy Cluj-Napoca,Romania,,,,,,,,,,iuliu hatieganu university of medicine and pharmacy cluj napoca,,0.0,False,Unmatched
U2025,University of Jeddah,Saudi Arabia,,,,,,,,,,university of jeddah,,0.0,False,Unmatched
U2026,Jimma University,Ethiopia,,,,,,,,,,jimma university,,0.0,False,Unmatched
U2027,Kansai Medical University,Japan,,,,,,,,,,kansai medical university,,0.0,False,Unmatched
U2028,Karlstad University,Sweden,,,,,,,,,,karlstad university,,0.0,False,Unmatched
U2029,Karnatak University Dharwad,India,,,,,,,,,,karnatak university dharwad,,0.0,False,Unmatched
U2030,Kerman University of Medical Sciences,Iran,,,,,,,,,,kerman university of medical sciences,,0.0,False,Unmatched
U2031,Kindai University,Japan,,,,,,,,,,kindai university,,0.0,False,Unmatched
U2032,Kohat University of Science and Technology,Pakistan,,,,,,,,,,kohat university of science and technology,,0.0,False,Unmatched
U2033,Kurume University,Japan,,,,,,,,,,kurume university,,0.0,False,Unmatched
U2034,University of La Laguna,Spain,,,,,,,,,,university of la laguna,,0.0,False,Unmatched
U2035,University of Las Palmas de Gran Canaria,Spain,,,,,,,,,,university of las palmas de gran canaria,,0.0,False,Unmatched
U2036,University of León,Spain,,,,,,,,,,university of leon,,0.0,False,Unmatched
U2037,Lorestan University,Iran,,,,,,,,,,lorestan university,,0.0,False,Unmatched
U2038,Mae Fah Luang University,Thailand,,,,,,,,,,mae fah luang university,,0.0,False,Unmatched
U2039,Maharishi Markandeshwar University (MMU),India,,,,,,,,,,maharishi markandeshwar university,,0.0,False,Unmatched
U2040,University of Malaga,Spain,,,,,,,,,,university of malaga,,0.0,False,Unmatched
U2041,University of Maragheh,Iran,,,,,,,,,,university of maragheh,,0.0,False,Unmatched
U2042,University of Mazandaran,Iran,,,,,,,,,,university of mazandaran,,0.0,False,Unmatched
U2043,Medical University of Bialystok,Poland,,,,,,,,,,medical university of bialystok,,0.0,False,Unmatched
U2044,Medical University of Gdańsk,Poland,,,,,,,,,,medical university of gdansk,,0.0,False,Unmatched
U2045,Medical University of Warsaw,Poland,,,,,,,,,,medical university of warsaw,,0.0,False,Unmatched
U2046,"Mehran University of Engineering and Technology, Jamshoro, Pakistan",Pakistan,,,,,,,,,,mehran university of engineering and technology jamshoro pakistan,,0.0,False,Unmatched
U2047,Miguel Hernández University of Elche,Spain,,,,,,,,,,miguel hernandez university of elche,,0.0,False,Unmatched
U2048,Ming Chi University of Technology,Taiwan,,,,,,,,,,ming chi university of technology,,0.0,False,Unmatched
U2049,Minia University,Egypt,,,,,,,,,,minia university,,0.0,False,Unmatched
U2050,Mirpur University of Science and Technology,Pakistan,,,,,,,,,,mirpur university of science and technology,,0.0,False,Unmatched
U2051,Montanuniversität Leoben,Austria,,,,,,,,,,montanuniversitat leoben,,0.0,False,Unmatched
U2052,Muhimbili University of Health and Allied Sciences,Tanzania,,,,,,,,,,muhimbili university of health and allied sciences,,0.0,False,Unmatched
U2053,Nagoya City University,Japan,,,,,,,,,,nagoya city university,,0.0,False,Unmatched
U2054,Najran University,Saudi Arabia,,,,,,,,,,najran university,,0.0,False,Unmatched
U2055,National University of Computer and Emerging Sciences,Pakistan,,,,,,,,,,national university of computer and emerging sciences,,0.0,False,Unmatched
U2056,National Institute of Technology Warangal,India,,,,,,,,,,national institute of technology warangal,,0.0,False,Unmatched
U2057,Necmettin Erbakan University,Turkey,,,,,,,,,,necmettin erbakan university,,0.0,False,Unmatched
U2058,Nicolaus Copernicus University in Toruń,Poland,,,,,,,,,,nicolaus copernicus university in torun,,0.0,False,Unmatched
U2059,Nile University,Egypt,,,,,,,,,,nile university,,0.0,False,Unmatched
U2060,Nippon Medical School,Japan,,,,,,,,,,nippon medical school,,0.0,False,Unmatched
U2061,Northwest University,China,,,,,,,,,,northwest university,,0.0,False,Unmatched
U2062,Oakland University,United States,,,,,,,,,,oakland university,,0.0,False,Unmatched
U2063,"University of Occupational and Environmental Health, Japan",Japan,,,,,,,,,,university of occupational and environmental health japan,,0.0,False,Unmatched
U2064,University of Pécs,Hungary,,,,,,,,,,university of pecs,,0.0,False,Unmatched
U2065,Universidad Peruana Cayetano Heredia,Peru,,,,,,,,,,universidad peruana cayetano heredia,,0.0,False,Unmatched
U2066,PMAS Arid Agriculture University Rawalpindi,Pakistan,,,,,,,,,,pmas arid agriculture university rawalpindi,,0.0,False,Unmatched
U2067,Pontifical Catholic University of Rio Grande do Sul (PUCRS),Brazil,,,,,,,,,,pontifical catholic university of rio grande do sul,,0.0,False,Unmatched
U2068,Poznan University of Medical Sciences,Poland,,,,,,,,,,poznan university of medical sciences,,0.0,False,Unmatched
U2069,Public University of Navarre,Spain,,,,,,,,,,public university of navarre,,0.0,False,Unmatched
U2070,University of Rajshahi,Bangladesh,,,,,,,,,,university of rajshahi,,0.0,False,Unmatched
U2071,Razi University,Iran,,,,,,,,,,razi university,,0.0,False,Unmatched
U2072,Riphah International University,Pakistan,,,,,,,,,,riphah international university,,0.0,False,Unmatched
U2073,Rowan University,United States,,,,,,,,,,rowan university,,0.0,False,Unmatched
U2074,Sahand University of Technology,Iran,,,,,,,,,,sahand university of technology,,0.0,False,Unmatched
U2075,Universidad San Francisco de Quito,Ecuador,,,,,,,,,,universidad san francisco de quito,,0.0,False,Unmatched
U2076,University of Sargodha,Pakistan,,,,,,,,,,university of sargodha,,0.0,False,Unmatched
U2077,Semnan University,Iran,,,,,,,,,,semnan university,,0.0,False,Unmatched
U2078,University of Sfax,Tunisia,,,,,,,,,,university of sfax,,0.0,False,Unmatched
U2079,​Shahid Chamran University of Ahvaz,Iran,,,,,,,,,,shahid chamran university of ahvaz,,0.0,False,Unmatched
U2080,Shahrekord University,Iran,,,,,,,,,,shahrekord university,,0.0,False,Unmatched
U2081,Shahrood University of Technology,Iran,,,,,,,,,,shahrood university of technology,,0.0,False,Unmatched
U2082,Shanghai Maritime University,China,,,,,,,,,,shanghai maritime university,,0.0,False,Unmatched
U2083,Siberian Federal University,Russian Federation,,,,,,,,,,siberian federal university,,0.0,False,Unmatched
U2084,Sidi Mohamed Ben Abdellah University,Morocco,,,,,,,,,,sidi mohamed ben abdellah university,,0.0,False,Unmatched
U2085,University of Social Welfare and Rehabilitation Sciences,Iran,,,,,,,,,,university of social welfare and rehabilitation sciences,,0.0,False,Unmatched
U2086,University of South Bohemia in České Budějovice,Czech Republic,,,,,,,,,,university of south bohemia in ceske budejovice,,0.0,False,Unmatched
U2087,University of South Dakota,United States,,,,,,,,,,university of south dakota,,0.0,False,Unmatched
U2088,University of the South Pacific,Fiji,,,,,,,,,,university of the south pacific,,0.0,False,Unmatched
U2089,University of South Wales,United Kingdom,,,,,,,,,,university of south wales,,0.0,False,Unmatched
U2090,Staffordshire University,United Kingdom,,,,,,,,,,staffordshire university,,0.0,False,Unmatched
U2091,Suez University,Egypt,,,,,,,,,,suez university,,0.0,False,Unmatched
U2092,SWPS University,Poland,,,,,,,,,,swps university,,0.0,False,Unmatched
U2093,Symbiosis International University,India,,,,,,,,,,symbiosis international university,,0.0,False,Unmatched
U2094,Technical University of Cartagena,Spain,,,,,,,,,,technical university of cartagena,,0.0,False,Unmatched
U2095,University of Technology of Troyes,France,,,,,,,,,,university of technology of troyes,,0.0,False,Unmatched
U2096,Teesside University,United Kingdom,,,,,,,,,,teesside university,,0.0,False,Unmatched
U2097,Texas State University,United States,,,,,,,,,,texas state university,,0.0,False,Unmatched
U2098,TOBB University of Economics and Technology,Turkey,,,,,,,,,,tobb university of economics and technology,,0.0,False,Unmatched
U2099,Toyohashi University of Technology (TUT),Japan,,,,,,,,,,toyohashi university of technology,,0.0,False,Unmatched
U2100,Toyota Technological Institute,Japan,,,,,,,,,,toyota technological institute,,0.0,False,Unmatched
U2101,Ural Federal University,Russian Federation,,,,,,,,,,ural federal university,,0.0,False,Unmatched
U2102,University of Urbino Carlo Bo,Italy,,,,,,,,,,university of urbino carlo bo,,0.0,False,Unmatched
U2103,Urmia University of Technology,Iran,,,,,,,,,,urmia university of technology,,0.0,False,Unmatched
U2104,USAMV Cluj-Napoca,Romania,,,,,,,,,,usamv cluj napoca,,0.0,False,Unmatched
U2105,Wakayama Medical University,Japan,,,,,,,,,,wakayama medical university,,0.0,False,Unmatched
U2106,The University of the West Indies,Jamaica,,,,,,,,,,university of the west indies,,0.0,False,Unmatched
U2107,University of West London,United Kingdom,,,,,,,,,,university of west london,,0.0,False,Unmatched
U2108,University of Winchester,United Kingdom,,,,,,,,,,university of winchester,,0.0,False,Unmatched
U2109,University of Wrocław,Poland,,,,,,,,,,university of wroc aw,,0.0,False,Unmatched
U2110,Yazd University,Iran,,,,,,,,,,yazd university,,0.0,False,Unmatched
U2111,Zewail City of Science and Technology,Egypt,,,,,,,,,,zewail city of science and technology,,0.0,False,Unmatched
U2112,Zhejiang University of Finance and Economics,China,,,,,,,,,,zhejiang university of finance and economics,,0.0,False,Unmatched
U2113,University of Žilina,Slovakia,,,,,,,,,,university of zilina,,0.0,False,Unmatched
U2114,Acharya Nagarjuna University,India,,,,,,,,,,acharya nagarjuna university,,0.0,False,Unmatched
U2115,Adolfo Ibáñez University,Chile,,,,,,,,,,adolfo ibanez university,,0.0,False,Unmatched
U2116,"The University of Agriculture, Peshawar",Pakistan,,,,,,,,,,university of agriculture peshawar,,0.0,False,Unmatched
U2117,Universitas Airlangga,Indonesia,,,,,,,,,,universitas airlangga,,0.0,False,Unmatched
U2118,Allameh Tabataba ’i University,Iran,,,,,,,,,,allameh tabataba i university,,0.0,False,Unmatched
U2119,Al-Nahrain University,Iraq,,,,,,,,,,al nahrain university,,0.0,False,Unmatched
U2120,University of Al-Qadisiyah,Iraq,,,,,,,,,,university of al qadisiyah,,0.0,False,Unmatched
U2121,"University of the Andes, Chile",Chile,,,,,,,,,,university of the andes chile,,0.0,False,Unmatched
U2122,University of Antofagasta,Chile,,,,,,,,,,university of antofagasta,,0.0,False,Unmatched
U2123,University of Antioquia,Colombia,,,,,,,,,,university of antioquia,,0.0,False,Unmatched
U2124,Ariel University,Israel,,,,,,,,,,ariel university,,0.0,False,Unmatched
U2125,Atatürk University,Turkey,,,,,,,,,,ataturk university,,0.0,False,Unmatched
U2126,Atılım University,Turkey,,,,,,,,,,at l m university,,0.0,False,Unmatched
U2127,Austral University of Chile,Chile,,,,,,,,,,austral university of chile,,0.0,False,Unmatched
U2128,Autonomous University of Sinaloa,Mexico,,,,,,,,,,autonomous university of sinaloa,,0.0,False,Unmatched
U2129,Banasthali University,India,,,,,,,,,,banasthali university,,0.0,False,Unmatched
U2130,Bayero University,Nigeria,,,,,,,,,,bayero university,,0.0,False,Unmatched
U2131,Bezmiâlem Vakif University,Turkey,,,,,,,,,,bezmialem vakif university,,0.0,False,Unmatched
U2132,BINUS University,Indonesia,,,,,,,,,,binus university,,0.0,False,Unmatched
U2133,University of Botswana,Botswana,,,,,,,,,,university of botswana,,0.0,False,Unmatched
U2134,Botswana International University of Science and Technology (BIUST),Botswana,,,,,,,,,,botswana international university of science and technology,,0.0,False,Unmatched
U2135,Instituto Politécnico de Bragança,Portugal,,,,,,,,,,instituto politecnico de braganca,,0.0,False,Unmatched
U2136,University of Brasília,Brazil,,,,,,,,,,university of brasilia,,0.0,False,Unmatched
U2137,The British University in Egypt,Egypt,,,,,,,,,,british university in egypt,,0.0,False,Unmatched
U2138,B. S. Abdur Rahman Crescent Institute of Science and Technology,India,,,,,,,,,,b s abdur rahman crescent institute of science and technology,,0.0,False,Unmatched
U2139,Bu-Ali Sina University,Iran,,,,,,,,,,bu ali sina university,,0.0,False,Unmatched
U2140,University of Burgos,Spain,,,,,,,,,,university of burgos,,0.0,False,Unmatched
U2141,Cardiff Metropolitan University,United Kingdom,,,,,,,,,,cardiff metropolitan university,,0.0,False,Unmatched
U2142,University of Carthage,Tunisia,,,,,,,,,,university of carthage,,0.0,False,Unmatched
U2143,Universidad Católica San Antonio de Murcia (UCAM),Spain,,,,,,,,,,universidad catolica san antonio de murcia,,0.0,False,Unmatched
U2144,Chang Gung University of Science and Technology,Taiwan,,,,,,,,,,chang gung university of science and technology,,0.0,False,Unmatched
U2145,University of Chester,United Kingdom,,,,,,,,,,university of chester,,0.0,False,Unmatched
U2146,Chosun University,South Korea,,,,,,,,,,chosun university,,0.0,False,Unmatched
U2147,Christ University,India,,,,,,,,,,christ university,,0.0,False,Unmatched
U2148,Chung Shan Medical University,Taiwan,,,,,,,,,,chung shan medical university,,0.0,False,Unmatched
U2149,Cochin University of Science and Technology,India,,,,,,,,,,cochin university of science and technology,,0.0,False,Unmatched
U2150,University of Concepción,Chile,,,,,,,,,,university of concepcion,,0.0,False,Unmatched
U2151,University of Costa Rica,Costa Rica,,,,,,,,,,university of costa rica,,0.0,False,Unmatched
U2152,Del Rosario University,Colombia,,,,,,,,,,del rosario university,,0.0,False,Unmatched
U2153,University of Diyala,Iraq,,,,,,,,,,university of diyala,,0.0,False,Unmatched
U2154,Dokuz Eylül University,Turkey,,,,,,,,,,dokuz eylul university,,0.0,False,Unmatched
U2155,Dow University of Health Sciences,Pakistan,,,,,,,,,,dow university of health sciences,,0.0,False,Unmatched
U2156,Duzce University,Turkey,,,,,,,,,,duzce university,,0.0,False,Unmatched
U2157,Universidade Eduardo Mondlane,Mozambique,,,,,,,,,,universidade eduardo mondlane,,0.0,False,Unmatched
U2158,"University of Education, Lahore",Pakistan,,,,,,,,,,university of education lahore,,0.0,False,Unmatched
U2159,Ehime University,Japan,,,,,,,,,,ehime university,,0.0,False,Unmatched
U2160,The University of Electro-Communications,Japan,,,,,,,,,,university of electro communications,,0.0,False,Unmatched
U2161,Erciyes University,Turkey,,,,,,,,,,erciyes university,,0.0,False,Unmatched
U2162,Escuela Superior Politécnica del Litoral,Ecuador,,,,,,,,,,escuela superior politecnica del litoral,,0.0,False,Unmatched
U2163,Universidade Federal do ABC (UFABC),Brazil,,,,,,,,,,universidade federal do abc,,0.0,False,Unmatched
U2164,Federal University of Espírito Santo,Brazil,,,,,,,,,,federal university of espirito santo,,0.0,False,Unmatched
U2165,Federal University of Goiás,Brazil,,,,,,,,,,federal university of goias,,0.0,False,Unmatched
U2166,Federal University of Lavras,Brazil,,,,,,,,,,federal university of lavras,,0.0,False,Unmatched
U2167,Universidade Federal do Paraná (UFPR),Brazil,,,,,,,,,,universidade federal do parana,,0.0,False,Unmatched
U2168,Federal University of Pernambuco,Brazil,,,,,,,,,,federal university of pernambuco,,0.0,False,Unmatched
U2169,Federal University of Rio Grande do Norte (UFRN),Brazil,,,,,,,,,,federal university of rio grande do norte,,0.0,False,Unmatched
U2170,Federal University of Santa Maria,Brazil,,,,,,,,,,federal university of santa maria,,0.0,False,Unmatched
U2171,Federal University of Uberlândia,Brazil,,,,,,,,,,federal university of uberlandia,,0.0,False,Unmatched
U2172,Federal University of Viçosa,Brazil,,,,,,,,,,federal university of vicosa,,0.0,False,Unmatched
U2173,Federico Santa María Technical University,Chile,,,,,,,,,,federico santa maria technical university,,0.0,False,Unmatched
U2174,Ferhat Abbas Sétif University 1,Algeria,,,,,,,,,,ferhat abbas setif university 1,,0.0,False,Unmatched
U2175,University of La Frontera,Chile,,,,,,,,,,university of la frontera,,0.0,False,Unmatched
U2176,Universitas Gadjah Mada,Indonesia,,,,,,,,,,universitas gadjah mada,,0.0,False,Unmatched
U2177,Gazi University,Turkey,,,,,,,,,,gazi university,,0.0,False,Unmatched
U2178,University of Gdańsk,Poland,,,,,,,,,,university of gdansk,,0.0,False,Unmatched
U2179,Gebze Technical University,Turkey,,,,,,,,,,gebze technical university,,0.0,False,Unmatched
U2180,"George Emil Palade University of Medicine, Pharmacy, Science, and Technology of Targu Mures",Romania,,,,,,,,,,george emil palade university of medicine pharmacy science and technology of targu mures,,0.0,False,Unmatched
U2181,Georgia Southern University,United States,,,,,,,,,,georgia southern university,,0.0,False,Unmatched
U2182,Government College University Lahore,Pakistan,,,,,,,,,,government college university lahore,,0.0,False,Unmatched
U2183,University of Guilan,Iran,,,,,,,,,,university of guilan,,0.0,False,Unmatched
U2184,Guru Jambheshwar University of Science and Technology,India,,,,,,,,,,guru jambheshwar university of science and technology,,0.0,False,Unmatched
U2185,Gyeongsang National University,South Korea,,,,,,,,,,gyeongsang national university,,0.0,False,Unmatched
U2186,Halmstad University,Sweden,,,,,,,,,,halmstad university,,0.0,False,Unmatched
U2187,Université Hassan II de Casablanca,Morocco,,,,,,,,,,universite hassan ii de casablanca,,0.0,False,Unmatched
U2188,Université Polytechnique Hauts-de-France,France,,,,,,,,,,universite polytechnique hauts de france,,0.0,False,Unmatched
U2189,University of Hormozgan,Iran,,,,,,,,,,university of hormozgan,,0.0,False,Unmatched
U2190,University of Hradec Králové,Czech Republic,,,,,,,,,,university of hradec kralove,,0.0,False,Unmatched
U2191,Hyogo Medical University,Japan,,,,,,,,,,hyogo medical university,,0.0,False,Unmatched
U2192,Ibn Tofaïl University,Morocco,,,,,,,,,,ibn tofail university,,0.0,False,Unmatched
U2193,Ilam University,Iran,,,,,,,,,,ilam university,,0.0,False,Unmatched
U2194,Ilia State University,Georgia,,,,,,,,,,ilia state university,,0.0,False,Unmatched
U2195,University of Ilorin,Nigeria,,,,,,,,,,university of ilorin,,0.0,False,Unmatched
U2196,Incheon National University,South Korea,,,,,,,,,,incheon national university,,0.0,False,Unmatched
U2197,Indian Institute of Science Education and Research Bhopal,India,,,,,,,,,,indian institute of science education and research bhopal,,0.0,False,Unmatched
U2198,IPB University,Indonesia,,,,,,,,,,ipb university,,0.0,False,Unmatched
U2199,I-Shou University,Taiwan,,,,,,,,,,i shou university,,0.0,False,Unmatched
U2200,Istanbul Bilgi University,Turkey,,,,,,,,,,istanbul bilgi university,,0.0,False,Unmatched
U2201,Istanbul Medeniyet University,Turkey,,,,,,,,,,istanbul medeniyet university,,0.0,False,Unmatched
U2202,Izmir Institute of Technology,Turkey,,,,,,,,,,izmir institute of technology,,0.0,False,Unmatched
U2203,Jiangsu Normal University,China,,,,,,,,,,jiangsu normal university,,0.0,False,Unmatched
U2204,The Jikei University School of Medicine,Japan,,,,,,,,,,jikei university school of medicine,,0.0,False,Unmatched
U2205,The John Paul II Catholic University of Lublin,Poland,,,,,,,,,,john paul ii catholic university of lublin,,0.0,False,Unmatched
U2206,Kagawa University,Japan,,,,,,,,,,kagawa university,,0.0,False,Unmatched
U2207,Karabük University,Turkey,,,,,,,,,,karabuk university,,0.0,False,Unmatched
U2208,Karunya Institute of Technology and Sciences,India,,,,,,,,,,karunya institute of technology and sciences,,0.0,False,Unmatched
U2209,Kharazmi University,Iran,,,,,,,,,,kharazmi university,,0.0,False,Unmatched
U2210,Kharkiv Aviation Institute,Ukraine,,,,,,,,,,kharkiv aviation institute,,0.0,False,Unmatched
U2211,Kitasato University,Japan,,,,,,,,,,kitasato university,,0.0,False,Unmatched
U2212,KL University,India,,,,,,,,,,kl university,,0.0,False,Unmatched
U2213,Kyushu Institute of Technology (Kyutech),Japan,,,,,,,,,,kyushu institute of technology,,0.0,False,Unmatched
U2214,University of Lethbridge,Canada,,,,,,,,,,university of lethbridge,,0.0,False,Unmatched
U2215,Universidad Loyola,Spain,,,,,,,,,,universidad loyola,,0.0,False,Unmatched
U2216,"Lumière University, Lyon 2",France,,,,,,,,,,lumiere university lyon 2,,0.0,False,Unmatched
U2217,Universidade Lusófona,Portugal,,,,,,,,,,universidade lusofona,,0.0,False,Unmatched
U2218,Manipal University Jaipur,India,,,,,,,,,,manipal university jaipur,,0.0,False,Unmatched
U2219,University of Manouba,Tunisia,,,,,,,,,,university of manouba,,0.0,False,Unmatched
U2220,University of Marrakech Cadi Ayyad,Morocco,,,,,,,,,,university of marrakech cadi ayyad,,0.0,False,Unmatched
U2221,University of Mauritius,Mauritius,,,,,,,,,,university of mauritius,,0.0,False,Unmatched
U2222,Medical University of Lublin,Poland,,,,,,,,,,medical university of lublin,,0.0,False,Unmatched
U2223,Medical University of Silesia in Katowice,Poland,,,,,,,,,,medical university of silesia in katowice,,0.0,False,Unmatched
U2224,Medical University of Sofia,Bulgaria,,,,,,,,,,medical university of sofia,,0.0,False,Unmatched
U2225,University of Medicine and Pharmacy of Craiova,Romania,,,,,,,,,,university of medicine and pharmacy of craiova,,0.0,False,Unmatched
U2226,Metropolitan Autonomous University,Mexico,,,,,,,,,,metropolitan autonomous university,,0.0,False,Unmatched
U2227,Mie University,Japan,,,,,,,,,,mie university,,0.0,False,Unmatched
U2228,Mohammed V University of Rabat,Morocco,,,,,,,,,,mohammed v university of rabat,,0.0,False,Unmatched
U2229,University of Monastir,Tunisia,,,,,,,,,,university of monastir,,0.0,False,Unmatched
U2230,Morgan State University,United States,,,,,,,,,,morgan state university,,0.0,False,Unmatched
U2231,Moscow Aviation Institute,Russian Federation,,,,,,,,,,moscow aviation institute,,0.0,False,Unmatched
U2232,Moscow Power Engineering Institute,Russian Federation,,,,,,,,,,moscow power engineering institute,,0.0,False,Unmatched
U2233,Multimedia University,Malaysia,,,,,,,,,,multimedia university,,0.0,False,Unmatched
U2234,Nagaoka University of Technology,Japan,,,,,,,,,,nagaoka university of technology,,0.0,False,Unmatched
U2235,Nagoya Institute of Technology,Japan,,,,,,,,,,nagoya institute of technology,,0.0,False,Unmatched
U2236,University of Namibia,Namibia,,,,,,,,,,university of namibia,,0.0,False,Unmatched
U2237,National Changhua University of Education,Taiwan,,,,,,,,,,national changhua university of education,,0.0,False,Unmatched
U2238,National Chin-Yi University of Technology,Taiwan,,,,,,,,,,national chin yi university of technology,,0.0,False,Unmatched
U2239,National University of Colombia,Colombia,,,,,,,,,,national university of colombia,,0.0,False,Unmatched
U2240,National University of Distance Education (UNED),Spain,,,,,,,,,,national university of distance education,,0.0,False,Unmatched
U2241,National Institute of Technology Srinagar,India,,,,,,,,,,national institute of technology srinagar,,0.0,False,Unmatched
U2242,National Kaohsiung University of Science and Technology,Taiwan,,,,,,,,,,national kaohsiung university of science and technology,,0.0,False,Unmatched
U2243,National Research University of Electronic Technology (MIET),Russian Federation,,,,,,,,,,national research university of electronic technology,,0.0,False,Unmatched
U2244,National Technical University Kharkiv Polytechnic Institute,Ukraine,,,,,,,,,,national technical university kharkiv polytechnic institute,,0.0,False,Unmatched
U2245,National Technical University of Ukraine – Igor Sikorsky Kyiv Polytechnic Institute,Ukraine,,,,,,,,,,national technical university of ukraine igor sikorsky kyiv polytechnic institute,,0.0,False,Unmatched
U2246,University of Nigeria Nsukka,Nigeria,,,,,,,,,,university of nigeria nsukka,,0.0,False,Unmatched
U2247,Ochanomizu University,Japan,,,,,,,,,,ochanomizu university,,0.0,False,Unmatched
U2248,Oles Honchar Dnipro National University,Ukraine,,,,,,,,,,oles honchar dnipro national university,,0.0,False,Unmatched
U2249,Opole University of Technology,Poland,,,,,,,,,,opole university of technology,,0.0,False,Unmatched
U2250,Paris Nanterre University,France,,,,,,,,,,paris nanterre university,,0.0,False,Unmatched
U2251,University of Pau and Pays de l’Adour,France,,,,,,,,,,university of pau and pays de l adour,,0.0,False,Unmatched
U2252,Pavol Jozef Šafárik University in Košice,Slovakia,,,,,,,,,,pavol jozef safarik university in kosice,,0.0,False,Unmatched
U2253,Persian Gulf University,Iran,,,,,,,,,,persian gulf university,,0.0,False,Unmatched
U2254,Pirogov Russian National Research Medical University,Russian Federation,,,,,,,,,,pirogov russian national research medical university,,0.0,False,Unmatched
U2255,Polytechnic Institute of Porto,Portugal,,,,,,,,,,polytechnic institute of porto,,0.0,False,Unmatched
U2256,Pontifical Catholic University of Peru,Peru,,,,,,,,,,pontifical catholic university of peru,,0.0,False,Unmatched
U2257,Pontifical Catholic University of Valparaíso,Chile,,,,,,,,,,pontifical catholic university of valparaiso,,0.0,False,Unmatched
U2258,Pontifical Javeriana University,Colombia,,,,,,,,,,pontifical javeriana university,,0.0,False,Unmatched
U2259,Port Said University,Egypt,,,,,,,,,,port said university,,0.0,False,Unmatched
U2260,Poznań University of Life Sciences,Poland,,,,,,,,,,poznan university of life sciences,,0.0,False,Unmatched
U2261,University of Puerto Rico,Puerto Rico,,,,,,,,,,university of puerto rico,,0.0,False,Unmatched
U2262,University of Qom,Iran,,,,,,,,,,university of qom,,0.0,False,Unmatched
U2263,University Rey Juan Carlos,Spain,,,,,,,,,,university rey juan carlos,,0.0,False,Unmatched
U2264,Université Saint-Joseph de Beyrouth,Lebanon,,,,,,,,,,universite saint joseph de beyrouth,,0.0,False,Unmatched
U2265,Saitama Medical University,Japan,,,,,,,,,,saitama medical university,,0.0,False,Unmatched
U2266,Sapporo Medical University,Japan,,,,,,,,,,sapporo medical university,,0.0,False,Unmatched
U2267,SASTRA University,India,,,,,,,,,,sastra university,,0.0,False,Unmatched
U2268,Sathyabama Institute of Science and Technology,India,,,,,,,,,,sathyabama institute of science and technology,,0.0,False,Unmatched
U2269,Selçuk University,Turkey,,,,,,,,,,selcuk university,,0.0,False,Unmatched
U2270,Semnan University of Medical Sciences and Health Services,Iran,,,,,,,,,,semnan university of medical sciences and health services,,0.0,False,Unmatched
U2271,Seoul National University of Science and Technology (SeoulTech),South Korea,,,,,,,,,,seoul national university of science and technology,,0.0,False,Unmatched
U2272,University of La Serena,Chile,,,,,,,,,,university of la serena,,0.0,False,Unmatched
U2273,Shahid Bahonar University of Kerman,Iran,,,,,,,,,,shahid bahonar university of kerman,,0.0,False,Unmatched
U2274,Shahid Sadoughi University of Medical Sciences,Iran,,,,,,,,,,shahid sadoughi university of medical sciences,,0.0,False,Unmatched
U2275,University of Shanghai for Science and Technology,China,,,,,,,,,,university of shanghai for science and technology,,0.0,False,Unmatched
U2276,Shiga University of Medical Science,Japan,,,,,,,,,,shiga university of medical science,,0.0,False,Unmatched
U2277,Showa University,Japan,,,,,,,,,,showa university,,0.0,False,Unmatched
U2278,Université de Skikda,Algeria,,,,,,,,,,universite de skikda,,0.0,False,Unmatched
U2279,Sohag University,Egypt,,,,,,,,,,sohag university,,0.0,False,Unmatched
U2280,Université Sorbonne Nouvelle,France,,,,,,,,,,universite sorbonne nouvelle,,0.0,False,Unmatched
U2281,University of Sousse,Tunisia,,,,,,,,,,university of sousse,,0.0,False,Unmatched
U2282,University of South China,China,,,,,,,,,,university of south china,,0.0,False,Unmatched
U2283,South Valley University,Egypt,,,,,,,,,,south valley university,,0.0,False,Unmatched
U2284,Southwest Petroleum University,China,,,,,,,,,,southwest petroleum university,,0.0,False,Unmatched
U2285,Sri Venkateswara University,India,,,,,,,,,,sri venkateswara university,,0.0,False,Unmatched
U2286,Ştefan cel Mare University of Suceava,Romania,,,,,,,,,,stefan cel mare university of suceava,,0.0,False,Unmatched
U2287,St Marianna University School of Medicine,Japan,,,,,,,,,,st marianna university school of medicine,,0.0,False,Unmatched
U2288,St Petersburg Electrotechnical University (LETI),Russian Federation,,,,,,,,,,st petersburg electrotechnical university,,0.0,False,Unmatched
U2289,Universiti Sultan Zainal Abidin,Malaysia,,,,,,,,,,universiti sultan zainal abidin,,0.0,False,Unmatched
U2290,University of Sunderland,United Kingdom,,,,,,,,,,university of sunderland,,0.0,False,Unmatched
U2291,Universitas Syiah Kuala,Indonesia,,,,,,,,,,universitas syiah kuala,,0.0,False,Unmatched
U2292,University of Talca,Chile,,,,,,,,,,university of talca,,0.0,False,Unmatched
U2293,University of Tarapacá,Chile,,,,,,,,,,university of tarapaca,,0.0,False,Unmatched
U2294,Technical University of Crete,Greece,,,,,,,,,,technical university of crete,,0.0,False,Unmatched
U2295,Technical University of Košice,Slovakia,,,,,,,,,,technical university of kosice,,0.0,False,Unmatched
U2296,University of Technology of Compiègne,France,,,,,,,,,,university of technology of compiegne,,0.0,False,Unmatched
U2297,Institut Teknologi Sepuluh Nopember,Indonesia,,,,,,,,,,institut teknologi sepuluh nopember,,0.0,False,Unmatched
U2298,University of Texas Rio Grande Valley,United States,,,,,,,,,,university of texas rio grande valley,,0.0,False,Unmatched
U2299,Tezpur University,India,,,,,,,,,,tezpur university,,0.0,False,Unmatched
U2300,Thiagarajar College of Engineering,India,,,,,,,,,,thiagarajar college of engineering,,0.0,False,Unmatched
U2301,Toho University,Japan,,,,,,,,,,toho university,,0.0,False,Unmatched
U2302,Tokyo University of Marine Science and Technology,Japan,,,,,,,,,,tokyo university of marine science and technology,,0.0,False,Unmatched
U2303,Tomas Bata University in Zlín,Czech Republic,,,,,,,,,,tomas bata university in zlin,,0.0,False,Unmatched
U2304,University of Toyama,Japan,,,,,,,,,,university of toyama,,0.0,False,Unmatched
U2305,Transilvania University of Brașov,Romania,,,,,,,,,,transilvania university of brasov,,0.0,False,Unmatched
U2306,Tribhuvan University,Nepal,,,,,,,,,,tribhuvan university,,0.0,False,Unmatched
U2307,University of Tunis,Tunisia,,,,,,,,,,university of tunis,,0.0,False,Unmatched
U2308,Tzu Chi University,Taiwan,,,,,,,,,,tzu chi university,,0.0,False,Unmatched
U2309,UNIR – International University of La Rioja,Spain,,,,,,,,,,unir international university of la rioja,,0.0,False,Unmatched
U2310,Unisinos University,Brazil,,,,,,,,,,unisinos university,,0.0,False,Unmatched
U2311,Universiti Tun Hussein Onn Malaysia (UTHM),Malaysia,,,,,,,,,,universiti tun hussein onn malaysia,,0.0,False,Unmatched
U2312,University of Valladolid,Spain,,,,,,,,,,university of valladolid,,0.0,False,Unmatched
U2313,Veltech University,India,,,,,,,,,,veltech university,,0.0,False,Unmatched
U2314,University of Venda,South Africa,,,,,,,,,,university of venda,,0.0,False,Unmatched
U2315,Vilnius Gediminas Technical University (Vilnius Tech),Lithuania,,,,,,,,,,vilnius gediminas technical university,,0.0,False,Unmatched
U2316,"Visvesvaraya National Institute of Technology, Nagpur",India,,,,,,,,,,visvesvaraya national institute of technology nagpur,,0.0,False,Unmatched
U2317,V.N. Karazin Kharkiv National University,Ukraine,,,,,,,,,,v n karazin kharkiv national university,,0.0,False,Unmatched
U2318,Volgograd State University,Russian Federation,,,,,,,,,,volgograd state university,,0.0,False,Unmatched
U2319,Walailak University,Thailand,,,,,,,,,,walailak university,,0.0,False,Unmatched
U2320,Warsaw University of Life Sciences – SGGW,Poland,,,,,,,,,,warsaw university of life sciences sggw,,0.0,False,Unmatched
U2321,University of Western Macedonia,Greece,,,,,,,,,,university of western macedonia,,0.0,False,Unmatched
U2322,West University of Timişoara,Romania,,,,,,,,,,west university of timisoara,,0.0,False,Unmatched
U2323,Wrocław University of Environmental and Life Sciences,Poland,,,,,,,,,,wroc aw university of environmental and life sciences,,0.0,False,Unmatched
U2324,Wrocław University of Science and Technology,Poland,,,,,,,,,,wroc aw university of science and technology,,0.0,False,Unmatched
U2325,Wuhan Textile University,China,,,,,,,,,,wuhan textile university,,0.0,False,Unmatched
U2326,Xiangtan University,China,,,,,,,,,,xiangtan university,,0.0,False,Unmatched
U2327,Xuzhou Medical University,China,,,,,,,,,,xuzhou medical university,,0.0,False,Unmatched
U2328,Yamagata University,Japan,,,,,,,,,,yamagata university,,0.0,False,Unmatched
U2329,University of Yamanashi,Japan,,,,,,,,,,university of yamanashi,,0.0,False,Unmatched
U2330,Yasouj University,Iran,,,,,,,,,,yasouj university,,0.0,False,Unmatched
U2331,Yuriy Fedkovych Chernivtsi National University,Ukraine,,,,,,,,,,yuriy fedkovych chernivtsi national university,,0.0,False,Unmatched
U2332,University of Zambia,Zambia,,,,,,,,,,university of zambia,,0.0,False,Unmatched
U2333,University of Zanjan,Iran,,,,,,,,,,university of zanjan,,0.0,False,Unmatched
U2334,Zanjan University of Medical Sciences,Iran,,,,,,,,,,zanjan university of medical sciences,,0.0,False,Unmatched
U2335,Zhejiang Chinese Medical University,China,,,,,,,,,,zhejiang chinese medical university,,0.0,False,Unmatched
U2336,University of Zimbabwe,Zimbabwe,,,,,,,,,,university of zimbabwe,,0.0,False,Unmatched
U2337,Université 8 Mai 1945 Guelma,Algeria,,,,,,,,,,universite 8 mai 1945 guelma,,0.0,False,Unmatched
U2338,University Abdelhamid Ibn Badis Mostaganem,Algeria,,,,,,,,,,university abdelhamid ibn badis mostaganem,,0.0,False,Unmatched
U2339,Abdelmalek Essaâdi University,Morocco,,,,,,,,,,abdelmalek essaadi university,,0.0,False,Unmatched
U2340,University of Abou Bekr Belkaïd Tlemcen,Algeria,,,,,,,,,,university of abou bekr belkaid tlemcen,,0.0,False,Unmatched
U2341,Acıbadem University,Turkey,,,,,,,,,,ac badem university,,0.0,False,Unmatched
U2342,Adelphi University,United States,,,,,,,,,,adelphi university,,0.0,False,Unmatched
U2343,Afe Babalola University,Nigeria,,,,,,,,,,afe babalola university,,0.0,False,Unmatched
U2344,Akita University,Japan,,,,,,,,,,akita university,,0.0,False,Unmatched
U2345,Aksaray University,Turkey,,,,,,,,,,aksaray university,,0.0,False,Unmatched
U2346,Alzahra University,Iran,,,,,,,,,,alzahra university,,0.0,False,Unmatched
U2347,University of Anbar,Iraq,,,,,,,,,,university of anbar,,0.0,False,Unmatched
U2348,"University of the Andes, Venezuela",Venezuela,,,,,,,,,,university of the andes venezuela,,0.0,False,Unmatched
U2349,Andhra University,India,,,,,,,,,,andhra university,,0.0,False,Unmatched
U2350,Universidad Andrés Bello (UNAB),Chile,,,,,,,,,,universidad andres bello,,0.0,False,Unmatched
U2351,Ankara University,Turkey,,,,,,,,,,ankara university,,0.0,False,Unmatched
U2352,Ankara Yildirim Beyazit University,Turkey,,,,,,,,,,ankara yildirim beyazit university,,0.0,False,Unmatched
U2353,Annamalai University,India,,,,,,,,,,annamalai university,,0.0,False,Unmatched
U2354,Antonio Nariño University,Colombia,,,,,,,,,,antonio narino university,,0.0,False,Unmatched
U2355,Arak University,Iran,,,,,,,,,,arak university,,0.0,False,Unmatched
U2356,Universidad Autónoma de Ciudad Juárez,Mexico,,,,,,,,,,universidad autonoma de ciudad juarez,,0.0,False,Unmatched
U2357,Universidad Autónoma de Coahuila,Mexico,,,,,,,,,,universidad autonoma de coahuila,,0.0,False,Unmatched
U2358,Universidad Autónoma del Estado de Hidalgo,Mexico,,,,,,,,,,universidad autonoma del estado de hidalgo,,0.0,False,Unmatched
U2359,Universidad Autónoma del Estado de Mexico (UAEMex),Mexico,,,,,,,,,,universidad autonoma del estado de mexico,,0.0,False,Unmatched
U2360,Universidad Autónoma del Estado de Morelos,Mexico,,,,,,,,,,universidad autonoma del estado de morelos,,0.0,False,Unmatched
U2361,Universidad Autónoma de Nuevo León (UANL),Mexico,,,,,,,,,,universidad autonoma de nuevo leon,,0.0,False,Unmatched
U2362,Universidad Autónoma de Querétaro,Mexico,,,,,,,,,,universidad autonoma de queretaro,,0.0,False,Unmatched
U2363,Universidad Autónoma de Yucatán,Mexico,,,,,,,,,,universidad autonoma de yucatan,,0.0,False,Unmatched
U2364,Autonomous University of Baja California,Mexico,,,,,,,,,,autonomous university of baja california,,0.0,False,Unmatched
U2365,Badji Mokhtar University – Annaba,Algeria,,,,,,,,,,badji mokhtar university annaba,,0.0,False,Unmatched
U2366,Başkent University,Turkey,,,,,,,,,,baskent university,,0.0,False,Unmatched
U2367,University of Batna 2,Algeria,,,,,,,,,,university of batna 2,,0.0,False,Unmatched
U2368,University of Béjaïa,Algeria,,,,,,,,,,university of bejaia,,0.0,False,Unmatched
U2369,Belgorod State National Research University,Russian Federation,,,,,,,,,,belgorod state national research university,,0.0,False,Unmatched
U2370,University of Benin,Nigeria,,,,,,,,,,university of benin,,0.0,False,Unmatched
U2371,Bernardo O’Higgins University,Chile,,,,,,,,,,bernardo o higgins university,,0.0,False,Unmatched
U2372,Bharath Institute of Higher Education and Research,India,,,,,,,,,,bharath institute of higher education and research,,0.0,False,Unmatched
U2373,Bharati Vidyapeeth University,India,,,,,,,,,,bharati vidyapeeth university,,0.0,False,Unmatched
U2374,Bialystok University of Technology,Poland,,,,,,,,,,bialystok university of technology,,0.0,False,Unmatched
U2375,Bilecik Şeyh Edebali University,Turkey,,,,,,,,,,bilecik seyh edebali university,,0.0,False,Unmatched
U2376,University of Bío-Bío,Chile,,,,,,,,,,university of bio bio,,0.0,False,Unmatched
U2377,University of Birjand,Iran,,,,,,,,,,university of birjand,,0.0,False,Unmatched
U2378,University of Biskra,Algeria,,,,,,,,,,university of biskra,,0.0,False,Unmatched
U2379,Blida 1 University,Algeria,,,,,,,,,,blida 1 university,,0.0,False,Unmatched
U2380,Bolu Abant Izzet Baysal University,Turkey,,,,,,,,,,bolu abant izzet baysal university,,0.0,False,Unmatched
U2381,Bozok University,Turkey,,,,,,,,,,bozok university,,0.0,False,Unmatched
U2382,University of Brawijaya,Indonesia,,,,,,,,,,university of brawijaya,,0.0,False,Unmatched
U2383,Burapha University,Thailand,,,,,,,,,,burapha university,,0.0,False,Unmatched
U2384,Bursa Technical University,Turkey,,,,,,,,,,bursa technical university,,0.0,False,Unmatched
U2385,Bursa Uludağ University,Turkey,,,,,,,,,,bursa uludag university,,0.0,False,Unmatched
U2386,University of Caldas,Colombia,,,,,,,,,,university of caldas,,0.0,False,Unmatched
U2387,Çankırı Karatekin University,Turkey,,,,,,,,,,cank r karatekin university,,0.0,False,Unmatched
U2388,Catholic University of Brasília,Brazil,,,,,,,,,,catholic university of brasilia,,0.0,False,Unmatched
U2389,Catholic University of the North,Chile,,,,,,,,,,catholic university of the north,,0.0,False,Unmatched
U2390,Universidad Católica del Maule,Chile,,,,,,,,,,universidad catolica del maule,,0.0,False,Unmatched
U2391,Universidad Católica de la Santísima Concepción,Chile,,,,,,,,,,universidad catolica de la santisima concepcion,,0.0,False,Unmatched
U2392,University of Caxias do Sul,Brazil,,,,,,,,,,university of caxias do sul,,0.0,False,Unmatched
U2393,Ceará State University,Brazil,,,,,,,,,,ceara state university,,0.0,False,Unmatched
U2394,Manisa Celal Bayar University,Turkey,,,,,,,,,,manisa celal bayar university,,0.0,False,Unmatched
U2395,Centro Federal de Educação Tecnológica Celso Suckow da Fonseca (CEFET-RJ),Brazil,,,,,,,,,,centro federal de educacao tecnologica celso suckow da fonseca,,0.0,False,Unmatched
U2396,CES University,Colombia,,,,,,,,,,ces university,,0.0,False,Unmatched
U2397,College of Charleston,United States,,,,,,,,,,college of charleston,,0.0,False,Unmatched
U2398,Chelyabinsk State University,Russian Federation,,,,,,,,,,chelyabinsk state university,,0.0,False,Unmatched
U2399,Chiba Institute of Technology,Japan,,,,,,,,,,chiba institute of technology,,0.0,False,Unmatched
U2400,Chinese Culture University,Taiwan,,,,,,,,,,chinese culture university,,0.0,False,Unmatched
U2401,Université Chouaïb Doukkali,Morocco,,,,,,,,,,universite chouaib doukkali,,0.0,False,Unmatched
U2402,Chubu University,Japan,,,,,,,,,,chubu university,,0.0,False,Unmatched
U2403,Chuo University,Japan,,,,,,,,,,chuo university,,0.0,False,Unmatched
U2404,University of Colima,Mexico,,,,,,,,,,university of colima,,0.0,False,Unmatched
U2405,Comillas Pontifical University,Spain,,,,,,,,,,comillas pontifical university,,0.0,False,Unmatched
U2406,Communication University of China,China,,,,,,,,,,communication university of china,,0.0,False,Unmatched
U2407,Cracow University of Technology,Poland,,,,,,,,,,cracow university of technology,,0.0,False,Unmatched
U2408,Damghan University,Iran,,,,,,,,,,damghan university,,0.0,False,Unmatched
U2409,University of Dar es Salaam,Tanzania,,,,,,,,,,university of dar es salaam,,0.0,False,Unmatched
U2410,University for Development Studies,Ghana,,,,,,,,,,university for development studies,,0.0,False,Unmatched
U2411,Dicle University,Turkey,,,,,,,,,,dicle university,,0.0,False,Unmatched
U2412,Dokkyo Medical University,Japan,,,,,,,,,,dokkyo medical university,,0.0,False,Unmatched
U2413,Dumlupinar University,Turkey,,,,,,,,,,dumlupinar university,,0.0,False,Unmatched
U2414,Dunarea de Jos University of Galati,Romania,,,,,,,,,,dunarea de jos university of galati,,0.0,False,Unmatched
U2415,EAFIT University,Colombia,,,,,,,,,,eafit university,,0.0,False,Unmatched
U2416,El Bosque University,Colombia,,,,,,,,,,el bosque university,,0.0,False,Unmatched
U2417,Erzincan Binali Yıldırım University,Turkey,,,,,,,,,,erzincan binali y ld r m university,,0.0,False,Unmatched
U2418,Eskişehir Osmangazi University,Turkey,,,,,,,,,,eskisehir osmangazi university,,0.0,False,Unmatched
U2419,Universidade Estadual do Norte Fluminense Darcy Ribeiro,Brazil,,,,,,,,,,universidade estadual do norte fluminense darcy ribeiro,,0.0,False,Unmatched
U2420,Universidade Estadual de Maringá,Brazil,,,,,,,,,,universidade estadual de maringa,,0.0,False,Unmatched
U2421,Universidade Estadual do Oeste do Paraná (Unioeste),Brazil,,,,,,,,,,universidade estadual do oeste do parana,,0.0,False,Unmatched
U2422,"Federal University of Agriculture, Abeokuta",Nigeria,,,,,,,,,,federal university of agriculture abeokuta,,0.0,False,Unmatched
U2423,Universidade Federal de Ciências da Saúde de Porto Alegre (UFCSPA),Brazil,,,,,,,,,,universidade federal de ciencias da saude de porto alegre,,0.0,False,Unmatched
U2424,Federal University of Itajubá,Brazil,,,,,,,,,,federal university of itajuba,,0.0,False,Unmatched
U2425,Universidade Federal de Juiz de Fora,Brazil,,,,,,,,,,universidade federal de juiz de fora,,0.0,False,Unmatched
U2426,Universidade Federal do Maranhão (UFMA),Brazil,,,,,,,,,,universidade federal do maranhao,,0.0,False,Unmatched
U2427,Federal University of Mato Grosso do Sul,Brazil,,,,,,,,,,federal university of mato grosso do sul,,0.0,False,Unmatched
U2428,Universidade Federal de Ouro Preto (UFOP),Brazil,,,,,,,,,,universidade federal de ouro preto,,0.0,False,Unmatched
U2429,Federal University of Pará,Brazil,,,,,,,,,,federal university of para,,0.0,False,Unmatched
U2430,Federal Rural University of Pernambuco,Brazil,,,,,,,,,,federal rural university of pernambuco,,0.0,False,Unmatched
U2431,Universidade Federal Rural do Semi-Arido,Brazil,,,,,,,,,,universidade federal rural do semi arido,,0.0,False,Unmatched
U2432,Universidade Federal de Sergipe,Brazil,,,,,,,,,,universidade federal de sergipe,,0.0,False,Unmatched
U2433,Fluminense Federal University,Brazil,,,,,,,,,,fluminense federal university,,0.0,False,Unmatched
U2434,University of Fortaleza (UNIFOR),Brazil,,,,,,,,,,university of fortaleza,,0.0,False,Unmatched
U2435,Université Frères Mentouri Constantine 1,Algeria,,,,,,,,,,universite freres mentouri constantine 1,,0.0,False,Unmatched
U2436,Universidad de las Fuerzas Armadas – ESPE,Ecuador,,,,,,,,,,universidad de las fuerzas armadas espe,,0.0,False,Unmatched
U2437,University of Fukui,Japan,,,,,,,,,,university of fukui,,0.0,False,Unmatched
U2438,Fukuoka University,Japan,,,,,,,,,,fukuoka university,,0.0,False,Unmatched
U2439,Université de Gabès,Tunisia,,,,,,,,,,universite de gabes,,0.0,False,Unmatched
U2440,Gaziantep University,Turkey,,,,,,,,,,gaziantep university,,0.0,False,Unmatched
U2441,Gheorghe Asachi Technical University of Iaşi,Romania,,,,,,,,,,gheorghe asachi technical university of iasi,,0.0,False,Unmatched
U2442,GITAM University,India,,,,,,,,,,gitam university,,0.0,False,Unmatched
U2443,Goa University,India,,,,,,,,,,goa university,,0.0,False,Unmatched
U2444,Grigore T. Popa University of Medicine and Pharmacy,Romania,,,,,,,,,,grigore t popa university of medicine and pharmacy,,0.0,False,Unmatched
U2445,University of Guadalajara,Mexico,,,,,,,,,,university of guadalajara,,0.0,False,Unmatched
U2446,University of Guanajuato,Mexico,,,,,,,,,,university of guanajuato,,0.0,False,Unmatched
U2447,Gubkin Russian State University of Oil and Gas,Russian Federation,,,,,,,,,,gubkin russian state university of oil and gas,,0.0,False,Unmatched
U2448,Hasanuddin University,Indonesia,,,,,,,,,,hasanuddin university,,0.0,False,Unmatched
U2449,Université Hassan 1er,Morocco,,,,,,,,,,universite hassan 1er,,0.0,False,Unmatched
U2450,Hassiba Benbouali University of Chlef,Algeria,,,,,,,,,,hassiba benbouali university of chlef,,0.0,False,Unmatched
U2451,University of Havana,Cuba,,,,,,,,,,university of havana,,0.0,False,Unmatched
U2452,Hellenic Open University,Greece,,,,,,,,,,hellenic open university,,0.0,False,Unmatched
U2453,Herzen State Pedagogical University of Russia,Russian Federation,,,,,,,,,,herzen state pedagogical university of russia,,0.0,False,Unmatched
U2454,Hindustan Institute of Technology and Science,India,,,,,,,,,,hindustan institute of technology and science,,0.0,False,Unmatched
U2455,Hitit University,Turkey,,,,,,,,,,hitit university,,0.0,False,Unmatched
U2456,Hosei University,Japan,,,,,,,,,,hosei university,,0.0,False,Unmatched
U2457,University of Hyogo,Japan,,,,,,,,,,university of hyogo,,0.0,False,Unmatched
U2458,Ibaraki University,Japan,,,,,,,,,,ibaraki university,,0.0,False,Unmatched
U2459,Universidad Industrial de Santander (UIS),Colombia,,,,,,,,,,universidad industrial de santander,,0.0,False,Unmatched
U2460,Industrial University of Tyumen,Russian Federation,,,,,,,,,,industrial university of tyumen,,0.0,False,Unmatched
U2461,Inönü University,Turkey,,,,,,,,,,inonu university,,0.0,False,Unmatched
U2462,International Hellenic University,Greece,,,,,,,,,,international hellenic university,,0.0,False,Unmatched
U2463,Irkutsk National Research Technical University,Russian Federation,,,,,,,,,,irkutsk national research technical university,,0.0,False,Unmatched
U2464,Islamic University of Indonesia,Indonesia,,,,,,,,,,islamic university of indonesia,,0.0,False,Unmatched
U2465,Istanbul Aydın University,Turkey,,,,,,,,,,istanbul ayd n university,,0.0,False,Unmatched
U2466,Istanbul Medipol University,Turkey,,,,,,,,,,istanbul medipol university,,0.0,False,Unmatched
U2467,Ivanovo State University of Chemistry and Technology,Russian Federation,,,,,,,,,,ivanovo state university of chemistry and technology,,0.0,False,Unmatched
U2468,Iwate University,Japan,,,,,,,,,,iwate university,,0.0,False,Unmatched
U2469,Izmir University of Economics,Turkey,,,,,,,,,,izmir university of economics,,0.0,False,Unmatched
U2470,Jan Evangelista Purkyně University,Czech Republic,,,,,,,,,,jan evangelista purkyne university,,0.0,False,Unmatched
U2471,Jan Kochanowski University in Kielce,Poland,,,,,,,,,,jan kochanowski university in kielce,,0.0,False,Unmatched
U2472,Jean Moulin University – Lyon 3,France,,,,,,,,,,jean moulin university lyon 3,,0.0,False,Unmatched
U2473,Jember University,Indonesia,,,,,,,,,,jember university,,0.0,False,Unmatched
U2474,Jianghan University,China,,,,,,,,,,jianghan university,,0.0,False,Unmatched
U2475,University of Jijel,Algeria,,,,,,,,,,university of jijel,,0.0,False,Unmatched
U2476,Kanagawa University,Japan,,,,,,,,,,kanagawa university,,0.0,False,Unmatched
U2477,Kanazawa Medical University,Japan,,,,,,,,,,kanazawa medical university,,0.0,False,Unmatched
U2478,Kansai University,Japan,,,,,,,,,,kansai university,,0.0,False,Unmatched
U2479,Karadeniz Technical University,Turkey,,,,,,,,,,karadeniz technical university,,0.0,False,Unmatched
U2480,Université Kasdi Merbah Ouargla,Algeria,,,,,,,,,,universite kasdi merbah ouargla,,0.0,False,Unmatched
U2481,Kastamonu University,Turkey,,,,,,,,,,kastamonu university,,0.0,False,Unmatched
U2482,Kazan National Research Technical University,Russian Federation,,,,,,,,,,kazan national research technical university,,0.0,False,Unmatched
U2483,Kazan State Medical University,Russian Federation,,,,,,,,,,kazan state medical university,,0.0,False,Unmatched
U2484,University of Kelaniya,Sri Lanka,,,,,,,,,,university of kelaniya,,0.0,False,Unmatched
U2485,Kemerovo State University,Russian Federation,,,,,,,,,,kemerovo state university,,0.0,False,Unmatched
U2486,University of Kerbala,Iraq,,,,,,,,,,university of kerbala,,0.0,False,Unmatched
U2487,King Mongkut’s Institute of Technology Ladkrabang,Thailand,,,,,,,,,,king mongkut s institute of technology ladkrabang,,0.0,False,Unmatched
U2488,Kirikkale University,Turkey,,,,,,,,,,kirikkale university,,0.0,False,Unmatched
U2489,Kırşehir Ahi Evran University,Turkey,,,,,,,,,,k rsehir ahi evran university,,0.0,False,Unmatched
U2490,Kocaeli University,Turkey,,,,,,,,,,kocaeli university,,0.0,False,Unmatched
U2491,Kochi University,Japan,,,,,,,,,,kochi university,,0.0,False,Unmatched
U2492,Kochi University of Technology,Japan,,,,,,,,,,kochi university of technology,,0.0,False,Unmatched
U2493,Kogakuin University,Japan,,,,,,,,,,kogakuin university,,0.0,False,Unmatched
U2494,Universiti Kuala Lumpur,Malaysia,,,,,,,,,,universiti kuala lumpur,,0.0,False,Unmatched
U2495,Kyoto Sangyo University,Japan,,,,,,,,,,kyoto sangyo university,,0.0,False,Unmatched
U2496,Ladoke Akintola University of Technology,Nigeria,,,,,,,,,,ladoke akintola university of technology,,0.0,False,Unmatched
U2497,University of Laghouat,Algeria,,,,,,,,,,university of laghouat,,0.0,False,Unmatched
U2498,Lagos State University,Nigeria,,,,,,,,,,lagos state university,,0.0,False,Unmatched
U2499,Lahore College for Women University (LCWU),Pakistan,,,,,,,,,,lahore college for women university,,0.0,False,Unmatched
U2500,Latvia University of Life Sciences and Technologies,Latvia,,,,,,,,,,latvia university of life sciences and technologies,,0.0,False,Unmatched
U2501,University of Life Sciences in Lublin,Poland,,,,,,,,,,university of life sciences in lublin,,0.0,False,Unmatched
U2502,L.N. Gumilyov Eurasian National University,Kazakhstan,,,,,,,,,,l n gumilyov eurasian national university,,0.0,False,Unmatched
U2503,Lobachevsky State University of Nizhni Novgorod,Russian Federation,,,,,,,,,,lobachevsky state university of nizhni novgorod,,0.0,False,Unmatched
U2504,Londrina State University,Brazil,,,,,,,,,,londrina state university,,0.0,False,Unmatched
U2505,University of Los Lagos,Chile,,,,,,,,,,university of los lagos,,0.0,False,Unmatched
U2506,University of Lucknow,India,,,,,,,,,,university of lucknow,,0.0,False,Unmatched
U2507,University of Macerata (UNIMC),Italy,,,,,,,,,,university of macerata,,0.0,False,Unmatched
U2508,Mackenzie Presbyterian University,Brazil,,,,,,,,,,mackenzie presbyterian university,,0.0,False,Unmatched
U2509,Mahasarakham University,Thailand,,,,,,,,,,mahasarakham university,,0.0,False,Unmatched
U2510,Universiti Malaysia Kelantan,Malaysia,,,,,,,,,,universiti malaysia kelantan,,0.0,False,Unmatched
U2511,Maria Curie-Skłodowska University (UMCS),Poland,,,,,,,,,,maria curie sk odowska university,,0.0,False,Unmatched
U2512,University of Mascara,Algeria,,,,,,,,,,university of mascara,,0.0,False,Unmatched
U2513,Matej Bel University,Slovakia,,,,,,,,,,matej bel university,,0.0,False,Unmatched
U2514,Universidad Mayor,Chile,,,,,,,,,,universidad mayor,,0.0,False,Unmatched
U2515,Meijo University,Japan,,,,,,,,,,meijo university,,0.0,False,Unmatched
U2516,M’Hamed Bougara University of Boumerdès,Algeria,,,,,,,,,,m hamed bougara university of boumerdes,,0.0,False,Unmatched
U2517,Middle Technical University,Iraq,,,,,,,,,,middle technical university,,0.0,False,Unmatched
U2518,Ming Chuan University,Taiwan,,,,,,,,,,ming chuan university,,0.0,False,Unmatched
U2519,University of Miyazaki,Japan,,,,,,,,,,university of miyazaki,,0.0,False,Unmatched
U2520,University Mohamed Boudiaf of M’Sila,Algeria,,,,,,,,,,university mohamed boudiaf of m sila,,0.0,False,Unmatched
U2521,Université Mohammed Premier,Morocco,,,,,,,,,,universite mohammed premier,,0.0,False,Unmatched
U2522,University of Montenegro,Montenegro,,,,,,,,,,university of montenegro,,0.0,False,Unmatched
U2523,Moscow Polytechnic University,Russian Federation,,,,,,,,,,moscow polytechnic university,,0.0,False,Unmatched
U2524,Moscow State University of Civil Engineering,Russian Federation,,,,,,,,,,moscow state university of civil engineering,,0.0,False,Unmatched
U2525,University of Mosul,Iraq,,,,,,,,,,university of mosul,,0.0,False,Unmatched
U2526,Moulay Ismail University,Morocco,,,,,,,,,,moulay ismail university,,0.0,False,Unmatched
U2527,Université Mouloud Mammeri de Tizi-Ouzou,Algeria,,,,,,,,,,universite mouloud mammeri de tizi ouzou,,0.0,False,Unmatched
U2528,Muroran Institute of Technology,Japan,,,,,,,,,,muroran institute of technology,,0.0,False,Unmatched
U2529,University of Mysore,India,,,,,,,,,,university of mysore,,0.0,False,Unmatched
U2530,Nara Women’s University,Japan,,,,,,,,,,nara women s university,,0.0,False,Unmatched
U2531,National Aviation University,Ukraine,,,,,,,,,,national aviation university,,0.0,False,Unmatched
U2532,National Chiayi University,Taiwan,,,,,,,,,,national chiayi university,,0.0,False,Unmatched
U2533,National Chi Nan University,Taiwan,,,,,,,,,,national chi nan university,,0.0,False,Unmatched
U2534,National University of Córdoba,Argentina,,,,,,,,,,national university of cordoba,,0.0,False,Unmatched
U2535,National University of Costa Rica,Costa Rica,,,,,,,,,,national university of costa rica,,0.0,False,Unmatched
U2536,National Formosa University,Taiwan,,,,,,,,,,national formosa university,,0.0,False,Unmatched
U2537,National Ilan University,Taiwan,,,,,,,,,,national ilan university,,0.0,False,Unmatched
U2538,National University of Kaohsiung,Taiwan,,,,,,,,,,national university of kaohsiung,,0.0,False,Unmatched
U2539,National University of Medical Sciences (NUMS),Pakistan,,,,,,,,,,national university of medical sciences,,0.0,False,Unmatched
U2540,National University of San Martín,Argentina,,,,,,,,,,national university of san martin,,0.0,False,Unmatched
U2541,National Taichung University of Science and Technology,Taiwan,,,,,,,,,,national taichung university of science and technology,,0.0,False,Unmatched
U2542,National United University,Taiwan,,,,,,,,,,national united university,,0.0,False,Unmatched
U2543,NED University of Engineering and Technology,Pakistan,,,,,,,,,,ned university of engineering and technology,,0.0,False,Unmatched
U2544,Universitas Negeri Surabaya,Indonesia,,,,,,,,,,universitas negeri surabaya,,0.0,False,Unmatched
U2545,Nizhny Novgorod State Technical University,Russian Federation,,,,,,,,,,nizhny novgorod state technical university,,0.0,False,Unmatched
U2546,Nnamdi Azikiwe University,Nigeria,,,,,,,,,,nnamdi azikiwe university,,0.0,False,Unmatched
U2547,North-Caucasus Federal University,Russian Federation,,,,,,,,,,north caucasus federal university,,0.0,False,Unmatched
U2548,"University of the North, Colombia",Colombia,,,,,,,,,,university of the north colombia,,0.0,False,Unmatched
U2549,North-Eastern Federal University,Russian Federation,,,,,,,,,,north eastern federal university,,0.0,False,Unmatched
U2550,Northern (Arctic) Federal University named after M.V. Lomonosov,Russian Federation,,,,,,,,,,northern federal university named after m v lomonosov,,0.0,False,Unmatched
U2551,North-Western State Medical University named after I.I. Mechnikov,Russian Federation,,,,,,,,,,north western state medical university named after i i mechnikov,,0.0,False,Unmatched
U2552,Nosov Magnitogorsk State Technical University,Russian Federation,,,,,,,,,,nosov magnitogorsk state technical university,,0.0,False,Unmatched
U2553,Universidade Nove de Julho (Uninove),Brazil,,,,,,,,,,universidade nove de julho,,0.0,False,Unmatched
U2554,Nueva Granada Military University,Colombia,,,,,,,,,,nueva granada military university,,0.0,False,Unmatched
U2555,Obafemi Awolowo University,Nigeria,,,,,,,,,,obafemi awolowo university,,0.0,False,Unmatched
U2556,Ogarev Mordovia State University,Russian Federation,,,,,,,,,,ogarev mordovia state university,,0.0,False,Unmatched
U2557,Oita University,Japan,,,,,,,,,,oita university,,0.0,False,Unmatched
U2558,Niğde Ömer Halisdemir University,Turkey,,,,,,,,,,nigde omer halisdemir university,,0.0,False,Unmatched
U2559,Omsk State Technical University,Russian Federation,,,,,,,,,,omsk state technical university,,0.0,False,Unmatched
U2560,Ondokuz Mayis University,Turkey,,,,,,,,,,ondokuz mayis university,,0.0,False,Unmatched
U2561,Oran 1 University,Algeria,,,,,,,,,,oran 1 university,,0.0,False,Unmatched
U2562,Ordu University,Turkey,,,,,,,,,,ordu university,,0.0,False,Unmatched
U2563,Osaka Institute of Technology,Japan,,,,,,,,,,osaka institute of technology,,0.0,False,Unmatched
U2564,Osaka Medical and Pharmaceutical University,Japan,,,,,,,,,,osaka medical and pharmaceutical university,,0.0,False,Unmatched
U2565,Ovidius University of Constanța,Romania,,,,,,,,,,ovidius university of constanta,,0.0,False,Unmatched
U2566,Pamukkale University,Turkey,,,,,,,,,,pamukkale university,,0.0,False,Unmatched
U2567,Pavlov First Saint Petersburg State Medical University,Russian Federation,,,,,,,,,,pavlov first saint petersburg state medical university,,0.0,False,Unmatched
U2568,Payame Noor University,Iran,,,,,,,,,,payame noor university,,0.0,False,Unmatched
U2569,Pedagogical and Technological University of Colombia,Colombia,,,,,,,,,,pedagogical and technological university of colombia,,0.0,False,Unmatched
U2570,University of the Peloponnese,Greece,,,,,,,,,,university of the peloponnese,,0.0,False,Unmatched
U2571,Penza State University,Russian Federation,,,,,,,,,,penza state university,,0.0,False,Unmatched
U2572,Perm National Research Polytechnic University,Russian Federation,,,,,,,,,,perm national research polytechnic university,,0.0,False,Unmatched
U2573,Perm State University,Russian Federation,,,,,,,,,,perm state university,,0.0,False,Unmatched
U2574,University of Pernambuco,Brazil,,,,,,,,,,university of pernambuco,,0.0,False,Unmatched
U2575,Universidad Peruana de Ciencias Aplicadas (UPC),Peru,,,,,,,,,,universidad peruana de ciencias aplicadas,,0.0,False,Unmatched
U2576,University of Phayao,Thailand,,,,,,,,,,university of phayao,,0.0,False,Unmatched
U2577,Universidad Politécnica Salesiana,Ecuador,,,,,,,,,,universidad politecnica salesiana,,0.0,False,Unmatched
U2578,Polytechnic University of Bucharest,Romania,,,,,,,,,,polytechnic university of bucharest,,0.0,False,Unmatched
U2579,Polytechnic University of Timişoara,Romania,,,,,,,,,,polytechnic university of timisoara,,0.0,False,Unmatched
U2580,Pontifical Catholic University of Minas Gerais,Brazil,,,,,,,,,,pontifical catholic university of minas gerais,,0.0,False,Unmatched
U2581,Universidad Pontificia Bolivariana (UPB),Colombia,,,,,,,,,,universidad pontificia bolivariana,,0.0,False,Unmatched
U2582,Pontificia Universidad Católica del Ecuador,Ecuador,,,,,,,,,,pontificia universidad catolica del ecuador,,0.0,False,Unmatched
U2583,University of Port Harcourt,Nigeria,,,,,,,,,,university of port harcourt,,0.0,False,Unmatched
U2584,Prague University of Economics and Business,Czech Republic,,,,,,,,,,prague university of economics and business,,0.0,False,Unmatched
U2585,University of Prishtina,Kosovo,,,,,,,,,,university of prishtina,,0.0,False,Unmatched
U2586,Privolzhsky Research Medical University,Russian Federation,,,,,,,,,,privolzhsky research medical university,,0.0,False,Unmatched
U2587,PSG College of Technology,India,,,,,,,,,,psg college of technology,,0.0,False,Unmatched
U2588,Recep Tayyip Erdoğan University,Turkey,,,,,,,,,,recep tayyip erdogan university,,0.0,False,Unmatched
U2589,REVA University,India,,,,,,,,,,reva university,,0.0,False,Unmatched
U2590,Riga Stradiņš University,Latvia,,,,,,,,,,riga stradins university,,0.0,False,Unmatched
U2591,R V College of Engineering,India,,,,,,,,,,r v college of engineering,,0.0,False,Unmatched
U2592,Ryukoku University,Japan,,,,,,,,,,ryukoku university,,0.0,False,Unmatched
U2593,University of the Ryukyus,Japan,,,,,,,,,,university of the ryukyus,,0.0,False,Unmatched
U2594,Rzeszów University of Technology,Poland,,,,,,,,,,rzeszow university of technology,,0.0,False,Unmatched
U2595,University of La Sabana,Colombia,,,,,,,,,,university of la sabana,,0.0,False,Unmatched
U2596,Saga University,Japan,,,,,,,,,,saga university,,0.0,False,Unmatched
U2597,Samara State Technical University,Russian Federation,,,,,,,,,,samara state technical university,,0.0,False,Unmatched
U2598,San Sebastián University,Chile,,,,,,,,,,san sebastian university,,0.0,False,Unmatched
U2599,"University of Santiago, Chile (USACH)",Chile,,,,,,,,,,university of santiago chile,,0.0,False,Unmatched
U2600,Saratov State Medical University,Russian Federation,,,,,,,,,,saratov state medical university,,0.0,False,Unmatched
U2601,University of Sciences and Technology Houari Boumediene,Algeria,,,,,,,,,,university of sciences and technology houari boumediene,,0.0,False,Unmatched
U2602,University of Science and Technology of Oran Mohamed-Boudiaf,Algeria,,,,,,,,,,university of science and technology of oran mohamed boudiaf,,0.0,False,Unmatched
U2603,SGH Warsaw School of Economics,Poland,,,,,,,,,,sgh warsaw school of economics,,0.0,False,Unmatched
U2604,Shahed University,Iran,,,,,,,,,,shahed university,,0.0,False,Unmatched
U2605,Shimane University,Japan,,,,,,,,,,shimane university,,0.0,False,Unmatched
U2606,Shizuoka University,Japan,,,,,,,,,,shizuoka university,,0.0,False,Unmatched
U2607,University of Shizuoka,Japan,,,,,,,,,,university of shizuoka,,0.0,False,Unmatched
U2608,Reshetnev Siberian State University of Science and Technology,Russian Federation,,,,,,,,,,reshetnev siberian state university of science and technology,,0.0,False,Unmatched
U2609,Siberian State Medical University,Russian Federation,,,,,,,,,,siberian state medical university,,0.0,False,Unmatched
U2610,Sichuan University of Science and Engineering,China,,,,,,,,,,sichuan university of science and engineering,,0.0,False,Unmatched
U2611,University of Sistan and Baluchestan,Iran,,,,,,,,,,university of sistan and baluchestan,,0.0,False,Unmatched
U2612,Sivas Cumhuriyet University,Turkey,,,,,,,,,,sivas cumhuriyet university,,0.0,False,Unmatched
U2613,Sofia University,Bulgaria,,,,,,,,,,sofia university,,0.0,False,Unmatched
U2614,University of Sonora,Mexico,,,,,,,,,,university of sonora,,0.0,False,Unmatched
U2615,Southwest State University,Russian Federation,,,,,,,,,,southwest state university,,0.0,False,Unmatched
U2616,Srinakharinwirot University,Thailand,,,,,,,,,,srinakharinwirot university,,0.0,False,Unmatched
U2617,Universitas Sriwijaya,Indonesia,,,,,,,,,,universitas sriwijaya,,0.0,False,Unmatched
U2618,Saints Cyril and Methodius University in Skopje,North Macedonia,,,,,,,,,,saints cyril and methodius university in skopje,,0.0,False,Unmatched
U2619,State University of Bahia,Brazil,,,,,,,,,,state university of bahia,,0.0,False,Unmatched
U2620,State University of Ponta Grossa,Brazil,,,,,,,,,,state university of ponta grossa,,0.0,False,Unmatched
U2621,State University of Santa Cruz,Brazil,,,,,,,,,,state university of santa cruz,,0.0,False,Unmatched
U2622,Süleyman Demirel University,Turkey,,,,,,,,,,suleyman demirel university,,0.0,False,Unmatched
U2623,Université Sultan Moulay Slimane,Morocco,,,,,,,,,,universite sultan moulay slimane,,0.0,False,Unmatched
U2624,Tamil Nadu Agricultural University,India,,,,,,,,,,tamil nadu agricultural university,,0.0,False,Unmatched
U2625,Technical University of Sofia,Bulgaria,,,,,,,,,,technical university of sofia,,0.0,False,Unmatched
U2626,Technological University of Pereira,Colombia,,,,,,,,,,technological university of pereira,,0.0,False,Unmatched
U2627,Universidad Técnica Particular de Loja,Ecuador,,,,,,,,,,universidad tecnica particular de loja,,0.0,False,Unmatched
U2628,Universidade Tecnológica Federal do Paraná (UTFPR),Brazil,,,,,,,,,,universidade tecnologica federal do parana,,0.0,False,Unmatched
U2629,Teikyo University,Japan,,,,,,,,,,teikyo university,,0.0,False,Unmatched
U2630,Universiti Teknologi MARA,Malaysia,,,,,,,,,,universiti teknologi mara,,0.0,False,Unmatched
U2631,Temuco Catholic University,Chile,,,,,,,,,,temuco catholic university,,0.0,False,Unmatched
U2632,Tokat Gaziosmanpaşa University,Turkey,,,,,,,,,,tokat gaziosmanpasa university,,0.0,False,Unmatched
U2633,Tokyo University of Agriculture,Japan,,,,,,,,,,tokyo university of agriculture,,0.0,False,Unmatched
U2634,Tokyo City University,Japan,,,,,,,,,,tokyo city university,,0.0,False,Unmatched
U2635,Tokyo Denki University,Japan,,,,,,,,,,tokyo denki university,,0.0,False,Unmatched
U2636,Tomsk State University of Control Systems and Radioelectronics,Russian Federation,,,,,,,,,,tomsk state university of control systems and radioelectronics,,0.0,False,Unmatched
U2637,Tottori University,Japan,,,,,,,,,,tottori university,,0.0,False,Unmatched
U2638,Toyama Prefectural University,Japan,,,,,,,,,,toyama prefectural university,,0.0,False,Unmatched
U2639,Toyo University,Japan,,,,,,,,,,toyo university,,0.0,False,Unmatched
U2640,Tula State University,Russian Federation,,,,,,,,,,tula state university,,0.0,False,Unmatched
U2641,Ufa University of Science and Technology,Russian Federation,,,,,,,,,,ufa university of science and technology,,0.0,False,Unmatched
U2642,Ufa State Petroleum Technological University,Russian Federation,,,,,,,,,,ufa state petroleum technological university,,0.0,False,Unmatched
U2643,Uşak University,Turkey,,,,,,,,,,usak university,,0.0,False,Unmatched
U2644,Utsunomiya University,Japan,,,,,,,,,,utsunomiya university,,0.0,False,Unmatched
U2645,Uzhhorod National University,Ukraine,,,,,,,,,,uzhhorod national university,,0.0,False,Unmatched
U2646,University of Valparaíso,Chile,,,,,,,,,,university of valparaiso,,0.0,False,Unmatched
U2647,Van Yüzüncü Yil University,Turkey,,,,,,,,,,van yuzuncu yil university,,0.0,False,Unmatched
U2648,Instituto Politécnico de Viana do Castelo,Portugal,,,,,,,,,,instituto politecnico de viana do castelo,,0.0,False,Unmatched
U2649,Vietnam National University (Ho Chi Minh City),Vietnam,,,,,,,,,,vietnam national university,,0.0,False,Unmatched
U2650,"Vignan’s Foundation for Science, Technology and Research",India,,,,,,,,,,vignan s foundation for science technology and research,,0.0,False,Unmatched
U2651,V.I. Vernadsky Crimean Federal University (Vernadsky CFU),Ukraine,,,,,,,,,,v i vernadsky crimean federal university,,0.0,False,Unmatched
U2652,Volgograd State Technical University,Russian Federation,,,,,,,,,,volgograd state technical university,,0.0,False,Unmatched
U2653,Voronezh State Technical University,Russian Federation,,,,,,,,,,voronezh state technical university,,0.0,False,Unmatched
U2654,University of West Attica,Greece,,,,,,,,,,university of west attica,,0.0,False,Unmatched
U2655,Yanshan University,China,,,,,,,,,,yanshan university,,0.0,False,Unmatched
U2656,Yeditepe University,Turkey,,,,,,,,,,yeditepe university,,0.0,False,Unmatched
U2657,Universitas Negeri Yogyakarta,Indonesia,,,,,,,,,,universitas negeri yogyakarta,,0.0,False,Unmatched
U2658,Zonguldak Bülent Ecevit University,Turkey,,,,,,,,,,zonguldak bulent ecevit university,,0.0,False,Unmatched
U2659,Abbes Laghrour University of Khenchala,Algeria,,,,,,,,,,abbes laghrour university of khenchala,,0.0,False,Unmatched
U2660,Abbottabad University of Science and Technology,Pakistan,,,,,,,,,,abbottabad university of science and technology,,0.0,False,Unmatched
U2661,Abdelhafid Boussouf University Center of Mila,Algeria,,,,,,,,,,abdelhafid boussouf university center of mila,,0.0,False,Unmatched
U2662,Abdullah Gül University,Turkey,,,,,,,,,,abdullah gul university,,0.0,False,Unmatched
U2663,Abertay University,United Kingdom,,,,,,,,,,abertay university,,0.0,False,Unmatched
U2664,Abia State University,Nigeria,,,,,,,,,,abia state university,,0.0,False,Unmatched
U2665,Abrar University,Somalia,,,,,,,,,,abrar university,,0.0,False,Unmatched
U2666,Ada Kent University,Northern Cyprus,,,,,,,,,,ada kent university,,0.0,False,Unmatched
U2667,Adventist University of Central Africa,Rwanda,,,,,,,,,,adventist university of central africa,,0.0,False,Unmatched
U2668,AECC University College,United Kingdom,,,,,,,,,,aecc university college,,0.0,False,Unmatched
U2669,University Center of Aflou,Algeria,,,,,,,,,,university center of aflou,,0.0,False,Unmatched
U2670,University of Agronomic Sciences and Veterinary Medicine of Bucharest,Romania,,,,,,,,,,university of agronomic sciences and veterinary medicine of bucharest,,0.0,False,Unmatched
U2671,Universitas Ahmad Dahlan,Indonesia,,,,,,,,,,universitas ahmad dahlan,,0.0,False,Unmatched
U2672,University of Ahmed Draia,Algeria,,,,,,,,,,university of ahmed draia,,0.0,False,Unmatched
U2673,Aichi Prefectural University,Japan,,,,,,,,,,aichi prefectural university,,0.0,False,Unmatched
U2674,Université d’Ain Témouchent,Algeria,,,,,,,,,,universite d ain temouchent,,0.0,False,Unmatched
U2675,Ajeenkya DY Patil University,India,,,,,,,,,,ajeenkya dy patil university,,0.0,False,Unmatched
U2676,Akhmet Yassawi University,Kazakhstan,,,,,,,,,,akhmet yassawi university,,0.0,False,Unmatched
U2677,Akita Prefectural University,Japan,,,,,,,,,,akita prefectural university,,0.0,False,Unmatched
U2678,Akli Mohand Oulhadj Bouira University,Algeria,,,,,,,,,,akli mohand oulhadj bouira university,,0.0,False,Unmatched
U2679,Akwa Ibom State University,Nigeria,,,,,,,,,,akwa ibom state university,,0.0,False,Unmatched
U2680,Al Akhawayn University,Morocco,,,,,,,,,,al akhawayn university,,0.0,False,Unmatched
U2681,Al al-Bayt University,Jordan,,,,,,,,,,al al bayt university,,0.0,False,Unmatched
U2682,Al-Ayen University,Iraq,,,,,,,,,,al ayen university,,0.0,False,Unmatched
U2683,Al-Baha University,Saudi Arabia,,,,,,,,,,al baha university,,0.0,False,Unmatched
U2684,Al-Bayan University,Iraq,,,,,,,,,,al bayan university,,0.0,False,Unmatched
U2685,Albaydha University,Yemen,,,,,,,,,,albaydha university,,0.0,False,Unmatched
U2686,Al-Esraa University College,Iraq,,,,,,,,,,al esraa university college,,0.0,False,Unmatched
U2687,Alex Ekwueme Federal University Ndufu-Alike,Nigeria,,,,,,,,,,alex ekwueme federal university ndufu alike,,0.0,False,Unmatched
U2688,Al-Farabi University College,Iraq,,,,,,,,,,al farabi university college,,0.0,False,Unmatched
U2689,Al-Furat Al-Awsat Technical University,Iraq,,,,,,,,,,al furat al awsat technical university,,0.0,False,Unmatched
U2690,University of Algiers 1,Algeria,,,,,,,,,,university of algiers 1,,0.0,False,Unmatched
U2691,Algiers 2 University,Algeria,,,,,,,,,,algiers 2 university,,0.0,False,Unmatched
U2692,University of Algiers 3,Algeria,,,,,,,,,,university of algiers 3,,0.0,False,Unmatched
U2693,University of Al-Hamdaniya,Iraq,,,,,,,,,,university of al hamdaniya,,0.0,False,Unmatched
U2694,Al-Hussein Bin Talal University,Jordan,,,,,,,,,,al hussein bin talal university,,0.0,False,Unmatched
U2695,Alisher Navo’i Tashkent State University of Uzbek Language and Literature,Uzbekistan,,,,,,,,,,alisher navo i tashkent state university of uzbek language and literature,,0.0,False,Unmatched
U2696,Al-Janad University for Science and Technology,Yemen,,,,,,,,,,al janad university for science and technology,,0.0,False,Unmatched
U2697,University of Alkafeel,Iraq,,,,,,,,,,university of alkafeel,,0.0,False,Unmatched
U2698,Al-Karkh University of Science,Iraq,,,,,,,,,,al karkh university of science,,0.0,False,Unmatched
U2699,Al-Kitab University,Iraq,,,,,,,,,,al kitab university,,0.0,False,Unmatched
U2700,AlMaarefa University,Saudi Arabia,,,,,,,,,,almaarefa university,,0.0,False,Unmatched
U2701,Al-Maarif University College,Iraq,,,,,,,,,,al maarif university college,,0.0,False,Unmatched
U2702,Al-Manara College for Medical Sciences,Iraq,,,,,,,,,,al manara college for medical sciences,,0.0,False,Unmatched
U2703,Almazov National Medical Research Centre,Russian Federation,,,,,,,,,,almazov national medical research centre,,0.0,False,Unmatched
U2704,Al-Mustaqbal University,Iraq,,,,,,,,,,al mustaqbal university,,0.0,False,Unmatched
U2705,Al-Muthanna University,Iraq,,,,,,,,,,al muthanna university,,0.0,False,Unmatched
U2706,Al-Nisour University College,Iraq,,,,,,,,,,al nisour university college,,0.0,False,Unmatched
U2707,Al-Noor University College,Iraq,,,,,,,,,,al noor university college,,0.0,False,Unmatched
U2708,Al-Qalam University College,Iraq,,,,,,,,,,al qalam university college,,0.0,False,Unmatched
U2709,Al-Qasim Green University,Iraq,,,,,,,,,,al qasim green university,,0.0,False,Unmatched
U2710,Al-Rafidain University College,Iraq,,,,,,,,,,al rafidain university college,,0.0,False,Unmatched
U2711,Al Safwa University College,Iraq,,,,,,,,,,al safwa university college,,0.0,False,Unmatched
U2712,Altınbaş University,Turkey,,,,,,,,,,alt nbas university,,0.0,False,Unmatched
U2713,Altoosi University College,Iraq,,,,,,,,,,altoosi university college,,0.0,False,Unmatched
U2714,Al Turath University,Iraq,,,,,,,,,,al turath university,,0.0,False,Unmatched
U2715,Al-Zaytoonah University of Jordan,Jordan,,,,,,,,,,al zaytoonah university of jordan,,0.0,False,Unmatched
U2716,American University in the Emirates (AUE),United Arab Emirates,,,,,,,,,,american university in the emirates,,0.0,False,Unmatched
U2717,American International University – Bangladesh,Bangladesh,,,,,,,,,,american international university bangladesh,,0.0,False,Unmatched
U2718,American University of Madaba,Jordan,,,,,,,,,,american university of madaba,,0.0,False,Unmatched
U2719,American University of Ras Al Khaimah,United Arab Emirates,,,,,,,,,,american university of ras al khaimah,,0.0,False,Unmatched
U2720,"Amity University, Chhattisgarh",India,,,,,,,,,,amity university chhattisgarh,,0.0,False,Unmatched
U2721,"Amity University, Gurugram",India,,,,,,,,,,amity university gurugram,,0.0,False,Unmatched
U2722,"Amity University, Gwalior",India,,,,,,,,,,amity university gwalior,,0.0,False,Unmatched
U2723,"Amity University Rajasthan, Jaipur",India,,,,,,,,,,amity university rajasthan jaipur,,0.0,False,Unmatched
U2724,"Amity University, Mumbai",India,,,,,,,,,,amity university mumbai,,0.0,False,Unmatched
U2725,Anáhuac University,Mexico,,,,,,,,,,anahuac university,,0.0,False,Unmatched
U2726,Andijan Machine-Building Institute,Uzbekistan,,,,,,,,,,andijan machine building institute,,0.0,False,Unmatched
U2727,Andijan State University,Uzbekistan,,,,,,,,,,andijan state university,,0.0,False,Unmatched
U2728,Andijan State Medical Institute,Uzbekistan,,,,,,,,,,andijan state medical institute,,0.0,False,Unmatched
U2729,Andijan State Pedagogical Institute (ASPI),Uzbekistan,,,,,,,,,,andijan state pedagogical institute,,0.0,False,Unmatched
U2730,Andrés Bello Catholic University (UCAB),Venezuela,,,,,,,,,,andres bello catholic university,,0.0,False,Unmatched
U2731,Anglo-American University,Czech Republic,,,,,,,,,,anglo american university,,0.0,False,Unmatched
U2732,Ankara Science University,Turkey,,,,,,,,,,ankara science university,,0.0,False,Unmatched
U2733,Applied Science Private University,Jordan,,,,,,,,,,applied science private university,,0.0,False,Unmatched
U2734,Arab American University,Palestine,,,,,,,,,,arab american university,,0.0,False,Unmatched
U2735,Arabian Gulf University,Bahrain,,,,,,,,,,arabian gulf university,,0.0,False,Unmatched
U2736,Arab Open University,Kuwait,,,,,,,,,,arab open university,,0.0,False,Unmatched
U2737,Arkin University of Creative Arts and Design (ARUCAD),Northern Cyprus,,,,,,,,,,arkin university of creative arts and design,,0.0,False,Unmatched
U2738,Armenian State Pedagogical University,Armenia,,,,,,,,,,armenian state pedagogical university,,0.0,False,Unmatched
U2739,Arts University Bournemouth,United Kingdom,,,,,,,,,,arts university bournemouth,,0.0,False,Unmatched
U2740,University of the Arts London,United Kingdom,,,,,,,,,,university of the arts london,,0.0,False,Unmatched
U2741,Arts University Plymouth,United Kingdom,,,,,,,,,,arts university plymouth,,0.0,False,Unmatched
U2742,Arturo Prat University,Chile,,,,,,,,,,arturo prat university,,0.0,False,Unmatched
U2743,Asahi University,Japan,,,,,,,,,,asahi university,,0.0,False,Unmatched
U2744,Asfendiyarov Kazakh National Medical University,Kazakhstan,,,,,,,,,,asfendiyarov kazakh national medical university,,0.0,False,Unmatched
U2745,Ashikaga University,Japan,,,,,,,,,,ashikaga university,,0.0,False,Unmatched
U2746,Ashur University,Iraq,,,,,,,,,,ashur university,,0.0,False,Unmatched
U2747,Atyrau University,Kazakhstan,,,,,,,,,,atyrau university,,0.0,False,Unmatched
U2748,Audencia,France,,,,,,,,,,audencia,,0.0,False,Unmatched
U2749,Austral University,Argentina,,,,,,,,,,austral university,,0.0,False,Unmatched
U2750,Autonomous University of Chiapas,Mexico,,,,,,,,,,autonomous university of chiapas,,0.0,False,Unmatched
U2751,Azerbaijan University of Architecture and Construction,Azerbaijan,,,,,,,,,,azerbaijan university of architecture and construction,,0.0,False,Unmatched
U2752,Babcock University,Nigeria,,,,,,,,,,babcock university,,0.0,False,Unmatched
U2753,"Bacha Khan University, Charsadda",Pakistan,,,,,,,,,,bacha khan university charsadda,,0.0,False,Unmatched
U2754,Badr University in Cairo (BUC),Egypt,,,,,,,,,,badr university in cairo,,0.0,False,Unmatched
U2755,Bakrie University,Indonesia,,,,,,,,,,bakrie university,,0.0,False,Unmatched
U2756,University of Balochistan,Pakistan,,,,,,,,,,university of balochistan,,0.0,False,Unmatched
U2757,"Balochistan University of Information Technology, Engineering and Management Sciences (BUITEMS)",Pakistan,,,,,,,,,,balochistan university of information technology engineering and management sciences,,0.0,False,Unmatched
U2758,"University of Baltistan, Skardu",Pakistan,,,,,,,,,,university of baltistan skardu,,0.0,False,Unmatched
U2759,Bandirma Onyedi Eylül University,Turkey,,,,,,,,,,bandirma onyedi eylul university,,0.0,False,Unmatched
U2760,Bangabandhu Sheikh Mujibur Rahman Agricultural University,Bangladesh,,,,,,,,,,bangabandhu sheikh mujibur rahman agricultural university,,0.0,False,Unmatched
U2761,Barawa International University,Somalia,,,,,,,,,,barawa international university,,0.0,False,Unmatched
U2762,Bashkir State Medical University,Russian Federation,,,,,,,,,,bashkir state medical university,,0.0,False,Unmatched
U2763,Bath Spa University,United Kingdom,,,,,,,,,,bath spa university,,0.0,False,Unmatched
U2764,University of Batna 1,Algeria,,,,,,,,,,university of batna 1,,0.0,False,Unmatched
U2765,Bayburt University,Turkey,,,,,,,,,,bayburt university,,0.0,False,Unmatched
U2766,Baze University,Nigeria,,,,,,,,,,baze university,,0.0,False,Unmatched
U2767,Belarusian State Medical University,Belarus,,,,,,,,,,belarusian state medical university,,0.0,False,Unmatched
U2768,Bells University of Technology,Nigeria,,,,,,,,,,bells university of technology,,0.0,False,Unmatched
U2769,University of Benghazi,Libya,,,,,,,,,,university of benghazi,,0.0,False,Unmatched
U2770,Benson Idahosa University,Nigeria,,,,,,,,,,benson idahosa university,,0.0,False,Unmatched
U2771,Beykent University,Turkey,,,,,,,,,,beykent university,,0.0,False,Unmatched
U2772,Bilad Alrafidain University College,Iraq,,,,,,,,,,bilad alrafidain university college,,0.0,False,Unmatched
U2773,Birmingham Newman University,United Kingdom,,,,,,,,,,birmingham newman university,,0.0,False,Unmatched
U2774,Biruni University,Turkey,,,,,,,,,,biruni university,,0.0,False,Unmatched
U2775,University of Bisha,Saudi Arabia,,,,,,,,,,university of bisha,,0.0,False,Unmatched
U2776,Bishop Grosseteste University,United Kingdom,,,,,,,,,,bishop grosseteste university,,0.0,False,Unmatched
U2777,University of Bogotá Jorge Tadeo Lozano,Colombia,,,,,,,,,,university of bogota jorge tadeo lozano,,0.0,False,Unmatched
U2778,Bohdan Khmelnytsky National University of Cherkasy,Ukraine,,,,,,,,,,bohdan khmelnytsky national university of cherkasy,,0.0,False,Unmatched
U2779,University of Bolton,United Kingdom,,,,,,,,,,university of bolton,,0.0,False,Unmatched
U2780,The British University in Dubai,United Arab Emirates,,,,,,,,,,british university in dubai,,0.0,False,Unmatched
U2781,Buckinghamshire New University,United Kingdom,,,,,,,,,,buckinghamshire new university,,0.0,False,Unmatched
U2782,Bukhara Engineering Technological Institute,Uzbekistan,,,,,,,,,,bukhara engineering technological institute,,0.0,False,Unmatched
U2783,Bukhara State University,Uzbekistan,,,,,,,,,,bukhara state university,,0.0,False,Unmatched
U2784,Bukhara State Medical Institute,Uzbekistan,,,,,,,,,,bukhara state medical institute,,0.0,False,Unmatched
U2785,Bukkyo University,Japan,,,,,,,,,,bukkyo university,,0.0,False,Unmatched
U2786,Buriram Rajabhat University,Thailand,,,,,,,,,,buriram rajabhat university,,0.0,False,Unmatched
U2787,Çağ University,Turkey,,,,,,,,,,cag university,,0.0,False,Unmatched
U2788,Universidad Camilo José Cela,Spain,,,,,,,,,,universidad camilo jose cela,,0.0,False,Unmatched
U2789,Canadian International College (CIC) – Cairo,Egypt,,,,,,,,,,canadian international college cairo,,0.0,False,Unmatched
U2790,Catholic University of Ávila,Spain,,,,,,,,,,catholic university of avila,,0.0,False,Unmatched
U2791,Catholic University in Erbil,Iraq,,,,,,,,,,catholic university in erbil,,0.0,False,Unmatched
U2792,Universidad Católica de Cuenca,Ecuador,,,,,,,,,,universidad catolica de cuenca,,0.0,False,Unmatched
U2793,Universidad Católica San Pablo,Peru,,,,,,,,,,universidad catolica san pablo,,0.0,False,Unmatched
U2794,Caucasus International University,Georgia,,,,,,,,,,caucasus international university,,0.0,False,Unmatched
U2795,CBS International Business School,Germany,,,,,,,,,,cbs international business school,,0.0,False,Unmatched
U2796,Cebu Technological University,Philippines,,,,,,,,,,cebu technological university,,0.0,False,Unmatched
U2797,CECOS University of IT and Emerging Sciences,Pakistan,,,,,,,,,,cecos university of it and emerging sciences,,0.0,False,Unmatched
U2798,University of Celaya,Mexico,,,,,,,,,,university of celaya,,0.0,False,Unmatched
U2799,University Center Ali Kafi Tindouf,Algeria,,,,,,,,,,university center ali kafi tindouf,,0.0,False,Unmatched
U2800,University Center of Illizi,Algeria,,,,,,,,,,university center of illizi,,0.0,False,Unmatched
U2801,University Center Morsli Abdellah of Tipaza,Algeria,,,,,,,,,,university center morsli abdellah of tipaza,,0.0,False,Unmatched
U2802,University Center of Barika,Algeria,,,,,,,,,,university center of barika,,0.0,False,Unmatched
U2803,Central European University,Austria,,,,,,,,,,central european university,,0.0,False,Unmatched
U2804,Central Luzon State University,Philippines,,,,,,,,,,central luzon state university,,0.0,False,Unmatched
U2805,University of Central Punjab,Pakistan,,,,,,,,,,university of central punjab,,0.0,False,Unmatched
U2806,Centro de Estudios para la Calidad Educativa y la Investigación Científica (CECEIC),Mexico,,,,,,,,,,centro de estudios para la calidad educativa y la investigacion cientifica,,0.0,False,Unmatched
U2807,Centro Universitário Cesuca,Brazil,,,,,,,,,,centro universitario cesuca,,0.0,False,Unmatched
U2808,Centurion University of Technology and Management,India,,,,,,,,,,centurion university of technology and management,,0.0,False,Unmatched
U2809,Universidad César Vallejo,Peru,,,,,,,,,,universidad cesar vallejo,,0.0,False,Unmatched
U2810,CETYS Universidad,Mexico,,,,,,,,,,cetys universidad,,0.0,False,Unmatched
U2811,Charisma University,Turks and Caicos Islands,,,,,,,,,,charisma university,,0.0,False,Unmatched
U2812,Chernihiv Polytechnic National University,Ukraine,,,,,,,,,,chernihiv polytechnic national university,,0.0,False,Unmatched
U2813,Chettinad Academy of Research and Education,India,,,,,,,,,,chettinad academy of research and education,,0.0,False,Unmatched
U2814,University of Chichester,United Kingdom,,,,,,,,,,university of chichester,,0.0,False,Unmatched
U2815,Chinhoyi University of Technology,Zimbabwe,,,,,,,,,,chinhoyi university of technology,,0.0,False,Unmatched
U2816,Universidad Científica del Sur,Peru,,,,,,,,,,universidad cientifica del sur,,0.0,False,Unmatched
U2817,Cihan University – Erbil,Iraq,,,,,,,,,,cihan university erbil,,0.0,False,Unmatched
U2818,Cihan University Sulaimaniya,Iraq,,,,,,,,,,cihan university sulaimaniya,,0.0,False,Unmatched
U2819,"City University of Science and Information Technology, Peshawar",Pakistan,,,,,,,,,,city university of science and information technology peshawar,,0.0,False,Unmatched
U2820,Civil Aviation Academy,Kazakhstan,,,,,,,,,,civil aviation academy,,0.0,False,Unmatched
U2821,University of Civil Protection,Belarus,,,,,,,,,,university of civil protection,,0.0,False,Unmatched
U2822,Conservatoire for Dance and Drama,United Kingdom,,,,,,,,,,conservatoire for dance and drama,,0.0,False,Unmatched
U2823,University of Constantine 3,Algeria,,,,,,,,,,university of constantine 3,,0.0,False,Unmatched
U2824,Courtauld Institute of Art,United Kingdom,,,,,,,,,,courtauld institute of art,,0.0,False,Unmatched
U2825,Cranfield University,United Kingdom,,,,,,,,,,cranfield university,,0.0,False,Unmatched
U2826,University for the Creative Arts,United Kingdom,,,,,,,,,,university for the creative arts,,0.0,False,Unmatched
U2827,University of Cumbria,United Kingdom,,,,,,,,,,university of cumbria,,0.0,False,Unmatched
U2828,University of Cyberjaya,Malaysia,,,,,,,,,,university of cyberjaya,,0.0,False,Unmatched
U2829,Cyprus Health and Social Sciences University,Northern Cyprus,,,,,,,,,,cyprus health and social sciences university,,0.0,False,Unmatched
U2830,Daffodil International University (DIU),Bangladesh,,,,,,,,,,daffodil international university,,0.0,False,Unmatched
U2831,Daneshpajoohan Pishro Higher Education Institute,Iran,,,,,,,,,,daneshpajoohan pishro higher education institute,,0.0,False,Unmatched
U2832,Dawood University of Engineering and Technology,Pakistan,,,,,,,,,,dawood university of engineering and technology,,0.0,False,Unmatched
U2833,Debre Tabor University,Ethiopia,,,,,,,,,,debre tabor university,,0.0,False,Unmatched
U2834,Delta University for Science and Technology,Egypt,,,,,,,,,,delta university for science and technology,,0.0,False,Unmatched
U2835,"Delta State University, Abraka",Nigeria,,,,,,,,,,delta state university abraka,,0.0,False,Unmatched
U2836,Denau Institute of Entrepreneurship and Pedagogy,Uzbekistan,,,,,,,,,,denau institute of entrepreneurship and pedagogy,,0.0,False,Unmatched
U2837,Dhaka International University,Bangladesh,,,,,,,,,,dhaka international university,,0.0,False,Unmatched
U2838,DHA Suffa University,Pakistan,,,,,,,,,,dha suffa university,,0.0,False,Unmatched
U2839,Dhofar University,Oman,,,,,,,,,,dhofar university,,0.0,False,Unmatched
U2840,University of Djilali Bounaama Khemis Miliana,Algeria,,,,,,,,,,university of djilali bounaama khemis miliana,,0.0,False,Unmatched
U2841,Don Bosco University,India,,,,,,,,,,don bosco university,,0.0,False,Unmatched
U2842,Donetsk National University of Economics and Trade named after Mykhailo Tuhan-Baranovsky (DonNUET),Ukraine,,,,,,,,,,donetsk national university of economics and trade named after mykhailo tuhan baranovsky,,0.0,False,Unmatched
U2843,Dovletmammet Azadi Turkmen National Institute of World Languages,Turkmenistan,,,,,,,,,,dovletmammet azadi turkmen national institute of world languages,,0.0,False,Unmatched
U2844,"Dr D. Y. Patil Vidyapeeth, Pune",India,,,,,,,,,,dr d y patil vidyapeeth pune,,0.0,False,Unmatched
U2845,Dr. M.G.R. Educational and Research Institute,India,,,,,,,,,,dr m g r educational and research institute,,0.0,False,Unmatched
U2846,D. Serikbayev East Kazakhstan Technical University,Kazakhstan,,,,,,,,,,d serikbayev east kazakhstan technical university,,0.0,False,Unmatched
U2847,University of Duhok,Iraq,,,,,,,,,,university of duhok,,0.0,False,Unmatched
U2848,Dulaty University,Kazakhstan,,,,,,,,,,dulaty university,,0.0,False,Unmatched
U2849,EAE Business School,Spain,,,,,,,,,,eae business school,,0.0,False,Unmatched
U2850,EAN University,Colombia,,,,,,,,,,ean university,,0.0,False,Unmatched
U2851,University of Eastern Philippines,Philippines,,,,,,,,,,university of eastern philippines,,0.0,False,Unmatched
U2852,École Nationale Polytechnique,Algeria,,,,,,,,,,ecole nationale polytechnique,,0.0,False,Unmatched
U2853,École Nationale Polytechnique d’Oran Maurice Audin,Algeria,,,,,,,,,,ecole nationale polytechnique d oran maurice audin,,0.0,False,Unmatched
U2854,École Nationale Supérieure Agronomique,Algeria,,,,,,,,,,ecole nationale superieure agronomique,,0.0,False,Unmatched
U2855,"École Nationale Supérieure Agronomique, Algiers",Algeria,,,,,,,,,,ecole nationale superieure agronomique algiers,,0.0,False,Unmatched
U2856,École Nationale Supérieure de Biotechnologie Taoufik Khaznadar (ENSB),Algeria,,,,,,,,,,ecole nationale superieure de biotechnologie taoufik khaznadar,,0.0,False,Unmatched
U2857,École Nationale Supérieure d’Informatique (ESI),Algeria,,,,,,,,,,ecole nationale superieure d informatique,,0.0,False,Unmatched
U2858,École Nationale Supérieure de Management Koléa,Algeria,,,,,,,,,,ecole nationale superieure de management kolea,,0.0,False,Unmatched
U2859,École Nationale Supérieure des Sciences de la Mer et de l’Aménagement du Littoral (ENSSMAL),Algeria,,,,,,,,,,ecole nationale superieure des sciences de la mer et de l amenagement du littoral,,0.0,False,Unmatched
U2860,École Nationale Supérieure Vétérinaire d’Alger,Algeria,,,,,,,,,,ecole nationale superieure veterinaire d alger,,0.0,False,Unmatched
U2861,École National Polytechnique de Constantine,Algeria,,,,,,,,,,ecole national polytechnique de constantine,,0.0,False,Unmatched
U2862,École Normale Supérieure de Béchar,Algeria,,,,,,,,,,ecole normale superieure de bechar,,0.0,False,Unmatched
U2863,École Normale Supérieure de Bouzaréah,Algeria,,,,,,,,,,ecole normale superieure de bouzareah,,0.0,False,Unmatched
U2864,École Normale Supérieure El Katiba Assia Djebar Constantine (ENSC),Algeria,,,,,,,,,,ecole normale superieure el katiba assia djebar constantine,,0.0,False,Unmatched
U2865,École Normale Supérieure de Kouba,Algeria,,,,,,,,,,ecole normale superieure de kouba,,0.0,False,Unmatched
U2866,École Normale Supérieure de Laghouat,Algeria,,,,,,,,,,ecole normale superieure de laghouat,,0.0,False,Unmatched
U2867,École Normale Supérieure d’Oran,Algeria,,,,,,,,,,ecole normale superieure d oran,,0.0,False,Unmatched
U2868,École Polytechnique d’Architecture et d’Urbanisme,Algeria,,,,,,,,,,ecole polytechnique d architecture et d urbanisme,,0.0,False,Unmatched
U2869,École Supérieure de Comptabilité et de Finances de Constantine,Algeria,,,,,,,,,,ecole superieure de comptabilite et de finances de constantine,,0.0,False,Unmatched
U2870,École Supérieure en Informatique 8 Mai 1945 de Sidi-Bel-Abbès,Algeria,,,,,,,,,,ecole superieure en informatique 8 mai 1945 de sidi bel abbes,,0.0,False,Unmatched
U2871,École Supérieure en Sciences Appliquées de Tlemcen,Algeria,,,,,,,,,,ecole superieure en sciences appliquees de tlemcen,,0.0,False,Unmatched
U2872,École Supérieure en Sciences Biologiques d’Oran (ESSBO),Algeria,,,,,,,,,,ecole superieure en sciences biologiques d oran,,0.0,False,Unmatched
U2873,École Supérieure en Sciences et Technologies de l’Informatique et du Numérique (ESTIN),Algeria,,,,,,,,,,ecole superieure en sciences et technologies de l informatique et du numerique,,0.0,False,Unmatched
U2874,University of Economics – Varna,Bulgaria,,,,,,,,,,university of economics varna,,0.0,False,Unmatched
U2875,Edo State University Uzairue,Nigeria,,,,,,,,,,edo state university uzairue,,0.0,False,Unmatched
U2876,Edwin Clark University,Nigeria,,,,,,,,,,edwin clark university,,0.0,False,Unmatched
U2877,Egerton University,Kenya,,,,,,,,,,egerton university,,0.0,False,Unmatched
U2878,Egyptian Russian University,Egypt,,,,,,,,,,egyptian russian university,,0.0,False,Unmatched
U2879,Elizade University,Nigeria,,,,,,,,,,elizade university,,0.0,False,Unmatched
U2880,University of El Oued,Algeria,,,,,,,,,,university of el oued,,0.0,False,Unmatched
U2881,Emir Abdelkader University of Islamic Sciences,Algeria,,,,,,,,,,emir abdelkader university of islamic sciences,,0.0,False,Unmatched
U2882,"Institute of Engineering, Technical and Transport Communications of Turkmenistan",Turkmenistan,,,,,,,,,,institute of engineering technical and transport communications of turkmenistan,,0.0,False,Unmatched
U2883,Escola Superior de Enfermagem do Porto (ESEP),Portugal,,,,,,,,,,escola superior de enfermagem do porto,,0.0,False,Unmatched
U2884,Escuela Superior Politécnica de Chimborazo,Ecuador,,,,,,,,,,escuela superior politecnica de chimborazo,,0.0,False,Unmatched
U2885,ESIC University,Spain,,,,,,,,,,esic university,,0.0,False,Unmatched
U2886,Eskişehir Technical University,Turkey,,,,,,,,,,eskisehir technical university,,0.0,False,Unmatched
U2887,Universidade Estadual do Maranhão,Brazil,,,,,,,,,,universidade estadual do maranhao,,0.0,False,Unmatched
U2888,Universidade Estadual do Norte do Paraná (UENP),Brazil,,,,,,,,,,universidade estadual do norte do parana,,0.0,False,Unmatched
U2889,European University,Georgia,,,,,,,,,,european university,,0.0,False,Unmatched
U2890,European University of Armenia,Armenia,,,,,,,,,,european university of armenia,,0.0,False,Unmatched
U2891,European University Cyprus,Cyprus,,,,,,,,,,european university cyprus,,0.0,False,Unmatched
U2892,European University of Tunis,Tunisia,,,,,,,,,,european university of tunis,,0.0,False,Unmatched
U2893,"Evangel University, Akaeze",Nigeria,,,,,,,,,,evangel university akaeze,,0.0,False,Unmatched
U2894,Falmouth University,United Kingdom,,,,,,,,,,falmouth university,,0.0,False,Unmatched
U2895,Federal University of Kashere,Nigeria,,,,,,,,,,federal university of kashere,,0.0,False,Unmatched
U2896,Federal University of Latin American Integration (UNILA),Brazil,,,,,,,,,,federal university of latin american integration,,0.0,False,Unmatched
U2897,Federal University of Paraí­ba (UFPB),Brazil,,,,,,,,,,federal university of parai ba,,0.0,False,Unmatched
U2898,"Federal University of Petroleum Resources, Effurun",Nigeria,,,,,,,,,,federal university of petroleum resources effurun,,0.0,False,Unmatched
U2899,"Federal University of Technology, Minna",Nigeria,,,,,,,,,,federal university of technology minna,,0.0,False,Unmatched
U2900,"Federal University of Technology, Owerri",Nigeria,,,,,,,,,,federal university of technology owerri,,0.0,False,Unmatched
U2901,Fergana Medical Institute of Public Health,Uzbekistan,,,,,,,,,,fergana medical institute of public health,,0.0,False,Unmatched
U2902,Fergana Polytechnic Institute,Uzbekistan,,,,,,,,,,fergana polytechnic institute,,0.0,False,Unmatched
U2903,Fergana State University,Uzbekistan,,,,,,,,,,fergana state university,,0.0,False,Unmatched
U2904,Finis Terrae University,Chile,,,,,,,,,,finis terrae university,,0.0,False,Unmatched
U2905,Forman Christian College,Pakistan,,,,,,,,,,forman christian college,,0.0,False,Unmatched
U2906,Fountain University,Nigeria,,,,,,,,,,fountain university,,0.0,False,Unmatched
U2907,University of Franca,Brazil,,,,,,,,,,university of franca,,0.0,False,Unmatched
U2908,Francisk Skorina Gomel State University,Belarus,,,,,,,,,,francisk skorina gomel state university,,0.0,False,Unmatched
U2909,Fukushima University,Japan,,,,,,,,,,fukushima university,,0.0,False,Unmatched
U2910,University of Gafsa,Tunisia,,,,,,,,,,university of gafsa,,0.0,False,Unmatched
U2911,Gangadhar Meher University,India,,,,,,,,,,gangadhar meher university,,0.0,False,Unmatched
U2912,University of Garmian,Iraq,,,,,,,,,,university of garmian,,0.0,False,Unmatched
U2913,General Sir John Kotelawala Defence University,Sri Lanka,,,,,,,,,,general sir john kotelawala defence university,,0.0,False,Unmatched
U2914,University of Ghardaia,Algeria,,,,,,,,,,university of ghardaia,,0.0,False,Unmatched
U2915,Ghulam Ishaq Khan Institute of Engineering Sciences and Technology,Pakistan,,,,,,,,,,ghulam ishaq khan institute of engineering sciences and technology,,0.0,False,Unmatched
U2916,Glasgow School of Art,United Kingdom,,,,,,,,,,glasgow school of art,,0.0,False,Unmatched
U2917,Gomel State Medical University,Belarus,,,,,,,,,,gomel state medical university,,0.0,False,Unmatched
U2918,The Government Sadiq College Women University Bahawalpur,Pakistan,,,,,,,,,,government sadiq college women university bahawalpur,,0.0,False,Unmatched
U2919,Government College Women University Faisalabad,Pakistan,,,,,,,,,,government college women university faisalabad,,0.0,False,Unmatched
U2920,"Government College Women University, Sialkot",Pakistan,,,,,,,,,,government college women university sialkot,,0.0,False,Unmatched
U2921,"The Graduate University for Advanced Studies, SOKENDAI",Japan,,,,,,,,,,graduate university for advanced studies sokendai,,0.0,False,Unmatched
U2922,Guildhall School of Music and Drama,United Kingdom,,,,,,,,,,guildhall school of music and drama,,0.0,False,Unmatched
U2923,Gulf College,Oman,,,,,,,,,,gulf college,,0.0,False,Unmatched
U2924,Gulf Medical University,United Arab Emirates,,,,,,,,,,gulf medical university,,0.0,False,Unmatched
U2925,Gulistan State University,Uzbekistan,,,,,,,,,,gulistan state university,,0.0,False,Unmatched
U2926,University of Hafr Al Batin,Saudi Arabia,,,,,,,,,,university of hafr al batin,,0.0,False,Unmatched
U2927,Hagoromo University of International Studies,Japan,,,,,,,,,,hagoromo university of international studies,,0.0,False,Unmatched
U2928,Hakuoh University,Japan,,,,,,,,,,hakuoh university,,0.0,False,Unmatched
U2929,Haliç University,Turkey,,,,,,,,,,halic university,,0.0,False,Unmatched
U2930,Häme University of Applied Sciences,Finland,,,,,,,,,,hame university of applied sciences,,0.0,False,Unmatched
U2931,Hanseo University,South Korea,,,,,,,,,,hanseo university,,0.0,False,Unmatched
U2932,Hartpury University,United Kingdom,,,,,,,,,,hartpury university,,0.0,False,Unmatched
U2933,Hawler Medical University,Iraq,,,,,,,,,,hawler medical university,,0.0,False,Unmatched
U2934,University of Health Sciences Lahore,Pakistan,,,,,,,,,,university of health sciences lahore,,0.0,False,Unmatched
U2935,"University of Health Sciences, Turkey",Turkey,,,,,,,,,,university of health sciences turkey,,0.0,False,Unmatched
U2936,School of Higher Commercial Studies (EHEC Algiers),Algeria,,,,,,,,,,school of higher commercial studies,,0.0,False,Unmatched
U2937,"Higher National School of Renewable Energies, Environment and Sustainable Development",Algeria,,,,,,,,,,higher national school of renewable energies environment and sustainable development,,0.0,False,Unmatched
U2938,Higher School of Management and Digital Economy (HSMDE),Algeria,,,,,,,,,,higher school of management and digital economy,,0.0,False,Unmatched
U2939,Higher School of Agronomy – Mostaganem (ESAM),Algeria,,,,,,,,,,higher school of agronomy mostaganem,,0.0,False,Unmatched
U2940,Higher School of Management – Tlemcen,Algeria,,,,,,,,,,higher school of management tlemcen,,0.0,False,Unmatched
U2941,University of the Highlands and Islands,United Kingdom,,,,,,,,,,university of the highlands and islands,,0.0,False,Unmatched
U2942,Hilla University College,Iraq,,,,,,,,,,hilla university college,,0.0,False,Unmatched
U2943,Hiroshima International University,Japan,,,,,,,,,,hiroshima international university,,0.0,False,Unmatched
U2944,Hiroshima Shudo University,Japan,,,,,,,,,,hiroshima shudo university,,0.0,False,Unmatched
U2945,Hiroshima Institute of Technology,Japan,,,,,,,,,,hiroshima institute of technology,,0.0,False,Unmatched
U2946,Ho Chi Minh City Open University,Vietnam,,,,,,,,,,ho chi minh city open university,,0.0,False,Unmatched
U2947,Hodeida University,Yemen,,,,,,,,,,hodeida university,,0.0,False,Unmatched
U2948,Hokkaido University of Science,Japan,,,,,,,,,,hokkaido university of science,,0.0,False,Unmatched
U2949,University of Home Economics Lahore,Pakistan,,,,,,,,,,university of home economics lahore,,0.0,False,Unmatched
U2950,Ho Technical University,Ghana,,,,,,,,,,ho technical university,,0.0,False,Unmatched
U2951,Hryhorii Skovoroda University in Pereiaslav,Ukraine,,,,,,,,,,hryhorii skovoroda university in pereiaslav,,0.0,False,Unmatched
U2952,University of Human Development,Iraq,,,,,,,,,,university of human development,,0.0,False,Unmatched
U2953,Hyogo University of Teacher Education,Japan,,,,,,,,,,hyogo university of teacher education,,0.0,False,Unmatched
U2954,Ibn Khaldoun University,Algeria,,,,,,,,,,ibn khaldoun university,,0.0,False,Unmatched
U2955,"ICFAI University, Dehradun",India,,,,,,,,,,icfai university dehradun,,0.0,False,Unmatched
U2956,IFHE Hyderabad,India,,,,,,,,,,ifhe hyderabad,,0.0,False,Unmatched
U2957,Ilma University,Pakistan,,,,,,,,,,ilma university,,0.0,False,Unmatched
U2958,Imam Al-Kadhum College (IKC),Iraq,,,,,,,,,,imam al kadhum college,,0.0,False,Unmatched
U2959,IMT Mines Alès,France,,,,,,,,,,imt mines ales,,0.0,False,Unmatched
U2960,"Independent University, Bangladesh",Bangladesh,,,,,,,,,,independent university bangladesh,,0.0,False,Unmatched
U2961,Indira Gandhi Delhi Technical University for Women,India,,,,,,,,,,indira gandhi delhi technical university for women,,0.0,False,Unmatched
U2962,Information Technology University of the Punjab,Pakistan,,,,,,,,,,information technology university of the punjab,,0.0,False,Unmatched
U2963,Innopolis University,Russian Federation,,,,,,,,,,innopolis university,,0.0,False,Unmatched
U2964,Institute of Cancer Research,United Kingdom,,,,,,,,,,institute of cancer research,,0.0,False,Unmatched
U2965,Universidad Internacional del Ecuador,Ecuador,,,,,,,,,,universidad internacional del ecuador,,0.0,False,Unmatched
U2966,International American University,United States,,,,,,,,,,international american university,,0.0,False,Unmatched
U2967,International Engineering and Technology University (METU),Kazakhstan,,,,,,,,,,international engineering and technology university,,0.0,False,Unmatched
U2968,International University for the Humanities and Development,Turkmenistan,,,,,,,,,,international university for the humanities and development,,0.0,False,Unmatched
U2969,International IT University,Kazakhstan,,,,,,,,,,international it university,,0.0,False,Unmatched
U2970,International University of Rabat,Morocco,,,,,,,,,,international university of rabat,,0.0,False,Unmatched
U2971,Institute of International Relations of the Ministry of Foreign Affairs of Turkmenistan,Turkmenistan,,,,,,,,,,institute of international relations of the ministry of foreign affairs of turkmenistan,,0.0,False,Unmatched
U2972,Inter-State School of Veterinary Sciences and Medicine,Senegal,,,,,,,,,,inter state school of veterinary sciences and medicine,,0.0,False,Unmatched
U2973,Ionian University,Greece,,,,,,,,,,ionian university,,0.0,False,Unmatched
U2974,Ion Mincu University of Architecture and Urbanism,Romania,,,,,,,,,,ion mincu university of architecture and urbanism,,0.0,False,Unmatched
U2975,Iqra University,Pakistan,,,,,,,,,,iqra university,,0.0,False,Unmatched
U2976,The Islamic University,Iraq,,,,,,,,,,islamic university,,0.0,False,Unmatched
U2977,Islamic University of Gaza,Palestine,,,,,,,,,,islamic university of gaza,,0.0,False,Unmatched
U2978,Universitas Islam Sultan Agung,Indonesia,,,,,,,,,,universitas islam sultan agung,,0.0,False,Unmatched
U2979,Isra University,Jordan,,,,,,,,,,isra university,,0.0,False,Unmatched
U2980,Israel Technological University,Ecuador,,,,,,,,,,israel technological university,,0.0,False,Unmatched
U2981,Istanbul Arel University,Turkey,,,,,,,,,,istanbul arel university,,0.0,False,Unmatched
U2982,Istanbul Gelişim University,Turkey,,,,,,,,,,istanbul gelisim university,,0.0,False,Unmatched
U2983,Istanbul Kültür University,Turkey,,,,,,,,,,istanbul kultur university,,0.0,False,Unmatched
U2984,Istanbul Okan University,Turkey,,,,,,,,,,istanbul okan university,,0.0,False,Unmatched
U2985,IUBAT – International University of Business Agriculture and Technology,Bangladesh,,,,,,,,,,iubat international university of business agriculture and technology,,0.0,False,Unmatched
U2986,Universita IULM,Italy,,,,,,,,,,universita iulm,,0.0,False,Unmatched
U2987,Ivano Frankivsk National Technical University of Oil and Gas,Ukraine,,,,,,,,,,ivano frankivsk national technical university of oil and gas,,0.0,False,Unmatched
U2988,Jabir ibn Hayyan Medical University,Iraq,,,,,,,,,,jabir ibn hayyan medical university,,0.0,False,Unmatched
U2989,Jadara University,Jordan,,,,,,,,,,jadara university,,0.0,False,Unmatched
U2990,Japan Advanced Institute of Science and Technology (JAIST),Japan,,,,,,,,,,japan advanced institute of science and technology,,0.0,False,Unmatched
U2991,Japan University of Economics,Japan,,,,,,,,,,japan university of economics,,0.0,False,Unmatched
U2992,Jashore University of Science and Technology,Bangladesh,,,,,,,,,,jashore university of science and technology,,0.0,False,Unmatched
U2993,University of Jendouba,Tunisia,,,,,,,,,,university of jendouba,,0.0,False,Unmatched
U2994,Jizzakh Polytechnic Institute,Uzbekistan,,,,,,,,,,jizzakh polytechnic institute,,0.0,False,Unmatched
U2995,Jizzakh State Pedagogical University,Uzbekistan,,,,,,,,,,jizzakh state pedagogical university,,0.0,False,Unmatched
U2996,John von Neumann University,Hungary,,,,,,,,,,john von neumann university,,0.0,False,Unmatched
U2997,Kabarak University,Kenya,,,,,,,,,,kabarak university,,0.0,False,Unmatched
U2998,Kabardino-Balkarian State University,Russian Federation,,,,,,,,,,kabardino balkarian state university,,0.0,False,Unmatched
U2999,University of Kabianga,Kenya,,,,,,,,,,university of kabianga,,0.0,False,Unmatched
U3000,Kadir Has University,Turkey,,,,,,,,,,kadir has university,,0.0,False,Unmatched
U3001,Kamianets-Podіlskyi Ivan Ohiienko National University,Ukraine,,,,,,,,,,kamianets pod lskyi ivan ohiienko national university,,0.0,False,Unmatched
U3002,Karaganda University of Kazpotrebsoyuz,Kazakhstan,,,,,,,,,,karaganda university of kazpotrebsoyuz,,0.0,False,Unmatched
U3003,Karakalpak State University,Uzbekistan,,,,,,,,,,karakalpak state university,,0.0,False,Unmatched
U3004,Karshi Engineering Economics Institute,Uzbekistan,,,,,,,,,,karshi engineering economics institute,,0.0,False,Unmatched
U3005,Kazakh National Pedagogical University Abai,Kazakhstan,,,,,,,,,,kazakh national pedagogical university abai,,0.0,False,Unmatched
U3006,Kazakh National Women’s Teacher Training University,Kazakhstan,,,,,,,,,,kazakh national women s teacher training university,,0.0,False,Unmatched
U3007,Kazakhstan Medical University KSPH,Kazakhstan,,,,,,,,,,kazakhstan medical university ksph,,0.0,False,Unmatched
U3008,Kazan State Power Engineering University,Russian Federation,,,,,,,,,,kazan state power engineering university,,0.0,False,Unmatched
U3009,Keisen University,Japan,,,,,,,,,,keisen university,,0.0,False,Unmatched
U3010,Kharkiv University of Humanities “People’s Ukrainian Academy”,Ukraine,,,,,,,,,,kharkiv university of humanities people s ukrainian academy,,0.0,False,Unmatched
U3011,Kharkiv National Automobile and Highway University,Ukraine,,,,,,,,,,kharkiv national automobile and highway university,,0.0,False,Unmatched
U3012,Kharkiv National University of Internal Affairs,Ukraine,,,,,,,,,,kharkiv national university of internal affairs,,0.0,False,Unmatched
U3013,Khazar University,Azerbaijan,,,,,,,,,,khazar university,,0.0,False,Unmatched
U3014,Khulna University of Engineering and Technology (KUET),Bangladesh,,,,,,,,,,khulna university of engineering and technology,,0.0,False,Unmatched
U3015,Khwaja Fareed University of Engineering and Information Technology,Pakistan,,,,,,,,,,khwaja fareed university of engineering and information technology,,0.0,False,Unmatched
U3016,Khyber Medical University,Pakistan,,,,,,,,,,khyber medical university,,0.0,False,Unmatched
U3017,Kimyo International University in Tashkent,Uzbekistan,,,,,,,,,,kimyo international university in tashkent,,0.0,False,Unmatched
U3018,King Abdullah University of Science and Technology (KAUST),Saudi Arabia,,,,,,,,,,king abdullah university of science and technology,,0.0,False,Unmatched
U3019,King Danylo University,Ukraine,,,,,,,,,,king danylo university,,0.0,False,Unmatched
U3020,King Edward Medical University,Pakistan,,,,,,,,,,king edward medical university,,0.0,False,Unmatched
U3021,Kinnaird College for Women,Pakistan,,,,,,,,,,kinnaird college for women,,0.0,False,Unmatched
U3022,University of Kirkuk,Iraq,,,,,,,,,,university of kirkuk,,0.0,False,Unmatched
U3023,Kitami Institute of Technology,Japan,,,,,,,,,,kitami institute of technology,,0.0,False,Unmatched
U3024,Knowledge University,Iraq,,,,,,,,,,knowledge university,,0.0,False,Unmatched
U3025,Kobe Gakuin University,Japan,,,,,,,,,,kobe gakuin university,,0.0,False,Unmatched
U3026,Kocaeli Health and Technology University,Turkey,,,,,,,,,,kocaeli health and technology university,,0.0,False,Unmatched
U3027,Kohsar University Murree,Pakistan,,,,,,,,,,kohsar university murree,,0.0,False,Unmatched
U3028,Kokshetau State University,Kazakhstan,,,,,,,,,,kokshetau state university,,0.0,False,Unmatched
U3029,Kokugakuin University,Japan,,,,,,,,,,kokugakuin university,,0.0,False,Unmatched
U3030,Konan University,Japan,,,,,,,,,,konan university,,0.0,False,Unmatched
U3031,Konan Women’s University,Japan,,,,,,,,,,konan women s university,,0.0,False,Unmatched
U3032,Koya University,Iraq,,,,,,,,,,koya university,,0.0,False,Unmatched
U3033,KPR Institute of Engineering and Technology,India,,,,,,,,,,kpr institute of engineering and technology,,0.0,False,Unmatched
U3034,Kumasi Technical University,Ghana,,,,,,,,,,kumasi technical university,,0.0,False,Unmatched
U3035,Kursk State Medical University,Russian Federation,,,,,,,,,,kursk state medical university,,0.0,False,Unmatched
U3036,Kütahya Health Sciences University,Turkey,,,,,,,,,,kutahya health sciences university,,0.0,False,Unmatched
U3037,Kutaisi University,Georgia,,,,,,,,,,kutaisi university,,0.0,False,Unmatched
U3038,Kuwait College of Science and Technology (KCST),Kuwait,,,,,,,,,,kuwait college of science and technology,,0.0,False,Unmatched
U3039,Kyiv National Economic University,Ukraine,,,,,,,,,,kyiv national economic university,,0.0,False,Unmatched
U3040,Kyoai Gakuen University,Japan,,,,,,,,,,kyoai gakuen university,,0.0,False,Unmatched
U3041,Kyoto Koka Women’s University,Japan,,,,,,,,,,kyoto koka women s university,,0.0,False,Unmatched
U3042,Kyoto Notre Dame University,Japan,,,,,,,,,,kyoto notre dame university,,0.0,False,Unmatched
U3043,K. Zhubanov Aktobe Regional University,Kazakhstan,,,,,,,,,,k zhubanov aktobe regional university,,0.0,False,Unmatched
U3044,Lahore Leads University,Pakistan,,,,,,,,,,lahore leads university,,0.0,False,Unmatched
U3045,Landmark University,Nigeria,,,,,,,,,,landmark university,,0.0,False,Unmatched
U3046,Larbi Tebessi University,Algeria,,,,,,,,,,larbi tebessi university,,0.0,False,Unmatched
U3047,La Salle University,Colombia,,,,,,,,,,la salle university,,0.0,False,Unmatched
U3048,University of Las Américas (UDLA),Ecuador,,,,,,,,,,university of las americas,,0.0,False,Unmatched
U3049,Leeds Arts University,United Kingdom,,,,,,,,,,leeds arts university,,0.0,False,Unmatched
U3050,Leeds Conservatoire,United Kingdom,,,,,,,,,,leeds conservatoire,,0.0,False,Unmatched
U3051,Leeds Trinity University,United Kingdom,,,,,,,,,,leeds trinity university,,0.0,False,Unmatched
U3052,Lesya Ukrainka Volyn National University,Ukraine,,,,,,,,,,lesya ukrainka volyn national university,,0.0,False,Unmatched
U3053,Liaquat University of Medical and Health Sciences (LUMHS),Pakistan,,,,,,,,,,liaquat university of medical and health sciences,,0.0,False,Unmatched
U3054,University of Liberal Arts Bangladesh,Bangladesh,,,,,,,,,,university of liberal arts bangladesh,,0.0,False,Unmatched
U3055,Lincoln University College,Malaysia,,,,,,,,,,lincoln university college,,0.0,False,Unmatched
U3056,Lira University,Uganda,,,,,,,,,,lira university,,0.0,False,Unmatched
U3057,Université du Littoral Côte d’Opale,France,,,,,,,,,,universite du littoral cote d opale,,0.0,False,Unmatched
U3058,Liverpool Hope University,United Kingdom,,,,,,,,,,liverpool hope university,,0.0,False,Unmatched
U3059,Liverpool Institute for Performing Arts,United Kingdom,,,,,,,,,,liverpool institute for performing arts,,0.0,False,Unmatched
U3060,Liverpool School of Tropical Medicine,United Kingdom,,,,,,,,,,liverpool school of tropical medicine,,0.0,False,Unmatched
U3061,The LNM Institute of Information Technology,India,,,,,,,,,,lnm institute of information technology,,0.0,False,Unmatched
U3062,London Academy of Music and Dramatic Art (LAMDA),United Kingdom,,,,,,,,,,london academy of music and dramatic art,,0.0,False,Unmatched
U3063,London Business School,United Kingdom,,,,,,,,,,london business school,,0.0,False,Unmatched
U3064,London School of Hygiene and Tropical Medicine,United Kingdom,,,,,,,,,,london school of hygiene and tropical medicine,,0.0,False,Unmatched
U3065,Lviv State University of Life Safety,Ukraine,,,,,,,,,,lviv state university of life safety,,0.0,False,Unmatched
U3066,University of Magallanes,Chile,,,,,,,,,,university of magallanes,,0.0,False,Unmatched
U3067,Universidad del Magdalena,Colombia,,,,,,,,,,universidad del magdalena,,0.0,False,Unmatched
U3068,University Centre of Maghnia,Algeria,,,,,,,,,,university centre of maghnia,,0.0,False,Unmatched
U3069,Mahatma Jyotiba Phule Rohilkhand University,India,,,,,,,,,,mahatma jyotiba phule rohilkhand university,,0.0,False,Unmatched
U3070,Malawi University of Science and Technology (MUST),Malawi,,,,,,,,,,malawi university of science and technology,,0.0,False,Unmatched
U3071,Management Development Institute (MDI),India,,,,,,,,,,management development institute,,0.0,False,Unmatched
U3072,Management & Science University (MSU),Malaysia,,,,,,,,,,management science university,,0.0,False,Unmatched
U3073,Universidad Manuela Beltrán,Colombia,,,,,,,,,,universidad manuela beltran,,0.0,False,Unmatched
U3074,Mapúa University,Philippines,,,,,,,,,,mapua university,,0.0,False,Unmatched
U3075,Margulan University,Kazakhstan,,,,,,,,,,margulan university,,0.0,False,Unmatched
U3076,Mariano Marcos State University,Philippines,,,,,,,,,,mariano marcos state university,,0.0,False,Unmatched
U3077,Maritime University of Szczecin,Poland,,,,,,,,,,maritime university of szczecin,,0.0,False,Unmatched
U3078,M. Auezov South Kazakhstan University,Kazakhstan,,,,,,,,,,m auezov south kazakhstan university,,0.0,False,Unmatched
U3079,Universidad Mayor de San Simón,Bolivia,,,,,,,,,,universidad mayor de san simon,,0.0,False,Unmatched
U3080,University of Medea,Algeria,,,,,,,,,,university of medea,,0.0,False,Unmatched
U3081,University of Medellín,Colombia,,,,,,,,,,university of medellin,,0.0,False,Unmatched
U3082,Medizinische Hochschule Hannover,Germany,,,,,,,,,,medizinische hochschule hannover,,0.0,False,Unmatched
U3083,Meikai University,Japan,,,,,,,,,,meikai university,,0.0,False,Unmatched
U3084,Universitas Mercu Buana,Indonesia,,,,,,,,,,universitas mercu buana,,0.0,False,Unmatched
U3085,Middle East University,Jordan,,,,,,,,,,middle east university,,0.0,False,Unmatched
U3086,Mindanao State University – Iligan Institute of Technology,Philippines,,,,,,,,,,mindanao state university iligan institute of technology,,0.0,False,Unmatched
U3087,Minhaj University Lahore,Pakistan,,,,,,,,,,minhaj university lahore,,0.0,False,Unmatched
U3088,University of Misan,Iraq,,,,,,,,,,university of misan,,0.0,False,Unmatched
U3089,Misr University for Science and Technology,Egypt,,,,,,,,,,misr university for science and technology,,0.0,False,Unmatched
U3090,Mizoram University,India,,,,,,,,,,mizoram university,,0.0,False,Unmatched
U3091,M. Kumarasamy College of Engineering,India,,,,,,,,,,m kumarasamy college of engineering,,0.0,False,Unmatched
U3092,"MNS University of Agriculture, Multan",Pakistan,,,,,,,,,,mns university of agriculture multan,,0.0,False,Unmatched
U3093,Modern University for Business and Science,Lebanon,,,,,,,,,,modern university for business and science,,0.0,False,Unmatched
U3094,Université Mohamed El Bachir El Ibrahimi de Bordj Bou Arréridj,Algeria,,,,,,,,,,universite mohamed el bachir el ibrahimi de bordj bou arreridj,,0.0,False,Unmatched
U3095,University of Mohamed Lamine Debaghin Setif 2,Algeria,,,,,,,,,,university of mohamed lamine debaghin setif 2,,0.0,False,Unmatched
U3096,Monroe College,United States,,,,,,,,,,monroe college,,0.0,False,Unmatched
U3097,University of Monterrey,Mexico,,,,,,,,,,university of monterrey,,0.0,False,Unmatched
U3098,Russian Biotechnological University (BIOTECH),Russian Federation,,,,,,,,,,russian biotechnological university,,0.0,False,Unmatched
U3099,Moscow State Linguistic University,Russian Federation,,,,,,,,,,moscow state linguistic university,,0.0,False,Unmatched
U3100,Moscow Technical University of Communications and Informatics,Russian Federation,,,,,,,,,,moscow technical university of communications and informatics,,0.0,False,Unmatched
U3101,University of Mostar,Bosnia and Herzegovina,,,,,,,,,,university of mostar,,0.0,False,Unmatched
U3102,Muban Chombueng Rajabhat University,Thailand,,,,,,,,,,muban chombueng rajabhat university,,0.0,False,Unmatched
U3103,Mukogawa Women’s University,Japan,,,,,,,,,,mukogawa women s university,,0.0,False,Unmatched
U3104,Mulungushi University,Zambia,,,,,,,,,,mulungushi university,,0.0,False,Unmatched
U3105,Musashino University,Japan,,,,,,,,,,musashino university,,0.0,False,Unmatched
U3106,Universidad Nacional Abierta y a Distancia (UNAD),Colombia,,,,,,,,,,universidad nacional abierta y a distancia,,0.0,False,Unmatched
U3107,Universidad Nacional de Asunción,Paraguay,,,,,,,,,,universidad nacional de asuncion,,0.0,False,Unmatched
U3108,Universidad Nacional de Chimborazo,Ecuador,,,,,,,,,,universidad nacional de chimborazo,,0.0,False,Unmatched
U3109,Universidad Nacional de Itapúa,Paraguay,,,,,,,,,,universidad nacional de itapua,,0.0,False,Unmatched
U3110,Universidad Nacional de Rafaela (UNRaf),Argentina,,,,,,,,,,universidad nacional de rafaela,,0.0,False,Unmatched
U3111,Nagoya University of Commerce & Business,Japan,,,,,,,,,,nagoya university of commerce business,,0.0,False,Unmatched
U3112,Nakhchivan State University,Azerbaijan,,,,,,,,,,nakhchivan state university,,0.0,False,Unmatched
U3113,Nakhon Ratchasima Rajabhat University,Thailand,,,,,,,,,,nakhon ratchasima rajabhat university,,0.0,False,Unmatched
U3114,Namal University,Pakistan,,,,,,,,,,namal university,,0.0,False,Unmatched
U3115,Namangan Engineering Construction Institute,Uzbekistan,,,,,,,,,,namangan engineering construction institute,,0.0,False,Unmatched
U3116,Namangan Institute of Engineering and Technology,Uzbekistan,,,,,,,,,,namangan institute of engineering and technology,,0.0,False,Unmatched
U3117,Namangan State University,Uzbekistan,,,,,,,,,,namangan state university,,0.0,False,Unmatched
U3118,"Nasarawa State University, Keffi",Nigeria,,,,,,,,,,nasarawa state university keffi,,0.0,False,Unmatched
U3119,National Film and Television School,United Kingdom,,,,,,,,,,national film and television school,,0.0,False,Unmatched
U3120,National University of Food Technologies,Ukraine,,,,,,,,,,national university of food technologies,,0.0,False,Unmatched
U3121,National University Odessa Law Academy,Ukraine,,,,,,,,,,national university odessa law academy,,0.0,False,Unmatched
U3122,The National University of Ostroh Academy,Ukraine,,,,,,,,,,national university of ostroh academy,,0.0,False,Unmatched
U3123,National Polytechnic University of Armenia,Armenia,,,,,,,,,,national polytechnic university of armenia,,0.0,False,Unmatched
U3124,National University of Quilmes,Argentina,,,,,,,,,,national university of quilmes,,0.0,False,Unmatched
U3125,National School of Artificial Intelligence (ENSIA),Algeria,,,,,,,,,,national school of artificial intelligence,,0.0,False,Unmatched
U3126,"National University of Science and Technology, Oman",Oman,,,,,,,,,,national university of science and technology oman,,0.0,False,Unmatched
U3127,"National University, Sudan",Sudan,,,,,,,,,,national university sudan,,0.0,False,Unmatched
U3128,National Textile University,Pakistan,,,,,,,,,,national textile university,,0.0,False,Unmatched
U3129,National Transport University,Ukraine,,,,,,,,,,national transport university,,0.0,False,Unmatched
U3130,National University of Water and Environmental Engineering,Ukraine,,,,,,,,,,national university of water and environmental engineering,,0.0,False,Unmatched
U3131,National University “Yuri Kondratyuk Poltava Polytechnic”,Ukraine,,,,,,,,,,national university yuri kondratyuk poltava polytechnic,,0.0,False,Unmatched
U3132,Navoi State Pedagogical Institute,Uzbekistan,,,,,,,,,,navoi state pedagogical institute,,0.0,False,Unmatched
U3133,Netaji Subhas University of Technology,India,,,,,,,,,,netaji subhas university of technology,,0.0,False,Unmatched
U3134,Niger Delta University,Nigeria,,,,,,,,,,niger delta university,,0.0,False,Unmatched
U3135,Nihon Pharmaceutical University,Japan,,,,,,,,,,nihon pharmaceutical university,,0.0,False,Unmatched
U3136,Niigata University of Health and Welfare,Japan,,,,,,,,,,niigata university of health and welfare,,0.0,False,Unmatched
U3137,University of Niigata Prefecture,Japan,,,,,,,,,,university of niigata prefecture,,0.0,False,Unmatched
U3138,Ninevah University,Iraq,,,,,,,,,,ninevah university,,0.0,False,Unmatched
U3139,Nitte (Deemed to be University),India,,,,,,,,,,nitte,,0.0,False,Unmatched
U3140,University of Northampton,United Kingdom,,,,,,,,,,university of northampton,,0.0,False,Unmatched
U3141,Northeast Ohio Medical University,United States,,,,,,,,,,northeast ohio medical university,,0.0,False,Unmatched
U3142,Northern Border University,Saudi Arabia,,,,,,,,,,northern border university,,0.0,False,Unmatched
U3143,Northern Technical University,Iraq,,,,,,,,,,northern technical university,,0.0,False,Unmatched
U3144,Norwich University of the Arts,United Kingdom,,,,,,,,,,norwich university of the arts,,0.0,False,Unmatched
U3145,University Centre of El-Bayadh,Algeria,,,,,,,,,,university centre of el bayadh,,0.0,False,Unmatched
U3146,University of Nova Gorica,Slovenia,,,,,,,,,,university of nova gorica,,0.0,False,Unmatched
U3147,Novosibirsk State University of Economics and Management,Russian Federation,,,,,,,,,,novosibirsk state university of economics and management,,0.0,False,Unmatched
U3148,Nueva Ecija University of Science and Technology (NEUST),Philippines,,,,,,,,,,nueva ecija university of science and technology,,0.0,False,Unmatched
U3149,Universidad Nur,Bolivia,,,,,,,,,,universidad nur,,0.0,False,Unmatched
U3150,October 6 University,Egypt,,,,,,,,,,october 6 university,,0.0,False,Unmatched
U3151,October University for Modern Sciences and Arts (MSA),Egypt,,,,,,,,,,october university for modern sciences and arts,,0.0,False,Unmatched
U3152,Odesa I.I. Mechnikov National University,Ukraine,,,,,,,,,,odesa i i mechnikov national university,,0.0,False,Unmatched
U3153,Oguz Han Engineering and Technology University of Turkmenistan,Turkmenistan,,,,,,,,,,oguz han engineering and technology university of turkmenistan,,0.0,False,Unmatched
U3154,University of Okara,Pakistan,,,,,,,,,,university of okara,,0.0,False,Unmatched
U3155,Omsk State Agrarian University,Russian Federation,,,,,,,,,,omsk state agrarian university,,0.0,False,Unmatched
U3156,Open Christian University,South Africa,,,,,,,,,,open christian university,,0.0,False,Unmatched
U3157,Université d’Oran 2 Mohamed Ben Ahmed,Algeria,,,,,,,,,,universite d oran 2 mohamed ben ahmed,,0.0,False,Unmatched
U3158,Oran Graduate School of Economics,Algeria,,,,,,,,,,oran graduate school of economics,,0.0,False,Unmatched
U3159,Orel State Agrarian University named after N.V. Parahin,Russian Federation,,,,,,,,,,orel state agrarian university named after n v parahin,,0.0,False,Unmatched
U3160,Orel State University named after I.S. Turgenev,Russian Federation,,,,,,,,,,orel state university named after i s turgenev,,0.0,False,Unmatched
U3161,ORT Uruguay University,Uruguay,,,,,,,,,,ort uruguay university,,0.0,False,Unmatched
U3162,Osol Al-Deen University College,Iraq,,,,,,,,,,osol al deen university college,,0.0,False,Unmatched
U3163,University College of Osteopathy,United Kingdom,,,,,,,,,,university college of osteopathy,,0.0,False,Unmatched
U3164,Ostrogradsky National University of Kremenchuk,Ukraine,,,,,,,,,,ostrogradsky national university of kremenchuk,,0.0,False,Unmatched
U3165,University of Oum El Bouaghi,Algeria,,,,,,,,,,university of oum el bouaghi,,0.0,False,Unmatched
U3166,Universidad del Pacífico Ecuador,Ecuador,,,,,,,,,,universidad del pacifico ecuador,,0.0,False,Unmatched
U3167,Palestine Polytechnic University,Palestine,,,,,,,,,,palestine polytechnic university,,0.0,False,Unmatched
U3168,Palestine Technical University – Kadoorie,Palestine,,,,,,,,,,palestine technical university kadoorie,,0.0,False,Unmatched
U3169,Universidad de Pamplona,Colombia,,,,,,,,,,universidad de pamplona,,0.0,False,Unmatched
U3170,Panteion University of Social and Political Sciences,Greece,,,,,,,,,,panteion university of social and political sciences,,0.0,False,Unmatched
U3171,Panthéon-Assas University (Paris 2),France,,,,,,,,,,pantheon assas university,,0.0,False,Unmatched
U3172,Pavlo Tychyna Uman State Pedagogical University,Ukraine,,,,,,,,,,pavlo tychyna uman state pedagogical university,,0.0,False,Unmatched
U3173,University of Petra,Jordan,,,,,,,,,,university of petra,,0.0,False,Unmatched
U3174,Petre Shotadze Tbilisi Medical Academy,Georgia,,,,,,,,,,petre shotadze tbilisi medical academy,,0.0,False,Unmatched
U3175,Petroleum University of Technology,Iran,,,,,,,,,,petroleum university of technology,,0.0,False,Unmatched
U3176,Petro Mohyla Black Sea National University,Ukraine,,,,,,,,,,petro mohyla black sea national university,,0.0,False,Unmatched
U3177,Pharos University,Egypt,,,,,,,,,,pharos university,,0.0,False,Unmatched
U3178,Philadelphia University (Jordan),Jordan,,,,,,,,,,philadelphia university,,0.0,False,Unmatched
U3179,"Plateau State University, Bokkos",Nigeria,,,,,,,,,,plateau state university bokkos,,0.0,False,Unmatched
U3180,Platov South-Russian State Polytechnic University (NPI),Russian Federation,,,,,,,,,,platov south russian state polytechnic university,,0.0,False,Unmatched
U3181,Plymouth Marjon University,United Kingdom,,,,,,,,,,plymouth marjon university,,0.0,False,Unmatched
U3182,Polytechnic Institute of Setúbal,Portugal,,,,,,,,,,polytechnic institute of setubal,,0.0,False,Unmatched
U3183,Pontifical Catholic University of Argentina,Argentina,,,,,,,,,,pontifical catholic university of argentina,,0.0,False,Unmatched
U3184,University of Poonch Rawalakot,Pakistan,,,,,,,,,,university of poonch rawalakot,,0.0,False,Unmatched
U3185,Universidad Popular Autónoma del Estado de Puebla,Mexico,,,,,,,,,,universidad popular autonoma del estado de puebla,,0.0,False,Unmatched
U3186,Prefectural University of Hiroshima,Japan,,,,,,,,,,prefectural university of hiroshima,,0.0,False,Unmatched
U3187,"Presbyterian University, Ghana",Ghana,,,,,,,,,,presbyterian university ghana,,0.0,False,Unmatched
U3188,Presidency University,India,,,,,,,,,,presidency university,,0.0,False,Unmatched
U3189,"University of Professional Studies, Accra",Ghana,,,,,,,,,,university of professional studies accra,,0.0,False,Unmatched
U3190,Prydniprovska State Academy of Civil Engineering and Architecture,Ukraine,,,,,,,,,,prydniprovska state academy of civil engineering and architecture,,0.0,False,Unmatched
U3191,Pskov State University,Russian Federation,,,,,,,,,,pskov state university,,0.0,False,Unmatched
U3192,PUC-Campinas,Brazil,,,,,,,,,,puc campinas,,0.0,False,Unmatched
U3193,University of Puthisastra,Cambodia,,,,,,,,,,university of puthisastra,,0.0,False,Unmatched
U3194,"Quaid-e-Awam University of Engineering, Science and Technology (QUEST)",Pakistan,,,,,,,,,,quaid e awam university of engineering science and technology,,0.0,False,Unmatched
U3195,Queen Arwa University,Yemen,,,,,,,,,,queen arwa university,,0.0,False,Unmatched
U3196,Queen Margaret University,United Kingdom,,,,,,,,,,queen margaret university,,0.0,False,Unmatched
U3197,Universidade Rainha Njinga a Mbande (URNM),Angola,,,,,,,,,,universidade rainha njinga a mbande,,0.0,False,Unmatched
U3198,Rajamangala University of Technology Isan,Thailand,,,,,,,,,,rajamangala university of technology isan,,0.0,False,Unmatched
U3199,Rajamangala University of Technology Thanyaburi (RMUTT),Thailand,,,,,,,,,,rajamangala university of technology thanyaburi,,0.0,False,Unmatched
U3200,Rawalpindi Medical University,Pakistan,,,,,,,,,,rawalpindi medical university,,0.0,False,Unmatched
U3201,Rennes School of Business,France,,,,,,,,,,rennes school of business,,0.0,False,Unmatched
U3202,Ritsumeikan Asia Pacific University (APU),Japan,,,,,,,,,,ritsumeikan asia pacific university,,0.0,False,Unmatched
U3203,Rose Bruford College,United Kingdom,,,,,,,,,,rose bruford college,,0.0,False,Unmatched
U3204,Rostov State University of Economics,Russian Federation,,,,,,,,,,rostov state university of economics,,0.0,False,Unmatched
U3205,Royal Agricultural University,United Kingdom,,,,,,,,,,royal agricultural university,,0.0,False,Unmatched
U3206,"Royal Central School of Speech and Drama, University of London",United Kingdom,,,,,,,,,,royal central school of speech and drama university of london,,0.0,False,Unmatched
U3207,Royal College of Academics,Luxembourg,,,,,,,,,,royal college of academics,,0.0,False,Unmatched
U3208,Royal College of Art,United Kingdom,,,,,,,,,,royal college of art,,0.0,False,Unmatched
U3209,Royal Conservatoire of Scotland,United Kingdom,,,,,,,,,,royal conservatoire of scotland,,0.0,False,Unmatched
U3210,Royal Academy of Dramatic Art (RADA),United Kingdom,,,,,,,,,,royal academy of dramatic art,,0.0,False,Unmatched
U3211,Royal Academy of Music,United Kingdom,,,,,,,,,,royal academy of music,,0.0,False,Unmatched
U3212,Royal College of Music,United Kingdom,,,,,,,,,,royal college of music,,0.0,False,Unmatched
U3213,Royal Northern College of Music,United Kingdom,,,,,,,,,,royal northern college of music,,0.0,False,Unmatched
U3214,Russian State Agrarian University – Moscow Timiryazev Agricultural Academy,Russian Federation,,,,,,,,,,russian state agrarian university moscow timiryazev agricultural academy,,0.0,False,Unmatched
U3215,Russian University of State for Social (RUSS),Russian Federation,,,,,,,,,,russian university of state for social,,0.0,False,Unmatched
U3216,Ryazan State Medical University,Russian Federation,,,,,,,,,,ryazan state medical university,,0.0,False,Unmatched
U3217,University of Sadat City,Egypt,,,,,,,,,,university of sadat city,,0.0,False,Unmatched
U3218,University of Saida,Algeria,,,,,,,,,,university of saida,,0.0,False,Unmatched
U3219,University of Saint Joseph,Macao,,,,,,,,,,university of saint joseph,,0.0,False,Unmatched
U3220,Saint Petersburg State Pediatric Medical University,Russian Federation,,,,,,,,,,saint petersburg state pediatric medical university,,0.0,False,Unmatched
U3221,"Saint Thomas University, Colombia",Colombia,,,,,,,,,,saint thomas university colombia,,0.0,False,Unmatched
U3222,Sakon Nakhon Rajabhat University,Thailand,,,,,,,,,,sakon nakhon rajabhat university,,0.0,False,Unmatched
U3223,Salahaddin University–Erbil,Iraq,,,,,,,,,,salahaddin university erbil,,0.0,False,Unmatched
U3224,Samara State Medical University,Russian Federation,,,,,,,,,,samara state medical university,,0.0,False,Unmatched
U3225,Samarkand State University,Uzbekistan,,,,,,,,,,samarkand state university,,0.0,False,Unmatched
U3226,Samarkand State Institute of Foreign Languages,Uzbekistan,,,,,,,,,,samarkand state institute of foreign languages,,0.0,False,Unmatched
U3227,Samarkand State Medical University,Uzbekistan,,,,,,,,,,samarkand state medical university,,0.0,False,Unmatched
U3228,Samsun University,Turkey,,,,,,,,,,samsun university,,0.0,False,Unmatched
U3229,University of San Martín de Porres,Peru,,,,,,,,,,university of san martin de porres,,0.0,False,Unmatched
U3230,University of Santander,Colombia,,,,,,,,,,university of santander,,0.0,False,Unmatched
U3231,Universidad Santo Tomás,Chile,,,,,,,,,,universidad santo tomas,,0.0,False,Unmatched
U3232,Sarsen Amanzholov East Kazakhstan University,Kazakhstan,,,,,,,,,,sarsen amanzholov east kazakhstan university,,0.0,False,Unmatched
U3233,Satya Wacana Christian University,Indonesia,,,,,,,,,,satya wacana christian university,,0.0,False,Unmatched
U3234,Saudi Electronic University,Saudi Arabia,,,,,,,,,,saudi electronic university,,0.0,False,Unmatched
U3235,SBS Swiss Business School,Switzerland,,,,,,,,,,sbs swiss business school,,0.0,False,Unmatched
U3236,University of Science and Technology of Southern Philippines (USTP),Philippines,,,,,,,,,,university of science and technology of southern philippines,,0.0,False,Unmatched
U3237,SDU University,Kazakhstan,,,,,,,,,,sdu university,,0.0,False,Unmatched
U3238,Sebha University,Libya,,,,,,,,,,sebha university,,0.0,False,Unmatched
U3239,Sefako Makgatho Health Sciences University,South Africa,,,,,,,,,,sefako makgatho health sciences university,,0.0,False,Unmatched
U3240,Seisa Dohto University,Japan,,,,,,,,,,seisa dohto university,,0.0,False,Unmatched
U3241,Senshu University,Japan,,,,,,,,,,senshu university,,0.0,False,Unmatched
U3242,Seyitnazar Seydi Turkmen State Pedagogical Institute,Turkmenistan,,,,,,,,,,seyitnazar seydi turkmen state pedagogical institute,,0.0,False,Unmatched
U3243,"Shah Abdul Latif University, Khairpur",Pakistan,,,,,,,,,,shah abdul latif university khairpur,,0.0,False,Unmatched
U3244,Shaheed Benazir Bhutto Women University Peshawar,Pakistan,,,,,,,,,,shaheed benazir bhutto women university peshawar,,0.0,False,Unmatched
U3245,Shaheed Mohtarma Benazir Bhutto Medical University,Pakistan,,,,,,,,,,shaheed mohtarma benazir bhutto medical university,,0.0,False,Unmatched
U3246,Shaheed Zulfiqar Ali Bhutto Medical University,Pakistan,,,,,,,,,,shaheed zulfiqar ali bhutto medical university,,0.0,False,Unmatched
U3247,The University of Shiga Prefecture,Japan,,,,,,,,,,university of shiga prefecture,,0.0,False,Unmatched
U3248,Shonan Institute of Technology,Japan,,,,,,,,,,shonan institute of technology,,0.0,False,Unmatched
U3249,Silesian University in Opava,Czech Republic,,,,,,,,,,silesian university in opava,,0.0,False,Unmatched
U3250,SIMAD University,Somalia,,,,,,,,,,simad university,,0.0,False,Unmatched
U3251,Simón Bolívar University (Colombia),Colombia,,,,,,,,,,simon bolivar university,,0.0,False,Unmatched
U3252,Universidad del Sinú,Colombia,,,,,,,,,,universidad del sinu,,0.0,False,Unmatched
U3253,Sir Syed University of Engineering and Technology,Pakistan,,,,,,,,,,sir syed university of engineering and technology,,0.0,False,Unmatched
U3254,Skolkovo Institute of Science and Technology (Skoltech),Russian Federation,,,,,,,,,,skolkovo institute of science and technology,,0.0,False,Unmatched
U3255,"Solent University, Southampton",United Kingdom,,,,,,,,,,solent university southampton,,0.0,False,Unmatched
U3256,"Soochow University, Taiwan",Taiwan,,,,,,,,,,soochow university taiwan,,0.0,False,Unmatched
U3257,University of Sopron,Hungary,,,,,,,,,,university of sopron,,0.0,False,Unmatched
U3258,University of Souk Ahras,Algeria,,,,,,,,,,university of souk ahras,,0.0,False,Unmatched
U3259,Institute of Southern Punjab – Multan,Pakistan,,,,,,,,,,institute of southern punjab multan,,0.0,False,Unmatched
U3260,Southern Technical University,Iraq,,,,,,,,,,southern technical university,,0.0,False,Unmatched
U3261,Sri Balaji Vidyapeeth,India,,,,,,,,,,sri balaji vidyapeeth,,0.0,False,Unmatched
U3262,Sri Lanka Institute of Information Technology,Sri Lanka,,,,,,,,,,sri lanka institute of information technology,,0.0,False,Unmatched
U3263,State Energy Institute of Turkmenistan,Turkmenistan,,,,,,,,,,state energy institute of turkmenistan,,0.0,False,Unmatched
U3264,Stavropol State Agrarian University,Russian Federation,,,,,,,,,,stavropol state agrarian university,,0.0,False,Unmatched
U3265,St Luke’s International University,Japan,,,,,,,,,,st luke s international university,,0.0,False,Unmatched
U3266,"St Mary’s University College, Belfast",United Kingdom,,,,,,,,,,st mary s university college belfast,,0.0,False,Unmatched
U3267,"St Mary’s University, Twickenham",United Kingdom,,,,,,,,,,st mary s university twickenham,,0.0,False,Unmatched
U3268,Stranmillis University College,United Kingdom,,,,,,,,,,stranmillis university college,,0.0,False,Unmatched
U3269,University of Suffolk,United Kingdom,,,,,,,,,,university of suffolk,,0.0,False,Unmatched
U3270,University of Sufism and Modern Sciences (USMS),Pakistan,,,,,,,,,,university of sufism and modern sciences,,0.0,False,Unmatched
U3271,Sugiyama Jogakuen University,Japan,,,,,,,,,,sugiyama jogakuen university,,0.0,False,Unmatched
U3272,Sukkur IBA University,Pakistan,,,,,,,,,,sukkur iba university,,0.0,False,Unmatched
U3273,University of Swabi,Pakistan,,,,,,,,,,university of swabi,,0.0,False,Unmatched
U3274,Tafila Technical University,Jordan,,,,,,,,,,tafila technical university,,0.0,False,Unmatched
U3275,University of Taipei,Taiwan,,,,,,,,,,university of taipei,,0.0,False,Unmatched
U3276,Takushoku University,Japan,,,,,,,,,,takushoku university,,0.0,False,Unmatched
U3277,Tama Art University,Japan,,,,,,,,,,tama art university,,0.0,False,Unmatched
U3278,University of Tamanghasset,Algeria,,,,,,,,,,university of tamanghasset,,0.0,False,Unmatched
U3279,Tarlac Agricultural University,Philippines,,,,,,,,,,tarlac agricultural university,,0.0,False,Unmatched
U3280,Tarsus University,Turkey,,,,,,,,,,tarsus university,,0.0,False,Unmatched
U3281,Tashkent Institute of Chemical Technology,Uzbekistan,,,,,,,,,,tashkent institute of chemical technology,,0.0,False,Unmatched
U3282,Tashkent Institute of Finance,Uzbekistan,,,,,,,,,,tashkent institute of finance,,0.0,False,Unmatched
U3283,Tashkent University of Information Technologies,Uzbekistan,,,,,,,,,,tashkent university of information technologies,,0.0,False,Unmatched
U3284,Tashkent Institute of Irrigation and Agricultural Mechanisation,Uzbekistan,,,,,,,,,,tashkent institute of irrigation and agricultural mechanisation,,0.0,False,Unmatched
U3285,Tashkent Medical Academy,Uzbekistan,,,,,,,,,,tashkent medical academy,,0.0,False,Unmatched
U3286,Tashkent Pediatric Medical Institute,Uzbekistan,,,,,,,,,,tashkent pediatric medical institute,,0.0,False,Unmatched
U3287,Tashkent Pharmaceutical Institute,Uzbekistan,,,,,,,,,,tashkent pharmaceutical institute,,0.0,False,Unmatched
U3288,Tashkent State Dental Institute,Uzbekistan,,,,,,,,,,tashkent state dental institute,,0.0,False,Unmatched
U3289,Tashkent State University of Economics,Uzbekistan,,,,,,,,,,tashkent state university of economics,,0.0,False,Unmatched
U3290,Tashkent State University of Law,Uzbekistan,,,,,,,,,,tashkent state university of law,,0.0,False,Unmatched
U3291,Tashkent State University of Oriental Studies,Uzbekistan,,,,,,,,,,tashkent state university of oriental studies,,0.0,False,Unmatched
U3292,Tashkent State Pedagogical University named after Nizami,Uzbekistan,,,,,,,,,,tashkent state pedagogical university named after nizami,,0.0,False,Unmatched
U3293,Tashkent State Technical University,Uzbekistan,,,,,,,,,,tashkent state technical university,,0.0,False,Unmatched
U3294,Tashkent State Transport University,Uzbekistan,,,,,,,,,,tashkent state transport university,,0.0,False,Unmatched
U3295,Tashkent Institute of Textile and Light Industry,Uzbekistan,,,,,,,,,,tashkent institute of textile and light industry,,0.0,False,Unmatched
U3296,Tata Institute of Fundamental Research,India,,,,,,,,,,tata institute of fundamental research,,0.0,False,Unmatched
U3297,Tatung University,Taiwan,,,,,,,,,,tatung university,,0.0,False,Unmatched
U3298,T. C. Demiroğlu Bilim University,Turkey,,,,,,,,,,t c demiroglu bilim university,,0.0,False,Unmatched
U3299,Teacher Education College of Setif,Algeria,,,,,,,,,,teacher education college of setif,,0.0,False,Unmatched
U3300,Technical University of Moldova,Moldova,,,,,,,,,,technical university of moldova,,0.0,False,Unmatched
U3301,University of Technology Nowshera,Pakistan,,,,,,,,,,university of technology nowshera,,0.0,False,Unmatched
U3302,Universidad Técnica de Manabí,Ecuador,,,,,,,,,,universidad tecnica de manabi,,0.0,False,Unmatched
U3303,Universidad Tecnológica de Santiago (UTESA),Dominican Republic,,,,,,,,,,universidad tecnologica de santiago,,0.0,False,Unmatched
U3304,Tecnológico de Costa Rica,Costa Rica,,,,,,,,,,tecnologico de costa rica,,0.0,False,Unmatched
U3305,Instituto Tecnológico Metropolitano,Colombia,,,,,,,,,,instituto tecnologico metropolitano,,0.0,False,Unmatched
U3306,Teerthanker Mahaveer University,India,,,,,,,,,,teerthanker mahaveer university,,0.0,False,Unmatched
U3307,Teikyo Heisei University,Japan,,,,,,,,,,teikyo heisei university,,0.0,False,Unmatched
U3308,Institut Teknologi Nasional Bandung (ITENAS Bandung),Indonesia,,,,,,,,,,institut teknologi nasional bandung,,0.0,False,Unmatched
U3309,University of Telafer,Iraq,,,,,,,,,,university of telafer,,0.0,False,Unmatched
U3310,Institute of Telecommunications and Informatics of Turkmenistan,Turkmenistan,,,,,,,,,,institute of telecommunications and informatics of turkmenistan,,0.0,False,Unmatched
U3311,Tenri University,Japan,,,,,,,,,,tenri university,,0.0,False,Unmatched
U3312,Termez State University,Uzbekistan,,,,,,,,,,termez state university,,0.0,False,Unmatched
U3313,Termez Institute of Engineering and Technology,Uzbekistan,,,,,,,,,,termez institute of engineering and technology,,0.0,False,Unmatched
U3314,Termiz Institute of Agrotechnology and Innovative Development,Uzbekistan,,,,,,,,,,termiz institute of agrotechnology and innovative development,,0.0,False,Unmatched
U3315,University of the Thai Chamber of Commerce,Thailand,,,,,,,,,,university of the thai chamber of commerce,,0.0,False,Unmatched
U3316,University of Thi-Qar,Iraq,,,,,,,,,,university of thi qar,,0.0,False,Unmatched
U3317,Thomas Adewumi University,Nigeria,,,,,,,,,,thomas adewumi university,,0.0,False,Unmatched
U3318,Tikrit University,Iraq,,,,,,,,,,tikrit university,,0.0,False,Unmatched
U3319,Tishk International University,Iraq,,,,,,,,,,tishk international university,,0.0,False,Unmatched
U3320,Tissemsilt University,Algeria,,,,,,,,,,tissemsilt university,,0.0,False,Unmatched
U3321,Tohoku Gakuin University,Japan,,,,,,,,,,tohoku gakuin university,,0.0,False,Unmatched
U3322,Tokyo University of Foreign Studies,Japan,,,,,,,,,,tokyo university of foreign studies,,0.0,False,Unmatched
U3323,Tokyo University of Technology,Japan,,,,,,,,,,tokyo university of technology,,0.0,False,Unmatched
U3324,Tomsk State Pedagogical University,Russian Federation,,,,,,,,,,tomsk state pedagogical university,,0.0,False,Unmatched
U3325,Trinity Laban Conservatoire of Music and Dance,United Kingdom,,,,,,,,,,trinity laban conservatoire of music and dance,,0.0,False,Unmatched
U3326,University of Tripoli,Libya,,,,,,,,,,university of tripoli,,0.0,False,Unmatched
U3327,Turan-Astana University,Kazakhstan,,,,,,,,,,turan astana university,,0.0,False,Unmatched
U3328,Turin Polytechnic University in Tashkent,Uzbekistan,,,,,,,,,,turin polytechnic university in tashkent,,0.0,False,Unmatched
U3329,Turkmen State Architecture and Construction Institute,Turkmenistan,,,,,,,,,,turkmen state architecture and construction institute,,0.0,False,Unmatched
U3330,Turkmen State Institute of Economics and Management,Turkmenistan,,,,,,,,,,turkmen state institute of economics and management,,0.0,False,Unmatched
U3331,Tver State Technical University,Russian Federation,,,,,,,,,,tver state technical university,,0.0,False,Unmatched
U3332,Ubon Ratchathani University,Thailand,,,,,,,,,,ubon ratchathani university,,0.0,False,Unmatched
U3333,UBT,Unknown,,,,,,,,,,ubt,,0.0,False,Unmatched
U3334,"UEES, Espiritu Santo University",Ecuador,,,,,,,,,,uees espiritu santo university,,0.0,False,Unmatched
U3335,UIN Sulthan Thaha Saifuddin Jambi,Indonesia,,,,,,,,,,uin sulthan thaha saifuddin jambi,,0.0,False,Unmatched
U3336,Ulyanovsk State University,Russian Federation,,,,,,,,,,ulyanovsk state university,,0.0,False,Unmatched
U3337,Ulyanovsk State Technical University,Russian Federation,,,,,,,,,,ulyanovsk state technical university,,0.0,False,Unmatched
U3338,UNESC,Brazil,,,,,,,,,,unesc,,0.0,False,Unmatched
U3339,Unichristus,Brazil,,,,,,,,,,unichristus,,0.0,False,Unmatched
U3340,Universiapolis – Université Internationale d’Agadir,Morocco,,,,,,,,,,universiapolis universite internationale d agadir,,0.0,False,Unmatched
U3341,Ural State University of Economics,Russian Federation,,,,,,,,,,ural state university of economics,,0.0,False,Unmatched
U3342,Ural State Medical University,Russian Federation,,,,,,,,,,ural state medical university,,0.0,False,Unmatched
U3343,Urgench State University,Uzbekistan,,,,,,,,,,urgench state university,,0.0,False,Unmatched
U3344,Uruk University,Iraq,,,,,,,,,,uruk university,,0.0,False,Unmatched
U3345,Universidad UTE,Ecuador,,,,,,,,,,universidad ute,,0.0,False,Unmatched
U3346,National University of Uzbekistan named after Mirzo Ulugbek,Uzbekistan,,,,,,,,,,national university of uzbekistan named after mirzo ulugbek,,0.0,False,Unmatched
U3347,Uzbekistan State University of World Languages,Uzbekistan,,,,,,,,,,uzbekistan state university of world languages,,0.0,False,Unmatched
U3348,Uzbek State University of Physical Culture and Sport,Uzbekistan,,,,,,,,,,uzbek state university of physical culture and sport,,0.0,False,Unmatched
U3349,Valahia University of Targoviste,Romania,,,,,,,,,,valahia university of targoviste,,0.0,False,Unmatched
U3350,University of Vale do Itajaí,Brazil,,,,,,,,,,university of vale do itajai,,0.0,False,Unmatched
U3351,Varendra University,Bangladesh,,,,,,,,,,varendra university,,0.0,False,Unmatched
U3352,Varna University of Management,Bulgaria,,,,,,,,,,varna university of management,,0.0,False,Unmatched
U3353,Vasyl Stefanyk Precarpathian National University,Ukraine,,,,,,,,,,vasyl stefanyk precarpathian national university,,0.0,False,Unmatched
U3354,"Veritas University, Abuja",Nigeria,,,,,,,,,,veritas university abuja,,0.0,False,Unmatched
U3355,University of Veterinary Medicine and Pharmacy in Košice,Slovakia,,,,,,,,,,university of veterinary medicine and pharmacy in kosice,,0.0,False,Unmatched
U3356,Vila Velha University,Brazil,,,,,,,,,,vila velha university,,0.0,False,Unmatched
U3357,Vinayaka Mission’s Research Foundation,India,,,,,,,,,,vinayaka mission s research foundation,,0.0,False,Unmatched
U3358,Visayas State University,Philippines,,,,,,,,,,visayas state university,,0.0,False,Unmatched
U3359,Visvesvaraya Technological University,India,,,,,,,,,,visvesvaraya technological university,,0.0,False,Unmatched
U3360,Volgograd State Medical University,Russian Federation,,,,,,,,,,volgograd state medical university,,0.0,False,Unmatched
U3361,University of Wales Trinity Saint David,United Kingdom,,,,,,,,,,university of wales trinity saint david,,0.0,False,Unmatched
U3362,University of Warith Alanbiyaa,Iraq,,,,,,,,,,university of warith alanbiyaa,,0.0,False,Unmatched
U3363,Wasit University,Iraq,,,,,,,,,,wasit university,,0.0,False,Unmatched
U3364,Westcliff University,United States,,,,,,,,,,westcliff university,,0.0,False,Unmatched
U3365,Western Caspian University,Azerbaijan,,,,,,,,,,western caspian university,,0.0,False,Unmatched
U3366,West Ukrainian National University,Ukraine,,,,,,,,,,west ukrainian national university,,0.0,False,Unmatched
U3367,WHU: Beisheim,Germany,,,,,,,,,,whu beisheim,,0.0,False,Unmatched
U3368,Women University Mardan,Pakistan,,,,,,,,,,women university mardan,,0.0,False,Unmatched
U3369,The Women University Multan,Pakistan,,,,,,,,,,women university multan,,0.0,False,Unmatched
U3370,University of Worcester,United Kingdom,,,,,,,,,,university of worcester,,0.0,False,Unmatched
U3371,World University of Bangladesh (WUB),Bangladesh,,,,,,,,,,world university of bangladesh,,0.0,False,Unmatched
U3372,The World Islamic Sciences and Education University (WISE),Jordan,,,,,,,,,,world islamic sciences and education university,,0.0,False,Unmatched
U3373,Wrexham Glyndwr University,United Kingdom,,,,,,,,,,wrexham glyndwr university,,0.0,False,Unmatched
U3374,Writtle University College,United Kingdom,,,,,,,,,,writtle university college,,0.0,False,Unmatched
U3375,WSB Academy,Poland,,,,,,,,,,wsb academy,,0.0,False,Unmatched
U3376,Yagshigeldi Kakayev International University of Oil and Gas,Turkmenistan,,,,,,,,,,yagshigeldi kakayev international university of oil and gas,,0.0,False,Unmatched
U3377,Yamaguchi Prefectural University,Japan,,,,,,,,,,yamaguchi prefectural university,,0.0,False,Unmatched
U3378,Yanka Kupala State University of Grodno,Belarus,,,,,,,,,,yanka kupala state university of grodno,,0.0,False,Unmatched
U3379,Yaşar University,Turkey,,,,,,,,,,yasar university,,0.0,False,Unmatched
U3380,York St John University,United Kingdom,,,,,,,,,,york st john university,,0.0,False,Unmatched
U3381,"Yusuf Maitama Sule University, Kano",Nigeria,,,,,,,,,,yusuf maitama sule university kano,,0.0,False,Unmatched
U3382,Zarqa University,Jordan,,,,,,,,,,zarqa university,,0.0,False,Unmatched
U3383,Zhetysu University,Kazakhstan,,,,,,,,,,zhetysu university,,0.0,False,Unmatched
U3384,Zhytomyr Polytechnic State University,Ukraine,,,,,,,,,,zhytomyr polytechnic state university,,0.0,False,Unmatched
U3385,Ziane Achour University of Djelfa,Algeria,,,,,,,,,,ziane achour university of djelfa,,0.0,False,Unmatched
U3386,Ziauddin University,Pakistan,,,,,,,,,,ziauddin university,,0.0,False,Unmatched
U3387,Hong Kong Polytechnic University,Unknown,,,,,,,,,,hong kong polytechnic university,,0.0,False,Unmatched
U3388,University of Montreal,Unknown,,,,,,,,,,university of montreal,,0.0,False,Unmatched
U3389,University of Duisburg-Essen,Germany,,,,,,,,,,university of duisburg essen,,0.0,False,Unmatched
U3390,Golestan University of Medical Sciences,Iran,,,,,,,,,,golestan university of medical sciences,,0.0,False,Unmatched
U3391,University of New Mexico (Main campus),United States,,,,,,,,,,university of new mexico,,0.0,False,Unmatched
U3392,Federal University of Toulouse Midi-Pyrénées,France,,,,,,,,,,federal university of toulouse midi pyrenees,,0.0,False,Unmatched
U3393,"Islamic Azad University, Najafabad Branch (IAUN)",Iran,,,,,,,,,,islamic azad university najafabad branch,,0.0,False,Unmatched
U3394,Constructor University Bremen,Unknown,,,,,,,,,,constructor university bremen,,0.0,False,Unmatched
U3395,Kermanshah University of Medical Sciences,Iran,,,,,,,,,,kermanshah university of medical sciences,,0.0,False,Unmatched
U3396,Southwestern University of Finance and Economics,China,,,,,,,,,,southwestern university of finance and economics,,0.0,False,Unmatched
U3397,SUNY University at Albany,United States,,,,,,,,,,suny university at albany,,0.0,False,Unmatched
U3398,Université Bourgogne Franche-Comté (UBFC),France,,,,,,,,,,universite bourgogne franche comte,,0.0,False,Unmatched
U3399,University of Desarrollo,Chile,,,,,,,,,,university of desarrollo,,0.0,False,Unmatched
U3400,Graphic Era University,Unknown,,,,,,,,,,graphic era university,,0.0,False,Unmatched
U3401,Indian Institute of Technology Indore,India,,,,,,,,,,indian institute of technology indore,,0.0,False,Unmatched
U3402,Majmaah University,Saudi Arabia,,,,,,,,,,majmaah university,,0.0,False,Unmatched
U3403,University of Perugia,Italy,,,,,,,,,,university of perugia,,0.0,False,Unmatched
U3404,University of Strasbourg,France,,,,,,,,,,university of strasbourg,,0.0,False,Unmatched
U3405,University of Dayton,United States,,,,,,,,,,university of dayton,,0.0,False,Unmatched
U3406,University of Missouri-St Louis,United States,,,,,,,,,,university of missouri st louis,,0.0,False,Unmatched
U3407,National Institute of Technology Hamirpur,India,,,,,,,,,,national institute of technology hamirpur,,0.0,False,Unmatched
U3408,Shahid Beheshti University,Iran,,,,,,,,,,shahid beheshti university,,0.0,False,Unmatched
U3409,Southern Illinois University Carbondale,United States,,,,,,,,,,southern illinois university carbondale,,0.0,False,Unmatched
U3410,University of Thessaly,Greece,,,,,,,,,,university of thessaly,,0.0,False,Unmatched
U3411,University of Wisconsin-Milwaukee,United States,,,,,,,,,,university of wisconsin milwaukee,,0.0,False,Unmatched
U3412,"China University of Geosciences, Beijing",China,,,,,,,,,,china university of geosciences beijing,,0.0,False,Unmatched
U3413,Creighton University,United States,,,,,,,,,,creighton university,,0.0,False,Unmatched
U3414,Guangxi University,China,,,,,,,,,,guangxi university,,0.0,False,Unmatched
U3415,Hyogo College of Medicine,Japan,,,,,,,,,,hyogo college of medicine,,0.0,False,Unmatched
U3416,Jiangxi University of Finance and Economics,China,,,,,,,,,,jiangxi university of finance and economics,,0.0,False,Unmatched
U3417,University of Leoben,Austria,,,,,,,,,,university of leoben,,0.0,False,Unmatched
U3418,Lusophone University of Humanities and Technologies,Portugal,,,,,,,,,,lusophone university of humanities and technologies,,0.0,False,Unmatched
U3419,Menoufia University,Egypt,,,,,,,,,,menoufia university,,0.0,False,Unmatched
U3420,SWPS University of Social Sciences and Humanities,Poland,,,,,,,,,,swps university of social sciences and humanities,,0.0,False,Unmatched
U3421,Zhejiang University of Technology,China,,,,,,,,,,zhejiang university of technology,,0.0,False,Unmatched
U3422,University of Colorado Colorado Springs,United States,,,,,,,,,,university of colorado colorado springs,,0.0,False,Unmatched
U3423,University of Fort Hare,South Africa,,,,,,,,,,university of fort hare,,0.0,False,Unmatched
U3424,Fujian Normal University,China,,,,,,,,,,fujian normal university,,0.0,False,Unmatched
U3425,Grand Valley State University,United States,,,,,,,,,,grand valley state university,,0.0,False,Unmatched
U3426,University of North Carolina Wilmington,United States,,,,,,,,,,university of north carolina wilmington,,0.0,False,Unmatched
U3427,Shahid Rajaee Teacher Training University,Iran,,,,,,,,,,shahid rajaee teacher training university,,0.0,False,Unmatched
U3428,Southwest Jiaotong University,Unknown,,,,,,,,,,southwest jiaotong university,,0.0,False,Unmatched
U3429,Tshwane University of Technology,South Africa,,,,,,,,,,tshwane university of technology,,0.0,False,Unmatched
U3430,Universidade Federal do Triângulo Mineiro,Brazil,,,,,,,,,,universidade federal do triangulo mineiro,,0.0,False,Unmatched
U3431,Universidade Federal do Vale do São Francisco,Brazil,,,,,,,,,,universidade federal do vale do sao francisco,,0.0,False,Unmatched
U3432,Federal University of Pelotas,Brazil,,,,,,,,,,federal university of pelotas,,0.0,False,Unmatched
U3433,Federal University of Piauí,Brazil,,,,,,,,,,federal university of piaui,,0.0,False,Unmatched
U3434,Federal University of the State of Rio de Janeiro (UNIRIO),Brazil,,,,,,,,,,federal university of the state of rio de janeiro,,0.0,False,Unmatched
U3435,Federal University of Vales do Jequitinhonha e Mucuri,Brazil,,,,,,,,,,federal university of vales do jequitinhonha e mucuri,,0.0,False,Unmatched
U3436,University of Łódź,Poland,,,,,,,,,,university of odz,,0.0,False,Unmatched
U3437,University of Passo Fundo (UPF),Brazil,,,,,,,,,,university of passo fundo,,0.0,False,Unmatched
U3438,Technical University of Loja,Ecuador,,,,,,,,,,technical university of loja,,0.0,False,Unmatched
U3439,Tokyo University of Pharmacy and Life Sciences,Japan,,,,,,,,,,tokyo university of pharmacy and life sciences,,0.0,False,Unmatched
U3440,"Adamawa State University, Mubi",Nigeria,,,,,,,,,,adamawa state university mubi,,0.0,False,Unmatched
U3441,Aga Khan University,Pakistan,,,,,,,,,,aga khan university,,0.0,False,Unmatched
U3442,Ahl Al Bayt University,Iraq,,,,,,,,,,ahl al bayt university,,0.0,False,Unmatched
U3443,Tashkent Metropolitan University,Uzbekistan,,,,,,,,,,tashkent metropolitan university,,0.0,False,Unmatched
U3444,Al-Farahidi University,Iraq,,,,,,,,,,al farahidi university,,0.0,False,Unmatched
U3445,American University of Nigeria,Nigeria,,,,,,,,,,american university of nigeria,,0.0,False,Unmatched
U3446,Arab Open University – Kuwait,Kuwait,,,,,,,,,,arab open university kuwait,,0.0,False,Unmatched
U3447,Arab Open University Lebanon,Lebanon,,,,,,,,,,arab open university lebanon,,0.0,False,Unmatched
U3448,Ashur University College,Iraq,,,,,,,,,,ashur university college,,0.0,False,Unmatched
U3449,Augustine University,Nigeria,,,,,,,,,,augustine university,,0.0,False,Unmatched
U3450,"Balochistan University of Engineering and Technology, Khuzdar",Pakistan,,,,,,,,,,balochistan university of engineering and technology khuzdar,,0.0,False,Unmatched
U3451,"Bamidele Olumilua University of Education, Science and Technology, Ikere-Ikiti",Nigeria,,,,,,,,,,bamidele olumilua university of education science and technology ikere ikiti,,0.0,False,Unmatched
U3452,Basrah University College of Science and Technology,Iraq,,,,,,,,,,basrah university college of science and technology,,0.0,False,Unmatched
U3453,Bowen University,Nigeria,,,,,,,,,,bowen university,,0.0,False,Unmatched
U3454,Centro Universitário de Jaguariúna,Brazil,,,,,,,,,,centro universitario de jaguariuna,,0.0,False,Unmatched
U3455,Centro Universitário Max Planck,Brazil,,,,,,,,,,centro universitario max planck,,0.0,False,Unmatched
U3456,César Ritz Colleges Switzerland,Switzerland,,,,,,,,,,cesar ritz colleges switzerland,,0.0,False,Unmatched
U3457,Christ University Bengaluru India,India,,,,,,,,,,christ university bengaluru india,,0.0,False,Unmatched
U3458,Coal City University,Nigeria,,,,,,,,,,coal city university,,0.0,False,Unmatched
U3459,Cross River University of Technology,Nigeria,,,,,,,,,,cross river university of technology,,0.0,False,Unmatched
U3460,C.V. Raman Global University,India,,,,,,,,,,c v raman global university,,0.0,False,Unmatched
U3461,Deraya University,Egypt,,,,,,,,,,deraya university,,0.0,False,Unmatched
U3462,Dhonburi Rajabhat University,Thailand,,,,,,,,,,dhonburi rajabhat university,,0.0,False,Unmatched
U3463,Dijlah University,Iraq,,,,,,,,,,dijlah university,,0.0,False,Unmatched
U3464,Doğuş University,Turkey,,,,,,,,,,dogus university,,0.0,False,Unmatched
U3465,Ebonyi State University,Nigeria,,,,,,,,,,ebonyi state university,,0.0,False,Unmatched
U3466,Academy of Economic Studies of Moldova,Moldova,,,,,,,,,,academy of economic studies of moldova,,0.0,False,Unmatched
U3467,"University of Engineering and Technology, Mardan",Pakistan,,,,,,,,,,university of engineering and technology mardan,,0.0,False,Unmatched
U3468,ESIC,Unknown,,,,,,,,,,esic,,0.0,False,Unmatched
U3469,Universidade Estadual de Goiás,Brazil,,,,,,,,,,universidade estadual de goias,,0.0,False,Unmatched
U3470,European University of Valencia,Spain,,,,,,,,,,european university of valencia,,0.0,False,Unmatched
U3471,Externado University of Colombia,Colombia,,,,,,,,,,externado university of colombia,,0.0,False,Unmatched
U3472,Federal University Gashua,Nigeria,,,,,,,,,,federal university gashua,,0.0,False,Unmatched
U3473,Federal University of Lafia,Nigeria,,,,,,,,,,federal university of lafia,,0.0,False,Unmatched
U3474,First Technical University,Nigeria,,,,,,,,,,first technical university,,0.0,False,Unmatched
U3475,Fukui Prefectural University,Japan,,,,,,,,,,fukui prefectural university,,0.0,False,Unmatched
U3476,Fundação Oswaldo Cruz,Brazil,,,,,,,,,,fundacao oswaldo cruz,,0.0,False,Unmatched
U3477,Fundación Universitaria del Área Andina,Colombia,,,,,,,,,,fundacion universitaria del area andina,,0.0,False,Unmatched
U3478,Greenwich University,Pakistan,,,,,,,,,,greenwich university,,0.0,False,Unmatched
U3479,Gregory University Uturu,Nigeria,,,,,,,,,,gregory university uturu,,0.0,False,Unmatched
U3480,University of Health and Allied Sciences,Ghana,,,,,,,,,,university of health and allied sciences,,0.0,False,Unmatched
U3481,Huachiew Chalermprakiet University,Thailand,,,,,,,,,,huachiew chalermprakiet university,,0.0,False,Unmatched
U3482,Ignatius Ajuru University of Education,Nigeria,,,,,,,,,,ignatius ajuru university of education,,0.0,False,Unmatched
U3483,Jerash Private University,Jordan,,,,,,,,,,jerash private university,,0.0,False,Unmatched
U3484,University of Jos,Nigeria,,,,,,,,,,university of jos,,0.0,False,Unmatched
U3485,Kampala International University,Uganda,,,,,,,,,,kampala international university,,0.0,False,Unmatched
U3486,Karshi State University,Uzbekistan,,,,,,,,,,karshi state university,,0.0,False,Unmatched
U3487,Kermanshah University of Technology,Iran,,,,,,,,,,kermanshah university of technology,,0.0,False,Unmatched
U3488,Khomein University of Medical Sciences,Iran,,,,,,,,,,khomein university of medical sciences,,0.0,False,Unmatched
U3489,Kings University,Nigeria,,,,,,,,,,kings university,,0.0,False,Unmatched
U3490,Kobe City University of Foreign Studies,Japan,,,,,,,,,,kobe city university of foreign studies,,0.0,False,Unmatched
U3491,Konya Technical University,Turkey,,,,,,,,,,konya technical university,,0.0,False,Unmatched
U3492,KTO Karatay University,Turkey,,,,,,,,,,kto karatay university,,0.0,False,Unmatched
U3493,Loei Rajabhat University,Thailand,,,,,,,,,,loei rajabhat university,,0.0,False,Unmatched
U3494,Marian College Kuttikkanam (Autonomous),India,,,,,,,,,,marian college kuttikkanam,,0.0,False,Unmatched
U3495,Michael and Cecilia Ibru University,Nigeria,,,,,,,,,,michael and cecilia ibru university,,0.0,False,Unmatched
U3496,"Michael Okpara University of Agriculture, Umudike",Nigeria,,,,,,,,,,michael okpara university of agriculture umudike,,0.0,False,Unmatched
U3497,MIOTI Tech and Business School,Spain,,,,,,,,,,mioti tech and business school,,0.0,False,Unmatched
U3498,Universidad Monteávila,Venezuela,,,,,,,,,,universidad monteavila,,0.0,False,Unmatched
U3499,Nara Institute of Science and Technology,Japan,,,,,,,,,,nara institute of science and technology,,0.0,False,Unmatched
U3500,National University of Mongolia,Mongolia,,,,,,,,,,national university of mongolia,,0.0,False,Unmatched
U3501,Newman University,United Kingdom,,,,,,,,,,newman university,,0.0,False,Unmatched
U3502,"Nigerian Police Academy, Wudil",Nigeria,,,,,,,,,,nigerian police academy wudil,,0.0,False,Unmatched
U3503,Novena University,Nigeria,,,,,,,,,,novena university,,0.0,False,Unmatched
U3504,Nursing School of Coimbra,Portugal,,,,,,,,,,nursing school of coimbra,,0.0,False,Unmatched
U3505,Olusegun Agagu University of Science and Technology,Nigeria,,,,,,,,,,olusegun agagu university of science and technology,,0.0,False,Unmatched
U3506,Paris University of International Education,France,,,,,,,,,,paris university of international education,,0.0,False,Unmatched
U3507,Polytechnic University of Tirana,Albania,,,,,,,,,,polytechnic university of tirana,,0.0,False,Unmatched
U3508,Poltava V.G. Korolenko National Pedagogical University (PNPU),Ukraine,,,,,,,,,,poltava v g korolenko national pedagogical university,,0.0,False,Unmatched
U3509,Ravensbourne,United Kingdom,,,,,,,,,,ravensbourne,,0.0,False,Unmatched
U3510,Salahaddin University,Iraq,,,,,,,,,,salahaddin university,,0.0,False,Unmatched
U3511,Salem University,Nigeria,,,,,,,,,,salem university,,0.0,False,Unmatched
U3512,Samuel Adegboyega University,Nigeria,,,,,,,,,,samuel adegboyega university,,0.0,False,Unmatched
U3513,Sikkim Manipal University,India,,,,,,,,,,sikkim manipal university,,0.0,False,Unmatched
U3514,Simón Bolívar University,Venezuela,,,,,,,,,,simon bolivar university,,0.0,False,Unmatched
U3515,Sokoto State University,Nigeria,,,,,,,,,,sokoto state university,,0.0,False,Unmatched
U3516,Soran University,Iraq,,,,,,,,,,soran university,,0.0,False,Unmatched
U3517,University of South Santa Catarina (Unisul),Brazil,,,,,,,,,,university of south santa catarina,,0.0,False,Unmatched
U3518,SR University,India,,,,,,,,,,sr university,,0.0,False,Unmatched
U3519,Sri Padmavati Mahila Visvavidyalayam (Women's University),India,,,,,,,,,,sri padmavati mahila visvavidyalayam,,0.0,False,Unmatched
U3520,Sulaimani Polytechnic University,Iraq,,,,,,,,,,sulaimani polytechnic university,,0.0,False,Unmatched
U3521,Suratthani Rajabhat University,Thailand,,,,,,,,,,suratthani rajabhat university,,0.0,False,Unmatched
U3522,Tashkent State Agrarian University,Uzbekistan,,,,,,,,,,tashkent state agrarian university,,0.0,False,Unmatched
U3523,Tecmilenio University,Mexico,,,,,,,,,,tecmilenio university,,0.0,False,Unmatched
U3524,Umaru Musa Yar’adua University,Nigeria,,,,,,,,,,umaru musa yar adua university,,0.0,False,Unmatched
U3525,UNNOBA,Argentina,,,,,,,,,,unnoba,,0.0,False,Unmatched
U3526,Üsküdar University,Turkey,,,,,,,,,,uskudar university,,0.0,False,Unmatched
U3527,"Usmanu Danfodiyo University, Sokoto",Nigeria,,,,,,,,,,usmanu danfodiyo university sokoto,,0.0,False,Unmatched
U3528,University of Uyo,Nigeria,,,,,,,,,,university of uyo,,0.0,False,Unmatched
U3529,Virtual University of Tunis,Tunisia,,,,,,,,,,virtual university of tunis,,0.0,False,Unmatched
U3530,​Wellspring University,Nigeria,,,,,,,,,,wellspring university,,0.0,False,Unmatched
