university_id,year,citations_per_faculty_score,international_research_network_score,research_score,citation_score,research_impact,source,research_productivity_index
U1290,2025,100.0,96.0,,100.0,100.0,QS 2025,98.3838383838384
U0851,2025,93.9,97.4,,93.9,93.9,QS 2025,95.25252525252526
U3049,2025,84.8,100.0,,84.8,84.8,QS 2025,90.78787878787878
U0773,2025,100.0,99.6,,100.0,100.0,QS 2025,99.83838383838383
U2718,2025,84.6,99.3,,84.6,84.6,QS 2025,90.38383838383838
U1970,2025,99.0,96.8,,99.0,99.0,QS 2025,98.1010101010101
U0600,2025,97.9,95.7,,97.9,97.9,QS 2025,96.98989898989899
U1481,2025,93.1,91.6,,93.1,93.1,QS 2025,92.42424242424242
U2175,2025,72.2,99.9,,72.2,72.2,QS 2025,83.11111111111111
U0322,2025,100.0,65.5,,100.0,100.0,QS 2025,86.06060606060606
U3062,2025,74.0,91.9,,74.0,74.0,QS 2025,80.96969696969697
U2706,2025,98.2,97.2,,98.2,98.2,QS 2025,97.77777777777777
U2966,2025,93.0,97.4,,93.0,93.0,QS 2025,94.70707070707071
U1627,2025,97.7,79.8,,97.7,97.7,QS 2025,90.44444444444446
U1405,2025,92.4,89.4,,92.4,92.4,QS 2025,91.11111111111111
U0478,2025,97.5,94.0,,97.5,97.5,QS 2025,96.06060606060606
U2851,2025,86.4,81.4,,86.4,86.4,QS 2025,84.24242424242425
U3174,2025,93.7,95.8,,93.7,93.7,QS 2025,94.48484848484848
U3019,2025,94.9,98.3,,94.9,94.9,QS 2025,96.22222222222223
U2157,2025,99.1,79.2,,99.1,99.1,QS 2025,91.05050505050505
U2738,2025,60.8,85.1,,60.8,60.8,QS 2025,70.22222222222223
U1702,2025,100.0,78.3,,100.0,100.0,QS 2025,91.23232323232322
U3420,2025,38.6,93.9,,38.6,38.6,QS 2025,60.32323232323233
U2582,2025,87.6,99.8,,87.6,87.6,QS 2025,92.4040404040404
U3228,2025,50.8,97.7,,50.8,50.8,QS 2025,69.25252525252526
U0585,2025,93.6,81.7,,93.6,93.6,QS 2025,88.72727272727272
U2788,2025,47.7,99.5,,47.7,47.7,QS 2025,68.1010101010101
U2071,2025,75.9,95.6,,75.9,75.9,QS 2025,83.61616161616162
U1296,2025,57.9,94.2,,57.9,57.9,QS 2025,72.14141414141415
U0191,2025,84.6,91.4,,84.6,84.6,QS 2025,87.1919191919192
U1855,2025,71.7,73.2,,71.7,71.7,QS 2025,72.02020202020202
U1016,2025,84.2,98.7,,84.2,84.2,QS 2025,89.8989898989899
U3226,2025,57.3,87.4,,57.3,57.3,QS 2025,69.03030303030303
U0467,2025,31.7,98.5,,31.7,31.7,QS 2025,58.0
U2945,2025,45.1,99.2,,45.1,45.1,QS 2025,66.40404040404042
U0401,2025,92.9,74.2,,92.9,92.9,QS 2025,85.27272727272728
U1349,2025,87.6,94.8,,87.6,87.6,QS 2025,90.38383838383838
U2697,2025,57.7,96.2,,57.7,57.7,QS 2025,72.82828282828282
U0673,2025,80.7,67.2,,80.7,80.7,QS 2025,75.05050505050505
U1118,2025,53.6,98.6,,53.6,53.6,QS 2025,71.31313131313131
U3086,2025,90.2,96.7,,90.2,90.2,QS 2025,92.72727272727273
U2710,2025,74.0,95.5,,74.0,74.0,QS 2025,82.42424242424241
U1502,2025,28.6,92.6,,28.6,28.6,QS 2025,53.737373737373744
U2971,2025,47.6,95.8,,47.6,47.6,QS 2025,66.54545454545455
U1878,2025,99.6,73.7,,99.6,99.6,QS 2025,89.13131313131314
U0907,2025,86.1,89.6,,86.1,86.1,QS 2025,87.37373737373737
U0808,2025,99.7,46.7,,99.7,99.7,QS 2025,78.28282828282828
U3456,2025,99.5,91.8,,99.5,99.5,QS 2025,96.3838383838384
U0514,2025,79.7,93.7,,79.7,79.7,QS 2025,85.15151515151516
U1177,2025,39.3,85.7,,39.3,39.3,QS 2025,57.43434343434343
U1539,2025,67.7,89.4,,67.7,67.7,QS 2025,76.14141414141415
U1237,2025,69.4,81.2,,69.4,69.4,QS 2025,73.85858585858585
U1032,2025,96.2,46.8,,96.2,96.2,QS 2025,76.20202020202021
U2696,2025,75.9,94.6,,75.9,75.9,QS 2025,83.21212121212122
U2644,2025,92.2,96.3,,92.2,92.2,QS 2025,93.77777777777777
U3439,2025,44.1,78.7,,44.1,44.1,QS 2025,57.515151515151516
U0807,2025,94.9,78.9,,94.9,94.9,QS 2025,88.3838383838384
U0337,2025,98.9,79.9,,98.9,98.9,QS 2025,91.21212121212122
U1247,2025,50.0,95.5,,50.0,50.0,QS 2025,67.87878787878788
U2539,2025,29.1,91.8,,29.1,29.1,QS 2025,53.71717171717172
U0550,2025,35.1,93.3,,35.1,35.1,QS 2025,57.95959595959596
U0421,2025,100.0,62.9,,100.0,100.0,QS 2025,85.01010101010101
U1159,2025,91.0,99.5,,91.0,91.0,QS 2025,94.34343434343434
U1940,2025,72.3,99.8,,72.3,72.3,QS 2025,83.13131313131314
U2653,2025,66.9,87.4,,66.9,66.9,QS 2025,74.84848484848484
U3194,2025,76.7,91.7,,76.7,76.7,QS 2025,82.52525252525253
U1149,2025,45.0,65.7,,45.0,45.0,QS 2025,52.8080808080808
U1451,2025,44.3,71.5,,44.3,44.3,QS 2025,54.727272727272734
U3271,2025,37.7,94.2,,37.7,37.7,QS 2025,59.8989898989899
U2866,2025,77.5,90.4,,77.5,77.5,QS 2025,82.48484848484848
U2254,2025,1.6,73.4,,1.6,1.6,QS 2025,29.61616161616162
U2714,2025,67.0,95.5,,67.0,67.0,QS 2025,78.18181818181817
U2579,2025,35.0,98.6,,35.0,35.0,QS 2025,60.040404040404034
U1157,2025,86.1,91.1,,86.1,86.1,QS 2025,87.97979797979798
U1249,2025,44.6,96.7,,44.6,44.6,QS 2025,65.0909090909091
U3272,2025,78.8,95.6,,78.8,78.8,QS 2025,85.37373737373736
U3276,2025,98.8,94.2,,98.8,98.8,QS 2025,96.92929292929293
U2823,2025,32.5,97.6,,32.5,32.5,QS 2025,58.121212121212125
U0303,2025,76.4,83.2,,76.4,76.4,QS 2025,78.9090909090909
U2679,2025,40.5,97.5,,40.5,40.5,QS 2025,62.92929292929293
U3144,2025,83.4,97.1,,83.4,83.4,QS 2025,88.76767676767676
U2625,2025,87.0,93.6,,87.0,87.0,QS 2025,89.53535353535354
U2916,2025,39.8,98.8,,39.8,39.8,QS 2025,63.03030303030303
U1781,2025,32.7,94.5,,32.7,32.7,QS 2025,56.98989898989899
U2124,2025,43.1,61.2,,43.1,43.1,QS 2025,49.83838383838384
U1597,2025,54.9,68.2,,54.9,54.9,QS 2025,59.81818181818182
U2154,2025,58.4,91.3,,58.4,58.4,QS 2025,71.27272727272728
U3189,2025,97.7,91.4,,97.7,97.7,QS 2025,95.13131313131314
U0555,2025,40.9,89.7,,40.9,40.9,QS 2025,60.02020202020202
U1629,2025,55.4,97.9,,55.4,55.4,QS 2025,72.12121212121212
U1710,2025,54.3,92.9,,54.3,54.3,QS 2025,69.43434343434345
U2322,2025,28.5,95.9,,28.5,28.5,QS 2025,55.01010101010101
U1677,2025,8.8,82.5,,8.8,8.8,QS 2025,37.656565656565654
U1232,2025,4.1,88.1,,4.1,4.1,QS 2025,37.070707070707066
U2391,2025,2.4,93.2,,2.4,2.4,QS 2025,38.101010101010104
U2634,2025,61.3,96.0,,61.3,61.3,QS 2025,74.92929292929293
U0670,2025,71.7,93.1,,71.7,71.7,QS 2025,80.06060606060606
U1648,2025,96.9,26.6,,96.9,96.9,QS 2025,68.46464646464646
U1791,2025,71.9,86.1,,71.9,71.9,QS 2025,77.35353535353536
U2755,2025,23.1,98.2,,23.1,23.1,QS 2025,52.66666666666667
U1110,2025,78.0,73.9,,78.0,78.0,QS 2025,76.12121212121212
U1126,2025,68.4,86.4,,68.4,68.4,QS 2025,75.35353535353536
U3309,2025,42.3,96.7,,42.3,42.3,QS 2025,63.6969696969697
U3161,2025,49.2,83.8,,49.2,49.2,QS 2025,62.66666666666667
U3129,2025,43.9,95.8,,43.9,43.9,QS 2025,64.3030303030303
U3323,2025,79.5,97.3,,79.5,79.5,QS 2025,86.48484848484847
U2116,2025,23.9,68.3,,23.9,23.9,QS 2025,41.07070707070707
U3034,2025,37.6,98.0,,37.6,37.6,QS 2025,61.37373737373738
U2063,2025,84.4,88.1,,84.4,84.4,QS 2025,85.73737373737373
U3300,2025,40.1,94.3,,40.1,40.1,QS 2025,61.39393939393939
U1650,2025,40.2,88.1,,40.2,40.2,QS 2025,58.94949494949495
U0289,2025,41.3,86.9,,41.3,41.3,QS 2025,59.131313131313135
U0002,2025,73.6,78.2,,73.6,73.6,QS 2025,75.19191919191918
U0703,2025,52.8,75.5,,52.8,52.8,QS 2025,61.494949494949495
U3273,2025,78.9,84.6,,78.9,78.9,QS 2025,80.98989898989899
U3282,2025,23.7,91.6,,23.7,23.7,QS 2025,50.36363636363636
U2847,2025,49.6,96.9,,49.6,49.6,QS 2025,68.20202020202021
U0868,2025,79.1,52.3,,79.1,79.1,QS 2025,68.06060606060606
U3042,2025,55.7,97.3,,55.7,55.7,QS 2025,72.06060606060606
U1723,2025,62.8,92.5,,62.8,62.8,QS 2025,74.42424242424242
U3389,2025,93.4,81.5,,93.4,93.4,QS 2025,88.52525252525253
U1714,2025,48.2,89.4,,48.2,48.2,QS 2025,64.32323232323233
U1758,2025,77.7,83.2,,77.7,77.7,QS 2025,79.69696969696969
U2000,2025,41.3,54.2,,41.3,41.3,QS 2025,45.91919191919192
U3152,2025,58.0,85.8,,58.0,58.0,QS 2025,68.8080808080808
U0822,2025,27.0,93.1,,27.0,27.0,QS 2025,52.96969696969697
U2616,2025,46.4,87.2,,46.4,46.4,QS 2025,62.343434343434346
U1986,2025,64.5,95.7,,64.5,64.5,QS 2025,76.74747474747474
U1495,2025,38.7,97.1,,38.7,38.7,QS 2025,61.67676767676767
U2707,2025,52.5,90.6,,52.5,52.5,QS 2025,67.41414141414141
U2663,2025,94.5,89.4,,94.5,94.5,QS 2025,92.3838383838384
U1826,2025,45.3,97.1,,45.3,45.3,QS 2025,65.67676767676767
U0084,2025,46.6,96.0,,46.6,46.6,QS 2025,66.02020202020202
U1256,2025,79.6,90.9,,79.6,79.6,QS 2025,83.95959595959596
U3120,2025,97.7,75.7,,97.7,97.7,QS 2025,88.7878787878788
U0579,2025,79.3,70.8,,79.3,79.3,QS 2025,75.65656565656566
U3262,2025,13.0,96.0,,13.0,13.0,QS 2025,45.65656565656566
U2536,2025,14.1,83.7,,14.1,14.1,QS 2025,41.35353535353536
U0369,2025,77.4,77.0,,77.4,77.4,QS 2025,77.01010101010101
U2259,2025,11.2,77.1,,11.2,11.2,QS 2025,36.92929292929293
U1194,2025,69.6,89.7,,69.6,69.6,QS 2025,77.41414141414141
U1210,2025,54.5,95.2,,54.5,54.5,QS 2025,70.48484848484848
U1749,2025,87.9,62.2,,87.9,87.9,QS 2025,77.3939393939394
U0003,2025,63.8,96.1,,63.8,63.8,QS 2025,76.48484848484848
U1398,2025,93.0,67.1,,93.0,93.0,QS 2025,82.46464646464646
U2552,2025,19.6,87.8,,19.6,19.6,QS 2025,46.343434343434346
U2075,2025,22.1,86.1,,22.1,22.1,QS 2025,47.17171717171718
U2549,2025,25.7,80.5,,25.7,25.7,QS 2025,47.090909090909086
U1105,2025,34.4,93.1,,34.4,34.4,QS 2025,57.45454545454545
U0869,2025,77.4,63.3,,77.4,77.4,QS 2025,71.47474747474747
U2665,2025,52.0,84.2,,52.0,52.0,QS 2025,64.52525252525253
U1323,2025,50.3,97.5,,50.3,50.3,QS 2025,68.86868686868686
U1383,2025,25.4,64.8,,25.4,25.4,QS 2025,40.56565656565657
U2100,2025,64.3,92.6,,64.3,64.3,QS 2025,75.37373737373737
U2817,2025,62.4,94.2,,62.4,62.4,QS 2025,74.86868686868686
U3028,2025,47.2,91.6,,47.2,47.2,QS 2025,64.6060606060606
U3370,2025,41.3,97.9,,41.3,41.3,QS 2025,63.57575757575758
U0586,2025,63.3,85.4,,63.3,63.3,QS 2025,71.85858585858585
U2511,2025,19.3,84.9,,19.3,19.3,QS 2025,44.98989898989899
U2830,2025,41.2,94.1,,41.2,41.2,QS 2025,61.97979797979798
U2676,2025,99.3,93.8,,99.3,99.3,QS 2025,97.07070707070707
U0767,2025,28.5,63.0,,28.5,28.5,QS 2025,41.71717171717172
U0070,2025,1.4,64.7,,1.4,1.4,QS 2025,25.979797979797986
U0472,2025,7.9,91.8,,7.9,7.9,QS 2025,40.86868686868687
U2474,2025,38.1,96.8,,38.1,38.1,QS 2025,61.1919191919192
U2928,2025,36.6,97.2,,36.6,36.6,QS 2025,60.44444444444445
U1185,2025,27.9,69.9,,27.9,27.9,QS 2025,44.141414141414145
U3285,2025,94.6,89.0,,94.6,94.6,QS 2025,92.28282828282829
U0709,2025,21.5,99.5,,21.5,21.5,QS 2025,52.22222222222222
U2799,2025,42.5,95.1,,42.5,42.5,QS 2025,63.17171717171716
U2726,2025,46.8,97.3,,46.8,46.8,QS 2025,66.66666666666666
U3088,2025,65.7,91.7,,65.7,65.7,QS 2025,75.85858585858585
U0802,2025,26.0,77.7,,26.0,26.0,QS 2025,46.14141414141414
U0491,2025,84.7,94.2,,84.7,84.7,QS 2025,88.3838383838384
U2473,2025,59.5,93.1,,59.5,59.5,QS 2025,72.66666666666666
U1297,2025,35.6,82.6,,35.6,35.6,QS 2025,53.93939393939394
U3379,2025,47.7,83.6,,47.7,47.7,QS 2025,61.67676767676768
U2716,2025,97.8,71.2,,97.8,97.8,QS 2025,87.03030303030302
U3014,2025,91.7,82.0,,91.7,91.7,QS 2025,87.6969696969697
U2284,2025,5.9,55.2,,5.9,5.9,QS 2025,24.868686868686872
U2556,2025,40.5,82.9,,40.5,40.5,QS 2025,57.03030303030303
U3377,2025,3.8,66.4,,3.8,3.8,QS 2025,28.12121212121212
U0762,2025,100.0,74.3,,100.0,100.0,QS 2025,89.61616161616162
U3294,2025,40.1,92.5,,40.1,40.1,QS 2025,60.666666666666664
U2085,2025,2.4,56.6,,2.4,2.4,QS 2025,23.313131313131315
U0334,2025,30.0,92.3,,30.0,30.0,QS 2025,54.464646464646464
U0452,2025,93.5,70.3,,93.5,93.5,QS 2025,84.06060606060606
U1075,2025,5.1,57.5,,5.1,5.1,QS 2025,25.313131313131315
U3045,2025,81.3,93.0,,81.3,81.3,QS 2025,85.83838383838383
U2079,2025,73.8,71.6,,73.8,73.8,QS 2025,72.64646464646464
U2590,2025,54.7,93.4,,54.7,54.7,QS 2025,69.87878787878788
U2142,2025,96.9,72.9,,96.9,96.9,QS 2025,87.17171717171718
U1727,2025,42.6,71.2,,42.6,42.6,QS 2025,53.57575757575758
U2825,2025,33.6,94.2,,33.6,33.6,QS 2025,57.41414141414141
U3410,2025,91.9,78.2,,91.9,91.9,QS 2025,86.28282828282829
U0583,2025,78.4,85.6,,78.4,78.4,QS 2025,81.0909090909091
U0511,2025,73.6,82.7,,73.6,73.6,QS 2025,77.01010101010101
U2220,2025,21.0,92.0,,21.0,21.0,QS 2025,48.888888888888886
U2704,2025,40.3,85.2,,40.3,40.3,QS 2025,57.838383838383834
U0159,2025,47.1,95.7,,47.1,47.1,QS 2025,66.20202020202021
U1117,2025,40.0,95.1,,40.0,40.0,QS 2025,61.65656565656565
U0116,2025,23.9,48.1,,23.9,23.9,QS 2025,32.90909090909091
U2487,2025,55.0,89.9,,55.0,55.0,QS 2025,68.64646464646464
U2977,2025,41.9,91.7,,41.9,41.9,QS 2025,61.43434343434344
U0567,2025,62.6,37.3,,62.6,62.6,QS 2025,51.99999999999999
U1728,2025,40.6,92.8,,40.6,40.6,QS 2025,61.090909090909086
U2459,2025,2.1,37.2,,2.1,2.1,QS 2025,15.292929292929294
U1567,2025,31.2,94.6,,31.2,31.2,QS 2025,56.121212121212125
U2092,2025,99.4,77.9,,99.4,99.4,QS 2025,90.70707070707071
U1458,2025,49.6,45.0,,49.6,49.6,QS 2025,47.23232323232323
U0862,2025,99.9,39.1,,99.9,99.9,QS 2025,75.33333333333334
U0064,2025,52.2,92.3,,52.2,52.2,QS 2025,67.91919191919192
U1725,2025,59.9,83.4,,59.9,59.9,QS 2025,68.98989898989899
U3044,2025,38.8,79.5,,38.8,38.8,QS 2025,54.62626262626262
U1418,2025,20.3,58.7,,20.3,20.3,QS 2025,35.01010101010101
U2803,2025,32.1,98.3,,32.1,32.1,QS 2025,58.161616161616166
U1200,2025,77.7,78.6,,77.7,77.7,QS 2025,77.83838383838383
U2954,2025,55.0,92.3,,55.0,55.0,QS 2025,69.6161616161616
U1487,2025,52.7,53.7,,52.7,52.7,QS 2025,52.62626262626263
U2395,2025,3.4,65.9,,3.4,3.4,QS 2025,27.67676767676768
U3365,2025,63.7,89.0,,63.7,63.7,QS 2025,73.55555555555557
U0565,2025,20.5,93.8,,20.5,20.5,QS 2025,49.31313131313131
U0878,2025,90.2,69.3,,90.2,90.2,QS 2025,81.65656565656566
U0671,2025,94.9,87.1,,94.9,94.9,QS 2025,91.6969696969697
U1242,2025,32.4,87.1,,32.4,32.4,QS 2025,53.81818181818181
U2915,2025,61.0,79.8,,61.0,61.0,QS 2025,68.20202020202021
U0879,2025,70.3,37.5,,70.3,70.3,QS 2025,56.74747474747475
U1747,2025,17.2,94.7,,17.2,17.2,QS 2025,47.67676767676768
U0411,2025,7.5,79.6,,7.5,7.5,QS 2025,35.69696969696969
U1253,2025,62.8,80.5,,62.8,62.8,QS 2025,69.57575757575756
U2528,2025,49.9,87.5,,49.9,49.9,QS 2025,64.58585858585857
U2327,2025,24.3,85.4,,24.3,24.3,QS 2025,48.22222222222223
U3243,2025,61.3,87.6,,61.3,61.3,QS 2025,71.53535353535352
U2077,2025,28.5,93.8,,28.5,28.5,QS 2025,54.161616161616166
U3266,2025,84.7,55.1,,84.7,84.7,QS 2025,72.58585858585859
U2523,2025,45.7,94.9,,45.7,45.7,QS 2025,65.03030303030303
U2622,2025,32.0,88.5,,32.0,32.0,QS 2025,54.141414141414145
U3093,2025,33.6,64.3,,33.6,33.6,QS 2025,45.33333333333333
U0688,2025,1.7,38.1,,1.7,1.7,QS 2025,15.414141414141413
U1291,2025,27.4,85.1,,27.4,27.4,QS 2025,49.97979797979798
U1651,2025,51.6,81.4,,51.6,51.6,QS 2025,63.151515151515156
U2062,2025,70.0,65.9,,70.0,70.0,QS 2025,68.04040404040404
U0509,2025,60.6,42.5,,60.6,60.6,QS 2025,52.888888888888886
U3340,2025,32.1,70.7,,32.1,32.1,QS 2025,47.01010101010101
U2937,2025,99.1,57.0,,99.1,99.1,QS 2025,82.08080808080807
U0381,2025,8.0,96.3,,8.0,8.0,QS 2025,42.74747474747475
U3172,2025,56.8,84.7,,56.8,56.8,QS 2025,67.63636363636363
U3330,2025,53.0,78.6,,53.0,53.0,QS 2025,62.86868686868687
U3006,2025,14.7,63.6,,14.7,14.7,QS 2025,33.5959595959596
U0111,2025,28.9,73.1,,28.9,28.9,QS 2025,46.04040404040404
U2055,2025,10.1,41.4,,10.1,10.1,QS 2025,21.838383838383837
U0769,2025,99.8,68.6,,99.8,99.8,QS 2025,87.19191919191918
U0806,2025,61.4,37.0,,61.4,61.4,QS 2025,51.15151515151515
U2831,2025,16.2,95.1,,16.2,16.2,QS 2025,47.232323232323225
U0736,2025,62.5,92.1,,62.5,62.5,QS 2025,74.08080808080808
U0223,2025,2.6,26.3,,2.6,2.6,QS 2025,11.19191919191919
U0784,2025,65.2,75.4,,65.2,65.2,QS 2025,68.96969696969697
U3270,2025,5.5,84.1,,5.5,5.5,QS 2025,36.303030303030305
U0338,2025,61.6,55.6,,61.6,61.6,QS 2025,58.78787878787879
U2927,2025,36.5,98.2,,36.5,36.5,QS 2025,60.787878787878796
U0328,2025,2.7,14.0,,2.7,2.7,QS 2025,6.282828282828284
U2724,2025,31.4,63.0,,31.4,31.4,QS 2025,43.474747474747474
U0877,2025,73.3,38.8,,73.3,73.3,QS 2025,59.09090909090908
U1544,2025,30.4,94.4,,30.4,30.4,QS 2025,55.55555555555556
U2176,2025,3.6,37.6,,3.6,3.6,QS 2025,16.363636363636363
U2482,2025,67.1,74.0,,67.1,67.1,QS 2025,69.55555555555554
U2648,2025,48.1,94.6,,48.1,48.1,QS 2025,66.36363636363637
U3284,2025,30.5,96.8,,30.5,30.5,QS 2025,56.58585858585859
U2109,2025,99.5,65.2,,99.5,99.5,QS 2025,85.63636363636364
U2560,2025,79.0,63.9,,79.0,79.0,QS 2025,72.68686868686868
U0244,2025,92.6,70.8,,92.6,92.6,QS 2025,83.71717171717172
U1729,2025,66.0,93.9,,66.0,66.0,QS 2025,76.92929292929294
U2615,2025,28.5,69.1,,28.5,28.5,QS 2025,44.18181818181819
U2813,2025,13.2,81.3,,13.2,13.2,QS 2025,39.83838383838384
U0502,2025,53.5,77.4,,53.5,53.5,QS 2025,62.68686868686869
U2957,2025,48.8,79.8,,48.8,48.8,QS 2025,60.8080808080808
U3071,2025,31.3,91.7,,31.3,31.3,QS 2025,55.01010101010101
U3076,2025,59.6,95.1,,59.6,59.6,QS 2025,73.53535353535352
U3367,2025,18.2,93.1,,18.2,18.2,QS 2025,47.63636363636363
U2184,2025,98.1,24.8,,98.1,98.1,QS 2025,68.46464646464646
U0780,2025,19.4,77.8,,19.4,19.4,QS 2025,42.18181818181818
U3166,2025,31.8,85.0,,31.8,31.8,QS 2025,52.6060606060606
U2576,2025,2.9,70.3,,2.9,2.9,QS 2025,29.151515151515152
U1950,2025,98.8,48.3,,98.8,98.8,QS 2025,78.38383838383838
U1325,2025,22.3,74.7,,22.3,22.3,QS 2025,42.686868686868685
U2231,2025,4.1,66.3,,4.1,4.1,QS 2025,28.262626262626263
U2746,2025,29.3,90.8,,29.3,29.3,QS 2025,53.43434343434343
U2917,2025,43.4,88.8,,43.4,43.4,QS 2025,61.17171717171716
U2972,2025,39.6,85.5,,39.6,39.6,QS 2025,57.535353535353536
U3171,2025,55.2,86.4,,55.2,55.2,QS 2025,67.35353535353536
U2011,2025,86.5,66.1,,86.5,86.5,QS 2025,78.12121212121211
U2675,2025,28.3,90.7,,28.3,28.3,QS 2025,52.78787878787878
U2650,2025,38.8,94.1,,38.8,38.8,QS 2025,60.525252525252526
U3183,2025,59.8,80.0,,59.8,59.8,QS 2025,67.55555555555556
U3415,2025,89.5,80.5,,89.5,89.5,QS 2025,85.75757575757575
U1978,2025,61.9,94.8,,61.9,61.9,QS 2025,74.8080808080808
U3264,2025,29.1,81.6,,29.1,29.1,QS 2025,49.5959595959596
U0234,2025,1.4,15.2,,1.4,1.4,QS 2025,5.979797979797979
U2008,2025,27.9,82.3,,27.9,27.9,QS 2025,49.15151515151514
U0817,2025,99.9,79.4,,99.9,99.9,QS 2025,91.61616161616163
U0701,2025,14.0,62.5,,14.0,14.0,QS 2025,32.727272727272734
U0242,2025,82.0,68.6,,82.0,82.0,QS 2025,76.4040404040404
U2577,2025,87.0,99.2,,87.0,87.0,QS 2025,91.7979797979798
U1217,2025,45.4,84.6,,45.4,45.4,QS 2025,60.68686868686869
U2360,2025,7.8,79.7,,7.8,7.8,QS 2025,35.91919191919192
U0001,2025,53.2,92.1,,53.2,53.2,QS 2025,68.44444444444444
U2708,2025,40.7,84.1,,40.7,40.7,QS 2025,57.63636363636364
U0039,2025,1.5,40.3,,1.5,1.5,QS 2025,16.18181818181818
U0720,2025,15.9,90.4,,15.9,15.9,QS 2025,45.151515151515156
U2592,2025,9.3,71.5,,9.3,9.3,QS 2025,33.515151515151516
U1518,2025,63.4,78.1,,63.4,63.4,QS 2025,68.96969696969697
U0977,2025,5.5,88.6,,5.5,5.5,QS 2025,38.12121212121212
U2880,2025,24.9,98.0,,24.9,24.9,QS 2025,53.67676767676768
U2602,2025,55.2,70.4,,55.2,55.2,QS 2025,60.88888888888889
U1719,2025,93.6,65.0,,93.6,93.6,QS 2025,81.97979797979798
U1778,2025,2.1,89.7,,2.1,2.1,QS 2025,36.505050505050505
U1876,2025,88.2,64.1,,88.2,88.2,QS 2025,78.34343434343435
U3032,2025,29.2,70.1,,29.2,29.2,QS 2025,45.01010101010101
U1914,2025,36.6,76.8,,36.6,36.6,QS 2025,52.2020202020202
U2748,2025,34.9,86.3,,34.9,34.9,QS 2025,55.01010101010101
U1226,2025,1.4,22.8,,1.4,1.4,QS 2025,9.05050505050505
U1454,2025,76.0,72.7,,76.0,76.0,QS 2025,74.42424242424241
U2422,2025,11.4,81.1,,11.4,11.4,QS 2025,38.66666666666667
U2970,2025,39.3,81.6,,39.3,39.3,QS 2025,55.77777777777778
U3154,2025,49.3,81.1,,49.3,49.3,QS 2025,61.63636363636364
U0499,2025,99.9,12.3,,99.9,99.9,QS 2025,64.5050505050505
U0959,2025,17.0,76.1,,17.0,17.0,QS 2025,40.04040404040404
U1181,2025,15.1,54.5,,15.1,15.1,QS 2025,30.161616161616166
U1789,2025,12.8,78.0,,12.8,12.8,QS 2025,38.26262626262627
U2770,2025,25.9,75.1,,25.9,25.9,QS 2025,45.03030303030303
U2003,2025,49.5,77.4,,49.5,49.5,QS 2025,60.26262626262626
U0016,2025,16.7,27.3,,16.7,16.7,QS 2025,20.14141414141414
U2783,2025,58.7,87.9,,58.7,58.7,QS 2025,70.08080808080808
U2530,2025,41.7,94.9,,41.7,41.7,QS 2025,62.60606060606061
U0882,2025,93.8,44.3,,93.8,93.8,QS 2025,73.73737373737373
U0656,2025,51.8,80.8,,51.8,51.8,QS 2025,63.030303030303024
U1197,2025,97.6,55.6,,97.6,97.6,QS 2025,80.60606060606061
U1902,2025,98.5,71.3,,98.5,98.5,QS 2025,87.4949494949495
U3213,2025,1.9,60.9,,1.9,1.9,QS 2025,24.74747474747475
U3117,2025,57.0,82.3,,57.0,57.0,QS 2025,66.78787878787878
U3145,2025,31.9,85.5,,31.9,31.9,QS 2025,52.868686868686865
U0304,2025,46.5,77.9,,46.5,46.5,QS 2025,58.64646464646465
U1884,2025,99.9,61.4,,99.9,99.9,QS 2025,84.34343434343435
U0872,2025,97.6,51.2,,97.6,97.6,QS 2025,78.82828282828284
U2161,2025,45.7,60.2,,45.7,45.7,QS 2025,51.01010101010102
U3046,2025,59.4,89.4,,59.4,59.4,QS 2025,71.11111111111111
U2111,2025,55.1,56.8,,55.1,55.1,QS 2025,55.33333333333333
U3004,2025,65.1,92.5,,65.1,65.1,QS 2025,75.81818181818181
U3261,2025,62.5,54.2,,62.5,62.5,QS 2025,58.76767676767677
U0320,2025,3.0,86.4,,3.0,3.0,QS 2025,35.71717171717172
U1841,2025,2.8,31.4,,2.8,2.8,QS 2025,13.373737373737374
U0422,2025,31.2,66.4,,31.2,31.2,QS 2025,44.72727272727273
U1479,2025,14.5,73.6,,14.5,14.5,QS 2025,37.515151515151516
U3079,2025,15.5,98.1,,15.5,15.5,QS 2025,48.02020202020203
U0859,2025,29.1,86.6,,29.1,29.1,QS 2025,51.61616161616161
U2744,2025,49.8,91.2,,49.8,49.8,QS 2025,66.02020202020202
U2936,2025,25.2,70.1,,25.2,25.2,QS 2025,42.58585858585858
U3182,2025,10.8,88.8,,10.8,10.8,QS 2025,41.41414141414141
U0753,2025,100.0,27.0,,100.0,100.0,QS 2025,70.5050505050505
U1680,2025,1.6,38.1,,1.6,1.6,QS 2025,15.353535353535353
U2654,2025,90.6,89.0,,90.6,90.6,QS 2025,89.85858585858585
U1998,2025,21.9,78.8,,21.9,21.9,QS 2025,44.1010101010101
U3412,2025,72.2,62.6,,72.2,72.2,QS 2025,68.04040404040404
U3442,2025,22.6,65.5,,22.6,22.6,QS 2025,39.151515151515156
U1804,2025,4.6,83.9,,4.6,4.6,QS 2025,35.67676767676768
U2865,2025,23.3,83.8,,23.3,23.3,QS 2025,46.96969696969697
U3391,2025,10.0,82.0,,10.0,10.0,QS 2025,38.18181818181819
U1262,2025,4.7,57.2,,4.7,4.7,QS 2025,24.94949494949495
U2881,2025,3.5,67.0,,3.5,3.5,QS 2025,28.18181818181818
U3190,2025,79.1,86.2,,79.1,79.1,QS 2025,81.75757575757575
U0702,2025,27.5,79.5,,27.5,27.5,QS 2025,47.77777777777777
U1214,2025,52.1,20.2,,52.1,52.1,QS 2025,38.72727272727272
U2480,2025,16.7,85.3,,16.7,16.7,QS 2025,43.57575757575757
U3240,2025,33.3,87.5,,33.3,33.3,QS 2025,54.525252525252526
U2802,2025,46.6,88.5,,46.6,46.6,QS 2025,62.98989898989899
U3241,2025,29.3,86.3,,29.3,29.3,QS 2025,51.61616161616162
U1402,2025,82.9,51.1,,82.9,82.9,QS 2025,69.87878787878789
U1684,2025,1.6,42.2,,1.6,1.6,QS 2025,17.01010101010101
U3236,2025,17.3,66.9,,17.3,17.3,QS 2025,36.505050505050505
U2074,2025,99.1,41.6,,99.1,99.1,QS 2025,75.85858585858585
U2890,2025,45.7,78.8,,45.7,45.7,QS 2025,58.525252525252526
U3070,2025,38.8,88.3,,38.8,38.8,QS 2025,58.18181818181818
U0143,2025,100.0,89.2,,100.0,100.0,QS 2025,95.63636363636364
U3388,2025,31.0,87.4,,31.0,31.0,QS 2025,53.09090909090909
U1942,2025,97.8,51.3,,97.8,97.8,QS 2025,78.98989898989898
U2534,2025,9.9,35.4,,9.9,9.9,QS 2025,19.29292929292929
U0252,2025,1.3,36.4,,1.3,1.3,QS 2025,14.484848484848486
U2368,2025,23.9,86.3,,23.9,23.9,QS 2025,48.34343434343435
U2603,2025,88.5,39.2,,88.5,88.5,QS 2025,68.46464646464646
U2764,2025,75.0,73.4,,75.0,75.0,QS 2025,74.1010101010101
U3351,2025,28.4,82.6,,28.4,28.4,QS 2025,49.57575757575758
U1452,2025,29.4,29.8,,29.4,29.4,QS 2025,28.848484848484844
U1412,2025,31.0,86.6,,31.0,31.0,QS 2025,52.76767676767676
U2717,2025,65.3,64.5,,65.3,65.3,QS 2025,64.62626262626263
U3097,2025,47.2,69.1,,47.2,47.2,QS 2025,55.515151515151516
U1522,2025,24.6,67.3,,24.6,24.6,QS 2025,41.09090909090909
U1779,2025,53.4,87.3,,53.4,53.4,QS 2025,66.62626262626262
U1849,2025,76.9,64.1,,76.9,76.9,QS 2025,71.4949494949495
U2504,2025,38.0,94.6,,38.0,38.0,QS 2025,60.24242424242425
U3155,2025,73.1,81.0,,73.1,73.1,QS 2025,76.02020202020202
U1073,2025,2.4,88.3,,2.4,2.4,QS 2025,36.121212121212125
U1152,2025,32.4,51.6,,32.4,32.4,QS 2025,39.474747474747474
U0118,2025,100.0,70.2,,100.0,100.0,QS 2025,87.95959595959596
U2722,2025,51.2,63.1,,51.2,51.2,QS 2025,55.515151515151516
U0899,2025,60.6,59.5,,60.6,60.6,QS 2025,59.75757575757576
U1831,2025,1.2,15.0,,1.2,1.2,QS 2025,5.777777777777778
U3320,2025,40.7,39.3,,40.7,40.7,QS 2025,39.535353535353536
U0275,2025,57.1,55.5,,57.1,57.1,QS 2025,56.02020202020202
U1287,2025,13.8,80.2,,13.8,13.8,QS 2025,39.75757575757576
U0813,2025,1.8,83.6,,1.8,1.8,QS 2025,33.85858585858586
U0107,2025,5.2,29.4,,5.2,5.2,QS 2025,14.02020202020202
U0185,2025,21.7,52.6,,21.7,21.7,QS 2025,33.39393939393939
U0733,2025,11.1,59.9,,11.1,11.1,QS 2025,29.919191919191917
U3432,2025,91.6,6.6,,91.6,91.6,QS 2025,57.17171717171716
U0474,2025,17.5,73.8,,17.5,17.5,QS 2025,39.41414141414141
U1603,2025,7.0,68.4,,7.0,7.0,QS 2025,30.868686868686872
U2073,2025,20.1,59.1,,20.1,20.1,QS 2025,35.05050505050505
U2781,2025,14.0,75.2,,14.0,14.0,QS 2025,37.85858585858586
U0284,2025,10.7,46.8,,10.7,10.7,QS 2025,24.383838383838384
U0496,2025,3.6,59.4,,3.6,3.6,QS 2025,25.171717171717173
U0549,2025,10.7,75.4,,10.7,10.7,QS 2025,35.93939393939394
U2925,2025,23.0,72.5,,23.0,23.0,QS 2025,42.222222222222214
U0174,2025,34.4,79.2,,34.4,34.4,QS 2025,51.83838383838384
U2569,2025,23.8,80.2,,23.8,23.8,QS 2025,45.81818181818182
U1448,2025,41.6,21.3,,41.6,41.6,QS 2025,32.80808080808081
U0929,2025,1.8,19.1,,1.8,1.8,QS 2025,7.7979797979797985
U1209,2025,17.4,78.5,,17.4,17.4,QS 2025,41.25252525252526
U1023,2025,74.4,78.5,,74.4,74.4,QS 2025,75.7979797979798
U1943,2025,82.0,69.2,,82.0,82.0,QS 2025,76.64646464646465
U3119,2025,99.4,56.8,,99.4,99.4,QS 2025,82.18181818181819
U0360,2025,99.7,67.5,,99.7,99.7,QS 2025,86.68686868686868
U2139,2025,4.2,64.1,,4.2,4.2,QS 2025,27.434343434343432
U2826,2025,26.2,96.3,,26.2,26.2,QS 2025,53.77777777777778
U0043,2025,3.2,48.4,,3.2,3.2,QS 2025,20.484848484848484
U0834,2025,2.2,3.5,,2.2,2.2,QS 2025,1.7373737373737375
U0932,2025,98.7,53.4,,98.7,98.7,QS 2025,80.38383838383838
U1372,2025,57.3,74.9,,57.3,57.3,QS 2025,63.97979797979798
U2481,2025,19.7,84.9,,19.7,19.7,QS 2025,45.23232323232324
U3348,2025,3.3,75.5,,3.3,3.3,QS 2025,31.494949494949495
U1916,2025,66.0,31.2,,66.0,66.0,QS 2025,51.5959595959596
U2500,2025,64.6,82.7,,64.6,64.6,QS 2025,71.55555555555554
U0465,2025,17.1,78.4,,17.1,17.1,QS 2025,41.03030303030303
U1552,2025,9.5,56.5,,9.5,9.5,QS 2025,27.57575757575757
U2488,2025,19.2,60.5,,19.2,19.2,QS 2025,35.07070707070707
U0979,2025,46.9,76.0,,46.9,46.9,QS 2025,58.12121212121212
U1025,2025,79.3,83.9,,79.3,79.3,QS 2025,80.94949494949495
U2476,2025,19.9,89.3,,19.9,19.9,QS 2025,47.13131313131313
U0503,2025,88.1,55.9,,88.1,88.1,QS 2025,74.96969696969695
U0824,2025,90.6,46.5,,90.6,90.6,QS 2025,72.68686868686869
U2510,2025,57.2,99.5,,57.2,57.2,QS 2025,73.85858585858585
U2791,2025,99.1,73.3,,99.1,99.1,QS 2025,88.66666666666666
U0240,2025,72.1,51.2,,72.1,72.1,QS 2025,63.37373737373737
U1449,2025,5.4,23.3,,5.4,5.4,QS 2025,11.676767676767676
U2886,2025,9.2,84.6,,9.2,9.2,QS 2025,38.74747474747475
U3164,2025,30.3,61.6,,30.3,30.3,QS 2025,42.24242424242425
U1358,2025,12.0,41.7,,12.0,12.0,QS 2025,23.111111111111114
U2189,2025,15.2,78.0,,15.2,15.2,QS 2025,39.717171717171716
U2519,2025,20.7,90.7,,20.7,20.7,QS 2025,48.18181818181818
U2834,2025,50.1,65.2,,50.1,50.1,QS 2025,55.6969696969697
U1988,2025,23.6,76.0,,23.6,23.6,QS 2025,44.0
U2308,2025,4.2,51.1,,4.2,4.2,QS 2025,22.181818181818183
U2030,2025,33.1,84.8,,33.1,33.1,QS 2025,53.31313131313132
U2309,2025,8.2,91.4,,8.2,8.2,QS 2025,40.8888888888889
U1254,2025,56.4,26.2,,56.4,56.4,QS 2025,43.75757575757575
U1133,2025,11.4,55.0,,11.4,11.4,QS 2025,28.121212121212118
U2594,2025,18.3,66.1,,18.3,18.3,QS 2025,36.78787878787879
U2483,2025,8.1,32.6,,8.1,8.1,QS 2025,17.07070707070707
U2607,2025,33.6,68.6,,33.6,33.6,QS 2025,47.070707070707066
U3378,2025,33.5,77.3,,33.5,33.5,QS 2025,50.525252525252526
U0927,2025,47.9,77.3,,47.9,47.9,QS 2025,59.25252525252525
U0257,2025,51.7,64.9,,51.7,51.7,QS 2025,56.54545454545455
U0598,2025,22.6,75.1,,22.6,22.6,QS 2025,43.03030303030303
U1013,2025,14.3,59.7,,14.3,14.3,QS 2025,31.77777777777778
U0227,2025,43.0,75.0,,43.0,43.0,QS 2025,55.35353535353536
U0795,2025,8.9,70.1,,8.9,8.9,QS 2025,32.707070707070706
U2598,2025,36.5,92.9,,36.5,36.5,QS 2025,58.64646464646465
U3128,2025,22.0,84.8,,22.0,22.0,QS 2025,46.58585858585859
U0271,2025,15.2,38.3,,15.2,15.2,QS 2025,23.676767676767675
U0876,2025,95.6,23.6,,95.6,95.6,QS 2025,66.46464646464645
U1775,2025,27.2,73.2,,27.2,27.2,QS 2025,45.05050505050505
U0041,2025,21.7,99.1,,21.7,21.7,QS 2025,52.18181818181817
U1675,2025,1.1,12.5,,1.1,1.1,QS 2025,4.707070707070707
U3192,2025,76.3,77.3,,76.3,76.3,QS 2025,76.46464646464646
U0389,2025,88.8,52.2,,88.8,88.8,QS 2025,73.8989898989899
U0115,2025,46.8,15.4,,46.8,46.8,QS 2025,33.57575757575758
U1445,2025,22.1,35.6,,22.1,22.1,QS 2025,26.76767676767677
U2596,2025,31.0,27.9,,31.0,31.0,QS 2025,29.050505050505052
U2842,2025,41.7,82.9,,41.7,41.7,QS 2025,57.757575757575765
U0405,2025,81.4,59.6,,81.4,81.4,QS 2025,72.40404040404042
U0413,2025,9.3,29.9,,9.3,9.3,QS 2025,16.707070707070706
U0938,2025,92.2,43.5,,92.2,92.2,QS 2025,72.44444444444444
U1881,2025,30.5,58.7,,30.5,30.5,QS 2025,41.19191919191919
U2193,2025,16.2,70.9,,16.2,16.2,QS 2025,37.45454545454546
U2883,2025,12.1,81.2,,12.1,12.1,QS 2025,39.131313131313135
U0359,2025,20.9,44.0,,20.9,20.9,QS 2025,29.43434343434344
U0556,2025,49.0,83.5,,49.0,49.0,QS 2025,62.42424242424242
U1004,2025,27.4,62.2,,27.4,27.4,QS 2025,40.72727272727273
U1438,2025,8.1,32.9,,8.1,8.1,QS 2025,17.19191919191919
U2261,2025,1.6,45.5,,1.6,1.6,QS 2025,18.343434343434343
U2712,2025,50.9,77.3,,50.9,50.9,QS 2025,61.07070707070707
U1084,2025,60.7,78.8,,60.7,60.7,QS 2025,67.6161616161616
U0464,2025,72.0,30.9,,72.0,72.0,QS 2025,55.11111111111111
U0561,2025,63.5,72.0,,63.5,63.5,QS 2025,66.56565656565655
U1011,2025,11.5,87.0,,11.5,11.5,QS 2025,41.111111111111114
U2856,2025,19.4,73.0,,19.4,19.4,QS 2025,40.24242424242424
U2769,2025,53.9,66.5,,53.9,53.9,QS 2025,58.525252525252526
U3231,2025,32.7,85.8,,32.7,32.7,QS 2025,53.474747474747474
U0158,2025,15.8,90.5,,15.8,15.8,QS 2025,45.131313131313135
U1886,2025,64.5,65.1,,64.5,64.5,QS 2025,64.38383838383838
U1924,2025,15.1,16.9,,15.1,15.1,QS 2025,14.969696969696969
U0609,2025,6.9,31.3,,6.9,6.9,QS 2025,15.81818181818182
U3459,2025,80.3,56.3,,80.3,80.3,QS 2025,70.4040404040404
U0845,2025,2.6,68.3,,2.6,2.6,QS 2025,28.161616161616163
U1695,2025,27.8,23.3,,27.8,27.8,QS 2025,25.252525252525253
U2974,2025,54.1,81.1,,54.1,54.1,QS 2025,64.54545454545455
U0178,2025,1.8,23.0,,1.8,1.8,QS 2025,9.373737373737374
U0570,2025,49.8,64.5,,49.8,49.8,QS 2025,55.23232323232323
U0924,2025,1.7,7.0,,1.7,1.7,QS 2025,2.8484848484848486
U1182,2025,20.5,52.0,,20.5,20.5,QS 2025,32.42424242424242
U1795,2025,19.4,25.9,,19.4,19.4,QS 2025,21.21212121212121
U2857,2025,21.5,76.9,,21.5,21.5,QS 2025,43.09090909090909
U3311,2025,2.1,86.6,,2.1,2.1,QS 2025,35.252525252525245
U3450,2025,8.6,50.8,,8.6,8.6,QS 2025,24.72727272727273
U1712,2025,19.5,57.7,,19.5,19.5,QS 2025,34.121212121212125
U2205,2025,1.9,10.2,,1.9,1.9,QS 2025,4.262626262626263
U2593,2025,8.8,94.7,,8.8,8.8,QS 2025,42.58585858585859
U1341,2025,86.2,30.5,,86.2,86.2,QS 2025,63.55555555555555
U2595,2025,8.4,84.3,,8.4,8.4,QS 2025,38.141414141414145
U2668,2025,25.8,75.1,,25.8,25.8,QS 2025,44.96969696969697
U3376,2025,4.7,60.6,,4.7,4.7,QS 2025,26.323232323232325
U0482,2025,7.1,82.6,,7.1,7.1,QS 2025,36.666666666666664
U0867,2025,95.0,24.5,,95.0,95.0,QS 2025,66.46464646464646
U2690,2025,21.7,66.0,,21.7,21.7,QS 2025,38.80808080808081
U3248,2025,30.5,80.5,,30.5,30.5,QS 2025,49.99999999999999
U2401,2025,1.9,55.4,,1.9,1.9,QS 2025,22.525252525252526
U1192,2025,7.4,19.5,,7.4,7.4,QS 2025,11.353535353535355
U1535,2025,15.8,78.4,,15.8,15.8,QS 2025,40.24242424242425
U2688,2025,17.6,92.9,,17.6,17.6,QS 2025,47.1919191919192
U2784,2025,18.4,86.4,,18.4,18.4,QS 2025,45.05050505050506
U0148,2025,2.0,13.3,,2.0,2.0,QS 2025,5.575757575757577
U0797,2025,2.1,7.5,,2.1,2.1,QS 2025,3.2929292929292933
U2002,2025,10.3,51.1,,10.3,10.3,QS 2025,25.878787878787882
U2496,2025,25.4,58.3,,25.4,25.4,QS 2025,37.93939393939394
U3102,2025,6.2,80.0,,6.2,6.2,QS 2025,35.07070707070707
U2315,2025,7.0,89.5,,7.0,7.0,QS 2025,39.39393939393939
U2427,2025,2.2,9.0,,2.2,2.2,QS 2025,3.9595959595959602
U1537,2025,63.8,53.4,,63.8,63.8,QS 2025,59.232323232323225
U2038,2025,2.2,8.6,,2.2,2.2,QS 2025,3.7979797979797985
U2818,2025,43.7,81.2,,43.7,43.7,QS 2025,58.28282828282829
U2862,2025,6.7,73.5,,6.7,6.7,QS 2025,32.747474747474755
U3281,2025,36.2,51.1,,36.2,36.2,QS 2025,41.57575757575758
U2197,2025,16.6,86.2,,16.6,16.6,QS 2025,43.87878787878788
U3176,2025,81.7,71.8,,81.7,81.7,QS 2025,77.51515151515152
U0776,2025,15.4,69.6,,15.4,15.4,QS 2025,36.44444444444444
U1019,2025,5.6,55.5,,5.6,5.6,QS 2025,24.80808080808081
U2566,2025,8.2,34.1,,8.2,8.2,QS 2025,17.737373737373737
U2775,2025,2.9,52.0,,2.9,2.9,QS 2025,21.75757575757576
U3305,2025,31.2,61.1,,31.2,31.2,QS 2025,42.58585858585859
U1635,2025,2.9,64.7,,2.9,2.9,QS 2025,26.888888888888896
U2185,2025,11.5,73.4,,11.5,11.5,QS 2025,35.61616161616162
U2191,2025,2.2,59.7,,2.2,2.2,QS 2025,24.444444444444446
U2490,2025,48.3,93.7,,48.3,48.3,QS 2025,66.12121212121212
U2555,2025,9.9,15.9,,9.9,9.9,QS 2025,11.414141414141415
U0601,2025,6.1,71.3,,6.1,6.1,QS 2025,31.494949494949495
U1401,2025,89.3,38.7,,89.3,89.3,QS 2025,68.74747474747474
U2753,2025,29.8,88.0,,29.8,29.8,QS 2025,52.6060606060606
U0386,2025,4.2,62.5,,4.2,4.2,QS 2025,26.78787878787879
U1203,2025,2.2,43.7,,2.2,2.2,QS 2025,17.979797979797983
U1318,2025,1.3,5.7,,1.3,1.3,QS 2025,2.080808080808081
U2736,2025,13.5,34.9,,13.5,13.5,QS 2025,21.272727272727273
U3175,2025,4.8,73.1,,4.8,4.8,QS 2025,31.434343434343432
U3214,2025,11.6,62.2,,11.6,11.6,QS 2025,31.15151515151515
U0662,2025,24.8,71.9,,24.8,24.8,QS 2025,43.07070707070707
U0661,2025,12.6,86.7,,12.6,12.6,QS 2025,41.65656565656566
U2768,2025,3.9,76.7,,3.9,3.9,QS 2025,32.343434343434346
U1440,2025,3.7,62.7,,3.7,3.7,QS 2025,26.565656565656568
U1927,2025,5.1,13.8,,5.1,5.1,QS 2025,7.656565656565657
U1944,2025,46.3,44.2,,46.3,46.3,QS 2025,44.90909090909091
U2200,2025,4.6,31.5,,4.6,4.6,QS 2025,14.505050505050505
U0990,2025,28.9,47.4,,28.9,28.9,QS 2025,35.656565656565654
U1007,2025,52.7,52.8,,52.7,52.7,QS 2025,52.26262626262626
U1267,2025,1.8,12.1,,1.8,1.8,QS 2025,4.96969696969697
U1649,2025,76.5,46.6,,76.5,76.5,QS 2025,64.18181818181819
U2580,2025,28.0,98.5,,28.0,28.0,QS 2025,55.75757575757576
U0910,2025,1.6,12.0,,1.6,1.6,QS 2025,4.808080808080808
U1915,2025,18.8,20.8,,18.8,18.8,QS 2025,18.78787878787879
U0287,2025,28.8,26.5,,28.8,28.8,QS 2025,27.151515151515152
U1896,2025,55.9,44.8,,55.9,55.9,QS 2025,50.96969696969697
U2819,2025,24.4,83.7,,24.4,24.4,QS 2025,47.5959595959596
U2558,2025,2.8,68.6,,2.8,2.8,QS 2025,28.4040404040404
U2901,2025,24.5,93.7,,24.5,24.5,QS 2025,51.6969696969697
U0038,2025,1.9,74.2,,1.9,1.9,QS 2025,30.121212121212125
U1547,2025,5.1,84.6,,5.1,5.1,QS 2025,36.26262626262626
U2587,2025,24.4,89.1,,24.4,24.4,QS 2025,49.77777777777778
U0963,2025,5.4,65.3,,5.4,5.4,QS 2025,28.646464646464647
U2104,2025,2.1,41.0,,2.1,2.1,QS 2025,16.82828282828283
U2467,2025,1.4,19.6,,1.4,1.4,QS 2025,7.757575757575758
U2874,2025,19.1,75.6,,19.1,19.1,QS 2025,41.111111111111114
U2929,2025,5.9,84.8,,5.9,5.9,QS 2025,36.82828282828283
U3198,2025,43.3,60.4,,43.3,43.3,QS 2025,49.63636363636364
U0319,2025,12.7,64.6,,12.7,12.7,QS 2025,32.78787878787879
U0840,2025,35.9,18.9,,35.9,35.9,QS 2025,28.383838383838384
U1112,2025,2.7,78.3,,2.7,2.7,QS 2025,32.262626262626256
U1120,2025,7.6,48.2,,7.6,7.6,QS 2025,23.070707070707073
U1271,2025,10.1,91.7,,10.1,10.1,QS 2025,42.161616161616166
U1417,2025,2.2,13.3,,2.2,2.2,QS 2025,5.696969696969698
U1616,2025,6.8,55.5,,6.8,6.8,QS 2025,25.535353535353536
U1743,2025,56.6,25.0,,56.6,56.6,QS 2025,43.39393939393939
U2588,2025,7.0,71.4,,7.0,7.0,QS 2025,32.08080808080808
U2759,2025,58.7,57.0,,58.7,58.7,QS 2025,57.5959595959596
U2849,2025,47.5,76.9,,47.5,47.5,QS 2025,58.84848484848485
U3148,2025,28.3,71.9,,28.3,28.3,QS 2025,45.1919191919192
U0117,2025,3.7,35.1,,3.7,3.7,QS 2025,15.414141414141415
U0171,2025,1.6,6.8,,1.6,1.6,QS 2025,2.707070707070707
U0301,2025,7.3,78.8,,7.3,7.3,QS 2025,35.25252525252525
U0408,2025,15.6,90.0,,15.6,15.6,QS 2025,44.8080808080808
U0563,2025,26.5,55.2,,26.5,26.5,QS 2025,37.35353535353536
U1666,2025,7.5,44.5,,7.5,7.5,QS 2025,21.515151515151516
U2022,2025,18.9,22.9,,18.9,18.9,QS 2025,19.696969696969695
U2896,2025,11.3,35.6,,11.3,11.3,QS 2025,20.222222222222225
U2975,2025,21.0,83.7,,21.0,21.0,QS 2025,45.535353535353536
U0014,2025,43.2,64.5,,43.2,43.2,QS 2025,51.23232323232324
U0108,2025,1.9,4.5,,1.9,1.9,QS 2025,1.9595959595959596
U0187,2025,1.0,4.0,,1.0,1.0,QS 2025,1.2121212121212122
U0379,2025,44.2,41.3,,44.2,44.2,QS 2025,42.464646464646464
U0960,2025,3.5,68.8,,3.5,3.5,QS 2025,28.90909090909091
U1741,2025,7.9,24.3,,7.9,7.9,QS 2025,13.595959595959599
U2026,2025,10.8,83.3,,10.8,10.8,QS 2025,39.19191919191919
U2251,2025,5.6,77.1,,5.6,5.6,QS 2025,33.535353535353536
U2300,2025,1.0,2.6,,1.0,1.0,QS 2025,0.6464646464646465
U3156,2025,36.3,86.7,,36.3,36.3,QS 2025,56.02020202020202
U3234,2025,8.9,78.4,,8.9,8.9,QS 2025,36.06060606060606
U0055,2025,5.9,27.5,,5.9,5.9,QS 2025,13.676767676767678
U0044,2025,17.9,18.8,,17.9,17.9,QS 2025,17.434343434343432
U0288,2025,16.6,50.8,,16.6,16.6,QS 2025,29.575757575757578
U0371,2025,41.9,27.7,,41.9,41.9,QS 2025,35.57575757575758
U0395,2025,79.7,24.1,,79.7,79.7,QS 2025,57.03030303030303
U0612,2025,1.7,41.7,,1.7,1.7,QS 2025,16.868686868686872
U0888,2025,10.9,23.9,,10.9,10.9,QS 2025,15.252525252525253
U1838,2025,35.3,44.2,,35.3,35.3,QS 2025,38.24242424242424
U2162,2025,9.7,75.4,,9.7,9.7,QS 2025,35.333333333333336
U2260,2025,6.7,61.1,,6.7,6.7,QS 2025,27.73737373737374
U3077,2025,15.1,75.4,,15.1,15.1,QS 2025,38.60606060606061
U0249,2025,3.3,28.0,,3.3,3.3,QS 2025,12.303030303030303
U0513,2025,4.5,22.2,,4.5,4.5,QS 2025,10.686868686868687
U0562,2025,69.7,39.6,,69.7,69.7,QS 2025,57.23232323232323
U0755,2025,7.1,72.1,,7.1,7.1,QS 2025,32.42424242424242
U1208,2025,32.5,44.5,,32.5,32.5,QS 2025,36.666666666666664
U1415,2025,14.4,30.4,,14.4,14.4,QS 2025,20.0
U1590,2025,33.9,81.2,,33.9,33.9,QS 2025,52.343434343434346
U1757,2025,3.1,30.9,,3.1,3.1,QS 2025,13.353535353535355
U1932,2025,63.0,47.4,,63.0,63.0,QS 2025,56.323232323232325
U2013,2025,1.8,16.7,,1.8,1.8,QS 2025,6.828282828282828
U2561,2025,17.3,32.9,,17.3,17.3,QS 2025,22.767676767676768
U2981,2025,16.5,66.5,,16.5,16.5,QS 2025,35.85858585858586
U3207,2025,19.0,90.8,,19.0,19.0,QS 2025,47.1919191919192
U0819,2025,1.6,12.6,,1.6,1.6,QS 2025,5.05050505050505
U1607,2025,8.5,87.3,,8.5,8.5,QS 2025,39.41414141414141
U2321,2025,17.0,78.0,,17.0,17.0,QS 2025,40.80808080808081
U2853,2025,24.6,71.6,,24.6,24.6,QS 2025,42.82828282828283
U3295,2025,4.1,91.6,,4.1,4.1,QS 2025,38.48484848484848
U0012,2025,20.3,65.9,,20.3,20.3,QS 2025,37.919191919191924
U0423,2025,4.7,93.1,,4.7,4.7,QS 2025,39.45454545454545
U0468,2025,3.5,60.2,,3.5,3.5,QS 2025,25.43434343434344
U0669,2025,42.6,49.3,,42.6,42.6,QS 2025,44.72727272727273
U0918,2025,3.1,62.5,,3.1,3.1,QS 2025,26.121212121212125
U0935,2025,47.8,49.7,,47.8,47.8,QS 2025,48.04040404040404
U1313,2025,28.6,74.1,,28.6,28.6,QS 2025,46.26262626262627
U1423,2025,11.5,32.2,,11.5,11.5,QS 2025,18.969696969696972
U1926,2025,2.0,61.0,,2.0,2.0,QS 2025,24.84848484848485
U2125,2025,17.7,21.9,,17.7,17.7,QS 2025,18.565656565656568
U2269,2025,1.6,62.4,,1.6,1.6,QS 2025,25.171717171717173
U2946,2025,12.0,73.1,,12.0,12.0,QS 2025,35.7979797979798
U3073,2025,25.9,80.1,,25.9,25.9,QS 2025,47.05050505050505
U0004,2025,1.1,4.1,,1.1,1.1,QS 2025,1.313131313131313
U0229,2025,48.1,50.1,,48.1,48.1,QS 2025,48.38383838383839
U1050,2025,10.7,63.9,,10.7,10.7,QS 2025,31.292929292929294
U1064,2025,1.1,6.5,,1.1,1.1,QS 2025,2.282828282828283
U1286,2025,7.4,90.0,,7.4,7.4,QS 2025,39.838383838383834
U2342,2025,7.0,64.0,,7.0,7.0,QS 2025,29.09090909090909
U2838,2025,32.1,67.2,,32.1,32.1,QS 2025,45.5959595959596
U0394,2025,68.5,52.4,,68.5,68.5,QS 2025,61.67676767676767
U0721,2025,12.0,25.1,,12.0,12.0,QS 2025,16.404040404040405
U0873,2025,71.1,13.7,,71.1,71.1,QS 2025,47.616161616161605
U0996,2025,10.6,35.3,,10.6,10.6,QS 2025,19.676767676767675
U1700,2025,31.7,54.3,,31.7,31.7,QS 2025,40.141414141414145
U1698,2025,2.5,64.0,,2.5,2.5,QS 2025,26.363636363636363
U2094,2025,16.9,77.2,,16.9,16.9,QS 2025,40.42424242424243
U2626,2025,61.0,66.7,,61.0,61.0,QS 2025,62.90909090909092
U3011,2025,27.5,48.7,,27.5,27.5,QS 2025,35.333333333333336
U0370,2025,1.4,37.4,,1.4,1.4,QS 2025,14.94949494949495
U1543,2025,8.5,74.7,,8.5,8.5,QS 2025,34.323232323232325
U1606,2025,41.0,14.7,,41.0,41.0,QS 2025,29.777777777777775
U1891,2025,60.7,54.3,,60.7,60.7,QS 2025,57.717171717171716
U2247,2025,1.1,21.5,,1.1,1.1,QS 2025,8.343434343434343
U2268,2025,1.5,17.8,,1.5,1.5,QS 2025,7.090909090909092
U2417,2025,1.2,20.1,,1.2,1.2,QS 2025,7.838383838383839
U2350,2025,6.0,54.0,,6.0,6.0,QS 2025,24.444444444444446
U2362,2025,10.1,80.1,,10.1,10.1,QS 2025,37.474747474747474
U2694,2025,56.3,55.5,,56.3,56.3,QS 2025,55.53535353535353
U2828,2025,11.7,78.2,,11.7,11.7,QS 2025,37.676767676767675
U3133,2025,40.4,61.0,,40.4,40.4,QS 2025,48.121212121212125
U0245,2025,67.1,37.2,,67.1,67.1,QS 2025,54.686868686868685
U0536,2025,9.7,36.5,,9.7,9.7,QS 2025,19.616161616161616
U1202,2025,3.7,36.5,,3.7,3.7,QS 2025,15.97979797979798
U1433,2025,71.0,34.5,,71.0,71.0,QS 2025,55.959595959595966
U1979,2025,41.7,18.0,,41.7,41.7,QS 2025,31.535353535353536
U2032,2025,2.2,40.3,,2.2,2.2,QS 2025,16.606060606060602
U3007,2025,30.4,73.1,,30.4,30.4,QS 2025,46.94949494949495
U3039,2025,31.1,69.3,,31.1,31.1,QS 2025,45.83838383838384
U0034,2025,3.8,9.3,,3.8,3.8,QS 2025,5.050505050505052
U0106,2025,4.3,30.6,,4.3,4.3,QS 2025,13.959595959595962
U0473,2025,18.2,88.3,,18.2,18.2,QS 2025,45.696969696969695
U0497,2025,10.8,75.8,,10.8,10.8,QS 2025,36.161616161616166
U0520,2025,8.0,62.8,,8.0,8.0,QS 2025,29.212121212121215
U1216,2025,11.0,15.6,,11.0,11.0,QS 2025,11.959595959595958
U1393,2025,67.6,48.2,,67.6,67.6,QS 2025,59.43434343434343
U1645,2025,2.3,51.9,,2.3,2.3,QS 2025,21.353535353535356
U1799,2025,2.4,13.1,,2.4,2.4,QS 2025,5.737373737373738
U1476,2025,13.8,44.7,,13.8,13.8,QS 2025,25.414141414141415
U2141,2025,51.7,90.7,,51.7,51.7,QS 2025,66.96969696969697
U2495,2025,12.4,76.7,,12.4,12.4,QS 2025,37.494949494949495
U2998,2025,30.9,18.3,,30.9,30.9,QS 2025,25.111111111111114
U0296,2025,11.6,32.3,,11.6,11.6,QS 2025,19.07070707070707
U0309,2025,8.5,56.6,,8.5,8.5,QS 2025,27.010101010101014
U0530,2025,1.5,27.4,,1.5,1.5,QS 2025,10.96969696969697
U0545,2025,28.7,73.4,,28.7,28.7,QS 2025,46.04040404040404
U0573,2025,17.6,15.9,,17.6,17.6,QS 2025,16.080808080808083
U0976,2025,40.6,32.5,,40.6,40.6,QS 2025,36.72727272727273
U1145,2025,17.1,46.8,,17.1,17.1,QS 2025,28.262626262626263
U1196,2025,45.2,64.0,,45.2,45.2,QS 2025,52.24242424242424
U1327,2025,10.6,58.3,,10.6,10.6,QS 2025,28.96969696969697
U1752,2025,3.0,29.9,,3.0,3.0,QS 2025,12.88888888888889
U2505,2025,14.7,93.3,,14.7,14.7,QS 2025,45.5959595959596
U2514,2025,28.3,88.1,,28.3,28.3,QS 2025,51.73737373737373
U2987,2025,49.7,53.3,,49.7,49.7,QS 2025,50.64646464646464
U3232,2025,43.3,70.4,,43.3,43.3,QS 2025,53.67676767676768
U2484,2025,37.9,77.5,,37.9,37.9,QS 2025,53.272727272727266
U2491,2025,18.3,78.4,,18.3,18.3,QS 2025,41.757575757575765
U2671,2025,5.3,95.2,,5.3,5.3,QS 2025,40.66666666666667
U0098,2025,1.4,18.8,,1.4,1.4,QS 2025,7.434343434343436
U0335,2025,15.6,67.3,,15.6,15.6,QS 2025,35.63636363636364
U2232,2025,1.0,,,1.0,1.0,QS 2025,0.0
U2297,2025,1.1,3.0,,1.1,1.1,QS 2025,0.8686868686868688
U2599,2025,6.1,69.1,,6.1,6.1,QS 2025,30.606060606060606
U2541,2025,35.0,54.7,,35.0,35.0,QS 2025,42.303030303030305
U2732,2025,23.6,72.2,,23.6,23.6,QS 2025,42.46464646464647
U3222,2025,11.9,76.1,,11.9,11.9,QS 2025,36.94949494949495
U3279,2025,5.1,35.4,,5.1,5.1,QS 2025,16.38383838383838
U3359,2025,1.4,29.4,,1.4,1.4,QS 2025,11.717171717171716
U3339,2025,34.1,44.9,,34.1,34.1,QS 2025,37.79797979797979
U3369,2025,2.4,48.1,,2.4,2.4,QS 2025,19.87878787878788
U3372,2025,8.6,42.8,,8.6,8.6,QS 2025,21.494949494949495
U0903,2025,1.6,7.7,,1.6,1.6,QS 2025,3.0707070707070714
U1061,2025,7.9,64.2,,7.9,7.9,QS 2025,29.71717171717172
U2076,2025,5.5,66.4,,5.5,5.5,QS 2025,29.151515151515152
U2133,2025,10.0,20.3,,10.0,10.0,QS 2025,13.252525252525253
U2320,2025,4.2,67.5,,4.2,4.2,QS 2025,28.80808080808081
U2452,2025,48.4,77.7,,48.4,48.4,QS 2025,59.71717171717171
U2702,2025,21.4,56.0,,21.4,21.4,QS 2025,34.58585858585859
U2796,2025,6.7,41.6,,6.7,6.7,QS 2025,19.858585858585858
U2943,2025,7.2,75.9,,7.2,7.2,QS 2025,34.02020202020202
U2969,2025,36.7,75.6,,36.7,36.7,QS 2025,51.77777777777778
U0023,2025,4.8,86.7,,4.8,4.8,QS 2025,36.929292929292934
U0226,2025,14.9,25.1,,14.9,14.9,QS 2025,18.161616161616163
U1111,2025,2.7,59.3,,2.7,2.7,QS 2025,24.58585858585859
U1399,2025,57.8,39.7,,57.8,57.8,QS 2025,50.060606060606055
U2741,2025,22.9,69.0,,22.9,22.9,QS 2025,40.74747474747474
U2750,2025,3.6,45.7,,3.6,3.6,QS 2025,19.636363636363637
U3057,2025,27.0,60.6,,27.0,27.0,QS 2025,39.83838383838384
U0024,2025,1.7,55.2,,1.7,1.7,QS 2025,22.32323232323233
U0291,2025,16.4,72.6,,16.4,16.4,QS 2025,38.262626262626256
U0388,2025,8.8,28.9,,8.8,8.8,QS 2025,16.0
U0392,2025,31.8,67.0,,31.8,31.8,QS 2025,45.33333333333333
U0436,2025,1.7,9.6,,1.7,1.7,QS 2025,3.8989898989898983
U0804,2025,2.1,6.5,,2.1,2.1,QS 2025,2.888888888888889
U2289,2025,2.5,31.8,,2.5,2.5,QS 2025,13.353535353535353
U2522,2025,5.1,82.1,,5.1,5.1,QS 2025,35.25252525252525
U2953,2025,13.5,45.0,,13.5,13.5,QS 2025,25.353535353535353
U3061,2025,2.8,40.3,,2.8,2.8,QS 2025,16.969696969696965
U3338,2025,41.6,71.0,,41.6,41.6,QS 2025,52.88888888888889
U0205,2025,4.4,80.1,,4.4,4.4,QS 2025,34.02020202020202
U1058,2025,2.5,51.9,,2.5,2.5,QS 2025,21.474747474747478
U1482,2025,1.3,11.8,,1.3,1.3,QS 2025,4.545454545454546
U1713,2025,1.8,68.3,,1.8,1.8,QS 2025,27.67676767676768
U2102,2025,11.3,70.5,,11.3,11.3,QS 2025,34.323232323232325
U1500,2025,2.6,19.6,,2.6,2.6,QS 2025,8.484848484848484
U2253,2025,1.0,2.5,,1.0,1.0,QS 2025,0.6060606060606061
U2346,2025,8.5,62.1,,8.5,8.5,QS 2025,29.232323232323235
U2914,2025,5.3,71.5,,5.3,5.3,QS 2025,31.090909090909093
U2991,2025,37.3,43.7,,37.3,37.3,QS 2025,39.25252525252525
U3465,2025,2.7,41.4,,2.7,2.7,QS 2025,17.353535353535353
U0069,2025,10.6,19.1,,10.6,10.6,QS 2025,13.131313131313131
U0966,2025,1.2,22.7,,1.2,1.2,QS 2025,8.88888888888889
U1074,2025,26.2,62.9,,26.2,26.2,QS 2025,40.282828282828284
U1497,2025,30.4,29.1,,30.4,30.4,QS 2025,29.17171717171717
U1846,2025,4.3,83.6,,4.3,4.3,QS 2025,35.37373737373738
U2252,2025,4.3,48.1,,4.3,4.3,QS 2025,21.03030303030303
U2891,2025,23.5,75.4,,23.5,23.5,QS 2025,43.696969696969695
U3017,2025,14.9,73.1,,14.9,14.9,QS 2025,37.55555555555556
U3335,2025,18.9,76.9,,18.9,18.9,QS 2025,41.515151515151516
U3381,2025,10.6,73.6,,10.6,10.6,QS 2025,35.15151515151515
U0054,2025,2.7,16.9,,2.7,2.7,QS 2025,7.454545454545454
U0066,2025,2.0,76.4,,2.0,2.0,QS 2025,31.070707070707073
U0136,2025,2.6,70.6,,2.6,2.6,QS 2025,29.09090909090909
U0172,2025,52.5,57.1,,52.5,52.5,QS 2025,53.878787878787875
U0248,2025,33.1,31.9,,33.1,33.1,QS 2025,31.939393939393945
U0250,2025,1.0,5.1,,1.0,1.0,QS 2025,1.6565656565656566
U0276,2025,20.4,37.6,,20.4,20.4,QS 2025,26.545454545454547
U0569,2025,11.8,60.1,,11.8,11.8,QS 2025,30.42424242424243
U0694,2025,12.7,65.8,,12.7,12.7,QS 2025,33.27272727272727
U0816,2025,59.7,31.6,,59.7,59.7,QS 2025,47.93939393939394
U0850,2025,1.8,35.2,,1.8,1.8,QS 2025,14.303030303030305
U0902,2025,2.0,46.0,,2.0,2.0,QS 2025,18.78787878787879
U1021,2025,2.3,43.5,,2.3,2.3,QS 2025,17.959595959595962
U1092,2025,1.2,3.2,,1.2,1.2,QS 2025,1.0101010101010102
U1167,2025,2.9,39.3,,2.9,2.9,QS 2025,16.626262626262626
U1222,2025,12.3,87.7,,12.3,12.3,QS 2025,41.87878787878788
U1239,2025,4.4,47.6,,4.4,4.4,QS 2025,20.888888888888893
U1294,2025,12.7,48.5,,12.7,12.7,QS 2025,26.282828282828284
U1455,2025,1.5,20.4,,1.5,1.5,QS 2025,8.141414141414142
U1559,2025,50.5,51.1,,50.5,50.5,QS 2025,50.24242424242425
U1641,2025,25.0,61.6,,25.0,25.0,QS 2025,39.03030303030303
U1681,2025,6.6,39.9,,6.6,6.6,QS 2025,19.11111111111111
U1788,2025,17.6,27.9,,17.6,17.6,QS 2025,20.92929292929293
U2015,2025,10.6,55.5,,10.6,10.6,QS 2025,27.83838383838384
U0343,2025,14.1,10.5,,14.1,14.1,QS 2025,11.777777777777777
U2144,2025,26.4,57.0,,26.4,26.4,QS 2025,38.02020202020202
U2159,2025,6.2,61.1,,6.2,6.2,QS 2025,27.43434343434344
U2204,2025,1.1,5.8,,1.1,1.1,QS 2025,2.0
U2374,2025,1.3,5.2,,1.3,1.3,QS 2025,1.8787878787878791
U2432,2025,2.4,24.9,,2.4,2.4,QS 2025,10.505050505050503
U2501,2025,40.9,65.9,,40.9,40.9,QS 2025,50.40404040404041
U2456,2025,1.4,19.6,,1.4,1.4,QS 2025,7.757575757575758
U2589,2025,11.2,81.4,,11.2,11.2,QS 2025,38.66666666666667
U2600,2025,5.2,68.8,,5.2,5.2,QS 2025,29.93939393939394
U2508,2025,12.9,95.9,,12.9,12.9,QS 2025,45.55555555555556
U2564,2025,5.8,45.5,,5.8,5.8,QS 2025,20.88888888888889
U2633,2025,12.9,42.6,,12.9,12.9,QS 2025,24.02020202020202
U2640,2025,7.7,71.7,,7.7,7.7,QS 2025,32.62626262626263
U2656,2025,1.5,63.5,,1.5,1.5,QS 2025,25.555555555555557
U2661,2025,25.0,81.6,,25.0,25.0,QS 2025,47.111111111111114
U2695,2025,14.9,72.5,,14.9,14.9,QS 2025,37.31313131313131
U2698,2025,4.2,69.1,,4.2,4.2,QS 2025,29.454545454545453
U2859,2025,41.5,27.0,,41.5,41.5,QS 2025,35.05050505050505
U3041,2025,18.5,53.4,,18.5,18.5,QS 2025,31.77777777777778
U3068,2025,3.4,56.9,,3.4,3.4,QS 2025,24.04040404040404
U3104,2025,37.1,87.4,,37.1,37.1,QS 2025,56.787878787878796
U3162,2025,5.0,69.6,,5.0,5.0,QS 2025,30.141414141414142
U3246,2025,33.6,28.8,,33.6,33.6,QS 2025,30.98989898989899
U3411,2025,47.0,51.0,,47.0,47.0,QS 2025,48.08080808080808
U0032,2025,6.5,75.6,,6.5,6.5,QS 2025,33.474747474747474
U0095,2025,1.7,30.6,,1.7,1.7,QS 2025,12.383838383838386
U0147,2025,3.1,10.4,,3.1,3.1,QS 2025,5.070707070707071
U0380,2025,8.1,53.4,,8.1,8.1,QS 2025,25.474747474747474
U0406,2025,12.4,28.5,,12.4,12.4,QS 2025,18.02020202020202
U0415,2025,10.7,32.7,,10.7,10.7,QS 2025,18.68686868686869
U0426,2025,41.8,30.6,,41.8,41.8,QS 2025,36.68686868686869
U0493,2025,5.0,46.0,,5.0,5.0,QS 2025,20.60606060606061
U0537,2025,47.3,31.1,,47.3,47.3,QS 2025,40.222222222222214
U0706,2025,22.4,62.3,,22.4,22.4,QS 2025,37.73737373737374
U0747,2025,4.8,9.3,,4.8,4.8,QS 2025,5.6565656565656575
U0982,2025,26.0,43.0,,26.0,26.0,QS 2025,32.12121212121212
U1042,2025,22.1,74.9,,22.1,22.1,QS 2025,42.64646464646465
U1047,2025,1.1,2.4,,1.1,1.1,QS 2025,0.6262626262626263
U1178,2025,1.0,3.1,,1.0,1.0,QS 2025,0.8484848484848486
U1315,2025,4.1,59.1,,4.1,4.1,QS 2025,25.353535353535353
U1379,2025,6.3,49.2,,6.3,6.3,QS 2025,22.68686868686869
U1536,2025,36.8,58.8,,36.8,36.8,QS 2025,45.05050505050505
U1540,2025,14.9,92.9,,14.9,14.9,QS 2025,45.55555555555556
U1572,2025,7.7,52.5,,7.7,7.7,QS 2025,24.868686868686872
U1573,2025,13.3,66.8,,13.3,13.3,QS 2025,34.04040404040404
U1624,2025,3.0,41.7,,3.0,3.0,QS 2025,17.656565656565657
U1687,2025,6.4,31.0,,6.4,6.4,QS 2025,15.393939393939396
U1868,2025,33.3,64.7,,33.3,33.3,QS 2025,45.31313131313132
U2009,2025,11.7,12.3,,11.7,11.7,QS 2025,11.05050505050505
U2080,2025,3.1,43.9,,3.1,3.1,QS 2025,18.606060606060606
U2106,2025,46.1,31.1,,46.1,46.1,QS 2025,39.494949494949495
U2129,2025,30.5,40.4,,30.5,30.5,QS 2025,33.79797979797979
U2313,2025,4.3,80.2,,4.3,4.3,QS 2025,34.0
U2416,2025,1.1,3.4,,1.1,1.1,QS 2025,1.0303030303030303
U2449,2025,34.6,70.0,,34.6,34.6,QS 2025,48.24242424242425
U2512,2025,21.4,87.3,,21.4,21.4,QS 2025,47.232323232323225
U2516,2025,16.9,43.0,,16.9,16.9,QS 2025,26.606060606060602
U2527,2025,10.9,62.6,,10.9,10.9,QS 2025,30.88888888888889
U2605,2025,33.9,66.0,,33.9,33.9,QS 2025,46.20202020202021
U2618,2025,7.2,66.2,,7.2,7.2,QS 2025,30.1010101010101
U2778,2025,11.0,8.2,,11.0,11.0,QS 2025,8.969696969696969
U2815,2025,3.9,70.6,,3.9,3.9,QS 2025,29.87878787878788
U2820,2025,5.3,72.8,,5.3,5.3,QS 2025,31.616161616161616
U2848,2025,5.2,58.8,,5.2,5.2,QS 2025,25.8989898989899
U2926,2025,9.9,58.5,,9.9,9.9,QS 2025,28.626262626262626
U2980,2025,5.5,58.0,,5.5,5.5,QS 2025,25.757575757575758
U3051,2025,32.2,81.6,,32.2,32.2,QS 2025,51.474747474747474
U3114,2025,1.3,18.1,,1.3,1.3,QS 2025,7.090909090909092
U3142,2025,7.3,91.0,,7.3,7.3,QS 2025,40.18181818181819
U3289,2025,3.9,54.3,,3.9,3.9,QS 2025,23.292929292929294
U3341,2025,2.4,61.0,,2.4,2.4,QS 2025,25.090909090909093
U3346,2025,7.8,41.4,,7.8,7.8,QS 2025,20.444444444444443
U3350,2025,12.8,73.5,,12.8,12.8,QS 2025,36.44444444444445
U3434,2025,12.2,38.9,,12.2,12.2,QS 2025,22.1010101010101
U0190,2025,12.1,33.9,,12.1,12.1,QS 2025,20.02020202020202
U0243,2025,31.8,29.1,,31.8,31.8,QS 2025,30.02020202020202
U0247,2025,49.3,18.7,,49.3,49.3,QS 2025,36.42424242424242
U0339,2025,23.4,71.3,,23.4,23.4,QS 2025,41.97979797979798
U0685,2025,2.0,40.0,,2.0,2.0,QS 2025,16.363636363636363
U0692,2025,4.4,56.0,,4.4,4.4,QS 2025,24.282828282828287
U0704,2025,46.9,5.4,,46.9,46.9,QS 2025,29.595959595959595
U0707,2025,5.6,17.8,,5.6,5.6,QS 2025,9.575757575757576
U0849,2025,1.5,41.9,,1.5,1.5,QS 2025,16.82828282828283
U1038,2025,12.2,31.9,,12.2,12.2,QS 2025,19.272727272727273
U1046,2025,1.1,7.5,,1.1,1.1,QS 2025,2.6868686868686873
U1180,2025,1.7,7.1,,1.7,1.7,QS 2025,2.888888888888889
U1243,2025,12.9,52.3,,12.9,12.9,QS 2025,27.93939393939394
U1264,2025,4.5,64.8,,4.5,4.5,QS 2025,27.8989898989899
U1273,2025,4.4,61.2,,4.4,4.4,QS 2025,26.383838383838388
U1324,2025,28.6,52.1,,28.6,28.6,QS 2025,37.37373737373738
U1439,2025,1.7,19.1,,1.7,1.7,QS 2025,7.737373737373738
U1503,2025,4.9,81.3,,4.9,4.9,QS 2025,34.80808080808082
U1533,2025,2.7,24.5,,2.7,2.7,QS 2025,10.525252525252526
U1596,2025,6.5,29.3,,6.5,6.5,QS 2025,14.767676767676768
U1699,2025,5.1,6.0,,5.1,5.1,QS 2025,4.505050505050505
U1755,2025,2.5,3.7,,2.5,2.5,QS 2025,2.0
U1759,2025,5.3,35.8,,5.3,5.3,QS 2025,16.666666666666664
U1953,2025,3.6,84.1,,3.6,3.6,QS 2025,35.151515151515156
U2240,2025,1.2,6.4,,1.2,1.2,QS 2025,2.303030303030303
U2248,2025,1.2,17.4,,1.2,1.2,QS 2025,6.747474747474747
U2317,2025,2.3,11.3,,2.3,2.3,QS 2025,4.94949494949495
U2373,2025,1.1,4.3,,1.1,1.1,QS 2025,1.393939393939394
U2396,2025,1.6,44.4,,1.6,1.6,QS 2025,17.8989898989899
U2414,2025,1.3,33.2,,1.3,1.3,QS 2025,13.191919191919192
U2425,2025,1.7,10.0,,1.7,1.7,QS 2025,4.0606060606060606
U2318,2025,6.1,27.8,,6.1,6.1,QS 2025,13.91919191919192
U2323,2025,18.0,79.9,,18.0,18.0,QS 2025,42.18181818181819
U2498,2025,43.6,32.4,,43.6,43.6,QS 2025,38.505050505050505
U2503,2025,12.1,62.5,,12.1,12.1,QS 2025,31.575757575757578
U2632,2025,16.8,54.5,,16.8,16.8,QS 2025,31.191919191919197
U2701,2025,22.6,81.4,,22.6,22.6,QS 2025,45.575757575757585
U2786,2025,6.2,33.3,,6.2,6.2,QS 2025,16.2020202020202
U2839,2025,2.4,43.3,,2.4,2.4,QS 2025,17.939393939393938
U2931,2025,3.4,70.9,,3.4,3.4,QS 2025,29.696969696969703
U2951,2025,6.8,61.0,,6.8,6.8,QS 2025,27.75757575757576
U2999,2025,6.8,79.8,,6.8,6.8,QS 2025,35.35353535353536
U3001,2025,1.8,50.1,,1.8,1.8,QS 2025,20.323232323232325
U3066,2025,21.4,42.9,,21.4,21.4,QS 2025,29.292929292929294
U3105,2025,6.9,63.6,,6.9,6.9,QS 2025,28.868686868686872
U3301,2025,1.2,4.3,,1.2,1.2,QS 2025,1.4545454545454546
U3343,2025,2.1,45.7,,2.1,2.1,QS 2025,18.72727272727273
U3399,2025,26.2,25.6,,26.2,26.2,QS 2025,25.21212121212121
U3407,2025,5.3,55.5,,5.3,5.3,QS 2025,24.626262626262626
U3431,2025,1.3,20.0,,1.3,1.3,QS 2025,7.858585858585858
U3437,2025,10.3,10.5,,10.3,10.3,QS 2025,9.474747474747474
U0086,2025,1.0,2.9,,1.0,1.0,QS 2025,0.7676767676767677
U0179,2025,20.0,14.0,,20.0,20.0,QS 2025,16.767676767676768
U0183,2025,17.2,54.7,,17.2,17.2,QS 2025,31.515151515151523
U0216,2025,1.4,16.7,,1.4,1.4,QS 2025,6.585858585858586
U0272,2025,2.1,10.7,,2.1,2.1,QS 2025,4.585858585858586
U0427,2025,16.7,20.2,,16.7,16.7,QS 2025,17.272727272727273
U0429,2025,15.2,78.5,,15.2,15.2,QS 2025,39.919191919191924
U0547,2025,1.2,2.4,,1.2,1.2,QS 2025,0.6868686868686869
U0647,2025,28.2,71.7,,28.2,28.2,QS 2025,45.05050505050505
U0652,2025,1.6,32.4,,1.6,1.6,QS 2025,13.05050505050505
U0760,2025,6.9,5.7,,6.9,6.9,QS 2025,5.474747474747475
U0866,2025,50.2,6.8,,50.2,50.2,QS 2025,32.161616161616166
U0904,2025,1.3,2.7,,1.3,1.3,QS 2025,0.868686868686869
U1094,2025,4.4,50.9,,4.4,4.4,QS 2025,22.22222222222223
U1115,2025,8.5,36.9,,8.5,8.5,QS 2025,19.050505050505052
U1160,2025,12.6,35.1,,12.6,12.6,QS 2025,20.80808080808081
U1276,2025,2.6,74.7,,2.6,2.6,QS 2025,30.747474747474747
U1509,2025,3.8,18.4,,3.8,3.8,QS 2025,8.727272727272727
U1529,2025,2.1,13.1,,2.1,2.1,QS 2025,5.555555555555556
U1679,2025,1.3,27.1,,1.3,1.3,QS 2025,10.727272727272728
U1696,2025,3.3,40.3,,3.3,3.3,QS 2025,17.27272727272727
U1722,2025,18.3,3.3,,18.3,18.3,QS 2025,11.414141414141415
U1748,2025,12.6,54.5,,12.6,12.6,QS 2025,28.64646464646465
U1750,2025,1.9,15.1,,1.9,1.9,QS 2025,6.242424242424242
U1843,2025,1.1,3.9,,1.1,1.1,QS 2025,1.2323232323232323
U1837,2025,7.2,60.8,,7.2,7.2,QS 2025,27.91919191919192
U1938,2025,1.8,8.6,,1.8,1.8,QS 2025,3.555555555555556
U1945,2025,1.9,40.1,,1.9,1.9,QS 2025,16.343434343434346
U1981,2025,13.5,28.7,,13.5,13.5,QS 2025,18.767676767676765
U2631,2025,11.9,54.9,,11.9,11.9,QS 2025,28.383838383838384
U2906,2025,3.3,61.4,,3.3,3.3,QS 2025,25.797979797979796
U2227,2025,2.5,45.6,,2.5,2.5,QS 2025,18.92929292929293
U2263,2025,12.0,84.2,,12.0,12.0,QS 2025,40.282828282828284
U2270,2025,2.0,13.1,,2.0,2.0,QS 2025,5.494949494949496
U2280,2025,4.5,44.9,,4.5,4.5,QS 2025,19.858585858585858
U2285,2025,2.8,22.6,,2.8,2.8,QS 2025,9.81818181818182
U2305,2025,2.2,13.2,,2.2,2.2,QS 2025,5.656565656565657
U2410,2025,1.1,26.8,,1.1,1.1,QS 2025,10.484848484848486
U2437,2025,5.0,41.6,,5.0,5.0,QS 2025,18.82828282828283
U2445,2025,2.6,4.5,,2.6,2.6,QS 2025,2.3838383838383836
U2585,2025,29.3,61.0,,29.3,29.3,QS 2025,41.3939393939394
U2597,2025,6.2,52.6,,6.2,6.2,QS 2025,24.000000000000004
U2547,2025,2.7,21.1,,2.7,2.7,QS 2025,9.151515151515154
U2657,2025,2.2,36.2,,2.2,2.2,QS 2025,14.94949494949495
U2733,2025,3.8,53.9,,3.8,3.8,QS 2025,23.07070707070707
U2747,2025,3.2,19.3,,3.2,3.2,QS 2025,8.727272727272728
U2771,2025,7.8,32.7,,7.8,7.8,QS 2025,16.92929292929293
U3054,2025,25.4,69.4,,25.4,25.4,QS 2025,42.42424242424242
U3089,2025,21.0,39.1,,21.0,21.0,QS 2025,27.515151515151516
U3146,2025,5.7,55.3,,5.7,5.7,QS 2025,24.787878787878785
U3220,2025,14.1,76.8,,14.1,14.1,QS 2025,38.56565656565656
U3427,2025,2.6,45.3,,2.6,2.6,QS 2025,18.86868686868687
U3433,2025,26.9,43.9,,26.9,26.9,QS 2025,33.03030303030303
U0059,2025,1.4,58.3,,1.4,1.4,QS 2025,23.393939393939394
U0076,2025,12.1,46.0,,12.1,12.1,QS 2025,24.90909090909091
U0119,2025,7.1,61.5,,7.1,7.1,QS 2025,28.141414141414142
U0125,2025,5.7,39.7,,5.7,5.7,QS 2025,18.484848484848488
U0141,2025,2.3,31.8,,2.3,2.3,QS 2025,13.232323232323232
U0149,2025,1.5,29.8,,1.5,1.5,QS 2025,11.93939393939394
U0173,2025,2.2,56.0,,2.2,2.2,QS 2025,22.94949494949495
U0200,2025,1.1,6.6,,1.1,1.1,QS 2025,2.323232323232323
U0201,2025,1.2,4.6,,1.2,1.2,QS 2025,1.5757575757575757
U0220,2025,9.0,56.4,,9.0,9.0,QS 2025,27.23232323232323
U0237,2025,7.5,41.8,,7.5,7.5,QS 2025,20.424242424242426
U0268,2025,6.7,67.0,,6.7,6.7,QS 2025,30.121212121212118
U0273,2025,15.8,44.2,,15.8,15.8,QS 2025,26.42424242424243
U0277,2025,3.2,27.2,,3.2,3.2,QS 2025,11.91919191919192
U0295,2025,2.0,21.4,,2.0,2.0,QS 2025,8.848484848484848
U0297,2025,10.4,52.4,,10.4,10.4,QS 2025,26.464646464646464
U0330,2025,3.7,17.7,,3.7,3.7,QS 2025,8.383838383838384
U0373,2025,1.6,4.8,,1.6,1.6,QS 2025,1.8989898989898992
U0417,2025,15.6,15.1,,15.6,15.6,QS 2025,14.545454545454545
U0414,2025,10.3,27.4,,10.3,10.3,QS 2025,16.303030303030305
U0463,2025,11.4,33.1,,11.4,11.4,QS 2025,19.272727272727273
U0479,2025,3.1,19.3,,3.1,3.1,QS 2025,8.666666666666668
U0484,2025,4.7,46.5,,4.7,4.7,QS 2025,20.626262626262626
U0508,2025,3.0,13.0,,3.0,3.0,QS 2025,6.0606060606060606
U0575,2025,3.2,68.6,,3.2,3.2,QS 2025,28.646464646464644
U0594,2025,2.6,27.5,,2.6,2.6,QS 2025,11.676767676767676
U0664,2025,5.4,23.9,,5.4,5.4,QS 2025,11.919191919191919
U0697,2025,18.5,37.3,,18.5,18.5,QS 2025,25.272727272727273
U0700,2025,9.2,60.9,,9.2,9.2,QS 2025,29.171717171717173
U0713,2025,7.6,20.6,,7.6,7.6,QS 2025,11.91919191919192
U0715,2025,6.3,37.2,,6.3,6.3,QS 2025,17.83838383838384
U0749,2025,4.7,8.7,,4.7,4.7,QS 2025,5.353535353535353
U0751,2025,27.7,17.3,,27.7,27.7,QS 2025,22.767676767676768
U0768,2025,28.1,32.4,,28.1,28.1,QS 2025,29.111111111111114
U0801,2025,16.5,70.7,,16.5,16.5,QS 2025,37.55555555555556
U0811,2025,3.0,31.9,,3.0,3.0,QS 2025,13.696969696969699
U0825,2025,3.2,53.5,,3.2,3.2,QS 2025,22.545454545454547
U0860,2025,10.0,33.6,,10.0,10.0,QS 2025,18.626262626262626
U0912,2025,1.5,10.1,,1.5,1.5,QS 2025,3.97979797979798
U0917,2025,8.0,50.3,,8.0,8.0,QS 2025,24.161616161616163
U0946,2025,1.5,10.3,,1.5,1.5,QS 2025,4.0606060606060606
U0962,2025,1.0,3.5,,1.0,1.0,QS 2025,1.0101010101010102
U0999,2025,26.7,44.4,,26.7,26.7,QS 2025,33.111111111111114
U1031,2025,3.5,26.6,,3.5,3.5,QS 2025,11.85858585858586
U1039,2025,8.2,27.6,,8.2,8.2,QS 2025,15.11111111111111
U1063,2025,1.5,13.8,,1.5,1.5,QS 2025,5.474747474747475
U1078,2025,12.7,57.1,,12.7,12.7,QS 2025,29.757575757575758
U1183,2025,25.6,20.6,,25.6,25.6,QS 2025,22.82828282828283
U1205,2025,7.5,24.8,,7.5,7.5,QS 2025,13.555555555555557
U1229,2025,2.0,18.1,,2.0,2.0,QS 2025,7.5151515151515165
U1230,2025,8.9,50.7,,8.9,8.9,QS 2025,24.868686868686872
U1235,2025,3.3,16.1,,3.3,3.3,QS 2025,7.494949494949496
U1245,2025,7.0,39.5,,7.0,7.0,QS 2025,19.191919191919194
U1251,2025,1.9,18.9,,1.9,1.9,QS 2025,7.777777777777777
U1284,2025,2.4,45.3,,2.4,2.4,QS 2025,18.747474747474747
U1340,2025,17.4,50.6,,17.4,17.4,QS 2025,29.97979797979798
U1370,2025,4.7,19.6,,4.7,4.7,QS 2025,9.757575757575758
U1375,2025,1.3,14.0,,1.3,1.3,QS 2025,5.434343434343435
U1376,2025,1.8,25.7,,1.8,1.8,QS 2025,10.464646464646464
U1377,2025,4.5,15.0,,4.5,4.5,QS 2025,7.777777777777778
U1396,2025,26.8,53.3,,26.8,26.8,QS 2025,36.76767676767677
U1409,2025,1.3,1.0,,1.3,1.3,QS 2025,0.18181818181818185
U1422,2025,4.9,21.4,,4.9,4.9,QS 2025,10.606060606060606
U1453,2025,1.3,11.4,,1.3,1.3,QS 2025,4.383838383838384
U1468,2025,1.2,6.3,,1.2,1.2,QS 2025,2.2626262626262625
U1516,2025,4.0,2.5,,4.0,4.0,QS 2025,2.4242424242424243
U1528,2025,13.1,55.1,,13.1,13.1,QS 2025,29.19191919191919
U1541,2025,17.2,33.9,,17.2,17.2,QS 2025,23.111111111111114
U1584,2025,1.6,8.4,,1.6,1.6,QS 2025,3.3535353535353543
U1569,2025,10.5,41.4,,10.5,10.5,QS 2025,22.08080808080808
U1611,2025,24.1,30.9,,24.1,24.1,QS 2025,26.08080808080808
U1621,2025,5.3,48.3,,5.3,5.3,QS 2025,21.717171717171716
U1664,2025,1.2,1.8,,1.2,1.2,QS 2025,0.4444444444444444
U1689,2025,6.3,44.9,,6.3,6.3,QS 2025,20.949494949494948
U1761,2025,6.3,36.8,,6.3,6.3,QS 2025,17.676767676767675
U1784,2025,1.1,17.7,,1.1,1.1,QS 2025,6.808080808080808
U1801,2025,1.8,14.6,,1.8,1.8,QS 2025,5.979797979797979
U1802,2025,2.1,6.5,,2.1,2.1,QS 2025,2.888888888888889
U1814,2025,2.1,17.0,,2.1,2.1,QS 2025,7.131313131313132
U1822,2025,14.3,68.7,,14.3,14.3,QS 2025,35.41414141414142
U1885,2025,4.5,50.4,,4.5,4.5,QS 2025,22.08080808080808
U1890,2025,11.2,24.1,,11.2,11.2,QS 2025,15.515151515151516
U1900,2025,3.8,32.6,,3.8,3.8,QS 2025,14.464646464646465
U1909,2025,7.0,63.4,,7.0,7.0,QS 2025,28.848484848484848
U1922,2025,7.2,29.0,,7.2,7.2,QS 2025,15.070707070707071
U1923,2025,3.8,48.3,,3.8,3.8,QS 2025,20.808080808080806
U1929,2025,9.0,9.0,,9.0,9.0,QS 2025,8.080808080808081
U1936,2025,5.7,11.7,,5.7,5.7,QS 2025,7.171717171717171
U1948,2025,7.2,30.2,,7.2,7.2,QS 2025,15.555555555555557
U1959,2025,23.9,44.1,,23.9,23.9,QS 2025,31.292929292929294
U1965,2025,4.0,56.2,,4.0,4.0,QS 2025,24.121212121212125
U1999,2025,2.5,28.9,,2.5,2.5,QS 2025,12.181818181818182
U2001,2025,1.2,4.2,,1.2,1.2,QS 2025,1.4141414141414141
U2016,2025,1.6,7.4,,1.6,1.6,QS 2025,2.94949494949495
U2019,2025,3.6,38.6,,3.6,3.6,QS 2025,16.767676767676768
U2024,2025,5.5,49.4,,5.5,5.5,QS 2025,22.282828282828284
U2065,2025,5.5,37.2,,5.5,5.5,QS 2025,17.353535353535356
U2084,2025,1.4,12.4,,1.4,1.4,QS 2025,4.848484848484849
U2093,2025,1.5,10.0,,1.5,1.5,QS 2025,3.93939393939394
U0775,2025,3.6,39.1,,3.6,3.6,QS 2025,16.969696969696972
U3024,2025,2.6,8.4,,2.6,2.6,QS 2025,3.9595959595959602
U3193,2025,9.8,61.6,,9.8,9.8,QS 2025,29.81818181818182
U2120,2025,5.6,18.4,,5.6,5.6,QS 2025,9.818181818181818
U2127,2025,11.4,29.5,,11.4,11.4,QS 2025,17.81818181818182
U2202,2025,2.3,51.2,,2.3,2.3,QS 2025,21.070707070707076
U2206,2025,7.3,45.4,,7.3,7.3,QS 2025,21.757575757575758
U2207,2025,1.4,3.8,,1.4,1.4,QS 2025,1.3737373737373737
U2221,2025,1.8,35.9,,1.8,1.8,QS 2025,14.585858585858587
U2219,2025,1.5,16.0,,1.5,1.5,QS 2025,6.363636363636364
U2258,2025,9.7,71.6,,9.7,9.7,QS 2025,33.7979797979798
U2265,2025,1.2,47.1,,1.2,1.2,QS 2025,18.747474747474747
U2267,2025,9.3,53.3,,9.3,9.3,QS 2025,26.161616161616163
U2272,2025,1.9,6.9,,1.9,1.9,QS 2025,2.9292929292929295
U2281,2025,1.2,8.7,,1.2,1.2,QS 2025,3.232323232323232
U2286,2025,1.2,15.5,,1.2,1.2,QS 2025,5.97979797979798
U2299,2025,6.5,70.7,,6.5,6.5,QS 2025,31.494949494949495
U2304,2025,2.0,39.4,,2.0,2.0,QS 2025,16.12121212121212
U2311,2025,6.2,35.7,,6.2,6.2,QS 2025,17.171717171717173
U2283,2025,2.9,29.6,,2.9,2.9,QS 2025,12.70707070707071
U2287,2025,3.1,5.3,,3.1,3.1,QS 2025,3.01010101010101
U2292,2025,1.9,20.5,,1.9,1.9,QS 2025,8.424242424242424
U2316,2025,3.7,39.6,,3.7,3.7,QS 2025,17.232323232323232
U2375,2025,1.6,8.7,,1.6,1.6,QS 2025,3.4747474747474745
U2397,2025,1.6,27.4,,1.6,1.6,QS 2025,11.030303030303031
U2400,2025,1.1,11.8,,1.1,1.1,QS 2025,4.424242424242425
U2411,2025,1.2,9.8,,1.2,1.2,QS 2025,3.676767676767677
U2402,2025,1.3,13.9,,1.3,1.3,QS 2025,5.3939393939393945
U2419,2025,2.2,28.9,,2.2,2.2,QS 2025,12.0
U2430,2025,4.5,62.9,,4.5,4.5,QS 2025,27.13131313131313
U2435,2025,2.6,11.5,,2.6,2.6,QS 2025,5.212121212121212
U2441,2025,1.1,4.9,,1.1,1.1,QS 2025,1.6363636363636367
U2444,2025,1.1,11.4,,1.1,1.1,QS 2025,4.262626262626263
U2319,2025,7.3,56.1,,7.3,7.3,QS 2025,26.080808080808083
U2345,2025,4.1,55.1,,4.1,4.1,QS 2025,23.737373737373737
U2349,2025,17.8,45.5,,17.8,17.8,QS 2025,28.161616161616163
U2358,2025,5.2,52.6,,5.2,5.2,QS 2025,23.393939393939398
U2365,2025,3.6,52.2,,3.6,3.6,QS 2025,22.262626262626263
U2450,2025,29.3,58.5,,29.3,29.3,QS 2025,40.38383838383838
U2502,2025,16.7,53.5,,16.7,16.7,QS 2025,30.727272727272727
U2509,2025,21.7,65.2,,21.7,21.7,QS 2025,38.484848484848484
U2458,2025,1.3,15.9,,1.3,1.3,QS 2025,6.202020202020202
U2469,2025,1.5,14.9,,1.5,1.5,QS 2025,5.91919191919192
U2475,2025,13.0,51.8,,13.0,13.0,QS 2025,27.7979797979798
U2601,2025,6.8,40.0,,6.8,6.8,QS 2025,19.272727272727273
U2494,2025,6.3,74.6,,6.3,6.3,QS 2025,32.94949494949495
U2513,2025,5.2,75.3,,5.2,5.2,QS 2025,32.56565656565657
U2515,2025,3.7,50.8,,3.7,3.7,QS 2025,21.75757575757576
U2518,2025,1.7,37.0,,1.7,1.7,QS 2025,14.96969696969697
U2520,2025,7.1,67.0,,7.1,7.1,QS 2025,30.36363636363636
U2521,2025,1.9,27.0,,1.9,1.9,QS 2025,11.050505050505052
U2571,2025,6.2,59.1,,6.2,6.2,QS 2025,26.626262626262626
U2574,2025,4.5,77.7,,4.5,4.5,QS 2025,33.111111111111114
U2578,2025,2.5,56.9,,2.5,2.5,QS 2025,23.4949494949495
U2543,2025,3.7,28.2,,3.7,3.7,QS 2025,12.626262626262626
U2544,2025,3.2,28.9,,3.2,3.2,QS 2025,12.606060606060607
U2545,2025,12.2,50.2,,12.2,12.2,QS 2025,26.66666666666667
U2563,2025,8.6,43.8,,8.6,8.6,QS 2025,21.898989898989896
U2652,2025,11.9,51.6,,11.9,11.9,QS 2025,27.05050505050505
U2772,2025,5.1,45.7,,5.1,5.1,QS 2025,20.545454545454547
U2774,2025,7.8,24.2,,7.8,7.8,QS 2025,13.494949494949495
U2854,2025,5.4,41.3,,5.4,5.4,QS 2025,18.94949494949495
U2861,2025,3.5,65.8,,3.5,3.5,QS 2025,27.6969696969697
U2863,2025,32.6,32.5,,32.6,32.6,QS 2025,31.87878787878788
U2873,2025,19.5,61.3,,19.5,19.5,QS 2025,35.57575757575757
U2887,2025,4.9,36.8,,4.9,4.9,QS 2025,16.828282828282827
U2893,2025,2.6,45.0,,2.6,2.6,QS 2025,18.747474747474747
U2905,2025,2.6,34.0,,2.6,2.6,QS 2025,14.303030303030301
U2934,2025,7.7,59.0,,7.7,7.7,QS 2025,27.494949494949495
U2958,2025,19.7,32.2,,19.7,19.7,QS 2025,23.939393939393945
U2982,2025,16.9,29.3,,16.9,16.9,QS 2025,21.070707070707073
U3005,2025,42.4,30.8,,42.4,42.4,QS 2025,37.13131313131313
U3015,2025,14.7,62.9,,14.7,14.7,QS 2025,33.313131313131315
U3016,2025,16.9,41.7,,16.9,16.9,QS 2025,26.080808080808083
U3026,2025,13.4,65.0,,13.4,13.4,QS 2025,33.37373737373738
U3031,2025,17.2,58.0,,17.2,17.2,QS 2025,32.84848484848485
U3036,2025,3.6,79.4,,3.6,3.6,QS 2025,33.25252525252526
U3091,2025,16.2,48.9,,16.2,16.2,QS 2025,28.565656565656568
U3115,2025,1.9,46.5,,1.9,1.9,QS 2025,18.92929292929293
U3124,2025,8.8,24.0,,8.8,8.8,QS 2025,14.02020202020202
U3177,2025,3.0,38.0,,3.0,3.0,QS 2025,16.161616161616163
U3197,2025,22.8,60.5,,22.8,22.8,QS 2025,37.25252525252525
U3199,2025,14.2,66.2,,14.2,14.2,QS 2025,34.34343434343434
U3208,2025,8.8,92.4,,8.8,8.8,QS 2025,41.65656565656566
U3218,2025,25.2,48.3,,25.2,25.2,QS 2025,33.77777777777777
U3227,2025,18.2,45.4,,18.2,18.2,QS 2025,28.363636363636363
U3237,2025,11.5,20.4,,11.5,11.5,QS 2025,14.2020202020202
U3256,2025,15.6,62.8,,15.6,15.6,QS 2025,33.81818181818182
U3269,2025,3.7,40.6,,3.7,3.7,QS 2025,17.636363636363637
U3286,2025,8.3,45.7,,8.3,8.3,QS 2025,22.484848484848484
U3292,2025,21.1,52.2,,21.1,21.1,QS 2025,32.86868686868687
U2864,2025,6.6,19.3,,6.6,6.6,QS 2025,10.787878787878789
U3322,2025,22.4,54.7,,22.4,22.4,QS 2025,34.66666666666667
U3368,2025,4.7,50.2,,4.7,4.7,QS 2025,22.121212121212125
U3375,2025,6.8,74.4,,6.8,6.8,QS 2025,33.17171717171718
U3394,2025,18.5,66.7,,18.5,18.5,QS 2025,37.151515151515156
U3414,2025,5.6,37.8,,5.6,5.6,QS 2025,17.656565656565657
U3438,2025,6.6,26.5,,6.6,6.6,QS 2025,13.696969696969699
U0061,2025,2.7,32.9,,2.7,2.7,QS 2025,13.91919191919192
U0067,2025,3.0,40.2,,3.0,3.0,QS 2025,17.050505050505052
U0126,2025,2.6,17.5,,2.6,2.6,QS 2025,7.636363636363636
U0145,2025,1.8,6.2,,1.8,1.8,QS 2025,2.585858585858586
U0177,2025,4.4,39.4,,4.4,4.4,QS 2025,17.575757575757578
U0181,2025,1.3,7.5,,1.3,1.3,QS 2025,2.8080808080808084
U0211,2025,14.6,44.6,,14.6,14.6,QS 2025,25.858585858585858
U0241,2025,1.5,3.4,,1.5,1.5,QS 2025,1.2727272727272727
U0246,2025,9.4,7.1,,9.4,9.4,QS 2025,7.555555555555556
U0253,2025,1.2,7.4,,1.2,1.2,QS 2025,2.707070707070707
U0256,2025,1.9,24.5,,1.9,1.9,QS 2025,10.04040404040404
U0279,2025,2.8,20.4,,2.8,2.8,QS 2025,8.929292929292929
U0300,2025,2.3,12.0,,2.3,2.3,QS 2025,5.232323232323233
U0302,2025,13.7,30.9,,13.7,13.7,QS 2025,19.77777777777778
U0357,2025,6.5,23.4,,6.5,6.5,QS 2025,12.383838383838384
U0375,2025,3.9,26.5,,3.9,3.9,QS 2025,12.060606060606062
U0398,2025,1.2,6.1,,1.2,1.2,QS 2025,2.1818181818181817
U0403,2025,2.2,29.4,,2.2,2.2,QS 2025,12.2020202020202
U0404,2025,5.1,6.7,,5.1,5.1,QS 2025,4.787878787878787
U0430,2025,4.0,16.7,,4.0,4.0,QS 2025,8.16161616161616
U0489,2025,2.6,46.2,,2.6,2.6,QS 2025,19.232323232323235
U0490,2025,11.3,24.8,,11.3,11.3,QS 2025,15.858585858585862
U0500,2025,2.8,22.0,,2.8,2.8,QS 2025,9.575757575757574
U0504,2025,1.2,18.4,,1.2,1.2,QS 2025,7.151515151515151
U0532,2025,2.1,34.7,,2.1,2.1,QS 2025,14.282828282828284
U0539,2025,1.8,18.7,,1.8,1.8,QS 2025,7.636363636363637
U0587,2025,5.3,45.1,,5.3,5.3,QS 2025,20.424242424242426
U0591,2025,3.4,14.9,,3.4,3.4,QS 2025,7.070707070707071
U0646,2025,6.1,11.2,,6.1,6.1,QS 2025,7.212121212121212
U0659,2025,9.5,44.3,,9.5,9.5,QS 2025,22.646464646464644
U0674,2025,7.0,16.1,,7.0,7.0,QS 2025,9.737373737373739
U0681,2025,2.3,15.3,,2.3,2.3,QS 2025,6.565656565656567
U0708,2025,2.2,12.8,,2.2,2.2,QS 2025,5.494949494949496
U0765,2025,4.7,23.1,,4.7,4.7,QS 2025,11.171717171717173
U0771,2025,6.9,11.6,,6.9,6.9,QS 2025,7.858585858585859
U0783,2025,1.6,50.7,,1.6,1.6,QS 2025,20.444444444444446
U0805,2025,3.0,14.2,,3.0,3.0,QS 2025,6.545454545454546
U0818,2025,1.6,41.6,,1.6,1.6,QS 2025,16.767676767676768
U0905,2025,1.4,5.6,,1.4,1.4,QS 2025,2.1010101010101008
U0950,2025,1.4,7.3,,1.4,1.4,QS 2025,2.7878787878787876
U0952,2025,1.7,6.5,,1.7,1.7,QS 2025,2.6464646464646466
U0967,2025,1.3,12.6,,1.3,1.3,QS 2025,4.8686868686868685
U0972,2025,8.2,15.5,,8.2,8.2,QS 2025,10.222222222222221
U0978,2025,5.7,29.4,,5.7,5.7,QS 2025,14.323232323232322
U0980,2025,12.6,12.7,,12.6,12.6,QS 2025,11.757575757575758
U0994,2025,7.0,23.1,,7.0,7.0,QS 2025,12.565656565656568
U1062,2025,1.0,1.0,,1.0,1.0,QS 2025,0.0
U1070,2025,1.4,7.2,,1.4,1.4,QS 2025,2.7474747474747474
U1079,2025,1.3,13.1,,1.3,1.3,QS 2025,5.070707070707071
U1089,2025,1.5,11.9,,1.5,1.5,QS 2025,4.707070707070707
U1095,2025,5.3,17.8,,5.3,5.3,QS 2025,9.393939393939394
U1096,2025,5.6,9.4,,5.6,5.6,QS 2025,6.181818181818182
U1103,2025,4.9,32.2,,4.9,4.9,QS 2025,14.969696969696972
U1113,2025,3.1,18.5,,3.1,3.1,QS 2025,8.343434343434344
U1114,2025,3.3,23.5,,3.3,3.3,QS 2025,10.484848484848486
U1147,2025,2.9,7.9,,2.9,2.9,QS 2025,3.93939393939394
U1168,2025,2.0,55.3,,2.0,2.0,QS 2025,22.545454545454543
U1172,2025,11.7,9.3,,11.7,11.7,QS 2025,9.838383838383837
U1179,2025,1.0,1.2,,1.0,1.0,QS 2025,0.0808080808080808
U1285,2025,9.1,35.6,,9.1,9.1,QS 2025,18.888888888888893
U1310,2025,1.6,13.4,,1.6,1.6,QS 2025,5.373737373737374
U1314,2025,2.8,15.3,,2.8,2.8,QS 2025,6.868686868686869
U1320,2025,7.8,25.3,,7.8,7.8,QS 2025,13.939393939393941
U1359,2025,1.3,6.8,,1.3,1.3,QS 2025,2.525252525252525
U1382,2025,14.5,18.3,,14.5,14.5,QS 2025,15.171717171717171
U1424,2025,5.4,9.7,,5.4,5.4,QS 2025,6.181818181818182
U1442,2025,1.9,21.0,,1.9,1.9,QS 2025,8.626262626262626
U1447,2025,2.8,5.0,,2.8,2.8,QS 2025,2.707070707070707
U1450,2025,10.8,22.6,,10.8,10.8,QS 2025,14.666666666666668
U1551,2025,1.7,8.4,,1.7,1.7,QS 2025,3.414141414141415
U0310,2025,7.8,29.1,,7.8,7.8,QS 2025,15.474747474747476
U1564,2025,1.3,10.3,,1.3,1.3,QS 2025,3.9393939393939394
U1598,2025,21.0,17.2,,21.0,21.0,QS 2025,18.666666666666664
U1632,2025,1.5,6.3,,1.5,1.5,QS 2025,2.4444444444444446
U1662,2025,16.5,21.1,,16.5,16.5,QS 2025,17.515151515151516
U1682,2025,1.2,4.1,,1.2,1.2,QS 2025,1.3737373737373735
U1667,2025,9.4,30.5,,9.4,9.4,QS 2025,17.01010101010101
U1685,2025,9.2,44.4,,9.2,9.2,QS 2025,22.505050505050505
U1709,2025,7.0,32.3,,7.0,7.0,QS 2025,16.282828282828284
U1733,2025,3.0,16.4,,3.0,3.0,QS 2025,7.434343434343433
U1753,2025,2.1,13.7,,2.1,2.1,QS 2025,5.7979797979797985
U1808,2025,6.8,18.1,,6.8,6.8,QS 2025,10.424242424242426
U1810,2025,1.2,2.6,,1.2,1.2,QS 2025,0.7676767676767677
U1823,2025,4.0,35.6,,4.0,4.0,QS 2025,15.797979797979801
U1833,2025,4.3,17.0,,4.3,4.3,QS 2025,8.464646464646465
U1844,2025,2.1,6.3,,2.1,2.1,QS 2025,2.808080808080808
U1856,2025,10.3,12.4,,10.3,10.3,QS 2025,10.242424242424242
U1872,2025,5.3,12.8,,5.3,5.3,QS 2025,7.373737373737374
U1877,2025,1.8,5.4,,1.8,1.8,QS 2025,2.2626262626262625
U1882,2025,3.5,14.9,,3.5,3.5,QS 2025,7.1313131313131315
U1907,2025,5.3,23.7,,5.3,5.3,QS 2025,11.777777777777779
U1935,2025,3.4,4.8,,3.4,3.4,QS 2025,2.98989898989899
U1991,2025,2.3,48.9,,2.3,2.3,QS 2025,20.141414141414145
U1996,2025,2.4,27.3,,2.4,2.4,QS 2025,11.474747474747474
U1997,2025,1.3,5.7,,1.3,1.3,QS 2025,2.080808080808081
U2006,2025,9.6,30.0,,9.6,9.6,QS 2025,16.929292929292927
U2029,2025,5.0,14.2,,5.0,5.0,QS 2025,7.757575757575758
U2031,2025,2.2,65.2,,2.2,2.2,QS 2025,26.66666666666667
U2060,2025,3.9,38.1,,3.9,3.9,QS 2025,16.747474747474747
U2066,2025,4.6,25.5,,4.6,4.6,QS 2025,12.080808080808081
U2068,2025,3.7,12.9,,3.7,3.7,QS 2025,6.4444444444444455
U2078,2025,4.6,56.4,,4.6,4.6,QS 2025,24.56565656565656
U0711,2025,6.0,34.1,,6.0,6.0,QS 2025,16.404040404040405
U0785,2025,1.2,12.7,,1.2,1.2,QS 2025,4.848484848484849
U1020,2025,3.1,54.0,,3.1,3.1,QS 2025,22.68686868686869
U1441,2025,1.9,21.4,,1.9,1.9,QS 2025,8.787878787878787
U2118,2025,2.8,24.5,,2.8,2.8,QS 2025,10.585858585858585
U2135,2025,5.5,25.8,,5.5,5.5,QS 2025,12.747474747474747
U2143,2025,1.2,3.9,,1.2,1.2,QS 2025,1.2929292929292928
U2151,2025,3.7,48.1,,3.7,3.7,QS 2025,20.666666666666668
U2164,2025,5.4,24.4,,5.4,5.4,QS 2025,12.121212121212121
U2213,2025,1.1,2.1,,1.1,1.1,QS 2025,0.5050505050505051
U2215,2025,1.4,8.3,,1.4,1.4,QS 2025,3.191919191919192
U2239,2025,5.9,46.2,,5.9,5.9,QS 2025,21.232323232323235
U2246,2025,1.2,10.1,,1.2,1.2,QS 2025,3.797979797979798
U2273,2025,1.7,15.7,,1.7,1.7,QS 2025,6.363636363636363
U2296,2025,1.5,4.4,,1.5,1.5,QS 2025,1.6767676767676771
U2298,2025,1.1,7.3,,1.1,1.1,QS 2025,2.606060606060606
U2302,2025,1.1,9.0,,1.1,1.1,QS 2025,3.2929292929292933
U2303,2025,1.2,3.3,,1.2,1.2,QS 2025,1.0505050505050504
U2306,2025,1.0,9.4,,1.0,1.0,QS 2025,3.3939393939393945
U2312,2025,9.8,41.7,,9.8,9.8,QS 2025,21.77777777777778
U2314,2025,2.9,39.7,,2.9,2.9,QS 2025,16.78787878787879
U2277,2025,4.0,30.3,,4.0,4.0,QS 2025,13.65656565656566
U2279,2025,2.3,14.7,,2.3,2.3,QS 2025,6.323232323232324
U2290,2025,1.0,1.2,,1.0,1.0,QS 2025,0.0808080808080808
U2294,2025,2.1,13.4,,2.1,2.1,QS 2025,5.676767676767677
U2376,2025,2.1,12.4,,2.1,2.1,QS 2025,5.272727272727273
U2378,2025,1.1,1.0,,1.1,1.1,QS 2025,0.06060606060606065
U2379,2025,1.0,1.0,,1.0,1.0,QS 2025,0.0
U2383,2025,1.6,15.1,,1.6,1.6,QS 2025,6.0606060606060606
U2385,2025,1.1,1.1,,1.1,1.1,QS 2025,0.10101010101010109
U2389,2025,1.6,9.4,,1.6,1.6,QS 2025,3.7575757575757582
U2390,2025,1.0,18.5,,1.0,1.0,QS 2025,7.070707070707072
U2398,2025,1.5,5.6,,1.5,1.5,QS 2025,2.1616161616161618
U2406,2025,3.5,28.5,,3.5,3.5,QS 2025,12.626262626262628
U2409,2025,1.4,10.7,,1.4,1.4,QS 2025,4.161616161616162
U2412,2025,2.2,24.5,,2.2,2.2,QS 2025,10.222222222222221
U2404,2025,2.5,24.5,,2.5,2.5,QS 2025,10.404040404040403
U2405,2025,1.7,27.2,,1.7,1.7,QS 2025,11.01010101010101
U2392,2025,1.5,17.2,,1.5,1.5,QS 2025,6.848484848484849
U2420,2025,1.1,8.0,,1.1,1.1,QS 2025,2.888888888888889
U2325,2025,2.5,35.7,,2.5,2.5,QS 2025,14.929292929292929
U2336,2025,3.1,48.8,,3.1,3.1,QS 2025,20.585858585858585
U2341,2025,2.8,35.2,,2.8,2.8,QS 2025,14.90909090909091
U2344,2025,4.7,21.7,,4.7,4.7,QS 2025,10.606060606060606
U2347,2025,5.2,37.9,,5.2,5.2,QS 2025,17.454545454545457
U2353,2025,7.8,20.2,,7.8,7.8,QS 2025,11.878787878787879
U2355,2025,5.3,43.4,,5.3,5.3,QS 2025,19.737373737373737
U2361,2025,3.4,45.0,,3.4,3.4,QS 2025,19.232323232323232
U2370,2025,2.1,12.5,,2.1,2.1,QS 2025,5.313131313131313
U2499,2025,6.5,27.8,,6.5,6.5,QS 2025,14.161616161616163
U2460,2025,1.8,10.7,,1.8,1.8,QS 2025,4.404040404040404
U2465,2025,1.4,7.9,,1.4,1.4,QS 2025,3.0303030303030307
U2468,2025,1.4,13.1,,1.4,1.4,QS 2025,5.1313131313131315
U2471,2025,1.3,18.3,,1.3,1.3,QS 2025,7.171717171717173
U2477,2025,2.8,27.5,,2.8,2.8,QS 2025,11.7979797979798
U2506,2025,5.5,58.8,,5.5,5.5,QS 2025,26.08080808080808
U2567,2025,2.3,8.5,,2.3,2.3,QS 2025,3.8181818181818183
U2538,2025,2.2,17.3,,2.2,2.2,QS 2025,7.313131313131313
U2542,2025,6.7,31.1,,6.7,6.7,QS 2025,15.616161616161618
U2554,2025,5.8,18.9,,5.8,5.8,QS 2025,10.141414141414142
U2655,2025,2.0,29.9,,2.0,2.0,QS 2025,12.282828282828282
U2664,2025,1.4,33.7,,1.4,1.4,QS 2025,13.454545454545455
U2677,2025,2.6,28.6,,2.6,2.6,QS 2025,12.121212121212123
U2872,2025,3.0,5.3,,3.0,3.0,QS 2025,2.949494949494949
U2898,2025,3.7,44.1,,3.7,3.7,QS 2025,19.050505050505052
U2899,2025,1.4,16.4,,1.4,1.4,QS 2025,6.464646464646464
U2967,2025,8.0,39.4,,8.0,8.0,QS 2025,19.757575757575758
U2979,2025,2.4,19.2,,2.4,2.4,QS 2025,8.202020202020202
U2983,2025,10.5,9.8,,10.5,10.5,QS 2025,9.313131313131313
U3020,2025,2.4,49.0,,2.4,2.4,QS 2025,20.242424242424242
U3027,2025,10.1,50.7,,10.1,10.1,QS 2025,25.5959595959596
U3043,2025,3.6,27.0,,3.6,3.6,QS 2025,12.080808080808083
U3052,2025,8.5,44.7,,8.5,8.5,QS 2025,22.202020202020204
U3053,2025,3.1,18.7,,3.1,3.1,QS 2025,8.424242424242426
U3063,2025,2.0,22.7,,2.0,2.0,QS 2025,9.373737373737374
U3080,2025,4.1,46.3,,4.1,4.1,QS 2025,20.18181818181818
U3092,2025,4.3,45.8,,4.3,4.3,QS 2025,20.1010101010101
U3098,2025,2.7,28.3,,2.7,2.7,QS 2025,12.060606060606062
U3107,2025,2.7,5.5,,2.7,2.7,QS 2025,2.8484848484848486
U3108,2025,3.6,6.0,,3.6,3.6,QS 2025,3.595959595959596
U3134,2025,3.1,52.5,,3.1,3.1,QS 2025,22.080808080808083
U3143,2025,6.1,13.6,,6.1,6.1,QS 2025,8.181818181818182
U3159,2025,4.2,47.5,,4.2,4.2,QS 2025,20.727272727272727
U3160,2025,3.3,14.1,,3.3,3.3,QS 2025,6.686868686868687
U3211,2025,3.0,7.6,,3.0,3.0,QS 2025,3.878787878787879
U3244,2025,1.6,27.0,,1.6,1.6,QS 2025,10.86868686868687
U3275,2025,3.8,37.2,,3.8,3.8,QS 2025,16.323232323232325
U3283,2025,9.8,39.5,,9.8,9.8,QS 2025,20.88888888888889
U3302,2025,6.9,61.8,,6.9,6.9,QS 2025,28.141414141414145
U3329,2025,1.1,2.6,,1.1,1.1,QS 2025,0.7070707070707072
U3364,2025,1.3,12.1,,1.3,1.3,QS 2025,4.666666666666667
U3387,2025,5.8,33.3,,5.8,5.8,QS 2025,15.959595959595958
U3423,2025,4.2,18.7,,4.2,4.2,QS 2025,9.090909090909092
U3436,2025,1.4,8.6,,1.4,1.4,QS 2025,3.313131313131313
U3443,2025,1.3,2.0,,1.3,1.3,QS 2025,0.585858585858586
U3444,2025,9.0,12.4,,9.0,9.0,QS 2025,9.454545454545455
U3447,2025,2.6,67.7,,2.6,2.6,QS 2025,27.919191919191917
U0538,2025,1.4,11.4,,1.4,1.4,QS 2025,4.444444444444445
U0045,2025,3.0,33.7,,3.0,3.0,QS 2025,14.424242424242426
U0323,2025,3.0,25.5,,3.0,3.0,QS 2025,11.111111111111112
U0325,2025,2.9,14.9,,2.9,2.9,QS 2025,6.767676767676768
U0324,2025,2.9,16.4,,2.9,2.9,QS 2025,7.373737373737373
U0348,2025,1.1,2.3,,1.1,1.1,QS 2025,0.5858585858585859
U0564,2025,2.4,7.4,,2.4,2.4,QS 2025,3.4343434343434347
U0682,2025,1.7,5.9,,1.7,1.7,QS 2025,2.4040404040404044
U0821,2025,3.7,9.9,,3.7,3.7,QS 2025,5.232323232323234
U0841,2025,4.1,20.0,,4.1,4.1,QS 2025,9.555555555555555
U0861,2025,10.7,2.6,,10.7,10.7,QS 2025,6.525252525252524
U0857,2025,3.0,4.2,,3.0,3.0,QS 2025,2.505050505050505
U0921,2025,2.3,8.6,,2.3,2.3,QS 2025,3.8585858585858586
U0934,2025,1.3,26.4,,1.3,1.3,QS 2025,10.444444444444445
U1151,2025,1.0,1.0,,1.0,1.0,QS 2025,0.0
U1169,2025,2.4,13.0,,2.4,2.4,QS 2025,5.696969696969697
U1246,2025,1.9,17.0,,1.9,1.9,QS 2025,7.01010101010101
U1344,2025,1.0,2.6,,1.0,1.0,QS 2025,0.6464646464646465
U1337,2025,1.4,9.5,,1.4,1.4,QS 2025,3.6767676767676765
U1356,2025,1.1,2.5,,1.1,1.1,QS 2025,0.6666666666666667
U1408,2025,1.9,10.1,,1.9,1.9,QS 2025,4.222222222222222
U1469,2025,1.4,20.0,,1.4,1.4,QS 2025,7.919191919191919
U1471,2025,1.5,8.1,,1.5,1.5,QS 2025,3.1717171717171717
U1548,2025,2.8,13.2,,2.8,2.8,QS 2025,6.02020202020202
U1663,2025,1.5,8.3,,1.5,1.5,QS 2025,3.252525252525253
U1683,2025,2.0,2.3,,2.0,2.0,QS 2025,1.1313131313131313
U1665,2025,3.9,28.9,,3.9,3.9,QS 2025,13.030303030303031
U1785,2025,1.3,9.0,,1.3,1.3,QS 2025,3.4141414141414144
U1786,2025,1.2,7.5,,1.2,1.2,QS 2025,2.747474747474748
U1809,2025,3.3,27.6,,3.3,3.3,QS 2025,12.141414141414142
U1880,2025,4.3,26.5,,4.3,4.3,QS 2025,12.303030303030305
U1887,2025,5.1,14.5,,5.1,5.1,QS 2025,7.939393939393939
U1910,2025,2.8,24.7,,2.8,2.8,QS 2025,10.666666666666668
U1934,2025,1.8,3.4,,1.8,1.8,QS 2025,1.4545454545454546
U1937,2025,4.5,14.9,,4.5,4.5,QS 2025,7.737373737373738
U1969,2025,1.4,2.2,,1.4,1.4,QS 2025,0.7272727272727273
U1973,2025,1.7,11.5,,1.7,1.7,QS 2025,4.666666666666666
U1977,2025,4.2,19.3,,4.2,4.2,QS 2025,9.333333333333334
U3033,2025,7.2,10.6,,7.2,7.2,QS 2025,7.636363636363637
U2177,2025,1.4,12.3,,1.4,1.4,QS 2025,4.808080808080809
U2198,2025,2.5,8.8,,2.5,2.5,QS 2025,4.060606060606061
U2201,2025,2.8,8.2,,2.8,2.8,QS 2025,4.0
U2208,2025,1.2,10.8,,1.2,1.2,QS 2025,4.080808080808081
U2209,2025,1.5,12.5,,1.5,1.5,QS 2025,4.949494949494949
U2210,2025,3.1,32.6,,3.1,3.1,QS 2025,14.040404040404042
U2224,2025,2.1,7.3,,2.1,2.1,QS 2025,3.212121212121212
U2225,2025,2.4,21.4,,2.4,2.4,QS 2025,9.09090909090909
U2228,2025,2.4,10.1,,2.4,2.4,QS 2025,4.525252525252525
U2218,2025,1.6,17.4,,1.6,1.6,QS 2025,6.98989898989899
U2229,2025,2.0,13.1,,2.0,2.0,QS 2025,5.494949494949496
U2233,2025,1.1,7.7,,1.1,1.1,QS 2025,2.767676767676768
U2234,2025,1.6,5.0,,1.6,1.6,QS 2025,1.9797979797979801
U2237,2025,2.8,28.3,,2.8,2.8,QS 2025,12.121212121212121
U2241,2025,1.5,10.3,,1.5,1.5,QS 2025,4.0606060606060606
U2242,2025,4.8,14.3,,4.8,4.8,QS 2025,7.6767676767676765
U2245,2025,1.7,9.4,,1.7,1.7,QS 2025,3.818181818181819
U2255,2025,1.5,6.5,,1.5,1.5,QS 2025,2.5252525252525255
U2256,2025,1.0,3.1,,1.0,1.0,QS 2025,0.8484848484848486
U2257,2025,3.2,11.0,,3.2,3.2,QS 2025,5.373737373737374
U2262,2025,1.4,5.3,,1.4,1.4,QS 2025,1.9797979797979794
U2264,2025,2.0,24.4,,2.0,2.0,QS 2025,10.06060606060606
U2266,2025,2.8,22.9,,2.8,2.8,QS 2025,9.939393939393938
U2271,2025,1.3,5.0,,1.3,1.3,QS 2025,1.7979797979797982
U2274,2025,5.6,14.7,,5.6,5.6,QS 2025,8.323232323232324
U2276,2025,1.3,11.0,,1.3,1.3,QS 2025,4.222222222222222
U2295,2025,2.2,5.9,,2.2,2.2,QS 2025,2.7070707070707076
U2307,2025,1.3,11.9,,1.3,1.3,QS 2025,4.585858585858586
U2310,2025,1.8,9.2,,1.8,1.8,QS 2025,3.797979797979798
U2278,2025,1.7,11.8,,1.7,1.7,QS 2025,4.787878787878788
U2293,2025,1.1,4.8,,1.1,1.1,QS 2025,1.595959595959596
U2386,2025,2.0,14.0,,2.0,2.0,QS 2025,5.85858585858586
U2407,2025,1.7,11.9,,1.7,1.7,QS 2025,4.828282828282828
U2413,2025,1.6,31.0,,1.6,1.6,QS 2025,12.484848484848486
U2403,2025,1.3,13.1,,1.3,1.3,QS 2025,5.070707070707071
U2424,2025,1.5,6.8,,1.5,1.5,QS 2025,2.6464646464646466
U2429,2025,1.2,5.1,,1.2,1.2,QS 2025,1.7777777777777777
U2433,2025,1.5,7.6,,1.5,1.5,QS 2025,2.96969696969697
U2438,2025,1.6,15.7,,1.6,1.6,QS 2025,6.303030303030303
U2439,2025,2.7,6.8,,2.7,2.7,QS 2025,3.3737373737373737
U2440,2025,1.1,4.8,,1.1,1.1,QS 2025,1.595959595959596
U2442,2025,1.9,9.6,,1.9,1.9,QS 2025,4.020202020202019
U2447,2025,1.4,13.6,,1.4,1.4,QS 2025,5.333333333333333
U2324,2025,1.7,9.0,,1.7,1.7,QS 2025,3.656565656565657
U2329,2025,3.3,13.4,,3.3,3.3,QS 2025,6.404040404040404
U2337,2025,3.1,40.8,,3.1,3.1,QS 2025,17.353535353535353
U2339,2025,4.2,32.7,,4.2,4.2,QS 2025,14.74747474747475
U2352,2025,3.5,28.6,,3.5,3.5,QS 2025,12.66666666666667
U2356,2025,2.1,8.6,,2.1,2.1,QS 2025,3.7373737373737375
U2359,2025,2.6,35.4,,2.6,2.6,QS 2025,14.868686868686865
U2455,2025,1.3,4.5,,1.3,1.3,QS 2025,1.595959595959596
U2462,2025,1.6,6.0,,1.6,1.6,QS 2025,2.383838383838384
U2464,2025,1.1,4.5,,1.1,1.1,QS 2025,1.4747474747474747
U2550,2025,1.9,12.5,,1.9,1.9,QS 2025,5.191919191919192
U2734,2025,1.5,5.2,,1.5,1.5,QS 2025,2.0000000000000004
U2757,2025,2.1,21.8,,2.1,2.1,QS 2025,9.070707070707071
U2908,2025,1.3,3.4,,1.3,1.3,QS 2025,1.1515151515151516
U2959,2025,1.1,3.7,,1.1,1.1,QS 2025,1.1515151515151516
U2992,2025,6.1,6.5,,6.1,6.1,QS 2025,5.313131313131313
U3040,2025,1.9,34.5,,1.9,1.9,QS 2025,14.080808080808081
U3106,2025,1.8,6.4,,1.8,1.8,QS 2025,2.666666666666667
U3303,2025,3.9,18.6,,3.9,3.9,QS 2025,8.868686868686869
U3390,2025,3.5,12.4,,3.5,3.5,QS 2025,6.121212121212121
U3049,2024,,97.5,100.0,99.0,99.0,THE 2024,99.46754210504507
U1970,2024,,87.0,97.8,99.6,99.6,THE 2024,95.96211949071923
U1289,2024,,93.8,96.2,99.7,99.7,THE 2024,96.79919590142948
U0773,2024,,90.8,99.9,99.4,99.4,THE 2024,97.91942740611874
U2718,2024,,97.4,100.0,98.0,98.0,THE 2024,99.1318318284382
U1702,2024,,89.1,97.9,98.8,98.8,THE 2024,96.27316894236438
U0321,2024,,90.6,98.0,95.9,95.9,THE 2024,95.78491000539623
U0851,2024,,98.3,95.5,98.6,98.6,THE 2024,97.17791132195586
U2705,2024,,86.8,98.8,99.0,99.0,THE 2024,96.25094502383163
U3420,2024,,82.4,94.9,97.7,97.7,THE 2024,92.73784838125424
U0599,2024,,95.6,96.8,95.6,95.6,THE 2024,96.27171108666623
U2157,2024,,51.7,98.1,93.2,93.2,THE 2024,85.58870243451122
U2738,2024,,82.3,91.2,97.6,97.6,THE 2024,90.74330858212535
U1627,2024,,70.2,97.3,87.2,87.2,THE 2024,87.77425876264618
U1016,2024,,84.2,92.3,97.2,97.2,THE 2024,91.65471004663362
U3062,2024,,78.8,89.7,97.6,97.6,THE 2024,89.11071217014904
U0467,2024,,86.9,89.7,97.4,97.4,THE 2024,91.00729441954353
U2709,2024,,74.3,91.9,96.4,96.4,THE 2024,88.80164936820843
U1480,2024,,91.1,94.0,95.4,95.4,THE 2024,93.65362969110114
U0478,2024,,86.0,88.7,97.6,97.6,THE 2024,90.32783652911364
U3228,2024,,90.7,94.1,92.8,92.8,THE 2024,92.7993365577922
U2175,2024,,97.9,86.4,98.6,98.6,THE 2024,92.31178410098848
U2971,2024,,69.0,87.4,95.5,95.5,THE 2024,84.88104373702136
U0337,2024,,85.5,84.6,98.9,98.9,THE 2024,88.46305500834143
U3272,2024,,73.2,83.5,98.2,98.2,THE 2024,84.69385954307224
U0550,2024,,74.8,76.1,96.2,96.2,THE 2024,80.57934062467298
U1501,2024,,80.7,84.0,94.9,94.9,THE 2024,85.74166143144016
U1539,2024,,75.9,78.8,97.8,97.8,THE 2024,82.75889909731404
U3226,2024,,49.7,94.2,67.8,67.8,THE 2024,75.1482287544866
U2788,2024,,97.0,77.5,96.9,96.9,THE 2024,86.89996468309923
U2071,2024,,83.1,85.1,90.0,90.0,THE 2024,85.37211272135046
U1404,2024,,93.3,80.9,94.5,94.5,THE 2024,87.0394712979166
U0456,2024,,95.8,73.2,90.3,90.3,THE 2024,82.30001559136808
U2713,2024,,74.3,78.4,97.6,97.6,THE 2024,82.10000944579616
U2851,2024,,96.8,72.3,96.4,96.4,THE 2024,83.97046697320134
U0703,2024,,84.8,78.9,94.1,94.1,THE 2024,83.81101994389715
U2966,2024,,92.7,76.4,90.1,90.1,THE 2024,83.1651614398388
U1118,2024,,97.5,75.1,97.7,97.7,THE 2024,86.01224321596025
U1224,2024,,76.9,76.8,92.2,92.2,THE 2024,80.20797074992063
U1618,2024,,81.6,72.8,83.2,83.2,THE 2024,76.44443482570043
U2697,2024,,95.0,76.6,90.5,90.5,THE 2024,83.95082116236456
U2866,2024,,64.0,81.5,85.2,85.2,THE 2024,77.37088796620021
U1878,2024,,60.6,82.5,75.4,75.4,THE 2024,74.01978838621001
U0673,2024,,56.1,75.3,83.5,83.5,THE 2024,71.68129710800615
U1159,2024,,79.6,74.9,91.9,91.9,THE 2024,79.77166819322767
U1236,2024,,94.1,73.5,95.4,95.4,THE 2024,83.63490879594576
U2591,2024,,76.4,64.3,94.6,94.6,THE 2024,74.28335263360381
U0514,2024,,92.8,78.2,76.5,76.5,THE 2024,79.89598133849941
U1296,2024,,92.5,72.3,88.8,88.8,THE 2024,80.56296246228285
U1054,2024,,85.7,67.9,95.3,95.3,THE 2024,78.63730672987745
U2945,2024,,95.6,67.1,93.1,93.1,THE 2024,79.92685715144023
U3194,2024,,47.3,75.7,91.0,91.0,THE 2024,72.09921518866965
U0400,2024,,93.6,61.5,97.6,97.6,THE 2024,77.91003989101631
U1349,2024,,91.1,67.8,94.7,94.7,THE 2024,79.70390497078922
U1177,2024,,45.7,84.3,60.0,60.0,THE 2024,66.56229109290325
U3456,2024,,65.5,75.3,78.7,78.7,THE 2024,72.45924690967641
U3120,2024,,45.4,66.3,88.2,88.2,THE 2024,65.84082416715594
U2579,2024,,78.6,66.1,82.4,82.4,THE 2024,71.95816933789375
U2707,2024,,78.7,67.8,87.2,87.2,THE 2024,74.36866556250118
U3174,2024,,90.2,68.9,92.0,92.0,THE 2024,79.22164921989973
U2644,2024,,93.2,63.1,96.7,96.7,THE 2024,78.37150529529626
U1855,2024,,43.7,75.3,74.6,74.6,THE 2024,65.90992062806701
U3282,2024,,62.8,67.5,85.5,85.5,THE 2024,69.83661414240142
U0303,2024,,72.1,59.6,89.7,89.7,THE 2024,69.25365724903968
U0808,2024,,95.5,62.1,92.9,92.9,THE 2024,77.21982298525872
U3370,2024,,92.4,59.8,93.8,93.8,THE 2024,75.54504838074249
U0191,2024,,94.8,68.0,86.6,86.6,THE 2024,78.18016277141886
U3379,2024,,72.7,57.2,97.5,97.5,THE 2024,70.57080493701227
U2715,2024,,84.0,64.7,96.9,96.9,THE 2024,77.04747570396472
U3086,2024,,94.0,64.3,89.1,89.1,THE 2024,76.82630524164927
U0907,2024,,97.1,61.6,70.8,70.8,THE 2024,70.45997402512667
U3025,2024,,50.9,60.3,93.9,93.9,THE 2024,65.80197984077094
U1398,2024,,61.8,61.7,85.3,85.3,THE 2024,66.4926385927749
U3152,2024,,74.3,58.8,92.5,92.5,THE 2024,70.23868771143616
U1940,2024,,78.8,60.8,83.7,83.7,THE 2024,69.6337435775042
U3440,2024,,51.8,64.3,79.3,79.3,THE 2024,63.567783466814724
U1210,2024,,87.8,62.7,93.0,93.0,THE 2024,75.70328868411862
U0289,2024,,74.1,54.1,94.3,94.3,THE 2024,68.2877554123026
U2830,2024,,93.4,57.2,94.5,94.5,THE 2024,74.64227144697396
U3300,2024,,92.4,53.4,91.8,91.8,THE 2024,71.56769772732059
U2696,2024,,92.5,56.5,97.3,97.3,THE 2024,74.93001510829865
U0421,2024,,98.7,52.4,91.1,91.1,THE 2024,72.3490993787547
U1148,2024,,41.6,65.8,77.4,77.4,THE 2024,61.29529939797797
U3307,2024,,94.5,57.4,91.1,91.1,THE 2024,73.9539249841735
U2976,2024,,48.3,58.5,87.2,87.2,THE 2024,62.14257748176685
U1711,2024,,76.7,65.3,71.8,71.8,THE 2024,67.77720930052944
U2823,2024,,96.1,51.8,96.8,96.8,THE 2024,73.18155618627034
U0807,2024,,96.3,54.1,94.5,94.5,THE 2024,73.71886361030838
U0823,2024,,79.0,63.7,82.8,82.8,THE 2024,70.92165348199836
U1791,2024,,71.2,64.8,78.9,78.9,THE 2024,68.39688397233658
U2687,2024,,73.8,57.7,89.7,89.7,THE 2024,68.6689746677109
U2708,2024,,80.9,53.8,93.2,93.2,THE 2024,69.43234176638947
U3330,2024,,62.9,48.5,96.0,96.0,THE 2024,63.173754697814715
U0378,2024,,75.2,49.1,97.7,97.7,THE 2024,66.99242213549716
U1232,2024,,73.8,75.2,33.9,33.9,THE 2024,60.45770485443085
U3184,2024,,72.0,56.5,89.0,89.0,THE 2024,67.38666697086538
U1157,2024,,82.5,57.8,81.0,81.0,THE 2024,68.11509552182788
U3144,2024,,96.5,50.1,92.7,92.7,THE 2024,71.11004748176899
U0586,2024,,90.6,54.1,96.9,96.9,THE 2024,73.0880507409122
U1568,2024,,67.3,52.7,88.4,88.4,THE 2024,64.07149837501271
U2679,2024,,95.1,49.3,95.5,95.5,THE 2024,71.22446125734564
U0668,2024,,82.4,59.7,82.5,82.5,THE 2024,69.55400857248054
U2755,2024,,80.1,51.1,91.3,91.3,THE 2024,67.2318767403915
U1297,2024,,87.3,51.3,93.0,93.0,THE 2024,69.60752693254248
U3129,2024,,92.0,49.5,92.3,92.3,THE 2024,69.58270062253885
U0583,2024,,69.3,45.7,95.5,95.5,THE 2024,63.098249215639996
U1249,2024,,79.8,56.6,86.6,86.6,THE 2024,68.5777504757073
U3271,2024,,96.4,52.1,89.0,89.0,THE 2024,70.9814337391851
U0003,2024,,76.3,59.0,86.3,86.3,THE 2024,68.89572127703846
U2634,2024,,90.7,55.5,80.9,80.9,THE 2024,68.86156348230091
U2625,2024,,92.9,50.6,92.8,92.8,THE 2024,70.53263795026177
U2831,2024,,70.7,54.8,90.1,90.1,THE 2024,66.52397141451425
U2995,2024,,87.7,54.1,81.7,81.7,THE 2024,67.65151813987326
U2954,2024,,48.6,58.1,92.8,92.8,THE 2024,63.750033553069514
U0709,2024,,65.7,59.3,85.3,85.3,THE 2024,66.17794503494292
U2676,2024,,87.0,47.0,93.3,93.3,THE 2024,67.37476472279667
U1323,2024,,71.4,52.3,86.2,86.2,THE 2024,64.16803218479133
U2100,2024,,64.1,62.1,77.3,77.3,THE 2024,64.76629768832913
U1749,2024,,85.8,45.6,86.5,86.5,THE 2024,64.23242647767303
U3262,2024,,94.9,60.3,77.4,77.4,THE 2024,71.3026635415699
U2847,2024,,56.7,57.6,90.6,90.6,THE 2024,64.76150833562488
U1628,2024,,58.4,58.7,83.7,83.7,THE 2024,63.599620088040886
U2663,2024,,95.4,42.9,87.7,87.7,THE 2024,65.51280841193754
U2956,2024,,77.3,46.9,87.3,87.3,THE 2024,63.10736664778218
U3365,2024,,84.3,51.0,93.4,93.4,THE 2024,68.8493909143571
U2063,2024,,92.2,47.4,83.2,83.2,THE 2024,65.69554831970137
U3042,2024,,75.6,50.6,92.1,92.1,THE 2024,66.1307725583298
U2809,2024,,74.2,51.3,86.2,86.2,THE 2024,64.32106948208725
U2916,2024,,94.6,49.1,87.3,87.3,THE 2024,68.4442033361737
U3034,2024,,92.8,45.9,90.6,90.6,THE 2024,67.35978352898118
U2116,2024,,58.5,66.4,53.8,53.8,THE 2024,58.344801553346606
U2803,2024,,50.9,56.7,78.3,78.3,THE 2024,59.05537430382859
U3093,2024,,81.7,42.9,88.3,88.3,THE 2024,62.386544130501434
U2153,2024,,91.4,48.4,87.6,87.6,THE 2024,67.396903470431
U1723,2024,,98.1,42.6,97.9,97.9,THE 2024,69.18610831610785
U2840,2024,,65.7,53.3,84.8,84.8,THE 2024,62.87752770701723
U2058,2024,,71.3,55.6,78.1,78.1,THE 2024,63.35004365038158
U2748,2024,,56.6,51.9,88.6,88.6,THE 2024,61.12685019561942
U1253,2024,,97.4,47.1,86.1,86.1,THE 2024,67.69929984309366
U1051,2024,,77.6,56.8,72.5,72.5,THE 2024,63.75800538332199
U1730,2024,,77.7,51.0,91.3,91.3,THE 2024,66.59905471437744
U3309,2024,,74.7,55.0,81.3,81.3,THE 2024,64.85471206988666
U2915,2024,,90.4,46.3,87.3,87.3,THE 2024,65.96097862712709
U3276,2024,,93.5,48.6,88.7,88.7,THE 2024,68.3522641350701
U3072,2024,,50.9,46.1,92.4,92.4,THE 2024,57.89234211275902
U2000,2024,,61.3,54.2,72.9,72.9,THE 2024,58.57797364952182
U3294,2024,,93.1,44.8,90.8,90.8,THE 2024,66.9181202993571
U3189,2024,,94.3,43.3,95.9,95.9,THE 2024,68.01094738634677
U1648,2024,,40.0,51.5,77.2,77.2,THE 2024,53.35129444247686
U2653,2024,,89.9,45.7,88.3,88.3,THE 2024,65.8371207137923
U1902,2024,,46.1,57.3,69.3,69.3,THE 2024,55.405279145783496
U2660,2024,,65.2,47.3,91.4,91.4,THE 2024,61.66802940104152
U1451,2024,,51.2,54.8,70.8,70.8,THE 2024,55.79566996838347
U2577,2024,,73.2,42.7,90.6,90.6,THE 2024,60.94261049822417
U2650,2024,,47.0,51.3,85.7,85.7,THE 2024,57.58731349735091
U2685,2024,,54.3,44.6,86.5,86.5,THE 2024,56.09042145332447
U1194,2024,,96.8,40.7,93.9,93.9,THE 2024,66.62980591009274
U0817,2024,,32.9,48.1,90.0,90.0,THE 2024,53.839813156608095
U3273,2024,,89.3,49.3,83.7,83.7,THE 2024,66.14578857863228
U2746,2024,,73.3,47.1,85.6,85.6,THE 2024,61.71524156089661
U2648,2024,,74.7,44.4,92.5,92.5,THE 2024,62.78825308753983
U0509,2024,,60.2,40.7,84.7,84.7,THE 2024,54.912492647050634
U2160,2024,,67.9,51.1,79.3,79.3,THE 2024,60.54313576693716
U0338,2024,,65.0,40.2,88.7,88.7,THE 2024,57.05736630780933
U3410,2024,,41.0,45.0,88.5,88.5,THE 2024,53.70667303683389
U3265,2024,,60.8,40.1,88.9,88.9,THE 2024,56.05154123433552
U2726,2024,,82.9,47.0,88.3,88.3,THE 2024,64.82559665294242
U2486,2024,,83.1,49.4,83.1,83.1,THE 2024,64.51188818717071
U0579,2024,,87.3,51.5,71.3,71.3,THE 2024,62.952224124885596
U0769,2024,,33.9,55.1,70.9,70.9,THE 2024,51.800258464654654
U2928,2024,,96.4,40.2,93.4,93.4,THE 2024,66.11525297545542
U1495,2024,,91.3,41.1,93.8,93.8,THE 2024,65.47818804090184
U1842,2024,,59.3,42.6,82.9,82.9,THE 2024,55.129897939676866
U0555,2024,,95.8,44.5,83.5,83.5,THE 2024,65.13970680788879
U1597,2024,,51.0,65.7,50.5,50.5,THE 2024,55.13610309568852
U3290,2024,,63.2,43.4,90.8,90.8,THE 2024,58.953412418836216
U0244,2024,,52.3,45.8,77.5,77.5,THE 2024,53.43193801605538
U2799,2024,,95.5,42.5,95.7,95.7,THE 2024,67.81956044092986
U3045,2024,,86.9,46.5,84.4,84.4,THE 2024,64.31594074882112
U1256,2024,,88.6,44.2,87.4,87.4,THE 2024,64.45619400087465
U1826,2024,,46.5,48.1,77.9,77.9,THE 2024,53.35933912405415
U0160,2024,,71.7,46.2,87.5,87.5,THE 2024,61.44850300951784
U2817,2024,,97.1,38.0,86.7,86.7,THE 2024,63.04427230683281
U3243,2024,,93.3,46.0,75.1,75.1,THE 2024,62.70445297859215
U1986,2024,,81.2,49.6,91.0,91.0,THE 2024,66.61827703987086
U2142,2024,,67.7,53.6,69.5,69.5,THE 2024,58.75208120835495
U0701,2024,,53.2,37.0,85.1,85.1,THE 2024,51.40503410472581
U2947,2024,,63.7,45.4,90.2,90.2,THE 2024,59.935633544616394
U0369,2024,,74.1,46.6,79.4,79.4,THE 2024,59.7151932539531
U0334,2024,,92.5,39.6,91.9,91.9,THE 2024,64.39032976963607
U2123,2024,,60.1,63.3,49.4,49.4,THE 2024,55.736287846648224
U2161,2024,,62.8,35.0,87.5,87.5,THE 2024,53.42612412496378
U2797,2024,,61.0,48.1,79.7,79.7,THE 2024,57.42673733174098
U2937,2024,,93.7,38.1,90.3,90.3,THE 2024,63.39592944229551
U2986,2024,,53.5,47.3,83.7,83.7,THE 2024,56.43977127479607
U3161,2024,,95.8,42.6,77.7,77.7,THE 2024,62.33704609745166
U2183,2024,,63.0,41.2,87.9,87.9,THE 2024,56.84857820156164
U0858,2024,,64.7,38.4,84.9,84.9,THE 2024,54.85761806777296
U3032,2024,,69.9,42.6,76.1,76.1,THE 2024,55.575000344118855
U1724,2024,,82.2,42.1,89.5,89.5,THE 2024,62.46200767874285
U2184,2024,,46.5,40.8,85.0,85.0,THE 2024,51.7451813231568
U0001,2024,,72.4,45.0,83.0,83.0,THE 2024,59.58698961102202
U0002,2024,,81.8,43.1,79.7,79.7,THE 2024,59.836422004435846
U2622,2024,,97.5,35.8,81.8,81.8,THE 2024,60.4614879111933
U0016,2024,,97.8,30.0,85.8,85.8,THE 2024,58.740312935649435
U0195,2024,,68.8,41.4,84.8,84.8,THE 2024,57.390328134923394
U2704,2024,,85.2,41.4,81.7,81.7,THE 2024,60.39073873209744
U2717,2024,,77.9,39.8,93.3,93.3,THE 2024,61.40045430323062
U0491,2024,,94.7,36.5,87.5,87.5,THE 2024,61.9269188440743
U0672,2024,,69.3,42.0,81.8,81.8,THE 2024,56.891133088756625
U0702,2024,,66.1,35.7,86.0,86.0,THE 2024,54.123776011861665
U0719,2024,,70.8,38.2,82.4,82.4,THE 2024,55.449191673683494
U2825,2024,,65.7,43.4,90.2,90.2,THE 2024,59.37109145238841
U2843,2024,,77.3,42.5,75.8,75.8,THE 2024,57.21873246607799
U2867,2024,,61.0,33.9,80.0,80.0,THE 2024,50.07784726728046
U0862,2024,,31.1,57.8,53.9,53.9,THE 2024,47.24225633654308
U2874,2024,,55.8,37.0,79.9,79.9,THE 2024,50.41387512828052
U1109,2024,,84.8,38.7,86.3,86.3,THE 2024,60.31193101190396
U1149,2024,,62.5,46.6,72.0,72.0,THE 2024,54.604576868489
U2917,2024,,95.1,34.2,95.5,95.5,THE 2024,63.31041513575235
U2570,2024,,89.6,45.0,83.5,83.5,THE 2024,63.90236591014771
U2936,2024,,93.2,39.4,78.1,78.1,THE 2024,60.15572912413303
U1300,2024,,81.9,33.5,91.6,91.6,THE 2024,58.53632436944572
U1306,2024,,81.7,28.7,93.5,93.5,THE 2024,56.56413381681975
U2970,2024,,67.5,34.7,83.2,83.2,THE 2024,53.065966009869925
U1357,2024,,72.7,48.8,55.1,55.1,THE 2024,52.95956647230881
U1383,2024,,41.9,55.7,54.3,54.3,THE 2024,48.87808805808527
U3013,2024,,83.4,38.8,85.5,85.5,THE 2024,59.77654757358534
U1524,2024,,83.3,33.6,93.3,93.3,THE 2024,59.45690344247504
U3050,2024,,53.1,38.5,84.1,84.1,THE 2024,51.8554873501315
U1650,2024,,65.3,49.7,71.9,71.9,THE 2024,56.87530847797757
U1661,2024,,74.7,38.3,90.5,90.5,THE 2024,58.96813513852045
U3078,2024,,68.5,44.7,80.4,80.4,THE 2024,57.67661998187933
U1728,2024,,98.4,38.0,88.7,88.7,THE 2024,63.981714625463766
U3088,2024,,95.5,40.6,84.1,84.1,THE 2024,63.21004614793823
U1789,2024,,63.7,37.2,78.4,78.4,THE 2024,51.96192716322177
U1825,2024,,60.8,39.0,80.1,80.1,THE 2024,52.733588296386095
U3138,2024,,42.5,60.7,57.3,57.3,THE 2024,52.57831535184951
U1951,2024,,69.3,40.8,92.8,92.8,THE 2024,59.688993548405136
U2003,2024,,39.1,39.5,83.2,83.2,THE 2024,48.71349097317595
U3172,2024,,95.4,35.6,92.7,92.7,THE 2024,63.244445003563555
U2011,2024,,85.6,34.0,91.3,91.3,THE 2024,59.59972141653395
U2092,2024,,52.9,49.7,83.0,83.0,THE 2024,57.33446159305401
U2109,2024,,55.3,47.6,71.4,71.4,THE 2024,53.20053662167392
U2111,2024,,84.5,44.9,80.1,80.1,THE 2024,61.55739133786612
U2616,2024,,88.1,41.3,84.0,84.0,THE 2024,61.75616884288381
U3248,2024,,40.9,38.5,87.0,87.0,THE 2024,49.80849092496377
U3366,2024,,78.5,42.6,80.9,80.9,THE 2024,59.15013397654775
U3389,2024,,87.5,42.9,75.2,75.2,THE 2024,59.70820746342041
U3285,2024,,91.7,39.3,84.0,84.0,THE 2024,61.57856750035353
U2665,2024,,95.0,35.1,80.5,80.5,THE 2024,59.08503225584211
U0242,2024,,36.8,44.0,74.7,74.7,THE 2024,47.86777913364162
U2675,2024,,76.3,33.9,84.2,84.2,THE 2024,55.08637940121802
U0288,2024,,57.8,30.5,84.6,84.6,THE 2024,48.95501692484346
U0296,2024,,81.4,28.3,84.6,84.6,THE 2024,53.509353150599466
U2712,2024,,77.0,35.4,85.7,85.7,THE 2024,56.50911922084951
U0511,2024,,85.7,34.6,91.4,91.4,THE 2024,59.96952327017017
U2782,2024,,88.7,32.0,90.9,90.9,THE 2024,59.176590497822836
U0452,2024,,68.0,46.8,53.9,53.9,THE 2024,50.40087821502076
U0662,2024,,58.8,38.6,79.4,79.4,THE 2024,51.82220021756841
U0736,2024,,81.8,37.8,82.7,82.7,THE 2024,57.993223665910406
U0781,2024,,66.8,34.5,82.3,82.3,THE 2024,52.51148379716646
U2849,2024,,61.7,35.5,85.7,85.7,THE 2024,52.86140920333274
U0820,2024,,67.1,27.9,98.0,98.0,THE 2024,54.015881422966665
U1012,2024,,66.0,32.6,82.3,82.3,THE 2024,51.32220629443501
U1083,2024,,97.4,35.9,78.4,78.4,THE 2024,59.43052498465207
U1104,2024,,75.4,28.6,90.7,90.7,THE 2024,54.11586957011535
U2897,2024,,76.4,44.4,71.5,71.5,THE 2024,56.657321559327286
U1181,2024,,71.5,40.0,71.0,71.0,THE 2024,53.01047260893245
U1197,2024,,64.2,36.7,91.7,91.7,THE 2024,55.96409382085013
U1200,2024,,88.2,35.4,88.1,88.1,THE 2024,59.9653680201353
U2569,2024,,76.2,38.7,73.7,73.7,THE 2024,54.30689083741899
U1217,2024,,70.7,41.3,86.4,86.4,THE 2024,58.29585174132316
U1242,2024,,91.5,34.4,77.4,77.4,THE 2024,56.90599096837843
U1254,2024,,94.7,34.2,78.9,78.9,THE 2024,58.04234038446499
U2942,2024,,84.7,35.4,72.6,72.6,THE 2024,54.29027469403451
U1301,2024,,88.3,29.3,89.6,89.6,THE 2024,57.25977654709975
U1402,2024,,49.3,31.4,85.3,85.3,THE 2024,47.589160841107514
U1518,2024,,61.8,41.4,73.3,73.3,THE 2024,52.11490783786199
U3046,2024,,59.5,38.2,84.1,84.1,THE 2024,53.246017644519796
U1714,2024,,96.0,35.6,83.4,83.4,THE 2024,60.49235152301796
U1726,2024,,76.0,38.0,72.3,72.3,THE 2024,53.45550986178314
U1737,2024,,91.6,36.6,81.7,81.7,THE 2024,59.422778460447994
U1758,2024,,92.8,36.2,83.2,83.2,THE 2024,59.970630136477425
U1780,2024,,60.0,46.7,72.2,72.2,THE 2024,54.114698144504004
U1849,2024,,68.6,34.5,94.0,94.0,THE 2024,56.59165195366049
U1851,2024,,79.9,27.8,76.9,76.9,THE 2024,50.48578779633936
U1914,2024,,92.9,36.7,84.2,84.2,THE 2024,60.56839492042183
U1942,2024,,44.0,38.2,83.2,83.2,THE 2024,49.217155300047594
U3153,2024,,76.9,33.5,89.1,89.1,THE 2024,56.54831832726346
U3156,2024,,66.7,36.4,87.6,87.6,THE 2024,55.13419747087208
U1987,2024,,78.8,29.7,81.4,81.4,THE 2024,52.617442317683285
U3167,2024,,58.9,49.5,63.1,63.1,THE 2024,52.48129065444489
U3171,2024,,96.8,34.5,88.0,88.0,THE 2024,61.542323788577825
U2507,2024,,98.5,26.4,84.0,84.0,THE 2024,56.462059397260596
U2008,2024,,89.5,30.2,89.7,89.7,THE 2024,58.05283287055566
U3183,2024,,90.9,38.4,82.0,82.0,THE 2024,60.290346052795584
U2062,2024,,65.4,48.1,62.6,62.6,THE 2024,53.16372158967135
U2169,2024,,86.7,44.1,57.6,57.6,THE 2024,54.66080186256792
U3351,2024,,65.4,39.4,78.8,78.8,THE 2024,53.650702133961005
U3356,2024,,49.8,26.9,98.3,98.3,THE 2024,49.401433496110435
U3415,2024,,37.8,48.0,70.0,70.0,THE 2024,48.74187870607423
U0239,2024,,34.5,43.5,68.6,68.6,THE 2024,45.14918577213389
U2693,2024,,65.0,39.0,68.8,68.8,THE 2024,50.22905854315877
U2606,2024,,71.4,34.1,76.1,76.1,THE 2024,51.48283067222251
U0346,2024,,52.3,30.0,89.4,89.4,THE 2024,48.85818069322383
U0390,2024,,49.7,32.8,92.4,92.4,THE 2024,50.63148665530754
U0477,2024,,91.5,32.3,92.1,92.1,THE 2024,60.38480128989727
U0502,2024,,89.1,31.6,78.9,78.9,THE 2024,55.325364322367896
U0545,2024,,62.2,26.0,79.6,79.6,THE 2024,46.102981021720524
U2781,2024,,91.1,32.1,84.9,84.9,THE 2024,57.94025364533223
U0561,2024,,56.4,35.1,76.3,76.3,THE 2024,48.44167545443175
U2798,2024,,97.4,31.8,81.0,81.0,THE 2024,58.091646871836375
U0656,2024,,88.9,35.4,78.4,78.4,THE 2024,57.112847744545505
U2813,2024,,77.6,33.8,76.7,76.7,THE 2024,53.011909260749064
U2530,2024,,71.6,37.9,66.9,66.9,THE 2024,50.656768907992756
U0767,2024,,66.5,40.4,62.0,62.0,THE 2024,49.20718805424015
U0780,2024,,46.8,36.3,68.9,68.9,THE 2024,44.443665823699845
U0806,2024,,97.8,28.9,77.2,77.2,THE 2024,55.48466529365018
U2870,2024,,94.7,33.1,70.3,70.3,THE 2024,54.78669274246573
U2894,2024,,62.9,33.3,81.6,81.6,THE 2024,50.72131636634269
U1185,2024,,48.8,47.5,51.2,51.2,THE 2024,45.28334403359377
U2923,2024,,73.6,38.7,72.7,72.7,THE 2024,53.36658563940944
U1353,2024,,68.5,35.6,74.7,74.7,THE 2024,51.13152701375691
U3006,2024,,74.4,30.4,82.3,82.3,THE 2024,52.200605398062834
U1537,2024,,48.4,40.6,74.7,74.7,THE 2024,48.891128919054786
U1544,2024,,66.2,38.4,74.7,74.7,THE 2024,52.04280492715662
U1589,2024,,34.6,21.3,91.7,91.7,THE 2024,40.734411125446826
U3044,2024,,81.8,35.1,75.8,75.8,THE 2024,54.42859661600739
U3059,2024,,50.4,32.3,82.7,82.7,THE 2024,47.516911872380206
U3096,2024,,66.9,33.5,74.3,74.3,THE 2024,49.519346741341295
U1775,2024,,94.6,29.3,79.0,79.0,THE 2024,55.481175063676204
U1980,2024,,79.5,25.8,93.5,93.5,THE 2024,54.51217414342775
U1884,2024,,37.0,37.4,78.3,78.3,THE 2024,45.57852255760129
U3145,2024,,83.5,36.8,82.5,82.5,THE 2024,57.81793390183901
U1943,2024,,47.6,46.3,68.4,68.4,THE 2024,49.72246310542383
U1978,2024,,59.9,39.5,76.9,76.9,THE 2024,51.78110389681618
U3166,2024,,91.9,35.5,71.2,71.2,THE 2024,55.64778189749059
U2010,2024,,54.4,34.9,78.8,78.8,THE 2024,48.63199391375156
U2030,2024,,49.8,38.4,80.9,80.9,THE 2024,50.00812641720999
U3182,2024,,60.7,31.8,86.5,86.5,THE 2024,50.92958906427461
U2559,2024,,77.8,37.8,77.7,77.7,THE 2024,55.46823939291225
U3192,2024,,56.1,31.6,84.5,84.5,THE 2024,49.089259646457144
U3241,2024,,52.5,34.9,83.3,83.3,THE 2024,49.57437093236405
U2197,2024,,89.1,34.5,83.2,83.2,THE 2024,58.184844327853895
U2615,2024,,77.2,31.6,82.4,82.4,THE 2024,53.53783517561896
U3378,2024,,60.3,34.5,74.8,74.8,THE 2024,48.6030884033887
U3388,2024,,87.2,31.7,87.7,87.7,THE 2024,57.65971610537623
U3224,2024,,76.3,42.9,72.4,72.4,THE 2024,56.1273480722343
U3412,2024,,38.4,33.5,83.7,83.7,THE 2024,45.55531354700828
U0041,2024,,76.3,27.2,71.9,71.9,THE 2024,47.74307330196059
U0118,2024,,38.8,33.7,77.0,77.0,THE 2024,43.6696431230375
U0197,2024,,60.9,29.9,76.3,76.3,THE 2024,46.804579436646264
U2668,2024,,67.7,40.8,65.0,65.0,THE 2024,50.64161666163578
U2688,2024,,66.6,29.9,72.5,72.5,THE 2024,46.99925523439137
U0304,2024,,98.4,26.5,80.7,80.7,THE 2024,55.46224911869443
U2721,2024,,40.4,45.5,54.0,54.0,THE 2024,43.0759612116329
U2722,2024,,88.3,31.6,82.4,82.4,THE 2024,56.222236626646776
U0405,2024,,42.0,38.2,75.9,75.9,THE 2024,46.459336060744775
U0422,2024,,95.5,30.9,78.6,78.6,THE 2024,56.41279306696094
U2751,2024,,36.9,23.7,93.7,93.7,THE 2024,43.171553047858964
U2753,2024,,64.6,30.2,72.8,72.8,THE 2024,46.766269945597
U0499,2024,,34.5,38.9,64.8,64.8,THE 2024,41.55448368157569
U0570,2024,,87.6,26.2,86.9,86.9,THE 2024,54.624630528287256
U2791,2024,,33.9,35.2,80.9,80.9,THE 2024,44.4857538701289
U2802,2024,,51.9,34.4,78.6,78.6,THE 2024,47.70303918906122
U0669,2024,,78.6,22.8,85.5,85.5,THE 2024,50.2299810896914
U2819,2024,,43.9,40.5,68.2,68.2,THE 2024,45.72552504068243
U0776,2024,,71.6,38.1,69.1,69.1,THE 2024,51.44694896637947
U0784,2024,,94.8,33.4,65.2,65.2,THE 2024,53.379324196995384
U0802,2024,,47.5,44.0,47.4,47.4,THE 2024,41.95077250004875
U0824,2024,,32.5,30.4,92.0,92.0,THE 2024,45.089401368936805
U0840,2024,,73.2,26.9,67.8,67.8,THE 2024,45.558884328040584
U0927,2024,,46.0,34.5,69.3,69.3,THE 2024,43.4314098143362
U0979,2024,,77.7,30.9,79.6,79.6,THE 2024,52.41960370632477
U1025,2024,,62.7,38.0,72.5,72.5,THE 2024,50.30137017587115
U2886,2024,,58.6,25.9,73.1,73.1,THE 2024,43.155031315053115
U1152,2024,,57.4,40.5,68.9,68.9,THE 2024,49.20840615208234
U1209,2024,,58.2,41.5,62.1,62.1,THE 2024,47.807605479300946
U2946,2024,,59.1,34.7,76.3,76.3,THE 2024,48.88499436367661
U1325,2024,,56.0,43.1,53.6,53.6,THE 2024,45.466161294065074
U2972,2024,,47.2,31.8,87.3,87.3,THE 2024,47.91399767250086
U2973,2024,,47.0,26.0,91.1,91.1,THE 2024,46.0095984167263
U1372,2024,,94.2,29.6,81.4,81.4,THE 2024,56.28933613205616
U3004,2024,,35.4,28.3,86.9,86.9,THE 2024,43.101317500217306
U1635,2024,,65.2,31.3,67.4,67.4,THE 2024,45.80564965222199
U1796,2024,,66.6,37.9,69.5,69.5,THE 2024,50.25754791253945
U3163,2024,,93.6,21.0,81.4,81.4,THE 2024,51.636895824714074
U3117,2024,,78.9,35.1,62.9,62.9,THE 2024,49.708574918395264
U3128,2024,,98.8,25.7,93.8,93.8,THE 2024,59.22069397911401
U1886,2024,,42.4,34.3,85.3,85.3,THE 2024,47.44039500059382
U1947,2024,,30.4,36.7,74.8,74.8,THE 2024,42.525172975698005
U3155,2024,,81.8,25.9,88.0,88.0,THE 2024,53.40741673395641
U2073,2024,,71.8,34.0,66.9,66.9,THE 2024,48.66111134447227
U2094,2024,,43.6,24.3,85.2,85.2,THE 2024,42.458357768141504
U3195,2024,,62.7,28.3,84.9,84.9,THE 2024,49.080441082432806
U3231,2024,,61.1,34.8,80.5,80.5,THE 2024,50.729492417219504
U3236,2024,,51.3,42.6,52.3,52.3,THE 2024,43.66248391081453
U3260,2024,,88.9,31.2,80.1,80.1,THE 2024,55.4411848984866
U3442,2024,,79.5,32.4,78.3,78.3,THE 2024,53.23609114807125
U0172,2024,,49.2,36.6,80.6,80.6,THE 2024,48.826169465733024
U0174,2024,,95.2,26.5,82.5,82.5,THE 2024,55.24911528285042
U0184,2024,,92.4,21.2,84.0,84.0,THE 2024,52.26148091272783
U0190,2024,,80.7,25.7,97.0,97.0,THE 2024,55.84031148336124
U0227,2024,,88.2,25.3,72.7,72.7,THE 2024,49.874359183755274
U0234,2024,,59.3,43.9,22.1,22.1,THE 2024,36.87042968990709
U0287,2024,,82.3,23.1,82.5,82.5,THE 2024,50.347434838517515
U0291,2024,,89.0,21.1,86.7,86.7,THE 2024,52.22794241347982
U2694,2024,,44.9,19.2,89.3,89.3,THE 2024,41.377049719406315
U2533,2024,,75.7,28.9,76.0,76.0,THE 2024,49.76621441274973
U2711,2024,,55.0,23.9,86.8,86.8,THE 2024,45.50410937146886
U0326,2024,,31.0,29.0,76.9,76.9,THE 2024,39.28884195131337
U2729,2024,,34.9,22.7,81.2,81.2,THE 2024,38.26968709917705
U0354,2024,,87.8,33.4,50.6,50.6,THE 2024,47.13817181270656
U2732,2024,,39.9,34.4,74.7,74.7,THE 2024,43.58603029530042
U0379,2024,,81.6,32.5,73.9,73.9,THE 2024,52.42564527261357
U0381,2024,,64.7,33.1,61.9,61.9,THE 2024,44.914731255727276
U0412,2024,,62.6,38.4,52.0,52.0,THE 2024,44.1005371499941
U0428,2024,,63.7,27.1,65.0,65.0,THE 2024,42.49397128634331
U2744,2024,,54.3,38.2,59.9,59.9,THE 2024,44.44951939803342
U0466,2024,,46.6,31.7,74.4,74.4,THE 2024,43.69779240111167
U0476,2024,,93.5,35.9,48.9,48.9,THE 2024,49.29732575461594
U0503,2024,,40.2,35.0,68.1,68.1,THE 2024,41.91697232831862
U2769,2024,,62.3,31.8,72.5,72.5,THE 2024,46.955159097461404
U0549,2024,,73.9,35.2,77.1,77.1,THE 2024,52.9754719895185
U0435,2024,,82.7,30.3,55.7,55.7,THE 2024,45.868845274281455
U0640,2024,,72.6,30.2,65.7,65.7,THE 2024,46.48913568785498
U0661,2024,,51.0,29.3,74.2,74.2,THE 2024,43.44171253161007
U2810,2024,,83.1,33.2,63.2,63.2,THE 2024,49.821945202394375
U2818,2024,,47.3,28.3,78.0,78.0,THE 2024,43.20660365631205
U0700,2024,,59.9,27.5,82.7,82.7,THE 2024,47.29864930327007
U0706,2024,,57.1,25.4,72.6,72.6,THE 2024,42.374456614998614
U0721,2024,,81.0,25.2,75.4,75.4,THE 2024,48.92183640397522
U2829,2024,,57.1,29.9,73.8,73.8,THE 2024,45.10677895673728
U2834,2024,,64.5,36.2,66.2,66.2,THE 2024,47.83066547043607
U0753,2024,,43.9,39.6,50.3,50.3,THE 2024,39.677502939935934
U0813,2024,,51.4,44.0,57.3,57.3,THE 2024,45.97805272696961
U2857,2024,,85.4,24.3,74.3,74.3,THE 2024,49.1715462247105
U0848,2024,,69.8,23.4,65.8,65.8,THE 2024,42.27920072406872
U0852,2024,,84.8,36.5,43.6,43.6,THE 2024,45.85671049426058
U0891,2024,,60.3,32.6,60.2,60.2,THE 2024,43.05899467114474
U0932,2024,,24.3,37.4,75.2,75.2,THE 2024,41.54144826964836
U2880,2024,,81.0,36.3,66.8,66.8,THE 2024,52.060318741011606
U1014,2024,,71.7,35.4,58.2,58.2,THE 2024,46.66039979432946
U2883,2024,,49.7,34.1,78.2,78.2,THE 2024,46.88915236192406
U2535,2024,,74.9,27.8,58.7,58.7,THE 2024,43.606816022069864
U2890,2024,,93.5,29.0,77.6,77.6,THE 2024,54.621783522205426
U2891,2024,,46.8,30.8,71.8,71.8,THE 2024,42.46449303426431
U1117,2024,,77.2,19.9,84.5,84.5,THE 2024,48.05996531139748
U2925,2024,,76.1,32.6,64.1,64.1,THE 2024,48.094987845437586
U1214,2024,,92.0,26.7,68.4,68.4,THE 2024,50.18753222190405
U2927,2024,,56.9,38.0,69.9,69.9,THE 2024,48.08874111086495
U2950,2024,,62.3,31.4,68.8,68.8,THE 2024,45.5928675165135
U1294,2024,,74.8,30.7,77.0,77.0,THE 2024,50.803482947210654
U1341,2024,,72.4,28.7,69.6,69.6,THE 2024,46.86955784315823
U1343,2024,,53.6,26.0,66.0,66.0,THE 2024,39.78641436748478
U2987,2024,,40.2,24.6,79.6,79.6,THE 2024,40.048793092832035
U1437,2024,,78.8,41.0,42.4,42.4,THE 2024,46.390341473231004
U1452,2024,,56.4,36.9,63.8,63.8,THE 2024,45.49099068396212
U1458,2024,,46.2,42.3,58.4,58.4,THE 2024,44.17218909323034
U1487,2024,,41.4,44.3,52.9,52.9,THE 2024,42.34618923485805
U3007,2024,,65.9,31.1,71.5,71.5,THE 2024,47.14737299425792
U3009,2024,,85.9,26.4,67.2,67.2,THE 2024,48.1812561335781
U1496,2024,,93.6,23.5,69.2,69.2,THE 2024,49.14654530844221
U3041,2024,,43.2,30.5,79.4,79.4,THE 2024,43.80424488914788
U3055,2024,,58.2,36.5,66.5,66.5,THE 2024,46.55777691682911
U3070,2024,,43.2,31.2,80.5,80.5,THE 2024,44.513800327146285
U3073,2024,,80.6,21.9,79.5,79.5,THE 2024,48.37280003510131
U1659,2024,,53.2,30.2,73.5,73.5,THE 2024,44.227385639826416
U1676,2024,,57.9,34.3,67.6,67.6,THE 2024,45.67486482170153
U3076,2024,,57.9,35.4,71.1,71.1,THE 2024,47.34172741697182
U3077,2024,,94.7,20.0,84.5,84.5,THE 2024,52.344540662683606
U1701,2024,,85.8,20.5,87.0,87.0,THE 2024,51.233053449204604
U1719,2024,,53.7,24.1,84.2,84.2,THE 2024,44.48457296792246
U2527,2024,,74.3,33.8,57.2,57.2,THE 2024,46.13907760935736
U1743,2024,,78.7,30.3,60.9,60.9,THE 2024,46.521431094741246
U1777,2024,,95.1,20.7,75.6,75.6,THE 2024,50.03556649059864
U2551,2024,,71.9,27.8,60.0,60.0,THE 2024,43.286286540062676
U1800,2024,,42.0,16.3,80.9,80.9,THE 2024,36.53898103811503
U1924,2024,,80.4,36.1,60.2,60.2,THE 2024,49.75431939058481
U3149,2024,,59.2,24.6,75.1,75.1,THE 2024,43.24184533661375
U1979,2024,,80.8,25.3,74.6,74.6,THE 2024,48.67665852792988
U3164,2024,,91.4,26.2,82.4,82.4,THE 2024,54.14174564994079
U1999,2024,,63.2,13.5,68.9,68.9,THE 2024,36.460122973510096
U2015,2024,,56.5,28.2,73.3,73.3,THE 2024,43.91492761077766
U2021,2024,,48.5,32.6,60.9,60.9,THE 2024,40.42337517794973
U3190,2024,,33.6,28.4,71.9,71.9,THE 2024,38.045522862013215
U2556,2024,,71.5,29.3,65.0,65.0,THE 2024,45.53334727340472
U2125,2024,,39.0,31.3,53.4,53.4,THE 2024,35.108124159411204
U2159,2024,,57.3,42.2,62.3,62.3,THE 2024,48.01913291381868
U2162,2024,,50.7,24.4,73.1,73.1,THE 2024,40.45834784140814
U3240,2024,,45.5,30.1,84.5,84.5,THE 2024,45.739613657697284
U2190,2024,,64.9,33.5,80.2,80.2,THE 2024,50.87367703474875
U2565,2024,,78.7,27.6,69.7,69.7,THE 2024,47.84776977692545
U3250,2024,,65.3,27.7,90.3,90.3,THE 2024,51.07699738254074
U3338,2024,,46.0,26.2,84.1,84.1,THE 2024,43.691896892844795
U3339,2024,,75.5,29.9,73.1,73.1,THE 2024,49.33852904243531
U3340,2024,,80.3,34.1,69.4,69.4,THE 2024,51.547961178085764
U3350,2024,,36.5,23.2,82.8,82.8,THE 2024,39.417124723813515
U3266,2024,,89.8,31.0,74.3,74.3,THE 2024,53.74716368470203
U3372,2024,,38.7,22.0,80.6,80.6,THE 2024,38.634879181586086
U3450,2024,,74.5,25.4,85.7,85.7,THE 2024,50.663434152696325
U0012,2024,,87.3,23.0,68.5,68.5,THE 2024,47.14284306334443
U0282,2024,,68.1,31.6,59.3,59.3,THE 2024,44.14084797947029
U0044,2024,,48.0,37.7,52.8,52.8,THE 2024,40.45204768253065
U2633,2024,,70.1,31.0,63.1,63.1,THE 2024,45.493859130840335
U0069,2024,,97.7,15.2,72.7,72.7,THE 2024,46.878318836867365
U0110,2024,,72.9,17.9,73.5,73.5,THE 2024,42.545052739976235
U0133,2024,,94.2,16.3,84.8,84.8,THE 2024,50.37787626803061
U0143,2024,,20.4,26.3,72.4,72.4,THE 2024,33.90839598606495
U2909,2024,,36.4,22.8,73.2,73.2,THE 2024,36.19264311547991
U0183,2024,,57.7,25.7,59.6,59.6,THE 2024,38.626947863777644
U0206,2024,,25.3,21.5,94.4,94.4,THE 2024,39.431261316091046
U0229,2024,,46.8,34.1,54.1,54.1,THE 2024,38.680034091103195
U0249,2024,,88.2,24.6,47.3,47.3,THE 2024,41.59471028781296
U0257,2024,,34.5,30.6,59.0,59.0,THE 2024,35.39752527721824
U2690,2024,,90.1,22.4,73.8,73.8,THE 2024,49.15661430918949
U0298,2024,,93.1,22.0,74.4,74.4,THE 2024,49.85940049685314
U0319,2024,,63.0,36.3,52.8,52.8,THE 2024,43.34586459040154
U2701,2024,,43.2,19.5,69.6,69.6,THE 2024,34.98608622616467
U2723,2024,,85.1,30.9,62.4,62.4,THE 2024,48.85094922196325
U0335,2024,,77.2,31.2,67.0,67.0,THE 2024,48.530683781586944
U0358,2024,,65.3,26.7,76.0,76.0,THE 2024,46.098059707429556
U0396,2024,,30.1,37.5,56.6,56.6,THE 2024,37.20212686540555
U0472,2024,,46.7,29.4,58.8,58.8,THE 2024,37.65671238010301
U0474,2024,,86.6,29.3,66.2,66.2,THE 2024,49.55893237437772
U2760,2024,,80.6,22.0,65.6,65.6,THE 2024,44.09499286803299
U2759,2024,,47.4,25.7,76.5,76.5,THE 2024,41.400814295386844
U2763,2024,,77.7,25.8,75.3,75.3,THE 2024,48.407083868553656
U2771,2024,,31.2,24.3,64.2,64.2,THE 2024,32.91751088321796
U0537,2024,,39.9,22.1,72.8,72.8,THE 2024,36.547589103270795
U2784,2024,,48.5,31.2,69.7,69.7,THE 2024,42.4310555792115
U0569,2024,,93.7,18.4,77.9,77.9,THE 2024,49.20805350428732
U0584,2024,,68.9,28.6,48.1,48.1,THE 2024,39.27289473708526
U2801,2024,,44.7,24.9,74.3,74.3,THE 2024,39.64320631308021
U2826,2024,,52.6,26.6,65.7,65.7,THE 2024,39.76558386380351
U2827,2024,,81.3,21.8,66.9,66.9,THE 2024,44.56444206676674
U0733,2024,,81.5,21.4,51.5,51.5,THE 2024,39.60565826644694
U2828,2024,,97.2,17.5,81.2,81.2,THE 2024,50.61082566422107
U0764,2024,,61.4,24.5,53.0,53.0,THE 2024,36.836742763488374
U2853,2024,,50.8,29.7,65.8,65.8,THE 2024,40.98616611386134
U2856,2024,,88.4,25.0,66.3,66.3,THE 2024,47.771724602659994
U2862,2024,,55.8,34.0,70.6,70.6,THE 2024,45.94435182257311
U0959,2024,,45.8,36.6,51.8,51.8,THE 2024,39.03195775580298
U0982,2024,,39.7,14.4,75.7,75.7,THE 2024,33.36700888783793
U1006,2024,,63.1,22.8,73.5,73.5,THE 2024,42.74317481998557
U1074,2024,,81.3,24.6,73.3,73.3,THE 2024,48.02571677826187
U1112,2024,,91.0,20.1,70.3,70.3,THE 2024,47.078475068014114
U2896,2024,,87.6,19.4,72.4,72.4,THE 2024,46.543555272110595
U2901,2024,,55.9,34.8,63.7,63.7,THE 2024,44.23829012088889
U1182,2024,,50.2,38.1,51.5,51.5,THE 2024,40.788750395559006
U1202,2024,,84.2,13.2,76.4,76.4,THE 2024,43.71793620702077
U1212,2024,,59.8,22.9,85.3,85.3,THE 2024,45.673532886260745
U2926,2024,,80.2,18.7,82.2,82.2,THE 2024,47.44003749604382
U1222,2024,,83.0,19.3,77.7,77.7,THE 2024,47.02978005794132
U1260,2024,,28.1,38.1,62.3,62.3,THE 2024,38.80861727166789
U1270,2024,,80.6,18.5,77.4,77.4,THE 2024,45.936623777729494
U1291,2024,,87.5,28.2,60.5,60.5,THE 2024,47.42436569536069
U1313,2024,,85.7,24.5,60.9,60.9,THE 2024,45.17446458955338
U2968,2024,,34.1,25.3,79.1,79.1,THE 2024,38.784694555006695
U1327,2024,,93.4,18.5,80.0,80.0,THE 2024,49.84211862266314
U2991,2024,,71.5,32.5,63.9,63.9,THE 2024,46.86781699263903
U1403,2024,,55.0,25.2,67.2,67.2,THE 2024,40.07953208743116
U1418,2024,,40.8,39.2,47.2,47.2,THE 2024,37.75242954429921
U1412,2024,,56.6,23.9,77.3,77.3,THE 2024,42.93154856353416
U1449,2024,,50.4,32.0,51.4,51.4,THE 2024,37.60890035177832
U1488,2024,,43.2,27.3,74.6,74.6,THE 2024,40.631768939383974
U1490,2024,,74.3,29.5,65.9,65.9,THE 2024,46.59568922008641
U3008,2024,,41.3,16.4,77.8,77.8,THE 2024,35.45637327436237
U3021,2024,,91.2,21.0,76.1,76.1,THE 2024,49.40539435748839
U1534,2024,,90.0,22.7,75.8,75.8,THE 2024,49.912716176237474
U1547,2024,,88.5,14.3,84.6,84.6,THE 2024,47.88887652193229
U1549,2024,,62.0,33.7,61.5,61.5,THE 2024,44.45162355751712
U1655,2024,,42.5,27.6,76.9,76.9,THE 2024,41.33622596922054
U3079,2024,,61.4,34.3,56.7,56.7,THE 2024,43.12565908238177
U1712,2024,,37.8,39.1,45.1,45.1,THE 2024,36.320299129671874
U2548,2024,,80.7,30.5,51.2,51.2,THE 2024,44.08812198121582
U1765,2024,,58.9,24.3,68.1,68.1,THE 2024,40.831375883387466
U1782,2024,,28.9,14.2,78.0,78.0,THE 2024,31.366847927870225
U3104,2024,,37.4,24.4,79.2,79.2,THE 2024,39.14221438602574
U1841,2024,,84.6,25.6,60.1,60.1,THE 2024,45.23574155647815
U1881,2024,,42.9,38.0,62.7,62.7,THE 2024,42.460018896804456
U1893,2024,,33.7,22.8,77.7,77.7,THE 2024,36.94154975924354
U1896,2024,,70.0,17.9,85.2,85.2,THE 2024,45.48858244423326
U3133,2024,,48.7,25.6,75.9,75.9,THE 2024,41.47587686519826
U1933,2024,,30.6,24.3,79.8,79.8,THE 2024,37.63222118619346
U1944,2024,,73.7,27.7,65.4,65.4,THE 2024,45.3514269726593
U3218,2024,,69.1,27.7,70.2,70.2,THE 2024,45.73429942008213
U3176,2024,,40.8,23.4,80.1,80.1,THE 2024,39.720728296234
U2017,2024,,30.2,15.1,73.1,73.1,THE 2024,30.626455649428333
U2020,2024,,75.6,17.8,84.1,84.1,THE 2024,46.447785038981856
U3197,2024,,42.8,22.5,79.2,79.2,THE 2024,39.45233228837289
U2139,2024,,79.1,40.0,31.8,31.8,THE 2024,42.63660316376601
U3232,2024,,52.0,25.1,74.2,74.2,THE 2024,41.48229263853592
U2158,2024,,60.6,24.0,61.5,61.5,THE 2024,39.02919295918362
U3237,2024,,44.6,17.2,71.9,71.9,THE 2024,34.83571955182433
U2182,2024,,65.6,22.1,68.8,68.8,THE 2024,41.516718976287024
U3246,2024,,25.2,26.6,69.0,69.0,THE 2024,34.167260908407926
U3252,2024,,49.2,25.6,75.7,75.7,THE 2024,41.534490553528634
U3381,2024,,41.8,20.4,70.2,70.2,THE 2024,35.3061270712372
U3222,2024,,78.6,15.0,82.6,82.6,THE 2024,45.23850398394873
U3281,2024,,90.8,29.8,56.7,56.7,THE 2024,47.87720479203932
U3291,2024,,55.0,29.8,67.3,67.3,THE 2024,42.521586202911486
U3424,2024,,54.0,24.6,64.9,64.9,THE 2024,38.806717806638275
U0010,2024,,49.0,12.6,80.4,80.4,THE 2024,36.1368802238694
U0040,2024,,48.7,12.5,81.5,81.5,THE 2024,36.35459705955943
U2630,2024,,82.6,13.8,58.6,58.6,THE 2024,38.10028952656424
U2631,2024,,39.3,21.2,64.4,64.4,THE 2024,33.313965779020066
U0053,2024,,44.4,12.8,64.8,64.8,THE 2024,30.269434287311363
U0076,2024,,38.2,14.0,61.6,61.6,THE 2024,28.402084964640338
U0104,2024,,48.2,23.5,71.3,71.3,THE 2024,38.82130714324653
U0106,2024,,46.5,17.1,57.2,57.2,THE 2024,30.66336153828641
U0116,2024,,88.6,26.3,57.9,57.9,THE 2024,45.88461148554323
U2651,2024,,36.2,30.5,62.6,62.6,THE 2024,36.877734249407354
U2654,2024,,48.6,30.2,57.3,57.3,THE 2024,38.06820201248291
U0207,2024,,21.0,12.0,70.5,70.5,THE 2024,25.966839545821863
U0220,2024,,25.0,16.4,66.4,66.4,THE 2024,27.963012517658154
U2662,2024,,37.5,21.8,78.3,78.3,THE 2024,37.52334091295101
U3207,2024,,46.2,23.9,65.8,65.8,THE 2024,36.83387917336513
U0237,2024,,38.6,19.7,61.3,61.3,THE 2024,31.392783591787325
U2670,2024,,52.3,22.2,65.4,65.4,THE 2024,37.293494864739735
U0264,2024,,31.1,32.6,48.0,48.0,THE 2024,32.196702936202165
U0271,2024,,70.0,26.0,48.8,48.8,THE 2024,38.39430160017284
U0277,2024,,81.9,11.8,77.8,77.8,THE 2024,42.86409333043635
U0283,2024,,50.6,26.6,57.4,57.4,THE 2024,36.69623814474992
U2720,2024,,31.6,9.6,79.0,79.0,THE 2024,29.92043545523063
U0329,2024,,51.0,15.4,83.4,83.4,THE 2024,39.02264084133401
U2725,2024,,46.9,23.8,71.0,71.0,THE 2024,38.57069254459443
U0331,2024,,26.4,20.9,65.8,65.8,THE 2024,30.47316035183091
U0332,2024,,46.6,16.1,82.0,82.0,THE 2024,37.88929301828677
U0341,2024,,51.7,20.0,45.6,45.6,THE 2024,29.827127952252557
U0343,2024,,36.2,38.7,42.9,42.9,THE 2024,35.03835651865244
U0371,2024,,28.5,34.6,47.2,47.2,THE 2024,32.36692106349288
U0411,2024,,44.1,32.2,50.2,50.2,THE 2024,35.816311177077694
U0427,2024,,70.5,20.8,66.8,66.8,THE 2024,41.39733034365712
U0473,2024,,50.0,16.6,88.2,88.2,THE 2024,40.90506079318675
U2758,2024,,52.3,19.9,62.6,62.6,THE 2024,35.21576998768493
U0482,2024,,95.6,14.9,69.6,69.6,THE 2024,45.24749431125919
U0495,2024,,71.2,19.1,63.3,63.3,THE 2024,39.585288917574545
U2768,2024,,59.7,22.5,40.7,40.7,THE 2024,31.545624486649885
U0520,2024,,93.9,15.1,71.0,71.0,THE 2024,45.37732863929149
U2772,2024,,75.0,12.8,71.8,71.8,THE 2024,39.85036148353537
U0556,2024,,52.5,14.2,87.5,87.5,THE 2024,40.03372554354373
U0562,2024,,23.2,25.8,60.2,60.2,THE 2024,30.522864737738903
U0563,2024,,75.5,15.2,73.8,73.8,THE 2024,41.85219506253759
U0433,2024,,79.2,25.7,32.6,32.6,THE 2024,35.415249234569494
U0434,2024,,70.6,31.4,34.5,34.5,THE 2024,36.914764400118614
U0437,2024,,67.7,37.0,31.3,31.3,THE 2024,38.15156003826934
U0577,2024,,51.5,27.6,62.4,62.4,THE 2024,38.99563372988382
U2795,2024,,48.5,12.8,82.6,82.6,THE 2024,36.806141297975586
U2335,2024,,38.6,33.1,38.1,38.1,THE 2024,31.18843005821496
U0609,2024,,49.6,35.3,44.5,44.5,THE 2024,36.99545701507677
U0632,2024,,35.9,36.0,36.7,36.7,THE 2024,31.61924661400665
U2362,2024,,34.1,22.5,54.1,54.1,THE 2024,29.52902732014708
U0644,2024,,85.8,17.2,71.3,71.3,THE 2024,44.612527968689704
U2804,2024,,30.3,24.7,65.5,65.5,THE 2024,33.31448474105903
U0687,2024,,40.6,18.3,71.7,71.7,THE 2024,34.38258229777248
U0715,2024,,75.6,13.9,66.7,66.7,THE 2024,38.98319913408561
U0725,2024,,48.2,15.0,83.4,83.4,THE 2024,38.13585092349301
U0738,2024,,28.4,19.3,79.6,79.6,THE 2024,34.4173272860337
U0755,2024,,27.5,26.8,50.4,50.4,THE 2024,29.033917515668904
U2838,2024,,34.5,30.1,68.4,68.4,THE 2024,38.06381967953804
U2839,2024,,76.8,10.5,72.3,72.3,THE 2024,39.23598233306806
U0770,2024,,41.1,27.4,72.9,72.9,THE 2024,39.64672509129693
U2848,2024,,91.6,13.4,67.2,67.2,THE 2024,42.74631536360049
U0795,2024,,51.5,26.4,44.7,44.7,THE 2024,32.85268422068498
U0844,2024,,75.3,13.9,70.6,70.6,THE 2024,40.12560101454531
U0847,2024,,26.9,19.6,72.4,72.4,THE 2024,31.968812383389018
U0871,2024,,28.6,24.1,52.0,52.0,THE 2024,28.383287309064677
U0874,2024,,18.4,24.1,59.7,59.7,THE 2024,28.315293923822818
U0881,2024,,22.3,24.1,70.6,70.6,THE 2024,32.65410063049445
U2871,2024,,42.4,22.7,80.4,80.4,THE 2024,39.8342506795844
U0915,2024,,39.5,21.4,71.7,71.7,THE 2024,35.74129847784797
U0931,2024,,38.3,16.4,54.5,54.5,THE 2024,27.47229239048604
U0936,2024,,53.0,35.7,56.3,56.3,THE 2024,41.7033621751136
U0938,2024,,33.0,26.5,62.0,62.0,THE 2024,33.82050080346127
U0963,2024,,67.1,34.9,40.0,40.0,THE 2024,39.61610870014686
U0977,2024,,43.4,29.0,55.7,55.7,THE 2024,35.68327139075406
U0981,2024,,41.9,15.0,74.8,74.8,THE 2024,33.9331439957016
U0990,2024,,23.7,24.3,51.8,51.8,THE 2024,27.240797770100315
U1001,2024,,55.1,14.1,77.5,77.5,THE 2024,37.49482856282721
U1010,2024,,65.7,19.2,78.3,78.3,THE 2024,42.980488188217876
U2881,2024,,67.1,13.4,62.7,62.7,THE 2024,35.41941597497591
U1021,2024,,76.7,18.3,58.3,58.3,THE 2024,38.93847813416646
U1024,2024,,25.3,17.1,59.3,59.3,THE 2024,26.19060221226848
U2885,2024,,56.7,28.7,44.4,44.4,THE 2024,35.2222344470299
U1042,2024,,57.5,20.9,57.4,57.4,THE 2024,35.377498744173465
U2888,2024,,24.8,19.9,74.7,74.7,THE 2024,32.33469625724009
U1059,2024,,25.3,15.0,75.6,75.6,THE 2024,30.16785490138856
U1075,2024,,38.4,27.0,49.2,49.2,THE 2024,31.400941400218574
U1100,2024,,39.4,15.8,61.5,61.5,THE 2024,29.60453410535363
U1116,2024,,64.4,21.7,43.6,43.6,THE 2024,33.16640251842411
U1133,2024,,39.0,27.2,48.1,48.1,THE 2024,31.30818685656437
U1145,2024,,45.0,37.6,49.1,49.1,THE 2024,38.52147490030208
U1162,2024,,27.9,11.2,67.6,67.6,THE 2024,26.3128075258759
U1208,2024,,73.8,22.5,57.6,57.6,THE 2024,40.220337351149055
U2924,2024,,68.0,23.2,58.6,58.6,THE 2024,39.496079923518195
U1239,2024,,92.3,12.4,65.9,65.9,THE 2024,41.98650850324217
U2932,2024,,72.9,18.9,58.0,58.0,THE 2024,38.24050131851421
U1243,2024,,47.8,21.4,61.1,61.1,THE 2024,34.44637293154655
U1251,2024,,27.1,11.3,34.2,34.2,THE 2024,15.766763628818545
U1262,2024,,48.7,25.0,46.3,46.3,THE 2024,31.94022765577017
U1265,2024,,20.3,15.6,76.5,76.5,THE 2024,29.55350429916398
U2541,2024,,57.9,19.0,67.5,67.5,THE 2024,37.624844249198155
U1272,2024,,48.3,18.5,46.3,46.3,THE 2024,28.436783872957903
U1278,2024,,36.0,22.6,75.6,75.6,THE 2024,36.738749676522346
U2953,2024,,50.1,24.6,61.5,61.5,THE 2024,36.80435969809748
U1287,2024,,66.3,31.0,50.1,50.1,THE 2024,40.525030613548175
U1288,2024,,29.7,14.7,63.9,63.9,THE 2024,27.429849445570618
U1295,2024,,24.7,12.4,65.6,65.6,THE 2024,25.544803884589
U2975,2024,,51.9,30.3,59.3,59.3,THE 2024,39.54173116970348
U1340,2024,,50.7,20.0,58.8,58.8,THE 2024,33.69743951640177
U1352,2024,,65.8,22.7,61.9,61.9,THE 2024,39.730019268523904
U3003,2024,,69.7,27.2,53.7,53.7,THE 2024,40.4771607779934
U1399,2024,,24.7,31.6,50.1,50.1,THE 2024,30.779036530212938
U1394,2024,,28.0,21.2,79.4,79.4,THE 2024,35.25409393054172
U1397,2024,,37.1,16.2,69.1,69.1,THE 2024,31.62555162963912
U1428,2024,,75.1,27.0,38.3,38.3,THE 2024,36.880756217126134
U1478,2024,,55.1,19.4,71.2,71.2,THE 2024,38.30998951817508
U1476,2024,,65.6,27.1,43.2,43.2,THE 2024,36.162186168042346
U1445,2024,,47.2,33.7,43.8,43.8,THE 2024,35.35840293122458
U1454,2024,,38.1,23.0,59.1,59.1,THE 2024,32.31606610048276
U1430,2024,,23.1,20.2,64.7,64.7,THE 2024,28.965539617581005
U1431,2024,,20.5,19.5,71.7,71.7,THE 2024,30.150569947305154
U1491,2024,,86.8,18.8,66.6,66.6,THE 2024,44.2287659059022
U3010,2024,,38.3,25.6,64.7,64.7,THE 2024,35.471665418954466
U3012,2024,,81.1,25.0,62.4,62.4,THE 2024,44.791354161136184
U3026,2024,,37.0,22.1,74.4,74.4,THE 2024,36.34470136204495
U1523,2024,,46.7,28.1,57.8,57.8,THE 2024,36.66384418127466
U1531,2024,,62.8,15.9,60.0,60.0,THE 2024,34.848663751523866
U1540,2024,,56.6,18.7,64.3,64.3,THE 2024,36.15633745046377
U1542,2024,,70.8,14.7,64.0,64.0,THE 2024,37.400542601405434
U1552,2024,,51.9,36.6,31.6,31.6,THE 2024,34.214334473059736
U1570,2024,,37.2,20.1,61.2,61.2,THE 2024,31.232701393696786
U1573,2024,,56.0,20.9,60.8,60.8,THE 2024,36.07393182248452
U1574,2024,,38.1,20.4,61.2,61.2,THE 2024,31.60758826980426
U1580,2024,,63.2,25.0,63.5,63.5,THE 2024,40.805133651618995
U1582,2024,,63.6,16.1,68.7,68.7,THE 2024,37.85723630313951
U1583,2024,,51.0,18.2,75.9,75.9,THE 2024,38.15369748429331
U1738,2024,,54.6,22.5,77.9,77.9,THE 2024,41.90103589371743
U1601,2024,,74.5,18.0,54.4,54.4,THE 2024,37.03424862790157
U1603,2024,,87.9,21.1,62.5,62.5,THE 2024,44.42297983809381
U3051,2024,,34.8,22.5,69.8,69.8,THE 2024,34.58927963022705
U1611,2024,,23.5,16.2,67.9,67.9,THE 2024,27.962723481507716
U3054,2024,,38.7,22.6,72.2,72.2,THE 2024,36.33252216048458
U1620,2024,,32.2,22.6,78.2,78.2,THE 2024,36.629734243342334
U2546,2024,,70.8,25.2,38.8,38.8,THE 2024,35.053219965773856
U2479,2024,,61.4,21.0,57.3,57.3,THE 2024,36.34192507505404
U1660,2024,,57.6,25.0,55.4,55.4,THE 2024,36.927476541695725
U1697,2024,,75.8,12.0,80.8,80.8,THE 2024,42.4282829644012
U1698,2024,,91.7,16.3,66.1,66.1,THE 2024,43.947736175288384
U1715,2024,,26.5,11.6,71.9,71.9,THE 2024,27.523441838688782
U1716,2024,,24.4,18.4,84.1,84.1,THE 2024,34.380146457460405
U2483,2024,,72.6,18.2,70.3,70.3,THE 2024,41.63284931860793
U1746,2024,,64.4,24.0,76.1,76.1,THE 2024,44.49646384407703
U3091,2024,,53.7,20.5,57.4,57.4,THE 2024,34.2488708577714
U3095,2024,,45.4,25.3,58.3,58.3,THE 2024,35.037712820930516
U1763,2024,,54.6,33.4,55.5,55.5,THE 2024,40.63563100725805
U1778,2024,,70.4,23.0,46.1,46.1,THE 2024,36.07758824824501
U1802,2024,,43.1,16.9,69.3,69.3,THE 2024,33.50576104722819
U3103,2024,,34.5,21.8,64.5,64.5,THE 2024,32.49876158670706
U3110,2024,,29.3,20.5,63.6,63.6,THE 2024,30.27948859933626
U3113,2024,,46.6,21.1,58.7,58.7,THE 2024,33.251271113468896
U3118,2024,,41.9,24.7,66.3,66.3,THE 2024,36.36902636016799
U1836,2024,,58.9,10.2,77.8,77.8,THE 2024,36.46324563005178
U1867,2024,,27.1,22.9,49.9,49.9,THE 2024,26.737393931136378
U3132,2024,,62.7,26.9,60.7,60.7,THE 2024,40.80774765191889
U1941,2024,,37.4,21.7,63.9,63.9,THE 2024,32.960764906216184
U1952,2024,,54.5,13.5,74.7,74.7,THE 2024,36.16298622958336
U1966,2024,,64.8,12.8,79.3,79.3,THE 2024,39.720062802343364
U3162,2024,,74.4,15.6,66.6,66.6,THE 2024,39.55282624878484
U1998,2024,,74.0,22.2,62.3,62.3,THE 2024,41.5756466952874
U2002,2024,,78.3,14.6,71.7,71.7,THE 2024,41.5606703582269
U2004,2024,,42.7,22.0,61.1,61.1,THE 2024,33.52746470069016
U2025,2024,,69.1,20.6,65.7,65.7,THE 2024,40.61125625701076
U2089,2024,,37.5,18.5,54.3,54.3,THE 2024,28.317145650504642
U2561,2024,,60.8,16.8,58.0,58.0,THE 2024,34.21363296810773
U3193,2024,,55.0,20.5,65.5,65.5,THE 2024,37.08662470288209
U2102,2024,,58.9,20.9,56.9,56.9,THE 2024,35.56030866028357
U2105,2024,,28.7,11.9,84.8,84.8,THE 2024,32.23140966271068
U3227,2024,,56.7,16.7,54.5,54.5,THE 2024,32.07934371641214
U2141,2024,,63.1,16.0,90.6,90.6,THE 2024,44.506336323933525
U2144,2024,,62.1,32.3,57.3,57.3,THE 2024,42.433643518874874
U3242,2024,,43.2,22.6,77.3,77.3,THE 2024,39.00957806573834
U3245,2024,,41.8,20.2,73.1,73.1,THE 2024,36.10473205957945
U2185,2024,,82.4,22.4,62.0,62.0,THE 2024,43.618449490210125
U2191,2024,,73.1,14.4,62.2,62.2,THE 2024,37.23878956114196
U1615,2024,,93.4,23.4,55.0,55.0,THE 2024,44.62209080080143
U3316,2024,,25.2,11.7,69.3,69.3,THE 2024,26.451494533674875
U3357,2024,,46.2,15.6,68.3,68.3,THE 2024,33.262590550939144
U3270,2024,,45.6,29.9,55.6,55.6,THE 2024,36.65586038682087
U3220,2024,,65.7,23.8,59.3,59.3,THE 2024,39.472386540458324
U3223,2024,,86.9,16.0,66.5,66.5,THE 2024,42.75429181369309
U3396,2024,,39.1,21.7,62.2,62.2,THE 2024,32.842294437193665
U3286,2024,,81.1,14.7,64.7,64.7,THE 2024,40.10954221340994
U3399,2024,,57.2,22.1,61.2,61.2,THE 2024,37.11767879426817
U3406,2024,,37.7,13.3,66.9,66.9,THE 2024,29.5653800127664
U3292,2024,,37.7,20.3,62.1,62.1,THE 2024,31.738816012688027
U3414,2024,,77.3,15.1,70.8,70.8,THE 2024,41.30051306522766
U3416,2024,,25.9,25.0,61.0,61.0,THE 2024,31.005761224914355
U3433,2024,,54.9,18.0,66.8,66.8,THE 2024,36.15715279301437
U3455,2024,,35.6,19.0,75.4,75.4,THE 2024,34.69291674031758
U3459,2024,,25.2,19.8,82.5,82.5,THE 2024,34.80892708525308
U3201,2024,,33.9,21.9,54.4,54.4,THE 2024,29.25965226155507
U0035,2024,,21.8,10.7,58.1,58.1,THE 2024,21.616039852683485
U0059,2024,,57.4,10.9,69.2,69.2,THE 2024,33.78823726162602
U2635,2024,,64.4,15.1,55.0,55.0,THE 2024,33.258684890727636
U0066,2024,,51.4,17.7,58.2,58.2,THE 2024,32.47435947279143
U2636,2024,,66.4,19.5,52.3,52.3,THE 2024,35.20731899709289
U0107,2024,,70.3,24.0,51.1,51.1,THE 2024,38.135145864817844
U0119,2024,,31.1,14.0,62.3,62.3,THE 2024,26.903103923682323
U0125,2024,,36.9,20.5,60.8,60.8,THE 2024,31.24518301709817
U3203,2024,,60.8,19.6,48.4,48.4,THE 2024,32.690484003590406
U0156,2024,,21.2,10.2,66.4,66.4,THE 2024,23.794552346140787
U0158,2024,,38.1,16.8,66.3,66.3,THE 2024,31.309580863703033
U0163,2024,,67.0,19.5,35.2,35.2,THE 2024,30.025318974491213
U0175,2024,,50.4,12.1,75.6,75.6,THE 2024,34.71807176971362
U0179,2024,,44.5,23.6,53.3,53.3,THE 2024,32.37144092552408
U0212,2024,,61.2,24.4,59.4,59.4,THE 2024,38.72973373871364
U0213,2024,,48.7,9.7,77.3,77.3,THE 2024,33.57868060351601
U3206,2024,,58.1,15.1,56.4,56.4,THE 2024,32.171242760444024
U2671,2024,,42.3,27.0,49.4,49.4,THE 2024,32.406414773556875
U2674,2024,,37.5,21.2,59.6,59.6,THE 2024,31.383330332806413
U0276,2024,,25.1,17.0,67.4,67.4,THE 2024,28.61318820307007
U0295,2024,,42.2,12.3,71.1,71.1,THE 2024,31.4379530715694
U2493,2024,,60.5,19.6,52.0,52.0,THE 2024,33.739427940124884
U2695,2024,,84.4,16.5,53.9,53.9,THE 2024,38.48651775476813
U0307,2024,,27.8,11.6,75.9,75.9,THE 2024,29.08393711682128
U0320,2024,,45.4,18.5,59.9,59.9,THE 2024,31.97221388874141
U2719,2024,,53.0,17.6,58.6,58.6,THE 2024,32.93349991292194
U0336,2024,,60.0,20.8,42.9,42.9,THE 2024,31.412548807722327
U2728,2024,,42.0,17.2,53.7,53.7,THE 2024,28.537158902101396
U0344,2024,,55.7,18.7,64.4,64.4,THE 2024,35.96983592673389
U0374,2024,,27.9,13.5,76.5,76.5,THE 2024,30.290843929410457
U0376,2024,,46.8,14.7,48.1,48.1,THE 2024,26.64316032790251
U0380,2024,,66.3,17.9,55.1,55.1,THE 2024,35.21683492005888
U0893,2024,,17.4,20.7,51.0,51.0,THE 2024,23.5812049315348
U0383,2024,,28.2,14.5,74.1,74.1,THE 2024,30.13984078325195
U0386,2024,,39.5,19.1,46.3,46.3,THE 2024,26.62307515842557
U0388,2024,,33.9,20.9,42.0,42.0,THE 2024,24.872614897970358
U2740,2024,,52.9,19.8,50.5,50.5,THE 2024,31.53899146236964
U0397,2024,,23.8,23.0,54.3,54.3,THE 2024,27.362456047255797
U0406,2024,,32.8,28.3,43.6,43.6,THE 2024,28.98344220874982
U0415,2024,,26.0,29.7,34.9,34.9,THE 2024,25.362416269247884
U0426,2024,,63.3,18.0,41.2,41.2,THE 2024,30.213513847307368
U2743,2024,,68.3,18.1,54.2,54.2,THE 2024,35.52495882834032
U2902,2024,,54.9,10.7,74.2,74.2,THE 2024,34.63645293604225
U0481,2024,,54.3,24.4,56.6,56.6,THE 2024,36.18877761234012
U0493,2024,,92.7,25.3,44.4,44.4,THE 2024,42.14643066533303
U0498,2024,,76.4,15.4,50.8,50.8,THE 2024,35.00956200290965
U0506,2024,,46.1,9.4,73.0,73.0,THE 2024,31.45310531792638
U2770,2024,,23.3,24.2,39.0,39.0,THE 2024,23.104112740398417
U0515,2024,,19.7,20.1,76.7,76.7,THE 2024,31.82919738001523
U2774,2024,,42.3,23.2,54.3,54.3,THE 2024,31.941280268570495
U2775,2024,,48.5,10.0,68.8,68.8,THE 2024,31.039570636324694
U0601,2024,,51.3,19.2,57.3,57.3,THE 2024,32.9559653661722
U0625,2024,,33.4,23.3,43.3,43.3,THE 2024,26.414541972585962
U2346,2024,,35.3,21.6,41.6,41.6,THE 2024,25.45345377232807
U2351,2024,,35.2,22.5,48.2,48.2,THE 2024,27.957042855034658
U0647,2024,,38.6,26.8,48.2,48.2,THE 2024,31.032960711245
U0658,2024,,51.8,21.9,57.3,57.3,THE 2024,34.49197869007537
U0660,2024,,80.4,16.4,45.2,45.2,THE 2024,34.7564746052246
U3208,2024,,51.7,18.7,56.4,56.4,THE 2024,32.5102722144834
U0686,2024,,36.7,16.5,71.5,71.5,THE 2024,32.43371269801908
U2822,2024,,56.8,22.4,56.3,56.3,THE 2024,35.65169656046744
U2824,2024,,65.7,14.0,57.6,57.6,THE 2024,33.80652318106649
U0724,2024,,35.7,11.3,78.0,78.0,THE 2024,31.49142997152781
U0741,2024,,35.9,12.7,77.1,77.1,THE 2024,31.993176354009393
U0740,2024,,28.5,10.2,72.5,72.5,THE 2024,27.460281043116304
U0743,2024,,21.9,10.4,63.7,63.7,THE 2024,23.22753923174144
U0768,2024,,24.4,30.6,43.6,43.6,THE 2024,28.157454006589504
U0779,2024,,49.0,10.7,70.9,70.9,THE 2024,32.1815715383544
U0811,2024,,39.3,18.8,41.6,41.6,THE 2024,24.953300405482185
U2861,2024,,41.0,14.4,59.3,59.3,THE 2024,28.572363979054543
U0838,2024,,23.4,12.0,65.7,65.7,THE 2024,25.051923567564675
U0865,2024,,38.9,25.1,35.7,35.7,THE 2024,26.320445779980997
U0870,2024,,29.6,27.2,39.0,39.0,THE 2024,26.20001898635828
U2869,2024,,60.3,23.1,29.2,29.2,THE 2024,28.4226381594576
U0885,2024,,44.6,16.0,66.2,66.2,THE 2024,32.43108779963483
U0888,2024,,38.8,27.2,41.7,41.7,THE 2024,29.26604979244717
U2478,2024,,65.9,17.6,57.0,57.0,THE 2024,35.55476733975842
U0916,2024,,60.0,11.2,72.7,72.7,THE 2024,35.664591363415035
U0937,2024,,25.4,13.6,47.0,47.0,THE 2024,20.548628756827323
U0940,2024,,55.6,11.1,62.9,62.9,THE 2024,31.495133898721214
U2876,2024,,45.4,18.8,64.2,64.2,THE 2024,33.469010456072276
U0978,2024,,49.7,8.9,71.9,71.9,THE 2024,31.71898836968283
U0988,2024,,45.7,20.5,56.5,56.5,THE 2024,32.033793277507186
U0989,2024,,19.6,14.1,60.7,60.7,THE 2024,23.67593581909635
U0991,2024,,23.8,16.5,70.6,70.6,THE 2024,29.033629071805645
U0992,2024,,77.4,9.9,67.3,67.3,THE 2024,37.50898730664578
U0996,2024,,34.1,27.3,45.0,45.0,THE 2024,29.20985962485524
U0999,2024,,24.0,22.4,60.2,60.2,THE 2024,28.934364462692574
U1018,2024,,61.1,13.6,67.3,67.3,THE 2024,35.50623177339812
U1022,2024,,51.8,10.6,51.9,51.9,THE 2024,26.887303833593073
U1029,2024,,51.9,9.1,76.2,76.2,THE 2024,33.69541756638053
U1033,2024,,30.3,8.9,74.8,74.8,THE 2024,27.93075857087544
U1043,2024,,28.7,26.1,44.0,44.0,THE 2024,26.963477297264653
U1068,2024,,69.2,21.7,32.3,32.3,THE 2024,30.806975546333412
U1111,2024,,75.5,12.2,68.0,68.0,THE 2024,38.473014435957914
U1115,2024,,43.3,22.1,59.5,59.5,THE 2024,33.22653601569305
U1119,2024,,91.3,15.3,53.2,53.2,THE 2024,39.30820038440386
U1130,2024,,35.7,21.0,60.2,60.2,THE 2024,31.03011607431195
U1150,2024,,37.3,12.3,71.3,71.3,THE 2024,30.315252321570345
U1160,2024,,36.5,19.6,40.9,40.9,THE 2024,24.477372769425703
U2900,2024,,35.9,14.7,70.8,70.8,THE 2024,31.078777560929588
U1175,2024,,20.1,16.0,47.8,47.8,THE 2024,20.773970342474435
U2906,2024,,52.6,10.2,68.8,68.8,THE 2024,32.13592811036007
U1191,2024,,53.0,16.7,60.2,60.2,THE 2024,32.960244167315636
U1193,2024,,59.2,24.0,51.4,51.4,THE 2024,35.544202357715264
U1203,2024,,78.8,22.3,23.6,23.6,THE 2024,30.732805079492884
U1205,2024,,67.3,16.2,65.0,65.0,THE 2024,37.651799713205065
U1219,2024,,52.9,12.6,55.5,55.5,THE 2024,29.323038955463154
U2929,2024,,42.4,20.1,54.6,54.6,THE 2024,30.434184063859174
U2930,2024,,45.4,20.1,58.2,58.2,THE 2024,32.28119329664517
U1244,2024,,43.4,12.8,73.7,73.7,THE 2024,32.80018198853223
U1264,2024,,68.1,25.3,39.6,39.6,THE 2024,34.70188953592711
U2941,2024,,49.2,14.0,74.1,74.1,THE 2024,34.95638361569677
U2943,2024,,53.8,16.2,60.6,60.6,THE 2024,33.01627062672727
U2944,2024,,51.3,10.4,80.4,80.4,THE 2024,35.54006771927473
U1276,2024,,74.1,12.4,68.1,68.1,THE 2024,38.27041573088251
U1285,2024,,33.1,18.2,54.0,54.0,THE 2024,27.002367940508208
U1302,2024,,32.3,11.0,67.6,67.6,THE 2024,27.27207278460957
U2964,2024,,38.8,11.0,62.6,62.6,THE 2024,27.2863871815026
U2967,2024,,35.0,19.0,55.0,55.0,THE 2024,28.192673772265053
U2988,2024,,32.9,17.3,71.5,71.5,THE 2024,31.93401562922708
U1351,2024,,38.0,20.4,56.3,56.3,THE 2024,30.056924722169335
U2999,2024,,38.9,19.9,52.6,52.6,THE 2024,28.859876411458885
U1400,2024,,42.4,18.3,68.6,68.6,THE 2024,33.852158553954986
U1395,2024,,25.8,16.5,58.1,58.1,THE 2024,25.623224012043043
U1396,2024,,29.8,15.1,66.5,66.5,THE 2024,28.473645695648774
U1413,2024,,58.4,30.4,34.4,34.4,THE 2024,33.40907952102351
U1448,2024,,41.6,25.0,35.8,35.8,THE 2024,26.952150041603435
U1433,2024,,21.2,17.1,60.2,60.2,THE 2024,25.479440372943817
U1500,2024,,61.1,15.5,45.8,45.8,THE 2024,29.80421958663898
U1499,2024,,45.6,22.1,49.8,49.8,THE 2024,30.760956489800947
U1520,2024,,22.4,23.1,51.4,51.4,THE 2024,26.172867001460553
U1525,2024,,31.1,15.6,60.9,60.9,THE 2024,27.305541275511317
U3030,2024,,52.0,21.8,51.7,51.7,THE 2024,32.74338709571572
U1533,2024,,43.3,10.0,76.1,76.1,THE 2024,32.05615650198784
U1548,2024,,34.4,12.2,50.1,50.1,THE 2024,22.95714994055924
U1572,2024,,37.2,21.5,36.4,36.4,THE 2024,24.240597316422537
U3048,2024,,37.8,18.5,49.2,49.2,THE 2024,26.800911994343988
U1604,2024,,57.7,23.9,53.5,53.5,THE 2024,35.7832401108828
U1605,2024,,47.8,17.5,58.5,58.5,THE 2024,31.592378926961814
U1607,2024,,61.8,23.9,49.8,49.8,THE 2024,35.622127806905276
U1614,2024,,67.7,31.8,36.6,36.6,THE 2024,37.07728350463819
U3057,2024,,35.1,17.8,56.2,56.2,THE 2024,27.961758527212034
U3308,2024,,50.7,16.7,63.7,63.7,THE 2024,33.494359518752916
U2513,2024,,58.9,25.7,36.0,36.0,THE 2024,31.56512850393254
U1671,2024,,43.2,30.5,37.1,37.1,THE 2024,30.62667479568994
U1685,2024,,35.0,23.2,55.7,55.7,THE 2024,30.612000169725817
U3214,2024,,46.7,14.7,62.4,62.4,THE 2024,31.07380519148254
U1713,2024,,80.2,20.4,42.8,42.8,THE 2024,36.056879518810725
U1717,2024,,22.4,7.3,60.0,60.0,THE 2024,20.571072295451422
U3089,2024,,71.0,19.5,62.9,62.9,THE 2024,39.62195433783204
U1740,2024,,63.6,16.6,64.3,64.3,THE 2024,36.748574299573605
U3090,2024,,63.8,17.9,44.7,44.7,THE 2024,31.372364609248123
U1759,2024,,87.1,13.2,53.4,53.4,THE 2024,37.25415728157994
U1760,2024,,46.3,20.2,58.4,58.4,THE 2024,32.613563665767785
U3094,2024,,85.0,21.5,52.0,52.0,THE 2024,40.660265297753554
U3102,2024,,53.6,21.8,50.4,50.4,THE 2024,32.72534342173741
U3105,2024,,82.2,15.0,61.1,61.1,THE 2024,39.41130135612682
U1822,2024,,37.0,11.9,71.1,71.1,THE 2024,29.970752029181845
U1838,2024,,25.2,11.8,54.5,54.5,THE 2024,21.89331353483086
U1846,2024,,62.1,17.1,47.7,47.7,THE 2024,31.476532290206606
U3124,2024,,34.9,26.1,41.0,41.0,THE 2024,27.528293263090916
U3125,2024,,44.6,24.5,53.6,53.6,THE 2024,32.960780779512966
U1874,2024,,20.6,10.5,62.1,62.1,THE 2024,22.467118406478313
U1883,2024,,42.9,16.4,63.0,63.0,THE 2024,31.232722123748548
U1885,2024,,64.0,14.4,66.7,66.7,THE 2024,36.43993320611479
U1891,2024,,29.1,24.6,55.0,55.0,THE 2024,29.70084023993507
U1892,2024,,24.1,12.7,55.7,55.7,THE 2024,22.47282165832217
U1898,2024,,22.8,17.2,68.0,68.0,THE 2024,28.348698566165098
U1906,2024,,19.9,16.7,47.7,47.7,THE 2024,21.061326411059678
U1927,2024,,45.0,30.6,39.8,39.8,THE 2024,31.955515535894467
U0897,2024,,47.1,13.3,70.5,70.5,THE 2024,32.960152244343206
U3177,2024,,75.6,10.4,69.0,69.0,THE 2024,37.86532848614971
U2069,2024,,53.8,15.8,49.8,49.8,THE 2024,29.44214103954884
U3185,2024,,25.0,9.2,65.7,65.7,THE 2024,23.97135907617223
U3196,2024,,46.8,28.7,44.8,44.8,THE 2024,32.952649150175674
U2129,2024,,38.1,29.1,29.6,29.6,THE 2024,26.323099937352602
U2126,2024,,21.4,17.0,54.0,54.0,THE 2024,23.543932890733696
U2137,2024,,69.4,23.5,31.7,31.7,THE 2024,31.611823478610248
U3229,2024,,61.2,15.9,42.2,42.2,THE 2024,28.9165516622623
U3235,2024,,40.5,31.2,44.6,44.6,THE 2024,32.677037188978446
U3239,2024,,50.5,19.9,31.1,31.1,THE 2024,24.967377532125482
U3315,2024,,38.0,19.5,56.9,56.9,THE 2024,29.772142496812254
U3257,2024,,55.5,17.0,53.7,53.7,THE 2024,31.69714967474075
U3259,2024,,59.1,13.1,70.8,70.8,THE 2024,35.85084400806619
U3263,2024,,47.4,17.9,57.8,57.8,THE 2024,31.487218809581876
U3348,2024,,46.7,17.5,51.4,51.4,THE 2024,29.114519155314117
U3377,2024,,54.8,26.2,43.1,43.1,THE 2024,33.04748534640024
U3384,2024,,34.8,15.0,78.1,78.1,THE 2024,33.244131802095616
U3383,2024,,42.8,13.6,68.7,68.7,THE 2024,31.51673402038174
U3279,2024,,87.1,18.1,55.3,55.3,THE 2024,40.41419176501418
U3435,2024,,40.9,28.0,41.2,41.2,THE 2024,30.037433498290053
U3437,2024,,29.0,11.3,59.4,59.4,THE 2024,24.07672305880419
U3447,2024,,49.0,9.2,71.4,71.4,THE 2024,31.55117125621721
U3298,2024,,42.8,18.5,46.4,46.4,THE 2024,27.137827693847125
U3452,2024,,72.4,15.8,46.0,46.0,THE 2024,32.756526631731674
U3454,2024,,44.1,12.6,61.1,61.1,THE 2024,28.939413118730155
U2624,2024,,36.5,17.5,45.6,45.6,THE 2024,24.840918293436754
U0022,2024,,37.8,28.4,43.5,43.5,THE 2024,30.21389030504757
U0031,2024,,29.9,20.9,38.6,38.6,THE 2024,22.846072992573458
U0036,2024,,21.5,13.5,43.1,43.1,THE 2024,18.338096506943636
U0038,2024,,51.8,15.3,45.8,45.8,THE 2024,27.45030467608607
U0046,2024,,25.2,27.3,42.6,42.6,THE 2024,26.309838153259907
U0061,2024,,39.3,13.6,59.2,59.2,THE 2024,27.710799572785618
U2640,2024,,44.6,19.8,43.8,43.8,THE 2024,27.444508908982588
U2642,2024,,42.2,18.9,48.9,48.9,THE 2024,27.981184717957458
U0141,2024,,61.2,9.8,65.4,65.4,THE 2024,32.946901002962555
U2649,2024,,87.4,13.1,38.3,38.3,THE 2024,32.570247926444
U0178,2024,,33.5,10.8,52.4,52.4,THE 2024,22.722254051736005
U2210,2024,,55.4,12.2,54.5,54.5,THE 2024,29.406463791245017
U0199,2024,,27.9,15.3,67.9,67.9,THE 2024,28.55511242996885
U0204,2024,,39.0,16.8,46.0,46.0,THE 2024,25.203247496467185
U0211,2024,,48.1,12.6,58.5,58.5,THE 2024,29.09679614562238
U0225,2024,,49.5,9.9,45.2,45.2,THE 2024,23.876972781299877
U0226,2024,,29.8,15.8,50.7,50.7,THE 2024,23.918403625859003
U0230,2024,,37.4,13.0,69.6,69.6,THE 2024,30.17671741312266
U2669,2024,,83.9,14.3,52.4,52.4,THE 2024,36.745269218576325
U0258,2024,,49.1,9.2,66.5,66.5,THE 2024,30.0488753022945
U0259,2024,,51.4,9.8,61.1,61.1,THE 2024,29.237325048135773
U0293,2024,,28.9,13.9,52.7,52.7,THE 2024,23.327995285773003
U0301,2024,,58.3,19.3,39.0,39.0,THE 2024,29.0003074681279
U2698,2024,,29.1,21.1,43.2,43.2,THE 2024,24.1904462275132
U2700,2024,,42.3,16.7,43.7,43.7,THE 2024,25.232390987824402
U2702,2024,,19.3,15.2,33.7,33.7,THE 2024,15.768689391399558
U0330,2024,,59.6,13.8,44.6,44.6,THE 2024,28.17664553314886
U2733,2024,,82.3,13.8,51.9,51.9,THE 2024,35.940510721665696
U0357,2024,,33.4,15.3,46.8,46.8,THE 2024,23.31201253431327
U2736,2024,,51.0,14.7,29.0,29.0,THE 2024,21.708724032619106
U0391,2024,,22.2,18.3,52.8,52.8,THE 2024,24.044913208959183
U0417,2024,,41.2,24.4,39.0,39.0,THE 2024,27.53783418057647
U2747,2024,,39.3,10.6,60.2,60.2,THE 2024,26.449999008511238
U0469,2024,,52.6,16.6,41.8,41.8,THE 2024,27.079010851009375
U0496,2024,,60.2,18.8,32.2,32.2,THE 2024,27.0793650387511
U0519,2024,,30.4,16.5,54.3,54.3,THE 2024,25.55187804437098
U2773,2024,,52.2,10.8,53.0,53.0,THE 2024,27.431539951678367
U0528,2024,,53.0,11.8,53.8,53.8,THE 2024,28.398340525002894
U2524,2024,,37.4,9.3,46.0,46.0,THE 2024,20.885489136706592
U0538,2024,,31.7,9.0,54.9,54.9,THE 2024,22.12236568128794
U0543,2024,,17.8,13.2,54.6,54.6,THE 2024,20.868617835999135
U0554,2024,,46.5,11.8,62.0,62.0,THE 2024,29.38091086331237
U2786,2024,,84.9,15.1,41.0,41.0,THE 2024,33.854992529718544
U0568,2024,,54.7,13.8,55.6,55.6,THE 2024,30.418430764458215
U2794,2024,,49.8,11.5,60.9,60.9,THE 2024,29.679064327435505
U2796,2024,,50.6,9.9,53.5,53.5,THE 2024,26.72866432864851
U0605,2024,,61.7,10.9,54.3,54.3,THE 2024,30.186395978151992
U2800,2024,,35.7,12.4,51.9,51.9,THE 2024,23.93710876617504
U0613,2024,,46.4,11.9,65.5,65.5,THE 2024,30.49948064705149
U0635,2024,,29.5,19.8,33.5,33.5,THE 2024,20.584032842277495
U0636,2024,,40.4,11.1,50.6,50.6,THE 2024,23.987421075658457
U0652,2024,,34.5,18.0,50.3,50.3,THE 2024,26.083471318480807
U0654,2024,,31.5,10.3,64.5,64.5,THE 2024,25.74599401226077
U0657,2024,,50.3,16.7,39.8,39.8,THE 2024,25.952141465284875
U2808,2024,,70.6,15.7,40.6,40.6,THE 2024,30.586564396200046
U0674,2024,,31.1,29.2,26.3,26.3,THE 2024,23.654607675715084
U0675,2024,,32.7,15.5,62.0,62.0,THE 2024,27.982750251467376
U0677,2024,,22.3,13.0,55.4,55.4,THE 2024,22.101288075389537
U0690,2024,,22.2,26.6,23.3,23.3,THE 2024,19.20498687811414
U0695,2024,,35.0,17.0,48.3,48.3,THE 2024,25.057228328584728
U2820,2024,,52.3,21.3,42.1,42.1,THE 2024,29.56322977333904
U0713,2024,,29.5,23.2,29.5,29.5,THE 2024,21.11989757316956
U0717,2024,,20.9,10.6,63.9,63.9,THE 2024,23.15282836206554
U2836,2024,,45.8,11.3,69.5,69.5,THE 2024,31.28601837611293
U0750,2024,,22.3,9.8,63.7,63.7,THE 2024,23.009809010360833
U0757,2024,,38.0,11.5,61.6,61.6,THE 2024,27.043444834240496
U0763,2024,,24.0,18.3,36.9,36.9,THE 2024,19.526950524331713
U0815,2024,,70.9,14.3,48.1,48.1,THE 2024,32.261811764354135
U0832,2024,,41.1,10.5,55.8,55.8,THE 2024,25.46217993955022
U0843,2024,,57.1,21.4,32.8,32.8,THE 2024,27.879266662217404
U0854,2024,,73.4,25.2,19.7,19.7,THE 2024,29.73184292079275
U0864,2024,,24.0,19.4,33.4,33.4,THE 2024,19.013127761346546
U0883,2024,,23.7,18.4,44.7,44.7,THE 2024,21.93671657728698
U0880,2024,,26.8,13.4,49.2,49.2,THE 2024,21.467738365329513
U2873,2024,,43.2,12.4,55.9,55.9,THE 2024,26.996999449386138
U2875,2024,,35.5,16.8,40.9,40.9,THE 2024,22.76802955977449
U0941,2024,,48.2,11.4,66.7,66.7,THE 2024,31.046566258824818
U0960,2024,,38.2,22.0,34.4,34.4,THE 2024,24.121436832819573
U0961,2024,,26.9,24.1,41.7,41.7,THE 2024,24.763440021077844
U0965,2024,,50.2,10.9,54.3,54.3,THE 2024,27.405259339699757
U0976,2024,,19.2,15.8,46.0,46.0,THE 2024,19.890746704283064
U2877,2024,,73.2,9.2,51.5,51.5,THE 2024,31.204273148354467
U1005,2024,,39.2,8.9,60.2,60.2,THE 2024,25.534829886707545
U1038,2024,,33.6,18.8,35.4,35.4,THE 2024,21.64335981022929
U1040,2024,,21.0,10.6,51.6,51.6,THE 2024,19.34523645798707
U1052,2024,,57.4,14.4,53.8,53.8,THE 2024,30.82511102482671
U1053,2024,,27.8,9.7,52.5,52.5,THE 2024,20.798410362770458
U1082,2024,,25.6,11.8,51.2,51.2,THE 2024,20.962011339077716
U1089,2024,,32.9,9.4,28.0,28.0,THE 2024,14.242152544135287
U1102,2024,,30.9,11.8,51.9,51.9,THE 2024,22.4618211082769
U1139,2024,,59.5,14.2,49.0,49.0,THE 2024,29.732821853066202
U2898,2024,,31.8,10.7,60.0,60.0,THE 2024,24.626319849820607
U1164,2024,,26.3,13.6,48.4,48.4,THE 2024,21.202420000183373
U1167,2024,,66.4,9.9,55.5,55.5,THE 2024,31.17275719141488
U1168,2024,,47.2,20.7,50.8,50.8,THE 2024,30.725671098704353
U2905,2024,,41.5,14.4,65.5,65.5,THE 2024,30.624747137789907
U2907,2024,,50.7,15.8,54.7,54.7,THE 2024,30.21892308778836
U2913,2024,,42.1,16.1,45.6,45.6,THE 2024,25.461458296833637
U2914,2024,,47.6,27.1,40.3,40.3,THE 2024,30.905675942665933
U2919,2024,,77.4,13.7,31.6,31.6,THE 2024,28.37910623530817
U2918,2024,,36.5,13.6,46.7,46.7,THE 2024,23.139572263929903
U1241,2024,,25.7,11.1,51.2,51.2,THE 2024,20.61931882566128
U1257,2024,,54.0,14.6,47.5,47.5,THE 2024,28.145066912224202
U1258,2024,,34.3,8.9,53.8,53.8,THE 2024,22.35605437035334
U2940,2024,,42.2,16.0,43.2,43.2,THE 2024,24.68556764082037
U2544,2024,,61.0,19.3,22.9,22.9,THE 2024,24.637693659255234
U2949,2024,,34.0,16.6,55.7,55.7,THE 2024,26.91104270430941
U2961,2024,,32.1,18.9,39.1,39.1,THE 2024,22.485661733933078
U1298,2024,,29.9,11.8,40.0,40.0,THE 2024,18.51281803068157
U1299,2024,,43.8,10.6,47.9,47.9,THE 2024,23.706494166101447
U1307,2024,,31.0,13.5,43.6,43.6,THE 2024,20.79132044814913
U1309,2024,,50.0,8.1,55.6,55.6,THE 2024,26.29437092857341
U1330,2024,,41.2,17.8,43.8,43.8,THE 2024,25.574041786524866
U1332,2024,,29.5,25.1,43.4,43.4,THE 2024,26.445922769587987
U1335,2024,,49.6,9.5,66.0,66.0,THE 2024,30.17126375110216
U1338,2024,,48.6,9.4,60.0,60.0,THE 2024,28.007856002568914
U1367,2024,,50.5,13.1,55.3,55.3,THE 2024,28.942377042303974
U1380,2024,,23.6,17.5,32.6,32.6,THE 2024,17.6713642622389
U1385,2024,,76.1,9.8,63.4,63.4,THE 2024,35.92723377502085
U1415,2024,,44.4,24.9,29.7,29.7,THE 2024,25.67657392562716
U1417,2024,,48.8,27.8,24.8,24.8,THE 2024,26.734097379074683
U1423,2024,,32.5,25.2,33.8,33.8,THE 2024,24.233193371131204
U1434,2024,,24.1,13.6,50.8,50.8,THE 2024,21.418040020750897
U1492,2024,,38.7,14.1,39.0,39.0,THE 2024,21.53491640802077
U1504,2024,,33.6,21.1,38.0,38.0,THE 2024,23.658779391333933
U1509,2024,,29.0,15.0,41.8,41.8,THE 2024,20.533060369488176
U1511,2024,,31.6,13.3,59.7,59.7,THE 2024,25.8471777503383
U1513,2024,,20.5,10.7,57.1,57.1,THE 2024,20.990124013803328
U1540,2024,,25.0,15.3,51.5,51.5,THE 2024,22.744748053228992
U1557,2024,,39.4,15.9,44.5,44.5,THE 2024,24.360994851057896
U0310,2024,,42.6,16.4,55.7,55.7,THE 2024,28.886027430999548
U3037,2024,,22.5,11.7,54.8,54.8,THE 2024,21.28139806217371
U3060,2024,,54.3,16.5,29.9,29.9,THE 2024,23.73055938706141
U3063,2024,,39.8,9.2,58.6,58.6,THE 2024,25.338723004645455
U2418,2024,,49.8,12.9,53.3,53.3,THE 2024,28.045215701874653
U3066,2024,,47.3,12.2,61.0,61.0,THE 2024,29.47249836428046
U1645,2024,,59.0,12.9,44.7,44.7,THE 2024,27.590997286779753
U1647,2024,,47.8,11.3,53.9,53.9,THE 2024,26.90988122912291
U1662,2024,,19.4,18.4,38.3,38.3,THE 2024,18.903043842069412
U1672,2024,,35.1,16.9,42.3,42.3,THE 2024,23.159842345468657
U1688,2024,,34.1,13.4,41.2,41.2,THE 2024,20.740943697819056
U1707,2024,,46.5,14.3,49.5,49.5,THE 2024,26.797102403115264
U3087,2024,,39.6,9.3,59.3,59.3,THE 2024,25.560834848226293
U1736,2024,,26.5,14.0,43.2,43.2,THE 2024,19.84049350506156
U1752,2024,,57.0,23.9,32.0,32.0,THE 2024,28.91613421824831
U1754,2024,,48.7,9.6,67.1,67.1,THE 2024,30.34869960859056
U1766,2024,,39.0,12.4,45.9,45.9,THE 2024,22.866015183921874
U1798,2024,,22.6,14.6,57.4,57.4,THE 2024,23.635466848939494
U2431,2024,,67.0,11.1,48.9,48.9,THE 2024,29.89071602380644
U3116,2024,,48.1,11.9,50.5,50.5,THE 2024,26.237707997343616
U1852,2024,,22.4,12.8,50.7,50.7,THE 2024,20.55647561448197
U3126,2024,,44.7,13.9,40.5,40.5,THE 2024,23.348412136078316
U1869,2024,,27.2,19.3,34.5,34.5,THE 2024,20.077277487000302
U1873,2024,,22.1,13.5,55.8,55.8,THE 2024,22.43958558091516
U1875,2024,,32.4,17.2,52.4,52.4,THE 2024,25.810529980239167
U1879,2024,,36.0,12.8,51.8,51.8,THE 2024,24.188151114638302
U1890,2024,,32.6,18.0,34.6,34.6,THE 2024,20.733013446127558
U1899,2024,,59.5,24.2,26.9,26.9,THE 2024,28.089176797324512
U1904,2024,,25.3,11.3,50.6,50.6,THE 2024,20.4404895533214
U3136,2024,,34.9,19.9,33.6,33.6,THE 2024,21.973521421949826
U3142,2024,,41.4,19.3,50.5,50.5,THE 2024,28.495800316579874
U3147,2024,,53.0,18.2,51.0,51.0,THE 2024,30.880364075621053
U3151,2024,,29.6,15.9,33.6,33.6,THE 2024,18.595344129875976
U3216,2024,,62.9,17.6,53.5,53.5,THE 2024,33.738910754947504
U3158,2024,,77.2,11.8,42.0,42.0,THE 2024,30.57480690312146
U1968,2024,,64.8,11.5,48.0,48.0,THE 2024,29.28794226706642
U1992,2024,,48.9,8.3,70.9,70.9,THE 2024,30.899526106278167
U1991,2024,,50.6,8.8,57.6,57.6,THE 2024,27.42940297948415
U2012,2024,,52.7,16.4,53.0,53.0,THE 2024,30.487469418139195
U2014,2024,,40.8,12.1,62.7,62.7,THE 2024,28.37773568274236
U3175,2024,,57.8,15.8,40.5,40.5,THE 2024,27.512296652110855
U2019,2024,,76.0,10.2,54.2,54.2,THE 2024,33.246649970327596
U2024,2024,,59.3,23.0,42.6,42.6,THE 2024,32.30284411808946
U2031,2024,,47.8,9.1,62.6,62.6,THE 2024,28.46712177066957
U2059,2024,,40.7,12.7,42.9,42.9,THE 2024,22.499792995625867
U2080,2024,,64.9,13.1,45.6,45.6,THE 2024,29.403036936000742
U3188,2024,,74.8,11.9,29.1,29.1,THE 2024,26.028115091257362
U2087,2024,,81.0,13.1,52.7,52.7,THE 2024,35.50846623606441
U2101,2024,,43.9,16.0,47.8,47.8,THE 2024,26.52971399422776
U2114,2024,,40.5,14.3,48.2,48.2,THE 2024,24.94109016807287
U2127,2024,,36.5,16.2,39.2,39.2,THE 2024,22.165807103954197
U2147,2024,,43.5,24.0,24.7,24.7,THE 2024,23.429589241960763
U2148,2024,,33.2,16.2,38.4,38.4,THE 2024,21.118520623902064
U2564,2024,,45.3,17.1,48.1,48.1,THE 2024,27.53826501028104
U2545,2024,,49.7,18.7,47.6,47.6,THE 2024,29.28516325555442
U3310,2024,,59.8,25.9,34.7,34.7,THE 2024,31.482620054896493
U3247,2024,,52.5,17.8,52.2,52.2,THE 2024,30.923633261171435
U3317,2024,,27.7,16.8,59.9,59.9,THE 2024,26.800696520262985
U3319,2024,,40.0,9.1,54.5,54.5,THE 2024,24.057421129911965
U3371,2024,,19.6,12.7,49.5,49.5,THE 2024,19.453086625342554
U3387,2024,,43.1,17.1,39.2,39.2,THE 2024,24.233635809664772
U3221,2024,,47.3,11.8,51.9,51.9,THE 2024,26.42796379267835
U3278,2024,,91.7,9.7,47.8,47.8,THE 2024,34.78768209899379
U3280,2024,,59.8,16.3,50.5,50.5,THE 2024,31.3732918940783
U3288,2024,,44.1,25.9,35.9,35.9,THE 2024,28.05959572418872
U3429,2024,,36.1,17.3,44.7,44.7,THE 2024,24.358987471301617
U3295,2024,,31.2,15.9,44.7,44.7,THE 2024,22.44022880480733
U3451,2024,,37.7,17.3,53.9,53.9,THE 2024,27.61197183470648
U3457,2024,,30.5,13.3,67.0,67.0,THE 2024,27.855299287101815
U2864,2024,,31.8,18.0,48.2,48.2,THE 2024,24.776303195889305
U0019,2024,,29.2,9.6,21.2,21.2,THE 2024,11.333793801089065
U0026,2024,,64.1,17.4,39.2,39.2,THE 2024,29.46946585384963
U2627,2024,,48.1,10.2,36.5,36.5,THE 2024,20.985351955885122
U2454,2024,,57.3,12.5,31.9,31.9,THE 2024,22.982690193545952
U0070,2024,,72.5,11.1,27.1,27.1,THE 2024,24.429547592325317
U0081,2024,,32.4,14.2,28.5,28.5,THE 2024,16.792720070170397
U0090,2024,,25.4,8.7,34.1,34.1,THE 2024,13.961802996134521
U2643,2024,,26.3,7.8,55.0,55.0,THE 2024,20.21866248142321
U0126,2024,,32.7,11.8,41.2,41.2,THE 2024,19.563796118353483
U3202,2024,,50.0,15.7,30.1,30.1,THE 2024,22.33367420645895
U2647,2024,,53.2,9.4,51.7,51.7,THE 2024,26.53464087601835
U2646,2024,,40.9,20.3,33.5,33.5,THE 2024,23.603040191211154
U0149,2024,,53.3,12.3,32.9,32.9,THE 2024,22.222042996117462
U0157,2024,,30.9,18.9,37.0,37.0,THE 2024,21.541250564183166
U0173,2024,,52.9,10.8,48.0,48.0,THE 2024,26.04319413091722
U0176,2024,,25.5,16.7,45.0,45.0,THE 2024,21.574497539674535
U0180,2024,,45.3,9.7,38.4,38.4,THE 2024,20.638051448103095
U0193,2024,,51.4,14.7,30.2,30.2,THE 2024,22.179290995744466
U0198,2024,,30.2,12.1,46.7,46.7,THE 2024,20.829829539982622
U2655,2024,,21.4,8.2,47.3,47.3,THE 2024,16.844546147263017
U0221,2024,,25.6,11.7,31.4,31.4,THE 2024,14.741376138544787
U0223,2024,,38.5,17.1,29.2,29.2,THE 2024,20.005916356776083
U0236,2024,,49.0,9.7,43.2,43.2,THE 2024,23.028179034582774
U0252,2024,,66.8,11.5,17.0,17.0,THE 2024,20.1142973319144
U0263,2024,,27.2,11.9,26.9,26.9,THE 2024,13.831269532298998
U0274,2024,,34.1,17.2,37.5,37.5,THE 2024,21.57990997850637
U2689,2024,,58.4,14.2,46.5,46.5,THE 2024,28.687983888272086
U0290,2024,,77.0,11.0,35.1,35.1,THE 2024,27.95761938738883
U0900,2024,,64.5,13.5,42.6,42.6,THE 2024,28.581365915194
U2691,2024,,36.9,14.9,28.7,28.7,THE 2024,18.310172534917875
U0300,2024,,36.9,9.5,47.7,47.7,THE 2024,21.398986970937393
U0305,2024,,24.6,9.9,43.6,43.6,THE 2024,17.356764996528135
U0306,2024,,25.3,16.5,42.8,42.8,THE 2024,20.7359498875756
U0309,2024,,37.6,18.3,35.8,35.8,THE 2024,22.473267769036326
U2699,2024,,38.0,14.7,41.7,41.7,THE 2024,22.521216734160166
U0333,2024,,78.7,12.8,34.8,34.8,THE 2024,29.218682216432498
U2257,2024,,41.2,9.1,56.8,56.8,THE 2024,25.064137595612035
U2727,2024,,44.4,9.9,31.2,31.2,THE 2024,18.282228425127542
U2243,2024,,54.2,14.3,33.9,33.9,THE 2024,23.79944167692331
U0372,2024,,20.3,17.0,37.2,37.2,THE 2024,18.044266265503445
U2737,2024,,64.9,13.0,30.3,30.3,THE 2024,24.58427089434632
U0407,2024,,36.0,20.8,25.0,25.0,THE 2024,20.032113574717847
U0409,2024,,25.4,9.9,44.4,44.4,THE 2024,17.799456555177606
U0414,2024,,29.6,21.2,29.9,29.9,THE 2024,20.220473932575878
U0416,2024,,21.4,20.0,27.0,27.0,THE 2024,16.705044981487827
U0432,2024,,20.2,20.0,25.4,25.4,THE 2024,15.916397051613302
U2752,2024,,52.0,16.4,38.2,38.2,THE 2024,25.707590939834922
U2756,2024,,46.7,9.1,43.0,43.0,THE 2024,22.09518100213714
U0489,2024,,28.9,23.4,26.2,26.2,THE 2024,20.05157921179036
U0516,2024,,51.3,13.5,27.2,27.2,THE 2024,20.59159694202596
U2776,2024,,28.3,8.2,44.3,44.3,THE 2024,17.578648691082023
U0533,2024,,25.5,18.2,25.5,25.5,THE 2024,16.285894706546927
U0542,2024,,43.2,10.0,46.5,46.5,THE 2024,22.81078890450869
U0557,2024,,30.2,19.9,44.7,44.7,THE 2024,24.294826894946475
U2326,2024,,51.1,9.4,56.7,56.7,THE 2024,27.58441354079401
U2789,2024,,50.5,9.1,56.9,56.9,THE 2024,27.34438335120501
U0575,2024,,25.7,16.7,30.4,30.4,THE 2024,17.074578529025374
U0578,2024,,32.1,14.9,27.9,27.9,THE 2024,16.900129102024145
U2790,2024,,37.5,22.7,28.4,28.4,THE 2024,22.44986768659469
U0588,2024,,29.3,16.1,36.1,36.1,THE 2024,19.406430741619616
U0593,2024,,56.4,9.5,32.3,32.3,THE 2024,21.317319569716147
U2325,2024,,30.4,13.5,24.6,24.6,THE 2024,14.727214551747695
U0612,2024,,62.7,19.6,21.0,21.0,THE 2024,24.614150598685086
U2354,2024,,45.9,17.6,41.1,41.1,THE 2024,25.764736940499755
U2336,2024,,28.4,12.3,30.5,30.5,THE 2024,15.452614027545101
U2355,2024,,27.2,16.6,24.6,24.6,THE 2024,15.578070997844952
U0617,2024,,28.8,15.7,25.1,25.1,THE 2024,15.649076874210497
U0618,2024,,27.7,13.8,26.2,26.2,THE 2024,14.729927108636584
U0623,2024,,26.5,16.8,26.6,26.6,THE 2024,16.136659182288774
U2358,2024,,27.6,16.4,29.1,29.1,THE 2024,16.97185354121287
U0629,2024,,25.7,13.3,25.1,25.1,THE 2024,13.641517536451074
U0633,2024,,31.3,11.3,30.6,30.6,THE 2024,15.66098776967221
U0634,2024,,25.0,13.0,36.8,36.8,THE 2024,16.95985806713992
U0641,2024,,24.4,12.7,36.1,36.1,THE 2024,16.439454045775225
U0643,2024,,24.5,14.5,23.0,23.0,THE 2024,13.326037184311222
U0645,2024,,56.9,10.8,36.2,36.2,THE 2024,23.33453354410229
U0646,2024,,37.7,18.9,25.5,25.5,THE 2024,19.603194233264446
U0651,2024,,39.6,8.5,50.6,50.6,THE 2024,22.431267262654472
U2903,2024,,51.3,12.3,32.7,32.7,THE 2024,21.676061763045183
U2457,2024,,45.8,19.8,21.7,21.7,THE 2024,20.849979268763654
U0693,2024,,21.7,19.0,32.7,32.7,THE 2024,18.029188291960534
U2816,2024,,35.1,14.8,30.8,30.8,THE 2024,18.476658897517094
U0696,2024,,29.2,13.8,37.6,37.6,THE 2024,18.644085930637058
U0699,2024,,36.1,11.3,36.4,36.4,THE 2024,18.628663601319833
U0705,2024,,34.8,11.6,43.2,43.2,THE 2024,20.589887008898263
U0707,2024,,69.1,11.4,40.6,40.6,THE 2024,27.97013868025573
U0726,2024,,51.2,11.5,37.2,37.2,THE 2024,22.63445991332754
U2835,2024,,23.4,17.5,46.2,46.2,THE 2024,21.859756793137276
U0749,2024,,26.7,14.2,20.7,20.7,THE 2024,12.984337107316255
U0752,2024,,18.2,8.9,40.8,40.8,THE 2024,14.412618839760087
U0754,2024,,26.7,18.0,32.6,32.6,THE 2024,18.683116472115728
U0760,2024,,23.4,19.8,31.8,31.8,THE 2024,18.57922621847868
U0761,2024,,66.7,16.8,40.2,40.2,THE 2024,30.095305643054147
U0775,2024,,53.1,14.2,40.6,40.6,THE 2024,25.56823642436885
U2532,2024,,28.2,9.2,39.9,39.9,THE 2024,16.707857397997543
U2581,2024,,70.3,8.7,36.6,36.6,THE 2024,25.599143983903247
U0783,2024,,47.6,8.9,38.8,38.8,THE 2024,20.899602155953815
U2852,2024,,26.4,14.1,37.6,37.6,THE 2024,18.124172323068592
U2855,2024,,60.4,15.2,40.8,40.8,THE 2024,27.920067905489823
U0825,2024,,62.3,11.6,32.5,32.5,THE 2024,23.907097810994195
U0827,2024,,19.2,13.5,36.5,36.5,THE 2024,15.725794412898045
U0831,2024,,28.5,13.0,44.8,44.8,THE 2024,20.29850279510988
U0837,2024,,25.2,12.8,50.9,50.9,THE 2024,21.295927222403108
U0839,2024,,52.0,10.0,47.7,47.7,THE 2024,25.312794803546986
U2868,2024,,40.1,10.9,46.1,46.1,THE 2024,22.408178723276624
U0850,2024,,62.4,18.8,16.9,16.9,THE 2024,22.845053429398526
U0855,2024,,36.4,17.3,36.9,36.9,THE 2024,22.001632319813858
U0863,2024,,24.5,14.6,24.1,24.1,THE 2024,13.721127213504584
U0928,2024,,45.0,9.8,24.2,24.2,THE 2024,16.194234946541226
U0939,2024,,44.2,21.2,27.8,27.8,THE 2024,23.097102666090777
U0953,2024,,62.8,11.7,42.6,42.6,THE 2024,27.226845142225095
U0956,2024,,25.9,11.7,56.9,56.9,THE 2024,22.757852762757967
U0967,2024,,31.7,10.5,10.0,10.0,THE 2024,8.92099026249055
U0971,2024,,35.5,15.1,27.8,27.8,THE 2024,17.796047350091698
U0994,2024,,31.2,19.2,35.0,35.0,THE 2024,21.147981699652444
U1000,2024,,27.4,12.9,47.1,47.1,THE 2024,20.696581031651995
U1003,2024,,19.7,10.8,40.5,40.5,THE 2024,15.677724976559048
U1015,2024,,34.0,14.3,35.1,35.1,THE 2024,19.288146487690746
U1030,2024,,31.9,12.9,27.4,27.4,THE 2024,15.647780239086439
U1031,2024,,27.7,13.5,24.0,24.0,THE 2024,13.887336148782355
U1039,2024,,24.1,21.9,32.4,32.4,THE 2024,20.0360576151395
U1044,2024,,48.2,9.4,57.2,57.2,THE 2024,27.03884667184231
U1057,2024,,23.2,13.4,48.4,48.4,THE 2024,20.347900494709062
U1061,2024,,39.2,15.3,39.0,39.0,THE 2024,22.284766209911368
U1085,2024,,29.5,13.8,37.2,37.2,THE 2024,18.59202672930507
U1086,2024,,32.6,9.2,44.5,44.5,THE 2024,19.20496626651981
U1094,2024,,35.4,15.7,35.5,35.5,THE 2024,20.48508285612162
U1095,2024,,43.7,9.5,46.9,46.9,THE 2024,22.794263973352006
U1114,2024,,28.7,12.7,50.9,50.9,THE 2024,22.089949210899324
U1125,2024,,20.0,11.5,28.8,28.8,THE 2024,12.472292864315792
U1128,2024,,21.5,11.1,52.0,52.0,THE 2024,19.852820541505437
U1172,2024,,33.7,17.1,15.2,15.2,THE 2024,14.483723391172074
U1184,2024,,40.8,15.6,31.4,31.4,THE 2024,20.461338417905665
U2920,2024,,61.4,14.1,31.2,31.2,THE 2024,24.594731752300852
U1230,2024,,29.8,15.7,34.4,34.4,THE 2024,18.7881111044538
U2380,2024,,48.8,13.0,39.2,39.2,THE 2024,23.463265270295118
U1248,2024,,67.5,18.6,24.9,24.9,THE 2024,26.465817104131176
U2367,2024,,59.7,8.6,35.7,35.7,THE 2024,22.702876783912764
U2542,2024,,33.3,12.5,46.0,46.0,THE 2024,21.571102312566392
U1274,2024,,24.0,14.2,51.9,51.9,THE 2024,22.05100076042568
U2948,2024,,45.8,9.2,44.2,44.2,THE 2024,22.30376950760062
U2951,2024,,38.9,16.9,40.8,40.8,THE 2024,23.611536906374532
U2952,2024,,40.2,11.5,36.5,36.5,THE 2024,19.756173723330285
U2960,2024,,35.4,13.4,45.3,45.3,THE 2024,22.33259162392663
U1303,2024,,36.8,12.3,30.5,30.5,THE 2024,17.48405296345804
U1304,2024,,24.7,12.4,31.1,31.1,THE 2024,14.797140333187132
U1305,2024,,53.9,13.5,27.9,27.9,THE 2024,21.438444196110268
U2965,2024,,40.5,9.9,37.2,37.2,THE 2024,19.20821922624407
U1315,2024,,55.1,19.4,36.8,36.8,THE 2024,27.593478614748285
U1317,2024,,29.2,23.9,22.8,22.8,THE 2024,19.326995078543558
U1329,2024,,24.8,13.9,23.9,23.9,THE 2024,13.36449699785021
U1348,2024,,32.1,15.0,32.2,32.2,THE 2024,18.29210386642
U2990,2024,,46.0,10.1,36.2,36.2,THE 2024,20.331623376514152
U1354,2024,,56.3,12.6,29.2,29.2,THE 2024,21.95214163112529
U1355,2024,,31.9,14.4,26.4,26.4,THE 2024,16.12241728134824
U1361,2024,,39.9,18.3,20.4,20.4,THE 2024,18.231987308564783
U1369,2024,,41.2,13.0,29.0,29.0,THE 2024,18.44772661577309
U1376,2024,,61.2,11.5,27.6,27.6,THE 2024,22.0621853933307
U1378,2024,,43.2,16.4,19.9,19.9,THE 2024,17.878482237058307
U1379,2024,,40.3,14.8,28.5,28.5,THE 2024,19.017705430607833
U1381,2024,,31.4,20.3,23.0,23.0,THE 2024,18.034551452497873
U3001,2024,,49.8,10.6,45.9,45.9,THE 2024,24.534469017966273
U3002,2024,,62.8,8.6,51.3,51.3,THE 2024,28.312387570564205
U1416,2024,,28.8,17.8,20.6,20.6,THE 2024,15.347836646149602
U1421,2024,,28.7,25.1,27.4,27.4,THE 2024,21.268028718726672
U1422,2024,,26.5,22.2,25.0,25.0,THE 2024,18.46840549393281
U1461,2024,,41.1,13.6,37.1,37.1,THE 2024,21.261372713703324
U1465,2024,,31.0,18.9,37.8,37.8,THE 2024,21.814655544839894
U1424,2024,,48.6,23.8,26.3,26.3,THE 2024,25.056583446288425
U1432,2024,,19.8,10.7,45.7,45.7,THE 2024,17.2694355666517
U1435,2024,,26.8,20.3,35.0,35.0,THE 2024,20.66041455412632
U1443,2024,,25.5,14.9,10.7,10.7,THE 2024,9.945743057807727
U1450,2024,,34.7,25.0,30.2,30.2,THE 2024,23.538919771927734
U1453,2024,,33.6,9.0,14.9,14.9,THE 2024,10.12079863152281
U1455,2024,,22.4,9.9,16.0,16.0,THE 2024,8.226590624572294
U3022,2024,,37.0,10.6,30.3,30.3,THE 2024,16.579129936272505
U1560,2024,,38.2,16.5,19.7,19.7,THE 2024,16.659397999770334
U1575,2024,,21.5,9.0,7.4,7.4,THE 2024,4.858110613803092
U1585,2024,,36.1,13.8,37.3,37.3,THE 2024,20.21930996978317
U3040,2024,,41.0,14.6,35.0,35.0,THE 2024,21.10709232404563
U1596,2024,,26.6,18.7,29.8,29.8,THE 2024,18.153534842229973
U1598,2024,,21.4,16.3,31.1,31.1,THE 2024,16.04310019416833
U1617,2024,,66.7,16.8,27.9,27.9,THE 2024,26.26352994211957
U3058,2024,,79.9,12.4,21.6,21.6,THE 2024,25.18709464012548
U1624,2024,,62.1,10.2,17.1,17.1,THE 2024,18.32746980857491
U1634,2024,,38.2,14.1,45.5,45.5,THE 2024,23.438919542120303
U3213,2024,,38.4,15.3,38.7,38.7,THE 2024,21.997837891137284
U1642,2024,,22.6,13.3,14.5,14.5,THE 2024,9.589639148553516
U1653,2024,,31.8,11.9,49.6,49.6,THE 2024,22.015375278022574
U1670,2024,,45.6,9.8,29.7,29.7,THE 2024,18.052733366307148
U1673,2024,,51.1,17.1,32.8,32.8,THE 2024,24.174570087748297
U1674,2024,,45.3,11.5,37.4,37.4,THE 2024,21.269921194767413
U1665,2024,,30.7,12.8,34.3,34.3,THE 2024,17.45469648562603
U1686,2024,,46.6,8.5,53.7,53.7,THE 2024,25.089865129809333
U1690,2024,,25.9,11.3,45.2,45.2,THE 2024,18.903349343803836
U1689,2024,,26.9,13.0,35.9,35.9,THE 2024,17.138976375630243
U1696,2024,,37.7,14.8,32.6,32.6,THE 2024,19.666185279327262
U3083,2024,,44.4,11.4,40.8,40.8,THE 2024,22.059046152747598
U1709,2024,,36.4,13.9,28.5,28.5,THE 2024,17.602839240012138
U3085,2024,,48.6,12.1,35.1,35.1,THE 2024,21.665940996397165
U3304,2024,,39.9,13.4,51.2,51.2,THE 2024,25.258868712981013
U1753,2024,,58.4,9.3,34.0,34.0,THE 2024,22.22576871947959
U1757,2024,,46.8,13.9,27.4,27.4,THE 2024,19.775274985321346
U2583,2024,,69.7,10.9,24.2,24.2,THE 2024,22.744152686142066
U1807,2024,,18.3,10.3,39.3,39.3,THE 2024,14.703265537535101
U1809,2024,,28.4,10.6,45.4,45.4,THE 2024,19.203373250884113
U1814,2024,,37.1,14.8,21.8,21.8,THE 2024,16.156596516882214
U1827,2024,,17.6,12.9,33.1,33.1,THE 2024,13.965198223242663
U1830,2024,,29.4,11.3,45.0,45.0,THE 2024,19.687476937817404
U1832,2024,,29.7,9.9,35.1,35.1,THE 2024,15.94216355830794
U2469,2024,,33.3,19.3,33.9,33.9,THE 2024,21.365573207372325
U1850,2024,,34.1,14.4,36.7,36.7,THE 2024,19.863183553615603
U1853,2024,,29.1,10.5,46.2,46.2,THE 2024,19.569470111209974
U1857,2024,,30.6,20.1,32.7,32.7,THE 2024,20.75806612829656
U2912,2024,,50.4,9.9,49.2,49.2,THE 2024,25.340732872007948
U1865,2024,,26.3,13.7,41.8,41.8,THE 2024,19.19875613529574
U1871,2024,,20.6,10.6,20.8,20.8,THE 2024,9.653485694238656
U1872,2024,,44.8,8.4,43.4,43.4,THE 2024,21.393423143498893
U3127,2024,,26.6,11.5,40.4,40.4,THE 2024,17.68213062192785
U1887,2024,,42.3,20.1,22.3,22.3,THE 2024,20.34769497105291
U1888,2024,,24.5,12.8,32.3,32.3,THE 2024,15.332248121045875
U1897,2024,,19.8,10.3,35.5,35.5,THE 2024,13.882221867323736
U1909,2024,,26.6,15.6,39.4,39.4,THE 2024,19.51945110234479
U2517,2024,,40.6,7.6,51.3,51.3,THE 2024,22.41947565383353
U1922,2024,,48.5,12.2,27.4,27.4,THE 2024,19.295414206927564
U1928,2024,,48.8,9.0,53.5,53.5,THE 2024,25.821657872031047
U1936,2024,,35.0,25.4,33.0,33.0,THE 2024,24.693388911668254
U1937,2024,,35.6,15.0,25.1,25.1,THE 2024,16.926698750153196
U2584,2024,,70.0,15.3,20.8,20.8,THE 2024,24.063593710127968
U3141,2024,,40.1,10.3,31.4,31.4,THE 2024,17.514274062135144
U3150,2024,,22.3,13.9,27.7,27.7,THE 2024,13.943702699500511
U1945,2024,,40.3,14.3,21.4,21.4,THE 2024,16.54381291703978
U1954,2024,,48.9,9.2,53.3,53.3,THE 2024,25.888358175872007
U1957,2024,,21.8,15.1,38.3,38.3,THE 2024,17.753895218188298
U3159,2024,,36.0,13.9,49.1,49.1,THE 2024,23.923549535453756
U1964,2024,,31.5,11.3,23.6,23.6,THE 2024,13.528670005128973
U1965,2024,,26.8,11.5,51.6,51.6,THE 2024,21.219594788848788
U2088,2024,,36.9,13.0,49.3,49.3,THE 2024,23.73181088990132
U1983,2024,,20.1,9.9,44.4,44.4,THE 2024,16.517715321803966
U1989,2024,,41.7,16.4,22.8,22.8,THE 2024,18.41915207549397
U2553,2024,,47.0,11.3,38.6,38.6,THE 2024,21.95005571408715
U3170,2024,,71.6,9.9,40.2,40.2,THE 2024,27.663959487745498
U2006,2024,,37.9,20.9,27.7,27.7,THE 2024,21.385138111778478
U2472,2024,,25.8,9.4,51.5,51.5,THE 2024,19.845975241495033
U3179,2024,,52.3,13.7,31.5,31.5,THE 2024,22.27782057645038
U2029,2024,,42.9,12.7,34.1,34.1,THE 2024,20.290403504653355
U3181,2024,,59.0,19.0,45.1,45.1,THE 2024,30.912672868197888
U2032,2024,,31.8,13.1,20.2,20.2,THE 2024,13.485427590959736
U2060,2024,,25.0,13.2,39.3,39.3,THE 2024,17.84349606945188
U2061,2024,,40.7,11.1,50.4,50.4,THE 2024,23.997667170276625
U2064,2024,,44.8,17.1,30.2,30.2,THE 2024,21.841022038461567
U3187,2024,,83.8,10.9,24.3,24.3,THE 2024,26.185220690828146
U2554,2024,,44.2,11.4,32.6,32.6,THE 2024,19.456161425079003
U0909,2024,,42.5,10.8,25.4,25.4,THE 2024,16.487580815514555
U3200,2024,,46.1,8.5,45.1,45.1,THE 2024,22.289818419672105
U2103,2024,,18.4,15.3,27.9,27.9,THE 2024,13.79659253860759
U2104,2024,,38.1,19.1,25.7,25.7,THE 2024,19.867056519574042
U2107,2024,,18.0,8.9,41.9,41.9,THE 2024,14.706930373773732
U2117,2024,,21.5,15.0,33.7,33.7,THE 2024,16.19591111929889
U2118,2024,,30.4,12.0,36.5,36.5,THE 2024,17.648216138769385
U2120,2024,,26.4,24.0,24.4,24.4,THE 2024,19.200702035641328
U2131,2024,,44.4,15.2,19.7,19.7,THE 2024,17.477451685771364
U2133,2024,,29.1,26.1,26.4,26.4,THE 2024,21.57734644107537
U2136,2024,,51.3,21.0,31.8,31.8,THE 2024,25.955436358942436
U3230,2024,,33.1,14.6,29.2,29.2,THE 2024,17.38971878985871
U2150,2024,,36.9,11.5,49.8,49.8,THE 2024,23.101410607764134
U2152,2024,,46.7,8.2,49.5,49.5,THE 2024,23.648405007309655
U2164,2024,,46.6,14.4,37.8,37.8,THE 2024,23.22883728835476
U3238,2024,,39.2,10.3,23.5,23.5,THE 2024,14.835560700399036
U2171,2024,,27.1,26.0,18.3,18.3,THE 2024,18.51789511650443
U2195,2024,,58.6,13.9,38.0,38.0,THE 2024,25.93114369970016
U2196,2024,,29.3,15.4,22.3,22.3,THE 2024,14.740489010786334
U2562,2024,,42.1,13.5,37.0,37.0,THE 2024,21.419647132821805
U3253,2024,,38.1,14.4,37.9,37.9,THE 2024,21.204367203560793
U3336,2024,,27.7,9.1,44.4,44.4,THE 2024,17.93639667112801
U3255,2024,,49.0,29.2,19.9,19.9,THE 2024,25.989737842553147
U3341,2024,,48.9,11.2,46.8,46.8,THE 2024,24.91165408684205
U3347,2024,,47.2,16.3,36.0,36.0,THE 2024,23.808999533822597
U3354,2024,,20.1,13.4,41.8,41.8,THE 2024,17.542128025814627
U3359,2024,,47.2,10.9,8.8,8.8,THE 2024,12.50529060535613
U3362,2024,,27.9,12.9,34.5,34.5,THE 2024,16.89226637107271
U3368,2024,,46.9,19.7,27.8,27.8,THE 2024,22.96390165919307
U3369,2024,,61.9,12.3,27.4,27.4,THE 2024,22.58845388711333
U3373,2024,,40.7,13.3,35.5,35.5,THE 2024,20.508962454275135
U3374,2024,,34.2,11.8,41.6,41.6,THE 2024,20.05116366309539
U3376,2024,,31.7,19.6,33.3,33.3,THE 2024,20.948949274226674
U3275,2024,,32.4,18.0,35.2,35.2,THE 2024,20.871561740265815
U3277,2024,,27.9,17.1,39.3,39.3,THE 2024,20.588851335511674
U3393,2024,,34.9,13.7,40.2,40.2,THE 2024,20.780120297319645
U3404,2024,,29.6,13.9,34.3,34.3,THE 2024,17.765194636351417
U3405,2024,,29.7,17.4,33.1,33.1,THE 2024,19.24992820886927
U3409,2024,,23.5,11.0,46.2,46.2,THE 2024,18.477231994605543
U3413,2024,,21.8,15.9,49.0,49.0,THE 2024,21.506515763261675
U3417,2024,,21.4,16.3,43.5,43.5,THE 2024,19.906028543077987
U3421,2024,,32.3,15.3,24.8,24.8,THE 2024,16.192408214378965
U3423,2024,,33.4,13.4,21.4,21.4,THE 2024,14.403432820760887
U3293,2024,,29.0,13.1,25.9,25.9,THE 2024,14.583982213568197
U3427,2024,,53.1,12.9,41.5,41.5,THE 2024,25.16726853706698
U3428,2024,,22.4,14.5,52.3,52.3,THE 2024,21.945903307030804
U3438,2024,,36.1,22.5,19.1,19.1,THE 2024,19.109276465991947
U3444,2024,,42.8,24.1,32.1,32.1,THE 2024,25.618009515591286
U3445,2024,,26.3,9.9,8.2,8.2,THE 2024,6.739852159904371
U3296,2024,,54.9,9.8,45.8,45.8,THE 2024,25.31740279791258
U3297,2024,,27.3,12.3,42.6,42.6,THE 2024,18.956062667112352
U3448,2024,,21.5,12.6,35.5,35.5,THE 2024,15.498797147630166
U3453,2024,,23.0,16.4,34.5,34.5,THE 2024,17.54164187648618
U3299,2024,,50.8,12.7,37.3,37.3,THE 2024,23.19780819148825
U2448,2024,,37.0,8.6,25.4,25.4,THE 2024,14.004432156143583
U2604,2024,,33.5,7.8,8.1,8.1,THE 2024,7.349303954751344
U0008,2024,,29.4,9.7,30.1,30.1,THE 2024,14.207157966050714
U2623,2024,,35.3,9.0,11.6,11.6,THE 2024,9.503885794899047
U0018,2024,,30.3,12.0,22.7,22.7,THE 2024,13.32496692135253
U0025,2024,,33.0,7.7,26.1,26.1,THE 2024,12.783450704517326
U0029,2024,,43.6,11.6,17.2,17.2,THE 2024,14.618372658715378
U0049,2024,,26.7,13.4,20.8,20.8,THE 2024,12.596202543551291
U0051,2024,,28.0,8.8,23.5,23.5,THE 2024,11.34081193050254
U0067,2024,,40.2,12.1,31.6,31.6,THE 2024,18.5441593813565
U0098,2024,,64.4,16.5,15.2,15.2,THE 2024,21.59368361719171
U0102,2024,,31.0,15.3,24.6,24.6,THE 2024,15.815713559299427
U2645,2024,,29.3,9.1,39.1,39.1,THE 2024,16.672247078146587
U2455,2024,,33.2,12.7,16.5,16.5,THE 2024,12.461709165997323
U3204,2024,,50.2,8.6,8.8,8.8,THE 2024,12.025353777286703
U0127,2024,,24.1,10.4,18.7,18.7,THE 2024,9.740891173790732
U2203,2024,,50.6,10.4,33.5,33.5,THE 2024,20.76018924097046
U0138,2024,,34.4,11.6,30.5,30.5,THE 2024,16.53676552863895
U0139,2024,,35.4,12.6,23.1,23.1,THE 2024,14.997416561719298
U0142,2024,,20.1,9.6,20.0,20.0,THE 2024,8.759236511482447
U0144,2024,,51.5,7.9,33.1,33.1,THE 2024,19.542960284087474
U0145,2024,,36.2,8.9,10.4,10.4,THE 2024,9.295297289435567
U0155,2024,,26.3,11.2,32.7,32.7,THE 2024,15.05359263287602
U2211,2024,,37.3,8.0,10.2,10.2,THE 2024,9.027315645695033
U2212,2024,,34.4,8.0,12.8,12.8,THE 2024,9.135954384219971
U2214,2024,,26.4,9.6,11.1,11.1,THE 2024,7.510230043635218
U2216,2024,,26.9,9.3,7.7,7.7,THE 2024,6.414726292360588
U2217,2024,,27.4,9.1,9.1,9.1,THE 2024,6.866960545357198
U2222,2024,,33.4,9.1,17.1,17.1,THE 2024,10.810200194729815
U2223,2024,,30.0,10.5,19.1,19.1,THE 2024,11.344756681668827
U2226,2024,,33.6,10.0,14.6,14.6,THE 2024,10.551449702272627
U0194,2024,,35.7,9.0,12.6,12.6,THE 2024,9.912147462074252
U0209,2024,,35.0,16.2,12.5,12.5,THE 2024,13.485293141766807
U2656,2024,,20.2,12.6,19.8,19.8,THE 2024,10.293442056413554
U0216,2024,,35.5,8.6,13.8,13.8,THE 2024,10.027968038192952
U0214,2024,,22.0,12.2,15.7,15.7,THE 2024,9.241848226975256
U2664,2024,,26.1,7.8,14.6,14.6,THE 2024,7.584625105779532
U2667,2024,,30.4,7.9,12.2,12.2,THE 2024,7.929275720657742
U2682,2024,,44.9,8.3,14.4,14.4,THE 2024,12.330928126114909
U0254,2024,,42.3,13.7,10.6,10.6,THE 2024,13.348537464048464
U0256,2024,,37.7,9.5,17.1,17.1,THE 2024,12.059747065412413
U2673,2024,,34.7,5.7,35.0,35.0,THE 2024,14.918942891502962
U0261,2024,,54.0,10.3,10.7,10.7,THE 2024,14.427223694292813
U0265,2024,,35.9,7.3,30.2,30.2,THE 2024,14.552395774452581
U0266,2024,,18.8,9.4,13.5,13.5,THE 2024,6.31510323103799
U0267,2024,,24.3,14.9,23.1,23.1,THE 2024,13.518465844444108
U0270,2024,,32.0,9.5,22.8,22.8,THE 2024,12.456971579193784
U2683,2024,,46.7,12.8,13.9,13.9,THE 2024,14.96896379568717
U2678,2024,,26.2,9.5,26.7,26.7,THE 2024,12.26926463256765
U2681,2024,,38.1,8.6,19.3,19.3,THE 2024,12.370142395081004
U0281,2024,,36.8,8.6,14.9,14.9,THE 2024,10.685036525048194
U0286,2024,,32.4,9.3,29.2,29.2,THE 2024,14.442654434088183
U0294,2024,,28.9,9.4,30.3,30.3,THE 2024,13.991311573317823
U2692,2024,,25.7,9.9,17.2,17.2,THE 2024,9.39848769652474
U0315,2024,,27.6,9.8,10.3,10.3,THE 2024,7.656036225042884
U0317,2024,,29.7,9.4,30.4,30.4,THE 2024,14.21593459614175
U0318,2024,,32.3,10.4,20.0,20.0,THE 2024,12.12894693966747
U2703,2024,,32.2,11.0,9.0,9.0,THE 2024,8.99243727435783
U0140,2024,,41.0,9.5,22.7,22.7,THE 2024,14.602360648268284
U0342,2024,,35.7,10.5,11.7,11.7,THE 2024,10.417937152311131
U0345,2024,,58.0,15.2,29.0,29.0,THE 2024,23.66364431988408
U2238,2024,,57.5,13.4,19.3,19.3,THE 2024,19.5775222556059
U2236,2024,,48.9,14.9,22.9,22.9,THE 2024,19.40537457509613
U2730,2024,,21.6,9.4,11.8,11.8,THE 2024,6.4626545274326475
U0351,2024,,20.2,11.4,8.9,8.9,THE 2024,6.268872609520003
U1275,2024,,22.0,5.2,21.6,21.6,THE 2024,7.411091354779486
U0362,2024,,30.6,9.7,18.2,18.2,THE 2024,10.790198419289723
U0367,2024,,37.1,9.1,5.8,5.8,THE 2024,8.184751457221953
U0375,2024,,38.9,18.2,28.2,28.2,THE 2024,20.36764498059229
U0462,2024,,29.8,7.9,30.4,30.4,THE 2024,13.45395487098528
U0382,2024,,25.9,10.7,10.7,10.7,THE 2024,7.841220383596932
U0387,2024,,20.9,8.8,13.0,13.0,THE 2024,6.3527343163358045
U0399,2024,,29.8,10.0,16.8,16.8,THE 2024,10.317823677192298
U2489,2024,,26.7,10.8,28.8,28.8,THE 2024,13.725730943402386
U0410,2024,,34.1,11.9,15.9,15.9,THE 2024,12.073160238111772
U0418,2024,,30.4,12.7,15.5,15.5,THE 2024,11.473036374275564
U2745,2024,,31.6,8.0,12.4,12.4,THE 2024,8.334197480348681
U0470,2024,,44.2,15.7,26.3,26.3,THE 2024,19.74721336575182
U0471,2024,,23.4,17.3,15.5,15.5,THE 2024,12.191072061853358
U0483,2024,,27.3,10.7,30.4,30.4,THE 2024,14.316865190672765
U2757,2024,,24.0,11.5,25.2,25.2,THE 2024,12.318149411457245
U0505,2024,,27.9,11.4,27.0,27.0,THE 2024,13.769654250929293
U2766,2024,,49.5,10.3,28.2,28.2,THE 2024,18.790666231406654
U0513,2024,,29.3,12.8,31.3,31.3,THE 2024,16.181543890388205
U2619,2024,,51.5,9.9,31.1,31.1,THE 2024,19.968125353936024
U0527,2024,,21.9,16.9,12.7,12.7,THE 2024,10.746397359839557
U0530,2024,,35.1,15.4,19.1,19.1,THE 2024,15.14626449323801
U0531,2024,,19.1,10.3,22.0,22.0,THE 2024,9.507327812695477
U0539,2024,,35.5,10.9,11.1,11.1,THE 2024,10.392297276618471
U0552,2024,,38.5,7.8,23.3,23.3,THE 2024,13.293696289768503
U0553,2024,,46.1,9.2,17.5,17.5,THE 2024,14.058563888823144
U0559,2024,,44.7,11.0,16.5,16.5,THE 2024,14.351860479501973
U0580,2024,,46.6,9.3,20.0,20.0,THE 2024,15.010709973948131
U0589,2024,,23.7,8.7,37.6,37.6,THE 2024,14.641021128708438
U0591,2024,,52.1,9.4,29.0,29.0,THE 2024,19.196968020258495
U0596,2024,,27.0,16.6,20.5,20.5,THE 2024,14.252444837154545
U2324,2024,,21.2,11.0,15.7,15.7,THE 2024,8.419447034516342
U2333,2024,,34.5,10.9,21.6,21.6,THE 2024,13.421487345440585
U2330,2024,,22.0,13.8,20.2,20.2,THE 2024,11.482291809333846
U2334,2024,,20.4,9.8,7.4,7.4,THE 2024,5.011376060125963
U0616,2024,,31.4,8.0,24.5,24.5,THE 2024,12.055300291620894
U2338,2024,,26.1,12.8,25.1,25.1,THE 2024,13.476198216537973
U0619,2024,,28.0,9.6,21.3,21.3,THE 2024,11.074740886790867
U2340,2024,,29.8,12.1,27.5,27.5,THE 2024,14.751785941343243
U2357,2024,,23.2,10.3,14.5,14.5,THE 2024,8.162414885665
U0624,2024,,28.9,11.7,22.3,22.3,THE 2024,12.704550469064213
U2343,2024,,24.7,12.0,20.7,20.7,THE 2024,11.347621337909013
U0626,2024,,26.8,11.7,21.3,21.3,THE 2024,11.8851642553352
U0614,2024,,23.4,11.0,19.1,19.1,THE 2024,10.010680596503331
U2366,2024,,18.3,9.0,5.7,5.7,THE 2024,3.5546340988313627
U2348,2024,,28.1,10.4,36.4,36.4,THE 2024,16.222261739623775
U0663,2024,,30.8,13.1,27.8,27.8,THE 2024,15.611190868504593
U2805,2024,,37.8,9.4,33.6,33.6,THE 2024,17.171706876688862
U2529,2024,,38.3,8.1,13.5,13.5,THE 2024,10.349601898901174
U2275,2024,,40.6,8.6,11.6,11.6,THE 2024,10.575983422402668
U2811,2024,,26.5,12.4,16.4,16.4,THE 2024,10.653009424260599
U0679,2024,,24.4,9.7,17.9,17.9,THE 2024,9.197345070285891
U2497,2024,,42.8,9.4,28.9,28.9,THE 2024,16.916722264665523
U0691,2024,,39.5,10.8,33.0,33.0,THE 2024,18.129668155937278
U0704,2024,,40.8,9.3,22.2,22.2,THE 2024,14.29340801174567
U0708,2024,,48.6,8.7,34.0,34.0,THE 2024,19.54129121877613
U0710,2024,,32.1,9.6,23.2,23.2,THE 2024,12.658176869417709
U0714,2024,,25.2,9.3,20.8,20.8,THE 2024,10.084598630541981
U0718,2024,,24.1,12.4,23.0,23.0,THE 2024,12.128673066069187
U0737,2024,,42.1,10.1,18.9,18.9,THE 2024,13.999047199437527
U2832,2024,,31.2,8.8,13.7,13.7,THE 2024,9.06173392834031
U2833,2024,,36.4,9.3,13.4,13.4,THE 2024,10.487887928270137
U0742,2024,,26.8,10.5,12.5,12.5,THE 2024,8.514800415918284
U0765,2024,,39.7,15.7,27.4,27.4,THE 2024,19.001621634952887
U0774,2024,,19.8,11.2,25.8,25.8,THE 2024,11.33211312694873
U2531,2024,,23.6,10.3,19.2,19.2,THE 2024,9.723324527918086
U0777,2024,,41.9,12.3,20.7,20.7,THE 2024,15.664467101561831
U2841,2024,,53.0,11.8,10.8,10.8,THE 2024,15.002701895719406
U0782,2024,,26.2,8.5,34.2,34.2,THE 2024,14.081604216023441
U0785,2024,,39.2,11.5,9.8,9.8,THE 2024,11.196578745423427
U0791,2024,,23.4,9.3,33.6,33.6,THE 2024,13.636829227942036
U0796,2024,,22.8,9.8,15.1,15.1,THE 2024,7.990541078753514
U0809,2024,,38.3,11.0,34.0,34.0,THE 2024,18.25581087634979
U0818,2024,,49.2,8.7,16.4,16.4,THE 2024,14.20352795629906
U2860,2024,,24.6,13.2,11.8,11.8,THE 2024,9.179782688881037
U0829,2024,,27.4,12.5,12.2,12.2,THE 2024,9.61466328247979
U2376,2024,,38.0,12.2,11.6,11.6,THE 2024,11.833997156974089
U0886,2024,,23.1,8.4,14.0,14.0,THE 2024,6.986660721050904
U0890,2024,,21.1,9.4,21.5,21.5,THE 2024,9.363542396734669
U0902,2024,,25.5,9.9,14.5,14.5,THE 2024,8.508998607485426
U0914,2024,,30.7,9.4,36.5,36.5,THE 2024,16.358084091182565
U0933,2024,,33.8,9.6,23.4,23.4,THE 2024,13.131606711921673
U0934,2024,,28.1,11.5,9.1,9.1,THE 2024,8.294108758570069
U0945,2024,,35.5,9.7,12.5,12.5,THE 2024,10.199503530659499
U0951,2024,,56.9,9.2,32.3,32.3,THE 2024,21.281005849594166
U0957,2024,,44.0,10.6,33.3,33.3,THE 2024,19.206575155452292
U0966,2024,,46.7,11.3,22.2,22.2,THE 2024,16.768470055606056
U0969,2024,,25.0,9.7,7.0,7.0,THE 2024,5.946809222139041
U0970,2024,,28.2,11.2,12.6,12.6,THE 2024,9.251402530151386
U0973,2024,,32.5,11.2,36.7,36.7,THE 2024,17.79909395695773
U0983,2024,,38.2,13.6,15.3,15.3,THE 2024,13.768765346309255
U0984,2024,,27.9,12.3,11.9,11.9,THE 2024,9.53730251990008
U0993,2024,,60.8,13.6,13.6,13.6,THE 2024,18.70470842021298
U0995,2024,,21.3,9.1,23.0,23.0,THE 2024,9.721967005670535
U0998,2024,,22.0,9.2,27.6,27.6,THE 2024,11.376686291984367
U2879,2024,,37.5,8.8,12.7,12.7,THE 2024,10.273786650524237
U1036,2024,,38.7,8.3,11.4,11.4,THE 2024,9.896953281783976
U1037,2024,,21.2,10.2,17.3,17.3,THE 2024,8.498602190377545
U1041,2024,,33.4,8.3,7.3,7.3,THE 2024,7.337953481432141
U2887,2024,,44.4,10.6,19.5,19.5,THE 2024,15.00424492231597
U1045,2024,,22.7,10.1,27.8,27.8,THE 2024,12.079976279134815
U2568,2024,,29.4,8.6,16.0,16.0,THE 2024,9.238114685422174
U1058,2024,,33.8,12.6,23.5,23.5,THE 2024,14.735086403921908
U1060,2024,,35.5,11.6,35.8,35.8,THE 2024,18.453877636735243
U1069,2024,,31.7,10.8,24.9,24.9,THE 2024,13.71996751517967
U1070,2024,,35.4,8.8,12.4,12.4,THE 2024,9.672468972620766
U1071,2024,,45.2,10.3,7.3,7.3,THE 2024,11.239859539802803
U2889,2024,,36.2,8.1,12.0,12.0,THE 2024,9.374452445296772
U1077,2024,,24.3,10.1,8.6,8.6,THE 2024,6.485608617617563
U2892,2024,,22.6,7.7,10.7,10.7,THE 2024,5.470828043320265
U1113,2024,,30.7,22.9,19.2,19.2,THE 2024,18.0441476896073
U1123,2024,,18.8,18.8,17.2,17.2,THE 2024,12.394375944061363
U1155,2024,,37.3,9.8,18.4,18.4,THE 2024,12.525229006066514
U1135,2024,,25.8,9.7,22.1,22.1,THE 2024,10.844329441224653
U1136,2024,,26.8,12.3,21.8,21.8,THE 2024,12.355392904015622
U1137,2024,,39.1,15.6,15.9,15.9,THE 2024,15.221553435214783
U1138,2024,,25.0,11.3,26.3,26.3,THE 2024,12.797844704809156
U1147,2024,,36.1,14.3,20.1,20.1,THE 2024,15.123109025407299
U2537,2024,,43.7,9.0,24.3,24.3,THE 2024,15.491711023646879
U2899,2024,,29.5,8.7,18.0,18.0,THE 2024,9.937762343247345
U1169,2024,,40.9,9.5,15.4,15.4,THE 2024,12.304033549231491
U1176,2024,,44.8,9.1,14.9,14.9,THE 2024,12.881794780874234
U1187,2024,,32.5,11.1,28.0,28.0,THE 2024,15.036402681658451
U2904,2024,,39.7,8.6,17.2,17.2,THE 2024,12.10287753730207
U1188,2024,,41.9,9.3,25.3,25.3,THE 2024,15.525161864390256
U1189,2024,,40.6,9.6,37.6,37.6,THE 2024,19.19978091059797
U2908,2024,,18.4,8.1,26.3,26.3,THE 2024,9.524565265345965
U1201,2024,,24.1,17.3,15.8,15.8,THE 2024,12.453816583771337
U2922,2024,,20.7,11.7,30.3,30.3,THE 2024,13.213690964869716
U1225,2024,,54.2,11.6,21.1,21.1,THE 2024,18.396808396490698
U1228,2024,,38.5,13.4,14.7,14.7,THE 2024,13.549579046092097
U2765,2024,,35.5,15.6,28.8,28.8,THE 2024,18.36962833718
U1240,2024,,23.9,16.1,19.6,19.6,THE 2024,12.96031879550202
U2933,2024,,49.5,14.1,25.8,25.8,THE 2024,20.03461693576999
U1246,2024,,28.4,14.0,29.7,29.7,THE 2024,16.094378168692064
U2935,2024,,23.1,10.3,26.5,26.5,THE 2024,11.876548845818238
U2938,2024,,37.3,18.1,24.6,24.6,THE 2024,18.80679800232428
U1255,2024,,28.7,10.8,12.4,12.4,THE 2024,9.100372612611741
U1259,2024,,25.0,8.5,10.5,10.5,THE 2024,6.408221083656704
U2540,2024,,41.9,13.0,32.6,32.6,THE 2024,19.738508520868635
U1280,2024,,33.4,19.3,22.4,22.4,THE 2024,17.807202487094475
U1284,2024,,30.7,11.7,31.9,31.9,THE 2024,16.130513018081604
U2955,2024,,43.2,7.5,31.4,31.4,THE 2024,16.796466523584296
U1292,2024,,40.7,13.9,15.5,15.5,THE 2024,14.59289826806459
U2382,2024,,49.5,9.1,28.7,28.7,THE 2024,18.317498653671983
U1310,2024,,31.4,12.1,13.5,13.5,THE 2024,10.777355974530039
U1311,2024,,27.3,12.1,11.6,11.6,THE 2024,9.193919991903197
U1314,2024,,23.6,14.1,14.3,14.3,THE 2024,10.188459032904467
U1319,2024,,32.7,8.1,21.3,21.3,THE 2024,11.42521581701529
U1328,2024,,26.8,7.5,23.7,23.7,THE 2024,10.431569945101849
U1333,2024,,38.4,12.0,22.6,22.6,THE 2024,15.252701818722073
U1337,2024,,22.2,11.7,8.6,8.6,THE 2024,6.816323307119412
U2979,2024,,31.7,13.4,16.1,16.1,THE 2024,12.341217931527952
U2985,2024,,27.8,11.8,24.3,24.3,THE 2024,13.113992564616105
U2621,2024,,34.3,9.2,10.3,10.3,THE 2024,8.961885205596982
U2573,2024,,35.1,9.9,33.6,33.6,THE 2024,16.780798868911518
U2993,2024,,41.8,12.6,23.8,23.8,THE 2024,16.76324809633565
U1360,2024,,32.3,10.3,11.0,11.0,THE 2024,9.272797720442956
U1363,2024,,25.0,11.6,25.3,25.3,THE 2024,12.643550929460893
U2997,2024,,20.1,9.9,16.3,16.3,THE 2024,7.763821240807081
U1365,2024,,25.9,9.1,40.9,40.9,THE 2024,16.41074564859037
U2575,2024,,45.4,7.6,6.6,6.6,THE 2024,9.65506425806683
U1373,2024,,40.0,10.6,22.9,22.9,THE 2024,14.999347891799932
U1375,2024,,32.5,8.4,16.0,16.0,THE 2024,9.882990585026462
U3000,2024,,42.3,9.0,23.2,23.2,THE 2024,14.810458739935532
U2404,2024,,29.2,9.4,16.9,16.9,THE 2024,9.889408135225706
U1407,2024,,41.4,8.7,17.3,17.3,THE 2024,12.597565633298462
U1408,2024,,33.1,10.5,14.8,14.8,THE 2024,10.754890521279778
U1414,2024,,23.8,8.7,35.2,35.2,THE 2024,13.917541374162676
U1419,2024,,21.8,14.1,21.0,21.0,THE 2024,11.840378103824772
U1420,2024,,32.1,18.4,13.3,13.3,THE 2024,14.186224049025459
U1464,2024,,37.1,10.3,20.0,20.0,THE 2024,13.237358287293077
U1463,2024,,45.0,10.0,11.8,11.8,THE 2024,12.436128400566579
U1426,2024,,18.5,11.7,8.4,8.4,THE 2024,5.859217527493319
U1427,2024,,32.3,14.6,23.1,23.1,THE 2024,15.295936888530106
U1467,2024,,30.4,16.0,12.1,12.1,THE 2024,12.14340609155059
U1469,2024,,25.7,8.9,30.1,30.1,THE 2024,12.893070270634736
U1470,2024,,28.4,9.5,9.2,9.2,THE 2024,7.349594767763362
U1439,2024,,38.0,16.1,17.6,17.6,THE 2024,15.747181192711466
U1475,2024,,45.4,10.7,26.9,26.9,THE 2024,17.603789742500304
U1446,2024,,20.6,11.5,27.5,27.5,THE 2024,12.21241122177642
U1447,2024,,30.5,15.1,22.4,22.4,THE 2024,14.90461451663217
U1459,2024,,20.5,11.7,15.7,15.7,THE 2024,8.617036766796133
U1493,2024,,49.9,13.1,19.8,19.8,THE 2024,17.738084230014685
U2466,2024,,35.0,9.0,27.2,27.2,THE 2024,14.291147488442878
U1515,2024,,23.6,9.7,10.7,10.7,THE 2024,6.760884041231433
U1517,2024,,32.3,8.7,23.8,23.8,THE 2024,12.42176223777284
U1519,2024,,33.3,9.0,9.1,9.1,THE 2024,8.241393658399971
U3210,2024,,52.8,13.0,26.0,26.0,THE 2024,20.318467611829092
U1521,2024,,26.5,10.1,11.2,11.2,THE 2024,7.82762099580393
U1527,2024,,31.9,11.1,7.7,7.7,THE 2024,8.567312361581003
U1538,2024,,29.7,9.8,7.7,7.7,THE 2024,7.353927111669094
U1546,2024,,21.0,9.8,10.0,10.0,THE 2024,5.966447688614627
U2369,2024,,26.9,8.1,9.6,9.6,THE 2024,6.377695786277004
U3036,2024,,33.6,11.7,29.1,29.1,THE 2024,15.959568983606509
U1551,2024,,36.1,12.4,12.8,12.8,THE 2024,11.853158595344013
U1555,2024,,27.7,8.0,5.3,5.3,THE 2024,5.179191396730001
U1558,2024,,37.9,12.3,32.0,32.0,THE 2024,18.217364448501375
U1565,2024,,37.2,9.2,5.8,5.8,THE 2024,8.261346155545564
U1571,2024,,22.9,11.0,20.0,20.0,THE 2024,10.1701354439985
U1505,2024,,27.7,9.4,24.5,24.5,THE 2024,11.894252428490029
U1578,2024,,31.1,8.4,7.3,7.3,THE 2024,6.834137055209199
U1579,2024,,36.1,11.4,22.2,22.2,THE 2024,14.257398490326281
U1586,2024,,39.7,9.0,13.2,13.2,THE 2024,11.066415224168978
U1588,2024,,17.9,10.3,19.6,19.6,THE 2024,8.469458699020333
U1594,2024,,26.2,15.3,20.6,20.6,THE 2024,13.408785391203205
U1595,2024,,18.7,12.6,23.7,23.7,THE 2024,11.145638374599995
U3043,2024,,46.2,16.3,23.2,23.2,THE 2024,19.579622624451567
U1602,2024,,27.0,9.2,9.6,9.6,THE 2024,6.9783994992756675
U2467,2024,,34.3,12.2,19.2,19.2,THE 2024,13.306797919404069
U1610,2024,,20.4,9.5,16.7,16.7,THE 2024,7.75133961740569
U2417,2024,,43.9,9.1,12.0,12.0,THE 2024,11.760713817892016
U3052,2024,,37.9,15.6,21.5,21.5,THE 2024,16.67589615954587
U3053,2024,,39.8,17.7,17.7,17.7,THE 2024,17.052216607576543
U1623,2024,,34.4,10.7,12.5,12.5,THE 2024,10.457590779917378
U1625,2024,,21.3,9.1,26.1,26.1,THE 2024,10.68769909289795
U1626,2024,,35.5,7.7,5.2,5.2,THE 2024,6.877142199128708
U3212,2024,,27.8,12.6,28.9,28.9,THE 2024,14.966301583209729
U2468,2024,,23.9,12.1,33.0,33.0,THE 2024,15.038337565462248
U1630,2024,,32.8,8.7,7.8,7.8,THE 2024,7.558257546040912
U1631,2024,,28.4,13.4,9.9,9.9,THE 2024,9.611688460821611
U1633,2024,,23.7,12.5,8.2,8.2,THE 2024,7.473756879800739
U3064,2024,,26.4,10.3,15.2,15.2,THE 2024,9.15436492088595
U2421,2024,,26.5,8.7,10.1,10.1,THE 2024,6.751189247532999
U3069,2024,,25.9,9.4,39.3,39.3,THE 2024,16.06953598539164
U2423,2024,,42.0,9.5,13.6,13.6,THE 2024,12.009307651097261
U1656,2024,,24.2,11.4,28.8,28.8,THE 2024,13.435601430804759
U1657,2024,,22.6,10.1,33.9,33.9,THE 2024,13.956104008758459
U1669,2024,,24.7,10.7,14.6,14.6,THE 2024,8.765968092351692
U2426,2024,,37.2,10.6,10.2,10.2,THE 2024,10.365815286994064
U1678,2024,,63.9,8.7,15.3,15.3,THE 2024,17.415866966420847
U3075,2024,,32.0,14.4,15.4,15.4,THE 2024,12.719809800945779
U1691,2024,,47.9,14.9,27.6,27.6,THE 2024,20.627711061363726
U3080,2024,,61.8,14.9,26.5,26.5,THE 2024,23.64657969663666
U3081,2024,,38.9,10.7,13.7,13.7,THE 2024,11.919693414143103
U1703,2024,,40.3,9.9,5.2,5.2,THE 2024,9.191004280506931
U1705,2024,,17.6,8.9,29.4,29.4,THE 2024,10.716114189464571
U1739,2024,,22.3,9.5,23.9,23.9,THE 2024,10.45382241187732
U1745,2024,,19.8,7.9,37.9,37.9,THE 2024,13.37202378350548
U1751,2024,,62.7,13.8,26.3,26.3,THE 2024,23.225408656248906
U3092,2024,,29.2,16.7,29.9,29.9,THE 2024,17.765248179113712
U1784,2024,,23.2,17.1,18.1,18.1,THE 2024,12.847851512558158
U1786,2024,,22.1,13.4,16.8,16.8,THE 2024,10.237641969167282
U1790,2024,,16.1,9.4,29.3,29.3,THE 2024,10.584259095985423
U1793,2024,,31.2,10.6,12.0,12.0,THE 2024,9.475535139179081
U3215,2024,,37.6,14.1,22.6,22.6,THE 2024,16.15986037469083
U1794,2024,,23.1,9.1,29.1,29.1,THE 2024,12.057586875560201
U2910,2024,,44.3,10.9,19.7,19.7,THE 2024,15.199599125812533
U1797,2024,,25.4,14.5,21.8,21.8,THE 2024,13.169859580315244
U1808,2024,,41.5,15.5,19.4,19.4,THE 2024,16.83989633742156
U1816,2024,,22.1,10.6,10.9,10.9,THE 2024,6.932130497547541
U1824,2024,,43.2,9.2,12.1,12.1,THE 2024,11.674990789341855
U3112,2024,,45.9,15.4,29.8,29.8,THE 2024,21.09144788703084
U3114,2024,,67.0,9.5,25.8,25.8,THE 2024,21.855879918083367
U3115,2024,,27.7,10.8,18.6,18.6,THE 2024,10.789998818505508
U1828,2024,,31.2,10.7,3.7,3.7,THE 2024,6.942276258715122
U1831,2024,,68.7,10.8,8.5,8.5,THE 2024,17.558938084026273
U3123,2024,,35.3,7.4,12.8,12.8,THE 2024,9.039143147119898
U3121,2024,,32.4,7.0,9.0,9.0,THE 2024,6.9443688093698315
U1859,2024,,36.7,15.2,24.1,24.1,THE 2024,16.986015838754597
U1861,2024,,18.7,14.8,22.5,22.5,THE 2024,11.924846431184177
U1889,2024,,28.7,13.0,19.3,19.3,THE 2024,12.402945155177232
U1894,2024,,37.0,16.0,19.5,19.5,THE 2024,16.044832634209378
U3131,2024,,26.5,12.9,15.2,15.2,THE 2024,10.541232155897191
U1744,2024,,20.4,8.2,15.8,15.8,THE 2024,6.789624066552421
U1901,2024,,39.8,9.6,3.4,3.4,THE 2024,8.352104928272482
U1903,2024,,20.3,10.4,23.8,23.8,THE 2024,10.410691939987661
U3134,2024,,29.7,13.5,23.4,23.4,THE 2024,14.184096198054014
U1910,2024,,29.0,13.6,20.7,20.7,THE 2024,13.226099026201672
U3135,2024,,22.7,11.4,26.4,26.4,THE 2024,12.325180926561293
U1918,2024,,29.7,9.5,26.1,26.1,THE 2024,12.928781634680908
U1923,2024,,32.8,12.0,22.3,22.3,THE 2024,13.804951250854879
U1925,2024,,39.4,12.2,23.4,23.4,THE 2024,15.848582774018768
U3137,2024,,34.9,8.4,13.6,13.6,THE 2024,9.715738158171149
U1938,2024,,50.9,11.0,13.3,13.3,THE 2024,14.854371149378077
U1958,2024,,32.1,11.2,11.4,11.4,THE 2024,9.820738831838602
U3160,2024,,35.8,9.0,35.7,35.7,THE 2024,17.13259294117335
U1962,2024,,22.3,9.7,15.8,15.8,THE 2024,8.035279728831021
U2470,2024,,19.9,9.0,18.1,18.1,THE 2024,7.804503197438722
U1805,2024,,46.0,9.3,25.9,25.9,THE 2024,16.70361342334109
U1972,2024,,20.0,8.6,4.1,4.1,THE 2024,3.257672671913904
U1973,2024,,31.4,11.1,30.0,30.0,THE 2024,15.393433875742838
U1974,2024,,25.9,11.3,18.1,18.1,THE 2024,10.460981742557728
U1975,2024,,34.9,9.3,14.1,14.1,THE 2024,10.343199511254085
U1921,2024,,25.6,9.8,29.9,29.9,THE 2024,13.278279291036021
U2586,2024,,21.5,9.8,29.9,29.9,THE 2024,12.286743619935658
U2471,2024,,27.6,10.5,26.6,26.6,THE 2024,13.100794155253116
U2016,2024,,29.6,11.7,23.2,23.2,THE 2024,13.154210878832659
U2028,2024,,17.0,11.0,14.0,14.0,THE 2024,6.874132550983548
U2066,2024,,44.2,18.9,18.2,18.2,THE 2024,18.900997726730672
U2067,2024,,48.2,8.4,11.2,11.2,THE 2024,12.184519588631431
U2072,2024,,26.8,11.1,24.2,24.2,THE 2024,12.474125637807427
U2081,2024,,32.4,4.6,14.8,14.8,THE 2024,7.493360756704224
U2372,2024,,25.3,10.2,22.3,22.3,THE 2024,11.047770260231802
U2091,2024,,26.7,12.7,33.9,33.9,THE 2024,16.310323118013958
U2557,2024,,24.2,14.7,28.6,28.6,THE 2024,15.102855883282274
U2093,2024,,38.1,11.0,28.5,28.5,THE 2024,16.494047644008297
U2095,2024,,43.1,10.5,12.7,12.7,THE 2024,12.519064599413785
U2119,2024,,32.1,8.6,33.7,33.7,THE 2024,15.405095892125834
U2128,2024,,23.1,9.1,18.9,18.9,THE 2024,8.880016782102256
U2121,2024,,28.6,12.0,13.9,13.9,THE 2024,10.172409352991867
U2122,2024,,21.9,9.0,12.1,12.1,THE 2024,6.419020256056177
U2140,2024,,38.5,11.0,18.9,18.9,THE 2024,13.600128625825244
U2145,2024,,26.6,13.4,21.3,21.3,THE 2024,12.727781986570577
U2146,2024,,21.8,9.5,9.5,9.5,THE 2024,5.846922119185573
U2149,2024,,36.0,9.2,8.7,8.7,THE 2024,8.874567384549543
U2163,2024,,19.0,9.0,5.1,5.1,THE 2024,3.53700478897364
U2180,2024,,22.7,10.2,8.1,8.1,THE 2024,5.995315529511977
U2179,2024,,29.7,8.0,17.1,17.1,THE 2024,9.33887979491132
U2543,2024,,41.8,14.3,25.0,25.0,THE 2024,18.02806519698418
U2172,2024,,32.1,10.4,14.3,14.3,THE 2024,10.30487841137582
U3324,2024,,29.1,12.6,9.1,9.1,THE 2024,9.112466643273692
U3327,2024,,45.2,8.9,4.7,4.7,THE 2024,9.696138071905704
U2292,2024,,40.6,8.7,12.2,12.2,THE 2024,10.81531021172064
U3254,2024,,47.8,12.2,22.0,22.0,THE 2024,17.443884638280615
U3331,2024,,21.4,22.8,19.3,19.3,THE 2024,15.773796328496976
U0901,2024,,44.1,9.6,35.4,35.4,THE 2024,19.360855545109978
U3342,2024,,36.8,11.2,26.1,26.1,THE 2024,15.536816536412053
U3344,2024,,21.1,7.6,36.0,36.0,THE 2024,12.93728012670587
U3358,2024,,27.2,9.9,7.6,7.6,THE 2024,6.77059044375886
U3361,2024,,27.9,9.3,22.9,22.9,THE 2024,11.391766753133489
U3364,2024,,37.0,10.7,7.7,7.7,THE 2024,9.591042395372408
U3363,2024,,23.9,8.5,29.8,29.8,THE 2024,12.154660377429567
U3269,2024,,23.3,13.5,35.3,35.3,THE 2024,16.343498308297473
U3274,2024,,24.9,9.7,34.7,34.7,THE 2024,14.551908914379506
U3426,2024,,20.4,11.7,34.5,34.5,THE 2024,14.449550789254667
U3430,2024,,38.8,12.4,17.6,17.6,THE 2024,14.001448213262623
U3431,2024,,38.1,8.6,26.8,26.8,THE 2024,14.706590993211845
U3436,2024,,30.6,10.5,28.8,28.8,THE 2024,14.51166631638802
U3464,2024,,26.4,11.2,21.6,21.6,THE 2024,11.619832504498481
U0005,2024,,,,,,THE 2024,
U0006,2024,,,,,,THE 2024,
U0007,2024,,,,,,THE 2024,
U0009,2024,,,,,,THE 2024,
U0011,2024,,,,,,THE 2024,
U0013,2024,,,,,,THE 2024,
U0015,2024,,,,,,THE 2024,
U0020,2024,,,,,,THE 2024,
U0027,2024,,,,,,THE 2024,
U0028,2024,,,,,,THE 2024,
U2610,2024,,,,,,THE 2024,
U2628,2024,,,,,,THE 2024,
U2453,2024,,,,,,THE 2024,
U2629,2024,,,,,,THE 2024,
U0037,2024,,,,,,THE 2024,
U2492,2024,,,,,,THE 2024,
U0042,2024,,,,,,THE 2024,
U0043,2024,,,,,,THE 2024,
U0047,2024,,,,,,THE 2024,
U0048,2024,,,,,,THE 2024,
U0050,2024,,,,,,THE 2024,
U0052,2024,,,,,,THE 2024,
U0054,2024,,,,,,THE 2024,
U0055,2024,,,,,,THE 2024,
U0056,2024,,,,,,THE 2024,
U0057,2024,,,,,,THE 2024,
U0058,2024,,,,,,THE 2024,
U0060,2024,,,,,,THE 2024,
U0062,2024,,,,,,THE 2024,
U0063,2024,,,,,,THE 2024,
U0065,2024,,,,,,THE 2024,
U0068,2024,,,,,,THE 2024,
U0071,2024,,,,,,THE 2024,
U0073,2024,,,,,,THE 2024,
U2637,2024,,,,,,THE 2024,
U0074,2024,,,,,,THE 2024,
U2638,2024,,,,,,THE 2024,
U2639,2024,,,,,,THE 2024,
U0075,2024,,,,,,THE 2024,
U0077,2024,,,,,,THE 2024,
U0078,2024,,,,,,THE 2024,
U2641,2024,,,,,,THE 2024,
U0079,2024,,,,,,THE 2024,
U0080,2024,,,,,,THE 2024,
U0082,2024,,,,,,THE 2024,
U0083,2024,,,,,,THE 2024,
U0085,2024,,,,,,THE 2024,
U0086,2024,,,,,,THE 2024,
U0087,2024,,,,,,THE 2024,
U0088,2024,,,,,,THE 2024,
U0089,2024,,,,,,THE 2024,
U0091,2024,,,,,,THE 2024,
U0092,2024,,,,,,THE 2024,
U0093,2024,,,,,,THE 2024,
U0094,2024,,,,,,THE 2024,
U0095,2024,,,,,,THE 2024,
U0096,2024,,,,,,THE 2024,
U0097,2024,,,,,,THE 2024,
U0099,2024,,,,,,THE 2024,
U0100,2024,,,,,,THE 2024,
U0101,2024,,,,,,THE 2024,
U0103,2024,,,,,,THE 2024,
U0109,2024,,,,,,THE 2024,
U0108,2024,,,,,,THE 2024,
U0105,2024,,,,,,THE 2024,
U0112,2024,,,,,,THE 2024,
U0117,2024,,,,,,THE 2024,
U0114,2024,,,,,,THE 2024,
U0120,2024,,,,,,THE 2024,
U0121,2024,,,,,,THE 2024,
U0122,2024,,,,,,THE 2024,
U0124,2024,,,,,,THE 2024,
U0123,2024,,,,,,THE 2024,
U0135,2024,,,,,,THE 2024,
U0128,2024,,,,,,THE 2024,
U0131,2024,,,,,,THE 2024,
U0129,2024,,,,,,THE 2024,
U0130,2024,,,,,,THE 2024,
U0132,2024,,,,,,THE 2024,
U0134,2024,,,,,,THE 2024,
U0137,2024,,,,,,THE 2024,
U0146,2024,,,,,,THE 2024,
U0150,2024,,,,,,THE 2024,
U0151,2024,,,,,,THE 2024,
U0152,2024,,,,,,THE 2024,
U0161,2024,,,,,,THE 2024,
U0162,2024,,,,,,THE 2024,
U0164,2024,,,,,,THE 2024,
U3205,2024,,,,,,THE 2024,
U0165,2024,,,,,,THE 2024,
U0166,2024,,,,,,THE 2024,
U0167,2024,,,,,,THE 2024,
U0168,2024,,,,,,THE 2024,
U0169,2024,,,,,,THE 2024,
U0170,2024,,,,,,THE 2024,
U0182,2024,,,,,,THE 2024,
U0186,2024,,,,,,THE 2024,
U0192,2024,,,,,,THE 2024,
U0196,2024,,,,,,THE 2024,
U0202,2024,,,,,,THE 2024,
U0201,2024,,,,,,THE 2024,
U0203,2024,,,,,,THE 2024,
U0208,2024,,,,,,THE 2024,
U0210,2024,,,,,,THE 2024,
U0215,2024,,,,,,THE 2024,
U2658,2024,,,,,,THE 2024,
U0218,2024,,,,,,THE 2024,
U2659,2024,,,,,,THE 2024,
U0222,2024,,,,,,THE 2024,
U0224,2024,,,,,,THE 2024,
U0228,2024,,,,,,THE 2024,
U0231,2024,,,,,,THE 2024,
U0233,2024,,,,,,THE 2024,
U2666,2024,,,,,,THE 2024,
U0235,2024,,,,,,THE 2024,
U0238,2024,,,,,,THE 2024,
U0253,2024,,,,,,THE 2024,
U0251,2024,,,,,,THE 2024,
U0255,2024,,,,,,THE 2024,
U2672,2024,,,,,,THE 2024,
U0260,2024,,,,,,THE 2024,
U0262,2024,,,,,,THE 2024,
U0269,2024,,,,,,THE 2024,
U0278,2024,,,,,,THE 2024,
U2680,2024,,,,,,THE 2024,
U0280,2024,,,,,,THE 2024,
U2684,2024,,,,,,THE 2024,
U0285,2024,,,,,,THE 2024,
U2686,2024,,,,,,THE 2024,
U0299,2024,,,,,,THE 2024,
U0308,2024,,,,,,THE 2024,
U0311,2024,,,,,,THE 2024,
U0313,2024,,,,,,THE 2024,
U0312,2024,,,,,,THE 2024,
U0314,2024,,,,,,THE 2024,
U0316,2024,,,,,,THE 2024,
U0189,2024,,,,,,THE 2024,
U2230,2024,,,,,,THE 2024,
U0327,2024,,,,,,THE 2024,
U2256,2024,,,,,,THE 2024,
U0347,2024,,,,,,THE 2024,
U0340,2024,,,,,,THE 2024,
U2234,2024,,,,,,THE 2024,
U2235,2024,,,,,,THE 2024,
U2244,2024,,,,,,THE 2024,
U0349,2024,,,,,,THE 2024,
U0350,2024,,,,,,THE 2024,
U0352,2024,,,,,,THE 2024,
U0353,2024,,,,,,THE 2024,
U2731,2024,,,,,,THE 2024,
U2608,2024,,,,,,THE 2024,
U2612,2024,,,,,,THE 2024,
U2609,2024,,,,,,THE 2024,
U2611,2024,,,,,,THE 2024,
U0355,2024,,,,,,THE 2024,
U0356,2024,,,,,,THE 2024,
U2735,2024,,,,,,THE 2024,
U0361,2024,,,,,,THE 2024,
U0363,2024,,,,,,THE 2024,
U0366,2024,,,,,,THE 2024,
U2250,2024,,,,,,THE 2024,
U0368,2024,,,,,,THE 2024,
U0377,2024,,,,,,THE 2024,
U0384,2024,,,,,,THE 2024,
U0385,2024,,,,,,THE 2024,
U2739,2024,,,,,,THE 2024,
U0402,2024,,,,,,THE 2024,
U0403,2024,,,,,,THE 2024,
U2249,2024,,,,,,THE 2024,
U0419,2024,,,,,,THE 2024,
U0420,2024,,,,,,THE 2024,
U0424,2024,,,,,,THE 2024,
U0425,2024,,,,,,THE 2024,
U2742,2024,,,,,,THE 2024,
U0475,2024,,,,,,THE 2024,
U2754,2024,,,,,,THE 2024,
U0480,2024,,,,,,THE 2024,
U0485,2024,,,,,,THE 2024,
U2620,2024,,,,,,THE 2024,
U2761,2024,,,,,,THE 2024,
U2762,2024,,,,,,THE 2024,
U0494,2024,,,,,,THE 2024,
U0501,2024,,,,,,THE 2024,
U0507,2024,,,,,,THE 2024,
U0510,2024,,,,,,THE 2024,
U0512,2024,,,,,,THE 2024,
U0518,2024,,,,,,THE 2024,
U0517,2024,,,,,,THE 2024,
U0521,2024,,,,,,THE 2024,
U0523,2024,,,,,,THE 2024,
U0524,2024,,,,,,THE 2024,
U0525,2024,,,,,,THE 2024,
U2777,2024,,,,,,THE 2024,
U0534,2024,,,,,,THE 2024,
U0535,2024,,,,,,THE 2024,
U0541,2024,,,,,,THE 2024,
U0544,2024,,,,,,THE 2024,
U0546,2024,,,,,,THE 2024,
U0548,2024,,,,,,THE 2024,
U2778,2024,,,,,,THE 2024,
U2779,2024,,,,,,THE 2024,
U0551,2024,,,,,,THE 2024,
U0558,2024,,,,,,THE 2024,
U0560,2024,,,,,,THE 2024,
U2785,2024,,,,,,THE 2024,
U0438,2024,,,,,,THE 2024,
U0439,2024,,,,,,THE 2024,
U0440,2024,,,,,,THE 2024,
U0441,2024,,,,,,THE 2024,
U0442,2024,,,,,,THE 2024,
U0445,2024,,,,,,THE 2024,
U0443,2024,,,,,,THE 2024,
U0444,2024,,,,,,THE 2024,
U0446,2024,,,,,,THE 2024,
U0447,2024,,,,,,THE 2024,
U0448,2024,,,,,,THE 2024,
U0449,2024,,,,,,THE 2024,
U0454,2024,,,,,,THE 2024,
U0450,2024,,,,,,THE 2024,
U0451,2024,,,,,,THE 2024,
U0453,2024,,,,,,THE 2024,
U0455,2024,,,,,,THE 2024,
U0457,2024,,,,,,THE 2024,
U0458,2024,,,,,,THE 2024,
U0459,2024,,,,,,THE 2024,
U0460,2024,,,,,,THE 2024,
U0461,2024,,,,,,THE 2024,
U2787,2024,,,,,,THE 2024,
U0571,2024,,,,,,THE 2024,
U0572,2024,,,,,,THE 2024,
U0573,2024,,,,,,THE 2024,
U0574,2024,,,,,,THE 2024,
U0576,2024,,,,,,THE 2024,
U0581,2024,,,,,,THE 2024,
U2792,2024,,,,,,THE 2024,
U0582,2024,,,,,,THE 2024,
U0894,2024,,,,,,THE 2024,
U0590,2024,,,,,,THE 2024,
U0592,2024,,,,,,THE 2024,
U0595,2024,,,,,,THE 2024,
U0597,2024,,,,,,THE 2024,
U2331,2024,,,,,,THE 2024,
U2332,2024,,,,,,THE 2024,
U0602,2024,,,,,,THE 2024,
U0604,2024,,,,,,THE 2024,
U0603,2024,,,,,,THE 2024,
U0606,2024,,,,,,THE 2024,
U0608,2024,,,,,,THE 2024,
U0611,2024,,,,,,THE 2024,
U0620,2024,,,,,,THE 2024,
U0622,2024,,,,,,THE 2024,
U0627,2024,,,,,,THE 2024,
U0630,2024,,,,,,THE 2024,
U0637,2024,,,,,,THE 2024,
U0638,2024,,,,,,THE 2024,
U0648,2024,,,,,,THE 2024,
U0649,2024,,,,,,THE 2024,
U0650,2024,,,,,,THE 2024,
U0653,2024,,,,,,THE 2024,
U0665,2024,,,,,,THE 2024,
U0666,2024,,,,,,THE 2024,
U2807,2024,,,,,,THE 2024,
U0667,2024,,,,,,THE 2024,
U0680,2024,,,,,,THE 2024,
U0685,2024,,,,,,THE 2024,
U2812,2024,,,,,,THE 2024,
U0689,2024,,,,,,THE 2024,
U2814,2024,,,,,,THE 2024,
U0698,2024,,,,,,THE 2024,
U2821,2024,,,,,,THE 2024,
U0712,2024,,,,,,THE 2024,
U0716,2024,,,,,,THE 2024,
U0723,2024,,,,,,THE 2024,
U0729,2024,,,,,,THE 2024,
U0727,2024,,,,,,THE 2024,
U0728,2024,,,,,,THE 2024,
U0730,2024,,,,,,THE 2024,
U0732,2024,,,,,,THE 2024,
U0744,2024,,,,,,THE 2024,
U0745,2024,,,,,,THE 2024,
U0746,2024,,,,,,THE 2024,
U0748,2024,,,,,,THE 2024,
U2837,2024,,,,,,THE 2024,
U0756,2024,,,,,,THE 2024,
U0758,2024,,,,,,THE 2024,
U0759,2024,,,,,,THE 2024,
U0798,2024,,,,,,THE 2024,
U0766,2024,,,,,,THE 2024,
U0771,2024,,,,,,THE 2024,
U0772,2024,,,,,,THE 2024,
U0778,2024,,,,,,THE 2024,
U2845,2024,,,,,,THE 2024,
U2846,2024,,,,,,THE 2024,
U1840,2024,,,,,,THE 2024,
U0786,2024,,,,,,THE 2024,
U0788,2024,,,,,,THE 2024,
U0787,2024,,,,,,THE 2024,
U0789,2024,,,,,,THE 2024,
U3209,2024,,,,,,THE 2024,
U0790,2024,,,,,,THE 2024,
U0793,2024,,,,,,THE 2024,
U0794,2024,,,,,,THE 2024,
U0792,2024,,,,,,THE 2024,
U0797,2024,,,,,,THE 2024,
U0799,2024,,,,,,THE 2024,
U0800,2024,,,,,,THE 2024,
U0803,2024,,,,,,THE 2024,
U2850,2024,,,,,,THE 2024,
U0810,2024,,,,,,THE 2024,
U0812,2024,,,,,,THE 2024,
U2858,2024,,,,,,THE 2024,
U0821,2024,,,,,,THE 2024,
U0828,2024,,,,,,THE 2024,
U0830,2024,,,,,,THE 2024,
U0833,2024,,,,,,THE 2024,
U0835,2024,,,,,,THE 2024,
U0842,2024,,,,,,THE 2024,
U0846,2024,,,,,,THE 2024,
U0853,2024,,,,,,THE 2024,
U0856,2024,,,,,,THE 2024,
U0884,2024,,,,,,THE 2024,
U0887,2024,,,,,,THE 2024,
U0889,2024,,,,,,THE 2024,
U0892,2024,,,,,,THE 2024,
U2377,2024,,,,,,THE 2024,
U0911,2024,,,,,,THE 2024,
U0912,2024,,,,,,THE 2024,
U0913,2024,,,,,,THE 2024,
U0920,2024,,,,,,THE 2024,
U0919,2024,,,,,,THE 2024,
U0922,2024,,,,,,THE 2024,
U0895,2024,,,,,,THE 2024,
U0923,2024,,,,,,THE 2024,
U0925,2024,,,,,,THE 2024,
U0926,2024,,,,,,THE 2024,
U0930,2024,,,,,,THE 2024,
U0943,2024,,,,,,THE 2024,
U0944,2024,,,,,,THE 2024,
U0946,2024,,,,,,THE 2024,
U2461,2024,,,,,,THE 2024,
U0948,2024,,,,,,THE 2024,
U0947,2024,,,,,,THE 2024,
U0949,2024,,,,,,THE 2024,
U0954,2024,,,,,,THE 2024,
U0955,2024,,,,,,THE 2024,
U0958,2024,,,,,,THE 2024,
U0964,2024,,,,,,THE 2024,
U2451,2024,,,,,,THE 2024,
U0968,2024,,,,,,THE 2024,
U0974,2024,,,,,,THE 2024,
U0975,2024,,,,,,THE 2024,
U0985,2024,,,,,,THE 2024,
U0986,2024,,,,,,THE 2024,
U0987,2024,,,,,,THE 2024,
U2878,2024,,,,,,THE 2024,
U1008,2024,,,,,,THE 2024,
U1009,2024,,,,,,THE 2024,
U1017,2024,,,,,,THE 2024,
U1026,2024,,,,,,THE 2024,
U1027,2024,,,,,,THE 2024,
U2884,2024,,,,,,THE 2024,
U1028,2024,,,,,,THE 2024,
U1034,2024,,,,,,THE 2024,
U1046,2024,,,,,,THE 2024,
U1048,2024,,,,,,THE 2024,
U1049,2024,,,,,,THE 2024,
U1055,2024,,,,,,THE 2024,
U1063,2024,,,,,,THE 2024,
U1065,2024,,,,,,THE 2024,
U1066,2024,,,,,,THE 2024,
U1067,2024,,,,,,THE 2024,
U1072,2024,,,,,,THE 2024,
U1076,2024,,,,,,THE 2024,
U1090,2024,,,,,,THE 2024,
U1087,2024,,,,,,THE 2024,
U1088,2024,,,,,,THE 2024,
U1091,2024,,,,,,THE 2024,
U1097,2024,,,,,,THE 2024,
U1098,2024,,,,,,THE 2024,
U1099,2024,,,,,,THE 2024,
U1101,2024,,,,,,THE 2024,
U1106,2024,,,,,,THE 2024,
U1107,2024,,,,,,THE 2024,
U1108,2024,,,,,,THE 2024,
U1122,2024,,,,,,THE 2024,
U2895,2024,,,,,,THE 2024,
U1124,2024,,,,,,THE 2024,
U1127,2024,,,,,,THE 2024,
U1129,2024,,,,,,THE 2024,
U1132,2024,,,,,,THE 2024,
U1134,2024,,,,,,THE 2024,
U1140,2024,,,,,,THE 2024,
U1141,2024,,,,,,THE 2024,
U1142,2024,,,,,,THE 2024,
U1143,2024,,,,,,THE 2024,
U1144,2024,,,,,,THE 2024,
U1153,2024,,,,,,THE 2024,
U1154,2024,,,,,,THE 2024,
U1161,2024,,,,,,THE 2024,
U1163,2024,,,,,,THE 2024,
U1156,2024,,,,,,THE 2024,
U1165,2024,,,,,,THE 2024,
U1166,2024,,,,,,THE 2024,
U1170,2024,,,,,,THE 2024,
U1171,2024,,,,,,THE 2024,
U1173,2024,,,,,,THE 2024,
U1174,2024,,,,,,THE 2024,
U1180,2024,,,,,,THE 2024,
U1186,2024,,,,,,THE 2024,
U1190,2024,,,,,,THE 2024,
U1195,2024,,,,,,THE 2024,
U1198,2024,,,,,,THE 2024,
U1199,2024,,,,,,THE 2024,
U2911,2024,,,,,,THE 2024,
U1204,2024,,,,,,THE 2024,
U1206,2024,,,,,,THE 2024,
U1207,2024,,,,,,THE 2024,
U1211,2024,,,,,,THE 2024,
U1213,2024,,,,,,THE 2024,
U2921,2024,,,,,,THE 2024,
U1215,2024,,,,,,THE 2024,
U1218,2024,,,,,,THE 2024,
U2526,2024,,,,,,THE 2024,
U1220,2024,,,,,,THE 2024,
U1221,2024,,,,,,THE 2024,
U1223,2024,,,,,,THE 2024,
U1227,2024,,,,,,THE 2024,
U1233,2024,,,,,,THE 2024,
U1234,2024,,,,,,THE 2024,
U1238,2024,,,,,,THE 2024,
U1235,2024,,,,,,THE 2024,
U1252,2024,,,,,,THE 2024,
U2939,2024,,,,,,THE 2024,
U2282,2024,,,,,,THE 2024,
U2613,2024,,,,,,THE 2024,
U1261,2024,,,,,,THE 2024,
U1266,2024,,,,,,THE 2024,
U1268,2024,,,,,,THE 2024,
U1269,2024,,,,,,THE 2024,
U2381,2024,,,,,,THE 2024,
U1277,2024,,,,,,THE 2024,
U1279,2024,,,,,,THE 2024,
U1282,2024,,,,,,THE 2024,
U1283,2024,,,,,,THE 2024,
U2959,2024,,,,,,THE 2024,
U1293,2024,,,,,,THE 2024,
U2384,2024,,,,,,THE 2024,
U2962,2024,,,,,,THE 2024,
U2963,2024,,,,,,THE 2024,
U1308,2024,,,,,,THE 2024,
U1312,2024,,,,,,THE 2024,
U2463,2024,,,,,,THE 2024,
U1326,2024,,,,,,THE 2024,
U1331,2024,,,,,,THE 2024,
U1334,2024,,,,,,THE 2024,
U2978,2024,,,,,,THE 2024,
U1339,2024,,,,,,THE 2024,
U1342,2024,,,,,,THE 2024,
U1345,2024,,,,,,THE 2024,
U1346,2024,,,,,,THE 2024,
U1347,2024,,,,,,THE 2024,
U2572,2024,,,,,,THE 2024,
U2989,2024,,,,,,THE 2024,
U1350,2024,,,,,,THE 2024,
U2994,2024,,,,,,THE 2024,
U1783,2024,,,,,,THE 2024,
U1362,2024,,,,,,THE 2024,
U1364,2024,,,,,,THE 2024,
U2996,2024,,,,,,THE 2024,
U1366,2024,,,,,,THE 2024,
U2465,2024,,,,,,THE 2024,
U1368,2024,,,,,,THE 2024,
U1371,2024,,,,,,THE 2024,
U1374,2024,,,,,,THE 2024,
U2388,2024,,,,,,THE 2024,
U2393,2024,,,,,,THE 2024,
U2394,2024,,,,,,THE 2024,
U2399,2024,,,,,,THE 2024,
U2408,2024,,,,,,THE 2024,
U1384,2024,,,,,,THE 2024,
U1386,2024,,,,,,THE 2024,
U1387,2024,,,,,,THE 2024,
U1388,2024,,,,,,THE 2024,
U1389,2024,,,,,,THE 2024,
U1390,2024,,,,,,THE 2024,
U1391,2024,,,,,,THE 2024,
U1409,2024,,,,,,THE 2024,
U1410,2024,,,,,,THE 2024,
U1411,2024,,,,,,THE 2024,
U1462,2024,,,,,,THE 2024,
U1425,2024,,,,,,THE 2024,
U1466,2024,,,,,,THE 2024,
U1460,2024,,,,,,THE 2024,
U1473,2024,,,,,,THE 2024,
U1436,2024,,,,,,THE 2024,
U1474,2024,,,,,,THE 2024,
U1444,2024,,,,,,THE 2024,
U1477,2024,,,,,,THE 2024,
U1485,2024,,,,,,THE 2024,
U1456,2024,,,,,,THE 2024,
U1457,2024,,,,,,THE 2024,
U1484,2024,,,,,,THE 2024,
U1486,2024,,,,,,THE 2024,
U1489,2024,,,,,,THE 2024,
U1494,2024,,,,,,THE 2024,
U1498,2024,,,,,,THE 2024,
U1506,2024,,,,,,THE 2024,
U1508,2024,,,,,,THE 2024,
U1510,2024,,,,,,THE 2024,
U3023,2024,,,,,,THE 2024,
U1512,2024,,,,,,THE 2024,
U1514,2024,,,,,,THE 2024,
U3024,2024,,,,,,THE 2024,
U1526,2024,,,,,,THE 2024,
U1530,2024,,,,,,THE 2024,
U1532,2024,,,,,,THE 2024,
U1545,2024,,,,,,THE 2024,
U2614,2024,,,,,,THE 2024,
U3035,2024,,,,,,THE 2024,
U1553,2024,,,,,,THE 2024,
U1554,2024,,,,,,THE 2024,
U2415,2024,,,,,,THE 2024,
U1561,2024,,,,,,THE 2024,
U1562,2024,,,,,,THE 2024,
U1563,2024,,,,,,THE 2024,
U1566,2024,,,,,,THE 2024,
U3038,2024,,,,,,THE 2024,
U1577,2024,,,,,,THE 2024,
U1581,2024,,,,,,THE 2024,
U1584,2024,,,,,,THE 2024,
U2525,2024,,,,,,THE 2024,
U1587,2024,,,,,,THE 2024,
U1591,2024,,,,,,THE 2024,
U1592,2024,,,,,,THE 2024,
U1593,2024,,,,,,THE 2024,
U1599,2024,,,,,,THE 2024,
U2617,2024,,,,,,THE 2024,
U1600,2024,,,,,,THE 2024,
U3047,2024,,,,,,THE 2024,
U2287,2024,,,,,,THE 2024,
U2288,2024,,,,,,THE 2024,
U1608,2024,,,,,,THE 2024,
U1609,2024,,,,,,THE 2024,
U2301,2024,,,,,,THE 2024,
U1612,2024,,,,,,THE 2024,
U1613,2024,,,,,,THE 2024,
U1622,2024,,,,,,THE 2024,
U3067,2024,,,,,,THE 2024,
U1636,2024,,,,,,THE 2024,
U1637,2024,,,,,,THE 2024,
U1638,2024,,,,,,THE 2024,
U1639,2024,,,,,,THE 2024,
U1640,2024,,,,,,THE 2024,
U1643,2024,,,,,,THE 2024,
U1644,2024,,,,,,THE 2024,
U1646,2024,,,,,,THE 2024,
U1654,2024,,,,,,THE 2024,
U1668,2024,,,,,,THE 2024,
U3074,2024,,,,,,THE 2024,
U2428,2024,,,,,,THE 2024,
U1692,2024,,,,,,THE 2024,
U1693,2024,,,,,,THE 2024,
U1694,2024,,,,,,THE 2024,
U1695,2024,,,,,,THE 2024,
U3082,2024,,,,,,THE 2024,
U1704,2024,,,,,,THE 2024,
U1706,2024,,,,,,THE 2024,
U1708,2024,,,,,,THE 2024,
U3084,2024,,,,,,THE 2024,
U1718,2024,,,,,,THE 2024,
U1720,2024,,,,,,THE 2024,
U1721,2024,,,,,,THE 2024,
U2371,2024,,,,,,THE 2024,
U1731,2024,,,,,,THE 2024,
U1732,2024,,,,,,THE 2024,
U1735,2024,,,,,,THE 2024,
U1742,2024,,,,,,THE 2024,
U1756,2024,,,,,,THE 2024,
U1762,2024,,,,,,THE 2024,
U1764,2024,,,,,,THE 2024,
U1769,2024,,,,,,THE 2024,
U1770,2024,,,,,,THE 2024,
U1771,2024,,,,,,THE 2024,
U1772,2024,,,,,,THE 2024,
U1774,2024,,,,,,THE 2024,
U1767,2024,,,,,,THE 2024,
U1773,2024,,,,,,THE 2024,
U1768,2024,,,,,,THE 2024,
U1776,2024,,,,,,THE 2024,
U1785,2024,,,,,,THE 2024,
U1787,2024,,,,,,THE 2024,
U1792,2024,,,,,,THE 2024,
U3099,2024,,,,,,THE 2024,
U3100,2024,,,,,,THE 2024,
U3101,2024,,,,,,THE 2024,
U1803,2024,,,,,,THE 2024,
U1806,2024,,,,,,THE 2024,
U1811,2024,,,,,,THE 2024,
U1812,2024,,,,,,THE 2024,
U1815,2024,,,,,,THE 2024,
U1819,2024,,,,,,THE 2024,
U1817,2024,,,,,,THE 2024,
U1818,2024,,,,,,THE 2024,
U1820,2024,,,,,,THE 2024,
U2433,2024,,,,,,THE 2024,
U3109,2024,,,,,,THE 2024,
U3111,2024,,,,,,THE 2024,
U2434,2024,,,,,,THE 2024,
U1829,2024,,,,,,THE 2024,
U1834,2024,,,,,,THE 2024,
U1835,2024,,,,,,THE 2024,
U1839,2024,,,,,,THE 2024,
U3122,2024,,,,,,THE 2024,
U1845,2024,,,,,,THE 2024,
U1847,2024,,,,,,THE 2024,
U1848,2024,,,,,,THE 2024,
U1854,2024,,,,,,THE 2024,
U1858,2024,,,,,,THE 2024,
U1860,2024,,,,,,THE 2024,
U1862,2024,,,,,,THE 2024,
U1863,2024,,,,,,THE 2024,
U1864,2024,,,,,,THE 2024,
U3130,2024,,,,,,THE 2024,
U1895,2024,,,,,,THE 2024,
U1908,2024,,,,,,THE 2024,
U1911,2024,,,,,,THE 2024,
U1913,2024,,,,,,THE 2024,
U2291,2024,,,,,,THE 2024,
U1917,2024,,,,,,THE 2024,
U1920,2024,,,,,,THE 2024,
U1929,2024,,,,,,THE 2024,
U1931,2024,,,,,,THE 2024,
U1934,2024,,,,,,THE 2024,
U3139,2024,,,,,,THE 2024,
U3140,2024,,,,,,THE 2024,
U0896,2024,,,,,,THE 2024,
U1949,2024,,,,,,THE 2024,
U1960,2024,,,,,,THE 2024,
U1961,2024,,,,,,THE 2024,
U1971,2024,,,,,,THE 2024,
U1976,2024,,,,,,THE 2024,
U1982,2024,,,,,,THE 2024,
U1984,2024,,,,,,THE 2024,
U1985,2024,,,,,,THE 2024,
U1990,2024,,,,,,THE 2024,
U3168,2024,,,,,,THE 2024,
U3169,2024,,,,,,THE 2024,
U1993,2024,,,,,,THE 2024,
U1994,2024,,,,,,THE 2024,
U1996,2024,,,,,,THE 2024,
U3173,2024,,,,,,THE 2024,
U2018,2024,,,,,,THE 2024,
U3178,2024,,,,,,THE 2024,
U2023,2024,,,,,,THE 2024,
U2027,2024,,,,,,THE 2024,
U3180,2024,,,,,,THE 2024,
U2033,2024,,,,,,THE 2024,
U2034,2024,,,,,,THE 2024,
U2035,2024,,,,,,THE 2024,
U2036,2024,,,,,,THE 2024,
U2052,2024,,,,,,THE 2024,
U2037,2024,,,,,,THE 2024,
U2040,2024,,,,,,THE 2024,
U2042,2024,,,,,,THE 2024,
U2043,2024,,,,,,THE 2024,
U2045,2024,,,,,,THE 2024,
U2049,2024,,,,,,THE 2024,
U2050,2024,,,,,,THE 2024,
U2051,2024,,,,,,THE 2024,
U2046,2024,,,,,,THE 2024,
U2047,2024,,,,,,THE 2024,
U2048,2024,,,,,,THE 2024,
U2039,2024,,,,,,THE 2024,
U2053,2024,,,,,,THE 2024,
U2054,2024,,,,,,THE 2024,
U2056,2024,,,,,,THE 2024,
U2057,2024,,,,,,THE 2024,
U2070,2024,,,,,,THE 2024,
U3186,2024,,,,,,THE 2024,
U2436,2024,,,,,,THE 2024,
U2439,2024,,,,,,THE 2024,
U2443,2024,,,,,,THE 2024,
U2083,2024,,,,,,THE 2024,
U0906,2024,,,,,,THE 2024,
U2086,2024,,,,,,THE 2024,
U2090,2024,,,,,,THE 2024,
U2555,2024,,,,,,THE 2024,
U0908,2024,,,,,,THE 2024,
U3191,2024,,,,,,THE 2024,
U0898,2024,,,,,,THE 2024,
U2096,2024,,,,,,THE 2024,
U2098,2024,,,,,,THE 2024,
U2097,2024,,,,,,THE 2024,
U2099,2024,,,,,,THE 2024,
U3219,2024,,,,,,THE 2024,
U3225,2024,,,,,,THE 2024,
U2108,2024,,,,,,THE 2024,
U2110,2024,,,,,,THE 2024,
U2112,2024,,,,,,THE 2024,
U2113,2024,,,,,,THE 2024,
U2115,2024,,,,,,THE 2024,
U2130,2024,,,,,,THE 2024,
U2134,2024,,,,,,THE 2024,
U2138,2024,,,,,,THE 2024,
U2143,2024,,,,,,THE 2024,
U2155,2024,,,,,,THE 2024,
U3233,2024,,,,,,THE 2024,
U2165,2024,,,,,,THE 2024,
U2166,2024,,,,,,THE 2024,
U2167,2024,,,,,,THE 2024,
U2168,2024,,,,,,THE 2024,
U2170,2024,,,,,,THE 2024,
U2173,2024,,,,,,THE 2024,
U2174,2024,,,,,,THE 2024,
U2178,2024,,,,,,THE 2024,
U2181,2024,,,,,,THE 2024,
U2187,2024,,,,,,THE 2024,
U2186,2024,,,,,,THE 2024,
U2192,2024,,,,,,THE 2024,
U2194,2024,,,,,,THE 2024,
U2198,2024,,,,,,THE 2024,
U2199,2024,,,,,,THE 2024,
U3313,2024,,,,,,THE 2024,
U3312,2024,,,,,,THE 2024,
U3314,2024,,,,,,THE 2024,
U3318,2024,,,,,,THE 2024,
U2446,2024,,,,,,THE 2024,
U1483,2024,,,,,,THE 2024,
U3325,2024,,,,,,THE 2024,
U3326,2024,,,,,,THE 2024,
U3328,2024,,,,,,THE 2024,
U3251,2024,,,,,,THE 2024,
U3332,2024,,,,,,THE 2024,
U3333,2024,,,,,,THE 2024,
U3334,2024,,,,,,THE 2024,
U3337,2024,,,,,,THE 2024,
U3258,2024,,,,,,THE 2024,
U3345,2024,,,,,,THE 2024,
U3349,2024,,,,,,THE 2024,
U3353,2024,,,,,,THE 2024,
U3355,2024,,,,,,THE 2024,
U3360,2024,,,,,,THE 2024,
U3267,2024,,,,,,THE 2024,
U3268,2024,,,,,,THE 2024,
U3380,2024,,,,,,THE 2024,
U3385,2024,,,,,,THE 2024,
U3386,2024,,,,,,THE 2024,
U3392,2024,,,,,,THE 2024,
U3394,2024,,,,,,THE 2024,
U3395,2024,,,,,,THE 2024,
U3397,2024,,,,,,THE 2024,
U3398,2024,,,,,,THE 2024,
U3287,2024,,,,,,THE 2024,
U3401,2024,,,,,,THE 2024,
U3400,2024,,,,,,THE 2024,
U3402,2024,,,,,,THE 2024,
U3403,2024,,,,,,THE 2024,
U3408,2024,,,,,,THE 2024,
U3419,2024,,,,,,THE 2024,
U3422,2024,,,,,,THE 2024,
U3425,2024,,,,,,THE 2024,
U3418,2024,,,,,,THE 2024,
U3441,2024,,,,,,THE 2024,
U3446,2024,,,,,,THE 2024,
U3449,2024,,,,,,THE 2024,
U3460,2024,,,,,,THE 2024,
U3461,2024,,,,,,THE 2024,
U3462,2024,,,,,,THE 2024,
U3463,2024,,,,,,THE 2024,
U3049,2023,,96.2,99.7,99.0,99.0,WUR 2023,98.87982363581548
U0773,2023,,80.5,99.0,99.3,99.3,WUR 2023,94.92312687667949
U2718,2023,,95.8,99.5,97.0,97.0,WUR 2023,98.07318462034935
U1970,2023,,79.8,96.7,99.8,99.8,WUR 2023,93.66484799079956
U1289,2023,,89.3,93.6,99.8,99.8,WUR 2023,94.20516755013978
U0321,2023,,83.6,97.0,97.3,97.3,WUR 2023,93.95916361378772
U1702,2023,,80.3,95.9,99.1,99.1,WUR 2023,93.13660742486505
U2705,2023,,78.4,95.8,99.0,99.0,WUR 2023,92.60826907480458
U3420,2023,,70.9,92.7,97.0,97.0,WUR 2023,88.57178730764494
U0851,2023,,97.5,90.8,98.3,98.3,WUR 2023,94.15063330226015
U0467,2023,,79.9,87.7,97.1,97.1,WUR 2023,87.99627393485936
U0599,2023,,97.7,95.4,90.7,90.7,WUR 2023,94.39084950030883
U2738,2023,,74.2,88.8,97.7,97.7,WUR 2023,87.44183283707719
U3062,2023,,71.5,88.8,97.0,97.0,WUR 2023,86.59929816719476
U1016,2023,,75.3,91.5,97.0,97.0,WUR 2023,88.94977051964159
U2157,2023,,40.3,97.4,88.0,88.0,WUR 2023,81.24652590760817
U1627,2023,,65.0,96.7,80.4,80.4,WUR 2023,84.33996858169495
U3228,2023,,89.7,93.3,92.8,92.8,WUR 2023,92.01917646739881
U1480,2023,,94.0,93.0,90.2,90.2,WUR 2023,92.07504549921919
U0478,2023,,76.9,86.1,97.3,97.3,WUR 2023,86.48908433147994
U2709,2023,,65.0,88.9,95.4,95.4,WUR 2023,84.65090679159954
U2175,2023,,96.7,85.4,97.9,97.9,WUR 2023,90.91750590216002
U2971,2023,,59.2,84.6,93.6,93.6,WUR 2023,80.42205098590895
U1501,2023,,74.7,84.0,95.0,95.0,WUR 2023,84.14190632419549
U0550,2023,,68.0,76.2,95.7,95.7,WUR 2023,78.56282719915886
U1539,2023,,67.0,80.7,97.5,97.5,WUR 2023,81.31124031998395
U3272,2023,,63.0,82.8,98.9,98.9,WUR 2023,81.93764277707245
U0337,2023,,80.1,81.8,98.7,98.7,WUR 2023,85.33077419959099
U2788,2023,,95.6,74.5,97.1,97.1,WUR 2023,84.51390235093453
U2071,2023,,77.7,82.2,84.5,84.5,WUR 2023,80.6923564210569
U2851,2023,,98.7,74.1,92.4,92.4,WUR 2023,83.60014572488618
U2713,2023,,67.8,77.2,98.2,98.2,WUR 2023,79.81385842361047
U1224,2023,,70.5,78.3,87.4,87.4,WUR 2023,77.77445350309692
U2966,2023,,93.6,75.9,85.8,85.8,WUR 2023,81.38767045467536
U1118,2023,,96.1,72.9,98.2,98.2,WUR 2023,84.09664717625574
U1404,2023,,94.5,77.9,87.2,87.2,WUR 2023,83.10476154391623
U1236,2023,,92.8,74.3,95.1,95.1,WUR 2023,83.14651567191699
U0703,2023,,81.2,75.9,91.4,91.4,WUR 2023,80.1840225800899
U3226,2023,,43.3,91.4,55.5,55.5,WUR 2023,68.8685605988847
U2697,2023,,94.8,73.1,88.8,88.8,WUR 2023,81.05850928487834
U0456,2023,,98.0,70.7,84.5,84.5,WUR 2023,79.20566126811191
U1159,2023,,76.8,74.9,86.7,86.7,WUR 2023,77.19290241985294
U2591,2023,,71.2,61.5,96.0,96.0,WUR 2023,71.43805296004594
U1349,2023,,91.0,68.7,90.4,90.4,WUR 2023,78.27099782433382
U0400,2023,,92.5,61.1,95.7,95.7,WUR 2023,76.10727794388605
U1296,2023,,91.0,72.4,82.5,82.5,WUR 2023,77.88621861558255
U1618,2023,,76.3,73.5,75.5,75.5,WUR 2023,72.93058668270844
U2866,2023,,56.2,78.9,78.1,78.1,WUR 2023,71.94585909336028
U1054,2023,,87.3,68.8,94.0,94.0,WUR 2023,78.5493927013765
U3194,2023,,40.1,73.1,87.5,87.5,WUR 2023,67.88499029181233
U0673,2023,,45.2,75.8,74.5,74.5,WUR 2023,66.60774934911292
U1878,2023,,43.7,82.9,59.9,59.9,WUR 2023,65.68811332490198
U3086,2023,,93.2,66.5,84.3,84.3,WUR 2023,75.7484924709081
U2945,2023,,92.7,63.7,91.3,91.3,WUR 2023,76.23181245878368
U3174,2023,,90.6,65.8,88.5,88.5,WUR 2023,76.03197885919445
U1855,2023,,35.9,76.2,67.6,67.6,WUR 2023,62.56484332819112
U3379,2023,,64.0,56.8,98.2,98.2,WUR 2023,67.8750870462449
U0808,2023,,97.7,63.4,87.7,87.7,WUR 2023,76.14881353763452
U3370,2023,,88.8,60.2,93.2,93.2,WUR 2023,73.99920294709517
U2644,2023,,91.9,64.1,93.3,93.3,WUR 2023,76.86642000433761
U0303,2023,,63.3,58.0,89.5,89.5,WUR 2023,65.73054142845992
U0191,2023,,96.0,69.2,81.8,81.8,WUR 2023,77.10927157644507
U2707,2023,,68.7,66.3,80.9,80.9,WUR 2023,68.88762523717244
U2715,2023,,76.0,61.5,96.2,96.2,WUR 2023,72.62003215811649
U3152,2023,,63.7,58.6,90.4,90.4,WUR 2023,66.42120387733046
U3323,2023,,78.8,66.0,91.2,91.2,WUR 2023,74.19984413332807
U3456,2023,,55.1,74.8,62.8,62.8,WUR 2023,64.8408152003321
U1177,2023,,40.5,79.1,52.3,52.3,WUR 2023,60.583557801319635
U3025,2023,,41.7,59.7,93.3,93.3,WUR 2023,62.75391608072404
U0514,2023,,94.2,76.4,59.1,59.1,WUR 2023,73.72411650102839
U0289,2023,,65.9,56.1,92.9,92.9,WUR 2023,66.3369914327224
U3307,2023,,95.1,59.0,85.9,85.9,WUR 2023,72.61345010241408
U0378,2023,,69.3,52.2,98.8,98.8,WUR 2023,66.80298209329725
U3120,2023,,36.9,64.9,78.8,78.8,WUR 2023,60.064241516910656
U2830,2023,,89.8,57.6,90.4,90.4,WUR 2023,71.97762290913451
U2696,2023,,89.4,53.4,98.6,98.6,WUR 2023,72.08881407575342
U1210,2023,,85.4,64.4,86.6,86.6,WUR 2023,73.48403228092845
U3440,2023,,52.8,68.9,63.9,63.9,WUR 2023,61.43999363811169
U0807,2023,,97.6,57.0,86.7,86.7,WUR 2023,72.35607411718286
U0586,2023,,89.7,57.1,95.6,95.6,WUR 2023,73.25598316365576
U3282,2023,,51.8,62.9,78.7,78.7,WUR 2023,62.43188437400684
U0583,2023,,59.8,46.0,98.0,98.0,WUR 2023,60.98280722343383
U2823,2023,,93.8,50.8,96.5,96.5,WUR 2023,71.07332010954434
U3300,2023,,93.0,50.7,87.5,87.5,WUR 2023,68.11045884721375
U1297,2023,,84.7,51.1,94.6,94.6,WUR 2023,68.53506865384698
U0823,2023,,70.5,64.3,75.6,75.6,WUR 2023,66.62193978555594
U3184,2023,,64.1,58.2,84.5,84.5,WUR 2023,64.51370290398032
U2625,2023,,93.6,51.8,92.2,92.2,WUR 2023,70.26789972109272
U2687,2023,,68.7,56.1,86.0,86.0,WUR 2023,64.90450349181194
U1940,2023,,72.3,58.3,76.6,76.6,WUR 2023,64.09464903215354
U0668,2023,,76.4,62.4,74.8,74.8,WUR 2023,66.72925653687903
U1148,2023,,38.2,66.0,65.7,65.7,WUR 2023,57.00216927652976
U2579,2023,,69.7,55.2,79.1,79.1,WUR 2023,62.56391417485223
U2676,2023,,88.2,46.5,90.7,90.7,WUR 2023,65.68151585646157
U2708,2023,,73.2,51.6,93.6,93.6,WUR 2023,65.81658931581651
U0907,2023,,95.6,58.8,64.8,64.8,WUR 2023,66.24088178336035
U1398,2023,,55.2,58.2,74.3,74.3,WUR 2023,59.34958623228903
U3330,2023,,50.6,47.5,96.5,96.5,WUR 2023,59.19221319487155
U0421,2023,,99.6,53.0,79.9,79.9,WUR 2023,68.60006498663604
U1791,2023,,65.1,64.5,66.1,66.1,WUR 2023,62.59561603346103
U2663,2023,,96.8,44.1,86.5,86.5,WUR 2023,65.12059201816965
U1104,2023,,93.6,36.7,91.9,91.9,WUR 2023,61.99732559394772
U2976,2023,,41.7,56.9,81.2,81.2,WUR 2023,57.57784882108682
U2954,2023,,42.6,57.7,89.7,89.7,WUR 2023,60.79206315850158
U3271,2023,,94.9,49.6,88.1,88.1,WUR 2023,68.13995270351265
U1323,2023,,61.9,55.6,78.8,78.8,WUR 2023,60.867443185585536
U0709,2023,,63.9,60.1,77.8,77.8,WUR 2023,63.47001669230149
U2679,2023,,92.2,46.2,95.2,95.2,WUR 2023,67.81446884969286
U3144,2023,,94.6,47.5,92.3,92.3,WUR 2023,68.20242573632467
U2847,2023,,57.0,58.5,86.6,86.6,WUR 2023,63.65241858726394
U2995,2023,,85.5,53.2,75.8,75.8,WUR 2023,64.17409547029632
U1568,2023,,60.3,51.2,83.4,83.4,WUR 2023,59.501208481145916
U2809,2023,,67.3,52.8,80.8,80.8,WUR 2023,61.21717107216476
U2755,2023,,84.7,47.5,87.2,87.2,WUR 2023,64.34700291449772
U2577,2023,,68.3,44.8,89.3,89.3,WUR 2023,59.68768597356733
U3129,2023,,88.5,46.4,89.5,89.5,WUR 2023,65.33453490766729
U0003,2023,,77.9,60.0,77.6,77.6,WUR 2023,66.62638967778518
U2634,2023,,89.2,52.7,72.9,72.9,WUR 2023,63.89070941791377
U2831,2023,,63.0,53.8,83.9,83.9,WUR 2023,61.69170998428595
U1249,2023,,78.5,55.5,81.0,81.0,WUR 2023,65.35709925819616
U3365,2023,,79.4,52.2,87.5,87.5,WUR 2023,65.74545646773198
U1194,2023,,94.9,40.0,96.9,96.9,WUR 2023,65.60080965664585
U0509,2023,,42.0,40.4,88.2,88.2,WUR 2023,50.8266329091639
U1723,2023,,97.1,41.3,97.7,97.7,WUR 2023,67.06098918421827
U3262,2023,,95.8,59.3,65.1,65.1,WUR 2023,66.6491924664333
U3042,2023,,77.0,48.5,89.0,89.0,WUR 2023,63.6340041419641
U1711,2023,,71.1,64.2,56.9,56.9,WUR 2023,61.05271358502817
U2840,2023,,60.4,54.4,75.4,75.4,WUR 2023,58.83869591823336
U2916,2023,,91.8,47.8,79.3,79.3,WUR 2023,63.77928205874005
U3034,2023,,90.4,44.1,86.6,86.6,WUR 2023,63.655506850849775
U2648,2023,,71.8,46.2,90.4,90.4,WUR 2023,61.59650080628013
U3276,2023,,94.4,48.1,85.6,85.6,WUR 2023,66.45451417253317
U3189,2023,,96.0,42.1,90.5,90.5,WUR 2023,65.05992993103914
U0338,2023,,52.9,40.6,90.7,90.7,WUR 2023,54.237752630086774
U2915,2023,,92.3,47.6,83.0,83.0,WUR 2023,64.90671373968632
U0701,2023,,49.1,35.0,88.0,88.0,WUR 2023,49.49978377255486
U2799,2023,,92.7,41.3,94.8,94.8,WUR 2023,65.15593567200844
U3045,2023,,84.1,45.4,82.6,82.6,WUR 2023,61.67809216678518
U2653,2023,,94.3,44.3,85.4,85.4,WUR 2023,64.31216094017783
U1495,2023,,87.8,40.0,96.0,96.0,WUR 2023,63.669753732618105
U1730,2023,,74.7,51.6,85.5,85.5,WUR 2023,63.717459831342595
U3290,2023,,57.3,45.2,87.8,87.8,WUR 2023,56.88064820709232
U3294,2023,,88.7,44.0,85.9,85.9,WUR 2023,62.99244585984869
U3072,2023,,43.4,42.9,90.6,90.6,WUR 2023,53.23382168780872
U1253,2023,,98.1,49.6,75.5,75.5,WUR 2023,65.07713238394678
U2746,2023,,64.4,46.5,80.0,80.0,WUR 2023,56.88488109613596
U1749,2023,,75.3,39.7,84.4,84.4,WUR 2023,57.07861492603029
U2748,2023,,45.6,46.3,85.5,85.5,WUR 2023,54.04732182139939
U2183,2023,,56.1,41.2,89.3,89.3,WUR 2023,54.887056170304916
U3309,2023,,72.6,55.7,75.2,75.2,WUR 2023,62.33290468909793
U2803,2023,,41.4,58.7,64.2,64.2,WUR 2023,53.341707587656224
U1628,2023,,48.3,53.8,75.2,75.2,WUR 2023,55.626082157936835
U2161,2023,,51.4,36.7,92.2,92.2,WUR 2023,52.22823831628719
U3093,2023,,73.8,40.5,87.0,87.0,WUR 2023,57.94780740634526
U1157,2023,,81.1,53.8,68.4,68.4,WUR 2023,61.23318194690277
U0160,2023,,62.5,47.9,79.6,79.6,WUR 2023,57.07838465360004
U2058,2023,,67.8,55.7,62.0,62.0,WUR 2023,57.219473878124155
U2160,2023,,60.5,50.7,69.1,69.1,WUR 2023,54.95248477425626
U3265,2023,,52.5,39.8,86.6,86.6,WUR 2023,52.47100588386888
U2726,2023,,78.8,43.8,88.7,88.7,WUR 2023,61.417793579384046
U2685,2023,,51.6,40.8,80.2,80.2,WUR 2023,50.8669534483868
U2153,2023,,93.7,47.3,79.4,79.4,WUR 2023,63.98259332321007
U2917,2023,,92.5,32.9,98.7,98.7,WUR 2023,61.738262985650266
U1648,2023,,31.8,51.4,67.7,67.7,WUR 2023,48.202688467368766
U1951,2023,,59.0,42.9,95.5,95.5,WUR 2023,58.36053633960251
U2063,2023,,94.0,44.9,73.2,73.2,WUR 2023,60.87757843879212
U1300,2023,,79.0,34.4,96.8,96.8,WUR 2023,58.82202831795625
U1524,2023,,76.3,30.2,96.2,96.2,WUR 2023,55.734545984424436
U0858,2023,,54.3,39.4,85.5,85.5,WUR 2023,52.34222061748287
U2486,2023,,82.3,50.4,72.8,72.8,WUR 2023,61.00238078828949
U2000,2023,,56.4,54.0,59.4,59.4,WUR 2023,52.84872207783469
U3410,2023,,35.3,40.5,89.2,89.2,WUR 2023,49.61780288418667
U2184,2023,,43.7,42.0,85.9,85.9,WUR 2023,51.395003549625024
U1256,2023,,89.8,44.6,76.1,76.1,WUR 2023,60.61077261381419
U0817,2023,,25.5,42.6,88.8,88.8,WUR 2023,48.34471031564961
U2928,2023,,94.1,37.7,89.4,89.4,WUR 2023,61.899811446074935
U1986,2023,,66.3,50.4,87.1,87.1,WUR 2023,61.58865980547368
U2947,2023,,57.4,48.2,79.0,79.0,WUR 2023,55.86785779844532
U2650,2023,,41.3,47.0,78.7,78.7,WUR 2023,51.36539557782213
U2100,2023,,56.0,54.8,63.2,63.2,WUR 2023,54.33782712975051
U2660,2023,,59.9,43.4,89.9,89.9,WUR 2023,57.14812423099623
U0195,2023,,67.1,38.8,91.1,91.1,WUR 2023,56.701396124596656
U1842,2023,,56.4,36.5,74.8,74.8,WUR 2023,48.02602347929557
U2986,2023,,49.2,43.9,81.4,81.4,WUR 2023,52.34841561952592
U1661,2023,,68.9,39.4,91.5,91.5,WUR 2023,57.56795169978616
U0334,2023,,88.3,38.9,88.5,88.5,WUR 2023,60.92254801098514
U1451,2023,,47.2,55.5,60.1,60.1,WUR 2023,51.723450629917586
U0672,2023,,62.8,39.9,81.3,81.3,WUR 2023,53.32889654023023
U1051,2023,,68.6,54.2,57.8,57.8,WUR 2023,55.32366076167588
U2956,2023,,65.0,33.5,87.8,87.8,WUR 2023,52.341685458638985
U2622,2023,,95.9,34.1,89.8,89.8,WUR 2023,60.49117742213117
U2717,2023,,67.9,33.3,95.9,95.9,WUR 2023,55.360509964426996
U1306,2023,,81.7,27.6,94.0,94.0,WUR 2023,54.92245494254458
U2970,2023,,60.2,33.5,81.0,81.0,WUR 2023,49.163738518632954
U2797,2023,,53.5,47.5,68.8,68.8,WUR 2023,51.49276715929724
U1902,2023,,38.7,58.6,48.6,48.6,WUR 2023,47.93895334974528
U0555,2023,,94.3,44.6,70.0,70.0,WUR 2023,59.81741641845694
U1728,2023,,97.4,37.9,84.4,84.4,WUR 2023,61.26708507112805
U3088,2023,,93.3,39.6,78.5,78.5,WUR 2023,59.445777028185674
U0002,2023,,81.9,40.4,67.5,67.5,WUR 2023,53.888982170544665
U2675,2023,,76.4,32.7,85.7,85.7,WUR 2023,53.9367867678929
U0268,2023,,48.5,42.4,84.2,84.2,WUR 2023,52.219070697228986
U2704,2023,,79.9,40.2,75.9,75.9,WUR 2023,55.85367266970017
U0491,2023,,95.2,33.5,83.0,83.0,WUR 2023,57.94614732176832
U2781,2023,,85.4,30.5,90.3,90.3,WUR 2023,56.238953557970355
U2782,2023,,86.4,29.7,95.0,95.0,WUR 2023,57.46059993807141
U0579,2023,,86.4,49.8,55.5,55.5,WUR 2023,56.40344278922299
U2817,2023,,98.6,35.4,81.8,81.8,WUR 2023,59.406889057029495
U0702,2023,,56.9,32.8,83.2,83.2,WUR 2023,48.67883479537273
U2825,2023,,65.1,43.6,87.9,87.9,WUR 2023,57.866581154210344
U2849,2023,,55.8,32.2,95.2,95.2,WUR 2023,51.72583062205239
U0820,2023,,62.9,28.8,99.7,99.7,WUR 2023,52.90377607182017
U1109,2023,,76.7,35.9,80.3,80.3,WUR 2023,54.107293499523614
U2897,2023,,67.9,46.4,62.9,62.9,WUR 2023,52.47709595680807
U1149,2023,,55.8,48.7,61.5,61.5,WUR 2023,50.47254321772569
U2570,2023,,88.9,44.1,77.3,77.3,WUR 2023,60.492539561130144
U2936,2023,,99.4,39.8,64.5,64.5,WUR 2023,56.74548206716703
U2937,2023,,99.3,36.0,78.5,78.5,WUR 2023,58.89748367352138
U1254,2023,,99.7,30.7,79.2,79.2,WUR 2023,56.33156257645127
U1301,2023,,88.4,30.2,88.8,88.8,WUR 2023,56.323745562356294
U3013,2023,,84.3,35.8,79.3,79.3,WUR 2023,55.526403898332596
U3032,2023,,59.3,40.5,67.7,67.7,WUR 2023,48.723263390668436
U3050,2023,,49.3,36.5,80.9,80.9,WUR 2023,48.2119030391388
U3078,2023,,59.6,44.6,70.4,70.4,WUR 2023,51.83090752487841
U1714,2023,,98.9,38.7,79.6,79.6,WUR 2023,60.59930890507583
U1724,2023,,83.9,39.7,86.0,86.0,WUR 2023,59.57183168816475
U1737,2023,,94.7,37.3,76.9,76.9,WUR 2023,58.043071702751945
U1789,2023,,53.9,43.6,73.0,73.0,WUR 2023,50.74371033720703
U1980,2023,,74.9,28.3,99.9,99.9,WUR 2023,55.497142355886204
U1825,2023,,56.7,40.2,69.4,69.4,WUR 2023,48.46738611558501
U3138,2023,,37.2,61.5,43.3,43.3,WUR 2023,47.556627726401075
U1826,2023,,43.5,44.9,67.7,67.7,WUR 2023,47.41520656661846
U1851,2023,,77.1,18.0,87.9,87.9,WUR 2023,46.80249715344081
U3156,2023,,56.2,36.9,85.1,85.1,WUR 2023,51.310898585898634
U3161,2023,,94.9,41.4,67.8,67.8,WUR 2023,57.55880296388381
U3171,2023,,94.8,33.9,79.5,79.5,WUR 2023,57.010906359634575
U3172,2023,,93.1,34.2,89.0,89.0,WUR 2023,59.64920751171532
U2507,2023,,99.5,23.3,91.4,91.4,WUR 2023,55.965682344571825
U3182,2023,,65.4,33.1,92.4,92.4,WUR 2023,53.609587711095315
U2092,2023,,56.0,51.2,72.0,72.0,WUR 2023,55.04895493878836
U2116,2023,,51.1,62.3,36.8,36.8,WUR 2023,49.271934918805286
U2616,2023,,94.2,40.3,73.9,73.9,WUR 2023,58.64412663628159
U3356,2023,,45.2,27.8,99.7,99.7,WUR 2023,48.22655024381114
U3366,2023,,77.3,43.6,67.4,67.4,WUR 2023,54.517451669736424
U3273,2023,,87.5,46.4,71.0,71.0,WUR 2023,59.50613198333807
U3389,2023,,85.6,42.1,67.9,67.9,WUR 2023,55.795345969628215
U3388,2023,,87.9,31.7,87.6,87.6,WUR 2023,56.656587620619476
U3285,2023,,94.0,38.2,74.8,74.8,WUR 2023,57.73198028410719
U0001,2023,,76.4,43.3,73.2,73.2,WUR 2023,55.898690011173926
U0184,2023,,96.4,21.3,97.4,97.4,WUR 2023,55.97247578954864
U0190,2023,,79.9,25.9,98.3,98.3,WUR 2023,54.88138734484782
U2665,2023,,93.4,33.8,73.8,73.8,WUR 2023,54.905842052383875
U0244,2023,,41.4,43.8,59.5,59.5,WUR 2023,43.84883066108438
U0287,2023,,81.8,21.8,99.9,99.9,WUR 2023,53.588165128033104
U0288,2023,,48.5,31.5,74.9,74.9,WUR 2023,43.50191197566886
U0291,2023,,84.0,20.7,88.4,88.4,WUR 2023,50.02847824872754
U0298,2023,,81.1,25.4,99.8,99.8,WUR 2023,55.34453430422287
U2712,2023,,65.3,32.7,81.4,81.4,WUR 2023,50.04292559816122
U2722,2023,,88.1,32.0,92.6,92.6,WUR 2023,58.377926909570874
U0369,2023,,77.4,44.5,64.4,64.4,WUR 2023,54.12109871958731
U0390,2023,,47.6,32.0,92.8,92.8,WUR 2023,48.97579395810871
U0477,2023,,93.6,31.0,90.9,90.9,WUR 2023,58.60714892599958
U0511,2023,,88.7,33.0,83.2,83.2,WUR 2023,56.217083699292296
U2780,2023,,60.9,35.5,79.9,79.9,WUR 2023,50.07805224881443
U0781,2023,,59.3,32.3,80.1,80.1,WUR 2023,48.0312265542654
U0435,2023,,83.6,29.4,79.5,79.5,WUR 2023,51.956380787799546
U0719,2023,,65.6,32.9,76.4,76.4,WUR 2023,48.70926464377508
U0736,2023,,83.2,35.8,76.4,76.4,WUR 2023,54.392378423505946
U2843,2023,,66.9,41.7,66.0,66.0,WUR 2023,50.634905593203015
U0780,2023,,59.5,41.8,65.3,65.3,WUR 2023,48.74841126313083
U2867,2023,,53.1,32.4,74.6,74.6,WUR 2023,44.97349315274313
U0862,2023,,28.0,56.9,33.1,33.1,WUR 2023,39.83054327390563
U1012,2023,,58.5,28.8,80.5,80.5,WUR 2023,46.06928707573938
U2894,2023,,57.1,32.7,84.5,84.5,WUR 2023,49.064537747693926
U1117,2023,,85.4,32.9,76.3,76.3,WUR 2023,53.30519093259028
U1181,2023,,67.8,41.8,62.9,62.9,WUR 2023,49.961857147966526
U1200,2023,,88.4,32.9,83.2,83.2,WUR 2023,56.09281906041663
U2569,2023,,72.4,35.8,67.8,67.8,WUR 2023,49.26820748591174
U1217,2023,,70.8,39.8,78.0,78.0,WUR 2023,54.145900366835406
U3006,2023,,72.5,30.3,84.7,84.7,WUR 2023,51.4230441174213
U1589,2023,,29.4,19.8,99.4,99.4,WUR 2023,40.11054117777326
U1597,2023,,42.2,60.9,31.8,31.8,WUR 2023,44.92200235923087
U3059,2023,,47.2,33.7,75.0,75.0,WUR 2023,44.4201815738941
U1726,2023,,72.7,38.0,60.9,60.9,WUR 2023,48.44337337596694
U1780,2023,,54.1,47.2,57.6,57.6,WUR 2023,48.083343758196314
U1849,2023,,58.8,29.3,93.8,93.8,WUR 2023,50.43241385769686
U3128,2023,,99.3,21.3,96.8,96.8,WUR 2023,56.46859427010335
U1914,2023,,92.0,36.8,76.3,76.3,WUR 2023,56.95992306369466
U3153,2023,,78.9,32.4,85.3,85.3,WUR 2023,54.2374176326949
U1978,2023,,54.0,36.9,82.2,82.2,WUR 2023,49.9198637652776
U2003,2023,,31.3,37.4,74.8,74.8,WUR 2023,42.649078126372856
U2008,2023,,83.6,28.2,91.5,91.5,WUR 2023,54.93535887468313
U2111,2023,,84.5,46.6,61.7,61.7,WUR 2023,56.10103976576231
U2142,2023,,53.1,52.3,46.1,46.1,WUR 2023,47.13460654525703
U3243,2023,,94.5,46.4,57.2,57.2,WUR 2023,56.96825890525547
U2197,2023,,88.8,29.8,82.3,82.3,WUR 2023,54.234792976102945
U3248,2023,,33.9,34.9,81.7,81.7,WUR 2023,43.988968786980365
U3351,2023,,56.8,36.2,73.7,73.7,WUR 2023,47.62430659010298
U3224,2023,,73.1,44.3,67.9,67.9,WUR 2023,54.06655120246304
U0016,2023,,98.5,15.4,83.1,83.1,WUR 2023,48.942433545989644
U0041,2023,,63.2,24.9,72.3,72.3,WUR 2023,42.57490315084542
U0069,2023,,96.7,22.1,91.6,91.6,WUR 2023,54.721906436882
U0133,2023,,91.1,16.3,99.0,99.0,WUR 2023,52.50946995369401
U0197,2023,,51.2,31.2,80.8,80.8,WUR 2023,45.754513747917336
U2688,2023,,59.9,27.8,79.5,79.5,WUR 2023,45.552258715321535
U0296,2023,,55.5,23.1,90.3,90.3,WUR 2023,45.24430486061005
U2533,2023,,85.2,22.6,83.2,83.2,WUR 2023,49.7655238730451
U2606,2023,,63.7,33.7,67.7,67.7,WUR 2023,46.067660470487404
U2711,2023,,47.3,23.5,96.0,96.0,WUR 2023,45.26889205645039
U2751,2023,,31.5,20.3,97.0,97.0,WUR 2023,40.14624483642655
U0502,2023,,89.0,30.9,74.3,74.3,WUR 2023,52.458050099605074
U0545,2023,,50.1,26.0,76.4,76.4,WUR 2023,41.349957832381925
U0452,2023,,62.1,46.2,47.4,47.4,WUR 2023,46.326113408028704
U2798,2023,,96.4,32.4,71.0,71.0,WUR 2023,54.00160590523032
U0656,2023,,89.8,33.1,75.8,75.8,WUR 2023,54.29036100021198
U0662,2023,,47.8,37.3,67.5,67.5,WUR 2023,44.24238584203442
U2813,2023,,82.8,32.7,71.2,71.2,WUR 2023,51.04703322553536
U0700,2023,,50.0,26.8,84.0,84.0,WUR 2023,44.058349890628755
U0776,2023,,70.2,39.5,63.3,63.3,WUR 2023,49.3976353920233
U2874,2023,,46.2,31.6,70.7,70.7,WUR 2023,41.74853868870793
U1197,2023,,59.8,32.7,77.2,77.2,WUR 2023,47.48771757886668
U2972,2023,,43.5,30.4,82.5,82.5,WUR 2023,44.036191783128444
U2973,2023,,43.0,25.9,93.6,93.6,WUR 2023,44.83852105000308
U1353,2023,,62.2,33.6,72.1,72.1,WUR 2023,46.99366716112635
U1383,2023,,35.8,54.1,39.7,39.7,WUR 2023,42.13214785629433
U1402,2023,,40.7,24.9,79.4,79.4,WUR 2023,39.465071224405875
U3044,2023,,88.0,34.5,70.2,70.2,WUR 2023,52.93464839849608
U3046,2023,,57.5,35.8,75.2,75.2,WUR 2023,48.02480230050324
U1650,2023,,62.0,45.3,56.4,56.4,WUR 2023,48.536982487210075
U1746,2023,,71.4,21.5,99.9,99.9,WUR 2023,50.99574504318179
U1758,2023,,93.6,32.7,71.8,71.8,WUR 2023,53.75184932441988
U3163,2023,,95.9,20.4,80.0,80.0,WUR 2023,50.10601595706285
U1800,2023,,34.7,15.8,89.4,89.4,WUR 2023,36.15781814912573
U3145,2023,,87.5,36.1,70.4,70.4,WUR 2023,53.74504873446519
U3155,2023,,79.8,24.3,85.5,85.5,WUR 2023,50.12031622202313
U1987,2023,,69.5,26.8,76.1,76.1,WUR 2023,46.225311753758085
U3167,2023,,53.5,48.6,47.5,47.5,WUR 2023,45.64711789148191
U2011,2023,,81.5,31.1,81.8,81.8,WUR 2023,53.08220117416076
U2021,2023,,45.8,32.2,63.1,63.1,WUR 2023,39.681720733598965
U2030,2023,,51.1,35.9,76.9,76.9,WUR 2023,47.09775928185705
U3183,2023,,91.1,34.8,71.5,71.5,WUR 2023,54.2146061680022
U2062,2023,,59.6,48.2,43.8,43.8,WUR 2023,45.736715199711526
U2094,2023,,38.6,23.1,83.5,83.5,WUR 2023,39.239255116865706
U3192,2023,,46.7,28.4,79.0,79.0,WUR 2023,42.641963973959946
U2123,2023,,50.0,58.2,31.0,31.0,WUR 2023,45.03987489674486
U2615,2023,,84.3,28.8,83.7,83.7,WUR 2023,53.065066394400816
U3260,2023,,86.8,33.7,75.5,75.5,WUR 2023,53.823727699911586
U0110,2023,,78.7,14.8,89.6,89.6,WUR 2023,45.95696404255174
U0172,2023,,52.5,36.5,76.1,76.1,WUR 2023,47.50795368731486
U0178,2023,,31.8,9.5,97.0,97.0,WUR 2023,34.36585075374209
U0275,2023,,90.7,33.3,66.8,66.8,WUR 2023,51.88720954235886
U2693,2023,,59.7,38.6,59.0,59.0,WUR 2023,45.15642050979376
U2694,2023,,42.5,18.8,95.2,95.2,WUR 2023,41.359415741684636
U2725,2023,,44.7,20.7,99.1,99.1,WUR 2023,44.08212235484753
U0344,2023,,62.8,19.2,97.8,97.8,WUR 2023,47.10538144219786
U0360,2023,,26.3,41.2,65.7,65.7,WUR 2023,40.787342573681464
U0379,2023,,79.8,33.2,72.4,72.4,WUR 2023,50.979857776561275
U0422,2023,,95.0,29.3,69.0,69.0,WUR 2023,51.39035778293051
U2769,2023,,51.5,39.0,64.9,64.9,WUR 2023,45.24149157660184
U0561,2023,,54.7,32.6,62.0,62.0,WUR 2023,41.645183419339816
U0570,2023,,87.4,25.3,80.4,80.4,WUR 2023,50.895390256242585
U0722,2023,,33.3,8.9,100.0,100.0,WUR 2023,35.29854902238738
U2829,2023,,56.7,26.9,77.6,77.6,WUR 2023,43.742457761340425
U2839,2023,,82.3,9.2,98.7,98.7,WUR 2023,46.516515534733415
U0769,2023,,27.6,46.9,49.0,49.0,WUR 2023,39.128434978741446
U0811,2023,,34.3,17.6,79.2,79.2,WUR 2023,33.95476404261706
U0848,2023,,65.1,17.7,89.6,89.6,WUR 2023,44.35035819611437
U0852,2023,,77.2,35.8,50.1,50.1,WUR 2023,45.03688023236938
U0979,2023,,93.8,28.2,78.0,78.0,WUR 2023,53.23587515445401
U1022,2023,,35.2,9.4,99.3,99.3,WUR 2023,35.80163661230387
U2890,2023,,92.0,29.5,67.6,67.6,WUR 2023,50.374378468580545
U1083,2023,,92.8,37.1,56.2,56.2,WUR 2023,51.230723462082295
U1162,2023,,23.7,9.8,98.4,98.4,WUR 2023,33.05922802882554
U1212,2023,,54.3,22.1,90.0,90.0,WUR 2023,44.3314934130653
U2923,2023,,72.4,38.4,62.2,62.2,WUR 2023,48.98310980304032
U1242,2023,,88.6,32.6,61.0,61.0,WUR 2023,49.263324812164655
U2942,2023,,82.7,32.6,61.2,61.2,WUR 2023,47.945304010235205
U2946,2023,,56.6,31.2,75.0,75.0,WUR 2023,45.262163732843476
U1295,2023,,21.4,11.1,93.3,93.3,WUR 2023,31.683731493690694
U3004,2023,,32.3,28.3,77.5,77.5,WUR 2023,38.769677779461716
U3018,2023,,37.6,29.3,74.5,74.5,WUR 2023,39.642449281272384
U1518,2023,,54.8,38.2,59.7,59.7,WUR 2023,44.00656952136978
U3096,2023,,65.3,28.8,63.8,63.8,WUR 2023,42.60766889666189
U1775,2023,,91.6,28.4,67.6,67.6,WUR 2023,49.68503753440613
U1777,2023,,93.4,20.1,79.6,79.6,WUR 2023,49.238422522799425
U1782,2023,,22.1,15.3,90.1,90.1,WUR 2023,33.15473055920924
U1896,2023,,49.1,14.4,98.3,98.3,WUR 2023,41.45543985545424
U3164,2023,,86.1,25.9,79.4,79.4,WUR 2023,50.61425966923733
U2010,2023,,52.1,31.4,71.8,71.8,WUR 2023,43.351362290064216
U3195,2023,,56.4,27.0,81.3,81.3,WUR 2023,44.84548709723148
U2162,2023,,43.8,23.0,73.6,73.6,WUR 2023,37.406085594058766
U3241,2023,,53.5,32.6,73.9,73.9,WUR 2023,44.96359991014476
U3250,2023,,66.2,25.5,88.0,88.0,WUR 2023,48.348848686842885
U3338,2023,,42.4,26.0,80.0,80.0,WUR 2023,40.639602089240526
U3372,2023,,33.0,20.2,81.9,81.9,WUR 2023,35.87600868714992
U3378,2023,,50.1,32.7,69.6,69.6,WUR 2023,42.92297534190556
U3406,2023,,37.5,11.7,89.0,89.0,WUR 2023,34.47003759646537
U0053,2023,,35.1,11.0,82.8,82.8,WUR 2023,31.655091666391755
U2633,2023,,60.0,24.9,70.0,70.0,WUR 2023,41.131675083314526
U0156,2023,,17.9,8.8,100.0,100.0,WUR 2023,31.646247000334142
U0174,2023,,92.6,24.9,76.8,76.8,WUR 2023,50.804949126124285
U0175,2023,,47.8,11.6,98.5,98.5,WUR 2023,39.69539234257613
U0207,2023,,18.4,10.6,97.3,97.3,WUR 2023,31.921618428947564
U0206,2023,,22.9,20.9,98.4,98.4,WUR 2023,38.885313224398686
U0227,2023,,84.3,24.7,72.6,72.6,WUR 2023,47.48719313748962
U2668,2023,,58.3,39.4,55.0,55.0,WUR 2023,44.05300973415456
U0304,2023,,96.9,26.4,69.9,69.9,WUR 2023,50.53549618890963
U2721,2023,,34.1,46.7,38.4,38.4,WUR 2023,37.33313904437268
U0329,2023,,46.7,13.2,100.0,100.0,WUR 2023,40.75875092394771
U2729,2023,,31.9,21.5,79.7,79.7,WUR 2023,35.65790211282304
U0428,2023,,59.0,27.2,65.5,65.5,WUR 2023,40.783080288157365
U0464,2023,,37.1,30.3,63.0,63.0,WUR 2023,36.58951608003812
U0466,2023,,39.1,29.6,72.3,72.3,WUR 2023,39.49010753314208
U0472,2023,,44.7,34.7,60.5,60.5,WUR 2023,39.99270058851754
U2753,2023,,54.8,29.3,59.8,59.8,WUR 2023,39.2155763539284
U2759,2023,,48.4,26.0,82.2,82.2,WUR 2023,42.70679382876419
U2763,2023,,83.4,23.1,67.0,67.0,WUR 2023,44.71662548165317
U2771,2023,,27.5,24.7,69.8,69.8,WUR 2023,33.36939090655806
U0549,2023,,82.2,33.8,63.2,63.2,WUR 2023,49.083374461187006
U0556,2023,,48.6,12.6,100.0,100.0,WUR 2023,40.87764907200211
U0569,2023,,87.8,17.0,81.3,81.3,WUR 2023,46.76481760218789
U2791,2023,,32.4,31.2,67.1,67.1,WUR 2023,37.218845222141034
U0651,2023,,40.0,19.8,94.7,94.7,WUR 2023,41.16580572405002
U2801,2023,,42.4,24.7,70.6,70.6,WUR 2023,37.09263480164398
U2802,2023,,44.7,32.4,65.6,65.6,WUR 2023,40.28910213676484
U0669,2023,,74.2,19.4,83.3,83.3,WUR 2023,45.49219456076922
U2818,2023,,43.9,28.3,66.5,66.5,WUR 2023,38.153345250067694
U0706,2023,,43.4,26.9,65.2,65.2,WUR 2023,36.88498112582641
U2530,2023,,65.5,35.0,56.1,56.1,WUR 2023,43.684382054134595
U0767,2023,,63.7,40.8,40.8,40.8,WUR 2023,41.778733671479955
U0824,2023,,25.6,26.4,87.6,87.6,WUR 2023,39.22944026488189
U2861,2023,,34.5,15.7,83.7,83.7,WUR 2023,34.33312767365072
U0840,2023,,67.3,21.8,61.0,61.0,WUR 2023,38.43620175751757
U2870,2023,,96.2,30.1,55.9,55.9,WUR 2023,48.142407513773065
U0891,2023,,59.4,30.5,59.1,59.1,WUR 2023,40.72870333186242
U2872,2023,,54.3,15.6,84.0,84.0,WUR 2023,38.995850523469656
U0927,2023,,39.5,36.9,56.5,56.5,WUR 2023,38.75983587863304
U0992,2023,,74.8,8.5,97.0,97.0,WUR 2023,43.870867916387255
U1025,2023,,51.8,37.3,60.2,60.2,WUR 2023,42.96930399096418
U2883,2023,,51.2,33.3,68.0,68.0,WUR 2023,43.02114080554849
U2886,2023,,49.2,24.4,67.2,67.2,WUR 2023,37.490680499126114
U2896,2023,,90.9,18.2,74.7,74.7,WUR 2023,46.14320309685389
U1152,2023,,49.3,42.3,56.1,56.1,WUR 2023,43.853831533179964
U2901,2023,,51.5,34.4,63.9,63.9,WUR 2023,42.44719789890289
U2905,2023,,34.0,14.0,97.7,97.7,WUR 2023,37.529266135646466
U1209,2023,,54.7,39.2,46.2,46.2,WUR 2023,40.44225555438334
U1214,2023,,96.4,22.6,59.9,59.9,WUR 2023,45.3359753352097
U2926,2023,,75.4,17.4,85.8,85.8,WUR 2023,45.44519316100681
U1222,2023,,77.2,19.0,81.2,81.2,WUR 2023,45.341363771320204
U1260,2023,,21.9,31.5,58.1,58.1,WUR 2023,32.206313543350504
U2950,2023,,53.9,30.1,64.1,64.1,WUR 2023,40.73906865335702
U1294,2023,,82.5,28.9,71.7,71.7,WUR 2023,49.0696445696045
U1327,2023,,91.0,19.6,75.3,75.3,WUR 2023,47.10641572878284
U2987,2023,,37.6,23.2,72.1,72.1,WUR 2023,35.612200792823074
U1367,2023,,49.2,11.0,99.9,99.9,WUR 2023,40.12085515749818
U1372,2023,,93.2,27.8,70.6,70.6,WUR 2023,50.64110028903273
U1412,2023,,56.3,20.1,82.4,82.4,WUR 2023,41.41697241728239
U3007,2023,,56.1,31.0,60.5,60.5,WUR 2023,40.65191829591216
U3008,2023,,46.3,12.6,83.2,83.2,WUR 2023,35.25962073314169
U1544,2023,,67.5,34.7,60.1,60.1,WUR 2023,45.19883565032037
U1548,2023,,28.9,10.6,87.5,87.5,WUR 2023,31.411179779565593
U1738,2023,,55.1,21.8,87.1,87.1,WUR 2023,43.47887962908827
U3055,2023,,53.6,38.1,54.5,54.5,WUR 2023,42.09944386350104
U3070,2023,,40.6,30.2,69.2,69.2,WUR 2023,39.228101908452174
U3073,2023,,73.0,22.7,79.6,79.6,WUR 2023,45.88051808683786
U1676,2023,,56.2,31.9,66.2,66.2,WUR 2023,42.886613732859814
U3076,2023,,57.9,32.3,63.7,63.7,WUR 2023,42.744446331172256
U3077,2023,,91.4,19.2,76.3,76.3,WUR 2023,47.285608303819814
U1715,2023,,22.6,10.3,99.9,99.9,WUR 2023,33.526703619947924
U1717,2023,,19.4,9.8,100.0,100.0,WUR 2023,32.53842609937121
U1719,2023,,48.6,22.9,78.7,78.7,WUR 2023,40.01574844990726
U1796,2023,,59.7,37.7,57.0,57.0,WUR 2023,44.06404117173064
U1884,2023,,31.6,36.3,60.4,60.4,WUR 2023,37.76844988439017
U1886,2023,,34.5,27.9,86.0,86.0,WUR 2023,41.637576263452566
U3133,2023,,43.5,25.3,79.9,79.9,WUR 2023,40.48717123302884
U1942,2023,,34.4,35.6,70.7,70.7,WUR 2023,41.158376580183315
U1943,2023,,37.8,42.3,47.2,47.2,WUR 2023,38.47538338726498
U1947,2023,,25.0,37.7,58.0,58.0,WUR 2023,36.25898389105534
U1966,2023,,59.1,12.6,92.1,92.1,WUR 2023,40.941807196813684
U3166,2023,,89.7,33.9,56.1,56.1,WUR 2023,48.74270467136205
U1999,2023,,57.2,12.3,94.5,94.5,WUR 2023,41.061174871986495
U2015,2023,,50.7,28.0,64.3,64.3,WUR 2023,38.914294173356275
U2559,2023,,76.7,33.8,58.9,58.9,WUR 2023,46.497924506408594
U2109,2023,,41.5,42.8,51.6,51.6,WUR 2023,40.94137043452245
U2141,2023,,58.4,16.0,99.2,99.2,WUR 2023,44.76725336597866
U3231,2023,,56.9,32.3,66.5,66.5,WUR 2023,43.35757566490756
U3237,2023,,36.4,17.1,75.6,75.6,WUR 2023,33.08585266614646
U3240,2023,,41.4,29.7,77.5,77.5,WUR 2023,41.6542425368052
U2169,2023,,87.6,37.4,38.1,38.1,WUR 2023,44.70449341126884
U2190,2023,,64.5,29.6,78.4,78.4,WUR 2023,47.269445036910554
U3316,2023,,19.7,10.0,90.4,90.4,WUR 2023,29.81363611272701
U2565,2023,,74.8,25.7,60.2,60.2,WUR 2023,42.059278778582765
U3340,2023,,87.4,34.0,53.2,53.2,WUR 2023,47.38247654569144
U3266,2023,,95.4,28.1,66.4,66.4,WUR 2023,50.04747123309417
U3222,2023,,72.9,14.6,92.9,92.9,WUR 2023,45.491465364740094
U3396,2023,,35.7,21.4,64.3,64.3,WUR 2023,31.834323334664887
U3412,2023,,28.3,28.5,78.4,78.4,WUR 2023,38.215618121427724
U3442,2023,,75.3,33.1,67.0,67.0,WUR 2023,48.241220210341616
U0012,2023,,81.1,23.4,64.1,64.1,WUR 2023,43.464739717846044
U0141,2023,,64.1,8.9,98.4,98.4,WUR 2023,42.01093973688843
U2909,2023,,34.6,24.3,69.2,69.2,WUR 2023,34.63013307460075
U0239,2023,,27.1,39.6,48.4,48.4,WUR 2023,34.87566472791435
U0242,2023,,25.8,36.2,49.9,49.9,WUR 2023,33.183735290736095
U0277,2023,,72.0,10.8,90.3,90.3,WUR 2023,42.436389792921396
U2690,2023,,84.2,22.7,62.5,62.5,WUR 2023,43.325969549002465
U0307,2023,,24.6,11.1,97.7,97.7,WUR 2023,33.76204020638289
U0354,2023,,86.3,28.7,45.3,45.3,WUR 2023,41.86528170728879
U0374,2023,,23.5,11.8,93.8,93.8,WUR 2023,32.70479364323974
U0381,2023,,64.3,31.0,49.7,49.7,WUR 2023,39.30167711412139
U2760,2023,,74.0,21.1,69.9,69.9,WUR 2023,42.31395630980755
U0506,2023,,39.0,8.2,99.9,99.9,WUR 2023,36.22088452131588
U0554,2023,,38.8,11.6,90.0,90.0,WUR 2023,35.02202408812934
U0563,2023,,89.3,14.2,76.6,76.6,WUR 2023,44.177120858076734
U0434,2023,,70.9,30.8,51.6,51.6,WUR 2023,41.3099876012178
U0640,2023,,66.0,27.5,61.2,61.2,WUR 2023,41.280704623837735
U0661,2023,,41.7,27.4,62.7,62.7,WUR 2023,36.002592381706116
U2810,2023,,82.5,31.3,54.8,54.8,WUR 2023,45.258865815192166
U0721,2023,,80.7,25.9,63.4,63.4,WUR 2023,44.51386774882733
U0725,2023,,45.3,13.1,88.1,88.1,WUR 2023,36.778686616697
U2828,2023,,94.6,16.8,78.2,78.2,WUR 2023,47.30776028705337
U2834,2023,,60.6,33.4,48.7,48.7,WUR 2023,39.434880120336125
U0753,2023,,39.8,40.8,31.4,31.4,WUR 2023,33.35187958646337
U0770,2023,,43.9,24.2,76.2,76.2,WUR 2023,38.865794573801665
U0784,2023,,94.0,31.1,48.3,48.3,WUR 2023,45.87171353472753
U0802,2023,,44.0,40.8,32.2,32.2,WUR 2023,34.5751234815493
U0806,2023,,98.0,28.2,57.4,57.4,WUR 2023,47.98734485599154
U2857,2023,,77.6,24.6,62.1,62.1,WUR 2023,42.69219817000376
U2862,2023,,61.6,32.0,66.3,66.3,WUR 2023,44.232709092266084
U0883,2023,,19.4,15.4,78.4,78.4,WUR 2023,29.03975416703276
U2871,2023,,40.3,22.6,84.8,84.8,WUR 2023,39.75874063517955
U0915,2023,,30.2,23.1,79.5,79.5,WUR 2023,36.06696087508096
U0932,2023,,21.2,36.8,54.2,54.2,WUR 2023,33.73439924699282
U0942,2023,,23.5,8.5,96.4,96.4,WUR 2023,31.703434995072822
U0476,2023,,90.2,31.4,40.5,40.5,WUR 2023,42.78750564249111
U0982,2023,,27.7,12.5,75.8,75.8,WUR 2023,28.621751933880127
U1005,2023,,39.5,9.5,100.0,100.0,WUR 2023,37.07217423881897
U1014,2023,,70.4,32.9,42.3,42.3,WUR 2023,39.518259970877885
U1018,2023,,50.6,10.3,92.2,92.2,WUR 2023,37.74013066245622
U1029,2023,,48.3,8.4,96.7,96.7,WUR 2023,37.53438214395718
U1059,2023,,22.9,13.4,84.0,84.0,WUR 2023,30.467635944840445
U1074,2023,,73.1,24.8,68.4,68.4,WUR 2023,43.65438059819225
U2891,2023,,39.0,27.3,59.2,59.2,WUR 2023,34.25911233734355
U1080,2023,,39.3,10.3,95.0,95.0,WUR 2023,35.94671794011675
U2898,2023,,33.3,8.3,96.0,96.0,WUR 2023,33.763844517442074
U1185,2023,,43.6,42.5,34.8,34.8,WUR 2023,36.188865936044365
U1202,2023,,86.5,11.9,69.5,69.5,WUR 2023,40.12980066981514
U2924,2023,,62.5,21.5,59.5,59.5,WUR 2023,36.69856385536148
U2927,2023,,60.4,35.7,53.4,53.4,WUR 2023,42.055459277545566
U2944,2023,,45.4,9.5,99.9,99.9,WUR 2023,38.420436976232295
U2968,2023,,32.1,23.6,72.1,72.1,WUR 2023,34.543838787578096
U1325,2023,,44.6,42.4,35.4,35.4,WUR 2023,36.54979122782893
U1341,2023,,62.9,26.7,61.3,61.3,WUR 2023,40.153278046447085
U2991,2023,,69.9,27.0,60.1,60.1,WUR 2023,41.58840238212746
U1458,2023,,43.0,42.6,47.2,47.2,WUR 2023,39.85285020108826
U1487,2023,,41.3,46.7,34.9,34.9,WUR 2023,37.95691429309141
U3009,2023,,88.7,25.2,58.3,58.3,WUR 2023,44.46148965113237
U3021,2023,,94.8,16.6,75.7,75.7,WUR 2023,46.49009851005572
U1534,2023,,81.6,22.4,71.5,71.5,WUR 2023,45.2777535642416
U1537,2023,,40.1,37.7,54.8,54.8,WUR 2023,38.819279338749034
U1547,2023,,82.2,15.0,79.6,79.6,WUR 2023,43.85886986537392
U1583,2023,,48.1,18.9,81.2,81.2,WUR 2023,38.48812716982771
U3063,2023,,40.3,8.9,99.2,99.2,WUR 2023,36.692127557207996
U2483,2023,,66.5,17.0,83.6,83.6,WUR 2023,42.48374660429822
U3104,2023,,35.0,23.3,77.4,77.4,WUR 2023,36.66171791888596
U3117,2023,,75.0,30.3,48.6,48.6,WUR 2023,41.0898175572766
U3118,2023,,37.9,27.6,62.4,62.4,WUR 2023,35.13235846982827
U1836,2023,,35.3,8.5,97.1,97.1,WUR 2023,34.6721378892543
U1841,2023,,82.1,25.1,57.9,57.9,WUR 2023,42.744294653498784
U1893,2023,,29.4,22.8,78.0,78.0,WUR 2023,35.263902412177195
U1924,2023,,81.4,38.5,42.4,42.4,WUR 2023,45.152181496483365
U3149,2023,,45.9,24.0,65.5,65.5,WUR 2023,35.988854834790146
U1955,2023,,39.7,12.8,93.6,93.6,WUR 2023,36.9710683105614
U3162,2023,,77.0,15.6,72.3,72.3,WUR 2023,40.76128238961376
U1979,2023,,73.5,20.5,69.6,69.6,WUR 2023,41.781380987858924
U2005,2023,,50.4,25.7,71.4,71.4,WUR 2023,39.74544097333706
U3177,2023,,72.9,8.6,87.9,87.9,WUR 2023,40.7290977346419
U2073,2023,,72.0,30.9,51.2,51.2,WUR 2023,41.50020038600845
U2125,2023,,31.7,29.7,44.0,44.0,WUR 2023,29.256839009521517
U3232,2023,,47.5,25.5,63.8,63.8,WUR 2023,36.66114142124144
U3236,2023,,43.0,37.8,38.5,38.5,WUR 2023,34.62158512926776
U2159,2023,,44.2,43.2,43.7,43.7,WUR 2023,39.39978337651895
U3242,2023,,39.5,20.2,81.6,81.6,WUR 2023,37.30397446948334
U3245,2023,,38.2,19.6,73.6,73.6,WUR 2023,34.2558542274262
U2182,2023,,68.6,20.8,75.3,75.3,WUR 2023,42.522825040150686
U3252,2023,,49.9,23.8,71.3,71.3,WUR 2023,38.569124170243505
U3259,2023,,59.7,12.0,91.6,91.6,WUR 2023,40.60575734969171
U3339,2023,,79.1,26.9,63.6,63.6,WUR 2023,44.74223165341158
U3350,2023,,30.7,12.3,86.2,86.2,WUR 2023,32.359505441778474
U3381,2023,,35.3,18.6,67.2,67.2,WUR 2023,31.10108845368307
U3221,2023,,58.1,10.8,90.3,90.3,WUR 2023,39.188726241519525
U3415,2023,,29.4,42.7,47.1,47.1,WUR 2023,36.69920935307819
U3296,2023,,49.9,9.2,96.8,96.8,WUR 2023,38.37182530259593
U3450,2023,,74.5,16.0,79.1,79.1,WUR 2023,42.450306576711256
U3455,2023,,30.5,15.5,87.5,87.5,WUR 2023,34.439399420922
U0010,2023,,46.4,12.0,88.0,88.0,WUR 2023,36.40957103675834
U0282,2023,,65.0,31.2,44.4,44.4,WUR 2023,37.97074829720887
U0024,2023,,46.6,12.4,79.5,79.5,WUR 2023,34.1024202163189
U0035,2023,,18.2,10.0,65.5,65.5,WUR 2023,21.932926887523514
U0044,2023,,44.4,37.5,41.7,41.7,WUR 2023,35.75391632569472
U0104,2023,,41.6,22.2,64.5,64.5,WUR 2023,33.70668132598378
U0106,2023,,37.3,16.8,55.7,55.7,WUR 2023,27.115474335892678
U0116,2023,,93.5,21.3,45.6,45.6,WUR 2023,39.629583115445534
U0118,2023,,31.7,31.9,54.9,54.9,WUR 2023,33.744975957761824
U2647,2023,,52.4,9.5,81.0,81.0,WUR 2023,34.34022518847227
U2651,2023,,30.6,27.6,48.5,48.5,WUR 2023,29.22312196093469
U0183,2023,,49.3,23.4,45.9,45.9,WUR 2023,30.530800917725458
U0199,2023,,22.7,13.0,83.8,83.8,WUR 2023,30.14373837818311
U2655,2023,,21.6,7.8,85.0,85.0,WUR 2023,27.432730849744463
U0212,2023,,49.5,20.9,62.3,62.3,WUR 2023,34.1829277857493
U0213,2023,,43.7,9.1,79.7,79.7,WUR 2023,31.69768502308114
U0220,2023,,20.1,16.9,66.0,66.0,WUR 2023,26.265873282878083
U2662,2023,,33.6,22.8,72.5,72.5,WUR 2023,34.581904371779245
U0229,2023,,50.3,34.0,42.0,42.0,WUR 2023,35.327155472432466
U0237,2023,,29.3,18.3,52.4,52.4,WUR 2023,25.06089930039643
U0249,2023,,83.9,16.4,56.1,56.1,WUR 2023,37.9076078213909
U0257,2023,,37.0,31.1,43.4,43.4,WUR 2023,31.07210168667206
U0258,2023,,45.1,8.6,77.0,77.0,WUR 2023,30.937399664096212
U2485,2023,,55.4,18.3,69.7,69.7,WUR 2023,36.3908849802276
U0319,2023,,60.8,32.3,34.3,34.3,WUR 2023,34.530887392372136
U2719,2023,,49.3,15.8,61.4,61.4,WUR 2023,31.101291166912887
U2723,2023,,92.0,27.5,45.3,45.3,WUR 2023,42.54700323704243
U0331,2023,,22.8,18.3,65.8,65.8,WUR 2023,27.59462706645009
U0335,2023,,72.2,30.5,50.4,50.4,WUR 2023,41.08830915037312
U2732,2023,,34.4,29.5,60.1,60.1,WUR 2023,34.64828938205658
U0358,2023,,61.7,19.6,66.5,66.5,WUR 2023,37.59933101367884
U0405,2023,,24.8,33.2,52.8,52.8,WUR 2023,32.20197113200294
U0412,2023,,56.1,38.3,29.2,29.2,WUR 2023,35.14068869747788
U0427,2023,,58.4,20.7,64.9,64.9,WUR 2023,36.94031499880291
U2744,2023,,59.5,35.2,40.4,40.4,WUR 2023,37.64287138615184
U2747,2023,,37.0,9.6,74.5,74.5,WUR 2023,28.830539721830903
U0473,2023,,46.8,14.7,78.2,78.2,WUR 2023,35.00194118842131
U0474,2023,,85.6,27.4,46.4,46.4,WUR 2023,41.330166243629535
U2758,2023,,47.5,21.2,56.0,56.0,WUR 2023,31.9729096734345
U2756,2023,,48.1,9.0,71.2,71.2,WUR 2023,30.100986709197926
U0481,2023,,46.0,24.8,59.4,59.4,WUR 2023,34.60083070370928
U0495,2023,,78.6,16.7,53.9,53.9,WUR 2023,36.16648102653163
U0503,2023,,31.9,29.6,46.1,46.1,WUR 2023,29.88447744571368
U0515,2023,,17.3,17.0,80.1,80.1,WUR 2023,29.929951759559003
U0520,2023,,89.6,14.8,59.3,59.3,WUR 2023,39.34038656290144
U2772,2023,,70.2,12.0,66.5,66.5,WUR 2023,35.46830257127748
U2773,2023,,50.6,10.1,73.8,73.8,WUR 2023,32.06727217156047
U2775,2023,,43.1,8.6,85.9,85.9,WUR 2023,33.161642202534566
U0542,2023,,35.8,8.2,74.0,74.0,WUR 2023,27.640559679591426
U2784,2023,,50.5,29.1,58.3,58.3,WUR 2023,37.648932062610584
U2326,2023,,48.7,8.4,89.4,89.4,WUR 2023,35.42017879755983
U2795,2023,,42.7,12.5,88.9,88.9,WUR 2023,36.088118379463495
U0584,2023,,49.5,23.3,48.7,48.7,WUR 2023,31.370132902304718
U0601,2023,,52.1,18.2,49.6,49.6,WUR 2023,29.48705672965461
U0613,2023,,42.4,10.4,79.7,79.7,WUR 2023,32.098172057436805
U2362,2023,,28.7,21.9,50.8,50.8,WUR 2023,26.387003930309437
U2351,2023,,30.5,21.4,55.4,55.4,WUR 2023,27.92783780557233
U0644,2023,,81.2,15.8,70.5,70.5,WUR 2023,41.306578323982535
U0687,2023,,38.4,18.9,72.9,72.9,WUR 2023,33.71169138447951
U2819,2023,,37.6,25.8,52.8,52.8,WUR 2023,31.18395794866133
U0715,2023,,69.0,13.8,65.4,65.4,WUR 2023,35.8303487059506
U2826,2023,,50.2,28.8,50.5,50.5,WUR 2023,35.05745409412949
U0732,2023,,25.5,9.0,83.1,83.1,WUR 2023,28.419403200002872
U2827,2023,,81.7,19.3,59.3,59.3,WUR 2023,39.93229531230658
U0733,2023,,83.6,20.3,42.5,42.5,WUR 2023,35.837287193978554
U0741,2023,,28.9,14.3,76.9,76.9,WUR 2023,30.209868312749812
U0740,2023,,24.2,8.3,87.6,87.6,WUR 2023,29.09735371249785
U0755,2023,,25.7,26.1,51.9,51.9,WUR 2023,28.293920240326027
U2838,2023,,36.1,29.1,66.4,66.4,WUR 2023,36.73404285549572
U0764,2023,,56.9,23.9,42.5,42.5,WUR 2023,31.549131950512006
U0779,2023,,44.3,10.1,82.0,82.0,WUR 2023,33.07514826441546
U2848,2023,,86.1,13.2,58.1,58.1,WUR 2023,37.29298743284129
U2853,2023,,43.2,28.0,48.8,48.8,WUR 2023,32.47445772475814
U2856,2023,,82.8,23.7,49.8,49.8,WUR 2023,39.69985274812997
U0832,2023,,37.3,9.1,86.0,86.0,WUR 2023,32.107599855761265
U0838,2023,,20.8,10.7,85.1,85.1,WUR 2023,28.847021144398447
U0844,2023,,72.9,9.9,64.0,64.0,WUR 2023,34.20550050610941
U0875,2023,,24.9,23.7,61.8,61.8,WUR 2023,29.800847623016917
U0885,2023,,33.8,17.5,69.6,69.6,WUR 2023,30.880544625327154
U0916,2023,,52.2,10.8,80.7,80.7,WUR 2023,34.906995762170716
U0931,2023,,27.1,14.9,56.1,56.1,WUR 2023,23.824012070031564
U0959,2023,,42.6,35.5,29.1,29.1,WUR 2023,30.43944808842853
U0977,2023,,40.9,25.3,56.7,56.7,WUR 2023,32.863565565256756
U0981,2023,,31.3,12.6,73.3,73.3,WUR 2023,28.7609962230422
U0990,2023,,19.5,23.5,38.3,38.3,WUR 2023,21.3239681794531
U1001,2023,,44.4,12.5,66.5,66.5,WUR 2023,29.711121092758635
U1006,2023,,52.9,20.2,57.1,57.1,WUR 2023,33.02554139743029
U2880,2023,,74.9,33.4,35.8,35.8,WUR 2023,38.874791938243874
U1010,2023,,65.5,18.3,58.9,58.9,WUR 2023,35.48456903208169
U2881,2023,,59.9,12.4,60.9,60.9,WUR 2023,31.584896851832916
U1021,2023,,75.0,17.7,47.7,47.7,WUR 2023,33.992071340521974
U2885,2023,,54.9,26.7,32.2,32.2,WUR 2023,29.483715942135966
U1033,2023,,23.3,9.3,82.3,82.3,WUR 2023,27.82596256733835
U1040,2023,,18.2,8.5,82.6,82.6,WUR 2023,26.291730141289282
U2888,2023,,22.8,19.2,76.3,76.3,WUR 2023,31.25757092064224
U2535,2023,,65.7,23.9,47.1,47.1,WUR 2023,34.99633574912521
U1100,2023,,28.0,13.6,67.5,67.5,WUR 2023,26.777647736911952
U1116,2023,,62.9,13.9,50.1,50.1,WUR 2023,29.832270112990273
U1145,2023,,42.1,37.8,30.5,30.5,WUR 2023,31.991949916726302
U1150,2023,,37.7,12.1,86.3,86.3,WUR 2023,33.91691903409044
U2900,2023,,30.9,14.4,74.2,74.2,WUR 2023,29.914796955243204
U1191,2023,,47.2,15.7,64.5,64.5,WUR 2023,31.493965780373664
U1208,2023,,65.2,21.4,52.3,52.3,WUR 2023,35.09781444108635
U2925,2023,,83.0,30.3,50.8,50.8,WUR 2023,43.62429901642643
U1239,2023,,87.7,12.1,63.5,63.5,WUR 2023,38.70400073442207
U2932,2023,,64.7,17.8,54.6,54.6,WUR 2023,33.72639401376604
U1243,2023,,39.9,21.4,47.0,47.0,WUR 2023,27.58377690717016
U1251,2023,,25.3,10.7,53.7,53.7,WUR 2023,20.402455271621847
U1258,2023,,26.6,8.2,76.8,76.8,WUR 2023,26.33780116285944
U1263,2023,,72.6,8.5,71.4,71.4,WUR 2023,35.614913740927506
U2941,2023,,44.8,11.4,79.3,79.3,WUR 2023,33.07966378837016
U1270,2023,,73.8,17.4,69.1,69.1,WUR 2023,40.020958159499415
U1276,2023,,48.9,11.5,80.6,80.6,WUR 2023,34.48492405582587
U1278,2023,,33.9,22.3,73.1,73.1,WUR 2023,34.56259353796767
U2953,2023,,37.7,22.2,58.4,58.4,WUR 2023,30.95070830819662
U1288,2023,,26.2,13.5,60.9,60.9,WUR 2023,24.30694806638117
U1291,2023,,92.9,25.8,39.7,39.7,WUR 2023,40.142825147937785
U1302,2023,,30.4,9.7,80.1,80.1,WUR 2023,29.036203215093064
U1313,2023,,81.2,22.7,47.6,47.6,WUR 2023,38.11898658246644
U1335,2023,,46.2,8.5,74.9,74.9,WUR 2023,30.505157183797575
U1343,2023,,44.7,25.3,52.1,52.1,WUR 2023,32.360287000288416
U2988,2023,,27.5,11.1,75.1,75.1,WUR 2023,27.60493288048599
U3001,2023,,47.3,8.8,86.9,86.9,WUR 2023,34.55371233045172
U3002,2023,,64.2,8.0,90.3,90.3,WUR 2023,39.0971668202905
U1393,2023,,24.9,24.1,59.5,59.5,WUR 2023,29.32196783061487
U1403,2023,,51.9,24.4,62.0,62.0,WUR 2023,36.54894097546014
U1418,2023,,38.7,39.9,25.2,25.2,WUR 2023,30.73232961228329
U1452,2023,,53.7,35.9,41.6,41.6,WUR 2023,37.029832691564614
U1431,2023,,17.7,16.0,61.3,61.3,WUR 2023,23.796214023199045
U1488,2023,,34.3,27.1,57.1,57.1,WUR 2023,32.41755848919728
U1491,2023,,95.7,17.4,57.6,57.6,WUR 2023,41.65995800876081
U3010,2023,,31.0,24.6,50.7,50.7,WUR 2023,28.356767057552755
U3012,2023,,74.8,21.3,52.4,52.4,WUR 2023,37.31687584984408
U1496,2023,,85.2,20.6,60.6,60.6,WUR 2023,41.84742283505537
U3026,2023,,31.6,19.3,71.7,71.7,WUR 2023,31.97668783567106
U1533,2023,,34.8,9.3,87.8,87.8,WUR 2023,32.17618490680172
U1540,2023,,50.8,18.5,67.3,67.3,WUR 2023,34.698654535337994
U1542,2023,,72.3,13.3,61.8,61.8,WUR 2023,35.2418111612557
U1549,2023,,64.2,31.1,42.4,42.4,WUR 2023,37.12482251874924
U3037,2023,,20.3,10.8,78.6,78.6,WUR 2023,26.818644088972043
U1573,2023,,45.7,20.5,53.8,53.8,WUR 2023,30.507828078603577
U1580,2023,,60.9,24.3,53.0,53.0,WUR 2023,35.87579933929777
U1582,2023,,57.3,16.9,60.5,60.5,WUR 2023,33.29415561631191
U1603,2023,,83.6,22.7,52.8,52.8,WUR 2023,40.252314891179125
U3054,2023,,37.1,22.1,65.1,65.1,WUR 2023,32.78255988879638
U2418,2023,,47.2,12.0,80.9,80.9,WUR 2023,34.449309505253964
U3065,2023,,46.0,19.3,73.5,73.5,WUR 2023,35.88552865568915
U1655,2023,,35.0,23.1,73.3,73.3,WUR 2023,35.313456202183765
U1659,2023,,48.7,26.7,58.4,58.4,WUR 2023,35.958504908069045
U1697,2023,,73.6,9.9,80.4,80.4,WUR 2023,39.328729327333406
U2548,2023,,79.4,28.2,28.8,28.8,WUR 2023,34.99235691508108
U1716,2023,,22.1,14.7,75.9,75.9,WUR 2023,28.535348634909106
U2527,2023,,72.0,29.1,35.6,35.6,WUR 2023,35.80737719375318
U3089,2023,,68.3,18.0,64.4,64.4,WUR 2023,37.63956754837599
U1743,2023,,72.6,26.1,51.0,51.0,WUR 2023,38.979686746204834
U1751,2023,,73.1,11.2,75.5,75.5,WUR 2023,38.434277410829864
U1754,2023,,44.5,9.0,82.8,82.8,WUR 2023,32.76792972999986
U1765,2023,,55.2,22.3,61.5,61.5,WUR 2023,36.03116453585734
U2551,2023,,60.6,25.3,43.2,43.2,WUR 2023,33.38370801325193
U1822,2023,,33.5,11.1,69.4,69.4,WUR 2023,27.283011716783857
U3110,2023,,28.6,18.5,70.8,70.8,WUR 2023,30.570206389423014
U3113,2023,,45.6,19.8,55.7,55.7,WUR 2023,30.679862100293604
U1838,2023,,22.0,23.5,46.0,46.0,WUR 2023,24.23670936124388
U2720,2023,,28.9,8.6,78.0,78.0,WUR 2023,27.45477228996296
U1881,2023,,35.3,33.1,41.4,41.4,WUR 2023,31.153490333947286
U1933,2023,,25.9,21.4,64.5,64.5,WUR 2023,29.605087579464403
U1944,2023,,80.7,24.9,55.9,55.9,WUR 2023,41.704010778219555
U3165,2023,,73.3,23.1,59.6,59.6,WUR 2023,40.118909171734565
U1998,2023,,74.9,18.4,56.9,56.9,WUR 2023,37.130163185579
U3218,2023,,70.5,26.5,48.0,48.0,WUR 2023,37.79845919980821
U3437,2023,,25.2,10.2,82.8,82.8,WUR 2023,28.908638106788267
U3459,2023,,22.2,15.4,71.8,71.8,WUR 2023,27.69799203257391
U3201,2023,,34.7,19.3,53.7,53.7,WUR 2023,27.25743851399485
U2626,2023,,45.0,17.4,55.3,55.3,WUR 2023,29.11859910010841
U2630,2023,,74.6,13.0,50.8,50.8,WUR 2023,32.29006789280476
U2631,2023,,31.0,19.1,54.2,54.2,WUR 2023,26.435819848242303
U0059,2023,,48.7,9.6,63.3,63.3,WUR 2023,28.177087807450437
U0061,2023,,41.3,11.7,69.8,69.8,WUR 2023,29.55143645085186
U2635,2023,,60.4,14.0,50.8,50.8,WUR 2023,29.5140226927764
U0066,2023,,46.1,13.7,56.2,56.2,WUR 2023,27.6434521707831
U0076,2023,,27.7,12.9,51.1,51.1,WUR 2023,21.36867859309098
U0107,2023,,64.4,26.6,32.5,32.5,WUR 2023,31.739896735880137
U0143,2023,,16.5,26.6,53.5,53.5,WUR 2023,26.899114402446312
U2649,2023,,90.5,11.4,41.2,41.2,WUR 2023,32.23505646247327
U0158,2023,,40.4,16.2,56.9,56.9,WUR 2023,27.877649541529223
U0179,2023,,48.4,26.6,42.1,42.1,WUR 2023,30.904804785322405
U2210,2023,,49.7,10.2,72.4,72.4,WUR 2023,31.48777588188625
U2654,2023,,50.4,25.7,40.2,40.2,WUR 2023,30.309957102369324
U3206,2023,,49.6,16.3,51.2,51.2,WUR 2023,28.357563110160697
U3207,2023,,44.5,21.8,51.7,51.7,WUR 2023,30.296598953779263
U2669,2023,,79.2,15.2,49.7,49.7,WUR 2023,34.22393893812074
U2670,2023,,58.1,20.9,50.6,50.6,WUR 2023,32.653967128528926
U2671,2023,,43.4,33.0,44.5,44.5,WUR 2023,33.929342517501524
U0259,2023,,45.9,8.7,67.8,67.8,WUR 2023,28.396228668362298
U2674,2023,,35.5,22.4,51.5,51.5,WUR 2023,28.458338430084225
U0264,2023,,23.7,27.6,30.4,30.4,WUR 2023,22.137182105643767
U0271,2023,,63.7,24.2,43.5,43.5,WUR 2023,33.60284989487492
U0276,2023,,19.8,11.3,63.8,63.8,WUR 2023,22.496871112111315
U0283,2023,,41.8,24.6,39.8,39.8,WUR 2023,27.583760575792127
U2695,2023,,78.0,15.6,53.0,53.0,WUR 2023,35.158233701039755
U0320,2023,,38.7,17.1,51.7,51.7,WUR 2023,26.395413263071394
U2701,2023,,37.9,18.0,57.3,57.3,WUR 2023,28.389586390703393
U0376,2023,,40.6,13.9,43.3,43.3,WUR 2023,22.565538126255273
U0893,2023,,15.1,19.9,35.6,35.6,WUR 2023,17.52923602466822
U0383,2023,,22.4,10.6,67.5,67.5,WUR 2023,23.844101094006348
U0396,2023,,22.4,25.2,38.4,38.4,WUR 2023,22.952690284234567
U0411,2023,,38.1,25.5,34.5,34.5,WUR 2023,25.603992642224256
U0429,2023,,43.7,21.4,41.7,41.7,WUR 2023,26.868804793814718
U2743,2023,,61.2,16.3,48.9,48.9,WUR 2023,30.37227896786344
U0482,2023,,94.0,14.4,52.4,52.4,WUR 2023,38.065045673964946
U0493,2023,,88.2,24.6,35.9,35.9,WUR 2023,37.24544658724827
U2767,2023,,33.1,25.4,29.5,29.5,WUR 2023,22.86950038803354
U2774,2023,,47.4,20.3,49.9,49.9,WUR 2023,29.61724649455136
U0528,2023,,52.1,11.1,69.5,69.5,WUR 2023,31.659048044791085
U0537,2023,,32.2,19.6,55.1,55.1,WUR 2023,27.259227004031562
U0557,2023,,26.6,14.6,56.7,56.7,WUR 2023,23.726127710233012
U0568,2023,,49.1,14.2,58.0,58.0,WUR 2023,29.159597493590745
U2794,2023,,44.6,11.8,62.0,62.0,WUR 2023,28.017764701424845
U0609,2023,,44.3,33.1,26.2,26.2,WUR 2023,28.659519878716655
U0625,2023,,29.4,19.1,42.2,42.2,WUR 2023,22.432955814476852
U2348,2023,,23.1,9.9,67.2,67.2,WUR 2023,23.53772842290169
U0654,2023,,25.1,9.0,74.6,74.6,WUR 2023,25.755380739948606
U0657,2023,,41.5,13.8,36.8,36.8,WUR 2023,20.75592151270369
U0658,2023,,48.5,19.3,46.0,46.0,WUR 2023,28.153108547157345
U2804,2023,,26.3,21.3,55.7,55.7,WUR 2023,26.983084019877246
U3208,2023,,47.3,17.6,49.4,49.4,WUR 2023,27.9800504459936
U0677,2023,,20.5,11.7,64.0,64.0,WUR 2023,22.937591108675196
U0686,2023,,29.0,14.4,60.1,60.1,WUR 2023,25.20675881837254
U2822,2023,,53.0,21.9,52.8,52.8,WUR 2023,32.669412733444794
U0738,2023,,25.1,14.8,69.9,69.9,WUR 2023,27.47593826624785
U0795,2023,,38.6,23.5,29.7,29.7,WUR 2023,23.185778550270108
U0881,2023,,17.8,24.0,50.1,50.1,WUR 2023,24.766176209526357
U0870,2023,,23.9,27.5,34.2,34.2,WUR 2023,23.278933445061735
U2478,2023,,63.7,15.6,57.0,57.0,WUR 2023,33.026789625067494
U2873,2023,,43.4,14.5,60.6,60.6,WUR 2023,28.77662565803205
U0936,2023,,55.5,32.0,36.0,36.0,WUR 2023,33.644168995793365
U0941,2023,,43.2,12.1,62.9,62.9,WUR 2023,28.1253528598366
U0956,2023,,22.7,9.9,66.4,66.4,WUR 2023,23.20233499510549
U0965,2023,,52.1,9.2,61.7,61.7,WUR 2023,28.270924639346013
U2876,2023,,44.7,17.6,54.7,54.7,WUR 2023,28.975396391124743
U1024,2023,,22.8,18.6,47.3,47.3,WUR 2023,22.162382544729194
U1042,2023,,46.9,20.8,41.0,41.0,WUR 2023,27.079747711239023
U1052,2023,,41.2,14.4,54.6,54.6,WUR 2023,26.39391965647926
U1075,2023,,33.7,24.7,44.3,44.3,WUR 2023,27.106295489012084
U1082,2023,,20.8,9.9,51.2,51.2,WUR 2023,18.16163556791224
U1102,2023,,27.6,11.0,59.8,59.8,WUR 2023,22.947110056503302
U1111,2023,,74.1,9.4,55.4,55.4,WUR 2023,31.61421198161348
U1112,2023,,79.3,8.9,52.9,52.9,WUR 2023,31.80226096088602
U1115,2023,,36.0,18.6,57.0,57.0,WUR 2023,28.17996243619739
U1119,2023,,87.7,16.1,39.5,39.5,WUR 2023,33.61278345556281
U1128,2023,,17.2,9.6,68.4,68.4,WUR 2023,22.35961343301571
U1133,2023,,33.1,25.2,38.5,38.5,WUR 2023,25.48293221971844
U1164,2023,,23.8,11.0,60.5,60.5,WUR 2023,22.27095313760068
U1167,2023,,68.5,10.2,61.5,61.5,WUR 2023,32.583928278630296
U1182,2023,,44.2,35.6,27.5,27.5,WUR 2023,30.383580077319277
U2906,2023,,47.1,9.6,65.3,65.3,WUR 2023,28.408094741426922
U1193,2023,,57.6,23.0,46.3,46.3,WUR 2023,32.37433627238256
U2907,2023,,47.9,14.2,55.2,55.2,WUR 2023,28.032449468266663
U2914,2023,,54.7,27.6,45.3,45.3,WUR 2023,33.88622114694614
U1205,2023,,57.3,16.5,58.8,58.8,WUR 2023,32.563357989359126
U1219,2023,,58.9,10.6,60.7,60.7,WUR 2023,30.3156868642807
U2929,2023,,47.9,19.5,47.1,47.1,WUR 2023,28.45392528345556
U2930,2023,,42.2,19.5,49.1,49.1,WUR 2023,27.726988292198403
U1244,2023,,28.9,10.6,66.8,66.8,WUR 2023,25.151099134404298
U1257,2023,,47.0,12.4,58.8,58.8,WUR 2023,27.935797515082843
U1262,2023,,45.7,22.5,35.8,35.8,WUR 2023,26.147703310141686
U1264,2023,,57.6,27.7,34.5,34.5,WUR 2023,31.35183338907777
U2541,2023,,51.5,18.2,58.7,58.7,WUR 2023,32.09888594279902
U2943,2023,,62.6,16.7,53.4,53.4,WUR 2023,32.27695359210293
U1272,2023,,36.8,17.8,32.6,32.6,WUR 2023,20.554476618529385
U1285,2023,,25.6,16.6,37.9,37.9,WUR 2023,18.890422598087074
U1287,2023,,66.7,29.7,34.0,34.0,WUR 2023,34.41021555459236
U1299,2023,,41.9,9.3,55.7,55.7,WUR 2023,24.12740212115204
U2967,2023,,29.9,17.7,42.2,42.2,WUR 2023,21.791381711338975
U2975,2023,,57.6,28.9,38.8,38.8,WUR 2023,33.30229078606515
U1340,2023,,41.6,18.5,44.9,44.9,WUR 2023,25.77492827667053
U2984,2023,,41.7,18.8,44.2,44.2,WUR 2023,25.749112757059976
U1351,2023,,36.9,17.7,57.6,57.6,WUR 2023,28.08415379454669
U1352,2023,,57.7,19.6,52.3,52.3,WUR 2023,32.370396735716824
U3003,2023,,67.9,21.2,46.5,46.5,WUR 2023,33.866280942653674
U1394,2023,,22.7,9.3,67.5,67.5,WUR 2023,23.209969199837598
U1400,2023,,33.6,16.1,61.0,61.0,WUR 2023,27.474612668707216
U1396,2023,,24.9,13.7,58.7,58.7,WUR 2023,23.44622952984249
U1397,2023,,30.1,13.7,58.9,58.9,WUR 2023,24.72166667183827
U1428,2023,,70.8,22.9,30.8,30.8,WUR 2023,30.716777240983525
U0437,2023,,62.1,34.7,24.9,24.9,WUR 2023,33.29199211700714
U1478,2023,,47.4,17.7,50.9,50.9,WUR 2023,28.511215145164712
U1445,2023,,44.3,33.2,27.1,27.1,WUR 2023,28.985868479003237
U1449,2023,,51.8,34.4,28.8,28.8,WUR 2023,31.902372002008107
U1454,2023,,38.1,21.6,43.9,43.9,WUR 2023,26.334058521370096
U1429,2023,,14.9,16.6,72.1,72.1,WUR 2023,26.733164533570946
U1433,2023,,17.6,15.9,49.8,49.8,WUR 2023,20.240855775640835
U1500,2023,,53.0,14.5,47.2,47.2,WUR 2023,26.967196957398947
U1499,2023,,37.5,22.2,44.8,44.8,WUR 2023,26.791076110427547
U1513,2023,,18.4,9.5,64.4,64.4,WUR 2023,21.376138664504833
U3027,2023,,25.9,19.0,48.3,48.3,WUR 2023,23.40578568871544
U1523,2023,,37.3,24.8,31.3,31.3,WUR 2023,24.070136552367707
U1525,2023,,25.0,13.9,54.6,54.6,WUR 2023,22.338017022848575
U3030,2023,,45.9,21.5,45.2,45.2,WUR 2023,28.495462408270733
U1531,2023,,51.2,16.7,47.1,47.1,WUR 2023,27.7081602547499
U1570,2023,,29.9,18.8,55.7,55.7,WUR 2023,26.469925991910742
U1574,2023,,31.7,19.5,47.4,47.4,WUR 2023,24.75960436093521
U1604,2023,,48.8,20.1,46.6,46.6,WUR 2023,28.83802306545845
U1605,2023,,51.0,16.7,51.2,51.2,WUR 2023,28.901350637625992
U3051,2023,,32.0,21.9,56.3,56.3,WUR 2023,28.821338419305516
U1611,2023,,17.1,14.6,60.0,60.0,WUR 2023,22.504485412976454
U1614,2023,,62.8,32.1,18.4,18.4,WUR 2023,30.08136700819933
U1620,2023,,27.8,20.3,63.0,63.0,WUR 2023,28.999500790602013
U2546,2023,,61.7,25.5,33.9,33.9,WUR 2023,30.93655972090982
U3066,2023,,42.2,10.8,53.2,53.2,WUR 2023,24.25401490597536
U3213,2023,,34.6,16.6,62.5,62.5,WUR 2023,28.432742465437087
U2479,2023,,58.7,19.3,43.8,43.8,WUR 2023,29.87096353660564
U1660,2023,,51.2,21.8,38.4,38.4,WUR 2023,27.839842095172088
U1671,2023,,37.4,25.6,30.9,30.9,WUR 2023,24.405902743867486
U1672,2023,,29.6,17.1,50.2,50.2,WUR 2023,23.81561600651426
U1674,2023,,43.6,11.1,68.7,68.7,WUR 2023,29.43113125250891
U3079,2023,,54.9,31.6,35.3,35.3,WUR 2023,33.075603807791445
U1698,2023,,85.5,13.6,46.3,46.3,WUR 2023,33.80093685358364
U3214,2023,,39.1,14.0,52.1,52.1,WUR 2023,24.930532340048032
U3090,2023,,56.9,17.0,43.2,43.2,WUR 2023,28.023014014608748
U3091,2023,,44.7,18.0,56.0,56.0,WUR 2023,29.585226276142045
U1748,2023,,62.0,13.4,43.4,43.4,WUR 2023,27.324924157080417
U3094,2023,,81.2,21.4,39.5,39.5,WUR 2023,34.96516445616021
U3095,2023,,40.7,24.1,42.2,42.2,WUR 2023,27.78170177695192
U1763,2023,,59.8,32.1,41.7,41.7,WUR 2023,36.42680339650202
U3102,2023,,55.5,20.8,38.4,38.4,WUR 2023,28.302803183050905
U3103,2023,,29.6,19.3,53.2,53.2,WUR 2023,25.914640051528764
U3105,2023,,74.3,14.9,46.1,46.1,WUR 2023,31.827855904822037
U3119,2023,,22.3,29.8,41.0,41.0,WUR 2023,26.207490443694144
U2912,2023,,48.0,9.3,65.6,65.6,WUR 2023,28.546587378915078
U1866,2023,,23.7,27.4,36.2,36.2,WUR 2023,23.782872001844794
U1883,2023,,33.9,15.5,53.7,53.7,WUR 2023,25.012017750738096
U1885,2023,,57.3,14.3,60.8,60.8,WUR 2023,31.97643071853817
U1891,2023,,24.8,24.4,37.1,37.1,WUR 2023,22.686923339041698
U1892,2023,,21.3,11.0,52.2,52.2,WUR 2023,19.17676034290668
U3132,2023,,52.3,27.3,41.4,41.4,WUR 2023,31.983524456728542
U3147,2023,,51.2,17.1,46.9,46.9,WUR 2023,27.864361107509133
U1941,2023,,32.9,19.2,51.7,51.7,WUR 2023,26.177867875722136
U1946,2023,,33.9,23.9,35.2,35.2,WUR 2023,23.96763888448849
U1991,2023,,47.5,8.2,64.4,64.4,WUR 2023,27.470978732952904
U2002,2023,,73.2,12.0,58.0,58.0,WUR 2023,33.5986726345877
U2014,2023,,28.7,10.2,73.4,73.4,WUR 2023,26.883653180650192
U2019,2023,,74.7,9.0,55.1,55.1,WUR 2023,31.44698836732274
U2031,2023,,42.9,8.4,62.8,62.8,WUR 2023,26.020683771934266
U3185,2023,,24.6,9.5,60.0,60.0,WUR 2023,21.49409163405563
U2561,2023,,52.6,15.0,51.1,51.1,WUR 2023,28.324030402003405
U3196,2023,,41.6,31.7,32.8,32.8,WUR 2023,29.266249966112387
U2102,2023,,50.5,19.2,42.9,42.9,WUR 2023,27.628727085851768
U3217,2023,,37.8,14.4,61.3,61.3,WUR 2023,27.625736810534125
U2144,2023,,59.0,30.8,36.5,36.5,WUR 2023,33.96308151137758
U2152,2023,,45.4,7.9,71.2,71.2,WUR 2023,28.874262597453413
U3247,2023,,49.3,17.1,59.1,59.1,WUR 2023,31.109952002896534
U3348,2023,,55.5,18.7,47.3,47.3,WUR 2023,29.85674064154879
U3357,2023,,31.5,14.6,52.9,52.9,WUR 2023,23.721793974930023
U3270,2023,,43.0,27.4,42.6,42.6,WUR 2023,30.227701667205057
U3383,2023,,26.5,14.2,67.1,67.1,WUR 2023,26.631239790847303
U3280,2023,,52.8,15.7,61.1,61.1,WUR 2023,31.774151188875322
U3283,2023,,33.4,22.2,55.8,55.8,WUR 2023,29.15974508841971
U3399,2023,,52.2,19.3,53.8,53.8,WUR 2023,31.376465496207686
U3292,2023,,32.3,14.4,57.2,57.2,WUR 2023,25.100770726723457
U3424,2023,,38.6,18.4,51.6,51.6,WUR 2023,27.046032193718887
U3433,2023,,43.3,15.3,54.0,54.0,WUR 2023,27.19066287756921
U3447,2023,,43.5,8.3,69.5,69.5,WUR 2023,28.132909184309725
U3451,2023,,31.4,16.4,56.6,56.6,WUR 2023,25.792462358623343
U3457,2023,,25.2,11.3,64.8,64.8,WUR 2023,24.060972709940682
U2624,2023,,34.8,17.2,32.6,32.6,WUR 2023,19.76215981331275
U0022,2023,,34.1,25.3,28.3,28.3,WUR 2023,22.686070841108428
U0038,2023,,41.2,13.1,47.3,47.3,WUR 2023,23.482033014044003
U0070,2023,,69.2,10.8,26.2,26.2,WUR 2023,22.397103540283467
U2636,2023,,69.6,17.3,40.6,40.6,WUR 2023,30.366526954449498
U2642,2023,,42.3,17.6,36.9,36.9,WUR 2023,23.031584211444308
U0119,2023,,22.7,12.6,47.9,47.9,WUR 2023,19.07019881574645
U2645,2023,,29.0,8.6,56.2,56.2,WUR 2023,20.8853948404604
U3203,2023,,53.2,19.4,36.7,36.7,WUR 2023,26.492910569210586
U0163,2023,,63.5,16.0,24.2,24.2,WUR 2023,23.27739053812217
U0173,2023,,46.9,9.4,47.1,47.1,WUR 2023,22.7489911495363
U0180,2023,,40.7,9.0,52.7,52.7,WUR 2023,22.777256682064976
U0198,2023,,23.7,7.7,62.7,62.7,WUR 2023,21.12526226151697
U0204,2023,,40.8,16.0,37.6,37.6,WUR 2023,22.026071575203872
U0211,2023,,42.9,11.9,42.3,42.3,WUR 2023,21.717078330351768
U0236,2023,,45.5,8.8,41.5,41.5,WUR 2023,20.403312873110746
U0243,2023,,32.3,28.3,22.5,22.5,WUR 2023,22.13661326333269
U2689,2023,,63.7,12.6,40.9,40.9,WUR 2023,26.532702584211933
U0293,2023,,25.8,12.7,38.8,38.8,WUR 2023,17.096652933066498
U0900,2023,,67.3,12.6,43.3,43.3,WUR 2023,28.099630531151938
U2699,2023,,36.2,14.4,34.8,34.8,WUR 2023,19.23779213160739
U2702,2023,,16.6,14.7,21.4,21.4,WUR 2023,10.768447067227465
U0333,2023,,73.0,12.5,35.8,35.8,WUR 2023,27.10908988986445
U0336,2023,,61.8,18.8,25.2,25.2,WUR 2023,24.69940669736748
U2059,2023,,38.9,12.5,34.8,34.8,WUR 2023,18.839380815399572
U2728,2023,,40.1,16.0,36.9,36.9,WUR 2023,21.650826624947616
U2243,2023,,49.9,14.6,35.0,35.0,WUR 2023,22.60755294387787
U2733,2023,,73.3,13.9,45.5,45.5,WUR 2023,30.871047622788282
U0371,2023,,28.3,27.9,30.6,30.6,WUR 2023,23.434945874546926
U0380,2023,,65.0,16.0,32.5,32.5,WUR 2023,26.13793847300309
U0386,2023,,36.4,17.0,30.8,30.8,WUR 2023,19.48329438844052
U0388,2023,,28.7,18.3,32.8,32.8,WUR 2023,18.993293029669864
U2740,2023,,51.2,18.6,37.1,37.1,WUR 2023,25.713219144065945
U0393,2023,,20.6,19.2,38.6,38.6,WUR 2023,19.3423425516341
U0391,2023,,18.7,15.8,41.8,41.8,WUR 2023,18.024339101793807
U0406,2023,,27.6,24.2,28.3,28.3,WUR 2023,20.571496262074195
U0426,2023,,51.5,16.5,35.3,35.3,WUR 2023,24.101362963733564
U0469,2023,,53.3,15.5,39.7,39.7,WUR 2023,25.31085706336999
U0486,2023,,26.7,14.6,29.3,29.3,WUR 2023,15.463201873633677
U0498,2023,,71.2,13.6,42.1,42.1,WUR 2023,29.189654067933958
U2768,2023,,60.1,14.3,29.8,29.8,WUR 2023,23.255636326014805
U2770,2023,,18.6,24.2,26.2,26.2,WUR 2023,17.83361187859515
U0543,2023,,14.9,13.1,45.8,45.8,WUR 2023,16.883544168701828
U0562,2023,,20.1,22.4,41.9,41.9,WUR 2023,21.956981782511114
U2786,2023,,81.8,15.0,34.4,34.4,WUR 2023,30.09605708273901
U0433,2023,,73.1,22.3,20.8,20.8,WUR 2023,27.904939784576058
U2796,2023,,46.6,9.9,41.5,41.5,WUR 2023,21.256205209154324
U2335,2023,,30.3,28.8,16.3,16.3,WUR 2023,20.065179448365246
U0605,2023,,60.2,9.8,51.6,51.6,WUR 2023,27.43403960555149
U2800,2023,,33.2,11.1,49.2,49.2,WUR 2023,21.104047291098
U0632,2023,,30.3,25.3,21.3,21.3,WUR 2023,19.68128488994774
U2346,2023,,30.1,19.2,35.9,35.9,WUR 2023,20.745436461793886
U0636,2023,,34.9,10.2,47.0,47.0,WUR 2023,20.348380343749376
U0647,2023,,31.3,25.7,25.3,25.3,WUR 2023,21.34129189284264
U0660,2023,,66.7,17.4,25.6,25.6,WUR 2023,25.20683771934265
U2805,2023,,35.3,8.6,57.6,57.6,WUR 2023,22.780744554057023
U0674,2023,,28.7,26.5,19.4,19.4,WUR 2023,19.38291051123419
U0675,2023,,26.2,11.8,47.4,47.4,WUR 2023,19.303376700218937
U2820,2023,,49.0,17.0,32.1,32.1,WUR 2023,22.8203647833757
U0739,2023,,22.0,13.2,50.7,50.7,WUR 2023,20.078448693016146
U2836,2023,,40.4,10.5,58.5,58.5,WUR 2023,25.27376319616173
U0752,2023,,15.8,8.9,48.8,48.8,WUR 2023,15.72589300791647
U0757,2023,,33.5,9.9,56.8,56.8,WUR 2023,22.82247367463518
U0763,2023,,21.0,18.3,30.2,30.2,WUR 2023,16.407937286528472
U0815,2023,,59.5,12.0,40.2,40.2,WUR 2023,25.01467353901942
U0826,2023,,16.2,12.0,35.5,35.5,WUR 2023,13.476480141370939
U0831,2023,,25.4,10.9,41.9,41.9,WUR 2023,16.965613732369867
U0839,2023,,49.7,8.6,40.2,40.2,WUR 2023,20.88313376117189
U0843,2023,,64.1,16.8,23.2,23.2,WUR 2023,23.548527546625266
U0854,2023,,74.2,26.5,17.1,17.1,WUR 2023,29.318187116600484
U0865,2023,,25.4,16.2,27.4,27.4,WUR 2023,15.451605676591026
U0864,2023,,19.6,16.5,31.7,31.7,WUR 2023,15.559382258276823
U0866,2023,,18.1,13.7,45.5,45.5,WUR 2023,17.865508999242547
U0871,2023,,21.0,22.3,33.8,33.8,WUR 2023,19.6634942012176
U0874,2023,,15.9,21.9,38.2,38.2,WUR 2023,19.58586585373422
U0880,2023,,21.9,11.7,38.1,38.1,WUR 2023,15.43203262209093
U2869,2023,,54.8,19.9,16.0,16.0,WUR 2023,20.877517604408943
U0888,2023,,35.8,22.3,27.7,27.7,WUR 2023,21.276680061935117
U0937,2023,,20.4,13.0,32.4,32.4,WUR 2023,14.062000361903337
U0938,2023,,27.8,22.8,40.3,40.3,WUR 2023,23.48886095905691
U0960,2023,,31.5,20.8,32.4,32.4,WUR 2023,20.880810418504623
U0961,2023,,21.3,12.1,52.6,52.6,WUR 2023,19.89361107509135
U0976,2023,,16.8,16.9,28.9,28.9,WUR 2023,14.275087180978778
U0988,2023,,44.8,20.0,44.9,44.9,WUR 2023,27.335159542048565
U2877,2023,,71.4,8.8,48.6,48.6,WUR 2023,28.601892161624463
U0996,2023,,30.8,23.7,27.7,27.7,WUR 2023,20.866852295914114
U0999,2023,,20.4,19.5,37.7,37.7,WUR 2023,19.18594970311188
U1000,2023,,24.1,11.2,53.8,53.8,WUR 2023,20.423179279988734
U1002,2023,,30.2,9.1,61.4,61.4,WUR 2023,23.009205222056114
U1003,2023,,17.4,9.2,52.5,52.5,WUR 2023,17.381189939315867
U1038,2023,,29.8,17.0,25.8,25.8,WUR 2023,16.429141539480618
U1043,2023,,27.7,24.2,25.8,25.8,WUR 2023,19.83881236095873
U1089,2023,,29.7,9.4,55.9,55.9,WUR 2023,21.391589883331896
U1130,2023,,30.3,21.8,38.7,38.7,WUR 2023,23.04739033153024
U1160,2023,,32.0,18.9,30.4,30.4,WUR 2023,19.363541701030606
U1168,2023,,47.2,14.2,39.5,39.5,WUR 2023,23.120914195429762
U1175,2023,,17.7,15.9,41.1,41.1,WUR 2023,17.63317187452537
U2913,2023,,41.5,15.0,44.6,44.6,WUR 2023,23.764846651626556
U1203,2023,,78.6,20.1,17.3,17.3,WUR 2023,26.93975279111416
U2919,2023,,79.2,13.0,25.5,25.5,WUR 2023,25.713624570525585
U2918,2023,,34.1,13.6,46.3,46.3,WUR 2023,21.79159105919112
U1241,2023,,21.8,11.1,50.0,50.0,WUR 2023,18.6824313730998
U1250,2023,,67.4,11.4,36.0,36.0,WUR 2023,25.265279555629736
U2542,2023,,29.6,13.6,40.7,40.7,WUR 2023,19.046640802935467
U2948,2023,,44.6,8.3,52.7,52.7,WUR 2023,23.309273368813795
U2949,2023,,27.4,12.4,55.7,55.7,WUR 2023,22.418858262746394
U2952,2023,,37.7,10.5,32.7,32.7,WUR 2023,16.840502719827697
U2960,2023,,41.9,10.0,49.1,49.1,WUR 2023,22.51063264573877
U2961,2023,,27.0,15.0,38.1,38.1,WUR 2023,18.411270377885224
U1298,2023,,28.0,10.5,30.9,30.9,WUR 2023,14.029792740931104
U1316,2023,,41.7,8.2,61.4,61.4,WUR 2023,25.208580481520883
U1330,2023,,38.6,16.1,40.5,40.5,WUR 2023,22.44324019357909
U1354,2023,,48.7,10.4,36.7,36.7,WUR 2023,20.566102416194717
U2999,2023,,39.8,19.1,34.0,34.0,WUR 2023,22.38302364685551
U1399,2023,,20.8,26.1,23.1,23.1,WUR 2023,18.439383007887077
U1395,2023,,20.7,19.7,37.2,37.2,WUR 2023,19.213175845499936
U1413,2023,,47.8,29.5,21.3,21.3,WUR 2023,26.045259535809972
U1415,2023,,43.7,22.6,17.4,17.4,WUR 2023,20.170068642415004
U1461,2023,,38.4,13.1,41.2,41.2,WUR 2023,20.98306934205124
U1448,2023,,39.7,23.1,24.6,24.6,WUR 2023,21.6837644626601
U1450,2023,,31.3,25.6,24.1,24.1,WUR 2023,20.924217486104453
U1430,2023,,18.6,17.2,45.6,45.6,WUR 2023,19.908564697244017
U1492,2023,,31.5,12.7,26.9,26.9,WUR 2023,14.829638311420432
U1509,2023,,25.3,13.5,48.8,48.8,WUR 2023,20.437393499001008
U1540,2023,,21.4,14.5,40.1,40.1,WUR 2023,17.43684196795065
U1557,2023,,33.6,15.7,31.3,31.3,WUR 2023,18.27607310627056
U0310,2023,,42.1,14.6,45.5,45.5,WUR 2023,23.960526263142267
U1572,2023,,33.6,20.3,22.4,22.4,WUR 2023,18.076415171066284
U3048,2023,,32.8,20.1,38.4,38.4,WUR 2023,22.619866598771683
U1607,2023,,59.3,19.9,40.0,40.0,WUR 2023,29.18698398969686
U3057,2023,,38.1,16.6,43.7,43.7,WUR 2023,23.56501560381514
U1624,2023,,64.8,10.1,14.4,14.4,WUR 2023,17.421319503486913
U3060,2023,,56.3,13.0,27.2,27.2,WUR 2023,20.877270184031765
U1647,2023,,43.1,11.2,35.5,35.5,WUR 2023,19.328157422888946
U1653,2023,,36.7,11.2,46.3,46.3,WUR 2023,21.098959352343275
U1662,2023,,16.1,21.3,23.5,23.5,WUR 2023,14.86200322397734
U1685,2023,,30.6,21.5,40.6,40.6,WUR 2023,23.529567020872484
U1686,2023,,42.5,8.0,53.9,53.9,WUR 2023,23.019008846217538
U1707,2023,,46.6,13.5,42.5,42.5,WUR 2023,23.508787077535832
U3083,2023,,46.7,10.5,41.0,41.0,WUR 2023,21.453387103306746
U1712,2023,,28.5,32.5,21.6,21.6,WUR 2023,23.251774975821395
U1740,2023,,66.2,9.6,50.3,50.3,WUR 2023,28.334421241276182
U3304,2023,,38.8,13.2,47.4,47.4,WUR 2023,23.005698466908214
U1753,2023,,49.2,8.7,41.0,41.0,WUR 2023,21.062417996068056
U1759,2023,,79.9,12.9,33.9,33.9,WUR 2023,28.363327372108163
U1760,2023,,41.5,19.2,43.5,43.5,WUR 2023,25.70737496043724
U1766,2023,,31.3,11.3,45.6,45.6,WUR 2023,19.67975474189727
U1798,2023,,19.3,15.6,48.7,48.7,WUR 2023,20.142877204205263
U1809,2023,,27.3,11.3,46.2,46.2,WUR 2023,18.92662691554816
U2431,2023,,65.6,9.8,42.8,42.8,WUR 2023,26.0344315259615
U3116,2023,,43.2,10.7,39.2,39.2,WUR 2023,20.19961761711476
U1853,2023,,25.0,9.2,47.6,47.6,WUR 2023,17.675036035185627
U3125,2023,,45.4,22.6,39.5,39.5,WUR 2023,27.250732646032734
U1867,2023,,21.7,14.8,35.8,35.8,WUR 2023,16.36904574288336
U1873,2023,,19.3,12.7,48.7,48.7,WUR 2023,18.57191295718468
U1875,2023,,28.1,16.6,46.1,46.1,WUR 2023,21.954373457297205
U1879,2023,,32.0,11.2,50.6,50.6,WUR 2023,21.301231737028235
U1904,2023,,23.4,10.4,40.7,40.7,WUR 2023,15.864564882278529
U1906,2023,,16.0,14.8,46.3,46.3,WUR 2023,18.21267326775523
U3136,2023,,33.1,19.5,33.1,33.1,WUR 2023,20.762110390479982
U1927,2023,,39.0,25.9,28.4,28.4,WUR 2023,24.186199675266877
U1928,2023,,44.9,8.3,52.2,52.2,WUR 2023,23.22815714933837
U3142,2023,,42.6,25.5,29.3,29.3,WUR 2023,25.082813866221844
U3151,2023,,24.9,15.0,30.1,30.1,WUR 2023,15.501261333568067
U3216,2023,,69.0,16.3,45.3,45.3,WUR 2023,31.10599919698614
U1954,2023,,46.1,8.4,53.6,53.6,WUR 2023,23.98608925882001
U3158,2023,,70.9,11.0,33.0,33.0,WUR 2023,24.959093776732423
U3159,2023,,37.3,13.4,49.7,49.7,WUR 2023,23.459138055181114
U2088,2023,,33.5,12.0,52.0,52.0,WUR 2023,22.508455570976004
U1983,2023,,17.6,8.6,39.4,39.4,WUR 2023,13.14119827730092
U3170,2023,,69.6,9.6,35.3,35.3,WUR 2023,24.592523442060024
U2012,2023,,52.0,16.3,38.5,38.5,WUR 2023,25.077584967260485
U3175,2023,,60.8,15.5,33.3,33.3,WUR 2023,25.127709641000383
U2024,2023,,68.9,18.8,22.4,22.4,WUR 2023,25.511511008491986
U2061,2023,,43.4,11.9,57.4,57.4,WUR 2023,26.400433018322826
U2069,2023,,52.7,15.3,36.5,36.5,WUR 2023,24.094585850134784
U2080,2023,,72.6,12.3,33.1,33.1,WUR 2023,26.09075732601121
U2087,2023,,69.1,12.7,42.5,42.5,WUR 2023,28.332426975876267
U3200,2023,,36.0,23.7,40.7,40.7,WUR 2023,26.013257179845382
U2126,2023,,19.0,11.5,39.8,39.8,WUR 2023,15.160233069995305
U2127,2023,,30.0,14.6,34.1,34.1,WUR 2023,17.68584281424266
U2148,2023,,26.0,17.5,30.4,30.4,WUR 2023,17.203276009107682
U3235,2023,,44.2,19.4,31.9,31.9,WUR 2023,22.938493927667018
U2564,2023,,35.6,14.9,49.8,49.8,WUR 2023,23.904751442958904
U3315,2023,,22.4,16.4,38.6,38.6,WUR 2023,18.24611023320881
U3257,2023,,45.0,13.9,38.4,38.4,WUR 2023,22.111720670723162
U3341,2023,,45.5,9.6,45.9,45.9,WUR 2023,22.167327481855022
U3263,2023,,44.6,16.5,44.5,44.5,WUR 2023,25.27147149553941
U3377,2023,,47.0,23.8,27.6,27.6,WUR 2023,24.67582827033395
U3279,2023,,82.9,18.4,35.9,35.9,WUR 2023,32.648515612470774
U3411,2023,,23.2,15.2,48.3,48.3,WUR 2023,20.71643969181383
U3416,2023,,21.1,20.4,40.8,40.8,WUR 2023,20.774541733366732
U3427,2023,,49.8,11.1,33.6,33.6,WUR 2023,20.26481002851132
U3428,2023,,18.5,13.6,53.8,53.8,WUR 2023,20.41487640739733
U3435,2023,,32.0,26.7,29.3,29.3,WUR 2023,23.25623252338408
U3298,2023,,40.3,16.3,35.0,35.0,WUR 2023,21.285472365511918
U3454,2023,,32.8,11.0,53.8,53.8,WUR 2023,22.34754719849908
U3458,2023,,24.5,18.4,49.1,49.1,WUR 2023,22.995591283257625
U2864,2023,,33.0,18.2,29.7,29.7,WUR 2023,19.006294745934383
U3299,2023,,50.0,23.3,35.6,35.6,WUR 2023,27.525261783824163
U2448,2023,,36.5,8.6,41.3,41.3,WUR 2023,18.131682901961756
U0008,2023,,28.0,9.5,16.2,16.2,WUR 2023,9.042516415484627
U0019,2023,,24.1,9.7,18.2,18.2,WUR 2023,8.844482533754508
U0018,2023,,24.9,11.4,18.0,18.0,WUR 2023,9.891824626476886
U0026,2023,,60.4,17.2,20.0,20.0,WUR 2023,21.93298435355996
U0031,2023,,25.5,18.6,18.7,18.7,WUR 2023,14.144030117837426
U0036,2023,,18.7,12.4,31.6,31.6,WUR 2023,13.09784153075966
U2454,2023,,38.5,10.5,27.6,27.6,WUR 2023,15.485079898000745
U0046,2023,,19.7,10.8,27.8,27.8,WUR 2023,11.315553947277738
U2640,2023,,41.3,18.4,23.1,23.1,WUR 2023,19.057921702310985
U0126,2023,,22.9,11.3,32.9,32.9,WUR 2023,13.876412113015748
U3202,2023,,48.1,14.3,28.0,28.0,WUR 2023,19.90754316954812
U0127,2023,,20.4,9.9,21.7,21.7,WUR 2023,9.146806656245069
U2203,2023,,50.4,9.4,29.8,29.8,WUR 2023,18.33489332017242
U0138,2023,,27.4,11.0,25.6,25.6,WUR 2023,12.557639149056813
U2646,2023,,37.8,14.9,25.0,25.0,WUR 2023,16.91877013454769
U0149,2023,,45.5,10.4,24.0,24.0,WUR 2023,15.977713058341234
U0155,2023,,23.5,12.9,24.9,24.9,WUR 2023,12.46398308510183
U0157,2023,,31.4,18.9,15.5,15.5,WUR 2023,14.71730639804598
U0176,2023,,20.4,14.0,37.2,37.2,WUR 2023,16.05532507444659
U0193,2023,,51.4,14.4,24.0,24.0,WUR 2023,19.5230649685082
U0221,2023,,21.8,11.0,26.3,26.3,WUR 2023,11.460921482490638
U0223,2023,,34.7,25.8,15.3,15.3,WUR 2023,19.165662048751777
U0225,2023,,46.3,10.2,33.7,33.7,WUR 2023,18.9897543262637
U0226,2023,,25.7,13.4,33.0,33.0,WUR 2023,15.698454455542887
U2673,2023,,27.1,8.7,28.3,28.3,WUR 2023,12.058140787747286
U0263,2023,,24.3,10.7,27.2,27.2,WUR 2023,12.154697508582954
U0274,2023,,27.0,14.3,24.4,24.4,WUR 2023,13.88892695007269
U0294,2023,,27.7,8.7,30.2,30.2,WUR 2023,12.772924477828681
U2691,2023,,31.2,15.8,23.5,23.5,WUR 2023,15.41062565590897
U0300,2023,,30.1,8.7,41.9,41.9,WUR 2023,16.87197859299299
U0301,2023,,56.2,17.8,17.1,17.1,WUR 2023,20.39968689890322
U0306,2023,,22.0,15.6,29.0,29.0,WUR 2023,14.81605703537801
U2698,2023,,29.4,16.8,23.1,23.1,WUR 2023,15.410808975627377
U0309,2023,,39.1,17.5,18.0,18.0,WUR 2023,16.514023672659082
U2700,2023,,39.8,16.4,32.6,32.6,WUR 2023,20.497014664924215
U0330,2023,,47.7,12.8,26.4,26.4,WUR 2023,18.51764654390479
U2727,2023,,44.2,9.8,19.1,19.1,WUR 2023,13.867092816284082
U0343,2023,,20.1,18.9,24.9,24.9,WUR 2023,14.919861417642002
U0345,2023,,57.1,17.0,27.4,27.4,WUR 2023,23.291517180119747
U0372,2023,,19.3,16.1,29.4,29.4,WUR 2023,14.57703956047689
U2736,2023,,51.4,13.4,15.8,15.8,WUR 2023,16.501514449513337
U2737,2023,,56.5,12.9,18.7,18.7,WUR 2023,18.299263458933606
U0407,2023,,29.6,22.2,16.9,16.9,WUR 2023,16.507781717904187
U0414,2023,,26.6,20.2,20.9,20.9,WUR 2023,15.933100939184886
U0415,2023,,24.3,24.6,18.7,18.7,WUR 2023,17.113927141966386
U0417,2023,,42.9,21.9,26.6,26.6,WUR 2023,22.386212552558455
U0432,2023,,16.9,18.6,12.8,12.8,WUR 2023,10.350410129896515
U2749,2023,,24.7,12.7,32.9,32.9,WUR 2023,15.05536939372372
U2752,2023,,50.7,14.0,30.1,30.1,WUR 2023,20.987586907428195
U0479,2023,,43.5,12.2,23.0,23.0,WUR 2023,16.183085240647756
U0496,2023,,58.2,16.1,15.5,15.5,WUR 2023,19.462195574947796
U0505,2023,,23.4,13.3,25.4,25.4,WUR 2023,12.808513000266853
U0513,2023,,25.6,13.4,23.6,23.6,WUR 2023,12.832348034077707
U0516,2023,,48.4,11.6,25.3,25.3,WUR 2023,17.698482484270432
U0519,2023,,32.6,13.8,36.9,36.9,WUR 2023,18.70672419585111
U0533,2023,,21.7,13.3,20.9,20.9,WUR 2023,11.050429641810418
U0575,2023,,24.1,13.3,19.0,19.0,WUR 2023,11.036580531168271
U0578,2023,,27.1,15.3,21.7,21.7,WUR 2023,13.637470987306925
U0580,2023,,44.1,7.8,19.7,19.7,WUR 2023,12.941756324571113
U2790,2023,,32.6,21.1,10.5,10.5,WUR 2023,14.677349436126512
U0588,2023,,24.1,14.1,23.7,23.7,WUR 2023,12.89132094636416
U0593,2023,,54.3,10.2,35.0,35.0,WUR 2023,21.25205836605869
U2325,2023,,24.2,12.4,17.4,17.4,WUR 2023,10.088533421021944
U2354,2023,,34.9,15.4,32.6,32.6,WUR 2023,18.81044304252266
U2336,2023,,24.6,11.1,25.6,25.6,WUR 2023,11.957604722511922
U0617,2023,,24.8,12.2,22.5,22.5,WUR 2023,11.662716684723726
U0618,2023,,23.7,13.0,19.2,19.2,WUR 2023,10.841092915415546
U0623,2023,,23.1,17.1,15.7,15.7,WUR 2023,11.863456675793728
U2358,2023,,23.9,16.0,15.2,15.2,WUR 2023,11.303279895975653
U0633,2023,,27.1,10.1,34.0,34.0,WUR 2023,14.540327643372352
U0634,2023,,21.5,12.1,33.9,33.9,WUR 2023,14.285098111570095
U0635,2023,,26.1,19.0,18.4,18.4,WUR 2023,14.410175951000639
U0641,2023,,21.4,11.1,34.6,34.6,WUR 2023,13.93171536465844
U0643,2023,,21.7,16.7,15.2,15.2,WUR 2023,11.168459470909077
U0645,2023,,54.8,12.0,27.3,27.3,WUR 2023,20.015333020478565
U2806,2023,,43.9,12.4,22.5,22.5,WUR 2023,16.23367586901712
U2903,2023,,49.7,12.9,28.8,28.8,WUR 2023,19.764913896075605
U0676,2023,,23.5,10.5,43.9,43.9,WUR 2023,16.90984248467545
U2497,2023,,42.1,9.3,25.7,25.7,WUR 2023,15.101550447953368
U2457,2023,,36.2,17.3,11.3,11.3,WUR 2023,13.7019015399183
U0693,2023,,18.9,16.2,23.0,23.0,WUR 2023,12.602268926515656
U2816,2023,,34.7,15.5,19.1,19.1,WUR 2023,14.735223961169208
U0695,2023,,29.9,15.1,33.3,33.3,WUR 2023,17.691398749049107
U0696,2023,,25.5,14.4,22.1,22.1,WUR 2023,12.897066325155777
U0705,2023,,28.0,11.4,33.9,33.9,WUR 2023,15.424591433832932
U0708,2023,,43.0,8.8,38.4,38.4,WUR 2023,18.881700723578035
U0713,2023,,26.1,13.0,17.2,17.2,WUR 2023,10.797001869289529
U0726,2023,,43.7,11.5,21.0,21.0,WUR 2023,15.245777236410742
U0731,2023,,30.6,9.0,19.2,19.2,WUR 2023,10.286395210856053
U0749,2023,,23.5,13.0,17.1,17.1,WUR 2023,10.159283298291639
U0754,2023,,26.4,17.0,21.2,21.2,WUR 2023,14.243619983858066
U0760,2023,,21.4,18.7,18.4,18.4,WUR 2023,13.14953156708391
U0768,2023,,21.7,23.2,18.6,18.6,WUR 2023,15.717812037924073
U0774,2023,,26.4,10.9,25.5,25.5,WUR 2023,12.239581172828112
U0775,2023,,54.5,13.5,23.7,23.7,WUR 2023,19.66909759909145
U2532,2023,,24.6,8.6,30.3,30.3,WUR 2023,12.024696166960249
U2581,2023,,76.2,8.1,32.6,32.6,WUR 2023,24.5054795447857
U0783,2023,,39.7,8.3,31.1,31.1,WUR 2023,15.632155491213553
U0809,2023,,31.8,10.0,27.8,27.8,WUR 2023,13.709287303562101
U2855,2023,,57.6,13.6,30.0,30.0,WUR 2023,22.352809780927625
U0825,2023,,56.2,13.3,21.0,21.0,WUR 2023,19.141419240845693
U2868,2023,,33.5,10.7,35.8,35.8,WUR 2023,16.905036670476232
U0855,2023,,29.8,14.6,25.2,25.2,WUR 2023,14.947581584215527
U0863,2023,,20.2,15.8,19.2,19.2,WUR 2023,11.540128972158591
U0914,2023,,31.2,10.8,34.4,34.4,WUR 2023,15.998437577063692
U0928,2023,,40.4,9.7,17.6,17.6,WUR 2023,12.471442135804551
U2875,2023,,27.9,17.2,21.9,21.9,WUR 2023,14.914123183828277
U0957,2023,,34.8,9.5,28.2,28.2,WUR 2023,14.260333720278114
U0967,2023,,30.9,9.5,4.2,4.2,WUR 2023,6.091054250878056
U0989,2023,,16.0,12.3,34.1,34.1,WUR 2023,13.168877615429365
U0994,2023,,23.0,15.6,22.4,22.4,WUR 2023,13.053734153255611
U0998,2023,,20.5,11.5,40.4,40.4,WUR 2023,15.692151972618158
U1030,2023,,28.9,12.2,20.8,20.8,WUR 2023,12.106547706731563
U1037,2023,,19.5,8.9,18.8,18.8,WUR 2023,7.517798344063593
U1039,2023,,23.1,19.4,19.1,19.1,WUR 2023,14.13761964367546
U1044,2023,,42.6,8.8,37.2,37.2,WUR 2023,18.42533955384635
U1061,2023,,44.3,15.9,21.3,21.3,WUR 2023,17.860221919746955
U1085,2023,,24.6,14.1,19.4,19.4,WUR 2023,11.70774015046425
U1094,2023,,32.2,14.4,19.2,19.2,WUR 2023,13.585470756871182
U1097,2023,,24.3,9.2,45.7,45.7,WUR 2023,16.936887859122923
U1114,2023,,23.0,10.3,31.5,31.5,WUR 2023,12.93467769290542
U1125,2023,,17.9,10.1,20.3,20.3,WUR 2023,8.247649771801655
U1137,2023,,33.7,14.3,10.1,10.1,WUR 2023,11.129750736626807
U2537,2023,,38.3,9.0,24.1,24.1,WUR 2023,13.567315470126477
U1184,2023,,36.2,14.1,25.1,25.1,WUR 2023,16.141810846876673
U1189,2023,,28.7,8.8,27.5,27.5,WUR 2023,12.244208260508996
U2920,2023,,57.1,13.7,20.5,20.5,WUR 2023,19.417174660985086
U1225,2023,,53.3,10.9,24.4,24.4,WUR 2023,18.191966611477493
U1240,2023,,21.1,14.9,15.9,15.9,WUR 2023,10.26488484663693
U2935,2023,,18.1,10.3,20.7,20.7,WUR 2023,8.523688847563244
U1248,2023,,61.0,18.4,8.7,8.7,WUR 2023,19.305886730951325
U2940,2023,,39.1,14.6,30.8,30.8,WUR 2023,18.814027167573983
U2540,2023,,33.5,11.6,23.9,23.9,WUR 2023,13.793786976281286
U2544,2023,,45.7,11.8,16.2,16.2,WUR 2023,14.423967595606335
U2951,2023,,43.5,17.4,28.3,28.3,WUR 2023,20.60280922974362
U1284,2023,,26.3,10.0,24.1,24.1,WUR 2023,11.305288961686914
U1315,2023,,55.7,17.6,18.1,18.1,WUR 2023,20.476941461971897
U1317,2023,,25.8,17.5,31.6,31.6,WUR 2023,17.519450262951516
U1329,2023,,23.8,12.7,19.0,19.0,WUR 2023,10.64145998763388
U1332,2023,,25.6,19.8,29.4,29.4,WUR 2023,18.05333587177386
U1348,2023,,27.9,13.3,17.4,17.4,WUR 2023,11.440560030716053
U2990,2023,,45.1,10.0,26.5,26.5,WUR 2023,16.423618777785794
U1369,2023,,42.1,10.7,25.6,25.6,WUR 2023,15.829705045513915
U2998,2023,,16.7,19.9,16.1,16.1,WUR 2023,12.005890381014314
U3000,2023,,34.5,8.6,20.8,20.8,WUR 2023,11.46479640814204
U1378,2023,,36.5,15.7,9.1,9.1,WUR 2023,12.239933522309151
U1379,2023,,36.1,13.0,22.1,22.1,WUR 2023,14.615305306130047
U1380,2023,,21.7,15.8,24.1,24.1,WUR 2023,13.372451100587899
U1417,2023,,47.6,28.3,11.0,11.0,WUR 2023,22.233557037827715
U1421,2023,,24.1,23.6,13.6,13.6,WUR 2023,14.983147651008906
U1422,2023,,24.9,18.7,13.3,13.3,WUR 2023,12.424949866752286
U1423,2023,,31.8,21.0,17.2,17.2,WUR 2023,16.46247204476365
U1465,2023,,29.5,18.5,21.9,21.9,WUR 2023,15.992180311641889
U1424,2023,,45.7,21.7,22.9,22.9,WUR 2023,21.813124185268375
U1475,2023,,40.8,10.4,28.6,28.6,WUR 2023,16.270711249477802
U1453,2023,,30.0,9.1,15.8,15.8,WUR 2023,9.172153669448335
U1455,2023,,21.2,10.0,27.8,27.8,WUR 2023,11.232651789543409
U1504,2023,,30.5,19.0,30.3,30.3,WUR 2023,19.037003656758852
U3022,2023,,30.0,10.2,32.2,32.2,WUR 2023,14.727714079052362
U1922,2023,,48.3,12.5,20.4,20.4,WUR 2023,16.680803787965143
U3029,2023,,30.0,8.1,32.4,32.4,WUR 2023,13.650603150453472
U1520,2023,,18.7,19.9,29.3,29.3,WUR 2023,16.46511558451145
U3210,2023,,51.6,12.5,21.1,21.1,WUR 2023,17.66352537373542
U1558,2023,,33.9,12.3,26.1,26.1,WUR 2023,14.931765767373893
U1575,2023,,20.9,8.6,3.9,3.9,WUR 2023,3.176339217909903
U1585,2023,,29.3,13.0,24.9,24.9,WUR 2023,13.873294452949462
U1586,2023,,39.5,8.3,22.2,22.2,WUR 2023,12.893894261186421
U1596,2023,,24.2,17.0,17.8,17.8,WUR 2023,12.701375485817668
U1598,2023,,18.1,13.9,16.8,16.8,WUR 2023,9.294415877235073
U3043,2023,,46.0,15.1,16.2,16.2,WUR 2023,16.281710024297823
U3052,2023,,39.5,14.6,17.5,17.5,WUR 2023,14.885307692144377
U1617,2023,,55.1,21.0,14.0,14.0,WUR 2023,20.93865534292464
U3058,2023,,71.6,11.3,23.9,23.9,WUR 2023,22.533142592364555
U2468,2023,,18.4,10.7,26.0,26.0,WUR 2023,10.413289609879307
U1634,2023,,28.3,13.4,38.6,38.6,WUR 2023,17.999479478153678
U1670,2023,,43.1,10.0,28.9,28.9,WUR 2023,16.682135509772532
U1673,2023,,50.0,18.1,21.4,21.4,WUR 2023,20.41400553666378
U1665,2023,,26.7,13.5,34.2,34.2,WUR 2023,16.349173722094164
U1688,2023,,35.3,12.2,30.7,30.7,WUR 2023,16.595826422438527
U1689,2023,,22.2,12.7,26.6,26.6,WUR 2023,12.566015308707138
U3080,2023,,68.0,14.2,16.3,16.3,WUR 2023,20.964598247283845
U1696,2023,,33.1,13.6,18.9,18.9,WUR 2023,13.27165587679739
U1713,2023,,76.7,8.7,26.4,26.4,WUR 2023,23.072329060282705
U1752,2023,,60.9,22.0,14.8,14.8,WUR 2023,23.07744282302894
U1757,2023,,40.1,13.0,16.9,16.9,WUR 2023,13.977304100221094
U3215,2023,,33.2,12.6,16.9,16.9,WUR 2023,12.148469843783836
U1797,2023,,23.6,12.7,17.3,17.3,WUR 2023,10.080618112445457
U2583,2023,,69.2,10.1,18.7,18.7,WUR 2023,19.749760112470934
U1807,2023,,16.2,9.0,38.7,38.7,WUR 2023,12.819086648902484
U3112,2023,,46.6,16.1,14.6,14.6,WUR 2023,16.479737781761184
U1827,2023,,15.9,11.3,25.5,25.5,WUR 2023,10.002994868517707
U1830,2023,,19.4,10.4,43.2,43.2,WUR 2023,15.686033830122966
U1832,2023,,23.8,9.9,24.7,24.7,WUR 2023,10.848457244125683
U2469,2023,,25.8,17.3,23.6,23.6,WUR 2023,14.991753062378352
U1850,2023,,28.6,13.0,32.5,32.5,WUR 2023,16.008130147854498
U1852,2023,,19.6,11.1,40.7,40.7,WUR 2023,15.35591268151102
U3124,2023,,26.4,21.1,26.1,26.1,WUR 2023,17.946493240769264
U1857,2023,,26.1,17.7,17.0,17.0,WUR 2023,13.282563502113769
U3126,2023,,43.6,14.0,22.6,22.6,WUR 2023,17.060563241464976
U1861,2023,,16.2,14.2,17.6,17.6,WUR 2023,9.254939670256412
U1865,2023,,21.5,13.7,29.7,29.7,WUR 2023,13.881675716155424
U1869,2023,,22.3,17.2,22.5,22.5,WUR 2023,13.78716358177823
U1870,2023,,23.8,15.0,26.3,26.3,WUR 2023,14.09505843938658
U3127,2023,,21.8,10.5,26.7,26.7,WUR 2023,11.3110333197674
U1887,2023,,38.8,17.4,11.8,11.8,WUR 2023,14.514759033783413
U1888,2023,,21.6,11.3,29.4,29.4,WUR 2023,12.514206053323255
U1890,2023,,27.1,14.9,24.3,24.3,WUR 2023,14.207076586160595
U1897,2023,,17.7,9.0,30.5,30.5,WUR 2023,10.689715228944689
U1909,2023,,21.7,14.2,22.2,22.2,WUR 2023,11.93111543148644
U1925,2023,,39.0,11.1,16.4,16.4,WUR 2023,12.539832639304203
U1936,2023,,28.5,19.4,24.1,24.1,WUR 2023,16.911398660859664
U1937,2023,,30.9,12.5,13.4,13.4,WUR 2023,10.498447743346514
U2584,2023,,72.1,12.0,7.4,7.4,WUR 2023,18.039243933954598
U3141,2023,,40.1,9.4,24.1,24.1,WUR 2023,14.204560941517009
U1956,2023,,20.6,21.1,30.1,30.1,WUR 2023,17.80103047320821
U1964,2023,,23.6,10.4,21.4,21.4,WUR 2023,10.074600305854048
U1965,2023,,20.9,10.4,34.4,34.4,WUR 2023,13.375210797261948
U1968,2023,,56.4,11.4,33.8,33.8,WUR 2023,22.02986351704065
U1973,2023,,23.2,10.5,35.8,35.8,WUR 2023,14.390152252537977
U2006,2023,,32.2,15.9,18.1,18.1,WUR 2023,14.065377180524766
U3179,2023,,52.3,11.9,25.3,25.3,WUR 2023,18.772210980336695
U2029,2023,,39.9,12.7,23.7,23.7,WUR 2023,15.824513198366468
U3181,2023,,52.6,18.2,23.6,23.6,WUR 2023,21.740975933754704
U2032,2023,,30.4,12.9,10.8,10.8,WUR 2023,9.812019714586304
U2064,2023,,44.8,15.8,12.5,12.5,WUR 2023,15.261582846141106
U2081,2023,,31.5,7.8,31.4,31.4,WUR 2023,13.536137542539155
U3187,2023,,81.1,10.8,20.2,20.2,WUR 2023,23.36296124302691
U3188,2023,,69.4,11.0,22.3,22.3,WUR 2023,21.372739390238607
U2091,2023,,22.7,11.1,44.9,44.9,WUR 2023,17.35037303725416
U2554,2023,,39.4,11.4,22.0,22.0,WUR 2023,14.489352513121444
U0909,2023,,41.6,12.3,17.3,17.3,WUR 2023,14.069540865353993
U2101,2023,,35.0,16.2,31.1,31.1,WUR 2023,18.81354794369986
U2103,2023,,16.0,18.1,22.1,22.1,WUR 2023,12.68177385140602
U2104,2023,,33.0,17.0,11.9,11.9,WUR 2023,12.973176058624421
U1015,2023,,30.8,12.0,30.4,30.4,WUR 2023,15.34535638496455
U2114,2023,,27.6,11.4,30.3,30.3,WUR 2023,14.242423812488342
U2117,2023,,19.3,15.0,22.4,22.4,WUR 2023,11.864221086356732
U2118,2023,,26.4,11.0,26.2,26.2,WUR 2023,12.505445902146954
U2119,2023,,28.5,8.0,30.5,30.5,WUR 2023,12.671367905608552
U2120,2023,,24.4,22.8,12.4,12.4,WUR 2023,14.256968435692423
U2129,2023,,31.2,25.2,12.0,12.0,WUR 2023,17.024894082847773
U2131,2023,,36.8,15.1,14.3,14.3,WUR 2023,13.557580539823899
U2133,2023,,24.5,24.4,11.3,11.3,WUR 2023,14.81441052625906
U2136,2023,,49.1,19.4,16.8,16.8,WUR 2023,19.516821482686616
U3230,2023,,29.3,15.0,25.4,25.4,WUR 2023,15.107927749003704
U2147,2023,,36.8,21.3,11.7,11.7,WUR 2023,16.129903435011403
U2150,2023,,29.5,10.4,34.3,34.3,WUR 2023,15.3543146561706
U2156,2023,,44.6,12.5,35.8,35.8,WUR 2023,20.473575871172862
U2164,2023,,41.6,12.4,24.7,24.7,WUR 2023,16.361615272092187
U3239,2023,,43.7,13.7,19.5,19.5,WUR 2023,15.983914184651052
U2171,2023,,27.2,24.2,9.4,9.4,WUR 2023,14.762312511697347
U2195,2023,,58.1,11.9,28.2,28.2,WUR 2023,21.00436729628484
U2196,2023,,24.8,14.6,14.7,14.7,WUR 2023,10.603954059343653
U2489,2023,,25.4,10.3,29.9,29.9,WUR 2023,13.011554388714885
U2545,2023,,41.8,16.7,27.9,27.9,WUR 2023,19.70544695960368
U2562,2023,,39.6,15.9,22.5,22.5,WUR 2023,17.12499430443191
U3319,2023,,38.9,9.1,40.1,40.1,WUR 2023,18.60038324436543
U3253,2023,,38.4,13.2,28.9,28.9,WUR 2023,17.317482458466856
U3336,2023,,22.9,8.6,46.8,46.8,WUR 2023,16.617419260116716
U3255,2023,,43.8,28.5,9.5,9.5,WUR 2023,21.00041990014342
U3344,2023,,16.4,7.8,31.3,31.3,WUR 2023,9.977858223877716
U3347,2023,,47.7,14.7,32.1,32.1,WUR 2023,21.270689304188572
U3354,2023,,17.0,13.5,30.0,30.0,WUR 2023,12.812657291584667
U3359,2023,,45.5,10.5,4.6,4.6,WUR 2023,10.164948755402012
U3369,2023,,67.7,12.4,15.5,15.5,WUR 2023,19.677488048697555
U3374,2023,,28.2,11.5,28.6,28.6,WUR 2023,13.922669006082131
U3376,2023,,28.6,17.6,15.8,15.8,WUR 2023,13.449601244908287
U3275,2023,,31.6,16.0,30.7,30.7,WUR 2023,17.7898453165364
U3277,2023,,28.9,15.4,26.4,26.4,WUR 2023,15.533573883644157
U3387,2023,,36.0,15.2,24.7,24.7,WUR 2023,16.569997123227758
U3404,2023,,26.3,12.7,23.0,23.0,WUR 2023,12.435249556521429
U3288,2023,,41.0,24.0,20.1,20.1,WUR 2023,21.114156312028616
U3409,2023,,18.6,10.0,33.8,33.8,WUR 2023,12.439691283061649
U3413,2023,,19.3,14.3,39.2,39.2,WUR 2023,16.565667981124847
U3417,2023,,18.2,14.2,25.6,25.6,WUR 2023,12.141584228592258
U3421,2023,,26.8,13.4,27.4,27.4,WUR 2023,14.261915414240505
U3293,2023,,24.3,12.3,23.0,23.0,WUR 2023,11.751275113168285
U3429,2023,,28.3,14.8,28.1,28.1,WUR 2023,15.582472785391648
U3438,2023,,30.8,20.4,11.5,11.5,WUR 2023,14.180009776779457
U3444,2023,,35.8,21.7,16.7,16.7,WUR 2023,17.625040073118843
U3445,2023,,24.8,8.9,7.1,7.1,WUR 2023,5.217809649460035
U3295,2023,,34.8,14.9,30.3,30.3,WUR 2023,17.820658135753597
U3297,2023,,23.6,12.1,31.8,31.8,WUR 2023,14.140671672016282
U3448,2023,,18.0,9.5,30.4,30.4,WUR 2023,11.000422656063463
U2623,2023,,34.9,8.8,10.6,10.6,WUR 2023,8.581919294575922
U0049,2023,,24.1,11.7,13.4,13.4,WUR 2023,8.476293249163588
U0051,2023,,24.8,8.5,22.2,22.2,WUR 2023,9.567657183797573
U0067,2023,,35.7,11.7,13.3,13.3,WUR 2023,11.156331687511493
U0102,2023,,28.8,11.6,13.4,13.4,WUR 2023,9.520252909353339
U3204,2023,,48.1,7.8,8.9,8.9,WUR 2023,10.610206731565384
U0142,2023,,17.5,9.6,11.8,11.8,WUR 2023,5.3127714070886665
U0145,2023,,30.6,8.5,9.7,9.7,WUR 2023,7.142555435229591
U2207,2023,,24.3,8.4,3.0,3.0,WUR 2023,3.5902119600560622
U2211,2023,,33.4,7.6,10.7,10.7,WUR 2023,7.611639769159236
U2212,2023,,25.0,8.1,14.4,14.4,WUR 2023,7.038830464291278
U2214,2023,,23.7,9.0,10.7,10.7,WUR 2023,6.103681162016741
U2216,2023,,24.7,8.6,5.7,5.7,WUR 2023,4.6085445239093
U2217,2023,,24.8,7.9,6.6,6.6,WUR 2023,4.524888162723237
U2222,2023,,30.5,8.7,13.3,13.3,WUR 2023,8.316242988531126
U2223,2023,,27.2,9.9,14.7,14.7,WUR 2023,8.618656219103073
U2226,2023,,30.5,10.3,12.5,12.5,WUR 2023,8.941046399568066
U0194,2023,,32.0,8.7,9.1,9.1,WUR 2023,7.3965489879281705
U0209,2023,,32.7,8.1,11.3,11.3,WUR 2023,7.900395884852026
U2656,2023,,19.5,11.1,14.6,14.6,WUR 2023,7.439403034239387
U0216,2023,,40.5,7.8,15.1,15.1,WUR 2023,10.709505796985946
U0214,2023,,22.3,11.2,6.0,6.0,WUR 2023,5.546973371034863
U2664,2023,,28.8,7.8,14.5,14.5,WUR 2023,7.794409324269636
U2682,2023,,43.2,8.3,13.3,13.3,WUR 2023,11.066847984430318
U0256,2023,,28.2,9.4,10.6,10.6,WUR 2023,7.341525819418726
U0267,2023,,22.0,14.6,9.5,9.5,WUR 2023,8.377167806705728
U2683,2023,,46.3,8.5,8.1,8.1,WUR 2023,10.326908766553075
U2681,2023,,35.7,8.2,16.8,16.8,WUR 2023,10.318808096835927
U0281,2023,,35.9,8.3,18.2,18.2,WUR 2023,10.84309534650448
U0286,2023,,23.0,8.5,23.2,23.2,WUR 2023,9.449515790972733
U2692,2023,,21.4,9.4,9.3,9.3,WUR 2023,5.359595611399432
U0315,2023,,25.2,9.3,11.1,11.1,WUR 2023,6.737629736467085
U0318,2023,,28.3,10.1,15.0,15.0,WUR 2023,9.074733733212568
U0342,2023,,33.7,9.0,10.5,10.5,WUR 2023,8.37964588917984
U2730,2023,,18.6,8.9,11.1,11.1,WUR 2023,4.978888937973753
U0351,2023,,18.6,10.0,5.1,5.1,WUR 2023,3.760255799190682
U1275,2023,,18.2,7.8,24.4,24.4,WUR 2023,8.31172542315417
U0375,2023,,34.3,16.1,10.5,10.5,WUR 2023,12.365986651221537
U0387,2023,,18.5,9.1,7.3,7.3,WUR 2023,3.9146732654688354
U0399,2023,,27.9,9.4,8.9,8.9,WUR 2023,6.757319458248994
U0410,2023,,30.7,10.5,13.6,13.6,WUR 2023,9.428779023716753
U0418,2023,,26.2,11.7,8.6,8.6,WUR 2023,7.515334551545257
U2745,2023,,29.2,7.7,12.1,12.1,WUR 2023,7.1078896356502215
U0470,2023,,38.3,14.5,13.8,13.8,WUR 2023,13.431811066533704
U0471,2023,,19.7,15.1,2.9,2.9,WUR 2023,6.114672791858872
U0483,2023,,21.6,9.8,21.9,21.9,WUR 2023,9.433493178056768
U2757,2023,,21.5,10.8,11.9,11.9,WUR 2023,6.927646953005807
U0489,2023,,23.3,9.8,18.9,18.9,WUR 2023,8.923431375222881
U2766,2023,,47.4,9.5,16.7,16.7,WUR 2023,13.726436373277814
U0527,2023,,17.7,8.4,10.9,10.9,WUR 2023,4.437268788515513
U0530,2023,,28.4,11.2,12.3,12.3,WUR 2023,8.877448951378547
U0531,2023,,16.8,8.6,14.6,14.6,WUR 2023,5.4542823894504515
U0539,2023,,30.3,10.1,5.4,5.4,WUR 2023,6.638797646387124
U0552,2023,,23.4,8.9,31.0,31.0,WUR 2023,12.118529426366878
U0553,2023,,38.5,9.0,6.3,6.3,WUR 2023,8.230979925960064
U0559,2023,,42.6,11.0,9.8,9.8,WUR 2023,11.33081521176408
U0589,2023,,18.3,8.2,31.5,31.5,WUR 2023,10.698952052217294
U0591,2023,,49.0,9.4,20.3,20.3,WUR 2023,15.134806645466359
U0596,2023,,19.8,14.8,17.1,17.1,WUR 2023,10.269878573754626
U2324,2023,,18.1,11.1,16.3,16.3,WUR 2023,7.626413133726876
U2333,2023,,29.6,12.4,11.3,11.3,WUR 2023,9.50545759949647
U2330,2023,,19.1,13.3,11.4,11.4,WUR 2023,7.569969135328658
U2334,2023,,17.9,9.3,4.8,4.8,WUR 2023,3.1267803243477
U0616,2023,,26.0,8.8,16.0,16.0,WUR 2023,8.135544558368508
U2355,2023,,24.7,13.6,15.5,15.5,WUR 2023,10.28081324791587
U2338,2023,,21.7,12.4,19.9,19.9,WUR 2023,10.260469658586008
U2363,2023,,21.1,9.4,23.0,23.0,WUR 2023,9.43264731474583
U2364,2023,,17.3,7.4,4.1,4.1,WUR 2023,1.7456474223696112
U0619,2023,,24.2,9.6,14.9,14.9,WUR 2023,7.8156919678363295
U2340,2023,,22.9,10.8,18.6,18.6,WUR 2023,9.28095943416348
U2357,2023,,20.1,8.8,12.6,12.6,WUR 2023,5.728814079019699
U0624,2023,,23.2,10.4,17.4,17.4,WUR 2023,8.771464942573974
U2343,2023,,20.7,11.6,13.7,13.7,WUR 2023,7.718455351318971
U0626,2023,,23.6,10.7,12.7,12.7,WUR 2023,7.606065461552506
U0627,2023,,21.7,8.1,13.0,13.0,WUR 2023,5.844415330133907
U0628,2023,,20.2,13.4,19.2,19.2,WUR 2023,10.240020629796728
U0629,2023,,21.8,11.0,15.0,15.0,WUR 2023,8.04358277281322
U0631,2023,,25.4,10.5,13.9,13.9,WUR 2023,8.281187073159021
U0614,2023,,20.1,10.2,8.3,8.3,WUR 2023,5.186807386257668
U2366,2023,,15.8,9.4,2.4,2.4,WUR 2023,1.9644908480590648
U0639,2023,,33.0,10.9,7.3,7.3,WUR 2023,8.277604989529951
U0642,2023,,18.2,8.8,6.4,6.4,WUR 2023,3.40988884537484
U0646,2023,,37.1,16.6,13.6,13.6,WUR 2023,14.228548163356894
U0663,2023,,25.0,12.1,16.7,16.7,WUR 2023,9.901242217690081
U2529,2023,,37.6,8.7,10.9,10.9,WUR 2023,9.24931504159112
U2275,2023,,42.2,9.4,11.8,11.8,WUR 2023,10.975457082608358
U2811,2023,,26.2,11.2,12.5,12.5,WUR 2023,8.423914130757503
U0679,2023,,21.0,9.2,15.1,15.1,WUR 2023,6.911827563675226
U0691,2023,,31.1,9.8,21.5,21.5,WUR 2023,11.532151604345582
U0699,2023,,34.9,9.4,16.2,16.2,WUR 2023,10.600494767263163
U0710,2023,,29.4,10.4,11.2,11.2,WUR 2023,8.345063073415096
U0714,2023,,20.1,8.8,16.2,16.2,WUR 2023,6.817523756439053
U0737,2023,,43.2,8.4,15.8,15.8,WUR 2023,11.877067552458836
U2832,2023,,28.7,8.2,10.3,10.3,WUR 2023,6.717568271692723
U2833,2023,,31.8,9.0,9.0,9.0,WUR 2023,7.482091623276917
U0765,2023,,39.4,12.3,20.2,20.2,WUR 2023,14.432538302797466
U2531,2023,,22.7,8.7,12.2,12.2,WUR 2023,6.161151791666488
U2841,2023,,51.0,11.3,7.9,7.9,WUR 2023,12.88134880279567
U0782,2023,,23.4,8.1,23.0,23.0,WUR 2023,9.265805140203247
U0818,2023,,47.2,8.1,14.5,14.5,WUR 2023,12.255988287625614
U2860,2023,,21.3,12.3,4.7,4.7,WUR 2023,5.516066340180646
U0829,2023,,24.2,12.2,6.9,6.9,WUR 2023,6.804787833352004
U2376,2023,,35.2,10.1,7.9,7.9,WUR 2023,8.53970584656801
U0890,2023,,17.6,8.4,15.5,15.5,WUR 2023,5.805033334792269
U0902,2023,,25.2,10.6,12.5,12.5,WUR 2023,7.865242185353953
U0939,2023,,41.8,19.0,11.7,11.7,WUR 2023,16.0521905726467
U0945,2023,,26.7,9.3,6.1,6.1,WUR 2023,5.576000251993163
U0966,2023,,42.5,10.6,5.1,5.1,WUR 2023,9.669395034313856
U0970,2023,,26.1,10.6,7.3,7.3,WUR 2023,6.50294191402444
U0971,2023,,29.5,10.9,15.5,15.5,WUR 2023,9.939686689861578
U0983,2023,,38.0,12.4,10.8,10.8,WUR 2023,11.316864744507022
U0993,2023,,53.0,12.3,5.4,5.4,WUR 2023,13.134301944642507
U1031,2023,,25.2,12.4,14.3,14.3,WUR 2023,9.384678280835029
U1036,2023,,30.9,8.0,10.0,10.0,WUR 2023,7.032518794966407
U1041,2023,,28.2,8.3,6.5,6.5,WUR 2023,5.50572347433083
U2887,2023,,37.5,10.8,9.4,9.4,WUR 2023,9.909916322918377
U1045,2023,,19.6,9.5,19.7,19.7,WUR 2023,8.138367334990207
U1058,2023,,32.2,11.4,13.4,13.4,WUR 2023,10.206303070854336
U1113,2023,,26.5,20.5,6.9,6.9,WUR 2023,11.838379028256877
U1123,2023,,17.1,17.6,16.2,16.2,WUR 2023,10.883653098993301
U1135,2023,,22.4,8.8,14.4,14.4,WUR 2023,6.810552095299469
U1136,2023,,23.9,11.3,17.3,17.3,WUR 2023,9.39231503734496
U1138,2023,,20.8,11.0,15.0,15.0,WUR 2023,7.8099379130001365
U1147,2023,,31.5,11.2,15.6,15.6,WUR 2023,10.59973188776685
U2899,2023,,28.8,8.3,18.3,18.3,WUR 2023,9.214458777315455
U1169,2023,,35.1,9.2,17.3,17.3,WUR 2023,10.871542667684873
U1176,2023,,38.6,8.5,16.0,16.0,WUR 2023,10.916956249218135
U1172,2023,,28.8,16.0,5.0,5.0,WUR 2023,9.363462289704929
U1187,2023,,27.1,11.2,17.9,17.9,WUR 2023,10.267259020718312
U1201,2023,,25.9,20.1,5.5,5.5,WUR 2023,11.058120291867857
U2765,2023,,30.1,15.5,13.8,13.8,WUR 2023,12.05763502538386
U1230,2023,,25.5,14.9,17.8,17.8,WUR 2023,11.867519004008047
U1246,2023,,23.1,13.2,19.5,19.5,WUR 2023,10.899974167842798
U2938,2023,,31.4,18.0,7.0,7.0,WUR 2023,11.65920125353125
U1255,2023,,24.3,10.0,10.4,10.4,WUR 2023,6.694854080770423
U1259,2023,,23.0,8.4,7.3,7.3,WUR 2023,4.586876868105504
U1277,2023,,16.9,13.5,8.5,8.5,WUR 2023,6.2872766765711035
U1280,2023,,30.5,16.8,12.0,12.0,WUR 2023,12.310963482712094
U1292,2023,,45.0,13.3,7.4,7.4,WUR 2023,12.411693585132697
U1304,2023,,23.0,9.1,18.5,18.5,WUR 2023,8.353171908821261
U1310,2023,,27.4,11.4,6.6,6.6,WUR 2023,7.028356130848307
U1311,2023,,26.2,11.1,9.8,9.8,WUR 2023,7.553210691761244
U1319,2023,,31.0,8.0,24.0,24.0,WUR 2023,11.28975424868965
U2386,2023,,27.0,8.5,7.8,7.8,WUR 2023,5.72683716570894
U1333,2023,,33.9,10.8,15.5,15.5,WUR 2023,10.913552892107402
U2979,2023,,29.8,10.6,6.9,6.9,WUR 2023,7.2464601533973685
U2985,2023,,24.7,10.9,17.4,17.4,WUR 2023,9.392788136952323
U2621,2023,,31.4,7.8,8.5,8.5,WUR 2023,6.5873698307513955
U2993,2023,,46.0,11.5,14.6,14.6,WUR 2023,13.847676543013092
U2997,2023,,23.9,8.8,22.7,22.7,WUR 2023,9.671100030180385
U2575,2023,,44.9,7.5,6.3,6.3,WUR 2023,8.913739314787637
U1373,2023,,34.1,11.0,17.2,17.2,WUR 2023,11.582737129159316
U1375,2023,,28.7,8.2,18.2,18.2,WUR 2023,9.10668117491853
U2404,2023,,27.9,8.9,14.6,14.6,WUR 2023,8.210253876170917
U2414,2023,,37.2,10.4,4.5,4.5,WUR 2023,8.141283302537797
U1381,2023,,26.7,19.6,7.5,7.5,WUR 2023,11.57901898473702
U1408,2023,,31.3,9.2,13.3,13.3,WUR 2023,8.774014781040316
U1416,2023,,24.9,16.5,7.8,7.8,WUR 2023,9.569877434641008
U1419,2023,,19.5,13.1,13.2,13.2,WUR 2023,8.099439556100078
U1420,2023,,30.8,14.9,7.3,7.3,WUR 2023,9.930433535210941
U1464,2023,,35.3,10.2,19.4,19.4,WUR 2023,12.09506409412622
U1426,2023,,16.5,14.3,6.5,6.5,WUR 2023,6.022349470422404
U1427,2023,,32.5,13.3,16.6,16.6,WUR 2023,12.273390901985273
U1467,2023,,27.8,15.3,5.2,5.2,WUR 2023,8.811103034337375
U1435,2023,,22.8,13.8,15.0,15.0,WUR 2023,9.794020698715146
U1447,2023,,28.5,13.7,14.2,14.2,WUR 2023,10.829689734847012
U1459,2023,,20.0,13.1,21.6,21.6,WUR 2023,10.756584566651782
U1517,2023,,27.6,8.3,14.3,14.3,WUR 2023,7.724407526184915
U2369,2023,,22.2,7.7,11.7,11.7,WUR 2023,5.351407875023149
U3036,2023,,35.8,11.1,15.7,15.7,WUR 2023,11.580475539515238
U1555,2023,,27.3,7.7,2.9,2.9,WUR 2023,3.8817063374892333
U1560,2023,,26.8,13.9,7.7,7.7,WUR 2023,8.575110028576646
U1571,2023,,19.6,11.1,17.3,17.3,WUR 2023,8.27929977828521
U1579,2023,,33.6,10.5,16.9,16.9,WUR 2023,11.104332988142438
U3040,2023,,35.2,8.9,16.3,16.3,WUR 2023,10.429974256032239
U1594,2023,,24.1,12.2,22.9,22.9,WUR 2023,11.62013302479005
U1595,2023,,16.5,10.8,14.8,14.8,WUR 2023,6.636438782972643
U1602,2023,,23.4,8.6,3.1,3.1,WUR 2023,3.5185158835716455
U2467,2023,,26.1,11.0,17.0,17.0,WUR 2023,9.6530943796869
U2417,2023,,36.5,9.1,8.7,8.7,WUR 2023,8.543667838878543
U3053,2023,,34.9,16.7,5.7,5.7,WUR 2023,11.379587749474048
U3056,2023,,23.9,10.1,23.1,23.1,WUR 2023,10.496293124228547
U1625,2023,,18.2,9.0,23.5,23.5,WUR 2023,8.689602174980262
U1626,2023,,35.2,7.6,6.1,6.1,WUR 2023,6.641071484564724
U3064,2023,,24.8,10.0,17.8,17.8,WUR 2023,9.049579736483416
U2423,2023,,46.4,8.8,14.5,14.5,WUR 2023,12.448270666297358
U1656,2023,,22.1,11.8,10.2,10.2,WUR 2023,7.0954327749852935
U1657,2023,,19.9,10.6,20.3,20.3,WUR 2023,8.985795396086544
U1669,2023,,21.3,9.4,6.8,6.8,WUR 2023,4.5801827383213505
U2426,2023,,36.4,10.6,4.8,4.8,WUR 2023,8.153435583002432
U1678,2023,,52.7,8.0,18.4,18.4,WUR 2023,14.666299319536801
U1691,2023,,47.0,14.0,6.8,6.8,WUR 2023,13.07672995837785
U1705,2023,,15.0,9.6,21.1,21.1,WUR 2023,7.541159257555957
U1739,2023,,20.1,8.8,16.9,16.9,WUR 2023,7.02921730482615
U3092,2023,,31.3,15.9,14.9,14.9,WUR 2023,12.887354871209121
U1790,2023,,14.1,9.7,26.2,26.2,WUR 2023,8.927388774333345
U1793,2023,,24.9,10.0,11.7,11.7,WUR 2023,7.2281861579485955
U1794,2023,,21.3,9.3,24.0,24.0,WUR 2023,9.727624460615413
U2910,2023,,42.6,10.1,12.6,12.6,WUR 2023,11.690048776926766
U1808,2023,,34.9,13.5,13.3,13.3,WUR 2023,11.944497056432422
U1824,2023,,41.6,8.1,8.9,8.9,WUR 2023,9.254028685575571
U1831,2023,,67.9,9.3,5.0,5.0,WUR 2023,14.869507185969649
U3121,2023,,32.3,7.7,7.8,7.8,WUR 2023,6.53178547526433
U1859,2023,,32.3,13.2,10.3,10.3,WUR 2023,10.26724881360704
U1889,2023,,24.9,11.3,17.0,17.0,WUR 2023,9.535234090706432
U1894,2023,,32.0,14.8,10.6,10.6,WUR 2023,11.15462005702264
U3131,2023,,22.8,12.8,10.2,10.2,WUR 2023,7.800695986171895
U1903,2023,,17.4,9.4,21.9,21.9,WUR 2023,8.235500043114838
U3134,2023,,26.9,12.3,10.1,10.1,WUR 2023,8.457542071262946
U1910,2023,,26.1,10.9,16.7,16.7,WUR 2023,9.508197392303543
U3135,2023,,20.1,11.5,21.9,21.9,WUR 2023,10.003935964176796
U1918,2023,,21.1,9.3,17.8,17.8,WUR 2023,7.805895488652795
U1923,2023,,32.3,11.8,7.5,7.5,WUR 2023,8.662078087014233
U3137,2023,,26.8,8.1,9.7,9.7,WUR 2023,6.038020244212894
U1938,2023,,47.2,10.0,9.1,9.1,WUR 2023,11.652176209199725
U1962,2023,,19.7,8.6,10.2,10.2,WUR 2023,4.801207321618073
U1974,2023,,22.8,9.9,18.2,18.2,WUR 2023,8.649086577860988
U1975,2023,,28.7,9.2,17.1,17.1,WUR 2023,9.315731693913392
U1921,2023,,22.9,9.1,23.2,23.2,WUR 2023,9.751178390581888
U2471,2023,,22.0,9.9,25.1,25.1,WUR 2023,10.548864238397618
U2028,2023,,15.0,10.3,2.0,2.0,WUR 2023,2.1441478466588126
U2060,2023,,23.0,12.0,19.5,19.5,WUR 2023,10.226555510680559
U2066,2023,,43.3,15.4,7.7,7.7,WUR 2023,13.242817929468696
U2067,2023,,51.8,7.8,10.2,10.2,WUR 2023,11.867837874164117
U2072,2023,,26.1,8.3,8.0,8.0,WUR 2023,5.468698300981419
U2372,2023,,22.1,10.1,12.6,12.6,WUR 2023,6.900329150758544
U2557,2023,,20.9,13.2,10.4,10.4,WUR 2023,7.633939347221754
U2093,2023,,29.4,10.5,20.3,20.3,WUR 2023,11.151250383379098
U2095,2023,,41.5,10.1,7.9,7.9,WUR 2023,10.01166846339044
U2128,2023,,21.3,10.1,15.3,15.3,WUR 2023,7.529945520972593
U2121,2023,,23.0,10.3,5.1,5.1,WUR 2023,4.950806725163485
U2122,2023,,19.5,9.6,1.7,1.7,WUR 2023,2.7256256428438674
U2132,2023,,18.4,7.8,11.2,11.2,WUR 2023,4.366518911245818
U2145,2023,,22.6,12.3,14.4,14.4,WUR 2023,8.753272399873138
U2149,2023,,30.9,9.0,4.8,4.8,WUR 2023,6.00164995912256
U3238,2023,,38.2,9.6,14.7,14.7,WUR 2023,11.026236134251764
U2455,2023,,16.7,9.1,10.7,10.7,WUR 2023,4.522338324256897
U2543,2023,,40.1,12.6,16.5,16.5,WUR 2023,13.639651634558632
U2172,2023,,28.2,10.0,10.5,10.5,WUR 2023,7.636310969525322
U3324,2023,,24.5,11.6,3.0,3.0,WUR 2023,5.370418721834497
U3254,2023,,47.8,11.4,18.6,18.6,WUR 2023,15.423743529099738
U3331,2023,,19.4,22.7,10.4,10.4,WUR 2023,12.429734246017837
U3342,2023,,35.6,10.1,20.7,20.7,WUR 2023,12.504131532428726
U3368,2023,,42.0,17.0,8.2,8.2,WUR 2023,13.957028184038952
U3373,2023,,36.0,10.6,14.5,14.5,WUR 2023,10.99344538101268
U3269,2023,,21.4,12.2,20.6,20.6,WUR 2023,10.293727387165692
U3274,2023,,26.0,9.8,22.8,22.8,WUR 2023,10.733707980589177
U3393,2023,,28.7,13.4,16.8,16.8,WUR 2023,11.500195486595041
U3405,2023,,27.3,16.0,14.9,14.9,WUR 2023,12.006946612888527
U3423,2023,,30.4,12.3,13.9,13.9,WUR 2023,10.42449262899584
U3426,2023,,17.0,10.9,18.3,18.3,WUR 2023,7.865900135746414
U3430,2023,,29.6,12.2,10.5,10.5,WUR 2023,9.155179753762013
U3464,2023,,23.1,8.2,23.5,23.5,WUR 2023,9.40109254061042
U2604,2023,,,,,,WUR 2023,
U0009,2023,,,,,,WUR 2023,
U0011,2023,,,,,,WUR 2023,
U0021,2023,,,,,,WUR 2023,
U0028,2023,,,,,,WUR 2023,
U0029,2023,,,,,,WUR 2023,
U0030,2023,,,,,,WUR 2023,
U0033,2023,,,,,,WUR 2023,
U0037,2023,,,,,,WUR 2023,
U0040,2023,,,,,,WUR 2023,
U0042,2023,,,,,,WUR 2023,
U2041,2023,,,,,,WUR 2023,
U0043,2023,,,,,,WUR 2023,
U0048,2023,,,,,,WUR 2023,
U0052,2023,,,,,,WUR 2023,
U0058,2023,,,,,,WUR 2023,
U0068,2023,,,,,,WUR 2023,
U0054,2023,,,,,,WUR 2023,
U0071,2023,,,,,,WUR 2023,
U0072,2023,,,,,,WUR 2023,
U0065,2023,,,,,,WUR 2023,
U2639,2023,,,,,,WUR 2023,
U0077,2023,,,,,,WUR 2023,
U0080,2023,,,,,,WUR 2023,
U0083,2023,,,,,,WUR 2023,
U0085,2023,,,,,,WUR 2023,
U0088,2023,,,,,,WUR 2023,
U0089,2023,,,,,,WUR 2023,
U0090,2023,,,,,,WUR 2023,
U0092,2023,,,,,,WUR 2023,
U0095,2023,,,,,,WUR 2023,
U0099,2023,,,,,,WUR 2023,
U0105,2023,,,,,,WUR 2023,
U0112,2023,,,,,,WUR 2023,
U0113,2023,,,,,,WUR 2023,
U0114,2023,,,,,,WUR 2023,
U0121,2023,,,,,,WUR 2023,
U0122,2023,,,,,,WUR 2023,
U0124,2023,,,,,,WUR 2023,
U0123,2023,,,,,,WUR 2023,
U0129,2023,,,,,,WUR 2023,
U0132,2023,,,,,,WUR 2023,
U0134,2023,,,,,,WUR 2023,
U0137,2023,,,,,,WUR 2023,
U0150,2023,,,,,,WUR 2023,
U0153,2023,,,,,,WUR 2023,
U0154,2023,,,,,,WUR 2023,
U0164,2023,,,,,,WUR 2023,
U0144,2023,,,,,,WUR 2023,
U3205,2023,,,,,,WUR 2023,
U0165,2023,,,,,,WUR 2023,
U0167,2023,,,,,,WUR 2023,
U0169,2023,,,,,,WUR 2023,
U0170,2023,,,,,,WUR 2023,
U0186,2023,,,,,,WUR 2023,
U0188,2023,,,,,,WUR 2023,
U0202,2023,,,,,,WUR 2023,
U0201,2023,,,,,,WUR 2023,
U0203,2023,,,,,,WUR 2023,
U0210,2023,,,,,,WUR 2023,
U0215,2023,,,,,,WUR 2023,
U0217,2023,,,,,,WUR 2023,
U0219,2023,,,,,,WUR 2023,
U0222,2023,,,,,,WUR 2023,
U0224,2023,,,,,,WUR 2023,
U0228,2023,,,,,,WUR 2023,
U0230,2023,,,,,,WUR 2023,
U0232,2023,,,,,,WUR 2023,
U0233,2023,,,,,,WUR 2023,
U2666,2023,,,,,,WUR 2023,
U0238,2023,,,,,,WUR 2023,
U0255,2023,,,,,,WUR 2023,
U2672,2023,,,,,,WUR 2023,
U0260,2023,,,,,,WUR 2023,
U0261,2023,,,,,,WUR 2023,
U0262,2023,,,,,,WUR 2023,
U0270,2023,,,,,,WUR 2023,
U0278,2023,,,,,,WUR 2023,
U0279,2023,,,,,,WUR 2023,
U2680,2023,,,,,,WUR 2023,
U0280,2023,,,,,,WUR 2023,
U2684,2023,,,,,,WUR 2023,
U2686,2023,,,,,,WUR 2023,
U0290,2023,,,,,,WUR 2023,
U0292,2023,,,,,,WUR 2023,
U0308,2023,,,,,,WUR 2023,
U0316,2023,,,,,,WUR 2023,
U0327,2023,,,,,,WUR 2023,
U0340,2023,,,,,,WUR 2023,
U2234,2023,,,,,,WUR 2023,
U0305,2023,,,,,,WUR 2023,
U2235,2023,,,,,,WUR 2023,
U2244,2023,,,,,,WUR 2023,
U0352,2023,,,,,,WUR 2023,
U0353,2023,,,,,,WUR 2023,
U2731,2023,,,,,,WUR 2023,
U0355,2023,,,,,,WUR 2023,
U2735,2023,,,,,,WUR 2023,
U0364,2023,,,,,,WUR 2023,
U0365,2023,,,,,,WUR 2023,
U0367,2023,,,,,,WUR 2023,
U0488,2023,,,,,,WUR 2023,
U0368,2023,,,,,,WUR 2023,
U0384,2023,,,,,,WUR 2023,
U2739,2023,,,,,,WUR 2023,
U0403,2023,,,,,,WUR 2023,
U0409,2023,,,,,,WUR 2023,
U0431,2023,,,,,,WUR 2023,
U0475,2023,,,,,,WUR 2023,
U2754,2023,,,,,,WUR 2023,
U0480,2023,,,,,,WUR 2023,
U0485,2023,,,,,,WUR 2023,
U0419,2023,,,,,,WUR 2023,
U2620,2023,,,,,,WUR 2023,
U0424,2023,,,,,,WUR 2023,
U0487,2023,,,,,,WUR 2023,
U2761,2023,,,,,,WUR 2023,
U0492,2023,,,,,,WUR 2023,
U0494,2023,,,,,,WUR 2023,
U0501,2023,,,,,,WUR 2023,
U0512,2023,,,,,,WUR 2023,
U2291,2023,,,,,,WUR 2023,
U0518,2023,,,,,,WUR 2023,
U0522,2023,,,,,,WUR 2023,
U2619,2023,,,,,,WUR 2023,
U0523,2023,,,,,,WUR 2023,
U0525,2023,,,,,,WUR 2023,
U0526,2023,,,,,,WUR 2023,
U0529,2023,,,,,,WUR 2023,
U2776,2023,,,,,,WUR 2023,
U0521,2023,,,,,,WUR 2023,
U0540,2023,,,,,,WUR 2023,
U0535,2023,,,,,,WUR 2023,
U0546,2023,,,,,,WUR 2023,
U2778,2023,,,,,,WUR 2023,
U0524,2023,,,,,,WUR 2023,
U2779,2023,,,,,,WUR 2023,
U0560,2023,,,,,,WUR 2023,
U0566,2023,,,,,,WUR 2023,
U2792,2023,,,,,,WUR 2023,
U0438,2023,,,,,,WUR 2023,
U0455,2023,,,,,,WUR 2023,
U0017,2023,,,,,,WUR 2023,
U0571,2023,,,,,,WUR 2023,
U2789,2023,,,,,,WUR 2023,
U0573,2023,,,,,,WUR 2023,
U0574,2023,,,,,,WUR 2023,
U0576,2023,,,,,,WUR 2023,
U0577,2023,,,,,,WUR 2023,
U2793,2023,,,,,,WUR 2023,
U0595,2023,,,,,,WUR 2023,
U2328,2023,,,,,,WUR 2023,
U0603,2023,,,,,,WUR 2023,
U0607,2023,,,,,,WUR 2023,
U0608,2023,,,,,,WUR 2023,
U0610,2023,,,,,,WUR 2023,
U0611,2023,,,,,,WUR 2023,
U0615,2023,,,,,,WUR 2023,
U0620,2023,,,,,,WUR 2023,
U0621,2023,,,,,,WUR 2023,
U0622,2023,,,,,,WUR 2023,
U0630,2023,,,,,,WUR 2023,
U0637,2023,,,,,,WUR 2023,
U0638,2023,,,,,,WUR 2023,
U0655,2023,,,,,,WUR 2023,
U0666,2023,,,,,,WUR 2023,
U2807,2023,,,,,,WUR 2023,
U0678,2023,,,,,,WUR 2023,
U0684,2023,,,,,,WUR 2023,
U0683,2023,,,,,,WUR 2023,
U0685,2023,,,,,,WUR 2023,
U0698,2023,,,,,,WUR 2023,
U0712,2023,,,,,,WUR 2023,
U0717,2023,,,,,,WUR 2023,
U0649,2023,,,,,,WUR 2023,
U0716,2023,,,,,,WUR 2023,
U2824,2023,,,,,,WUR 2023,
U0727,2023,,,,,,WUR 2023,
U0728,2023,,,,,,WUR 2023,
U0730,2023,,,,,,WUR 2023,
U0734,2023,,,,,,WUR 2023,
U0735,2023,,,,,,WUR 2023,
U0744,2023,,,,,,WUR 2023,
U0745,2023,,,,,,WUR 2023,
U0771,2023,,,,,,WUR 2023,
U0772,2023,,,,,,WUR 2023,
U0777,2023,,,,,,WUR 2023,
U0778,2023,,,,,,WUR 2023,
U2844,2023,,,,,,WUR 2023,
U2846,2023,,,,,,WUR 2023,
U3209,2023,,,,,,WUR 2023,
U0791,2023,,,,,,WUR 2023,
U0794,2023,,,,,,WUR 2023,
U0792,2023,,,,,,WUR 2023,
U0797,2023,,,,,,WUR 2023,
U0814,2023,,,,,,WUR 2023,
U2858,2023,,,,,,WUR 2023,
U0828,2023,,,,,,WUR 2023,
U0835,2023,,,,,,WUR 2023,
U0836,2023,,,,,,WUR 2023,
U0842,2023,,,,,,WUR 2023,
U0853,2023,,,,,,WUR 2023,
U0884,2023,,,,,,WUR 2023,
U0892,2023,,,,,,WUR 2023,
U0912,2023,,,,,,WUR 2023,
U0922,2023,,,,,,WUR 2023,
U0925,2023,,,,,,WUR 2023,
U0926,2023,,,,,,WUR 2023,
U0940,2023,,,,,,WUR 2023,
U0943,2023,,,,,,WUR 2023,
U0944,2023,,,,,,WUR 2023,
U0946,2023,,,,,,WUR 2023,
U0948,2023,,,,,,WUR 2023,
U0947,2023,,,,,,WUR 2023,
U0951,2023,,,,,,WUR 2023,
U0954,2023,,,,,,WUR 2023,
U0964,2023,,,,,,WUR 2023,
U2451,2023,,,,,,WUR 2023,
U0974,2023,,,,,,WUR 2023,
U0985,2023,,,,,,WUR 2023,
U0987,2023,,,,,,WUR 2023,
U0997,2023,,,,,,WUR 2023,
U2879,2023,,,,,,WUR 2023,
U2882,2023,,,,,,WUR 2023,
U1034,2023,,,,,,WUR 2023,
U1035,2023,,,,,,WUR 2023,
U1048,2023,,,,,,WUR 2023,
U1056,2023,,,,,,WUR 2023,
U1060,2023,,,,,,WUR 2023,
U1065,2023,,,,,,WUR 2023,
U2889,2023,,,,,,WUR 2023,
U2892,2023,,,,,,WUR 2023,
U1081,2023,,,,,,WUR 2023,
U1090,2023,,,,,,WUR 2023,
U1028,2023,,,,,,WUR 2023,
U1091,2023,,,,,,WUR 2023,
U1093,2023,,,,,,WUR 2023,
U1095,2023,,,,,,WUR 2023,
U1098,2023,,,,,,WUR 2023,
U1099,2023,,,,,,WUR 2023,
U1121,2023,,,,,,WUR 2023,
U2895,2023,,,,,,WUR 2023,
U1124,2023,,,,,,WUR 2023,
U1131,2023,,,,,,WUR 2023,
U1132,2023,,,,,,WUR 2023,
U1134,2023,,,,,,WUR 2023,
U1141,2023,,,,,,WUR 2023,
U1144,2023,,,,,,WUR 2023,
U1146,2023,,,,,,WUR 2023,
U1158,2023,,,,,,WUR 2023,
U1170,2023,,,,,,WUR 2023,
U1171,2023,,,,,,WUR 2023,
U1180,2023,,,,,,WUR 2023,
U2904,2023,,,,,,WUR 2023,
U1188,2023,,,,,,WUR 2023,
U1129,2023,,,,,,WUR 2023,
U2908,2023,,,,,,WUR 2023,
U1195,2023,,,,,,WUR 2023,
U1199,2023,,,,,,WUR 2023,
U2911,2023,,,,,,WUR 2023,
U1204,2023,,,,,,WUR 2023,
U1206,2023,,,,,,WUR 2023,
U1207,2023,,,,,,WUR 2023,
U1153,2023,,,,,,WUR 2023,
U1211,2023,,,,,,WUR 2023,
U2921,2023,,,,,,WUR 2023,
U1220,2023,,,,,,WUR 2023,
U1221,2023,,,,,,WUR 2023,
U1223,2023,,,,,,WUR 2023,
U1227,2023,,,,,,WUR 2023,
U1231,2023,,,,,,WUR 2023,
U1234,2023,,,,,,WUR 2023,
U1238,2023,,,,,,WUR 2023,
U1235,2023,,,,,,WUR 2023,
U2933,2023,,,,,,WUR 2023,
U2380,2023,,,,,,WUR 2023,
U1266,2023,,,,,,WUR 2023,
U1268,2023,,,,,,WUR 2023,
U1281,2023,,,,,,WUR 2023,
U1283,2023,,,,,,WUR 2023,
U2955,2023,,,,,,WUR 2023,
U2382,2023,,,,,,WUR 2023,
U2963,2023,,,,,,WUR 2023,
U1312,2023,,,,,,WUR 2023,
U1321,2023,,,,,,WUR 2023,
U1322,2023,,,,,,WUR 2023,
U1328,2023,,,,,,WUR 2023,
U1331,2023,,,,,,WUR 2023,
U1336,2023,,,,,,WUR 2023,
U1338,2023,,,,,,WUR 2023,
U2978,2023,,,,,,WUR 2023,
U1339,2023,,,,,,WUR 2023,
U1261,2023,,,,,,WUR 2023,
U1345,2023,,,,,,WUR 2023,
U1346,2023,,,,,,WUR 2023,
U1347,2023,,,,,,WUR 2023,
U2572,2023,,,,,,WUR 2023,
U2387,2023,,,,,,WUR 2023,
U2994,2023,,,,,,WUR 2023,
U1562,2023,,,,,,WUR 2023,
U1366,2023,,,,,,WUR 2023,
U1368,2023,,,,,,WUR 2023,
U1371,2023,,,,,,WUR 2023,
U1376,2023,,,,,,WUR 2023,
U2394,2023,,,,,,WUR 2023,
U2399,2023,,,,,,WUR 2023,
U1384,2023,,,,,,WUR 2023,
U1385,2023,,,,,,WUR 2023,
U1386,2023,,,,,,WUR 2023,
U1389,2023,,,,,,WUR 2023,
U1390,2023,,,,,,WUR 2023,
U1391,2023,,,,,,WUR 2023,
U1406,2023,,,,,,WUR 2023,
U1407,2023,,,,,,WUR 2023,
U1414,2023,,,,,,WUR 2023,
U1462,2023,,,,,,WUR 2023,
U1425,2023,,,,,,WUR 2023,
U1470,2023,,,,,,WUR 2023,
U1472,2023,,,,,,WUR 2023,
U1460,2023,,,,,,WUR 2023,
U1473,2023,,,,,,WUR 2023,
U1436,2023,,,,,,WUR 2023,
U1474,2023,,,,,,WUR 2023,
U1477,2023,,,,,,WUR 2023,
U1485,2023,,,,,,WUR 2023,
U1446,2023,,,,,,WUR 2023,
U1457,2023,,,,,,WUR 2023,
U1484,2023,,,,,,WUR 2023,
U1486,2023,,,,,,WUR 2023,
U1489,2023,,,,,,WUR 2023,
U2466,2023,,,,,,WUR 2023,
U1498,2023,,,,,,WUR 2023,
U1506,2023,,,,,,WUR 2023,
U1507,2023,,,,,,WUR 2023,
U1508,2023,,,,,,WUR 2023,
U1510,2023,,,,,,WUR 2023,
U3023,2023,,,,,,WUR 2023,
U1511,2023,,,,,,WUR 2023,
U1512,2023,,,,,,WUR 2023,
U1514,2023,,,,,,WUR 2023,
U3024,2023,,,,,,WUR 2023,
U1526,2023,,,,,,WUR 2023,
U1532,2023,,,,,,WUR 2023,
U1545,2023,,,,,,WUR 2023,
U3035,2023,,,,,,WUR 2023,
U1550,2023,,,,,,WUR 2023,
U1556,2023,,,,,,WUR 2023,
U1561,2023,,,,,,WUR 2023,
U1566,2023,,,,,,WUR 2023,
U1576,2023,,,,,,WUR 2023,
U1593,2023,,,,,,WUR 2023,
U1600,2023,,,,,,WUR 2023,
U1608,2023,,,,,,WUR 2023,
U1609,2023,,,,,,WUR 2023,
U1612,2023,,,,,,WUR 2023,
U1619,2023,,,,,,WUR 2023,
U1622,2023,,,,,,WUR 2023,
U3067,2023,,,,,,WUR 2023,
U1639,2023,,,,,,WUR 2023,
U3069,2023,,,,,,WUR 2023,
U1640,2023,,,,,,WUR 2023,
U1646,2023,,,,,,WUR 2023,
U1658,2023,,,,,,WUR 2023,
U1652,2023,,,,,,WUR 2023,
U1654,2023,,,,,,WUR 2023,
U2428,2023,,,,,,WUR 2023,
U1692,2023,,,,,,WUR 2023,
U1701,2023,,,,,,WUR 2023,
U3082,2023,,,,,,WUR 2023,
U3084,2023,,,,,,WUR 2023,
U1721,2023,,,,,,WUR 2023,
U1731,2023,,,,,,WUR 2023,
U1734,2023,,,,,,WUR 2023,
U1735,2023,,,,,,WUR 2023,
U1742,2023,,,,,,WUR 2023,
U1745,2023,,,,,,WUR 2023,
U1762,2023,,,,,,WUR 2023,
U1769,2023,,,,,,WUR 2023,
U1770,2023,,,,,,WUR 2023,
U1772,2023,,,,,,WUR 2023,
U1774,2023,,,,,,WUR 2023,
U1768,2023,,,,,,WUR 2023,
U1773,2023,,,,,,WUR 2023,
U1776,2023,,,,,,WUR 2023,
U3099,2023,,,,,,WUR 2023,
U3101,2023,,,,,,WUR 2023,
U1811,2023,,,,,,WUR 2023,
U1812,2023,,,,,,WUR 2023,
U1813,2023,,,,,,WUR 2023,
U1819,2023,,,,,,WUR 2023,
U1817,2023,,,,,,WUR 2023,
U1821,2023,,,,,,WUR 2023,
U2433,2023,,,,,,WUR 2023,
U3109,2023,,,,,,WUR 2023,
U3114,2023,,,,,,WUR 2023,
U1834,2023,,,,,,WUR 2023,
U1835,2023,,,,,,WUR 2023,
U1839,2023,,,,,,WUR 2023,
U3122,2023,,,,,,WUR 2023,
U1847,2023,,,,,,WUR 2023,
U1854,2023,,,,,,WUR 2023,
U1862,2023,,,,,,WUR 2023,
U1864,2023,,,,,,WUR 2023,
U3130,2023,,,,,,WUR 2023,
U1895,2023,,,,,,WUR 2023,
U1818,2023,,,,,,WUR 2023,
U1898,2023,,,,,,WUR 2023,
U1905,2023,,,,,,WUR 2023,
U1908,2023,,,,,,WUR 2023,
U1912,2023,,,,,,WUR 2023,
U1913,2023,,,,,,WUR 2023,
U1917,2023,,,,,,WUR 2023,
U1930,2023,,,,,,WUR 2023,
U1931,2023,,,,,,WUR 2023,
U3139,2023,,,,,,WUR 2023,
U1939,2023,,,,,,WUR 2023,
U3157,2023,,,,,,WUR 2023,
U1967,2023,,,,,,WUR 2023,
U1960,2023,,,,,,WUR 2023,
U3160,2023,,,,,,WUR 2023,
U1961,2023,,,,,,WUR 2023,
U1963,2023,,,,,,WUR 2023,
U1972,2023,,,,,,WUR 2023,
U1971,2023,,,,,,WUR 2023,
U1984,2023,,,,,,WUR 2023,
U1985,2023,,,,,,WUR 2023,
U1990,2023,,,,,,WUR 2023,
U1992,2023,,,,,,WUR 2023,
U3168,2023,,,,,,WUR 2023,
U1993,2023,,,,,,WUR 2023,
U1995,2023,,,,,,WUR 2023,
U2007,2023,,,,,,WUR 2023,
U2016,2023,,,,,,WUR 2023,
U2018,2023,,,,,,WUR 2023,
U3178,2023,,,,,,WUR 2023,
U2027,2023,,,,,,WUR 2023,
U2033,2023,,,,,,WUR 2023,
U2034,2023,,,,,,WUR 2023,
U2036,2023,,,,,,WUR 2023,
U2052,2023,,,,,,WUR 2023,
U2037,2023,,,,,,WUR 2023,
U2040,2023,,,,,,WUR 2023,
U2042,2023,,,,,,WUR 2023,
U2043,2023,,,,,,WUR 2023,
U2044,2023,,,,,,WUR 2023,
U2045,2023,,,,,,WUR 2023,
U2050,2023,,,,,,WUR 2023,
U2586,2023,,,,,,WUR 2023,
U2051,2023,,,,,,WUR 2023,
U2047,2023,,,,,,WUR 2023,
U2048,2023,,,,,,WUR 2023,
U2039,2023,,,,,,WUR 2023,
U2054,2023,,,,,,WUR 2023,
U2082,2023,,,,,,WUR 2023,
U2083,2023,,,,,,WUR 2023,
U0906,2023,,,,,,WUR 2023,
U0908,2023,,,,,,WUR 2023,
U3191,2023,,,,,,WUR 2023,
U2096,2023,,,,,,WUR 2023,
U2098,2023,,,,,,WUR 2023,
U2097,2023,,,,,,WUR 2023,
U2110,2023,,,,,,WUR 2023,
U2130,2023,,,,,,WUR 2023,
U2049,2023,,,,,,WUR 2023,
U2146,2023,,,,,,WUR 2023,
U2155,2023,,,,,,WUR 2023,
U2166,2023,,,,,,WUR 2023,
U2173,2023,,,,,,WUR 2023,
U2174,2023,,,,,,WUR 2023,
U2181,2023,,,,,,WUR 2023,
U2188,2023,,,,,,WUR 2023,
U2194,2023,,,,,,WUR 2023,
U2198,2023,,,,,,WUR 2023,
U2288,2023,,,,,,WUR 2023,
U2617,2023,,,,,,WUR 2023,
U0898,2023,,,,,,WUR 2023,
U3306,2023,,,,,,WUR 2023,
U3314,2023,,,,,,WUR 2023,
U1919,2023,,,,,,WUR 2023,
U3321,2023,,,,,,WUR 2023,
U2446,2023,,,,,,WUR 2023,
U3249,2023,,,,,,WUR 2023,
U1483,2023,,,,,,WUR 2023,
U3328,2023,,,,,,WUR 2023,
U3251,2023,,,,,,WUR 2023,
U3332,2023,,,,,,WUR 2023,
U3333,2023,,,,,,WUR 2023,
U3337,2023,,,,,,WUR 2023,
U3258,2023,,,,,,WUR 2023,
U3345,2023,,,,,,WUR 2023,
U3352,2023,,,,,,WUR 2023,
U3353,2023,,,,,,WUR 2023,
U3267,2023,,,,,,WUR 2023,
U3382,2023,,,,,,WUR 2023,
U3386,2023,,,,,,WUR 2023,
U3278,2023,,,,,,WUR 2023,
U3392,2023,,,,,,WUR 2023,
U3394,2023,,,,,,WUR 2023,
U3395,2023,,,,,,WUR 2023,
U3287,2023,,,,,,WUR 2023,
U3327,2023,,,,,,WUR 2023,
U3400,2023,,,,,,WUR 2023,
U3402,2023,,,,,,WUR 2023,
U3403,2023,,,,,,WUR 2023,
U3408,2023,,,,,,WUR 2023,
U3419,2023,,,,,,WUR 2023,
U3422,2023,,,,,,WUR 2023,
U3436,2023,,,,,,WUR 2023,
U3441,2023,,,,,,WUR 2023,
U3446,2023,,,,,,WUR 2023,
U3461,2023,,,,,,WUR 2023,
U3463,2023,,,,,,WUR 2023,
U1392,2023,,72.4,72.9,9.3,9.3,WUR 2023,51.67418335352436
U1392,2023,,62.2,46.8,51.4,51.4,WUR 2023,47.88418239895532
U1392,2023,,57.4,23.7,83.0,83.0,WUR 2023,43.8055958895228
U1392,2023,,43.9,45.3,54.6,54.6,WUR 2023,43.76365568588358
U1392,2023,,70.0,41.7,29.1,29.1,WUR 2023,40.199930465075184
U1392,2023,,49.5,32.0,23.8,23.8,WUR 2023,28.552783707882597
U1392,2023,,35.3,14.5,83.3,83.3,WUR 2023,33.749021648384776
U1392,2023,,23.7,14.6,71.1,71.1,WUR 2023,27.403396326452484
U1392,2023,,64.6,22.2,38.3,38.3,WUR 2023,31.157126004910516
U1392,2023,,42.1,12.2,66.7,66.7,WUR 2023,29.071708243361048
U1392,2023,,63.5,21.5,37.9,37.9,WUR 2023,30.399950650658432
U1392,2023,,73.5,37.4,18.0,18.0,WUR 2023,35.33147185564629
U1392,2023,,65.5,32.6,28.2,28.2,WUR 2023,33.946773711772735
U1392,2023,,61.8,19.7,23.9,23.9,WUR 2023,24.793802164462853
U1392,2023,,46.5,34.0,16.6,16.6,WUR 2023,26.75785339223952
U1392,2023,,45.7,39.7,11.9,11.9,WUR 2023,28.23732384975655
U1392,2023,,56.7,15.7,38.8,38.8,WUR 2023,25.941414529243126
U1392,2023,,41.6,13.3,64.9,64.9,WUR 2023,29.006413964994017
U1392,2023,,27.1,8.8,61.5,61.5,WUR 2023,22.152634549324198
U1392,2023,,63.8,20.2,19.3,19.3,WUR 2023,24.14081875648968
U1392,2023,,24.9,8.7,61.9,61.9,WUR 2023,21.705412418739144
U1392,2023,,55.9,15.0,11.8,11.8,WUR 2023,17.20997779422529
U1392,2023,,53.9,18.4,16.1,16.1,WUR 2023,19.88491145208488
U1392,2023,,53.3,15.0,12.6,12.6,WUR 2023,16.844436642582238
U1392,2023,,26.2,9.6,34.5,34.5,WUR 2023,14.210401042301205
U1392,2023,,27.6,12.3,31.4,31.4,WUR 2023,15.06262573119662
U1392,2023,,32.2,9.2,38.6,38.6,WUR 2023,16.635504832291446
U1392,2023,,42.4,9.2,1.2,1.2,WUR 2023,7.70819853141716
U1392,2023,,34.4,12.5,9.9,9.9,WUR 2023,10.257737010756824
U1392,2023,,27.5,12.7,23.0,23.0,WUR 2023,12.715623388297129
U1392,2023,,23.0,11.3,32.8,32.8,WUR 2023,13.869534663513184
U1392,2023,,22.9,13.5,3.4,3.4,WUR 2023,6.146807125772188
U1392,2023,,33.9,13.5,14.3,14.3,WUR 2023,12.013271551458047
U1392,2023,,20.8,11.2,3.1,3.1,WUR 2023,4.3194899522829795
U1392,2023,,36.5,15.4,17.6,17.6,WUR 2023,14.647984495642952
U1392,2023,,54.9,19.6,17.0,17.0,WUR 2023,21.040787902433735
U1392,2023,,37.3,13.4,13.0,13.0,WUR 2023,12.360347732600466
U1392,2023,,38.1,15.4,14.0,14.0,WUR 2023,13.933106593924531
U1392,2023,,55.2,23.2,15.0,15.0,WUR 2023,22.456205164243034
U1392,2023,,23.0,9.6,39.2,39.2,WUR 2023,14.884108458641276
U1392,2023,,20.5,8.7,40.4,40.4,WUR 2023,14.175358906529317
U1392,2023,,17.9,9.3,4.2,4.2,WUR 2023,2.945328711444474
U1392,2023,,64.5,10.0,7.3,7.3,WUR 2023,15.149877445256404
U1392,2023,,38.3,11.4,7.8,7.8,WUR 2023,9.937988328617376
U1392,2023,,24.5,10.6,11.6,11.6,WUR 2023,7.4295133641299556
U1392,2023,,20.2,9.5,20.1,20.1,WUR 2023,8.39952199281354
U1392,2023,,23.9,10.0,10.3,10.3,WUR 2023,6.571154201361318
U1392,2023,,22.1,10.0,0.8,0.8,WUR 2023,3.277609582730025
U1392,2023,,20.3,9.6,2.6,2.6,WUR 2023,3.1847189500491737
U1392,2023,,20.5,13.6,6.5,6.5,WUR 2023,6.577730643152531
U1392,2023,,19.7,11.1,2.9,2.9,WUR 2023,3.9478255545891
U1392,2023,,27.8,9.4,8.9,8.9,WUR 2023,6.733954972267687
U1392,2023,,34.8,16.7,9.6,9.6,WUR 2023,12.535658747363705
U1392,2023,,20.0,9.2,6.4,6.4,WUR 2023,4.0471343167653675
U1392,2023,,29.7,9.0,16.5,16.5,WUR 2023,9.259582578959762
U1392,2023,,23.5,9.7,6.0,6.0,WUR 2023,5.0147794888343995
U1392,2023,,27.5,11.0,4.0,4.0,WUR 2023,6.048745570521993
U1392,2023,,25.1,8.3,1.3,1.3,WUR 2023,3.2088437637489795
U1392,2023,,17.7,10.3,5.5,5.5,WUR 2023,3.8334567100896235
U1392,2023,,36.9,13.0,5.5,5.5,WUR 2023,9.782059903657935
U1392,2023,,28.9,9.2,3.2,3.2,WUR 2023,5.158831633617945
U1392,2023,,32.2,8.7,6.5,6.5,WUR 2023,6.656987637310143
U1392,2023,,31.4,9.2,10.6,10.6,WUR 2023,7.980847008957106
U1392,2023,,27.5,8.4,9.0,9.0,WUR 2023,6.152391640490189
U1392,2023,,24.9,10.8,3.9,3.9,WUR 2023,5.302684637660615
U1392,2023,,20.9,11.3,2.2,2.2,WUR 2023,4.124848199841193
U1392,2023,,21.9,9.4,3.8,3.8,WUR 2023,3.813111589693071
U1392,2023,,33.7,8.4,1.4,1.4,WUR 2023,5.302602674557117
U1392,2023,,21.0,16.3,6.5,6.5,WUR 2023,8.157174958216169
U1392,2023,,18.4,11.4,7.1,7.1,WUR 2023,5.076762069949905
U1392,2023,,38.8,8.3,0.9,0.9,WUR 2023,6.288810601252746
U1392,2023,,26.9,10.1,7.0,7.0,WUR 2023,6.328276090764572
U1392,2023,,33.2,11.2,18.1,18.1,WUR 2023,11.75297653654587
U1392,2023,,34.5,12.7,9.0,9.0,WUR 2023,10.117266439246784
U1392,2023,,18.0,9.5,8.7,8.7,WUR 2023,4.437922656063465
U1392,2023,,24.1,8.6,6.5,6.5,WUR 2023,4.710293091892417
U1392,2023,,34.7,10.2,3.3,3.3,WUR 2023,7.085925565335147
U1392,2023,,16.7,8.9,7.2,7.2,WUR 2023,3.355528220457925
U1392,2023,,,,,,WUR 2023,
U2004,2023,,37.0,20.4,56.8,56.8,WUR 2023,29.328204681814125
U3176,2023,,36.7,21.4,68.9,68.9,WUR 2023,33.459097226736034
U2017,2023,,25.7,13.9,58.4,58.4,WUR 2023,23.650761973104835
U2020,2023,,72.0,12.4,75.3,75.3,WUR 2023,38.76683836524865
U2025,2023,,77.6,20.8,55.1,55.1,WUR 2023,38.51675781072651
U3190,2023,,29.0,31.7,51.9,51.9,WUR 2023,32.09853440988689
U2089,2023,,31.7,17.4,44.8,44.8,WUR 2023,22.835719238787934
U2556,2023,,64.2,28.9,41.7,41.7,WUR 2023,35.72136298986376
U3193,2023,,45.6,19.2,56.8,56.8,WUR 2023,30.687496305025718
U3197,2023,,38.0,21.5,69.0,69.0,WUR 2023,33.847248660908654
U2105,2023,,23.4,12.0,88.4,88.4,WUR 2023,31.15670700299289
U3227,2023,,48.6,15.1,49.9,49.9,WUR 2023,27.08071891787636
U2158,2023,,58.4,15.4,53.8,53.8,WUR 2023,30.71238757071078
U3246,2023,,23.7,24.4,66.2,66.2,WUR 2023,31.230317219053756
U2185,2023,,77.6,22.3,50.5,50.5,WUR 2023,37.93819649244461
U2191,2023,,82.2,13.3,51.7,51.7,WUR 2023,34.50045978953426
U1615,2023,,95.2,22.8,48.8,48.8,WUR 2023,41.8070890265878
U3384,2023,,27.8,11.2,86.3,86.3,WUR 2023,31.11629429355521
U3220,2023,,55.8,23.7,61.6,61.6,WUR 2023,36.95998992027347
U3223,2023,,76.8,15.5,61.5,61.5,WUR 2023,37.394253204461336
U3281,2023,,88.7,29.4,34.5,34.5,WUR 2023,39.539098605104336
U3286,2023,,72.0,14.3,68.8,68.8,WUR 2023,37.83036499650019
U3291,2023,,47.6,26.7,52.8,52.8,WUR 2023,34.00794717517787
U3414,2023,,72.4,14.8,68.2,68.2,WUR 2023,38.01322723218092
