university_id,year,source,research_score,citation_score,research_impact
U00001,2025,QS_2025,,100.0,
U00001,2024,THE_2024,96.2,99.7,97.95
U00001,2023,WUR_2023,93.6,99.8,96.69999999999999
U00002,2025,QS_2025,,93.9,
U00002,2024,THE_2024,95.5,98.6,97.05
U00002,2023,WUR_2023,90.8,98.3,94.55
U00003,2025,QS_2025,,84.8,
U00003,2024,THE_2024,100.0,99.0,99.5
U00003,2023,WUR_2023,99.7,99.0,99.35
U00004,2025,QS_2025,,100.0,
U00004,2024,THE_2024,99.9,99.4,99.65
U00004,2023,WUR_2023,99.0,99.3,99.15
U00005,2025,QS_2025,,84.6,
U00005,2024,THE_2024,100.0,98.0,99.0
U00005,2023,WUR_2023,99.5,97.0,98.25
U00006,2025,QS_2025,,99.0,
U00006,2024,THE_2024,97.8,99.6,98.69999999999999
U00006,2023,WUR_2023,96.7,99.8,98.25
U00007,2025,QS_2025,,97.9,
U00008,2025,QS_2025,,93.1,
U00008,2024,THE_2024,94.0,95.4,94.7
U00009,2025,QS_2025,,72.2,
U00009,2024,THE_2024,86.4,98.6,92.5
U00009,2023,WUR_2023,85.4,97.9,91.65
U00010,2025,QS_2025,,100.0,
U00010,2024,THE_2024,98.0,95.9,96.95
U00010,2023,WUR_2023,97.0,97.3,97.15
U00011,2025,QS_2025,,74.0,
U00011,2024,THE_2024,89.7,97.6,93.65
U00011,2023,WUR_2023,88.8,97.0,92.9
U00012,2025,QS_2025,,98.2,
U00012,2024,THE_2024,98.8,99.0,98.9
U00012,2023,WUR_2023,95.8,99.0,97.4
U00013,2025,QS_2025,,93.0,
U00014,2025,QS_2025,,97.7,
U00014,2024,THE_2024,97.3,87.2,92.25
U00015,2025,QS_2025,,92.4,
U00015,2024,THE_2024,80.9,94.5,87.7
U00015,2023,WUR_2023,77.9,87.2,82.55000000000001
U00016,2025,QS_2025,,97.5,
U00016,2024,THE_2024,88.7,97.6,93.15
U00016,2023,WUR_2023,86.1,97.3,91.69999999999999
U00017,2025,QS_2025,,86.4,
U00018,2025,QS_2025,,93.7,
U00018,2024,THE_2024,68.9,92.0,80.45
U00018,2023,WUR_2023,65.8,88.5,77.15
U00019,2025,QS_2025,,94.9,
U00020,2025,QS_2025,,99.1,
U00020,2024,THE_2024,98.1,93.2,95.65
U00021,2025,QS_2025,,60.8,
U00022,2025,QS_2025,,100.0,
U00022,2024,THE_2024,97.9,98.8,98.35
U00022,2023,WUR_2023,95.9,99.1,97.5
U00023,2025,QS_2025,,38.6,
U00023,2024,THE_2024,94.9,97.7,96.30000000000001
U00023,2023,WUR_2023,92.7,97.0,94.85
U00024,2025,QS_2025,,87.6,
U00025,2025,QS_2025,,50.8,
U00025,2024,THE_2024,94.1,92.8,93.44999999999999
U00025,2023,WUR_2023,93.3,92.8,93.05
U00026,2025,QS_2025,,93.6,
U00027,2025,QS_2025,,47.7,
U00028,2025,QS_2025,,75.9,
U00028,2024,THE_2024,85.1,90.0,87.55
U00029,2025,QS_2025,,57.9,
U00029,2024,THE_2024,72.3,88.8,80.55
U00030,2025,QS_2025,,84.6,
U00031,2025,QS_2025,,71.7,
U00031,2024,THE_2024,75.3,74.6,74.94999999999999
U00031,2023,WUR_2023,76.2,67.6,71.9
U00032,2025,QS_2025,,84.2,
U00032,2024,THE_2024,92.3,97.2,94.75
U00032,2023,WUR_2023,91.5,97.0,94.25
U00033,2025,QS_2025,,57.3,
U00033,2024,THE_2024,94.2,67.8,81.0
U00033,2023,WUR_2023,91.4,55.5,73.45
U00034,2025,QS_2025,,31.7,
U00034,2024,THE_2024,89.7,97.4,93.55000000000001
U00034,2023,WUR_2023,87.7,97.1,92.4
U00035,2025,QS_2025,,45.1,
U00036,2025,QS_2025,,92.9,
U00037,2025,QS_2025,,87.6,
U00037,2024,THE_2024,67.8,94.7,81.25
U00037,2023,WUR_2023,68.7,90.4,79.55000000000001
U00038,2025,QS_2025,,57.7,
U00038,2024,THE_2024,76.6,90.5,83.55
U00038,2023,WUR_2023,73.1,88.8,80.94999999999999
U00039,2025,QS_2025,,80.7,
U00039,2024,THE_2024,75.3,83.5,79.4
U00039,2023,WUR_2023,75.8,74.5,75.15
U00040,2025,QS_2025,,53.6,
U00040,2024,THE_2024,75.1,97.7,86.4
U00040,2023,WUR_2023,72.9,98.2,85.55000000000001
U00041,2025,QS_2025,,90.2,
U00041,2024,THE_2024,64.3,89.1,76.69999999999999
U00042,2025,QS_2025,,74.0,
U00042,2024,THE_2024,91.9,96.4,94.15
U00042,2023,WUR_2023,88.9,95.4,92.15
U00043,2025,QS_2025,,28.6,
U00043,2024,THE_2024,84.0,94.9,89.45
U00043,2023,WUR_2023,84.0,95.0,89.5
U00044,2025,QS_2025,,47.6,
U00044,2024,THE_2024,87.4,95.5,91.45
U00044,2023,WUR_2023,84.6,93.6,89.1
U00045,2025,QS_2025,,99.6,
U00045,2024,THE_2024,82.5,75.4,78.95
U00045,2023,WUR_2023,82.9,59.9,71.4
U00046,2025,QS_2025,,86.1,
U00046,2024,THE_2024,61.6,70.8,66.2
U00046,2023,WUR_2023,58.8,64.8,61.8
U00047,2025,QS_2025,,99.7,
U00047,2024,THE_2024,62.1,92.9,77.5
U00048,2025,QS_2025,,99.5,
U00048,2024,THE_2024,75.3,78.7,77.0
U00049,2025,QS_2025,,79.7,
U00049,2024,THE_2024,78.2,76.5,77.35
U00049,2023,WUR_2023,76.4,59.1,67.75
U00050,2025,QS_2025,,39.3,
U00050,2024,THE_2024,84.3,60.0,72.15
U00050,2023,WUR_2023,79.1,52.3,65.69999999999999
U00051,2025,QS_2025,,67.7,
U00051,2024,THE_2024,78.8,97.8,88.3
U00051,2023,WUR_2023,80.7,97.5,89.1
U00052,2025,QS_2025,,69.4,
U00052,2024,THE_2024,73.5,95.4,84.45
U00052,2023,WUR_2023,74.3,95.1,84.69999999999999
U00053,2025,QS_2025,,96.2,
U00054,2025,QS_2025,,75.9,
U00054,2024,THE_2024,56.5,97.3,76.9
U00055,2025,QS_2025,,92.2,
U00055,2024,THE_2024,63.1,96.7,79.9
U00055,2023,WUR_2023,64.1,93.3,78.69999999999999
U00056,2025,QS_2025,,44.1,
U00056,2024,THE_2024,64.3,79.3,71.8
U00057,2025,QS_2025,,94.9,
U00058,2025,QS_2025,,98.9,
U00058,2024,THE_2024,84.6,98.9,91.75
U00058,2023,WUR_2023,81.8,98.7,90.25
U00059,2025,QS_2025,,50.0,
U00060,2025,QS_2025,,29.1,
U00061,2025,QS_2025,,35.1,
U00061,2024,THE_2024,76.1,96.2,86.15
U00061,2023,WUR_2023,76.2,95.7,85.95
U00062,2025,QS_2025,,100.0,
U00062,2024,THE_2024,52.4,91.1,71.75
U00063,2025,QS_2025,,91.0,
U00063,2024,THE_2024,74.9,91.9,83.4
U00064,2025,QS_2025,,72.3,
U00064,2024,THE_2024,60.8,83.7,72.25
U00064,2023,WUR_2023,58.3,76.6,67.44999999999999
U00065,2025,QS_2025,,66.9,
U00066,2025,QS_2025,,76.7,
U00066,2024,THE_2024,75.7,91.0,83.35
U00066,2023,WUR_2023,73.1,87.5,80.3
U00067,2025,QS_2025,,45.0,
U00067,2024,THE_2024,46.6,72.0,59.3
U00068,2025,QS_2025,,44.3,
U00068,2024,THE_2024,54.8,70.8,62.8
U00069,2025,QS_2025,,37.7,
U00070,2025,QS_2025,,77.5,
U00070,2024,THE_2024,81.5,85.2,83.35
U00070,2023,WUR_2023,78.9,78.1,78.5
U00071,2025,QS_2025,,1.6,
U00072,2025,QS_2025,,67.0,
U00072,2024,THE_2024,78.4,97.6,88.0
U00072,2023,WUR_2023,77.2,98.2,87.7
U00073,2025,QS_2025,,35.0,
U00073,2024,THE_2024,66.1,82.4,74.25
U00073,2023,WUR_2023,55.2,79.1,67.15
U00074,2025,QS_2025,,86.1,
U00074,2024,THE_2024,57.8,81.0,69.4
U00074,2023,WUR_2023,53.8,68.4,61.1
U00075,2025,QS_2025,,44.6,
U00075,2024,THE_2024,56.6,86.6,71.6
U00075,2023,WUR_2023,55.5,81.0,68.25
U00076,2025,QS_2025,,78.8,
U00076,2024,THE_2024,83.5,98.2,90.85
U00076,2023,WUR_2023,82.8,98.9,90.85
U00077,2025,QS_2025,,98.8,
U00077,2024,THE_2024,48.6,88.7,68.65
U00077,2023,WUR_2023,48.1,85.6,66.85
U00078,2025,QS_2025,,32.5,
U00078,2024,THE_2024,51.8,96.8,74.3
U00079,2025,QS_2025,,76.4,
U00079,2024,THE_2024,59.6,89.7,74.65
U00079,2023,WUR_2023,58.0,89.5,73.75
U00080,2025,QS_2025,,40.5,
U00080,2024,THE_2024,49.3,95.5,72.4
U00080,2023,WUR_2023,46.2,95.2,70.7
U00081,2025,QS_2025,,83.4,
U00081,2024,THE_2024,50.1,92.7,71.4
U00081,2023,WUR_2023,47.5,92.3,69.9
U00082,2025,QS_2025,,87.0,
U00083,2025,QS_2025,,39.8,
U00083,2024,THE_2024,49.1,87.3,68.2
U00083,2023,WUR_2023,47.8,79.3,63.55
U00084,2025,QS_2025,,32.7,
U00085,2025,QS_2025,,43.1,
U00085,2024,THE_2024,63.3,49.4,56.349999999999994
U00085,2023,WUR_2023,58.2,31.0,44.6
U00086,2025,QS_2025,,54.9,
U00086,2024,THE_2024,65.7,50.5,58.1
U00086,2023,WUR_2023,60.9,31.8,46.35
U00087,2025,QS_2025,,58.4,
U00088,2025,QS_2025,,97.7,
U00088,2024,THE_2024,43.3,95.9,69.6
U00089,2025,QS_2025,,40.9,
U00089,2024,THE_2024,44.5,83.5,64.0
U00089,2023,WUR_2023,44.6,70.0,57.3
U00090,2025,QS_2025,,55.4,
U00091,2025,QS_2025,,54.3,
U00092,2025,QS_2025,,28.5,
U00093,2025,QS_2025,,8.8,
U00093,2024,THE_2024,34.3,67.6,50.949999999999996
U00093,2023,WUR_2023,31.9,66.2,49.05
U00094,2025,QS_2025,,4.1,
U00094,2024,THE_2024,75.2,33.9,54.55
U00095,2025,QS_2025,,2.4,
U00096,2025,QS_2025,,61.3,
U00096,2024,THE_2024,55.5,80.9,68.2
U00096,2023,WUR_2023,52.7,72.9,62.800000000000004
U00097,2025,QS_2025,,71.7,
U00098,2025,QS_2025,,96.9,
U00098,2024,THE_2024,51.5,77.2,64.35
U00099,2025,QS_2025,,71.9,
U00099,2024,THE_2024,64.8,78.9,71.85
U00099,2023,WUR_2023,64.5,66.1,65.3
U00100,2025,QS_2025,,23.1,
U00100,2024,THE_2024,51.1,91.3,71.2
U00100,2023,WUR_2023,47.5,87.2,67.35
U00101,2025,QS_2025,,78.0,
U00101,2024,THE_2024,38.7,86.3,62.5
U00101,2023,WUR_2023,35.9,80.3,58.099999999999994
U00102,2025,QS_2025,,68.4,
U00103,2025,QS_2025,,42.3,
U00103,2024,THE_2024,55.0,81.3,68.15
U00103,2023,WUR_2023,55.7,75.2,65.45
U00104,2025,QS_2025,,49.2,
U00104,2024,THE_2024,42.6,77.7,60.150000000000006
U00104,2023,WUR_2023,41.4,67.8,54.599999999999994
U00105,2025,QS_2025,,43.9,
U00106,2025,QS_2025,,79.5,
U00106,2023,WUR_2023,66.0,91.2,78.6
U00107,2025,QS_2025,,23.9,
U00107,2024,THE_2024,66.4,53.8,60.1
U00107,2023,WUR_2023,62.3,36.8,49.55
U00108,2025,QS_2025,,37.6,
U00108,2024,THE_2024,45.9,90.6,68.25
U00108,2023,WUR_2023,44.1,86.6,65.35
U00109,2025,QS_2025,,84.4,
U00109,2024,THE_2024,47.4,83.2,65.3
U00109,2023,WUR_2023,44.9,73.2,59.05
U00110,2025,QS_2025,,40.1,
U00110,2024,THE_2024,53.4,91.8,72.6
U00110,2023,WUR_2023,50.7,87.5,69.1
U00111,2025,QS_2025,,40.2,
U00111,2024,THE_2024,49.7,71.9,60.800000000000004
U00112,2025,QS_2025,,41.3,
U00112,2024,THE_2024,54.1,94.3,74.2
U00112,2023,WUR_2023,56.1,92.9,74.5
U00113,2025,QS_2025,,73.6,
U00113,2024,THE_2024,43.1,79.7,61.400000000000006
U00113,2023,WUR_2023,40.4,67.5,53.95
U00114,2025,QS_2025,,52.8,
U00114,2024,THE_2024,78.9,94.1,86.5
U00114,2023,WUR_2023,75.9,91.4,83.65
U00115,2025,QS_2025,,78.9,
U00115,2024,THE_2024,49.3,83.7,66.5
U00115,2023,WUR_2023,46.4,71.0,58.7
U00116,2025,QS_2025,,23.7,
U00116,2024,THE_2024,67.5,85.5,76.5
U00116,2023,WUR_2023,62.9,78.7,70.8
U00117,2025,QS_2025,,49.6,
U00117,2024,THE_2024,57.6,90.6,74.1
U00117,2023,WUR_2023,58.5,86.6,72.55
U00118,2025,QS_2025,,79.1,
U00119,2025,QS_2025,,55.7,
U00119,2024,THE_2024,50.6,92.1,71.35
U00119,2023,WUR_2023,48.5,89.0,68.75
U00120,2025,QS_2025,,62.8,
U00120,2024,THE_2024,42.6,97.9,70.25
U00120,2023,WUR_2023,41.3,97.7,69.5
U00121,2025,QS_2025,,93.4,
U00121,2024,THE_2024,42.9,75.2,59.05
U00122,2025,QS_2025,,48.2,
U00122,2024,THE_2024,35.6,83.4,59.5
U00122,2023,WUR_2023,38.7,79.6,59.15
U00123,2025,QS_2025,,77.7,
U00123,2024,THE_2024,36.2,83.2,59.7
U00123,2023,WUR_2023,32.7,71.8,52.25
U00124,2025,QS_2025,,41.3,
U00124,2024,THE_2024,54.2,72.9,63.550000000000004
U00125,2025,QS_2025,,58.0,
U00125,2024,THE_2024,58.8,92.5,75.65
U00125,2023,WUR_2023,58.6,90.4,74.5
U00126,2025,QS_2025,,27.0,
U00127,2025,QS_2025,,46.4,
U00127,2024,THE_2024,41.3,84.0,62.65
U00127,2023,WUR_2023,40.3,73.9,57.1
U00128,2025,QS_2025,,64.5,
U00128,2024,THE_2024,49.6,91.0,70.3
U00128,2023,WUR_2023,50.4,87.1,68.75
U00129,2025,QS_2025,,38.7,
U00129,2024,THE_2024,41.1,93.8,67.45
U00130,2025,QS_2025,,52.5,
U00130,2024,THE_2024,67.8,87.2,77.5
U00130,2023,WUR_2023,66.3,80.9,73.6
U00131,2025,QS_2025,,94.5,
U00131,2024,THE_2024,42.9,87.7,65.3
U00131,2023,WUR_2023,44.1,86.5,65.3
U00132,2025,QS_2025,,45.3,
U00132,2024,THE_2024,48.1,77.9,63.0
U00132,2023,WUR_2023,44.9,67.7,56.3
U00133,2025,QS_2025,,46.6,
U00134,2025,QS_2025,,79.6,
U00134,2024,THE_2024,44.2,87.4,65.80000000000001
U00134,2023,WUR_2023,44.6,76.1,60.349999999999994
U00135,2025,QS_2025,,97.7,
U00135,2024,THE_2024,66.3,88.2,77.25
U00136,2025,QS_2025,,79.3,
U00136,2024,THE_2024,51.5,71.3,61.4
U00136,2023,WUR_2023,49.8,55.5,52.65
U00137,2025,QS_2025,,13.0,
U00137,2024,THE_2024,60.3,77.4,68.85
U00137,2023,WUR_2023,59.3,65.1,62.199999999999996
U00138,2025,QS_2025,,14.1,
U00138,2024,THE_2024,27.8,58.7,43.25
U00138,2023,WUR_2023,23.9,47.1,35.5
U00139,2025,QS_2025,,77.4,
U00139,2024,THE_2024,46.6,79.4,63.0
U00139,2023,WUR_2023,44.5,64.4,54.45
U00140,2025,QS_2025,,11.2,
U00141,2025,QS_2025,,69.6,
U00141,2024,THE_2024,40.7,93.9,67.30000000000001
U00141,2023,WUR_2023,40.0,96.9,68.45
U00142,2025,QS_2025,,54.5,
U00142,2024,THE_2024,62.7,93.0,77.85
U00143,2025,QS_2025,,87.9,
U00143,2024,THE_2024,45.6,86.5,66.05
U00143,2023,WUR_2023,39.7,84.4,62.050000000000004
U00144,2025,QS_2025,,63.8,
U00144,2024,THE_2024,59.0,86.3,72.65
U00144,2023,WUR_2023,60.0,77.6,68.8
U00145,2025,QS_2025,,93.0,
U00145,2024,THE_2024,61.7,85.3,73.5
U00145,2023,WUR_2023,58.2,74.3,66.25
U00146,2025,QS_2025,,19.6,
U00146,2024,THE_2024,27.8,60.0,43.9
U00146,2023,WUR_2023,25.3,43.2,34.25
U00147,2025,QS_2025,,22.1,
U00148,2025,QS_2025,,25.7,
U00148,2024,THE_2024,30.5,51.2,40.85
U00148,2023,WUR_2023,28.2,28.8,28.5
U00149,2025,QS_2025,,34.4,
U00149,2024,THE_2024,28.6,90.7,59.650000000000006
U00150,2025,QS_2025,,77.4,
U00151,2025,QS_2025,,52.0,
U00151,2024,THE_2024,35.1,80.5,57.8
U00151,2023,WUR_2023,33.8,73.8,53.8
U00152,2025,QS_2025,,50.3,
U00152,2024,THE_2024,52.3,86.2,69.25
U00152,2023,WUR_2023,55.6,78.8,67.2
U00153,2025,QS_2025,,25.4,
U00153,2024,THE_2024,55.7,54.3,55.0
U00153,2023,WUR_2023,54.1,39.7,46.900000000000006
U00154,2025,QS_2025,,64.3,
U00154,2024,THE_2024,62.1,77.3,69.7
U00154,2023,WUR_2023,54.8,63.2,59.0
U00155,2025,QS_2025,,62.4,
U00155,2024,THE_2024,38.0,86.7,62.35
U00155,2023,WUR_2023,35.4,81.8,58.599999999999994
U00156,2025,QS_2025,,47.2,
U00156,2024,THE_2024,60.3,93.9,77.1
U00156,2023,WUR_2023,59.7,93.3,76.5
U00157,2025,QS_2025,,41.3,
U00157,2024,THE_2024,59.8,93.8,76.8
U00157,2023,WUR_2023,60.2,93.2,76.7
U00158,2025,QS_2025,,63.3,
U00158,2024,THE_2024,54.1,96.9,75.5
U00159,2025,QS_2025,,19.3,
U00160,2025,QS_2025,,41.2,
U00160,2024,THE_2024,57.2,94.5,75.85
U00161,2025,QS_2025,,99.3,
U00161,2024,THE_2024,47.0,93.3,70.15
U00161,2023,WUR_2023,46.5,90.7,68.6
U00162,2025,QS_2025,,28.5,
U00162,2024,THE_2024,40.4,62.0,51.2
U00163,2025,QS_2025,,1.4,
U00163,2024,THE_2024,11.1,27.1,19.1
U00163,2023,WUR_2023,10.8,26.2,18.5
U00164,2025,QS_2025,,7.9,
U00164,2024,THE_2024,29.4,58.8,44.099999999999994
U00164,2023,WUR_2023,34.7,60.5,47.6
U00165,2025,QS_2025,,38.1,
U00166,2025,QS_2025,,36.6,
U00166,2024,THE_2024,40.2,93.4,66.80000000000001
U00167,2025,QS_2025,,27.9,
U00167,2024,THE_2024,47.5,51.2,49.35
U00167,2023,WUR_2023,42.5,34.8,38.65
U00168,2025,QS_2025,,94.6,
U00168,2024,THE_2024,39.3,84.0,61.65
U00168,2023,WUR_2023,38.2,74.8,56.5
U00169,2025,QS_2025,,21.5,
U00169,2024,THE_2024,59.3,85.3,72.3
U00169,2023,WUR_2023,60.1,77.8,68.95
U00170,2025,QS_2025,,42.5,
U00171,2025,QS_2025,,46.8,
U00171,2024,THE_2024,47.0,88.3,67.65
U00172,2025,QS_2025,,65.7,
U00172,2024,THE_2024,40.6,84.1,62.349999999999994
U00172,2023,WUR_2023,39.6,78.5,59.05
U00173,2025,QS_2025,,26.0,
U00173,2024,THE_2024,44.0,47.4,45.7
U00173,2023,WUR_2023,40.8,32.2,36.5
U00174,2025,QS_2025,,84.7,
U00174,2024,THE_2024,36.5,87.5,62.0
U00175,2025,QS_2025,,59.5,
U00176,2025,QS_2025,,35.6,
U00176,2024,THE_2024,51.3,93.0,72.15
U00177,2025,QS_2025,,47.7,
U00177,2024,THE_2024,57.2,97.5,77.35
U00177,2023,WUR_2023,56.8,98.2,77.5
U00178,2025,QS_2025,,97.8,
U00178,2024,THE_2024,64.7,96.9,80.80000000000001
U00178,2023,WUR_2023,61.5,96.2,78.85
U00179,2025,QS_2025,,91.7,
U00180,2025,QS_2025,,5.9,
U00181,2025,QS_2025,,40.5,
U00181,2024,THE_2024,29.3,65.0,47.15
U00182,2025,QS_2025,,3.8,
U00182,2024,THE_2024,26.2,43.1,34.65
U00182,2023,WUR_2023,23.8,27.6,25.700000000000003
U00183,2025,QS_2025,,100.0,
U00184,2025,QS_2025,,40.1,
U00184,2024,THE_2024,44.8,90.8,67.8
U00184,2023,WUR_2023,44.0,85.9,64.95
U00185,2025,QS_2025,,2.4,
U00186,2025,QS_2025,,30.0,
U00186,2024,THE_2024,39.6,91.9,65.75
U00187,2025,QS_2025,,93.5,
U00187,2024,THE_2024,46.8,53.9,50.349999999999994
U00187,2023,WUR_2023,46.2,47.4,46.8
U00188,2025,QS_2025,,5.1,
U00188,2024,THE_2024,27.0,49.2,38.1
U00188,2023,WUR_2023,24.7,44.3,34.5
U00189,2025,QS_2025,,81.3,
U00189,2024,THE_2024,46.5,84.4,65.45
U00190,2025,QS_2025,,73.8,
U00191,2025,QS_2025,,54.7,
U00192,2025,QS_2025,,96.9,
U00192,2024,THE_2024,53.6,69.5,61.55
U00192,2023,WUR_2023,52.3,46.1,49.2
U00193,2025,QS_2025,,42.6,
U00194,2025,QS_2025,,33.6,
U00194,2024,THE_2024,43.4,90.2,66.8
U00194,2023,WUR_2023,43.6,87.9,65.75
U00195,2025,QS_2025,,91.9,
U00195,2024,THE_2024,45.0,88.5,66.75
U00195,2023,WUR_2023,40.5,89.2,64.85
U00196,2025,QS_2025,,78.4,
U00196,2024,THE_2024,45.7,95.5,70.6
U00196,2023,WUR_2023,46.0,98.0,72.0
U00197,2025,QS_2025,,73.6,
U00197,2024,THE_2024,34.6,91.4,63.0
U00197,2023,WUR_2023,33.0,83.2,58.1
U00198,2025,QS_2025,,21.0,
U00199,2025,QS_2025,,40.3,
U00199,2024,THE_2024,41.4,81.7,61.55
U00199,2023,WUR_2023,40.2,75.9,58.050000000000004
U00200,2025,QS_2025,,47.1,
U00200,2024,THE_2024,46.2,87.5,66.85
U00201,2025,QS_2025,,40.0,
U00201,2024,THE_2024,19.9,84.5,52.2
U00201,2023,WUR_2023,32.9,76.3,54.599999999999994
U00202,2025,QS_2025,,23.9,
U00202,2024,THE_2024,26.3,57.9,42.1
U00202,2023,WUR_2023,21.3,45.6,33.45
U00203,2025,QS_2025,,55.0,
U00203,2024,THE_2024,49.4,83.1,66.25
U00203,2023,WUR_2023,50.4,72.8,61.599999999999994
U00204,2025,QS_2025,,41.9,
U00205,2025,QS_2025,,62.6,
U00206,2025,QS_2025,,40.6,
U00206,2024,THE_2024,38.0,88.7,63.35
U00207,2025,QS_2025,,2.1,
U00208,2025,QS_2025,,31.2,
U00209,2025,QS_2025,,99.4,
U00209,2024,THE_2024,49.7,83.0,66.35
U00209,2023,WUR_2023,51.2,72.0,61.6
U00210,2025,QS_2025,,49.6,
U00210,2024,THE_2024,42.3,58.4,50.349999999999994
U00210,2023,WUR_2023,42.6,47.2,44.900000000000006
U00211,2025,QS_2025,,99.9,
U00211,2024,THE_2024,57.8,53.9,55.849999999999994
U00211,2023,WUR_2023,56.9,33.1,45.0
U00212,2025,QS_2025,,52.2,
U00213,2025,QS_2025,,59.9,
U00213,2024,THE_2024,42.1,89.5,65.8
U00214,2025,QS_2025,,38.8,
U00214,2024,THE_2024,35.1,75.8,55.45
U00214,2023,WUR_2023,34.5,70.2,52.35
U00215,2025,QS_2025,,20.3,
U00215,2024,THE_2024,39.2,47.2,43.2
U00216,2025,QS_2025,,32.1,
U00216,2024,THE_2024,56.7,78.3,67.5
U00216,2023,WUR_2023,58.7,64.2,61.45
U00217,2025,QS_2025,,77.7,
U00217,2024,THE_2024,35.4,88.1,61.75
U00218,2025,QS_2025,,55.0,
U00218,2024,THE_2024,58.1,92.8,75.45
U00218,2023,WUR_2023,57.7,89.7,73.7
U00219,2025,QS_2025,,52.7,
U00219,2024,THE_2024,44.3,52.9,48.599999999999994
U00219,2023,WUR_2023,46.7,34.9,40.8
U00220,2025,QS_2025,,3.4,
U00221,2025,QS_2025,,63.7,
U00221,2024,THE_2024,51.0,93.4,72.2
U00221,2023,WUR_2023,52.2,87.5,69.85
U00222,2025,QS_2025,,20.5,
U00223,2025,QS_2025,,90.2,
U00224,2025,QS_2025,,94.9,
U00225,2025,QS_2025,,32.4,
U00225,2024,THE_2024,34.4,77.4,55.900000000000006
U00225,2023,WUR_2023,32.6,61.0,46.8
U00226,2025,QS_2025,,61.0,
U00226,2024,THE_2024,46.3,87.3,66.8
U00226,2023,WUR_2023,47.6,83.0,65.3
U00227,2025,QS_2025,,70.3,
U00228,2025,QS_2025,,17.2,
U00229,2025,QS_2025,,7.5,
U00229,2024,THE_2024,32.2,50.2,41.2
U00230,2025,QS_2025,,62.8,
U00230,2024,THE_2024,47.1,86.1,66.6
U00230,2023,WUR_2023,49.6,75.5,62.55
U00231,2025,QS_2025,,49.9,
U00231,2024,THE_2024,45.0,83.5,64.25
U00231,2023,WUR_2023,44.1,77.3,60.7
U00232,2025,QS_2025,,24.3,
U00233,2025,QS_2025,,61.3,
U00233,2024,THE_2024,46.0,75.1,60.55
U00233,2023,WUR_2023,46.4,57.2,51.8
U00234,2025,QS_2025,,28.5,
U00235,2025,QS_2025,,84.7,
U00235,2024,THE_2024,31.0,74.3,52.65
U00235,2023,WUR_2023,28.1,66.4,47.25
U00236,2025,QS_2025,,45.7,
U00237,2025,QS_2025,,32.0,
U00237,2024,THE_2024,35.8,81.8,58.8
U00237,2023,WUR_2023,34.1,89.8,61.95
U00238,2025,QS_2025,,33.6,
U00238,2024,THE_2024,42.9,88.3,65.6
U00238,2023,WUR_2023,40.5,87.0,63.75
U00239,2025,QS_2025,,1.7,
U00240,2025,QS_2025,,27.4,
U00240,2024,THE_2024,28.2,60.5,44.35
U00240,2023,WUR_2023,25.8,39.7,32.75
U00241,2025,QS_2025,,51.6,
U00242,2025,QS_2025,,70.0,
U00242,2024,THE_2024,48.1,62.6,55.35
U00242,2023,WUR_2023,48.2,43.8,46.0
U00243,2025,QS_2025,,60.6,
U00243,2024,THE_2024,40.7,84.7,62.7
U00243,2023,WUR_2023,40.4,88.2,64.3
U00244,2025,QS_2025,,32.1,
U00244,2024,THE_2024,34.1,69.4,51.75
U00244,2023,WUR_2023,34.0,53.2,43.6
U00245,2025,QS_2025,,99.1,
U00246,2025,QS_2025,,8.0,
U00246,2024,THE_2024,33.1,61.9,47.5
U00246,2023,WUR_2023,31.0,49.7,40.35
U00247,2025,QS_2025,,56.8,
U00247,2024,THE_2024,35.6,92.7,64.15
U00247,2023,WUR_2023,34.2,89.0,61.6
U00248,2025,QS_2025,,53.0,
U00248,2024,THE_2024,48.5,96.0,72.25
U00248,2023,WUR_2023,47.5,96.5,72.0
U00249,2025,QS_2025,,14.7,
U00249,2024,THE_2024,30.4,82.3,56.349999999999994
U00249,2023,WUR_2023,30.3,84.7,57.5
U00250,2025,QS_2025,,28.9,
U00250,2024,THE_2024,17.9,73.5,45.7
U00250,2023,WUR_2023,14.8,89.6,52.199999999999996
U00251,2025,QS_2025,,10.1,
U00252,2025,QS_2025,,99.8,
U00252,2024,THE_2024,55.1,70.9,63.0
U00252,2023,WUR_2023,46.9,49.0,47.95
U00253,2025,QS_2025,,61.4,
U00253,2024,THE_2024,28.9,77.2,53.05
U00253,2023,WUR_2023,28.2,57.4,42.8
U00254,2025,QS_2025,,16.2,
U00254,2024,THE_2024,54.8,90.1,72.44999999999999
U00254,2023,WUR_2023,53.8,83.9,68.85
U00255,2025,QS_2025,,62.5,
U00255,2024,THE_2024,37.8,82.7,60.25
U00256,2025,QS_2025,,2.6,
U00256,2024,THE_2024,17.1,29.2,23.15
U00256,2023,WUR_2023,25.8,15.3,20.55
U00257,2025,QS_2025,,65.2,
U00257,2024,THE_2024,33.4,65.2,49.3
U00257,2023,WUR_2023,31.1,48.3,39.7
U00258,2025,QS_2025,,5.5,
U00258,2024,THE_2024,29.9,55.6,42.75
U00258,2023,WUR_2023,27.4,42.6,35.0
U00259,2025,QS_2025,,61.6,
U00259,2024,THE_2024,40.2,88.7,64.45
U00259,2023,WUR_2023,40.6,90.7,65.65
U00260,2025,QS_2025,,36.5,
U00260,2024,THE_2024,38.0,69.9,53.95
U00260,2023,WUR_2023,35.7,53.4,44.55
U00261,2025,QS_2025,,2.7,
U00262,2025,QS_2025,,31.4,
U00263,2025,QS_2025,,73.3,
U00264,2025,QS_2025,,30.4,
U00264,2024,THE_2024,38.4,74.7,56.55
U00264,2023,WUR_2023,34.7,60.1,47.400000000000006
U00265,2025,QS_2025,,3.6,
U00266,2025,QS_2025,,67.1,
U00267,2025,QS_2025,,48.1,
U00267,2024,THE_2024,44.4,92.5,68.45
U00267,2023,WUR_2023,46.2,90.4,68.30000000000001
U00268,2025,QS_2025,,30.5,
U00269,2025,QS_2025,,99.5,
U00269,2024,THE_2024,47.6,71.4,59.5
U00269,2023,WUR_2023,42.8,51.6,47.2
U00270,2025,QS_2025,,79.0,
U00270,2024,THE_2024,37.8,77.7,57.75
U00270,2023,WUR_2023,33.8,58.9,46.349999999999994
U00271,2025,QS_2025,,92.6,
U00271,2024,THE_2024,45.8,77.5,61.65
U00271,2023,WUR_2023,43.8,59.5,51.65
U00272,2025,QS_2025,,66.0,
U00273,2025,QS_2025,,28.5,
U00273,2024,THE_2024,31.6,82.4,57.0
U00273,2023,WUR_2023,28.8,83.7,56.25
U00274,2025,QS_2025,,13.2,
U00274,2024,THE_2024,33.8,76.7,55.25
U00274,2023,WUR_2023,32.7,71.2,51.95
U00275,2025,QS_2025,,53.5,
U00275,2024,THE_2024,31.6,78.9,55.25
U00276,2025,QS_2025,,48.8,
U00277,2025,QS_2025,,31.3,
U00278,2025,QS_2025,,59.6,
U00278,2024,THE_2024,35.4,71.1,53.25
U00278,2023,WUR_2023,32.3,63.7,48.0
U00279,2025,QS_2025,,18.2,
U00279,2024,THE_2024,42.6,80.9,61.75
U00279,2023,WUR_2023,43.6,67.4,55.5
U00280,2025,QS_2025,,98.1,
U00280,2024,THE_2024,40.8,85.0,62.9
U00281,2025,QS_2025,,19.4,
U00282,2025,QS_2025,,31.8,
U00282,2024,THE_2024,35.5,71.2,53.35
U00282,2023,WUR_2023,33.9,56.1,45.0
U00283,2025,QS_2025,,2.9,
U00283,2024,THE_2024,31.8,36.6,34.2
U00283,2023,WUR_2023,32.1,18.4,25.25
U00284,2025,QS_2025,,98.8,
U00284,2024,THE_2024,40.8,92.8,66.8
U00285,2025,QS_2025,,22.3,
U00285,2024,THE_2024,43.1,53.6,48.35
U00285,2023,WUR_2023,42.4,35.4,38.9
U00286,2025,QS_2025,,4.1,
U00287,2025,QS_2025,,29.3,
U00287,2024,THE_2024,47.1,85.6,66.35
U00287,2023,WUR_2023,46.5,80.0,63.25
U00288,2025,QS_2025,,43.4,
U00288,2024,THE_2024,34.2,95.5,64.85
U00288,2023,WUR_2023,32.9,98.7,65.8
U00289,2025,QS_2025,,39.6,
U00289,2024,THE_2024,31.8,87.3,59.55
U00289,2023,WUR_2023,30.4,82.5,56.45
U00290,2025,QS_2025,,55.2,
U00290,2024,THE_2024,34.5,88.0,61.25
U00290,2023,WUR_2023,33.9,79.5,56.7
U00291,2025,QS_2025,,86.5,
U00291,2024,THE_2024,34.0,91.3,62.65
U00291,2023,WUR_2023,31.1,81.8,56.45
U00292,2025,QS_2025,,28.3,
U00292,2024,THE_2024,33.9,84.2,59.05
U00292,2023,WUR_2023,32.7,85.7,59.2
U00293,2025,QS_2025,,38.8,
U00294,2025,QS_2025,,59.8,
U00294,2024,THE_2024,38.4,82.0,60.2
U00294,2023,WUR_2023,34.8,71.5,53.15
U00295,2025,QS_2025,,89.5,
U00295,2024,THE_2024,48.0,70.0,59.0
U00295,2023,WUR_2023,42.7,47.1,44.900000000000006
U00296,2025,QS_2025,,61.9,
U00296,2024,THE_2024,39.5,76.9,58.2
U00297,2025,QS_2025,,29.1,
U00297,2024,THE_2024,40.1,88.9,64.5
U00297,2023,WUR_2023,39.8,86.6,63.199999999999996
U00298,2025,QS_2025,,1.4,
U00298,2024,THE_2024,43.9,22.1,33.0
U00299,2025,QS_2025,,27.9,
U00299,2024,THE_2024,30.2,89.7,59.95
U00299,2023,WUR_2023,28.2,91.5,59.85
U00300,2025,QS_2025,,99.9,
U00300,2024,THE_2024,48.1,90.0,69.05
U00300,2023,WUR_2023,42.6,88.8,65.7
U00301,2025,QS_2025,,14.0,
U00301,2024,THE_2024,37.0,85.1,61.05
U00301,2023,WUR_2023,35.0,88.0,61.5
U00302,2025,QS_2025,,82.0,
U00302,2024,THE_2024,44.0,74.7,59.35
U00302,2023,WUR_2023,36.2,49.9,43.05
U00303,2025,QS_2025,,87.0,
U00303,2024,THE_2024,42.7,90.6,66.65
U00304,2025,QS_2025,,45.4,
U00304,2024,THE_2024,41.3,86.4,63.85
U00304,2023,WUR_2023,39.8,78.0,58.9
U00305,2025,QS_2025,,7.8,
U00306,2025,QS_2025,,53.2,
U00306,2024,THE_2024,45.0,83.0,64.0
U00306,2023,WUR_2023,43.3,73.2,58.25
U00307,2025,QS_2025,,40.7,
U00307,2024,THE_2024,53.8,93.2,73.5
U00307,2023,WUR_2023,51.6,93.6,72.6
U00308,2025,QS_2025,,1.5,
U00309,2025,QS_2025,,15.9,
U00310,2025,QS_2025,,9.3,
U00311,2025,QS_2025,,63.4,
U00311,2024,THE_2024,41.4,73.3,57.349999999999994
U00311,2023,WUR_2023,38.2,59.7,48.95
U00312,2025,QS_2025,,5.5,
U00312,2024,THE_2024,29.0,55.7,42.35
U00312,2023,WUR_2023,25.3,56.7,41.0
U00313,2025,QS_2025,,24.9,
U00313,2024,THE_2024,36.3,66.8,51.55
U00314,2025,QS_2025,,55.2,
U00315,2025,QS_2025,,93.6,
U00315,2024,THE_2024,24.1,84.2,54.150000000000006
U00315,2023,WUR_2023,22.9,78.7,50.8
U00316,2025,QS_2025,,2.1,
U00316,2024,THE_2024,23.0,46.1,34.55
U00317,2025,QS_2025,,88.2,
U00318,2025,QS_2025,,29.2,
U00318,2024,THE_2024,42.6,76.1,59.349999999999994
U00318,2023,WUR_2023,40.5,67.7,54.1
U00319,2025,QS_2025,,36.6,
U00319,2024,THE_2024,36.7,84.2,60.45
U00320,2025,QS_2025,,34.9,
U00320,2024,THE_2024,51.9,88.6,70.25
U00320,2023,WUR_2023,46.3,85.5,65.9
U00321,2025,QS_2025,,1.4,
U00321,2024,THE_2024,11.6,21.1,16.35
U00321,2023,WUR_2023,10.9,24.4,17.65
U00322,2025,QS_2025,,76.0,
U00322,2024,THE_2024,23.0,59.1,41.05
U00322,2023,WUR_2023,21.6,43.9,32.75
U00323,2025,QS_2025,,11.4,
U00324,2025,QS_2025,,39.3,
U00324,2024,THE_2024,34.7,83.2,58.95
U00324,2023,WUR_2023,33.5,81.0,57.25
U00325,2025,QS_2025,,49.3,
U00325,2024,THE_2024,33.5,89.1,61.3
U00325,2023,WUR_2023,32.4,85.3,58.849999999999994
U00326,2025,QS_2025,,99.9,
U00326,2024,THE_2024,38.9,64.8,51.849999999999994
U00327,2025,QS_2025,,17.0,
U00327,2024,THE_2024,36.6,51.8,44.2
U00327,2023,WUR_2023,35.5,29.1,32.3
U00328,2025,QS_2025,,15.1,
U00328,2024,THE_2024,40.0,71.0,55.5
U00329,2025,QS_2025,,12.8,
U00330,2025,QS_2025,,25.9,
U00330,2024,THE_2024,24.2,39.0,31.6
U00330,2023,WUR_2023,24.2,26.2,25.2
U00331,2025,QS_2025,,49.5,
U00331,2024,THE_2024,39.5,83.2,61.35
U00331,2023,WUR_2023,37.4,74.8,56.099999999999994
U00332,2025,QS_2025,,16.7,
U00332,2024,THE_2024,30.0,85.8,57.9
U00332,2023,WUR_2023,15.4,83.1,49.25
U00333,2025,QS_2025,,58.7,
U00333,2024,THE_2024,32.0,90.9,61.45
U00334,2025,QS_2025,,41.7,
U00334,2024,THE_2024,37.9,66.9,52.400000000000006
U00334,2023,WUR_2023,35.0,56.1,45.55
U00335,2025,QS_2025,,93.8,
U00336,2025,QS_2025,,51.8,
U00336,2024,THE_2024,35.4,78.4,56.900000000000006
U00336,2023,WUR_2023,33.1,75.8,54.45
U00337,2025,QS_2025,,97.6,
U00337,2024,THE_2024,36.7,91.7,64.2
U00337,2023,WUR_2023,32.7,77.2,54.95
U00338,2025,QS_2025,,98.5,
U00338,2024,THE_2024,57.3,69.3,63.3
U00338,2023,WUR_2023,58.6,48.6,53.6
U00339,2025,QS_2025,,1.9,
U00339,2024,THE_2024,15.3,38.7,27.0
U00339,2023,WUR_2023,16.6,62.5,39.55
U00340,2025,QS_2025,,57.0,
U00340,2024,THE_2024,35.1,62.9,49.0
U00340,2023,WUR_2023,30.3,48.6,39.45
U00341,2025,QS_2025,,31.9,
U00341,2024,THE_2024,36.8,82.5,59.65
U00342,2025,QS_2025,,46.5,
U00342,2024,THE_2024,26.5,80.7,53.6
U00342,2023,WUR_2023,26.4,69.9,48.150000000000006
U00343,2025,QS_2025,,99.9,
U00343,2024,THE_2024,37.4,78.3,57.849999999999994
U00343,2023,WUR_2023,36.3,60.4,48.349999999999994
U00344,2025,QS_2025,,97.6,
U00344,2024,THE_2024,24.1,52.0,38.05
U00344,2023,WUR_2023,22.3,33.8,28.049999999999997
U00345,2025,QS_2025,,45.7,
U00345,2024,THE_2024,35.0,87.5,61.25
U00345,2023,WUR_2023,36.7,92.2,64.45
U00346,2025,QS_2025,,59.4,
U00346,2024,THE_2024,38.2,84.1,61.15
U00347,2025,QS_2025,,55.1,
U00347,2024,THE_2024,44.9,80.1,62.5
U00348,2025,QS_2025,,65.1,
U00348,2024,THE_2024,28.3,86.9,57.6
U00348,2023,WUR_2023,28.3,77.5,52.9
U00349,2025,QS_2025,,62.5,
U00349,2024,THE_2024,31.2,80.1,55.65
U00349,2023,WUR_2023,33.7,75.5,54.6
U00350,2025,QS_2025,,3.0,
U00350,2024,THE_2024,18.5,59.9,39.2
U00350,2023,WUR_2023,17.1,51.7,34.400000000000006
U00351,2025,QS_2025,,2.8,
U00351,2024,THE_2024,25.6,60.1,42.85
U00351,2023,WUR_2023,25.1,57.9,41.5
U00352,2025,QS_2025,,31.2,
U00352,2024,THE_2024,30.9,78.6,54.75
U00352,2023,WUR_2023,29.3,69.0,49.15
U00353,2025,QS_2025,,14.5,
U00354,2025,QS_2025,,15.5,
U00354,2024,THE_2024,34.3,56.7,45.5
U00354,2023,WUR_2023,31.6,35.3,33.45
U00355,2025,QS_2025,,29.1,
U00356,2025,QS_2025,,49.8,
U00356,2024,THE_2024,38.2,59.9,49.05
U00356,2023,WUR_2023,35.2,40.4,37.8
U00357,2025,QS_2025,,25.2,
U00357,2024,THE_2024,39.4,78.1,58.75
U00357,2023,WUR_2023,39.8,64.5,52.15
U00358,2025,QS_2025,,10.8,
U00358,2024,THE_2024,31.8,86.5,59.15
U00359,2025,QS_2025,,100.0,
U00359,2024,THE_2024,39.6,50.3,44.95
U00359,2023,WUR_2023,40.8,31.4,36.099999999999994
U00360,2025,QS_2025,,1.6,
U00361,2025,QS_2025,,90.6,
U00361,2024,THE_2024,30.2,57.3,43.75
U00361,2023,WUR_2023,25.7,40.2,32.95
U00362,2025,QS_2025,,21.9,
U00362,2024,THE_2024,22.2,62.3,42.25
U00362,2023,WUR_2023,18.4,56.9,37.65
U00363,2025,QS_2025,,72.2,
U00363,2024,THE_2024,33.5,83.7,58.6
U00363,2023,WUR_2023,28.5,78.4,53.45
U00364,2025,QS_2025,,22.6,
U00364,2024,THE_2024,32.4,78.3,55.349999999999994
U00365,2025,QS_2025,,4.6,
U00366,2025,QS_2025,,23.3,
U00366,2024,THE_2024,33.9,80.0,56.95
U00366,2023,WUR_2023,32.4,74.6,53.5
U00367,2025,QS_2025,,10.0,
U00368,2025,QS_2025,,4.7,
U00368,2024,THE_2024,25.0,46.3,35.65
U00368,2023,WUR_2023,22.5,35.8,29.15
U00369,2025,QS_2025,,3.5,
U00370,2025,QS_2025,,79.1,
U00370,2024,THE_2024,28.4,71.9,50.150000000000006
U00371,2025,QS_2025,,27.5,
U00371,2024,THE_2024,35.7,86.0,60.85
U00371,2023,WUR_2023,32.8,83.2,58.0
U00372,2025,QS_2025,,52.1,
U00372,2024,THE_2024,26.7,68.4,47.550000000000004
U00372,2023,WUR_2023,22.6,59.9,41.25
U00373,2025,QS_2025,,16.7,
U00374,2025,QS_2025,,33.3,
U00374,2024,THE_2024,30.1,84.5,57.3
U00374,2023,WUR_2023,29.7,77.5,53.6
U00375,2025,QS_2025,,46.6,
U00375,2024,THE_2024,34.4,78.6,56.5
U00375,2023,WUR_2023,32.4,65.6,49.0
U00376,2025,QS_2025,,29.3,
U00376,2024,THE_2024,34.9,83.3,59.099999999999994
U00377,2025,QS_2025,,82.9,
U00377,2024,THE_2024,31.4,85.3,58.349999999999994
U00377,2023,WUR_2023,24.9,79.4,52.150000000000006
U00378,2025,QS_2025,,1.6,
U00379,2025,QS_2025,,17.3,
U00379,2024,THE_2024,42.6,52.3,47.45
U00379,2023,WUR_2023,37.8,38.5,38.15
U00380,2025,QS_2025,,99.1,
U00381,2025,QS_2025,,45.7,
U00381,2024,THE_2024,29.0,77.6,53.3
U00381,2023,WUR_2023,29.5,67.6,48.55
U00382,2025,QS_2025,,38.8,
U00382,2024,THE_2024,31.2,80.5,55.85
U00382,2023,WUR_2023,30.2,69.2,49.7
U00383,2025,QS_2025,,100.0,
U00383,2024,THE_2024,26.3,72.4,49.35
U00383,2023,WUR_2023,26.6,53.5,40.05
U00384,2025,QS_2025,,31.0,
U00384,2024,THE_2024,31.7,87.7,59.7
U00384,2023,WUR_2023,31.7,87.6,59.65
U00385,2025,QS_2025,,97.8,
U00385,2024,THE_2024,38.2,83.2,60.7
U00385,2023,WUR_2023,35.6,70.7,53.150000000000006
U00386,2025,QS_2025,,9.9,
U00387,2025,QS_2025,,1.3,
U00387,2024,THE_2024,11.5,17.0,14.25
U00388,2025,QS_2025,,23.9,
U00389,2025,QS_2025,,88.5,
U00389,2024,THE_2024,26.9,98.3,62.599999999999994
U00389,2023,WUR_2023,27.8,99.7,63.75
U00390,2025,QS_2025,,75.0,
U00390,2024,THE_2024,25.8,75.3,50.55
U00391,2025,QS_2025,,28.4,
U00391,2024,THE_2024,39.4,78.8,59.099999999999994
U00392,2025,QS_2025,,29.4,
U00392,2024,THE_2024,36.9,63.8,50.349999999999994
U00392,2023,WUR_2023,35.9,41.6,38.75
U00393,2025,QS_2025,,31.0,
U00393,2024,THE_2024,23.9,77.3,50.599999999999994
U00393,2023,WUR_2023,20.1,82.4,51.25
U00394,2025,QS_2025,,65.3,
U00394,2024,THE_2024,39.8,93.3,66.55
U00394,2023,WUR_2023,33.3,95.9,64.6
U00395,2025,QS_2025,,47.2,
U00395,2024,THE_2024,33.5,74.3,53.9
U00395,2023,WUR_2023,28.8,63.8,46.3
U00396,2025,QS_2025,,24.6,
U00397,2025,QS_2025,,53.4,
U00398,2025,QS_2025,,76.9,
U00398,2024,THE_2024,34.5,94.0,64.25
U00398,2023,WUR_2023,29.3,93.8,61.55
U00399,2025,QS_2025,,38.0,
U00400,2025,QS_2025,,73.1,
U00400,2024,THE_2024,25.9,88.0,56.95
U00400,2023,WUR_2023,24.3,85.5,54.9
U00401,2025,QS_2025,,2.4,
U00401,2024,THE_2024,21.7,32.3,27.0
U00402,2025,QS_2025,,32.4,
U00402,2024,THE_2024,40.5,68.9,54.7
U00402,2023,WUR_2023,42.3,56.1,49.2
U00403,2025,QS_2025,,100.0,
U00403,2024,THE_2024,33.7,77.0,55.35
U00403,2023,WUR_2023,31.9,54.9,43.4
U00404,2025,QS_2025,,51.2,
U00404,2024,THE_2024,31.6,82.4,57.0
U00404,2023,WUR_2023,32.0,92.6,62.3
U00405,2025,QS_2025,,60.6,
U00406,2025,QS_2025,,1.2,
U00406,2024,THE_2024,10.8,8.5,9.65
U00406,2023,WUR_2023,9.3,5.0,7.15
U00407,2025,QS_2025,,40.7,
U00408,2025,QS_2025,,57.1,
U00408,2023,WUR_2023,33.3,66.8,50.05
U00409,2025,QS_2025,,13.8,
U00409,2024,THE_2024,31.0,50.1,40.55
U00409,2023,WUR_2023,29.7,34.0,31.85
U00410,2025,QS_2025,,1.8,
U00410,2024,THE_2024,44.0,57.3,50.65
U00411,2025,QS_2025,,5.2,
U00412,2025,QS_2025,,21.7,
U00412,2024,THE_2024,21.2,84.0,52.6
U00413,2025,QS_2025,,11.1,
U00413,2024,THE_2024,21.4,51.5,36.45
U00413,2023,WUR_2023,20.3,42.5,31.4
U00414,2025,QS_2025,,91.6,
U00415,2025,QS_2025,,17.5,
U00415,2024,THE_2024,29.3,66.2,47.75
U00415,2023,WUR_2023,27.4,46.4,36.9
U00416,2025,QS_2025,,7.0,
U00416,2024,THE_2024,21.1,62.5,41.8
U00416,2023,WUR_2023,22.7,52.8,37.75
U00417,2025,QS_2025,,20.1,
U00417,2024,THE_2024,34.0,66.9,50.45
U00417,2023,WUR_2023,30.9,51.2,41.05
U00418,2025,QS_2025,,14.0,
U00418,2024,THE_2024,32.1,84.9,58.5
U00418,2023,WUR_2023,30.5,90.3,60.4
U00419,2025,QS_2025,,10.7,
U00420,2025,QS_2025,,3.6,
U00420,2024,THE_2024,18.8,32.2,25.5
U00420,2023,WUR_2023,16.1,15.5,15.8
U00421,2025,QS_2025,,10.7,
U00421,2024,THE_2024,35.2,77.1,56.15
U00421,2023,WUR_2023,33.8,63.2,48.5
U00422,2025,QS_2025,,23.0,
U00422,2024,THE_2024,32.6,64.1,48.349999999999994
U00423,2025,QS_2025,,34.4,
U00423,2024,THE_2024,26.5,82.5,54.5
U00423,2023,WUR_2023,24.9,76.8,50.849999999999994
U00424,2025,QS_2025,,23.8,
U00424,2024,THE_2024,38.7,73.7,56.2
U00424,2023,WUR_2023,35.8,67.8,51.8
U00425,2025,QS_2025,,41.6,
U00425,2024,THE_2024,25.0,35.8,30.4
U00425,2023,WUR_2023,23.1,24.6,23.85
U00426,2025,QS_2025,,1.8,
U00426,2024,THE_2024,9.8,24.2,17.0
U00426,2023,WUR_2023,9.7,17.6,13.65
U00427,2025,QS_2025,,17.4,
U00427,2024,THE_2024,41.5,62.1,51.8
U00427,2023,WUR_2023,39.2,46.2,42.7
U00428,2025,QS_2025,,74.4,
U00429,2025,QS_2025,,82.0,
U00429,2024,THE_2024,46.3,68.4,57.35
U00429,2023,WUR_2023,42.3,47.2,44.75
U00430,2025,QS_2025,,99.4,
U00430,2023,WUR_2023,29.8,41.0,35.4
U00431,2025,QS_2025,,99.7,
U00431,2023,WUR_2023,41.2,65.7,53.45
U00432,2025,QS_2025,,4.2,
U00432,2024,THE_2024,40.0,31.8,35.9
U00433,2025,QS_2025,,26.2,
U00433,2024,THE_2024,26.6,65.7,46.150000000000006
U00433,2023,WUR_2023,28.8,50.5,39.65
U00434,2025,QS_2025,,3.2,
U00434,2024,THE_2024,,,
U00434,2023,WUR_2023,,,
U00435,2025,QS_2025,,2.2,
U00436,2025,QS_2025,,98.7,
U00436,2024,THE_2024,37.4,75.2,56.3
U00436,2023,WUR_2023,36.8,54.2,45.5
U00437,2025,QS_2025,,57.3,
U00437,2024,THE_2024,29.6,81.4,55.5
U00437,2023,WUR_2023,27.8,70.6,49.199999999999996
U00438,2025,QS_2025,,19.7,
U00439,2025,QS_2025,,3.3,
U00439,2024,THE_2024,17.5,51.4,34.45
U00439,2023,WUR_2023,18.7,47.3,33.0
U00440,2025,QS_2025,,66.0,
U00441,2025,QS_2025,,64.6,
U00442,2025,QS_2025,,17.1,
U00443,2025,QS_2025,,9.5,
U00443,2024,THE_2024,36.6,31.6,34.1
U00444,2025,QS_2025,,19.2,
U00445,2025,QS_2025,,46.9,
U00445,2024,THE_2024,30.9,79.6,55.25
U00445,2023,WUR_2023,28.2,78.0,53.1
U00446,2025,QS_2025,,79.3,
U00446,2024,THE_2024,38.0,72.5,55.25
U00446,2023,WUR_2023,37.3,60.2,48.75
U00447,2025,QS_2025,,19.9,
U00448,2025,QS_2025,,88.1,
U00448,2024,THE_2024,35.0,68.1,51.55
U00448,2023,WUR_2023,29.6,46.1,37.85
U00449,2025,QS_2025,,90.6,
U00449,2024,THE_2024,30.4,92.0,61.2
U00449,2023,WUR_2023,26.4,87.6,57.0
U00450,2025,QS_2025,,57.2,
U00451,2025,QS_2025,,99.1,
U00451,2024,THE_2024,35.2,80.9,58.050000000000004
U00451,2023,WUR_2023,31.2,67.1,49.15
U00452,2025,QS_2025,,72.1,
U00452,2024,THE_2024,43.5,68.6,56.05
U00452,2023,WUR_2023,39.6,48.4,44.0
U00453,2025,QS_2025,,5.4,
U00453,2024,THE_2024,32.0,51.4,41.7
U00454,2025,QS_2025,,9.2,
U00454,2024,THE_2024,25.9,73.1,49.5
U00454,2023,WUR_2023,24.4,67.2,45.8
U00455,2025,QS_2025,,30.3,
U00455,2024,THE_2024,26.2,82.4,54.300000000000004
U00455,2023,WUR_2023,25.9,79.4,52.650000000000006
U00456,2025,QS_2025,,12.0,
U00456,2024,THE_2024,48.8,55.1,51.95
U00457,2025,QS_2025,,15.2,
U00458,2025,QS_2025,,20.7,
U00459,2025,QS_2025,,50.1,
U00459,2024,THE_2024,36.2,66.2,51.2
U00459,2023,WUR_2023,33.4,48.7,41.05
U00460,2025,QS_2025,,23.6,
U00461,2025,QS_2025,,4.2,
U00462,2025,QS_2025,,33.1,
U00462,2024,THE_2024,38.4,80.9,59.650000000000006
U00462,2023,WUR_2023,35.9,76.9,56.400000000000006
U00463,2025,QS_2025,,8.2,
U00464,2025,QS_2025,,56.4,
U00465,2025,QS_2025,,11.4,
U00465,2024,THE_2024,27.2,48.1,37.65
U00465,2023,WUR_2023,25.2,38.5,31.85
U00466,2025,QS_2025,,18.3,
U00467,2025,QS_2025,,8.1,
U00467,2024,THE_2024,18.2,70.3,44.25
U00467,2023,WUR_2023,17.0,83.6,50.3
U00468,2025,QS_2025,,33.6,
U00469,2025,QS_2025,,33.5,
U00469,2024,THE_2024,34.5,74.8,54.65
U00469,2023,WUR_2023,32.7,69.6,51.15
U00470,2025,QS_2025,,47.9,
U00470,2024,THE_2024,34.5,69.3,51.9
U00470,2023,WUR_2023,36.9,56.5,46.7
U00471,2025,QS_2025,,51.7,
U00471,2024,THE_2024,30.6,59.0,44.8
U00471,2023,WUR_2023,31.1,43.4,37.25
U00472,2025,QS_2025,,22.6,
U00472,2024,THE_2024,31.8,81.0,56.4
U00472,2023,WUR_2023,32.4,71.0,51.7
U00473,2025,QS_2025,,14.3,
U00473,2024,THE_2024,35.4,58.2,46.8
U00473,2023,WUR_2023,32.9,42.3,37.599999999999994
U00474,2025,QS_2025,,43.0,
U00474,2024,THE_2024,25.3,72.7,49.0
U00474,2023,WUR_2023,24.7,72.6,48.65
U00475,2025,QS_2025,,8.9,
U00475,2024,THE_2024,26.4,44.7,35.55
U00475,2023,WUR_2023,23.5,29.7,26.6
U00476,2025,QS_2025,,36.5,
U00477,2025,QS_2025,,22.0,
U00477,2024,THE_2024,25.7,93.8,59.75
U00477,2023,WUR_2023,21.3,96.8,59.05
U00478,2025,QS_2025,,15.2,
U00478,2024,THE_2024,26.0,48.8,37.4
U00478,2023,WUR_2023,24.2,43.5,33.85
U00479,2025,QS_2025,,95.6,
U00479,2023,WUR_2023,23.7,61.8,42.75
U00480,2025,QS_2025,,27.2,
U00480,2024,THE_2024,29.3,79.0,54.15
U00480,2023,WUR_2023,28.4,67.6,48.0
U00481,2025,QS_2025,,21.7,
U00481,2024,THE_2024,27.2,71.9,49.550000000000004
U00481,2023,WUR_2023,24.9,72.3,48.599999999999994
U00482,2025,QS_2025,,1.1,
U00483,2025,QS_2025,,76.3,
U00484,2025,QS_2025,,88.8,
U00485,2025,QS_2025,,46.8,
U00485,2024,THE_2024,,,
U00485,2023,WUR_2023,,,
U00486,2025,QS_2025,,22.1,
U00486,2024,THE_2024,33.7,43.8,38.75
U00486,2023,WUR_2023,33.2,27.1,30.150000000000002
U00487,2025,QS_2025,,31.0,
U00488,2025,QS_2025,,41.7,
U00488,2024,THE_2024,42.5,75.8,59.15
U00488,2023,WUR_2023,41.7,66.0,53.85
U00489,2025,QS_2025,,81.4,
U00489,2024,THE_2024,38.2,75.9,57.050000000000004
U00490,2025,QS_2025,,9.3,
U00490,2024,THE_2024,38.4,52.0,45.2
U00490,2023,WUR_2023,38.3,29.2,33.75
U00491,2025,QS_2025,,92.2,
U00491,2024,THE_2024,26.5,62.0,44.25
U00491,2023,WUR_2023,22.8,40.3,31.549999999999997
U00492,2025,QS_2025,,30.5,
U00492,2024,THE_2024,38.0,62.7,50.35
U00492,2023,WUR_2023,33.1,41.4,37.25
U00493,2025,QS_2025,,16.2,
U00494,2025,QS_2025,,12.1,
U00494,2024,THE_2024,34.1,78.2,56.150000000000006
U00494,2023,WUR_2023,33.3,68.0,50.65
U00495,2025,QS_2025,,20.9,
U00495,2024,THE_2024,26.7,76.0,51.35
U00496,2025,QS_2025,,49.0,
U00496,2024,THE_2024,14.2,87.5,50.85
U00496,2023,WUR_2023,12.6,100.0,56.3
U00497,2025,QS_2025,,27.4,
U00498,2025,QS_2025,,8.1,
U00498,2024,THE_2024,41.0,42.4,41.7
U00499,2025,QS_2025,,1.6,
U00500,2025,QS_2025,,50.9,
U00500,2024,THE_2024,35.4,85.7,60.55
U00500,2023,WUR_2023,32.7,81.4,57.050000000000004
U00501,2025,QS_2025,,60.7,
U00502,2025,QS_2025,,72.0,
U00502,2023,WUR_2023,30.3,63.0,46.65
U00503,2025,QS_2025,,63.5,
U00503,2024,THE_2024,35.1,76.3,55.7
U00503,2023,WUR_2023,32.6,62.0,47.3
U00504,2025,QS_2025,,11.5,
U00505,2025,QS_2025,,19.4,
U00505,2024,THE_2024,25.0,66.3,45.65
U00505,2023,WUR_2023,23.7,49.8,36.75
U00506,2025,QS_2025,,53.9,
U00506,2024,THE_2024,31.8,72.5,52.15
U00506,2023,WUR_2023,39.0,64.9,51.95
U00507,2025,QS_2025,,32.7,
U00507,2024,THE_2024,34.8,80.5,57.65
U00507,2023,WUR_2023,32.3,66.5,49.4
U00508,2025,QS_2025,,15.8,
U00508,2024,THE_2024,16.8,66.3,41.55
U00508,2023,WUR_2023,16.2,56.9,36.55
U00509,2025,QS_2025,,64.5,
U00509,2024,THE_2024,34.3,85.3,59.8
U00509,2023,WUR_2023,27.9,86.0,56.95
U00510,2025,QS_2025,,15.1,
U00510,2024,THE_2024,36.1,60.2,48.150000000000006
U00510,2023,WUR_2023,38.5,42.4,40.45
U00511,2025,QS_2025,,6.9,
U00511,2024,THE_2024,35.3,44.5,39.9
U00511,2023,WUR_2023,33.1,26.2,29.65
U00512,2025,QS_2025,,80.3,
U00512,2024,THE_2024,19.8,82.5,51.15
U00512,2023,WUR_2023,15.4,71.8,43.6
U00513,2025,QS_2025,,2.6,
U00513,2024,THE_2024,13.9,70.6,42.25
U00513,2023,WUR_2023,9.9,64.0,36.95
U00514,2025,QS_2025,,27.8,
U00514,2024,THE_2024,,,
U00515,2025,QS_2025,,54.1,
U00515,2024,THE_2024,26.0,91.1,58.55
U00515,2023,WUR_2023,25.9,93.6,59.75
U00516,2025,QS_2025,,1.8,
U00516,2024,THE_2024,10.8,52.4,31.6
U00516,2023,WUR_2023,9.5,97.0,53.25
U00517,2025,QS_2025,,49.8,
U00517,2024,THE_2024,26.2,86.9,56.550000000000004
U00518,2025,QS_2025,,1.7,
U00519,2025,QS_2025,,20.5,
U00519,2024,THE_2024,38.1,51.5,44.8
U00520,2025,QS_2025,,19.4,
U00521,2025,QS_2025,,21.5,
U00521,2024,THE_2024,24.3,74.3,49.3
U00521,2023,WUR_2023,24.6,62.1,43.35
U00522,2025,QS_2025,,2.1,
U00523,2025,QS_2025,,8.6,
U00523,2024,THE_2024,25.4,85.7,55.55
U00523,2023,WUR_2023,16.0,79.1,47.55
U00524,2025,QS_2025,,19.5,
U00524,2024,THE_2024,39.1,45.1,42.1
U00525,2025,QS_2025,,1.9,
U00526,2025,QS_2025,,8.8,
U00527,2025,QS_2025,,86.2,
U00527,2024,THE_2024,28.7,69.6,49.15
U00527,2023,WUR_2023,26.7,61.3,44.0
U00528,2025,QS_2025,,8.4,
U00529,2025,QS_2025,,25.8,
U00529,2024,THE_2024,40.8,65.0,52.9
U00529,2023,WUR_2023,39.4,55.0,47.2
U00530,2025,QS_2025,,4.7,
U00530,2024,THE_2024,19.6,33.3,26.45
U00530,2023,WUR_2023,17.6,15.8,16.700000000000003
U00531,2025,QS_2025,,7.1,
U00531,2024,THE_2024,14.9,69.6,42.25
U00532,2025,QS_2025,,95.0,
U00533,2025,QS_2025,,21.7,
U00533,2024,THE_2024,22.4,73.8,48.099999999999994
U00533,2023,WUR_2023,22.7,62.5,42.6
U00534,2025,QS_2025,,30.5,
U00534,2024,THE_2024,38.5,87.0,62.75
U00534,2023,WUR_2023,34.9,81.7,58.3
U00535,2025,QS_2025,,1.9,
U00536,2025,QS_2025,,7.4,
U00536,2024,THE_2024,16.7,60.2,38.45
U00536,2023,WUR_2023,15.7,64.5,40.1
U00537,2025,QS_2025,,15.8,
U00538,2025,QS_2025,,17.6,
U00538,2024,THE_2024,29.9,72.5,51.2
U00539,2025,QS_2025,,18.4,
U00539,2024,THE_2024,31.2,69.7,50.45
U00539,2023,WUR_2023,29.1,58.3,43.7
U00540,2025,QS_2025,,2.0,
U00541,2025,QS_2025,,2.1,
U00541,2024,THE_2024,,,
U00541,2023,WUR_2023,,,
U00542,2025,QS_2025,,10.3,
U00542,2024,THE_2024,14.6,71.7,43.15
U00542,2023,WUR_2023,12.0,58.0,35.0
U00543,2025,QS_2025,,25.4,
U00544,2025,QS_2025,,6.2,
U00544,2024,THE_2024,21.8,50.4,36.1
U00544,2023,WUR_2023,20.8,38.4,29.6
U00545,2025,QS_2025,,7.0,
U00546,2025,QS_2025,,2.2,
U00547,2025,QS_2025,,63.8,
U00547,2024,THE_2024,40.6,74.7,57.650000000000006
U00547,2023,WUR_2023,37.7,54.8,46.25
U00548,2025,QS_2025,,2.2,
U00549,2025,QS_2025,,43.7,
U00549,2024,THE_2024,28.3,78.0,53.15
U00549,2023,WUR_2023,28.3,66.5,47.4
U00550,2025,QS_2025,,6.7,
U00550,2024,THE_2024,34.0,70.6,52.3
U00550,2023,WUR_2023,32.0,66.3,49.15
U00551,2025,QS_2025,,36.2,
U00551,2024,THE_2024,29.8,56.7,43.25
U00552,2025,QS_2025,,16.6,
U00552,2024,THE_2024,34.5,83.2,58.85
U00553,2025,QS_2025,,81.7,
U00553,2024,THE_2024,23.4,80.1,51.75
U00554,2025,QS_2025,,15.4,
U00554,2024,THE_2024,38.1,69.1,53.599999999999994
U00554,2023,WUR_2023,39.5,63.3,51.4
U00555,2025,QS_2025,,5.6,
U00555,2024,THE_2024,13.6,67.3,40.449999999999996
U00555,2023,WUR_2023,10.3,92.2,51.25
U00556,2025,QS_2025,,8.2,
U00556,2024,THE_2024,27.6,69.7,48.650000000000006
U00556,2023,WUR_2023,25.7,60.2,42.95
U00557,2025,QS_2025,,2.9,
U00557,2024,THE_2024,10.0,68.8,39.4
U00557,2023,WUR_2023,8.6,85.9,47.25
U00558,2025,QS_2025,,31.2,
U00558,2024,THE_2024,41.2,87.9,64.55000000000001
U00558,2023,WUR_2023,41.2,89.3,65.25
U00559,2025,QS_2025,,2.9,
U00559,2024,THE_2024,31.3,67.4,49.35
U00560,2025,QS_2025,,11.5,
U00560,2024,THE_2024,22.4,62.0,42.2
U00561,2025,QS_2025,,2.2,
U00561,2024,THE_2024,14.4,62.2,38.300000000000004
U00562,2025,QS_2025,,48.3,
U00562,2024,THE_2024,27.1,65.0,46.05
U00562,2023,WUR_2023,27.2,65.5,46.35
U00563,2025,QS_2025,,9.9,
U00564,2025,QS_2025,,6.1,
U00564,2024,THE_2024,19.2,57.3,38.25
U00565,2025,QS_2025,,89.3,
U00566,2025,QS_2025,,29.8,
U00566,2024,THE_2024,30.2,72.8,51.5
U00566,2023,WUR_2023,29.3,59.8,44.55
U00567,2025,QS_2025,,4.2,
U00567,2024,THE_2024,19.1,46.3,32.7
U00567,2023,WUR_2023,17.0,30.8,23.9
U00568,2025,QS_2025,,2.2,
U00568,2024,THE_2024,22.3,23.6,22.950000000000003
U00568,2023,WUR_2023,20.1,17.3,18.700000000000003
U00569,2025,QS_2025,,1.3,
U00570,2025,QS_2025,,13.5,
U00570,2024,THE_2024,14.7,29.0,21.85
U00570,2023,WUR_2023,13.4,15.8,14.600000000000001
U00571,2025,QS_2025,,4.8,
U00571,2024,THE_2024,15.8,40.5,28.15
U00571,2023,WUR_2023,15.5,33.3,24.4
U00572,2025,QS_2025,,11.6,
U00572,2024,THE_2024,14.7,62.4,38.55
U00572,2023,WUR_2023,14.0,52.1,33.05
U00573,2025,QS_2025,,24.8,
U00573,2024,THE_2024,38.6,79.4,59.0
U00573,2023,WUR_2023,37.3,67.5,52.4
U00574,2025,QS_2025,,12.6,
U00574,2024,THE_2024,29.3,74.2,51.75
U00574,2023,WUR_2023,27.4,62.7,45.05
U00575,2025,QS_2025,,3.9,
U00575,2024,THE_2024,22.5,40.7,31.6
U00576,2025,QS_2025,,3.7,
U00577,2025,QS_2025,,5.1,
U00577,2024,THE_2024,30.6,39.8,35.2
U00577,2023,WUR_2023,25.9,28.4,27.15
U00578,2025,QS_2025,,46.3,
U00578,2024,THE_2024,27.7,65.4,46.550000000000004
U00578,2023,WUR_2023,24.9,55.9,40.4
U00579,2025,QS_2025,,4.6,
U00580,2025,QS_2025,,28.9,
U00580,2024,THE_2024,24.3,51.8,38.05
U00580,2023,WUR_2023,23.5,38.3,30.9
U00581,2025,QS_2025,,52.7,
U00581,2024,THE_2024,22.8,73.5,48.15
U00581,2023,WUR_2023,20.2,57.1,38.65
U00582,2025,QS_2025,,1.8,
U00583,2025,QS_2025,,76.5,
U00584,2025,QS_2025,,28.0,
U00585,2025,QS_2025,,1.6,
U00585,2024,THE_2024,10.8,25.4,18.1
U00585,2023,WUR_2023,12.3,17.3,14.8
U00586,2025,QS_2025,,18.8,
U00587,2025,QS_2025,,28.8,
U00587,2024,THE_2024,23.1,82.5,52.8
U00587,2023,WUR_2023,21.8,99.9,60.85
U00588,2025,QS_2025,,55.9,
U00588,2024,THE_2024,17.9,85.2,51.55
U00588,2023,WUR_2023,14.4,98.3,56.35
U00589,2025,QS_2025,,24.4,
U00590,2025,QS_2025,,2.8,
U00591,2025,QS_2025,,24.5,
U00591,2024,THE_2024,34.8,63.7,49.25
U00592,2025,QS_2025,,1.9,
U00592,2024,THE_2024,15.3,45.8,30.549999999999997
U00592,2023,WUR_2023,13.1,47.3,30.2
U00593,2025,QS_2025,,5.1,
U00593,2024,THE_2024,14.3,84.6,49.449999999999996
U00593,2023,WUR_2023,15.0,79.6,47.3
U00594,2025,QS_2025,,24.4,
U00595,2025,QS_2025,,5.4,
U00595,2024,THE_2024,34.9,40.0,37.45
U00596,2025,QS_2025,,2.1,
U00596,2024,THE_2024,19.1,25.7,22.4
U00597,2025,QS_2025,,1.4,
U00597,2024,THE_2024,12.2,19.2,15.7
U00597,2023,WUR_2023,11.0,17.0,14.0
U00598,2025,QS_2025,,19.1,
U00598,2024,THE_2024,37.0,79.9,58.45
U00598,2023,WUR_2023,31.6,70.7,51.150000000000006
U00599,2025,QS_2025,,5.9,
U00599,2024,THE_2024,20.1,54.6,37.35
U00599,2023,WUR_2023,19.5,47.1,33.3
U00600,2025,QS_2025,,43.3,
U00601,2025,QS_2025,,12.7,
U00601,2024,THE_2024,36.3,52.8,44.55
U00601,2023,WUR_2023,32.3,34.3,33.3
U00602,2025,QS_2025,,35.9,
U00602,2024,THE_2024,26.9,67.8,47.349999999999994
U00602,2023,WUR_2023,21.8,61.0,41.4
U00603,2025,QS_2025,,2.7,
U00603,2024,THE_2024,20.1,70.3,45.2
U00603,2023,WUR_2023,8.9,52.9,30.9
U00604,2025,QS_2025,,7.6,
U00605,2025,QS_2025,,10.1,
U00605,2024,THE_2024,18.5,77.4,47.95
U00605,2023,WUR_2023,17.4,69.1,43.25
U00606,2025,QS_2025,,2.2,
U00606,2024,THE_2024,27.8,24.8,26.3
U00606,2023,WUR_2023,28.3,11.0,19.65
U00607,2025,QS_2025,,6.8,
U00608,2025,QS_2025,,56.6,
U00608,2024,THE_2024,30.3,60.9,45.6
U00608,2023,WUR_2023,26.1,51.0,38.55
U00609,2025,QS_2025,,7.0,
U00610,2025,QS_2025,,58.7,
U00610,2024,THE_2024,25.7,76.5,51.1
U00610,2023,WUR_2023,26.0,82.2,54.1
U00611,2025,QS_2025,,47.5,
U00611,2024,THE_2024,35.5,85.7,60.6
U00611,2023,WUR_2023,32.2,95.2,63.7
U00612,2025,QS_2025,,28.3,
U00613,2025,QS_2025,,3.7,
U00613,2024,THE_2024,,,
U00614,2025,QS_2025,,1.6,
U00615,2025,QS_2025,,7.3,
U00615,2024,THE_2024,19.3,39.0,29.15
U00615,2023,WUR_2023,17.8,17.1,17.450000000000003
U00616,2025,QS_2025,,15.6,
U00617,2025,QS_2025,,26.5,
U00617,2024,THE_2024,15.2,73.8,44.5
U00617,2023,WUR_2023,14.2,76.6,45.4
U00618,2025,QS_2025,,7.5,
U00619,2025,QS_2025,,18.9,
U00619,2024,THE_2024,32.6,60.9,46.75
U00620,2025,QS_2025,,11.3,
U00620,2024,THE_2024,19.4,72.4,45.900000000000006
U00620,2023,WUR_2023,18.2,74.7,46.45
U00621,2025,QS_2025,,21.0,
U00621,2024,THE_2024,30.3,59.3,44.8
U00621,2023,WUR_2023,28.9,38.8,33.849999999999994
U00622,2025,QS_2025,,43.2,
U00623,2025,QS_2025,,1.9,
U00623,2024,THE_2024,,,
U00624,2025,QS_2025,,1.0,
U00624,2024,THE_2024,,,
U00625,2025,QS_2025,,44.2,
U00625,2024,THE_2024,32.5,73.9,53.2
U00625,2023,WUR_2023,33.2,72.4,52.800000000000004
U00626,2025,QS_2025,,3.5,
U00626,2024,THE_2024,22.0,34.4,28.2
U00626,2023,WUR_2023,20.8,32.4,26.6
U00627,2025,QS_2025,,7.9,
U00628,2025,QS_2025,,10.8,
U00628,2024,THE_2024,20.6,65.7,43.150000000000006
U00629,2025,QS_2025,,5.6,
U00630,2025,QS_2025,,1.0,
U00631,2025,QS_2025,,36.3,
U00631,2024,THE_2024,36.4,87.6,62.0
U00631,2023,WUR_2023,36.9,85.1,61.0
U00632,2025,QS_2025,,8.9,
U00633,2025,QS_2025,,5.9,
U00633,2024,THE_2024,,,
U00634,2025,QS_2025,,17.9,
U00634,2024,THE_2024,37.7,52.8,45.25
U00634,2023,WUR_2023,37.5,41.7,39.6
U00635,2025,QS_2025,,16.6,
U00635,2024,THE_2024,30.5,84.6,57.55
U00635,2023,WUR_2023,31.5,74.9,53.2
U00636,2025,QS_2025,,41.9,
U00636,2024,THE_2024,34.6,47.2,40.900000000000006
U00637,2025,QS_2025,,79.7,
U00637,2024,THE_2024,23.0,54.3,38.65
U00638,2025,QS_2025,,1.7,
U00638,2024,THE_2024,19.6,21.0,20.3
U00639,2025,QS_2025,,10.9,
U00639,2024,THE_2024,27.2,41.7,34.45
U00639,2023,WUR_2023,22.3,27.7,25.0
U00640,2025,QS_2025,,35.3,
U00640,2024,THE_2024,11.8,54.5,33.15
U00640,2023,WUR_2023,23.5,46.0,34.75
U00641,2025,QS_2025,,9.7,
U00641,2024,THE_2024,24.4,73.1,48.75
U00641,2023,WUR_2023,23.0,73.6,48.3
U00642,2025,QS_2025,,6.7,
U00643,2025,QS_2025,,15.1,
U00643,2024,THE_2024,20.0,84.5,52.25
U00643,2023,WUR_2023,19.2,76.3,47.75
U00644,2025,QS_2025,,3.3,
U00644,2024,THE_2024,24.6,47.3,35.95
U00644,2023,WUR_2023,16.4,56.1,36.25
U00645,2025,QS_2025,,4.5,
U00645,2024,THE_2024,12.8,31.3,22.05
U00646,2025,QS_2025,,69.7,
U00646,2024,THE_2024,25.8,60.2,43.0
U00646,2023,WUR_2023,22.4,41.9,32.15
U00647,2025,QS_2025,,7.1,
U00647,2024,THE_2024,26.8,50.4,38.6
U00647,2023,WUR_2023,26.1,51.9,39.0
U00648,2025,QS_2025,,32.5,
U00648,2024,THE_2024,22.5,57.6,40.05
U00648,2023,WUR_2023,21.4,52.3,36.849999999999994
U00649,2025,QS_2025,,14.4,
U00649,2024,THE_2024,24.9,29.7,27.299999999999997
U00649,2023,WUR_2023,22.6,17.4,20.0
U00650,2025,QS_2025,,33.9,
U00651,2025,QS_2025,,3.1,
U00651,2024,THE_2024,13.9,27.4,20.65
U00651,2023,WUR_2023,13.0,16.9,14.95
U00652,2025,QS_2025,,63.0,
U00653,2025,QS_2025,,1.8,
U00654,2025,QS_2025,,17.3,
U00654,2024,THE_2024,16.8,58.0,37.4
U00654,2023,WUR_2023,15.0,51.1,33.05
U00655,2025,QS_2025,,16.5,
U00656,2025,QS_2025,,19.0,
U00656,2024,THE_2024,23.9,65.8,44.849999999999994
U00656,2023,WUR_2023,21.8,51.7,36.75
U00657,2025,QS_2025,,1.6,
U00658,2025,QS_2025,,8.5,
U00658,2024,THE_2024,23.9,49.8,36.849999999999994
U00658,2023,WUR_2023,19.9,40.0,29.95
U00659,2025,QS_2025,,17.0,
U00660,2025,QS_2025,,24.6,
U00660,2024,THE_2024,29.7,65.8,47.75
U00660,2023,WUR_2023,28.0,48.8,38.4
U00661,2025,QS_2025,,4.1,
U00661,2024,THE_2024,15.9,44.7,30.3
U00661,2023,WUR_2023,14.9,30.3,22.6
U00662,2025,QS_2025,,20.3,
U00662,2024,THE_2024,23.0,68.5,45.75
U00662,2023,WUR_2023,23.4,64.1,43.75
U00663,2025,QS_2025,,4.7,
U00664,2025,QS_2025,,3.5,
U00664,2024,THE_2024,16.6,41.8,29.2
U00664,2023,WUR_2023,15.5,39.7,27.6
U00665,2025,QS_2025,,42.6,
U00665,2024,THE_2024,22.8,85.5,54.15
U00665,2023,WUR_2023,19.4,83.3,51.349999999999994
U00666,2025,QS_2025,,3.1,
U00667,2025,QS_2025,,47.8,
U00668,2025,QS_2025,,28.6,
U00668,2024,THE_2024,24.5,60.9,42.7
U00669,2025,QS_2025,,11.5,
U00669,2024,THE_2024,25.2,33.8,29.5
U00669,2023,WUR_2023,21.0,17.2,19.1
U00670,2025,QS_2025,,2.0,
U00671,2025,QS_2025,,17.7,
U00671,2024,THE_2024,31.3,53.4,42.35
U00671,2023,WUR_2023,29.7,44.0,36.85
U00672,2025,QS_2025,,1.6,
U00673,2025,QS_2025,,12.0,
U00673,2024,THE_2024,34.7,76.3,55.5
U00673,2023,WUR_2023,31.2,75.0,53.1
U00674,2025,QS_2025,,25.9,
U00674,2024,THE_2024,21.9,79.5,50.7
U00674,2023,WUR_2023,22.7,79.6,51.15
U00675,2025,QS_2025,,1.1,
U00675,2024,THE_2024,,,
U00675,2023,WUR_2023,,,
U00676,2025,QS_2025,,48.1,
U00676,2024,THE_2024,34.1,54.1,44.1
U00676,2023,WUR_2023,34.0,42.0,38.0
U00677,2025,QS_2025,,10.7,
U00678,2025,QS_2025,,1.1,
U00679,2025,QS_2025,,7.4,
U00680,2025,QS_2025,,7.0,
U00681,2025,QS_2025,,32.1,
U00681,2024,THE_2024,30.1,68.4,49.25
U00681,2023,WUR_2023,29.1,66.4,47.75
U00682,2025,QS_2025,,68.5,
U00683,2025,QS_2025,,12.0,
U00683,2024,THE_2024,25.2,75.4,50.300000000000004
U00683,2023,WUR_2023,25.9,63.4,44.65
U00684,2025,QS_2025,,71.1,
U00685,2025,QS_2025,,10.6,
U00685,2024,THE_2024,27.3,45.0,36.15
U00686,2025,QS_2025,,31.7,
U00686,2024,THE_2024,20.5,87.0,53.75
U00687,2025,QS_2025,,2.5,
U00687,2024,THE_2024,16.3,66.1,41.199999999999996
U00687,2023,WUR_2023,13.6,46.3,29.95
U00688,2025,QS_2025,,16.9,
U00688,2024,THE_2024,24.3,85.2,54.75
U00688,2023,WUR_2023,23.1,83.5,53.3
U00689,2025,QS_2025,,61.0,
U00689,2023,WUR_2023,17.4,55.3,36.349999999999994
U00690,2025,QS_2025,,27.5,
U00691,2025,QS_2025,,1.4,
U00692,2025,QS_2025,,8.5,
U00692,2024,THE_2024,14.7,64.0,39.35
U00692,2023,WUR_2023,13.3,61.8,37.55
U00693,2025,QS_2025,,41.0,
U00694,2025,QS_2025,,60.7,
U00694,2024,THE_2024,24.6,55.0,39.8
U00694,2023,WUR_2023,24.4,37.1,30.75
U00695,2025,QS_2025,,1.1,
U00696,2025,QS_2025,,1.5,
U00697,2025,QS_2025,,1.2,
U00697,2024,THE_2024,9.1,12.0,10.55
U00697,2023,WUR_2023,9.1,8.7,8.899999999999999
U00698,2025,QS_2025,,6.0,
U00698,2024,THE_2024,22.5,48.2,35.35
U00698,2023,WUR_2023,21.4,55.4,38.4
U00699,2025,QS_2025,,10.1,
U00699,2024,THE_2024,22.5,54.1,38.3
U00699,2023,WUR_2023,21.9,50.8,36.349999999999994
U00700,2025,QS_2025,,56.3,
U00700,2024,THE_2024,19.2,89.3,54.25
U00700,2023,WUR_2023,18.8,95.2,57.0
U00701,2025,QS_2025,,11.7,
U00701,2024,THE_2024,17.5,81.2,49.35
U00701,2023,WUR_2023,16.8,78.2,47.5
U00702,2025,QS_2025,,40.4,
U00702,2024,THE_2024,25.6,75.9,50.75
U00702,2023,WUR_2023,25.3,79.9,52.6
U00703,2025,QS_2025,,67.1,
U00704,2025,QS_2025,,9.7,
U00705,2025,QS_2025,,3.7,
U00705,2024,THE_2024,13.2,76.4,44.800000000000004
U00705,2023,WUR_2023,11.9,69.5,40.7
U00706,2025,QS_2025,,71.0,
U00706,2024,THE_2024,17.1,60.2,38.650000000000006
U00706,2023,WUR_2023,15.9,49.8,32.85
U00707,2025,QS_2025,,41.7,
U00707,2024,THE_2024,25.3,74.6,49.949999999999996
U00707,2023,WUR_2023,20.5,69.6,45.05
U00708,2025,QS_2025,,2.2,
U00708,2024,THE_2024,13.1,20.2,16.65
U00708,2023,WUR_2023,12.9,10.8,11.850000000000001
U00709,2025,QS_2025,,30.4,
U00710,2025,QS_2025,,31.1,
U00711,2025,QS_2025,,3.8,
U00712,2025,QS_2025,,4.3,
U00712,2024,THE_2024,17.1,57.2,37.150000000000006
U00712,2023,WUR_2023,16.8,55.7,36.25
U00713,2025,QS_2025,,18.2,
U00713,2024,THE_2024,16.6,88.2,52.400000000000006
U00713,2023,WUR_2023,14.7,78.2,46.45
U00714,2025,QS_2025,,10.8,
U00714,2024,THE_2024,15.4,50.8,33.1
U00714,2023,WUR_2023,13.6,42.1,27.85
U00715,2025,QS_2025,,8.0,
U00715,2024,THE_2024,15.1,71.0,43.05
U00715,2023,WUR_2023,14.8,59.3,37.05
U00716,2025,QS_2025,,11.0,
U00717,2025,QS_2025,,67.6,
U00717,2023,WUR_2023,24.1,59.5,41.8
U00718,2025,QS_2025,,2.3,
U00718,2024,THE_2024,12.9,44.7,28.8
U00719,2025,QS_2025,,2.4,
U00720,2025,QS_2025,,13.8,
U00721,2025,QS_2025,,51.7,
U00721,2024,THE_2024,16.0,90.6,53.3
U00722,2025,QS_2025,,12.4,
U00723,2025,QS_2025,,30.9,
U00723,2023,WUR_2023,19.9,16.1,18.0
U00724,2025,QS_2025,,11.6,
U00724,2024,THE_2024,28.3,84.6,56.449999999999996
U00724,2023,WUR_2023,23.1,90.3,56.7
U00725,2025,QS_2025,,8.5,
U00725,2024,THE_2024,18.3,35.8,27.049999999999997
U00725,2023,WUR_2023,17.5,18.0,17.75
U00726,2025,QS_2025,,1.5,
U00726,2024,THE_2024,15.4,19.1,17.25
U00726,2023,WUR_2023,11.2,12.3,11.75
U00727,2025,QS_2025,,28.7,
U00727,2024,THE_2024,26.0,79.6,52.8
U00727,2023,WUR_2023,26.0,76.4,51.2
U00728,2025,QS_2025,,17.6,
U00728,2024,THE_2024,,,
U00728,2023,WUR_2023,,,
U00729,2025,QS_2025,,40.6,
U00729,2024,THE_2024,15.8,46.0,30.9
U00729,2023,WUR_2023,16.9,28.9,22.9
U00730,2025,QS_2025,,17.1,
U00730,2024,THE_2024,37.6,49.1,43.35
U00730,2023,WUR_2023,37.8,30.5,34.15
U00731,2025,QS_2025,,45.2,
U00732,2025,QS_2025,,10.6,
U00732,2024,THE_2024,18.5,80.0,49.25
U00732,2023,WUR_2023,19.6,75.3,47.45
U00733,2025,QS_2025,,3.0,
U00733,2024,THE_2024,23.9,32.0,27.95
U00733,2023,WUR_2023,22.0,14.8,18.4
U00734,2025,QS_2025,,14.7,
U00735,2025,QS_2025,,28.3,
U00736,2025,QS_2025,,49.7,
U00736,2024,THE_2024,24.6,79.6,52.099999999999994
U00736,2023,WUR_2023,23.2,72.1,47.65
U00737,2025,QS_2025,,43.3,
U00737,2024,THE_2024,25.1,74.2,49.650000000000006
U00737,2023,WUR_2023,25.5,63.8,44.65
U00738,2025,QS_2025,,37.9,
U00739,2025,QS_2025,,18.3,
U00740,2025,QS_2025,,5.3,
U00740,2024,THE_2024,27.0,49.4,38.2
U00740,2023,WUR_2023,33.0,44.5,38.75
U00741,2025,QS_2025,,1.4,
U00741,2024,THE_2024,16.5,15.2,15.85
U00742,2025,QS_2025,,15.6,
U00742,2024,THE_2024,31.2,67.0,49.1
U00742,2023,WUR_2023,30.5,50.4,40.45
U00743,2025,QS_2025,,1.0,
U00744,2025,QS_2025,,1.1,
U00745,2025,QS_2025,,6.1,
U00746,2025,QS_2025,,35.0,
U00746,2024,THE_2024,19.0,67.5,43.25
U00746,2023,WUR_2023,18.2,58.7,38.45
U00747,2025,QS_2025,,23.6,
U00747,2024,THE_2024,34.4,74.7,54.55
U00747,2023,WUR_2023,29.5,60.1,44.8
U00748,2025,QS_2025,,11.9,
U00748,2024,THE_2024,15.0,82.6,48.8
U00748,2023,WUR_2023,14.6,92.9,53.75
U00749,2025,QS_2025,,5.1,
U00749,2024,THE_2024,18.1,55.3,36.7
U00749,2023,WUR_2023,18.4,35.9,27.15
U00750,2025,QS_2025,,1.4,
U00750,2024,THE_2024,10.9,8.8,9.850000000000001
U00750,2023,WUR_2023,10.5,4.6,7.55
U00751,2025,QS_2025,,34.1,
U00751,2024,THE_2024,29.9,73.1,51.5
U00751,2023,WUR_2023,26.9,63.6,45.25
U00752,2025,QS_2025,,2.4,
U00752,2024,THE_2024,12.3,27.4,19.85
U00752,2023,WUR_2023,12.4,15.5,13.95
U00753,2025,QS_2025,,8.6,
U00753,2024,THE_2024,22.0,80.6,51.3
U00753,2023,WUR_2023,20.2,81.9,51.050000000000004
U00754,2025,QS_2025,,1.6,
U00755,2025,QS_2025,,7.9,
U00755,2024,THE_2024,15.3,39.0,27.15
U00755,2023,WUR_2023,15.9,21.3,18.6
U00756,2025,QS_2025,,5.5,
U00757,2025,QS_2025,,10.0,
U00757,2024,THE_2024,26.1,26.4,26.25
U00757,2023,WUR_2023,24.4,11.3,17.85
U00758,2025,QS_2025,,4.2,
U00759,2025,QS_2025,,48.4,
U00760,2025,QS_2025,,21.4,
U00760,2024,THE_2024,15.2,33.7,24.450000000000003
U00761,2025,QS_2025,,6.7,
U00761,2024,THE_2024,9.9,53.5,31.7
U00761,2023,WUR_2023,9.9,41.5,25.7
U00762,2025,QS_2025,,7.2,
U00762,2024,THE_2024,16.2,60.6,38.4
U00762,2023,WUR_2023,16.7,53.4,35.05
U00763,2025,QS_2025,,36.7,
U00763,2024,THE_2024,25.3,79.1,52.199999999999996
U00763,2023,WUR_2023,23.6,72.1,47.849999999999994
U00764,2025,QS_2025,,4.8,
U00764,2024,THE_2024,28.4,43.5,35.95
U00764,2023,WUR_2023,25.3,28.3,26.8
U00765,2025,QS_2025,,14.9,
U00765,2024,THE_2024,15.8,50.7,33.25
U00765,2023,WUR_2023,13.4,33.0,23.2
U00766,2025,QS_2025,,2.7,
U00766,2024,THE_2024,12.2,68.0,40.1
U00766,2023,WUR_2023,9.4,55.4,32.4
U00767,2025,QS_2025,,57.8,
U00767,2024,THE_2024,31.6,50.1,40.85
U00767,2023,WUR_2023,26.1,23.1,24.6
U00768,2025,QS_2025,,22.9,
U00769,2025,QS_2025,,3.6,
U00770,2025,QS_2025,,27.0,
U00770,2024,THE_2024,17.8,56.2,37.0
U00770,2023,WUR_2023,16.6,43.7,30.150000000000002
U00771,2025,QS_2025,,1.7,
U00771,2023,WUR_2023,12.4,79.5,45.95
U00772,2025,QS_2025,,16.4,
U00772,2024,THE_2024,21.1,86.7,53.900000000000006
U00772,2023,WUR_2023,20.7,88.4,54.550000000000004
U00773,2025,QS_2025,,8.8,
U00773,2024,THE_2024,20.9,42.0,31.45
U00773,2023,WUR_2023,18.3,32.8,25.549999999999997
U00774,2025,QS_2025,,31.8,
U00775,2025,QS_2025,,1.7,
U00776,2025,QS_2025,,2.1,
U00777,2025,QS_2025,,2.5,
U00778,2025,QS_2025,,5.1,
U00779,2025,QS_2025,,13.5,
U00779,2024,THE_2024,24.6,61.5,43.05
U00779,2023,WUR_2023,22.2,58.4,40.3
U00780,2025,QS_2025,,2.8,
U00781,2025,QS_2025,,41.6,
U00781,2024,THE_2024,26.2,84.1,55.15
U00781,2023,WUR_2023,26.0,80.0,53.0
U00782,2025,QS_2025,,4.4,
U00782,2024,THE_2024,16.8,46.0,31.4
U00782,2023,WUR_2023,16.0,37.6,26.8
U00783,2025,QS_2025,,2.5,
U00783,2024,THE_2024,12.6,23.5,18.05
U00783,2023,WUR_2023,11.4,13.4,12.4
U00784,2025,QS_2025,,1.3,
U00785,2025,QS_2025,,1.8,
U00785,2024,THE_2024,20.4,42.8,31.599999999999998
U00786,2025,QS_2025,,11.3,
U00786,2024,THE_2024,20.9,56.9,38.9
U00786,2023,WUR_2023,19.2,42.9,31.049999999999997
U00787,2025,QS_2025,,2.6,
U00787,2024,THE_2024,15.5,45.8,30.65
U00787,2023,WUR_2023,14.5,47.2,30.85
U00788,2025,QS_2025,,1.0,
U00789,2025,QS_2025,,8.5,
U00789,2024,THE_2024,21.6,41.6,31.6
U00789,2023,WUR_2023,19.2,35.9,27.549999999999997
U00790,2025,QS_2025,,5.3,
U00790,2024,THE_2024,27.1,40.3,33.7
U00790,2023,WUR_2023,27.6,45.3,36.45
U00791,2025,QS_2025,,37.3,
U00791,2024,THE_2024,32.5,63.9,48.2
U00791,2023,WUR_2023,27.0,60.1,43.55
U00792,2025,QS_2025,,2.7,
U00793,2025,QS_2025,,10.6,
U00793,2024,THE_2024,15.2,72.7,43.95
U00794,2025,QS_2025,,1.2,
U00794,2024,THE_2024,11.3,22.2,16.75
U00794,2023,WUR_2023,10.6,5.1,7.85
U00795,2025,QS_2025,,26.2,
U00795,2024,THE_2024,24.6,73.3,48.95
U00795,2023,WUR_2023,24.8,68.4,46.6
U00796,2025,QS_2025,,30.4,
U00796,2024,THE_2024,23.5,69.2,46.35
U00796,2023,WUR_2023,20.6,60.6,40.6
U00797,2025,QS_2025,,4.3,
U00797,2024,THE_2024,17.1,47.7,32.400000000000006
U00798,2025,QS_2025,,4.3,
U00799,2025,QS_2025,,23.5,
U00799,2024,THE_2024,30.8,71.8,51.3
U00799,2023,WUR_2023,27.3,59.2,43.25
U00800,2025,QS_2025,,14.9,
U00800,2023,WUR_2023,29.3,74.5,51.9
U00801,2025,QS_2025,,18.9,
U00802,2025,QS_2025,,10.6,
U00802,2024,THE_2024,20.4,70.2,45.3
U00802,2023,WUR_2023,18.6,67.2,42.900000000000006
U00803,2025,QS_2025,,2.7,
U00803,2024,THE_2024,,,
U00804,2025,QS_2025,,2.0,
U00804,2024,THE_2024,17.7,58.2,37.95
U00804,2023,WUR_2023,13.7,56.2,34.95
U00805,2025,QS_2025,,2.6,
U00806,2025,QS_2025,,52.5,
U00806,2024,THE_2024,36.6,80.6,58.599999999999994
U00806,2023,WUR_2023,36.5,76.1,56.3
U00807,2025,QS_2025,,33.1,
U00808,2025,QS_2025,,1.0,
U00809,2025,QS_2025,,20.4,
U00809,2024,THE_2024,17.0,67.4,42.2
U00809,2023,WUR_2023,11.3,63.8,37.55
U00810,2025,QS_2025,,11.8,
U00810,2024,THE_2024,18.4,77.9,48.150000000000006
U00810,2023,WUR_2023,17.0,81.3,49.15
U00811,2025,QS_2025,,12.7,
U00811,2024,THE_2024,17.0,48.3,32.65
U00811,2023,WUR_2023,15.1,33.3,24.2
U00812,2025,QS_2025,,59.7,
U00813,2025,QS_2025,,1.8,
U00813,2024,THE_2024,18.8,16.9,17.85
U00814,2025,QS_2025,,2.0,
U00814,2024,THE_2024,9.9,14.5,12.2
U00814,2023,WUR_2023,10.6,12.5,11.55
U00815,2025,QS_2025,,2.3,
U00815,2024,THE_2024,18.3,58.3,38.3
U00815,2023,WUR_2023,17.7,47.7,32.7
U00816,2025,QS_2025,,1.2,
U00817,2025,QS_2025,,2.9,
U00817,2024,THE_2024,9.9,55.5,32.7
U00818,2025,QS_2025,,12.3,
U00818,2024,THE_2024,19.3,77.7,48.5
U00818,2023,WUR_2023,19.0,81.2,50.1
U00819,2025,QS_2025,,4.4,
U00819,2024,THE_2024,12.4,65.9,39.150000000000006
U00819,2023,WUR_2023,12.1,63.5,37.8
U00820,2025,QS_2025,,12.7,
U00820,2024,THE_2024,30.7,77.0,53.85
U00820,2023,WUR_2023,28.9,71.7,50.3
U00821,2025,QS_2025,,1.5,
U00821,2024,THE_2024,9.9,16.0,12.95
U00821,2023,WUR_2023,10.0,27.8,18.9
U00822,2025,QS_2025,,50.5,
U00823,2025,QS_2025,,25.0,
U00824,2025,QS_2025,,6.6,
U00825,2025,QS_2025,,17.6,
U00826,2025,QS_2025,,10.6,
U00826,2024,THE_2024,28.2,73.3,50.75
U00826,2023,WUR_2023,28.0,64.3,46.15
U00827,2025,QS_2025,,14.1,
U00827,2024,THE_2024,38.7,42.9,40.8
U00828,2025,QS_2025,,26.4,
U00828,2024,THE_2024,32.3,57.3,44.8
U00829,2025,QS_2025,,6.2,
U00829,2024,THE_2024,42.2,62.3,52.25
U00829,2023,WUR_2023,43.2,43.7,43.45
U00830,2025,QS_2025,,1.1,
U00831,2025,QS_2025,,1.3,
U00832,2025,QS_2025,,2.4,
U00832,2024,THE_2024,11.1,48.9,30.0
U00832,2023,WUR_2023,9.8,42.8,26.299999999999997
U00833,2025,QS_2025,,40.9,
U00834,2025,QS_2025,,1.4,
U00835,2025,QS_2025,,11.2,
U00836,2025,QS_2025,,5.2,
U00837,2025,QS_2025,,12.9,
U00838,2025,QS_2025,,5.8,
U00838,2024,THE_2024,17.1,48.1,32.6
U00838,2023,WUR_2023,14.9,49.8,32.35
U00839,2025,QS_2025,,12.9,
U00839,2024,THE_2024,31.0,63.1,47.05
U00839,2023,WUR_2023,24.9,70.0,47.45
U00840,2025,QS_2025,,7.7,
U00840,2024,THE_2024,19.8,43.8,31.799999999999997
U00840,2023,WUR_2023,18.4,23.1,20.75
U00841,2025,QS_2025,,1.5,
U00841,2024,THE_2024,12.6,19.8,16.2
U00841,2023,WUR_2023,11.1,14.6,12.85
U00842,2025,QS_2025,,25.0,
U00843,2025,QS_2025,,14.9,
U00843,2024,THE_2024,16.5,53.9,35.2
U00843,2023,WUR_2023,15.6,53.0,34.3
U00844,2025,QS_2025,,4.2,
U00844,2024,THE_2024,21.1,43.2,32.150000000000006
U00844,2023,WUR_2023,16.8,23.1,19.950000000000003
U00845,2025,QS_2025,,41.5,
U00846,2025,QS_2025,,18.5,
U00846,2024,THE_2024,30.5,79.4,54.95
U00847,2025,QS_2025,,3.4,
U00848,2025,QS_2025,,37.1,
U00848,2024,THE_2024,24.4,79.2,51.8
U00848,2023,WUR_2023,23.3,77.4,50.35
U00849,2025,QS_2025,,5.0,
U00849,2024,THE_2024,15.6,66.6,41.099999999999994
U00849,2023,WUR_2023,15.6,72.3,43.949999999999996
U00850,2025,QS_2025,,33.6,
U00850,2024,THE_2024,26.6,69.0,47.8
U00851,2025,QS_2025,,47.0,
U00851,2023,WUR_2023,15.2,48.3,31.75
U00852,2025,QS_2025,,6.5,
U00853,2025,QS_2025,,1.7,
U00854,2025,QS_2025,,3.1,
U00855,2025,QS_2025,,8.1,
U00855,2024,THE_2024,17.9,55.1,36.5
U00855,2023,WUR_2023,16.0,32.5,24.25
U00856,2025,QS_2025,,12.4,
U00856,2024,THE_2024,28.3,43.6,35.95
U00857,2025,QS_2025,,10.7,
U00857,2024,THE_2024,29.7,34.9,32.3
U00857,2023,WUR_2023,24.6,18.7,21.65
U00858,2025,QS_2025,,41.8,
U00858,2024,THE_2024,18.0,41.2,29.6
U00858,2023,WUR_2023,16.5,35.3,25.9
U00859,2025,QS_2025,,5.0,
U00859,2024,THE_2024,25.3,44.4,34.85
U00859,2023,WUR_2023,24.6,35.9,30.25
U00860,2025,QS_2025,,47.3,
U00860,2024,THE_2024,22.1,72.8,47.45
U00860,2023,WUR_2023,19.6,55.1,37.35
U00861,2025,QS_2025,,22.4,
U00861,2024,THE_2024,25.4,72.6,49.0
U00861,2023,WUR_2023,26.9,65.2,46.05
U00862,2025,QS_2025,,4.8,
U00863,2025,QS_2025,,26.0,
U00863,2024,THE_2024,14.4,75.7,45.050000000000004
U00863,2023,WUR_2023,12.5,75.8,44.15
U00864,2025,QS_2025,,22.1,
U00864,2024,THE_2024,20.9,57.4,39.15
U00864,2023,WUR_2023,20.8,41.0,30.9
U00865,2025,QS_2025,,1.1,
U00866,2025,QS_2025,,1.0,
U00867,2025,QS_2025,,4.1,
U00867,2024,THE_2024,19.4,36.8,28.099999999999998
U00867,2023,WUR_2023,17.6,18.1,17.85
U00868,2025,QS_2025,,6.3,
U00868,2024,THE_2024,14.8,28.5,21.65
U00868,2023,WUR_2023,13.0,22.1,17.55
U00869,2025,QS_2025,,36.8,
U00870,2025,QS_2025,,14.9,
U00870,2024,THE_2024,18.7,64.3,41.5
U00870,2023,WUR_2023,18.5,67.3,42.9
U00871,2025,QS_2025,,7.7,
U00871,2024,THE_2024,21.5,36.4,28.95
U00871,2023,WUR_2023,20.3,22.4,21.35
U00872,2025,QS_2025,,13.3,
U00872,2024,THE_2024,20.9,60.8,40.849999999999994
U00872,2023,WUR_2023,20.5,53.8,37.15
U00873,2025,QS_2025,,3.0,
U00874,2025,QS_2025,,6.4,
U00874,2024,THE_2024,11.3,45.2,28.25
U00875,2025,QS_2025,,33.3,
U00875,2023,WUR_2023,27.4,36.2,31.8
U00876,2025,QS_2025,,11.7,
U00877,2025,QS_2025,,3.1,
U00877,2024,THE_2024,13.1,45.6,29.35
U00877,2023,WUR_2023,12.3,33.1,22.700000000000003
U00878,2025,QS_2025,,46.1,
U00878,2024,THE_2024,11.9,84.8,48.35
U00879,2025,QS_2025,,30.5,
U00879,2024,THE_2024,29.1,29.6,29.35
U00879,2023,WUR_2023,25.2,12.0,18.6
U00880,2025,QS_2025,,4.3,
U00881,2025,QS_2025,,1.1,
U00882,2025,QS_2025,,34.6,
U00883,2025,QS_2025,,21.4,
U00884,2025,QS_2025,,16.9,
U00885,2025,QS_2025,,10.9,
U00885,2024,THE_2024,33.8,57.2,45.5
U00885,2023,WUR_2023,29.1,35.6,32.35
U00886,2025,QS_2025,,33.9,
U00886,2023,WUR_2023,25.7,71.4,48.550000000000004
U00887,2025,QS_2025,,7.2,
U00888,2025,QS_2025,,11.0,
U00888,2024,THE_2024,,,
U00888,2023,WUR_2023,,,
U00889,2025,QS_2025,,3.9,
U00889,2024,THE_2024,14.8,30.8,22.8
U00889,2023,WUR_2023,15.5,19.1,17.3
U00890,2025,QS_2025,,5.3,
U00890,2024,THE_2024,21.3,42.1,31.700000000000003
U00890,2023,WUR_2023,17.0,32.1,24.55
U00891,2025,QS_2025,,5.2,
U00891,2024,THE_2024,13.4,67.2,40.300000000000004
U00891,2023,WUR_2023,13.2,58.1,35.65
U00892,2025,QS_2025,,9.9,
U00892,2024,THE_2024,18.7,82.2,50.45
U00892,2023,WUR_2023,17.4,85.8,51.599999999999994
U00893,2025,QS_2025,,5.5,
U00894,2025,QS_2025,,32.2,
U00894,2024,THE_2024,22.5,69.8,46.15
U00894,2023,WUR_2023,21.9,56.3,39.099999999999994
U00895,2025,QS_2025,,1.3,
U00895,2024,THE_2024,9.5,25.8,17.65
U00895,2023,WUR_2023,,,
U00896,2025,QS_2025,,7.3,
U00896,2024,THE_2024,19.3,50.5,34.9
U00896,2023,WUR_2023,25.5,29.3,27.4
U00897,2025,QS_2025,,3.9,
U00897,2024,THE_2024,25.9,35.9,30.9
U00897,2023,WUR_2023,24.0,20.1,22.05
U00898,2025,QS_2025,,2.4,
U00898,2024,THE_2024,11.2,46.8,29.0
U00898,2023,WUR_2023,9.6,45.9,27.75
U00899,2025,QS_2025,,7.8,
U00899,2024,THE_2024,16.3,36.0,26.15
U00899,2023,WUR_2023,14.7,32.1,23.4
U00900,2025,QS_2025,,12.8,
U00900,2024,THE_2024,23.2,82.8,53.0
U00900,2023,WUR_2023,12.3,86.2,49.25
U00901,2025,QS_2025,,12.2,
U00902,2025,QS_2025,,12.1,
U00902,2024,THE_2024,25.7,97.0,61.35
U00902,2023,WUR_2023,25.9,98.3,62.099999999999994
U00903,2025,QS_2025,,31.8,
U00903,2023,WUR_2023,28.3,22.5,25.4
U00904,2025,QS_2025,,49.3,
U00905,2025,QS_2025,,23.4,
U00906,2025,QS_2025,,2.0,
U00906,2024,THE_2024,,,
U00906,2023,WUR_2023,,,
U00907,2025,QS_2025,,4.4,
U00908,2025,QS_2025,,46.9,
U00908,2024,THE_2024,9.3,22.2,15.75
U00909,2025,QS_2025,,5.6,
U00909,2024,THE_2024,11.4,40.6,26.0
U00910,2025,QS_2025,,1.5,
U00911,2025,QS_2025,,12.2,
U00911,2024,THE_2024,18.8,35.4,27.1
U00911,2023,WUR_2023,17.0,25.8,21.4
U00912,2025,QS_2025,,1.1,
U00912,2024,THE_2024,,,
U00913,2025,QS_2025,,1.7,
U00913,2024,THE_2024,,,
U00913,2023,WUR_2023,,,
U00914,2025,QS_2025,,12.9,
U00914,2024,THE_2024,21.4,61.1,41.25
U00914,2023,WUR_2023,21.4,47.0,34.2
U00915,2025,QS_2025,,4.5,
U00915,2024,THE_2024,25.3,39.6,32.45
U00915,2023,WUR_2023,27.7,34.5,31.1
U00916,2025,QS_2025,,4.4,
U00917,2025,QS_2025,,28.6,
U00918,2025,QS_2025,,1.7,
U00918,2024,THE_2024,16.1,17.6,16.85
U00919,2025,QS_2025,,4.9,
U00920,2025,QS_2025,,2.7,
U00920,2024,THE_2024,10.0,76.1,43.05
U00920,2023,WUR_2023,9.3,87.8,48.55
U00921,2025,QS_2025,,6.5,
U00921,2024,THE_2024,18.7,29.8,24.25
U00921,2023,WUR_2023,17.0,17.8,17.4
U00922,2025,QS_2025,,5.1,
U00923,2025,QS_2025,,2.5,
U00923,2024,THE_2024,,,
U00924,2025,QS_2025,,5.3,
U00924,2024,THE_2024,13.2,53.4,33.3
U00924,2023,WUR_2023,12.9,33.9,23.4
U00925,2025,QS_2025,,3.6,
U00925,2024,THE_2024,13.5,74.7,44.1
U00926,2025,QS_2025,,1.2,
U00927,2025,QS_2025,,1.2,
U00928,2025,QS_2025,,2.3,
U00929,2025,QS_2025,,1.1,
U00930,2025,QS_2025,,1.6,
U00931,2025,QS_2025,,1.3,
U00931,2023,WUR_2023,10.4,4.5,7.45
U00932,2025,QS_2025,,1.7,
U00932,2024,THE_2024,10.6,10.2,10.399999999999999
U00932,2023,WUR_2023,10.6,4.8,7.699999999999999
U00933,2025,QS_2025,,6.1,
U00934,2025,QS_2025,,18.0,
U00935,2025,QS_2025,,43.6,
U00936,2025,QS_2025,,12.1,
U00937,2025,QS_2025,,16.8,
U00938,2025,QS_2025,,22.6,
U00938,2024,THE_2024,19.5,69.6,44.55
U00938,2023,WUR_2023,18.0,57.3,37.65
U00939,2025,QS_2025,,6.2,
U00939,2024,THE_2024,15.1,41.0,28.05
U00939,2023,WUR_2023,15.0,34.4,24.7
U00940,2025,QS_2025,,2.4,
U00940,2024,THE_2024,10.5,72.3,41.4
U00940,2023,WUR_2023,9.2,98.7,53.95
U00941,2025,QS_2025,,3.4,
U00942,2025,QS_2025,,6.8,
U00942,2024,THE_2024,16.9,40.8,28.849999999999998
U00942,2023,WUR_2023,17.4,28.3,22.85
U00943,2025,QS_2025,,6.8,
U00943,2024,THE_2024,19.9,52.6,36.25
U00943,2023,WUR_2023,19.1,34.0,26.55
U00944,2025,QS_2025,,1.8,
U00944,2024,THE_2024,10.6,45.9,28.25
U00944,2023,WUR_2023,8.8,86.9,47.85
U00945,2025,QS_2025,,21.4,
U00945,2024,THE_2024,12.2,61.0,36.6
U00945,2023,WUR_2023,10.8,53.2,32.0
U00946,2025,QS_2025,,6.9,
U00946,2024,THE_2024,15.0,61.1,38.05
U00946,2023,WUR_2023,14.9,46.1,30.5
U00947,2025,QS_2025,,1.2,
U00948,2025,QS_2025,,2.1,
U00949,2025,QS_2025,,26.2,
U00949,2024,THE_2024,22.1,61.2,41.650000000000006
U00949,2023,WUR_2023,19.3,53.8,36.55
U00950,2025,QS_2025,,5.3,
U00950,2024,THE_2024,17.4,33.1,25.25
U00950,2023,WUR_2023,16.0,14.9,15.45
U00951,2025,QS_2025,,1.3,
U00951,2024,THE_2024,8.6,26.8,17.7
U00952,2025,QS_2025,,10.3,
U00952,2024,THE_2024,11.3,59.4,35.35
U00952,2023,WUR_2023,10.2,82.8,46.5
U00953,2025,QS_2025,,1.0,
U00953,2024,THE_2024,,,
U00954,2025,QS_2025,,20.0,
U00954,2024,THE_2024,23.6,53.3,38.45
U00954,2023,WUR_2023,26.6,42.1,34.35
U00955,2025,QS_2025,,17.2,
U00955,2024,THE_2024,25.7,59.6,42.65
U00955,2023,WUR_2023,23.4,45.9,34.65
U00956,2025,QS_2025,,1.4,
U00956,2024,THE_2024,8.6,13.8,11.2
U00956,2023,WUR_2023,7.8,15.1,11.45
U00957,2025,QS_2025,,2.1,
U00958,2025,QS_2025,,16.7,
U00958,2024,THE_2024,20.8,66.8,43.8
U00958,2023,WUR_2023,20.7,64.9,42.800000000000004
U00959,2025,QS_2025,,15.2,
U00959,2023,WUR_2023,21.4,41.7,31.55
U00960,2025,QS_2025,,1.2,
U00961,2025,QS_2025,,28.2,
U00961,2024,THE_2024,26.8,48.2,37.5
U00961,2023,WUR_2023,25.7,25.3,25.5
U00962,2025,QS_2025,,1.6,
U00962,2024,THE_2024,18.0,50.3,34.15
U00963,2025,QS_2025,,6.9,
U00963,2024,THE_2024,19.8,31.8,25.8
U00963,2023,WUR_2023,18.7,18.4,18.549999999999997
U00964,2025,QS_2025,,50.2,
U00964,2023,WUR_2023,13.7,45.5,29.6
U00965,2025,QS_2025,,1.3,
U00966,2025,QS_2025,,4.4,
U00966,2024,THE_2024,15.7,35.5,25.6
U00966,2023,WUR_2023,14.4,19.2,16.8
U00967,2025,QS_2025,,8.5,
U00967,2024,THE_2024,22.1,59.5,40.8
U00967,2023,WUR_2023,18.6,57.0,37.8
U00968,2025,QS_2025,,12.6,
U00968,2024,THE_2024,19.6,40.9,30.25
U00968,2023,WUR_2023,18.9,30.4,24.65
U00969,2025,QS_2025,,2.6,
U00969,2024,THE_2024,12.4,68.1,40.25
U00969,2023,WUR_2023,11.5,80.6,46.05
U00970,2025,QS_2025,,3.8,
U00970,2024,THE_2024,15.0,41.8,28.4
U00970,2023,WUR_2023,13.5,48.8,31.15
U00971,2025,QS_2025,,2.1,
U00971,2024,THE_2024,,,
U00972,2025,QS_2025,,1.3,
U00972,2024,THE_2024,8.7,15.3,12.0
U00972,2023,WUR_2023,8.0,18.4,13.2
U00973,2025,QS_2025,,3.3,
U00973,2024,THE_2024,14.8,32.6,23.700000000000003
U00973,2023,WUR_2023,13.6,18.9,16.25
U00974,2025,QS_2025,,18.3,
U00975,2025,QS_2025,,12.6,
U00975,2023,WUR_2023,13.4,43.4,28.4
U00976,2025,QS_2025,,1.9,
U00977,2025,QS_2025,,1.1,
U00977,2024,THE_2024,,,
U00978,2025,QS_2025,,7.2,
U00978,2024,THE_2024,10.2,77.8,44.0
U00979,2025,QS_2025,,1.8,
U00979,2024,THE_2024,11.0,13.3,12.15
U00980,2025,QS_2025,,1.9,
U00980,2024,THE_2024,14.3,21.4,17.85
U00981,2025,QS_2025,,13.5,
U00982,2025,QS_2025,,11.9,
U00982,2024,THE_2024,21.2,64.4,42.800000000000004
U00982,2023,WUR_2023,19.1,54.2,36.650000000000006
U00983,2025,QS_2025,,3.3,
U00984,2025,QS_2025,,2.5,
U00985,2025,QS_2025,,12.0,
U00986,2025,QS_2025,,2.0,
U00987,2025,QS_2025,,4.5,
U00988,2025,QS_2025,,2.8,
U00989,2025,QS_2025,,2.2,
U00990,2025,QS_2025,,1.1,
U00991,2025,QS_2025,,5.0,
U00992,2025,QS_2025,,2.6,
U00993,2025,QS_2025,,29.3,
U00994,2025,QS_2025,,6.2,
U00995,2025,QS_2025,,2.7,
U00995,2024,THE_2024,25.2,38.8,32.0
U00995,2023,WUR_2023,25.5,33.9,29.7
U00996,2025,QS_2025,,2.2,
U00997,2025,QS_2025,,3.8,
U00997,2024,THE_2024,13.8,51.9,32.85
U00997,2023,WUR_2023,13.9,45.5,29.7
U00998,2025,QS_2025,,3.2,
U00998,2024,THE_2024,10.6,60.2,35.4
U00998,2023,WUR_2023,9.6,74.5,42.05
U00999,2025,QS_2025,,7.8,
U00999,2024,THE_2024,24.3,64.2,44.25
U00999,2023,WUR_2023,24.7,69.8,47.25
U01000,2025,QS_2025,,25.4,
U01000,2024,THE_2024,22.6,72.2,47.400000000000006
U01000,2023,WUR_2023,22.1,65.1,43.599999999999994
U01001,2025,QS_2025,,21.0,
U01001,2024,THE_2024,19.5,62.9,41.2
U01001,2023,WUR_2023,18.0,64.4,41.2
U01002,2025,QS_2025,,5.7,
U01003,2025,QS_2025,,14.1,
U01003,2024,THE_2024,23.8,59.3,41.55
U01004,2025,QS_2025,,2.6,
U01004,2024,THE_2024,12.9,41.5,27.2
U01004,2023,WUR_2023,11.1,33.6,22.35
U01005,2025,QS_2025,,26.9,
U01005,2024,THE_2024,18.0,66.8,42.4
U01005,2023,WUR_2023,15.3,54.0,34.65
U01006,2025,QS_2025,,1.4,
U01006,2024,THE_2024,10.9,69.2,40.050000000000004
U01006,2023,WUR_2023,9.6,63.3,36.449999999999996
U01007,2025,QS_2025,,12.1,
U01007,2024,THE_2024,14.0,61.6,37.8
U01007,2023,WUR_2023,12.9,51.1,32.0
U01008,2025,QS_2025,,7.1,
U01008,2024,THE_2024,14.0,62.3,38.15
U01008,2023,WUR_2023,12.6,47.9,30.25
U01009,2025,QS_2025,,5.7,
U01009,2024,THE_2024,20.5,60.8,40.65
U01010,2025,QS_2025,,2.3,
U01011,2025,QS_2025,,1.5,
U01011,2024,THE_2024,12.3,32.9,22.6
U01011,2023,WUR_2023,10.4,24.0,17.2
U01012,2025,QS_2025,,2.2,
U01012,2024,THE_2024,10.8,48.0,29.4
U01012,2023,WUR_2023,9.4,47.1,28.25
U01013,2025,QS_2025,,1.1,
U01014,2025,QS_2025,,1.2,
U01014,2024,THE_2024,,,
U01014,2023,WUR_2023,,,
U01015,2025,QS_2025,,9.0,
U01015,2024,THE_2024,16.4,66.4,41.400000000000006
U01015,2023,WUR_2023,16.9,66.0,41.45
U01016,2025,QS_2025,,7.5,
U01016,2024,THE_2024,19.7,61.3,40.5
U01016,2023,WUR_2023,18.3,52.4,35.35
U01017,2025,QS_2025,,6.7,
U01017,2023,WUR_2023,42.4,84.2,63.3
U01018,2025,QS_2025,,15.8,
U01018,2024,THE_2024,22.0,61.1,41.55
U01019,2025,QS_2025,,3.2,
U01019,2024,THE_2024,11.8,77.8,44.8
U01019,2023,WUR_2023,10.8,90.3,50.55
U01020,2025,QS_2025,,2.0,
U01020,2024,THE_2024,12.3,71.1,41.699999999999996
U01021,2025,QS_2025,,10.4,
U01022,2025,QS_2025,,3.7,
U01022,2024,THE_2024,13.8,44.6,29.200000000000003
U01022,2023,WUR_2023,12.8,26.4,19.6
U01023,2025,QS_2025,,1.6,
U01024,2025,QS_2025,,15.6,
U01024,2024,THE_2024,24.4,39.0,31.7
U01024,2023,WUR_2023,21.9,26.6,24.25
U01025,2025,QS_2025,,10.3,
U01025,2024,THE_2024,21.2,29.9,25.549999999999997
U01026,2025,QS_2025,,11.4,
U01027,2025,QS_2025,,3.1,
U01027,2023,WUR_2023,12.2,23.0,17.6
U01028,2025,QS_2025,,4.7,
U01028,2024,THE_2024,10.7,30.4,20.549999999999997
U01028,2023,WUR_2023,9.8,21.9,15.85
U01029,2025,QS_2025,,3.0,
U01030,2025,QS_2025,,3.2,
U01030,2024,THE_2024,16.7,30.4,23.549999999999997
U01030,2023,WUR_2023,13.3,19.0,16.15
U01031,2025,QS_2025,,2.6,
U01031,2024,THE_2024,9.5,32.3,20.9
U01031,2023,WUR_2023,10.2,35.0,22.6
U01032,2025,QS_2025,,5.4,
U01033,2025,QS_2025,,18.5,
U01033,2024,THE_2024,13.8,37.6,25.700000000000003
U01033,2023,WUR_2023,14.4,22.1,18.25
U01034,2025,QS_2025,,9.2,
U01034,2024,THE_2024,27.5,82.7,55.1
U01034,2023,WUR_2023,26.8,84.0,55.4
U01035,2025,QS_2025,,7.6,
U01035,2024,THE_2024,23.2,29.5,26.35
U01035,2023,WUR_2023,13.0,17.2,15.1
U01036,2025,QS_2025,,6.3,
U01036,2024,THE_2024,13.9,66.7,40.300000000000004
U01036,2023,WUR_2023,13.8,65.4,39.6
U01037,2025,QS_2025,,4.7,
U01037,2024,THE_2024,14.2,20.7,17.45
U01037,2023,WUR_2023,13.0,17.1,15.05
U01038,2025,QS_2025,,27.7,
U01039,2025,QS_2025,,28.1,
U01039,2024,THE_2024,30.6,43.6,37.1
U01039,2023,WUR_2023,23.2,18.6,20.9
U01040,2025,QS_2025,,16.5,
U01041,2025,QS_2025,,3.0,
U01041,2024,THE_2024,18.8,41.6,30.200000000000003
U01041,2023,WUR_2023,17.6,79.2,48.400000000000006
U01042,2025,QS_2025,,3.2,
U01042,2024,THE_2024,11.6,32.5,22.05
U01042,2023,WUR_2023,13.3,21.0,17.15
U01043,2025,QS_2025,,10.0,
U01044,2025,QS_2025,,1.5,
U01044,2024,THE_2024,,,
U01044,2023,WUR_2023,,,
U01045,2025,QS_2025,,8.0,
U01045,2024,THE_2024,11.2,72.7,41.95
U01045,2023,WUR_2023,10.8,80.7,45.75
U01046,2025,QS_2025,,1.5,
U01046,2024,THE_2024,,,
U01046,2023,WUR_2023,,,
U01047,2025,QS_2025,,1.0,
U01048,2025,QS_2025,,26.7,
U01048,2024,THE_2024,22.4,60.2,41.3
U01049,2025,QS_2025,,3.5,
U01049,2024,THE_2024,13.5,24.0,18.75
U01049,2023,WUR_2023,12.4,14.3,13.350000000000001
U01050,2025,QS_2025,,8.2,
U01050,2024,THE_2024,21.9,32.4,27.15
U01051,2025,QS_2025,,1.5,
U01051,2024,THE_2024,,,
U01052,2025,QS_2025,,12.7,
U01053,2025,QS_2025,,25.6,
U01053,2024,THE_2024,15.6,31.4,23.5
U01053,2023,WUR_2023,14.1,25.1,19.6
U01054,2025,QS_2025,,7.5,
U01054,2024,THE_2024,16.2,65.0,40.6
U01054,2023,WUR_2023,16.5,58.8,37.65
U01055,2025,QS_2025,,2.0,
U01056,2025,QS_2025,,8.9,
U01056,2024,THE_2024,15.7,34.4,25.049999999999997
U01056,2023,WUR_2023,14.9,17.8,16.35
U01057,2025,QS_2025,,3.3,
U01057,2024,THE_2024,,,
U01057,2023,WUR_2023,,,
U01058,2025,QS_2025,,7.0,
U01059,2025,QS_2025,,1.9,
U01059,2024,THE_2024,11.3,34.2,22.75
U01059,2023,WUR_2023,10.7,53.7,32.2
U01060,2025,QS_2025,,2.4,
U01060,2024,THE_2024,11.7,31.9,21.799999999999997
U01060,2023,WUR_2023,10.0,24.1,17.05
U01061,2025,QS_2025,,17.4,
U01061,2024,THE_2024,20.0,58.8,39.4
U01061,2023,WUR_2023,18.5,44.9,31.7
U01062,2025,QS_2025,,4.7,
U01062,2024,THE_2024,13.0,29.0,21.0
U01062,2023,WUR_2023,10.7,25.6,18.15
U01063,2025,QS_2025,,1.3,
U01063,2024,THE_2024,8.4,16.0,12.2
U01063,2023,WUR_2023,8.2,18.2,13.2
U01064,2025,QS_2025,,1.8,
U01064,2024,THE_2024,11.5,27.6,19.55
U01064,2023,WUR_2023,,,
U01065,2025,QS_2025,,4.5,
U01066,2025,QS_2025,,26.8,
U01066,2024,THE_2024,15.1,66.5,40.8
U01066,2023,WUR_2023,13.7,58.7,36.2
U01067,2025,QS_2025,,1.3,
U01067,2024,THE_2024,,,
U01068,2025,QS_2025,,4.9,
U01068,2024,THE_2024,22.2,25.0,23.6
U01069,2025,QS_2025,,1.3,
U01069,2024,THE_2024,9.0,14.9,11.95
U01069,2023,WUR_2023,9.1,15.8,12.45
U01070,2025,QS_2025,,1.2,
U01071,2025,QS_2025,,4.0,
U01072,2025,QS_2025,,13.1,
U01073,2025,QS_2025,,17.2,
U01073,2024,THE_2024,15.3,51.5,33.4
U01073,2023,WUR_2023,14.5,40.1,27.3
U01074,2025,QS_2025,,1.6,
U01074,2024,THE_2024,,,
U01075,2025,QS_2025,,10.5,
U01075,2024,THE_2024,20.1,61.2,40.650000000000006
U01075,2023,WUR_2023,18.8,55.7,37.25
U01076,2025,QS_2025,,24.1,
U01076,2024,THE_2024,16.2,67.9,42.050000000000004
U01076,2023,WUR_2023,14.6,60.0,37.3
U01077,2025,QS_2025,,5.3,
U01078,2025,QS_2025,,1.2,
U01079,2025,QS_2025,,6.3,
U01079,2024,THE_2024,13.0,35.9,24.45
U01079,2023,WUR_2023,12.7,26.6,19.65
U01080,2025,QS_2025,,6.3,
U01080,2024,THE_2024,20.2,58.4,39.3
U01080,2023,WUR_2023,19.2,43.5,31.35
U01081,2025,QS_2025,,1.1,
U01081,2024,THE_2024,17.1,18.1,17.6
U01082,2025,QS_2025,,1.8,
U01083,2025,QS_2025,,2.1,
U01083,2024,THE_2024,16.9,69.3,43.099999999999994
U01084,2025,QS_2025,,2.1,
U01084,2024,THE_2024,14.8,21.8,18.3
U01085,2025,QS_2025,,14.3,
U01085,2024,THE_2024,11.9,71.1,41.5
U01085,2023,WUR_2023,11.1,69.4,40.25
U01086,2025,QS_2025,,4.5,
U01086,2024,THE_2024,14.4,66.7,40.550000000000004
U01086,2023,WUR_2023,14.3,60.8,37.55
U01087,2025,QS_2025,,11.2,
U01087,2024,THE_2024,18.0,34.6,26.3
U01087,2023,WUR_2023,14.9,24.3,19.6
U01088,2025,QS_2025,,3.8,
U01089,2025,QS_2025,,7.0,
U01089,2024,THE_2024,15.6,39.4,27.5
U01089,2023,WUR_2023,14.2,22.2,18.2
U01090,2025,QS_2025,,7.2,
U01090,2024,THE_2024,12.2,27.4,19.799999999999997
U01090,2023,WUR_2023,12.5,20.4,16.45
U01091,2025,QS_2025,,3.8,
U01091,2024,THE_2024,12.0,22.3,17.15
U01091,2023,WUR_2023,11.8,7.5,9.65
U01092,2025,QS_2025,,9.0,
U01092,2024,THE_2024,,,
U01093,2025,QS_2025,,5.7,
U01093,2024,THE_2024,25.4,33.0,29.2
U01093,2023,WUR_2023,19.4,24.1,21.75
U01094,2025,QS_2025,,7.2,
U01095,2025,QS_2025,,23.9,
U01096,2025,QS_2025,,4.0,
U01096,2024,THE_2024,11.5,51.6,31.55
U01096,2023,WUR_2023,10.4,34.4,22.4
U01097,2025,QS_2025,,2.5,
U01097,2024,THE_2024,13.5,68.9,41.2
U01097,2023,WUR_2023,12.3,94.5,53.4
U01098,2025,QS_2025,,1.2,
U01099,2025,QS_2025,,1.6,
U01099,2024,THE_2024,11.7,23.2,17.45
U01099,2023,WUR_2023,,,
U01100,2025,QS_2025,,3.6,
U01100,2024,THE_2024,10.2,54.2,32.2
U01100,2023,WUR_2023,9.0,55.1,32.05
U01101,2025,QS_2025,,5.5,
U01101,2024,THE_2024,23.0,42.6,32.8
U01101,2023,WUR_2023,18.8,22.4,20.6
U01102,2025,QS_2025,,5.5,
U01102,2024,THE_2024,17.1,30.2,23.65
U01102,2023,WUR_2023,15.8,12.5,14.15
U01103,2025,QS_2025,,1.4,
U01104,2025,QS_2025,,1.5,
U01104,2024,THE_2024,11.0,28.5,19.75
U01104,2023,WUR_2023,10.5,20.3,15.4
U01105,2025,QS_2025,,3.6,
U01105,2024,THE_2024,14.2,40.6,27.4
U01106,2025,QS_2025,,2.6,
U01107,2025,QS_2025,,9.8,
U01108,2025,QS_2025,,5.6,
U01108,2024,THE_2024,24.0,24.4,24.2
U01108,2023,WUR_2023,22.8,12.4,17.6
U01109,2025,QS_2025,,11.4,
U01109,2024,THE_2024,16.2,39.2,27.700000000000003
U01110,2025,QS_2025,,2.3,
U01110,2024,THE_2024,10.4,33.5,21.95
U01110,2023,WUR_2023,9.4,29.8,19.6
U01111,2025,QS_2025,,7.3,
U01112,2025,QS_2025,,1.4,
U01112,2023,WUR_2023,8.4,3.0,5.7
U01113,2025,QS_2025,,1.8,
U01113,2024,THE_2024,9.1,17.1,13.100000000000001
U01113,2023,WUR_2023,8.7,13.3,11.0
U01114,2025,QS_2025,,1.5,
U01114,2024,THE_2024,9.3,7.7,8.5
U01114,2023,WUR_2023,8.6,5.7,7.15
U01115,2025,QS_2025,,9.7,
U01116,2025,QS_2025,,1.2,
U01117,2025,QS_2025,,9.3,
U01118,2025,QS_2025,,1.9,
U01119,2025,QS_2025,,1.2,
U01120,2025,QS_2025,,1.2,
U01121,2025,QS_2025,,6.5,
U01122,2025,QS_2025,,2.0,
U01123,2025,QS_2025,,6.2,
U01124,2025,QS_2025,,2.9,
U01125,2025,QS_2025,,3.1,
U01125,2024,THE_2024,,,
U01126,2025,QS_2025,,1.9,
U01126,2024,THE_2024,8.7,12.2,10.45
U01127,2025,QS_2025,,3.7,
U01128,2025,QS_2025,,1.6,
U01129,2025,QS_2025,,1.6,
U01130,2025,QS_2025,,1.1,
U01130,2024,THE_2024,,,
U01131,2025,QS_2025,,1.2,
U01132,2025,QS_2025,,1.3,
U01133,2025,QS_2025,,2.2,
U01133,2024,THE_2024,12.9,53.3,33.1
U01133,2023,WUR_2023,12.0,80.9,46.45
U01134,2025,QS_2025,,4.5,
U01135,2025,QS_2025,,2.6,
U01136,2025,QS_2025,,1.1,
U01137,2025,QS_2025,,1.1,
U01138,2025,QS_2025,,7.3,
U01139,2025,QS_2025,,4.1,
U01140,2025,QS_2025,,17.8,
U01141,2025,QS_2025,,5.2,
U01142,2025,QS_2025,,3.6,
U01143,2025,QS_2025,,29.3,
U01144,2025,QS_2025,,16.7,
U01145,2025,QS_2025,,21.7,
U01146,2025,QS_2025,,1.3,
U01147,2025,QS_2025,,1.5,
U01147,2024,THE_2024,19.3,33.9,26.6
U01147,2023,WUR_2023,17.3,23.6,20.450000000000003
U01148,2025,QS_2025,,13.0,
U01149,2025,QS_2025,,6.8,
U01150,2025,QS_2025,,6.3,
U01151,2025,QS_2025,,5.2,
U01151,2024,THE_2024,25.7,36.0,30.85
U01152,2025,QS_2025,,3.7,
U01153,2025,QS_2025,,1.7,
U01154,2025,QS_2025,,7.1,
U01155,2025,QS_2025,,1.9,
U01156,2025,QS_2025,,6.2,
U01156,2024,THE_2024,18.6,24.9,21.75
U01156,2023,WUR_2023,18.4,8.7,13.549999999999999
U01157,2025,QS_2025,,4.5,
U01158,2025,QS_2025,,2.5,
U01159,2025,QS_2025,,3.7,
U01159,2024,THE_2024,14.3,25.0,19.65
U01159,2023,WUR_2023,12.6,16.5,14.55
U01160,2025,QS_2025,,3.2,
U01160,2024,THE_2024,19.3,22.9,21.1
U01161,2025,QS_2025,,12.2,
U01161,2024,THE_2024,18.7,47.6,33.15
U01161,2023,WUR_2023,16.7,27.9,22.299999999999997
U01162,2025,QS_2025,,8.6,
U01163,2025,QS_2025,,11.9,
U01164,2025,QS_2025,,5.1,
U01164,2024,THE_2024,12.8,71.8,42.3
U01164,2023,WUR_2023,12.0,66.5,39.25
U01165,2025,QS_2025,,7.8,
U01165,2024,THE_2024,23.2,54.3,38.75
U01165,2023,WUR_2023,20.3,49.9,35.1
U01166,2025,QS_2025,,5.4,
U01167,2025,QS_2025,,3.5,
U01167,2024,THE_2024,14.4,59.3,36.85
U01167,2023,WUR_2023,15.7,83.7,49.7
U01168,2025,QS_2025,,32.6,
U01169,2025,QS_2025,,19.5,
U01169,2024,THE_2024,12.4,55.9,34.15
U01169,2023,WUR_2023,14.5,60.6,37.55
U01170,2025,QS_2025,,4.9,
U01170,2024,THE_2024,10.6,19.5,15.05
U01170,2023,WUR_2023,10.8,9.4,10.100000000000001
U01171,2025,QS_2025,,2.6,
U01172,2025,QS_2025,,2.6,
U01172,2024,THE_2024,14.4,65.5,39.95
U01172,2023,WUR_2023,14.0,97.7,55.85
U01173,2025,QS_2025,,7.7,
U01174,2025,QS_2025,,19.7,
U01175,2025,QS_2025,,16.9,
U01176,2025,QS_2025,,42.4,
U01176,2024,THE_2024,22.6,78.2,50.400000000000006
U01176,2023,WUR_2023,20.3,63.0,41.65
U01177,2025,QS_2025,,14.7,
U01178,2025,QS_2025,,16.9,
U01179,2025,QS_2025,,13.4,
U01179,2024,THE_2024,22.1,74.4,48.25
U01179,2023,WUR_2023,19.3,71.7,45.5
U01180,2025,QS_2025,,17.2,
U01181,2025,QS_2025,,3.6,
U01181,2024,THE_2024,11.7,29.1,20.4
U01181,2023,WUR_2023,11.1,15.7,13.399999999999999
U01182,2025,QS_2025,,16.2,
U01182,2024,THE_2024,20.5,57.4,38.95
U01182,2023,WUR_2023,18.0,56.0,37.0
U01183,2025,QS_2025,,1.9,
U01183,2024,THE_2024,10.8,18.6,14.700000000000001
U01184,2025,QS_2025,,8.8,
U01184,2024,THE_2024,26.1,41.0,33.55
U01184,2023,WUR_2023,21.1,26.1,23.6
U01185,2025,QS_2025,,3.0,
U01185,2024,THE_2024,10.4,69.0,39.7
U01185,2023,WUR_2023,8.6,87.9,48.25
U01186,2025,QS_2025,,22.8,
U01187,2025,QS_2025,,14.2,
U01188,2025,QS_2025,,8.8,
U01188,2024,THE_2024,18.7,56.4,37.55
U01188,2023,WUR_2023,17.6,49.4,33.5
U01189,2025,QS_2025,,25.2,
U01189,2024,THE_2024,27.7,70.2,48.95
U01189,2023,WUR_2023,26.5,48.0,37.25
U01190,2025,QS_2025,,18.2,
U01190,2024,THE_2024,16.7,54.5,35.6
U01191,2025,QS_2025,,11.5,
U01192,2025,QS_2025,,15.6,
U01193,2025,QS_2025,,3.7,
U01193,2024,THE_2024,13.5,35.3,24.4
U01193,2023,WUR_2023,12.2,20.6,16.4
U01194,2025,QS_2025,,8.3,
U01194,2024,THE_2024,14.7,64.7,39.7
U01195,2025,QS_2025,,21.1,
U01195,2024,THE_2024,20.3,62.1,41.2
U01195,2023,WUR_2023,14.4,57.2,35.800000000000004
U01196,2025,QS_2025,,6.6,
U01197,2025,QS_2025,,22.4,
U01198,2025,QS_2025,,4.7,
U01198,2024,THE_2024,19.7,27.8,23.75
U01199,2025,QS_2025,,6.8,
U01199,2024,THE_2024,11.8,41.6,26.700000000000003
U01199,2023,WUR_2023,11.5,28.6,20.05
U01200,2025,QS_2025,,18.5,
U01200,2024,THE_2024,,,
U01200,2023,WUR_2023,,,
U01201,2025,QS_2025,,5.6,
U01201,2024,THE_2024,15.1,70.8,42.949999999999996
U01202,2025,QS_2025,,6.6,
U01202,2024,THE_2024,22.5,19.1,20.8
U01202,2023,WUR_2023,20.4,11.5,15.95
U01203,2025,QS_2025,,2.7,
U01203,2024,THE_2024,13.6,59.2,36.4
U01203,2023,WUR_2023,11.7,69.8,40.75
U01204,2025,QS_2025,,3.0,
U01204,2024,THE_2024,12.1,31.6,21.85
U01204,2023,WUR_2023,11.7,13.3,12.5
U01205,2025,QS_2025,,2.6,
U01205,2024,THE_2024,11.8,41.2,26.5
U01205,2023,WUR_2023,11.3,32.9,22.1
U01206,2025,QS_2025,,1.8,
U01206,2024,THE_2024,8.9,10.4,9.65
U01206,2023,WUR_2023,8.5,9.7,9.1
U01207,2025,QS_2025,,4.4,
U01208,2025,QS_2025,,1.3,
U01209,2025,QS_2025,,14.6,
U01209,2024,THE_2024,12.6,58.5,35.55
U01209,2023,WUR_2023,11.9,42.3,27.099999999999998
U01210,2025,QS_2025,,1.5,
U01211,2025,QS_2025,,9.4,
U01212,2025,QS_2025,,1.2,
U01212,2024,THE_2024,,,
U01213,2025,QS_2025,,1.9,
U01213,2024,THE_2024,9.5,17.1,13.3
U01213,2023,WUR_2023,9.4,10.6,10.0
U01214,2025,QS_2025,,2.8,
U01215,2025,QS_2025,,2.3,
U01216,2025,QS_2025,,13.7,
U01217,2025,QS_2025,,6.5,
U01217,2024,THE_2024,15.3,46.8,31.049999999999997
U01218,2025,QS_2025,,3.9,
U01218,2024,THE_2024,18.2,28.2,23.2
U01218,2023,WUR_2023,16.1,10.5,13.3
U01219,2025,QS_2025,,1.2,
U01220,2025,QS_2025,,2.2,
U01220,2024,THE_2024,,,
U01220,2023,WUR_2023,,,
U01221,2025,QS_2025,,5.1,
U01222,2025,QS_2025,,4.0,
U01223,2025,QS_2025,,2.6,
U01223,2024,THE_2024,23.4,26.2,24.799999999999997
U01223,2023,WUR_2023,9.8,18.9,14.35
U01224,2025,QS_2025,,11.3,
U01225,2025,QS_2025,,2.8,
U01225,2024,THE_2024,,,
U01225,2023,WUR_2023,,,
U01226,2025,QS_2025,,1.2,
U01227,2025,QS_2025,,2.1,
U01228,2025,QS_2025,,1.8,
U01228,2024,THE_2024,10.9,11.1,11.0
U01228,2023,WUR_2023,10.1,5.4,7.75
U01229,2025,QS_2025,,5.3,
U01230,2025,QS_2025,,3.4,
U01230,2024,THE_2024,9.4,29.0,19.2
U01230,2023,WUR_2023,9.4,20.3,14.850000000000001
U01231,2025,QS_2025,,6.1,
U01231,2024,THE_2024,18.9,25.5,22.2
U01231,2023,WUR_2023,16.6,13.6,15.100000000000001
U01232,2025,QS_2025,,9.5,
U01233,2025,QS_2025,,7.0,
U01233,2024,THE_2024,29.2,26.3,27.75
U01233,2023,WUR_2023,26.5,19.4,22.95
U01234,2025,QS_2025,,2.3,
U01235,2025,QS_2025,,2.2,
U01235,2024,THE_2024,8.7,34.0,21.35
U01235,2023,WUR_2023,8.8,38.4,23.6
U01236,2025,QS_2025,,4.7,
U01236,2024,THE_2024,15.7,27.4,21.549999999999997
U01236,2023,WUR_2023,12.3,20.2,16.25
U01237,2025,QS_2025,,6.9,
U01237,2024,THE_2024,,,
U01237,2023,WUR_2023,,,
U01238,2025,QS_2025,,1.6,
U01238,2024,THE_2024,8.9,38.8,23.849999999999998
U01238,2023,WUR_2023,8.3,31.1,19.700000000000003
U01239,2025,QS_2025,,3.0,
U01240,2025,QS_2025,,1.6,
U01240,2024,THE_2024,8.7,16.4,12.549999999999999
U01240,2023,WUR_2023,8.1,14.5,11.3
U01241,2025,QS_2025,,1.4,
U01242,2025,QS_2025,,1.4,
U01242,2024,THE_2024,9.2,32.3,20.75
U01242,2023,WUR_2023,,,
U01243,2025,QS_2025,,1.7,
U01244,2025,QS_2025,,1.3,
U01244,2024,THE_2024,10.5,10.0,10.25
U01244,2023,WUR_2023,9.5,4.2,6.85
U01245,2025,QS_2025,,8.2,
U01245,2024,THE_2024,15.1,27.8,21.45
U01245,2023,WUR_2023,10.9,15.5,13.2
U01246,2025,QS_2025,,5.7,
U01246,2024,THE_2024,8.9,71.9,40.400000000000006
U01247,2025,QS_2025,,12.6,
U01248,2025,QS_2025,,7.0,
U01248,2024,THE_2024,19.2,35.0,27.1
U01249,2025,QS_2025,,1.0,
U01250,2025,QS_2025,,1.4,
U01250,2024,THE_2024,8.8,12.4,10.600000000000001
U01251,2025,QS_2025,,1.3,
U01252,2025,QS_2025,,1.5,
U01252,2024,THE_2024,9.4,28.0,18.7
U01252,2023,WUR_2023,9.4,55.9,32.65
U01253,2025,QS_2025,,5.3,
U01253,2024,THE_2024,9.5,46.9,28.2
U01253,2023,WUR_2023,,,
U01254,2025,QS_2025,,5.6,
U01254,2024,THE_2024,,,
U01254,2023,WUR_2023,9.2,45.7,27.450000000000003
U01255,2025,QS_2025,,4.9,
U01255,2024,THE_2024,11.8,51.9,31.85
U01255,2023,WUR_2023,11.0,59.8,35.4
U01256,2025,QS_2025,,3.1,
U01256,2024,THE_2024,22.9,19.2,21.049999999999997
U01256,2023,WUR_2023,20.5,6.9,13.7
U01257,2025,QS_2025,,3.3,
U01257,2024,THE_2024,12.7,50.9,31.799999999999997
U01257,2023,WUR_2023,10.3,31.5,20.9
U01258,2025,QS_2025,,2.9,
U01258,2024,THE_2024,14.3,20.1,17.200000000000003
U01258,2023,WUR_2023,11.2,15.6,13.399999999999999
U01259,2025,QS_2025,,2.0,
U01259,2024,THE_2024,20.7,50.8,35.75
U01259,2023,WUR_2023,14.2,39.5,26.85
U01260,2025,QS_2025,,11.7,
U01260,2024,THE_2024,17.1,15.2,16.15
U01260,2023,WUR_2023,16.0,5.0,10.5
U01261,2025,QS_2025,,1.0,
U01262,2025,QS_2025,,9.1,
U01262,2024,THE_2024,18.2,54.0,36.1
U01262,2023,WUR_2023,16.6,37.9,27.25
U01263,2025,QS_2025,,1.6,
U01263,2024,THE_2024,12.1,13.5,12.8
U01263,2023,WUR_2023,11.4,6.6,9.0
U01264,2025,QS_2025,,2.8,
U01264,2024,THE_2024,14.1,14.3,14.2
U01265,2025,QS_2025,,7.8,
U01266,2025,QS_2025,,1.3,
U01267,2025,QS_2025,,14.5,
U01267,2024,THE_2024,20.3,23.0,21.65
U01267,2023,WUR_2023,19.6,7.5,13.55
U01268,2025,QS_2025,,5.4,
U01268,2024,THE_2024,23.8,26.3,25.05
U01269,2025,QS_2025,,1.9,
U01270,2025,QS_2025,,2.8,
U01270,2024,THE_2024,15.1,22.4,18.75
U01270,2023,WUR_2023,13.7,14.2,13.95
U01271,2025,QS_2025,,10.8,
U01271,2024,THE_2024,25.0,30.2,27.6
U01271,2023,WUR_2023,25.6,24.1,24.85
U01272,2025,QS_2025,,1.7,
U01272,2024,THE_2024,12.4,12.8,12.600000000000001
U01273,2025,QS_2025,,7.8,
U01273,2024,THE_2024,16.4,55.7,36.05
U01273,2023,WUR_2023,14.6,45.5,30.05
U01274,2025,QS_2025,,1.3,
U01274,2024,THE_2024,,,
U01275,2025,QS_2025,,21.0,
U01275,2024,THE_2024,16.3,31.1,23.700000000000003
U01275,2023,WUR_2023,13.9,16.8,15.350000000000001
U01276,2025,QS_2025,,1.5,
U01277,2025,QS_2025,,16.5,
U01277,2024,THE_2024,18.4,38.3,28.349999999999998
U01277,2023,WUR_2023,21.3,23.5,22.4
U01278,2025,QS_2025,,1.2,
U01279,2025,QS_2025,,9.4,
U01280,2025,QS_2025,,9.2,
U01280,2024,THE_2024,23.2,55.7,39.45
U01280,2023,WUR_2023,21.5,40.6,31.05
U01281,2025,QS_2025,,7.0,
U01281,2024,THE_2024,13.9,28.5,21.2
U01282,2025,QS_2025,,3.0,
U01283,2025,QS_2025,,2.1,
U01283,2024,THE_2024,9.3,34.0,21.65
U01283,2023,WUR_2023,8.7,41.0,24.85
U01284,2025,QS_2025,,6.8,
U01284,2024,THE_2024,15.5,19.4,17.45
U01284,2023,WUR_2023,13.5,13.3,13.4
U01285,2025,QS_2025,,1.2,
U01286,2025,QS_2025,,4.0,
U01287,2025,QS_2025,,4.3,
U01287,2024,THE_2024,9.9,35.1,22.5
U01288,2025,QS_2025,,2.1,
U01289,2025,QS_2025,,10.3,
U01289,2024,THE_2024,20.1,32.7,26.400000000000002
U01289,2023,WUR_2023,17.7,17.0,17.35
U01290,2025,QS_2025,,5.3,
U01290,2024,THE_2024,8.4,43.4,25.9
U01291,2025,QS_2025,,1.8,
U01292,2025,QS_2025,,3.5,
U01293,2025,QS_2025,,5.3,
U01293,2024,THE_2024,16.7,47.7,32.2
U01294,2025,QS_2025,,3.4,
U01295,2025,QS_2025,,2.3,
U01295,2024,THE_2024,8.8,57.6,33.2
U01295,2023,WUR_2023,8.2,64.4,36.300000000000004
U01296,2025,QS_2025,,2.4,
U01296,2024,THE_2024,9.8,29.9,19.85
U01296,2023,WUR_2023,9.1,23.2,16.15
U01297,2025,QS_2025,,1.3,
U01298,2025,QS_2025,,9.6,
U01298,2024,THE_2024,20.9,27.7,24.299999999999997
U01298,2023,WUR_2023,15.9,18.1,17.0
U01299,2025,QS_2025,,5.0,
U01299,2024,THE_2024,12.7,34.1,23.4
U01299,2023,WUR_2023,12.7,23.7,18.2
U01300,2025,QS_2025,,2.2,
U01300,2024,THE_2024,9.1,62.6,35.85
U01300,2023,WUR_2023,8.4,62.8,35.6
U01301,2025,QS_2025,,3.9,
U01301,2024,THE_2024,13.2,39.3,26.25
U01301,2023,WUR_2023,12.0,19.5,15.75
U01302,2025,QS_2025,,4.6,
U01302,2024,THE_2024,18.9,18.2,18.549999999999997
U01302,2023,WUR_2023,15.4,7.7,11.55
U01303,2025,QS_2025,,3.7,
U01304,2025,QS_2025,,4.6,
U01305,2025,QS_2025,,6.0,
U01306,2025,QS_2025,,1.2,
U01306,2024,THE_2024,11.5,9.8,10.65
U01307,2025,QS_2025,,3.1,
U01308,2025,QS_2025,,1.9,
U01309,2025,QS_2025,,2.8,
U01309,2024,THE_2024,12.0,36.5,24.25
U01309,2023,WUR_2023,11.0,26.2,18.6
U01310,2025,QS_2025,,5.5,
U01310,2024,THE_2024,21.0,31.8,26.4
U01310,2023,WUR_2023,19.4,16.8,18.1
U01311,2025,QS_2025,,1.2,
U01311,2024,THE_2024,,,
U01312,2025,QS_2025,,3.7,
U01312,2024,THE_2024,11.5,49.8,30.65
U01312,2023,WUR_2023,10.4,34.3,22.349999999999998
U01313,2025,QS_2025,,5.4,
U01313,2024,THE_2024,14.4,37.8,26.099999999999998
U01313,2023,WUR_2023,12.4,24.7,18.55
U01314,2025,QS_2025,,1.1,
U01315,2025,QS_2025,,1.4,
U01315,2024,THE_2024,9.6,11.1,10.35
U01315,2023,WUR_2023,9.0,10.7,9.85
U01316,2025,QS_2025,,5.9,
U01317,2025,QS_2025,,1.2,
U01318,2025,QS_2025,,1.7,
U01319,2025,QS_2025,,1.5,
U01320,2025,QS_2025,,1.1,
U01321,2025,QS_2025,,1.1,
U01322,2025,QS_2025,,1.2,
U01323,2025,QS_2025,,1.0,
U01324,2025,QS_2025,,9.8,
U01325,2025,QS_2025,,2.9,
U01326,2025,QS_2025,,4.0,
U01327,2025,QS_2025,,2.3,
U01328,2025,QS_2025,,1.0,
U01329,2025,QS_2025,,2.1,
U01330,2025,QS_2025,,2.1,
U01331,2025,QS_2025,,1.1,
U01332,2025,QS_2025,,1.0,
U01333,2025,QS_2025,,1.6,
U01334,2025,QS_2025,,1.1,
U01335,2025,QS_2025,,1.6,
U01336,2025,QS_2025,,1.0,
U01337,2025,QS_2025,,1.5,
U01338,2025,QS_2025,,3.5,
U01339,2025,QS_2025,,1.4,
U01340,2025,QS_2025,,2.2,
U01341,2025,QS_2025,,2.5,
U01341,2024,THE_2024,9.4,16.9,13.149999999999999
U01341,2023,WUR_2023,8.9,14.6,11.75
U01342,2025,QS_2025,,1.7,
U01343,2025,QS_2025,,1.5,
U01344,2025,QS_2025,,1.1,
U01344,2024,THE_2024,8.7,10.1,9.399999999999999
U01345,2025,QS_2025,,2.5,
U01345,2024,THE_2024,13.5,24.6,19.05
U01345,2023,WUR_2023,12.4,17.4,14.899999999999999
U01346,2025,QS_2025,,3.1,
U01346,2024,THE_2024,12.3,30.5,21.4
U01346,2023,WUR_2023,11.1,25.6,18.35
U01347,2025,QS_2025,,2.8,
U01347,2024,THE_2024,12.1,27.5,19.8
U01347,2023,WUR_2023,10.8,18.6,14.700000000000001
U01348,2025,QS_2025,,4.7,
U01349,2025,QS_2025,,5.2,
U01350,2025,QS_2025,,7.8,
U01351,2025,QS_2025,,5.3,
U01351,2024,THE_2024,16.6,24.6,20.6
U01351,2023,WUR_2023,13.6,15.5,14.55
U01352,2025,QS_2025,,3.4,
U01353,2025,QS_2025,,2.1,
U01354,2025,QS_2025,,6.5,
U01355,2025,QS_2025,,1.8,
U01356,2025,QS_2025,,1.4,
U01356,2024,THE_2024,,,
U01357,2025,QS_2025,,1.4,
U01357,2024,THE_2024,12.1,33.0,22.55
U01357,2023,WUR_2023,10.7,26.0,18.35
U01358,2025,QS_2025,,1.3,
U01358,2024,THE_2024,10.5,26.6,18.55
U01358,2023,WUR_2023,9.9,25.1,17.5
U01359,2025,QS_2025,,2.8,
U01360,2025,QS_2025,,5.5,
U01361,2025,QS_2025,,2.3,
U01361,2024,THE_2024,13.6,13.6,13.6
U01361,2023,WUR_2023,12.3,5.4,8.850000000000001
U01362,2025,QS_2025,,2.2,
U01362,2024,THE_2024,9.0,24.3,16.65
U01362,2023,WUR_2023,9.0,24.1,16.55
U01363,2025,QS_2025,,6.7,
U01363,2024,THE_2024,12.5,46.0,29.25
U01363,2023,WUR_2023,13.6,40.7,27.150000000000002
U01364,2025,QS_2025,,5.8,
U01364,2024,THE_2024,11.4,32.6,22.0
U01364,2023,WUR_2023,11.4,22.0,16.7
U01365,2025,QS_2025,,2.0,
U01365,2024,THE_2024,8.2,47.3,27.75
U01365,2023,WUR_2023,7.8,85.0,46.4
U01366,2025,QS_2025,,1.4,
U01366,2024,THE_2024,7.8,14.6,11.2
U01366,2023,WUR_2023,7.8,14.5,11.15
U01367,2025,QS_2025,,2.6,
U01368,2025,QS_2025,,3.0,
U01368,2023,WUR_2023,15.6,84.0,49.8
U01369,2025,QS_2025,,3.7,
U01369,2024,THE_2024,10.7,60.0,35.35
U01369,2023,WUR_2023,8.3,96.0,52.15
U01370,2025,QS_2025,,1.4,
U01370,2024,THE_2024,8.7,18.0,13.35
U01370,2023,WUR_2023,8.3,18.3,13.3
U01371,2025,QS_2025,,8.0,
U01371,2024,THE_2024,19.0,55.0,37.0
U01371,2023,WUR_2023,17.7,42.2,29.950000000000003
U01372,2025,QS_2025,,2.4,
U01372,2024,THE_2024,13.4,16.1,14.75
U01372,2023,WUR_2023,10.6,6.9,8.75
U01373,2025,QS_2025,,10.5,
U01374,2025,QS_2025,,2.4,
U01375,2025,QS_2025,,10.1,
U01375,2023,WUR_2023,19.0,48.3,33.65
U01376,2025,QS_2025,,3.6,
U01376,2024,THE_2024,16.3,23.2,19.75
U01376,2023,WUR_2023,15.1,16.2,15.649999999999999
U01377,2025,QS_2025,,8.5,
U01377,2024,THE_2024,15.6,21.5,18.55
U01377,2023,WUR_2023,14.6,17.5,16.05
U01378,2025,QS_2025,,3.1,
U01378,2024,THE_2024,17.7,17.7,17.7
U01378,2023,WUR_2023,16.7,5.7,11.2
U01379,2025,QS_2025,,2.0,
U01379,2024,THE_2024,9.2,58.6,33.9
U01379,2023,WUR_2023,8.9,99.2,54.050000000000004
U01380,2025,QS_2025,,4.1,
U01380,2024,THE_2024,14.9,26.5,20.7
U01380,2023,WUR_2023,14.2,16.3,15.25
U01381,2025,QS_2025,,4.3,
U01381,2024,THE_2024,16.7,29.9,23.299999999999997
U01381,2023,WUR_2023,15.9,14.9,15.4
U01382,2025,QS_2025,,2.7,
U01383,2025,QS_2025,,2.7,
U01384,2025,QS_2025,,3.6,
U01385,2025,QS_2025,,3.1,
U01385,2024,THE_2024,13.5,23.4,18.45
U01385,2023,WUR_2023,12.3,10.1,11.2
U01386,2025,QS_2025,,6.1,
U01387,2025,QS_2025,,4.2,
U01387,2024,THE_2024,13.9,49.1,31.5
U01387,2023,WUR_2023,13.4,49.7,31.55
U01388,2025,QS_2025,,3.3,
U01388,2024,THE_2024,9.0,35.7,22.35
U01388,2023,WUR_2023,,,
U01389,2025,QS_2025,,3.0,
U01390,2025,QS_2025,,1.6,
U01391,2025,QS_2025,,3.8,
U01391,2024,THE_2024,18.0,35.2,26.6
U01391,2023,WUR_2023,16.0,30.7,23.35
U01392,2025,QS_2025,,9.8,
U01393,2025,QS_2025,,6.9,
U01394,2025,QS_2025,,1.1,
U01395,2025,QS_2025,,1.3,
U01395,2024,THE_2024,10.7,7.7,9.2
U01396,2025,QS_2025,,5.8,
U01396,2024,THE_2024,17.1,39.2,28.150000000000002
U01396,2023,WUR_2023,15.2,24.7,19.95
U01397,2025,QS_2025,,4.2,
U01397,2024,THE_2024,13.4,21.4,17.4
U01397,2023,WUR_2023,12.3,13.9,13.100000000000001
U01398,2025,QS_2025,,1.4,
U01398,2024,THE_2024,10.5,28.8,19.65
U01398,2023,WUR_2023,,,
U01399,2025,QS_2025,,1.3,
U01400,2025,QS_2025,,9.0,
U01400,2024,THE_2024,24.1,32.1,28.1
U01400,2023,WUR_2023,21.7,16.7,19.2
U01401,2025,QS_2025,,2.6,
U01401,2024,THE_2024,9.2,71.4,40.300000000000004
U01401,2023,WUR_2023,8.3,69.5,38.9
U01402,2025,QS_2025,,1.4,
U01402,2024,THE_2024,9.0,54.9,31.95
U01403,2025,QS_2025,,3.0,
U01404,2025,QS_2025,,3.0,
U01405,2025,QS_2025,,2.9,
U01406,2025,QS_2025,,2.9,
U01407,2025,QS_2025,,1.1,
U01408,2025,QS_2025,,2.4,
U01409,2025,QS_2025,,1.7,
U01410,2025,QS_2025,,3.7,
U01410,2024,THE_2024,,,
U01411,2025,QS_2025,,4.1,
U01412,2025,QS_2025,,10.7,
U01413,2025,QS_2025,,3.0,
U01414,2025,QS_2025,,2.3,
U01414,2024,THE_2024,,,
U01414,2023,WUR_2023,,,
U01415,2025,QS_2025,,1.3,
U01415,2024,THE_2024,11.5,9.1,10.3
U01416,2025,QS_2025,,1.0,
U01417,2025,QS_2025,,2.4,
U01417,2024,THE_2024,9.5,15.4,12.45
U01417,2023,WUR_2023,9.2,17.3,13.25
U01418,2025,QS_2025,,1.9,
U01418,2024,THE_2024,14.0,29.7,21.85
U01418,2023,WUR_2023,13.2,19.5,16.35
U01419,2025,QS_2025,,1.0,
U01420,2025,QS_2025,,1.4,
U01420,2024,THE_2024,11.7,8.6,10.149999999999999
U01421,2025,QS_2025,,1.1,
U01422,2025,QS_2025,,1.9,
U01422,2024,THE_2024,10.5,14.8,12.65
U01422,2023,WUR_2023,9.2,13.3,11.25
U01423,2025,QS_2025,,1.4,
U01423,2024,THE_2024,8.9,30.1,19.5
U01424,2025,QS_2025,,1.5,
U01425,2025,QS_2025,,2.8,
U01425,2024,THE_2024,12.2,50.1,31.15
U01425,2023,WUR_2023,10.6,87.5,49.05
U01426,2025,QS_2025,,1.5,
U01427,2025,QS_2025,,2.0,
U01428,2025,QS_2025,,3.9,
U01428,2024,THE_2024,12.8,34.3,23.549999999999997
U01428,2023,WUR_2023,13.5,34.2,23.85
U01429,2025,QS_2025,,1.3,
U01429,2024,THE_2024,,,
U01430,2025,QS_2025,,1.2,
U01430,2024,THE_2024,13.4,16.8,15.100000000000001
U01431,2025,QS_2025,,3.3,
U01431,2024,THE_2024,10.6,45.4,28.0
U01431,2023,WUR_2023,11.3,46.2,28.75
U01432,2025,QS_2025,,4.3,
U01433,2025,QS_2025,,5.1,
U01433,2024,THE_2024,20.1,22.3,21.200000000000003
U01433,2023,WUR_2023,17.4,11.8,14.6
U01434,2025,QS_2025,,2.8,
U01434,2024,THE_2024,13.6,20.7,17.15
U01434,2023,WUR_2023,10.9,16.7,13.8
U01435,2025,QS_2025,,1.8,
U01436,2025,QS_2025,,4.5,
U01436,2024,THE_2024,15.0,25.1,20.05
U01436,2023,WUR_2023,12.5,13.4,12.95
U01437,2025,QS_2025,,1.4,
U01438,2025,QS_2025,,1.7,
U01438,2024,THE_2024,11.1,30.0,20.55
U01438,2023,WUR_2023,10.5,35.8,23.15
U01439,2025,QS_2025,,4.2,
U01440,2025,QS_2025,,7.2,
U01441,2025,QS_2025,,1.4,
U01442,2025,QS_2025,,2.5,
U01442,2024,THE_2024,,,
U01442,2023,WUR_2023,,,
U01443,2025,QS_2025,,2.8,
U01444,2025,QS_2025,,1.2,
U01445,2025,QS_2025,,1.5,
U01446,2025,QS_2025,,3.1,
U01446,2024,THE_2024,12.2,54.5,33.35
U01446,2023,WUR_2023,10.2,72.4,41.300000000000004
U01447,2025,QS_2025,,2.1,
U01447,2024,THE_2024,10.5,19.1,14.8
U01447,2023,WUR_2023,9.9,14.7,12.3
U01448,2025,QS_2025,,2.4,
U01449,2025,QS_2025,,2.4,
U01450,2025,QS_2025,,1.6,
U01450,2024,THE_2024,9.1,9.1,9.1
U01450,2023,WUR_2023,7.9,6.6,7.25
U01451,2025,QS_2025,,2.0,
U01452,2025,QS_2025,,1.1,
U01453,2025,QS_2025,,1.6,
U01453,2024,THE_2024,,,
U01453,2023,WUR_2023,,,
U01454,2025,QS_2025,,2.8,
U01455,2025,QS_2025,,1.5,
U01456,2025,QS_2025,,4.8,
U01457,2025,QS_2025,,1.7,
U01458,2025,QS_2025,,1.5,
U01459,2025,QS_2025,,1.0,
U01459,2024,THE_2024,,,
U01460,2025,QS_2025,,3.2,
U01460,2024,THE_2024,9.1,56.8,32.949999999999996
U01461,2025,QS_2025,,1.4,
U01462,2025,QS_2025,,2.0,
U01463,2025,QS_2025,,2.8,
U01464,2025,QS_2025,,1.3,
U01465,2025,QS_2025,,5.6,
U01466,2025,QS_2025,,1.3,
U01466,2024,THE_2024,8.6,11.6,10.1
U01466,2023,WUR_2023,9.4,11.8,10.600000000000001
U01467,2025,QS_2025,,2.2,
U01468,2025,QS_2025,,1.3,
U01469,2025,QS_2025,,1.8,
U01470,2025,QS_2025,,1.7,
U01471,2025,QS_2025,,1.1,
U01472,2025,QS_2025,,2.0,
U01472,2023,WUR_2023,8.5,7.8,8.15
U01473,2025,QS_2025,,1.7,
U01474,2025,QS_2025,,1.6,
U01475,2025,QS_2025,,1.3,
U01476,2025,QS_2025,,1.5,
U01476,2024,THE_2024,9.5,13.6,11.55
U01476,2023,WUR_2023,8.8,14.5,11.65
U01477,2025,QS_2025,,1.2,
U01477,2024,THE_2024,,,
U01477,2023,WUR_2023,,,
U01478,2025,QS_2025,,1.5,
U01478,2024,THE_2024,,,
U01478,2023,WUR_2023,,,
U01479,2025,QS_2025,,1.6,
U01480,2025,QS_2025,,2.7,
U01480,2024,THE_2024,,,
U01481,2025,QS_2025,,1.1,
U01482,2025,QS_2025,,1.9,
U01483,2025,QS_2025,,1.4,
U01484,2025,QS_2025,,1.7,
U01484,2024,THE_2024,11.0,15.7,13.35
U01484,2023,WUR_2023,11.1,16.3,13.7
U01485,2025,QS_2025,,3.3,
U01486,2025,QS_2025,,3.1,
U01487,2025,QS_2025,,4.2,
U01488,2025,QS_2025,,3.5,
U01489,2025,QS_2025,,2.1,
U01490,2025,QS_2025,,2.6,
U01491,2025,QS_2025,,1.3,
U01491,2024,THE_2024,12.7,16.5,14.6
U01491,2023,WUR_2023,9.1,10.7,9.899999999999999
U01492,2025,QS_2025,,1.6,
U01493,2025,QS_2025,,1.1,
U01494,2025,QS_2025,,1.9,
U01495,2025,QS_2025,,1.5,
U01496,2025,QS_2025,,2.1,
U01496,2024,THE_2024,11.5,25.2,18.35
U01496,2023,WUR_2023,10.8,11.9,11.350000000000001
U01497,2025,QS_2025,,1.3,
U01497,2024,THE_2024,8.1,26.3,17.2
U01497,2023,WUR_2023,,,
U01498,2025,QS_2025,,1.1,
U01498,2024,THE_2024,,,
U01499,2025,QS_2025,,6.1,
U01500,2025,QS_2025,,1.9,
U01500,2024,THE_2024,14.6,35.0,24.8
U01500,2023,WUR_2023,8.9,16.3,12.600000000000001
U01501,2025,QS_2025,,1.8,
U01502,2025,QS_2025,,3.9,
U01503,2025,QS_2025,,3.5,
U01504,2024,THE_2024,96.8,95.6,96.19999999999999
U01505,2024,THE_2024,91.2,97.6,94.4
U01506,2024,THE_2024,77.5,96.9,87.2
U01507,2024,THE_2024,73.2,90.3,81.75
U01508,2024,THE_2024,72.3,96.4,84.35
U01509,2024,THE_2024,76.4,90.1,83.25
U01510,2024,THE_2024,76.8,92.2,84.5
U01511,2024,THE_2024,72.8,83.2,78.0
U01512,2024,THE_2024,64.3,94.6,79.44999999999999
U01513,2024,THE_2024,67.9,95.3,81.6
U01514,2024,THE_2024,67.1,93.1,80.1
U01515,2024,THE_2024,61.5,97.6,79.55
U01516,2024,THE_2024,68.0,86.6,77.3
U01517,2024,THE_2024,65.8,77.4,71.6
U01518,2024,THE_2024,57.4,91.1,74.25
U01519,2024,THE_2024,58.5,87.2,72.85
U01520,2024,THE_2024,65.3,71.8,68.55
U01521,2024,THE_2024,54.1,94.5,74.3
U01522,2024,THE_2024,63.7,82.8,73.25
U01523,2024,THE_2024,57.7,89.7,73.7
U01524,2024,THE_2024,49.1,97.7,73.4
U01525,2024,THE_2024,56.5,89.0,72.75
U01526,2024,THE_2024,52.7,88.4,70.55000000000001
U01527,2024,THE_2024,59.7,82.5,71.1
U01528,2024,THE_2024,49.5,92.3,70.9
U01529,2024,THE_2024,52.1,89.0,70.55
U01530,2024,THE_2024,50.6,92.8,71.7
U01531,2024,THE_2024,54.1,81.7,67.9
U01532,2024,THE_2024,58.7,83.7,71.2
U01533,2024,THE_2024,46.9,87.3,67.1
U01534,2024,THE_2024,51.3,86.2,68.75
U01535,2024,THE_2024,48.4,87.6,68.0
U01536,2024,THE_2024,53.3,84.8,69.05
U01537,2024,THE_2024,55.6,78.1,66.85
U01538,2024,THE_2024,56.8,72.5,64.65
U01539,2024,THE_2024,51.0,91.3,71.15
U01540,2024,THE_2024,46.1,92.4,69.25
U01541,2024,THE_2024,45.7,88.3,67.0
U01542,2024,THE_2024,47.3,91.4,69.35
U01543,2024,THE_2024,51.3,85.7,68.5
U01544,2024,THE_2024,44.6,86.5,65.55
U01545,2024,THE_2024,51.1,79.3,65.2
U01546,2024,THE_2024,42.6,82.9,62.75
U01547,2024,THE_2024,43.4,90.8,67.1
U01548,2024,THE_2024,42.5,95.7,69.1
U01549,2024,THE_2024,45.4,90.2,67.8
U01550,2024,THE_2024,48.1,79.7,63.900000000000006
U01551,2024,THE_2024,38.1,90.3,64.2
U01552,2024,THE_2024,47.3,83.7,65.5
U01553,2024,THE_2024,38.4,84.9,61.650000000000006
U01554,2024,THE_2024,41.4,84.8,63.099999999999994
U01555,2024,THE_2024,42.0,81.8,61.9
U01556,2024,THE_2024,38.2,82.4,60.300000000000004
U01557,2024,THE_2024,33.5,91.6,62.55
U01558,2024,THE_2024,28.7,93.5,61.1
U01559,2024,THE_2024,38.8,85.5,62.15
U01560,2024,THE_2024,33.6,93.3,63.45
U01561,2024,THE_2024,38.5,84.1,61.3
U01562,2024,THE_2024,38.3,90.5,64.4
U01563,2024,THE_2024,44.7,80.4,62.550000000000004
U01564,2024,THE_2024,37.2,78.4,57.800000000000004
U01565,2024,THE_2024,39.0,80.1,59.55
U01566,2024,THE_2024,60.7,57.3,59.0
U01567,2024,THE_2024,34.5,82.3,58.4
U01568,2024,THE_2024,27.9,98.0,62.95
U01569,2024,THE_2024,32.6,82.3,57.45
U01570,2024,THE_2024,35.9,78.4,57.150000000000006
U01571,2024,THE_2024,44.4,71.5,57.95
U01572,2024,THE_2024,34.2,78.9,56.550000000000004
U01573,2024,THE_2024,35.4,72.6,54.0
U01574,2024,THE_2024,29.3,89.6,59.449999999999996
U01575,2024,THE_2024,38.0,72.3,55.15
U01576,2024,THE_2024,36.6,81.7,59.150000000000006
U01577,2024,THE_2024,46.7,72.2,59.45
U01578,2024,THE_2024,27.8,76.9,52.35
U01579,2024,THE_2024,29.7,81.4,55.550000000000004
U01580,2024,THE_2024,49.5,63.1,56.3
U01581,2024,THE_2024,26.4,84.0,55.2
U01582,2024,THE_2024,44.1,57.6,50.85
U01583,2024,THE_2024,39.0,68.8,53.9
U01584,2024,THE_2024,34.1,76.1,55.099999999999994
U01585,2024,THE_2024,30.0,89.4,59.7
U01586,2024,THE_2024,32.8,92.4,62.6
U01587,2024,THE_2024,32.3,92.1,62.199999999999996
U01588,2024,THE_2024,36.3,68.9,52.6
U01589,2024,THE_2024,33.1,70.3,51.7
U01590,2024,THE_2024,33.3,81.6,57.449999999999996
U01591,2024,THE_2024,38.7,72.7,55.7
U01592,2024,THE_2024,35.6,74.7,55.150000000000006
U01593,2024,THE_2024,21.3,91.7,56.5
U01594,2024,THE_2024,32.3,82.7,57.5
U01595,2024,THE_2024,25.8,93.5,59.65
U01596,2024,THE_2024,34.9,78.8,56.849999999999994
U01597,2024,THE_2024,31.6,84.5,58.05
U01598,2024,THE_2024,42.9,72.4,57.650000000000006
U01599,2024,THE_2024,29.9,76.3,53.099999999999994
U01600,2024,THE_2024,45.5,54.0,49.75
U01601,2024,THE_2024,23.7,93.7,58.7
U01602,2024,THE_2024,40.5,68.2,54.35
U01603,2024,THE_2024,37.9,69.5,53.7
U01604,2024,THE_2024,21.0,81.4,51.2
U01605,2024,THE_2024,36.7,74.8,55.75
U01606,2024,THE_2024,28.3,84.9,56.6
U01607,2024,THE_2024,28.9,76.0,52.45
U01608,2024,THE_2024,23.9,86.8,55.349999999999994
U01609,2024,THE_2024,29.0,76.9,52.95
U01610,2024,THE_2024,22.7,81.2,51.95
U01611,2024,THE_2024,33.4,50.6,42.0
U01612,2024,THE_2024,31.7,74.4,53.050000000000004
U01613,2024,THE_2024,35.9,48.9,42.4
U01614,2024,THE_2024,30.3,55.7,43.0
U01615,2024,THE_2024,30.2,65.7,47.95
U01616,2024,THE_2024,33.2,63.2,48.2
U01617,2024,THE_2024,29.9,73.8,51.849999999999994
U01618,2024,THE_2024,23.4,65.8,44.599999999999994
U01619,2024,THE_2024,36.5,43.6,40.05
U01620,2024,THE_2024,32.6,60.2,46.400000000000006
U01621,2024,THE_2024,31.4,68.8,50.099999999999994
U01622,2024,THE_2024,26.0,66.0,46.0
U01623,2024,THE_2024,31.1,71.5,51.3
U01624,2024,THE_2024,26.4,67.2,46.8
U01625,2024,THE_2024,36.5,66.5,51.5
U01626,2024,THE_2024,30.2,73.5,51.85
U01627,2024,THE_2024,20.7,75.6,48.15
U01628,2024,THE_2024,16.3,80.9,48.6
U01629,2024,THE_2024,24.6,75.1,49.849999999999994
U01630,2024,THE_2024,33.5,80.2,56.85
U01631,2024,THE_2024,27.7,90.3,59.0
U01632,2024,THE_2024,31.6,59.3,45.45
U01633,2024,THE_2024,16.3,84.8,50.55
U01634,2024,THE_2024,22.8,73.2,48.0
U01635,2024,THE_2024,21.5,94.4,57.95
U01636,2024,THE_2024,22.0,74.4,48.2
U01637,2024,THE_2024,30.9,62.4,46.65
U01638,2024,THE_2024,37.5,56.6,47.05
U01639,2024,THE_2024,22.0,65.6,43.8
U01640,2024,THE_2024,28.6,48.1,38.35
U01641,2024,THE_2024,24.9,74.3,49.599999999999994
U01642,2024,THE_2024,21.8,66.9,44.35
U01643,2024,THE_2024,24.5,53.0,38.75
U01644,2024,THE_2024,22.9,85.3,54.099999999999994
U01645,2024,THE_2024,38.1,62.3,50.2
U01646,2024,THE_2024,25.2,67.2,46.2
U01647,2024,THE_2024,27.3,74.6,50.949999999999996
U01648,2024,THE_2024,29.5,65.9,47.7
U01649,2024,THE_2024,16.4,77.8,47.099999999999994
U01650,2024,THE_2024,21.0,76.1,48.55
U01651,2024,THE_2024,22.7,75.8,49.25
U01652,2024,THE_2024,33.7,61.5,47.6
U01653,2024,THE_2024,27.6,76.9,52.25
U01654,2024,THE_2024,24.3,68.1,46.199999999999996
U01655,2024,THE_2024,14.2,78.0,46.1
U01656,2024,THE_2024,22.8,77.7,50.25
U01657,2024,THE_2024,24.3,79.8,52.05
U01658,2024,THE_2024,15.1,73.1,44.099999999999994
U01659,2024,THE_2024,17.8,84.1,50.949999999999996
U01660,2024,THE_2024,22.5,79.2,50.85
U01661,2024,THE_2024,24.0,61.5,42.75
U01662,2024,THE_2024,17.2,71.9,44.550000000000004
U01663,2024,THE_2024,22.1,68.8,45.45
U01664,2024,THE_2024,25.6,75.7,50.650000000000006
U01665,2024,THE_2024,29.8,67.3,48.55
U01666,2024,THE_2024,24.6,64.9,44.75
U01667,2024,THE_2024,12.6,80.4,46.5
U01668,2024,THE_2024,12.5,81.5,47.0
U01669,2024,THE_2024,13.8,58.6,36.2
U01670,2024,THE_2024,12.8,64.8,38.8
U01671,2024,THE_2024,23.5,71.3,47.4
U01672,2024,THE_2024,30.5,62.6,46.55
U01673,2024,THE_2024,12.0,70.5,41.25
U01674,2024,THE_2024,21.8,78.3,50.05
U01675,2024,THE_2024,22.2,65.4,43.800000000000004
U01676,2024,THE_2024,32.6,48.0,40.3
U01677,2024,THE_2024,26.6,57.4,42.0
U01678,2024,THE_2024,9.6,79.0,44.3
U01679,2024,THE_2024,15.4,83.4,49.400000000000006
U01680,2024,THE_2024,23.8,71.0,47.4
U01681,2024,THE_2024,20.9,65.8,43.349999999999994
U01682,2024,THE_2024,16.1,82.0,49.05
U01683,2024,THE_2024,20.0,45.6,32.8
U01684,2024,THE_2024,19.9,62.6,41.25
U01685,2024,THE_2024,19.1,63.3,41.2
U01686,2024,THE_2024,25.7,32.6,29.15
U01687,2024,THE_2024,31.4,34.5,32.95
U01688,2024,THE_2024,37.0,31.3,34.15
U01689,2024,THE_2024,27.6,62.4,45.0
U01690,2024,THE_2024,12.8,82.6,47.699999999999996
U01691,2024,THE_2024,33.1,38.1,35.6
U01692,2024,THE_2024,36.0,36.7,36.35
U01693,2024,THE_2024,17.2,71.3,44.25
U01694,2024,THE_2024,24.7,65.5,45.1
U01695,2024,THE_2024,18.3,71.7,45.0
U01696,2024,THE_2024,15.0,83.4,49.2
U01697,2024,THE_2024,19.3,79.6,49.449999999999996
U01698,2024,THE_2024,27.4,72.9,50.150000000000006
U01699,2024,THE_2024,19.6,72.4,46.0
U01700,2024,THE_2024,24.1,59.7,41.900000000000006
U01701,2024,THE_2024,24.1,70.6,47.349999999999994
U01702,2024,THE_2024,22.7,80.4,51.550000000000004
U01703,2024,THE_2024,21.4,71.7,46.55
U01704,2024,THE_2024,16.4,54.5,35.45
U01705,2024,THE_2024,35.7,56.3,46.0
U01706,2024,THE_2024,15.0,74.8,44.9
U01707,2024,THE_2024,14.1,77.5,45.8
U01708,2024,THE_2024,19.2,78.3,48.75
U01709,2024,THE_2024,13.4,62.7,38.050000000000004
U01710,2024,THE_2024,17.1,59.3,38.2
U01711,2024,THE_2024,28.7,44.4,36.55
U01712,2024,THE_2024,19.9,74.7,47.3
U01713,2024,THE_2024,15.0,75.6,45.3
U01714,2024,THE_2024,15.8,61.5,38.65
U01715,2024,THE_2024,21.7,43.6,32.65
U01716,2024,THE_2024,11.2,67.6,39.4
U01717,2024,THE_2024,23.2,58.6,40.9
U01718,2024,THE_2024,18.9,58.0,38.45
U01719,2024,THE_2024,15.6,76.5,46.05
U01720,2024,THE_2024,18.5,46.3,32.4
U01721,2024,THE_2024,22.6,75.6,49.099999999999994
U01722,2024,THE_2024,14.7,63.9,39.3
U01723,2024,THE_2024,12.4,65.6,39.0
U01724,2024,THE_2024,22.7,61.9,42.3
U01725,2024,THE_2024,27.2,53.7,40.45
U01726,2024,THE_2024,21.2,79.4,50.300000000000004
U01727,2024,THE_2024,16.2,69.1,42.65
U01728,2024,THE_2024,27.0,38.3,32.65
U01729,2024,THE_2024,19.4,71.2,45.3
U01730,2024,THE_2024,27.1,43.2,35.150000000000006
U01731,2024,THE_2024,20.2,64.7,42.45
U01732,2024,THE_2024,19.5,71.7,45.6
U01733,2024,THE_2024,18.8,66.6,42.699999999999996
U01734,2024,THE_2024,25.6,64.7,45.150000000000006
U01735,2024,THE_2024,25.0,62.4,43.7
U01736,2024,THE_2024,28.1,57.8,42.95
U01737,2024,THE_2024,15.9,60.0,37.95
U01738,2024,THE_2024,20.4,61.2,40.8
U01739,2024,THE_2024,25.0,63.5,44.25
U01740,2024,THE_2024,16.1,68.7,42.400000000000006
U01741,2024,THE_2024,18.2,75.9,47.050000000000004
U01742,2024,THE_2024,22.5,77.9,50.2
U01743,2024,THE_2024,18.0,54.4,36.2
U01744,2024,THE_2024,21.0,57.3,39.15
U01745,2024,THE_2024,25.0,55.4,40.2
U01746,2024,THE_2024,12.0,80.8,46.4
U01747,2024,THE_2024,11.6,71.9,41.75
U01748,2024,THE_2024,18.4,84.1,51.25
U01749,2024,THE_2024,24.0,76.1,50.05
U01750,2024,THE_2024,25.3,58.3,41.8
U01751,2024,THE_2024,33.4,55.5,44.45
U01752,2024,THE_2024,21.8,64.5,43.15
U01753,2024,THE_2024,20.5,63.6,42.05
U01754,2024,THE_2024,21.1,58.7,39.900000000000006
U01755,2024,THE_2024,24.7,66.3,45.5
U01756,2024,THE_2024,22.9,49.9,36.4
U01757,2024,THE_2024,26.9,60.7,43.8
U01758,2024,THE_2024,21.7,63.9,42.8
U01759,2024,THE_2024,12.8,79.3,46.05
U01760,2024,THE_2024,18.5,54.3,36.4
U01761,2024,THE_2024,20.5,65.5,43.0
U01762,2024,THE_2024,22.6,77.3,49.95
U01763,2024,THE_2024,20.2,73.1,46.65
U01764,2024,THE_2024,23.4,55.0,39.2
U01765,2024,THE_2024,11.7,69.3,40.5
U01766,2024,THE_2024,15.6,68.3,41.949999999999996
U01767,2024,THE_2024,16.0,66.5,41.25
U01768,2024,THE_2024,21.7,62.2,41.95
U01769,2024,THE_2024,13.3,66.9,40.1
U01770,2024,THE_2024,25.0,61.0,43.0
U01771,2024,THE_2024,19.0,75.4,47.2
U01772,2024,THE_2024,21.9,54.4,38.15
U01773,2024,THE_2024,10.7,58.1,34.4
U01774,2024,THE_2024,15.1,55.0,35.05
U01775,2024,THE_2024,19.5,52.3,35.9
U01776,2024,THE_2024,24.0,51.1,37.55
U01777,2024,THE_2024,19.6,48.4,34.0
U01778,2024,THE_2024,10.2,66.4,38.300000000000004
U01779,2024,THE_2024,19.5,35.2,27.35
U01780,2024,THE_2024,12.1,75.6,43.849999999999994
U01781,2024,THE_2024,24.4,59.4,41.9
U01782,2024,THE_2024,9.7,77.3,43.5
U01783,2024,THE_2024,15.1,56.4,35.75
U01784,2024,THE_2024,21.2,59.6,40.4
U01785,2024,THE_2024,19.6,52.0,35.8
U01786,2024,THE_2024,11.6,75.9,43.75
U01787,2024,THE_2024,17.6,58.6,38.1
U01788,2024,THE_2024,20.8,42.9,31.85
U01789,2024,THE_2024,17.2,53.7,35.45
U01790,2024,THE_2024,18.7,64.4,41.550000000000004
U01791,2024,THE_2024,13.5,76.5,45.0
U01792,2024,THE_2024,14.7,48.1,31.4
U01793,2024,THE_2024,20.7,51.0,35.85
U01794,2024,THE_2024,14.5,74.1,44.3
U01795,2024,THE_2024,19.8,50.5,35.15
U01796,2024,THE_2024,18.1,54.2,36.150000000000006
U01797,2024,THE_2024,10.7,74.2,42.45
U01798,2024,THE_2024,24.4,56.6,40.5
U01799,2024,THE_2024,9.4,73.0,41.2
U01800,2024,THE_2024,20.1,76.7,48.400000000000006
U01801,2024,THE_2024,23.3,43.3,33.3
U01802,2024,THE_2024,21.9,57.3,39.599999999999994
U01803,2024,THE_2024,16.4,45.2,30.8
U01804,2024,THE_2024,16.5,71.5,44.0
U01805,2024,THE_2024,22.4,56.3,39.349999999999994
U01806,2024,THE_2024,14.0,57.6,35.8
U01807,2024,THE_2024,11.3,78.0,44.65
U01808,2024,THE_2024,12.7,77.1,44.9
U01809,2024,THE_2024,10.2,72.5,41.35
U01810,2024,THE_2024,10.4,63.7,37.050000000000004
U01811,2024,THE_2024,10.7,70.9,40.800000000000004
U01812,2024,THE_2024,12.0,65.7,38.85
U01813,2024,THE_2024,25.1,35.7,30.400000000000002
U01814,2024,THE_2024,27.2,39.0,33.1
U01815,2024,THE_2024,23.1,29.2,26.15
U01816,2024,THE_2024,16.0,66.2,41.1
U01817,2024,THE_2024,17.6,57.0,37.3
U01818,2024,THE_2024,13.6,47.0,30.3
U01819,2024,THE_2024,11.1,62.9,37.0
U01820,2024,THE_2024,18.8,64.2,41.5
U01821,2024,THE_2024,20.5,56.5,38.5
U01822,2024,THE_2024,14.1,60.7,37.4
U01823,2024,THE_2024,16.5,70.6,43.55
U01824,2024,THE_2024,9.9,67.3,38.6
U01825,2024,THE_2024,10.6,51.9,31.25
U01826,2024,THE_2024,9.1,76.2,42.65
U01827,2024,THE_2024,8.9,74.8,41.85
U01828,2024,THE_2024,26.1,44.0,35.05
U01829,2024,THE_2024,15.3,53.2,34.25
U01830,2024,THE_2024,21.0,60.2,40.6
U01831,2024,THE_2024,12.3,71.3,41.8
U01832,2024,THE_2024,14.7,70.8,42.75
U01833,2024,THE_2024,16.0,47.8,31.9
U01834,2024,THE_2024,10.2,68.8,39.5
U01835,2024,THE_2024,24.0,51.4,37.7
U01836,2024,THE_2024,12.6,55.5,34.05
U01837,2024,THE_2024,20.1,58.2,39.150000000000006
U01838,2024,THE_2024,12.8,73.7,43.25
U01839,2024,THE_2024,14.0,74.1,44.05
U01840,2024,THE_2024,10.4,80.4,45.400000000000006
U01841,2024,THE_2024,11.0,67.6,39.3
U01842,2024,THE_2024,11.0,62.6,36.8
U01843,2024,THE_2024,17.3,71.5,44.4
U01844,2024,THE_2024,20.4,56.3,38.349999999999994
U01845,2024,THE_2024,18.3,68.6,43.449999999999996
U01846,2024,THE_2024,16.5,58.1,37.3
U01847,2024,THE_2024,30.4,34.4,32.4
U01848,2024,THE_2024,22.1,49.8,35.95
U01849,2024,THE_2024,23.1,51.4,37.25
U01850,2024,THE_2024,15.6,60.9,38.25
U01851,2024,THE_2024,21.8,51.7,36.75
U01852,2024,THE_2024,18.5,49.2,33.85
U01853,2024,THE_2024,23.9,53.5,38.7
U01854,2024,THE_2024,17.5,58.5,38.0
U01855,2024,THE_2024,16.7,63.7,40.2
U01856,2024,THE_2024,30.5,37.1,33.8
U01857,2024,THE_2024,7.3,60.0,33.65
U01858,2024,THE_2024,16.6,64.3,40.45
U01859,2024,THE_2024,17.9,44.7,31.3
U01860,2024,THE_2024,21.5,52.0,36.75
U01861,2024,THE_2024,24.5,53.6,39.05
U01862,2024,THE_2024,10.5,62.1,36.3
U01863,2024,THE_2024,16.4,63.0,39.7
U01864,2024,THE_2024,12.7,55.7,34.2
U01865,2024,THE_2024,17.2,68.0,42.6
U01866,2024,THE_2024,13.3,70.5,41.9
U01867,2024,THE_2024,15.8,49.8,32.8
U01868,2024,THE_2024,9.2,65.7,37.45
U01869,2024,THE_2024,28.7,44.8,36.75
U01870,2024,THE_2024,17.0,54.0,35.5
U01871,2024,THE_2024,23.5,31.7,27.6
U01872,2024,THE_2024,15.9,42.2,29.05
U01873,2024,THE_2024,31.2,44.6,37.9
U01874,2024,THE_2024,19.9,31.1,25.5
U01875,2024,THE_2024,19.5,56.9,38.2
U01876,2024,THE_2024,17.0,53.7,35.35
U01877,2024,THE_2024,13.1,70.8,41.949999999999996
U01878,2024,THE_2024,17.9,57.8,37.849999999999994
U01879,2024,THE_2024,15.0,78.1,46.55
U01880,2024,THE_2024,13.6,68.7,41.15
U01881,2024,THE_2024,28.0,41.2,34.6
U01882,2024,THE_2024,18.5,46.4,32.45
U01883,2024,THE_2024,15.8,46.0,30.9
U01884,2024,THE_2024,12.6,61.1,36.85
U01885,2024,THE_2024,17.5,45.6,31.55
U01886,2024,THE_2024,20.9,38.6,29.75
U01887,2024,THE_2024,13.5,43.1,28.3
U01888,2024,THE_2024,27.3,42.6,34.95
U01889,2024,THE_2024,18.9,48.9,33.9
U01890,2024,THE_2024,9.8,65.4,37.6
U01891,2024,THE_2024,13.1,38.3,25.7
U01892,2024,THE_2024,15.3,67.9,41.6
U01893,2024,THE_2024,9.9,45.2,27.55
U01894,2024,THE_2024,13.0,69.6,41.3
U01895,2024,THE_2024,14.3,52.4,33.35
U01896,2024,THE_2024,9.2,66.5,37.85
U01897,2024,THE_2024,9.8,61.1,35.45
U01898,2024,THE_2024,13.9,52.7,33.300000000000004
U01899,2024,THE_2024,16.7,43.7,30.200000000000003
U01900,2024,THE_2024,18.3,52.8,35.55
U01901,2024,THE_2024,16.5,54.3,35.4
U01902,2024,THE_2024,10.8,53.0,31.9
U01903,2024,THE_2024,11.8,53.8,32.8
U01904,2024,THE_2024,9.3,46.0,27.65
U01905,2024,THE_2024,13.2,54.6,33.9
U01906,2024,THE_2024,11.8,62.0,36.9
U01907,2024,THE_2024,13.8,55.6,34.7
U01908,2024,THE_2024,11.5,60.9,36.2
U01909,2024,THE_2024,10.9,54.3,32.6
U01910,2024,THE_2024,12.4,51.9,32.15
U01911,2024,THE_2024,11.9,65.5,38.7
U01912,2024,THE_2024,19.8,33.5,26.65
U01913,2024,THE_2024,11.1,50.6,30.85
U01914,2024,THE_2024,10.3,64.5,37.4
U01915,2024,THE_2024,16.7,39.8,28.25
U01916,2024,THE_2024,15.7,40.6,28.15
U01917,2024,THE_2024,15.5,62.0,38.75
U01918,2024,THE_2024,13.0,55.4,34.2
U01919,2024,THE_2024,26.6,23.3,24.950000000000003
U01920,2024,THE_2024,10.6,63.9,37.25
U01921,2024,THE_2024,11.3,69.5,40.4
U01922,2024,THE_2024,9.8,63.7,36.75
U01923,2024,THE_2024,11.5,61.6,36.55
U01924,2024,THE_2024,18.3,36.9,27.6
U01925,2024,THE_2024,14.3,48.1,31.200000000000003
U01926,2024,THE_2024,10.5,55.8,33.15
U01927,2024,THE_2024,21.4,32.8,27.099999999999998
U01928,2024,THE_2024,25.2,19.7,22.45
U01929,2024,THE_2024,19.4,33.4,26.4
U01930,2024,THE_2024,18.4,44.7,31.55
U01931,2024,THE_2024,13.4,49.2,31.3
U01932,2024,THE_2024,16.8,40.9,28.85
U01933,2024,THE_2024,11.4,66.7,39.050000000000004
U01934,2024,THE_2024,24.1,41.7,32.900000000000006
U01935,2024,THE_2024,10.9,54.3,32.6
U01936,2024,THE_2024,9.2,51.5,30.35
U01937,2024,THE_2024,8.9,60.2,34.550000000000004
U01938,2024,THE_2024,10.6,51.6,31.1
U01939,2024,THE_2024,14.4,53.8,34.1
U01940,2024,THE_2024,9.7,52.5,31.1
U01941,2024,THE_2024,11.8,51.2,31.5
U01942,2024,THE_2024,14.2,49.0,31.6
U01943,2024,THE_2024,13.6,48.4,31.0
U01944,2024,THE_2024,15.8,54.7,35.25
U01945,2024,THE_2024,16.1,45.6,30.85
U01946,2024,THE_2024,13.7,31.6,22.65
U01947,2024,THE_2024,13.6,46.7,30.150000000000002
U01948,2024,THE_2024,11.1,51.2,31.150000000000002
U01949,2024,THE_2024,14.6,47.5,31.05
U01950,2024,THE_2024,8.9,53.8,31.349999999999998
U01951,2024,THE_2024,16.0,43.2,29.6
U01952,2024,THE_2024,16.6,55.7,36.150000000000006
U01953,2024,THE_2024,18.9,39.1,29.0
U01954,2024,THE_2024,11.8,40.0,25.9
U01955,2024,THE_2024,10.6,47.9,29.25
U01956,2024,THE_2024,13.5,43.6,28.55
U01957,2024,THE_2024,8.1,55.6,31.85
U01958,2024,THE_2024,17.8,43.8,30.799999999999997
U01959,2024,THE_2024,25.1,43.4,34.25
U01960,2024,THE_2024,9.5,66.0,37.75
U01961,2024,THE_2024,9.4,60.0,34.7
U01962,2024,THE_2024,13.1,55.3,34.199999999999996
U01963,2024,THE_2024,17.5,32.6,25.05
U01964,2024,THE_2024,9.8,63.4,36.6
U01965,2024,THE_2024,13.6,50.8,32.199999999999996
U01966,2024,THE_2024,14.1,39.0,26.55
U01967,2024,THE_2024,21.1,38.0,29.55
U01968,2024,THE_2024,13.3,59.7,36.5
U01969,2024,THE_2024,10.7,57.1,33.9
U01970,2024,THE_2024,15.9,44.5,30.2
U01971,2024,THE_2024,11.7,54.8,33.25
U01972,2024,THE_2024,16.5,29.9,23.2
U01973,2024,THE_2024,11.3,53.9,32.6
U01974,2024,THE_2024,16.9,42.3,29.599999999999998
U01975,2024,THE_2024,13.4,41.2,27.3
U01976,2024,THE_2024,14.3,49.5,31.9
U01977,2024,THE_2024,9.3,59.3,34.3
U01978,2024,THE_2024,14.0,43.2,28.6
U01979,2024,THE_2024,9.6,67.1,38.349999999999994
U01980,2024,THE_2024,12.4,45.9,29.15
U01981,2024,THE_2024,14.6,57.4,36.0
U01982,2024,THE_2024,11.9,50.5,31.2
U01983,2024,THE_2024,12.8,50.7,31.75
U01984,2024,THE_2024,13.9,40.5,27.2
U01985,2024,THE_2024,19.3,34.5,26.9
U01986,2024,THE_2024,13.5,55.8,34.65
U01987,2024,THE_2024,17.2,52.4,34.8
U01988,2024,THE_2024,12.8,51.8,32.3
U01989,2024,THE_2024,24.2,26.9,25.549999999999997
U01990,2024,THE_2024,11.3,50.6,30.950000000000003
U01991,2024,THE_2024,19.9,33.6,26.75
U01992,2024,THE_2024,18.2,51.0,34.6
U01993,2024,THE_2024,15.9,33.6,24.75
U01994,2024,THE_2024,17.6,53.5,35.55
U01995,2024,THE_2024,11.8,42.0,26.9
U01996,2024,THE_2024,11.5,48.0,29.75
U01997,2024,THE_2024,8.3,70.9,39.6
U01998,2024,THE_2024,16.4,53.0,34.7
U01999,2024,THE_2024,12.1,62.7,37.4
U02000,2024,THE_2024,12.7,42.9,27.799999999999997
U02001,2024,THE_2024,11.9,29.1,20.5
U02002,2024,THE_2024,13.1,52.7,32.9
U02003,2024,THE_2024,16.0,47.8,31.9
U02004,2024,THE_2024,14.3,48.2,31.25
U02005,2024,THE_2024,24.0,24.7,24.35
U02006,2024,THE_2024,16.2,38.4,27.299999999999997
U02007,2024,THE_2024,25.9,34.7,30.3
U02008,2024,THE_2024,17.8,52.2,35.0
U02009,2024,THE_2024,16.8,59.9,38.35
U02010,2024,THE_2024,9.1,54.5,31.8
U02011,2024,THE_2024,12.7,49.5,31.1
U02012,2024,THE_2024,11.8,51.9,31.85
U02013,2024,THE_2024,9.7,47.8,28.75
U02014,2024,THE_2024,16.3,50.5,33.4
U02015,2024,THE_2024,17.3,44.7,31.0
U02016,2024,THE_2024,17.3,53.9,35.6
U02017,2024,THE_2024,13.3,67.0,40.15
U02018,2024,THE_2024,18.0,48.2,33.1
U02019,2024,THE_2024,9.6,21.2,15.399999999999999
U02020,2024,THE_2024,17.4,39.2,28.3
U02021,2024,THE_2024,10.2,36.5,23.35
U02022,2024,THE_2024,12.5,31.9,22.2
U02023,2024,THE_2024,14.2,28.5,21.35
U02024,2024,THE_2024,8.7,34.1,21.4
U02025,2024,THE_2024,7.8,55.0,31.4
U02026,2024,THE_2024,15.7,30.1,22.9
U02027,2024,THE_2024,9.4,51.7,30.55
U02028,2024,THE_2024,20.3,33.5,26.9
U02029,2024,THE_2024,18.9,37.0,27.95
U02030,2024,THE_2024,16.7,45.0,30.85
U02031,2024,THE_2024,9.7,38.4,24.049999999999997
U02032,2024,THE_2024,14.7,30.2,22.45
U02033,2024,THE_2024,12.1,46.7,29.400000000000002
U02034,2024,THE_2024,11.7,31.4,21.549999999999997
U02035,2024,THE_2024,9.7,43.2,26.450000000000003
U02036,2024,THE_2024,11.9,26.9,19.4
U02037,2024,THE_2024,17.2,37.5,27.35
U02038,2024,THE_2024,14.2,46.5,30.35
U02039,2024,THE_2024,11.0,35.1,23.05
U02040,2024,THE_2024,13.5,42.6,28.05
U02041,2024,THE_2024,14.9,28.7,21.8
U02042,2024,THE_2024,9.5,47.7,28.6
U02043,2024,THE_2024,9.9,43.6,26.75
U02044,2024,THE_2024,16.5,42.8,29.65
U02045,2024,THE_2024,14.7,41.7,28.200000000000003
U02046,2024,THE_2024,12.8,34.8,23.799999999999997
U02047,2024,THE_2024,9.9,31.2,20.55
U02048,2024,THE_2024,14.3,33.9,24.1
U02049,2024,THE_2024,17.0,37.2,27.1
U02050,2024,THE_2024,13.0,30.3,21.65
U02051,2024,THE_2024,20.8,25.0,22.9
U02052,2024,THE_2024,9.9,44.4,27.15
U02053,2024,THE_2024,20.0,27.0,23.5
U02054,2024,THE_2024,20.0,25.4,22.7
U02055,2024,THE_2024,16.4,38.2,27.3
U02056,2024,THE_2024,9.1,43.0,26.05
U02057,2024,THE_2024,13.5,27.2,20.35
U02058,2024,THE_2024,8.2,44.3,26.25
U02059,2024,THE_2024,18.2,25.5,21.85
U02060,2024,THE_2024,10.0,46.5,28.25
U02061,2024,THE_2024,19.9,44.7,32.3
U02062,2024,THE_2024,9.4,56.7,33.050000000000004
U02063,2024,THE_2024,9.1,56.9,33.0
U02064,2024,THE_2024,14.9,27.9,21.4
U02065,2024,THE_2024,22.7,28.4,25.549999999999997
U02066,2024,THE_2024,16.1,36.1,26.1
U02067,2024,THE_2024,17.6,41.1,29.35
U02068,2024,THE_2024,15.7,25.1,20.4
U02069,2024,THE_2024,13.8,26.2,20.0
U02070,2024,THE_2024,16.8,26.6,21.700000000000003
U02071,2024,THE_2024,16.4,29.1,22.75
U02072,2024,THE_2024,13.3,25.1,19.200000000000003
U02073,2024,THE_2024,11.3,30.6,20.950000000000003
U02074,2024,THE_2024,13.0,36.8,24.9
U02075,2024,THE_2024,12.7,36.1,24.4
U02076,2024,THE_2024,14.5,23.0,18.75
U02077,2024,THE_2024,10.8,36.2,23.5
U02078,2024,THE_2024,8.5,50.6,29.55
U02079,2024,THE_2024,12.3,32.7,22.5
U02080,2024,THE_2024,19.8,21.7,20.75
U02081,2024,THE_2024,19.0,32.7,25.85
U02082,2024,THE_2024,11.3,36.4,23.85
U02083,2024,THE_2024,11.6,43.2,27.400000000000002
U02084,2024,THE_2024,11.5,37.2,24.35
U02085,2024,THE_2024,17.5,46.2,31.85
U02086,2024,THE_2024,8.9,40.8,24.849999999999998
U02087,2024,THE_2024,18.0,32.6,25.3
U02088,2024,THE_2024,16.8,40.2,28.5
U02089,2024,THE_2024,9.2,39.9,24.549999999999997
U02090,2024,THE_2024,8.7,36.6,22.65
U02091,2024,THE_2024,14.1,37.6,25.85
U02092,2024,THE_2024,15.2,40.8,28.0
U02093,2024,THE_2024,13.5,36.5,25.0
U02094,2024,THE_2024,13.0,44.8,28.9
U02095,2024,THE_2024,12.8,50.9,31.85
U02096,2024,THE_2024,10.0,47.7,28.85
U02097,2024,THE_2024,10.9,46.1,28.5
U02098,2024,THE_2024,17.3,36.9,27.1
U02099,2024,THE_2024,14.6,24.1,19.35
U02100,2024,THE_2024,21.2,27.8,24.5
U02101,2024,THE_2024,11.7,42.6,27.15
U02102,2024,THE_2024,11.7,56.9,34.3
U02103,2024,THE_2024,12.9,47.1,30.0
U02104,2024,THE_2024,10.8,40.5,25.65
U02105,2024,THE_2024,14.3,35.1,24.700000000000003
U02106,2024,THE_2024,12.9,27.4,20.15
U02107,2024,THE_2024,9.4,57.2,33.300000000000004
U02108,2024,THE_2024,13.4,48.4,30.9
U02109,2024,THE_2024,13.8,37.2,25.5
U02110,2024,THE_2024,9.2,44.5,26.85
U02111,2024,THE_2024,11.5,28.8,20.15
U02112,2024,THE_2024,11.1,52.0,31.55
U02113,2024,THE_2024,14.1,31.2,22.65
U02114,2024,THE_2024,13.0,39.2,26.1
U02115,2024,THE_2024,8.6,35.7,22.150000000000002
U02116,2024,THE_2024,14.2,51.9,33.05
U02117,2024,THE_2024,9.2,44.2,26.700000000000003
U02118,2024,THE_2024,11.5,36.5,24.0
U02119,2024,THE_2024,13.4,45.3,29.349999999999998
U02120,2024,THE_2024,12.3,30.5,21.4
U02121,2024,THE_2024,12.4,31.1,21.75
U02122,2024,THE_2024,13.5,27.9,20.7
U02123,2024,THE_2024,9.9,37.2,23.55
U02124,2024,THE_2024,23.9,22.8,23.35
U02125,2024,THE_2024,13.9,23.9,18.9
U02126,2024,THE_2024,15.0,32.2,23.6
U02127,2024,THE_2024,10.1,36.2,23.150000000000002
U02128,2024,THE_2024,12.6,29.2,20.9
U02129,2024,THE_2024,14.4,26.4,20.4
U02130,2024,THE_2024,18.3,20.4,19.35
U02131,2024,THE_2024,16.4,19.9,18.15
U02132,2024,THE_2024,8.6,51.3,29.95
U02133,2024,THE_2024,17.8,20.6,19.200000000000003
U02134,2024,THE_2024,25.1,27.4,26.25
U02135,2024,THE_2024,13.6,37.1,25.35
U02136,2024,THE_2024,18.9,37.8,28.349999999999998
U02137,2024,THE_2024,10.7,45.7,28.200000000000003
U02138,2024,THE_2024,20.3,35.0,27.65
U02139,2024,THE_2024,14.9,10.7,12.8
U02140,2024,THE_2024,10.6,30.3,20.45
U02141,2024,THE_2024,16.5,19.7,18.1
U02142,2024,THE_2024,9.0,7.4,8.2
U02143,2024,THE_2024,13.8,37.3,25.549999999999997
U02144,2024,THE_2024,16.8,27.9,22.35
U02145,2024,THE_2024,12.4,21.6,17.0
U02146,2024,THE_2024,10.2,17.1,13.65
U02147,2024,THE_2024,14.1,45.5,29.8
U02148,2024,THE_2024,13.3,14.5,13.9
U02149,2024,THE_2024,11.9,49.6,30.75
U02150,2024,THE_2024,9.8,29.7,19.75
U02151,2024,THE_2024,17.1,32.8,24.95
U02152,2024,THE_2024,11.5,37.4,24.45
U02153,2024,THE_2024,8.5,53.7,31.1
U02154,2024,THE_2024,11.4,40.8,26.099999999999998
U02155,2024,THE_2024,12.1,35.1,23.6
U02156,2024,THE_2024,13.4,51.2,32.300000000000004
U02157,2024,THE_2024,10.9,24.2,17.55
U02158,2024,THE_2024,10.3,39.3,24.799999999999997
U02159,2024,THE_2024,12.9,33.1,23.0
U02160,2024,THE_2024,11.3,45.0,28.15
U02161,2024,THE_2024,14.4,36.7,25.55
U02162,2024,THE_2024,10.5,46.2,28.35
U02163,2024,THE_2024,9.9,49.2,29.55
U02164,2024,THE_2024,13.7,41.8,27.75
U02165,2024,THE_2024,10.6,20.8,15.7
U02166,2024,THE_2024,11.5,40.4,25.95
U02167,2024,THE_2024,12.8,32.3,22.549999999999997
U02168,2024,THE_2024,10.3,35.5,22.9
U02169,2024,THE_2024,7.6,51.3,29.45
U02170,2024,THE_2024,9.0,53.5,31.25
U02171,2024,THE_2024,15.3,20.8,18.05
U02172,2024,THE_2024,10.3,31.4,20.85
U02173,2024,THE_2024,13.9,27.7,20.8
U02174,2024,THE_2024,9.2,53.3,31.25
U02175,2024,THE_2024,15.1,38.3,26.7
U02176,2024,THE_2024,11.3,23.6,17.450000000000003
U02177,2024,THE_2024,13.0,49.3,31.15
U02178,2024,THE_2024,9.9,44.4,27.15
U02179,2024,THE_2024,16.4,22.8,19.6
U02180,2024,THE_2024,11.3,38.6,24.950000000000003
U02181,2024,THE_2024,9.9,40.2,25.05
U02182,2024,THE_2024,9.4,51.5,30.45
U02183,2024,THE_2024,13.7,31.5,22.6
U02184,2024,THE_2024,19.0,45.1,32.05
U02185,2024,THE_2024,11.1,50.4,30.75
U02186,2024,THE_2024,10.9,24.3,17.6
U02187,2024,THE_2024,8.5,45.1,26.8
U02188,2024,THE_2024,15.3,27.9,21.6
U02189,2024,THE_2024,8.9,41.9,25.4
U02190,2024,THE_2024,15.0,33.7,24.35
U02191,2024,THE_2024,15.2,19.7,17.45
U02192,2024,THE_2024,14.6,29.2,21.9
U02193,2024,THE_2024,8.2,49.5,28.85
U02194,2024,THE_2024,10.3,23.5,16.9
U02195,2024,THE_2024,26.0,18.3,22.15
U02196,2024,THE_2024,13.9,38.0,25.95
U02197,2024,THE_2024,15.4,22.3,18.85
U02198,2024,THE_2024,13.5,37.0,25.25
U02199,2024,THE_2024,14.4,37.9,26.15
U02200,2024,THE_2024,9.1,44.4,26.75
U02201,2024,THE_2024,29.2,19.9,24.549999999999997
U02202,2024,THE_2024,13.4,41.8,27.599999999999998
U02203,2024,THE_2024,12.9,34.5,23.7
U02204,2024,THE_2024,13.3,35.5,24.4
U02205,2024,THE_2024,17.1,39.3,28.2
U02206,2024,THE_2024,13.7,40.2,26.950000000000003
U02207,2024,THE_2024,13.9,34.3,24.099999999999998
U02208,2024,THE_2024,11.0,46.2,28.6
U02209,2024,THE_2024,15.9,49.0,32.45
U02210,2024,THE_2024,16.3,43.5,29.9
U02211,2024,THE_2024,15.3,24.8,20.05
U02212,2024,THE_2024,13.1,25.9,19.5
U02213,2024,THE_2024,14.5,52.3,33.4
U02214,2024,THE_2024,9.9,8.2,9.05
U02215,2024,THE_2024,9.8,45.8,27.799999999999997
U02216,2024,THE_2024,12.3,42.6,27.450000000000003
U02217,2024,THE_2024,12.6,35.5,24.05
U02218,2024,THE_2024,16.4,34.5,25.45
U02219,2024,THE_2024,12.7,37.3,25.0
U02220,2024,THE_2024,8.6,25.4,17.0
U02221,2024,THE_2024,7.8,8.1,7.949999999999999
U02222,2024,THE_2024,9.7,30.1,19.9
U02223,2024,THE_2024,9.0,11.6,10.3
U02224,2024,THE_2024,12.0,22.7,17.35
U02225,2024,THE_2024,7.7,26.1,16.900000000000002
U02226,2024,THE_2024,11.6,17.2,14.399999999999999
U02227,2024,THE_2024,13.4,20.8,17.1
U02228,2024,THE_2024,8.8,23.5,16.15
U02229,2024,THE_2024,15.3,24.6,19.950000000000003
U02230,2024,THE_2024,9.1,39.1,24.1
U02231,2024,THE_2024,8.6,8.8,8.7
U02232,2024,THE_2024,10.4,18.7,14.55
U02233,2024,THE_2024,11.6,30.5,21.05
U02234,2024,THE_2024,12.6,23.1,17.85
U02235,2024,THE_2024,9.6,20.0,14.8
U02236,2024,THE_2024,7.9,33.1,20.5
U02237,2024,THE_2024,11.2,32.7,21.950000000000003
U02238,2024,THE_2024,8.0,10.2,9.1
U02239,2024,THE_2024,8.0,12.8,10.4
U02240,2024,THE_2024,10.0,14.6,12.3
U02241,2024,THE_2024,9.0,12.6,10.8
U02242,2024,THE_2024,16.2,12.5,14.35
U02243,2024,THE_2024,12.2,15.7,13.95
U02244,2024,THE_2024,7.9,12.2,10.05
U02245,2024,THE_2024,8.3,14.4,11.350000000000001
U02246,2024,THE_2024,13.7,10.6,12.149999999999999
U02247,2024,THE_2024,5.7,35.0,20.35
U02248,2024,THE_2024,10.3,10.7,10.5
U02249,2024,THE_2024,7.3,30.2,18.75
U02250,2024,THE_2024,9.4,13.5,11.45
U02251,2024,THE_2024,14.9,23.1,19.0
U02252,2024,THE_2024,9.5,22.8,16.15
U02253,2024,THE_2024,12.8,13.9,13.350000000000001
U02254,2024,THE_2024,9.5,26.7,18.1
U02255,2024,THE_2024,8.6,19.3,13.95
U02256,2024,THE_2024,8.6,14.9,11.75
U02257,2024,THE_2024,9.3,29.2,19.25
U02258,2024,THE_2024,9.4,30.3,19.85
U02259,2024,THE_2024,9.9,17.2,13.55
U02260,2024,THE_2024,9.8,10.3,10.05
U02261,2024,THE_2024,9.4,30.4,19.9
U02262,2024,THE_2024,10.4,20.0,15.2
U02263,2024,THE_2024,11.0,9.0,10.0
U02264,2024,THE_2024,9.5,22.7,16.1
U02265,2024,THE_2024,10.5,11.7,11.1
U02266,2024,THE_2024,15.2,29.0,22.1
U02267,2024,THE_2024,13.4,19.3,16.35
U02268,2024,THE_2024,14.9,22.9,18.9
U02269,2024,THE_2024,9.4,11.8,10.600000000000001
U02270,2024,THE_2024,11.4,8.9,10.15
U02271,2024,THE_2024,5.2,21.6,13.4
U02272,2024,THE_2024,9.7,18.2,13.95
U02273,2024,THE_2024,9.1,5.8,7.449999999999999
U02274,2024,THE_2024,7.9,30.4,19.15
U02275,2024,THE_2024,10.7,10.7,10.7
U02276,2024,THE_2024,8.8,13.0,10.9
U02277,2024,THE_2024,10.0,16.8,13.4
U02278,2024,THE_2024,10.8,28.8,19.8
U02279,2024,THE_2024,11.9,15.9,13.9
U02280,2024,THE_2024,12.7,15.5,14.1
U02281,2024,THE_2024,8.0,12.4,10.2
U02282,2024,THE_2024,15.7,26.3,21.0
U02283,2024,THE_2024,17.3,15.5,16.4
U02284,2024,THE_2024,11.4,27.0,19.2
U02285,2024,THE_2024,10.3,28.2,19.25
U02286,2024,THE_2024,9.9,31.1,20.5
U02287,2024,THE_2024,16.9,12.7,14.799999999999999
U02288,2024,THE_2024,10.3,22.0,16.15
U02289,2024,THE_2024,7.8,23.3,15.55
U02290,2024,THE_2024,9.2,17.5,13.35
U02291,2024,THE_2024,11.0,16.5,13.75
U02292,2024,THE_2024,9.3,20.0,14.65
U02293,2024,THE_2024,8.7,37.6,23.15
U02294,2024,THE_2024,16.6,20.5,18.55
U02295,2024,THE_2024,10.9,21.6,16.25
U02296,2024,THE_2024,13.8,20.2,17.0
U02297,2024,THE_2024,9.8,7.4,8.600000000000001
U02298,2024,THE_2024,8.0,24.5,16.25
U02299,2024,THE_2024,12.8,25.1,18.950000000000003
U02300,2024,THE_2024,9.6,21.3,15.45
U02301,2024,THE_2024,10.3,14.5,12.4
U02302,2024,THE_2024,11.7,22.3,17.0
U02303,2024,THE_2024,12.0,20.7,16.35
U02304,2024,THE_2024,11.7,21.3,16.5
U02305,2024,THE_2024,11.0,19.1,15.05
U02306,2024,THE_2024,9.0,5.7,7.35
U02307,2024,THE_2024,10.4,36.4,23.4
U02308,2024,THE_2024,13.1,27.8,20.45
U02309,2024,THE_2024,9.4,33.6,21.5
U02310,2024,THE_2024,8.1,13.5,10.8
U02311,2024,THE_2024,12.4,16.4,14.399999999999999
U02312,2024,THE_2024,9.7,17.9,13.799999999999999
U02313,2024,THE_2024,9.4,28.9,19.15
U02314,2024,THE_2024,10.8,33.0,21.9
U02315,2024,THE_2024,9.6,23.2,16.4
U02316,2024,THE_2024,9.3,20.8,15.05
U02317,2024,THE_2024,12.4,23.0,17.7
U02318,2024,THE_2024,10.1,18.9,14.5
U02319,2024,THE_2024,8.8,13.7,11.25
U02320,2024,THE_2024,9.3,13.4,11.350000000000001
U02321,2024,THE_2024,10.5,12.5,11.5
U02322,2024,THE_2024,11.2,25.8,18.5
U02323,2024,THE_2024,10.3,19.2,14.75
U02324,2024,THE_2024,12.3,20.7,16.5
U02325,2024,THE_2024,11.8,10.8,11.3
U02326,2024,THE_2024,8.5,34.2,21.35
U02327,2024,THE_2024,9.3,33.6,21.450000000000003
U02328,2024,THE_2024,9.8,15.1,12.45
U02329,2024,THE_2024,11.0,34.0,22.5
U02330,2024,THE_2024,13.2,11.8,12.5
U02331,2024,THE_2024,12.5,12.2,12.35
U02332,2024,THE_2024,12.2,11.6,11.899999999999999
U02333,2024,THE_2024,8.4,14.0,11.2
U02334,2024,THE_2024,9.4,21.5,15.45
U02335,2024,THE_2024,9.4,36.5,22.95
U02336,2024,THE_2024,9.6,23.4,16.5
U02337,2024,THE_2024,9.7,12.5,11.1
U02338,2024,THE_2024,10.6,33.3,21.95
U02339,2024,THE_2024,9.7,7.0,8.35
U02340,2024,THE_2024,11.2,12.6,11.899999999999999
U02341,2024,THE_2024,11.2,36.7,23.950000000000003
U02342,2024,THE_2024,13.6,15.3,14.45
U02343,2024,THE_2024,12.3,11.9,12.100000000000001
U02344,2024,THE_2024,9.1,23.0,16.05
U02345,2024,THE_2024,9.2,27.6,18.4
U02346,2024,THE_2024,8.8,12.7,10.75
U02347,2024,THE_2024,8.3,11.4,9.850000000000001
U02348,2024,THE_2024,10.2,17.3,13.75
U02349,2024,THE_2024,8.3,7.3,7.800000000000001
U02350,2024,THE_2024,10.1,27.8,18.95
U02351,2024,THE_2024,8.6,16.0,12.3
U02352,2024,THE_2024,11.6,35.8,23.7
U02353,2024,THE_2024,10.8,24.9,17.85
U02354,2024,THE_2024,10.3,7.3,8.8
U02355,2024,THE_2024,8.1,12.0,10.05
U02356,2024,THE_2024,10.1,8.6,9.35
U02357,2024,THE_2024,7.7,10.7,9.2
U02358,2024,THE_2024,18.8,17.2,18.0
U02359,2024,THE_2024,9.8,18.4,14.1
U02360,2024,THE_2024,9.7,22.1,15.9
U02361,2024,THE_2024,12.3,21.8,17.05
U02362,2024,THE_2024,15.6,15.9,15.75
U02363,2024,THE_2024,11.3,26.3,18.8
U02364,2024,THE_2024,9.1,14.9,12.0
U02365,2024,THE_2024,11.1,28.0,19.55
U02366,2024,THE_2024,8.6,17.2,12.899999999999999
U02367,2024,THE_2024,9.3,25.3,17.3
U02368,2024,THE_2024,9.6,37.6,23.6
U02369,2024,THE_2024,17.3,15.8,16.55
U02370,2024,THE_2024,11.7,30.3,21.0
U02371,2024,THE_2024,13.4,14.7,14.05
U02372,2024,THE_2024,15.6,28.8,22.2
U02373,2024,THE_2024,16.1,19.6,17.85
U02374,2024,THE_2024,14.1,25.8,19.95
U02375,2024,THE_2024,10.3,26.5,18.4
U02376,2024,THE_2024,18.1,24.6,21.35
U02377,2024,THE_2024,10.8,12.4,11.600000000000001
U02378,2024,THE_2024,8.5,10.5,9.5
U02379,2024,THE_2024,13.0,32.6,22.8
U02380,2024,THE_2024,19.3,22.4,20.85
U02381,2024,THE_2024,7.5,31.4,19.45
U02382,2024,THE_2024,13.9,15.5,14.7
U02383,2024,THE_2024,9.1,28.7,18.9
U02384,2024,THE_2024,12.1,11.6,11.85
U02385,2024,THE_2024,8.1,21.3,14.7
U02386,2024,THE_2024,7.5,23.7,15.6
U02387,2024,THE_2024,12.0,22.6,17.3
U02388,2024,THE_2024,11.8,24.3,18.05
U02389,2024,THE_2024,9.2,10.3,9.75
U02390,2024,THE_2024,9.9,33.6,21.75
U02391,2024,THE_2024,12.6,23.8,18.2
U02392,2024,THE_2024,10.3,11.0,10.65
U02393,2024,THE_2024,11.6,25.3,18.45
U02394,2024,THE_2024,9.9,16.3,13.100000000000001
U02395,2024,THE_2024,9.1,40.9,25.0
U02396,2024,THE_2024,7.6,6.6,7.1
U02397,2024,THE_2024,10.6,22.9,16.75
U02398,2024,THE_2024,9.0,23.2,16.1
U02399,2024,THE_2024,8.7,17.3,13.0
U02400,2024,THE_2024,8.7,35.2,21.950000000000003
U02401,2024,THE_2024,14.1,21.0,17.55
U02402,2024,THE_2024,18.4,13.3,15.85
U02403,2024,THE_2024,10.3,20.0,15.15
U02404,2024,THE_2024,10.0,11.8,10.9
U02405,2024,THE_2024,11.7,8.4,10.05
U02406,2024,THE_2024,14.6,23.1,18.85
U02407,2024,THE_2024,16.0,12.1,14.05
U02408,2024,THE_2024,9.5,9.2,9.35
U02409,2024,THE_2024,10.7,26.9,18.799999999999997
U02410,2024,THE_2024,11.5,27.5,19.5
U02411,2024,THE_2024,11.7,15.7,13.7
U02412,2024,THE_2024,13.1,19.8,16.45
U02413,2024,THE_2024,9.0,27.2,18.1
U02414,2024,THE_2024,9.7,10.7,10.2
U02415,2024,THE_2024,8.7,23.8,16.25
U02416,2024,THE_2024,9.0,9.1,9.05
U02417,2024,THE_2024,13.0,26.0,19.5
U02418,2024,THE_2024,10.1,11.2,10.649999999999999
U02419,2024,THE_2024,11.1,7.7,9.4
U02420,2024,THE_2024,9.8,7.7,8.75
U02421,2024,THE_2024,9.8,10.0,9.9
U02422,2024,THE_2024,8.1,9.6,8.85
U02423,2024,THE_2024,8.0,5.3,6.65
U02424,2024,THE_2024,12.3,32.0,22.15
U02425,2024,THE_2024,9.2,5.8,7.5
U02426,2024,THE_2024,11.0,20.0,15.5
U02427,2024,THE_2024,9.4,24.5,16.95
U02428,2024,THE_2024,8.4,7.3,7.85
U02429,2024,THE_2024,11.4,22.2,16.8
U02430,2024,THE_2024,9.0,13.2,11.1
U02431,2024,THE_2024,10.3,19.6,14.950000000000001
U02432,2024,THE_2024,15.3,20.6,17.950000000000003
U02433,2024,THE_2024,12.6,23.7,18.15
U02434,2024,THE_2024,9.2,9.6,9.399999999999999
U02435,2024,THE_2024,9.5,16.7,13.1
U02436,2024,THE_2024,10.7,12.5,11.6
U02437,2024,THE_2024,9.1,26.1,17.6
U02438,2024,THE_2024,7.7,5.2,6.45
U02439,2024,THE_2024,12.6,28.9,20.75
U02440,2024,THE_2024,8.7,7.8,8.25
U02441,2024,THE_2024,13.4,9.9,11.65
U02442,2024,THE_2024,12.5,8.2,10.35
U02443,2024,THE_2024,10.3,15.2,12.75
U02444,2024,THE_2024,9.4,39.3,24.349999999999998
U02445,2024,THE_2024,11.4,28.8,20.1
U02446,2024,THE_2024,10.1,33.9,22.0
U02447,2024,THE_2024,10.7,14.6,12.649999999999999
U02448,2024,THE_2024,14.4,15.4,14.9
U02449,2024,THE_2024,14.9,27.6,21.25
U02450,2024,THE_2024,10.7,13.7,12.2
U02451,2024,THE_2024,9.9,5.2,7.550000000000001
U02452,2024,THE_2024,8.9,29.4,19.15
U02453,2024,THE_2024,9.5,23.9,16.7
U02454,2024,THE_2024,7.9,37.9,22.9
U02455,2024,THE_2024,13.8,26.3,20.05
U02456,2024,THE_2024,9.4,29.3,19.35
U02457,2024,THE_2024,10.6,12.0,11.3
U02458,2024,THE_2024,14.1,22.6,18.35
U02459,2024,THE_2024,9.1,29.1,19.1
U02460,2024,THE_2024,10.9,19.7,15.3
U02461,2024,THE_2024,14.5,21.8,18.15
U02462,2024,THE_2024,10.6,10.9,10.75
U02463,2024,THE_2024,9.2,12.1,10.649999999999999
U02464,2024,THE_2024,15.4,29.8,22.6
U02465,2024,THE_2024,10.7,3.7,7.199999999999999
U02466,2024,THE_2024,7.4,12.8,10.100000000000001
U02467,2024,THE_2024,7.0,9.0,8.0
U02468,2024,THE_2024,15.2,24.1,19.65
U02469,2024,THE_2024,14.8,22.5,18.65
U02470,2024,THE_2024,13.0,19.3,16.15
U02471,2024,THE_2024,16.0,19.5,17.75
U02472,2024,THE_2024,12.9,15.2,14.05
U02473,2024,THE_2024,8.2,15.8,12.0
U02474,2024,THE_2024,9.6,3.4,6.5
U02475,2024,THE_2024,10.4,23.8,17.1
U02476,2024,THE_2024,11.4,26.4,18.9
U02477,2024,THE_2024,9.5,26.1,17.8
U02478,2024,THE_2024,12.2,23.4,17.799999999999997
U02479,2024,THE_2024,8.4,13.6,11.0
U02480,2024,THE_2024,11.2,11.4,11.3
U02481,2024,THE_2024,9.7,15.8,12.75
U02482,2024,THE_2024,9.0,18.1,13.55
U02483,2024,THE_2024,9.3,25.9,17.6
U02484,2024,THE_2024,8.6,4.1,6.35
U02485,2024,THE_2024,11.3,18.1,14.700000000000001
U02486,2024,THE_2024,9.3,14.1,11.7
U02487,2024,THE_2024,9.8,29.9,19.85
U02488,2024,THE_2024,11.0,14.0,12.5
U02489,2024,THE_2024,8.4,11.2,9.8
U02490,2024,THE_2024,11.1,24.2,17.65
U02491,2024,THE_2024,4.6,14.8,9.7
U02492,2024,THE_2024,10.2,22.3,16.25
U02493,2024,THE_2024,12.7,33.9,23.299999999999997
U02494,2024,THE_2024,14.7,28.6,21.65
U02495,2024,THE_2024,10.5,12.7,11.6
U02496,2024,THE_2024,8.6,33.7,21.150000000000002
U02497,2024,THE_2024,9.1,18.9,14.0
U02498,2024,THE_2024,12.0,13.9,12.95
U02499,2024,THE_2024,9.0,12.1,10.55
U02500,2024,THE_2024,11.0,18.9,14.95
U02501,2024,THE_2024,13.4,21.3,17.35
U02502,2024,THE_2024,9.5,9.5,9.5
U02503,2024,THE_2024,9.2,8.7,8.95
U02504,2024,THE_2024,9.0,5.1,7.05
U02505,2024,THE_2024,10.2,8.1,9.149999999999999
U02506,2024,THE_2024,8.0,17.1,12.55
U02507,2024,THE_2024,10.4,14.3,12.350000000000001
U02508,2024,THE_2024,12.6,9.1,10.85
U02509,2024,THE_2024,8.9,4.7,6.800000000000001
U02510,2024,THE_2024,12.2,22.0,17.1
U02511,2024,THE_2024,22.8,19.3,21.05
U02512,2024,THE_2024,9.6,35.4,22.5
U02513,2024,THE_2024,11.2,26.1,18.65
U02514,2024,THE_2024,7.6,36.0,21.8
U02515,2024,THE_2024,9.9,7.6,8.75
U02516,2024,THE_2024,9.3,22.9,16.1
U02517,2024,THE_2024,8.5,29.8,19.15
U02518,2024,THE_2024,9.7,34.7,22.200000000000003
U02519,2024,THE_2024,11.7,34.5,23.1
U02520,2024,THE_2024,12.4,17.6,15.0
U02521,2024,THE_2024,11.2,21.6,16.4
U02522,2024,THE_2024,,,
U02523,2024,THE_2024,,,
U02524,2024,THE_2024,,,
U02525,2024,THE_2024,,,
U02526,2024,THE_2024,,,
U02527,2024,THE_2024,,,
U02528,2024,THE_2024,,,
U02529,2024,THE_2024,,,
U02530,2024,THE_2024,,,
U02531,2024,THE_2024,,,
U02532,2024,THE_2024,,,
U02533,2024,THE_2024,,,
U02534,2024,THE_2024,,,
U02535,2024,THE_2024,,,
U02536,2024,THE_2024,,,
U02537,2024,THE_2024,,,
U02538,2024,THE_2024,,,
U02539,2024,THE_2024,,,
U02540,2024,THE_2024,,,
U02541,2024,THE_2024,,,
U02542,2024,THE_2024,,,
U02543,2024,THE_2024,,,
U02544,2024,THE_2024,,,
U02545,2024,THE_2024,,,
U02546,2024,THE_2024,,,
U02547,2024,THE_2024,,,
U02548,2024,THE_2024,,,
U02549,2024,THE_2024,,,
U02550,2024,THE_2024,,,
U02551,2024,THE_2024,,,
U02552,2024,THE_2024,,,
U02553,2024,THE_2024,,,
U02554,2024,THE_2024,,,
U02555,2024,THE_2024,,,
U02556,2024,THE_2024,,,
U02557,2024,THE_2024,,,
U02558,2024,THE_2024,,,
U02559,2024,THE_2024,,,
U02560,2024,THE_2024,,,
U02561,2024,THE_2024,,,
U02562,2024,THE_2024,,,
U02563,2024,THE_2024,,,
U02564,2024,THE_2024,,,
U02565,2024,THE_2024,,,
U02566,2024,THE_2024,,,
U02567,2024,THE_2024,,,
U02568,2024,THE_2024,,,
U02569,2024,THE_2024,,,
U02570,2024,THE_2024,,,
U02571,2024,THE_2024,,,
U02572,2024,THE_2024,,,
U02573,2024,THE_2024,,,
U02574,2024,THE_2024,,,
U02575,2024,THE_2024,,,
U02576,2024,THE_2024,,,
U02577,2024,THE_2024,,,
U02578,2024,THE_2024,,,
U02579,2024,THE_2024,,,
U02580,2024,THE_2024,,,
U02581,2024,THE_2024,,,
U02582,2024,THE_2024,,,
U02583,2024,THE_2024,,,
U02584,2024,THE_2024,,,
U02585,2024,THE_2024,,,
U02586,2024,THE_2024,,,
U02587,2024,THE_2024,,,
U02588,2024,THE_2024,,,
U02589,2024,THE_2024,,,
U02590,2024,THE_2024,,,
U02591,2024,THE_2024,,,
U02592,2024,THE_2024,,,
U02593,2024,THE_2024,,,
U02594,2024,THE_2024,,,
U02595,2024,THE_2024,,,
U02596,2024,THE_2024,,,
U02597,2024,THE_2024,,,
U02598,2024,THE_2024,,,
U02599,2024,THE_2024,,,
U02600,2024,THE_2024,,,
U02601,2024,THE_2024,,,
U02602,2024,THE_2024,,,
U02603,2024,THE_2024,,,
U02604,2024,THE_2024,,,
U02605,2024,THE_2024,,,
U02606,2024,THE_2024,,,
U02607,2024,THE_2024,,,
U02608,2024,THE_2024,,,
U02609,2024,THE_2024,,,
U02610,2024,THE_2024,,,
U02611,2024,THE_2024,,,
U02612,2024,THE_2024,,,
U02613,2024,THE_2024,,,
U02614,2024,THE_2024,,,
U02615,2024,THE_2024,,,
U02616,2024,THE_2024,,,
U02617,2024,THE_2024,,,
U02618,2024,THE_2024,,,
U02619,2024,THE_2024,,,
U02620,2024,THE_2024,,,
U02621,2024,THE_2024,,,
U02622,2024,THE_2024,,,
U02623,2024,THE_2024,,,
U02624,2024,THE_2024,,,
U02625,2024,THE_2024,,,
U02626,2024,THE_2024,,,
U02627,2024,THE_2024,,,
U02628,2024,THE_2024,,,
U02629,2024,THE_2024,,,
U02630,2024,THE_2024,,,
U02631,2024,THE_2024,,,
U02632,2024,THE_2024,,,
U02633,2024,THE_2024,,,
U02634,2024,THE_2024,,,
U02635,2024,THE_2024,,,
U02636,2024,THE_2024,,,
U02637,2024,THE_2024,,,
U02638,2024,THE_2024,,,
U02639,2024,THE_2024,,,
U02640,2024,THE_2024,,,
U02641,2024,THE_2024,,,
U02642,2024,THE_2024,,,
U02643,2024,THE_2024,,,
U02644,2024,THE_2024,,,
U02645,2024,THE_2024,,,
U02646,2024,THE_2024,,,
U02647,2024,THE_2024,,,
U02648,2024,THE_2024,,,
U02649,2024,THE_2024,,,
U02650,2024,THE_2024,,,
U02651,2024,THE_2024,,,
U02652,2024,THE_2024,,,
U02653,2024,THE_2024,,,
U02654,2024,THE_2024,,,
U02655,2024,THE_2024,,,
U02656,2024,THE_2024,,,
U02657,2024,THE_2024,,,
U02658,2024,THE_2024,,,
U02659,2024,THE_2024,,,
U02660,2024,THE_2024,,,
U02661,2024,THE_2024,,,
U02662,2024,THE_2024,,,
U02663,2024,THE_2024,,,
U02664,2024,THE_2024,,,
U02665,2024,THE_2024,,,
U02666,2024,THE_2024,,,
U02667,2024,THE_2024,,,
U02668,2024,THE_2024,,,
U02669,2024,THE_2024,,,
U02670,2024,THE_2024,,,
U02671,2024,THE_2024,,,
U02672,2024,THE_2024,,,
U02673,2024,THE_2024,,,
U02674,2024,THE_2024,,,
U02675,2024,THE_2024,,,
U02676,2024,THE_2024,,,
U02677,2024,THE_2024,,,
U02678,2024,THE_2024,,,
U02679,2024,THE_2024,,,
U02680,2024,THE_2024,,,
U02681,2024,THE_2024,,,
U02682,2024,THE_2024,,,
U02683,2024,THE_2024,,,
U02684,2024,THE_2024,,,
U02685,2024,THE_2024,,,
U02686,2024,THE_2024,,,
U02687,2024,THE_2024,,,
U02688,2024,THE_2024,,,
U02689,2024,THE_2024,,,
U02690,2024,THE_2024,,,
U02691,2024,THE_2024,,,
U02692,2024,THE_2024,,,
U02693,2024,THE_2024,,,
U02694,2024,THE_2024,,,
U02695,2024,THE_2024,,,
U02696,2024,THE_2024,,,
U02697,2024,THE_2024,,,
U02698,2024,THE_2024,,,
U02699,2024,THE_2024,,,
U02700,2024,THE_2024,,,
U02701,2024,THE_2024,,,
U02702,2024,THE_2024,,,
U02703,2024,THE_2024,,,
U02704,2024,THE_2024,,,
U02705,2024,THE_2024,,,
U02706,2024,THE_2024,,,
U02707,2024,THE_2024,,,
U02708,2024,THE_2024,,,
U02709,2024,THE_2024,,,
U02710,2024,THE_2024,,,
U02711,2024,THE_2024,,,
U02712,2024,THE_2024,,,
U02713,2024,THE_2024,,,
U02714,2024,THE_2024,,,
U02715,2024,THE_2024,,,
U02716,2024,THE_2024,,,
U02717,2024,THE_2024,,,
U02718,2024,THE_2024,,,
U02719,2024,THE_2024,,,
U02720,2024,THE_2024,,,
U02721,2024,THE_2024,,,
U02722,2024,THE_2024,,,
U02723,2024,THE_2024,,,
U02724,2024,THE_2024,,,
U02725,2024,THE_2024,,,
U02726,2024,THE_2024,,,
U02727,2024,THE_2024,,,
U02728,2024,THE_2024,,,
U02729,2024,THE_2024,,,
U02730,2024,THE_2024,,,
U02731,2024,THE_2024,,,
U02732,2024,THE_2024,,,
U02733,2024,THE_2024,,,
U02734,2024,THE_2024,,,
U02735,2024,THE_2024,,,
U02736,2024,THE_2024,,,
U02737,2024,THE_2024,,,
U02738,2024,THE_2024,,,
U02739,2024,THE_2024,,,
U02740,2024,THE_2024,,,
U02741,2024,THE_2024,,,
U02742,2024,THE_2024,,,
U02743,2024,THE_2024,,,
U02744,2024,THE_2024,,,
U02745,2024,THE_2024,,,
U02746,2024,THE_2024,,,
U02747,2024,THE_2024,,,
U02748,2024,THE_2024,,,
U02749,2024,THE_2024,,,
U02750,2024,THE_2024,,,
U02751,2024,THE_2024,,,
U02752,2024,THE_2024,,,
U02753,2024,THE_2024,,,
U02754,2024,THE_2024,,,
U02755,2024,THE_2024,,,
U02756,2024,THE_2024,,,
U02757,2024,THE_2024,,,
U02758,2024,THE_2024,,,
U02759,2024,THE_2024,,,
U02760,2024,THE_2024,,,
U02761,2024,THE_2024,,,
U02762,2024,THE_2024,,,
U02763,2024,THE_2024,,,
U02764,2024,THE_2024,,,
U02765,2024,THE_2024,,,
U02766,2024,THE_2024,,,
U02767,2024,THE_2024,,,
U02768,2024,THE_2024,,,
U02769,2024,THE_2024,,,
U02770,2024,THE_2024,,,
U02771,2024,THE_2024,,,
U02772,2024,THE_2024,,,
U02773,2024,THE_2024,,,
U02774,2024,THE_2024,,,
U02775,2024,THE_2024,,,
U02776,2024,THE_2024,,,
U02777,2024,THE_2024,,,
U02778,2024,THE_2024,,,
U02779,2024,THE_2024,,,
U02780,2024,THE_2024,,,
U02781,2024,THE_2024,,,
U02782,2024,THE_2024,,,
U02783,2024,THE_2024,,,
U02784,2024,THE_2024,,,
U02785,2024,THE_2024,,,
U02786,2024,THE_2024,,,
U02787,2024,THE_2024,,,
U02788,2024,THE_2024,,,
U02789,2024,THE_2024,,,
U02790,2024,THE_2024,,,
U02791,2024,THE_2024,,,
U02792,2024,THE_2024,,,
U02793,2024,THE_2024,,,
U02794,2024,THE_2024,,,
U02795,2024,THE_2024,,,
U02796,2024,THE_2024,,,
U02797,2024,THE_2024,,,
U02798,2024,THE_2024,,,
U02799,2024,THE_2024,,,
U02800,2024,THE_2024,,,
U02801,2024,THE_2024,,,
U02802,2024,THE_2024,,,
U02803,2024,THE_2024,,,
U02804,2024,THE_2024,,,
U02805,2024,THE_2024,,,
U02806,2024,THE_2024,,,
U02807,2024,THE_2024,,,
U02808,2024,THE_2024,,,
U02809,2024,THE_2024,,,
U02810,2024,THE_2024,,,
U02811,2024,THE_2024,,,
U02812,2024,THE_2024,,,
U02813,2024,THE_2024,,,
U02814,2024,THE_2024,,,
U02815,2024,THE_2024,,,
U02816,2024,THE_2024,,,
U02817,2024,THE_2024,,,
U02818,2024,THE_2024,,,
U02819,2024,THE_2024,,,
U02820,2024,THE_2024,,,
U02821,2024,THE_2024,,,
U02822,2024,THE_2024,,,
U02823,2024,THE_2024,,,
U02824,2024,THE_2024,,,
U02825,2024,THE_2024,,,
U02826,2024,THE_2024,,,
U02827,2024,THE_2024,,,
U02828,2024,THE_2024,,,
U02829,2024,THE_2024,,,
U02830,2024,THE_2024,,,
U02831,2024,THE_2024,,,
U02832,2024,THE_2024,,,
U02833,2024,THE_2024,,,
U02834,2024,THE_2024,,,
U02835,2024,THE_2024,,,
U02836,2024,THE_2024,,,
U02837,2024,THE_2024,,,
U02838,2024,THE_2024,,,
U02839,2024,THE_2024,,,
U02840,2024,THE_2024,,,
U02841,2024,THE_2024,,,
U02842,2024,THE_2024,,,
U02843,2024,THE_2024,,,
U02844,2024,THE_2024,,,
U02845,2024,THE_2024,,,
U02846,2024,THE_2024,,,
U02847,2024,THE_2024,,,
U02848,2024,THE_2024,,,
U02849,2024,THE_2024,,,
U02850,2024,THE_2024,,,
U02851,2024,THE_2024,,,
U02852,2024,THE_2024,,,
U02853,2024,THE_2024,,,
U02854,2024,THE_2024,,,
U02855,2024,THE_2024,,,
U02856,2024,THE_2024,,,
U02857,2024,THE_2024,,,
U02858,2024,THE_2024,,,
U02859,2024,THE_2024,,,
U02860,2024,THE_2024,,,
U02861,2024,THE_2024,,,
U02862,2024,THE_2024,,,
U02863,2024,THE_2024,,,
U02864,2024,THE_2024,,,
U02865,2024,THE_2024,,,
U02866,2024,THE_2024,,,
U02867,2024,THE_2024,,,
U02868,2024,THE_2024,,,
U02869,2024,THE_2024,,,
U02870,2024,THE_2024,,,
U02871,2024,THE_2024,,,
U02872,2024,THE_2024,,,
U02873,2024,THE_2024,,,
U02874,2024,THE_2024,,,
U02875,2024,THE_2024,,,
U02876,2024,THE_2024,,,
U02877,2024,THE_2024,,,
U02878,2024,THE_2024,,,
U02879,2024,THE_2024,,,
U02880,2024,THE_2024,,,
U02881,2024,THE_2024,,,
U02882,2024,THE_2024,,,
U02883,2024,THE_2024,,,
U02884,2024,THE_2024,,,
U02885,2024,THE_2024,,,
U02886,2024,THE_2024,,,
U02887,2024,THE_2024,,,
U02888,2024,THE_2024,,,
U02889,2024,THE_2024,,,
U02890,2024,THE_2024,,,
U02891,2024,THE_2024,,,
U02892,2024,THE_2024,,,
U02893,2024,THE_2024,,,
U02894,2024,THE_2024,,,
U02895,2024,THE_2024,,,
U02896,2024,THE_2024,,,
U02897,2024,THE_2024,,,
U02898,2024,THE_2024,,,
U02899,2024,THE_2024,,,
U02900,2024,THE_2024,,,
U02901,2024,THE_2024,,,
U02902,2024,THE_2024,,,
U02903,2024,THE_2024,,,
U02904,2024,THE_2024,,,
U02905,2024,THE_2024,,,
U02906,2024,THE_2024,,,
U02907,2024,THE_2024,,,
U02908,2024,THE_2024,,,
U02909,2024,THE_2024,,,
U02910,2024,THE_2024,,,
U02911,2024,THE_2024,,,
U02912,2024,THE_2024,,,
U02913,2024,THE_2024,,,
U02914,2024,THE_2024,,,
U02915,2024,THE_2024,,,
U02916,2024,THE_2024,,,
U02917,2024,THE_2024,,,
U02918,2024,THE_2024,,,
U02919,2024,THE_2024,,,
U02920,2024,THE_2024,,,
U02921,2024,THE_2024,,,
U02922,2024,THE_2024,,,
U02923,2024,THE_2024,,,
U02924,2024,THE_2024,,,
U02925,2024,THE_2024,,,
U02926,2024,THE_2024,,,
U02927,2024,THE_2024,,,
U02928,2024,THE_2024,,,
U02929,2024,THE_2024,,,
U02930,2024,THE_2024,,,
U02931,2024,THE_2024,,,
U02932,2024,THE_2024,,,
U02933,2024,THE_2024,,,
U02934,2024,THE_2024,,,
U02935,2024,THE_2024,,,
U02936,2024,THE_2024,,,
U02937,2024,THE_2024,,,
U02938,2024,THE_2024,,,
U02939,2024,THE_2024,,,
U02940,2024,THE_2024,,,
U02941,2024,THE_2024,,,
U02942,2024,THE_2024,,,
U02943,2024,THE_2024,,,
U02944,2024,THE_2024,,,
U02945,2024,THE_2024,,,
U02946,2024,THE_2024,,,
U02947,2024,THE_2024,,,
U02948,2024,THE_2024,,,
U02949,2024,THE_2024,,,
U02950,2024,THE_2024,,,
U02951,2024,THE_2024,,,
U02952,2024,THE_2024,,,
U02953,2024,THE_2024,,,
U02954,2024,THE_2024,,,
U02955,2024,THE_2024,,,
U02956,2024,THE_2024,,,
U02957,2024,THE_2024,,,
U02958,2024,THE_2024,,,
U02959,2024,THE_2024,,,
U02960,2024,THE_2024,,,
U02961,2024,THE_2024,,,
U02962,2024,THE_2024,,,
U02963,2024,THE_2024,,,
U02964,2024,THE_2024,,,
U02965,2024,THE_2024,,,
U02966,2024,THE_2024,,,
U02967,2024,THE_2024,,,
U02968,2024,THE_2024,,,
U02969,2024,THE_2024,,,
U02970,2024,THE_2024,,,
U02971,2024,THE_2024,,,
U02972,2024,THE_2024,,,
U02973,2024,THE_2024,,,
U02974,2024,THE_2024,,,
U02975,2024,THE_2024,,,
U02976,2024,THE_2024,,,
U02977,2024,THE_2024,,,
U02978,2024,THE_2024,,,
U02979,2024,THE_2024,,,
U02980,2024,THE_2024,,,
U02981,2024,THE_2024,,,
U02982,2024,THE_2024,,,
U02983,2024,THE_2024,,,
U02984,2024,THE_2024,,,
U02985,2024,THE_2024,,,
U02986,2024,THE_2024,,,
U02987,2024,THE_2024,,,
U02988,2024,THE_2024,,,
U02989,2024,THE_2024,,,
U02990,2024,THE_2024,,,
U02991,2024,THE_2024,,,
U02992,2024,THE_2024,,,
U02993,2024,THE_2024,,,
U02994,2024,THE_2024,,,
U02995,2024,THE_2024,,,
U02996,2024,THE_2024,,,
U02997,2024,THE_2024,,,
U02998,2024,THE_2024,,,
U02999,2024,THE_2024,,,
U03000,2024,THE_2024,,,
U03001,2024,THE_2024,,,
U03002,2024,THE_2024,,,
U03003,2024,THE_2024,,,
U03004,2024,THE_2024,,,
U03005,2024,THE_2024,,,
U03006,2024,THE_2024,,,
U03007,2024,THE_2024,,,
U03008,2024,THE_2024,,,
U03009,2024,THE_2024,,,
U03010,2024,THE_2024,,,
U03011,2024,THE_2024,,,
U03012,2024,THE_2024,,,
U03013,2024,THE_2024,,,
U03014,2024,THE_2024,,,
U03015,2024,THE_2024,,,
U03016,2024,THE_2024,,,
U03017,2024,THE_2024,,,
U03018,2024,THE_2024,,,
U03019,2024,THE_2024,,,
U03020,2024,THE_2024,,,
U03021,2024,THE_2024,,,
U03022,2024,THE_2024,,,
U03023,2024,THE_2024,,,
U03024,2024,THE_2024,,,
U03025,2024,THE_2024,,,
U03026,2024,THE_2024,,,
U03027,2024,THE_2024,,,
U03028,2024,THE_2024,,,
U03029,2024,THE_2024,,,
U03030,2024,THE_2024,,,
U03031,2024,THE_2024,,,
U03032,2024,THE_2024,,,
U03033,2024,THE_2024,,,
U03034,2024,THE_2024,,,
U03035,2024,THE_2024,,,
U03036,2024,THE_2024,,,
U03037,2024,THE_2024,,,
U03038,2024,THE_2024,,,
U03039,2024,THE_2024,,,
U03040,2024,THE_2024,,,
U03041,2024,THE_2024,,,
U03042,2024,THE_2024,,,
U03043,2024,THE_2024,,,
U03044,2024,THE_2024,,,
U03045,2024,THE_2024,,,
U03046,2024,THE_2024,,,
U03047,2024,THE_2024,,,
U03048,2024,THE_2024,,,
U03049,2024,THE_2024,,,
U03050,2024,THE_2024,,,
U03051,2024,THE_2024,,,
U03052,2024,THE_2024,,,
U03053,2024,THE_2024,,,
U03054,2024,THE_2024,,,
U03055,2024,THE_2024,,,
U03056,2024,THE_2024,,,
U03057,2024,THE_2024,,,
U03058,2024,THE_2024,,,
U03059,2024,THE_2024,,,
U03060,2024,THE_2024,,,
U03061,2024,THE_2024,,,
U03062,2024,THE_2024,,,
U03063,2024,THE_2024,,,
U03064,2024,THE_2024,,,
U03065,2024,THE_2024,,,
U03066,2024,THE_2024,,,
U03067,2024,THE_2024,,,
U03068,2024,THE_2024,,,
U03069,2024,THE_2024,,,
U03070,2024,THE_2024,,,
U03071,2024,THE_2024,,,
U03072,2024,THE_2024,,,
U03073,2024,THE_2024,,,
U03074,2024,THE_2024,,,
U03075,2024,THE_2024,,,
U03076,2024,THE_2024,,,
U03077,2024,THE_2024,,,
U03078,2024,THE_2024,,,
U03079,2024,THE_2024,,,
U03080,2024,THE_2024,,,
U03081,2024,THE_2024,,,
U03082,2024,THE_2024,,,
U03083,2024,THE_2024,,,
U03084,2024,THE_2024,,,
U03085,2024,THE_2024,,,
U03086,2024,THE_2024,,,
U03087,2024,THE_2024,,,
U03088,2024,THE_2024,,,
U03089,2024,THE_2024,,,
U03090,2024,THE_2024,,,
U03091,2024,THE_2024,,,
U03092,2024,THE_2024,,,
U03093,2024,THE_2024,,,
U03094,2024,THE_2024,,,
U03095,2024,THE_2024,,,
U03096,2024,THE_2024,,,
U03097,2024,THE_2024,,,
U03098,2024,THE_2024,,,
U03099,2024,THE_2024,,,
U03100,2024,THE_2024,,,
U03101,2024,THE_2024,,,
U03102,2024,THE_2024,,,
U03103,2024,THE_2024,,,
U03104,2024,THE_2024,,,
U03105,2024,THE_2024,,,
U03106,2024,THE_2024,,,
U03107,2024,THE_2024,,,
U03108,2024,THE_2024,,,
U03109,2024,THE_2024,,,
U03110,2024,THE_2024,,,
U03111,2024,THE_2024,,,
U03112,2024,THE_2024,,,
U03113,2024,THE_2024,,,
U03114,2024,THE_2024,,,
U03115,2024,THE_2024,,,
U03116,2024,THE_2024,,,
U03117,2024,THE_2024,,,
U03118,2024,THE_2024,,,
U03119,2024,THE_2024,,,
U03120,2024,THE_2024,,,
U03121,2024,THE_2024,,,
U03122,2024,THE_2024,,,
U03123,2024,THE_2024,,,
U03124,2024,THE_2024,,,
U03125,2024,THE_2024,,,
U03126,2024,THE_2024,,,
U03127,2024,THE_2024,,,
U03128,2024,THE_2024,,,
U03129,2024,THE_2024,,,
U03130,2024,THE_2024,,,
U03131,2024,THE_2024,,,
U03132,2024,THE_2024,,,
U03133,2024,THE_2024,,,
U03134,2024,THE_2024,,,
U03135,2024,THE_2024,,,
U03136,2024,THE_2024,,,
U03137,2024,THE_2024,,,
U03138,2024,THE_2024,,,
U03139,2024,THE_2024,,,
U03140,2024,THE_2024,,,
U03141,2024,THE_2024,,,
U03142,2024,THE_2024,,,
U03143,2024,THE_2024,,,
U03144,2024,THE_2024,,,
U03145,2024,THE_2024,,,
U03146,2024,THE_2024,,,
U03147,2024,THE_2024,,,
U03148,2024,THE_2024,,,
U03149,2024,THE_2024,,,
U03150,2024,THE_2024,,,
U03151,2024,THE_2024,,,
U03152,2024,THE_2024,,,
U03153,2024,THE_2024,,,
U03154,2024,THE_2024,,,
U03155,2024,THE_2024,,,
U03156,2024,THE_2024,,,
U03157,2024,THE_2024,,,
U03158,2024,THE_2024,,,
U03159,2024,THE_2024,,,
U03160,2024,THE_2024,,,
U03161,2024,THE_2024,,,
U03162,2024,THE_2024,,,
U03163,2024,THE_2024,,,
U03164,2024,THE_2024,,,
U03165,2024,THE_2024,,,
U03166,2024,THE_2024,,,
U03167,2024,THE_2024,,,
U03168,2024,THE_2024,,,
U03169,2024,THE_2024,,,
U03170,2024,THE_2024,,,
U03171,2024,THE_2024,,,
U03172,2024,THE_2024,,,
U03173,2024,THE_2024,,,
U03174,2024,THE_2024,,,
U03175,2024,THE_2024,,,
U03176,2024,THE_2024,,,
U03177,2024,THE_2024,,,
U03178,2024,THE_2024,,,
U03179,2024,THE_2024,,,
U03180,2024,THE_2024,,,
U03181,2024,THE_2024,,,
U03182,2024,THE_2024,,,
U03183,2024,THE_2024,,,
U03184,2024,THE_2024,,,
U03185,2024,THE_2024,,,
U03186,2024,THE_2024,,,
U03187,2024,THE_2024,,,
U03188,2024,THE_2024,,,
U03189,2024,THE_2024,,,
U03190,2024,THE_2024,,,
U03191,2024,THE_2024,,,
U03192,2024,THE_2024,,,
U03193,2024,THE_2024,,,
U03194,2024,THE_2024,,,
U03195,2024,THE_2024,,,
U03196,2024,THE_2024,,,
U03197,2024,THE_2024,,,
U03198,2024,THE_2024,,,
U03199,2024,THE_2024,,,
U03200,2024,THE_2024,,,
U03201,2024,THE_2024,,,
U03202,2024,THE_2024,,,
U03203,2024,THE_2024,,,
U03204,2024,THE_2024,,,
U03205,2024,THE_2024,,,
U03206,2024,THE_2024,,,
U03207,2024,THE_2024,,,
U03208,2024,THE_2024,,,
U03209,2024,THE_2024,,,
U03210,2024,THE_2024,,,
U03211,2024,THE_2024,,,
U03212,2024,THE_2024,,,
U03213,2024,THE_2024,,,
U03214,2024,THE_2024,,,
U03215,2024,THE_2024,,,
U03216,2024,THE_2024,,,
U03217,2024,THE_2024,,,
U03218,2024,THE_2024,,,
U03219,2024,THE_2024,,,
U03220,2024,THE_2024,,,
U03221,2024,THE_2024,,,
U03222,2024,THE_2024,,,
U03223,2024,THE_2024,,,
U03224,2024,THE_2024,,,
U03225,2024,THE_2024,,,
U03226,2024,THE_2024,,,
U03227,2024,THE_2024,,,
U03228,2024,THE_2024,,,
U03229,2024,THE_2024,,,
U03230,2024,THE_2024,,,
U03231,2024,THE_2024,,,
U03232,2024,THE_2024,,,
U03233,2024,THE_2024,,,
U03234,2024,THE_2024,,,
U03235,2024,THE_2024,,,
U03236,2024,THE_2024,,,
U03237,2024,THE_2024,,,
U03238,2024,THE_2024,,,
U03239,2024,THE_2024,,,
U03240,2024,THE_2024,,,
U03241,2024,THE_2024,,,
U03242,2024,THE_2024,,,
U03243,2023,WUR_2023,95.4,90.7,93.05000000000001
U03244,2023,WUR_2023,88.8,97.7,93.25
U03245,2023,WUR_2023,97.4,88.0,92.7
U03246,2023,WUR_2023,96.7,80.4,88.55000000000001
U03247,2023,WUR_2023,93.0,90.2,91.6
U03248,2023,WUR_2023,74.5,97.1,85.8
U03249,2023,WUR_2023,82.2,84.5,83.35
U03250,2023,WUR_2023,74.1,92.4,83.25
U03251,2023,WUR_2023,78.3,87.4,82.85
U03252,2023,WUR_2023,75.9,85.8,80.85
U03253,2023,WUR_2023,70.7,84.5,77.6
U03254,2023,WUR_2023,74.9,86.7,80.80000000000001
U03255,2023,WUR_2023,61.5,96.0,78.75
U03256,2023,WUR_2023,61.1,95.7,78.4
U03257,2023,WUR_2023,72.4,82.5,77.45
U03258,2023,WUR_2023,73.5,75.5,74.5
U03259,2023,WUR_2023,68.8,94.0,81.4
U03260,2023,WUR_2023,66.5,84.3,75.4
U03261,2023,WUR_2023,63.7,91.3,77.5
U03262,2023,WUR_2023,63.4,87.7,75.55
U03263,2023,WUR_2023,69.2,81.8,75.5
U03264,2023,WUR_2023,74.8,62.8,68.8
U03265,2023,WUR_2023,59.0,85.9,72.45
U03266,2023,WUR_2023,52.2,98.8,75.5
U03267,2023,WUR_2023,64.9,78.8,71.85
U03268,2023,WUR_2023,57.6,90.4,74.0
U03269,2023,WUR_2023,53.4,98.6,76.0
U03270,2023,WUR_2023,64.4,86.6,75.5
U03271,2023,WUR_2023,68.9,63.9,66.4
U03272,2023,WUR_2023,57.0,86.7,71.85
U03273,2023,WUR_2023,57.1,95.6,76.35
U03274,2023,WUR_2023,50.8,96.5,73.65
U03275,2023,WUR_2023,51.1,94.6,72.85
U03276,2023,WUR_2023,64.3,75.6,69.94999999999999
U03277,2023,WUR_2023,58.2,84.5,71.35
U03278,2023,WUR_2023,51.8,92.2,72.0
U03279,2023,WUR_2023,56.1,86.0,71.05
U03280,2023,WUR_2023,62.4,74.8,68.6
U03281,2023,WUR_2023,66.0,65.7,65.85
U03282,2023,WUR_2023,53.0,79.9,66.45
U03283,2023,WUR_2023,36.7,91.9,64.30000000000001
U03284,2023,WUR_2023,56.9,81.2,69.05
U03285,2023,WUR_2023,49.6,88.1,68.85
U03286,2023,WUR_2023,53.2,75.8,64.5
U03287,2023,WUR_2023,51.2,83.4,67.30000000000001
U03288,2023,WUR_2023,52.8,80.8,66.8
U03289,2023,WUR_2023,44.8,89.3,67.05
U03290,2023,WUR_2023,46.4,89.5,67.95
U03291,2023,WUR_2023,64.2,56.9,60.55
U03292,2023,WUR_2023,54.4,75.4,64.9
U03293,2023,WUR_2023,42.1,90.5,66.3
U03294,2023,WUR_2023,41.3,94.8,68.05
U03295,2023,WUR_2023,45.4,82.6,64.0
U03296,2023,WUR_2023,44.3,85.4,64.85
U03297,2023,WUR_2023,40.0,96.0,68.0
U03298,2023,WUR_2023,51.6,85.5,68.55
U03299,2023,WUR_2023,45.2,87.8,66.5
U03300,2023,WUR_2023,42.9,90.6,66.75
U03301,2023,WUR_2023,53.8,75.2,64.5
U03302,2023,WUR_2023,47.9,79.6,63.75
U03303,2023,WUR_2023,55.7,62.0,58.85
U03304,2023,WUR_2023,50.7,69.1,59.9
U03305,2023,WUR_2023,43.8,88.7,66.25
U03306,2023,WUR_2023,40.8,80.2,60.5
U03307,2023,WUR_2023,47.3,79.4,63.35
U03308,2023,WUR_2023,51.4,67.7,59.55
U03309,2023,WUR_2023,42.9,95.5,69.2
U03310,2023,WUR_2023,34.4,96.8,65.6
U03311,2023,WUR_2023,30.2,96.2,63.2
U03312,2023,WUR_2023,39.4,85.5,62.45
U03313,2023,WUR_2023,54.0,59.4,56.7
U03314,2023,WUR_2023,42.0,85.9,63.95
U03315,2023,WUR_2023,37.7,89.4,63.550000000000004
U03316,2023,WUR_2023,48.2,79.0,63.6
U03317,2023,WUR_2023,47.0,78.7,62.85
U03318,2023,WUR_2023,43.4,89.9,66.65
U03319,2023,WUR_2023,38.8,91.1,64.94999999999999
U03320,2023,WUR_2023,36.5,74.8,55.65
U03321,2023,WUR_2023,43.9,81.4,62.650000000000006
U03322,2023,WUR_2023,39.4,91.5,65.45
U03323,2023,WUR_2023,38.9,88.5,63.7
U03324,2023,WUR_2023,55.5,60.1,57.8
U03325,2023,WUR_2023,39.9,81.3,60.599999999999994
U03326,2023,WUR_2023,54.2,57.8,56.0
U03327,2023,WUR_2023,33.5,87.8,60.65
U03328,2023,WUR_2023,27.6,94.0,60.8
U03329,2023,WUR_2023,47.5,68.8,58.15
U03330,2023,WUR_2023,37.9,84.4,61.150000000000006
U03331,2023,WUR_2023,33.5,83.0,58.25
U03332,2023,WUR_2023,29.7,95.0,62.35
U03333,2023,WUR_2023,28.8,99.7,64.25
U03334,2023,WUR_2023,46.4,62.9,54.65
U03335,2023,WUR_2023,48.7,61.5,55.1
U03336,2023,WUR_2023,36.0,78.5,57.25
U03337,2023,WUR_2023,30.7,79.2,54.95
U03338,2023,WUR_2023,30.2,88.8,59.5
U03339,2023,WUR_2023,35.8,79.3,57.55
U03340,2023,WUR_2023,36.5,80.9,58.7
U03341,2023,WUR_2023,44.6,70.4,57.5
U03342,2023,WUR_2023,39.7,86.0,62.85
U03343,2023,WUR_2023,37.3,76.9,57.1
U03344,2023,WUR_2023,43.6,73.0,58.3
U03345,2023,WUR_2023,28.3,99.9,64.10000000000001
U03346,2023,WUR_2023,40.2,69.4,54.800000000000004
U03347,2023,WUR_2023,61.5,43.3,52.4
U03348,2023,WUR_2023,18.0,87.9,52.95
U03349,2023,WUR_2023,23.3,91.4,57.35
U03350,2023,WUR_2023,33.1,92.4,62.75
U03351,2023,WUR_2023,42.1,67.9,55.0
U03352,2023,WUR_2023,21.3,97.4,59.35
U03353,2023,WUR_2023,25.4,99.8,62.599999999999994
U03354,2023,WUR_2023,32.0,92.8,62.4
U03355,2023,WUR_2023,31.0,90.9,60.95
U03356,2023,WUR_2023,35.5,79.9,57.7
U03357,2023,WUR_2023,32.3,80.1,56.199999999999996
U03358,2023,WUR_2023,29.4,79.5,54.45
U03359,2023,WUR_2023,32.9,76.4,54.650000000000006
U03360,2023,WUR_2023,35.8,76.4,56.1
U03361,2023,WUR_2023,41.8,65.3,53.55
U03362,2023,WUR_2023,28.8,80.5,54.65
U03363,2023,WUR_2023,32.7,84.5,58.6
U03364,2023,WUR_2023,41.8,62.9,52.349999999999994
U03365,2023,WUR_2023,32.9,83.2,58.05
U03366,2023,WUR_2023,19.8,99.4,59.6
U03367,2023,WUR_2023,33.7,75.0,54.35
U03368,2023,WUR_2023,38.0,60.9,49.45
U03369,2023,WUR_2023,47.2,57.6,52.400000000000006
U03370,2023,WUR_2023,36.8,76.3,56.55
U03371,2023,WUR_2023,36.9,82.2,59.55
U03372,2023,WUR_2023,46.6,61.7,54.150000000000006
U03373,2023,WUR_2023,29.8,82.3,56.05
U03374,2023,WUR_2023,36.2,73.7,54.95
U03375,2023,WUR_2023,44.3,67.9,56.1
U03376,2023,WUR_2023,22.1,91.6,56.849999999999994
U03377,2023,WUR_2023,16.3,99.0,57.65
U03378,2023,WUR_2023,31.2,80.8,56.0
U03379,2023,WUR_2023,27.8,79.5,53.65
U03380,2023,WUR_2023,22.6,83.2,52.900000000000006
U03381,2023,WUR_2023,33.7,67.7,50.7
U03382,2023,WUR_2023,23.5,96.0,59.75
U03383,2023,WUR_2023,20.3,97.0,58.65
U03384,2023,WUR_2023,30.9,74.3,52.599999999999994
U03385,2023,WUR_2023,33.6,72.1,52.849999999999994
U03386,2023,WUR_2023,35.8,75.2,55.5
U03387,2023,WUR_2023,45.3,56.4,50.849999999999994
U03388,2023,WUR_2023,21.5,99.9,60.7
U03389,2023,WUR_2023,20.4,80.0,50.2
U03390,2023,WUR_2023,15.8,89.4,52.6
U03391,2023,WUR_2023,36.1,70.4,53.25
U03392,2023,WUR_2023,26.8,76.1,51.449999999999996
U03393,2023,WUR_2023,48.6,47.5,48.05
U03394,2023,WUR_2023,32.2,63.1,47.650000000000006
U03395,2023,WUR_2023,28.4,79.0,53.7
U03396,2023,WUR_2023,38.6,59.0,48.8
U03397,2023,WUR_2023,20.7,99.1,59.9
U03398,2023,WUR_2023,19.2,97.8,58.5
U03399,2023,WUR_2023,25.3,80.4,52.85
U03400,2023,WUR_2023,8.9,100.0,54.45
U03401,2023,WUR_2023,26.9,77.6,52.25
U03402,2023,WUR_2023,17.7,89.6,53.65
U03403,2023,WUR_2023,35.8,50.1,42.95
U03404,2023,WUR_2023,9.4,99.3,54.35
U03405,2023,WUR_2023,37.1,56.2,46.650000000000006
U03406,2023,WUR_2023,9.8,98.4,54.1
U03407,2023,WUR_2023,22.1,90.0,56.05
U03408,2023,WUR_2023,38.4,62.2,50.3
U03409,2023,WUR_2023,32.6,61.2,46.900000000000006
U03410,2023,WUR_2023,11.1,93.3,52.199999999999996
U03411,2023,WUR_2023,20.1,79.6,49.849999999999994
U03412,2023,WUR_2023,15.3,90.1,52.699999999999996
U03413,2023,WUR_2023,31.4,71.8,51.599999999999994
U03414,2023,WUR_2023,27.0,81.3,54.15
U03415,2023,WUR_2023,32.6,73.9,53.25
U03416,2023,WUR_2023,25.5,88.0,56.75
U03417,2023,WUR_2023,11.7,89.0,50.35
U03418,2023,WUR_2023,11.0,82.8,46.9
U03419,2023,WUR_2023,8.8,100.0,54.4
U03420,2023,WUR_2023,11.6,98.5,55.05
U03421,2023,WUR_2023,10.6,97.3,53.949999999999996
U03422,2023,WUR_2023,20.9,98.4,59.650000000000006
U03423,2023,WUR_2023,46.7,38.4,42.55
U03424,2023,WUR_2023,13.2,100.0,56.6
U03425,2023,WUR_2023,21.5,79.7,50.6
U03426,2023,WUR_2023,29.6,72.3,50.95
U03427,2023,WUR_2023,23.1,67.0,45.05
U03428,2023,WUR_2023,19.8,94.7,57.25
U03429,2023,WUR_2023,24.7,70.6,47.65
U03430,2023,WUR_2023,40.8,40.8,40.8
U03431,2023,WUR_2023,30.1,55.9,43.0
U03432,2023,WUR_2023,30.5,59.1,44.8
U03433,2023,WUR_2023,8.5,97.0,52.75
U03434,2023,WUR_2023,34.4,63.9,49.15
U03435,2023,WUR_2023,31.5,58.1,44.8
U03436,2023,WUR_2023,30.1,64.1,47.099999999999994
U03437,2023,WUR_2023,11.0,99.9,55.45
U03438,2023,WUR_2023,31.0,60.5,45.75
U03439,2023,WUR_2023,12.6,83.2,47.9
U03440,2023,WUR_2023,21.8,87.1,54.449999999999996
U03441,2023,WUR_2023,38.1,54.5,46.3
U03442,2023,WUR_2023,10.3,99.9,55.1
U03443,2023,WUR_2023,9.8,100.0,54.9
U03444,2023,WUR_2023,37.7,57.0,47.35
U03445,2023,WUR_2023,37.7,58.0,47.85
U03446,2023,WUR_2023,12.6,92.1,52.349999999999994
U03447,2023,WUR_2023,16.0,99.2,57.6
U03448,2023,WUR_2023,17.1,75.6,46.349999999999994
U03449,2023,WUR_2023,37.4,38.1,37.75
U03450,2023,WUR_2023,29.6,78.4,54.0
U03451,2023,WUR_2023,10.0,90.4,50.2
U03452,2023,WUR_2023,21.4,64.3,42.849999999999994
U03453,2023,WUR_2023,33.1,67.0,50.05
U03454,2023,WUR_2023,8.9,98.4,53.650000000000006
U03455,2023,WUR_2023,24.3,69.2,46.75
U03456,2023,WUR_2023,11.1,97.7,54.4
U03457,2023,WUR_2023,28.7,45.3,37.0
U03458,2023,WUR_2023,11.8,93.8,52.8
U03459,2023,WUR_2023,21.1,69.9,45.5
U03460,2023,WUR_2023,8.2,99.9,54.050000000000004
U03461,2023,WUR_2023,11.6,90.0,50.8
U03462,2023,WUR_2023,30.8,51.6,41.2
U03463,2023,WUR_2023,27.5,61.2,44.35
U03464,2023,WUR_2023,31.3,54.8,43.05
U03465,2023,WUR_2023,13.1,88.1,50.599999999999994
U03466,2023,WUR_2023,24.2,76.2,50.2
U03467,2023,WUR_2023,15.4,78.4,46.900000000000006
U03468,2023,WUR_2023,22.6,84.8,53.7
U03469,2023,WUR_2023,23.1,79.5,51.3
U03470,2023,WUR_2023,8.5,96.4,52.45
U03471,2023,WUR_2023,31.4,40.5,35.95
U03472,2023,WUR_2023,9.5,100.0,54.75
U03473,2023,WUR_2023,8.4,96.7,52.550000000000004
U03474,2023,WUR_2023,13.4,84.0,48.7
U03475,2023,WUR_2023,10.3,95.0,52.65
U03476,2023,WUR_2023,21.5,59.5,40.5
U03477,2023,WUR_2023,9.5,99.9,54.7
U03478,2023,WUR_2023,25.2,58.3,41.75
U03479,2023,WUR_2023,16.6,75.7,46.150000000000006
U03480,2023,WUR_2023,22.4,71.5,46.95
U03481,2023,WUR_2023,18.9,81.2,50.05
U03482,2023,WUR_2023,27.6,62.4,45.0
U03483,2023,WUR_2023,8.5,97.1,52.8
U03484,2023,WUR_2023,22.8,78.0,50.4
U03485,2023,WUR_2023,24.0,65.5,44.75
U03486,2023,WUR_2023,12.8,93.6,53.199999999999996
U03487,2023,WUR_2023,20.2,81.6,50.9
U03488,2023,WUR_2023,19.6,73.6,46.599999999999994
U03489,2023,WUR_2023,20.8,75.3,48.05
U03490,2023,WUR_2023,23.8,71.3,47.55
U03491,2023,WUR_2023,12.0,91.6,51.8
U03492,2023,WUR_2023,10.8,90.3,50.55
U03493,2023,WUR_2023,9.2,96.8,53.0
U03494,2023,WUR_2023,15.5,87.5,51.5
U03495,2023,WUR_2023,12.0,88.0,50.0
U03496,2023,WUR_2023,31.2,44.4,37.8
U03497,2023,WUR_2023,10.0,65.5,37.75
U03498,2023,WUR_2023,22.2,64.5,43.35
U03499,2023,WUR_2023,9.5,81.0,45.25
U03500,2023,WUR_2023,27.6,48.5,38.05
U03501,2023,WUR_2023,13.0,83.8,48.4
U03502,2023,WUR_2023,20.9,62.3,41.599999999999994
U03503,2023,WUR_2023,9.1,79.7,44.4
U03504,2023,WUR_2023,22.8,72.5,47.65
U03505,2023,WUR_2023,8.6,77.0,42.8
U03506,2023,WUR_2023,18.3,69.7,44.0
U03507,2023,WUR_2023,15.8,61.4,38.6
U03508,2023,WUR_2023,27.5,45.3,36.4
U03509,2023,WUR_2023,18.3,65.8,42.05
U03510,2023,WUR_2023,19.6,66.5,43.05
U03511,2023,WUR_2023,33.2,52.8,43.0
U03512,2023,WUR_2023,21.2,56.0,38.6
U03513,2023,WUR_2023,9.0,71.2,40.1
U03514,2023,WUR_2023,24.8,59.4,42.1
U03515,2023,WUR_2023,16.7,53.9,35.3
U03516,2023,WUR_2023,17.0,80.1,48.55
U03517,2023,WUR_2023,10.1,73.8,41.949999999999996
U03518,2023,WUR_2023,8.2,74.0,41.1
U03519,2023,WUR_2023,8.4,89.4,48.900000000000006
U03520,2023,WUR_2023,12.5,88.9,50.7
U03521,2023,WUR_2023,23.3,48.7,36.0
U03522,2023,WUR_2023,18.2,49.6,33.9
U03523,2023,WUR_2023,10.4,79.7,45.050000000000004
U03524,2023,WUR_2023,15.8,70.5,43.15
U03525,2023,WUR_2023,18.9,72.9,45.900000000000006
U03526,2023,WUR_2023,25.8,52.8,39.3
U03527,2023,WUR_2023,9.0,83.1,46.05
U03528,2023,WUR_2023,19.3,59.3,39.3
U03529,2023,WUR_2023,14.3,76.9,45.6
U03530,2023,WUR_2023,8.3,87.6,47.949999999999996
U03531,2023,WUR_2023,23.9,42.5,33.2
U03532,2023,WUR_2023,10.1,82.0,46.05
U03533,2023,WUR_2023,9.1,86.0,47.55
U03534,2023,WUR_2023,10.7,85.1,47.9
U03535,2023,WUR_2023,17.5,69.6,43.55
U03536,2023,WUR_2023,14.9,56.1,35.5
U03537,2023,WUR_2023,12.6,73.3,42.949999999999996
U03538,2023,WUR_2023,12.5,66.5,39.5
U03539,2023,WUR_2023,33.4,35.8,34.599999999999994
U03540,2023,WUR_2023,18.3,58.9,38.6
U03541,2023,WUR_2023,12.4,60.9,36.65
U03542,2023,WUR_2023,26.7,32.2,29.450000000000003
U03543,2023,WUR_2023,9.3,82.3,45.8
U03544,2023,WUR_2023,8.5,82.6,45.55
U03545,2023,WUR_2023,19.2,76.3,47.75
U03546,2023,WUR_2023,13.6,67.5,40.55
U03547,2023,WUR_2023,13.9,50.1,32.0
U03548,2023,WUR_2023,12.1,86.3,49.199999999999996
U03549,2023,WUR_2023,14.4,74.2,44.300000000000004
U03550,2023,WUR_2023,30.3,50.8,40.55
U03551,2023,WUR_2023,17.8,54.6,36.2
U03552,2023,WUR_2023,8.2,76.8,42.5
U03553,2023,WUR_2023,8.5,71.4,39.95
U03554,2023,WUR_2023,11.4,79.3,45.35
U03555,2023,WUR_2023,22.3,73.1,47.699999999999996
U03556,2023,WUR_2023,13.5,60.9,37.2
U03557,2023,WUR_2023,9.7,80.1,44.9
U03558,2023,WUR_2023,22.7,47.6,35.15
U03559,2023,WUR_2023,8.5,74.9,41.7
U03560,2023,WUR_2023,25.3,52.1,38.7
U03561,2023,WUR_2023,11.1,75.1,43.099999999999994
U03562,2023,WUR_2023,8.0,90.3,49.15
U03563,2023,WUR_2023,24.4,62.0,43.2
U03564,2023,WUR_2023,39.9,25.2,32.55
U03565,2023,WUR_2023,16.0,61.3,38.65
U03566,2023,WUR_2023,27.1,57.1,42.1
U03567,2023,WUR_2023,17.4,57.6,37.5
U03568,2023,WUR_2023,24.6,50.7,37.650000000000006
U03569,2023,WUR_2023,21.3,52.4,36.85
U03570,2023,WUR_2023,31.1,42.4,36.75
U03571,2023,WUR_2023,10.8,78.6,44.699999999999996
U03572,2023,WUR_2023,24.3,53.0,38.65
U03573,2023,WUR_2023,16.9,60.5,38.7
U03574,2023,WUR_2023,19.3,73.5,46.4
U03575,2023,WUR_2023,23.1,73.3,48.2
U03576,2023,WUR_2023,26.7,58.4,42.55
U03577,2023,WUR_2023,9.9,80.4,45.150000000000006
U03578,2023,WUR_2023,14.7,75.9,45.300000000000004
U03579,2023,WUR_2023,11.2,75.5,43.35
U03580,2023,WUR_2023,9.0,82.8,45.9
U03581,2023,WUR_2023,22.3,61.5,41.9
U03582,2023,WUR_2023,18.5,70.8,44.65
U03583,2023,WUR_2023,19.8,55.7,37.75
U03584,2023,WUR_2023,8.6,78.0,43.3
U03585,2023,WUR_2023,21.4,64.5,42.95
U03586,2023,WUR_2023,23.1,59.6,41.35
U03587,2023,WUR_2023,19.3,53.7,36.5
U03588,2023,WUR_2023,13.0,50.8,31.9
U03589,2023,WUR_2023,14.0,50.8,32.4
U03590,2023,WUR_2023,26.6,32.5,29.55
U03591,2023,WUR_2023,11.4,41.2,26.3
U03592,2023,WUR_2023,16.3,51.2,33.75
U03593,2023,WUR_2023,15.2,49.7,32.45
U03594,2023,WUR_2023,20.9,50.6,35.75
U03595,2023,WUR_2023,8.7,67.8,38.25
U03596,2023,WUR_2023,22.4,51.5,36.95
U03597,2023,WUR_2023,27.6,30.4,29.0
U03598,2023,WUR_2023,24.6,39.8,32.2
U03599,2023,WUR_2023,13.9,43.3,28.599999999999998
U03600,2023,WUR_2023,19.9,35.6,27.75
U03601,2023,WUR_2023,10.6,67.5,39.05
U03602,2023,WUR_2023,25.2,38.4,31.799999999999997
U03603,2023,WUR_2023,25.5,34.5,30.0
U03604,2023,WUR_2023,16.3,48.9,32.6
U03605,2023,WUR_2023,14.4,52.4,33.4
U03606,2023,WUR_2023,25.4,29.5,27.45
U03607,2023,WUR_2023,11.1,69.5,40.3
U03608,2023,WUR_2023,14.6,56.7,35.65
U03609,2023,WUR_2023,14.2,58.0,36.1
U03610,2023,WUR_2023,11.8,62.0,36.9
U03611,2023,WUR_2023,19.1,42.2,30.650000000000002
U03612,2023,WUR_2023,9.9,67.2,38.550000000000004
U03613,2023,WUR_2023,9.0,74.6,41.8
U03614,2023,WUR_2023,13.8,36.8,25.299999999999997
U03615,2023,WUR_2023,19.3,46.0,32.65
U03616,2023,WUR_2023,21.3,55.7,38.5
U03617,2023,WUR_2023,11.7,64.0,37.85
U03618,2023,WUR_2023,14.4,60.1,37.25
U03619,2023,WUR_2023,21.9,52.8,37.349999999999994
U03620,2023,WUR_2023,14.8,69.9,42.35
U03621,2023,WUR_2023,24.0,50.1,37.05
U03622,2023,WUR_2023,27.5,34.2,30.85
U03623,2023,WUR_2023,15.6,57.0,36.3
U03624,2023,WUR_2023,32.0,36.0,34.0
U03625,2023,WUR_2023,12.1,62.9,37.5
U03626,2023,WUR_2023,9.9,66.4,38.150000000000006
U03627,2023,WUR_2023,9.2,61.7,35.45
U03628,2023,WUR_2023,17.6,54.7,36.150000000000006
U03629,2023,WUR_2023,18.6,47.3,32.95
U03630,2023,WUR_2023,14.4,54.6,34.5
U03631,2023,WUR_2023,9.9,51.2,30.55
U03632,2023,WUR_2023,16.1,39.5,27.8
U03633,2023,WUR_2023,9.6,68.4,39.0
U03634,2023,WUR_2023,11.0,60.5,35.75
U03635,2023,WUR_2023,10.2,61.5,35.85
U03636,2023,WUR_2023,35.6,27.5,31.55
U03637,2023,WUR_2023,9.6,65.3,37.449999999999996
U03638,2023,WUR_2023,23.0,46.3,34.65
U03639,2023,WUR_2023,14.2,55.2,34.7
U03640,2023,WUR_2023,10.6,60.7,35.65
U03641,2023,WUR_2023,19.5,49.1,34.3
U03642,2023,WUR_2023,10.6,66.8,38.699999999999996
U03643,2023,WUR_2023,12.4,58.8,35.6
U03644,2023,WUR_2023,17.8,32.6,25.200000000000003
U03645,2023,WUR_2023,9.3,55.7,32.5
U03646,2023,WUR_2023,18.8,44.2,31.5
U03647,2023,WUR_2023,17.7,57.6,37.65
U03648,2023,WUR_2023,19.6,52.3,35.95
U03649,2023,WUR_2023,21.2,46.5,33.85
U03650,2023,WUR_2023,9.3,67.5,38.4
U03651,2023,WUR_2023,16.1,61.0,38.55
U03652,2023,WUR_2023,13.7,58.9,36.3
U03653,2023,WUR_2023,22.9,30.8,26.85
U03654,2023,WUR_2023,34.7,24.9,29.8
U03655,2023,WUR_2023,17.7,50.9,34.3
U03656,2023,WUR_2023,34.4,28.8,31.6
U03657,2023,WUR_2023,16.6,72.1,44.349999999999994
U03658,2023,WUR_2023,22.2,44.8,33.5
U03659,2023,WUR_2023,9.5,64.4,36.95
U03660,2023,WUR_2023,24.8,31.3,28.05
U03661,2023,WUR_2023,13.9,54.6,34.25
U03662,2023,WUR_2023,21.5,45.2,33.35
U03663,2023,WUR_2023,16.7,47.1,31.9
U03664,2023,WUR_2023,19.5,47.4,33.45
U03665,2023,WUR_2023,20.1,46.6,33.35
U03666,2023,WUR_2023,16.7,51.2,33.95
U03667,2023,WUR_2023,19.3,43.8,31.549999999999997
U03668,2023,WUR_2023,21.8,38.4,30.1
U03669,2023,WUR_2023,25.6,30.9,28.25
U03670,2023,WUR_2023,17.1,50.2,33.650000000000006
U03671,2023,WUR_2023,11.1,68.7,39.9
U03672,2023,WUR_2023,17.0,43.2,30.1
U03673,2023,WUR_2023,21.4,39.5,30.45
U03674,2023,WUR_2023,24.1,42.2,33.150000000000006
U03675,2023,WUR_2023,32.1,41.7,36.900000000000006
U03676,2023,WUR_2023,19.3,53.2,36.25
U03677,2023,WUR_2023,9.3,65.6,37.449999999999996
U03678,2023,WUR_2023,15.5,53.7,34.6
U03679,2023,WUR_2023,11.0,52.2,31.6
U03680,2023,WUR_2023,27.3,41.4,34.35
U03681,2023,WUR_2023,17.1,46.9,32.0
U03682,2023,WUR_2023,19.2,51.7,35.45
U03683,2023,WUR_2023,23.9,35.2,29.55
U03684,2023,WUR_2023,10.2,73.4,41.800000000000004
U03685,2023,WUR_2023,9.5,60.0,34.75
U03686,2023,WUR_2023,31.7,32.8,32.25
U03687,2023,WUR_2023,14.4,61.3,37.85
U03688,2023,WUR_2023,30.8,36.5,33.65
U03689,2023,WUR_2023,7.9,71.2,39.550000000000004
U03690,2023,WUR_2023,17.1,59.1,38.1
U03691,2023,WUR_2023,14.6,52.9,33.75
U03692,2023,WUR_2023,14.2,67.1,40.65
U03693,2023,WUR_2023,15.7,61.1,38.4
U03694,2023,WUR_2023,22.2,55.8,39.0
U03695,2023,WUR_2023,18.4,51.6,35.0
U03696,2023,WUR_2023,16.4,56.6,36.5
U03697,2023,WUR_2023,11.3,64.8,38.05
U03698,2023,WUR_2023,17.2,32.6,24.9
U03699,2023,WUR_2023,17.3,40.6,28.950000000000003
U03700,2023,WUR_2023,17.6,36.9,27.25
U03701,2023,WUR_2023,8.6,56.2,32.4
U03702,2023,WUR_2023,19.4,36.7,28.05
U03703,2023,WUR_2023,16.0,24.2,20.1
U03704,2023,WUR_2023,9.0,52.7,30.85
U03705,2023,WUR_2023,7.7,62.7,35.2
U03706,2023,WUR_2023,8.8,41.5,25.15
U03707,2023,WUR_2023,12.6,40.9,26.75
U03708,2023,WUR_2023,12.7,38.8,25.75
U03709,2023,WUR_2023,12.6,43.3,27.95
U03710,2023,WUR_2023,14.4,34.8,24.599999999999998
U03711,2023,WUR_2023,14.7,21.4,18.049999999999997
U03712,2023,WUR_2023,12.5,35.8,24.15
U03713,2023,WUR_2023,18.8,25.2,22.0
U03714,2023,WUR_2023,12.5,34.8,23.65
U03715,2023,WUR_2023,16.0,36.9,26.45
U03716,2023,WUR_2023,14.6,35.0,24.8
U03717,2023,WUR_2023,27.9,30.6,29.25
U03718,2023,WUR_2023,18.6,37.1,27.85
U03719,2023,WUR_2023,19.2,38.6,28.9
U03720,2023,WUR_2023,15.8,41.8,28.799999999999997
U03721,2023,WUR_2023,24.2,28.3,26.25
U03722,2023,WUR_2023,14.6,29.3,21.95
U03723,2023,WUR_2023,14.3,29.8,22.05
U03724,2023,WUR_2023,13.1,45.8,29.45
U03725,2023,WUR_2023,22.3,20.8,21.55
U03726,2023,WUR_2023,28.8,16.3,22.55
U03727,2023,WUR_2023,9.8,51.6,30.700000000000003
U03728,2023,WUR_2023,11.1,49.2,30.150000000000002
U03729,2023,WUR_2023,25.3,21.3,23.3
U03730,2023,WUR_2023,10.2,47.0,28.6
U03731,2023,WUR_2023,17.4,25.6,21.5
U03732,2023,WUR_2023,8.6,57.6,33.1
U03733,2023,WUR_2023,11.8,47.4,29.6
U03734,2023,WUR_2023,13.2,50.7,31.950000000000003
U03735,2023,WUR_2023,10.5,58.5,34.5
U03736,2023,WUR_2023,8.9,48.8,28.849999999999998
U03737,2023,WUR_2023,9.9,56.8,33.35
U03738,2023,WUR_2023,18.3,30.2,24.25
U03739,2023,WUR_2023,12.0,40.2,26.1
U03740,2023,WUR_2023,12.0,35.5,23.75
U03741,2023,WUR_2023,10.9,41.9,26.4
U03742,2023,WUR_2023,8.6,40.2,24.400000000000002
U03743,2023,WUR_2023,16.8,23.2,20.0
U03744,2023,WUR_2023,26.5,17.1,21.8
U03745,2023,WUR_2023,16.2,27.4,21.799999999999997
U03746,2023,WUR_2023,16.5,31.7,24.1
U03747,2023,WUR_2023,21.9,38.2,30.05
U03748,2023,WUR_2023,11.7,38.1,24.9
U03749,2023,WUR_2023,19.9,16.0,17.95
U03750,2023,WUR_2023,13.0,32.4,22.7
U03751,2023,WUR_2023,12.1,52.6,32.35
U03752,2023,WUR_2023,20.0,44.9,32.45
U03753,2023,WUR_2023,8.8,48.6,28.700000000000003
U03754,2023,WUR_2023,23.7,27.7,25.7
U03755,2023,WUR_2023,19.5,37.7,28.6
U03756,2023,WUR_2023,11.2,53.8,32.5
U03757,2023,WUR_2023,9.1,61.4,35.25
U03758,2023,WUR_2023,9.2,52.5,30.85
U03759,2023,WUR_2023,24.2,25.8,25.0
U03760,2023,WUR_2023,21.8,38.7,30.25
U03761,2023,WUR_2023,15.9,41.1,28.5
U03762,2023,WUR_2023,15.0,44.6,29.8
U03763,2023,WUR_2023,13.0,25.5,19.25
U03764,2023,WUR_2023,13.6,46.3,29.95
U03765,2023,WUR_2023,11.1,50.0,30.55
U03766,2023,WUR_2023,11.4,36.0,23.7
U03767,2023,WUR_2023,8.3,52.7,30.5
U03768,2023,WUR_2023,12.4,55.7,34.050000000000004
U03769,2023,WUR_2023,10.5,32.7,21.6
U03770,2023,WUR_2023,10.0,49.1,29.55
U03771,2023,WUR_2023,15.0,38.1,26.55
U03772,2023,WUR_2023,10.5,30.9,20.7
U03773,2023,WUR_2023,8.2,61.4,34.8
U03774,2023,WUR_2023,16.1,40.5,28.3
U03775,2023,WUR_2023,10.4,36.7,23.55
U03776,2023,WUR_2023,19.7,37.2,28.450000000000003
U03777,2023,WUR_2023,29.5,21.3,25.4
U03778,2023,WUR_2023,13.1,41.2,27.150000000000002
U03779,2023,WUR_2023,17.2,45.6,31.4
U03780,2023,WUR_2023,12.7,26.9,19.799999999999997
U03781,2023,WUR_2023,15.7,31.3,23.5
U03782,2023,WUR_2023,20.1,38.4,29.25
U03783,2023,WUR_2023,10.1,14.4,12.25
U03784,2023,WUR_2023,13.0,27.2,20.1
U03785,2023,WUR_2023,11.2,35.5,23.35
U03786,2023,WUR_2023,11.2,46.3,28.75
U03787,2023,WUR_2023,8.0,53.9,30.95
U03788,2023,WUR_2023,13.5,42.5,28.0
U03789,2023,WUR_2023,10.5,41.0,25.75
U03790,2023,WUR_2023,32.5,21.6,27.05
U03791,2023,WUR_2023,9.6,50.3,29.95
U03792,2023,WUR_2023,13.2,47.4,30.299999999999997
U03793,2023,WUR_2023,11.3,45.6,28.450000000000003
U03794,2023,WUR_2023,15.6,48.7,32.15
U03795,2023,WUR_2023,10.7,39.2,24.950000000000003
U03796,2023,WUR_2023,9.2,47.6,28.4
U03797,2023,WUR_2023,22.6,39.5,31.05
U03798,2023,WUR_2023,14.8,35.8,25.299999999999997
U03799,2023,WUR_2023,12.7,48.7,30.700000000000003
U03800,2023,WUR_2023,16.6,46.1,31.35
U03801,2023,WUR_2023,11.2,50.6,30.9
U03802,2023,WUR_2023,10.4,40.7,25.55
U03803,2023,WUR_2023,14.8,46.3,30.549999999999997
U03804,2023,WUR_2023,19.5,33.1,26.3
U03805,2023,WUR_2023,8.3,52.2,30.25
U03806,2023,WUR_2023,15.0,30.1,22.55
U03807,2023,WUR_2023,16.3,45.3,30.799999999999997
U03808,2023,WUR_2023,8.4,53.6,31.0
U03809,2023,WUR_2023,11.0,33.0,22.0
U03810,2023,WUR_2023,12.0,52.0,32.0
U03811,2023,WUR_2023,8.6,39.4,24.0
U03812,2023,WUR_2023,9.6,35.3,22.45
U03813,2023,WUR_2023,16.3,38.5,27.4
U03814,2023,WUR_2023,11.9,57.4,34.65
U03815,2023,WUR_2023,15.3,36.5,25.9
U03816,2023,WUR_2023,12.7,42.5,27.6
U03817,2023,WUR_2023,23.7,40.7,32.2
U03818,2023,WUR_2023,11.5,39.8,25.65
U03819,2023,WUR_2023,14.6,34.1,24.35
U03820,2023,WUR_2023,17.5,30.4,23.95
U03821,2023,WUR_2023,19.4,31.9,25.65
U03822,2023,WUR_2023,16.4,38.6,27.5
U03823,2023,WUR_2023,13.9,38.4,26.15
U03824,2023,WUR_2023,16.5,44.5,30.5
U03825,2023,WUR_2023,20.4,40.8,30.599999999999998
U03826,2023,WUR_2023,13.6,53.8,33.699999999999996
U03827,2023,WUR_2023,26.7,29.3,28.0
U03828,2023,WUR_2023,16.3,35.0,25.65
U03829,2023,WUR_2023,11.0,53.8,32.4
U03830,2023,WUR_2023,18.4,49.1,33.75
U03831,2023,WUR_2023,18.2,29.7,23.95
U03832,2023,WUR_2023,23.3,35.6,29.450000000000003
U03833,2023,WUR_2023,8.6,41.3,24.95
U03834,2023,WUR_2023,9.5,16.2,12.85
U03835,2023,WUR_2023,9.7,18.2,13.95
U03836,2023,WUR_2023,11.4,18.0,14.7
U03837,2023,WUR_2023,17.2,20.0,18.6
U03838,2023,WUR_2023,18.6,18.7,18.65
U03839,2023,WUR_2023,12.4,31.6,22.0
U03840,2023,WUR_2023,10.5,27.6,19.05
U03841,2023,WUR_2023,10.8,27.8,19.3
U03842,2023,WUR_2023,14.3,28.0,21.15
U03843,2023,WUR_2023,9.9,21.7,15.8
U03844,2023,WUR_2023,11.0,25.6,18.3
U03845,2023,WUR_2023,14.9,25.0,19.95
U03846,2023,WUR_2023,12.9,24.9,18.9
U03847,2023,WUR_2023,18.9,15.5,17.2
U03848,2023,WUR_2023,14.0,37.2,25.6
U03849,2023,WUR_2023,14.4,24.0,19.2
U03850,2023,WUR_2023,11.0,26.3,18.65
U03851,2023,WUR_2023,10.2,33.7,21.950000000000003
U03852,2023,WUR_2023,8.7,28.3,18.5
U03853,2023,WUR_2023,10.7,27.2,18.95
U03854,2023,WUR_2023,14.3,24.4,19.35
U03855,2023,WUR_2023,8.7,30.2,19.45
U03856,2023,WUR_2023,15.8,23.5,19.65
U03857,2023,WUR_2023,8.7,41.9,25.299999999999997
U03858,2023,WUR_2023,15.6,29.0,22.3
U03859,2023,WUR_2023,16.4,32.6,24.5
U03860,2023,WUR_2023,9.8,19.1,14.450000000000001
U03861,2023,WUR_2023,18.9,24.9,21.9
U03862,2023,WUR_2023,17.0,27.4,22.2
U03863,2023,WUR_2023,16.1,29.4,22.75
U03864,2023,WUR_2023,12.9,18.7,15.8
U03865,2023,WUR_2023,22.2,16.9,19.549999999999997
U03866,2023,WUR_2023,20.2,20.9,20.549999999999997
U03867,2023,WUR_2023,18.6,12.8,15.700000000000001
U03868,2023,WUR_2023,12.7,32.9,22.799999999999997
U03869,2023,WUR_2023,14.0,30.1,22.05
U03870,2023,WUR_2023,13.3,25.4,19.35
U03871,2023,WUR_2023,13.4,23.6,18.5
U03872,2023,WUR_2023,11.6,25.3,18.45
U03873,2023,WUR_2023,13.8,36.9,25.35
U03874,2023,WUR_2023,13.3,20.9,17.1
U03875,2023,WUR_2023,15.3,21.7,18.5
U03876,2023,WUR_2023,7.8,19.7,13.75
U03877,2023,WUR_2023,21.1,10.5,15.8
U03878,2023,WUR_2023,14.1,23.7,18.9
U03879,2023,WUR_2023,15.4,32.6,24.0
U03880,2023,WUR_2023,12.2,22.5,17.35
U03881,2023,WUR_2023,13.0,19.2,16.1
U03882,2023,WUR_2023,17.1,15.7,16.4
U03883,2023,WUR_2023,16.0,15.2,15.6
U03884,2023,WUR_2023,10.1,34.0,22.05
U03885,2023,WUR_2023,12.1,33.9,23.0
U03886,2023,WUR_2023,19.0,18.4,18.7
U03887,2023,WUR_2023,11.1,34.6,22.85
U03888,2023,WUR_2023,16.7,15.2,15.95
U03889,2023,WUR_2023,12.0,27.3,19.65
U03890,2023,WUR_2023,12.4,22.5,17.45
U03891,2023,WUR_2023,12.9,28.8,20.85
U03892,2023,WUR_2023,10.5,43.9,27.2
U03893,2023,WUR_2023,9.3,25.7,17.5
U03894,2023,WUR_2023,17.3,11.3,14.3
U03895,2023,WUR_2023,16.2,23.0,19.6
U03896,2023,WUR_2023,11.4,33.9,22.65
U03897,2023,WUR_2023,11.5,21.0,16.25
U03898,2023,WUR_2023,9.0,19.2,14.1
U03899,2023,WUR_2023,17.0,21.2,19.1
U03900,2023,WUR_2023,10.9,25.5,18.2
U03901,2023,WUR_2023,13.5,23.7,18.6
U03902,2023,WUR_2023,8.6,30.3,19.45
U03903,2023,WUR_2023,8.1,32.6,20.35
U03904,2023,WUR_2023,10.0,27.8,18.9
U03905,2023,WUR_2023,13.6,30.0,21.8
U03906,2023,WUR_2023,10.7,35.8,23.25
U03907,2023,WUR_2023,14.6,25.2,19.9
U03908,2023,WUR_2023,15.8,19.2,17.5
U03909,2023,WUR_2023,10.8,34.4,22.6
U03910,2023,WUR_2023,17.2,21.9,19.549999999999997
U03911,2023,WUR_2023,9.5,28.2,18.85
U03912,2023,WUR_2023,12.3,34.1,23.200000000000003
U03913,2023,WUR_2023,15.6,22.4,19.0
U03914,2023,WUR_2023,11.5,40.4,25.95
U03915,2023,WUR_2023,12.2,20.8,16.5
U03916,2023,WUR_2023,8.9,18.8,13.850000000000001
U03917,2023,WUR_2023,19.4,19.1,19.25
U03918,2023,WUR_2023,8.8,37.2,23.0
U03919,2023,WUR_2023,14.1,19.4,16.75
U03920,2023,WUR_2023,10.1,20.3,15.2
U03921,2023,WUR_2023,14.3,10.1,12.2
U03922,2023,WUR_2023,8.8,27.5,18.15
U03923,2023,WUR_2023,13.7,20.5,17.1
U03924,2023,WUR_2023,14.9,15.9,15.4
U03925,2023,WUR_2023,10.3,20.7,15.5
U03926,2023,WUR_2023,14.6,30.8,22.7
U03927,2023,WUR_2023,11.6,23.9,17.75
U03928,2023,WUR_2023,11.8,16.2,14.0
U03929,2023,WUR_2023,17.5,31.6,24.55
U03930,2023,WUR_2023,12.7,19.0,15.85
U03931,2023,WUR_2023,19.8,29.4,24.6
U03932,2023,WUR_2023,13.3,17.4,15.35
U03933,2023,WUR_2023,10.0,26.5,18.25
U03934,2023,WUR_2023,8.6,20.8,14.7
U03935,2023,WUR_2023,15.7,9.1,12.399999999999999
U03936,2023,WUR_2023,15.8,24.1,19.950000000000003
U03937,2023,WUR_2023,23.6,13.6,18.6
U03938,2023,WUR_2023,18.7,13.3,16.0
U03939,2023,WUR_2023,18.5,21.9,20.2
U03940,2023,WUR_2023,21.7,22.9,22.299999999999997
U03941,2023,WUR_2023,10.4,28.6,19.5
U03942,2023,WUR_2023,19.0,30.3,24.65
U03943,2023,WUR_2023,10.2,32.2,21.200000000000003
U03944,2023,WUR_2023,8.1,32.4,20.25
U03945,2023,WUR_2023,19.9,29.3,24.6
U03946,2023,WUR_2023,12.5,21.1,16.8
U03947,2023,WUR_2023,12.3,26.1,19.200000000000003
U03948,2023,WUR_2023,8.6,3.9,6.25
U03949,2023,WUR_2023,13.0,24.9,18.95
U03950,2023,WUR_2023,8.3,22.2,15.25
U03951,2023,WUR_2023,21.0,14.0,17.5
U03952,2023,WUR_2023,11.3,23.9,17.6
U03953,2023,WUR_2023,13.4,38.6,26.0
U03954,2023,WUR_2023,10.0,28.9,19.45
U03955,2023,WUR_2023,18.1,21.4,19.75
U03956,2023,WUR_2023,12.2,30.7,21.45
U03957,2023,WUR_2023,8.7,26.4,17.549999999999997
U03958,2023,WUR_2023,12.6,16.9,14.75
U03959,2023,WUR_2023,12.7,17.3,15.0
U03960,2023,WUR_2023,10.1,18.7,14.399999999999999
U03961,2023,WUR_2023,9.0,38.7,23.85
U03962,2023,WUR_2023,16.1,14.6,15.350000000000001
U03963,2023,WUR_2023,11.3,25.5,18.4
U03964,2023,WUR_2023,10.4,43.2,26.8
U03965,2023,WUR_2023,9.9,24.7,17.3
U03966,2023,WUR_2023,13.0,32.5,22.75
U03967,2023,WUR_2023,11.1,40.7,25.900000000000002
U03968,2023,WUR_2023,14.0,22.6,18.3
U03969,2023,WUR_2023,14.2,17.6,15.9
U03970,2023,WUR_2023,13.7,29.7,21.7
U03971,2023,WUR_2023,17.2,22.5,19.85
U03972,2023,WUR_2023,15.0,26.3,20.65
U03973,2023,WUR_2023,10.5,26.7,18.6
U03974,2023,WUR_2023,11.3,29.4,20.35
U03975,2023,WUR_2023,9.0,30.5,19.75
U03976,2023,WUR_2023,11.1,16.4,13.75
U03977,2023,WUR_2023,12.0,7.4,9.7
U03978,2023,WUR_2023,9.4,24.1,16.75
U03979,2023,WUR_2023,21.1,30.1,25.6
U03980,2023,WUR_2023,10.4,21.4,15.899999999999999
U03981,2023,WUR_2023,11.4,33.8,22.599999999999998
U03982,2023,WUR_2023,11.9,25.3,18.6
U03983,2023,WUR_2023,18.2,23.6,20.9
U03984,2023,WUR_2023,7.8,31.4,19.599999999999998
U03985,2023,WUR_2023,10.8,20.2,15.5
U03986,2023,WUR_2023,11.0,22.3,16.65
U03987,2023,WUR_2023,11.1,44.9,28.0
U03988,2023,WUR_2023,16.2,31.1,23.65
U03989,2023,WUR_2023,18.1,22.1,20.1
U03990,2023,WUR_2023,17.0,11.9,14.45
U03991,2023,WUR_2023,12.0,30.4,21.2
U03992,2023,WUR_2023,11.4,30.3,20.85
U03993,2023,WUR_2023,15.0,22.4,18.7
U03994,2023,WUR_2023,8.0,30.5,19.25
U03995,2023,WUR_2023,15.1,14.3,14.7
U03996,2023,WUR_2023,15.0,25.4,20.2
U03997,2023,WUR_2023,21.3,11.7,16.5
U03998,2023,WUR_2023,12.5,35.8,24.15
U03999,2023,WUR_2023,13.7,19.5,16.6
U04000,2023,WUR_2023,24.2,9.4,16.8
U04001,2023,WUR_2023,11.9,28.2,20.05
U04002,2023,WUR_2023,14.6,14.7,14.649999999999999
U04003,2023,WUR_2023,10.3,29.9,20.1
U04004,2023,WUR_2023,15.9,22.5,19.2
U04005,2023,WUR_2023,9.1,40.1,24.6
U04006,2023,WUR_2023,13.2,28.9,21.049999999999997
U04007,2023,WUR_2023,8.6,46.8,27.7
U04008,2023,WUR_2023,28.5,9.5,19.0
U04009,2023,WUR_2023,7.8,31.3,19.55
U04010,2023,WUR_2023,13.5,30.0,21.75
U04011,2023,WUR_2023,15.4,26.4,20.9
U04012,2023,WUR_2023,12.7,23.0,17.85
U04013,2023,WUR_2023,10.0,33.8,21.9
U04014,2023,WUR_2023,14.3,39.2,26.75
U04015,2023,WUR_2023,14.2,25.6,19.9
U04016,2023,WUR_2023,13.4,27.4,20.4
U04017,2023,WUR_2023,12.3,23.0,17.65
U04018,2023,WUR_2023,14.8,28.1,21.450000000000003
U04019,2023,WUR_2023,8.9,7.1,8.0
U04020,2023,WUR_2023,12.1,31.8,21.95
U04021,2023,WUR_2023,9.5,30.4,19.95
U04022,2023,WUR_2023,8.8,10.6,9.7
U04023,2023,WUR_2023,11.7,13.4,12.55
U04024,2023,WUR_2023,8.5,22.2,15.35
U04025,2023,WUR_2023,11.6,13.4,12.5
U04026,2023,WUR_2023,7.8,8.9,8.35
U04027,2023,WUR_2023,9.6,11.8,10.7
U04028,2023,WUR_2023,7.6,10.7,9.149999999999999
U04029,2023,WUR_2023,8.1,14.4,11.25
U04030,2023,WUR_2023,10.3,12.5,11.4
U04031,2023,WUR_2023,8.7,9.1,8.899999999999999
U04032,2023,WUR_2023,8.1,11.3,9.7
U04033,2023,WUR_2023,11.2,6.0,8.6
U04034,2023,WUR_2023,8.3,13.3,10.8
U04035,2023,WUR_2023,14.6,9.5,12.05
U04036,2023,WUR_2023,8.5,8.1,8.3
U04037,2023,WUR_2023,8.2,16.8,12.5
U04038,2023,WUR_2023,8.3,18.2,13.25
U04039,2023,WUR_2023,8.5,23.2,15.85
U04040,2023,WUR_2023,9.4,9.3,9.350000000000001
U04041,2023,WUR_2023,9.3,11.1,10.2
U04042,2023,WUR_2023,10.1,15.0,12.55
U04043,2023,WUR_2023,9.0,10.5,9.75
U04044,2023,WUR_2023,8.9,11.1,10.0
U04045,2023,WUR_2023,10.0,5.1,7.55
U04046,2023,WUR_2023,7.8,24.4,16.099999999999998
U04047,2023,WUR_2023,9.1,7.3,8.2
U04048,2023,WUR_2023,9.4,8.9,9.15
U04049,2023,WUR_2023,10.5,13.6,12.05
U04050,2023,WUR_2023,11.7,8.6,10.149999999999999
U04051,2023,WUR_2023,7.7,12.1,9.9
U04052,2023,WUR_2023,14.5,13.8,14.15
U04053,2023,WUR_2023,15.1,2.9,9.0
U04054,2023,WUR_2023,9.5,16.7,13.1
U04055,2023,WUR_2023,8.4,10.9,9.65
U04056,2023,WUR_2023,8.6,14.6,11.6
U04057,2023,WUR_2023,8.9,31.0,19.95
U04058,2023,WUR_2023,9.0,6.3,7.65
U04059,2023,WUR_2023,11.0,9.8,10.4
U04060,2023,WUR_2023,8.2,31.5,19.85
U04061,2023,WUR_2023,14.8,17.1,15.950000000000001
U04062,2023,WUR_2023,12.4,11.3,11.850000000000001
U04063,2023,WUR_2023,13.3,11.4,12.350000000000001
U04064,2023,WUR_2023,9.3,4.8,7.050000000000001
U04065,2023,WUR_2023,8.8,16.0,12.4
U04066,2023,WUR_2023,12.4,19.9,16.15
U04067,2023,WUR_2023,9.4,23.0,16.2
U04068,2023,WUR_2023,7.4,4.1,5.75
U04069,2023,WUR_2023,9.6,14.9,12.25
U04070,2023,WUR_2023,8.8,12.6,10.7
U04071,2023,WUR_2023,10.4,17.4,13.899999999999999
U04072,2023,WUR_2023,11.6,13.7,12.649999999999999
U04073,2023,WUR_2023,10.7,12.7,11.7
U04074,2023,WUR_2023,8.1,13.0,10.55
U04075,2023,WUR_2023,13.4,19.2,16.3
U04076,2023,WUR_2023,11.0,15.0,13.0
U04077,2023,WUR_2023,10.5,13.9,12.2
U04078,2023,WUR_2023,10.2,8.3,9.25
U04079,2023,WUR_2023,9.4,2.4,5.9
U04080,2023,WUR_2023,10.9,7.3,9.1
U04081,2023,WUR_2023,8.8,6.4,7.6000000000000005
U04082,2023,WUR_2023,12.1,16.7,14.399999999999999
U04083,2023,WUR_2023,8.7,10.9,9.8
U04084,2023,WUR_2023,11.2,12.5,11.85
U04085,2023,WUR_2023,9.2,15.1,12.149999999999999
U04086,2023,WUR_2023,9.8,21.5,15.65
U04087,2023,WUR_2023,9.4,16.2,12.8
U04088,2023,WUR_2023,10.4,11.2,10.8
U04089,2023,WUR_2023,8.8,16.2,12.5
U04090,2023,WUR_2023,8.4,15.8,12.100000000000001
U04091,2023,WUR_2023,8.2,10.3,9.25
U04092,2023,WUR_2023,9.0,9.0,9.0
U04093,2023,WUR_2023,8.7,12.2,10.45
U04094,2023,WUR_2023,11.3,7.9,9.600000000000001
U04095,2023,WUR_2023,8.1,23.0,15.55
U04096,2023,WUR_2023,12.3,4.7,8.5
U04097,2023,WUR_2023,12.2,6.9,9.55
U04098,2023,WUR_2023,10.1,7.9,9.0
U04099,2023,WUR_2023,8.4,15.5,11.95
U04100,2023,WUR_2023,19.0,11.7,15.35
U04101,2023,WUR_2023,9.3,6.1,7.7
U04102,2023,WUR_2023,10.6,7.3,8.95
U04103,2023,WUR_2023,12.4,10.8,11.600000000000001
U04104,2023,WUR_2023,8.0,10.0,9.0
U04105,2023,WUR_2023,8.3,6.5,7.4
U04106,2023,WUR_2023,9.5,19.7,14.6
U04107,2023,WUR_2023,17.6,16.2,16.9
U04108,2023,WUR_2023,8.8,14.4,11.600000000000001
U04109,2023,WUR_2023,11.3,17.3,14.3
U04110,2023,WUR_2023,11.0,15.0,13.0
U04111,2023,WUR_2023,8.5,16.0,12.25
U04112,2023,WUR_2023,11.2,17.9,14.549999999999999
U04113,2023,WUR_2023,20.1,5.5,12.8
U04114,2023,WUR_2023,15.5,13.8,14.65
U04115,2023,WUR_2023,18.0,7.0,12.5
U04116,2023,WUR_2023,10.0,10.4,10.2
U04117,2023,WUR_2023,8.4,7.3,7.85
U04118,2023,WUR_2023,13.5,8.5,11.0
U04119,2023,WUR_2023,16.8,12.0,14.4
U04120,2023,WUR_2023,13.3,7.4,10.350000000000001
U04121,2023,WUR_2023,9.1,18.5,13.8
U04122,2023,WUR_2023,11.1,9.8,10.45
U04123,2023,WUR_2023,8.0,24.0,16.0
U04124,2023,WUR_2023,10.8,15.5,13.15
U04125,2023,WUR_2023,10.9,17.4,14.149999999999999
U04126,2023,WUR_2023,7.8,8.5,8.15
U04127,2023,WUR_2023,11.5,14.6,13.05
U04128,2023,WUR_2023,8.8,22.7,15.75
U04129,2023,WUR_2023,7.5,6.3,6.9
U04130,2023,WUR_2023,11.0,17.2,14.1
U04131,2023,WUR_2023,16.5,7.8,12.15
U04132,2023,WUR_2023,13.1,13.2,13.149999999999999
U04133,2023,WUR_2023,14.9,7.3,11.1
U04134,2023,WUR_2023,10.2,19.4,14.799999999999999
U04135,2023,WUR_2023,14.3,6.5,10.4
U04136,2023,WUR_2023,13.3,16.6,14.950000000000001
U04137,2023,WUR_2023,15.3,5.2,10.25
U04138,2023,WUR_2023,13.8,15.0,14.4
U04139,2023,WUR_2023,13.1,21.6,17.35
U04140,2023,WUR_2023,8.3,14.3,11.3
U04141,2023,WUR_2023,7.7,11.7,9.7
U04142,2023,WUR_2023,7.7,2.9,5.3
U04143,2023,WUR_2023,13.9,7.7,10.8
U04144,2023,WUR_2023,11.1,17.3,14.2
U04145,2023,WUR_2023,10.5,16.9,13.7
U04146,2023,WUR_2023,12.2,22.9,17.549999999999997
U04147,2023,WUR_2023,10.8,14.8,12.8
U04148,2023,WUR_2023,8.6,3.1,5.85
U04149,2023,WUR_2023,10.1,23.1,16.6
U04150,2023,WUR_2023,9.0,23.5,16.25
U04151,2023,WUR_2023,7.6,6.1,6.85
U04152,2023,WUR_2023,10.0,17.8,13.9
U04153,2023,WUR_2023,11.8,10.2,11.0
U04154,2023,WUR_2023,10.6,20.3,15.45
U04155,2023,WUR_2023,9.4,6.8,8.1
U04156,2023,WUR_2023,14.0,6.8,10.4
U04157,2023,WUR_2023,9.6,21.1,15.350000000000001
U04158,2023,WUR_2023,8.8,16.9,12.85
U04159,2023,WUR_2023,9.7,26.2,17.95
U04160,2023,WUR_2023,10.0,11.7,10.85
U04161,2023,WUR_2023,9.3,24.0,16.65
U04162,2023,WUR_2023,10.1,12.6,11.35
U04163,2023,WUR_2023,8.1,8.9,8.5
U04164,2023,WUR_2023,7.7,7.8,7.75
U04165,2023,WUR_2023,13.2,10.3,11.75
U04166,2023,WUR_2023,11.3,17.0,14.15
U04167,2023,WUR_2023,14.8,10.6,12.7
U04168,2023,WUR_2023,12.8,10.2,11.5
U04169,2023,WUR_2023,9.4,21.9,15.649999999999999
U04170,2023,WUR_2023,11.5,21.9,16.7
U04171,2023,WUR_2023,9.3,17.8,13.55
U04172,2023,WUR_2023,8.1,9.7,8.899999999999999
U04173,2023,WUR_2023,10.0,9.1,9.55
U04174,2023,WUR_2023,8.6,10.2,9.399999999999999
U04175,2023,WUR_2023,9.9,18.2,14.05
U04176,2023,WUR_2023,9.2,17.1,13.15
U04177,2023,WUR_2023,10.3,2.0,6.15
U04178,2023,WUR_2023,7.8,10.2,9.0
U04179,2023,WUR_2023,8.3,8.0,8.15
U04180,2023,WUR_2023,10.1,12.6,11.35
U04181,2023,WUR_2023,13.2,10.4,11.8
U04182,2023,WUR_2023,10.1,7.9,9.0
U04183,2023,WUR_2023,10.1,15.3,12.7
U04184,2023,WUR_2023,10.3,5.1,7.7
U04185,2023,WUR_2023,9.6,1.7,5.6499999999999995
U04186,2023,WUR_2023,7.8,11.2,9.5
U04187,2023,WUR_2023,12.3,14.4,13.350000000000001
U04188,2023,WUR_2023,9.0,4.8,6.9
U04189,2023,WUR_2023,9.6,14.7,12.149999999999999
U04190,2023,WUR_2023,10.0,10.5,10.25
U04191,2023,WUR_2023,11.6,3.0,7.3
U04192,2023,WUR_2023,11.4,18.6,15.0
U04193,2023,WUR_2023,22.7,10.4,16.55
U04194,2023,WUR_2023,10.1,20.7,15.399999999999999
U04195,2023,WUR_2023,17.0,8.2,12.6
U04196,2023,WUR_2023,10.6,14.5,12.55
U04197,2023,WUR_2023,9.8,22.8,16.3
U04198,2023,WUR_2023,13.4,16.8,15.100000000000001
U04199,2023,WUR_2023,10.9,18.3,14.600000000000001
U04200,2023,WUR_2023,12.2,10.5,11.35
U04201,2023,WUR_2023,8.2,23.5,15.85
U04202,2023,WUR_2023,,,
U04203,2023,WUR_2023,,,
U04204,2023,WUR_2023,,,
U04205,2023,WUR_2023,,,
U04206,2023,WUR_2023,,,
U04207,2023,WUR_2023,,,
U04208,2023,WUR_2023,,,
U04209,2023,WUR_2023,,,
U04210,2023,WUR_2023,,,
U04211,2023,WUR_2023,,,
U04212,2023,WUR_2023,,,
U04213,2023,WUR_2023,,,
U04214,2023,WUR_2023,,,
U04215,2023,WUR_2023,,,
U04216,2023,WUR_2023,,,
U04217,2023,WUR_2023,,,
U04218,2023,WUR_2023,,,
U04219,2023,WUR_2023,,,
U04220,2023,WUR_2023,,,
U04221,2023,WUR_2023,,,
U04222,2023,WUR_2023,,,
U04223,2023,WUR_2023,,,
U04224,2023,WUR_2023,,,
U04225,2023,WUR_2023,,,
U04226,2023,WUR_2023,,,
U04227,2023,WUR_2023,,,
U04228,2023,WUR_2023,,,
U04229,2023,WUR_2023,,,
U04230,2023,WUR_2023,,,
U04231,2023,WUR_2023,,,
U04232,2023,WUR_2023,,,
U04233,2023,WUR_2023,,,
U04234,2023,WUR_2023,,,
U04235,2023,WUR_2023,,,
U04236,2023,WUR_2023,,,
U04237,2023,WUR_2023,,,
U04238,2023,WUR_2023,,,
U04239,2023,WUR_2023,,,
U04240,2023,WUR_2023,,,
U04241,2023,WUR_2023,,,
U04242,2023,WUR_2023,,,
U04243,2023,WUR_2023,,,
U04244,2023,WUR_2023,,,
U04245,2023,WUR_2023,,,
U04246,2023,WUR_2023,,,
U04247,2023,WUR_2023,,,
U04248,2023,WUR_2023,,,
U04249,2023,WUR_2023,,,
U04250,2023,WUR_2023,,,
U04251,2023,WUR_2023,,,
U04252,2023,WUR_2023,,,
U04253,2023,WUR_2023,,,
U04254,2023,WUR_2023,,,
U04255,2023,WUR_2023,,,
U04256,2023,WUR_2023,,,
U04257,2023,WUR_2023,,,
U04258,2023,WUR_2023,,,
U04259,2023,WUR_2023,,,
U04260,2023,WUR_2023,,,
U04261,2023,WUR_2023,,,
U04262,2023,WUR_2023,,,
U04263,2023,WUR_2023,,,
U04264,2023,WUR_2023,,,
U04265,2023,WUR_2023,,,
U04266,2023,WUR_2023,,,
U04267,2023,WUR_2023,,,
U04268,2023,WUR_2023,,,
U04269,2023,WUR_2023,,,
U04270,2023,WUR_2023,,,
U04271,2023,WUR_2023,,,
U04272,2023,WUR_2023,,,
U04273,2023,WUR_2023,,,
U04274,2023,WUR_2023,,,
U04275,2023,WUR_2023,,,
U04276,2023,WUR_2023,,,
U04277,2023,WUR_2023,,,
U04278,2023,WUR_2023,,,
U04279,2023,WUR_2023,,,
U04280,2023,WUR_2023,,,
U04281,2023,WUR_2023,,,
U04282,2023,WUR_2023,,,
U04283,2023,WUR_2023,,,
U04284,2023,WUR_2023,,,
U04285,2023,WUR_2023,,,
U04286,2023,WUR_2023,,,
U04287,2023,WUR_2023,,,
U04288,2023,WUR_2023,,,
U04289,2023,WUR_2023,,,
U04290,2023,WUR_2023,,,
U04291,2023,WUR_2023,,,
U04292,2023,WUR_2023,,,
U04293,2023,WUR_2023,,,
U04294,2023,WUR_2023,,,
U04295,2023,WUR_2023,,,
U04296,2023,WUR_2023,,,
U04297,2023,WUR_2023,,,
U04298,2023,WUR_2023,,,
U04299,2023,WUR_2023,,,
U04300,2023,WUR_2023,,,
U04301,2023,WUR_2023,,,
U04302,2023,WUR_2023,,,
U04303,2023,WUR_2023,,,
U04304,2023,WUR_2023,,,
U04305,2023,WUR_2023,,,
U04306,2023,WUR_2023,,,
U04307,2023,WUR_2023,,,
U04308,2023,WUR_2023,,,
U04309,2023,WUR_2023,,,
U04310,2023,WUR_2023,,,
U04311,2023,WUR_2023,,,
U04312,2023,WUR_2023,,,
U04313,2023,WUR_2023,,,
U04314,2023,WUR_2023,,,
U04315,2023,WUR_2023,,,
U04316,2023,WUR_2023,,,
U04317,2023,WUR_2023,,,
U04318,2023,WUR_2023,,,
U04319,2023,WUR_2023,,,
U04320,2023,WUR_2023,,,
U04321,2023,WUR_2023,,,
U04322,2023,WUR_2023,,,
U04323,2023,WUR_2023,,,
U04324,2023,WUR_2023,,,
U04325,2023,WUR_2023,,,
U04326,2023,WUR_2023,,,
U04327,2023,WUR_2023,,,
U04328,2023,WUR_2023,,,
U04329,2023,WUR_2023,,,
U04330,2023,WUR_2023,,,
U04331,2023,WUR_2023,,,
U04332,2023,WUR_2023,,,
U04333,2023,WUR_2023,,,
U04334,2023,WUR_2023,,,
U04335,2023,WUR_2023,,,
U04336,2023,WUR_2023,,,
U04337,2023,WUR_2023,,,
U04338,2023,WUR_2023,,,
U04339,2023,WUR_2023,,,
U04340,2023,WUR_2023,,,
U04341,2023,WUR_2023,,,
U04342,2023,WUR_2023,,,
U04343,2023,WUR_2023,,,
U04344,2023,WUR_2023,,,
U04345,2023,WUR_2023,,,
U04346,2023,WUR_2023,,,
U04347,2023,WUR_2023,,,
U04348,2023,WUR_2023,,,
U04349,2023,WUR_2023,,,
U04350,2023,WUR_2023,,,
U04351,2023,WUR_2023,,,
U04352,2023,WUR_2023,,,
U04353,2023,WUR_2023,,,
U04354,2023,WUR_2023,,,
U04355,2023,WUR_2023,,,
U04356,2023,WUR_2023,,,
U04357,2023,WUR_2023,,,
U04358,2023,WUR_2023,,,
U04359,2023,WUR_2023,,,
U04360,2023,WUR_2023,,,
U04361,2023,WUR_2023,,,
U04362,2023,WUR_2023,,,
U04363,2023,WUR_2023,,,
U04364,2023,WUR_2023,,,
U04365,2023,WUR_2023,,,
U04366,2023,WUR_2023,,,
U04367,2023,WUR_2023,,,
U04368,2023,WUR_2023,,,
U04369,2023,WUR_2023,,,
U04370,2023,WUR_2023,,,
U04371,2023,WUR_2023,,,
U04372,2023,WUR_2023,,,
U04373,2023,WUR_2023,,,
U04374,2023,WUR_2023,,,
U04375,2023,WUR_2023,,,
U04376,2023,WUR_2023,,,
U04377,2023,WUR_2023,,,
U04378,2023,WUR_2023,,,
U04379,2023,WUR_2023,,,
U04380,2023,WUR_2023,,,
U04381,2023,WUR_2023,,,
U04382,2023,WUR_2023,,,
U04383,2023,WUR_2023,,,
U04384,2023,WUR_2023,,,
U04385,2023,WUR_2023,,,
U04386,2023,WUR_2023,,,
U04387,2023,WUR_2023,,,
U04388,2023,WUR_2023,,,
U04389,2023,WUR_2023,,,
U04390,2023,WUR_2023,,,
U04391,2023,WUR_2023,,,
U04392,2023,WUR_2023,,,
U04393,2023,WUR_2023,,,
U04394,2023,WUR_2023,,,
U04395,2023,WUR_2023,,,
U04396,2023,WUR_2023,,,
U04397,2023,WUR_2023,,,
U04398,2023,WUR_2023,,,
U04399,2023,WUR_2023,,,
U04400,2023,WUR_2023,,,
U04401,2023,WUR_2023,,,
U04402,2023,WUR_2023,,,
U04403,2023,WUR_2023,,,
U04404,2023,WUR_2023,,,
U04405,2023,WUR_2023,,,
U04406,2023,WUR_2023,,,
U04407,2023,WUR_2023,,,
U04408,2023,WUR_2023,,,
U04409,2023,WUR_2023,,,
U04410,2023,WUR_2023,,,
U04411,2023,WUR_2023,,,
U04412,2023,WUR_2023,,,
U04413,2023,WUR_2023,,,
U04414,2023,WUR_2023,,,
U04415,2023,WUR_2023,,,
U04416,2023,WUR_2023,,,
U04417,2023,WUR_2023,,,
U04418,2023,WUR_2023,,,
U04419,2023,WUR_2023,,,
U04420,2023,WUR_2023,,,
U04421,2023,WUR_2023,,,
U04422,2023,WUR_2023,,,
U04423,2023,WUR_2023,,,
U04424,2023,WUR_2023,,,
U04425,2023,WUR_2023,,,
U04426,2023,WUR_2023,,,
U04427,2023,WUR_2023,,,
U04428,2023,WUR_2023,,,
U04429,2023,WUR_2023,,,
U04430,2023,WUR_2023,,,
U04431,2023,WUR_2023,,,
U04432,2023,WUR_2023,,,
U04433,2023,WUR_2023,,,
U04434,2023,WUR_2023,,,
U04435,2023,WUR_2023,,,
U04436,2023,WUR_2023,,,
U04437,2023,WUR_2023,,,
U04438,2023,WUR_2023,,,
U04439,2023,WUR_2023,,,
U04440,2023,WUR_2023,,,
U04441,2023,WUR_2023,,,
U04442,2023,WUR_2023,,,
U04443,2023,WUR_2023,,,
U04444,2023,WUR_2023,,,
U04445,2023,WUR_2023,,,
U04446,2023,WUR_2023,,,
U04447,2023,WUR_2023,,,
U04448,2023,WUR_2023,,,
U04449,2023,WUR_2023,,,
U04450,2023,WUR_2023,,,
U04451,2023,WUR_2023,,,
U04452,2023,WUR_2023,,,
U04453,2023,WUR_2023,,,
U04454,2023,WUR_2023,,,
U04455,2023,WUR_2023,,,
U04456,2023,WUR_2023,,,
U04457,2023,WUR_2023,,,
U04458,2023,WUR_2023,,,
U04459,2023,WUR_2023,,,
U04460,2023,WUR_2023,,,
U04461,2023,WUR_2023,,,
U04462,2023,WUR_2023,,,
U04463,2023,WUR_2023,,,
U04464,2023,WUR_2023,,,
U04465,2023,WUR_2023,,,
U04466,2023,WUR_2023,,,
U04467,2023,WUR_2023,,,
U04468,2023,WUR_2023,,,
U04469,2023,WUR_2023,,,
U04470,2023,WUR_2023,,,
U04471,2023,WUR_2023,,,
U04472,2023,WUR_2023,,,
U04473,2023,WUR_2023,,,
U04474,2023,WUR_2023,,,
U04475,2023,WUR_2023,,,
U04476,2023,WUR_2023,,,
U04477,2023,WUR_2023,,,
U04478,2023,WUR_2023,,,
U04479,2023,WUR_2023,,,
U04480,2023,WUR_2023,,,
U04481,2023,WUR_2023,,,
U04482,2023,WUR_2023,,,
U04483,2023,WUR_2023,,,
U04484,2023,WUR_2023,,,
U04485,2023,WUR_2023,,,
U04486,2023,WUR_2023,,,
U04487,2023,WUR_2023,,,
U04488,2023,WUR_2023,,,
U04489,2023,WUR_2023,,,
U04490,2023,WUR_2023,,,
U04491,2023,WUR_2023,,,
U04492,2023,WUR_2023,,,
U04493,2023,WUR_2023,,,
U04494,2023,WUR_2023,,,
U04495,2023,WUR_2023,,,
U04496,2023,WUR_2023,,,
U04497,2023,WUR_2023,,,
U04498,2023,WUR_2023,,,
U04499,2023,WUR_2023,,,
U04500,2023,WUR_2023,,,
U04501,2023,WUR_2023,,,
U04502,2023,WUR_2023,,,
U04503,2023,WUR_2023,,,
U04504,2023,WUR_2023,,,
U04505,2023,WUR_2023,,,
U04506,2023,WUR_2023,,,
U04507,2023,WUR_2023,,,
U04508,2023,WUR_2023,,,
U04509,2023,WUR_2023,,,
U04510,2023,WUR_2023,,,
U04511,2023,WUR_2023,,,
U04512,2023,WUR_2023,,,
U04513,2023,WUR_2023,,,
U04514,2023,WUR_2023,,,
U04515,2023,WUR_2023,,,
U04516,2023,WUR_2023,,,
U04517,2023,WUR_2023,,,
U04518,2023,WUR_2023,,,
U04519,2023,WUR_2023,,,
U04520,2023,WUR_2023,,,
U04521,2023,WUR_2023,,,
U04522,2023,WUR_2023,,,
U04523,2023,WUR_2023,,,
U04524,2023,WUR_2023,,,
U04525,2023,WUR_2023,,,
U04526,2023,WUR_2023,,,
U04527,2023,WUR_2023,,,
U04528,2023,WUR_2023,,,
U04529,2023,WUR_2023,,,
U04530,2023,WUR_2023,,,
U04531,2023,WUR_2023,,,
U04532,2023,WUR_2023,,,
U04533,2023,WUR_2023,,,
U04534,2023,WUR_2023,,,
U04535,2023,WUR_2023,,,
U04536,2023,WUR_2023,,,
U04537,2023,WUR_2023,,,
U04538,2023,WUR_2023,,,
U04539,2023,WUR_2023,,,
U04540,2023,WUR_2023,,,
U04541,2023,WUR_2023,,,
U04542,2023,WUR_2023,,,
U04543,2023,WUR_2023,,,
U04544,2023,WUR_2023,,,
U04545,2023,WUR_2023,,,
U04546,2023,WUR_2023,,,
U04547,2023,WUR_2023,,,
U04548,2023,WUR_2023,,,
U04549,2023,WUR_2023,,,
U04550,2023,WUR_2023,,,
U04551,2023,WUR_2023,,,
U04552,2023,WUR_2023,,,
U04553,2023,WUR_2023,,,
U04554,2023,WUR_2023,,,
U04555,2023,WUR_2023,,,
U04556,2023,WUR_2023,,,
U04557,2023,WUR_2023,,,
U04558,2023,WUR_2023,,,
U04559,2023,WUR_2023,,,
U04560,2023,WUR_2023,,,
U04561,2023,WUR_2023,,,
U04562,2023,WUR_2023,,,
U04563,2023,WUR_2023,,,
U04564,2023,WUR_2023,,,
U04565,2023,WUR_2023,,,
U04566,2023,WUR_2023,,,
U04567,2023,WUR_2023,,,
U04568,2023,WUR_2023,,,
U04569,2023,WUR_2023,,,
U04570,2023,WUR_2023,,,
U04571,2023,WUR_2023,,,
U04572,2023,WUR_2023,,,
U04573,2023,WUR_2023,,,
U04574,2023,WUR_2023,,,
U04575,2023,WUR_2023,,,
U04576,2023,WUR_2023,,,
U04577,2023,WUR_2023,,,
U04578,2023,WUR_2023,,,
U04579,2023,WUR_2023,,,
U04580,2023,WUR_2023,,,
U04581,2023,WUR_2023,,,
U04582,2023,WUR_2023,,,
U04583,2023,WUR_2023,,,
U04584,2023,WUR_2023,,,
U04585,2023,WUR_2023,,,
U04586,2023,WUR_2023,,,
U04587,2023,WUR_2023,,,
U04588,2023,WUR_2023,,,
U04589,2023,WUR_2023,,,
U04590,2023,WUR_2023,,,
U04591,2023,WUR_2023,,,
U04592,2023,WUR_2023,,,
U04593,2023,WUR_2023,,,
U04594,2023,WUR_2023,,,
U04595,2023,WUR_2023,,,
U04596,2023,WUR_2023,,,
U04597,2023,WUR_2023,,,
U04598,2023,WUR_2023,,,
U04599,2023,WUR_2023,,,
U04600,2023,WUR_2023,,,
U04601,2023,WUR_2023,,,
U04602,2023,WUR_2023,,,
U04603,2023,WUR_2023,,,
U04604,2023,WUR_2023,,,
U04605,2023,WUR_2023,,,
U04606,2023,WUR_2023,,,
U04607,2023,WUR_2023,,,
U04608,2023,WUR_2023,,,
U04609,2023,WUR_2023,,,
U04610,2023,WUR_2023,,,
U04611,2023,WUR_2023,,,
U04612,2023,WUR_2023,,,
U04613,2023,WUR_2023,,,
U04614,2023,WUR_2023,,,
U04615,2023,WUR_2023,,,
U04616,2023,WUR_2023,,,
U04617,2023,WUR_2023,,,
U04618,2023,WUR_2023,,,
U04619,2023,WUR_2023,,,
U04620,2023,WUR_2023,,,
U04621,2023,WUR_2023,,,
U04622,2023,WUR_2023,,,
U04623,2023,WUR_2023,,,
U04624,2023,WUR_2023,,,
U04625,2023,WUR_2023,,,
U04626,2023,WUR_2023,,,
U04627,2023,WUR_2023,,,
U04628,2023,WUR_2023,,,
U04629,2023,WUR_2023,,,
U04630,2023,WUR_2023,,,
U04631,2023,WUR_2023,,,
U04632,2023,WUR_2023,,,
U04633,2023,WUR_2023,,,
U04634,2023,WUR_2023,,,
U04635,2023,WUR_2023,,,
U04636,2023,WUR_2023,,,
U04637,2023,WUR_2023,,,
U04638,2023,WUR_2023,,,
U04639,2023,WUR_2023,,,
U04640,2023,WUR_2023,,,
U04641,2023,WUR_2023,,,
U04642,2023,WUR_2023,,,
U04643,2023,WUR_2023,,,
U04644,2023,WUR_2023,,,
U04645,2023,WUR_2023,,,
U04646,2023,WUR_2023,,,
U04647,2023,WUR_2023,,,
U04648,2023,WUR_2023,,,
U04649,2023,WUR_2023,,,
U04650,2023,WUR_2023,,,
U04651,2023,WUR_2023,,,
U04652,2023,WUR_2023,,,
U04653,2023,WUR_2023,,,
U04654,2023,WUR_2023,,,
U04655,2023,WUR_2023,,,
U04656,2023,WUR_2023,,,
U04657,2023,WUR_2023,,,
U04658,2023,WUR_2023,,,
U04659,2023,WUR_2023,,,
U04660,2023,WUR_2023,,,
U04661,2023,WUR_2023,,,
U04662,2023,WUR_2023,,,
U04663,2023,WUR_2023,,,
U04664,2023,WUR_2023,,,
U04665,2023,WUR_2023,,,
U04666,2023,WUR_2023,,,
U04667,2023,WUR_2023,,,
U04668,2023,WUR_2023,,,
U04669,2023,WUR_2023,,,
U04670,2023,WUR_2023,,,
U04671,2023,WUR_2023,,,
U04672,2023,WUR_2023,,,
U04673,2023,WUR_2023,,,
U04674,2023,WUR_2023,,,
U04675,2023,WUR_2023,,,
U04676,2023,WUR_2023,,,
U04677,2023,WUR_2023,,,
U04678,2023,WUR_2023,,,
U04679,2023,WUR_2023,,,
U04680,2023,WUR_2023,,,
U04681,2023,WUR_2023,,,
U04682,2023,WUR_2023,,,
U04683,2023,WUR_2023,,,
U04684,2023,WUR_2023,,,
U04685,2023,WUR_2023,20.4,56.8,38.599999999999994
U04686,2023,WUR_2023,21.4,68.9,45.150000000000006
U04687,2023,WUR_2023,13.9,58.4,36.15
U04688,2023,WUR_2023,12.4,75.3,43.85
U04689,2023,WUR_2023,20.8,55.1,37.95
U04690,2023,WUR_2023,31.7,51.9,41.8
U04691,2023,WUR_2023,17.4,44.8,31.099999999999998
U04692,2023,WUR_2023,28.9,41.7,35.3
U04693,2023,WUR_2023,19.2,56.8,38.0
U04694,2023,WUR_2023,21.5,69.0,45.25
U04695,2023,WUR_2023,12.0,88.4,50.2
U04696,2023,WUR_2023,15.1,49.9,32.5
U04697,2023,WUR_2023,15.4,53.8,34.6
U04698,2023,WUR_2023,24.4,66.2,45.3
U04699,2023,WUR_2023,22.3,50.5,36.4
U04700,2023,WUR_2023,13.3,51.7,32.5
U04701,2023,WUR_2023,22.8,48.8,35.8
U04702,2023,WUR_2023,11.2,86.3,48.75
U04703,2023,WUR_2023,23.7,61.6,42.65
U04704,2023,WUR_2023,15.5,61.5,38.5
U04705,2023,WUR_2023,29.4,34.5,31.95
U04706,2023,WUR_2023,14.3,68.8,41.55
U04707,2023,WUR_2023,26.7,52.8,39.75
U04708,2023,WUR_2023,14.8,68.2,41.5
