university_id,university_name,country_name,country_code,country_name_canonical,qs_rank_2025,qs_overall_score,qs_academic_reputation_score,qs_employer_reputation_score,qs_faculty_student_score,qs_citations_per_faculty_score,qs_international_students_score,qs_international_faculty_score,qs_employment_outcomes_score,qs_sustainability_score,qs_present,the_rank_2024,the_overall_score_2024,the_teaching_score_2024,the_research_score_2024,the_citations_score_2024,the_industry_income_score_2024,the_international_outlook_score_2024,the_student_staff_ratio_2024,the_international_students_pct_2024,the_female_percentage_2024,the24_present,the_rank_2023,the_overall_score_2023,the_teaching_score_2023,the_research_score_2023,the_citations_score_2023,the_industry_income_score_2023,the_international_outlook_score_2023,the_student_staff_ratio_2023,the_international_students_pct_2023,the_female_percentage_2023,the23_present,worldbank_match_key,wb_country_code,wb_country_name,wb_long_name,wb_2alpha_code,wb_region,wb_income_group,worldbank_linked
U0001,massachusetts institute of technology (mit),United States,US,united states,1.0,100.0,100.0,100.0,100.0,100.0,86.8,99.3,100.0,99.0,True,,,,,,,,,,,False,,,,,,,,,,,False,united states,USA,United States,United States of America,US,North America,High income: OECD,True
U0002,imperial college london,United Kingdom,GB,united kingdom,2.0,98.5,98.5,99.5,98.2,93.9,99.6,100.0,93.4,99.7,True,8.0,95.1,90.9,95.5,98.6,90.9,98.3,11.8,61.0,42.0,True,10.0,90.4,82.8,90.8,98.3,59.8,97.5,11.2,61.0,40.0,True,united kingdom,GBR,United Kingdom,United Kingdom of Great Britain and Northern Ireland,GB,Europe & Central Asia,High income: OECD,True
U0003,university of oxford,United Kingdom,GB,united kingdom,3.0,96.9,100.0,100.0,100.0,84.8,97.7,98.1,100.0,85.0,True,1.0,98.5,96.6,100.0,99.0,98.7,97.5,10.9,42.0,49.0,True,1.0,96.4,92.3,99.7,99.0,74.9,96.2,10.6,42.0,48.0,True,united kingdom,GBR,United Kingdom,United Kingdom of Great Britain and Northern Ireland,GB,Europe & Central Asia,High income: OECD,True
U0004,harvard university,United States,US,united states,4.0,96.8,100.0,100.0,96.3,100.0,69.0,74.1,100.0,84.4,True,4.0,97.8,97.7,99.9,99.4,84.2,90.8,9.0,25.0,51.0,True,2.0,95.2,94.8,99.0,99.3,49.5,80.5,9.6,25.0,50.0,True,united states,USA,United States,United States of America,US,North America,High income: OECD,True
U0005,university of cambridge,United Kingdom,GB,united kingdom,5.0,96.7,100.0,100.0,100.0,84.6,94.8,100.0,100.0,84.8,True,5.0,97.5,95.8,100.0,98.0,87.9,97.4,11.5,38.0,48.0,True,3.0,94.8,90.9,99.5,97.0,54.2,95.8,11.3,39.0,47.0,True,united kingdom,GBR,United Kingdom,United Kingdom of Great Britain and Northern Ireland,GB,Europe & Central Asia,High income: OECD,True
U0006,stanford university,United States,US,united states,6.0,96.1,100.0,100.0,100.0,99.0,60.8,70.3,100.0,81.2,True,2.0,98.0,99.0,97.8,99.6,100.0,87.0,6.4,23.0,47.0,True,3.0,94.8,94.2,96.7,99.8,65.0,79.8,7.1,24.0,46.0,True,united states,USA,United States,United States of America,US,North America,High income: OECD,True
U0007,eth zurich - swiss federal institute of technology,Switzerland,CH,switzerland,7.0,93.9,98.8,87.2,65.9,97.9,98.6,100.0,90.5,98.8,True,,,,,,,,,,,False,,,,,,,,,,,False,switzerland,CHE,Switzerland,Switzerland,CH,Europe & Central Asia,High income: OECD,True
U0008,national university of singapore (nus),Singapore,SG,singapore,8.0,93.7,99.5,91.1,68.8,93.1,88.9,100.0,100.0,97.7,True,,,,,,,,,,,False,,,,,,,,,,,False,singapore,SGP,Singapore,Republic of Singapore,SG,East Asia & Pacific,High income: nonOECD,True
U0009,ucl,United Kingdom,GB,united kingdom,9.0,91.6,99.5,98.3,95.9,72.2,100.0,99.0,70.3,74.8,True,22.0,88.1,78.4,86.4,98.6,75.2,97.9,11.3,61.0,59.0,True,22.0,85.7,74.5,85.4,97.9,44.5,96.7,10.3,60.0,59.0,True,united kingdom,GBR,United Kingdom,United Kingdom of Great Britain and Northern Ireland,GB,Europe & Central Asia,High income: OECD,True
U0010,california institute of technology (caltech),United States,US,united states,10.0,90.9,96.5,95.3,100.0,100.0,79.8,100.0,31.0,62.5,True,,,,,,,,,,,False,,,,,,,,,,,False,united states,USA,United States,United States of America,US,North America,High income: OECD,True
U0011,university of pennsylvania,United States,US,united states,11.0,90.3,96.3,91.9,99.8,74.0,66.2,90.9,100.0,93.0,True,16.0,91.0,87.7,89.7,97.6,97.7,78.8,6.2,22.0,54.0,True,14.0,88.8,86.0,88.8,97.0,75.8,71.5,6.3,23.0,53.0,True,united states,USA,United States,United States of America,US,North America,High income: OECD,True
U0012,"university of california, berkeley (ucb)",United States,US,united states,12.0,90.1,100.0,100.0,23.5,98.2,61.0,91.5,98.4,100.0,True,,,,,,,,,,,False,,,,,,,,,,,False,united states,USA,United States,United States of America,US,North America,High income: OECD,True
U0013,the university of melbourne,Australia,AU,australia,13.0,88.9,98.5,93.9,15.4,93.0,99.8,95.1,96.5,99.6,True,,,,,,,,,,,False,,,,,,,,,,,False,australia,AUS,Australia,Commonwealth of Australia,AU,East Asia & Pacific,High income: OECD,True
U0014,peking university,China (Mainland),CN,china,14.0,88.5,99.5,96.6,92.6,97.7,23.6,50.3,94.2,46.9,True,14.0,91.8,95.6,97.3,87.2,98.8,70.2,10.9,14.0,53.0,True,17.0,88.1,92.5,96.7,80.4,91.8,65.0,10.3,19.0,53.0,True,china,CHN,China,People's Republic of China,CN,East Asia & Pacific,Upper middle income,True
U0015,"nanyang technological university, singapore (ntu)",Singapore,SG,singapore,15.0,88.4,91.9,73.3,80.6,92.4,83.5,100.0,83.9,95.6,True,,,,,,,,,,,False,,,,,,,,,,,False,singapore,SGP,Singapore,Republic of Singapore,SG,East Asia & Pacific,High income: nonOECD,True
U0016,cornell university,United States,US,united states,16.0,87.9,98.3,93.1,52.7,97.5,63.4,54.2,97.1,72.1,True,20.0,89.5,85.7,88.7,97.6,69.4,86.0,10.0,24.0,51.0,True,20.0,85.9,80.2,86.1,97.3,40.4,76.9,10.3,26.0,51.0,True,united states,USA,United States,United States of America,US,North America,High income: OECD,True
U0017,the university of hong kong,Hong Kong SAR,HK,hong kong,17.0,87.6,97.4,59.4,81.2,86.4,99.3,100.0,99.7,89.2,True,,,,,,,,,,,False,,,,,,,,,,,False,"hong kong sar, china",HKG,"Hong Kong SAR, China",Hong Kong Special Administrative Region of the People's Republic of China,HK,East Asia & Pacific,High income: nonOECD,True
U0018,the university of sydney,Australia,AU,australia,18.0,87.3,96.4,90.0,10.9,93.7,100.0,99.9,93.1,99.6,True,60.0,73.8,52.6,68.9,92.0,97.7,90.2,23.1,51.0,58.0,True,54.0,70.9,53.1,65.8,88.5,73.2,90.6,19.0,45.0,58.0,True,australia,AUS,Australia,Commonwealth of Australia,AU,East Asia & Pacific,High income: OECD,True
U0019,the university of new south wales (unsw sydney),Australia,AU,australia,19.0,87.1,90.5,90.4,20.6,94.9,99.4,100.0,97.7,99.2,True,,,,,,,,,,,False,,,,,,,,,,,False,australia,AUS,Australia,Commonwealth of Australia,AU,East Asia & Pacific,High income: OECD,True
U0020,tsinghua university,China (Mainland),CN,china,20.0,86.5,99.2,97.7,95.0,99.1,13.4,18.1,92.3,40.4,True,12.0,92.4,95.3,98.1,93.2,99.9,51.7,11.2,10.0,53.0,True,16.0,88.2,90.1,97.4,88.0,100.0,40.3,11.6,10.0,53.0,True,china,CHN,China,People's Republic of China,CN,East Asia & Pacific,Upper middle income,True
U0021,university of chicago,United States,US,united states,21.0,86.2,99.1,96.4,94.2,60.8,87.0,79.0,99.1,46.9,True,,,,,,,,,,,False,,,,,,,,,,,False,united states,USA,United States,United States of America,US,North America,High income: OECD,True
U0022,princeton university,United States,US,united states,22.0,85.5,99.8,98.3,57.0,100.0,56.6,9.6,95.7,51.5,True,6.0,96.9,96.3,97.9,98.8,95.1,89.1,7.3,23.0,47.0,True,7.0,92.4,87.6,95.9,99.1,66.0,80.3,8.0,23.0,46.0,True,united states,USA,United States,United States of America,US,North America,High income: OECD,True
U0023,yale university,United States,US,united states,23.0,85.2,99.9,99.9,100.0,38.6,63.3,91.5,98.5,92.2,True,10.0,94.2,94.0,94.9,97.7,86.5,82.4,5.2,21.0,51.0,True,9.0,91.4,92.6,92.7,97.0,55.0,70.9,5.9,21.0,52.0,True,united states,USA,United States,United States of America,US,North America,High income: OECD,True
U0024,université psl,France,FR,france,24.0,84.7,74.4,97.6,98.1,87.6,65.0,62.3,97.1,73.4,True,,,,,,,,,,,False,,,,,,,,,,,False,france,FRA,France,French Republic,FR,Europe & Central Asia,High income: OECD,True
U0025,university of toronto,Canada,CA,canada,25.0,84.1,99.7,96.9,44.9,50.8,96.1,96.9,98.7,100.0,True,21.0,88.6,77.5,94.1,92.8,96.1,90.7,25.8,27.0,56.0,True,18.0,87.4,77.3,93.3,92.8,65.5,89.7,25.8,26.0,56.0,True,canada,CAN,Canada,Canada,CA,North America,High income: OECD,True
U0026,epfl,Switzerland,CH,switzerland,26.0,83.5,84.2,67.2,91.2,93.6,100.0,100.0,27.2,86.7,True,,,,,,,,,,,False,,,,,,,,,,,False,switzerland,CHE,Switzerland,Switzerland,CH,Europe & Central Asia,High income: OECD,True
U0027,the university of edinburgh,United Kingdom,GB,united kingdom,27.0,83.3,98.3,97.2,65.5,47.7,99.8,98.7,55.9,99.0,True,,,,,,,,,,,False,,,,,,,,,,,False,united kingdom,GBR,United Kingdom,United Kingdom of Great Britain and Northern Ireland,GB,Europe & Central Asia,High income: OECD,True
U0028,technical university of munich,Germany,DE,germany,28.0,83.2,83.0,98.6,76.8,75.9,98.6,80.4,34.5,93.1,True,,82.5,69.8,85.1,90.0,100.0,83.1,44.4,39.0,37.0,True,30.0,79.3,69.8,82.2,84.5,100.0,77.7,40.6,36.0,37.0,True,germany,DEU,Germany,Federal Republic of Germany,DE,Europe & Central Asia,High income: OECD,True
U0029,mcgill university,Canada,CA,canada,29.0,83.0,94.3,87.6,62.3,57.9,89.6,83.7,98.3,99.1,True,49.0,76.0,62.3,72.3,88.8,76.1,92.5,11.9,29.0,61.0,True,46.0,73.0,62.0,72.4,82.5,43.5,91.0,12.5,30.0,60.0,True,canada,CAN,Canada,Canada,CA,North America,High income: OECD,True
U0030,the australian national university,Australia,AU,australia,30.0,82.4,93.8,75.4,34.6,84.6,96.2,100.0,56.6,97.1,True,,,,,,,,,,,False,,,,,,,,,,,False,australia,AUS,Australia,Commonwealth of Australia,AU,East Asia & Pacific,High income: OECD,True
U0031,seoul national university,South Korea,KR,south korea,31.0,82.3,98.5,98.6,83.1,71.7,16.9,10.5,100.0,96.0,True,62.0,73.4,74.2,75.3,74.6,100.0,43.7,16.1,13.0,53.0,True,56.0,70.8,75.2,76.2,67.6,96.6,35.9,15.1,10.0,53.0,True,korea,KOR,Korea,Republic of Korea,KR,East Asia & Pacific,High income: OECD,True
U0032,johns hopkins university,United States,US,united states,32.0,82.1,86.0,62.6,100.0,84.2,95.8,63.7,71.5,61.9,True,15.0,91.1,84.4,92.3,97.2,100.0,84.2,4.1,28.0,56.0,True,15.0,88.3,79.4,91.5,97.0,89.5,75.3,4.7,29.0,53.0,True,united states,USA,United States,United States of America,US,North America,High income: OECD,True
U0033,the university of tokyo,Japan,JP,japan,32.0,82.1,100.0,99.8,89.3,57.3,29.7,10.1,99.9,98.3,True,29.0,83.1,93.9,94.2,67.8,100.0,49.7,10.3,15.0,53.0,True,39.0,75.9,88.1,91.4,55.5,86.7,43.3,10.5,15.0,53.0,True,japan,JPN,Japan,Japan,JP,East Asia & Pacific,High income: OECD,True
U0034,columbia university,United States,US,united states,34.0,82.0,99.6,98.8,100.0,31.7,97.0,41.5,99.9,71.8,True,17.0,90.9,88.6,89.7,97.4,75.2,86.9,5.2,35.0,53.0,True,11.0,89.4,89.4,87.7,97.1,44.8,79.9,4.5,38.0,53.0,True,united states,USA,United States,United States of America,US,North America,High income: OECD,True
U0035,the university of manchester,United Kingdom,GB,united kingdom,34.0,82.0,95.6,98.1,51.3,45.1,99.2,93.1,87.6,99.8,True,,,,,,,,,,,False,,,,,,,,,,,False,united kingdom,GBR,United Kingdom,United Kingdom of Great Britain and Northern Ireland,GB,Europe & Central Asia,High income: OECD,True
U0036,the chinese university of hong kong (cuhk),Hong Kong SAR,HK,hong kong,36.0,81.3,86.7,53.3,64.2,92.9,87.5,100.0,89.0,86.7,True,,,,,,,,,,,False,,,,,,,,,,,False,"hong kong sar, china",HKG,"Hong Kong SAR, China",Hong Kong Special Administrative Region of the People's Republic of China,HK,East Asia & Pacific,High income: nonOECD,True
U0037,monash university,Australia,AU,australia,37.0,81.2,89.2,79.6,9.4,87.6,100.0,100.0,79.4,98.2,True,54.0,75.2,55.3,67.8,94.7,99.7,91.1,43.1,38.0,56.0,True,44.0,73.6,56.9,68.7,90.4,78.4,91.0,42.5,41.0,57.0,True,australia,AUS,Australia,Commonwealth of Australia,AU,East Asia & Pacific,High income: OECD,True
U0038,university of british columbia,Canada,CA,canada,38.0,81.0,98.3,94.3,34.5,57.7,72.8,95.5,74.6,99.8,True,41.0,78.0,62.5,76.6,90.5,76.7,95.0,19.4,34.0,55.0,True,40.0,75.7,62.9,73.1,88.8,47.9,94.8,18.9,34.0,55.0,True,canada,CAN,Canada,Canada,CA,North America,High income: OECD,True
U0039,fudan university,China (Mainland),CN,china,39.0,80.3,85.7,87.8,79.7,80.7,35.1,88.4,64.4,82.7,True,44.0,77.5,76.5,75.3,83.5,96.0,56.1,12.6,9.0,52.0,True,51.0,72.0,71.8,75.8,74.5,77.3,45.2,11.9,9.0,52.0,True,china,CHN,China,People's Republic of China,CN,East Asia & Pacific,Upper middle income,True
U0040,king's college london,United Kingdom,GB,united kingdom,40.0,80.2,90.3,85.7,64.3,53.6,99.5,99.1,59.8,96.2,True,,,,,,,,,,,False,,,,,,,,,,,False,united kingdom,GBR,United Kingdom,United Kingdom of Great Britain and Northern Ireland,GB,Europe & Central Asia,High income: OECD,True
U0041,the university of queensland,Australia,AU,australia,40.0,80.2,86.7,74.0,21.2,90.2,100.0,100.0,56.7,96.7,True,70.0,72.0,52.9,64.3,89.1,99.8,94.0,39.1,42.0,55.0,True,53.0,71.1,55.9,66.5,84.3,82.0,93.2,34.2,41.0,55.0,True,australia,AUS,Australia,Commonwealth of Australia,AU,East Asia & Pacific,High income: OECD,True
U0042,"university of california, los angeles (ucla)",United States,US,united states,42.0,79.8,100.0,99.8,35.4,74.0,22.3,42.2,94.7,67.1,True,,,,,,,,,,,False,,,,,,,,,,,False,united states,USA,United States,United States of America,US,North America,High income: OECD,True
U0043,new york university (nyu),United States,US,united states,43.0,79.6,96.3,98.8,90.5,28.6,98.1,30.2,98.4,95.4,True,,,,,,,,,,,False,,,,,,,,,,,False,united states,USA,United States,United States of America,US,North America,High income: OECD,True
U0044,university of michigan-ann arbor,United States,US,united states,44.0,79.0,97.9,92.1,80.3,47.6,39.2,65.5,94.5,62.2,True,23.0,87.4,84.7,87.4,95.5,80.7,69.0,8.1,16.0,51.0,True,23.0,82.9,79.3,84.6,93.6,48.7,59.2,8.2,17.0,50.0,True,united states,USA,United States,United States of America,US,North America,High income: OECD,True
U0045,shanghai jiao tong university,China (Mainland),CN,china,45.0,77.8,84.0,86.3,58.6,99.6,19.6,23.1,73.5,80.3,True,43.0,77.7,76.6,82.5,75.4,100.0,60.6,12.6,9.0,37.0,True,52.0,71.2,75.3,82.9,59.9,100.0,43.7,11.5,8.0,42.0,True,china,CHN,China,People's Republic of China,CN,East Asia & Pacific,Upper middle income,True
U0046,institut polytechnique de paris,France,FR,france,46.0,77.5,44.7,99.6,95.9,86.1,98.0,99.1,97.7,54.8,True,71.0,71.3,71.0,61.6,70.8,98.8,97.1,6.8,42.0,25.0,True,95.0,63.6,58.5,58.8,64.8,72.7,95.6,6.7,41.0,24.0,True,france,FRA,France,French Republic,FR,Europe & Central Asia,High income: OECD,True
U0047,the hong kong university of science and technology,Hong Kong SAR,HK,hong kong,47.0,77.1,81.1,50.3,56.7,99.7,95.4,100.0,65.4,77.6,True,,73.0,54.0,62.1,92.9,100.0,95.5,19.9,30.0,53.0,True,58.0,70.5,51.4,63.4,87.7,95.0,97.7,21.0,32.0,53.0,True,"hong kong sar, china",HKG,"Hong Kong SAR, China",Hong Kong Special Administrative Region of the People's Republic of China,HK,East Asia & Pacific,High income: nonOECD,True
U0048,zhejiang university,China (Mainland),CN,china,47.0,77.1,75.3,95.4,54.7,99.5,15.9,95.0,55.5,30.7,True,,75.0,70.2,75.3,78.7,99.0,65.5,12.0,16.0,53.0,True,67.0,68.1,67.3,74.8,62.8,100.0,55.1,12.0,16.0,53.0,True,china,CHN,China,People's Republic of China,CN,East Asia & Pacific,Upper middle income,True
U0049,delft university of technology,Netherlands,NL,netherlands,49.0,77.0,74.4,83.0,39.4,79.7,91.4,100.0,54.8,99.1,True,48.0,76.3,66.7,78.2,76.5,100.0,92.8,15.9,30.0,31.0,True,70.0,67.7,58.8,76.4,59.1,93.4,94.2,16.1,31.0,31.0,True,netherlands,NLD,Netherlands,Kingdom of the Netherlands,NL,Europe & Central Asia,High income: OECD,True
U0050,kyoto university,Japan,JP,japan,50.0,76.0,98.8,99.0,94.2,39.3,19.0,15.9,72.8,85.2,True,,75.0,85.4,84.3,60.0,100.0,45.7,9.0,11.0,25.0,True,68.0,68.0,77.5,79.1,52.3,88.6,40.5,9.2,12.0,25.0,True,japan,JPN,Japan,Japan,JP,East Asia & Pacific,High income: OECD,True
U0051,northwestern university,United States,US,united states,50.0,76.0,84.0,68.0,97.6,67.7,52.0,45.4,96.8,55.4,True,28.0,83.2,72.3,78.8,97.8,99.7,75.9,13.1,18.0,52.0,True,26.0,82.1,71.7,80.7,97.5,85.0,67.0,13.2,20.0,51.0,True,united states,USA,United States,United States of America,US,North America,High income: OECD,True
U0052,the london school of economics and political science (lse),United Kingdom,GB,united kingdom,50.0,76.0,67.2,97.0,35.1,69.4,100.0,100.0,99.6,91.3,True,,,,,,,,,,,False,,,,,,,,,,,False,united kingdom,GBR,United Kingdom,United Kingdom of Great Britain and Northern Ireland,GB,Europe & Central Asia,High income: OECD,True
U0053,kaist - korea advanced institute of science & technology,South Korea,KR,south korea,53.0,75.7,87.7,91.0,60.2,96.2,10.9,21.1,63.3,60.3,True,,,,,,,,,,,False,,,,,,,,,,,False,korea,KOR,Korea,Republic of Korea,KR,East Asia & Pacific,High income: OECD,True
U0054,university of bristol,United Kingdom,GB,united kingdom,54.0,75.4,75.8,82.5,36.7,75.9,89.8,87.5,51.2,98.9,True,81.0,69.8,48.7,56.5,97.3,72.3,92.5,14.8,31.0,55.0,True,76.0,66.5,43.8,53.4,98.6,43.5,89.4,14.6,31.0,56.0,True,united kingdom,GBR,United Kingdom,United Kingdom of Great Britain and Northern Ireland,GB,Europe & Central Asia,High income: OECD,True
U0055,university of amsterdam,Netherlands,NL,netherlands,55.0,73.7,83.8,52.1,21.4,92.2,87.5,96.0,79.8,38.2,True,61.0,73.6,55.0,63.1,96.7,77.6,93.2,13.2,36.0,60.0,True,60.0,69.6,48.0,64.1,93.3,44.4,91.9,14.5,32.0,59.0,True,netherlands,NLD,Netherlands,Kingdom of the Netherlands,NL,Europe & Central Asia,High income: OECD,True
U0056,yonsei university,South Korea,KR,south korea,56.0,72.9,81.5,97.0,84.2,44.1,51.2,20.7,87.8,88.9,True,,,,,,,,,,,False,,,,,,,,,,,False,korea,KOR,Korea,Republic of Korea,KR,East Asia & Pacific,High income: OECD,True
U0057,the hong kong polytechnic university,Hong Kong SAR,HK,hong kong,57.0,72.1,68.0,35.6,65.0,94.9,91.9,100.0,64.5,77.4,True,,68.2,45.7,54.1,94.5,87.4,96.3,30.6,30.0,51.0,True,,,,,,,,,,,False,"hong kong sar, china",HKG,"Hong Kong SAR, China",Hong Kong Special Administrative Region of the People's Republic of China,HK,East Asia & Pacific,High income: nonOECD,True
U0058,carnegie mellon university,United States,US,united states,58.0,72.0,69.8,80.1,40.9,98.9,99.1,33.7,61.5,24.5,True,24.0,86.3,75.0,84.6,98.9,87.3,85.5,11.9,44.0,44.0,True,28.0,81.1,65.4,81.8,98.7,55.2,80.1,12.9,47.0,44.0,True,united states,USA,United States,United States of America,US,North America,High income: OECD,True
U0059,ludwig-maximilians-universität münchen,Germany,DE,germany,59.0,71.6,92.2,86.6,38.5,50.0,37.6,75.1,66.9,62.2,True,,,,,,,,,,,False,,,,,,,,,,,False,germany,DEU,Germany,Federal Republic of Germany,DE,Europe & Central Asia,High income: OECD,True
U0060,universiti malaya (um),Malaysia,MY,malaysia,60.0,71.2,82.9,95.1,75.7,29.1,64.2,60.2,69.3,83.6,True,,,,,,,,,,,False,,,,,,,,,,,False,malaysia,MYS,Malaysia,Malaysia,MY,East Asia & Pacific,Upper middle income,True
U0061,duke university,United States,US,united states,61.0,70.8,86.0,74.7,100.0,35.1,61.0,16.3,85.5,75.0,True,26.0,83.9,79.3,76.1,96.2,100.0,74.8,3.9,18.0,52.0,True,25.0,82.6,78.1,76.2,95.7,99.6,68.0,4.2,24.0,52.0,True,united states,USA,United States,United States of America,US,North America,High income: OECD,True
U0062,city university of hong kong,Hong Kong SAR,HK,hong kong,62.0,70.7,60.9,30.8,89.5,100.0,100.0,100.0,37.5,72.9,True,82.0,69.3,52.2,52.4,91.1,100.0,98.7,13.2,67.0,54.0,True,99.0,63.4,47.2,53.0,79.9,76.6,99.6,12.1,62.0,54.0,True,"hong kong sar, china",HKG,"Hong Kong SAR, China",Hong Kong Special Administrative Region of the People's Republic of China,HK,East Asia & Pacific,High income: nonOECD,True
U0063,ku leuven,Belgium,BE,belgium,63.0,70.3,84.6,49.6,7.1,91.0,47.7,93.8,75.3,51.2,True,45.0,77.0,60.1,74.9,91.9,100.0,79.6,37.3,19.0,52.0,True,42.0,74.6,59.7,74.9,86.7,99.2,76.8,36.5,18.0,51.0,True,belgium,BEL,Belgium,Kingdom of Belgium,BE,Europe & Central Asia,High income: OECD,True
U0064,sorbonne university,France,FR,france,63.0,70.3,87.2,52.0,43.0,72.3,46.7,33.8,79.7,87.6,True,75.0,70.5,64.7,60.8,83.7,69.5,78.8,14.5,22.0,60.0,True,90.0,64.5,58.7,58.3,76.6,40.0,72.3,13.9,21.0,59.0,True,france,FRA,France,French Republic,FR,Europe & Central Asia,High income: OECD,True
U0065,the university of auckland,New Zealand,NZ,new zealand,65.0,69.7,82.2,44.7,15.5,66.9,84.0,100.0,92.9,99.7,True,,,,,,,,,,,False,,,,,,,,,,,False,new zealand,NZL,New Zealand,New Zealand,NZ,East Asia & Pacific,High income: OECD,True
U0066,university of texas at austin,United States,US,united states,66.0,69.5,93.5,86.6,8.1,76.7,11.7,6.1,81.7,52.1,True,52.0,75.5,66.0,75.7,91.0,81.4,47.3,16.4,8.0,55.0,True,50.0,72.3,66.2,73.1,87.5,51.3,40.1,17.4,10.0,53.0,True,united states,USA,United States,United States of America,US,North America,High income: OECD,True
U0067,korea university,South Korea,KR,south korea,67.0,69.0,78.2,93.8,73.0,45.0,45.7,15.2,89.0,85.2,True,,57.25,48.6,46.6,72.0,99.7,62.5,16.3,31.0,53.0,True,201.0,52.75,46.8,48.7,61.5,95.3,55.8,15.8,27.0,53.0,True,korea,KOR,Korea,Republic of Korea,KR,East Asia & Pacific,High income: OECD,True
U0068,national taiwan university (ntu),Taiwan,TW,taiwan,68.0,68.7,93.4,92.1,25.5,44.3,27.4,16.7,99.9,90.0,True,,61.9,57.3,54.8,70.8,99.9,51.2,11.1,13.0,41.0,True,187.0,55.2,50.2,55.5,60.1,75.1,47.2,11.4,11.0,42.0,True,taiwan,,,,,,,False
U0069,the university of warwick,United Kingdom,GB,united kingdom,69.0,68.2,72.2,86.4,35.5,37.7,99.1,98.1,65.7,89.7,True,,,,,,,,,,,False,,,,,,,,,,,False,united kingdom,GBR,United Kingdom,United Kingdom of Great Britain and Northern Ireland,GB,Europe & Central Asia,High income: OECD,True
U0070,university of illinois at urbana-champaign,United States,US,united states,69.0,68.2,83.9,75.7,6.4,77.5,56.3,14.0,81.7,65.0,True,42.0,77.9,69.5,81.5,85.2,85.3,64.0,19.6,23.0,51.0,True,48.0,72.7,67.1,78.9,78.1,50.1,56.2,17.4,22.0,48.0,True,united states,USA,United States,United States of America,US,North America,High income: OECD,True
U0071,universidad de buenos aires (uba),Argentina,AR,argentina,71.0,67.6,94.1,94.1,71.7,1.6,64.6,63.9,99.8,51.8,True,,,,,,,,,,,False,,,,,,,,,,,False,argentina,ARG,Argentina,Argentine Republic,AR,Latin America & Caribbean,Upper middle income,True
U0072,"university of california, san diego (ucsd)",United States,US,united states,72.0,67.1,89.3,57.8,50.8,67.0,44.3,54.6,21.7,44.3,True,,,,,,,,,,,False,,,,,,,,,,,False,united states,USA,United States,United States of America,US,North America,High income: OECD,True
U0073,université paris-saclay,France,FR,france,73.0,67.0,60.7,99.1,99.8,35.0,58.6,35.7,70.8,72.6,True,58.0,74.4,70.9,66.1,82.4,92.4,78.6,13.0,24.0,50.0,True,93.0,63.9,56.7,55.2,79.1,54.6,69.7,14.9,19.0,49.0,True,france,FRA,France,French Republic,FR,Europe & Central Asia,High income: OECD,True
U0074,kth royal institute of technology,Sweden,SE,sweden,74.0,65.7,45.2,55.6,62.3,86.1,65.9,92.0,62.4,94.8,True,,66.9,53.5,57.8,81.0,97.7,82.5,15.9,26.0,34.0,True,155.0,57.5,43.5,53.8,68.4,68.1,81.1,16.4,20.0,34.0,True,sweden,SWE,Sweden,Kingdom of Sweden,SE,Europe & Central Asia,High income: OECD,True
U0075,lund university,Sweden,SE,sweden,75.0,65.6,68.3,52.5,55.5,44.6,73.4,97.4,86.5,99.6,True,,66.1,46.7,56.6,86.6,99.8,79.8,12.0,18.0,56.0,True,119.0,61.0,40.5,55.5,81.0,79.5,78.5,11.5,18.0,55.0,True,sweden,SWE,Sweden,Kingdom of Sweden,SE,Europe & Central Asia,High income: OECD,True
U0076,university of washington,United States,US,united states,76.0,65.3,81.9,55.5,28.6,78.8,32.8,11.0,68.7,66.5,True,25.0,85.3,78.0,83.5,98.2,77.6,73.2,10.1,16.0,56.0,True,26.0,82.1,71.6,82.8,98.9,53.9,63.0,10.8,18.0,55.0,True,united states,USA,United States,United States of America,US,North America,High income: OECD,True
U0077,the university of western australia,Australia,AU,australia,77.0,65.2,55.5,41.8,13.1,98.8,99.8,100.0,78.0,50.8,True,,62.7,37.7,48.6,88.7,97.2,93.5,22.4,26.0,50.0,True,131.0,59.4,34.9,48.1,85.6,69.2,94.4,21.3,28.0,49.0,True,australia,AUS,Australia,Commonwealth of Australia,AU,East Asia & Pacific,High income: OECD,True
U0078,university of glasgow,United Kingdom,GB,united kingdom,78.0,65.0,77.4,67.7,38.0,32.5,99.4,95.7,33.5,98.5,True,,68.2,48.1,51.8,96.8,69.7,96.1,14.4,43.0,59.0,True,82.0,65.3,43.3,50.8,96.5,41.9,93.8,13.5,41.0,59.0,True,united kingdom,GBR,United Kingdom,United Kingdom of Great Britain and Northern Ireland,GB,Europe & Central Asia,High income: OECD,True
U0079,brown university,United States,US,united states,79.0,64.7,59.9,49.6,77.7,76.4,50.9,79.9,63.6,46.6,True,,73.0,69.8,59.6,89.7,69.3,72.1,10.3,19.0,53.0,True,61.0,69.3,64.5,58.0,89.5,39.0,63.3,10.1,21.0,53.0,True,united states,USA,United States,United States of America,US,North America,High income: OECD,True
U0080,university of birmingham,United Kingdom,GB,united kingdom,80.0,64.1,68.9,69.0,39.0,40.5,89.3,92.6,44.5,96.8,True,101.0,66.6,46.1,49.3,95.5,72.1,95.1,15.2,32.0,58.0,True,108.0,62.6,40.5,46.2,95.2,42.3,92.2,15.0,34.0,58.0,True,united kingdom,GBR,United Kingdom,United Kingdom of Great Britain and Northern Ireland,GB,Europe & Central Asia,High income: OECD,True
U0081,university of southampton,United Kingdom,GB,united kingdom,80.0,64.1,50.1,44.3,40.7,83.4,98.0,92.5,49.2,96.9,True,,66.9,48.9,50.1,92.7,73.1,96.5,13.0,35.0,51.0,True,108.0,62.6,41.4,47.5,92.3,44.1,94.6,13.7,39.0,53.0,True,united kingdom,GBR,United Kingdom,United Kingdom of Great Britain and Northern Ireland,GB,Europe & Central Asia,High income: OECD,True
U0082,the university of adelaide,Australia,AU,australia,82.0,63.8,56.0,38.9,17.9,87.0,99.3,100.0,51.5,95.7,True,,,,,,,,,,,False,,,,,,,,,,,False,australia,AUS,Australia,Commonwealth of Australia,AU,East Asia & Pacific,High income: OECD,True
U0083,university of leeds,United Kingdom,GB,united kingdom,82.0,63.8,70.5,75.9,36.4,39.8,88.5,82.5,50.9,71.8,True,129.0,63.9,46.1,49.1,87.3,68.8,94.6,14.4,32.0,59.0,True,128.0,59.8,46.0,47.8,79.3,40.5,91.8,14.6,36.0,60.0,True,united kingdom,GBR,United Kingdom,United Kingdom of Great Britain and Northern Ireland,GB,Europe & Central Asia,High income: OECD,True
U0084,ruprecht-karls-universität heidelberg,Germany,DE,germany,84.0,63.7,76.9,59.4,99.4,32.7,53.6,54.2,25.2,77.6,True,,,,,,,,,,,False,,,,,,,,,,,False,germany,DEU,Germany,Federal Republic of Germany,DE,Europe & Central Asia,High income: OECD,True
U0085,tokyo institute of technology (tokyo tech),Japan,JP,japan,84.0,63.7,75.1,94.1,84.1,43.1,30.5,23.4,23.7,62.2,True,,,,,,,,,,,False,,,,,,,,,,,False,japan,JPN,Japan,Japan,JP,East Asia & Pacific,High income: OECD,True
U0086,osaka university,Japan,JP,japan,86.0,63.5,82.4,87.0,45.2,54.9,12.2,23.9,33.0,68.0,True,,60.4,62.5,65.7,50.5,100.0,51.0,10.4,10.0,32.0,True,251.0,50.0,54.3,60.9,31.8,96.4,42.2,10.5,10.0,33.0,True,japan,JPN,Japan,Japan,JP,East Asia & Pacific,High income: OECD,True
U0087,"trinity college dublin, the university of dublin",Ireland,IE,ireland,87.0,62.9,69.5,47.4,20.2,58.4,88.0,99.3,88.6,57.7,True,,,,,,,,,,,False,,,,,,,,,,,False,ireland,IRL,Ireland,Ireland,IE,Europe & Central Asia,High income: OECD,True
U0088,university of technology sydney,Australia,AU,australia,88.0,62.4,43.9,55.0,9.8,97.7,86.0,96.6,40.2,96.3,True,148.0,62.3,36.2,43.3,95.9,78.9,94.3,37.4,25.0,50.0,True,133.0,59.3,36.9,42.1,90.5,49.7,96.0,35.1,31.0,50.0,True,australia,AUS,Australia,Commonwealth of Australia,AU,East Asia & Pacific,High income: OECD,True
U0089,durham university,United Kingdom,GB,united kingdom,89.0,61.7,59.6,83.9,26.3,40.9,84.9,97.3,39.4,98.6,True,174.0,60.6,43.5,44.5,83.5,65.6,95.8,14.0,32.0,54.0,True,198.0,54.4,40.0,44.6,70.0,39.4,94.3,14.1,35.0,54.0,True,united kingdom,GBR,United Kingdom,United Kingdom of Great Britain and Northern Ireland,GB,Europe & Central Asia,High income: OECD,True
U0090,pennsylvania state university,United States,US,united states,89.0,61.7,76.6,64.5,25.0,55.4,28.0,25.1,61.9,96.5,True,,,,,,,,,,,False,,,,,,,,,,,False,united states,USA,United States,United States of America,US,North America,High income: OECD,True
U0091,purdue university,United States,US,united states,89.0,61.7,63.3,81.1,11.4,54.3,45.2,79.6,63.1,90.1,True,,,,,,,,,,,False,,,,,,,,,,,False,united states,USA,United States,United States of America,US,North America,High income: OECD,True
U0092,universidade de são paulo,Brazil,BR,brazil,92.0,61.6,92.8,74.6,21.4,28.5,2.1,6.8,97.9,93.6,True,,,,,,,,,,,False,,,,,,,,,,,False,brazil,BRA,Brazil,Federative Republic of Brazil,BR,Latin America & Caribbean,Upper middle income,True
U0093,pontificia universidad católica de chile (uc),Chile,CL,chile,93.0,61.5,93.7,98.0,23.7,8.8,3.7,26.0,99.9,79.3,True,,,,,,,,,,,False,,,,,,,,,,,False,chile,CHL,Chile,Republic of Chile,CL,Latin America & Caribbean,High income: OECD,True
U0094,lomonosov moscow state university,Russia,RU,russia,94.0,61.4,78.0,82.3,99.7,4.1,91.5,19.7,95.8,3.5,True,,67.0,87.5,75.2,33.9,91.1,73.8,9.6,37.0,50.0,True,,,,,,,,,,,False,russia,RUS,Russia,Russian Federation,RU,Europe & Central Asia,High income: nonOECD,True
U0095,universidad nacional autónoma de méxico (unam),Mexico,MX,mexico,94.0,61.4,97.0,94.4,37.4,2.4,2.3,7.5,93.2,83.4,True,,,,,,,,,,,False,,,,,,,,,,,False,mexico,MEX,Mexico,United Mexican States,MX,Latin America & Caribbean,Upper middle income,True
U0096,university of alberta,Canada,CA,canada,96.0,61.2,57.0,42.2,39.1,61.3,71.0,98.3,70.0,97.6,True,,65.9,50.1,55.5,80.9,99.9,90.7,22.8,27.0,53.0,True,118.0,61.1,48.8,52.7,72.9,82.7,89.2,21.6,28.0,53.0,True,canada,CAN,Canada,Canada,CA,North America,High income: OECD,True
U0097,freie universitaet berlin,Germany,DE,germany,97.0,60.6,80.3,56.9,5.0,71.7,43.7,62.4,32.8,31.3,True,,,,,,,,,,,False,,,,,,,,,,,False,germany,DEU,Germany,Federal Republic of Germany,DE,Europe & Central Asia,High income: OECD,True
U0098,pohang university of science and technology (postech),South Korea,KR,south korea,98.0,60.3,45.9,80.0,99.9,96.9,2.7,27.6,11.0,36.6,True,149.0,62.2,58.1,51.5,77.2,100.0,40.0,10.5,5.0,53.0,True,163.0,56.9,54.7,51.4,67.7,96.2,31.8,10.0,3.0,53.0,True,korea,KOR,Korea,Republic of Korea,KR,East Asia & Pacific,High income: OECD,True
U0099,rwth aachen university,Germany,DE,germany,99.0,59.9,46.6,93.7,6.3,71.9,85.5,48.6,33.4,84.8,True,90.0,68.0,54.9,64.8,78.9,100.0,71.2,43.3,29.0,34.0,True,99.0,63.4,56.8,64.5,66.1,93.8,65.1,50.0,28.0,33.0,True,germany,DEU,Germany,Federal Republic of Germany,DE,Europe & Central Asia,High income: OECD,True
U0100,university of copenhagen,Denmark,DK,denmark,100.0,59.6,74.0,31.6,99.8,23.1,15.6,84.9,90.8,73.2,True,,66.3,49.2,51.1,91.3,89.5,80.1,4.3,14.0,62.0,True,114.0,61.7,45.1,47.5,87.2,55.0,84.7,4.2,16.0,62.0,True,denmark,DNK,Denmark,Kingdom of Denmark,DK,Europe & Central Asia,High income: OECD,True
U0101,king fahd university of petroleum & minerals,Saudi Arabia,SA,saudi arabia,101.0,59.5,38.0,46.5,86.0,78.0,47.6,100.0,97.8,20.1,True,,,,,,,,,,,False,,,,,,,,,,,False,saudi arabia,SAU,Saudi Arabia,Kingdom of Saudi Arabia,SA,Middle East & North Africa,High income: nonOECD,True
U0102,"kit, karlsruhe institute of technology",Germany,DE,germany,102.0,59.4,44.9,80.9,39.4,68.4,42.9,70.5,50.8,75.3,True,,,,,,,,,,,False,,,,,,,,,,,False,germany,DEU,Germany,Federal Republic of Germany,DE,Europe & Central Asia,High income: OECD,True
U0103,uppsala university,Sweden,SE,sweden,103.0,59.3,61.4,33.7,52.0,42.3,81.1,99.4,68.4,99.2,True,,62.8,43.9,55.0,81.3,97.7,74.7,13.3,17.0,60.0,True,148.0,57.8,37.6,55.7,75.2,71.5,72.6,15.3,17.0,62.0,True,sweden,SWE,Sweden,Kingdom of Sweden,SE,Europe & Central Asia,High income: OECD,True
U0104,university of st andrews,United Kingdom,GB,united kingdom,104.0,59.2,46.5,63.2,64.7,49.2,100.0,98.4,18.5,91.1,True,,59.0,46.0,42.6,77.7,63.6,95.8,12.4,46.0,58.0,True,201.0,52.75,40.0,41.4,67.8,38.9,94.9,12.3,47.0,59.0,True,united kingdom,GBR,United Kingdom,United Kingdom of Great Britain and Northern Ireland,GB,Europe & Central Asia,High income: OECD,True
U0105,the university of sheffield,United Kingdom,GB,united kingdom,105.0,59.1,58.3,48.7,52.5,43.9,96.8,83.3,33.8,97.7,True,,,,,,,,,,,False,,,,,,,,,,,False,united kingdom,GBR,United Kingdom,United Kingdom of Great Britain and Northern Ireland,GB,Europe & Central Asia,High income: OECD,True
U0106,utrecht university,Netherlands,NL,netherlands,105.0,59.1,66.5,38.8,31.0,79.5,19.4,55.7,54.7,61.9,True,,,,,,,,,,,False,66.0,68.2,44.3,66.0,91.2,72.7,78.8,17.1,13.0,62.0,True,netherlands,NLD,Netherlands,Kingdom of the Netherlands,NL,Europe & Central Asia,High income: OECD,True
U0107,tohoku university,Japan,JP,japan,107.0,58.8,73.8,82.8,97.8,23.9,11.4,14.1,22.6,78.6,True,,63.8,67.8,66.4,53.8,99.9,58.5,11.8,12.0,28.0,True,201.0,52.75,59.1,62.3,36.8,94.5,51.1,12.4,14.0,28.0,True,japan,JPN,Japan,Japan,JP,East Asia & Pacific,High income: OECD,True
U0108,university of nottingham,United Kingdom,GB,united kingdom,108.0,58.5,61.1,65.8,32.8,37.6,70.5,89.4,38.0,97.0,True,,63.8,45.6,45.9,90.6,71.2,92.8,16.0,27.0,54.0,True,130.0,59.6,41.8,44.1,86.6,41.7,90.4,15.1,31.0,54.0,True,united kingdom,GBR,United Kingdom,United Kingdom of Great Britain and Northern Ireland,GB,Europe & Central Asia,High income: OECD,True
U0109,technical university of denmark,Denmark,DK,denmark,109.0,58.3,33.2,22.1,99.1,84.4,87.7,100.0,43.6,47.9,True,126.0,64.6,50.7,47.4,83.2,99.7,92.2,7.7,28.0,32.0,True,166.0,56.8,40.4,44.9,73.2,86.0,94.0,6.9,26.0,32.0,True,denmark,DNK,Denmark,Kingdom of Denmark,DK,Europe & Central Asia,High income: OECD,True
U0110,university of zurich,Switzerland,CH,switzerland,109.0,58.3,59.9,26.4,92.2,40.1,42.8,100.0,88.6,58.7,True,80.0,69.9,54.8,53.4,91.8,93.7,92.4,14.7,24.0,58.0,True,82.0,65.3,51.5,50.7,87.5,57.6,93.0,13.7,22.0,56.0,True,switzerland,CHE,Switzerland,Switzerland,CH,Europe & Central Asia,High income: OECD,True
U0111,politecnico di milano,Italy,IT,italy,111.0,58.2,70.8,77.0,5.8,40.2,56.8,67.4,52.9,72.6,True,,57.25,42.9,49.7,71.9,95.3,65.3,25.7,19.0,35.0,True,301.0,47.85,39.0,45.3,56.4,74.6,62.0,25.4,18.0,53.0,True,italy,ITA,Italy,Italian Republic,IT,Europe & Central Asia,High income: OECD,True
U0112,boston university,United States,US,united states,108.0,58.6,61.9,69.1,38.3,41.3,88.9,34.3,77.2,65.9,True,78.0,70.1,59.6,54.1,94.3,76.4,74.1,10.8,29.0,58.0,True,71.0,67.5,55.9,56.1,92.9,41.1,65.9,10.8,31.0,59.0,True,united states,USA,United States,United States of America,US,North America,High income: OECD,True
U0113,aalto university,Finland,FI,finland,113.0,57.9,45.7,40.6,33.2,73.6,40.1,95.2,95.1,94.7,True,,57.25,42.0,43.1,79.7,87.2,81.8,20.4,23.0,39.0,True,201.0,52.75,38.3,40.4,67.5,53.2,81.9,19.7,21.0,38.0,True,finland,FIN,Finland,Republic of Finland,FI,Europe & Central Asia,High income: OECD,True
U0114,georgia institute of technology,United States,US,united states,114.0,57.3,67.1,82.6,20.3,52.8,66.4,21.3,43.1,39.5,True,36.0,80.0,63.4,78.9,94.1,94.6,84.8,28.0,29.0,34.0,True,38.0,76.0,60.2,75.9,91.4,64.9,81.2,24.7,40.0,33.0,True,united states,USA,United States,United States of America,US,North America,High income: OECD,True
U0115,university of waterloo,Canada,CA,canada,115.0,57.2,40.4,64.2,6.5,78.9,71.3,75.8,58.9,93.3,True,,61.7,42.2,49.3,83.7,78.3,89.3,24.2,23.0,47.0,True,201.0,52.75,36.8,46.4,71.0,47.3,87.5,23.2,23.0,48.0,True,canada,CAN,Canada,Canada,CA,North America,High income: OECD,True
U0116,university of wisconsin-madison,United States,US,united states,116.0,57.1,77.7,47.8,74.3,23.7,23.6,35.3,81.6,59.6,True,63.0,73.3,68.5,67.5,85.5,79.8,62.8,9.9,13.0,53.0,True,81.0,65.5,59.7,62.9,78.7,48.4,51.8,10.0,14.0,53.0,True,united states,USA,United States,United States of America,US,North America,High income: OECD,True
U0117,university of helsinki,Finland,FI,finland,117.0,56.8,62.3,29.1,59.4,49.6,5.7,73.4,90.5,94.5,True,121.0,65.1,48.1,57.6,90.6,69.2,56.7,15.9,5.0,67.0,True,110.0,62.5,45.9,58.5,86.6,39.1,57.0,15.8,5.0,67.0,True,finland,FIN,Finland,Republic of Finland,FI,Europe & Central Asia,High income: OECD,True
U0118,indian institute of technology bombay (iitb),India,IN,india,118.0,56.3,58.5,86.0,14.4,79.1,1.3,4.3,64.5,52.5,True,,,,,,,,,,,False,,,,,,,,,,,False,india,IND,India,Republic of India,IN,South Asia,Lower middle income,True
U0119,university of oslo,Norway,NO,norway,119.0,56.1,55.6,16.0,73.8,55.7,31.7,91.6,80.9,72.1,True,127.0,64.3,45.6,50.6,92.1,72.3,75.6,12.5,15.0,66.0,True,126.0,60.2,40.1,48.5,89.0,44.5,77.0,13.3,15.0,66.0,True,norway,NOR,Norway,Kingdom of Norway,NO,Europe & Central Asia,High income: OECD,True
U0120,queen mary university of london,United Kingdom,GB,united kingdom,120.0,55.8,48.3,36.9,30.4,62.8,99.2,99.5,21.4,95.6,True,135.0,63.1,37.6,42.6,97.9,73.9,98.1,14.6,45.0,54.0,True,124.0,60.4,34.3,41.3,97.7,44.0,97.1,13.1,46.0,55.0,True,united kingdom,GBR,United Kingdom,United Kingdom of Great Britain and Northern Ireland,GB,Europe & Central Asia,High income: OECD,True
U0121,western university,Canada,CA,canada,120.0,55.8,32.6,38.9,3.3,93.4,49.5,99.8,96.7,99.3,True,,57.25,40.2,42.9,75.2,99.6,87.5,33.0,24.0,56.0,True,201.0,52.75,40.7,42.1,67.9,79.9,85.6,29.5,22.0,56.0,True,canada,CAN,Canada,Canada,CA,North America,High income: OECD,True
U0122,qatar university,Qatar,QA,qatar,122.0,55.7,29.8,50.6,68.1,48.2,96.5,100.0,98.6,74.0,True,,54.45,31.3,35.6,83.4,61.8,96.0,8.4,36.0,77.0,True,201.0,52.75,27.0,38.7,79.6,61.4,98.9,8.8,35.0,77.0,True,qatar,QAT,Qatar,State of Qatar,QA,Middle East & North Africa,High income: nonOECD,True
U0123,rmit university,Australia,AU,australia,123.0,55.5,40.4,48.0,5.2,77.7,91.4,100.0,38.4,93.9,True,,54.45,35.5,36.2,83.2,73.2,92.8,24.0,34.0,48.0,True,301.0,47.85,29.4,32.7,71.8,47.6,93.6,23.6,34.0,48.0,True,australia,AUS,Australia,Commonwealth of Australia,AU,East Asia & Pacific,High income: OECD,True
U0124,sungkyunkwan university(skku),South Korea,KR,south korea,123.0,55.5,57.9,70.7,80.5,41.3,41.7,17.5,36.5,79.1,True,,,,,,,,,,,False,,,,,,,,,,,False,korea,KOR,Korea,Republic of Korea,KR,East Asia & Pacific,High income: OECD,True
U0125,university of southern california,United States,US,united states,125.0,55.2,50.4,54.5,17.3,58.0,74.1,26.0,92.6,97.7,True,74.0,70.8,59.2,58.8,92.5,74.4,74.3,14.2,24.0,49.0,True,65.0,68.3,58.9,58.6,90.4,43.8,63.7,12.6,22.0,49.0,True,united states,USA,United States,United States of America,US,North America,High income: OECD,True
U0126,humboldt-universität zu berlin,Germany,DE,germany,126.0,55.0,89.2,69.9,7.4,27.0,35.1,69.1,19.0,19.9,True,,,,,,,,,,,False,,,,,,,,,,,False,germany,DEU,Germany,Federal Republic of Germany,DE,Europe & Central Asia,High income: OECD,True
U0127,university college dublin,Ireland,IE,ireland,126.0,55.0,51.4,43.5,16.6,46.4,74.8,99.1,89.8,95.6,True,,57.25,34.3,41.3,84.0,75.1,88.1,20.7,25.0,53.0,True,201.0,52.75,32.6,40.3,73.9,46.9,94.2,21.3,31.0,53.0,True,ireland,IRL,Ireland,Ireland,IE,Europe & Central Asia,High income: OECD,True
U0128,stockholm university,Sweden,SE,sweden,128.0,54.8,52.5,21.0,26.7,64.5,89.8,80.7,86.6,58.7,True,,59.6,32.1,49.6,91.0,59.2,81.2,20.3,13.0,53.0,True,176.0,56.1,29.7,50.4,87.1,38.3,66.3,20.7,7.0,53.0,True,sweden,SWE,Sweden,Kingdom of Sweden,SE,Europe & Central Asia,High income: OECD,True
U0129,newcastle university,United Kingdom,GB,united kingdom,129.0,54.5,50.0,59.3,39.2,38.7,68.6,89.5,31.3,97.1,True,,60.8,37.2,41.1,93.8,72.1,91.3,14.8,26.0,53.0,True,139.0,58.4,33.3,40.0,96.0,41.8,87.8,15.1,29.0,52.0,True,united kingdom,GBR,United Kingdom,United Kingdom of Great Britain and Northern Ireland,GB,Europe & Central Asia,High income: OECD,True
U0130,"university of california, davis",United States,US,united states,130.0,54.4,63.0,48.0,23.5,52.5,51.3,72.7,22.8,76.1,True,59.0,74.1,63.7,67.8,87.2,91.5,78.7,13.3,18.0,60.0,True,63.0,68.5,59.7,66.3,80.9,52.4,68.7,13.1,18.0,60.0,True,united states,USA,United States,United States of America,US,North America,High income: OECD,True
U0131,university of basel,Switzerland,CH,switzerland,131.0,54.3,26.6,13.5,61.4,94.5,85.8,100.0,69.9,44.6,True,,64.9,50.8,42.9,87.7,99.4,95.4,10.4,31.0,56.0,True,101.0,63.0,47.0,44.1,86.5,99.2,96.8,10.9,30.0,57.0,True,switzerland,CHE,Switzerland,Switzerland,CH,Europe & Central Asia,High income: OECD,True
U0132,sapienza university of rome,Italy,IT,italy,132.0,54.2,80.7,48.5,5.0,45.3,8.0,3.1,88.0,72.3,True,181.0,60.0,53.5,48.1,77.9,85.4,46.5,22.2,9.0,61.0,True,201.0,52.75,52.4,44.9,67.7,53.0,43.5,28.2,10.0,60.0,True,italy,ITA,Italy,Italian Republic,IT,Europe & Central Asia,High income: OECD,True
U0133,alma mater studiorum - university of bologna,Italy,IT,italy,133.0,54.1,80.8,47.8,3.7,46.6,12.3,14.5,53.8,88.4,True,,,,,,,,,,,False,,,,,,,,,,,False,italy,ITA,Italy,Italian Republic,IT,Europe & Central Asia,High income: OECD,True
U0134,macquarie university,Australia,AU,australia,133.0,54.1,33.4,39.2,9.1,79.6,91.6,99.9,54.1,95.0,True,180.0,60.1,36.7,44.2,87.4,90.9,88.6,51.7,22.0,53.0,True,175.0,56.2,38.7,44.6,76.1,64.9,89.8,69.0,27.0,52.0,True,australia,AUS,Australia,Commonwealth of Australia,AU,East Asia & Pacific,High income: OECD,True
U0135,university of science and technology of china,China (Mainland),CN,china,133.0,54.1,50.0,23.7,94.7,97.7,5.1,11.6,31.9,11.9,True,57.0,74.8,74.3,66.3,88.2,95.6,45.4,8.1,5.0,53.0,True,74.0,67.1,65.0,64.9,78.8,69.4,36.9,8.1,6.0,53.0,True,china,CHN,China,People's Republic of China,CN,East Asia & Pacific,Upper middle income,True
U0136,eindhoven university of technology,Netherlands,NL,netherlands,136.0,54.0,28.7,72.1,35.7,79.3,82.7,100.0,24.2,29.8,True,,60.8,47.4,51.5,71.3,100.0,87.3,21.4,27.0,53.0,True,201.0,52.75,45.5,49.8,55.5,99.2,86.4,21.0,24.0,53.0,True,netherlands,NLD,Netherlands,Kingdom of the Netherlands,NL,Europe & Central Asia,High income: OECD,True
U0137,university of vienna,Austria,AT,austria,137.0,53.9,70.9,40.4,23.2,13.0,92.0,100.0,89.7,60.9,True,,65.2,48.7,60.3,77.4,75.9,94.9,37.4,31.0,66.0,True,124.0,60.4,49.4,59.3,65.1,44.8,95.8,42.9,29.0,66.0,True,austria,AUT,Austria,Republic of Austria,AT,Europe & Central Asia,High income: OECD,True
U0138,universiti kebangsaan malaysia (ukm),Malaysia,MY,malaysia,138.0,53.8,61.7,66.4,80.4,14.1,78.8,45.7,22.5,64.4,True,,,,,,,,,,,False,,,,,,,,,,,False,malaysia,MYS,Malaysia,Malaysia,MY,East Asia & Pacific,Upper middle income,True
U0139,chalmers university of technology,Sweden,SE,sweden,139.0,53.7,26.3,50.4,50.5,77.4,63.1,100.0,31.7,87.0,True,189.0,59.4,42.7,46.6,79.4,97.1,74.1,15.4,17.0,32.0,True,251.0,50.0,34.9,44.5,64.4,66.0,77.4,13.8,19.0,32.0,True,sweden,SWE,Sweden,Kingdom of Sweden,SE,Europe & Central Asia,High income: OECD,True
U0140,universidad de chile,Chile,CL,chile,139.0,53.7,82.8,90.0,8.0,11.2,4.5,8.5,96.1,64.1,True,,,,,,,,,,,False,,,,,,,,,,,False,chile,CHL,Chile,Republic of Chile,CL,Latin America & Caribbean,High income: OECD,True
U0141,lancaster university,United Kingdom,GB,united kingdom,141.0,53.6,38.9,36.7,27.7,69.6,92.3,93.3,28.8,96.2,True,,61.8,40.2,40.7,93.9,66.6,96.8,13.9,38.0,51.0,True,122.0,60.8,38.7,40.0,96.9,38.3,94.9,12.8,39.0,51.0,True,united kingdom,GBR,United Kingdom,United Kingdom of Great Britain and Northern Ireland,GB,Europe & Central Asia,High income: OECD,True
U0142,leiden university,Netherlands,NL,netherlands,141.0,53.6,68.4,32.9,21.3,54.5,51.7,85.0,48.8,25.5,True,77.0,70.2,46.0,62.7,93.0,98.1,87.8,19.3,21.0,60.0,True,77.0,66.4,43.2,64.4,86.6,68.4,85.4,19.3,20.0,60.0,True,netherlands,NLD,Netherlands,Kingdom of the Netherlands,NL,Europe & Central Asia,High income: OECD,True
U0143,rice university,United States,US,united states,141.0,53.6,39.1,27.3,62.5,87.9,94.1,77.5,29.5,20.6,True,,65.2,56.4,45.6,86.5,73.9,85.8,9.8,26.0,42.0,True,147.0,57.9,46.5,39.7,84.4,44.5,75.3,9.2,28.0,43.0,True,united states,USA,United States,United States of America,US,North America,High income: OECD,True
U0144,aarhus university,Denmark,DK,denmark,144.0,53.3,54.7,27.6,30.8,63.8,11.9,89.8,69.5,76.4,True,,65.9,44.9,59.0,86.3,98.7,76.3,13.5,9.0,56.0,True,117.0,61.2,40.6,60.0,77.6,74.1,77.9,13.5,10.0,55.0,True,denmark,DNK,Denmark,Kingdom of Denmark,DK,Europe & Central Asia,High income: OECD,True
U0145,nanjing university,China (Mainland),CN,china,145.0,53.0,57.1,32.5,35.6,93.0,7.6,61.9,29.0,16.5,True,73.0,70.9,64.0,61.7,85.3,96.8,61.8,16.7,8.0,54.0,True,95.0,63.6,58.4,58.2,74.3,87.3,55.2,16.5,8.0,54.0,True,china,CHN,China,People's Republic of China,CN,East Asia & Pacific,Upper middle income,True
U0146,universiti sains malaysia (usm),Malaysia,MY,malaysia,146.0,52.7,63.3,69.7,46.4,19.6,96.4,24.3,20.1,71.2,True,,,,,,,,,,,False,,,,,,,,,,,False,malaysia,MYS,Malaysia,Malaysia,MY,East Asia & Pacific,Upper middle income,True
U0147,technische universität berlin (tu berlin),Germany,DE,germany,147.0,52.5,55.3,74.3,58.0,22.1,74.8,63.2,37.7,35.4,True,,,,,,,,,,,False,,,,,,,,,,,False,germany,DEU,Germany,Federal Republic of Germany,DE,Europe & Central Asia,High income: OECD,True
U0148,universiti putra malaysia (upm),Malaysia,MY,malaysia,148.0,52.3,61.0,61.9,58.8,25.7,92.0,36.1,17.5,53.5,True,,,,,,,,,,,False,,,,,,,,,,,False,malaysia,MYS,Malaysia,Malaysia,MY,East Asia & Pacific,Upper middle income,True
U0149,king abdulaziz university (kau),Saudi Arabia,SA,saudi arabia,149.0,52.2,59.8,61.4,41.6,34.4,9.5,89.3,35.9,58.4,True,,,,,,,,,,,False,,,,,,,,,,,False,saudi arabia,SAU,Saudi Arabia,Kingdom of Saudi Arabia,SA,Middle East & North Africa,High income: nonOECD,True
U0150,indian institute of technology delhi (iitd),India,IN,india,150.0,52.1,54.1,80.9,17.3,77.4,1.5,3.1,35.1,32.7,True,,,,,,,,,,,False,,,,,,,,,,,False,india,IND,India,Republic of India,IN,South Asia,Lower middle income,True
U0151,university of bath,United Kingdom,GB,united kingdom,150.0,52.1,35.8,67.9,18.3,52.0,80.0,94.3,35.2,90.4,True,,54.45,34.7,35.1,80.5,65.3,95.0,15.8,31.0,45.0,True,251.0,50.0,32.2,33.8,73.8,39.9,93.4,15.4,34.0,46.0,True,united kingdom,GBR,United Kingdom,United Kingdom of Great Britain and Northern Ireland,GB,Europe & Central Asia,High income: OECD,True
U0152,michigan state university,United States,US,united states,152.0,51.9,59.5,48.6,11.4,50.3,12.4,54.5,57.1,96.3,True,,65.4,54.8,52.3,86.2,70.0,71.4,16.1,11.0,52.0,True,106.0,62.8,56.2,55.6,78.8,39.9,61.9,16.0,13.0,52.0,True,united states,USA,United States,United States of America,US,North America,High income: OECD,True
U0153,nagoya university,Japan,JP,japan,152.0,51.9,63.2,65.8,84.7,25.4,19.6,14.5,21.5,75.0,True,,57.25,55.3,55.7,54.3,99.5,41.9,13.0,12.0,30.0,True,301.0,47.85,48.4,54.1,39.7,99.2,35.8,12.8,12.0,30.0,True,japan,JPN,Japan,Japan,JP,East Asia & Pacific,High income: OECD,True
U0154,texas a&m university,United States,US,united states,154.0,51.8,61.2,66.0,4.4,64.3,12.1,21.9,44.4,39.5,True,118.0,65.3,55.2,62.1,77.3,76.4,64.1,20.5,6.0,47.0,True,181.0,55.8,50.2,54.8,63.2,45.1,56.0,21.3,8.0,47.0,True,united states,USA,United States,United States of America,US,North America,High income: OECD,True
U0155,university of geneva,Switzerland,CH,switzerland,155.0,51.6,45.5,17.2,40.4,62.4,97.6,100.0,49.5,42.3,True,183.0,59.8,41.8,38.0,86.7,80.7,97.1,8.4,40.0,62.0,True,201.0,52.75,34.7,35.4,81.8,48.2,98.6,8.7,40.0,62.0,True,switzerland,CHE,Switzerland,Switzerland,CH,Europe & Central Asia,High income: OECD,True
U0156,"university of north carolina, chapel hill",United States,US,united states,155.0,51.6,61.4,36.5,72.9,47.2,11.1,23.5,55.2,44.6,True,,,,,,,,,,,False,,,,,,,,,,,False,united states,USA,United States,United States of America,US,North America,High income: OECD,True
U0157,wageningen university & research,Netherlands,NL,netherlands,155.0,51.6,42.1,23.8,98.6,41.3,81.2,59.4,21.1,92.3,True,,73.0,56.4,59.8,93.8,98.8,92.4,18.1,28.0,54.0,True,59.0,70.3,50.4,60.2,93.2,100.0,88.8,18.6,27.0,55.0,True,netherlands,NLD,Netherlands,Kingdom of the Netherlands,NL,Europe & Central Asia,High income: OECD,True
U0158,erasmus university rotterdam,Netherlands,NL,netherlands,158.0,51.5,37.0,58.2,18.1,63.3,70.0,76.0,89.3,28.7,True,,66.7,38.5,54.1,96.9,94.7,90.6,36.0,25.0,54.0,True,80.0,65.7,38.6,57.1,95.6,64.4,89.7,33.9,22.0,53.0,True,netherlands,NLD,Netherlands,Kingdom of the Netherlands,NL,Europe & Central Asia,High income: OECD,True
U0159,université de montréal,Canada,CA,canada,159.0,51.3,55.5,32.8,76.0,19.3,54.1,87.6,54.2,91.4,True,,65.8,51.2,54.1,81.7,96.6,87.7,20.5,22.0,53.0,True,,,,,,,,,,,False,canada,CAN,Canada,Canada,CA,North America,High income: OECD,True
U0160,university of groningen,Netherlands,NL,netherlands,159.0,51.3,52.3,34.4,49.3,41.2,83.5,93.2,40.0,40.1,True,79.0,70.0,47.5,57.2,94.5,99.9,93.4,28.8,29.0,53.0,True,75.0,66.6,45.4,57.6,90.4,75.8,89.8,24.4,28.0,52.0,True,netherlands,NLD,Netherlands,Kingdom of the Netherlands,NL,Europe & Central Asia,High income: OECD,True
U0161,university of bern,Switzerland,CH,switzerland,161.0,51.2,29.7,16.1,45.9,99.3,38.0,100.0,30.7,52.1,True,,65.4,45.1,47.0,93.3,99.2,87.0,18.2,16.0,59.0,True,94.0,63.7,46.0,46.5,90.7,86.3,88.2,17.2,17.0,58.0,True,switzerland,CHE,Switzerland,Switzerland,CH,Europe & Central Asia,High income: OECD,True
U0162,hanyang university,South Korea,KR,south korea,162.0,51.1,43.0,78.0,77.1,28.5,57.6,17.4,43.3,85.8,True,,52.05,45.4,40.4,62.0,99.4,66.5,13.2,21.0,53.0,True,401.0,43.5,41.8,40.8,40.8,89.8,63.7,14.6,20.0,53.0,True,korea,KOR,Korea,Republic of Korea,KR,East Asia & Pacific,High income: OECD,True
U0163,al-farabi kazakh national university,Kazakhstan,KZ,kazakhstan,163.0,51.0,54.2,79.6,99.3,1.4,54.2,49.0,59.6,29.8,True,,25.5,24.8,11.1,27.1,25.3,72.5,5.9,10.0,59.0,True,1001.0,27.05,27.3,10.8,26.2,41.1,69.2,5.7,15.0,56.0,True,kazakhstan,KAZ,Kazakhstan,Republic of Kazakhstan,KZ,Europe & Central Asia,Upper middle income,True
U0164,complutense university of madrid,Spain,ES,spain,164.0,50.9,68.1,68.1,28.7,7.9,34.3,10.5,96.3,88.9,True,,43.6,40.3,29.4,58.8,52.1,46.7,11.8,10.0,62.0,True,401.0,43.5,31.4,34.7,60.5,39.1,44.7,20.3,12.0,62.0,True,spain,ESP,Spain,Kingdom of Spain,ES,Europe & Central Asia,High income: OECD,True
U0165,universitat de barcelona,Spain,ES,spain,165.0,50.7,73.7,30.3,12.4,38.1,26.3,23.1,71.5,92.2,True,,,,,,,,,,,False,,,,,,,,,,,False,spain,ESP,Spain,Kingdom of Spain,ES,Europe & Central Asia,High income: OECD,True
U0166,university of liverpool,United Kingdom,GB,united kingdom,165.0,50.7,46.1,39.4,37.8,36.6,85.4,88.3,36.3,95.6,True,,60.8,38.4,40.2,93.4,64.9,96.4,14.2,32.0,54.0,True,176.0,56.1,33.2,37.7,89.4,39.6,94.1,14.2,36.0,55.0,True,united kingdom,GBR,United Kingdom,United Kingdom of Great Britain and Northern Ireland,GB,Europe & Central Asia,High income: OECD,True
U0167,kyushu university,Japan,JP,japan,167.0,50.3,58.3,66.5,78.4,27.9,14.1,18.7,15.1,77.6,True,,52.05,55.0,47.5,51.2,98.4,48.8,7.7,13.0,28.0,True,501.0,40.65,46.0,42.5,34.8,71.0,43.6,7.8,14.0,29.0,True,japan,JPN,Japan,Japan,JP,East Asia & Pacific,High income: OECD,True
U0168,university of wollongong,Australia,AU,australia,167.0,50.3,29.5,24.5,17.0,94.6,56.3,91.8,18.3,93.9,True,,57.25,36.8,39.3,84.0,91.4,91.7,26.1,22.0,55.0,True,201.0,52.75,31.4,38.2,74.8,57.2,94.0,29.1,27.0,54.0,True,australia,AUS,Australia,Commonwealth of Australia,AU,East Asia & Pacific,High income: OECD,True
U0169,ghent university,Belgium,BE,belgium,169.0,50.1,53.2,24.8,78.5,21.5,21.4,79.7,72.9,98.3,True,115.0,65.6,47.2,59.3,85.3,99.7,65.7,37.6,12.0,57.0,True,107.0,62.7,48.6,60.1,77.8,80.0,63.9,35.6,12.0,57.0,True,belgium,BEL,Belgium,Kingdom of Belgium,BE,Europe & Central Asia,High income: OECD,True
U0170,the university of exeter,United Kingdom,GB,united kingdom,169.0,50.1,42.9,45.0,30.2,42.5,72.2,91.0,30.1,97.1,True,,,,,,,,,,,False,,,,,,,,,,,False,united kingdom,GBR,United Kingdom,United Kingdom of Great Britain and Northern Ireland,GB,Europe & Central Asia,High income: OECD,True
U0171,university of cape town,South Africa,ZA,south africa,171.0,50.0,45.2,51.8,13.8,46.8,19.2,56.5,95.8,95.6,True,167.0,60.9,38.7,47.0,88.3,78.2,82.9,13.6,13.0,54.0,True,160.0,57.2,33.9,43.8,88.7,53.3,78.8,12.8,15.0,54.0,True,south africa,ZAF,South Africa,Republic of South Africa,ZA,Sub-Saharan Africa,Upper middle income,True
U0172,university of reading,United Kingdom,GB,united kingdom,172.0,49.9,32.2,41.7,13.1,65.7,78.6,86.2,47.8,94.0,True,,57.25,37.5,40.6,84.1,70.8,95.5,16.6,31.0,55.0,True,198.0,54.4,36.5,39.6,78.5,42.2,93.3,16.4,32.0,56.0,True,united kingdom,GBR,United Kingdom,United Kingdom of Great Britain and Northern Ireland,GB,Europe & Central Asia,High income: OECD,True
U0173,hokkaido university,Japan,JP,japan,173.0,49.8,59.0,63.3,76.2,26.0,12.1,18.7,15.5,78.1,True,,50.05,51.2,44.0,47.4,95.1,47.5,8.2,10.0,29.0,True,501.0,40.65,43.1,40.8,32.2,65.4,44.0,8.4,11.0,30.0,True,japan,JPN,Japan,Japan,JP,East Asia & Pacific,High income: OECD,True
U0174,curtin university,Australia,AU,australia,174.0,49.3,33.1,27.7,15.7,84.7,24.3,100.0,31.0,90.7,True,,57.25,30.2,36.5,87.5,78.8,94.7,20.8,29.0,53.0,True,201.0,52.75,26.5,33.5,83.0,48.5,95.2,20.8,31.0,52.0,True,australia,AUS,Australia,Commonwealth of Australia,AU,East Asia & Pacific,High income: OECD,True
U0175,universitat autònoma de barcelona,Spain,ES,spain,175.0,49.2,64.0,35.8,11.5,59.5,16.5,18.5,24.0,86.7,True,,,,,,,,,,,False,,,,,,,,,,,False,spain,ESP,Spain,Kingdom of Spain,ES,Europe & Central Asia,High income: OECD,True
U0176,mcmaster university,Canada,CA,canada,176.0,49.0,39.5,34.2,63.8,35.6,56.7,96.2,49.9,91.9,True,,66.3,43.8,51.3,93.0,100.0,87.3,30.9,22.0,56.0,True,85.0,65.1,42.7,51.1,94.6,89.9,84.7,29.0,20.0,56.0,True,canada,CAN,Canada,Canada,CA,North America,High income: OECD,True
U0177,washington university in st. louis,United States,US,united states,171.0,49.9,36.3,12.0,99.7,47.7,72.4,85.4,31.9,86.7,True,,,,,,,,,,,False,,,,,,,,,,,False,united states,USA,United States,United States of America,US,North America,High income: OECD,True
U0178,"university of california, santa barbara (ucsb)",United States,US,united states,178.0,48.9,52.6,21.3,7.7,97.8,17.2,75.4,7.9,28.4,True,,,,,,,,,,,False,,,,,,,,,,,False,united states,USA,United States,United States of America,US,North America,High income: OECD,True
U0179,"the university of newcastle, australia (uon)",Australia,AU,australia,179.0,48.7,28.3,24.5,28.7,91.7,24.2,99.9,14.8,92.4,True,,,,,,,,,,,False,,,,,,,,,,,False,australia,AUS,Australia,Commonwealth of Australia,AU,East Asia & Pacific,High income: OECD,True
U0180,universidad de los andes,Colombia,CO,colombia,179.0,48.7,67.7,88.4,14.2,5.9,1.9,22.8,98.2,80.0,True,,,,,,,,,,,False,,,,,,,,,,,False,colombia,COL,Colombia,Republic of Colombia,CO,Latin America & Caribbean,Upper middle income,True
U0181,universiti teknologi malaysia,Malaysia,MY,malaysia,181.0,48.5,48.6,59.6,46.0,40.5,86.9,14.1,18.0,52.1,True,,47.2,44.1,29.3,65.0,55.0,71.5,12.7,26.0,45.0,True,,36.6,33.0,28.9,41.7,46.2,64.2,16.6,5.0,53.0,True,malaysia,MYS,Malaysia,Malaysia,MY,East Asia & Pacific,Upper middle income,True
U0182,waseda university,Japan,JP,japan,181.0,48.5,60.7,96.1,23.5,3.8,28.0,27.9,83.7,56.1,True,,34.8,33.7,26.2,43.1,56.7,54.8,14.3,13.0,39.0,True,1001.0,27.05,29.3,23.8,27.6,41.1,47.0,14.6,13.0,39.0,True,japan,JPN,Japan,Japan,JP,East Asia & Pacific,High income: OECD,True
U0183,hamad bin khalifa university,Qatar,QA,qatar,183.0,48.3,12.9,4.7,99.9,100.0,100.0,100.0,6.0,2.6,True,,,,,,,,,,,False,,,,,,,,,,,False,qatar,QAT,Qatar,State of Qatar,QA,Middle East & North Africa,High income: nonOECD,True
U0184,university of york,United Kingdom,GB,united kingdom,184.0,48.2,42.9,30.1,43.0,40.1,75.6,87.8,23.5,97.4,True,147.0,62.4,42.4,44.8,90.8,66.9,93.1,16.1,31.0,56.0,True,139.0,58.4,39.3,44.0,85.9,38.4,88.7,14.4,28.0,56.0,True,united kingdom,GBR,United Kingdom,United Kingdom of Great Britain and Northern Ireland,GB,Europe & Central Asia,High income: OECD,True
U0185,tecnológico de monterrey,Mexico,MX,mexico,185.0,48.1,53.8,91.4,62.5,2.4,10.6,20.8,96.1,54.4,True,,,,,,,,,,,False,,,,,,,,,,,False,mexico,MEX,Mexico,United Mexican States,MX,Latin America & Caribbean,Upper middle income,True
U0186,cardiff university,United Kingdom,GB,united kingdom,186.0,47.6,46.8,43.2,36.1,30.0,67.7,82.8,18.9,96.0,True,190.0,59.3,35.5,39.6,91.9,70.4,92.5,15.0,27.0,58.0,True,187.0,55.2,31.1,38.9,88.5,41.5,88.3,14.3,28.0,59.0,True,united kingdom,GBR,United Kingdom,United Kingdom of Great Britain and Northern Ireland,GB,Europe & Central Asia,High income: OECD,True
U0187,école normale supérieure de lyon,France,FR,france,187.0,47.5,29.8,16.3,97.0,93.5,11.7,59.0,14.0,6.6,True,,54.45,58.5,46.8,53.9,78.5,68.0,7.9,11.0,43.0,True,301.0,47.85,46.9,46.2,47.4,56.6,62.1,8.6,11.0,47.0,True,france,FRA,France,French Republic,FR,Europe & Central Asia,High income: OECD,True
U0188,keio university,Japan,JP,japan,188.0,47.4,53.0,91.6,57.2,5.1,10.2,9.4,91.4,59.0,True,,39.4,36.9,27.0,49.2,73.3,38.4,10.2,8.0,36.0,True,801.0,31.85,31.8,24.7,44.3,44.9,33.7,10.1,8.0,37.0,True,japan,JPN,Japan,Japan,JP,East Asia & Pacific,High income: OECD,True
U0189,university of ottawa,Canada,CA,canada,189.0,47.3,26.2,23.3,3.5,81.3,77.8,91.7,39.8,92.9,True,,60.2,39.6,46.5,84.4,80.2,86.9,27.2,26.0,59.0,True,137.0,58.5,41.7,45.4,82.6,51.0,84.1,26.0,24.0,58.0,True,canada,CAN,Canada,Canada,CA,North America,High income: OECD,True
U0190,technische universität wien,Austria,AT,austria,190.0,47.2,33.9,50.4,12.5,73.8,90.4,85.5,19.1,11.3,True,,,,,,,,,,,False,,,,,,,,,,,False,austria,AUT,Austria,Republic of Austria,AT,Europe & Central Asia,High income: OECD,True
U0191,universität hamburg,Germany,DE,germany,191.0,47.1,50.7,35.7,16.5,54.7,20.4,40.2,42.8,90.6,True,,,,,,,,,,,False,,,,,,,,,,,False,germany,DEU,Germany,Federal Republic of Germany,DE,Europe & Central Asia,High income: OECD,True
U0192,tongji university,China (Mainland),CN,china,192.0,46.9,31.8,16.9,29.1,96.9,26.5,54.5,24.0,81.4,True,,59.6,50.0,53.6,69.5,85.4,67.7,11.3,15.0,41.0,True,251.0,50.0,43.4,52.3,46.1,97.8,53.1,10.8,12.0,46.0,True,china,CHN,China,People's Republic of China,CN,East Asia & Pacific,Upper middle income,True
U0193,queen's university at kingston,Canada,CA,canada,193.0,46.8,40.8,56.7,5.4,42.6,26.6,69.2,87.1,93.8,True,,,,,,,,,,,False,,,,,,,,,,,False,canada,CAN,Canada,Canada,CA,North America,High income: OECD,True
U0194,university of gothenburg,Sweden,SE,sweden,194.0,46.7,35.4,18.3,60.9,33.6,78.2,90.0,63.1,92.8,True,,57.25,34.0,43.4,90.2,75.4,65.7,11.9,13.0,53.0,True,201.0,52.75,29.3,43.6,87.9,47.1,65.1,10.7,12.0,53.0,True,sweden,SWE,Sweden,Kingdom of Sweden,SE,Europe & Central Asia,High income: OECD,True
U0195,wuhan university,China (Mainland),CN,china,194.0,46.7,39.2,40.5,14.0,91.9,4.9,39.2,46.5,22.2,True,,61.3,50.9,45.0,88.5,90.6,41.0,15.0,5.0,53.0,True,173.0,56.4,43.5,40.5,89.2,69.4,35.3,15.2,6.0,53.0,True,china,CHN,China,People's Republic of China,CN,East Asia & Pacific,Upper middle income,True
U0196,emory university,United States,US,united states,196.0,46.6,25.2,19.0,93.8,78.4,33.9,52.2,22.8,37.0,True,,66.1,53.1,45.7,95.5,81.6,69.3,4.0,19.0,61.0,True,82.0,65.3,54.8,46.0,98.0,48.6,59.8,4.2,20.0,60.0,True,united states,USA,United States,United States of America,US,North America,High income: OECD,True
U0197,deakin university,Australia,AU,australia,197.0,46.4,31.3,23.9,4.6,73.6,63.8,96.4,36.8,93.7,True,,54.45,28.3,34.6,91.4,72.2,85.7,32.7,18.0,60.0,True,251.0,50.0,25.0,33.0,83.2,44.6,88.7,33.9,25.0,58.0,True,australia,AUS,Australia,Commonwealth of Australia,AU,East Asia & Pacific,High income: OECD,True
U0198,universidad autónoma de madrid,Spain,ES,spain,198.0,46.3,61.0,64.3,29.1,21.0,10.4,7.7,43.1,79.6,True,,,,,,,,,,,False,,,,,,,,,,,False,spain,ESP,Spain,Kingdom of Spain,ES,Europe & Central Asia,High income: OECD,True
U0199,university of calgary,Canada,CA,canada,198.0,46.3,37.9,44.5,18.1,40.3,66.2,77.7,53.3,93.3,True,,57.25,36.5,41.4,81.7,88.8,85.2,18.8,24.0,54.0,True,201.0,52.75,36.8,40.2,75.9,61.6,79.9,18.7,21.0,54.0,True,canada,CAN,Canada,Canada,CA,North America,High income: OECD,True
U0200,arizona state university,United States,US,united states,200.0,46.2,48.6,44.1,7.4,47.1,37.2,52.1,23.6,96.3,True,,,,,,,,,,,False,,,,,,,,,,,False,united states,USA,United States,United States of America,US,North America,High income: OECD,True
U0201,king saud university,Saudi Arabia,SA,saudi arabia,200.0,46.2,39.4,28.7,54.3,40.0,15.0,99.4,99.0,33.0,True,,47.2,31.4,19.9,84.5,48.7,77.2,11.9,6.0,43.0,True,251.0,50.0,27.0,32.9,76.3,86.3,85.4,10.6,14.0,44.0,True,saudi arabia,SAU,Saudi Arabia,Kingdom of Saudi Arabia,SA,Middle East & North Africa,High income: nonOECD,True
U0202,american university of sharjah,United Arab Emirates,AE,united arab emirates,332.0,33.6,20.9,38.6,19.1,23.9,100.0,100.0,48.0,16.5,True,,39.4,24.5,26.3,57.9,27.9,88.6,12.5,74.0,54.0,True,601.0,36.6,20.9,21.3,45.6,38.9,93.5,11.9,76.0,53.0,True,united arab emirates,ARE,United Arab Emirates,United Arab Emirates,AE,Middle East & North Africa,High income: nonOECD,True
U0203,université catholique de louvain (uclouvain),Belgium,BE,belgium,203.0,46.0,48.4,25.9,4.6,55.0,47.6,91.0,76.4,27.1,True,,,,,,,,,,,False,,,,,,,,,,,False,belgium,BEL,Belgium,Kingdom of Belgium,BE,Europe & Central Asia,High income: OECD,True
U0204,university of minnesota twin cities,United States,US,united states,203.0,46.0,56.8,33.1,32.4,41.9,8.7,7.7,52.5,96.5,True,,,,,,,,,,,False,,,,,,,,,,,False,united states,USA,United States,United States of America,US,North America,High income: OECD,True
U0205,ecole des ponts paristech,France,FR,france,205.0,45.8,8.9,58.5,99.0,62.6,96.5,43.5,59.5,10.8,True,,,,,,,,,,,False,,,,,,,,,,,False,france,FRA,France,French Republic,FR,Europe & Central Asia,High income: OECD,True
U0206,queen's university belfast,United Kingdom,GB,united kingdom,206.0,45.7,35.4,33.6,28.6,40.6,98.2,100.0,9.9,88.9,True,,,,,,,,,,,False,,,,,,,,,,,False,united kingdom,GBR,United Kingdom,United Kingdom of Great Britain and Northern Ireland,GB,Europe & Central Asia,High income: OECD,True
U0207,universitas indonesia,Indonesia,ID,indonesia,206.0,45.7,53.8,79.2,55.7,2.1,7.1,88.3,77.3,32.7,True,,,,,,,,,,,False,,,,,,,,,,,False,indonesia,IDN,Indonesia,Republic of Indonesia,ID,East Asia & Pacific,Lower middle income,True
U0208,the ohio state university,United States,US,united states,208.0,45.6,58.6,50.4,39.5,31.2,10.6,13.4,45.3,50.8,True,,,,,,,,,,,False,,,,,,,,,,,False,united states,USA,United States,United States of America,US,North America,High income: OECD,True
U0209,tel aviv university,Israel,IL,israel,209.0,45.2,32.0,18.6,4.2,99.4,7.0,39.7,88.4,46.2,True,,57.25,40.7,49.7,83.0,76.2,52.9,24.2,5.0,57.0,True,201.0,52.75,39.4,51.2,72.0,43.8,56.0,23.0,7.0,57.0,True,israel,ISR,Israel,State of Israel,IL,Middle East & North Africa,High income: OECD,True
U0210,national tsing hua university,Taiwan,TW,taiwan,210.0,45.1,54.8,71.2,28.0,49.6,11.1,9.5,16.3,32.1,True,,47.2,38.9,42.3,58.4,99.5,46.2,16.2,12.0,42.0,True,501.0,40.65,32.6,42.6,47.2,69.2,43.0,16.3,11.0,41.0,True,taiwan,,,,,,,False
U0211,indian institute of science,India,IN,india,211.0,45.0,45.7,26.3,37.9,99.9,1.5,3.7,13.1,23.7,True,,57.25,62.9,57.8,53.9,96.0,31.1,9.6,1.0,27.0,True,251.0,50.0,60.5,56.9,33.1,80.1,28.0,8.8,1.0,27.0,True,india,IND,India,Republic of India,IN,South Asia,Lower middle income,True
U0212,albert-ludwigs-universitaet freiburg,Germany,DE,germany,212.0,44.8,43.1,24.5,24.6,52.2,33.7,67.6,32.5,90.0,True,,,,,,,,,,,False,,,,,,,,,,,False,germany,DEU,Germany,Federal Republic of Germany,DE,Europe & Central Asia,High income: OECD,True
U0213,queensland university of technology (qut),Australia,AU,australia,213.0,44.7,39.8,33.1,8.1,59.9,20.7,97.9,19.0,89.4,True,,,,,,,,,,,False,,,,,,,,,,,False,australia,AUS,Australia,Commonwealth of Australia,AU,East Asia & Pacific,High income: OECD,True
U0214,university of otago,New Zealand,NZ,new zealand,214.0,44.4,45.0,24.6,12.8,38.8,37.6,100.0,59.1,96.0,True,,52.05,35.6,35.1,75.8,68.8,81.8,20.6,16.0,61.0,True,301.0,47.85,32.4,34.5,70.2,38.8,88.0,19.7,19.0,60.0,True,new zealand,NZL,New Zealand,New Zealand,NZ,East Asia & Pacific,High income: OECD,True
U0215,national cheng kung university (ncku),Taiwan,TW,taiwan,215.0,44.2,51.5,74.0,33.4,20.3,13.9,16.3,42.4,83.8,True,,43.6,35.4,39.2,47.2,100.0,40.8,15.9,11.0,37.0,True,601.0,36.6,31.9,39.9,25.2,100.0,38.7,15.1,12.0,37.0,True,taiwan,,,,,,,False
U0216,university of florida,United States,US,united states,215.0,44.2,46.7,42.3,62.9,32.1,10.3,17.8,44.5,60.6,True,132.0,63.7,55.5,56.7,78.3,88.9,50.9,16.7,9.0,56.0,True,151.0,57.7,55.0,58.7,64.2,51.4,41.4,16.1,8.0,56.0,True,united states,USA,United States,United States of America,US,North America,High income: OECD,True
U0217,la trobe university,Australia,AU,australia,217.0,44.1,23.6,19.8,8.0,77.7,95.0,92.6,19.6,78.4,True,,54.45,28.9,35.4,88.1,73.8,88.2,28.2,29.0,63.0,True,251.0,50.0,25.9,32.9,83.2,51.8,88.4,27.4,33.0,63.0,True,australia,AUS,Australia,Commonwealth of Australia,AU,East Asia & Pacific,High income: OECD,True
U0218,"university of maryland, college park",United States,US,united states,218.0,44.0,48.6,29.4,32.5,55.0,16.2,20.9,41.2,54.4,True,114.0,65.7,49.4,58.1,92.8,70.2,48.6,17.0,9.0,49.0,True,104.0,62.9,48.1,57.7,89.7,40.0,42.6,16.5,11.0,49.0,True,united states,USA,United States,United States of America,US,North America,High income: OECD,True
U0219,national yang ming chiao tung university,Taiwan,TW,taiwan,219.0,43.9,32.9,62.7,51.1,52.7,19.2,19.6,58.3,38.8,True,,47.2,44.0,44.3,52.9,99.9,41.4,14.6,9.0,36.0,True,501.0,40.65,41.3,46.7,34.9,79.9,41.3,14.2,11.0,36.0,True,taiwan,,,,,,,False
U0220,universidad nacional de colombia,Colombia,CO,colombia,219.0,43.9,71.0,89.9,5.4,3.4,1.4,5.6,42.6,53.1,True,,,,,,,,,,,False,,,,,,,,,,,False,colombia,COL,Colombia,Republic of Colombia,CO,Latin America & Caribbean,Upper middle income,True
U0221,vrije universiteit amsterdam,Netherlands,NL,netherlands,221.0,43.8,39.4,17.8,21.3,63.7,47.4,67.3,45.1,50.8,True,125.0,64.7,40.4,51.0,93.4,91.5,84.3,19.2,18.0,57.0,True,121.0,60.9,38.4,52.2,87.5,59.1,79.4,19.8,16.0,56.0,True,netherlands,NLD,Netherlands,Kingdom of the Netherlands,NL,Europe & Central Asia,High income: OECD,True
U0222,eberhard karls universität tübingen,Germany,DE,germany,222.0,43.7,46.0,30.7,87.1,20.5,26.2,76.1,30.9,33.0,True,,,,,,,,,,,False,,,,,,,,,,,False,germany,DEU,Germany,Federal Republic of Germany,DE,Europe & Central Asia,High income: OECD,True
U0223,indian institute of technology kharagpur (iit-kgp),India,IN,india,222.0,43.7,34.0,51.1,9.0,90.2,1.1,1.1,33.0,44.3,True,,,,,,,,,,,False,,,,,,,,,,,False,india,IND,India,Republic of India,IN,South Asia,Lower middle income,True
U0224,friedrich-alexander-universität erlangen-nürnberg,Germany,DE,germany,224.0,43.6,25.8,27.7,3.2,94.9,48.8,27.2,19.6,74.5,True,,,,,,,,,,,False,,,,,,,,,,,False,germany,DEU,Germany,Federal Republic of Germany,DE,Europe & Central Asia,High income: OECD,True
U0225,loughborough university,United Kingdom,GB,united kingdom,224.0,43.6,29.7,55.3,23.8,32.4,68.6,87.1,23.2,93.8,True,,54.45,36.5,34.4,77.4,70.2,91.5,13.9,25.0,40.0,True,351.0,45.95,32.2,32.6,61.0,40.3,88.6,13.8,29.0,41.0,True,united kingdom,GBR,United Kingdom,United Kingdom of Great Britain and Northern Ireland,GB,Europe & Central Asia,High income: OECD,True
U0226,university of lausanne,Switzerland,CH,switzerland,224.0,43.6,28.4,18.8,36.8,61.0,54.2,100.0,51.8,51.2,True,,62.7,41.7,46.3,87.3,99.5,90.4,10.5,23.0,53.0,True,135.0,58.7,35.8,47.6,83.0,72.3,92.3,10.2,23.0,53.0,True,switzerland,CHE,Switzerland,Switzerland,CH,Europe & Central Asia,High income: OECD,True
U0227,indian institute of technology madras (iitm),India,IN,india,227.0,43.5,42.4,63.2,20.3,70.3,1.6,3.9,27.0,44.6,True,,,,,,,,,,,False,,,,,,,,,,,False,india,IND,India,Republic of India,IN,South Asia,Lower middle income,True
U0228,rheinische friedrich-wilhelms-universität bonn,Germany,DE,germany,227.0,43.5,52.8,24.1,62.7,17.2,38.9,44.3,35.4,83.2,True,,,,,,,,,,,False,,,,,,,,,,,False,germany,DEU,Germany,Federal Republic of Germany,DE,Europe & Central Asia,High income: OECD,True
U0229,chulalongkorn university,Thailand,TH,thailand,229.0,43.4,68.2,35.9,31.7,7.5,3.0,18.7,93.6,73.2,True,,39.4,36.7,32.2,50.2,76.6,44.1,12.7,3.0,56.0,True,801.0,31.85,31.5,25.5,34.5,87.5,38.1,11.5,3.0,58.0,True,thailand,THA,Thailand,Kingdom of Thailand,TH,East Asia & Pacific,Upper middle income,True
U0230,maastricht university,Netherlands,NL,netherlands,230.0,43.0,23.0,27.8,13.2,62.8,100.0,99.4,38.2,52.5,True,,62.9,41.4,47.1,86.1,98.1,97.4,19.6,57.0,60.0,True,145.0,58.2,38.4,49.6,75.5,73.2,98.1,18.6,56.0,60.0,True,netherlands,NLD,Netherlands,Kingdom of the Netherlands,NL,Europe & Central Asia,High income: OECD,True
U0231,universite libre de bruxelles,Belgium,BE,belgium,230.0,43.0,33.3,34.5,3.0,49.9,84.4,98.7,65.5,25.2,True,,,,,,,,,,,False,,,,,,,,,,,False,belgium,BEL,Belgium,Kingdom of Belgium,BE,Europe & Central Asia,High income: OECD,True
U0232,universidade estadual de campinas (unicamp),Brazil,BR,brazil,232.0,42.9,71.8,40.3,14.7,24.3,2.7,10.7,25.1,65.9,True,,,,,,,,,,,False,,,,,,,,,,,False,brazil,BRA,Brazil,Federative Republic of Brazil,BR,Latin America & Caribbean,Upper middle income,True
U0233,university of twente,Netherlands,NL,netherlands,233.0,42.7,20.7,32.0,43.3,61.3,90.4,100.0,20.0,13.8,True,184.0,59.7,43.4,46.0,75.1,99.6,93.3,13.9,38.0,37.0,True,251.0,50.0,34.3,46.4,57.2,80.5,94.5,14.7,37.0,37.0,True,netherlands,NLD,Netherlands,Kingdom of the Netherlands,NL,Europe & Central Asia,High income: OECD,True
U0234,technische universität dresden,Germany,DE,germany,234.0,42.6,36.3,42.5,80.3,28.5,27.6,35.8,8.8,75.8,True,,,,,,,,,,,False,,,,,,,,,,,False,germany,DEU,Germany,Federal Republic of Germany,DE,Europe & Central Asia,High income: OECD,True
U0235,university of waikato,New Zealand,NZ,new zealand,235.0,42.5,19.1,11.7,12.4,84.7,56.9,99.0,46.4,89.5,True,,47.2,26.1,31.0,74.3,72.4,89.8,20.7,26.0,61.0,True,401.0,43.5,21.6,28.1,66.4,40.8,95.4,17.6,31.0,59.0,True,new zealand,NZL,New Zealand,New Zealand,NZ,East Asia & Pacific,High income: OECD,True
U0236,università di padova,Italy,IT,italy,236.0,42.3,58.9,27.3,8.5,45.7,11.1,9.2,18.8,87.7,True,,,,,,,,,,,False,,,,,,,,,,,False,italy,ITA,Italy,Italian Republic,IT,Europe & Central Asia,High income: OECD,True
U0237,university of aberdeen,United Kingdom,GB,united kingdom,236.0,42.3,30.5,28.8,32.7,32.0,92.6,94.5,22.2,96.5,True,,57.25,36.4,35.8,81.8,78.9,97.5,15.3,40.0,58.0,True,192.0,54.8,30.7,34.1,89.8,47.5,95.9,16.2,44.0,58.0,True,united kingdom,GBR,United Kingdom,United Kingdom of Great Britain and Northern Ireland,GB,Europe & Central Asia,High income: OECD,True
U0238,university of rochester,United States,US,united states,236.0,42.3,22.6,20.8,99.1,33.6,93.8,63.9,40.4,63.7,True,133.0,63.6,50.8,42.9,88.3,89.0,81.7,7.3,34.0,50.0,True,154.0,57.6,42.0,40.5,87.0,49.3,73.8,7.7,36.0,50.0,True,united states,USA,United States,United States of America,US,North America,High income: OECD,True
U0239,gadjah mada university,Indonesia,ID,indonesia,239.0,41.8,54.4,73.5,57.6,1.7,4.1,40.3,69.0,26.8,True,,,,,,,,,,,False,,,,,,,,,,,False,indonesia,IDN,Indonesia,Republic of Indonesia,ID,East Asia & Pacific,Lower middle income,True
U0240,massey university,New Zealand,NZ,new zealand,239.0,41.8,30.1,14.0,48.0,27.4,95.2,98.5,49.2,91.4,True,,43.6,28.7,28.2,60.5,77.6,87.5,17.4,27.0,64.0,True,601.0,36.6,24.3,25.8,39.7,43.8,92.9,16.1,29.0,64.0,True,new zealand,NZL,New Zealand,New Zealand,NZ,East Asia & Pacific,High income: OECD,True
U0241,politecnico di torino,Italy,IT,italy,241.0,41.7,40.2,52.1,3.1,51.6,41.0,4.9,30.6,77.9,True,,,,,,,,,,,False,,,,,,,,,,,False,italy,ITA,Italy,Italian Republic,IT,Europe & Central Asia,High income: OECD,True
U0242,technical university of darmstadt,Germany,DE,germany,241.0,41.7,20.0,35.9,6.7,70.0,81.4,60.3,44.4,71.8,True,,54.45,42.4,48.1,62.6,99.8,65.4,37.0,19.0,33.0,True,301.0,47.85,43.3,48.2,43.8,80.7,59.6,37.1,18.0,34.0,True,germany,DEU,Germany,Federal Republic of Germany,DE,Europe & Central Asia,High income: OECD,True
U0243,dartmouth college,United States,US,united states,243.0,41.3,22.8,31.0,65.8,60.6,40.9,9.2,68.8,71.2,True,,61.4,57.3,40.7,84.7,68.4,60.2,7.4,16.0,49.0,True,123.0,60.7,59.8,40.4,88.2,40.0,42.0,7.8,15.0,49.0,True,united states,USA,United States,United States of America,US,North America,High income: OECD,True
U0244,victoria university of wellington,New Zealand,NZ,new zealand,244.0,41.2,42.8,21.4,10.1,32.1,31.0,100.0,71.6,91.4,True,,47.2,28.6,34.1,69.4,58.4,80.3,19.4,17.0,58.0,True,401.0,43.5,27.8,34.0,53.2,53.7,87.4,18.8,20.0,58.0,True,new zealand,NZL,New Zealand,New Zealand,NZ,East Asia & Pacific,High income: OECD,True
U0245,university of macau,Macau SAR,MO,macau sar,245.0,41.1,11.9,10.5,9.8,99.1,99.9,100.0,50.3,7.7,True,,59.0,38.4,38.1,90.3,61.9,93.7,18.6,41.0,54.0,True,201.0,52.75,31.6,36.0,78.5,44.2,99.3,15.4,39.0,55.0,True,"macao sar, china",MAC,"Macao SAR, China",Macao Special Administrative Region of the People's Republic of China,MO,East Asia & Pacific,High income: nonOECD,True
U0246,charles university,Czech Republic,CZ,czech republic,246.0,41.0,45.6,49.1,32.2,8.0,50.5,25.0,65.5,77.4,True,,47.2,38.8,33.1,61.9,60.1,64.7,13.4,23.0,62.0,True,501.0,40.65,33.2,31.0,49.7,37.3,64.3,13.2,22.0,62.0,True,czech republic,CZE,Czech Republic,Czech Republic,CZ,Europe & Central Asia,High income: OECD,True
U0247,university of sussex,United Kingdom,GB,united kingdom,246.0,41.0,22.6,10.4,15.5,56.8,84.9,99.6,39.9,97.7,True,,57.25,29.7,35.6,92.7,66.1,95.4,17.3,34.0,55.0,True,201.0,52.75,28.0,34.2,89.0,39.0,93.1,17.4,37.0,55.0,True,united kingdom,GBR,United Kingdom,United Kingdom of Great Britain and Northern Ireland,GB,Europe & Central Asia,High income: OECD,True
U0248,vanderbilt university,United States,US,united states,248.0,40.8,24.4,21.8,100.0,53.0,36.0,30.1,34.7,24.5,True,,67.4,54.1,48.5,96.0,96.5,62.9,3.9,17.0,55.0,True,98.0,63.5,49.5,47.5,96.5,66.7,50.6,3.8,15.0,55.0,True,united states,USA,United States,United States of America,US,North America,High income: OECD,True
U0249,university of navarra,Spain,ES,spain,249.0,40.7,30.6,68.0,49.6,14.7,73.8,24.8,75.8,42.3,True,,52.05,35.6,30.4,82.3,79.1,74.4,14.3,26.0,54.0,True,251.0,50.0,30.7,30.3,84.7,66.2,72.5,14.7,27.0,54.0,True,spain,ESP,Spain,Kingdom of Spain,ES,Europe & Central Asia,High income: OECD,True
U0250,american university of beirut (aub),Lebanon,LB,lebanon,250.0,40.6,28.6,29.5,48.5,28.9,37.0,63.2,97.0,80.5,True,,,,,,,,,,,False,,,,,,,,,,,False,lebanon,LBN,Lebanon,Lebanese Republic,LB,Middle East & North Africa,Upper middle income,True
U0251,taylor's university,Malaysia,MY,malaysia,251.0,40.5,27.0,81.0,71.5,10.1,99.6,64.8,4.2,22.2,True,,,,,,,,,,,False,,,,,,,,,,,False,malaysia,MYS,Malaysia,Malaysia,MY,East Asia & Pacific,Upper middle income,True
U0252,harbin institute of technology,China (Mainland),CN,china,252.0,40.3,27.1,21.1,33.7,99.8,5.0,8.0,28.3,14.6,True,,60.8,58.8,55.1,70.9,91.2,33.9,10.6,6.0,53.0,True,351.0,45.95,44.2,46.9,49.0,99.6,27.6,10.5,6.0,53.0,True,china,CHN,China,People's Republic of China,CN,East Asia & Pacific,Upper middle income,True
U0253,hong kong baptist university,Hong Kong SAR,HK,hong kong,252.0,40.3,18.2,12.0,60.0,61.4,100.0,98.9,15.7,54.4,True,,52.05,34.0,28.9,77.2,69.6,97.8,10.2,55.0,65.0,True,501.0,40.65,26.5,28.2,57.4,40.1,98.0,12.4,62.0,67.0,True,"hong kong sar, china",HKG,"Hong Kong SAR, China",Hong Kong Special Administrative Region of the People's Republic of China,HK,East Asia & Pacific,High income: nonOECD,True
U0254,university of göttingen,Germany,DE,germany,252.0,40.3,46.4,27.1,76.4,16.2,22.4,49.7,40.3,32.1,True,,65.8,50.0,54.8,90.1,70.8,70.7,27.4,14.0,53.0,True,119.0,61.0,46.3,53.8,83.9,40.1,63.0,26.0,14.0,52.0,True,germany,DEU,Germany,Federal Republic of Germany,DE,Europe & Central Asia,High income: OECD,True
U0255,griffith university,Australia,AU,australia,255.0,40.1,27.0,13.7,8.4,62.5,38.5,99.8,17.9,96.4,True,,54.45,30.5,37.8,82.7,74.6,81.8,31.6,15.0,60.0,True,251.0,50.0,27.1,35.8,76.4,52.8,83.2,32.9,17.0,59.0,True,australia,AUS,Australia,Commonwealth of Australia,AU,East Asia & Pacific,High income: OECD,True
U0256,bandung institute of technology (itb),Indonesia,ID,indonesia,256.0,39.9,43.2,72.7,55.8,2.6,3.8,94.4,49.2,37.6,True,,25.5,23.7,17.1,29.2,29.4,38.5,15.3,3.0,43.0,True,1201.0,21.35,22.6,25.8,15.3,88.8,34.7,13.9,2.0,44.0,True,indonesia,IDN,Indonesia,Republic of Indonesia,ID,East Asia & Pacific,Lower middle income,True
U0257,heriot-watt university,United Kingdom,GB,united kingdom,256.0,39.9,17.8,27.1,17.6,65.2,98.1,100.0,26.3,25.7,True,,50.05,34.3,33.4,65.2,75.1,94.8,18.2,36.0,39.0,True,501.0,40.65,31.2,31.1,48.3,43.0,94.0,17.9,37.0,40.0,True,united kingdom,GBR,United Kingdom,United Kingdom of Great Britain and Northern Ireland,GB,Europe & Central Asia,High income: OECD,True
U0258,university of warsaw,Poland,PL,poland,258.0,39.8,50.0,53.6,46.4,5.5,8.4,10.5,60.0,69.8,True,,39.4,33.1,29.9,55.6,37.1,45.6,10.9,9.0,62.0,True,801.0,31.85,26.8,27.4,42.6,37.8,43.0,12.0,10.0,63.0,True,poland,POL,Poland,Republic of Poland,PL,Europe & Central Asia,High income: OECD,True
U0259,case western reserve university,United States,US,united states,259.0,39.7,17.2,15.4,82.3,61.6,71.7,35.7,29.3,53.1,True,,61.3,51.7,40.2,88.7,71.4,65.0,8.8,25.0,51.0,True,134.0,59.0,48.4,40.6,90.7,43.4,52.9,8.2,20.0,51.0,True,united states,USA,United States,United States of America,US,North America,High income: OECD,True
U0260,university of lisbon,Portugal,PT,portugal,260.0,39.6,44.0,20.7,10.7,36.5,39.4,9.0,94.0,70.9,True,,47.2,29.6,38.0,69.9,64.7,56.9,18.0,16.0,53.0,True,501.0,40.65,26.4,35.7,53.4,43.0,60.4,18.1,18.0,53.0,True,portugal,PRT,Portugal,Portuguese Republic,PT,Europe & Central Asia,High income: OECD,True
U0261,canadian university dubai,United Arab Emirates,AE,united arab emirates,523.0,23.5,20.1,19.9,33.5,2.7,100.0,100.0,17.4,1.6,True,,,,,,,,,,,False,,,,,,,,,,,False,united arab emirates,ARE,United Arab Emirates,United Arab Emirates,AE,Middle East & North Africa,High income: nonOECD,True
U0262,university of canterbury | te whare wananga o waitaha,New Zealand,NZ,new zealand,261.0,39.4,34.7,27.3,10.4,31.4,27.7,100.0,82.3,91.1,True,,,,,,,,,,,False,,,,,,,,,,,False,new zealand,NZL,New Zealand,New Zealand,NZ,East Asia & Pacific,High income: OECD,True
U0263,indian institute of technology kanpur (iitk),India,IN,india,263.0,39.3,36.9,56.9,14.0,73.3,1.1,2.6,19.6,22.0,True,,,,,,,,,,,False,,,,,,,,,,,False,india,IND,India,Republic of India,IN,South Asia,Lower middle income,True
U0264,norwegian university of science and technology,Norway,NO,norway,264.0,39.1,33.2,25.2,22.3,30.4,9.3,75.1,89.4,85.8,True,,52.05,36.0,38.4,74.7,67.8,66.2,15.0,9.0,49.0,True,401.0,43.5,30.0,34.7,60.1,42.9,67.5,15.8,9.0,48.0,True,norway,NOR,Norway,Kingdom of Norway,NO,Europe & Central Asia,High income: OECD,True
U0265,ucsi university,Malaysia,MY,malaysia,265.0,38.8,27.0,65.1,78.1,3.6,95.8,89.1,10.2,27.9,True,,,,,,,,,,,False,,,,,,,,,,,False,malaysia,MYS,Malaysia,Malaysia,MY,East Asia & Pacific,Upper middle income,True
U0266,universitat pompeu fabra (barcelona),Spain,ES,spain,265.0,38.8,31.7,29.4,12.1,67.1,24.5,75.6,16.4,27.9,True,,,,,,,,,,,False,,,,,,,,,,,False,spain,ESP,Spain,Kingdom of Spain,ES,Europe & Central Asia,High income: OECD,True
U0267,university of antwerp,Belgium,BE,belgium,267.0,38.7,24.1,11.3,37.5,48.1,32.0,94.4,44.8,74.8,True,,61.4,38.2,44.4,92.5,98.4,74.7,31.8,17.0,56.0,True,131.0,59.4,36.4,46.2,90.4,83.5,71.8,32.2,17.0,56.0,True,belgium,BEL,Belgium,Kingdom of Belgium,BE,Europe & Central Asia,High income: OECD,True
U0268,university of witwatersrand,South Africa,ZA,south africa,267.0,38.7,26.5,42.1,8.9,30.5,5.8,75.1,98.9,84.8,True,,,,,,,,,,,False,,,,,,,,,,,False,south africa,ZAF,South Africa,Republic of South Africa,ZA,Sub-Saharan Africa,Upper middle income,True
U0269,tianjin university,China (Mainland),CN,china,269.0,38.6,17.2,13.5,38.8,99.5,25.4,24.8,32.4,16.9,True,,57.25,46.1,47.6,71.4,93.5,55.3,8.9,13.0,53.0,True,401.0,43.5,35.3,42.8,51.6,89.9,41.5,8.7,12.0,53.0,True,china,CHN,China,People's Republic of China,CN,East Asia & Pacific,Upper middle income,True
U0270,universiti teknologi petronas (utp),Malaysia,MY,malaysia,269.0,38.6,19.5,28.1,38.5,79.0,20.1,83.9,4.1,18.4,True,,,,,,,,,,,False,,,,,,,,,,,False,malaysia,MYS,Malaysia,Malaysia,MY,East Asia & Pacific,Upper middle income,True
U0271,beijing normal university,China (Mainland),CN,china,271.0,38.5,33.9,10.3,24.2,92.6,21.3,6.6,10.5,19.7,True,,60.2,57.7,45.8,77.5,67.6,52.3,14.4,9.0,53.0,True,251.0,50.0,50.7,43.8,59.5,64.3,41.4,14.3,10.0,53.0,True,china,CHN,China,People's Republic of China,CN,East Asia & Pacific,Upper middle income,True
U0272,radboud university,Netherlands,NL,netherlands,272.0,38.4,28.0,14.1,27.0,66.0,18.6,81.3,19.6,39.8,True,,,,,,,,,,,False,,,,,,,,,,,False,netherlands,NLD,Netherlands,Kingdom of the Netherlands,NL,Europe & Central Asia,High income: OECD,True
U0273,university college cork,Ireland,IE,ireland,273.0,38.3,30.1,35.1,22.1,28.5,52.1,89.0,34.0,91.0,True,,52.05,28.3,31.6,82.4,75.9,77.2,21.1,16.0,59.0,True,301.0,47.85,24.2,28.8,83.7,47.2,84.3,20.8,20.0,59.0,True,ireland,IRL,Ireland,Ireland,IE,Europe & Central Asia,High income: OECD,True
U0274,university of galway,Ireland,IE,ireland,273.0,38.3,26.2,30.3,63.2,13.2,43.2,95.2,46.6,85.9,True,,52.05,32.9,33.8,76.7,83.0,77.6,26.1,16.0,59.0,True,301.0,47.85,29.7,32.7,71.2,45.7,82.8,26.1,20.0,60.0,True,ireland,IRL,Ireland,Ireland,IE,Europe & Central Asia,High income: OECD,True
U0275,dalhousie university,Canada,CA,canada,275.0,38.2,19.4,16.7,12.9,53.5,74.6,99.9,30.1,87.9,True,,52.05,30.8,31.6,78.9,71.7,89.1,14.7,27.0,54.0,True,301.0,47.85,28.1,30.9,74.3,45.0,89.0,14.8,28.0,55.0,True,canada,CAN,Canada,Canada,CA,North America,High income: OECD,True
U0276,university of massachusetts amherst,United States,US,united states,275.0,38.2,38.2,17.2,10.0,48.8,25.3,61.0,30.6,83.4,True,,,,,,,,,,,False,,,,,,,,,,,False,united states,USA,United States,United States of America,US,North America,High income: OECD,True
U0277,university of pittsburgh,United States,US,united states,275.0,38.2,35.0,12.7,96.3,31.3,13.5,9.5,42.6,53.5,True,,,,,,,,,,,False,,,,,,,,,,,False,united states,USA,United States,United States of America,US,North America,High income: OECD,True
U0278,university of porto,Portugal,PT,portugal,278.0,38.1,41.3,17.9,10.8,59.6,19.8,6.6,39.1,53.1,True,,47.2,31.3,35.4,71.1,66.3,57.9,16.9,17.0,54.0,True,401.0,43.5,26.6,32.3,63.7,41.9,57.9,16.2,16.0,55.0,True,portugal,PRT,Portugal,Portuguese Republic,PT,Europe & Central Asia,High income: OECD,True
U0279,vrije universiteit brussel (vub),Belgium,BE,belgium,278.0,38.1,23.3,13.7,76.1,18.2,58.2,93.6,51.8,72.1,True,,,,,,,,,,,False,,,,,,,,,,,False,belgium,BEL,Belgium,Kingdom of Belgium,BE,Europe & Central Asia,High income: OECD,True
U0280,ulsan national institute of science and technology (unist),South Korea,KR,south korea,280.0,38.0,13.6,13.5,87.9,98.1,9.6,29.3,3.3,16.1,True,,58.7,47.7,40.8,85.0,94.6,46.5,11.8,9.0,28.0,True,174.0,56.3,41.3,42.0,85.9,89.9,43.7,13.6,9.0,27.0,True,korea,KOR,Korea,Republic of Korea,KR,East Asia & Pacific,High income: OECD,True
U0281,the hebrew university of jerusalem,Israel,IL,israel,281.0,37.9,32.8,18.2,79.3,19.4,23.8,53.2,94.6,34.2,True,,,,,,,,,,,False,,,,,,,,,,,False,israel,ISR,Israel,State of Israel,IL,Middle East & North Africa,High income: OECD,True
U0282,university of strathclyde,United Kingdom,GB,united kingdom,281.0,37.9,25.9,30.0,16.7,31.8,64.0,93.0,33.6,88.6,True,,52.05,32.4,35.5,71.2,75.5,91.9,16.3,25.0,51.0,True,401.0,43.5,32.0,33.9,56.1,47.8,89.7,17.0,29.0,50.0,True,united kingdom,GBR,United Kingdom,United Kingdom of Great Britain and Northern Ireland,GB,Europe & Central Asia,High income: OECD,True
U0283,université paris 1 panthéon-sorbonne,France,FR,france,283.0,37.5,65.6,33.3,4.6,2.9,46.5,34.3,74.8,23.7,True,,,,,,,,,,,False,,,,,,,,,,,False,france,FRA,France,French Republic,FR,Europe & Central Asia,High income: OECD,True
U0284,southern university of science and technology,China (Mainland),CN,china,284.0,37.3,9.3,2.5,89.7,98.8,1.4,37.5,1.6,31.6,True,,,,,,,,,,,False,,,,,,,,,,,False,china,CHN,China,People's Republic of China,CN,East Asia & Pacific,Upper middle income,True
U0285,middle east technical university,Turkey,TR,turkey,285.0,37.2,31.2,70.2,9.0,22.3,18.3,12.0,77.5,69.5,True,,50.05,44.2,43.1,53.6,81.9,56.0,21.2,12.0,49.0,True,501.0,40.65,37.5,42.4,35.4,99.9,44.6,22.5,10.0,48.0,True,turkey,TUR,Turkey,Republic of Turkey,TR,Europe & Central Asia,Upper middle income,True
U0286,universidad carlos iii de madrid (uc3m),Spain,ES,spain,285.0,37.2,33.5,56.3,49.5,4.1,52.3,64.8,20.7,68.3,True,,,,,,,,,,,False,,,,,,,,,,,False,spain,ESP,Spain,Kingdom of Spain,ES,Europe & Central Asia,High income: OECD,True
U0287,university of cologne,Germany,DE,germany,285.0,37.2,35.2,30.4,15.7,29.3,30.1,35.9,56.8,91.9,True,160.0,61.5,42.9,47.1,85.6,98.8,73.3,28.7,17.0,53.0,True,146.0,58.0,44.5,46.5,80.0,77.3,64.4,30.4,16.0,53.0,True,germany,DEU,Germany,Federal Republic of Germany,DE,Europe & Central Asia,High income: OECD,True
U0288,university of leicester,United Kingdom,GB,united kingdom,285.0,37.2,19.8,13.7,30.8,43.4,95.3,80.0,22.7,75.0,True,,57.25,33.4,34.2,95.5,67.9,95.1,13.9,31.0,54.0,True,163.0,56.9,31.4,32.9,98.7,41.9,92.5,14.1,34.0,54.0,True,united kingdom,GBR,United Kingdom,United Kingdom of Great Britain and Northern Ireland,GB,Europe & Central Asia,High income: OECD,True
U0289,university of milan,Italy,IT,italy,285.0,37.2,52.8,17.0,6.4,39.6,6.8,6.5,44.1,74.8,True,,50.05,31.3,31.8,87.3,69.5,47.2,21.8,7.0,60.0,True,301.0,47.85,32.6,30.4,82.5,40.5,43.5,21.2,7.0,60.0,True,italy,ITA,Italy,Italian Republic,IT,Europe & Central Asia,High income: OECD,True
U0290,university of surrey,United Kingdom,GB,united kingdom,285.0,37.2,19.7,17.9,22.8,55.2,87.1,97.1,20.4,28.4,True,,54.45,31.3,34.5,88.0,73.0,96.8,16.3,33.0,54.0,True,201.0,52.75,31.3,33.9,79.5,45.8,94.8,16.9,36.0,53.0,True,united kingdom,GBR,United Kingdom,United Kingdom of Great Britain and Northern Ireland,GB,Europe & Central Asia,High income: OECD,True
U0291,swinburne university of technology,Australia,AU,australia,291.0,37.1,13.9,11.4,12.4,86.5,77.3,94.9,13.9,15.4,True,,57.25,31.7,34.0,91.3,75.4,85.6,28.5,24.0,42.0,True,301.0,47.85,25.2,31.1,81.8,45.2,81.5,25.6,25.0,38.0,True,australia,AUS,Australia,Commonwealth of Australia,AU,East Asia & Pacific,High income: OECD,True
U0292,university of bergen,Norway,NO,norway,291.0,37.1,31.6,8.3,64.9,28.3,16.9,93.3,63.9,33.6,True,,54.45,36.7,33.9,84.2,69.4,76.3,13.0,11.0,61.0,True,201.0,52.75,30.2,32.7,85.7,41.7,76.4,12.8,10.0,60.0,True,norway,NOR,Norway,Kingdom of Norway,NO,Europe & Central Asia,High income: OECD,True
U0293,the university of arizona,United States,US,united states,293.0,37.0,37.3,22.2,44.4,38.8,15.1,31.6,37.1,40.4,True,,,,,,,,,,,False,,,,,,,,,,,False,united states,USA,United States,United States of America,US,North America,High income: OECD,True
U0294,university of tasmania,Australia,AU,australia,293.0,37.0,16.0,7.4,22.1,59.8,89.7,79.9,15.9,85.6,True,,54.45,31.6,38.4,82.0,70.5,90.9,22.5,31.0,60.0,True,301.0,47.85,27.1,34.8,71.5,48.1,91.1,22.9,36.0,60.0,True,australia,AUS,Australia,Commonwealth of Australia,AU,East Asia & Pacific,High income: OECD,True
U0295,xian jiaotong university,China (Mainland),CN,china,295.0,36.9,19.0,39.4,14.0,89.5,3.8,3.9,26.4,18.2,True,,,,,,,,,,,False,,,,,,,,,,,False,china,CHN,China,People's Republic of China,CN,East Asia & Pacific,Upper middle income,True
U0296,stellenbosch university,South Africa,ZA,south africa,296.0,36.7,26.1,35.8,3.5,61.9,8.0,19.7,85.2,22.0,True,,52.05,33.8,39.5,76.9,89.8,59.9,25.7,7.0,56.0,True,251.0,50.0,30.5,36.9,82.2,71.0,54.0,25.9,8.0,56.0,True,south africa,ZAF,South Africa,Republic of South Africa,ZA,Sub-Saharan Africa,Upper middle income,True
U0297,university of virginia,United States,US,united states,297.0,36.6,37.3,27.3,55.8,29.1,11.3,6.1,77.9,35.4,True,,,,,,,,,,,False,,,,,,,,,,,False,united states,USA,United States,United States of America,US,North America,High income: OECD,True
U0298,bauman moscow state technical university,Russia,RU,russia,298.0,36.5,36.2,51.9,99.9,1.4,70.0,65.6,7.7,6.8,True,,47.2,71.7,43.9,22.1,51.7,59.3,6.6,18.0,42.0,True,,,,,,,,,,,False,russia,RUS,Russia,Russian Federation,RU,Europe & Central Asia,High income: nonOECD,True
U0299,swansea university,United Kingdom,GB,united kingdom,298.0,36.5,23.1,43.1,25.1,27.9,59.6,71.0,8.3,91.8,True,,54.45,27.6,30.2,89.7,62.8,89.5,16.8,21.0,47.0,True,251.0,50.0,24.9,28.2,91.5,39.3,83.6,15.4,22.0,47.0,True,united kingdom,GBR,United Kingdom,United Kingdom of Great Britain and Northern Ireland,GB,Europe & Central Asia,High income: OECD,True
U0300,huazhong university of science and technology,China (Mainland),CN,china,300.0,36.4,20.4,28.2,7.9,99.9,2.7,5.2,17.6,15.0,True,,61.7,48.8,48.1,90.0,96.9,32.9,15.5,4.0,53.0,True,176.0,56.1,42.2,42.6,88.8,83.2,25.5,16.2,4.0,53.0,True,china,CHN,China,People's Republic of China,CN,East Asia & Pacific,Upper middle income,True
U0301,georgetown university,United States,US,united states,301.0,36.3,29.3,41.9,63.0,14.0,37.3,28.0,90.9,37.0,True,,59.5,52.6,37.0,85.1,92.2,53.2,10.1,18.0,55.0,True,136.0,58.6,55.5,35.0,88.0,54.0,49.1,8.0,19.0,54.0,True,united states,USA,United States,United States of America,US,North America,High income: OECD,True
U0302,beijing institute of technology,China (Mainland),CN,china,302.0,35.9,23.2,24.3,43.4,82.0,6.7,5.7,14.3,10.1,True,,54.45,45.1,44.0,74.7,82.1,36.8,13.4,8.0,53.0,True,501.0,40.65,33.6,36.2,49.9,99.8,25.8,14.2,6.0,53.0,True,china,CHN,China,People's Republic of China,CN,East Asia & Pacific,Upper middle income,True
U0303,université paris cité,France,FR,france,302.0,35.9,27.8,6.2,9.2,87.0,35.2,12.0,15.2,18.4,True,,61.9,47.9,42.7,90.6,68.3,73.2,16.9,18.0,66.0,True,114.0,61.7,51.5,44.8,89.3,37.3,68.3,17.0,19.0,65.0,True,france,FRA,France,French Republic,FR,Europe & Central Asia,High income: OECD,True
U0304,linköping university,Sweden,SE,sweden,304.0,35.8,18.5,26.6,37.9,45.4,32.6,81.9,42.4,41.0,True,,54.45,28.3,41.3,86.4,92.8,70.7,14.9,15.0,54.0,True,251.0,50.0,23.5,39.8,78.0,61.8,70.8,14.4,15.0,52.0,True,sweden,SWE,Sweden,Kingdom of Sweden,SE,Europe & Central Asia,High income: OECD,True
U0305,universidade federal do rio de janeiro,Brazil,BR,brazil,304.0,35.8,61.9,23.3,13.7,7.8,1.5,7.6,81.4,59.6,True,,,,,,,,,,,False,,,,,,,,,,,False,brazil,BRA,Brazil,Federative Republic of Brazil,BR,Latin America & Caribbean,Upper middle income,True
U0306,aalborg university,Denmark,DK,denmark,306.0,35.7,19.9,20.8,25.5,53.2,14.9,77.3,23.3,75.6,True,,57.25,33.7,45.0,83.0,80.6,72.4,14.9,12.0,53.0,True,251.0,50.0,29.5,43.3,73.2,51.5,76.4,14.7,14.0,53.0,True,denmark,DNK,Denmark,Kingdom of Denmark,DK,Europe & Central Asia,High income: OECD,True
U0307,"university of california, irvine",United States,US,united states,307.0,35.5,37.5,22.3,17.3,40.7,58.7,43.9,11.2,36.0,True,,67.4,47.1,53.8,93.2,96.1,80.9,16.2,26.0,53.0,True,95.0,63.6,43.5,51.6,93.6,59.4,73.2,16.9,28.0,52.0,True,united states,USA,United States,United States of America,US,North America,High income: OECD,True
U0308,airlangga university,Indonesia,ID,indonesia,308.0,35.3,37.1,79.1,57.0,1.5,6.7,58.0,18.9,16.3,True,,,,,,,,,,,False,,,,,,,,,,,False,indonesia,IDN,Indonesia,Republic of Indonesia,ID,East Asia & Pacific,Lower middle income,True
U0309,goethe-university frankfurt am main,Germany,DE,germany,309.0,35.2,43.2,33.2,24.4,15.9,24.1,37.4,20.2,75.0,True,,,,,,,,,,,False,,,,,,,,,,,False,germany,DEU,Germany,Federal Republic of Germany,DE,Europe & Central Asia,High income: OECD,True
U0310,universität innsbruck,Austria,AT,austria,309.0,35.2,20.3,7.8,73.1,9.3,100.0,100.0,55.8,61.6,True,,,,,,,,,,,False,,,,,,,,,,,False,austria,AUT,Austria,Republic of Austria,AT,Europe & Central Asia,High income: OECD,True
U0311,north carolina state university,United States,US,united states,311.0,35.1,26.7,25.4,9.8,63.4,17.0,55.0,21.5,35.7,True,,54.45,46.0,41.4,73.3,79.1,61.8,15.9,11.0,49.0,True,351.0,45.95,40.9,38.2,59.7,47.5,54.8,16.6,14.0,48.0,True,united states,USA,United States,United States of America,US,North America,High income: OECD,True
U0312,jagiellonian university,Poland,PL,poland,312.0,35.0,37.8,46.4,65.1,5.5,15.4,5.7,51.3,35.4,True,,39.4,38.4,29.0,55.7,46.7,43.4,8.8,11.0,67.0,True,601.0,36.6,31.3,25.3,56.7,37.6,40.9,9.6,11.0,67.0,True,poland,POL,Poland,Republic of Poland,PL,Europe & Central Asia,High income: OECD,True
U0313,university of johannesburg,South Africa,ZA,south africa,312.0,35.0,17.7,17.9,40.3,24.9,51.4,96.5,63.1,65.6,True,,47.2,28.6,36.3,66.8,44.8,81.0,26.5,13.0,55.0,True,601.0,36.6,24.7,33.4,35.8,45.5,74.9,25.1,15.0,55.0,True,south africa,ZAF,South Africa,Republic of South Africa,ZA,Sub-Saharan Africa,Upper middle income,True
U0314,universität stuttgart,Germany,DE,germany,314.0,34.9,23.1,33.0,6.8,55.2,46.8,36.0,21.7,65.3,True,,,,,,,,,,,False,,,,,,,,,,,False,germany,DEU,Germany,Federal Republic of Germany,DE,Europe & Central Asia,High income: OECD,True
U0315,quaid-i-azam university,Pakistan,PK,pakistan,315.0,34.8,17.3,42.4,3.2,93.6,1.9,7.0,21.0,3.4,True,,47.2,29.7,24.1,84.2,22.9,53.7,20.3,1.0,45.0,True,401.0,43.5,26.9,22.9,78.7,38.2,48.6,16.5,1.0,51.0,True,pakistan,PAK,Pakistan,Islamic Republic of Pakistan,PK,South Asia,Lower middle income,True
U0316,rudn university,Russia,RU,russia,316.0,34.7,24.4,48.7,92.0,2.1,92.2,8.0,10.0,24.0,True,,39.4,39.1,23.0,46.1,21.0,70.4,15.6,32.0,59.0,True,,,,,,,,,,,False,russia,RUS,Russia,Russian Federation,RU,Europe & Central Asia,High income: nonOECD,True
U0317,shandong university,China (Mainland),CN,china,316.0,34.7,16.6,35.5,16.7,88.2,3.1,8.2,20.7,19.7,True,,,,,,,,,,,False,,,,,,,,,,,False,china,CHN,China,People's Republic of China,CN,East Asia & Pacific,Upper middle income,True
U0318,university of notre dame,United States,US,united states,316.0,34.7,25.8,25.2,60.8,29.2,18.4,22.3,60.2,68.9,True,,58.7,51.9,42.6,76.1,72.9,69.9,10.9,12.0,47.0,True,201.0,52.75,51.0,40.5,67.7,39.7,59.3,10.9,13.0,46.0,True,united states,USA,United States,United States of America,US,North America,High income: OECD,True
U0319,simon fraser university,Canada,CA,canada,319.0,34.6,24.0,11.4,6.2,36.6,83.9,97.0,22.8,89.8,True,,54.45,28.7,36.7,84.2,83.1,92.9,26.8,31.0,54.0,True,251.0,50.0,27.8,36.8,76.3,52.0,92.0,27.5,31.0,54.0,True,canada,CAN,Canada,Canada,CA,North America,High income: OECD,True
U0320,university of colorado boulder,United States,US,united states,320.0,34.4,36.1,17.5,38.3,34.9,4.9,32.2,31.6,62.8,True,,62.9,46.5,51.9,88.6,82.8,56.6,16.5,8.0,45.0,True,148.0,57.8,45.6,46.3,85.5,44.6,45.6,16.0,8.0,45.0,True,united states,USA,United States,United States of America,US,North America,High income: OECD,True
U0321,l.n. gumilyov eurasian national university (enu),Kazakhstan,KZ,kazakhstan,321.0,34.2,34.4,62.0,92.6,1.4,8.2,68.7,5.5,10.5,True,,,,,,,,,,,False,,,,,,,,,,,False,kazakhstan,KAZ,Kazakhstan,Republic of Kazakhstan,KZ,Europe & Central Asia,Upper middle income,True
U0322,national technical university of athens,Greece,GR,greece,321.0,34.2,21.3,44.9,4.6,76.0,4.6,1.3,39.6,5.0,True,,39.4,26.3,23.0,59.1,59.7,38.1,20.3,6.0,37.0,True,801.0,31.85,23.3,21.6,43.9,99.1,38.1,19.9,6.0,33.0,True,greece,GRC,Greece,Hellenic Republic,GR,Europe & Central Asia,High income: OECD,True
U0323,universidad politécnica de madrid (upm),Spain,ES,spain,321.0,34.2,31.3,56.5,16.7,11.4,32.1,3.2,60.7,86.3,True,,,,,,,,,,,False,,,,,,,,,,,False,spain,ESP,Spain,Kingdom of Spain,ES,Europe & Central Asia,High income: OECD,True
U0324,university of miami,United States,US,united states,324.0,34.1,19.0,29.5,50.0,39.3,16.9,66.7,43.8,27.9,True,,57.25,48.5,34.7,83.2,80.4,67.5,10.4,14.0,54.0,True,194.0,54.6,48.4,33.5,81.0,48.3,60.2,10.8,16.0,53.0,True,united states,USA,United States,United States of America,US,North America,High income: OECD,True
U0325,university of southern denmark (sdu),Denmark,DK,denmark,324.0,34.1,20.2,15.9,22.3,49.3,24.1,85.5,21.3,73.2,True,,,,,,,,,,,False,,,,,,,,,,,False,denmark,DNK,Denmark,Kingdom of Denmark,DK,Europe & Central Asia,High income: OECD,True
U0326,daegu gyeongbuk institute of science and technology (dgist),South Korea,KR,south korea,326.0,34.0,10.5,11.8,84.1,99.9,3.3,6.6,2.7,3.1,True,,50.05,48.8,38.9,64.8,78.1,34.5,6.3,4.0,36.0,True,,,,,,,,,,,False,korea,KOR,Korea,Republic of Korea,KR,East Asia & Pacific,High income: OECD,True
U0327,istanbul technical university,Turkey,TR,turkey,326.0,34.0,27.0,67.2,9.7,17.0,19.8,8.3,69.1,70.3,True,,43.6,35.8,36.6,51.8,87.3,45.8,25.8,14.0,42.0,True,601.0,36.6,31.9,35.5,29.1,100.0,42.6,24.2,15.0,37.0,True,turkey,TUR,Turkey,Republic of Turkey,TR,Europe & Central Asia,Upper middle income,True
U0328,kyung hee university,South Korea,KR,south korea,328.0,33.8,23.2,37.1,82.1,15.1,53.4,14.3,13.8,80.5,True,,54.45,40.3,40.0,71.0,95.9,71.5,17.6,30.0,56.0,True,251.0,50.0,37.4,41.8,62.9,89.6,67.8,17.7,27.0,55.0,True,korea,KOR,Korea,Republic of Korea,KR,East Asia & Pacific,High income: OECD,True
U0329,rutgers universitynew brunswick,United States,US,united states,328.0,33.8,36.2,28.1,46.3,12.8,28.2,18.0,25.7,95.4,True,,,,,,,,,,,False,,,,,,,,,,,False,united states,USA,United States,United States of America,US,North America,High income: OECD,True
U0330,university of delhi,India,IN,india,328.0,33.8,38.1,35.3,4.3,25.9,1.5,1.3,96.0,70.6,True,,34.8,40.4,24.2,39.0,40.5,23.3,23.8,1.0,48.0,True,1001.0,27.05,40.9,24.2,26.2,37.0,18.6,25.6,1.0,48.0,True,india,IND,India,Republic of India,IN,South Asia,Lower middle income,True
U0331,sun yat-sen university,China (Mainland),CN,china,331.0,33.7,31.8,28.8,46.4,49.5,3.6,2.2,21.4,15.9,True,,57.25,46.6,39.5,83.2,86.2,39.1,15.2,5.0,48.0,True,251.0,50.0,44.9,37.4,74.8,59.3,31.3,15.1,5.0,49.0,True,china,CHN,China,People's Republic of China,CN,East Asia & Pacific,Upper middle income,True
U0332,abu dhabi university,United Arab Emirates,AE,united arab emirates,501.0,24.1,15.9,24.6,14.9,16.7,99.8,100.0,8.3,1.5,True,,54.45,40.8,30.0,85.8,25.5,97.8,10.9,60.0,51.0,True,301.0,47.85,32.3,15.4,83.1,36.9,98.5,18.1,60.0,51.0,True,united arab emirates,ARE,United Arab Emirates,United Arab Emirates,AE,Middle East & North Africa,High income: nonOECD,True
U0333,university of east anglia (uea),United Kingdom,GB,united kingdom,332.0,33.6,17.2,7.2,15.2,58.7,32.2,66.8,19.2,91.4,True,,,,,,,,,,,False,,,,,,,,,,,False,united kingdom,GBR,United Kingdom,United Kingdom of Great Britain and Northern Ireland,GB,Europe & Central Asia,High income: OECD,True
U0334,université grenoble alpes,France,FR,france,334.0,33.5,44.7,14.3,7.9,41.7,35.1,20.2,20.7,21.5,True,,52.05,42.2,37.9,66.9,69.1,71.6,18.4,17.0,53.0,True,401.0,43.5,37.6,35.0,56.1,40.4,65.5,18.2,17.0,52.0,True,france,FRA,France,French Republic,FR,Europe & Central Asia,High income: OECD,True
U0335,indian institute of technology roorkee (iitr),India,IN,india,335.0,33.4,19.4,29.0,6.8,93.8,2.0,1.3,6.4,37.9,True,,,,,,,,,,,False,,,,,,,,,,,False,india,IND,India,Republic of India,IN,South Asia,Lower middle income,True
U0336,flinders university,Australia,AU,australia,336.0,33.3,13.5,5.6,7.2,51.8,88.8,97.2,7.4,87.4,True,,52.05,29.2,35.4,78.4,71.0,88.9,29.4,33.0,66.0,True,301.0,47.85,27.3,33.1,75.8,43.0,89.8,27.9,36.0,65.0,True,australia,AUS,Australia,Commonwealth of Australia,AU,East Asia & Pacific,High income: OECD,True
U0337,lappeenranta-lahti university of technology lut,Finland,FI,finland,336.0,33.3,6.4,9.4,9.5,97.6,28.5,56.8,7.9,55.8,True,,54.45,33.4,36.7,91.7,65.1,64.2,31.6,14.0,34.0,True,301.0,47.85,27.8,32.7,77.2,52.1,59.8,30.3,12.0,33.0,True,finland,FIN,Finland,Republic of Finland,FI,Europe & Central Asia,High income: OECD,True
U0338,sichuan university,China (Mainland),CN,china,336.0,33.3,20.4,12.3,10.3,98.5,4.9,7.1,12.9,11.0,True,,62.0,59.1,57.3,69.3,93.2,46.1,15.9,5.0,53.0,True,196.0,54.5,57.1,58.6,48.6,93.4,38.7,15.8,6.0,53.0,True,china,CHN,China,People's Republic of China,CN,East Asia & Pacific,Upper middle income,True
U0339,university of the philippines,Philippines,PH,philippines,336.0,33.3,36.3,65.3,31.1,1.9,1.1,1.6,65.6,67.7,True,,25.5,25.4,15.3,38.7,22.8,38.4,11.1,0.0,59.0,True,801.0,31.85,21.4,16.6,62.5,41.4,34.6,10.6,0.0,52.0,True,philippines,PHL,Philippines,Republic of the Philippines,PH,East Asia & Pacific,Lower middle income,True
U0340,university of saskatchewan,Canada,CA,canada,340.0,33.2,11.1,5.3,18.2,57.0,49.5,77.3,32.1,90.7,True,,50.05,39.0,35.1,62.9,95.8,78.9,18.1,21.0,56.0,True,501.0,40.65,36.7,30.3,48.6,69.7,75.0,17.6,22.0,55.0,True,canada,CAN,Canada,Canada,CA,North America,High income: OECD,True
U0341,university of south australia,Australia,AU,australia,340.0,33.2,21.3,12.7,24.9,31.9,50.9,99.8,15.5,83.6,True,,52.05,25.0,36.8,82.5,98.3,83.5,30.2,17.0,60.0,True,301.0,47.85,23.0,36.1,70.4,79.5,87.5,32.9,21.0,58.0,True,australia,AUS,Australia,Commonwealth of Australia,AU,East Asia & Pacific,High income: OECD,True
U0342,brunel university london,United Kingdom,GB,united kingdom,342.0,33.0,11.1,13.3,7.1,46.5,99.8,99.1,19.9,71.2,True,,50.05,25.2,26.5,80.7,60.1,98.4,17.9,40.0,47.0,True,401.0,43.5,24.3,26.4,69.9,37.9,96.9,17.0,39.0,47.0,True,united kingdom,GBR,United Kingdom,United Kingdom of Great Britain and Northern Ireland,GB,Europe & Central Asia,High income: OECD,True
U0343,sharif university of technology,"Iran, Islamic Republic of",IR,"iran, islamic republic of",342.0,33.0,11.5,33.6,5.1,99.9,1.2,2.9,28.2,1.3,True,,52.05,39.1,37.4,78.3,86.2,37.0,21.8,2.0,26.0,True,401.0,43.5,33.5,36.3,60.4,89.5,31.6,22.5,2.0,25.0,True,iran,IRN,Iran,Islamic Republic of Iran,IR,Middle East & North Africa,Upper middle income,True
U0344,indian institute of technology guwahati (iitg),India,IN,india,344.0,32.9,18.8,32.0,6.4,97.6,1.2,2.3,4.9,2.2,True,,,,,,,,,,,False,,,,,,,,,,,False,india,IND,India,Republic of India,IN,South Asia,Lower middle income,True
U0345,tufts university,United States,US,united states,344.0,32.9,16.9,7.7,53.5,45.7,38.1,23.5,56.1,81.0,True,,59.2,51.5,35.0,87.5,71.7,62.8,10.5,16.0,57.0,True,151.0,57.7,47.1,36.7,92.2,43.4,51.4,10.0,16.0,56.0,True,united states,USA,United States,United States of America,US,North America,High income: OECD,True
U0346,university of oulu,Finland,FI,finland,344.0,32.9,15.1,13.5,25.3,59.4,8.6,65.3,21.7,68.6,True,,54.45,33.1,38.2,84.1,66.0,59.5,20.8,8.0,55.0,True,301.0,47.85,28.4,35.8,75.2,46.9,57.5,19.8,7.0,54.0,True,finland,FIN,Finland,Republic of Finland,FI,Europe & Central Asia,High income: OECD,True
U0347,tilburg university,Netherlands,NL,netherlands,347.0,32.8,14.7,32.5,10.5,55.1,60.6,98.4,14.3,15.2,True,,57.25,32.8,44.9,80.1,82.6,84.5,32.2,21.0,51.0,True,251.0,50.0,34.3,46.6,61.7,50.6,84.5,29.9,20.0,51.0,True,netherlands,NLD,Netherlands,Kingdom of the Netherlands,NL,Europe & Central Asia,High income: OECD,True
U0348,university of naples - federico ii,Italy,IT,italy,347.0,32.8,36.6,19.7,4.2,65.1,1.1,2.2,7.3,20.1,True,,,,,,,,,,,False,,,,,,,,,,,False,italy,ITA,Italy,Italian Republic,IT,Europe & Central Asia,High income: OECD,True
U0349,university of victoria (uvic),Canada,CA,canada,349.0,32.6,17.0,7.7,3.9,62.5,40.9,94.7,11.3,82.9,True,,,,,,,,,,,False,,,,,,,,,,,False,canada,CAN,Canada,Canada,CA,North America,High income: OECD,True
U0350,cairo university,Egypt,EG,egypt,350.0,32.5,45.8,41.0,8.8,3.0,7.2,2.9,95.5,47.2,True,,34.8,25.0,18.5,59.9,39.2,45.4,30.9,5.0,60.0,True,801.0,31.85,23.6,17.1,51.7,37.6,38.7,36.8,4.0,54.0,True,egypt,EGY,Egypt,Arab Republic of Egypt,EG,Middle East & North Africa,Lower middle income,True
U0351,sciences po,France,FR,france,350.0,32.5,16.8,34.8,81.1,2.8,97.2,52.7,97.7,7.2,True,,43.6,32.4,25.6,60.1,17.2,84.6,42.6,32.0,63.0,True,501.0,40.65,28.8,25.1,57.9,39.1,82.1,45.2,37.0,61.0,True,france,FRA,France,French Republic,FR,Europe & Central Asia,High income: OECD,True
U0352,"city, university of london",United Kingdom,GB,united kingdom,352.0,32.4,20.8,21.3,5.6,31.2,98.9,95.8,54.8,23.2,True,,50.05,27.4,30.9,78.6,61.8,95.5,19.5,45.0,58.0,True,351.0,45.95,25.6,29.3,69.0,38.3,95.0,18.2,51.0,57.0,True,united kingdom,GBR,United Kingdom,United Kingdom of Great Britain and Northern Ireland,GB,Europe & Central Asia,High income: OECD,True
U0353,national university of sciences and technology (nust) islamabad,Pakistan,PK,pakistan,353.0,32.3,20.4,71.6,68.8,14.5,4.0,4.3,2.8,44.9,True,,,,,,,,,,,False,,,,,,,,,,,False,pakistan,PAK,Pakistan,Islamic Republic of Pakistan,PK,South Asia,Lower middle income,True
U0354,university of pretoria,South Africa,ZA,south africa,354.0,32.2,23.9,48.8,4.0,15.5,8.2,33.3,80.1,79.6,True,,43.6,31.2,34.3,56.7,69.9,61.4,22.1,6.0,59.0,True,801.0,31.85,27.9,31.6,35.3,44.2,54.9,21.7,7.0,59.0,True,south africa,ZAF,South Africa,Republic of South Africa,ZA,Sub-Saharan Africa,Upper middle income,True
U0355,indiana university bloomington,United States,US,united states,355.0,32.1,33.4,23.6,23.3,29.1,10.8,36.3,56.8,32.7,True,,,,,,,,,,,False,,,,,,,,,,,False,united states,USA,United States,United States of America,US,North America,High income: OECD,True
U0356,university of coimbra,Portugal,PT,portugal,355.0,32.1,29.4,10.8,10.3,49.8,22.9,8.1,31.1,75.8,True,,47.2,31.4,38.2,59.9,78.0,54.3,18.4,15.0,57.0,True,601.0,36.6,25.1,35.2,40.4,49.8,59.5,18.0,19.0,58.0,True,portugal,PRT,Portugal,Portuguese Republic,PT,Europe & Central Asia,High income: OECD,True
U0357,university of luxembourg,Luxembourg,LU,luxembourg,355.0,32.1,9.2,4.5,80.8,25.2,100.0,100.0,52.8,3.1,True,,57.25,39.6,39.4,78.1,63.0,93.2,21.3,49.0,53.0,True,201.0,52.75,38.2,39.8,64.5,51.2,99.4,19.3,51.0,53.0,True,luxembourg,LUX,Luxembourg,Grand Duchy of Luxembourg,LU,Europe & Central Asia,High income: OECD,True
U0358,university of tartu,Estonia,EE,estonia,358.0,32.0,22.9,10.5,93.7,10.8,15.1,48.6,85.7,18.0,True,,52.05,32.8,31.8,86.5,64.1,60.7,9.0,12.0,68.0,True,201.0,52.75,26.8,33.1,92.4,45.6,65.4,12.0,13.0,68.0,True,estonia,EST,Estonia,Republic of Estonia,EE,Europe & Central Asia,High income: OECD,True
U0359,gwangju institute of science and technology (gist),South Korea,KR,south korea,359.0,31.9,13.8,9.0,38.6,100.0,8.8,18.6,2.2,9.9,True,,47.2,48.5,39.6,50.3,99.9,43.9,9.5,7.0,26.0,True,501.0,40.65,44.5,40.8,31.4,76.8,39.8,10.0,8.0,25.0,True,korea,KOR,Korea,Republic of Korea,KR,East Asia & Pacific,High income: OECD,True
U0360,pontificia universidad católica del perú,Peru,PE,peru,359.0,31.9,48.4,61.6,33.2,1.6,1.3,4.0,33.0,29.6,True,,,,,,,,,,,False,,,,,,,,,,,False,peru,PER,Peru,Republic of Peru,PE,Latin America & Caribbean,Upper middle income,True
U0361,university of aveiro,Portugal,PT,portugal,359.0,31.9,13.9,5.6,11.1,90.6,15.3,4.2,2.7,57.7,True,,39.4,27.1,30.2,57.3,48.1,48.6,16.3,11.0,54.0,True,801.0,31.85,25.9,25.7,40.2,39.0,50.4,15.1,10.0,54.0,True,portugal,PRT,Portugal,Portuguese Republic,PT,Europe & Central Asia,High income: OECD,True
U0362,sultan qaboos university,Oman,OM,oman,362.0,31.7,18.6,17.1,55.6,21.9,3.2,100.0,51.5,55.4,True,,39.4,28.1,22.2,62.3,35.7,74.0,9.2,4.0,50.0,True,601.0,36.6,23.1,18.4,56.9,40.6,74.9,8.6,4.0,50.0,True,oman,OMN,Oman,Sultanate of Oman,OM,Middle East & North Africa,High income: nonOECD,True
U0363,xiamen university,China (Mainland),CN,china,362.0,31.7,23.6,16.2,19.0,72.2,3.1,5.1,46.0,15.4,True,,52.05,38.0,33.5,83.7,72.1,38.4,15.1,2.0,53.0,True,401.0,43.5,30.8,28.5,78.4,53.1,28.3,15.4,2.0,53.0,True,china,CHN,China,People's Republic of China,CN,East Asia & Pacific,Upper middle income,True
U0364,york university,Canada,CA,canada,362.0,31.7,22.7,18.6,3.9,22.6,78.7,53.1,76.3,86.5,True,,50.05,28.2,32.4,78.3,69.6,79.5,29.1,28.0,55.0,True,401.0,43.5,25.1,33.1,67.0,42.1,75.3,29.1,28.0,55.0,True,canada,CAN,Canada,Canada,CA,North America,High income: OECD,True
U0365,saint petersburg state university,Russia,RU,russia,365.0,31.6,36.3,30.5,59.4,4.6,38.9,4.9,71.7,3.2,True,,,,,,,,,,,False,,,,,,,,,,,False,russia,RUS,Russia,Russian Federation,RU,Europe & Central Asia,High income: nonOECD,True
U0366,university of illinois at chicago (uic),United States,US,united states,365.0,31.6,38.5,28.3,31.1,23.3,19.3,8.0,30.5,34.8,True,,,,,,,,,,,False,,,,,,,,,,,False,united states,USA,United States,United States of America,US,North America,High income: OECD,True
U0367,westfälische wilhelms-universität münster,Germany,DE,germany,367.0,31.5,31.6,22.8,64.5,10.0,4.5,30.5,35.8,66.8,True,,,,,,,,,,,False,,,,,,,,,,,False,germany,DEU,Germany,Federal Republic of Germany,DE,Europe & Central Asia,High income: OECD,True
U0368,mahidol university,Thailand,TH,thailand,368.0,31.4,44.1,21.8,81.1,4.7,4.2,4.9,9.8,57.7,True,,39.4,39.3,25.0,46.3,78.6,48.7,8.9,5.0,64.0,True,801.0,31.85,32.8,22.5,35.8,69.8,45.7,9.0,5.0,64.0,True,thailand,THA,Thailand,Kingdom of Thailand,TH,East Asia & Pacific,Upper middle income,True
U0369,university of jordan,Jordan,JO,jordan,368.0,31.4,32.9,46.7,19.5,3.5,43.5,21.2,82.1,39.5,True,,,,,,,,,,,False,,,,,,,,,,,False,jordan,JOR,Jordan,Hashemite Kingdom of Jordan,JO,Middle East & North Africa,Upper middle income,True
U0370,university of tehran,"Iran, Islamic Republic of",IR,"iran, islamic republic of",368.0,31.4,20.6,26.8,3.0,79.1,2.0,2.0,23.1,4.7,True,,47.2,37.7,28.4,71.9,60.5,33.6,26.6,2.0,5.0,True,,36.6,32.9,31.7,51.9,36.9,29.0,16.6,5.0,53.0,True,iran,IRN,Iran,Islamic Republic of Iran,IR,Middle East & North Africa,Upper middle income,True
U0371,george washington university,United States,US,united states,371.0,31.3,25.2,28.8,27.3,27.5,34.4,24.6,74.5,27.3,True,,57.25,48.2,35.7,86.0,67.3,66.1,13.0,14.0,62.0,True,201.0,52.75,47.0,32.8,83.2,38.7,56.9,12.9,15.0,62.0,True,united states,USA,United States,United States of America,US,North America,High income: OECD,True
U0372,lincoln university,New Zealand,NZ,new zealand,371.0,31.3,8.2,5.0,31.8,52.1,96.3,100.0,40.0,48.9,True,,47.2,33.9,26.7,68.4,49.7,92.0,14.5,33.0,52.0,True,401.0,43.5,29.7,22.6,59.9,51.7,96.4,13.3,44.0,51.0,True,new zealand,NZL,New Zealand,New Zealand,NZ,East Asia & Pacific,High income: OECD,True
U0373,universitat politècnica de catalunya · barcelonatech (upc),Spain,ES,spain,371.0,31.3,31.8,27.7,38.9,16.7,19.8,10.1,26.3,82.5,True,,,,,,,,,,,False,,,,,,,,,,,False,spain,ESP,Spain,Kingdom of Spain,ES,Europe & Central Asia,High income: OECD,True
U0374,university of turin,Italy,IT,italy,371.0,31.3,41.5,7.2,3.2,33.3,5.3,4.1,51.7,83.6,True,,47.2,23.0,30.1,84.5,74.4,45.5,29.5,6.0,61.0,True,401.0,43.5,21.5,29.7,77.5,43.9,41.4,28.4,6.0,61.0,True,italy,ITA,Italy,Italian Republic,IT,Europe & Central Asia,High income: OECD,True
U0375,university of florence,Italy,IT,italy,375.0,31.2,34.6,8.4,4.4,46.6,12.3,7.3,30.3,74.5,True,,50.05,35.5,34.4,78.6,72.9,51.9,24.0,10.0,56.0,True,401.0,43.5,34.8,32.4,65.6,45.0,44.7,23.0,9.0,56.0,True,italy,ITA,Italy,Italian Republic,IT,Europe & Central Asia,High income: OECD,True
U0376,university of turku,Finland,FI,finland,375.0,31.2,27.8,12.1,52.3,29.3,4.4,33.2,39.9,52.5,True,,52.05,31.6,34.9,83.3,67.0,52.5,15.7,6.0,63.0,True,351.0,45.95,27.7,32.6,73.9,38.7,53.5,15.3,5.0,64.0,True,finland,FIN,Finland,Republic of Finland,FI,Europe & Central Asia,High income: OECD,True
U0377,nankai university,China (Mainland),CN,china,377.0,31.1,18.5,9.8,25.4,82.9,2.7,12.3,37.9,11.5,True,,54.45,48.8,31.4,85.3,66.5,49.3,11.7,7.0,53.0,True,301.0,47.85,39.7,24.9,79.4,46.2,40.7,11.3,5.0,53.0,True,china,CHN,China,People's Republic of China,CN,East Asia & Pacific,Upper middle income,True
U0378,pontificia universidad javeriana,Colombia,CO,colombia,377.0,31.1,45.3,56.6,26.3,1.6,2.5,3.4,78.3,11.3,True,,,,,,,,,,,False,,,,,,,,,,,False,colombia,COL,Colombia,Republic of Colombia,CO,Latin America & Caribbean,Upper middle income,True
U0379,university of tsukuba,Japan,JP,japan,377.0,31.1,36.6,22.5,54.7,17.3,19.3,12.4,9.8,63.4,True,,50.05,51.8,42.6,52.3,72.9,51.3,12.1,16.0,38.0,True,501.0,40.65,43.9,37.8,38.5,43.7,43.0,12.7,16.0,38.0,True,japan,JPN,Japan,Japan,JP,East Asia & Pacific,High income: OECD,True
U0380,technische universität bergakademie freiberg,Germany,DE,germany,380.0,30.8,4.9,4.8,3.5,99.1,100.0,41.4,1.9,1.1,True,,,,,,,,,,,False,,,,,,,,,,,False,germany,DEU,Germany,Federal Republic of Germany,DE,Europe & Central Asia,High income: OECD,True
U0381,university of kent,United Kingdom,GB,united kingdom,380.0,30.8,15.4,10.0,14.6,45.7,49.8,95.1,34.0,40.4,True,,47.2,27.6,29.0,77.6,51.9,93.5,18.0,27.0,53.0,True,351.0,45.95,27.9,29.5,67.6,37.4,92.0,17.0,29.0,54.0,True,united kingdom,GBR,United Kingdom,United Kingdom of Great Britain and Northern Ireland,GB,Europe & Central Asia,High income: OECD,True
U0382,university of pisa,Italy,IT,italy,382.0,30.7,40.4,15.1,8.6,38.8,4.2,5.9,15.0,56.7,True,,47.2,31.1,31.2,80.5,68.7,43.2,20.9,5.0,52.0,True,401.0,43.5,28.8,30.2,69.2,41.7,40.6,21.9,6.0,51.0,True,italy,ITA,Italy,Italian Republic,IT,Europe & Central Asia,High income: OECD,True
U0383,anna university,India,IN,india,383.0,30.6,10.0,12.0,5.5,100.0,1.3,,5.9,24.7,True,,43.6,32.0,26.3,72.4,51.0,20.4,13.1,1.0,41.0,True,801.0,31.85,21.3,26.6,53.5,45.2,16.5,15.9,1.0,43.0,True,india,IND,India,Republic of India,IN,South Asia,Lower middle income,True
U0384,western sydney university,Australia,AU,australia,384.0,30.5,19.9,14.2,4.8,31.0,45.5,100.0,8.9,89.2,True,,52.05,29.5,31.7,87.7,51.5,87.2,41.8,21.0,59.0,True,201.0,52.75,25.8,31.7,87.6,44.1,87.9,40.3,22.0,58.0,True,australia,AUS,Australia,Commonwealth of Australia,AU,East Asia & Pacific,High income: OECD,True
U0385,south china university of technology,China (Mainland),CN,china,385.0,30.4,12.1,6.6,20.0,97.8,4.6,10.7,27.3,7.3,True,,54.45,36.6,38.2,83.2,92.8,44.0,12.6,6.0,38.0,True,401.0,43.5,28.2,35.6,70.7,80.7,34.4,12.7,5.0,39.0,True,china,CHN,China,People's Republic of China,CN,East Asia & Pacific,Upper middle income,True
U0386,universiti brunei darussalam (ubd),Brunei,BN,brunei,385.0,30.4,20.2,8.8,92.9,9.9,46.5,100.0,56.5,12.7,True,,,,,,,,,,,False,,,,,,,,,,,False,brunei,BRN,Brunei,Brunei Darussalam,BN,East Asia & Pacific,High income: nonOECD,True
U0387,belarusian state university,Belarus,BY,belarus,387.0,30.3,28.4,40.7,93.0,1.3,59.3,3.8,38.2,1.0,True,,25.5,25.5,11.5,17.0,55.4,66.8,7.6,19.0,62.0,True,,,,,,,,,,,False,belarus,BLR,Belarus,Republic of Belarus,BY,Europe & Central Asia,Upper middle income,True
U0388,universidade nova de lisboa,Portugal,PT,portugal,388.0,30.2,28.7,21.8,15.9,23.9,57.0,25.3,48.7,38.2,True,,,,,,,,,,,False,,,,,,,,,,,False,portugal,PRT,Portugal,Portuguese Republic,PT,Europe & Central Asia,High income: OECD,True
U0389,università vita-salute san raffaele,Italy,IT,italy,389.0,30.1,3.3,1.8,94.4,88.5,4.3,4.4,2.1,1.2,True,,,,,,,,,,,False,,,,,,,,,,,False,italy,ITA,Italy,Italian Republic,IT,Europe & Central Asia,High income: OECD,True
U0390,university of cyprus (ucy),Cyprus,CY,cyprus,389.0,30.1,10.0,4.7,4.5,75.0,20.0,93.8,42.1,5.8,True,,,,,,,,,,,False,,,,,,,,,,,False,cyprus,CYP,Cyprus,Republic of Cyprus,CY,Europe & Central Asia,High income: nonOECD,True
U0391,virginia polytechnic institute and state university,United States,US,united states,389.0,30.1,26.4,26.2,18.9,28.4,16.5,71.8,24.0,34.8,True,,54.45,42.5,39.4,78.8,76.7,65.4,18.6,13.0,44.0,True,251.0,50.0,39.3,36.2,73.7,47.4,56.8,18.5,14.0,43.0,True,united states,USA,United States,United States of America,US,North America,High income: OECD,True
U0392,national taiwan university of science and technology (taiwan tech),Taiwan,TW,taiwan,392.0,30.0,27.6,37.9,43.5,29.4,25.5,19.7,19.9,38.8,True,,47.2,33.2,36.9,63.8,93.2,56.4,18.5,19.0,30.0,True,601.0,36.6,26.8,35.9,41.6,65.9,53.7,17.9,18.0,30.0,True,taiwan,,,,,,,False
U0393,national and kapodistrian university of athens,Greece,GR,greece,393.0,29.9,26.7,33.2,2.1,31.0,15.9,9.9,85.8,29.3,True,,43.6,22.6,23.9,77.3,89.8,56.6,34.0,11.0,59.0,True,401.0,43.5,22.1,20.1,82.4,67.9,56.3,31.0,11.0,59.0,True,greece,GRC,Greece,Hellenic Republic,GR,Europe & Central Asia,High income: OECD,True
U0394,"university of california, santa cruz",United States,US,united states,393.0,29.9,17.7,5.9,7.4,65.3,7.0,53.4,6.1,83.6,True,,57.25,34.9,39.8,93.3,73.2,77.9,24.2,12.0,47.0,True,192.0,54.8,32.6,33.3,95.9,46.2,67.9,22.6,14.0,47.0,True,united states,USA,United States,United States of America,US,North America,High income: OECD,True
U0395,"university of rome ""tor vergata""",Italy,IT,italy,393.0,29.9,31.3,15.4,9.0,47.2,30.8,9.6,6.3,57.7,True,,,,,,,,,,,False,,,,,,,,,,,False,italy,ITA,Italy,Italian Republic,IT,Europe & Central Asia,High income: OECD,True
U0396,northeastern university,United States,US,united states,396.0,29.7,19.2,11.8,15.4,24.6,96.4,51.6,44.0,72.3,True,,,,,,,,,,,False,,,,,,,,,,,False,united states,USA,United States,United States of America,US,North America,High income: OECD,True
U0397,ruhr-universität bochum,Germany,DE,germany,396.0,29.7,20.3,8.8,2.5,53.4,39.3,48.8,16.2,53.5,True,,,,,,,,,,,False,,,,,,,,,,,False,germany,DEU,Germany,Federal Republic of Germany,DE,Europe & Central Asia,High income: OECD,True
U0398,sejong university,South Korea,KR,south korea,396.0,29.7,10.8,16.1,11.9,76.9,31.2,23.8,1.8,45.9,True,,54.45,31.4,34.5,94.0,73.8,68.6,18.9,15.0,51.0,True,251.0,50.0,27.3,29.3,93.8,55.6,58.8,20.8,13.0,48.0,True,korea,KOR,Korea,Republic of Korea,KR,East Asia & Pacific,High income: OECD,True
U0399,université de liège,Belgium,BE,belgium,396.0,29.7,17.0,11.8,9.6,38.0,53.0,50.3,23.6,81.2,True,,,,,,,,,,,False,,,,,,,,,,,False,belgium,BEL,Belgium,Kingdom of Belgium,BE,Europe & Central Asia,High income: OECD,True
U0400,university of southern queensland,Australia,AU,australia,396.0,29.7,8.8,5.7,4.8,73.1,23.0,84.1,8.6,43.0,True,,50.05,28.4,25.9,88.0,46.9,81.8,24.8,15.0,63.0,True,301.0,47.85,24.6,24.3,85.5,41.5,79.8,26.0,18.0,62.0,True,australia,AUS,Australia,Commonwealth of Australia,AU,East Asia & Pacific,High income: OECD,True
U0401,kazan (volga region) federal university,Russia,RU,russia,401.0,29.6,23.6,11.4,95.6,2.4,95.7,10.2,15.4,22.2,True,,,,,,,,,,,False,,,,,,,,,,,False,russia,RUS,Russia,Russian Federation,RU,Europe & Central Asia,High income: nonOECD,True
U0402,koç university,Turkey,TR,turkey,401.0,29.6,24.3,54.6,19.1,32.4,13.0,24.7,6.8,34.8,True,,50.05,31.8,40.5,68.9,91.9,57.4,19.5,9.0,49.0,True,401.0,43.5,30.7,42.3,56.1,100.0,49.3,19.7,8.0,48.0,True,turkey,TUR,Turkey,Republic of Turkey,TR,Europe & Central Asia,Upper middle income,True
U0403,amirkabir university of technology,"Iran, Islamic Republic of",IR,"iran, islamic republic of",403.0,29.5,5.2,20.5,4.6,100.0,2.8,24.6,5.8,1.6,True,,50.05,34.8,33.7,77.0,85.1,38.8,20.2,3.0,35.0,True,601.0,36.6,30.1,31.9,54.9,64.9,31.7,21.2,2.0,35.0,True,iran,IRN,Iran,Islamic Republic of Iran,IR,Middle East & North Africa,Upper middle income,True
U0404,university of canberra,Australia,AU,australia,403.0,29.5,14.3,7.7,2.4,51.2,69.4,79.6,5.6,70.9,True,,50.05,24.1,31.6,82.4,40.8,88.3,34.4,23.0,56.0,True,251.0,50.0,20.0,32.0,92.6,43.0,88.1,35.5,26.0,53.0,True,australia,AUS,Australia,Commonwealth of Australia,AU,East Asia & Pacific,High income: OECD,True
U0405,institut national des sciences appliquées de lyon (insa),France,FR,france,405.0,29.3,7.4,28.7,33.7,60.6,58.3,29.2,14.4,2.4,True,,,,,,,,,,,False,,,,,,,,,,,False,france,FRA,France,French Republic,FR,Europe & Central Asia,High income: OECD,True
U0406,satbayev university,Kazakhstan,KZ,kazakhstan,405.0,29.3,27.8,43.4,88.1,1.2,16.9,66.7,23.6,3.8,True,,16.2,22.7,10.8,8.5,23.2,68.7,12.4,5.0,44.0,True,1501.0,14.35,19.6,9.3,5.0,41.1,67.9,9.7,4.0,38.0,True,kazakhstan,KAZ,Kazakhstan,Republic of Kazakhstan,KZ,Europe & Central Asia,Upper middle income,True
U0407,usi - università della svizzera italiana,Switzerland,CH,switzerland,405.0,29.3,6.1,4.6,73.5,40.7,100.0,100.0,2.1,1.1,True,,,,,,,,,,,False,,,,,,,,,,,False,switzerland,CHE,Switzerland,Switzerland,CH,Europe & Central Asia,High income: OECD,True
U0408,"birkbeck, university of london",United Kingdom,GB,united kingdom,408.0,29.1,10.0,3.6,15.6,57.1,99.5,97.7,8.8,7.7,True,,52.05,34.7,29.7,78.0,63.5,92.4,12.5,41.0,57.0,True,351.0,45.95,30.4,33.3,66.8,37.2,90.7,16.6,40.0,56.0,True,united kingdom,GBR,United Kingdom,United Kingdom of Great Britain and Northern Ireland,GB,Europe & Central Asia,High income: OECD,True
U0409,masaryk university,Czech Republic,CZ,czech republic,408.0,29.1,23.5,31.7,9.5,13.8,66.7,27.6,36.0,79.1,True,,39.4,25.9,31.0,50.1,41.7,66.3,18.4,23.0,62.0,True,801.0,31.85,23.9,29.7,34.0,38.1,66.7,18.9,23.0,62.0,True,czech republic,CZE,Czech Republic,Czech Republic,CZ,Europe & Central Asia,High income: OECD,True
U0410,hse university,Russia,RU,russia,410.0,29.0,24.0,38.4,84.8,1.8,13.5,6.6,13.0,44.6,True,,47.2,34.4,44.0,57.3,56.5,51.4,18.6,12.0,53.0,True,,,,,,,,,,,False,russia,RUS,Russia,Russian Federation,RU,Europe & Central Asia,High income: nonOECD,True
U0411,the american university in cairo,Egypt,EG,egypt,410.0,29.0,32.1,31.1,35.5,5.2,3.8,97.0,75.6,14.6,True,,,,,,,,,,,False,,,,,,,,,,,False,egypt,EGY,Egypt,Arab Republic of Egypt,EG,Middle East & North Africa,Lower middle income,True
U0412,auckland university of technology (aut),New Zealand,NZ,new zealand,412.0,28.9,19.3,11.2,10.6,21.7,99.8,100.0,12.4,72.6,True,,,,,,,,,,,False,,,,,,,,,,,False,new zealand,NZL,New Zealand,New Zealand,NZ,East Asia & Pacific,High income: OECD,True
U0413,graz university of technology,Austria,AT,austria,413.0,28.8,14.7,15.7,98.9,11.1,59.7,81.8,11.9,2.8,True,,43.6,40.4,21.4,51.5,91.5,81.5,8.2,24.0,26.0,True,601.0,36.6,32.0,20.3,42.5,63.1,83.6,8.6,23.0,25.0,True,austria,AUT,Austria,Republic of Austria,AT,Europe & Central Asia,High income: OECD,True
U0414,yeshiva university,United States,US,united states,413.0,28.8,3.1,2.8,65.3,91.6,13.5,31.4,3.0,15.8,True,,,,,,,,,,,False,,,,,,,,,,,False,united states,USA,United States,United States of America,US,North America,High income: OECD,True
U0415,concordia university,Canada,CA,canada,415.0,28.7,15.8,11.4,3.3,17.5,92.3,87.4,43.6,89.8,True,,43.6,25.7,29.3,66.2,66.3,86.6,34.6,34.0,50.0,True,601.0,36.6,22.6,27.4,46.4,39.2,85.6,33.5,34.0,50.0,True,canada,CAN,Canada,Canada,CA,North America,High income: OECD,True
U0416,oxford brookes university,United Kingdom,GB,united kingdom,416.0,28.6,30.7,37.6,13.7,7.0,67.4,67.5,20.5,13.2,True,,39.4,25.1,21.1,62.5,29.1,87.9,14.0,25.0,58.0,True,601.0,36.6,24.6,22.7,52.8,37.2,83.6,14.2,25.0,59.0,True,united kingdom,GBR,United Kingdom,United Kingdom of Great Britain and Northern Ireland,GB,Europe & Central Asia,High income: OECD,True
U0417,technion - israel institute of technology,Israel,IL,israel,416.0,28.6,23.9,24.8,52.0,20.1,4.3,74.2,35.3,15.0,True,,,,,,,,,,,False,,,,,,,,,,,False,israel,ISR,Israel,State of Israel,IL,Middle East & North Africa,High income: OECD,True
U0418,university of dundee,United Kingdom,GB,united kingdom,418.0,28.5,18.4,13.7,30.8,14.0,89.4,91.1,7.4,55.4,True,,52.05,26.7,32.1,84.9,83.0,91.1,18.1,25.0,65.0,True,201.0,52.75,25.8,30.5,90.3,49.5,85.4,18.3,27.0,64.0,True,united kingdom,GBR,United Kingdom,United Kingdom of Great Britain and Northern Ireland,GB,Europe & Central Asia,High income: OECD,True
U0419,bogaziçi university,Turkey,TR,turkey,418.0,28.5,24.9,65.3,4.1,10.7,2.6,10.7,84.9,46.2,True,,,,,,,,,,,False,,,,,,,,,,,False,turkey,TUR,Turkey,Republic of Turkey,TR,Europe & Central Asia,Upper middle income,True
U0420,czech technical university in prague,Czech Republic,CZ,czech republic,420.0,28.4,22.0,42.4,80.6,3.6,50.2,19.9,15.6,5.8,True,,30.450000000000003,30.9,18.8,32.2,51.9,60.2,8.7,21.0,30.0,True,1201.0,21.35,23.2,16.1,15.5,48.4,58.2,8.8,20.0,19.0,True,czech republic,CZE,Czech Republic,Czech Republic,CZ,Europe & Central Asia,High income: OECD,True
U0421,dublin city university,Ireland,IE,ireland,421.0,28.3,20.1,26.0,25.8,10.7,22.6,75.0,35.3,82.5,True,,47.2,24.5,35.2,77.1,62.8,73.9,26.1,12.0,58.0,True,401.0,43.5,23.9,33.8,63.2,42.6,82.2,25.4,17.0,59.0,True,ireland,IRL,Ireland,Ireland,IE,Europe & Central Asia,High income: OECD,True
U0422,university of limerick,Ireland,IE,ireland,421.0,28.3,18.3,25.5,15.7,23.0,30.8,87.1,8.0,76.4,True,,47.2,27.1,32.6,64.1,75.9,76.1,27.1,15.0,50.0,True,601.0,36.6,24.2,30.3,50.8,40.7,83.0,25.1,20.0,50.0,True,ireland,IRL,Ireland,Ireland,IE,Europe & Central Asia,High income: OECD,True
U0423,aston university,United Kingdom,GB,united kingdom,423.0,28.1,12.5,18.5,9.0,34.4,53.8,94.2,19.6,46.9,True,,47.2,22.2,26.5,82.5,64.1,95.2,19.0,25.0,48.0,True,401.0,43.5,20.5,24.9,76.8,38.8,92.6,17.8,25.0,48.0,True,united kingdom,GBR,United Kingdom,United Kingdom of Great Britain and Northern Ireland,GB,Europe & Central Asia,High income: OECD,True
U0424,université laval,Canada,CA,canada,423.0,28.1,19.2,8.1,26.0,23.8,41.6,55.8,36.4,78.4,True,,54.45,40.7,38.7,73.7,94.2,76.2,17.9,16.0,58.0,True,251.0,50.0,40.1,35.8,67.8,68.7,72.4,16.9,15.0,58.0,True,canada,CAN,Canada,Canada,CA,North America,High income: OECD,True
U0425,national taipei university of technology,Taiwan,TW,taiwan,425.0,28.0,13.9,54.7,24.3,41.6,20.6,19.8,22.5,31.3,True,,34.8,27.3,25.0,35.8,94.1,41.6,15.6,10.0,28.0,True,1001.0,27.05,22.7,23.1,24.6,96.5,39.7,15.7,11.0,28.0,True,taiwan,,,,,,,False
U0426,ipb university (a.k.a. bogor agricultural university),Indonesia,ID,indonesia,426.0,27.9,23.5,46.9,71.4,1.8,3.6,53.2,33.9,35.1,True,,,,,,,,,,,False,,,,,,,,,,,False,indonesia,IDN,Indonesia,Republic of Indonesia,ID,East Asia & Pacific,Lower middle income,True
U0427,leibniz university hannover,Germany,DE,germany,426.0,27.9,21.2,32.0,17.9,17.4,26.9,46.3,14.5,82.1,True,,50.05,38.3,41.5,62.1,81.6,58.2,39.5,15.0,44.0,True,401.0,43.5,39.1,39.2,46.2,48.9,54.7,43.7,18.0,42.0,True,germany,DEU,Germany,Federal Republic of Germany,DE,Europe & Central Asia,High income: OECD,True
U0428,julius-maximilians-universität würzburg,Germany,DE,germany,428.0,27.8,15.8,7.0,5.5,74.4,9.5,45.0,8.7,8.8,True,,,,,,,,,,,False,,,,,,,,,,,False,germany,DEU,Germany,Federal Republic of Germany,DE,Europe & Central Asia,High income: OECD,True
U0429,southeast university,China (Mainland),CN,china,428.0,27.8,13.5,6.6,20.8,82.0,3.4,14.4,5.0,11.6,True,,52.05,39.9,46.3,68.4,90.4,47.6,12.4,4.0,36.0,True,401.0,43.5,34.8,42.3,47.2,93.7,37.8,12.3,4.0,36.0,True,china,CHN,China,People's Republic of China,CN,East Asia & Pacific,Upper middle income,True
U0430,university of science and technology beijing,China (Mainland),CN,china,430.0,27.7,11.8,4.2,10.2,99.4,2.8,3.1,4.9,3.6,True,,,,,,,,,,,False,801.0,31.85,27.4,29.8,41.0,59.5,22.3,16.1,4.0,36.0,True,china,CHN,China,People's Republic of China,CN,East Asia & Pacific,Upper middle income,True
U0431,central south university,China (Mainland),CN,china,431.0,27.6,8.6,4.1,5.5,99.7,4.0,6.4,14.1,3.9,True,,,,,,,,,,,False,351.0,45.95,31.8,41.2,65.7,93.4,26.3,20.4,4.0,53.0,True,china,CHN,China,People's Republic of China,CN,East Asia & Pacific,Upper middle income,True
U0432,tomsk state university,Russia,RU,russia,431.0,27.6,22.0,13.5,99.0,4.2,91.6,21.6,4.4,1.4,True,,43.6,49.2,40.0,31.8,53.8,79.1,11.6,37.0,53.0,True,,,,,,,,,,,False,russia,RUS,Russia,Russian Federation,RU,Europe & Central Asia,High income: nonOECD,True
U0433,university of granada,Spain,ES,spain,431.0,27.6,44.4,14.1,5.7,26.2,14.8,3.1,4.9,26.3,True,,43.6,28.5,26.6,65.7,52.2,52.6,14.7,9.0,59.0,True,601.0,36.6,23.2,28.8,50.5,37.2,50.2,14.5,10.0,60.0,True,spain,ESP,Spain,Kingdom of Spain,ES,Europe & Central Asia,High income: OECD,True
U0434,ajman university,United Arab Emirates,AE,united arab emirates,477.0,25.1,17.3,42.2,9.6,3.2,100.0,100.0,9.8,1.4,True,,,,,,,,15.1,82.0,59.0,True,,,,,,,,16.4,82.0,59.0,True,united arab emirates,ARE,United Arab Emirates,United Arab Emirates,AE,Middle East & North Africa,High income: nonOECD,True
U0435,ie university,Spain,ES,spain,435.0,27.4,8.1,49.3,46.5,2.2,100.0,95.2,65.6,4.6,True,,,,,,,,,,,False,,,,,,,,,,,False,spain,ESP,Spain,Kingdom of Spain,ES,Europe & Central Asia,High income: OECD,True
U0436,iran university of science and technology,"Iran, Islamic Republic of",IR,"iran, islamic republic of",436.0,27.2,7.8,14.0,2.7,98.7,1.5,12.0,5.3,1.6,True,,47.2,33.6,37.4,75.2,73.9,24.3,32.7,1.0,35.0,True,501.0,40.65,32.6,36.8,54.2,98.4,21.2,33.9,1.0,34.0,True,iran,IRN,Iran,Islamic Republic of Iran,IR,Middle East & North Africa,Upper middle income,True
U0437,murdoch university,Australia,AU,australia,436.0,27.2,8.0,4.5,5.2,57.3,73.9,85.6,14.8,11.3,True,,50.05,23.2,29.6,81.4,67.2,94.2,34.0,38.0,62.0,True,401.0,43.5,21.6,27.8,70.6,46.7,93.2,36.5,40.0,61.0,True,australia,AUS,Australia,Commonwealth of Australia,AU,East Asia & Pacific,High income: OECD,True
U0438,universitat politècnica de valència,Spain,ES,spain,436.0,27.2,26.5,16.3,36.1,19.7,25.0,5.5,11.7,76.1,True,,,,,,,,,,,False,,,,,,,,,,,False,spain,ESP,Spain,Kingdom of Spain,ES,Europe & Central Asia,High income: OECD,True
U0439,vilnius university,Lithuania,LT,lithuania,439.0,27.1,19.1,23.5,74.7,3.3,13.6,12.4,83.7,27.1,True,,34.8,26.6,17.5,51.4,44.4,46.7,9.1,9.0,65.0,True,801.0,31.85,21.4,18.7,47.3,45.9,55.5,10.2,9.0,69.0,True,lithuania,LTU,Lithuania,Republic of Lithuania,LT,Europe & Central Asia,High income: nonOECD,True
U0440,singapore university of technology and design,Singapore,SG,singapore,440.0,27.0,7.4,5.3,99.0,66.0,,,4.6,1.1,True,,,,,,,,,,,False,,,,,,,,,,,False,singapore,SGP,Singapore,Republic of Singapore,SG,East Asia & Pacific,High income: nonOECD,True
U0441,università degli studi di pavia,Italy,IT,italy,440.0,27.0,21.7,7.4,8.3,64.6,12.6,6.2,13.5,15.4,True,,,,,,,,,,,False,,,,,,,,,,,False,italy,ITA,Italy,Italian Republic,IT,Europe & Central Asia,High income: OECD,True
U0442,colorado state university,United States,US,united states,442.0,26.8,18.3,20.4,60.9,17.1,3.7,18.5,22.2,70.9,True,,,,,,,,,,,False,,,,,,,,,,,False,united states,USA,United States,United States of America,US,North America,High income: OECD,True
U0443,novosibirsk state university,Russia,RU,russia,442.0,26.8,24.7,18.4,91.0,9.5,57.0,6.3,5.8,5.3,True,,39.4,42.2,36.6,31.6,40.7,51.9,6.6,20.0,53.0,True,,,,,,,,,,,False,russia,RUS,Russia,Russian Federation,RU,Europe & Central Asia,High income: nonOECD,True
U0444,università cattolica del sacro cuore,Italy,IT,italy,442.0,26.8,24.2,35.5,27.6,19.2,7.1,15.5,32.3,54.8,True,,52.05,35.2,30.0,89.4,74.5,52.3,39.1,7.0,71.0,True,,,,,,,,,,,False,italy,ITA,Italy,Italian Republic,IT,Europe & Central Asia,High income: OECD,True
U0445,james cook university,Australia,AU,australia,445.0,26.7,14.4,6.5,17.5,46.9,16.0,36.7,6.7,88.9,True,,50.05,28.3,30.9,79.6,58.9,77.7,17.3,9.0,66.0,True,351.0,45.95,23.3,28.2,78.0,43.4,93.8,20.1,32.0,62.0,True,australia,AUS,Australia,Commonwealth of Australia,AU,East Asia & Pacific,High income: OECD,True
U0446,justus-liebig-university giessen,Germany,DE,germany,445.0,26.7,12.7,5.9,1.9,79.3,18.8,14.2,10.5,11.0,True,,,,,,,,,,,False,,,,,,,,,,,False,germany,DEU,Germany,Federal Republic of Germany,DE,Europe & Central Asia,High income: OECD,True
U0447,universitat de valencia,Spain,ES,spain,445.0,26.7,35.6,11.0,12.0,19.9,24.3,2.1,8.4,79.3,True,,,,,,,,,,,False,,,,,,,,,,,False,spain,ESP,Spain,Kingdom of Spain,ES,Europe & Central Asia,High income: OECD,True
U0448,dalian university of technology,China (Mainland),CN,china,448.0,26.6,9.6,3.8,18.1,88.1,2.9,11.5,14.4,8.0,True,,47.2,37.0,35.0,68.1,86.8,40.2,14.5,3.0,53.0,True,601.0,36.6,28.6,29.6,46.1,73.0,31.9,15.0,3.0,53.0,True,china,CHN,China,People's Republic of China,CN,East Asia & Pacific,Upper middle income,True
U0449,hunan university,China (Mainland),CN,china,448.0,26.6,7.9,10.3,15.2,90.6,1.8,4.6,23.1,2.7,True,,50.05,28.9,30.4,92.0,75.2,32.5,17.8,2.0,47.0,True,401.0,43.5,24.0,26.4,87.6,59.1,25.6,18.6,2.0,47.0,True,china,CHN,China,People's Republic of China,CN,East Asia & Pacific,Upper middle income,True
U0450,université de montpellier,France,FR,france,448.0,26.6,18.6,3.4,8.5,57.2,29.9,22.8,13.1,17.3,True,,,,,,,,,,,False,,,,,,,,,,,False,france,FRA,France,French Republic,FR,Europe & Central Asia,High income: OECD,True
U0451,university of electronic science and technology of china,China (Mainland),CN,china,451.0,26.5,5.3,5.0,8.2,99.1,2.5,3.2,7.2,2.3,True,,50.05,34.8,35.2,80.9,85.5,33.9,15.7,3.0,30.0,True,401.0,43.5,29.3,31.2,67.1,67.0,32.4,15.4,3.0,30.0,True,china,CHN,China,People's Republic of China,CN,East Asia & Pacific,Upper middle income,True
U0452,beihang university (former buaa),China (Mainland),CN,china,452.0,26.4,12.1,7.8,41.5,72.1,4.5,7.0,12.8,4.3,True,,,,,,,,,,,False,,,,,,,,,,,False,china,CHN,China,People's Republic of China,CN,East Asia & Pacific,Upper middle income,True
U0453,national taiwan normal university,Taiwan,TW,taiwan,452.0,26.4,34.7,20.5,62.9,5.4,25.2,14.5,17.3,49.8,True,,43.6,35.0,32.0,51.4,92.7,50.4,12.3,12.0,53.0,True,801.0,31.85,28.0,34.4,28.8,74.4,51.8,12.2,16.0,53.0,True,taiwan,,,,,,,False
U0454,university of kansas,United States,US,united states,452.0,26.4,14.4,12.6,86.7,9.2,7.2,60.3,28.2,32.4,True,,50.05,42.7,25.9,73.1,79.9,58.6,9.5,7.0,53.0,True,401.0,43.5,38.1,24.4,67.2,46.3,49.2,9.9,8.0,53.0,True,united states,USA,United States,United States of America,US,North America,High income: OECD,True
U0455,university of stirling,United Kingdom,GB,united kingdom,452.0,26.4,11.2,9.4,9.3,30.3,81.3,76.9,15.8,76.1,True,,47.2,23.0,26.2,82.4,41.0,91.4,18.7,28.0,64.0,True,351.0,45.95,22.9,25.9,79.4,37.3,86.1,16.0,27.0,64.0,True,united kingdom,GBR,United Kingdom,United Kingdom of Great Britain and Northern Ireland,GB,Europe & Central Asia,High income: OECD,True
U0456,moscow institute of physics and technology (mipt / moscow phystech),Russia,RU,russia,456.0,26.3,16.6,23.6,94.6,12.0,45.5,31.1,17.6,1.0,True,,,,,,,,,,,False,,,,,,,,,,,False,russia,RUS,Russia,Russian Federation,RU,Europe & Central Asia,High income: nonOECD,True
U0457,umea university,Sweden,SE,sweden,456.0,26.3,19.9,11.6,71.8,15.2,21.8,51.1,9.0,26.3,True,,,,,,,,,,,False,,,,,,,,,,,False,sweden,SWE,Sweden,Kingdom of Sweden,SE,Europe & Central Asia,High income: OECD,True
U0458,université de strasbourg,France,FR,france,456.0,26.3,39.1,10.3,5.1,20.7,35.9,34.2,20.4,5.4,True,,,,,,,,,,,False,,,,,,,,,,,False,france,FRA,France,French Republic,FR,Europe & Central Asia,High income: OECD,True
U0459,university of guelph,Canada,CA,canada,456.0,26.3,12.8,12.8,5.0,50.1,14.3,46.4,11.2,82.9,True,,47.2,32.6,36.2,66.2,78.1,64.5,27.3,10.0,59.0,True,501.0,40.65,29.5,33.4,48.7,49.3,60.6,27.4,10.0,59.0,True,canada,CAN,Canada,Canada,CA,North America,High income: OECD,True
U0460,"stony brook university, state university of new york",United States,US,united states,460.0,26.2,18.0,7.3,32.2,23.6,43.5,34.7,21.2,79.1,True,,,,,,,,,,,False,,,,,,,,,,,False,united states,USA,United States,United States of America,US,North America,High income: OECD,True
U0461,universidad de santiago de chile (usach),Chile,CL,chile,461.0,26.1,43.4,55.0,7.2,4.2,2.2,6.3,12.7,11.2,True,,,,,,,,,,,False,,,,,,,,,,,False,chile,CHL,Chile,Republic of Chile,CL,Latin America & Caribbean,High income: OECD,True
U0462,tampere university,Finland,FI,finland,462.0,26.0,21.7,15.4,20.4,33.1,5.9,44.5,30.8,23.0,True,,52.05,30.6,38.4,80.9,93.1,49.8,20.7,7.0,55.0,True,301.0,47.85,26.6,35.9,76.9,56.1,51.1,20.6,6.0,54.0,True,finland,FIN,Finland,Republic of Finland,FI,Europe & Central Asia,High income: OECD,True
U0463,universidad de sevilla,Spain,ES,spain,462.0,26.0,39.1,12.6,18.4,8.2,18.9,3.5,16.0,67.4,True,,,,,,,,,,,False,,,,,,,,,,,False,spain,ESP,Spain,Kingdom of Spain,ES,Europe & Central Asia,High income: OECD,True
U0464,macau university of science and technology,Macau SAR,MO,macau sar,464.0,25.9,4.4,3.4,3.9,56.4,100.0,100.0,29.5,11.3,True,,54.45,33.1,34.2,78.9,65.0,94.7,41.8,92.0,57.0,True,201.0,52.75,35.4,30.7,79.2,50.1,99.7,38.1,91.0,57.0,True,"macao sar, china",MAC,"Macao SAR, China",Macao Special Administrative Region of the People's Republic of China,MO,East Asia & Pacific,High income: nonOECD,True
U0465,kobe university,Japan,JP,japan,465.0,25.8,28.4,33.2,43.9,11.4,5.6,7.0,15.0,49.8,True,,39.4,39.5,27.2,48.1,75.4,39.0,10.2,7.0,35.0,True,801.0,31.85,33.3,25.2,38.5,46.7,33.1,10.3,8.0,36.0,True,japan,JPN,Japan,Japan,JP,East Asia & Pacific,High income: OECD,True
U0466,universität konstanz,Germany,DE,germany,466.0,25.7,18.3,10.5,37.8,18.3,14.5,85.9,13.1,63.1,True,,,,,,,,,,,False,,,,,,,,,,,False,germany,DEU,Germany,Federal Republic of Germany,DE,Europe & Central Asia,High income: OECD,True
U0467,universitat ramon llull,Spain,ES,spain,466.0,25.7,11.0,52.0,8.7,8.1,43.1,93.6,71.7,20.1,True,,39.4,20.7,18.2,70.3,32.1,72.6,22.6,20.0,51.0,True,501.0,40.65,19.5,17.0,83.6,40.0,66.5,22.2,19.0,52.0,True,spain,ESP,Spain,Kingdom of Spain,ES,Europe & Central Asia,High income: OECD,True
U0468,university at buffalo suny,United States,US,united states,466.0,25.7,18.0,10.7,8.8,33.6,36.9,20.1,33.3,82.5,True,,,,,,,,,,,False,,,,,,,,,,,False,united states,USA,United States,United States of America,US,North America,High income: OECD,True
U0469,washington state university,United States,US,united states,466.0,25.7,23.3,20.0,15.5,33.5,5.0,47.1,8.6,29.6,True,,52.05,36.9,34.5,74.8,82.9,60.3,18.8,6.0,55.0,True,351.0,45.95,33.4,32.7,69.6,50.8,50.1,19.5,7.0,54.0,True,united states,USA,United States,United States of America,US,North America,High income: OECD,True
U0470,iowa state university,United States,US,united states,470.0,25.6,20.7,12.0,9.1,47.9,12.5,7.5,32.9,31.3,True,,50.05,39.5,34.5,69.3,84.8,46.0,17.1,8.0,46.0,True,401.0,43.5,35.5,36.9,56.5,51.0,39.5,16.7,10.0,44.0,True,united states,USA,United States,United States of America,US,North America,High income: OECD,True
U0471,ben-gurion university of the negev,Israel,IL,israel,471.0,25.5,14.4,14.5,11.1,51.7,14.3,64.0,16.3,11.8,True,,43.6,34.1,30.6,59.0,71.6,34.5,21.3,2.0,52.0,True,601.0,36.6,30.3,31.1,43.4,42.8,37.0,20.4,2.0,52.0,True,israel,ISR,Israel,State of Israel,IL,Middle East & North Africa,High income: OECD,True
U0472,"essex, university of",United Kingdom,GB,united kingdom,472.0,25.3,15.5,5.2,12.7,22.6,98.6,99.8,14.0,13.2,True,,,,,,,,,,,False,,,,,,,,,,,False,united kingdom,GBR,United Kingdom,United Kingdom of Great Britain and Northern Ireland,GB,Europe & Central Asia,High income: OECD,True
U0473,johannes kepler university linz,Austria,AT,austria,472.0,25.3,12.8,12.3,75.9,14.3,33.5,83.5,12.2,13.2,True,,,,,,,,,,,False,,,,,,,,,,,False,austria,AUT,Austria,Republic of Austria,AT,Europe & Central Asia,High income: OECD,True
U0474,bangor university,United Kingdom,GB,united kingdom,474.0,25.2,8.6,5.8,12.1,43.0,52.3,40.7,8.1,82.9,True,,47.2,27.6,25.3,72.7,64.3,88.2,14.8,23.0,61.0,True,401.0,43.5,28.3,24.7,72.6,37.4,84.3,15.7,26.0,61.0,True,united kingdom,GBR,United Kingdom,United Kingdom of Great Britain and Northern Ireland,GB,Europe & Central Asia,High income: OECD,True
U0475,hiroshima university,Japan,JP,japan,474.0,25.2,24.1,12.3,75.9,8.9,12.9,13.2,6.9,50.8,True,,39.4,39.6,26.4,44.7,68.5,51.5,7.6,10.0,38.0,True,801.0,31.85,32.5,23.5,29.7,49.6,38.6,8.1,9.0,37.0,True,japan,JPN,Japan,Japan,JP,East Asia & Pacific,High income: OECD,True
U0476,universität potsdam,Germany,DE,germany,474.0,25.2,15.8,3.4,18.6,36.5,21.2,51.8,1.3,67.1,True,,,,,,,,,,,False,,,,,,,,,,,False,germany,DEU,Germany,Federal Republic of Germany,DE,Europe & Central Asia,High income: OECD,True
U0477,university of sharjah,United Arab Emirates,AE,united arab emirates,434.0,27.5,18.1,17.3,6.0,22.0,100.0,100.0,11.2,11.8,True,,50.05,20.7,25.7,93.8,29.0,98.8,18.9,51.0,67.0,True,251.0,50.0,20.5,21.3,96.8,41.4,99.3,19.2,55.0,67.0,True,united arab emirates,ARE,United Arab Emirates,United Arab Emirates,AE,Middle East & North Africa,High income: nonOECD,True
U0478,bilkent university,Turkey,TR,turkey,477.0,25.1,24.0,52.1,13.3,15.2,3.7,61.4,19.3,10.6,True,,39.4,27.8,26.0,48.8,91.4,70.0,14.8,8.0,46.0,True,801.0,31.85,23.4,24.2,43.5,55.3,63.7,14.2,8.0,46.0,True,turkey,TUR,Turkey,Republic of Turkey,TR,Europe & Central Asia,Upper middle income,True
U0479,indian institute of technology indore (iit indore),India,IN,india,477.0,25.1,6.1,5.0,27.1,95.6,1.1,2.1,2.2,4.2,True,,,,,,,,,,,False,,,,,,,,,,,False,india,IND,India,Republic of India,IN,South Asia,Lower middle income,True
U0480,royal holloway university of london,United Kingdom,GB,united kingdom,477.0,25.1,14.9,5.7,13.0,27.2,86.9,94.1,7.2,19.7,True,,,,,,,,,,,False,,,,,,,,,,,False,united kingdom,GBR,United Kingdom,United Kingdom of Great Britain and Northern Ireland,GB,Europe & Central Asia,High income: OECD,True
U0481,aix-marseille university,France,FR,france,481.0,25.0,36.9,6.5,7.9,21.7,18.2,17.5,15.2,25.5,True,,50.05,43.0,27.2,71.9,63.2,76.3,17.3,14.0,60.0,True,301.0,47.85,40.5,24.9,72.3,41.5,63.2,17.4,13.0,60.0,True,france,FRA,France,French Republic,FR,Europe & Central Asia,High income: OECD,True
U0482,pontificia universidad católica argentina,Argentina,AR,argentina,481.0,25.0,19.9,29.4,99.9,1.1,6.7,1.9,85.7,1.0,True,,,,,,,,,,,False,,,,,,,,,,,False,argentina,ARG,Argentina,Argentine Republic,AR,Latin America & Caribbean,Upper middle income,True
U0483,"the university of tennessee, knoxville",United States,US,united states,481.0,25.0,10.1,8.2,9.5,76.3,2.4,4.9,11.0,15.0,True,,,,,,,,,,,False,,,,,,,,,,,False,united states,USA,United States,United States of America,US,North America,High income: OECD,True
U0484,china agricultural university,China (Mainland),CN,china,484.0,24.9,8.4,2.6,18.9,88.8,1.5,3.2,4.5,5.8,True,,,,,,,,,,,False,,,,,,,,,,,False,china,CHN,China,People's Republic of China,CN,East Asia & Pacific,Upper middle income,True
U0485,american university of ras al khaimah ( aurak ),United Arab Emirates,AE,united arab emirates,485.0,24.8,4.6,3.3,35.5,46.8,100.0,100.0,4.1,1.1,True,,,,,,,,,,,False,,,,,,,,,,,False,united arab emirates,ARE,United Arab Emirates,United Arab Emirates,AE,Middle East & North Africa,High income: nonOECD,True
U0486,national sun yat-sen university,Taiwan,TW,taiwan,485.0,24.8,26.5,24.9,32.0,22.1,10.8,22.7,11.4,48.9,True,,39.4,28.2,33.7,43.8,79.1,47.2,12.6,9.0,42.0,True,801.0,31.85,25.1,33.2,27.1,54.8,44.3,12.3,8.0,40.0,True,taiwan,,,,,,,False
U0487,universität mannheim,Germany,DE,germany,487.0,24.7,15.3,53.9,3.0,31.0,22.7,42.4,34.9,1.5,True,,,,,,,,,,,False,,,,,,,,,,,False,germany,DEU,Germany,Federal Republic of Germany,DE,Europe & Central Asia,High income: OECD,True
U0488,university of hawai?i at manoa,United States,US,united states,488.0,24.6,15.2,6.6,29.7,41.7,12.0,41.7,7.9,30.1,True,,,,,,,,,,,False,,,,,,,,,,,False,united states,USA,United States,United States of America,US,North America,High income: OECD,True
U0489,chongqing university,China (Mainland),CN,china,489.0,24.5,7.6,4.6,12.1,81.4,2.1,21.3,13.6,4.1,True,,50.05,32.8,38.2,75.9,79.6,42.0,20.1,2.0,53.0,True,601.0,36.6,27.8,33.2,52.8,85.2,24.8,19.9,3.0,53.0,True,china,CHN,China,People's Republic of China,CN,East Asia & Pacific,Upper middle income,True
U0490,chung-ang university (cau),South Korea,KR,south korea,489.0,24.5,16.0,31.9,67.8,9.3,37.8,14.2,13.5,49.5,True,,,,,,,,,,,False,,,,,,,,,,,False,korea,KOR,Korea,Republic of Korea,KR,East Asia & Pacific,High income: OECD,True
U0491,isfahan university of technology,"Iran, Islamic Republic of",IR,"iran, islamic republic of",489.0,24.5,4.9,15.7,5.1,92.2,1.4,2.3,5.6,1.1,True,,39.4,21.5,26.5,62.0,75.2,33.0,22.7,1.0,40.0,True,1001.0,27.05,21.2,22.8,40.3,71.2,27.8,23.5,1.0,40.0,True,iran,IRN,Iran,Islamic Republic of Iran,IR,Middle East & North Africa,Upper middle income,True
U0492,shanghai university,China (Mainland),CN,china,489.0,24.5,20.3,13.1,50.8,30.5,5.3,40.9,8.9,10.5,True,,43.6,31.8,38.0,62.7,71.3,42.9,13.0,6.0,51.0,True,601.0,36.6,24.7,33.1,41.4,75.3,35.3,13.1,7.0,50.0,True,china,CHN,China,People's Republic of China,CN,East Asia & Pacific,Upper middle income,True
U0493,unesp,Brazil,BR,brazil,489.0,24.5,41.1,25.8,13.0,16.2,2.7,5.9,1.5,14.5,True,,,,,,,,,,,False,,,,,,,,,,,False,brazil,BRA,Brazil,Federative Republic of Brazil,BR,Latin America & Caribbean,Upper middle income,True
U0494,university of jyväskylä,Finland,FI,finland,489.0,24.5,16.2,11.4,87.7,12.1,2.6,44.0,10.4,16.3,True,,47.2,31.4,34.1,78.2,53.0,49.7,13.8,3.0,62.0,True,401.0,43.5,28.5,33.3,68.0,38.2,51.2,14.4,3.0,62.0,True,finland,FIN,Finland,Republic of Finland,FI,Europe & Central Asia,High income: OECD,True
U0495,central queensland university (cquniversity australia),Australia,AU,australia,495.0,24.4,9.0,6.7,29.4,20.9,97.8,97.1,3.1,49.8,True,,,,,,,,,,,False,,,,,,,,,,,False,australia,AUS,Australia,Commonwealth of Australia,AU,East Asia & Pacific,High income: OECD,True
U0496,duy tan university,Vietnam,VN,vietnam,495.0,24.4,11.9,25.3,3.9,49.0,1.4,37.7,4.4,29.0,True,,39.4,12.1,14.2,87.5,17.4,52.5,24.3,0.0,57.0,True,401.0,43.5,14.4,12.6,100.0,37.7,48.6,21.9,0.0,62.0,True,vietnam,VNM,Vietnam,Socialist Republic of Vietnam,VN,East Asia & Pacific,Lower middle income,True
U0497,jilin university,China (Mainland),CN,china,497.0,24.2,12.1,46.1,37.4,27.4,2.1,11.6,23.2,9.1,True,,,,,,,,,,,False,,,,,,,,,,,False,china,CHN,China,People's Republic of China,CN,East Asia & Pacific,Upper middle income,True
U0498,national research nuclear university mephi (moscow engineering physics institute),Russia,RU,russia,497.0,24.2,9.2,11.8,98.9,8.1,89.5,45.8,14.6,1.1,True,,,,,,,,,,,False,,,,,,,,,,,False,russia,RUS,Russia,Russian Federation,RU,Europe & Central Asia,High income: nonOECD,True
U0499,universidad de costa rica,Costa Rica,CR,costa rica,497.0,24.2,35.4,24.3,32.3,1.6,2.0,2.4,81.6,16.9,True,,,,,,,,,,,False,,,,,,,,,,,False,costa rica,CRI,Costa Rica,Republic of Costa Rica,CR,Latin America & Caribbean,Upper middle income,True
U0500,"university of california, riverside",United States,US,united states,497.0,24.2,16.3,9.4,6.6,50.9,10.4,47.9,3.7,21.3,True,,54.45,35.9,35.4,85.7,70.6,77.0,19.6,14.0,53.0,True,251.0,50.0,33.0,32.7,81.4,41.7,65.3,18.6,14.0,53.0,True,united states,USA,United States,United States of America,US,North America,High income: OECD,True
U0501,khalifa university of science and technology,United Arab Emirates,AE,united arab emirates,202.0,46.1,22.7,21.0,80.0,60.7,78.9,100.0,9.3,61.6,True,,,,,,,,,,,False,,,,,,,,,,,False,united arab emirates,ARE,United Arab Emirates,United Arab Emirates,AE,Middle East & North Africa,High income: nonOECD,True
U0502,colorado school of mines,United States,US,united states,501.0,24.1,6.8,12.5,15.8,72.0,7.4,29.7,17.7,18.0,True,,,,,,,,,,,False,401.0,43.5,34.0,30.3,63.0,46.2,37.1,17.6,9.0,31.0,True,united states,USA,United States,United States of America,US,North America,High income: OECD,True
U0503,east china normal university,China (Mainland),CN,china,501.0,24.1,13.3,4.7,16.2,63.5,9.0,24.1,9.0,6.8,True,,52.05,42.7,35.1,76.3,66.3,56.4,14.1,8.0,64.0,True,351.0,45.95,37.5,32.6,62.0,54.4,54.7,14.7,11.0,64.0,True,china,CHN,China,People's Republic of China,CN,East Asia & Pacific,Upper middle income,True
U0504,johannes gutenberg universität mainz,Germany,DE,germany,501.0,24.1,22.3,11.4,57.8,11.5,15.5,42.0,11.4,16.3,True,,,,,,,,,,,False,,,,,,,,,,,False,germany,DEU,Germany,Federal Republic of Germany,DE,Europe & Central Asia,High income: OECD,True
U0505,university of huddersfield,United Kingdom,GB,united kingdom,501.0,24.1,12.7,12.4,7.5,19.4,85.6,63.7,1.3,72.3,True,,43.6,28.3,25.0,66.3,44.4,88.4,19.8,26.0,58.0,True,601.0,36.6,23.2,23.7,49.8,39.7,82.8,19.9,26.0,58.0,True,united kingdom,GBR,United Kingdom,United Kingdom of Great Britain and Northern Ireland,GB,Europe & Central Asia,High income: OECD,True
U0506,university of delaware,United States,US,united states,506.0,24.0,9.4,7.9,6.6,53.9,12.6,30.0,16.9,65.3,True,,47.2,32.7,31.8,72.5,80.9,62.3,16.1,11.0,57.0,True,351.0,45.95,28.8,39.0,64.9,91.4,51.5,16.3,12.0,57.0,True,united states,USA,United States,United States of America,US,North America,High income: OECD,True
U0507,university of trento,Italy,IT,italy,506.0,24.0,24.9,10.5,22.0,32.7,6.1,29.6,4.4,19.0,True,,50.05,29.3,34.8,80.5,65.2,61.1,18.4,7.0,51.0,True,401.0,43.5,27.0,32.3,66.5,41.1,56.9,19.2,8.0,52.0,True,italy,ITA,Italy,Italian Republic,IT,Europe & Central Asia,High income: OECD,True
U0508,aristotle university of thessaloniki,Greece,GR,greece,508.0,23.9,28.2,26.1,4.3,15.8,4.1,1.7,38.3,44.3,True,,34.8,22.3,16.8,66.3,52.7,38.1,18.2,5.0,58.0,True,801.0,31.85,19.0,16.2,56.9,41.4,40.4,19.7,5.0,58.0,True,greece,GRC,Greece,Hellenic Republic,GR,Europe & Central Asia,High income: OECD,True
U0509,shenzhen university,China (Mainland),CN,china,508.0,23.9,7.7,3.2,42.1,64.5,1.4,11.0,15.8,7.4,True,,50.05,27.8,34.3,85.3,57.9,42.4,14.0,1.0,49.0,True,401.0,43.5,23.0,27.9,86.0,50.5,34.5,14.1,1.0,46.0,True,china,CHN,China,People's Republic of China,CN,East Asia & Pacific,Upper middle income,True
U0510,soas university of london,United Kingdom,GB,united kingdom,508.0,23.9,17.1,9.4,14.8,15.1,98.7,100.0,22.4,39.1,True,,47.2,42.5,36.1,60.2,15.6,80.4,14.9,45.0,65.0,True,501.0,40.65,33.9,38.5,42.4,37.0,81.4,12.8,53.0,67.0,True,united kingdom,GBR,United Kingdom,United Kingdom of Great Britain and Northern Ireland,GB,Europe & Central Asia,High income: OECD,True
U0511,ewha womans university,South Korea,KR,south korea,511.0,23.8,22.1,21.2,76.3,6.9,24.4,7.0,23.0,34.2,True,,39.4,37.6,35.3,44.5,82.8,49.6,16.7,15.0,100.0,True,801.0,31.85,32.3,33.1,26.2,70.4,44.3,17.5,13.0,100.0,True,korea,KOR,Korea,Republic of Korea,KR,East Asia & Pacific,High income: OECD,True
U0512,zhengzhou university,China (Mainland),CN,china,511.0,23.8,5.4,22.0,4.9,80.3,2.4,,5.7,2.4,True,,39.4,18.7,19.8,82.5,35.8,25.2,15.6,4.0,48.0,True,601.0,36.6,17.8,15.4,71.8,38.3,22.2,17.5,3.0,49.0,True,china,CHN,China,People's Republic of China,CN,East Asia & Pacific,Upper middle income,True
U0513,imam abdulrahman bin faisal university (iau) (formerly university of dammam),Saudi Arabia,SA,saudi arabia,513.0,23.7,10.5,11.4,89.5,2.6,19.7,98.2,2.4,18.4,True,,,,,,,,,,,False,,,,,,,,,,,False,saudi arabia,SAU,Saudi Arabia,Kingdom of Saudi Arabia,SA,Middle East & North Africa,High income: nonOECD,True
U0514,prince mohammad bin fahd university,Saudi Arabia,SA,saudi arabia,513.0,23.7,20.3,23.0,23.1,27.8,18.8,100.0,2.8,1.2,True,,,,,,,,11.7,17.0,55.0,True,,,,,,,,,,,False,saudi arabia,SAU,Saudi Arabia,Kingdom of Saudi Arabia,SA,Middle East & North Africa,High income: nonOECD,True
U0515,university of milano-bicocca,Italy,IT,italy,513.0,23.7,20.4,10.9,3.3,54.1,4.3,3.5,11.5,14.8,True,,,,,,,,,,,False,,,,,,,,,,,False,italy,ITA,Italy,Italian Republic,IT,Europe & Central Asia,High income: OECD,True
U0516,ateneo de manila university,Philippines,PH,philippines,516.0,23.6,21.4,64.5,24.4,1.8,2.5,2.9,70.6,15.6,True,,30.450000000000003,30.8,10.8,52.4,27.6,33.5,11.1,1.0,52.0,True,351.0,45.95,32.4,9.5,97.0,37.6,31.8,10.0,4.0,51.0,True,philippines,PHL,Philippines,Republic of the Philippines,PH,East Asia & Pacific,Lower middle income,True
U0517,edith cowan university,Australia,AU,australia,516.0,23.6,8.5,6.8,4.8,49.8,57.7,78.5,4.7,5.8,True,,50.05,23.7,26.2,86.9,69.2,87.6,29.8,24.0,62.0,True,351.0,45.95,20.1,25.3,80.4,40.7,87.4,30.4,28.0,60.0,True,australia,AUS,Australia,Commonwealth of Australia,AU,East Asia & Pacific,High income: OECD,True
U0518,inti international university,Malaysia,MY,malaysia,516.0,23.6,7.7,19.9,89.1,1.7,92.9,95.4,4.4,1.1,True,,,,,,,,,,,False,,,,,,,,,,,False,malaysia,MYS,Malaysia,Malaysia,MY,East Asia & Pacific,Upper middle income,True
U0519,kyungpook national university,South Korea,KR,south korea,516.0,23.6,11.1,16.7,66.9,20.5,25.7,11.1,10.6,60.6,True,,43.6,33.2,38.1,51.5,96.2,50.2,20.1,14.0,45.0,True,801.0,31.85,29.2,35.6,27.5,88.0,44.2,20.2,13.0,47.0,True,korea,KOR,Korea,Republic of Korea,KR,East Asia & Pacific,High income: OECD,True
U0520,sabanci university,Turkey,TR,turkey,516.0,23.6,19.5,44.6,38.2,19.4,14.2,32.0,7.2,7.9,True,,,,,,,,,,,False,,,,,,,,,,,False,turkey,TUR,Turkey,Republic of Turkey,TR,Europe & Central Asia,Upper middle income,True
U0521,university of hull,United Kingdom,GB,united kingdom,516.0,23.6,8.9,4.5,14.3,21.5,81.5,63.3,20.5,68.0,True,,47.2,27.4,24.3,74.3,59.8,85.4,18.0,21.0,56.0,True,501.0,40.65,25.3,24.6,62.1,38.2,77.6,17.2,19.0,55.0,True,united kingdom,GBR,United Kingdom,United Kingdom of Great Britain and Northern Ireland,GB,Europe & Central Asia,High income: OECD,True
U0522,ural federal university - urfu,Russia,RU,russia,516.0,23.6,19.6,14.2,95.5,2.1,25.3,5.4,1.9,12.7,True,,,,,,,,,,,False,,,,,,,,,,,False,russia,RUS,Russia,Russian Federation,RU,Europe & Central Asia,High income: nonOECD,True
U0523,zayed university,United Arab Emirates,AE,united arab emirates,,,17.6,18.4,24.3,8.6,1.9,100.0,20.9,2.9,True,,47.2,28.3,25.4,85.7,35.0,74.5,14.4,2.0,87.0,True,501.0,40.65,17.7,16.0,79.1,37.6,74.5,14.1,2.0,88.0,True,united arab emirates,ARE,United Arab Emirates,United Arab Emirates,AE,Middle East & North Africa,High income: nonOECD,True
U0524,pusan national university,South Korea,KR,south korea,524.0,23.4,18.7,16.5,43.5,19.5,13.7,10.5,13.8,65.0,True,,43.6,39.2,39.1,45.1,86.6,37.8,16.9,10.0,55.0,True,1001.0,27.05,30.7,32.5,21.6,50.8,28.5,17.0,6.0,51.0,True,korea,KOR,Korea,Republic of Korea,KR,East Asia & Pacific,High income: OECD,True
U0525,universidad austral,Argentina,AR,argentina,524.0,23.4,20.9,36.2,79.7,1.9,7.5,2.7,65.9,1.3,True,,,,,,,,,,,False,,,,,,,,,,,False,argentina,ARG,Argentina,Argentine Republic,AR,Latin America & Caribbean,Upper middle income,True
U0526,universität jena,Germany,DE,germany,526.0,23.3,17.2,5.7,99.9,8.8,20.2,,3.9,13.1,True,,,,,,,,,,,False,,,,,,,,,,,False,germany,DEU,Germany,Federal Republic of Germany,DE,Europe & Central Asia,High income: OECD,True
U0527,missouri university of science and technology,United States,US,united states,527.0,23.2,4.0,6.1,5.7,86.2,12.8,35.2,4.8,1.7,True,,47.2,33.2,28.7,69.6,88.1,72.4,21.6,9.0,24.0,True,501.0,40.65,29.0,26.7,61.3,58.7,62.9,22.3,9.0,23.0,True,united states,USA,United States,United States of America,US,North America,High income: OECD,True
U0528,universität leipzig,Germany,DE,germany,527.0,23.2,23.5,9.7,74.8,8.4,14.2,,10.5,21.3,True,,,,,,,,,,,False,,,,,,,,,,,False,germany,DEU,Germany,Federal Republic of Germany,DE,Europe & Central Asia,High income: OECD,True
U0529,university of bayreuth,Germany,DE,germany,527.0,23.2,10.2,15.7,50.3,25.8,21.2,54.8,9.0,11.3,True,,50.05,38.0,40.8,65.0,83.4,67.7,24.5,14.0,46.0,True,401.0,43.5,36.4,39.4,55.0,53.3,58.3,26.6,12.0,47.0,True,germany,DEU,Germany,Federal Republic of Germany,DE,Europe & Central Asia,High income: OECD,True
U0530,warsaw university of technology,Poland,PL,poland,527.0,23.2,23.3,51.9,42.6,4.7,10.3,2.4,9.8,1.4,True,,25.5,22.0,19.6,33.3,53.5,31.7,17.1,7.0,32.0,True,1201.0,21.35,18.4,17.6,15.8,41.0,28.6,18.9,7.0,34.0,True,poland,POL,Poland,Republic of Poland,PL,Europe & Central Asia,High income: OECD,True
U0531,coventry university,United Kingdom,GB,united kingdom,526.0,23.3,9.9,10.4,16.9,7.1,99.9,77.0,10.0,64.4,True,,39.4,20.9,14.9,69.6,26.8,95.6,14.9,48.0,48.0,True,801.0,31.85,18.8,14.4,52.4,37.1,94.0,16.1,47.0,48.0,True,united kingdom,GBR,United Kingdom,United Kingdom of Great Britain and Northern Ireland,GB,Europe & Central Asia,High income: OECD,True
U0532,indian institute of technology (bhu) varanasi,India,IN,india,531.0,23.1,5.5,5.9,3.9,95.0,1.1,1.4,6.5,10.1,True,,,,,,,,,,,False,,,,,,,,,,,False,india,IND,India,Republic of India,IN,South Asia,Lower middle income,True
U0533,university of bradford,United Kingdom,GB,united kingdom,531.0,23.1,9.1,7.1,6.8,21.7,97.6,68.5,34.3,40.7,True,,43.6,23.3,22.4,73.8,58.1,90.1,19.5,31.0,57.0,True,501.0,40.65,22.0,22.7,62.5,39.7,84.2,19.1,30.0,57.0,True,united kingdom,GBR,United Kingdom,United Kingdom of Great Britain and Northern Ireland,GB,Europe & Central Asia,High income: OECD,True
U0534,university of utah,United States,US,united states,531.0,23.1,15.7,6.3,50.0,30.5,10.3,15.5,17.4,24.5,True,,57.25,43.5,38.5,87.0,83.5,40.9,13.3,8.0,50.0,True,251.0,50.0,39.9,34.9,81.7,57.5,33.9,13.6,8.0,48.0,True,united states,USA,United States,United States of America,US,North America,High income: OECD,True
U0535,universidad nacional de la plata (unlp),Argentina,AR,argentina,534.0,23.0,40.8,19.2,28.4,1.9,22.6,5.3,27.3,2.2,True,,,,,,,,,,,False,,,,,,,,,,,False,argentina,ARG,Argentina,Argentine Republic,AR,Latin America & Caribbean,Upper middle income,True
U0536,lahore university of management sciences (lums),Pakistan,PK,pakistan,535.0,22.9,17.2,73.2,27.1,7.4,1.8,12.2,37.0,1.1,True,,,,,,,,,,,False,,,,,,,,,,,False,pakistan,PAK,Pakistan,Islamic Republic of Pakistan,PK,South Asia,Lower middle income,True
U0537,northumbria university at newcastle,United Kingdom,GB,united kingdom,535.0,22.9,10.9,10.8,11.8,15.8,56.2,70.7,14.0,75.3,True,,,,,,,,,,,False,,,,,,,,,,,False,united kingdom,GBR,United Kingdom,United Kingdom of Great Britain and Northern Ireland,GB,Europe & Central Asia,High income: OECD,True
U0538,university of bordeaux,France,FR,france,535.0,22.9,31.3,5.5,11.5,17.6,23.3,27.1,16.7,20.1,True,,50.05,37.2,29.9,72.5,66.7,66.6,21.7,14.0,60.0,True,301.0,47.85,31.6,27.8,79.5,39.5,59.9,22.4,13.0,59.0,True,france,FRA,France,French Republic,FR,Europe & Central Asia,High income: OECD,True
U0539,university of eastern finland,Finland,FI,finland,535.0,22.9,13.8,7.6,43.7,18.4,5.2,37.4,4.2,78.6,True,,43.6,28.9,31.2,69.7,67.4,48.5,18.5,5.0,67.0,True,601.0,36.6,24.8,29.1,58.3,40.0,50.5,18.2,5.0,66.0,True,finland,FIN,Finland,Republic of Finland,FI,Europe & Central Asia,High income: OECD,True
U0540,applied science university - bahrain,Bahrain,BH,bahrain,539.0,22.8,23.5,25.0,39.3,2.0,46.8,100.0,11.3,1.7,True,,,,,,,,,,,False,,,,,,,,,,,False,bahrain,BHR,Bahrain,Kingdom of Bahrain,BH,Middle East & North Africa,High income: nonOECD,True
U0541,hitotsubashi university,Japan,JP,japan,539.0,22.8,14.4,73.0,30.8,2.1,20.0,19.8,51.9,1.1,True,,,,,,,,16.0,13.0,33.0,True,,,,,,,,17.0,15.0,32.0,True,japan,JPN,Japan,Japan,JP,East Asia & Pacific,High income: OECD,True
U0542,sunway university,Malaysia,MY,malaysia,539.0,22.8,13.0,39.2,44.0,10.3,33.2,35.9,3.9,27.3,True,,39.4,24.7,14.6,71.7,17.2,78.3,8.1,14.0,52.0,True,801.0,31.85,20.4,12.0,58.0,37.6,73.2,8.6,15.0,53.0,True,malaysia,MYS,Malaysia,Malaysia,MY,East Asia & Pacific,Upper middle income,True
U0543,université de fribourg,Switzerland,CH,switzerland,539.0,22.8,10.3,3.0,7.5,25.4,38.3,99.9,40.6,51.8,True,,,,,,,,,,,False,,,,,,,,,,,False,switzerland,CHE,Switzerland,Switzerland,CH,Europe & Central Asia,High income: OECD,True
U0544,university of salamanca,Spain,ES,spain,539.0,22.8,26.9,14.6,26.0,6.2,14.9,6.9,23.4,69.5,True,,34.8,32.0,21.8,50.4,39.9,53.6,14.7,13.0,61.0,True,801.0,31.85,26.9,20.8,38.4,39.4,55.5,16.9,18.0,62.0,True,spain,ESP,Spain,Kingdom of Spain,ES,Europe & Central Asia,High income: OECD,True
U0545,universidad de zaragoza,Spain,ES,spain,544.0,22.7,21.3,5.1,56.1,7.0,9.0,4.5,10.7,77.1,True,,,,,,,,,,,False,,,,,,,,,,,False,spain,ESP,Spain,Kingdom of Spain,ES,Europe & Central Asia,High income: OECD,True
U0546,universidad pontificia comillas,Spain,ES,spain,544.0,22.7,8.3,71.6,38.3,2.2,5.0,18.7,85.4,7.1,True,,,,,,,,,,,False,,,,,,,,,,,False,spain,ESP,Spain,Kingdom of Spain,ES,Europe & Central Asia,High income: OECD,True
U0547,northwestern polytechnical university,China (Mainland),CN,china,547.0,22.6,5.8,3.2,44.8,63.8,5.2,16.7,6.6,2.4,True,,52.05,37.4,40.6,74.7,86.7,48.4,14.5,4.0,25.0,True,501.0,40.65,30.2,37.7,54.8,69.5,40.1,13.9,4.0,28.0,True,china,CHN,China,People's Republic of China,CN,East Asia & Pacific,Upper middle income,True
U0548,tashkent institute of irrigation and agricultural mechanization engineers - national research university (tiiame-nru),Uzbekistan,UZ,uzbekistan,547.0,22.6,30.6,19.9,79.0,2.2,4.1,26.3,15.1,9.5,True,,,,,,,,,,,False,,,,,,,,,,,False,uzbekistan,UZB,Uzbekistan,Republic of Uzbekistan,UZ,Europe & Central Asia,Lower middle income,True
U0549,university of genoa,Italy,IT,italy,547.0,22.6,18.8,4.9,12.7,43.7,9.2,5.4,10.5,39.5,True,,47.2,36.1,28.3,78.0,73.4,47.3,16.5,7.0,58.0,True,401.0,43.5,36.4,28.3,66.5,48.3,43.9,23.7,8.0,57.0,True,italy,ITA,Italy,Italian Republic,IT,Europe & Central Asia,High income: OECD,True
U0550,university of iceland,Iceland,IS,iceland,547.0,22.6,6.8,2.5,99.9,6.7,10.3,25.7,83.2,5.9,True,,43.6,23.4,34.0,70.6,75.6,55.8,17.0,12.0,68.0,True,501.0,40.65,18.7,32.0,66.3,63.1,61.6,17.9,10.0,68.0,True,iceland,ISL,Iceland,Republic of Iceland,IS,Europe & Central Asia,High income: OECD,True
U0551,university of windsor,Canada,CA,canada,547.0,22.6,3.9,3.9,2.2,36.2,83.8,88.7,25.8,38.5,True,,43.6,28.7,29.8,56.7,60.7,90.8,34.1,35.0,53.0,True,,36.6,35.1,29.4,34.5,44.2,88.7,16.6,5.0,53.0,True,canada,CAN,Canada,Canada,CA,North America,High income: OECD,True
U0552,united arab emirates university,United Arab Emirates,AE,united arab emirates,261.0,39.4,30.1,38.3,49.8,16.6,34.2,100.0,82.0,36.6,True,,52.05,27.0,34.5,83.2,77.4,89.1,12.6,18.0,74.0,True,251.0,50.0,24.7,29.8,82.3,72.5,88.8,10.9,17.0,80.0,True,united arab emirates,ARE,United Arab Emirates,United Arab Emirates,AE,Middle East & North Africa,High income: nonOECD,True
U0553,university of tabriz,"Iran, Islamic Republic of",IR,"iran, islamic republic of",552.0,22.5,5.9,5.0,3.4,81.7,6.8,1.5,5.3,1.2,True,,43.6,26.7,23.4,80.1,43.1,40.8,26.7,4.0,52.0,True,,36.6,23.4,21.4,68.9,41.0,36.7,16.6,5.0,53.0,True,iran,IRN,Iran,Islamic Republic of Iran,IR,Middle East & North Africa,Upper middle income,True
U0554,hasselt university,Belgium,BE,belgium,554.0,22.4,5.8,3.3,82.1,15.4,25.3,74.2,2.4,26.8,True,,50.05,33.5,38.1,69.1,83.9,71.6,30.9,14.0,50.0,True,301.0,47.85,33.4,39.5,63.3,57.3,70.2,31.1,14.0,49.0,True,belgium,BEL,Belgium,Kingdom of Belgium,BE,Europe & Central Asia,High income: OECD,True
U0555,jordan university of science & technology,Jordan,JO,jordan,554.0,22.4,21.0,30.7,18.8,5.6,67.7,38.2,4.3,24.5,True,,,,,,,,,,,False,,,,,,,,,,,False,jordan,JOR,Jordan,Hashemite Kingdom of Jordan,JO,Middle East & North Africa,Upper middle income,True
U0556,universiti utara malaysia (uum),Malaysia,MY,malaysia,554.0,22.4,22.0,25.4,38.8,8.2,79.3,19.4,12.3,5.3,True,,,,,,,,,,,False,,,,,,,,,,,False,malaysia,MYS,Malaysia,Malaysia,MY,East Asia & Pacific,Upper middle income,True
U0557,university of dhaka,Bangladesh,BD,bangladesh,554.0,22.4,23.0,45.6,11.2,2.9,1.0,1.6,93.7,11.8,True,,34.8,17.5,10.0,68.8,18.1,48.5,15.3,3.0,50.0,True,601.0,36.6,15.2,8.6,85.9,37.3,43.1,16.1,3.0,48.0,True,bangladesh,BGD,Bangladesh,People's Republic of Bangladesh,BD,South Asia,Low income,True
U0558,university ulm,Germany,DE,germany,554.0,22.4,7.4,5.5,78.5,31.2,21.0,39.6,2.9,2.1,True,,,,,,,,,,,False,,,,,,,,,,,False,germany,DEU,Germany,Federal Republic of Germany,DE,Europe & Central Asia,High income: OECD,True
U0559,peter the great st. petersburg polytechnic university,Russia,RU,russia,559.0,22.3,16.0,10.9,74.3,2.9,84.0,14.1,4.9,11.2,True,,,,,,,,,,,False,,,,,,,,,,,False,russia,RUS,Russia,Russian Federation,RU,Europe & Central Asia,High income: nonOECD,True
U0560,ulster university,United Kingdom,GB,united kingdom,559.0,22.3,8.1,11.3,9.6,11.5,77.6,99.8,6.8,62.2,True,,39.4,21.3,22.4,62.0,50.1,82.4,20.1,10.0,56.0,True,,36.6,19.9,22.3,50.5,39.0,77.6,16.6,5.0,53.0,True,united kingdom,GBR,United Kingdom,United Kingdom of Great Britain and Northern Ireland,GB,Europe & Central Asia,High income: OECD,True
U0561,umm al-qura university,Saudi Arabia,SA,saudi arabia,559.0,22.3,20.7,12.8,54.7,2.2,16.0,100.0,6.7,3.1,True,,39.4,33.3,14.4,62.2,53.2,73.1,9.6,7.0,53.0,True,,36.6,30.2,13.3,51.7,59.9,82.2,16.6,5.0,53.0,True,saudi arabia,SAU,Saudi Arabia,Kingdom of Saudi Arabia,SA,Middle East & North Africa,High income: nonOECD,True
U0562,université claude bernard lyon 1,France,FR,france,562.0,22.2,18.1,3.7,7.9,48.3,12.0,7.4,12.4,11.0,True,,,,,,,,,,,False,,,,,,,,,,,False,france,FRA,France,French Republic,FR,Europe & Central Asia,High income: OECD,True
U0563,universiti teknologi brunei,Brunei,BN,brunei,562.0,22.2,15.4,6.3,88.5,9.9,5.8,100.0,14.7,1.4,True,,,,,,,,6.7,7.0,45.0,True,,,,,,,,,,,False,brunei,BRN,Brunei,Brunei Darussalam,BN,East Asia & Pacific,High income: nonOECD,True
U0564,eötvös loránd university,Hungary,HU,hungary,564.0,22.1,23.3,22.6,10.7,6.1,11.0,5.2,60.9,61.9,True,,34.8,28.6,19.2,57.3,33.4,51.3,17.8,11.0,61.0,True,601.0,36.6,32.9,18.2,49.6,37.2,52.1,17.5,9.0,62.0,True,hungary,HUN,Hungary,Hungary,HU,Europe & Central Asia,Upper middle income,True
U0565,nanjing university of science and technology,China (Mainland),CN,china,565.0,22.0,5.7,2.5,8.9,89.3,,,3.7,2.3,True,,,,,,,,,,,False,,,,,,,,,,,False,china,CHN,China,People's Republic of China,CN,East Asia & Pacific,Upper middle income,True
U0566,university of connecticut,United States,US,united states,565.0,22.0,14.4,8.1,18.2,29.8,19.4,27.4,23.3,37.6,True,,50.05,41.2,30.2,72.8,68.7,64.6,13.1,11.0,53.0,True,401.0,43.5,39.1,29.3,59.8,40.0,54.8,13.6,12.0,52.0,True,united states,USA,United States,United States of America,US,North America,High income: OECD,True
U0567,chiang mai university,Thailand,TH,thailand,567.0,21.9,34.8,17.1,17.3,4.2,4.2,4.8,19.1,56.1,True,,34.8,28.5,19.1,46.3,58.1,39.5,13.6,4.0,61.0,True,1001.0,27.05,25.2,17.0,30.8,58.2,36.4,14.0,3.0,66.0,True,thailand,THA,Thailand,Kingdom of Thailand,TH,East Asia & Pacific,Upper middle income,True
U0568,lebanese university,Lebanon,LB,lebanon,567.0,21.9,29.0,34.4,10.1,2.2,29.5,43.8,29.9,5.8,True,,34.8,42.8,22.3,23.6,17.7,78.8,14.6,16.0,70.0,True,1001.0,27.05,36.5,20.1,17.3,37.0,78.6,14.8,16.0,70.0,True,lebanon,LBN,Lebanon,Lebanese Republic,LB,Middle East & North Africa,Upper middle income,True
U0569,mgimo university,Russia,RU,russia,567.0,21.9,9.8,25.4,100.0,1.3,41.3,11.3,60.0,1.0,True,,,,,,,,,,,False,,,,,,,,,,,False,russia,RUS,Russia,Russian Federation,RU,Europe & Central Asia,High income: nonOECD,True
U0570,"university of chemistry and technology, prague",Czech Republic,CZ,czech republic,570.0,21.8,5.6,9.3,98.4,13.5,78.4,23.9,4.2,3.4,True,,30.450000000000003,32.8,14.7,29.0,45.7,51.0,8.3,23.0,57.0,True,1201.0,21.35,26.2,13.4,15.8,41.5,51.4,8.0,22.0,58.0,True,czech republic,CZE,Czech Republic,Czech Republic,CZ,Europe & Central Asia,High income: OECD,True
U0571,university of szeged,Hungary,HU,hungary,570.0,21.8,18.5,16.8,37.0,4.8,41.2,11.8,15.0,61.9,True,,30.450000000000003,29.9,15.8,40.5,48.1,57.8,12.3,20.0,56.0,True,1001.0,27.05,23.2,15.5,33.3,39.6,60.8,12.5,22.0,55.0,True,hungary,HUN,Hungary,Hungary,HU,Europe & Central Asia,Upper middle income,True
U0572,university of the punjab,Pakistan,PK,pakistan,570.0,21.8,15.6,52.2,4.5,11.6,1.3,3.2,81.4,4.3,True,,34.8,27.7,14.7,62.4,24.9,46.7,22.0,1.0,52.0,True,801.0,31.85,24.2,14.0,52.1,37.5,39.1,22.4,1.0,52.0,True,pakistan,PAK,Pakistan,Islamic Republic of Pakistan,PK,South Asia,Lower middle income,True
U0573,florida state university,United States,US,united states,573.0,21.6,25.6,18.1,7.2,24.8,4.2,10.0,18.4,26.8,True,,54.45,38.2,38.6,79.4,68.2,58.8,24.6,6.0,58.0,True,301.0,47.85,40.2,37.3,67.5,40.1,47.8,24.0,7.0,57.0,True,united states,USA,United States,United States of America,US,North America,High income: OECD,True
U0574,florida international university,United States,US,united states,574.0,21.5,15.3,22.5,11.8,12.6,12.9,20.3,16.6,81.2,True,,47.2,31.0,29.3,74.2,61.5,51.0,22.4,9.0,60.0,True,501.0,40.65,32.2,27.4,62.7,37.9,41.7,23.3,9.0,57.0,True,united states,USA,United States,United States of America,US,North America,High income: OECD,True
U0575,university of debrecen,Hungary,HU,hungary,574.0,21.5,17.9,13.9,34.0,3.9,70.0,10.6,21.4,39.5,True,,39.4,41.2,22.5,40.7,51.1,59.7,12.0,24.0,56.0,True,1001.0,27.05,34.7,14.3,29.8,41.9,60.1,17.7,22.0,55.0,True,hungary,HUN,Hungary,Hungary,HU,Europe & Central Asia,Upper middle income,True
U0576,national research tomsk polytechnic university,Russia,RU,russia,576.0,21.4,8.9,8.4,95.1,3.7,82.8,10.9,2.0,7.1,True,,,,,,,,,,,False,,,,,,,,,,,False,russia,RUS,Russia,Russian Federation,RU,Europe & Central Asia,High income: nonOECD,True
U0577,sogang university,South Korea,KR,south korea,576.0,21.4,17.5,45.5,56.7,5.1,19.6,7.1,16.0,17.7,True,,34.8,27.2,30.6,39.8,73.3,45.0,23.9,19.0,47.0,True,1001.0,27.05,24.8,25.9,28.4,51.7,39.0,24.0,15.0,46.0,True,korea,KOR,Korea,Republic of Korea,KR,East Asia & Pacific,High income: OECD,True
U0578,southern cross university,Australia,AU,australia,576.0,21.4,4.4,2.8,2.9,46.3,44.8,81.1,4.8,48.2,True,,43.6,23.5,27.7,65.4,52.8,73.7,48.7,23.0,66.0,True,601.0,36.6,18.7,24.9,55.9,47.4,80.7,36.1,28.0,64.0,True,australia,AUS,Australia,Commonwealth of Australia,AU,East Asia & Pacific,High income: OECD,True
U0579,universidad adolfo ibáñez,Chile,CL,chile,576.0,21.4,20.6,57.0,4.7,4.6,3.9,36.9,53.3,2.0,True,,,,,,,,,,,False,,,,,,,,,,,False,chile,CHL,Chile,Republic of Chile,CL,Latin America & Caribbean,High income: OECD,True
U0580,jawaharlal nehru university,India,IN,india,580.0,21.3,31.0,14.4,10.0,28.9,1.3,,14.7,19.7,True,,39.4,41.9,24.3,51.8,33.9,23.7,16.1,1.0,45.0,True,601.0,36.6,44.1,23.5,38.3,37.9,19.5,14.2,2.0,46.0,True,india,IND,India,Republic of India,IN,South Asia,Lower middle income,True
U0581,jinan university (china),China (Mainland),CN,china,580.0,21.3,5.2,2.7,8.9,52.7,83.1,34.0,6.5,3.1,True,,,,,,,,,,,False,,,,,,,,,,,False,china,CHN,China,People's Republic of China,CN,East Asia & Pacific,Upper middle income,True
U0582,management and science university,Malaysia,MY,malaysia,580.0,21.3,15.1,18.1,40.2,1.8,99.4,97.3,4.2,1.2,True,,,,,,,,,,,False,,,,,,,,,,,False,malaysia,MYS,Malaysia,Malaysia,MY,East Asia & Pacific,Upper middle income,True
U0583,politecnico di bari,Italy,IT,italy,580.0,21.3,6.9,4.8,11.3,76.5,7.2,4.6,3.5,1.3,True,,,,,,,,,,,False,,,,,,,,,,,False,italy,ITA,Italy,Italian Republic,IT,Europe & Central Asia,High income: OECD,True
U0584,université paul sabatier toulouse iii,France,FR,france,580.0,21.3,17.7,3.4,38.5,28.0,21.5,5.1,6.0,10.3,True,,,,,,,,,,,False,,,,,,,,,,,False,france,FRA,France,French Republic,FR,Europe & Central Asia,High income: OECD,True
U0585,institut teknologi sepuluh nopember (its surabaya),Indonesia,ID,indonesia,585.0,21.2,17.3,48.9,47.8,1.6,5.3,47.5,13.0,16.1,True,,,,,,,,,,,False,,,,,,,,,,,False,indonesia,IDN,Indonesia,Republic of Indonesia,ID,East Asia & Pacific,Lower middle income,True
U0586,singapore management university,Singapore,SG,singapore,585.0,21.2,12.3,14.2,10.2,18.8,58.9,100.0,27.1,26.3,True,,,,,,,,,,,False,,,,,,,,,,,False,singapore,SGP,Singapore,Republic of Singapore,SG,East Asia & Pacific,High income: nonOECD,True
U0587,bond university,Australia,AU,australia,587.0,21.1,4.3,4.6,47.8,28.8,86.6,70.4,8.4,1.0,True,,47.2,28.2,23.1,82.5,23.1,82.3,11.2,34.0,54.0,True,251.0,50.0,21.6,21.8,99.9,38.3,81.8,10.9,39.0,54.0,True,australia,AUS,Australia,Commonwealth of Australia,AU,East Asia & Pacific,High income: OECD,True
U0588,shoolini university of biotechnology and management sciences,India,IN,india,587.0,21.1,10.0,14.9,8.1,55.9,1.7,33.3,2.0,16.3,True,,43.6,27.6,17.9,85.2,17.7,70.0,15.3,1.0,47.0,True,351.0,45.95,23.2,14.4,98.3,37.9,49.1,14.3,2.0,45.0,True,india,IND,India,Republic of India,IN,South Asia,Lower middle income,True
U0589,the university of georgia,United States,US,united states,587.0,21.1,20.6,18.6,9.8,24.4,4.5,6.7,21.5,30.7,True,,,,,,,,,,,False,,,,,,,,,,,False,united states,USA,United States,United States of America,US,North America,High income: OECD,True
U0590,universiti teknologi mara - uitm,Malaysia,MY,malaysia,587.0,21.1,30.8,40.4,17.6,2.8,2.1,1.7,3.6,15.2,True,,,,,,,,,,,False,,,,,,,,,,,False,malaysia,MYS,Malaysia,Malaysia,MY,East Asia & Pacific,Upper middle income,True
U0591,university of kwazulu-natal,South Africa,ZA,south africa,587.0,21.1,12.6,10.2,5.5,24.5,1.6,24.5,71.2,37.9,True,,43.6,31.5,34.8,63.7,39.7,55.9,27.6,2.0,60.0,True,401.0,43.5,30.4,34.4,63.9,38.2,51.5,30.1,2.0,60.0,True,south africa,ZAF,South Africa,Republic of South Africa,ZA,Sub-Saharan Africa,Upper middle income,True
U0592,ain shams university,Egypt,EG,egypt,592.0,21.0,24.0,32.2,11.3,1.9,7.5,23.1,56.3,9.8,True,,30.450000000000003,27.9,15.3,45.8,48.0,51.8,13.3,6.0,52.0,True,1001.0,27.05,24.0,13.1,47.3,38.1,41.2,12.5,4.0,53.0,True,egypt,EGY,Egypt,Arab Republic of Egypt,EG,Middle East & North Africa,Lower middle income,True
U0593,nottingham trent university,United Kingdom,GB,united kingdom,592.0,21.0,10.6,15.1,10.6,5.1,74.0,57.1,12.0,64.1,True,,43.6,20.7,14.3,84.6,37.3,88.5,15.4,21.0,55.0,True,501.0,40.65,19.4,15.0,79.6,37.5,82.2,15.3,21.0,57.0,True,united kingdom,GBR,United Kingdom,United Kingdom of Great Britain and Northern Ireland,GB,Europe & Central Asia,High income: OECD,True
U0594,universität bremen,Germany,DE,germany,592.0,21.0,18.5,7.7,13.1,24.4,26.4,46.9,1.8,19.9,True,,,,,,,,,,,False,,,,,,,,,,,False,germany,DEU,Germany,Federal Republic of Germany,DE,Europe & Central Asia,High income: OECD,True
U0595,itmo university,Russia,RU,russia,595.0,20.9,10.5,13.0,95.5,5.4,36.2,20.3,1.9,1.2,True,,39.4,34.0,34.9,40.0,69.0,67.1,14.6,18.0,34.0,True,,,,,,,,,,,False,russia,RUS,Russia,Russian Federation,RU,Europe & Central Asia,High income: nonOECD,True
U0596,thammasat university,Thailand,TH,thailand,596.0,20.8,24.6,19.4,26.6,2.1,1.7,9.1,84.6,33.6,True,,25.5,26.3,19.1,25.7,30.1,38.1,11.4,1.0,64.0,True,1201.0,21.35,21.9,17.0,11.9,43.6,33.0,11.7,1.0,64.0,True,thailand,THA,Thailand,Kingdom of Thailand,TH,East Asia & Pacific,Upper middle income,True
U0597,universitas padjadjaran,Indonesia,ID,indonesia,596.0,20.8,19.0,41.6,41.4,1.4,2.2,34.8,33.4,21.3,True,,16.2,28.5,12.2,19.2,23.6,34.3,11.3,1.0,59.0,True,1501.0,14.35,22.5,11.0,17.0,41.8,26.1,12.1,1.0,60.0,True,indonesia,IDN,Indonesia,Republic of Indonesia,ID,East Asia & Pacific,Lower middle income,True
U0598,university of iowa,United States,US,united states,596.0,20.8,18.4,8.7,41.7,19.1,3.7,15.5,26.6,20.8,True,,57.25,46.1,37.0,79.9,88.6,55.8,10.9,6.0,55.0,True,301.0,47.85,42.5,31.6,70.7,51.0,46.2,11.1,8.0,54.0,True,united states,USA,United States,United States of America,US,North America,High income: OECD,True
U0599,university of ljubljana,Slovenia,SI,slovenia,596.0,20.8,19.9,9.2,33.3,5.9,9.7,4.2,97.6,4.9,True,,34.8,24.5,20.1,54.6,69.8,42.4,13.8,9.0,60.0,True,801.0,31.85,21.9,19.5,47.1,42.7,47.9,13.1,8.0,60.0,True,slovenia,SVN,Slovenia,Republic of Slovenia,SI,Europe & Central Asia,High income: OECD,True
U0600,university of texas dallas,United States,US,united states,596.0,20.8,13.1,15.9,3.4,43.3,47.4,9.7,4.9,9.5,True,,,,,,,,,,,False,,,,,,,,,,,False,united states,USA,United States,United States of America,US,North America,High income: OECD,True
U0601,ca' foscari university of venice,Italy,IT,italy,,,19.6,15.8,5.7,12.7,8.9,42.0,12.3,74.5,True,,,,,,,,,,,False,,,,,,,,,,,False,italy,ITA,Italy,Italian Republic,IT,Europe & Central Asia,High income: OECD,True
U0602,illinois institute of technology,United States,US,united states,,,12.8,11.0,14.1,35.9,97.3,19.2,12.2,1.6,True,,50.05,42.6,26.9,67.8,91.5,73.2,12.2,36.0,37.0,True,401.0,43.5,43.1,21.8,61.0,39.7,67.3,11.5,41.0,37.0,True,united states,USA,United States,United States of America,US,North America,High income: OECD,True
U0603,king khalid university,Saudi Arabia,SA,saudi arabia,,,16.6,8.3,49.8,2.7,18.0,100.0,2.2,2.3,True,,43.6,29.8,20.1,70.3,48.6,91.0,8.3,16.0,61.0,True,801.0,31.85,21.8,8.9,52.9,37.9,79.3,8.3,7.0,55.0,True,saudi arabia,SAU,Saudi Arabia,Kingdom of Saudi Arabia,SA,Middle East & North Africa,High income: nonOECD,True
U0604,"kingston university, london",United Kingdom,GB,united kingdom,,,17.9,15.3,5.8,7.6,99.2,70.8,12.6,6.9,True,,,,,,,,,,,False,,,,,,,,,,,False,united kingdom,GBR,United Kingdom,United Kingdom of Great Britain and Northern Ireland,GB,Europe & Central Asia,High income: OECD,True
U0605,manchester metropolitan university (mmu),United Kingdom,GB,united kingdom,,,11.8,12.6,8.1,10.1,37.7,42.9,12.3,79.6,True,,,,,,,,,,,False,,,,,,,,,,,False,united kingdom,GBR,United Kingdom,United Kingdom of Great Britain and Northern Ireland,GB,Europe & Central Asia,High income: OECD,True
U0606,national chengchi university,Taiwan,TW,taiwan,,,20.1,37.8,17.1,2.2,21.8,26.5,91.1,1.6,True,,30.450000000000003,27.6,27.8,24.8,60.6,48.8,14.9,12.0,56.0,True,1201.0,21.35,23.9,28.3,11.0,44.4,47.6,14.8,13.0,57.0,True,taiwan,,,,,,,False
U0607,paris lodron university of salzburg,Austria,AT,austria,,,9.7,2.9,20.8,6.8,93.7,96.1,15.7,39.5,True,,,,,,,,,,,False,,,,,,,,,,,False,austria,AUT,Austria,Republic of Austria,AT,Europe & Central Asia,High income: OECD,True
U0608,rensselaer polytechnic institute,United States,US,united states,,,8.0,8.4,19.7,56.6,29.9,3.7,31.4,2.8,True,,47.2,34.1,30.3,60.9,89.9,78.7,15.3,20.0,31.0,True,601.0,36.6,28.9,26.1,51.0,59.1,72.6,14.7,21.0,32.0,True,united states,USA,United States,United States of America,US,North America,High income: OECD,True
U0609,universität des saarlandes,Germany,DE,germany,,,10.2,5.0,92.2,7.0,35.9,4.6,29.0,1.2,True,,,,,,,,,,,False,,,,,,,,,,,False,germany,DEU,Germany,Federal Republic of Germany,DE,Europe & Central Asia,High income: OECD,True
U0610,university of crete,Greece,GR,greece,,,13.9,12.7,2.4,58.7,3.5,2.3,3.6,1.8,True,,43.6,19.9,25.7,76.5,64.5,47.4,26.5,4.0,63.0,True,401.0,43.5,20.6,26.0,82.2,51.0,48.4,27.6,4.0,63.0,True,greece,GRC,Greece,Hellenic Republic,GR,Europe & Central Asia,High income: OECD,True
U0611,university of hohenheim,Germany,DE,germany,,,8.6,6.1,12.0,47.5,25.9,25.2,5.0,19.2,True,,54.45,35.0,35.5,85.7,80.5,61.7,37.7,14.0,57.0,True,201.0,52.75,33.6,32.2,95.2,49.6,55.8,39.7,14.0,58.0,True,germany,DEU,Germany,Federal Republic of Germany,DE,Europe & Central Asia,High income: OECD,True
U0612,university of south carolina,United States,US,united states,,,13.8,9.4,9.7,28.3,3.2,30.4,17.3,63.1,True,,,,,,,,,,,False,,,,,,,,,,,False,united states,USA,United States,United States of America,US,North America,High income: OECD,True
U0613,american university of the middle east,Kuwait,KW,kuwait,,,23.1,21.6,19.7,3.7,23.0,100.0,5.1,3.5,True,,,,,,,,,,,False,,,,,,,,,,,False,kuwait,KWT,Kuwait,State of Kuwait,KW,Middle East & North Africa,High income: nonOECD,True
U0614,asia pacific university of technology and innovation (apu),Malaysia,MY,malaysia,,,9.3,12.5,62.2,1.6,100.0,92.0,4.0,1.6,True,,,,,,,,,,,False,,,,,,,,,,,False,malaysia,MYS,Malaysia,Malaysia,MY,East Asia & Pacific,Upper middle income,True
U0615,brno university of technology,Czech Republic,CZ,czech republic,,,13.0,29.3,25.7,7.3,67.3,14.8,12.7,3.3,True,,30.450000000000003,22.2,19.3,39.0,70.3,58.3,15.5,25.0,28.0,True,1201.0,21.35,18.6,17.8,17.1,42.7,56.2,16.6,23.0,29.0,True,czech republic,CZE,Czech Republic,Czech Republic,CZ,Europe & Central Asia,High income: OECD,True
U0616,christian-albrechts-university zu kiel,Germany,DE,germany,,,17.7,10.8,44.7,15.6,8.4,,14.3,23.5,True,,,,,,,,,,,False,,,,,,,,,,,False,germany,DEU,Germany,Federal Republic of Germany,DE,Europe & Central Asia,High income: OECD,True
U0617,eastern mediterranean university,Northern Cyprus,XC,northern cyprus,,,5.6,2.1,3.5,26.5,100.0,90.1,24.1,1.8,True,,39.4,26.0,15.2,73.8,35.9,75.5,25.4,75.0,44.0,True,501.0,40.65,22.4,14.2,76.6,46.1,89.3,27.0,76.0,43.0,True,northern cyprus,,,,,,,False
U0618,pontifícia universidade católica do rio de janeiro,Brazil,BR,brazil,,,32.4,16.2,10.8,7.5,1.6,12.6,68.0,5.4,True,,,,,,,,,,,False,,,,,,,,,,,False,brazil,BRA,Brazil,Federative Republic of Brazil,BR,Latin America & Caribbean,Upper middle income,True
U0619,taipei medical university (tmu),Taiwan,TW,taiwan,,,10.6,12.5,90.4,18.9,13.7,16.0,8.1,8.3,True,,,,,,,,,,,False,,,,,,,,,,,False,taiwan,,,,,,,False
U0620,university of klagenfurt,Austria,AT,austria,,,5.7,3.7,51.3,11.3,87.8,96.0,9.2,1.6,True,,43.6,31.2,19.4,72.4,48.1,87.6,10.0,31.0,67.0,True,401.0,43.5,23.5,18.2,74.7,38.5,90.9,10.0,28.0,68.0,True,austria,AUT,Austria,Republic of Austria,AT,Europe & Central Asia,High income: OECD,True
U0621,university of minho,Portugal,PT,portugal,,,15.6,7.1,26.5,21.0,14.9,15.9,8.6,52.1,True,,39.4,26.3,30.3,59.3,74.7,51.9,19.5,13.0,56.0,True,801.0,31.85,24.4,28.9,38.8,58.9,57.6,19.6,16.0,55.0,True,portugal,PRT,Portugal,Portuguese Republic,PT,Europe & Central Asia,High income: OECD,True
U0622,abo akademi university,Finland,FI,finland,,,7.5,4.8,18.9,43.2,22.6,45.9,8.3,6.4,True,,,,,,,,,,,False,,,,,,,,,,,False,finland,FIN,Finland,Republic of Finland,FI,Europe & Central Asia,High income: OECD,True
U0623,american university in dubai,United Arab Emirates,AE,united arab emirates,,,10.3,16.9,25.2,1.9,100.0,100.0,41.3,1.0,True,,,,,,,,14.8,75.0,57.0,True,,,,,,,,,,,False,united arab emirates,ARE,United Arab Emirates,United Arab Emirates,AE,Middle East & North Africa,High income: nonOECD,True
U0624,auezov south kazakhstan university (sku),Kazakhstan,KZ,kazakhstan,,,18.5,28.7,89.5,1.0,16.2,12.9,3.2,2.6,True,,,,,,,,,,,False,,,,,,,,,,,False,kazakhstan,KAZ,Kazakhstan,Republic of Kazakhstan,KZ,Europe & Central Asia,Upper middle income,True
U0625,charles darwin university,Australia,AU,australia,,,5.7,4.2,4.5,44.2,55.2,25.4,3.9,63.7,True,,47.2,24.8,32.5,73.9,36.3,81.6,33.6,27.0,71.0,True,351.0,45.95,22.7,33.2,72.4,45.9,79.8,34.5,30.0,69.0,True,australia,AUS,Australia,Commonwealth of Australia,AU,East Asia & Pacific,High income: OECD,True
U0626,istanbul university,Turkey,TR,turkey,,,28.1,25.3,2.8,3.5,9.9,5.3,72.8,1.7,True,,30.450000000000003,23.5,22.0,34.4,50.9,38.2,25.4,9.0,56.0,True,1001.0,27.05,22.1,20.8,32.4,48.3,31.5,25.1,8.0,53.0,True,turkey,TUR,Turkey,Republic of Turkey,TR,Europe & Central Asia,Upper middle income,True
U0627,renmin (people's) university of china,China (Mainland),CN,china,,,19.5,37.3,16.3,7.9,4.9,6.6,81.2,9.7,True,,,,,,,,,,,False,,,,,,,,,,,False,china,CHN,China,People's Republic of China,CN,East Asia & Pacific,Upper middle income,True
U0628,tallinn university of technology (taltech),Estonia,EE,estonia,,,12.8,10.2,31.5,10.8,18.3,60.0,45.6,1.3,True,,,,,,,,,,,False,,,,,,,,,,,False,estonia,EST,Estonia,Republic of Estonia,EE,Europe & Central Asia,High income: OECD,True
U0629,universidad de alcalá,Spain,ES,spain,,,9.7,5.8,60.0,5.6,44.9,10.6,7.7,59.0,True,,,,,,,,,,,False,,,,,,,,,,,False,spain,ESP,Spain,Kingdom of Spain,ES,Europe & Central Asia,High income: OECD,True
U0630,universidad de palermo (up),Argentina,AR,argentina,,,10.2,9.8,92.8,1.0,91.9,35.6,7.8,,True,,,,,,,,,,,False,,,,,,,,,,,False,argentina,ARG,Argentina,Argentine Republic,AR,Latin America & Caribbean,Upper middle income,True
U0631,university of south florida,United States,US,united states,,,12.9,9.5,8.8,36.3,22.2,19.9,6.1,15.9,True,,54.45,31.7,36.4,87.6,99.9,66.7,19.0,13.0,53.0,True,201.0,52.75,31.1,36.9,85.1,85.0,56.2,18.6,13.0,53.0,True,united states,USA,United States,United States of America,US,North America,High income: OECD,True
U0632,university of tromsø the arctic university of norway,Norway,NO,norway,,,11.0,4.3,68.3,8.9,7.0,69.3,5.6,10.5,True,,,,,,,,,,,False,,,,,,,,,,,False,norway,NOR,Norway,Kingdom of Norway,NO,Europe & Central Asia,High income: OECD,True
U0633,al ain university,United Arab Emirates,AE,united arab emirates,552.0,22.5,22.6,15.7,13.4,5.9,100.0,100.0,5.9,5.2,True,,,,,,,,14.6,60.0,54.0,True,,,,,,,,,,,False,united arab emirates,ARE,United Arab Emirates,United Arab Emirates,AE,Middle East & North Africa,High income: nonOECD,True
U0634,ajou university,South Korea,KR,south korea,,,13.7,15.0,68.9,17.9,24.2,9.3,4.2,23.7,True,,43.6,35.6,37.7,52.8,92.3,48.0,14.9,17.0,41.0,True,601.0,36.6,31.1,37.5,41.7,74.3,44.4,14.2,17.0,42.0,True,korea,KOR,Korea,Republic of Korea,KR,East Asia & Pacific,High income: OECD,True
U0635,boston college,United States,US,united states,,,21.3,16.2,21.2,16.6,18.8,12.5,42.2,7.1,True,,54.45,43.5,30.5,84.6,60.7,57.8,14.9,10.0,55.0,True,251.0,50.0,48.6,31.5,74.9,37.4,48.5,14.5,12.0,54.0,True,united states,USA,United States,United States of America,US,North America,High income: OECD,True
U0636,chang gung university,Taiwan,TW,taiwan,,,6.3,4.3,71.6,41.9,4.5,5.1,2.0,13.2,True,,39.4,26.5,34.6,47.2,95.5,28.5,12.3,5.0,49.0,True,1001.0,27.05,21.9,27.9,30.6,77.3,28.3,12.1,5.0,49.0,True,taiwan,,,,,,,False
U0637,china university of petroleum,China (Mainland),CN,china,,,3.4,1.7,8.6,79.7,2.8,1.7,21.1,1.5,True,,,,,,,,,,,False,,,,,,,,,,,False,china,CHN,China,People's Republic of China,CN,East Asia & Pacific,Upper middle income,True
U0638,far eastern federal university,Russia,RU,russia,,,12.8,5.5,96.7,1.7,63.1,10.8,5.1,1.1,True,,25.5,31.5,19.6,21.0,26.6,62.7,12.9,21.0,59.0,True,,,,,,,,,,,False,russia,RUS,Russia,Russian Federation,RU,Europe & Central Asia,High income: nonOECD,True
U0639,inha university,South Korea,KR,south korea,,,12.2,14.3,77.2,10.9,13.7,9.7,13.1,41.4,True,,34.8,31.2,27.2,41.7,83.9,38.8,19.2,8.0,42.0,True,1001.0,27.05,27.4,22.3,27.7,70.1,35.8,21.0,8.0,42.0,True,korea,KOR,Korea,Republic of Korea,KR,East Asia & Pacific,High income: OECD,True
U0640,savitribai phule pune university,India,IN,india,,,8.9,18.3,48.8,35.3,2.5,1.4,14.4,1.8,True,,34.8,44.0,11.8,54.5,22.8,25.2,9.6,4.0,44.0,True,601.0,36.6,40.6,23.5,46.0,38.7,22.0,12.1,6.0,43.0,True,india,IND,India,Republic of India,IN,South Asia,Lower middle income,True
U0641,tulane university,United States,US,united states,,,9.8,6.0,84.7,9.7,10.8,9.9,26.0,8.0,True,,47.2,42.9,24.4,73.1,67.8,50.7,7.7,9.0,60.0,True,351.0,45.95,41.9,23.0,73.6,38.8,43.8,7.5,11.0,58.0,True,united states,USA,United States,United States of America,US,North America,High income: OECD,True
U0642,universidad de concepción,Chile,CL,chile,,,26.2,22.4,14.8,6.7,1.7,10.6,12.5,45.9,True,,,,,,,,,,,False,,,,,,,,,,,False,chile,CHL,Chile,Republic of Chile,CL,Latin America & Caribbean,High income: OECD,True
U0643,university of portsmouth,United Kingdom,GB,united kingdom,,,8.1,7.3,8.6,15.1,85.3,74.0,8.9,21.1,True,,47.2,20.0,20.0,84.5,40.6,94.7,16.8,29.0,47.0,True,401.0,43.5,18.8,19.2,76.3,37.6,91.4,16.4,29.0,47.0,True,united kingdom,GBR,United Kingdom,United Kingdom of Great Britain and Northern Ireland,GB,Europe & Central Asia,High income: OECD,True
U0644,beirut arab university,Lebanon,LB,lebanon,,,17.7,14.8,19.1,3.3,48.2,88.5,38.2,1.0,True,,43.6,48.5,24.6,47.3,18.6,88.2,10.4,21.0,45.0,True,601.0,36.6,33.6,16.4,56.1,37.0,83.9,12.0,18.0,45.0,True,lebanon,LBN,Lebanon,Lebanese Republic,LB,Middle East & North Africa,Upper middle income,True
U0645,de la salle university,Philippines,PH,philippines,,,22.6,52.4,10.0,4.5,2.5,1.9,47.4,2.7,True,,16.2,19.6,12.8,31.3,17.4,29.3,14.5,3.0,50.0,True,1201.0,21.35,18.1,13.4,23.6,36.9,25.6,14.9,3.0,50.0,True,philippines,PHL,Philippines,Republic of the Philippines,PH,East Asia & Pacific,Lower middle income,True
U0646,east china university of science and technology,China (Mainland),CN,china,,,6.9,3.4,11.8,69.7,1.7,2.5,10.5,2.5,True,,39.4,29.9,25.8,60.2,87.1,23.2,18.0,2.0,44.0,True,1001.0,27.05,24.2,22.4,41.9,61.7,20.1,16.9,2.0,44.0,True,china,CHN,China,People's Republic of China,CN,East Asia & Pacific,Upper middle income,True
U0647,hacettepe university,Turkey,TR,turkey,,,22.5,29.4,10.8,7.1,3.5,4.0,22.2,34.8,True,,39.4,32.5,26.8,50.4,73.5,27.5,19.9,3.0,58.0,True,601.0,36.6,29.0,26.1,51.9,89.1,25.7,20.1,3.0,56.0,True,turkey,TUR,Turkey,Republic of Turkey,TR,Europe & Central Asia,Upper middle income,True
U0648,lehigh university,United States,US,united states,,,5.2,4.8,24.3,32.5,27.8,47.1,29.0,33.3,True,,39.4,33.0,22.5,57.6,63.6,73.8,11.2,17.0,46.0,True,601.0,36.6,28.3,21.4,52.3,39.3,65.2,11.1,18.0,46.0,True,united states,USA,United States,United States of America,US,North America,High income: OECD,True
U0649,national central university,Taiwan,TW,taiwan,,,21.5,28.2,22.9,14.4,10.0,11.6,10.2,27.9,True,,30.450000000000003,30.8,24.9,29.7,88.8,44.4,9.5,7.0,35.0,True,1001.0,27.05,25.0,22.6,17.4,73.6,43.7,9.7,9.0,36.0,True,taiwan,,,,,,,False
U0650,oregon state university,United States,US,united states,,,14.6,4.2,15.6,33.9,8.1,11.7,19.3,21.1,True,,,,,,,,,,,False,,,,,,,,,,,False,united states,USA,United States,United States of America,US,North America,High income: OECD,True
U0651,ritsumeikan university,Japan,JP,japan,,,16.6,55.7,7.8,3.1,9.6,28.4,3.9,39.5,True,,25.5,19.8,13.9,27.4,30.3,46.8,17.4,10.0,37.0,True,1201.0,21.35,18.9,13.0,16.9,39.3,40.1,17.3,10.0,37.0,True,japan,JPN,Japan,Japan,JP,East Asia & Pacific,High income: OECD,True
U0652,soochow university,China (Mainland),CN,china,,,6.6,2.6,15.9,63.0,2.5,6.2,16.8,2.0,True,,,,,,,,,,,False,,,,,,,,,,,False,china,CHN,China,People's Republic of China,CN,East Asia & Pacific,Upper middle income,True
U0653,symbiosis international (deemed university),India,IN,india,,,5.4,95.6,19.7,1.8,3.6,16.1,5.2,2.0,True,,,,,,,,,,,False,,,,,,,,,,,False,india,IND,India,Republic of India,IN,South Asia,Lower middle income,True
U0654,universiti tenaga nasional (uniten),Malaysia,MY,malaysia,,,8.0,11.6,62.2,17.3,65.0,18.0,4.4,9.1,True,,39.4,25.1,16.8,58.0,70.8,60.8,9.0,19.0,32.0,True,801.0,31.85,20.7,15.0,51.1,77.9,52.6,11.4,11.0,34.0,True,malaysia,MYS,Malaysia,Malaysia,MY,East Asia & Pacific,Upper middle income,True
U0655,"university of missouri, columbia",United States,US,united states,,,14.3,8.0,37.8,16.5,3.3,46.7,30.5,12.3,True,,,,,,,,,,,False,,,,,,,,,,,False,united states,USA,United States,United States of America,US,North America,High income: OECD,True
U0656,university of the basque country,Spain,ES,spain,,,19.5,7.3,32.8,19.0,3.5,2.4,22.8,7.3,True,,39.4,27.0,23.9,65.8,65.5,46.2,13.8,5.0,55.0,True,801.0,31.85,21.5,21.8,51.7,39.6,44.5,15.4,6.0,55.0,True,spain,ESP,Spain,Kingdom of Spain,ES,Europe & Central Asia,High income: OECD,True
U0657,hufs - hankuk (korea) university of foreign studies,South Korea,KR,south korea,,,11.5,21.3,81.2,1.6,47.9,32.0,1.7,8.1,True,,,,,,,,,,,False,,,,,,,,,,,False,korea,KOR,Korea,Republic of Korea,KR,East Asia & Pacific,High income: OECD,True
U0658,palacký university olomouc,Czech Republic,CZ,czech republic,,,15.2,13.9,29.9,8.5,17.8,32.7,6.8,33.0,True,,34.8,23.4,23.9,49.8,36.8,61.8,15.2,14.0,68.0,True,1001.0,27.05,19.6,19.9,40.0,37.8,59.3,14.5,13.0,69.0,True,czech republic,CZE,Czech Republic,Czech Republic,CZ,Europe & Central Asia,High income: OECD,True
U0659,universidade de santiago de compostela,Spain,ES,spain,,,24.1,10.8,12.4,17.0,5.5,2.6,11.3,36.6,True,,,,,,,,,,,False,,,,,,,,,,,False,spain,ESP,Spain,Kingdom of Spain,ES,Europe & Central Asia,High income: OECD,True
U0660,university of houston,United States,US,united states,,,12.7,11.4,5.0,24.6,19.8,23.9,50.3,19.7,True,,43.6,33.8,29.7,65.8,70.2,50.8,26.3,7.0,52.0,True,601.0,36.6,34.9,28.0,48.8,42.5,43.2,27.0,7.0,52.0,True,united states,USA,United States,United States of America,US,North America,High income: OECD,True
U0661,university of zagreb,Croatia,HR,croatia,,,16.3,7.3,23.8,4.1,3.3,1.7,96.9,27.9,True,,30.450000000000003,26.0,15.9,44.7,59.7,31.2,14.8,3.0,60.0,True,1201.0,21.35,20.1,14.9,30.3,45.6,34.8,16.6,4.0,60.0,True,croatia,HRV,Croatia,Republic of Croatia,HR,Europe & Central Asia,High income: nonOECD,True
U0662,aberystwyth university,United Kingdom,GB,united kingdom,,,9.4,5.9,18.5,20.3,46.5,44.6,7.1,44.9,True,,43.6,26.3,23.0,68.5,62.4,87.3,15.6,23.0,51.0,True,501.0,40.65,22.3,23.4,64.1,39.8,81.1,16.3,24.0,52.0,True,united kingdom,GBR,United Kingdom,United Kingdom of Great Britain and Northern Ireland,GB,Europe & Central Asia,High income: OECD,True
U0663,city university of new york,United States,US,united states,,,19.9,35.6,8.9,4.7,4.4,6.1,22.0,13.2,True,,,,,,,,,,,False,,,,,,,,,,,False,united states,USA,United States,United States of America,US,North America,High income: OECD,True
U0664,comenius university bratislava,Slovakia,SK,slovakia,,,12.8,8.5,56.0,3.5,22.9,3.8,79.8,5.1,True,,,,,,,,,,,False,,,,,,,,,,,False,slovak republic,SVK,Slovak Republic,Slovak Republic,SK,Europe & Central Asia,High income: OECD,True
U0665,free university of bozen-bolzano,Italy,IT,italy,,,5.8,1.5,12.8,42.6,37.4,72.3,3.4,2.0,True,,50.05,31.8,22.8,85.5,45.6,78.6,10.7,14.0,67.0,True,401.0,43.5,23.5,19.4,83.3,38.5,74.2,12.6,15.0,68.0,True,italy,ITA,Italy,Italian Republic,IT,Europe & Central Asia,High income: OECD,True
U0666,international islamic university malaysia (iium),Malaysia,MY,malaysia,,,24.4,17.0,13.4,3.1,57.1,22.8,23.0,1.2,True,,,,,,,,,,,False,,,,,,,,,,,False,malaysia,MYS,Malaysia,Malaysia,MY,East Asia & Pacific,Upper middle income,True
U0667,iscte - instituto universitario de lisboa,Portugal,PT,portugal,,,6.9,5.9,2.0,47.8,49.6,18.7,27.2,1.5,True,,,,,,,,,,,False,,,,,,,,,,,False,portugal,PRT,Portugal,Portuguese Republic,PT,Europe & Central Asia,High income: OECD,True
U0668,memorial university of newfoundland,Canada,CA,canada,,,7.2,5.9,10.1,28.6,78.4,23.9,12.1,16.9,True,,43.6,27.5,24.5,60.9,83.2,85.7,15.1,23.0,55.0,True,601.0,36.6,23.3,22.7,47.6,72.1,81.2,14.9,21.0,56.0,True,canada,CAN,Canada,Canada,CA,North America,High income: OECD,True
U0669,national chung hsing university,Taiwan,TW,taiwan,,,21.1,23.0,25.3,11.5,8.4,8.8,28.4,32.1,True,,30.450000000000003,23.8,25.2,33.8,78.8,32.5,15.5,6.0,42.0,True,1201.0,21.35,21.5,21.0,17.2,51.3,31.8,16.8,7.0,41.0,True,taiwan,,,,,,,False
U0670,"sofia university ""st. kliment ohridski""",Bulgaria,BG,bulgaria,,,14.2,18.0,45.7,2.0,8.5,3.0,81.8,8.9,True,,,,,,,,,,,False,,,,,,,,,,,False,bulgaria,BGR,Bulgaria,Republic of Bulgaria,BG,Europe & Central Asia,Upper middle income,True
U0671,tokyo medical and dental university (tmdu),Japan,JP,japan,,,11.8,6.5,100.0,17.7,13.4,2.4,2.0,1.6,True,,47.2,46.7,31.3,53.4,99.0,39.0,4.4,12.0,57.0,True,501.0,40.65,45.1,29.7,44.0,74.5,31.7,4.4,11.0,50.0,True,japan,JPN,Japan,Japan,JP,East Asia & Pacific,High income: OECD,True
U0672,universidad de la república (udelar),Uruguay,UY,uruguay,,,27.1,13.7,14.2,1.6,2.3,7.9,87.7,2.6,True,,,,,,,,,,,False,,,,,,,,,,,False,uruguay,URY,Uruguay,Oriental Republic of Uruguay,UY,Latin America & Caribbean,High income: nonOECD,True
U0673,university of manitoba,Canada,CA,canada,,,13.6,15.9,29.6,12.0,43.2,,32.8,16.3,True,,50.05,31.8,34.7,76.3,62.3,59.1,30.0,21.0,54.0,True,351.0,45.95,32.7,31.2,75.0,38.2,56.6,29.4,20.0,54.0,True,canada,CAN,Canada,Canada,CA,North America,High income: OECD,True
U0674,university of plymouth,United Kingdom,GB,united kingdom,,,8.9,8.9,11.6,25.9,36.2,49.8,7.3,21.5,True,,47.2,24.4,21.9,79.5,66.1,80.6,17.1,16.0,59.0,True,401.0,43.5,22.2,22.7,79.6,37.2,73.0,17.7,16.0,58.0,True,united kingdom,GBR,United Kingdom,United Kingdom of Great Britain and Northern Ireland,GB,Europe & Central Asia,High income: OECD,True
U0675,abai kazakh national pedagogical university,Kazakhstan,KZ,kazakhstan,,,26.5,22.8,53.8,1.1,3.7,37.8,12.6,1.7,True,,,,,,,,,,,False,,,,,,,,,,,False,kazakhstan,KAZ,Kazakhstan,Republic of Kazakhstan,KZ,Europe & Central Asia,Upper middle income,True
U0676,bar-ilan university,Israel,IL,israel,,,7.8,6.1,7.5,48.1,2.7,46.4,22.9,4.2,True,,43.6,30.0,34.1,54.1,85.8,46.8,19.0,4.0,61.0,True,601.0,36.6,30.5,34.0,42.0,49.4,50.3,17.3,4.0,61.0,True,israel,ISR,Israel,State of Israel,IL,Middle East & North Africa,High income: OECD,True
U0677,karl-franzens-universitaet graz,Austria,AT,austria,,,19.9,10.9,11.7,10.7,26.1,45.4,31.9,12.3,True,,,,,,,,,,,False,,,,,,,,,,,False,austria,AUT,Austria,Republic of Austria,AT,Europe & Central Asia,High income: OECD,True
U0678,kazakh national agrarian university kaznau,Kazakhstan,KZ,kazakhstan,,,19.9,16.4,85.2,1.1,22.6,19.6,3.3,2.7,True,,,,,,,,,,,False,,,,,,,,,,,False,kazakhstan,KAZ,Kazakhstan,Republic of Kazakhstan,KZ,Europe & Central Asia,Upper middle income,True
U0679,martin-luther-universität halle-wittenberg,Germany,DE,germany,,,13.1,6.4,80.1,7.4,8.8,,4.8,6.2,True,,,,,,,,,,,False,,,,,,,,,,,False,germany,DEU,Germany,Federal Republic of Germany,DE,Europe & Central Asia,High income: OECD,True
U0680,universidade federal de minas gerais,Brazil,BR,brazil,,,32.4,8.9,13.8,7.0,1.5,8.0,39.7,6.7,True,,,,,,,,,,,False,,,,,,,,,,,False,brazil,BRA,Brazil,Federative Republic of Brazil,BR,Latin America & Caribbean,Upper middle income,True
U0681,university of haifa,Israel,IL,israel,,,13.0,5.9,14.6,32.1,3.6,13.4,22.9,37.3,True,,39.4,23.9,30.1,68.4,64.5,34.5,18.4,3.0,66.0,True,601.0,36.6,21.5,29.1,66.4,38.1,36.1,17.7,3.0,66.0,True,israel,ISR,Israel,State of Israel,IL,Middle East & North Africa,High income: OECD,True
U0682,china university of mining and technology,China (Mainland),CN,china,,,3.5,1.6,14.1,68.5,,,10.1,2.8,True,,,,,,,,,,,False,,,,,,,,,,,False,china,CHN,China,People's Republic of China,CN,East Asia & Pacific,Upper middle income,True
U0683,"goldsmiths, university of london",United Kingdom,GB,united kingdom,,,13.1,5.1,12.8,12.0,91.5,92.0,14.4,3.1,True,,47.2,29.2,25.2,75.4,28.9,81.0,14.5,38.0,66.0,True,501.0,40.65,25.5,25.9,63.4,37.0,80.7,14.9,39.0,66.0,True,united kingdom,GBR,United Kingdom,United Kingdom of Great Britain and Northern Ireland,GB,Europe & Central Asia,High income: OECD,True
U0684,indian institute of technology hyderabad,India,IN,india,,,6.2,4.4,18.2,71.1,1.5,1.2,2.0,4.3,True,,,,,,,,,,,False,,,,,,,,,,,False,india,IND,India,Republic of India,IN,South Asia,Lower middle income,True
U0685,jeonbuk national university,South Korea,KR,south korea,,,15.6,11.1,61.3,10.6,6.8,7.8,2.8,48.5,True,,34.8,30.2,27.3,45.0,68.1,34.1,19.6,7.0,46.0,True,1001.0,27.05,24.7,23.7,27.7,46.2,30.8,19.9,7.0,46.0,True,korea,KOR,Korea,Republic of Korea,KR,East Asia & Pacific,High income: OECD,True
U0686,prince sultan university,Saudi Arabia,SA,saudi arabia,,,6.5,5.3,14.7,31.7,13.9,100.0,11.0,3.6,True,,,,,,,,,,,False,,,,,,,,,,,False,saudi arabia,SAU,Saudi Arabia,Kingdom of Saudi Arabia,SA,Middle East & North Africa,High income: nonOECD,True
U0687,princess nourah bint abdulrahman university,Saudi Arabia,SA,saudi arabia,,,16.6,14.8,18.9,2.5,38.4,94.5,2.3,3.1,True,,39.4,26.7,16.3,66.1,28.3,91.7,12.1,17.0,100.0,True,801.0,31.85,22.9,13.6,46.3,45.6,85.5,13.1,15.0,100.0,True,saudi arabia,SAU,Saudi Arabia,Kingdom of Saudi Arabia,SA,Middle East & North Africa,High income: nonOECD,True
U0688,temple university,United States,US,united states,,,12.3,7.1,29.2,16.9,5.7,3.0,23.2,61.9,True,,50.05,40.7,24.3,85.2,70.4,43.6,12.3,6.0,56.0,True,301.0,47.85,37.4,23.1,83.5,40.2,38.6,12.5,8.0,54.0,True,united states,USA,United States,United States of America,US,North America,High income: OECD,True
U0689,"university of agriculture, faisalabad",Pakistan,PK,pakistan,,,6.3,11.6,1.6,61.0,1.1,2.5,2.4,1.7,True,,,,,,,,,,,False,801.0,31.85,24.0,17.4,55.3,46.7,45.0,42.4,0.0,45.0,True,pakistan,PAK,Pakistan,Islamic Republic of Pakistan,PK,South Asia,Lower middle income,True
U0690,university of new brunswick,Canada,CA,canada,,,4.9,8.3,19.9,27.5,34.1,61.0,17.3,29.0,True,,,,,,,,,,,False,,,,,,,,,,,False,canada,CAN,Canada,Canada,CA,North America,High income: OECD,True
U0691,chandigarh university,India,IN,india,,,14.1,51.3,24.0,1.4,15.3,37.6,1.9,1.6,True,,,,,,,,,,,False,,,,,,,,,,,False,india,IND,India,Republic of India,IN,South Asia,Lower middle income,True
U0692,norwegian university of life sciences (umb),Norway,NO,norway,,,5.8,4.3,100.0,8.5,,,18.6,9.9,True,,,,,,,,,,,False,,,,,,,,,,,False,norway,NOR,Norway,Kingdom of Norway,NO,Europe & Central Asia,High income: OECD,True
U0693,pakistan institute of engineering and applied sciences (pieas),Pakistan,PK,pakistan,,,6.5,9.6,66.1,41.0,1.0,,3.5,1.0,True,,,,,,,,,,,False,,,,,,,,,,,False,pakistan,PAK,Pakistan,Islamic Republic of Pakistan,PK,South Asia,Lower middle income,True
U0694,shiraz university,"Iran, Islamic Republic of",IR,"iran, islamic republic of",,,6.9,5.4,4.6,60.7,2.2,1.2,14.1,7.9,True,,34.8,29.3,24.6,55.0,57.4,29.1,20.8,2.0,53.0,True,801.0,31.85,28.3,24.4,37.1,49.5,24.8,20.2,1.0,53.0,True,iran,IRN,Iran,Islamic Republic of Iran,IR,Middle East & North Africa,Upper middle income,True
U0695,universidad central de venezuela,Venezuela,VE,venezuela,,,21.0,40.6,27.1,1.1,1.4,2.6,51.4,1.0,True,,,,,,,,,,,False,,,,,,,,,,,False,venezuela,VEN,Venezuela,República Bolivariana de Venezuela,VE,Latin America & Caribbean,Upper middle income,True
U0696,universidad de la habana,Cuba,CU,cuba,,,17.0,10.6,72.8,1.5,3.7,1.8,76.5,1.0,True,,,,,,,,,,,False,,,,,,,,,,,False,cuba,CUB,Cuba,Republic of Cuba,CU,Latin America & Caribbean,Upper middle income,True
U0697,universidad panamericana (up),Mexico,MX,mexico,,,9.9,20.0,75.4,1.2,2.5,17.4,68.7,2.0,True,,16.2,23.9,9.1,12.0,16.0,43.9,7.8,2.0,48.0,True,1501.0,14.35,20.5,9.1,8.7,37.0,36.5,8.5,1.0,48.0,True,mexico,MEX,Mexico,United Mexican States,MX,Latin America & Caribbean,Upper middle income,True
U0698,universidade federal de são paulo,Brazil,BR,brazil,,,10.5,5.1,95.6,6.0,1.5,4.7,2.9,30.1,True,,,,,,,,,,,False,,,,,,,,,,,False,brazil,BRA,Brazil,Federative Republic of Brazil,BR,Latin America & Caribbean,Upper middle income,True
U0699,universidade federal do rio grande do sul,Brazil,BR,brazil,,,28.0,5.3,12.8,10.1,1.6,2.2,25.9,31.3,True,,39.4,36.4,22.5,54.1,52.9,34.1,16.5,1.0,51.0,True,601.0,36.6,32.1,21.9,50.8,39.8,28.7,14.1,1.0,52.0,True,brazil,BRA,Brazil,Federative Republic of Brazil,BR,Latin America & Caribbean,Upper middle income,True
U0700,university of brescia,Italy,IT,italy,,,4.4,2.2,7.4,56.3,6.3,2.6,3.3,44.9,True,,47.2,24.4,19.2,89.3,62.4,44.9,24.2,6.0,47.0,True,351.0,45.95,26.4,18.8,95.2,40.2,42.5,24.6,7.0,46.0,True,italy,ITA,Italy,Italian Republic,IT,Europe & Central Asia,High income: OECD,True
U0701,university of greenwich,United Kingdom,GB,united kingdom,,,4.7,4.1,4.1,11.7,100.0,91.5,14.9,5.4,True,,43.6,17.8,17.5,81.2,40.9,97.2,21.8,46.0,58.0,True,501.0,40.65,18.1,16.8,78.2,37.8,94.6,20.2,44.0,57.0,True,united kingdom,GBR,United Kingdom,United Kingdom of Great Britain and Northern Ireland,GB,Europe & Central Asia,High income: OECD,True
U0702,university of siena,Italy,IT,italy,,,13.6,3.5,9.7,40.4,10.8,2.9,9.3,27.9,True,,43.6,25.0,25.6,75.9,74.9,48.7,18.1,10.0,63.0,True,401.0,43.5,21.5,25.3,79.9,41.7,43.5,18.7,9.0,63.0,True,italy,ITA,Italy,Italian Republic,IT,Europe & Central Asia,High income: OECD,True
U0703,beijing university of chemical technology,China (Mainland),CN,china,,,4.5,1.8,19.0,67.1,1.7,2.5,2.4,1.3,True,,,,,,,,,,,False,,,,,,,,,,,False,china,CHN,China,People's Republic of China,CN,East Asia & Pacific,Upper middle income,True
U0704,dongguk university,South Korea,KR,south korea,,,7.9,10.5,83.6,9.7,23.8,9.0,4.8,20.8,True,,,,,,,,,,,False,,,,,,,,,,,False,korea,KOR,Korea,Republic of Korea,KR,East Asia & Pacific,High income: OECD,True
U0705,lebanese american university,Lebanon,LB,lebanon,,,13.5,20.3,29.1,3.7,19.6,73.3,19.9,19.5,True,,43.6,26.7,13.2,76.4,32.8,84.2,10.1,17.0,52.0,True,501.0,40.65,29.4,11.9,69.5,37.0,86.5,10.1,19.0,52.0,True,lebanon,LBN,Lebanon,Lebanese Republic,LB,Middle East & North Africa,Upper middle income,True
U0706,national institute of technology tiruchirappalli,India,IN,india,,,4.1,2.8,9.1,71.0,1.8,,3.0,5.2,True,,,,,,,,,,,False,,,,,,,,,,,False,india,IND,India,Republic of India,IN,South Asia,Lower middle income,True
U0707,stevens institute of technology,United States,US,united states,,,2.6,4.0,5.2,41.7,96.4,53.2,7.8,1.3,True,,47.2,26.9,25.3,74.6,62.4,80.8,18.6,30.0,29.0,True,501.0,40.65,22.8,20.5,69.6,37.6,73.5,18.6,35.0,29.0,True,united states,USA,United States,United States of America,US,North America,High income: OECD,True
U0708,taras shevchenko national university of kyiv,Ukraine,UA,ukraine,,,18.9,36.6,27.0,2.2,3.9,1.5,45.5,1.6,True,,25.5,30.0,13.1,20.2,31.4,31.8,10.6,5.0,56.0,True,1201.0,21.35,23.6,12.9,10.8,37.5,30.4,10.0,5.0,57.0,True,ukraine,UKR,Ukraine,Ukraine,UA,Europe & Central Asia,Lower middle income,True
U0709,university of nebraska - lincoln,United States,US,united states,,,10.6,5.8,16.9,30.4,7.1,21.5,7.2,33.0,True,,,,,,,,,,,False,,,,,,,,,,,False,united states,USA,United States,United States of America,US,North America,High income: OECD,True
U0710,university of oklahoma,United States,US,united states,,,10.2,9.8,15.6,31.1,5.7,21.8,22.3,17.7,True,,,,,,,,,,,False,,,,,,,,,,,False,united states,USA,United States,United States of America,US,North America,High income: OECD,True
U0711,ahlia university,Bahrain,BH,bahrain,,,16.7,8.4,31.7,3.8,42.7,100.0,12.7,2.5,True,,,,,,,,,,,False,,,,,,,,,,,False,bahrain,BHR,Bahrain,Kingdom of Bahrain,BH,Middle East & North Africa,High income: nonOECD,True
U0712,american university,United States,US,united states,,,16.2,29.3,32.9,4.3,19.4,8.0,40.5,4.8,True,,39.4,35.2,17.1,57.2,38.5,46.5,12.0,12.0,62.0,True,601.0,36.6,40.7,16.8,55.7,42.5,37.3,11.6,11.0,63.0,True,united states,USA,United States,United States of America,US,North America,High income: OECD,True
U0713,comsats university islamabad,Pakistan,PK,pakistan,,,11.7,30.5,13.4,18.2,1.4,1.5,6.1,14.6,True,,39.4,17.9,16.6,88.2,30.5,50.0,16.0,1.0,42.0,True,601.0,36.6,17.1,14.7,78.2,37.0,46.8,14.8,2.0,42.0,True,pakistan,PAK,Pakistan,Islamic Republic of Pakistan,PK,South Asia,Lower middle income,True
U0714,czech university of life sciences in prague,Czech Republic,CZ,czech republic,,,10.4,6.7,9.4,10.8,73.5,29.0,3.9,49.5,True,,,,,,,,,,,False,,,,,,,,,,,False,czech republic,CZE,Czech Republic,Czech Republic,CZ,Europe & Central Asia,High income: OECD,True
U0715,de montfort university,United Kingdom,GB,united kingdom,,,5.3,4.8,5.6,8.0,97.5,74.2,6.4,41.4,True,,39.4,17.8,15.1,71.0,45.0,93.9,18.5,37.0,56.0,True,601.0,36.6,17.0,14.8,59.3,37.0,89.6,20.2,38.0,54.0,True,united kingdom,GBR,United Kingdom,United Kingdom of Great Britain and Northern Ireland,GB,Europe & Central Asia,High income: OECD,True
U0716,"lingnan university, hong kong",Hong Kong SAR,HK,hong kong,,,9.9,6.5,13.9,11.0,98.9,100.0,3.7,3.8,True,,,,,,,,,,,False,,,,,,,,,,,False,"hong kong sar, china",HKG,"Hong Kong SAR, China",Hong Kong Special Administrative Region of the People's Republic of China,HK,East Asia & Pacific,High income: nonOECD,True
U0717,nanjing agricultural university,China (Mainland),CN,china,,,5.0,1.9,7.5,67.6,1.5,,1.4,2.2,True,,,,,,,,,,,False,601.0,36.6,20.5,24.1,59.5,47.5,24.9,17.0,2.0,53.0,True,china,CHN,China,People's Republic of China,CN,East Asia & Pacific,Upper middle income,True
U0718,plekhanov russian university of economics,Russia,RU,russia,,,14.0,19.1,49.8,2.3,16.2,3.0,38.5,11.6,True,,30.450000000000003,25.9,12.9,44.7,20.6,59.0,9.1,15.0,57.0,True,,,,,,,,,,,False,russia,RUS,Russia,Russian Federation,RU,Europe & Central Asia,High income: nonOECD,True
U0719,saint joseph university of beirut (usj),Lebanon,LB,lebanon,,,8.2,16.4,50.7,2.4,25.8,91.3,33.4,1.4,True,,,,,,,,,,,False,,,,,,,,,,,False,lebanon,LBN,Lebanon,Lebanese Republic,LB,Middle East & North Africa,Upper middle income,True
U0720,the national university of science and technology misis,Russia,RU,russia,,,6.2,9.0,74.2,13.8,43.1,7.9,9.2,2.2,True,,,,,,,,,,,False,,,,,,,,,,,False,russia,RUS,Russia,Russian Federation,RU,Europe & Central Asia,High income: nonOECD,True
U0721,ton duc thang university,Vietnam,VN,vietnam,,,5.0,6.4,5.2,51.7,1.4,9.9,4.7,3.8,True,,39.4,12.9,16.0,90.6,20.9,63.1,21.9,1.0,57.0,True,401.0,43.5,13.5,16.0,99.2,39.8,58.4,25.3,1.0,56.0,True,vietnam,VNM,Vietnam,Socialist Republic of Vietnam,VN,East Asia & Pacific,Lower middle income,True
U0722,université de franche-comté,France,FR,france,,,6.5,2.1,100.0,12.4,,,3.2,1.7,True,,,,,,,,,,,False,,,,,,,,,,,False,france,FRA,France,French Republic,FR,Europe & Central Asia,High income: OECD,True
U0723,university of mumbai,India,IN,india,,,9.1,28.8,2.8,30.9,2.0,2.0,81.4,1.7,True,,,,,,,,,,,False,1201.0,21.35,29.6,19.9,16.1,38.0,16.7,23.5,1.0,51.0,True,india,IND,India,Republic of India,IN,South Asia,Lower middle income,True
U0724,brandeis university,United States,US,united states,,,9.4,4.8,53.1,11.6,75.1,18.0,16.5,1.1,True,,54.45,36.7,28.3,84.6,64.2,81.4,11.6,33.0,59.0,True,301.0,47.85,28.5,23.1,90.3,37.3,55.5,13.1,28.0,59.0,True,united states,USA,United States,United States of America,US,North America,High income: OECD,True
U0725,budapest university of technology and economics,Hungary,HU,hungary,,,15.6,25.7,13.7,8.5,14.8,2.8,33.2,26.0,True,,25.5,22.2,18.3,35.8,59.3,37.6,16.9,13.0,31.0,True,1201.0,21.35,19.1,17.5,18.0,43.6,39.1,17.0,12.0,31.0,True,hungary,HUN,Hungary,Hungary,HU,Europe & Central Asia,Upper middle income,True
U0726,diponegoro university,Indonesia,ID,indonesia,,,19.2,41.7,19.3,1.5,3.0,27.9,14.6,9.7,True,,16.2,27.1,15.4,19.1,42.9,35.1,18.0,2.0,56.0,True,1501.0,14.35,22.3,11.2,12.3,47.8,28.4,13.5,2.0,56.0,True,indonesia,IDN,Indonesia,Republic of Indonesia,ID,East Asia & Pacific,Lower middle income,True
U0727,drexel university,United States,US,united states,,,8.1,4.5,22.4,28.7,23.8,12.6,25.1,8.3,True,,52.05,44.1,26.0,79.6,75.6,62.2,11.0,15.0,51.0,True,301.0,47.85,40.8,26.0,76.4,48.8,50.1,12.5,14.0,51.0,True,united states,USA,United States,United States of America,US,North America,High income: OECD,True
U0728,effat university,Saudi Arabia,SA,saudi arabia,,,3.8,2.6,23.1,17.6,98.3,100.0,3.3,1.0,True,,,,,,,,11.6,34.0,99.0,True,,,,,,,,9.4,26.0,99.0,True,saudi arabia,SAU,Saudi Arabia,Kingdom of Saudi Arabia,SA,Middle East & North Africa,High income: nonOECD,True
U0729,jadavpur university,India,IN,india,,,17.8,5.9,9.1,40.6,1.0,,14.9,13.4,True,,30.450000000000003,35.3,15.8,46.0,35.4,19.2,21.3,0.0,31.0,True,1001.0,27.05,35.0,16.9,28.9,41.9,16.8,21.7,0.0,30.0,True,india,IND,India,Republic of India,IN,South Asia,Lower middle income,True
U0730,konkuk university,South Korea,KR,south korea,,,7.0,8.1,61.8,17.1,17.7,9.5,9.0,28.4,True,,39.4,32.2,37.6,49.1,73.7,45.0,25.2,15.0,48.0,True,601.0,36.6,30.6,37.8,30.5,45.8,42.1,26.2,14.0,49.0,True,korea,KOR,Korea,Republic of Korea,KR,East Asia & Pacific,High income: OECD,True
U0731,lanzhou university,China (Mainland),CN,china,,,8.1,2.5,25.2,45.2,1.5,2.3,4.4,7.6,True,,,,,,,,,,,False,,,,,,,,,,,False,china,CHN,China,People's Republic of China,CN,East Asia & Pacific,Upper middle income,True
U0732,middlesex university,United Kingdom,GB,united kingdom,,,5.3,5.3,8.1,10.6,99.5,84.4,15.2,4.3,True,,43.6,22.8,18.5,80.0,46.8,93.4,18.3,50.0,59.0,True,401.0,43.5,21.3,19.6,75.3,37.2,91.0,18.7,50.0,58.0,True,united kingdom,GBR,United Kingdom,United Kingdom of Great Britain and Northern Ireland,GB,Europe & Central Asia,High income: OECD,True
U0733,riga technical university,Latvia,LV,latvia,,,11.5,26.8,22.0,3.0,72.0,15.7,35.0,6.8,True,,30.450000000000003,26.4,23.9,32.0,46.4,57.0,31.7,22.0,34.0,True,1201.0,21.35,22.7,22.0,14.8,62.6,60.9,33.4,21.0,33.0,True,latvia,LVA,Latvia,Republic of Latvia,LV,Europe & Central Asia,High income: nonOECD,True
U0734,université de lille,France,FR,france,,,23.5,5.5,4.8,14.7,15.8,14.6,4.5,10.9,True,,,,,,,,,,,False,,,,,,,,,,,False,france,FRA,France,French Republic,FR,Europe & Central Asia,High income: OECD,True
U0735,université de rennes 1 (university of rennes),France,FR,france,,,14.9,5.2,11.6,28.3,11.0,11.9,6.8,6.9,True,,,,,,,,,,,False,,,,,,,,,,,False,france,FRA,France,French Republic,FR,Europe & Central Asia,High income: OECD,True
U0736,university of modena and reggio emilia,Italy,IT,italy,,,8.6,4.0,2.9,49.7,3.6,4.0,15.2,23.2,True,,47.2,32.0,24.6,79.6,80.3,40.2,27.0,5.0,54.0,True,401.0,43.5,32.7,23.2,72.1,49.1,37.6,26.9,5.0,53.0,True,italy,ITA,Italy,Italian Republic,IT,Europe & Central Asia,High income: OECD,True
U0737,university of trieste,Italy,IT,italy,,,11.7,4.0,3.6,43.3,7.9,7.3,14.6,2.6,True,,43.6,31.9,25.1,74.2,52.3,52.0,26.0,7.0,57.0,True,501.0,40.65,28.5,25.5,63.8,39.0,47.5,24.9,7.0,57.0,True,italy,ITA,Italy,Italian Republic,IT,Europe & Central Asia,High income: OECD,True
U0738,universitat rovira i virgili,Spain,ES,spain,,,6.4,2.3,15.2,37.9,19.0,7.2,1.8,31.6,True,,,,,,,,,,,False,,,,,,,,,,,False,spain,ESP,Spain,Kingdom of Spain,ES,Europe & Central Asia,High income: OECD,True
U0739,université côte d\'azur,France,FR,france,,,15.5,4.1,5.7,18.3,38.3,29.3,8.9,18.4,True,,,,,,,,,,,False,,,,,,,,,,,False,france,FRA,France,French Republic,FR,Europe & Central Asia,High income: OECD,True
U0740,university of belgrade,Serbia,RS,serbia,,,17.6,8.4,4.6,5.3,4.0,2.8,96.4,3.7,True,,34.8,21.3,27.0,49.4,34.0,42.3,18.2,5.0,62.0,True,801.0,31.85,21.1,33.0,44.5,42.9,43.4,18.9,5.0,62.0,True,serbia,SRB,Serbia,Republic of Serbia,RS,Europe & Central Asia,Upper middle income,True
U0741,altai state university,Russia,RU,russia,,,11.7,3.3,87.5,1.4,60.0,6.3,1.9,10.1,True,,16.2,20.5,16.5,15.2,25.2,64.4,19.0,27.0,56.0,True,,,,,,,,,,,False,russia,RUS,Russia,Russian Federation,RU,Europe & Central Asia,High income: nonOECD,True
U0742,carleton university,Canada,CA,canada,,,11.1,13.5,3.8,15.6,43.7,13.2,34.3,26.3,True,,43.6,22.6,31.2,67.0,75.5,77.2,29.4,21.0,50.0,True,601.0,36.6,21.5,30.5,50.4,43.0,72.2,29.7,22.0,49.0,True,canada,CAN,Canada,Canada,CA,North America,High income: OECD,True
U0743,universidad católica andres bello,Venezuela,VE,venezuela,,,28.4,50.8,4.3,1.0,2.7,3.5,18.9,,True,,,,,,,,,,,False,,,,,,,,,,,False,venezuela,VEN,Venezuela,República Bolivariana de Venezuela,VE,Latin America & Caribbean,Upper middle income,True
U0744,universidad de montevideo (um),Uruguay,UY,uruguay,,,18.6,16.1,79.7,1.1,3.1,21.5,6.5,,True,,,,,,,,,,,False,,,,,,,,,,,False,uruguay,URY,Uruguay,Oriental Republic of Uruguay,UY,Latin America & Caribbean,High income: nonOECD,True
U0745,universität regensburg,Germany,DE,germany,,,10.3,6.0,80.0,6.1,8.5,,15.3,2.0,True,,,,,,,,,,,False,,,,,,,,,,,False,germany,DEU,Germany,Federal Republic of Germany,DE,Europe & Central Asia,High income: OECD,True
U0746,universiti malaysia pahang,Malaysia,MY,malaysia,,,10.8,5.3,15.8,35.0,8.6,22.1,4.0,17.7,True,,,,,,,,,,,False,801.0,31.85,19.8,18.2,58.7,39.6,51.5,13.3,7.0,48.0,True,malaysia,MYS,Malaysia,Malaysia,MY,East Asia & Pacific,Upper middle income,True
U0747,university of central florida,United States,US,united states,,,13.7,23.0,2.9,23.6,4.3,9.5,9.2,12.1,True,,47.2,28.5,34.4,74.7,78.3,39.9,39.1,4.0,57.0,True,601.0,36.6,26.1,29.5,60.1,46.0,34.4,36.1,5.0,56.0,True,united states,USA,United States,United States of America,US,North America,High income: OECD,True
U0748,university of the west of england,United Kingdom,GB,united kingdom,,,9.0,9.0,7.5,11.9,75.3,46.9,2.1,14.3,True,,43.6,19.5,15.0,82.6,30.2,78.6,15.9,25.0,52.0,True,401.0,43.5,18.3,14.6,92.9,37.6,72.9,15.9,23.0,53.0,True,united kingdom,GBR,United Kingdom,United Kingdom of Great Britain and Northern Ireland,GB,Europe & Central Asia,High income: OECD,True
U0749,university of westminster,United Kingdom,GB,united kingdom,,,11.5,6.8,5.7,5.1,100.0,77.4,21.7,1.7,True,,34.8,19.4,18.1,55.3,40.0,87.1,19.8,48.0,60.0,True,1001.0,27.05,18.6,18.4,35.9,37.3,82.9,20.8,50.0,61.0,True,united kingdom,GBR,United Kingdom,United Kingdom of Great Britain and Northern Ireland,GB,Europe & Central Asia,High income: OECD,True
U0750,v. n. karazin kharkiv national university,Ukraine,UA,ukraine,,,12.6,16.9,64.6,1.4,55.7,3.3,4.0,4.9,True,,,,,,,,,,,False,,,,,,,,,,,False,ukraine,UKR,Ukraine,Ukraine,UA,Europe & Central Asia,Lower middle income,True
U0751,victoria university,Australia,AU,australia,,,6.9,6.1,2.4,34.1,41.5,32.7,6.4,34.8,True,,47.2,27.4,29.9,73.1,57.2,75.5,40.0,19.0,57.0,True,501.0,40.65,25.5,26.9,63.6,44.5,79.1,45.2,25.0,55.0,True,australia,AUS,Australia,Commonwealth of Australia,AU,East Asia & Pacific,High income: OECD,True
U0752,vytautas magnus university,Lithuania,LT,lithuania,,,10.4,16.8,41.8,2.4,47.8,26.7,21.6,6.7,True,,25.5,22.4,12.3,27.4,20.9,61.9,11.2,15.0,61.0,True,1201.0,21.35,18.3,12.4,15.5,37.0,67.7,11.3,14.0,61.0,True,lithuania,LTU,Lithuania,Republic of Lithuania,LT,Europe & Central Asia,High income: nonOECD,True
U0753,wake forest university,United States,US,united states,,,5.1,6.3,100.0,8.6,10.9,3.2,15.4,1.7,True,,47.2,39.6,22.0,80.6,78.5,38.7,4.1,9.0,54.0,True,351.0,45.95,39.4,20.2,81.9,45.7,33.0,4.0,10.0,54.0,True,united states,USA,United States,United States of America,US,North America,High income: OECD,True
U0754,instituto tecnológico autónomo de méxico (itam),Mexico,MX,mexico,,,15.2,31.0,13.9,1.6,1.4,51.0,77.1,1.0,True,,,,,,,,,,,False,,,,,,,,,,,False,mexico,MEX,Mexico,United Mexican States,MX,Latin America & Caribbean,Upper middle income,True
U0755,kaunas university of technology,Lithuania,LT,lithuania,,,11.2,18.5,31.1,7.9,28.6,3.5,23.2,16.1,True,,25.5,22.2,15.3,39.0,36.9,39.2,13.3,8.0,36.0,True,1201.0,21.35,18.2,15.9,21.3,43.8,44.3,14.2,8.0,34.0,True,lithuania,LTU,Lithuania,Republic of Lithuania,LT,Europe & Central Asia,High income: nonOECD,True
U0756,technische universität braunschweig,Germany,DE,germany,,,10.9,14.3,55.5,5.5,24.2,,12.6,7.3,True,,,,,,,,,,,False,,,,,,,,,,,False,germany,DEU,Germany,Federal Republic of Germany,DE,Europe & Central Asia,High income: OECD,True
U0757,tokyo university of science,Japan,JP,japan,,,10.4,51.5,9.4,10.0,3.7,12.5,41.0,2.4,True,,25.5,24.0,26.1,26.4,74.0,29.1,24.0,4.0,25.0,True,1201.0,21.35,22.3,24.4,11.3,47.2,24.5,24.3,3.0,25.0,True,japan,JPN,Japan,Japan,JP,East Asia & Pacific,High income: OECD,True
U0758,universidade de brasília,Brazil,BR,brazil,,,25.3,7.9,7.1,4.2,1.5,10.8,29.6,35.1,True,,,,,,,,,,,False,,,,,,,,,,,False,brazil,BRA,Brazil,Federative Republic of Brazil,BR,Latin America & Caribbean,Upper middle income,True
U0759,universita' politecnica delle marche,Italy,IT,italy,,,5.9,2.8,10.1,48.4,6.3,4.9,1.9,6.4,True,,,,,,,,,,,False,,,,,,,,,,,False,italy,ITA,Italy,Italian Republic,IT,Europe & Central Asia,High income: OECD,True
U0760,university of calcutta,India,IN,india,,,17.1,6.5,5.5,21.4,1.1,24.7,49.8,1.5,True,,30.450000000000003,40.0,15.2,33.7,30.3,19.3,14.2,0.0,54.0,True,1001.0,27.05,39.3,14.7,21.4,43.0,16.6,15.6,0.0,51.0,True,india,IND,India,Republic of India,IN,South Asia,Lower middle income,True
U0761,university of engineering & technology (uet) lahore,Pakistan,PK,pakistan,,,10.0,43.2,18.0,6.7,1.8,1.1,47.7,7.5,True,,30.450000000000003,18.8,9.9,53.5,24.1,50.6,13.4,2.0,29.0,True,1001.0,27.05,16.4,9.9,41.5,37.3,46.6,13.9,3.0,23.0,True,pakistan,PAK,Pakistan,Islamic Republic of Pakistan,PK,South Asia,Lower middle income,True
U0762,university of malta,Malta,MT,malta,,,6.1,4.6,31.7,7.2,19.2,18.0,95.9,1.9,True,,34.8,23.4,16.2,60.6,20.5,53.8,12.3,14.0,59.0,True,801.0,31.85,19.6,16.7,53.4,37.5,62.6,10.7,13.0,60.0,True,malta,MLT,Malta,Republic of Malta,MT,Middle East & North Africa,High income: nonOECD,True
U0763,university of messina (unime),Italy,IT,italy,,,8.4,2.3,14.2,36.7,6.0,1.3,1.6,36.6,True,,,,,,,,,,,False,,,,,,,,,,,False,italy,ITA,Italy,Italian Republic,IT,Europe & Central Asia,High income: OECD,True
U0764,"adam mickiewicz university, poznan",Poland,PL,poland,,,16.0,9.1,33.3,4.8,8.3,7.7,7.5,31.6,True,,,,,,,,,,,False,,,,,,,,,,,False,poland,POL,Poland,Republic of Poland,PL,Europe & Central Asia,High income: OECD,True
U0765,bangladesh university of engineering and technology,Bangladesh,BD,bangladesh,,,16.9,36.6,13.6,14.9,1.0,,22.2,1.2,True,,30.450000000000003,21.7,15.8,50.7,35.2,29.8,13.2,0.0,22.0,True,1201.0,21.35,18.1,13.4,33.0,37.8,25.7,13.0,0.0,22.0,True,bangladesh,BGD,Bangladesh,People's Republic of Bangladesh,BD,South Asia,Low income,True
U0766,king faisal university,Saudi Arabia,SA,saudi arabia,,,16.4,12.7,14.5,2.7,3.9,98.0,8.7,1.5,True,,34.8,19.9,12.2,68.0,31.4,75.5,14.5,2.0,60.0,True,801.0,31.85,18.4,9.4,55.4,43.0,74.1,13.1,2.0,67.0,True,saudi arabia,SAU,Saudi Arabia,Kingdom of Saudi Arabia,SA,Middle East & North Africa,High income: nonOECD,True
U0767,nanjing university of aeronautics and astronautics,China (Mainland),CN,china,,,5.5,3.4,12.4,57.8,3.0,5.3,1.4,1.6,True,,39.4,28.2,31.6,50.1,71.4,24.7,15.4,3.0,53.0,True,1001.0,27.05,22.0,26.1,23.1,69.5,20.8,15.6,3.0,30.0,True,china,CHN,China,People's Republic of China,CN,East Asia & Pacific,Upper middle income,True
U0768,university of cincinnati,United States,US,united states,,,11.0,6.0,19.4,22.9,12.4,4.3,25.3,22.5,True,,,,,,,,,,,False,,,,,,,,,,,False,united states,USA,United States,United States of America,US,North America,High income: OECD,True
U0769,"university of colorado, denver",United States,US,united states,,,8.2,6.1,100.0,3.6,8.1,3.4,5.6,3.8,True,,,,,,,,,,,False,,,,,,,,,,,False,united states,USA,United States,United States of America,US,North America,High income: OECD,True
U0770,university of patras,Greece,GR,greece,,,11.7,17.1,2.7,27.0,4.8,1.4,3.7,44.9,True,,34.8,19.0,17.8,56.2,68.4,35.1,29.4,5.0,51.0,True,1001.0,27.05,16.9,16.6,43.7,40.9,38.1,25.6,6.0,51.0,True,greece,GRC,Greece,Hellenic Republic,GR,Europe & Central Asia,High income: OECD,True
U0771,addis ababa university,Ethiopia,ET,ethiopia,,,6.4,9.3,58.8,1.7,,,95.5,3.3,True,,,,,,,,,,,False,601.0,36.6,19.6,12.4,79.5,41.9,46.6,14.8,0.0,29.0,True,ethiopia,ETH,Ethiopia,Federal Democratic Republic of Ethiopia,ET,Sub-Saharan Africa,Low income,True
U0772,bournemouth university,United Kingdom,GB,united kingdom,,,5.8,6.4,6.1,16.4,47.1,80.3,4.8,5.3,True,,47.2,23.2,21.1,86.7,38.4,89.0,19.1,21.0,53.0,True,251.0,50.0,32.6,20.7,88.4,37.5,84.0,18.6,21.0,53.0,True,united kingdom,GBR,United Kingdom,United Kingdom of Great Britain and Northern Ireland,GB,Europe & Central Asia,High income: OECD,True
U0773,chiba university,Japan,JP,japan,,,16.6,8.5,66.1,8.8,4.3,7.5,3.8,8.7,True,,34.8,33.2,20.9,42.0,68.9,33.9,8.9,6.0,38.0,True,1001.0,27.05,26.5,18.3,32.8,41.4,28.7,8.5,5.0,38.0,True,japan,JPN,Japan,Japan,JP,East Asia & Pacific,High income: OECD,True
U0774,china university of geosciences,China (Mainland),CN,china,,,5.1,1.4,53.6,31.8,2.7,1.5,1.4,4.0,True,,,,,,,,,,,False,,,,,,,,,,,False,china,CHN,China,People's Republic of China,CN,East Asia & Pacific,Upper middle income,True
U0775,colegio de méxico,Mexico,MX,mexico,,,14.9,2.5,100.0,1.7,16.4,8.5,3.2,1.0,True,,,,,,,,,,,False,,,,,,,,,,,False,mexico,MEX,Mexico,United Mexican States,MX,Latin America & Caribbean,Upper middle income,True
U0776,holy spirit university of kaslik,Lebanon,LB,lebanon,,,6.7,6.4,62.3,2.1,37.8,98.9,5.7,1.1,True,,,,,,,,,,,False,,,,,,,,,,,False,lebanon,LBN,Lebanon,Lebanese Republic,LB,Middle East & North Africa,Upper middle income,True
U0777,universidad del rosario,Colombia,CO,colombia,,,15.8,28.5,24.2,2.5,2.7,7.2,41.1,24.5,True,,,,,,,,,,,False,,,,,,,,,,,False,colombia,COL,Colombia,Republic of Colombia,CO,Latin America & Caribbean,Upper middle income,True
U0778,université de tunis el manar,Tunisia,TN,tunisia,,,9.4,4.3,26.0,5.1,7.8,39.5,54.1,16.3,True,,,,,,,,,,,False,,,,,,,,,,,False,tunisia,TUN,Tunisia,Republic of Tunisia,TN,Middle East & North Africa,Upper middle income,True
U0779,"university of maryland, baltimore county",United States,US,united states,,,10.2,6.8,14.1,13.5,25.8,49.8,4.5,57.7,True,,39.4,28.8,24.6,61.5,66.8,50.1,17.2,11.0,46.0,True,601.0,36.6,23.0,22.2,58.4,37.9,37.7,16.8,8.0,46.0,True,united states,USA,United States,United States of America,US,North America,High income: OECD,True
U0780,university of pecs,Hungary,HU,hungary,,,14.3,11.9,41.4,2.8,64.3,9.3,4.0,11.3,True,,,,,,,,,,,False,,,,,,,,,,,False,hungary,HUN,Hungary,Hungary,HU,Europe & Central Asia,Upper middle income,True
U0781,verona university,Italy,IT,italy,,,9.1,2.7,4.1,41.6,4.2,4.5,3.1,22.5,True,,47.2,29.6,26.2,84.1,67.0,46.0,26.0,4.0,64.0,True,351.0,45.95,31.4,26.0,80.0,45.5,42.4,23.8,4.0,64.0,True,italy,ITA,Italy,Italian Republic,IT,Europe & Central Asia,High income: OECD,True
U0782,babes-bolyai university,Romania,RO,romania,,,15.5,19.5,5.3,4.4,3.8,7.8,26.7,42.7,True,,,,,,,,,,,False,,,,,,,,,,,False,romania,ROU,Romania,Romania,RO,Europe & Central Asia,Upper middle income,True
U0783,kasetsart university,Thailand,TH,thailand,,,25.2,18.6,6.5,2.5,1.3,4.3,18.5,33.9,True,,16.2,18.1,12.6,23.5,25.7,33.8,18.7,1.0,62.0,True,1501.0,14.35,19.2,11.4,13.4,42.0,32.2,18.4,1.0,63.0,True,thailand,THA,Thailand,Kingdom of Thailand,TH,East Asia & Pacific,Upper middle income,True
U0784,national university of uzbekistan,Uzbekistan,UZ,uzbekistan,,,25.5,15.8,5.2,1.3,2.5,89.0,20.4,1.4,True,,,,,,,,,,,False,,,,,,,,,,,False,uzbekistan,UZB,Uzbekistan,Republic of Uzbekistan,UZ,Europe & Central Asia,Lower middle income,True
U0785,qassim university,Saudi Arabia,SA,saudi arabia,,,10.6,5.0,33.9,1.8,7.9,98.3,2.4,9.3,True,,34.8,36.0,20.4,42.8,21.6,80.2,10.2,7.0,62.0,True,1201.0,21.35,20.1,8.7,26.4,40.2,76.7,10.2,6.0,62.0,True,saudi arabia,SAU,Saudi Arabia,Kingdom of Saudi Arabia,SA,Middle East & North Africa,High income: nonOECD,True
U0786,texas tech university,United States,US,united states,,,10.9,10.6,6.2,11.3,9.6,36.6,13.7,55.4,True,,39.4,30.7,20.9,56.9,58.0,58.9,21.1,6.0,50.0,True,801.0,31.85,29.7,19.2,42.9,37.6,50.5,19.4,7.0,49.0,True,united states,USA,United States,United States of America,US,North America,High income: OECD,True
U0787,the new school,United States,US,united states,,,15.2,8.2,41.1,2.6,92.3,5.7,13.5,1.0,True,,34.8,29.8,15.5,45.8,27.2,61.1,9.3,34.0,73.0,True,801.0,31.85,25.2,14.5,47.2,37.0,53.0,9.7,35.0,74.0,True,united states,USA,United States,United States of America,US,North America,High income: OECD,True
U0788,universidad de belgrano,Argentina,AR,argentina,,,9.4,12.7,86.6,1.0,24.1,5.4,37.4,,True,,,,,,,,,,,False,,,,,,,,,,,False,argentina,ARG,Argentina,Argentine Republic,AR,Latin America & Caribbean,Upper middle income,True
U0789,universidade federal de santa catarina,Brazil,BR,brazil,,,19.3,4.8,19.2,8.5,2.2,4.1,17.3,52.1,True,,34.8,32.5,21.6,41.6,64.2,35.3,17.7,2.0,49.0,True,1001.0,27.05,30.2,19.2,35.9,54.4,30.1,16.1,2.0,49.0,True,brazil,BRA,Brazil,Federative Republic of Brazil,BR,Latin America & Caribbean,Upper middle income,True
U0790,university of latvia,Latvia,LV,latvia,,,11.5,16.7,5.9,5.3,5.1,12.1,90.4,9.8,True,,30.450000000000003,18.6,27.1,40.3,42.5,47.6,30.2,7.0,69.0,True,801.0,31.85,18.6,27.6,45.3,47.0,54.7,32.7,7.0,68.0,True,latvia,LVA,Latvia,Republic of Latvia,LV,Europe & Central Asia,High income: nonOECD,True
U0791,university of mons,Belgium,BE,belgium,,,7.1,7.0,3.4,37.3,33.7,35.0,6.1,1.6,True,,43.6,24.8,32.5,63.9,64.0,71.5,28.1,18.0,56.0,True,501.0,40.65,23.1,27.0,60.1,41.3,69.9,26.9,17.0,57.0,True,belgium,BEL,Belgium,Kingdom of Belgium,BE,Europe & Central Asia,High income: OECD,True
U0792,zürcher hochschule winterthur,Switzerland,CH,switzerland,,,5.4,6.6,75.0,2.7,12.8,65.9,5.3,1.6,True,,,,,,,,,,,False,,,,,,,,,,,False,switzerland,CHE,Switzerland,Switzerland,CH,Europe & Central Asia,High income: OECD,True
U0793,alfaisal university,Saudi Arabia,SA,saudi arabia,,,4.8,3.0,21.6,10.6,89.0,100.0,4.4,1.1,True,,43.6,24.1,15.2,72.7,42.1,97.7,10.8,32.0,56.0,True,301.0,47.85,20.2,22.1,91.6,43.4,96.7,10.2,32.0,59.0,True,saudi arabia,SAU,Saudi Arabia,Kingdom of Saudi Arabia,SA,Middle East & North Africa,High income: nonOECD,True
U0794,ivane javakhishvili tbilisi state university,Georgia,GE,georgia,,,10.4,1.2,73.9,1.2,3.2,1.9,88.4,1.0,True,,16.2,15.9,11.3,22.2,18.0,46.7,30.6,3.0,61.0,True,1501.0,14.35,15.4,10.6,5.1,37.4,42.5,29.1,3.0,61.0,True,georgia,GEO,Georgia,Georgia,GE,Europe & Central Asia,Lower middle income,True
U0795,keele university,United Kingdom,GB,united kingdom,,,6.0,4.4,14.4,26.2,30.7,51.6,6.9,3.1,True,,43.6,21.5,24.6,73.3,66.1,81.3,15.8,15.0,60.0,True,501.0,40.65,21.1,24.8,68.4,37.5,73.1,15.3,16.0,59.0,True,united kingdom,GBR,United Kingdom,United Kingdom of Great Britain and Northern Ireland,GB,Europe & Central Asia,High income: OECD,True
U0796,new jersey institute of technology (njit),United States,US,united states,,,4.8,6.7,10.2,30.4,52.9,31.5,5.1,26.5,True,,,,,,,,,,,False,,,,,,,,,,,False,united states,USA,United States,United States of America,US,North America,High income: OECD,True
U0797,sechenov university,Russia,RU,russia,,,5.3,5.0,57.4,4.3,63.0,9.0,1.9,1.0,True,,34.8,32.6,17.1,47.7,39.4,62.1,8.1,26.0,69.0,True,,,,,,,,,,,False,russia,RUS,Russia,Russian Federation,RU,Europe & Central Asia,High income: nonOECD,True
U0798,universidad de antioquia,Colombia,CO,colombia,,,29.1,20.8,4.1,4.3,1.2,3.7,20.4,2.9,True,,,,,,,,,,,False,,,,,,,,,,,False,colombia,COL,Colombia,Republic of Colombia,CO,Latin America & Caribbean,Upper middle income,True
U0799,university of kentucky,United States,US,united states,,,11.1,9.8,15.3,23.5,3.3,12.9,13.9,10.1,True,,47.2,41.3,30.8,71.8,70.9,46.8,11.3,3.0,58.0,True,501.0,40.65,36.1,27.3,59.2,40.4,39.0,11.2,4.0,57.0,True,united states,USA,United States,United States of America,US,North America,High income: OECD,True
U0800,university of new mexico,United States,US,united states,,,10.5,8.0,43.5,14.9,4.0,8.2,7.3,11.0,True,,,,,,,,,,,False,,,,,,,,,,,False,united states,USA,United States,United States of America,US,North America,High income: OECD,True
U0801,vellore institute of technology (vit),India,IN,india,,,12.7,16.1,7.3,18.9,2.9,8.9,6.1,29.6,True,,,,,,,,,,,False,,,,,,,,,,,False,india,IND,India,Republic of India,IN,South Asia,Lower middle income,True
U0802,wayne state university,United States,US,united states,,,7.6,3.4,62.1,10.6,5.4,13.3,19.4,3.1,True,,43.6,36.4,20.4,70.2,79.3,41.8,13.0,5.0,61.0,True,501.0,40.65,34.0,18.6,67.2,48.8,35.3,11.9,5.0,59.0,True,united states,USA,United States,United States of America,US,North America,High income: OECD,True
U0803,al-ahliyya amman university,Jordan,JO,jordan,,,9.6,10.1,9.4,2.7,100.0,75.5,4.6,1.5,True,,,,,,,,12.1,60.0,49.0,True,,,,,,,,11.8,57.0,50.0,True,jordan,JOR,Jordan,Hashemite Kingdom of Jordan,JO,Middle East & North Africa,Upper middle income,True
U0804,alexandria university,Egypt,EG,egypt,,,23.1,18.3,4.5,2.0,4.8,1.7,24.3,6.9,True,,34.8,17.9,17.7,58.2,27.2,51.4,28.7,4.0,52.0,True,801.0,31.85,18.6,13.7,56.2,40.7,46.1,28.2,4.0,52.0,True,egypt,EGY,Egypt,Arab Republic of Egypt,EG,Middle East & North Africa,Lower middle income,True
U0805,ankara üniversitesi,Turkey,TR,turkey,,,20.2,16.8,7.8,2.6,4.6,2.3,53.5,2.9,True,,,,,,,,,,,False,,,,,,,,,,,False,turkey,TUR,Turkey,Republic of Turkey,TR,Europe & Central Asia,Upper middle income,True
U0806,asia university taiwan,Taiwan,TW,taiwan,,,5.9,1.8,3.6,52.5,3.2,9.9,2.0,1.7,True,,,,,,,,,,,False,,,,,,,,,,,False,taiwan,,,,,,,False
U0807,beijing university of technology,China (Mainland),CN,china,,,7.7,4.9,38.2,33.1,1.8,4.7,4.2,1.6,True,,,,,,,,,,,False,,,,,,,,,,,False,china,CHN,China,People's Republic of China,CN,East Asia & Pacific,Upper middle income,True
U0808,belarusian national technical university (bntu),Belarus,BY,belarus,,,14.8,26.7,51.0,1.0,34.1,2.1,5.6,,True,,,,,,,,,,,False,,,,,,,,,,,False,belarus,BLR,Belarus,Republic of Belarus,BY,Europe & Central Asia,Upper middle income,True
U0809,"birla institute of technology and science, pilani",India,IN,india,,,11.0,19.7,8.0,20.4,2.5,2.2,25.4,30.4,True,,34.8,23.7,17.0,67.4,31.7,25.1,16.2,2.0,20.0,True,801.0,31.85,20.3,11.3,63.8,38.2,19.8,18.1,2.0,19.0,True,india,IND,India,Republic of India,IN,South Asia,Lower middle income,True
U0810,edinburgh napier university,United Kingdom,GB,united kingdom,,,5.0,5.0,4.0,11.8,86.0,77.5,4.9,2.2,True,,43.6,18.1,18.4,77.9,47.7,93.7,22.4,34.0,52.0,True,401.0,43.5,17.9,17.0,81.3,37.0,87.8,20.4,35.0,53.0,True,united kingdom,GBR,United Kingdom,United Kingdom of Great Britain and Northern Ireland,GB,Europe & Central Asia,High income: OECD,True
U0811,gdansk university of technology,Poland,PL,poland,,,9.4,15.2,29.6,12.7,4.0,5.3,3.2,33.3,True,,,,,,,,,,,False,,,,,,,,,,,False,poland,POL,Poland,Republic of Poland,PL,Europe & Central Asia,High income: OECD,True
U0812,huazhong agricultural university,China (Mainland),CN,china,,,4.2,2.1,6.0,59.7,1.6,3.7,3.0,2.9,True,,,,,,,,,,,False,,,,,,,,,,,False,china,CHN,China,People's Republic of China,CN,East Asia & Pacific,Upper middle income,True
U0813,immanuel kant baltic federal university,Russia,RU,russia,,,7.6,2.5,79.4,1.8,40.2,21.8,1.9,1.2,True,,25.5,35.9,18.8,16.9,34.4,62.4,17.1,19.0,59.0,True,,,,,,,,,,,False,russia,RUS,Russia,Russian Federation,RU,Europe & Central Asia,High income: nonOECD,True
U0814,instituto politécnico nacional (ipn),Mexico,MX,mexico,,,19.1,28.8,9.1,2.0,1.1,2.2,6.8,35.7,True,,16.2,20.7,9.9,14.5,26.7,25.5,13.0,0.0,42.0,True,1501.0,14.35,18.4,10.6,12.5,43.0,25.2,12.6,0.0,42.0,True,mexico,MEX,Mexico,United Mexican States,MX,Latin America & Caribbean,Upper middle income,True
U0815,jouf university,Saudi Arabia,SA,saudi arabia,,,11.7,5.1,37.1,2.3,2.6,100.0,2.4,1.0,True,,39.4,30.5,18.3,58.3,21.3,76.7,9.6,3.0,64.0,True,601.0,36.6,27.3,17.7,47.7,38.4,75.0,9.8,3.0,60.0,True,saudi arabia,SAU,Saudi Arabia,Kingdom of Saudi Arabia,SA,Middle East & North Africa,High income: nonOECD,True
U0816,khoja akhmet yassawi international kazakh-turkish university,Kazakhstan,KZ,kazakhstan,,,16.7,27.9,44.6,1.2,16.3,7.1,7.7,1.5,True,,,,,,,,,,,False,,,,,,,,,,,False,kazakhstan,KAZ,Kazakhstan,Republic of Kazakhstan,KZ,Europe & Central Asia,Upper middle income,True
U0817,kuwait university,Kuwait,KW,kuwait,,,14.7,7.9,6.8,2.9,19.4,20.4,93.8,17.1,True,,30.450000000000003,19.5,9.9,55.5,28.9,66.4,14.7,13.0,73.0,True,801.0,31.85,18.2,10.2,61.5,38.9,68.5,15.2,15.0,76.0,True,kuwait,KWT,Kuwait,State of Kuwait,KW,Middle East & North Africa,High income: nonOECD,True
U0818,liverpool john moores university,United Kingdom,GB,united kingdom,,,10.0,6.8,8.0,12.3,22.4,46.7,5.4,13.6,True,,43.6,21.6,19.3,77.7,35.4,83.0,18.1,16.0,54.0,True,401.0,43.5,20.9,19.0,81.2,37.4,77.2,17.4,16.0,54.0,True,united kingdom,GBR,United Kingdom,United Kingdom of Great Britain and Northern Ireland,GB,Europe & Central Asia,High income: OECD,True
U0819,london south bank university,United Kingdom,GB,united kingdom,,,3.3,2.9,9.1,4.4,96.8,87.1,8.5,15.4,True,,39.4,18.6,12.4,65.9,52.4,92.3,17.5,37.0,56.0,True,601.0,36.6,18.0,12.1,63.5,37.5,87.7,16.8,35.0,56.0,True,united kingdom,GBR,United Kingdom,United Kingdom of Great Britain and Northern Ireland,GB,Europe & Central Asia,High income: OECD,True
U0820,maynooth university,Ireland,IE,ireland,,,10.4,7.7,9.2,12.7,16.7,87.4,9.2,6.4,True,,47.2,21.1,30.7,77.0,58.3,74.8,28.5,12.0,56.0,True,401.0,43.5,21.7,28.9,71.7,39.5,82.5,28.5,15.0,55.0,True,ireland,IRL,Ireland,Ireland,IE,Europe & Central Asia,High income: OECD,True
U0821,"national technical university of ukraine ""igor sikorsky kyiv polytechnic institute""",Ukraine,UA,ukraine,,,16.2,31.8,37.4,1.5,2.0,1.0,21.3,4.3,True,,,,,,,,,,,False,,,,,,,,,,,False,ukraine,UKR,Ukraine,Ukraine,UA,Europe & Central Asia,Lower middle income,True
U0822,ocean university of china,China (Mainland),CN,china,,,5.4,2.7,9.4,50.5,1.9,3.2,3.0,4.0,True,,,,,,,,,,,False,,,,,,,,,,,False,china,CHN,China,People's Republic of China,CN,East Asia & Pacific,Upper middle income,True
U0823,philipps-universität marburg,Germany,DE,germany,,,12.7,8.8,5.2,25.0,20.7,14.9,4.8,5.1,True,,,,,,,,,,,False,,,,,,,,,,,False,germany,DEU,Germany,Federal Republic of Germany,DE,Europe & Central Asia,High income: OECD,True
U0824,pontificia universidad católica de valparaíso,Chile,CL,chile,,,27.0,24.4,4.7,6.6,1.6,11.3,8.7,1.6,True,,,,,,,,,,,False,,,,,,,,,,,False,chile,CHL,Chile,Republic of Chile,CL,Latin America & Caribbean,High income: OECD,True
U0825,rutgers universitynewark,United States,US,united states,,,10.1,4.9,17.5,17.6,32.7,25.3,36.9,29.3,True,,,,,,,,,,,False,,,,,,,,,,,False,united states,USA,United States,United States of America,US,North America,High income: OECD,True
U0826,syracuse university,United States,US,united states,,,12.9,8.7,11.6,10.6,39.3,5.8,42.7,11.6,True,,47.2,33.8,28.2,73.3,72.7,56.5,14.1,21.0,53.0,True,401.0,43.5,34.9,28.0,64.3,37.2,50.7,14.9,23.0,52.0,True,united states,USA,United States,United States of America,US,North America,High income: OECD,True
U0827,the catholic university of korea,South Korea,KR,south korea,,,4.5,2.9,98.6,14.1,22.5,3.8,1.9,6.5,True,,39.4,30.7,38.7,42.9,89.9,36.2,17.9,7.0,57.0,True,1201.0,21.35,25.1,18.9,24.9,41.2,20.1,7.1,4.0,60.0,True,korea,KOR,Korea,Republic of Korea,KR,East Asia & Pacific,High income: OECD,True
U0828,toronto metropolitan university,Canada,CA,canada,,,8.0,12.0,1.8,26.4,8.1,35.4,15.1,3.8,True,,39.4,19.5,32.3,57.3,70.3,62.1,42.8,9.0,55.0,True,801.0,31.85,19.7,30.8,36.5,40.5,59.0,42.4,8.0,56.0,True,canada,CAN,Canada,Canada,CA,North America,High income: OECD,True
U0829,tu dortmund university,Germany,DE,germany,,,14.1,16.0,28.1,6.2,17.1,22.4,6.8,3.7,True,,47.2,35.7,42.2,62.3,72.0,57.3,56.0,15.0,49.0,True,501.0,40.65,35.9,43.2,43.7,46.1,44.2,74.8,10.0,47.0,True,germany,DEU,Germany,Federal Republic of Germany,DE,Europe & Central Asia,High income: OECD,True
U0830,universidad anáhuac méxico,Mexico,MX,mexico,,,13.1,20.4,50.0,1.1,3.0,5.3,61.8,1.0,True,,,,,,,,,,,False,,,,,,,,,,,False,mexico,MEX,Mexico,United Mexican States,MX,Latin America & Caribbean,Upper middle income,True
U0831,universidad iberoamericana ibero,Mexico,MX,mexico,,,18.5,24.3,32.3,1.3,2.2,5.4,63.6,1.1,True,,,,,,,,,,,False,,,,,,,,,,,False,mexico,MEX,Mexico,United Mexican States,MX,Latin America & Caribbean,Upper middle income,True
U0832,universidad san francisco de quito (usfq),Ecuador,EC,ecuador,,,16.0,8.6,40.1,2.4,1.9,53.1,13.2,21.5,True,,,,,,,,,,,False,,,,,,,,,,,False,ecuador,ECU,Ecuador,Republic of Ecuador,EC,Latin America & Caribbean,Upper middle income,True
U0833,università degli studi di perugia,Italy,IT,italy,,,9.1,2.3,3.5,40.9,5.4,6.4,1.7,11.5,True,,,,,,,,,,,False,,,,,,,,,,,False,italy,ITA,Italy,Italian Republic,IT,Europe & Central Asia,High income: OECD,True
U0834,universitas brawijaya,Indonesia,ID,indonesia,,,19.2,42.4,11.5,1.4,1.4,13.7,13.1,9.0,True,,,,,,,,,,,False,,,,,,,,,,,False,indonesia,IDN,Indonesia,Republic of Indonesia,ID,East Asia & Pacific,Lower middle income,True
U0835,universität duisburg-essen,Germany,DE,germany,,,11.3,4.2,13.2,11.2,39.4,35.0,12.2,5.9,True,,,,,,,,,,,False,,,,,,,,,,,False,germany,DEU,Germany,Federal Republic of Germany,DE,Europe & Central Asia,High income: OECD,True
U0836,universität rostock,Germany,DE,germany,,,7.3,2.9,84.4,5.2,13.2,,4.4,3.4,True,,,,,,,,,,,False,,,,,,,,,,,False,germany,DEU,Germany,Federal Republic of Germany,DE,Europe & Central Asia,High income: OECD,True
U0837,université de lorraine,France,FR,france,,,13.6,3.3,7.0,12.9,27.4,27.6,14.8,11.8,True,,,,,,,,,,,False,,,,,,,,,,,False,france,FRA,France,French Republic,FR,Europe & Central Asia,High income: OECD,True
U0838,universiti tunku abdul rahman (utar),Malaysia,MY,malaysia,,,14.0,30.9,12.4,5.8,4.9,12.7,3.8,26.5,True,,30.450000000000003,16.8,17.1,48.1,53.6,45.3,17.2,9.0,51.0,True,1001.0,27.05,16.1,14.9,49.8,39.7,35.6,15.8,3.0,51.0,True,malaysia,MYS,Malaysia,Malaysia,MY,East Asia & Pacific,Upper middle income,True
U0839,university of alaska fairbanks,United States,US,united states,,,2.7,2.0,98.8,12.9,3.0,4.8,4.2,2.5,True,,43.6,34.5,31.0,63.1,47.5,70.1,7.9,6.0,55.0,True,401.0,43.5,29.1,24.9,70.0,47.7,60.0,7.2,6.0,53.0,True,united states,USA,United States,United States of America,US,North America,High income: OECD,True
U0840,university of alicante,Spain,ES,spain,,,13.5,6.7,25.3,7.7,12.8,7.3,7.6,31.3,True,,30.450000000000003,25.0,19.8,43.8,51.6,44.6,14.5,10.0,59.0,True,1201.0,21.35,20.3,18.4,23.1,39.3,41.3,14.4,10.0,58.0,True,spain,ESP,Spain,Kingdom of Spain,ES,Europe & Central Asia,High income: OECD,True
U0841,university of baghdad,Iraq,IQ,iraq,,,11.0,16.9,24.6,1.5,1.1,2.4,72.7,3.1,True,,16.2,25.1,12.6,19.8,28.5,20.2,13.3,0.0,57.0,True,1501.0,14.35,21.6,11.1,14.6,44.2,19.5,9.4,0.0,57.0,True,iraq,IRQ,Iraq,Republic of Iraq,IQ,Middle East & North Africa,Upper middle income,True
U0842,university of bari,Italy,IT,italy,,,12.4,3.0,4.6,25.0,2.0,4.9,7.7,25.7,True,,,,,,,,,,,False,,,,,,,,,,,False,italy,ITA,Italy,Italian Republic,IT,Europe & Central Asia,High income: OECD,True
U0843,university of brighton,United Kingdom,GB,united kingdom,,,7.9,6.1,8.5,14.9,51.1,54.8,6.1,6.5,True,,34.8,19.8,16.5,53.9,60.9,84.4,18.0,22.0,60.0,True,801.0,31.85,17.9,15.6,53.0,37.6,78.0,16.8,22.0,60.0,True,united kingdom,GBR,United Kingdom,United Kingdom of Great Britain and Northern Ireland,GB,Europe & Central Asia,High income: OECD,True
U0844,university of bucharest,Romania,RO,romania,,,15.2,19.5,7.1,4.2,2.0,2.6,53.4,25.7,True,,30.450000000000003,24.8,21.1,43.2,25.3,29.1,33.3,2.0,70.0,True,1201.0,21.35,24.3,16.8,23.1,37.6,29.4,32.7,2.0,68.0,True,romania,ROU,Romania,Romania,RO,Europe & Central Asia,Upper middle income,True
U0845,university of hyderabad,India,IN,india,,,13.2,3.0,14.5,41.5,2.0,1.9,3.1,1.2,True,,,,,,,,,,,False,,,,,,,,,,,False,india,IND,India,Republic of India,IN,South Asia,Lower middle income,True
U0846,university of oregon,United States,US,united states,,,18.3,9.4,9.4,18.5,3.6,7.6,23.3,16.1,True,,47.2,31.1,30.5,79.4,70.2,43.2,13.0,6.0,55.0,True,,,,,,,,,,,False,united states,USA,United States,United States of America,US,North America,High income: OECD,True
U0847,university of petroleum and energy studies (upes),India,IN,india,,,21.8,6.1,39.5,3.4,1.2,18.2,1.9,1.0,True,,,,,,,,,,,False,,,,,,,,,,,False,india,IND,India,Republic of India,IN,South Asia,Lower middle income,True
U0848,university of salerno,Italy,IT,italy,,,8.6,2.4,5.6,37.1,1.6,3.3,4.0,19.2,True,,43.6,21.9,24.4,79.2,52.4,37.4,26.5,2.0,55.0,True,501.0,40.65,18.9,23.3,77.4,39.1,35.0,27.4,3.0,54.0,True,italy,ITA,Italy,Italian Republic,IT,Europe & Central Asia,High income: OECD,True
U0849,university of stavanger,Norway,NO,norway,,,7.1,5.8,84.6,5.0,,,10.0,5.1,True,,39.4,24.7,15.6,66.6,30.2,74.4,10.5,13.0,58.0,True,501.0,40.65,20.7,15.6,72.3,41.3,77.0,11.4,11.0,58.0,True,norway,NOR,Norway,Kingdom of Norway,NO,Europe & Central Asia,High income: OECD,True
U0850,university of ulsan,South Korea,KR,south korea,,,5.0,2.3,60.0,33.6,2.4,2.0,3.8,5.6,True,,43.6,29.4,26.6,69.0,86.6,25.2,10.8,4.0,48.0,True,,36.6,21.8,24.4,66.2,65.1,23.7,16.6,5.0,53.0,True,korea,KOR,Korea,Republic of Korea,KR,East Asia & Pacific,High income: OECD,True
U0851,wuhan university of technology,China (Mainland),CN,china,,,6.9,2.5,11.5,47.0,2.5,,5.8,1.5,True,,,,,,,,,,,False,1001.0,27.05,19.4,15.2,48.3,55.7,23.2,14.9,2.0,30.0,True,china,CHN,China,People's Republic of China,CN,East Asia & Pacific,Upper middle income,True
U0852,agh university of science and technology,Poland,PL,poland,,,9.6,13.9,41.5,6.5,5.3,2.9,3.2,1.7,True,,,,,,,,,,,False,,,,,,,,,,,False,poland,POL,Poland,Republic of Poland,PL,Europe & Central Asia,High income: OECD,True
U0853,al-quds university,"Palestinian Territory, Occupied",PS,"palestinian territory, occupied",,,5.8,14.6,12.7,1.7,66.8,61.5,23.5,3.0,True,,,,,,,,13.4,26.0,61.0,True,,,,,,,,12.3,6.0,62.0,True,west bank and gaza,PSE,West Bank and Gaza,West Bank and Gaza,PS,Middle East & North Africa,Lower middle income,True
U0854,applied science private university - jordan,Jordan,JO,jordan,,,9.9,15.7,28.6,3.1,59.7,39.3,4.6,1.8,True,,,,,,,,,,,False,,,,,,,,,,,False,jordan,JOR,Jordan,Hashemite Kingdom of Jordan,JO,Middle East & North Africa,Upper middle income,True
U0855,charles sturt university,Australia,AU,australia,,,5.1,5.4,8.2,8.1,47.9,45.4,7.4,41.7,True,,34.8,18.5,17.9,55.1,58.0,66.3,24.6,13.0,63.0,True,1001.0,27.05,17.8,16.0,32.5,37.3,65.0,20.2,20.0,61.0,True,australia,AUS,Australia,Commonwealth of Australia,AU,East Asia & Pacific,High income: OECD,True
U0856,chonnam national university,South Korea,KR,south korea,,,9.3,4.7,45.4,12.4,7.3,9.0,4.7,44.3,True,,34.8,28.5,28.3,43.6,57.5,32.8,17.7,7.0,49.0,True,1001.0,27.05,24.1,24.2,28.3,43.2,27.6,19.9,6.0,48.0,True,korea,KOR,Korea,Republic of Korea,KR,East Asia & Pacific,High income: OECD,True
U0857,chungnam national university,South Korea,KR,south korea,,,8.8,7.8,46.3,10.7,9.2,7.2,5.0,25.7,True,,34.8,29.9,29.7,34.9,71.7,26.0,19.8,4.0,47.0,True,1201.0,21.35,26.7,24.6,18.7,46.1,24.3,20.7,4.0,47.0,True,korea,KOR,Korea,Republic of Korea,KR,East Asia & Pacific,High income: OECD,True
U0858,clarkson university,United States,US,united states,,,1.3,1.9,13.5,41.8,15.0,48.5,7.9,1.2,True,,34.8,29.9,18.0,41.2,67.4,63.3,15.5,8.0,34.0,True,1001.0,27.05,25.8,16.5,35.3,40.4,51.5,14.9,9.0,35.0,True,united states,USA,United States,United States of America,US,North America,High income: OECD,True
U0859,cy cergy paris university,France,FR,france,,,3.7,2.5,49.5,5.0,45.9,47.2,1.5,1.4,True,,34.8,23.8,25.3,44.4,56.6,92.7,19.5,26.0,52.0,True,801.0,31.85,22.7,24.6,35.9,42.4,88.2,19.6,23.0,52.0,True,france,FRA,France,French Republic,FR,Europe & Central Asia,High income: OECD,True
U0860,donghua university,China (Mainland),CN,china,,,3.8,1.6,25.5,47.3,3.1,2.2,3.7,1.1,True,,43.6,27.8,22.1,72.8,85.3,39.9,14.7,6.0,44.0,True,801.0,31.85,20.7,19.6,55.1,65.0,32.2,14.4,6.0,45.0,True,china,CHN,China,People's Republic of China,CN,East Asia & Pacific,Upper middle income,True
U0861,georgia state university,United States,US,united states,,,11.3,14.2,4.3,22.4,10.4,4.8,18.2,7.2,True,,47.2,35.0,25.4,72.6,65.2,57.1,15.7,7.0,61.0,True,401.0,43.5,34.3,26.9,65.2,38.1,43.4,17.3,5.0,58.0,True,united states,USA,United States,United States of America,US,North America,High income: OECD,True
U0862,gulf university for science and technology,Kuwait,KW,kuwait,,,14.6,9.3,11.2,4.8,27.7,100.0,11.0,1.1,True,,,,,,,,,,,False,,,,,,,,,,,False,kuwait,KWT,Kuwait,State of Kuwait,KW,Middle East & North Africa,High income: nonOECD,True
U0863,jamia millia islamia,India,IN,india,,,9.3,3.1,33.6,26.0,5.2,3.2,1.9,1.6,True,,43.6,41.1,14.4,75.7,37.5,39.7,11.2,4.0,52.0,True,501.0,40.65,36.6,12.5,75.8,38.2,27.7,11.2,2.0,49.0,True,india,IND,India,Republic of India,IN,South Asia,Lower middle income,True
U0864,kansas state university,United States,US,united states,,,8.2,6.7,10.3,22.1,4.6,10.1,13.5,10.2,True,,39.4,32.9,20.9,57.4,66.9,57.5,13.8,6.0,53.0,True,801.0,31.85,27.5,20.8,41.0,42.2,46.9,13.1,7.0,51.0,True,united states,USA,United States,United States of America,US,North America,High income: OECD,True
U0865,karaganda state technical university,Kazakhstan,KZ,kazakhstan,,,9.7,7.7,84.6,1.1,18.8,10.0,5.8,1.2,True,,,,,,,,,,,False,,,,,,,,,,,False,kazakhstan,KAZ,Kazakhstan,Republic of Kazakhstan,KZ,Europe & Central Asia,Upper middle income,True
U0866,kyrgyz russian slavic university,Kyrgyzstan,KG,kyrgyzstan,,,9.3,7.0,99.8,1.0,,,24.1,,True,,,,,,,,,,,False,,,,,,,,,,,False,kyrgyz republic,KGZ,Kyrgyz Republic,Kyrgyz Republic,KG,Europe & Central Asia,Lower middle income,True
U0867,mendel university in brno,Czech Republic,CZ,czech republic,,,6.2,6.5,55.1,4.1,32.1,11.2,3.8,1.2,True,,25.5,20.9,19.4,36.8,21.0,55.1,16.3,17.0,57.0,True,1201.0,21.35,19.0,17.6,18.1,37.7,55.7,16.5,20.0,57.0,True,czech republic,CZE,Czech Republic,Czech Republic,CZ,Europe & Central Asia,High income: OECD,True
U0868,nagasaki university,Japan,JP,japan,,,6.9,2.3,81.0,6.3,4.7,5.8,3.0,2.1,True,,25.5,29.4,14.8,28.5,48.4,40.3,6.7,5.0,39.0,True,1201.0,21.35,24.2,13.0,22.1,43.9,36.1,6.7,6.0,39.0,True,japan,JPN,Japan,Japan,JP,East Asia & Pacific,High income: OECD,True
U0869,northwest agriculture and forestry university,China (Mainland),CN,china,,,4.5,1.4,28.5,36.8,1.4,,3.0,1.6,True,,,,,,,,,,,False,,,,,,,,,,,False,china,CHN,China,People's Republic of China,CN,East Asia & Pacific,Upper middle income,True
U0870,north-west university,South Africa,ZA,south africa,,,7.4,11.0,4.9,14.9,2.0,6.6,16.7,28.4,True,,39.4,22.7,18.7,64.3,48.0,56.6,25.5,3.0,61.0,True,601.0,36.6,20.4,18.5,67.3,40.4,50.8,24.3,3.0,61.0,True,south africa,ZAF,South Africa,Republic of South Africa,ZA,Sub-Saharan Africa,Upper middle income,True
U0871,okayama university,Japan,JP,japan,,,8.9,3.7,61.3,7.7,6.3,6.1,2.9,14.5,True,,34.8,34.6,21.5,36.4,84.9,37.2,10.0,7.0,40.0,True,1001.0,27.05,27.6,20.3,22.4,57.6,33.6,10.4,10.0,40.0,True,japan,JPN,Japan,Japan,JP,East Asia & Pacific,High income: OECD,True
U0872,oklahoma state university,United States,US,united states,,,8.3,8.1,9.2,13.3,6.1,49.9,17.3,9.4,True,,39.4,34.1,20.9,60.8,65.8,56.0,14.1,5.0,52.0,True,601.0,36.6,29.7,20.5,53.8,39.6,45.7,14.0,6.0,51.0,True,united states,USA,United States,United States of America,US,North America,High income: OECD,True
U0873,pavol jozef afárik university in koice,Slovakia,SK,slovakia,,,4.7,5.1,59.7,3.0,65.3,5.1,4.6,1.0,True,,,,,,,,,,,False,,,,,,,,,,,False,slovak republic,SVK,Slovak Republic,Slovak Republic,SK,Europe & Central Asia,High income: OECD,True
U0874,poznan university of life sciences,Poland,PL,poland,,,5.6,2.2,94.3,6.4,7.9,1.9,3.3,1.1,True,,,,,,,,,,,False,,,,,,,,,,,False,poland,POL,Poland,Republic of Poland,PL,Europe & Central Asia,High income: OECD,True
U0875,shahid beheshti university (sbu),"Iran, Islamic Republic of",IR,"iran, islamic republic of",,,7.9,7.3,4.1,33.3,1.6,1.6,19.0,1.5,True,,,,,,,,,,,False,,,,,,,,,,,False,iran,IRN,Iran,Islamic Republic of Iran,IR,Middle East & North Africa,Upper middle income,True
U0876,swarthmore college,United States,US,united states,,,3.4,2.4,88.8,11.7,21.6,8.7,15.2,1.0,True,,,,,,,,,,,False,,,,,,,,,,,False,united states,USA,United States,United States of America,US,North America,High income: OECD,True
U0877,technological university dublin,Ireland,IE,ireland,,,12.6,13.1,12.3,3.1,38.8,31.8,16.2,28.2,True,,30.450000000000003,19.1,13.1,45.6,66.0,64.9,18.7,18.0,44.0,True,1001.0,27.05,17.8,12.3,33.1,37.5,72.6,18.7,21.0,44.0,True,ireland,IRL,Ireland,Ireland,IE,Europe & Central Asia,High income: OECD,True
U0878,thapar institute of engineering & technology,India,IN,india,,,4.7,4.4,8.8,46.1,1.8,5.2,3.1,11.8,True,,,,,,,,,,,False,,,,,,,,,,,False,india,IND,India,Republic of India,IN,South Asia,Lower middle income,True
U0879,tokyo university of agriculture and technology,Japan,JP,japan,,,13.8,7.4,12.9,30.5,7.1,5.4,1.9,1.3,True,,34.8,35.0,29.1,29.6,84.5,38.1,15.6,7.0,34.0,True,1201.0,21.35,27.6,25.2,12.0,53.0,31.2,15.2,6.0,32.0,True,japan,JPN,Japan,Japan,JP,East Asia & Pacific,High income: OECD,True
U0880,universidad de valladolid,Spain,ES,spain,,,10.5,3.8,34.4,4.3,3.6,7.0,11.9,43.9,True,,,,,,,,,,,False,,,,,,,,,,,False,spain,ESP,Spain,Kingdom of Spain,ES,Europe & Central Asia,High income: OECD,True
U0881,universidad ort uruguay,Uruguay,UY,uruguay,,,11.2,12.4,79.0,1.1,1.9,15.8,5.7,1.0,True,,,,,,,,,,,False,,,,,,,,,,,False,uruguay,URY,Uruguay,Oriental Republic of Uruguay,UY,Latin America & Caribbean,High income: nonOECD,True
U0882,universita' degli studi di ferrara,Italy,IT,italy,,,6.7,2.6,2.6,34.6,3.6,2.9,4.1,27.3,True,,,,,,,,,,,False,,,,,,,,,,,False,italy,ITA,Italy,Italian Republic,IT,Europe & Central Asia,High income: OECD,True
U0883,université de nantes,France,FR,france,,,10.4,3.4,7.8,21.4,15.1,19.8,2.8,7.5,True,,,,,,,,,,,False,,,,,,,,,,,False,france,FRA,France,French Republic,FR,Europe & Central Asia,High income: OECD,True
U0884,université de sherbrooke,Canada,CA,canada,,,6.8,4.2,18.8,16.9,7.6,54.7,23.4,8.0,True,,,,,,,,,,,False,,,,,,,,,,,False,canada,CAN,Canada,Canada,CA,North America,High income: OECD,True
U0885,université du québec,Canada,CA,canada,,,15.3,7.6,1.8,10.9,11.0,32.9,21.6,9.9,True,,47.2,33.7,33.8,57.2,71.5,74.3,18.4,11.0,58.0,True,601.0,36.6,26.9,29.1,35.6,43.8,72.0,17.9,12.0,57.0,True,canada,CAN,Canada,Canada,CA,North America,High income: OECD,True
U0886,university at albany suny,United States,US,united states,,,8.1,4.5,5.4,33.9,7.2,3.9,4.2,13.2,True,,,,,,,,,,,False,,,,,,,,,,,False,united states,USA,United States,United States of America,US,North America,High income: OECD,True
U0887,university duesseldorf,Germany,DE,germany,,,12.3,8.5,44.3,7.2,14.1,,3.8,2.2,True,,,,,,,,,,,False,,,,,,,,,,,False,germany,DEU,Germany,Federal Republic of Germany,DE,Europe & Central Asia,High income: OECD,True
U0888,university of dubai,United Arab Emirates,AE,united arab emirates,,,5.2,4.2,10.6,11.0,72.0,100.0,10.2,1.0,True,,,,,,,,21.0,24.0,29.0,True,,,,,,,,27.3,24.0,29.0,True,united arab emirates,ARE,United Arab Emirates,United Arab Emirates,AE,Middle East & North Africa,High income: nonOECD,True
U0889,university of gdansk,Poland,PL,poland,,,12.0,6.2,34.9,3.9,2.4,4.8,14.1,25.7,True,,,,,,,,,,,False,,,,,,,,,,,False,poland,POL,Poland,Republic of Poland,PL,Europe & Central Asia,High income: OECD,True
U0890,university of ghana,Ghana,GH,ghana,,,11.5,7.6,1.9,5.3,1.7,4.5,95.4,7.6,True,,30.450000000000003,14.9,21.3,42.1,37.3,52.3,35.9,1.0,49.0,True,1001.0,27.05,16.3,17.0,32.1,48.5,49.0,32.4,1.0,48.0,True,ghana,GHA,Ghana,Republic of Ghana,GH,Sub-Saharan Africa,Lower middle income,True
U0891,university of hertfordshire,United Kingdom,GB,united kingdom,,,4.4,3.7,5.9,5.2,100.0,62.0,10.1,2.1,True,,39.4,18.6,13.4,67.2,33.9,91.6,16.3,40.0,52.0,True,601.0,36.6,17.7,13.2,58.1,37.3,86.1,15.5,38.0,54.0,True,united kingdom,GBR,United Kingdom,United Kingdom of Great Britain and Northern Ireland,GB,Europe & Central Asia,High income: OECD,True
U0892,university of lincoln,United Kingdom,GB,united kingdom,,,5.9,4.7,7.9,9.9,47.2,74.0,4.8,10.1,True,,43.6,19.9,18.7,82.2,24.7,80.2,16.1,13.0,55.0,True,401.0,43.5,17.8,17.4,85.8,37.5,75.4,15.7,13.0,55.0,True,united kingdom,GBR,United Kingdom,United Kingdom of Great Britain and Northern Ireland,GB,Europe & Central Asia,High income: OECD,True
U0893,university of mississippi,United States,US,united states,,,4.2,2.0,83.0,5.5,2.9,6.1,3.6,1.7,True,,,,,,,,,,,False,,,,,,,,,,,False,united states,USA,United States,United States of America,US,North America,High income: OECD,True
U0894,university of palermo,Italy,IT,italy,,,11.1,2.3,4.4,32.2,1.9,2.4,4.5,5.7,True,,39.4,18.9,22.5,69.8,47.2,34.8,22.0,1.0,59.0,True,801.0,31.85,17.8,21.9,56.3,37.5,32.0,22.4,1.0,58.0,True,italy,ITA,Italy,Italian Republic,IT,Europe & Central Asia,High income: OECD,True
U0895,university of santo tomas,Philippines,PH,philippines,,,12.8,39.9,12.5,1.3,5.8,34.9,14.1,2.4,True,,16.2,19.6,9.5,25.8,20.7,67.0,13.3,7.0,51.0,True,,,,,,,,13.3,7.0,51.0,True,philippines,PHL,Philippines,Republic of the Philippines,PH,East Asia & Pacific,Lower middle income,True
U0896,university of south africa,South Africa,ZA,south africa,,,10.6,7.2,1.1,7.3,7.3,,92.8,3.1,True,,30.450000000000003,24.7,19.3,50.5,26.0,41.4,114.2,3.0,74.0,True,1001.0,27.05,30.4,25.5,29.3,37.6,42.6,232.2,3.0,73.0,True,south africa,ZAF,South Africa,Republic of South Africa,ZA,Sub-Saharan Africa,Upper middle income,True
U0897,university of wroclaw,Poland,PL,poland,,,14.9,12.6,32.1,3.9,8.4,5.0,12.0,9.3,True,,,,,,,,,,,False,,,,,,,,,,,False,poland,POL,Poland,Republic of Poland,PL,Europe & Central Asia,High income: OECD,True
U0898,"vietnam national university, hanoi",Vietnam,VN,vietnam,,,15.3,18.7,7.6,2.4,1.2,5.5,60.1,6.4,True,,25.5,20.9,11.2,46.8,19.1,48.9,15.9,1.0,63.0,True,1001.0,27.05,18.7,9.6,45.9,38.9,45.5,15.3,1.0,63.0,True,vietnam,VNM,Vietnam,Socialist Republic of Vietnam,VN,East Asia & Pacific,Lower middle income,True
U0899,vilnius gediminas technical university,Lithuania,LT,lithuania,,,8.7,13.8,37.7,7.8,32.9,14.7,6.9,2.0,True,,,,,,,,,,,False,,,,,,,,,,,False,lithuania,LTU,Lithuania,Republic of Lithuania,LT,Europe & Central Asia,High income: nonOECD,True
U0900,virginia commonwealth university,United States,US,united states,,,7.1,8.5,38.8,12.8,3.2,9.7,8.2,8.5,True,,47.2,36.4,23.2,82.8,72.7,36.5,10.6,3.0,63.0,True,501.0,40.65,28.9,12.3,86.2,42.5,30.7,10.7,4.0,63.0,True,united states,USA,United States,United States of America,US,North America,High income: OECD,True
U0901,yildiz technical university,Turkey,TR,turkey,,,9.7,24.7,4.2,12.2,18.5,9.1,19.9,35.1,True,,,,,,,,,,,False,,,,,,,,,,,False,turkey,TUR,Turkey,Republic of Turkey,TR,Europe & Central Asia,Upper middle income,True
U0902,australian catholic university,Australia,AU,australia,,,8.2,8.9,5.1,12.1,41.7,71.0,1.7,2.7,True,,47.2,16.8,25.7,97.0,21.9,80.7,38.4,14.0,76.0,True,251.0,50.0,18.3,25.9,98.3,38.4,79.9,39.1,15.0,75.0,True,australia,AUS,Australia,Commonwealth of Australia,AU,East Asia & Pacific,High income: OECD,True
U0903,beijing jiaotong university,China (Mainland),CN,china,,,9.7,5.4,15.2,31.8,9.6,4.7,9.6,1.2,True,,,,,,,,,,,False,1001.0,27.05,25.3,28.3,22.5,61.9,32.3,14.7,5.0,53.0,True,china,CHN,China,People's Republic of China,CN,East Asia & Pacific,Upper middle income,True
U0904,beijing university of posts and telecommunications,China (Mainland),CN,china,,,3.2,2.6,10.2,49.3,1.7,4.7,13.5,1.4,True,,,,,,,,,,,False,,,,,,,,,,,False,china,CHN,China,People's Republic of China,CN,East Asia & Pacific,Upper middle income,True
U0905,catania university,Italy,IT,italy,,,11.6,3.0,5.4,23.4,4.5,3.5,5.7,3.6,True,,,,,,,,,,,False,,,,,,,,,,,False,italy,ITA,Italy,Italian Republic,IT,Europe & Central Asia,High income: OECD,True
U0906,future university in egypt,Egypt,EG,egypt,,,4.8,34.7,34.9,2.0,21.7,11.7,2.9,1.1,True,,,,,,,,9.9,11.0,43.0,True,,,,,,,,10.7,10.0,43.0,True,egypt,EGY,Egypt,Arab Republic of Egypt,EG,Middle East & North Africa,Lower middle income,True
U0907,gazi üniversitesi,Turkey,TR,turkey,,,18.6,15.3,6.0,4.4,3.3,1.0,18.2,20.1,True,,,,,,,,,,,False,,,,,,,,,,,False,turkey,TUR,Turkey,Republic of Turkey,TR,Europe & Central Asia,Upper middle income,True
U0908,georgian technical university,Georgia,GE,georgia,,,7.1,6.6,1.0,46.9,,,25.9,1.0,True,,16.2,32.4,9.3,22.2,16.1,40.8,15.0,2.0,1.0,True,,,,,,,,,,,False,georgia,GEO,Georgia,Georgia,GE,Europe & Central Asia,Lower middle income,True
U0909,german jordanian university,Jordan,JO,jordan,,,8.6,15.1,21.4,5.6,16.3,65.3,8.5,1.5,True,,25.5,17.8,11.4,40.6,19.5,69.1,12.8,11.0,38.0,True,,,,,,,,,,,False,jordan,JOR,Jordan,Hashemite Kingdom of Jordan,JO,Middle East & North Africa,Upper middle income,True
U0910,imam mohammad ibn saud islamic university  imsiu,Saudi Arabia,SA,saudi arabia,,,14.8,7.6,17.4,1.5,4.2,46.2,26.5,1.0,True,,,,,,,,,,,False,,,,,,,,,,,False,saudi arabia,SAU,Saudi Arabia,Kingdom of Saudi Arabia,SA,Middle East & North Africa,High income: nonOECD,True
U0911,kanazawa university,Japan,JP,japan,,,10.5,3.9,55.1,12.2,5.8,8.1,1.8,1.6,True,,30.450000000000003,35.5,18.8,35.4,70.4,33.6,9.9,6.0,37.0,True,1001.0,27.05,27.2,17.0,25.8,44.3,29.8,9.4,7.0,39.0,True,japan,JPN,Japan,Japan,JP,East Asia & Pacific,High income: OECD,True
U0912,karaganda buketov university,Kazakhstan,KZ,kazakhstan,,,15.6,24.5,41.3,1.1,5.2,13.1,7.8,1.0,True,,,,,,,,9.1,7.0,67.0,True,,,,,,,,,,,False,kazakhstan,KAZ,Kazakhstan,Republic of Kazakhstan,KZ,Europe & Central Asia,Upper middle income,True
U0913,kyrgyz-turkish manas university,Kyrgyzstan,KG,kyrgyzstan,,,15.1,10.9,10.7,1.7,19.7,90.5,5.7,1.0,True,,,,,,,,15.0,11.0,57.0,True,,,,,,,,14.5,17.0,72.0,True,kyrgyz republic,KGZ,Kyrgyz Republic,Kyrgyz Republic,KG,Europe & Central Asia,Lower middle income,True
U0914,louisiana state university,United States,US,united states,,,9.5,6.7,7.8,12.9,3.8,8.6,18.8,52.8,True,,39.4,32.7,21.4,61.1,63.1,47.8,19.4,4.0,55.0,True,601.0,36.6,34.8,21.4,47.0,38.2,39.9,18.2,5.0,54.0,True,united states,USA,United States,United States of America,US,North America,High income: OECD,True
U0915,makerere university,Uganda,UG,uganda,,,11.0,4.2,3.4,4.5,7.5,9.6,98.3,3.5,True,,34.8,23.4,25.3,39.6,52.1,68.1,19.2,3.0,46.0,True,801.0,31.85,21.8,27.7,34.5,52.2,57.6,21.0,3.0,51.0,True,uganda,UGA,Uganda,Republic of Uganda,UG,Sub-Saharan Africa,Low income,True
U0916,"manipal academy of higher education, manipal, karnataka, india",India,IN,india,,,10.9,8.2,42.9,4.4,7.7,1.8,6.2,16.5,True,,,,,,,,,,,False,,,,,,,,,,,False,india,IND,India,Republic of India,IN,South Asia,Lower middle income,True
U0917,michigan technological university,United States,US,united states,,,4.8,3.7,27.1,28.6,11.1,11.4,3.1,1.9,True,,,,,,,,,,,False,,,,,,,,,,,False,united states,USA,United States,United States of America,US,North America,High income: OECD,True
U0918,national research saratov state university,Russia,RU,russia,,,5.0,2.7,96.7,1.7,16.6,3.0,1.8,1.0,True,,16.2,26.8,16.1,17.6,39.1,38.0,9.3,11.0,58.0,True,,,,,,,,,,,False,russia,RUS,Russia,Russian Federation,RU,Europe & Central Asia,High income: nonOECD,True
U0919,nicolaus copernicus university,Poland,PL,poland,,,7.6,2.6,53.2,4.9,5.3,3.1,3.1,1.7,True,,,,,,,,,,,False,,,,,,,,,,,False,poland,POL,Poland,Republic of Poland,PL,Europe & Central Asia,High income: OECD,True
U0920,north south university,Bangladesh,BD,bangladesh,,,13.3,48.1,6.1,2.7,1.1,7.9,6.6,1.5,True,,34.8,12.9,10.0,76.1,15.8,43.3,21.3,0.0,42.0,True,601.0,36.6,12.7,9.3,87.8,36.9,34.8,30.9,0.0,42.0,True,bangladesh,BGD,Bangladesh,People's Republic of Bangladesh,BD,South Asia,Low income,True
U0921,osaka metropolitan university,Japan,JP,japan,,,12.4,11.6,51.3,6.5,3.1,4.6,5.9,1.1,True,,25.5,29.1,18.7,29.8,79.5,26.6,11.5,4.0,37.0,True,1201.0,21.35,23.7,17.0,17.8,47.3,24.2,11.5,5.0,37.0,True,japan,JPN,Japan,Japan,JP,East Asia & Pacific,High income: OECD,True
U0922,princess sumaya university for technology,Jordan,JO,jordan,,,9.1,25.3,11.9,5.1,50.0,47.3,5.1,1.2,True,,,,,,,,,,,False,,,,,,,,,,,False,jordan,JOR,Jordan,Hashemite Kingdom of Jordan,JO,Middle East & North Africa,Upper middle income,True
U0923,ritsumeikan asia pacific university,Japan,JP,japan,,,6.1,8.3,2.6,2.5,99.4,99.9,1.9,1.0,True,,,,,,,,,,,False,,,,,,,,,,,False,japan,JPN,Japan,Japan,JP,East Asia & Pacific,High income: OECD,True
U0924,robert gordon university,United Kingdom,GB,united kingdom,,,3.7,11.5,5.6,5.3,74.1,62.6,5.6,5.8,True,,34.8,17.5,13.2,53.4,36.0,87.1,21.0,26.0,60.0,True,1001.0,27.05,17.7,12.9,33.9,38.2,79.9,19.1,25.0,60.0,True,united kingdom,GBR,United Kingdom,United Kingdom of Great Britain and Northern Ireland,GB,Europe & Central Asia,High income: OECD,True
U0925,south ural state university (national research university),Russia,RU,russia,,,8.4,4.7,44.1,3.6,13.4,4.5,4.2,1.6,True,,,,,,,,,,,False,,,,,,,,,,,False,russia,RUS,Russia,Russian Federation,RU,Europe & Central Asia,High income: nonOECD,True
U0926,universidad católica del uruguay (ucu),Uruguay,UY,uruguay,,,12.5,12.8,64.4,1.2,2.8,9.5,15.1,1.0,True,,,,,,,,,,,False,,,,,,,,,,,False,uruguay,URY,Uruguay,Oriental Republic of Uruguay,UY,Latin America & Caribbean,High income: nonOECD,True
U0927,"universidad central ""marta abreu"" de las villas",Cuba,CU,cuba,,,5.3,1.4,99.7,1.2,1.2,1.1,21.8,1.0,True,,,,,,,,,,,False,,,,,,,,,,,False,cuba,CUB,Cuba,Republic of Cuba,CU,Latin America & Caribbean,Upper middle income,True
U0928,universidad eafit,Colombia,CO,colombia,,,12.9,42.8,4.9,2.3,1.4,3.1,44.4,4.8,True,,,,,,,,,,,False,,,,,,,,,,,False,colombia,COL,Colombia,Republic of Colombia,CO,Latin America & Caribbean,Upper middle income,True
U0929,universidad externado de colombia,Colombia,CO,colombia,,,13.0,28.9,36.4,1.1,1.5,10.5,26.4,1.0,True,,,,,,,,,,,False,,,,,,,,,,,False,colombia,COL,Colombia,Republic of Colombia,CO,Latin America & Caribbean,Upper middle income,True
U0930,universidad nacional de córdoba - unc,Argentina,AR,argentina,,,26.4,14.0,6.2,1.6,1.5,1.4,10.1,1.7,True,,,,,,,,,,,False,,,,,,,,,,,False,argentina,ARG,Argentina,Argentine Republic,AR,Latin America & Caribbean,Upper middle income,True
U0931,universidad nacional mayor de san marcos,Peru,PE,peru,,,20.6,22.9,7.9,1.3,,,38.6,1.1,True,,,,,,,,,,,False,1501.0,14.35,15.3,10.4,4.5,36.9,37.2,26.1,0.0,71.0,True,peru,PER,Peru,Republic of Peru,PE,Latin America & Caribbean,Upper middle income,True
U0932,universidad pontificia bolivariana,Colombia,CO,colombia,,,8.4,8.8,74.7,1.7,2.3,3.8,22.0,1.6,True,,,,,,,,,,,False,,,,,,,,,,,False,colombia,COL,Colombia,Republic of Colombia,CO,Latin America & Caribbean,Upper middle income,True
U0933,universidade católica portuguesa - ucp,Portugal,PT,portugal,,,13.0,13.6,11.9,6.1,30.2,9.3,43.2,5.8,True,,,,,,,,,,,False,,,,,,,,,,,False,portugal,PRT,Portugal,Portuguese Republic,PT,Europe & Central Asia,High income: OECD,True
U0934,universidade de vigo,Spain,ES,spain,,,8.9,5.3,9.4,18.0,4.8,2.1,3.8,39.8,True,,,,,,,,,,,False,,,,,,,,,,,False,spain,ESP,Spain,Kingdom of Spain,ES,Europe & Central Asia,High income: OECD,True
U0935,università degli studi della tuscia (university of tuscia),Italy,IT,italy,,,4.6,1.2,5.6,43.6,10.4,13.7,2.0,2.2,True,,,,,,,,,,,False,,,,,,,,,,,False,italy,ITA,Italy,Italian Republic,IT,Europe & Central Asia,High income: OECD,True
U0936,università degli studi roma tre,Italy,IT,italy,,,17.4,8.0,2.2,12.1,4.2,8.5,7.1,19.7,True,,,,,,,,,,,False,,,,,,,,,,,False,italy,ITA,Italy,Italian Republic,IT,Europe & Central Asia,High income: OECD,True
U0937,"university of alabama, birmingham",United States,US,united states,,,5.8,4.2,56.0,16.8,,,1.7,2.0,True,,,,,,,,,,,False,,,,,,,,,,,False,united states,USA,United States,United States of America,US,North America,High income: OECD,True
U0938,university of calabria,Italy,IT,italy,,,6.8,2.3,5.5,22.6,6.2,8.3,1.7,29.6,True,,43.6,34.9,19.5,69.6,47.4,43.2,16.1,5.0,62.0,True,801.0,31.85,17.1,18.0,57.3,37.4,37.9,23.2,3.0,57.0,True,italy,ITA,Italy,Italian Republic,IT,Europe & Central Asia,High income: OECD,True
U0939,university of east london,United Kingdom,GB,united kingdom,,,3.6,3.6,3.1,6.2,100.0,73.1,7.6,1.1,True,,30.450000000000003,21.8,15.1,41.0,28.2,84.9,26.1,52.0,56.0,True,1001.0,27.05,20.8,15.0,34.4,37.1,81.8,21.9,44.0,58.0,True,united kingdom,GBR,United Kingdom,United Kingdom of Great Britain and Northern Ireland,GB,Europe & Central Asia,High income: OECD,True
U0940,university of hail,Saudi Arabia,SA,saudi arabia,,,5.2,1.9,39.4,2.4,3.0,100.0,2.3,1.5,True,,39.4,22.1,10.5,72.3,23.5,76.8,11.2,3.0,61.0,True,351.0,45.95,18.0,9.2,98.7,42.8,82.3,11.2,10.0,63.0,True,saudi arabia,SAU,Saudi Arabia,Kingdom of Saudi Arabia,SA,Middle East & North Africa,High income: nonOECD,True
U0941,university of lodz,Poland,PL,poland,,,11.5,4.1,39.5,3.4,11.3,4.0,16.3,1.9,True,,16.2,20.6,15.6,28.8,19.2,35.5,14.0,9.0,62.0,True,,,,,,,,,,,False,poland,POL,Poland,Republic of Poland,PL,Europe & Central Asia,High income: OECD,True
U0942,university of maribor,Slovenia,SI,slovenia,,,8.0,6.6,29.2,6.8,13.0,1.8,33.4,9.1,True,,25.5,20.1,16.9,40.8,36.5,38.9,14.4,11.0,54.0,True,1201.0,21.35,17.2,17.4,28.3,42.5,43.5,14.3,10.0,53.0,True,slovenia,SVN,Slovenia,Republic of Slovenia,SI,Europe & Central Asia,High income: OECD,True
U0943,university of murcia,Spain,ES,spain,,,11.7,2.9,24.5,6.8,3.9,1.7,3.7,44.9,True,,34.8,25.2,19.9,52.6,61.4,38.9,17.7,5.0,62.0,True,1001.0,27.05,20.1,19.1,34.0,39.2,39.8,16.0,8.0,59.0,True,spain,ESP,Spain,Kingdom of Spain,ES,Europe & Central Asia,High income: OECD,True
U0944,university of nairobi,Kenya,KE,kenya,,,10.0,11.7,20.1,1.8,,,92.5,1.8,True,,25.5,12.0,10.6,45.9,18.8,49.8,34.5,2.0,24.0,True,601.0,36.6,13.2,8.8,86.9,36.9,47.3,34.5,2.0,24.0,True,kenya,KEN,Kenya,Republic of Kenya,KE,Sub-Saharan Africa,Low income,True
U0945,university of peshawar,Pakistan,PK,pakistan,,,6.9,9.9,34.3,21.4,1.9,,15.3,1.1,True,,30.450000000000003,19.4,12.2,61.0,17.4,47.3,42.7,0.0,18.0,True,801.0,31.85,30.5,10.8,53.2,37.0,42.2,9.0,1.0,32.0,True,pakistan,PAK,Pakistan,Islamic Republic of Pakistan,PK,South Asia,Lower middle income,True
U0946,university of salford,United Kingdom,GB,united kingdom,,,6.8,3.9,6.4,6.9,69.8,36.7,9.6,5.8,True,,34.8,18.8,15.0,61.1,46.9,82.2,20.3,23.0,55.0,True,801.0,31.85,18.0,14.9,46.1,38.0,74.3,18.7,20.0,55.0,True,united kingdom,GBR,United Kingdom,United Kingdom of Great Britain and Northern Ireland,GB,Europe & Central Asia,High income: OECD,True
U0947,university paris 2 panthéon-assas,France,FR,france,,,7.1,3.5,62.1,1.2,26.1,11.8,53.1,1.0,True,,,,,,,,,,,False,,,,,,,,,,,False,france,FRA,France,French Republic,FR,Europe & Central Asia,High income: OECD,True
U0948,viet nam national university ho chi minh city (vnu-hcm),Vietnam,VN,vietnam,,,18.8,24.6,5.7,2.1,1.1,4.2,24.9,4.6,True,,,,,,,,,,,False,,,,,,,,,,,False,vietnam,VNM,Vietnam,Socialist Republic of Vietnam,VN,East Asia & Pacific,Lower middle income,True
U0949,worcester polytechnic institute,United States,US,united states,,,3.5,5.2,17.4,26.2,23.5,42.0,8.3,1.9,True,,39.4,30.0,22.1,61.2,61.8,57.2,13.0,14.0,38.0,True,801.0,31.85,23.6,19.3,53.8,38.5,52.2,12.7,19.0,38.0,True,united states,USA,United States,United States of America,US,North America,High income: OECD,True
U0950,wroclaw university of science and technology (wrust),Poland,PL,poland,,,11.7,18.9,33.7,5.3,5.0,3.4,3.2,1.3,True,,,,,,,,,,,False,,,,,,,,,,,False,poland,POL,Poland,Republic of Poland,PL,Europe & Central Asia,High income: OECD,True
U0951,yerevan state university,Armenia,AM,armenia,,,7.0,2.9,51.4,1.3,1.7,5.1,87.4,1.0,True,,16.2,23.9,8.6,26.8,16.4,38.1,8.0,2.0,53.0,True,,,,,,,,,,,False,armenia,ARM,Armenia,Republic of Armenia,AM,Europe & Central Asia,Lower middle income,True
U0952,yokohama city university,Japan,JP,japan,,,3.4,2.4,96.2,10.3,2.4,5.4,3.1,1.0,True,,34.8,28.4,11.3,59.4,62.4,29.0,6.0,3.0,55.0,True,601.0,36.6,26.4,10.2,82.8,47.6,25.2,6.0,2.0,56.0,True,japan,JPN,Japan,Japan,JP,East Asia & Pacific,High income: OECD,True
U0953,almaty technological university,Kazakhstan,KZ,kazakhstan,,,6.2,4.2,88.1,1.0,4.8,25.0,3.3,1.1,True,,,,,,,,6.3,6.0,56.0,True,,,,,,,,,,,False,kazakhstan,KAZ,Kazakhstan,Republic of Kazakhstan,KZ,Europe & Central Asia,Upper middle income,True
U0954,athens university of economics and business,Greece,GR,greece,,,7.6,29.3,1.7,20.0,3.1,1.6,20.9,2.4,True,,34.8,18.1,23.6,53.3,57.8,44.5,53.7,5.0,45.0,True,801.0,31.85,18.3,26.6,42.1,38.9,48.4,51.0,6.0,45.0,True,greece,GRC,Greece,Hellenic Republic,GR,Europe & Central Asia,High income: OECD,True
U0955,auburn university,United States,US,united states,,,7.1,7.7,7.6,17.2,6.0,27.6,16.4,10.9,True,,43.6,36.0,25.7,59.6,69.3,57.7,18.2,8.0,50.0,True,601.0,36.6,32.4,23.4,45.9,43.8,49.3,18.2,10.0,50.0,True,united states,USA,United States,United States of America,US,North America,High income: OECD,True
U0956,baku state university,Azerbaijan,AZ,azerbaijan,,,12.9,5.5,41.7,1.4,2.2,5.3,47.7,1.3,True,,16.2,20.1,8.6,13.8,19.7,35.5,13.2,2.0,66.0,True,1501.0,14.35,16.5,7.8,15.1,37.2,40.5,13.3,2.0,66.0,True,azerbaijan,AZE,Azerbaijan,Republic of Azerbaijan,AZ,Europe & Central Asia,Upper middle income,True
U0957,bina nusantara university (binus),Indonesia,ID,indonesia,,,12.5,21.8,19.9,2.1,4.3,34.7,12.9,4.1,True,,,,,,,,,,,False,,,,,,,,,,,False,indonesia,IDN,Indonesia,Republic of Indonesia,ID,East Asia & Pacific,Lower middle income,True
U0958,clark university,United States,US,united states,,,2.6,2.5,18.9,16.7,84.7,13.2,13.6,6.5,True,,39.4,26.6,20.8,66.8,54.0,70.5,12.2,27.0,59.0,True,601.0,36.6,24.9,20.7,64.9,36.9,58.4,11.6,25.0,59.0,True,united states,USA,United States,United States of America,US,North America,High income: OECD,True
U0959,clemson university,United States,US,united states,,,7.3,7.0,12.6,15.2,5.2,11.6,7.7,12.3,True,,,,,,,,,,,False,801.0,31.85,25.2,21.4,41.7,40.9,43.7,15.5,6.0,49.0,True,united states,USA,United States,United States of America,US,North America,High income: OECD,True
U0960,d. serikbayev east kazakhstan state technical university,Kazakhstan,KZ,kazakhstan,,,13.0,7.7,64.2,1.2,2.5,14.4,3.5,1.3,True,,,,,,,,,,,False,,,,,,,,,,,False,kazakhstan,KAZ,Kazakhstan,Republic of Kazakhstan,KZ,Europe & Central Asia,Upper middle income,True
U0961,ferdowsi university of mashhad,"Iran, Islamic Republic of",IR,"iran, islamic republic of",,,7.0,6.0,3.5,28.2,7.1,1.3,5.2,1.7,True,,34.8,28.6,26.8,48.2,45.4,38.6,30.5,11.0,54.0,True,1001.0,27.05,27.1,25.7,25.3,65.7,31.3,30.9,9.0,54.0,True,iran,IRN,Iran,Islamic Republic of Iran,IR,Middle East & North Africa,Upper middle income,True
U0962,financial university under the government of the russian federation,Russia,RU,russia,,,5.3,9.9,39.3,1.6,19.4,4.7,47.7,5.1,True,,30.450000000000003,26.7,18.0,50.3,30.9,34.5,13.0,9.0,51.0,True,,,,,,,,,,,False,russia,RUS,Russia,Russian Federation,RU,Europe & Central Asia,High income: nonOECD,True
U0963,hallym university,South Korea,KR,south korea,,,2.8,1.8,94.4,6.9,2.2,3.8,1.7,1.1,True,,25.5,25.2,19.8,31.8,60.6,23.4,9.3,4.0,53.0,True,1201.0,21.35,19.8,18.7,18.4,45.1,21.4,9.4,4.0,53.0,True,korea,KOR,Korea,Republic of Korea,KR,East Asia & Pacific,High income: OECD,True
U0964,indian institute of technology bhubaneswar,India,IN,india,,,4.3,3.5,10.0,50.2,1.0,1.5,2.1,1.9,True,,,,,,,,,,,False,1001.0,27.05,23.8,13.7,45.5,38.1,18.1,14.7,0.0,16.0,True,india,IND,India,Republic of India,IN,South Asia,Lower middle income,True
U0965,instituto tecnológico de buenos aires (itba),Argentina,AR,argentina,,,8.8,24.6,39.0,1.3,12.3,17.3,22.3,,True,,,,,,,,,,,False,,,,,,,,,,,False,argentina,ARG,Argentina,Argentine Republic,AR,Latin America & Caribbean,Upper middle income,True
U0966,khon kaen university,Thailand,TH,thailand,,,17.2,10.7,7.4,4.4,2.3,5.3,4.4,31.8,True,,25.5,23.3,15.7,35.5,36.1,35.4,17.2,2.0,62.0,True,1201.0,21.35,22.1,14.4,19.2,49.5,32.2,18.1,2.0,59.0,True,thailand,THA,Thailand,Kingdom of Thailand,TH,East Asia & Pacific,Upper middle income,True
U0967,king mongkut's university of technology thonburi,Thailand,TH,thailand,,,13.2,6.3,13.3,8.5,3.2,9.5,2.6,41.0,True,,,,,,,,,,,False,,,,,,,,,,,False,thailand,THA,Thailand,Kingdom of Thailand,TH,East Asia & Pacific,Upper middle income,True
U0968,kumamoto university,Japan,JP,japan,,,7.1,2.8,55.2,12.6,3.5,7.2,2.9,8.0,True,,34.8,33.6,19.6,40.9,77.5,36.5,9.8,6.0,39.0,True,1001.0,27.05,24.6,18.9,30.4,48.2,32.0,10.0,6.0,38.0,True,japan,JPN,Japan,Japan,JP,East Asia & Pacific,High income: OECD,True
U0969,mansoura university,Egypt,EG,egypt,,,14.1,12.0,3.3,2.6,5.7,6.7,4.4,40.4,True,,34.8,19.5,12.4,68.1,31.8,74.1,40.2,4.0,50.0,True,601.0,36.6,20.7,11.5,80.6,43.7,48.9,47.5,3.0,52.0,True,egypt,EGY,Egypt,Arab Republic of Egypt,EG,Middle East & North Africa,Lower middle income,True
U0970,niigata university,Japan,JP,japan,,,4.9,3.2,85.3,3.8,3.1,4.6,5.7,1.8,True,,30.450000000000003,30.6,15.0,41.8,49.7,29.0,7.2,3.0,37.0,True,1001.0,27.05,25.3,13.5,48.8,42.1,25.3,7.6,3.0,38.0,True,japan,JPN,Japan,Japan,JP,East Asia & Pacific,High income: OECD,True
U0971,northern borders university,Saudi Arabia,SA,saudi arabia,,,13.1,4.7,20.2,2.1,4.8,98.4,2.4,1.0,True,,,,,,,,,,,False,,,,,,,,,,,False,saudi arabia,SAU,Saudi Arabia,Kingdom of Saudi Arabia,SA,Middle East & North Africa,High income: nonOECD,True
U0972,pontificia universidad católica del ecuador (puce),Ecuador,EC,ecuador,,,17.3,16.2,11.5,1.3,1.7,14.2,34.0,1.0,True,,,,,,,,,,,False,,,,,,,,,,,False,ecuador,ECU,Ecuador,Republic of Ecuador,EC,Latin America & Caribbean,Upper middle income,True
U0973,prince of songkla university,Thailand,TH,thailand,,,21.6,5.6,16.4,3.3,1.9,5.3,3.9,24.2,True,,25.5,23.4,14.8,32.6,43.5,37.7,12.9,2.0,69.0,True,1201.0,21.35,18.8,13.6,18.9,51.2,33.1,13.0,2.0,70.0,True,thailand,THA,Thailand,Kingdom of Thailand,TH,East Asia & Pacific,Upper middle income,True
U0974,"queen margaret university , edinburgh",United Kingdom,GB,united kingdom,,,3.5,4.3,5.2,18.3,73.3,59.9,1.4,1.0,True,,,,,,,,,,,False,,,,,,,,,,,False,united kingdom,GBR,United Kingdom,United Kingdom of Great Britain and Northern Ireland,GB,Europe & Central Asia,High income: OECD,True
U0975,rhodes university,South Africa,ZA,south africa,,,6.3,7.7,12.9,12.6,33.2,,35.5,2.9,True,,,,,,,,,,,False,801.0,31.85,24.8,13.4,43.4,60.9,62.0,17.0,14.0,63.0,True,south africa,ZAF,South Africa,Republic of South Africa,ZA,Sub-Saharan Africa,Upper middle income,True
U0976,riga stradins university,Latvia,LV,latvia,,,6.1,13.4,14.1,1.9,90.8,22.3,11.4,1.1,True,,,,,,,,,,,False,,,,,,,,,,,False,latvia,LVA,Latvia,Republic of Latvia,LV,Europe & Central Asia,High income: nonOECD,True
U0977,s.d. asfendiyarov kazakh national medical university,Kazakhstan,KZ,kazakhstan,,,6.7,4.2,59.7,1.1,64.7,10.4,3.4,1.1,True,,,,,,,,,,,False,,,,,,,,,,,False,kazakhstan,KAZ,Kazakhstan,Republic of Kazakhstan,KZ,Europe & Central Asia,Upper middle income,True
U0978,saveetha institute of medical and technical sciences (deemed to be university),India,IN,india,,,5.5,2.6,21.1,7.2,7.2,87.1,1.9,1.7,True,,,,,,,,,,,False,,,,,,,,,,,False,india,IND,India,Republic of India,IN,South Asia,Lower middle income,True
U0979,sophia university,Japan,JP,japan,,,12.7,19.9,21.9,1.8,10.8,34.5,11.7,5.2,True,,16.2,22.6,11.0,13.3,25.4,50.9,12.7,10.0,60.0,True,1501.0,14.35,20.3,10.0,9.1,37.5,47.2,11.8,12.0,60.0,True,japan,JPN,Japan,Japan,JP,East Asia & Pacific,High income: OECD,True
U0980,southern federal university,Russia,RU,russia,,,6.6,3.8,67.9,1.9,25.2,2.9,1.8,1.2,True,,25.5,27.9,14.3,21.4,32.1,40.3,11.3,11.0,54.0,True,,,,,,,,,,,False,russia,RUS,Russia,Russian Federation,RU,Europe & Central Asia,High income: nonOECD,True
U0981,st. louis university,United States,US,united states,,,4.4,2.6,53.2,13.5,11.0,12.7,9.0,1.7,True,,,,,,,,,,,False,,,,,,,,,,,False,united states,USA,United States,United States of America,US,North America,High income: OECD,True
U0982,the university of alabama,United States,US,united states,,,10.0,20.3,5.3,11.9,2.5,5.3,10.7,6.7,True,,39.4,26.0,21.2,64.4,46.6,39.3,21.6,4.0,57.0,True,801.0,31.85,27.2,19.1,54.2,37.5,31.0,20.9,4.0,56.0,True,united states,USA,United States,United States of America,US,North America,High income: OECD,True
U0983,the university of lahore,Pakistan,PK,pakistan,,,11.1,19.4,12.3,3.3,3.0,4.0,2.7,19.7,True,,,,,,,,,,,False,,,,,,,,,,,False,pakistan,PAK,Pakistan,Islamic Republic of Pakistan,PK,South Asia,Lower middle income,True
U0984,universidad autónoma metropolitana (uam),Mexico,MX,mexico,,,23.6,11.3,3.7,2.5,1.2,7.8,4.6,9.4,True,,,,,,,,,,,False,,,,,,,,,,,False,mexico,MEX,Mexico,United Mexican States,MX,Latin America & Caribbean,Upper middle income,True
U0985,universidad de córdoba - españa,Spain,ES,spain,,,10.6,3.9,26.5,12.0,,,4.8,5.6,True,,,,,,,,,,,False,,,,,,,,,,,False,spain,ESP,Spain,Kingdom of Spain,ES,Europe & Central Asia,High income: OECD,True
U0986,universidad de la sabana,Colombia,CO,colombia,,,21.0,25.5,14.2,2.0,1.8,3.9,10.5,1.1,True,,,,,,,,,,,False,,,,,,,,,,,False,colombia,COL,Colombia,Republic of Colombia,CO,Latin America & Caribbean,Upper middle income,True
U0987,universidad de león,Spain,ES,spain,,,6.7,3.6,51.6,4.5,7.2,2.3,2.8,38.5,True,,,,,,,,,,,False,,,,,,,,,,,False,spain,ESP,Spain,Kingdom of Spain,ES,Europe & Central Asia,High income: OECD,True
U0988,universidad de los andes - chile,Chile,CL,chile,,,16.4,18.1,8.4,2.8,2.0,12.2,38.6,1.2,True,,,,,,,,,,,False,,,,,,,,,,,False,chile,CHL,Chile,Republic of Chile,CL,Latin America & Caribbean,High income: OECD,True
U0989,universidad de san andrés - udesa,Argentina,AR,argentina,,,7.7,19.7,46.0,2.2,4.1,7.5,29.8,,True,,,,,,,,,,,False,,,,,,,,,,,False,argentina,ARG,Argentina,Argentine Republic,AR,Latin America & Caribbean,Upper middle income,True
U0990,universidad nacional de rosario (unr),Argentina,AR,argentina,,,19.5,7.7,31.2,1.1,6.4,,10.7,1.0,True,,,,,,,,,,,False,,,,,,,,,,,False,argentina,ARG,Argentina,Argentine Republic,AR,Latin America & Caribbean,Upper middle income,True
U0991,universidad técnica federico santa maría (usm),Chile,CL,chile,,,9.8,33.0,3.2,5.0,1.6,13.8,13.1,7.6,True,,,,,,,,,,,False,,,,,,,,,,,False,chile,CHL,Chile,Republic of Chile,CL,Latin America & Caribbean,High income: OECD,True
U0992,universidad torcuato di tella,Argentina,AR,argentina,,,12.4,20.8,14.4,2.6,7.8,33.1,35.6,,True,,,,,,,,,,,False,,,,,,,,,,,False,argentina,ARG,Argentina,Argentine Republic,AR,Latin America & Caribbean,Upper middle income,True
U0993,université sorbonne paris nord,France,FR,france,,,9.5,4.1,4.2,29.3,,,3.9,1.4,True,,,,,,,,,,,False,,,,,,,,,,,False,france,FRA,France,French Republic,FR,Europe & Central Asia,High income: OECD,True
U0994,université toulouse 1 capitole,France,FR,france,,,13.4,4.6,1.7,6.2,50.2,25.5,6.1,1.8,True,,,,,,,,,,,False,,,,,,,,,,,False,france,FRA,France,French Republic,FR,Europe & Central Asia,High income: OECD,True
U0995,universiti pendidikan sultan idris (upsi),Malaysia,MY,malaysia,,,13.1,9.9,27.5,2.7,38.3,21.3,3.9,2.2,True,,,,,,,,,,,False,,,,,,,,,,,False,malaysia,MYS,Malaysia,Malaysia,MY,East Asia & Pacific,Upper middle income,True
U0996,university of bahrain,Bahrain,BH,bahrain,,,9.7,5.1,7.0,2.2,8.9,87.0,36.3,1.1,True,,,,,,,,,,,False,,,,,,,,,,,False,bahrain,BHR,Bahrain,Kingdom of Bahrain,BH,Middle East & North Africa,High income: nonOECD,True
U0997,university of central lancashire,United Kingdom,GB,united kingdom,,,5.4,4.9,10.9,3.8,82.0,35.5,2.1,1.5,True,,30.450000000000003,18.3,13.8,51.9,34.3,82.3,16.3,28.0,58.0,True,1001.0,27.05,18.2,13.9,45.5,37.3,73.3,14.4,25.0,58.0,True,united kingdom,GBR,United Kingdom,United Kingdom of Great Britain and Northern Ireland,GB,Europe & Central Asia,High income: OECD,True
U0998,university of colombo,Sri Lanka,LK,sri lanka,,,13.1,18.0,2.5,3.2,1.2,1.1,69.6,16.3,True,,30.450000000000003,25.4,10.6,60.2,18.7,39.3,32.0,0.0,60.0,True,601.0,36.6,28.9,9.6,74.5,37.0,37.0,31.9,0.0,58.0,True,sri lanka,LKA,Sri Lanka,Democratic Socialist Republic of Sri Lanka,LK,South Asia,Lower middle income,True
U0999,university of denver,United States,US,united states,,,5.4,7.4,42.2,7.8,5.8,7.7,25.6,9.9,True,,43.6,39.9,24.3,64.2,55.8,31.2,13.6,5.0,60.0,True,401.0,43.5,40.1,24.7,69.8,37.9,27.5,13.0,6.0,60.0,True,united states,USA,United States,United States of America,US,North America,High income: OECD,True
U1000,university of parma,Italy,IT,italy,,,9.5,2.7,2.9,25.4,9.1,3.8,9.2,2.3,True,,39.4,19.4,22.6,72.2,65.9,38.7,33.4,6.0,58.0,True,601.0,36.6,18.3,22.1,65.1,41.9,37.1,32.1,6.0,58.0,True,italy,ITA,Italy,Italian Republic,IT,Europe & Central Asia,High income: OECD,True
U1001,university of regina,Canada,CA,canada,,,3.3,2.5,3.9,21.0,38.3,7.3,4.1,44.6,True,,34.8,17.8,19.5,62.9,36.1,71.0,24.6,26.0,49.0,True,601.0,36.6,17.6,18.0,64.4,39.0,68.3,24.7,27.0,59.0,True,canada,CAN,Canada,Canada,CA,North America,High income: OECD,True
U1002,university of south bohemia,Czech Republic,CZ,czech republic,,,5.2,2.3,56.0,5.7,11.4,21.5,1.6,5.7,True,,,,,,,,,,,False,,,,,,,,,,,False,czech republic,CZE,Czech Republic,Czech Republic,CZ,Europe & Central Asia,High income: OECD,True
U1003,university of the western cape,South Africa,ZA,south africa,,,8.6,5.3,4.1,14.1,3.7,25.2,21.0,2.2,True,,39.4,22.0,23.8,59.3,22.6,65.7,36.7,6.0,61.0,True,,36.6,20.4,23.7,61.6,36.9,55.8,16.6,5.0,53.0,True,south africa,ZAF,South Africa,Republic of South Africa,ZA,Sub-Saharan Africa,Upper middle income,True
U1004,yarmouk university,Jordan,JO,jordan,,,14.1,20.1,3.1,2.6,8.8,7.3,33.8,7.5,True,,25.5,19.9,12.9,41.5,20.8,53.1,28.3,11.0,57.0,True,1001.0,27.05,29.4,11.1,33.6,38.2,49.8,33.2,10.0,69.0,True,jordan,JOR,Jordan,Hashemite Kingdom of Jordan,JO,Middle East & North Africa,Upper middle income,True
U1005,yeungnam university,South Korea,KR,south korea,,,3.8,2.9,13.4,26.9,7.5,34.2,2.7,1.6,True,,39.4,24.1,18.0,66.8,47.0,54.9,14.7,5.0,50.0,True,801.0,31.85,20.2,15.3,54.0,42.7,43.3,15.0,4.0,50.0,True,korea,KOR,Korea,Republic of Korea,KR,East Asia & Pacific,High income: OECD,True
U1006,al-azhar university,Egypt,EG,egypt,,,13.1,10.3,11.0,1.4,9.5,1.4,22.6,1.1,True,,34.8,19.2,10.9,69.2,20.4,57.4,22.0,9.0,42.0,True,801.0,31.85,14.9,9.6,63.3,37.0,48.7,38.4,6.0,38.0,True,egypt,EGY,Egypt,Arab Republic of Egypt,EG,Middle East & North Africa,Lower middle income,True
U1007,aligarh muslim university,India,IN,india,,,11.1,2.8,16.2,12.1,1.4,1.0,2.7,13.2,True,,39.4,41.1,14.0,61.6,34.3,38.2,12.0,1.0,40.0,True,801.0,31.85,35.7,12.9,51.1,40.0,27.7,12.1,2.0,40.0,True,india,IND,India,Republic of India,IN,South Asia,Lower middle income,True
U1008,amity university,India,IN,india,,,9.8,10.6,10.7,7.1,21.1,3.7,4.1,10.8,True,,34.8,23.6,14.0,62.3,20.0,31.1,17.1,7.0,52.0,True,1001.0,27.05,20.1,12.6,47.9,37.8,22.7,16.2,6.0,52.0,True,india,IND,India,Republic of India,IN,South Asia,Lower middle income,True
U1009,amrita vishwa vidyapeetham,India,IN,india,,,5.8,4.7,24.0,5.7,1.6,35.5,1.7,1.1,True,,34.8,28.4,20.5,60.8,41.1,36.9,11.8,5.0,53.0,True,,,,,,,,,,,False,india,IND,India,Republic of India,IN,South Asia,Lower middle income,True
U1010,an-najah national university,"Palestinian Territory, Occupied",PS,"palestinian territory, occupied",,,7.7,12.1,7.3,2.3,24.8,34.6,21.8,1.1,True,,30.450000000000003,13.3,9.8,65.4,21.0,61.2,21.7,11.0,66.0,True,501.0,40.65,13.3,8.9,98.4,38.1,64.1,23.9,10.0,65.0,True,west bank and gaza,PSE,West Bank and Gaza,West Bank and Gaza,PS,Middle East & North Africa,Lower middle income,True
U1011,"arab academy for science, technology and maritime transport",Egypt,EG,egypt,,,7.4,8.4,33.0,1.5,20.4,6.8,11.4,1.6,True,,25.5,28.1,12.3,32.9,22.6,53.3,13.9,10.0,32.0,True,1201.0,21.35,23.3,10.4,24.0,39.8,45.5,13.8,12.0,33.0,True,egypt,EGY,Egypt,Arab Republic of Egypt,EG,Middle East & North Africa,Lower middle income,True
U1012,assiut university,Egypt,EG,egypt,,,11.4,9.8,13.6,2.2,3.5,11.8,2.5,5.4,True,,25.5,16.1,10.8,48.0,22.2,52.9,22.1,1.0,38.0,True,1001.0,27.05,16.9,9.4,47.1,37.0,46.9,14.9,1.0,55.0,True,egypt,EGY,Egypt,Arab Republic of Egypt,EG,Middle East & North Africa,Lower middle income,True
U1013,azerbaijan state oil and industry university,Azerbaijan,AZ,azerbaijan,,,7.3,5.3,29.9,1.1,2.6,17.4,31.4,,True,,,,,,,,,,,False,,,,,,,,,,,False,azerbaijan,AZE,Azerbaijan,Republic of Azerbaijan,AZ,Europe & Central Asia,Upper middle income,True
U1014,azerbaijan state university of economics,Azerbaijan,AZ,azerbaijan,,,13.0,14.5,26.1,1.2,3.4,14.2,38.6,1.9,True,,,,,,,,10.4,3.0,39.0,True,,,,,,,,11.8,2.0,51.0,True,azerbaijan,AZE,Azerbaijan,Republic of Azerbaijan,AZ,Europe & Central Asia,Upper middle income,True
U1015,banaras hindu university,India,IN,india,,,13.5,8.0,12.4,9.0,1.7,1.2,8.8,2.7,True,,39.4,47.2,16.4,66.4,26.8,25.0,8.0,3.0,43.0,True,601.0,36.6,38.8,16.9,66.0,37.0,20.1,8.7,3.0,38.0,True,india,IND,India,Republic of India,IN,South Asia,Lower middle income,True
U1016,baylor university,United States,US,united states,,,6.1,9.1,11.9,7.5,3.8,2.4,11.6,4.0,True,,39.4,39.2,19.7,61.3,54.8,38.6,19.0,6.0,61.0,True,601.0,36.6,33.7,18.3,52.4,37.4,29.3,17.7,7.0,55.0,True,united states,USA,United States,United States of America,US,North America,High income: OECD,True
U1017,bielefeld university,Germany,DE,germany,,,14.2,3.3,8.0,6.7,7.0,20.0,2.9,4.9,True,,,,,,,,,,,False,201.0,52.75,33.1,42.4,84.2,42.9,48.5,66.6,7.0,58.0,True,germany,DEU,Germany,Federal Republic of Germany,DE,Europe & Central Asia,High income: OECD,True
U1018,binghamton university suny,United States,US,united states,,,7.0,5.1,5.7,15.8,10.3,10.8,3.9,3.1,True,,,,,,,,,,,False,,,,,,,,,,,False,united states,USA,United States,United States of America,US,North America,High income: OECD,True
U1019,birmingham city university,United Kingdom,GB,united kingdom,,,6.2,4.4,7.3,3.2,73.8,42.0,6.5,1.4,True,,39.4,17.3,11.8,77.8,23.2,81.9,17.2,26.0,63.0,True,501.0,40.65,16.3,10.8,90.3,37.1,72.0,16.6,26.0,62.0,True,united kingdom,GBR,United Kingdom,United Kingdom of Great Britain and Northern Ireland,GB,Europe & Central Asia,High income: OECD,True
U1020,brac university,Bangladesh,BD,bangladesh,,,11.6,27.9,10.0,2.0,1.4,2.0,3.8,1.1,True,,34.8,14.8,12.3,71.1,15.7,42.2,16.9,1.0,43.0,True,,,,,,,,,,,False,bangladesh,BGD,Bangladesh,People's Republic of Bangladesh,BD,South Asia,Low income,True
U1021,brigham young university,United States,US,united states,,,7.5,7.0,4.8,10.4,3.0,1.3,22.2,3.8,True,,,,,,,,,,,False,,,,,,,,,,,False,united states,USA,United States,United States of America,US,North America,High income: OECD,True
U1022,canterbury christ church university,United Kingdom,GB,united kingdom,,,5.1,2.2,4.7,3.7,87.6,34.5,1.3,1.0,True,,30.450000000000003,20.7,13.8,44.6,18.0,59.6,20.1,15.0,68.0,True,1201.0,21.35,24.7,12.8,26.4,37.0,47.7,17.8,14.0,69.0,True,united kingdom,GBR,United Kingdom,United Kingdom of Great Britain and Northern Ireland,GB,Europe & Central Asia,High income: OECD,True
U1023,chang jung christian university,Taiwan,TW,taiwan,,,8.5,4.6,48.4,1.6,4.4,6.1,2.0,1.1,True,,,,,,,,,,,False,,,,,,,,,,,False,taiwan,,,,,,,False
U1024,chung yuan christian university,Taiwan,TW,taiwan,,,6.3,5.3,4.3,15.6,6.7,3.9,22.4,7.9,True,,30.450000000000003,18.1,24.4,39.0,62.6,41.2,33.5,7.0,46.0,True,1201.0,21.35,17.2,21.9,26.6,48.5,42.9,31.3,9.0,46.0,True,taiwan,,,,,,,False
U1025,chungbuk national university,South Korea,KR,south korea,,,3.8,2.7,34.1,10.3,7.7,10.5,1.7,15.4,True,,25.5,26.5,21.2,29.9,50.6,29.6,14.0,5.0,44.0,True,1201.0,21.35,20.3,20.2,20.9,42.9,26.6,14.2,5.0,44.0,True,korea,KOR,Korea,Republic of Korea,KR,East Asia & Pacific,High income: OECD,True
U1026,college of william and mary,United States,US,united states,,,8.1,9.1,20.9,11.4,5.4,6.3,23.7,4.3,True,,,,,,,,,,,False,,,,,,,,,,,False,united states,USA,United States,United States of America,US,North America,High income: OECD,True
U1027,corvinus university of budapest,Hungary,HU,hungary,,,10.3,21.6,4.7,3.1,34.8,7.3,33.5,1.0,True,,,,,,,,,,,False,1201.0,21.35,16.0,12.2,23.0,37.2,43.5,21.3,15.0,53.0,True,hungary,HUN,Hungary,Hungary,HU,Europe & Central Asia,Upper middle income,True
U1028,cracow university of technology (politechnika krakowska),Poland,PL,poland,,,11.0,21.3,21.7,4.7,3.3,2.6,5.4,1.0,True,,,,,,,,,,,False,,,,,,,,,,,False,poland,POL,Poland,Republic of Poland,PL,Europe & Central Asia,High income: OECD,True
U1029,dankook university,South Korea,KR,south korea,,,5.8,4.0,59.2,3.0,7.1,4.2,2.9,4.1,True,,,,,,,,,,,False,,,,,,,,,,,False,korea,KOR,Korea,Republic of Korea,KR,East Asia & Pacific,High income: OECD,True
U1030,ege university,Turkey,TR,turkey,,,10.0,13.6,15.8,3.2,7.8,1.3,2.1,1.4,True,,25.5,32.7,16.7,30.4,63.4,25.7,20.3,4.0,54.0,True,1201.0,21.35,21.8,13.3,19.0,46.7,24.1,18.5,4.0,57.0,True,turkey,TUR,Turkey,Republic of Turkey,TR,Europe & Central Asia,Upper middle income,True
U1031,escuela superior politécnica del litoral (espol),Ecuador,EC,ecuador,,,14.3,8.4,22.4,2.6,1.6,12.0,8.6,22.7,True,,,,,,,,,,,False,,,,,,,,,,,False,ecuador,ECU,Ecuador,Republic of Ecuador,EC,Latin America & Caribbean,Upper middle income,True
U1032,fordham university,United States,US,united states,,,6.8,8.3,14.8,5.4,13.9,6.3,29.1,1.4,True,,,,,,,,,,,False,,,,,,,,,,,False,united states,USA,United States,United States of America,US,North America,High income: OECD,True
U1033,gebze technical university (gtu),Turkey,TR,turkey,,,4.5,3.4,7.8,18.5,3.8,6.2,2.3,3.8,True,,,,,,,,,,,False,,,,,,,,,,,False,turkey,TUR,Turkey,Republic of Turkey,TR,Europe & Central Asia,Upper middle income,True
U1034,george mason university,United States,US,united states,,,8.8,4.8,12.4,9.2,15.3,10.0,11.9,22.5,True,,47.2,29.7,27.5,82.7,62.0,59.9,18.3,11.0,53.0,True,301.0,47.85,30.7,26.8,84.0,37.8,50.0,18.1,12.0,53.0,True,united states,USA,United States,United States of America,US,North America,High income: OECD,True
U1035,gifu university,Japan,JP,japan,,,6.6,2.3,57.9,7.6,3.3,4.3,1.8,3.1,True,,30.450000000000003,30.6,23.2,29.5,65.9,29.5,14.6,4.0,38.0,True,1201.0,21.35,25.7,13.0,17.2,42.1,26.1,7.5,5.0,38.0,True,japan,JPN,Japan,Japan,JP,East Asia & Pacific,High income: OECD,True
U1036,glasgow caledonian university,United Kingdom,GB,united kingdom,,,5.2,5.4,4.3,6.3,34.9,30.1,6.8,23.5,True,,39.4,20.7,13.9,66.7,46.1,75.6,24.1,18.0,58.0,True,601.0,36.6,18.4,13.8,65.4,37.4,69.0,23.6,19.0,57.0,True,united kingdom,GBR,United Kingdom,United Kingdom of Great Britain and Northern Ireland,GB,Europe & Central Asia,High income: OECD,True
U1037,gunma university,Japan,JP,japan,,,3.5,1.9,85.8,4.7,3.2,4.0,1.9,1.0,True,,25.5,28.6,14.2,20.7,57.4,26.7,7.6,4.0,37.0,True,1201.0,21.35,24.2,13.0,17.1,40.7,23.5,7.7,5.0,38.0,True,japan,JPN,Japan,Japan,JP,East Asia & Pacific,High income: OECD,True
U1038,guru gobind singh indraprastha university,India,IN,india,,,4.5,4.4,6.6,27.7,5.1,3.7,6.4,2.2,True,,,,,,,,,,,False,,,,,,,,,,,False,india,IND,India,Republic of India,IN,South Asia,Lower middle income,True
U1039,harbin engineering university,China (Mainland),CN,china,,,5.4,2.4,16.5,28.1,2.2,2.3,3.8,1.3,True,,34.8,28.1,30.6,43.6,64.9,24.4,19.8,2.0,22.0,True,1201.0,21.35,24.6,23.2,18.6,79.3,21.7,18.7,3.0,23.0,True,china,CHN,China,People's Republic of China,CN,East Asia & Pacific,Upper middle income,True
U1040,hohai university,China (Mainland),CN,china,,,4.1,1.5,7.9,16.5,,,2.2,2.4,True,,,,,,,,,,,False,,,,,,,,,,,False,china,CHN,China,People's Republic of China,CN,East Asia & Pacific,Upper middle income,True
U1041,howard university,United States,US,united states,,,7.0,9.2,38.9,3.0,4.1,1.1,18.8,1.1,True,,34.8,48.0,18.8,41.6,39.8,39.3,9.7,5.0,71.0,True,351.0,45.95,45.7,17.6,79.2,36.9,34.3,8.2,6.0,70.0,True,united states,USA,United States,United States of America,US,North America,High income: OECD,True
U1042,hungarian university of agriculture and life sciences,Hungary,HU,hungary,,,6.0,4.9,30.4,3.2,29.2,2.2,3.6,1.3,True,,25.5,25.8,11.6,32.5,23.0,62.3,11.6,16.0,53.0,True,1201.0,21.35,21.1,13.3,21.0,37.7,56.2,10.5,14.0,53.0,True,hungary,HUN,Hungary,Hungary,HU,Europe & Central Asia,Upper middle income,True
U1043,indiana universitypurdue university indianapolis,United States,US,united states,,,7.1,4.5,22.2,10.0,6.6,28.8,3.7,6.7,True,,,,,,,,,,,False,,,,,,,,,,,False,united states,USA,United States,United States of America,US,North America,High income: OECD,True
U1044,international christian university,Japan,JP,japan,,,5.2,11.5,19.4,1.5,4.5,76.3,12.0,,True,,,,,,,,12.1,13.0,53.0,True,,,,,,,,12.6,11.0,61.0,True,japan,JPN,Japan,Japan,JP,East Asia & Pacific,High income: OECD,True
U1045,international islamic university islamabad (iiu),Pakistan,PK,pakistan,,,7.0,10.7,3.5,8.0,6.1,4.2,4.3,1.1,True,,,,,,,,,,,False,,,,,,,,,,,False,pakistan,PAK,Pakistan,Islamic Republic of Pakistan,PK,South Asia,Lower middle income,True
U1046,islamic university of madinah,Saudi Arabia,SA,saudi arabia,,,5.5,1.9,6.6,1.5,100.0,36.3,2.1,1.0,True,,,,,,,,8.4,70.0,3.0,True,,,,,,,,7.7,75.0,4.0,True,saudi arabia,SAU,Saudi Arabia,Kingdom of Saudi Arabia,SA,Middle East & North Africa,High income: nonOECD,True
U1047,"iteso, universidad jesuita de guadalajara",Mexico,MX,mexico,,,6.3,4.4,72.8,1.0,1.5,2.4,1.9,1.0,True,,,,,,,,,,,False,,,,,,,,,,,False,mexico,MEX,Mexico,United Mexican States,MX,Latin America & Caribbean,Upper middle income,True
U1048,jiangnan university,China (Mainland),CN,china,,,4.4,3.3,20.0,26.7,,,1.4,1.2,True,,34.8,24.7,22.4,60.2,76.6,24.0,12.9,1.0,53.0,True,1001.0,27.05,20.4,19.5,37.7,59.5,20.4,13.1,1.0,53.0,True,china,CHN,China,People's Republic of China,CN,East Asia & Pacific,Upper middle income,True
U1049,kagoshima university,Japan,JP,japan,,,6.1,2.9,63.6,3.5,2.8,3.8,1.7,1.0,True,,25.5,25.7,13.5,24.0,55.2,27.7,10.1,3.0,38.0,True,1501.0,14.35,21.8,12.4,14.3,43.4,25.2,10.2,2.0,37.0,True,japan,JPN,Japan,Japan,JP,East Asia & Pacific,High income: OECD,True
U1050,kangwon national university,South Korea,KR,south korea,,,4.8,4.7,22.2,8.2,2.6,4.7,2.8,34.5,True,,25.5,22.0,21.9,32.4,47.4,24.1,21.6,3.0,41.0,True,1201.0,21.35,20.3,19.4,19.1,39.9,23.1,22.0,3.0,41.0,True,korea,KOR,Korea,Republic of Korea,KR,East Asia & Pacific,High income: OECD,True
U1051,kazakh-british technical university,Kazakhstan,KZ,kazakhstan,,,14.4,28.2,16.1,1.5,2.5,6.0,3.4,1.2,True,,,,,,,,27.6,2.0,36.0,True,,,,,,,,,,,False,kazakhstan,KAZ,Kazakhstan,Republic of Kazakhstan,KZ,Europe & Central Asia,Upper middle income,True
U1052,kent state university,United States,US,united states,,,5.5,2.9,6.2,12.7,6.6,19.2,7.6,2.8,True,,,,,,,,,,,False,,,,,,,,,,,False,united states,USA,United States,United States of America,US,North America,High income: OECD,True
U1053,kyushu institute of technology,Japan,JP,japan,,,4.6,5.4,9.6,25.6,3.5,7.1,1.9,1.1,True,,,,,,,,,,,False,,,,,,,,,,,False,japan,JPN,Japan,Japan,JP,East Asia & Pacific,High income: OECD,True
U1054,leeds beckett university,United Kingdom,GB,united kingdom,,,4.5,5.9,3.8,7.5,27.4,39.1,8.5,1.5,True,,34.8,17.7,16.2,65.0,49.9,67.3,21.9,15.0,54.0,True,801.0,31.85,16.7,16.5,58.8,37.4,57.3,20.3,13.0,54.0,True,united kingdom,GBR,United Kingdom,United Kingdom of Great Britain and Northern Ireland,GB,Europe & Central Asia,High income: OECD,True
U1055,lobachevsky university,Russia,RU,russia,,,7.9,3.9,41.1,2.0,22.3,2.0,3.2,1.3,True,,,,,,,,,,,False,,,,,,,,,,,False,russia,RUS,Russia,Russian Federation,RU,Europe & Central Asia,High income: nonOECD,True
U1056,lodz university of technology,Poland,PL,poland,,,5.0,3.4,46.2,8.9,4.0,3.3,3.2,4.0,True,,25.5,21.2,15.7,34.4,66.9,29.8,13.1,5.0,39.0,True,1501.0,14.35,16.6,14.9,17.8,43.6,25.5,17.8,4.0,39.0,True,poland,POL,Poland,Republic of Poland,PL,Europe & Central Asia,High income: OECD,True
U1057,london metropolitan university,United Kingdom,GB,united kingdom,,,5.0,3.0,3.8,3.3,100.0,59.5,13.5,1.0,True,,,,,,,,25.5,50.0,65.0,True,,,,,,,,21.5,45.0,66.0,True,united kingdom,GBR,United Kingdom,United Kingdom of Great Britain and Northern Ireland,GB,Europe & Central Asia,High income: OECD,True
U1058,loyola university chicago,United States,US,united states,,,8.5,17.3,23.2,7.0,3.0,6.5,13.2,1.9,True,,,,,,,,,,,False,,,,,,,,,,,False,united states,USA,United States,United States of America,US,North America,High income: OECD,True
U1059,lviv polytechnic national university,Ukraine,UA,ukraine,,,8.4,13.5,28.4,1.9,1.2,1.4,15.2,11.5,True,,39.4,22.9,11.3,34.2,18.8,27.1,11.9,1.0,41.0,True,601.0,36.6,19.4,10.7,53.7,38.0,25.3,10.5,1.0,42.0,True,ukraine,UKR,Ukraine,Ukraine,UA,Europe & Central Asia,Lower middle income,True
U1060,marmara university,Turkey,TR,turkey,,,8.1,11.4,4.4,2.4,4.2,2.9,23.9,2.7,True,,16.2,17.0,11.7,31.9,26.9,30.7,30.6,5.0,51.0,True,1201.0,21.35,18.3,10.0,24.1,40.4,26.3,30.6,6.0,51.0,True,turkey,TUR,Turkey,Republic of Turkey,TR,Europe & Central Asia,Upper middle income,True
U1061,mississippi state university,United States,US,united states,,,6.2,3.6,7.4,17.4,3.1,8.9,7.1,4.5,True,,39.4,27.3,20.0,58.8,66.2,50.7,14.6,4.0,53.0,True,801.0,31.85,22.8,18.5,44.9,40.6,41.6,15.2,3.0,52.0,True,united states,USA,United States,United States of America,US,North America,High income: OECD,True
U1062,multimedia university (mmu),Malaysia,MY,malaysia,,,11.0,15.4,10.9,4.7,30.3,28.5,3.8,3.7,True,,,,,,,,,,,False,,,,,,,,,,,False,malaysia,MYS,Malaysia,Malaysia,MY,East Asia & Pacific,Upper middle income,True
U1063,mustansiriyah university,Iraq,IQ,iraq,,,5.0,8.4,51.2,1.3,3.6,35.7,4.2,1.1,True,,16.2,25.3,8.4,16.0,19.1,32.5,6.5,1.0,52.0,True,1501.0,14.35,21.7,8.2,18.2,40.0,28.7,7.1,1.0,51.0,True,iraq,IRQ,Iraq,Republic of Iraq,IQ,Middle East & North Africa,Upper middle income,True
U1064,mutah university,Jordan,JO,jordan,,,9.1,11.0,11.0,1.8,32.5,10.1,7.3,1.6,True,,25.5,29.7,11.5,27.6,20.9,61.2,15.5,18.0,44.0,True,,,,,,,,16.1,15.0,46.0,True,jordan,JOR,Jordan,Hashemite Kingdom of Jordan,JO,Middle East & North Africa,Upper middle income,True
U1065,mykolas romeris university,Lithuania,LT,lithuania,,,6.2,8.7,13.9,4.5,35.3,14.0,47.2,11.8,True,,,,,,,,,,,False,,,,,,,,,,,False,lithuania,LTU,Lithuania,Republic of Lithuania,LT,Europe & Central Asia,High income: nonOECD,True
U1066,nanjing normal university,China (Mainland),CN,china,,,5.0,1.8,15.8,26.8,4.2,,4.4,2.9,True,,34.8,25.1,15.1,66.5,50.7,29.8,13.5,2.0,69.0,True,801.0,31.85,21.7,13.7,58.7,52.7,24.9,13.0,2.0,70.0,True,china,CHN,China,People's Republic of China,CN,East Asia & Pacific,Upper middle income,True
U1067,narxoz university,Kazakhstan,KZ,kazakhstan,,,9.6,7.5,12.9,1.3,6.2,14.9,60.3,1.4,True,,,,,,,,13.0,2.0,59.0,True,,,,,,,,,,,False,kazakhstan,KAZ,Kazakhstan,Republic of Kazakhstan,KZ,Europe & Central Asia,Upper middle income,True
U1068,national chung cheng university,Taiwan,TW,taiwan,,,12.5,24.9,14.5,4.9,3.5,4.7,2.7,9.9,True,,25.5,23.5,22.2,25.0,72.9,26.5,15.6,4.0,44.0,True,1201.0,21.35,20.4,18.7,13.3,43.2,24.9,15.4,4.0,44.0,True,taiwan,,,,,,,False
U1069,"national technical university ""kharkiv polytechnic institute""",Ukraine,UA,ukraine,,,6.5,10.6,54.3,1.3,20.1,1.7,4.0,1.6,True,,,,,,,,,,,False,,,,,,,,,,,False,ukraine,UKR,Ukraine,Ukraine,UA,Europe & Central Asia,Lower middle income,True
U1070,national university of kyiv-mohyla academy (naukma),Ukraine,UA,ukraine,,,5.1,10.6,44.2,1.2,1.1,2.1,13.5,1.0,True,,,,,,,,,,,False,,,,,,,,,,,False,ukraine,UKR,Ukraine,Ukraine,UA,Europe & Central Asia,Lower middle income,True
U1071,njsc kimep university,Kazakhstan,KZ,kazakhstan,,,5.9,14.3,13.8,4.0,15.7,75.6,27.6,1.0,True,,,,,,,,,,,False,,,,,,,,,,,False,kazakhstan,KAZ,Kazakhstan,Republic of Kazakhstan,KZ,Europe & Central Asia,Upper middle income,True
U1072,northern arizona university,United States,US,united states,,,5.8,6.2,5.1,13.1,3.1,3.0,4.6,6.4,True,,,,,,,,,,,False,,,,,,,,,,,False,united states,USA,United States,United States of America,US,North America,High income: OECD,True
U1073,northwest university (china),China (Mainland),CN,china,,,4.0,1.4,48.8,17.2,2.6,3.5,3.0,1.4,True,,,,,,,,,,,False,,,,,,,,,,,False,china,CHN,China,People's Republic of China,CN,East Asia & Pacific,Upper middle income,True
U1074,o.p. jindal global university,India,IN,india,,,8.8,10.0,53.8,1.6,1.2,18.0,3.2,2.3,True,,,,,,,,9.1,0.0,48.0,True,,,,,,,,,,,False,india,IND,India,Republic of India,IN,South Asia,Lower middle income,True
U1075,ohio university,United States,US,united states,,,8.1,5.5,5.7,10.5,3.3,2.4,16.9,2.7,True,,,,,,,,,,,False,,,,,,,,,,,False,united states,USA,United States,United States of America,US,North America,High income: OECD,True
U1076,panjab university,India,IN,india,,,7.8,7.3,6.2,24.1,1.7,,31.8,2.4,True,,39.4,32.6,16.2,67.9,39.2,23.5,18.6,1.0,51.0,True,801.0,31.85,30.5,14.6,60.0,37.5,17.1,17.6,1.0,41.0,True,india,IND,India,Republic of India,IN,South Asia,Lower middle income,True
U1077,paul valéry university montpellier,France,FR,france,,,11.8,2.8,2.9,5.3,32.2,5.0,2.1,2.8,True,,,,,,,,,,,False,,,,,,,,,,,False,france,FRA,France,French Republic,FR,Europe & Central Asia,High income: OECD,True
U1078,pontifícia universidade católica de são paulo,Brazil,BR,brazil,,,10.1,14.8,37.6,1.2,1.2,3.8,34.1,1.0,True,,,,,,,,,,,False,,,,,,,,,,,False,brazil,BRA,Brazil,Federative Republic of Brazil,BR,Latin America & Caribbean,Upper middle income,True
U1079,poznan university of technology,Poland,PL,poland,,,7.8,6.8,31.6,6.3,5.7,2.3,5.2,1.4,True,,25.5,22.6,13.0,35.9,41.8,26.9,11.4,6.0,32.0,True,1201.0,21.35,18.9,12.7,26.6,40.0,22.2,11.6,4.0,33.0,True,poland,POL,Poland,Republic of Poland,PL,Europe & Central Asia,High income: OECD,True
U1080,rochester institute of technology (rit),United States,US,united states,,,7.2,10.7,19.2,6.3,16.1,4.7,9.0,34.5,True,,,,,,,,,,,False,,,,,,,,,,,False,united states,USA,United States,United States of America,US,North America,High income: OECD,True
U1081,russian presidential academy of national economy and public administration,Russia,RU,russia,,,4.9,7.6,47.8,1.1,2.8,1.8,41.8,1.0,True,,16.2,26.8,17.1,18.1,19.4,23.2,10.4,4.0,63.0,True,,,,,,,,,,,False,russia,RUS,Russia,Russian Federation,RU,Europe & Central Asia,High income: nonOECD,True
U1082,saint petersburg electrotechnical university etu-leti,Russia,RU,russia,,,5.4,3.6,46.4,1.8,46.3,4.2,5.6,1.1,True,,,,,,,,,,,False,,,,,,,,,,,False,russia,RUS,Russia,Russian Federation,RU,Europe & Central Asia,High income: nonOECD,True
U1083,saint-petersburg mining university,Russia,RU,russia,,,3.6,3.2,64.1,2.1,29.3,21.1,8.0,1.1,True,,39.4,29.7,16.9,69.3,50.4,43.1,13.4,12.0,41.0,True,,,,,,,,,,,False,russia,RUS,Russia,Russian Federation,RU,Europe & Central Asia,High income: nonOECD,True
U1084,samara national research university (samara university),Russia,RU,russia,,,4.1,2.2,75.4,2.1,12.3,2.2,9.1,1.2,True,,25.5,27.5,14.8,21.8,26.6,37.1,10.7,14.0,48.0,True,,,,,,,,,,,False,russia,RUS,Russia,Russian Federation,RU,Europe & Central Asia,High income: nonOECD,True
U1085,san diego state university,United States,US,united states,,,5.4,3.0,3.3,14.3,3.5,5.2,15.8,9.4,True,,34.8,21.5,11.9,71.1,58.3,37.0,28.1,5.0,58.0,True,601.0,36.6,24.5,11.1,69.4,37.6,33.5,27.5,7.0,56.0,True,united states,USA,United States,United States of America,US,North America,High income: OECD,True
U1086,sheffield hallam university,United Kingdom,GB,united kingdom,,,6.7,8.6,9.5,4.5,33.1,33.6,8.6,2.2,True,,34.8,19.4,14.4,66.7,33.1,64.0,17.7,12.0,55.0,True,801.0,31.85,18.7,14.3,60.8,37.1,57.3,17.2,13.0,55.0,True,united kingdom,GBR,United Kingdom,United Kingdom of Great Britain and Northern Ireland,GB,Europe & Central Asia,High income: OECD,True
U1087,shinshu university,Japan,JP,japan,,,3.6,3.2,34.9,11.2,2.6,5.5,1.8,1.1,True,,30.450000000000003,26.8,18.0,34.6,63.1,32.6,10.4,3.0,32.0,True,1201.0,21.35,21.5,14.9,24.3,42.4,27.1,10.4,3.0,32.0,True,japan,JPN,Japan,Japan,JP,East Asia & Pacific,High income: OECD,True
U1088,"siberian federal university, sibfu",Russia,RU,russia,,,6.8,4.5,18.9,3.8,31.6,46.3,8.0,1.2,True,,,,,,,,,,,False,,,,,,,,,,,False,russia,RUS,Russia,Russian Federation,RU,Europe & Central Asia,High income: nonOECD,True
U1089,silesian university of technology,Poland,PL,poland,,,6.8,3.8,30.3,7.0,3.3,2.9,9.5,1.4,True,,25.5,21.8,15.6,39.4,31.5,26.6,12.0,4.0,32.0,True,1201.0,21.35,18.0,14.2,22.2,40.2,21.7,12.4,4.0,32.0,True,poland,POL,Poland,Republic of Poland,PL,Europe & Central Asia,High income: OECD,True
U1090,slovak university of agriculture in nitra,Slovakia,SK,slovakia,,,8.5,9.0,25.8,7.2,4.4,7.1,4.9,1.0,True,,25.5,23.6,12.2,27.4,18.9,48.5,11.9,5.0,54.0,True,1201.0,21.35,19.8,12.5,20.4,38.3,48.3,11.3,3.0,52.0,True,slovak republic,SVK,Slovak Republic,Slovak Republic,SK,Europe & Central Asia,High income: OECD,True
U1091,slovak university of technology in bratislava,Slovakia,SK,slovakia,,,9.1,9.0,38.8,3.8,6.5,2.4,15.0,1.0,True,,16.2,27.6,12.0,22.3,28.7,32.8,8.5,7.0,31.0,True,1501.0,14.35,22.0,11.8,7.5,38.4,32.3,8.8,5.0,28.0,True,slovak republic,SVK,Slovak Republic,Slovak Republic,SK,Europe & Central Asia,High income: OECD,True
U1092,sohar university,Oman,OM,oman,,,4.4,5.0,2.2,9.0,1.7,100.0,53.7,1.0,True,,,,,,,,28.5,2.0,80.0,True,,,,,,,,,,,False,oman,OMN,Oman,Sultanate of Oman,OM,Middle East & North Africa,High income: nonOECD,True
U1093,soonchunhyang university,South Korea,KR,south korea,,,5.6,4.7,55.2,5.7,3.9,5.5,1.8,6.4,True,,25.5,19.8,25.4,33.0,48.2,35.0,21.4,6.0,51.0,True,1201.0,21.35,17.8,19.4,24.1,38.2,28.5,19.2,4.0,49.0,True,korea,KOR,Korea,Republic of Korea,KR,East Asia & Pacific,High income: OECD,True
U1094,southern methodist university,United States,US,united states,,,4.9,3.6,29.3,7.2,8.7,6.8,38.8,2.4,True,,,,,,,,,,,False,,,,,,,,,,,False,united states,USA,United States,United States of America,US,North America,High income: OECD,True
U1095,southwest university,China (Mainland),CN,china,,,3.0,1.9,13.3,23.9,1.7,1.3,10.6,2.3,True,,,,,,,,,,,False,,,,,,,,,,,False,china,CHN,China,People's Republic of China,CN,East Asia & Pacific,Upper middle income,True
U1096,srm institute of science and technology,India,IN,india,,,8.6,16.0,13.4,4.0,1.6,1.5,1.8,12.7,True,,25.5,21.6,11.5,51.6,21.9,26.8,15.5,2.0,30.0,True,1201.0,21.35,18.6,10.4,34.4,37.2,20.9,15.1,2.0,28.0,True,india,IND,India,Republic of India,IN,South Asia,Lower middle income,True
U1097,sumy state university,Ukraine,UA,ukraine,,,5.8,5.3,35.1,2.5,40.5,3.1,3.8,7.5,True,,47.2,24.3,13.5,68.9,20.0,63.2,12.0,24.0,45.0,True,401.0,43.5,19.5,12.3,94.5,39.9,57.2,11.4,21.0,44.0,True,ukraine,UKR,Ukraine,Ukraine,UA,Europe & Central Asia,Lower middle income,True
U1098,sungshin women's university,South Korea,KR,south korea,,,5.6,8.3,81.9,1.2,4.3,2.7,1.7,1.0,True,,,,,,,,,,,False,,,,,,,,,,,False,korea,KOR,Korea,Republic of Korea,KR,East Asia & Pacific,High income: OECD,True
U1099,széchenyi istván university,Hungary,HU,hungary,,,9.2,31.2,25.0,1.6,6.7,3.4,3.9,3.5,True,,16.2,19.1,11.7,23.2,17.4,29.6,14.8,5.0,45.0,True,,,,,,,,14.7,5.0,43.0,True,hungary,HUN,Hungary,Hungary,HU,Europe & Central Asia,Upper middle income,True
U1100,taibah university,Saudi Arabia,SA,saudi arabia,,,6.1,2.1,4.5,3.6,2.0,94.4,2.0,1.1,True,,30.450000000000003,14.4,10.2,54.2,18.5,76.0,24.4,2.0,61.0,True,801.0,31.85,15.2,9.0,55.1,37.2,74.7,21.7,3.0,62.0,True,saudi arabia,SAU,Saudi Arabia,Kingdom of Saudi Arabia,SA,Middle East & North Africa,High income: nonOECD,True
U1101,tallinn university,Estonia,EE,estonia,,,9.0,4.3,7.9,5.5,19.4,43.8,31.0,1.0,True,,30.450000000000003,24.8,23.0,42.6,22.1,59.3,9.9,14.0,71.0,True,1001.0,27.05,19.7,18.8,22.4,39.0,68.9,9.6,16.0,71.0,True,estonia,EST,Estonia,Republic of Estonia,EE,Europe & Central Asia,High income: OECD,True
U1102,technical university of kosice,Slovakia,SK,slovakia,,,7.5,4.4,19.8,5.5,56.2,1.5,4.5,1.0,True,,,,,,,,,,,False,,,,,,,,,,,False,slovak republic,SVK,Slovak Republic,Slovak Republic,SK,Europe & Central Asia,High income: OECD,True
U1103,tecnológico de costa rica -tec,Costa Rica,CR,costa rica,,,8.4,21.0,21.4,1.4,1.9,7.0,8.8,1.0,True,,,,,,,,,,,False,,,,,,,,,,,False,costa rica,CRI,Costa Rica,Republic of Costa Rica,CR,Latin America & Caribbean,Upper middle income,True
U1104,telkom university,Indonesia,ID,indonesia,,,8.7,12.1,21.3,1.5,6.5,35.5,5.7,1.5,True,,16.2,15.0,11.0,28.5,21.3,38.1,16.8,3.0,42.0,True,1501.0,14.35,14.1,10.5,20.3,40.5,29.4,18.2,1.0,43.0,True,indonesia,IDN,Indonesia,Republic of Indonesia,ID,East Asia & Pacific,Lower middle income,True
U1105,the hashemite university,Jordan,JO,jordan,,,9.4,14.6,4.2,3.6,14.6,7.2,3.6,2.4,True,,25.5,13.2,14.2,40.6,25.4,53.1,23.0,7.0,63.0,True,1201.0,21.35,14.3,13.5,23.7,42.8,54.5,27.9,7.0,61.0,True,jordan,JOR,Jordan,Hashemite Kingdom of Jordan,JO,Middle East & North Africa,Upper middle income,True
U1106,the university of northampton,United Kingdom,GB,united kingdom,,,3.2,2.7,5.2,2.6,96.6,36.3,4.1,1.0,True,,,,,,,,,,,False,,,,,,,,,,,False,united kingdom,GBR,United Kingdom,United Kingdom of Great Britain and Northern Ireland,GB,Europe & Central Asia,High income: OECD,True
U1107,the university of texas at arlington,United States,US,united states,,,4.6,5.1,4.5,9.8,29.6,1.9,8.1,40.4,True,,,,,,,,,,,False,,,,,,,,,,,False,united states,USA,United States,United States of America,US,North America,High income: OECD,True
U1108,tokushima university,Japan,JP,japan,,,4.4,1.8,64.0,5.6,2.2,2.5,4.1,1.0,True,,25.5,29.2,24.0,24.4,81.6,26.4,9.7,2.0,35.0,True,1201.0,21.35,23.7,22.8,12.4,62.0,24.4,9.6,3.0,36.0,True,japan,JPN,Japan,Japan,JP,East Asia & Pacific,High income: OECD,True
U1109,tokyo metropolitan university,Japan,JP,japan,,,12.8,5.5,32.0,11.4,4.5,7.3,4.0,1.1,True,,30.450000000000003,29.8,16.2,39.2,48.0,36.5,10.9,7.0,39.0,True,1001.0,27.05,24.5,14.6,34.1,39.9,30.0,10.6,6.0,39.0,True,japan,JPN,Japan,Japan,JP,East Asia & Pacific,High income: OECD,True
U1110,universidad andrés bello,Chile,CL,chile,,,12.3,7.4,6.9,2.3,1.9,7.1,2.1,4.0,True,,,,,,,,,,,False,,,,,,,,,,,False,chile,CHL,Chile,Republic of Chile,CL,Latin America & Caribbean,High income: OECD,True
U1111,universidad austral de chile,Chile,CL,chile,,,13.9,8.0,3.1,7.3,1.6,15.6,3.5,5.6,True,,,,,,,,,,,False,,,,,,,,,,,False,chile,CHL,Chile,Republic of Chile,CL,Latin America & Caribbean,High income: OECD,True
U1112,universidad autónoma chapingo,Mexico,MX,mexico,,,3.7,2.5,80.2,1.4,1.3,2.6,4.8,1.0,True,,,,,,,,,,,False,1501.0,14.35,22.6,8.4,3.0,37.0,24.3,7.9,1.0,45.0,True,mexico,MEX,Mexico,United Mexican States,MX,Latin America & Caribbean,Upper middle income,True
U1113,universidad autónoma de nuevo león,Mexico,MX,mexico,,,14.5,8.5,2.3,1.8,1.1,2.9,13.4,10.6,True,,,,,,,,,,,False,,,,,,,,,,,False,mexico,MEX,Mexico,United Mexican States,MX,Latin America & Caribbean,Upper middle income,True
U1114,universidad autónoma del estado de méxico (uaemex),Mexico,MX,mexico,,,19.3,8.2,4.6,1.5,1.3,3.0,1.8,4.9,True,,,,,,,,,,,False,,,,,,,,,,,False,mexico,MEX,Mexico,United Mexican States,MX,Latin America & Caribbean,Upper middle income,True
U1115,universidad de castilla-la mancha,Spain,ES,spain,,,7.9,2.1,16.9,9.7,5.2,2.1,4.9,8.8,True,,,,,,,,,,,False,,,,,,,,,,,False,spain,ESP,Spain,Kingdom of Spain,ES,Europe & Central Asia,High income: OECD,True
U1116,universidad de guadalajara (udg),Mexico,MX,mexico,,,18.9,7.5,17.1,1.2,1.1,2.2,5.8,6.0,True,,,,,,,,,,,False,,,,,,,,,,,False,mexico,MEX,Mexico,United Mexican States,MX,Latin America & Caribbean,Upper middle income,True
U1117,universidad de la frontera (ufro),Chile,CL,chile,,,10.3,3.0,4.1,9.3,1.2,6.0,2.3,1.5,True,,,,,,,,,,,False,,,,,,,,,,,False,chile,CHL,Chile,Republic of Chile,CL,Latin America & Caribbean,High income: OECD,True
U1118,universidad de las américas puebla (udlap),Mexico,MX,mexico,,,7.9,9.1,44.2,1.9,7.4,21.5,3.8,1.0,True,,,,,,,,,,,False,,,,,,,,,,,False,mexico,MEX,Mexico,United Mexican States,MX,Latin America & Caribbean,Upper middle income,True
U1119,universidad de lima,Peru,PE,peru,,,9.6,26.2,3.8,1.2,2.1,3.2,20.9,1.0,True,,,,,,,,,,,False,,,,,,,,,,,False,peru,PER,Peru,Republic of Peru,PE,Latin America & Caribbean,Upper middle income,True
U1120,universidad de los andes - (ula) mérida,Venezuela,VE,venezuela,,,14.6,8.5,25.4,1.2,1.6,1.3,18.8,1.3,True,,,,,,,,,,,False,,,,,,,,,,,False,venezuela,VEN,Venezuela,República Bolivariana de Venezuela,VE,Latin America & Caribbean,Upper middle income,True
U1121,universidad de oviedo,Spain,ES,spain,,,12.5,3.7,20.0,6.5,1.7,4.1,8.5,5.1,True,,,,,,,,,,,False,,,,,,,,,,,False,spain,ESP,Spain,Kingdom of Spain,ES,Europe & Central Asia,High income: OECD,True
U1122,universidad de puerto rico,Puerto Rico,PR,puerto rico,,,10.2,6.8,14.4,2.0,1.5,1.3,62.2,2.3,True,,,,,,,,,,,False,,,,,,,,,,,False,puerto rico,PRI,Puerto Rico,Puerto Rico,PR,Latin America & Caribbean,High income: nonOECD,True
U1123,universidad de talca,Chile,CL,chile,,,10.8,5.6,6.4,6.2,1.4,21.4,2.1,1.3,True,,,,,,,,,,,False,,,,,,,,,,,False,chile,CHL,Chile,Republic of Chile,CL,Latin America & Caribbean,High income: OECD,True
U1124,universidad del norte,Colombia,CO,colombia,,,9.6,11.9,10.8,2.9,1.4,7.7,7.6,21.3,True,,,,,,,,,,,False,,,,,,,,,,,False,colombia,COL,Colombia,Republic of Colombia,CO,Latin America & Caribbean,Upper middle income,True
U1125,universidad del pacífico,Peru,PE,peru,,,7.0,28.0,3.0,3.1,2.2,9.4,16.6,1.5,True,,,,,,,,9.1,2.0,55.0,True,,,,,,,,,,,False,peru,PER,Peru,Republic of Peru,PE,Latin America & Caribbean,Upper middle income,True
U1126,universidad del valle,Colombia,CO,colombia,,,18.1,8.2,7.7,1.9,1.3,2.1,21.4,1.7,True,,16.2,23.2,8.7,12.2,17.9,40.6,8.9,1.0,50.0,True,,,,,,,,,,,False,colombia,COL,Colombia,Republic of Colombia,CO,Latin America & Caribbean,Upper middle income,True
U1127,universidad diego portales (udp),Chile,CL,chile,,,14.7,14.9,8.6,3.7,2.9,13.1,6.2,2.3,True,,,,,,,,,,,False,,,,,,,,,,,False,chile,CHL,Chile,Republic of Chile,CL,Latin America & Caribbean,High income: OECD,True
U1128,universidad icesi,Colombia,CO,colombia,,,5.7,6.1,78.6,1.6,2.5,3.7,9.7,1.0,True,,,,,,,,,,,False,,,,,,,,,,,False,colombia,COL,Colombia,Republic of Colombia,CO,Latin America & Caribbean,Upper middle income,True
U1129,universidad nacional de cuyo,Argentina,AR,argentina,,,12.9,6.1,23.0,1.6,13.9,1.8,10.3,8.4,True,,,,,,,,,,,False,,,,,,,,,,,False,argentina,ARG,Argentina,Argentine Republic,AR,Latin America & Caribbean,Upper middle income,True
U1130,universidad nacional de la asunción,Paraguay,PY,paraguay,,,6.1,5.3,31.7,1.1,1.7,1.3,69.0,1.1,True,,,,,,,,,,,False,,,,,,,,,,,False,paraguay,PRY,Paraguay,Republic of Paraguay,PY,Latin America & Caribbean,Lower middle income,True
U1131,universidad nacional de san luis,Argentina,AR,argentina,,,3.8,1.4,73.8,1.2,,,1.2,1.0,True,,,,,,,,,,,False,,,,,,,,,,,False,argentina,ARG,Argentina,Argentine Republic,AR,Latin America & Caribbean,Upper middle income,True
U1132,universidad nacional del centro de la provincia de buenos aires (unicen),Argentina,AR,argentina,,,5.5,2.5,76.8,1.3,,,1.3,1.0,True,,,,,,,,,,,False,,,,,,,,,,,False,argentina,ARG,Argentina,Argentine Republic,AR,Latin America & Caribbean,Upper middle income,True
U1133,universidad peruana cayetano heredia (upch),Peru,PE,peru,,,9.5,8.5,45.5,2.2,1.4,1.8,3.8,9.8,True,,,,,,,,,,,False,,,,,,,,,,,False,peru,PER,Peru,Republic of Peru,PE,Latin America & Caribbean,Upper middle income,True
U1134,universidad rey juan carlos,Spain,ES,spain,,,7.9,8.3,7.2,4.5,12.4,16.5,7.0,24.0,True,,,,,,,,,,,False,,,,,,,,,,,False,spain,ESP,Spain,Kingdom of Spain,ES,Europe & Central Asia,High income: OECD,True
U1135,universidad simón bolívar (usb),Venezuela,VE,venezuela,,,13.7,15.9,14.4,2.6,1.0,1.7,11.2,1.0,True,,,,,,,,,,,False,,,,,,,,,,,False,venezuela,VEN,Venezuela,República Bolivariana de Venezuela,VE,Latin America & Caribbean,Upper middle income,True
U1136,universidad tecnológica de panamá (utp),Panama,PA,panama,,,7.8,17.8,27.2,1.1,3.9,4.1,6.1,1.1,True,,,,,,,,,,,False,,,,,,,,,,,False,panama,PAN,Panama,Republic of Panama,PA,Latin America & Caribbean,Upper middle income,True
U1137,universidad tecnológica nacional (utn),Argentina,AR,argentina,,,4.5,14.3,49.7,1.1,1.5,,6.7,1.0,True,,,,,,,,,,,False,,,,,,,,,,,False,argentina,ARG,Argentina,Argentine Republic,AR,Latin America & Caribbean,Upper middle income,True
U1138,universidade da coruña,Spain,ES,spain,,,5.9,4.8,24.2,7.3,4.5,2.9,1.8,23.2,True,,,,,,,,,,,False,,,,,,,,,,,False,spain,ESP,Spain,Kingdom of Spain,ES,Europe & Central Asia,High income: OECD,True
U1139,universidade federal de pernambuco (ufpe),Brazil,BR,brazil,,,11.6,2.4,15.5,4.1,1.2,1.5,3.7,1.2,True,,,,,,,,,,,False,,,,,,,,,,,False,brazil,BRA,Brazil,Federative Republic of Brazil,BR,Latin America & Caribbean,Upper middle income,True
U1140,universidade federal de são carlos (ufscar),Brazil,BR,brazil,,,11.8,6.4,15.5,17.8,1.6,2.6,1.8,2.7,True,,,,,,,,,,,False,,,,,,,,,,,False,brazil,BRA,Brazil,Federative Republic of Brazil,BR,Latin America & Caribbean,Upper middle income,True
U1141,universidade federal do paraná - ufpr,Brazil,BR,brazil,,,13.0,5.8,20.1,5.2,6.0,2.9,9.6,2.0,True,,,,,,,,,,,False,,,,,,,,,,,False,brazil,BRA,Brazil,Federative Republic of Brazil,BR,Latin America & Caribbean,Upper middle income,True
U1142,universidade federal fluminense,Brazil,BR,brazil,,,9.6,2.5,12.8,3.6,1.2,6.3,10.9,13.1,True,,,,,,,,,,,False,,,,,,,,,,,False,brazil,BRA,Brazil,Federative Republic of Brazil,BR,Latin America & Caribbean,Upper middle income,True
U1143,"universita' degli studi ""g. d'annunzio"" chieti pescara",Italy,IT,italy,,,3.7,1.6,3.3,29.3,2.8,3.8,1.2,1.2,True,,,,,,,,,,,False,,,,,,,,,,,False,italy,ITA,Italy,Italian Republic,IT,Europe & Central Asia,High income: OECD,True
U1144,università degli studi di udine,Italy,IT,italy,,,7.1,2.7,11.3,16.7,3.7,4.2,1.9,4.3,True,,,,,,,,,,,False,,,,,,,,,,,False,italy,ITA,Italy,Italian Republic,IT,Europe & Central Asia,High income: OECD,True
U1145,università del salento,Italy,IT,italy,,,7.1,1.7,6.9,21.7,1.5,1.7,1.6,2.7,True,,,,,,,,,,,False,,,,,,,,,,,False,italy,ITA,Italy,Italian Republic,IT,Europe & Central Asia,High income: OECD,True
U1146,universitas hasanuddin,Indonesia,ID,indonesia,,,14.3,13.0,22.2,1.3,1.4,8.8,15.0,1.1,True,,,,,,,,,,,False,,,,,,,,,,,False,indonesia,IDN,Indonesia,Republic of Indonesia,ID,East Asia & Pacific,Lower middle income,True
U1147,universitas sebelas maret,Indonesia,ID,indonesia,,,12.9,16.3,16.0,1.5,2.8,17.1,2.4,9.3,True,,25.5,19.3,19.3,33.9,48.3,33.3,16.9,2.0,64.0,True,1201.0,21.35,17.9,17.3,23.6,70.8,25.8,18.3,1.0,64.0,True,indonesia,IDN,Indonesia,Republic of Indonesia,ID,East Asia & Pacific,Lower middle income,True
U1148,universitat de lleida,Spain,ES,spain,,,6.0,2.0,19.2,13.0,9.6,5.5,3.0,38.5,True,,,,,,,,,,,False,,,,,,,,,,,False,spain,ESP,Spain,Kingdom of Spain,ES,Europe & Central Asia,High income: OECD,True
U1149,universität siegen,Germany,DE,germany,,,4.5,1.7,9.2,6.8,28.0,57.7,3.9,1.2,True,,,,,,,,,,,False,,,,,,,,,,,False,germany,DEU,Germany,Federal Republic of Germany,DE,Europe & Central Asia,High income: OECD,True
U1150,université de caen normandie,France,FR,france,,,8.8,2.8,6.6,6.3,6.2,8.1,2.1,1.9,True,,,,,,,,,,,False,,,,,,,,,,,False,france,FRA,France,French Republic,FR,Europe & Central Asia,High income: OECD,True
U1151,université de poitiers,France,FR,france,,,7.9,1.7,5.4,5.2,26.4,,6.7,2.1,True,,34.8,28.6,25.7,36.0,45.0,58.9,31.5,11.0,57.0,True,,,,,,,,,,,False,france,FRA,France,French Republic,FR,Europe & Central Asia,High income: OECD,True
U1152,université de sfax,Tunisia,TN,tunisia,,,7.0,4.1,44.0,3.7,3.2,1.1,10.3,8.0,True,,,,,,,,,,,False,,,,,,,,,,,False,tunisia,TUN,Tunisia,Republic of Tunisia,TN,Middle East & North Africa,Upper middle income,True
U1153,université de sousse,Tunisia,TN,tunisia,,,4.5,1.8,51.1,1.7,2.2,1.1,3.9,1.0,True,,,,,,,,,,,False,,,,,,,,,,,False,tunisia,TUN,Tunisia,Republic of Tunisia,TN,Middle East & North Africa,Upper middle income,True
U1154,université de toulouse ii-le mirail,France,FR,france,,,9.4,2.7,1.3,7.1,19.7,27.2,2.1,1.2,True,,,,,,,,,,,False,,,,,,,,,,,False,france,FRA,France,French Republic,FR,Europe & Central Asia,High income: OECD,True
U1155,université de tunis,Tunisia,TN,tunisia,,,7.2,3.9,19.4,1.9,1.8,2.0,48.1,1.0,True,,,,,,,,,,,False,,,,,,,,,,,False,tunisia,TUN,Tunisia,Republic of Tunisia,TN,Middle East & North Africa,Upper middle income,True
U1156,université lumière lyon 2,France,FR,france,,,10.1,2.5,4.5,6.2,35.5,26.7,1.3,1.7,True,,,,,,,,,,,False,,,,,,,,,,,False,france,FRA,France,French Republic,FR,Europe & Central Asia,High income: OECD,True
U1157,université mohammed v de rabat,Morocco,MA,morocco,,,3.7,3.3,1.5,4.5,2.6,3.8,70.1,2.9,True,,,,,,,,,,,False,,,,,,,,,,,False,morocco,MAR,Morocco,Kingdom of Morocco,MA,Middle East & North Africa,Lower middle income,True
U1158,université paris-nanterre,France,FR,france,,,11.4,2.6,3.3,2.5,1.4,8.6,29.1,1.6,True,,,,,,,,,,,False,,,,,,,,,,,False,france,FRA,France,French Republic,FR,Europe & Central Asia,High income: OECD,True
U1159,universiti malaysia sabah (ums),Malaysia,MY,malaysia,,,14.7,8.9,8.5,3.7,4.7,10.2,3.8,1.4,True,,16.2,17.8,14.3,25.0,21.8,41.8,16.6,4.0,66.0,True,1501.0,14.35,16.3,12.6,16.5,37.5,40.1,19.0,4.0,67.0,True,malaysia,MYS,Malaysia,Malaysia,MY,East Asia & Pacific,Upper middle income,True
U1160,universiti malaysia sarawak (unimas),Malaysia,MY,malaysia,,,13.2,7.3,13.1,3.2,10.5,34.8,3.7,9.1,True,,30.450000000000003,29.9,19.3,22.9,66.9,61.0,14.9,13.0,71.0,True,1201.0,21.35,22.9,11.8,16.2,37.9,45.7,17.9,7.0,73.0,True,malaysia,MYS,Malaysia,Malaysia,MY,East Asia & Pacific,Upper middle income,True
U1161,universiti malaysia terengganu (umt),Malaysia,MY,malaysia,,,10.5,4.3,12.0,12.2,12.1,11.1,3.7,18.2,True,,30.450000000000003,19.1,18.7,47.6,30.1,49.7,16.8,5.0,69.0,True,1201.0,21.35,17.8,16.7,27.9,40.7,41.8,15.7,5.0,70.0,True,malaysia,MYS,Malaysia,Malaysia,MY,East Asia & Pacific,Upper middle income,True
U1162,universiti tun hussein onn university of malaysia (uthm),Malaysia,MY,malaysia,,,10.3,6.2,9.9,8.6,6.5,6.3,3.8,10.3,True,,,,,,,,,,,False,,,,,,,,,,,False,malaysia,MYS,Malaysia,Malaysia,MY,East Asia & Pacific,Upper middle income,True
U1163,university of arkansas fayetteville,United States,US,united states,,,5.8,3.5,6.3,11.9,3.0,4.8,15.4,3.8,True,,,,,,,,,,,False,,,,,,,,,,,False,united states,USA,United States,United States of America,US,North America,High income: OECD,True
U1164,university of derby,United Kingdom,GB,united kingdom,,,4.8,4.8,10.7,5.1,45.5,29.1,2.1,2.4,True,,39.4,18.5,12.8,71.8,26.5,75.0,15.8,18.0,60.0,True,601.0,36.6,16.5,12.0,66.5,37.4,70.2,14.6,18.0,59.0,True,united kingdom,GBR,United Kingdom,United Kingdom of Great Britain and Northern Ireland,GB,Europe & Central Asia,High income: OECD,True
U1165,university of deusto,Spain,ES,spain,,,6.3,24.9,4.6,7.8,14.5,4.7,45.0,1.1,True,,34.8,22.5,23.2,54.3,36.6,42.3,18.8,6.0,57.0,True,801.0,31.85,18.9,20.3,49.9,46.1,47.4,20.1,11.0,58.0,True,spain,ESP,Spain,Kingdom of Spain,ES,Europe & Central Asia,High income: OECD,True
U1166,university of hradec kralove,Czech Republic,CZ,czech republic,,,5.0,2.5,22.4,5.4,3.2,51.4,4.2,1.0,True,,,,,,,,,,,False,,,,,,,,,,,False,czech republic,CZE,Czech Republic,Czech Republic,CZ,Europe & Central Asia,High income: OECD,True
U1167,university of ibadan,Nigeria,NG,nigeria,,,9.9,7.8,5.2,3.5,,,69.3,2.2,True,,34.8,27.6,14.4,59.3,24.4,41.0,19.7,0.0,50.0,True,401.0,43.5,30.1,15.7,83.7,37.4,34.5,17.6,0.0,49.0,True,nigeria,NGA,Nigeria,Federal Republic of Nigeria,NG,Sub-Saharan Africa,Lower middle income,True
U1168,university of idaho,United States,US,united states,,,3.1,1.4,9.9,32.6,5.9,4.6,3.5,3.4,True,,,,,,,,,,,False,,,,,,,,,,,False,united states,USA,United States,United States of America,US,North America,High income: OECD,True
U1169,university of ioannina,Greece,GR,greece,,,7.2,3.8,1.5,19.5,2.5,1.7,3.6,2.0,True,,30.450000000000003,14.0,12.4,55.9,47.4,43.2,32.6,5.0,54.0,True,801.0,31.85,15.5,14.5,60.6,39.0,43.4,39.6,3.0,69.0,True,greece,GRC,Greece,Hellenic Republic,GR,Europe & Central Asia,High income: OECD,True
U1170,university of karachi,Pakistan,PK,pakistan,,,11.6,16.1,1.6,4.9,1.1,3.5,42.8,1.2,True,,16.2,14.1,10.6,19.5,24.5,44.4,39.3,0.0,60.0,True,1501.0,14.35,14.9,10.8,9.4,37.0,37.5,36.3,0.0,57.0,True,pakistan,PAK,Pakistan,Islamic Republic of Pakistan,PK,South Asia,Lower middle income,True
U1171,university of khartoum,Sudan,SD,sudan,,,6.1,4.0,6.7,2.6,1.4,,74.1,1.0,True,,,,,,,,,,,False,,,,,,,,,,,False,sudan,SDN,Sudan,Republic of the Sudan,SD,Sub-Saharan Africa,Lower middle income,True
U1172,university of lagos,Nigeria,NG,nigeria,,,8.4,7.5,2.2,2.6,,,87.6,1.3,True,,30.450000000000003,14.6,14.4,65.5,20.9,41.5,27.5,0.0,51.0,True,401.0,43.5,18.5,14.0,97.7,40.9,34.0,21.5,0.0,48.0,True,nigeria,NGA,Nigeria,Federal Republic of Nigeria,NG,Sub-Saharan Africa,Lower middle income,True
U1173,university of louisville,United States,US,united states,,,3.5,3.2,30.5,7.7,3.2,24.8,5.1,2.4,True,,,,,,,,,,,False,,,,,,,,,,,False,united states,USA,United States,United States of America,US,North America,High income: OECD,True
U1174,university of massachusetts boston,United States,US,united states,,,11.0,7.7,9.8,19.7,14.8,4.5,2.9,8.4,True,,,,,,,,,,,False,,,,,,,,,,,False,united states,USA,United States,United States of America,US,North America,High income: OECD,True
U1175,"university of missouri, kansas city",United States,US,united states,,,4.4,4.4,14.3,16.9,20.0,4.1,6.6,1.8,True,,,,,,,,,,,False,,,,,,,,,,,False,united states,USA,United States,United States of America,US,North America,High income: OECD,True
U1176,university of naples parthenope,Italy,IT,italy,,,3.8,1.9,3.3,42.4,2.1,1.7,1.7,3.0,True,,,,,,,,,,,False,,,,,,,,,,,False,italy,ITA,Italy,Italian Republic,IT,Europe & Central Asia,High income: OECD,True
U1177,university of new england australia,Australia,AU,australia,,,10.7,7.2,3.7,14.7,3.3,4.6,9.8,10.8,True,,,,,,,,,,,False,,,,,,,,,,,False,australia,AUS,Australia,Commonwealth of Australia,AU,East Asia & Pacific,High income: OECD,True
U1178,university of new hampshire,United States,US,united states,,,5.0,4.1,12.2,16.9,2.5,7.0,7.1,5.5,True,,,,,,,,,,,False,,,,,,,,,,,False,united states,USA,United States,United States of America,US,North America,High income: OECD,True
U1179,university of north carolina at charlotte,United States,US,united states,,,5.1,5.8,5.0,13.4,6.2,8.7,7.8,4.2,True,,39.4,23.2,22.1,74.4,58.7,37.0,20.6,6.0,49.0,True,601.0,36.6,20.2,19.3,71.7,39.4,31.6,20.5,5.0,49.0,True,united states,USA,United States,United States of America,US,North America,High income: OECD,True
U1180,university of north texas,United States,US,united states,,,6.9,5.0,3.1,17.2,24.8,3.5,21.1,3.8,True,,,,,,,,,,,False,,,,,,,,,,,False,united states,USA,United States,United States of America,US,North America,High income: OECD,True
U1181,university of novi sad,Serbia,RS,serbia,,,8.4,5.9,8.8,3.6,,,21.3,1.2,True,,16.2,19.0,11.7,29.1,36.4,33.6,15.1,1.0,57.0,True,1501.0,14.35,16.7,11.1,15.7,42.2,35.8,15.3,1.0,57.0,True,serbia,SRB,Serbia,Republic of Serbia,RS,Europe & Central Asia,Upper middle income,True
U1182,university of rhode island,United States,US,united states,,,5.6,3.5,6.7,16.2,2.6,5.2,11.8,54.1,True,,39.4,26.3,20.5,57.4,50.0,53.7,14.5,3.0,57.0,True,801.0,31.85,23.3,18.0,56.0,37.2,44.7,14.5,3.0,57.0,True,united states,USA,United States,United States of America,US,North America,High income: OECD,True
U1183,university of sarajevo,Bosnia and Herzegovina,BA,bosnia and herzegovina,,,4.4,1.6,4.6,1.9,2.8,,83.6,1.0,True,,16.2,16.4,10.8,18.6,23.6,27.7,15.6,0.0,64.0,True,,,,,,,,,,,False,bosnia and herzegovina,BIH,Bosnia and Herzegovina,Bosnia and Herzegovina,BA,Europe & Central Asia,Upper middle income,True
U1184,university of seoul,South Korea,KR,south korea,,,11.0,9.7,36.7,8.8,6.9,5.5,5.3,4.9,True,,34.8,28.8,26.1,41.0,52.1,34.9,14.4,4.0,42.0,True,1201.0,21.35,22.6,21.1,26.1,40.9,26.4,17.5,4.0,40.0,True,korea,KOR,Korea,Republic of Korea,KR,East Asia & Pacific,High income: OECD,True
U1185,university of tabuk,Saudi Arabia,SA,saudi arabia,,,5.2,2.4,18.7,3.0,2.2,92.4,2.2,1.0,True,,34.8,16.9,10.4,69.0,26.1,75.6,19.5,2.0,60.0,True,501.0,40.65,16.1,8.6,87.9,41.7,72.9,14.4,2.0,57.0,True,saudi arabia,SAU,Saudi Arabia,Kingdom of Saudi Arabia,SA,Middle East & North Africa,High income: nonOECD,True
U1186,university of texas at san antonio,United States,US,united states,,,6.0,3.0,3.9,22.8,2.7,8.8,5.1,3.8,True,,,,,,,,,,,False,,,,,,,,,,,False,united states,USA,United States,United States of America,US,North America,High income: OECD,True
U1187,university of texas el paso,United States,US,united states,,,4.4,2.6,5.7,14.2,5.3,9.0,3.0,2.9,True,,,,,,,,,,,False,,,,,,,,,,,False,united states,USA,United States,United States of America,US,North America,High income: OECD,True
U1188,university of the free state,South Africa,ZA,south africa,,,6.1,5.8,3.4,8.8,4.4,,11.6,1.7,True,,34.8,22.4,18.7,56.4,26.9,51.7,35.6,2.0,63.0,True,801.0,31.85,18.1,17.6,49.4,40.1,47.3,36.8,2.0,63.0,True,south africa,ZAF,South Africa,Republic of South Africa,ZA,Sub-Saharan Africa,Upper middle income,True
U1189,university of the sunshine coast,Australia,AU,australia,,,3.6,1.9,2.6,25.2,16.4,2.7,1.6,6.5,True,,43.6,20.9,27.7,70.2,37.3,69.1,29.8,13.0,69.0,True,601.0,36.6,19.5,26.5,48.0,42.9,70.5,29.6,16.0,69.0,True,australia,AUS,Australia,Commonwealth of Australia,AU,East Asia & Pacific,High income: OECD,True
U1190,university of toledo,United States,US,united states,,,3.7,3.0,9.6,18.2,10.4,6.0,7.7,1.7,True,,39.4,35.7,16.7,54.5,68.8,56.7,17.0,9.0,53.0,True,,36.6,34.8,15.1,49.9,41.9,48.6,16.6,5.0,53.0,True,united states,USA,United States,United States of America,US,North America,High income: OECD,True
U1191,university of tulsa,United States,US,united states,,,3.2,2.1,35.1,11.5,17.8,7.0,13.7,1.1,True,,,,,,,,,,,False,,,,,,,,,,,False,united states,USA,United States,United States of America,US,North America,High income: OECD,True
U1192,university of vermont,United States,US,united states,,,3.1,2.2,34.9,15.6,2.4,6.8,9.5,8.1,True,,,,,,,,,,,False,,,,,,,,,,,False,united states,USA,United States,United States of America,US,North America,High income: OECD,True
U1193,university of warmia and mazury in olsztyn,Poland,PL,poland,,,6.9,8.9,28.6,3.7,2.7,2.0,3.2,7.1,True,,16.2,16.9,13.5,35.3,21.8,23.3,17.5,3.0,60.0,True,1501.0,14.35,16.8,12.2,20.6,39.2,21.4,17.7,2.0,59.0,True,poland,POL,Poland,Republic of Poland,PL,Europe & Central Asia,High income: OECD,True
U1194,university of wolverhampton,United Kingdom,GB,united kingdom,,,3.2,2.7,10.2,8.3,69.2,33.3,4.7,1.3,True,,39.4,19.1,14.7,64.7,40.7,81.1,16.7,28.0,62.0,True,,36.6,18.2,14.3,68.8,37.3,72.0,16.6,5.0,53.0,True,united kingdom,GBR,United Kingdom,United Kingdom of Great Britain and Northern Ireland,GB,Europe & Central Asia,High income: OECD,True
U1195,university of wyoming,United States,US,united states,,,3.2,1.6,28.4,21.1,4.0,6.8,6.5,3.6,True,,39.4,35.9,20.3,62.1,58.6,37.7,14.1,4.0,52.0,True,801.0,31.85,27.6,14.4,57.2,39.9,32.3,14.7,5.0,51.0,True,united states,USA,United States,United States of America,US,North America,High income: OECD,True
U1196,university of ilina,Slovakia,SK,slovakia,,,6.6,1.8,60.1,6.6,6.0,2.0,4.6,1.0,True,,,,,,,,,,,False,,,,,,,,,,,False,slovak republic,SVK,Slovak Republic,Slovak Republic,SK,Europe & Central Asia,High income: OECD,True
U1197,utah state university,United States,US,united states,,,6.2,2.0,5.4,22.4,1.6,1.1,7.6,7.4,True,,,,,,,,,,,False,,,,,,,,,,,False,united states,USA,United States,United States of America,US,North America,High income: OECD,True
U1198,vsb - technical university of ostrava,Czech Republic,CZ,czech republic,,,6.0,10.5,18.6,4.7,28.3,11.3,3.9,4.6,True,,25.5,26.8,19.7,27.8,31.0,46.9,14.7,13.0,33.0,True,1501.0,14.35,18.8,17.0,8.2,44.1,42.0,14.4,10.0,33.0,True,czech republic,CZE,Czech Republic,Czech Republic,CZ,Europe & Central Asia,High income: OECD,True
U1199,warsaw university of life sciences  sggw (wuls-sggw),Poland,PL,poland,,,6.6,4.4,18.8,6.8,6.4,2.3,3.0,6.9,True,,,,,,,,,,,False,,,,,,,,,,,False,poland,POL,Poland,Republic of Poland,PL,Europe & Central Asia,High income: OECD,True
U1200,west virginia university,United States,US,united states,,,5.6,4.7,12.8,18.5,4.2,5.8,14.3,6.7,True,,,,,,,,18.3,5.0,53.0,True,,,,,,,,18.4,5.0,52.0,True,united states,USA,United States,United States of America,US,North America,High income: OECD,True
U1201,xi'an jiaotong liverpool university,China (Mainland),CN,china,,,4.2,1.9,6.2,5.6,2.8,94.8,1.5,1.5,True,,,,,,,,,,,False,,,,,,,,,,,False,china,CHN,China,People's Republic of China,CN,East Asia & Pacific,Upper middle income,True
U1202,yokohama national university,Japan,JP,japan,,,9.3,16.4,18.3,6.6,7.8,10.1,17.8,2.8,True,,25.5,26.0,22.5,19.1,71.2,36.1,13.4,8.0,28.0,True,1201.0,21.35,21.7,20.4,11.5,52.7,30.8,13.1,8.0,29.0,True,japan,JPN,Japan,Japan,JP,East Asia & Pacific,High income: OECD,True
U1203,al-balqa applied university,Jordan,JO,jordan,,,5.8,6.6,4.8,2.7,2.5,7.6,3.9,6.7,True,,30.450000000000003,12.0,13.6,59.2,22.5,39.3,27.3,2.0,59.0,True,801.0,31.85,12.9,11.7,69.8,41.2,41.3,27.7,2.0,59.0,True,jordan,JOR,Jordan,Hashemite Kingdom of Jordan,JO,Middle East & North Africa,Upper middle income,True
U1204,alexandru ioan cuza university,Romania,RO,romania,,,7.5,11.9,5.5,3.0,9.6,3.5,14.3,3.2,True,,16.2,16.5,12.1,31.6,18.3,40.2,22.3,8.0,56.0,True,1501.0,14.35,16.7,11.7,13.3,37.0,35.7,22.1,7.0,57.0,True,romania,ROU,Romania,Romania,RO,Europe & Central Asia,Upper middle income,True
U1205,anadolu university,Turkey,TR,turkey,,,4.9,3.9,13.1,2.6,2.9,1.8,13.9,1.0,True,,25.5,22.3,11.8,41.2,22.0,32.7,17.0,8.0,53.0,True,1201.0,21.35,23.1,11.3,32.9,40.5,22.9,17.0,3.0,53.0,True,turkey,TUR,Turkey,Republic of Turkey,TR,Europe & Central Asia,Upper middle income,True
U1206,aoyama gakuin university,Japan,JP,japan,,,7.0,10.9,5.2,1.8,2.5,15.4,9.5,1.0,True,,16.2,20.0,8.9,10.4,22.2,36.2,12.2,3.0,49.0,True,1501.0,14.35,17.0,8.5,9.7,37.5,30.6,11.7,3.0,50.0,True,japan,JPN,Japan,Japan,JP,East Asia & Pacific,High income: OECD,True
U1207,ataturk university,Turkey,TR,turkey,,,5.8,2.3,2.9,4.4,7.4,3.2,7.8,1.1,True,,,,,,,,,,,False,,,,,,,,,,,False,turkey,TUR,Turkey,Republic of Turkey,TR,Europe & Central Asia,Upper middle income,True
U1208,atma jaya catholic university jakarta,Indonesia,ID,indonesia,,,6.8,7.7,8.7,1.3,1.2,3.4,18.0,1.1,True,,,,,,,,,,,False,,,,,,,,,,,False,indonesia,IDN,Indonesia,Republic of Indonesia,ID,East Asia & Pacific,Lower middle income,True
U1209,bahauddin zakariya university,Pakistan,PK,pakistan,,,6.0,6.2,1.8,14.6,1.0,,4.1,1.0,True,,30.450000000000003,19.6,12.6,58.5,19.2,48.1,27.2,0.0,40.0,True,1001.0,27.05,14.6,11.9,42.3,37.1,42.9,36.7,0.0,40.0,True,pakistan,PAK,Pakistan,Islamic Republic of Pakistan,PK,South Asia,Lower middle income,True
U1210,beijing foreign studies university,China (Mainland),CN,china,,,5.7,2.9,25.9,1.5,25.8,19.6,7.4,1.0,True,,,,,,,,,,,False,,,,,,,,,,,False,china,CHN,China,People's Republic of China,CN,East Asia & Pacific,Upper middle income,True
U1211,beijing university of chinese medicine,China (Mainland),CN,china,,,4.4,1.6,37.2,9.4,8.8,,3.0,1.0,True,,,,,,,,,,,False,,,,,,,,,,,False,china,CHN,China,People's Republic of China,CN,East Asia & Pacific,Upper middle income,True
U1212,belarusian state university of informatics and radioelectronics,Belarus,BY,belarus,,,6.6,17.1,15.3,1.2,9.3,1.1,5.9,,True,,,,,,,,13.6,5.0,24.0,True,,,,,,,,,,,False,belarus,BLR,Belarus,Republic of Belarus,BY,Europe & Central Asia,Upper middle income,True
U1213,benemérita universidad autónoma de puebla,Mexico,MX,mexico,,,13.7,5.4,2.8,1.9,1.3,2.8,2.0,1.2,True,,16.2,15.6,9.5,17.1,19.4,37.7,45.2,1.0,52.0,True,1501.0,14.35,12.7,9.4,10.6,36.9,28.2,40.5,1.0,53.0,True,mexico,MEX,Mexico,United Mexican States,MX,Latin America & Caribbean,Upper middle income,True
U1214,birzeit university,"Palestinian Territory, Occupied",PS,"palestinian territory, occupied",,,7.6,7.1,4.7,2.8,4.0,13.4,23.2,1.0,True,,,,,,,,,,,False,,,,,,,,17.5,5.0,63.0,True,west bank and gaza,PSE,West Bank and Gaza,West Bank and Gaza,PS,Middle East & North Africa,Lower middle income,True
U1215,british university in egypt,Egypt,EG,egypt,,,6.0,5.5,25.7,2.3,2.6,2.6,2.6,1.0,True,,,,,,,,,,,False,,,,,,,,,,,False,egypt,EGY,Egypt,Arab Republic of Egypt,EG,Middle East & North Africa,Lower middle income,True
U1216,brock university,Canada,CA,canada,,,4.0,6.3,3.0,13.7,23.8,2.1,5.2,2.7,True,,,,,,,,,,,False,,,,,,,,,,,False,canada,CAN,Canada,Canada,CA,North America,High income: OECD,True
U1217,central michigan university,United States,US,united states,,,3.6,3.4,8.2,6.5,6.9,2.4,7.7,1.2,True,,30.450000000000003,28.8,15.3,46.8,44.9,33.4,18.3,3.0,60.0,True,,,,,,,,,,,False,united states,USA,United States,United States of America,US,North America,High income: OECD,True
U1218,chaoyang university of technology,Taiwan,TW,taiwan,,,5.5,5.8,4.3,3.9,5.9,5.6,2.0,4.3,True,,16.2,14.1,18.2,28.2,47.0,38.9,37.5,5.0,55.0,True,1501.0,14.35,15.0,16.1,10.5,46.1,34.3,38.1,6.0,55.0,True,taiwan,,,,,,,False
U1219,china university of political science and law,China (Mainland),CN,china,,,2.7,37.6,8.0,1.2,1.5,3.7,5.8,1.0,True,,,,,,,,,,,False,,,,,,,,,,,False,china,CHN,China,People's Republic of China,CN,East Asia & Pacific,Upper middle income,True
U1220,chitkara university,India,IN,india,,,6.1,7.4,15.9,2.2,3.0,5.5,1.9,3.3,True,,,,,,,,14.4,4.0,37.0,True,,,,,,,,15.5,3.0,40.0,True,india,IND,India,Republic of India,IN,South Asia,Lower middle income,True
U1221,chittagong university of engineering and technology,Bangladesh,BD,bangladesh,,,8.9,12.4,8.3,5.1,,1.4,4.2,1.0,True,,,,,,,,,,,False,,,,,,,,,,,False,bangladesh,BGD,Bangladesh,People's Republic of Bangladesh,BD,South Asia,Low income,True
U1222,cleveland state university,United States,US,united states,,,4.1,3.1,9.2,4.0,26.2,4.0,7.3,1.0,True,,,,,,,,,,,False,,,,,,,,,,,False,united states,USA,United States,United States of America,US,North America,High income: OECD,True
U1223,cukurova university,Turkey,TR,turkey,,,4.9,3.8,5.2,2.6,3.3,1.9,7.6,2.9,True,,25.5,23.8,23.4,26.2,26.7,28.9,15.4,4.0,45.0,True,1501.0,14.35,17.3,9.8,18.9,39.9,23.3,17.8,5.0,44.0,True,turkey,TUR,Turkey,Republic of Turkey,TR,Europe & Central Asia,Upper middle income,True
U1224,cuny the city college of new york,United States,US,united states,,,7.2,3.0,11.9,11.3,4.7,6.7,1.5,2.5,True,,,,,,,,,,,False,,,,,,,,,,,False,united states,USA,United States,United States of America,US,North America,High income: OECD,True
U1225,daffodil international university,Bangladesh,BD,bangladesh,,,9.5,19.8,3.8,2.8,2.9,5.0,3.7,3.4,True,,,,,,,,,,,False,,,,,,,,,,,False,bangladesh,BGD,Bangladesh,People's Republic of Bangladesh,BD,South Asia,Low income,True
U1226,damascus university,Syrian Arab Republic,SY,syrian arab republic,,,6.1,3.7,1.4,1.2,6.0,4.0,90.2,1.1,True,,,,,,,,,,,False,,,,,,,,,,,False,syrian arab republic,SYR,Syrian Arab Republic,Syrian Arab Republic,SY,Middle East & North Africa,Lower middle income,True
U1227,dokuz eylül üniversitesi,Turkey,TR,turkey,,,6.8,7.8,3.5,2.1,10.7,2.5,6.0,18.8,True,,,,,,,,,,,False,,,,,,,,,,,False,turkey,TUR,Turkey,Republic of Turkey,TR,Europe & Central Asia,Upper middle income,True
U1228,doshisha university,Japan,JP,japan,,,8.6,11.4,5.2,1.8,3.7,17.6,19.1,1.0,True,,16.2,17.9,10.9,11.1,30.7,35.5,18.6,4.0,42.0,True,1501.0,14.35,17.3,10.1,5.4,37.9,30.3,18.5,4.0,42.0,True,japan,JPN,Japan,Japan,JP,East Asia & Pacific,High income: OECD,True
U1229,erciyes üniversitesi,Turkey,TR,turkey,,,4.4,3.0,2.0,5.3,5.7,3.1,1.7,8.8,True,,,,,,,,,,,False,,,,,,,,,,,False,turkey,TUR,Turkey,Republic of Turkey,TR,Europe & Central Asia,Upper middle income,True
U1230,escuela politécnica nacional,Ecuador,EC,ecuador,,,6.9,9.2,16.6,3.4,1.6,5.0,5.0,1.3,True,,16.2,18.2,9.4,29.0,18.6,52.1,13.2,1.0,28.0,True,1501.0,14.35,15.8,9.4,20.3,37.3,49.0,12.9,1.0,29.0,True,ecuador,ECU,Ecuador,Republic of Ecuador,EC,Latin America & Caribbean,Upper middle income,True
U1231,feng chia university,Taiwan,TW,taiwan,,,10.8,7.9,4.4,6.1,4.4,3.4,15.5,16.7,True,,25.5,18.4,18.9,25.5,40.9,37.7,23.3,7.0,40.0,True,1501.0,14.35,17.5,16.6,13.6,41.0,37.1,23.3,7.0,39.0,True,taiwan,,,,,,,False
U1232,florida atlantic university - boca raton,United States,US,united states,,,4.7,6.2,4.9,9.5,4.4,6.8,5.8,4.5,True,,,,,,,,,,,False,,,,,,,,,,,False,united states,USA,United States,United States of America,US,North America,High income: OECD,True
U1233,fu jen catholic university,Taiwan,TW,taiwan,,,7.6,6.9,3.6,7.0,4.2,7.6,27.1,4.0,True,,30.450000000000003,24.0,29.2,26.3,65.5,31.1,27.2,6.0,59.0,True,1001.0,27.05,24.0,26.5,19.4,78.9,28.7,29.0,5.0,58.0,True,taiwan,,,,,,,False
U1234,fundación ceu san pablo,Spain,ES,spain,,,4.4,9.4,15.7,2.3,47.5,3.8,10.5,1.0,True,,,,,,,,,,,False,,,,,,,,,,,False,spain,ESP,Spain,Kingdom of Spain,ES,Europe & Central Asia,High income: OECD,True
U1235,german university in cairo,Egypt,EG,egypt,,,8.3,15.2,7.0,2.2,1.1,13.4,4.4,1.0,True,,16.2,18.6,8.7,34.0,16.8,48.6,12.8,2.0,43.0,True,1201.0,21.35,15.0,8.8,38.4,36.9,43.0,14.9,1.0,44.0,True,egypt,EGY,Egypt,Arab Republic of Egypt,EG,Middle East & North Africa,Lower middle income,True
U1236,hanoi university of science and technology,Vietnam,VN,vietnam,,,7.3,7.3,2.4,4.7,1.2,4.2,23.1,3.4,True,,16.2,15.7,15.7,27.4,43.4,39.7,34.1,0.0,20.0,True,1501.0,14.35,14.9,12.3,20.2,43.5,39.4,31.1,0.0,22.0,True,vietnam,VNM,Vietnam,Socialist Republic of Vietnam,VN,East Asia & Pacific,Lower middle income,True
U1237,harper adams university,United Kingdom,GB,united kingdom,,,4.2,10.3,6.1,6.9,7.6,17.4,1.5,1.0,True,,,,,,,,13.1,10.0,60.0,True,,,,,,,,13.3,11.0,58.0,True,united kingdom,GBR,United Kingdom,United Kingdom of Great Britain and Northern Ireland,GB,Europe & Central Asia,High income: OECD,True
U1238,helwan university,Egypt,EG,egypt,,,7.3,12.4,3.6,1.6,1.6,1.1,13.2,1.5,True,,25.5,16.2,8.9,38.8,19.9,47.6,22.4,2.0,54.0,True,1201.0,21.35,15.5,8.3,31.1,37.3,39.7,19.3,2.0,53.0,True,egypt,EGY,Egypt,Arab Republic of Egypt,EG,Middle East & North Africa,Lower middle income,True
U1239,hongik university,South Korea,KR,south korea,,,4.2,5.6,9.8,3.0,9.6,16.0,4.8,1.0,True,,,,,,,,,,,False,,,,,,,,,,,False,korea,KOR,Korea,Republic of Korea,KR,East Asia & Pacific,High income: OECD,True
U1240,hue university,Vietnam,VN,vietnam,,,4.6,12.9,3.0,1.6,1.4,4.8,4.5,1.1,True,,16.2,13.3,8.7,16.4,16.2,49.2,23.0,1.0,56.0,True,1501.0,14.35,13.7,8.1,14.5,37.4,47.2,22.0,1.0,57.0,True,vietnam,VNM,Vietnam,Socialist Republic of Vietnam,VN,East Asia & Pacific,Lower middle income,True
U1241,instituto tecnológico de santo domingo (intec),Dominican Republic,DO,dominican republic,,,1.6,4.0,35.4,1.4,4.1,10.0,38.5,1.0,True,,,,,,,,,,,False,,,,,,,,,,,False,dominican republic,DOM,Dominican Republic,Dominican Republic,DO,Latin America & Caribbean,Upper middle income,True
U1242,istanbul aydin university,Turkey,TR,turkey,,,4.9,3.0,12.3,1.4,52.1,6.7,2.1,1.1,True,,,,,,,,,,,False,,,,,,,,,,,False,turkey,TUR,Turkey,Republic of Turkey,TR,Europe & Central Asia,Upper middle income,True
U1243,istanbul bilgi üniversitesi,Turkey,TR,turkey,,,4.9,4.3,13.3,1.7,20.2,3.5,13.3,2.2,True,,,,,,,,,,,False,,,,,,,,,,,False,turkey,TUR,Turkey,Republic of Turkey,TR,Europe & Central Asia,Upper middle income,True
U1244,ivan franko national university of lviv,Ukraine,UA,ukraine,,,5.7,12.8,30.2,1.3,1.5,1.3,18.6,2.0,True,,25.5,24.5,10.5,10.0,17.9,31.7,10.7,2.0,63.0,True,1201.0,21.35,20.6,9.5,4.2,37.6,30.9,10.0,1.0,65.0,True,ukraine,UKR,Ukraine,Ukraine,UA,Europe & Central Asia,Lower middle income,True
U1245,izmir institute of technology (iztech),Turkey,TR,turkey,,,7.2,4.4,5.8,8.2,2.1,3.2,2.1,1.6,True,,,,,,,,,,,False,,,,,,,,,,,False,turkey,TUR,Turkey,Republic of Turkey,TR,Europe & Central Asia,Upper middle income,True
U1246,jahangirnagar university,Bangladesh,BD,bangladesh,,,9.7,12.7,4.0,5.7,,,3.8,1.1,True,,34.8,24.1,8.9,71.9,19.5,49.7,17.3,0.0,49.0,True,,,,,,,,,,,False,bangladesh,BGD,Bangladesh,People's Republic of Bangladesh,BD,South Asia,Low income,True
U1247,jamia hamdard,India,IN,india,,,5.1,1.8,8.4,12.6,2.1,,1.9,1.0,True,,,,,,,,,,,False,,,,,,,,,,,False,india,IND,India,Republic of India,IN,South Asia,Lower middle income,True
U1248,jeju national university,South Korea,KR,south korea,,,3.6,1.9,30.0,7.0,5.5,7.5,1.8,15.0,True,,25.5,27.4,19.2,35.0,38.2,31.2,17.2,6.0,53.0,True,1201.0,21.35,19.3,15.6,22.4,40.0,23.0,17.6,4.0,52.0,True,korea,KOR,Korea,Republic of Korea,KR,East Asia & Pacific,High income: OECD,True
U1249,kazakh ablai khan university of international relations and world languages,Kazakhstan,KZ,kazakhstan,,,7.7,9.0,40.4,1.0,4.1,6.6,3.4,,True,,,,,,,,,,,False,,,,,,,,,,,False,kazakhstan,KAZ,Kazakhstan,Republic of Kazakhstan,KZ,Europe & Central Asia,Upper middle income,True
U1250,kazan national research technological university,Russia,RU,russia,,,5.7,4.1,18.9,1.4,29.6,2.7,3.1,1.0,True,,16.2,21.9,8.8,12.4,36.1,35.4,11.6,16.0,40.0,True,,,,,,,,,,,False,russia,RUS,Russia,Russian Federation,RU,Europe & Central Asia,High income: nonOECD,True
U1251,kenyatta university,Kenya,KE,kenya,,,7.0,7.4,1.5,1.3,,,28.4,1.0,True,,,,,,,,,,,False,,,,,,,,,,,False,kenya,KEN,Kenya,Republic of Kenya,KE,Sub-Saharan Africa,Low income,True
U1252,kharkiv national university of radio electronics,Ukraine,UA,ukraine,,,3.9,12.3,21.6,1.5,5.1,1.4,4.1,1.4,True,,30.450000000000003,22.2,9.4,28.0,16.5,32.9,10.8,11.0,26.0,True,1001.0,27.05,19.1,9.4,55.9,37.5,29.7,9.9,10.0,26.0,True,ukraine,UKR,Ukraine,Ukraine,UA,Europe & Central Asia,Lower middle income,True
U1253,khulna university,Bangladesh,BD,bangladesh,,,6.9,5.0,10.5,5.3,,,3.8,1.0,True,,25.5,17.0,9.5,46.9,17.1,43.7,13.9,0.0,43.0,True,,,,,,,,11.8,0.0,41.0,True,bangladesh,BGD,Bangladesh,People's Republic of Bangladesh,BD,South Asia,Low income,True
U1254,khulna university of engineering and technology,Bangladesh,BD,bangladesh,,,6.6,11.8,8.7,5.6,1.0,,3.7,1.0,True,,,,,,,,,,,False,,,,,,,,,,,False,bangladesh,BGD,Bangladesh,People's Republic of Bangladesh,BD,South Asia,Low income,True
U1255,kindai university (kinki university),Japan,JP,japan,,,5.2,4.3,8.4,4.9,1.9,15.7,1.8,2.4,True,,,,,,,,,,,False,,,,,,,,,,,False,japan,JPN,Japan,Japan,JP,East Asia & Pacific,High income: OECD,True
U1256,king mongkut\'s institute of technology ladkrabang,Thailand,TH,thailand,,,8.3,3.7,4.2,3.1,2.2,16.7,6.2,1.1,True,,,,,,,,,,,False,,,,,,,,,,,False,thailand,THA,Thailand,Kingdom of Thailand,TH,East Asia & Pacific,Upper middle income,True
U1257,king mongkut's university of technology north bangkok,Thailand,TH,thailand,,,8.5,4.9,4.1,3.3,1.1,2.8,2.5,1.1,True,,25.5,16.2,12.7,50.9,25.9,28.7,23.3,0.0,42.0,True,1201.0,21.35,16.6,10.3,31.5,39.1,23.0,22.8,0.0,43.0,True,thailand,THA,Thailand,Kingdom of Thailand,TH,East Asia & Pacific,Upper middle income,True
U1258,kookmin university,South Korea,KR,south korea,,,3.6,4.0,35.3,2.9,31.1,4.9,2.9,2.9,True,,16.2,24.5,14.3,20.1,37.0,36.1,11.6,11.0,50.0,True,1501.0,14.35,19.8,11.2,15.6,40.3,31.5,12.0,11.0,49.0,True,korea,KOR,Korea,Republic of Korea,KR,East Asia & Pacific,High income: OECD,True
U1259,kwame nkrumah university of science and technology,Ghana,GH,ghana,,,6.9,6.0,4.8,2.0,,,34.5,2.3,True,,30.450000000000003,16.2,20.7,50.8,52.0,47.2,60.8,1.0,38.0,True,1001.0,27.05,13.1,14.2,39.5,43.4,47.2,78.1,1.0,43.0,True,ghana,GHA,Ghana,Republic of Ghana,GH,Sub-Saharan Africa,Lower middle income,True
U1260,kyoto institute of technology,Japan,JP,japan,,,6.1,3.9,14.4,11.7,9.0,11.1,1.9,1.1,True,,25.5,27.2,17.1,15.2,73.3,33.7,13.8,6.0,29.0,True,1501.0,14.35,21.8,16.0,5.0,42.9,28.8,13.4,6.0,29.0,True,japan,JPN,Japan,Japan,JP,East Asia & Pacific,High income: OECD,True
U1261,kyrgyz state technical university,Kyrgyzstan,KG,kyrgyzstan,,,14.6,7.0,12.0,1.0,5.8,2.6,22.6,,True,,,,,,,,,,,False,,,,,,,,,,,False,kyrgyz republic,KGZ,Kyrgyz Republic,Kyrgyz Republic,KG,Europe & Central Asia,Lower middle income,True
U1262,marquette university,United States,US,united states,,,3.4,2.4,21.1,9.1,2.7,6.2,11.2,1.2,True,,34.8,36.9,18.2,54.0,49.3,33.1,12.2,3.0,58.0,True,801.0,31.85,37.5,16.6,37.9,38.7,25.6,12.0,3.0,57.0,True,united states,USA,United States,United States of America,US,North America,High income: OECD,True
U1263,meiji university,Japan,JP,japan,,,6.7,19.2,4.4,1.6,4.6,10.5,17.3,1.1,True,,16.2,16.3,12.1,13.5,40.8,31.4,34.0,5.0,35.0,True,1501.0,14.35,17.0,11.4,6.6,41.3,27.4,34.2,5.0,35.0,True,japan,JPN,Japan,Japan,JP,East Asia & Pacific,High income: OECD,True
U1264,mendeleev university of chemical technology,Russia,RU,russia,,,4.5,3.9,24.2,2.8,9.1,1.1,8.8,1.0,True,,16.2,19.6,14.1,14.3,43.4,23.6,14.9,6.0,56.0,True,,,,,,,,,,,False,russia,RUS,Russia,Russian Federation,RU,Europe & Central Asia,High income: nonOECD,True
U1265,miami university,United States,US,united states,,,3.8,5.4,6.2,7.8,5.5,3.4,26.1,2.2,True,,,,,,,,,,,False,,,,,,,,,,,False,united states,USA,United States,United States of America,US,North America,High income: OECD,True
U1266,moscow pedagogical state university,Russia,RU,russia,,,7.8,3.6,7.2,1.3,23.8,1.2,1.8,1.0,True,,,,,,,,,,,False,,,,,,,,,,,False,russia,RUS,Russia,Russian Federation,RU,Europe & Central Asia,High income: nonOECD,True
U1267,nagoya institute of technology (nit),Japan,JP,japan,,,5.7,2.6,7.5,14.5,4.1,5.1,6.0,1.0,True,,,,,,,,,,,False,,,,,,,,,,,False,japan,JPN,Japan,Japan,JP,East Asia & Pacific,High income: OECD,True
U1268,national dong hwa university,Taiwan,TW,taiwan,,,9.2,4.5,6.3,5.4,10.2,4.9,2.0,1.3,True,,25.5,19.1,23.8,26.3,33.5,48.6,18.6,9.0,52.0,True,1201.0,21.35,17.3,21.7,22.9,40.9,45.7,17.8,8.0,52.0,True,taiwan,,,,,,,False
U1269,national research university moscow power engineering institute (mpei),Russia,RU,russia,,,6.9,4.0,12.8,1.9,41.6,6.8,9.5,1.0,True,,,,,,,,,,,False,,,,,,,,,,,False,russia,RUS,Russia,Russian Federation,RU,Europe & Central Asia,High income: nonOECD,True
U1270,national taipei university,Taiwan,TW,taiwan,,,7.6,4.5,7.8,2.8,4.5,2.6,18.9,1.1,True,,16.2,20.6,15.1,22.4,23.3,30.5,15.7,6.0,55.0,True,1501.0,14.35,18.5,13.7,14.2,38.1,28.5,16.0,5.0,54.0,True,taiwan,,,,,,,False
U1271,national taiwan ocean university,Taiwan,TW,taiwan,,,6.0,3.2,11.9,10.8,7.6,7.5,3.3,17.5,True,,25.5,19.7,25.0,30.2,63.0,34.7,16.2,8.0,32.0,True,1001.0,27.05,18.7,25.6,24.1,74.9,31.3,21.0,6.0,33.0,True,taiwan,,,,,,,False
U1272,novosibirsk state technical university,Russia,RU,russia,,,6.0,6.4,27.6,1.7,41.7,1.4,5.7,1.0,True,,16.2,20.2,12.4,12.8,23.2,36.1,14.6,17.0,40.0,True,,,,,,,,,,,False,russia,RUS,Russia,Russian Federation,RU,Europe & Central Asia,High income: nonOECD,True
U1273,óbuda university,Hungary,HU,hungary,,,5.5,4.9,2.5,7.8,7.6,17.9,3.8,1.0,True,,30.450000000000003,14.4,16.4,55.7,20.7,42.6,34.4,7.0,22.0,True,1001.0,27.05,15.0,14.6,45.5,38.8,42.1,38.4,6.0,21.0,True,hungary,HUN,Hungary,Hungary,HU,Europe & Central Asia,Upper middle income,True
U1274,odessa i.i. mechnikov national university,Ukraine,UA,ukraine,,,3.9,2.3,55.4,1.3,3.3,1.8,6.3,1.0,True,,,,,,,,,,,False,,,,,,,,,,,False,ukraine,UKR,Ukraine,Ukraine,UA,Europe & Central Asia,Lower middle income,True
U1275,osmania university,India,IN,india,,,5.4,3.7,3.5,21.0,5.4,,7.2,1.0,True,,25.5,33.9,16.3,31.1,27.7,21.4,25.7,3.0,36.0,True,1201.0,21.35,32.4,13.9,16.8,40.7,18.1,23.7,3.0,32.0,True,india,IND,India,Republic of India,IN,South Asia,Lower middle income,True
U1276,perm state national research university,Russia,RU,russia,,,4.4,1.7,34.5,1.5,8.3,1.4,2.0,1.2,True,,,,,,,,,,,False,,,,,,,,,,,False,russia,RUS,Russia,Russian Federation,RU,Europe & Central Asia,High income: nonOECD,True
U1277,pondicherry university,India,IN,india,,,4.1,2.1,5.4,16.5,1.1,1.9,2.7,5.8,True,,30.450000000000003,33.5,18.4,38.3,42.5,19.4,21.5,1.0,46.0,True,1001.0,27.05,35.9,21.3,23.5,38.1,16.1,22.6,1.0,47.0,True,india,IND,India,Republic of India,IN,South Asia,Lower middle income,True
U1278,pontificia universidad catolica madre y maestra,Dominican Republic,DO,dominican republic,,,4.2,4.1,11.2,1.2,11.4,9.4,45.7,1.0,True,,,,,,,,,,,False,,,,,,,,,,,False,dominican republic,DOM,Dominican Republic,Dominican Republic,DO,Latin America & Caribbean,Upper middle income,True
U1279,pontifícia universidade católica do rio grande do sul (pucrs),Brazil,BR,brazil,,,6.3,3.9,12.3,9.4,1.7,2.6,9.2,1.1,True,,,,,,,,,,,False,,,,,,,,,,,False,brazil,BRA,Brazil,Federative Republic of Brazil,BR,Latin America & Caribbean,Upper middle income,True
U1280,portland state university,United States,US,united states,,,4.1,1.7,9.3,9.2,6.1,1.6,9.7,6.8,True,,34.8,22.1,23.2,55.7,54.7,35.0,20.5,5.0,58.0,True,1001.0,27.05,20.5,21.5,40.6,37.8,30.6,19.3,6.0,58.0,True,united states,USA,United States,United States of America,US,North America,High income: OECD,True
U1281,pukyong national university,South Korea,KR,south korea,,,5.7,3.1,12.7,7.0,7.1,6.2,1.6,28.4,True,,25.5,26.7,13.9,28.5,39.0,36.4,11.4,10.0,52.0,True,,,,,,,,,,,False,korea,KOR,Korea,Republic of Korea,KR,East Asia & Pacific,High income: OECD,True
U1282,rajshahi university,Bangladesh,BD,bangladesh,,,10.4,9.8,3.9,3.0,1.1,1.0,3.7,1.1,True,,,,,,,,,,,False,,,,,,,,,,,False,bangladesh,BGD,Bangladesh,People's Republic of Bangladesh,BD,South Asia,Low income,True
U1283,rikkyo university,Japan,JP,japan,,,4.0,9.6,8.2,2.1,5.6,23.7,5.8,1.2,True,,25.5,18.6,9.3,34.0,19.7,58.4,14.4,4.0,53.0,True,1001.0,27.05,16.5,8.7,41.0,37.4,49.2,15.1,5.0,53.0,True,japan,JPN,Japan,Japan,JP,East Asia & Pacific,High income: OECD,True
U1284,saitama university,Japan,JP,japan,,,4.9,1.6,11.5,6.8,4.9,9.7,1.8,1.1,True,,16.2,22.9,15.5,19.4,41.2,41.5,15.3,6.0,32.0,True,1501.0,14.35,19.7,13.5,13.3,39.0,34.9,14.9,6.0,33.0,True,japan,JPN,Japan,Japan,JP,East Asia & Pacific,High income: OECD,True
U1285,saken seifullin kazakh agrotechnical university,Kazakhstan,KZ,kazakhstan,,,9.7,9.3,27.8,1.2,4.2,10.1,3.4,2.0,True,,,,,,,,,,,False,,,,,,,,,,,False,kazakhstan,KAZ,Kazakhstan,Republic of Kazakhstan,KZ,Europe & Central Asia,Upper middle income,True
U1286,san francisco state university,United States,US,united states,,,4.5,3.1,5.7,4.0,5.0,3.4,7.6,1.7,True,,,,,,,,,,,False,,,,,,,,,,,False,united states,USA,United States,United States of America,US,North America,High income: OECD,True
U1287,sathyabama institute of science and technology (deemed to be university),India,IN,india,,,6.8,3.7,24.8,4.3,3.5,5.3,1.9,3.1,True,,,,,,,,,,,False,,,,,,,,,,,False,india,IND,India,Republic of India,IN,South Asia,Lower middle income,True
U1288,seattle university,United States,US,united states,,,5.4,6.4,32.2,2.1,13.2,1.5,10.1,2.4,True,,,,,,,,,,,False,,,,,,,,,,,False,united states,USA,United States,United States of America,US,North America,High income: OECD,True
U1289,seoul national university of science and technology,South Korea,KR,south korea,,,6.4,3.6,12.8,10.3,11.9,9.6,1.9,9.8,True,,,,,,,,,,,False,,,,,,,,,,,False,korea,KOR,Korea,Republic of Korea,KR,East Asia & Pacific,High income: OECD,True
U1290,shahjalal university of science and technology,Bangladesh,BD,bangladesh,,,7.6,11.8,11.8,5.3,,,3.9,1.0,True,,25.5,13.2,8.4,43.4,16.6,44.8,17.8,0.0,31.0,True,,,,,,,,,,,False,bangladesh,BGD,Bangladesh,People's Republic of Bangladesh,BD,South Asia,Low income,True
U1291,shanghai international studies university,China (Mainland),CN,china,,,4.9,2.9,16.7,1.8,27.3,26.9,5.2,1.0,True,,,,,,,,,,,False,,,,,,,,,,,False,china,CHN,China,People's Republic of China,CN,East Asia & Pacific,Upper middle income,True
U1292,shanghai university of finance and economics,China (Mainland),CN,china,,,4.5,5.2,8.9,3.5,2.1,15.5,42.6,1.4,True,,,,,,,,,,,False,,,,,,,,,,,False,china,CHN,China,People's Republic of China,CN,East Asia & Pacific,Upper middle income,True
U1293,siksha 'o' anusandhan (deemed to be university),India,IN,india,,,7.5,3.6,34.3,5.3,2.2,2.2,1.9,1.0,True,,,,,,,,,,,False,,,,,,,,,,,False,india,IND,India,Republic of India,IN,South Asia,Lower middle income,True
U1294,sookmyung women's university,South Korea,KR,south korea,,,4.4,5.6,29.0,3.4,2.2,4.0,1.8,2.6,True,,,,,,,,,,,False,,,,,,,,,,,False,korea,KOR,Korea,Republic of Korea,KR,East Asia & Pacific,High income: OECD,True
U1295,suez canal university,Egypt,EG,egypt,,,4.1,2.6,13.1,2.3,1.8,2.1,2.4,8.3,True,,30.450000000000003,19.7,8.8,57.6,28.3,50.6,13.1,1.0,52.0,True,801.0,31.85,18.1,8.2,64.4,39.1,47.5,11.4,1.0,58.0,True,egypt,EGY,Egypt,Arab Republic of Egypt,EG,Middle East & North Africa,Lower middle income,True
U1296,suleyman demirel university,Turkey,TR,turkey,,,7.1,5.3,3.9,2.4,4.6,1.7,2.0,1.0,True,,,,,,,,,,,False,,,,,,,,,,,False,turkey,TUR,Turkey,Republic of Turkey,TR,Europe & Central Asia,Upper middle income,True
U1297,"suleyman demirel university, kazakhstan",Kazakhstan,KZ,kazakhstan,,,9.0,11.0,4.1,1.3,2.0,6.2,3.3,,True,,,,,,,,,,,False,,,,,,,,,,,False,kazakhstan,KAZ,Kazakhstan,Republic of Kazakhstan,KZ,Europe & Central Asia,Upper middle income,True
U1298,suranaree university of technology,Thailand,TH,thailand,,,6.4,2.8,3.7,9.6,1.6,5.8,2.7,1.3,True,,25.5,21.9,20.9,27.7,54.9,37.9,26.2,1.0,54.0,True,1201.0,21.35,20.2,15.9,18.1,68.3,32.2,30.4,2.0,56.0,True,thailand,THA,Thailand,Kingdom of Thailand,TH,East Asia & Pacific,Upper middle income,True
U1299,tamkang university,Taiwan,TW,taiwan,,,5.7,4.9,4.0,5.0,7.4,6.0,29.2,10.1,True,,25.5,15.3,12.7,34.1,43.6,42.9,22.5,7.0,47.0,True,1201.0,21.35,15.8,12.7,23.7,38.6,39.9,22.9,7.0,48.0,True,taiwan,,,,,,,False
U1300,tanta university,Egypt,EG,egypt,,,6.9,5.5,4.5,2.2,1.5,1.5,4.3,3.1,True,,30.450000000000003,20.4,9.1,62.6,20.0,47.8,17.3,1.0,57.0,True,801.0,31.85,19.1,8.4,62.8,37.1,42.9,19.2,1.0,54.0,True,egypt,EGY,Egypt,Arab Republic of Egypt,EG,Middle East & North Africa,Lower middle income,True
U1301,technical university of cluj-napoca,Romania,RO,romania,,,4.6,7.1,7.6,3.9,2.7,2.1,3.8,2.1,True,,25.5,17.0,13.2,39.3,29.5,25.0,20.5,2.0,37.0,True,1501.0,14.35,15.6,12.0,19.5,39.1,23.0,20.5,2.0,38.0,True,romania,ROU,Romania,Romania,RO,Europe & Central Asia,Upper middle income,True
U1302,technical university of liberec,Czech Republic,CZ,czech republic,,,3.9,2.2,37.6,4.6,8.7,11.2,1.7,1.0,True,,16.2,21.0,18.9,18.2,34.5,44.2,13.3,10.0,54.0,True,1501.0,14.35,20.2,15.4,7.7,44.0,43.3,11.5,11.0,52.0,True,czech republic,CZE,Czech Republic,Czech Republic,CZ,Europe & Central Asia,High income: OECD,True
U1303,technical university of lublin,Poland,PL,poland,,,5.8,2.1,18.4,3.7,10.2,,3.1,1.0,True,,,,,,,,,,,False,,,,,,,,,,,False,poland,POL,Poland,Republic of Poland,PL,Europe & Central Asia,High income: OECD,True
U1304,technische universität kaiserslautern,Germany,DE,germany,,,6.3,2.4,17.0,4.6,,,2.2,1.1,True,,,,,,,,,,,False,,,,,,,,,,,False,germany,DEU,Germany,Federal Republic of Germany,DE,Europe & Central Asia,High income: OECD,True
U1305,"the ""gheorghe asachi"" technical university of iasi",Romania,RO,romania,,,5.3,9.7,2.4,6.0,4.6,,4.0,1.0,True,,,,,,,,,,,False,,,,,,,,,,,False,romania,ROU,Romania,Romania,RO,Europe & Central Asia,Upper middle income,True
U1306,the herzen state pedagogical university of russia,Russia,RU,russia,,,3.8,2.0,20.1,1.2,41.1,1.4,5.5,1.0,True,,,,,,,,,,,False,,,,,,,,,,,False,russia,RUS,Russia,Russian Federation,RU,Europe & Central Asia,High income: nonOECD,True
U1307,the josip juraj strossmayer university of osijek,Croatia,HR,croatia,,,4.3,2.0,28.6,3.1,,,11.2,1.0,True,,,,,,,,,,,False,,,,,,,,,,,False,croatia,HRV,Croatia,Republic of Croatia,HR,Europe & Central Asia,High income: nonOECD,True
U1308,"the national research university ""belgorod state university""",Russia,RU,russia,,,3.5,1.3,15.6,1.9,49.8,2.2,2.0,1.0,True,,,,,,,,,,,False,,,,,,,,,,,False,russia,RUS,Russia,Russian Federation,RU,Europe & Central Asia,High income: nonOECD,True
U1309,tokai university,Japan,JP,japan,,,10.5,5.8,13.6,2.8,2.9,5.6,1.8,1.3,True,,25.5,18.3,12.0,36.5,46.0,30.4,16.0,4.0,27.0,True,1201.0,21.35,16.7,11.0,26.2,37.0,26.4,15.8,4.0,27.0,True,japan,JPN,Japan,Japan,JP,East Asia & Pacific,High income: OECD,True
U1310,tomas bata university in zlin,Czech Republic,CZ,czech republic,,,4.5,8.4,9.3,5.5,18.8,23.6,4.0,1.1,True,,,,,,,,,,,False,,,,,,,,,,,False,czech republic,CZE,Czech Republic,Czech Republic,CZ,Europe & Central Asia,High income: OECD,True
U1311,toraighyrov university,Kazakhstan,KZ,kazakhstan,,,8.5,4.8,17.8,1.2,3.1,6.8,3.3,1.0,True,,,,,,,,14.1,2.0,53.0,True,,,,,,,,,,,False,kazakhstan,KAZ,Kazakhstan,Republic of Kazakhstan,KZ,Europe & Central Asia,Upper middle income,True
U1312,transilvania university of brasov,Romania,RO,romania,,,6.4,5.5,5.1,3.7,2.1,5.4,4.0,1.0,True,,,,,,,,,,,False,,,,,,,,,,,False,romania,ROU,Romania,Romania,RO,Europe & Central Asia,Upper middle income,True
U1313,tunghai university,Taiwan,TW,taiwan,,,6.5,5.4,4.6,5.4,8.8,8.4,13.8,7.9,True,,25.5,16.5,14.4,37.8,49.4,46.6,20.4,10.0,55.0,True,1201.0,21.35,16.4,12.4,24.7,41.2,41.6,20.3,10.0,55.0,True,taiwan,,,,,,,False
U1314,universidad autónoma de guadalajara (uag),Mexico,MX,mexico,,,6.5,3.8,19.6,1.1,23.0,37.9,2.0,,True,,,,,,,,,,,False,,,,,,,,,,,False,mexico,MEX,Mexico,United Mexican States,MX,Latin America & Caribbean,Upper middle income,True
U1315,universidad autónoma del estado de hidalgo (uaeh),Mexico,MX,mexico,,,3.2,6.0,45.2,1.4,1.6,2.0,2.1,5.8,True,,,,,,,,,,,False,,,,,,,,,,,False,mexico,MEX,Mexico,United Mexican States,MX,Latin America & Caribbean,Upper middle income,True
U1316,universidad católica del norte,Chile,CL,chile,,,4.5,2.3,6.7,5.9,3.8,13.5,2.0,8.5,True,,,,,,,,,,,False,,,,,,,,,,,False,chile,CHL,Chile,Republic of Chile,CL,Latin America & Caribbean,High income: OECD,True
U1317,universidad central del ecuador,Ecuador,EC,ecuador,,,8.1,3.6,11.3,1.2,,,20.9,1.0,True,,,,,,,,,,,False,,,,,,,,,,,False,ecuador,ECU,Ecuador,Republic of Ecuador,EC,Latin America & Caribbean,Upper middle income,True
U1318,universidad de las américas (udla) ecuador,Ecuador,EC,ecuador,,,8.3,3.8,13.3,1.7,2.5,19.2,4.9,1.0,True,,,,,,,,,,,False,,,,,,,,,,,False,ecuador,ECU,Ecuador,Republic of Ecuador,EC,Latin America & Caribbean,Upper middle income,True
U1319,universidad de monterrey (udem),Mexico,MX,mexico,,,12.5,13.0,7.5,1.5,3.7,13.7,4.8,1.3,True,,,,,,,,,,,False,,,,,,,,,,,False,mexico,MEX,Mexico,United Mexican States,MX,Latin America & Caribbean,Upper middle income,True
U1320,universidad de oriente santiago de cuba,Cuba,CU,cuba,,,8.4,5.2,29.8,1.1,,,5.0,1.0,True,,,,,,,,,,,False,,,,,,,,,,,False,cuba,CUB,Cuba,Republic of Cuba,CU,Latin America & Caribbean,Upper middle income,True
U1321,universidad de panama,Panama,PA,panama,,,6.6,5.5,2.9,1.1,2.7,4.6,49.1,1.0,True,,,,,,,,,,,False,,,,,,,,,,,False,panama,PAN,Panama,Republic of Panama,PA,Latin America & Caribbean,Upper middle income,True
U1322,universidad de piura,Peru,PE,peru,,,7.5,10.7,5.0,1.2,1.1,5.7,12.5,1.0,True,,,,,,,,,,,False,,,,,,,,,,,False,peru,PER,Peru,Republic of Peru,PE,Latin America & Caribbean,Upper middle income,True
U1323,universidad de san carlos de guatemala - usac,Guatemala,GT,guatemala,,,10.2,3.9,4.7,1.0,,,56.0,1.0,True,,,,,,,,,,,False,,,,,,,,,,,False,guatemala,GTM,Guatemala,Republic of Guatemala,GT,Latin America & Caribbean,Lower middle income,True
U1324,universidad de tarapaca,Chile,CL,chile,,,3.5,1.6,2.4,9.8,,,2.1,1.0,True,,,,,,,,,,,False,,,,,,,,,,,False,chile,CHL,Chile,Republic of Chile,CL,Latin America & Caribbean,High income: OECD,True
U1325,universidad de valparaíso (uv),Chile,CL,chile,,,10.9,4.0,8.5,2.9,1.8,6.3,2.2,4.0,True,,,,,,,,,,,False,,,,,,,,,,,False,chile,CHL,Chile,Republic of Chile,CL,Latin America & Caribbean,High income: OECD,True
U1326,universidad del bío-bío,Chile,CL,chile,,,8.0,3.0,3.2,4.0,1.4,8.7,2.0,1.0,True,,,,,,,,,,,False,,,,,,,,,,,False,chile,CHL,Chile,Republic of Chile,CL,Latin America & Caribbean,High income: OECD,True
U1327,universidad del desarrollo (udd),Chile,CL,chile,,,7.2,8.6,11.7,2.3,2.0,7.3,4.9,5.1,True,,,,,,,,,,,False,,,,,,,,,,,False,chile,CHL,Chile,Republic of Chile,CL,Latin America & Caribbean,High income: OECD,True
U1328,universidad del salvador,Argentina,AR,argentina,,,3.7,5.8,19.9,1.0,7.4,4.9,16.2,,True,,,,,,,,,,,False,,,,,,,,,,,False,argentina,ARG,Argentina,Argentine Republic,AR,Latin America & Caribbean,Upper middle income,True
U1329,universidad del zulia,Venezuela,VE,venezuela,,,10.1,5.8,4.1,2.1,,,5.6,1.0,True,,,,,,,,,,,False,,,,,,,,,,,False,venezuela,VEN,Venezuela,República Bolivariana de Venezuela,VE,Latin America & Caribbean,Upper middle income,True
U1330,universidad industrial de santander - uis,Colombia,CO,colombia,,,9.7,14.8,4.6,2.1,1.4,4.1,9.0,1.3,True,,,,,,,,,,,False,,,,,,,,,,,False,colombia,COL,Colombia,Republic of Colombia,CO,Latin America & Caribbean,Upper middle income,True
U1331,universidad la salle (ulsa),Mexico,MX,mexico,,,4.5,15.0,22.3,1.1,1.6,2.2,4.8,1.0,True,,,,,,,,,,,False,,,,,,,,,,,False,mexico,MEX,Mexico,United Mexican States,MX,Latin America & Caribbean,Upper middle income,True
U1332,universidad latinoamericana de ciencia y tecnología costa rica (ulacit),Costa Rica,CR,costa rica,,,7.5,8.8,31.5,1.0,9.1,8.5,5.5,,True,,,,,,,,,,,False,,,,,,,,,,,False,costa rica,CRI,Costa Rica,Republic of Costa Rica,CR,Latin America & Caribbean,Upper middle income,True
U1333,universidad mayor de san andrés (umsa),Bolivia,BO,bolivia,,,6.3,2.8,1.2,1.6,1.0,6.4,49.6,1.0,True,,,,,,,,,,,False,,,,,,,,,,,False,bolivia,BOL,Bolivia,Plurinational State of Bolivia,BO,Latin America & Caribbean,Lower middle income,True
U1334,universidad metropolitana,Venezuela,VE,venezuela,,,7.6,15.1,4.4,1.1,1.6,4.4,25.9,,True,,,,,,,,,,,False,,,,,,,,,,,False,venezuela,VEN,Venezuela,República Bolivariana de Venezuela,VE,Latin America & Caribbean,Upper middle income,True
U1335,universidad nacional agraria la molina,Peru,PE,peru,,,7.0,6.4,12.4,1.6,1.7,1.3,6.7,1.5,True,,,,,,,,13.2,2.0,48.0,True,,,,,,,,,,,False,peru,PER,Peru,Republic of Peru,PE,Latin America & Caribbean,Upper middle income,True
U1336,universidad nacional autónoma de honduras (unah),Honduras,HN,honduras,,,5.1,4.0,3.3,1.0,,1.8,61.8,1.0,True,,,,,,,,,,,False,,,,,,,,,,,False,honduras,HND,Honduras,Republic of Honduras,HN,Latin America & Caribbean,Lower middle income,True
U1337,universidad nacional de ingeniería peru,Peru,PE,peru,,,7.4,27.2,9.1,1.5,,,19.1,1.0,True,,,,,,,,,,,False,,,,,,,,,,,False,peru,PER,Peru,Republic of Peru,PE,Latin America & Caribbean,Upper middle income,True
U1338,universidad nacional de mar del plata,Argentina,AR,argentina,,,8.6,2.8,4.9,3.5,,,1.2,1.2,True,,,,,,,,,,,False,,,,,,,,,,,False,argentina,ARG,Argentina,Argentine Republic,AR,Latin America & Caribbean,Upper middle income,True
U1339,universidad nacional de río cuarto - unrc,Argentina,AR,argentina,,,4.1,1.6,33.2,1.4,,,1.3,1.0,True,,,,,,,,,,,False,,,,,,,,,,,False,argentina,ARG,Argentina,Argentine Republic,AR,Latin America & Caribbean,Upper middle income,True
U1340,universidad nacional de san martín (unsam),Argentina,AR,argentina,,,11.3,2.7,6.2,2.2,3.7,1.6,1.2,1.1,True,,,,,,,,,,,False,,,,,,,,,,,False,argentina,ARG,Argentina,Argentine Republic,AR,Latin America & Caribbean,Upper middle income,True
U1341,universidad nacional del litoral,Argentina,AR,argentina,,,12.7,5.7,2.2,2.5,1.2,5.0,3.7,5.1,True,,16.2,12.0,9.4,16.9,24.1,29.2,35.2,0.0,63.0,True,1501.0,14.35,13.5,8.9,14.6,37.9,27.9,30.0,0.0,60.0,True,argentina,ARG,Argentina,Argentine Republic,AR,Latin America & Caribbean,Upper middle income,True
U1342,universidad nacional del sur,Argentina,AR,argentina,,,6.7,2.0,17.8,1.7,,,2.9,1.2,True,,,,,,,,,,,False,,,,,,,,,,,False,argentina,ARG,Argentina,Argentine Republic,AR,Latin America & Caribbean,Upper middle income,True
U1343,"universidad nacional, costa rica",Costa Rica,CR,costa rica,,,10.2,10.5,12.1,1.5,2.3,9.7,4.7,1.0,True,,,,,,,,,,,False,,,,,,,,,,,False,costa rica,CRI,Costa Rica,Republic of Costa Rica,CR,Latin America & Caribbean,Upper middle income,True
U1344,universidad peruana de ciencias aplicadas,Peru,PE,peru,,,11.3,22.6,3.0,1.1,1.5,13.6,3.9,1.1,True,,,,,,,,,,,False,,,,,,,,,,,False,peru,PER,Peru,Republic of Peru,PE,Latin America & Caribbean,Upper middle income,True
U1345,universidade do estado do rio de janeiro (uerj),Brazil,BR,brazil,,,9.5,5.1,17.4,2.5,1.2,3.5,18.2,1.3,True,,25.5,31.8,13.5,24.6,26.3,30.4,9.4,0.0,56.0,True,1201.0,21.35,24.9,12.4,17.4,39.9,24.2,9.1,0.0,56.0,True,brazil,BRA,Brazil,Federative Republic of Brazil,BR,Latin America & Caribbean,Upper middle income,True
U1346,universidade federal da bahia,Brazil,BR,brazil,,,9.0,2.7,8.5,3.1,1.4,5.1,12.4,2.5,True,,25.5,27.5,12.3,30.5,19.7,28.4,19.9,0.0,41.0,True,1201.0,21.35,24.6,11.1,25.6,37.2,24.6,17.4,0.0,51.0,True,brazil,BRA,Brazil,Federative Republic of Brazil,BR,Latin America & Caribbean,Upper middle income,True
U1347,universidade federal de juiz de fora- (ufjf),Brazil,BR,brazil,,,3.8,2.0,30.3,2.8,,,1.3,1.0,True,,,,,,,,,,,False,,,,,,,,,,,False,brazil,BRA,Brazil,Federative Republic of Brazil,BR,Latin America & Caribbean,Upper middle income,True
U1348,universidade federal de pelotas,Brazil,BR,brazil,,,4.7,1.3,26.0,4.7,1.3,,1.3,1.3,True,,,,,,,,,,,False,,,,,,,,,,,False,brazil,BRA,Brazil,Federative Republic of Brazil,BR,Latin America & Caribbean,Upper middle income,True
U1349,universidade federal de santa maria,Brazil,BR,brazil,,,6.4,1.5,17.5,5.2,1.4,2.5,6.3,11.5,True,,,,,,,,,,,False,,,,,,,,,,,False,brazil,BRA,Brazil,Federative Republic of Brazil,BR,Latin America & Caribbean,Upper middle income,True
U1350,universidade federal de viçosa (ufv),Brazil,BR,brazil,,,5.1,2.4,10.9,7.8,1.9,2.4,3.8,1.3,True,,,,,,,,,,,False,,,,,,,,,,,False,brazil,BRA,Brazil,Federative Republic of Brazil,BR,Latin America & Caribbean,Upper middle income,True
U1351,universidade federal do ceará (ufc),Brazil,BR,brazil,,,7.4,2.8,6.3,5.3,1.2,1.3,3.7,2.0,True,,25.5,24.2,16.6,24.6,44.5,27.2,19.8,1.0,44.0,True,1501.0,14.35,21.3,13.6,15.5,39.3,24.7,19.8,1.0,44.0,True,brazil,BRA,Brazil,Federative Republic of Brazil,BR,Latin America & Caribbean,Upper middle income,True
U1352,universidade federal do rio grande do norte,Brazil,BR,brazil,,,5.2,1.2,9.5,3.4,,,1.3,1.4,True,,,,,,,,,,,False,,,,,,,,,,,False,brazil,BRA,Brazil,Federative Republic of Brazil,BR,Latin America & Caribbean,Upper middle income,True
U1353,universidade presbiteriana mackenzie,Brazil,BR,brazil,,,3.5,8.7,12.3,2.1,1.1,2.4,48.3,1.0,True,,,,,,,,,,,False,,,,,,,,,,,False,brazil,BRA,Brazil,Federative Republic of Brazil,BR,Latin America & Caribbean,Upper middle income,True
U1354,università degli studi di bergamo,Italy,IT,italy,,,5.7,2.4,1.9,6.5,6.7,4.3,4.3,1.2,True,,,,,,,,,,,False,,,,,,,,,,,False,italy,ITA,Italy,Italian Republic,IT,Europe & Central Asia,High income: OECD,True
U1355,universitas islam indonesia,Indonesia,ID,indonesia,,,11.2,4.9,2.0,1.8,1.2,2.2,3.9,1.3,True,,,,,,,,,,,False,,,,,,,,,,,False,indonesia,IDN,Indonesia,Republic of Indonesia,ID,East Asia & Pacific,Lower middle income,True
U1356,universitas muhammadiyah yogyakarta,Indonesia,ID,indonesia,,,6.6,2.8,3.2,1.4,1.9,57.9,2.3,1.2,True,,,,,,,,29.4,1.0,49.0,True,,,,,,,,,,,False,indonesia,IDN,Indonesia,Republic of Indonesia,ID,East Asia & Pacific,Lower middle income,True
U1357,universitas pendidikan indonesia,Indonesia,ID,indonesia,,,10.9,4.1,12.0,1.4,1.6,13.2,2.3,3.3,True,,16.2,19.8,12.1,33.0,16.3,23.9,18.5,1.0,61.0,True,1201.0,21.35,20.0,10.7,26.0,37.4,18.4,20.1,1.0,64.0,True,indonesia,IDN,Indonesia,Republic of Indonesia,ID,East Asia & Pacific,Lower middle income,True
U1358,universitas sumatera utara,Indonesia,ID,indonesia,,,8.8,8.0,24.9,1.3,2.5,12.6,5.5,4.6,True,,16.2,16.5,10.5,26.6,17.1,27.6,19.2,2.0,54.0,True,1501.0,14.35,15.4,9.9,25.1,38.0,22.0,21.1,2.0,54.0,True,indonesia,IDN,Indonesia,Republic of Indonesia,ID,East Asia & Pacific,Lower middle income,True
U1359,universitatea de vest din timisoara / west university of timisoara,Romania,RO,romania,,,9.2,9.7,4.7,2.8,6.7,1.6,23.5,2.7,True,,,,,,,,,,,False,,,,,,,,,,,False,romania,ROU,Romania,Romania,RO,Europe & Central Asia,Upper middle income,True
U1360,université de limoges,France,FR,france,,,6.6,2.3,17.2,5.5,,,2.9,1.1,True,,,,,,,,,,,False,,,,,,,,,,,False,france,FRA,France,French Republic,FR,Europe & Central Asia,High income: OECD,True
U1361,université jean moulin lyon 3,France,FR,france,,,8.8,5.2,1.8,2.3,30.2,18.7,4.4,1.0,True,,,,,,,,,,,False,,,,,,,,,,,False,france,FRA,France,French Republic,FR,Europe & Central Asia,High income: OECD,True
U1362,universiti kuala lumpur (unikl),Malaysia,MY,malaysia,,,6.0,5.3,32.7,2.2,3.9,7.4,3.9,1.0,True,,,,,,,,,,,False,,,,,,,,,,,False,malaysia,MYS,Malaysia,Malaysia,MY,East Asia & Pacific,Upper middle income,True
U1363,universiti malaysia perlis,Malaysia,MY,malaysia,,,7.8,5.1,19.2,6.7,3.5,1.8,3.9,2.8,True,,25.5,21.6,12.5,46.0,26.0,33.3,13.6,3.0,47.0,True,1001.0,27.05,17.9,13.6,40.7,37.2,29.6,13.6,5.0,45.0,True,malaysia,MYS,Malaysia,Malaysia,MY,East Asia & Pacific,Upper middle income,True
U1364,universiti teknikal malaysia melaka,Malaysia,MY,malaysia,,,6.3,5.7,10.6,5.8,4.8,3.9,3.9,2.5,True,,25.5,20.1,11.4,32.6,19.6,44.2,16.1,6.0,38.0,True,1201.0,21.35,16.1,11.4,22.0,37.5,39.4,16.3,7.0,40.0,True,malaysia,MYS,Malaysia,Malaysia,MY,East Asia & Pacific,Upper middle income,True
U1365,university of babylon,Iraq,IQ,iraq,,,4.6,9.8,14.5,2.0,1.0,1.1,4.3,1.2,True,,25.5,21.4,8.2,47.3,30.3,21.4,14.9,0.0,59.0,True,601.0,36.6,18.0,7.8,85.0,37.0,21.6,12.7,0.0,54.0,True,iraq,IRQ,Iraq,Republic of Iraq,IQ,Middle East & North Africa,Upper middle income,True
U1366,university of basrah,Iraq,IQ,iraq,,,5.5,9.3,18.4,1.4,1.1,1.3,10.0,1.0,True,,16.2,23.4,7.8,14.6,16.2,26.1,11.7,0.0,55.0,True,1501.0,14.35,18.6,7.8,14.5,37.0,28.8,12.9,0.0,58.0,True,iraq,IRQ,Iraq,Republic of Iraq,IQ,Middle East & North Africa,Upper middle income,True
U1367,university of bialystok,Poland,PL,poland,,,5.4,2.7,24.0,2.6,4.7,,3.1,1.0,True,,,,,,,,,,,False,,,,,,,,,,,False,poland,POL,Poland,Republic of Poland,PL,Europe & Central Asia,High income: OECD,True
U1368,university of international business and economics,China (Mainland),CN,china,,,3.7,2.3,9.7,3.0,30.3,7.0,14.0,1.1,True,,,,,,,,,,,False,401.0,43.5,27.2,15.6,84.0,38.1,54.3,15.7,15.0,69.0,True,china,CHN,China,People's Republic of China,CN,East Asia & Pacific,Upper middle income,True
U1369,university of kragujevac,Serbia,RS,serbia,,,3.9,3.0,8.5,3.7,1.1,1.0,9.3,1.0,True,,30.450000000000003,23.8,10.7,60.0,21.2,31.8,13.7,1.0,63.0,True,501.0,40.65,21.5,8.3,96.0,39.3,33.3,15.8,1.0,57.0,True,serbia,SRB,Serbia,Republic of Serbia,RS,Europe & Central Asia,Upper middle income,True
U1370,university of kufa,Iraq,IQ,iraq,,,4.4,12.8,29.0,1.4,1.1,4.4,4.2,1.0,True,,16.2,20.0,8.7,18.0,16.7,29.5,12.3,0.0,65.0,True,1501.0,14.35,17.3,8.3,18.3,37.7,28.8,12.3,0.0,65.0,True,iraq,IRQ,Iraq,Republic of Iraq,IQ,Middle East & North Africa,Upper middle income,True
U1371,university of memphis,United States,US,united states,,,3.1,2.5,12.1,8.0,8.3,2.2,7.6,2.1,True,,34.8,27.5,19.0,55.0,63.0,35.0,14.9,5.0,62.0,True,801.0,31.85,29.3,17.7,42.2,37.2,29.9,14.7,5.0,60.0,True,united states,USA,United States,United States of America,US,North America,High income: OECD,True
U1372,university of miskolc,Hungary,HU,hungary,,,6.6,5.7,18.6,2.4,3.8,3.1,13.0,1.0,True,,16.2,25.6,13.4,16.1,21.7,31.7,14.9,5.0,48.0,True,1501.0,14.35,31.4,10.6,6.9,39.5,29.8,16.1,5.0,49.0,True,hungary,HUN,Hungary,Hungary,HU,Europe & Central Asia,Upper middle income,True
U1373,university of missouri saint louis,United States,US,united states,,,4.2,4.2,12.3,10.5,3.1,3.4,7.7,1.0,True,,,,,,,,,,,False,,,,,,,,,,,False,united states,USA,United States,United States of America,US,North America,High income: OECD,True
U1374,university of ni,Serbia,RS,serbia,,,5.0,5.5,12.5,2.4,5.7,,4.0,1.0,True,,,,,,,,,,,False,,,,,,,,,,,False,serbia,SRB,Serbia,Republic of Serbia,RS,Europe & Central Asia,Upper middle income,True
U1375,university of north carolina at greensboro,United States,US,united states,,,2.6,2.4,8.9,10.1,3.4,5.9,1.5,1.6,True,,,,,,,,,,,False,801.0,31.85,25.1,19.0,48.3,37.3,25.9,19.5,3.0,67.0,True,united states,USA,United States,United States of America,US,North America,High income: OECD,True
U1376,university of ostrava,Czech Republic,CZ,czech republic,,,6.3,1.1,15.6,3.6,16.6,27.7,2.9,1.0,True,,16.2,19.5,16.3,23.2,18.2,46.2,16.0,9.0,71.0,True,1201.0,21.35,18.5,15.1,16.2,37.1,46.0,16.4,11.0,69.0,True,czech republic,CZE,Czech Republic,Czech Republic,CZ,Europe & Central Asia,High income: OECD,True
U1377,university of pannonia,Hungary,HU,hungary,,,4.2,4.0,22.0,8.5,8.3,3.3,4.0,1.0,True,,16.2,22.2,15.6,21.5,45.5,37.9,19.5,7.0,48.0,True,1201.0,21.35,18.0,14.6,17.5,39.1,39.5,17.3,6.0,49.0,True,hungary,HUN,Hungary,Hungary,HU,Europe & Central Asia,Upper middle income,True
U1378,university of pardubice,Czech Republic,CZ,czech republic,,,4.5,2.3,44.5,3.1,8.8,9.7,1.7,1.0,True,,16.2,21.1,17.7,17.7,30.0,39.8,13.5,10.0,56.0,True,1501.0,14.35,18.6,16.7,5.7,37.3,34.9,14.0,7.0,56.0,True,czech republic,CZE,Czech Republic,Czech Republic,CZ,Europe & Central Asia,High income: OECD,True
U1379,university of peradeniya,Sri Lanka,LK,sri lanka,,,9.0,11.6,12.0,2.0,1.3,1.0,10.9,5.8,True,,30.450000000000003,18.4,9.2,58.6,23.3,39.8,13.9,1.0,65.0,True,501.0,40.65,17.3,8.9,99.2,39.1,40.3,10.7,1.0,59.0,True,sri lanka,LKA,Sri Lanka,Democratic Socialist Republic of Sri Lanka,LK,South Asia,Lower middle income,True
U1380,university of primorska,Slovenia,SI,slovenia,,,3.7,2.5,8.9,4.1,26.4,25.0,4.2,1.0,True,,16.2,16.4,14.9,26.5,21.9,61.8,15.3,18.0,77.0,True,1201.0,21.35,15.8,14.2,16.3,38.1,68.0,16.6,15.0,76.0,True,slovenia,SVN,Slovenia,Republic of Slovenia,SI,Europe & Central Asia,High income: OECD,True
U1381,university of rijeka,Croatia,HR,croatia,,,6.1,4.3,13.8,4.3,1.8,2.5,12.0,2.9,True,,16.2,18.7,16.7,29.9,25.8,29.2,15.6,3.0,58.0,True,1501.0,14.35,17.1,15.9,14.9,39.3,31.3,15.6,2.0,58.0,True,croatia,HRV,Croatia,Republic of Croatia,HR,Europe & Central Asia,High income: nonOECD,True
U1382,university of rzeszów,Poland,PL,poland,,,5.2,1.8,15.1,2.7,1.7,,3.0,1.0,True,,,,,,,,,,,False,,,,,,,,,,,False,poland,POL,Poland,Republic of Poland,PL,Europe & Central Asia,High income: OECD,True
U1383,university of san diego,United States,US,united states,,,6.2,7.0,25.5,2.7,6.8,3.1,12.2,1.0,True,,,,,,,,,,,False,,,,,,,,,,,False,united states,USA,United States,United States of America,US,North America,High income: OECD,True
U1384,university of san francisco,United States,US,united states,,,5.9,4.4,18.7,3.6,20.2,2.3,29.5,1.2,True,,,,,,,,,,,False,,,,,,,,,,,False,united states,USA,United States,United States of America,US,North America,High income: OECD,True
U1385,university of silesia in katowice,Poland,PL,poland,,,5.4,4.2,20.3,3.1,3.9,3.5,7.4,2.4,True,,16.2,23.2,13.5,23.4,21.8,29.7,11.6,4.0,67.0,True,1501.0,14.35,19.4,12.3,10.1,37.0,26.9,12.0,3.0,67.0,True,poland,POL,Poland,Republic of Poland,PL,Europe & Central Asia,High income: OECD,True
U1386,university of south alabama (usa),United States,US,united states,,,4.7,5.9,19.0,6.1,2.1,,2.3,1.2,True,,,,,,,,,,,False,,,,,,,,,,,False,united states,USA,United States,United States of America,US,North America,High income: OECD,True
U1387,university of split,Croatia,HR,croatia,,,6.3,4.0,5.0,4.2,2.0,1.4,12.3,4.5,True,,25.5,17.9,13.9,49.1,23.1,36.0,15.7,2.0,58.0,True,1001.0,27.05,15.7,13.4,49.7,37.9,37.3,16.3,2.0,57.0,True,croatia,HRV,Croatia,Republic of Croatia,HR,Europe & Central Asia,High income: nonOECD,True
U1388,university of sri jayewardenepura,Sri Lanka,LK,sri lanka,,,6.0,10.4,4.5,3.3,1.0,,11.0,1.0,True,,16.2,13.0,9.0,35.7,18.4,35.8,22.9,0.0,63.0,True,,,,,,,,23.4,0.0,62.0,True,sri lanka,LKA,Sri Lanka,Democratic Socialist Republic of Sri Lanka,LK,South Asia,Lower middle income,True
U1389,university of the pacific,United States,US,united states,,,2.2,3.5,31.9,3.0,12.0,3.2,8.1,1.0,True,,,,,,,,,,,False,,,,,,,,,,,False,united states,USA,United States,United States of America,US,North America,High income: OECD,True
U1390,university of tyumen,Russia,RU,russia,,,3.6,2.1,37.1,1.6,13.8,4.5,4.5,1.3,True,,,,,,,,,,,False,,,,,,,,,,,False,russia,RUS,Russia,Russian Federation,RU,Europe & Central Asia,High income: nonOECD,True
U1391,university of west bohemia,Czech Republic,CZ,czech republic,,,5.6,2.1,10.9,3.8,,,5.2,1.0,True,,25.5,20.5,18.0,35.2,27.7,32.4,14.8,5.0,54.0,True,1201.0,21.35,18.5,16.0,30.7,40.3,31.6,14.7,4.0,54.0,True,czech republic,CZE,Czech Republic,Czech Republic,CZ,Europe & Central Asia,High income: OECD,True
U1392,university of wisconsin milwaukee,United States,US,united states,,,7.6,2.4,9.7,9.8,5.1,5.7,6.8,4.5,True,,,,,,,,,,,False,,,,,,,,,,,False,united states,USA,United States,United States of America,US,North America,High income: OECD,True
U1393,university politehnica of bucharest,Romania,RO,romania,,,5.2,12.7,3.4,6.9,2.6,1.4,3.9,1.0,True,,,,,,,,,,,False,,,,,,,,,,,False,romania,ROU,Romania,Romania,RO,Europe & Central Asia,Upper middle income,True
U1394,vancouver island university,Canada,CA,canada,,,4.5,3.7,48.8,1.1,,,1.5,1.0,True,,,,,,,,,,,False,,,,,,,,,,,False,canada,CAN,Canada,Canada,CA,North America,High income: OECD,True
U1395,voronezh state university,Russia,RU,russia,,,5.4,2.7,21.8,1.3,21.4,3.0,3.0,1.0,True,,16.2,22.7,10.7,7.7,17.4,37.0,11.1,15.0,52.0,True,,,,,,,,,,,False,russia,RUS,Russia,Russian Federation,RU,Europe & Central Asia,High income: nonOECD,True
U1396,western michigan university,United States,US,united states,,,4.9,4.9,10.0,5.8,10.6,21.4,16.5,1.6,True,,30.450000000000003,24.0,17.1,39.2,39.3,43.1,21.3,8.0,53.0,True,1201.0,21.35,22.7,15.2,24.7,37.3,36.0,19.9,8.0,52.0,True,united states,USA,United States,United States of America,US,North America,High income: OECD,True
U1397,yamaguchi university,Japan,JP,japan,,,3.9,1.8,41.8,4.2,2.5,6.7,1.8,1.0,True,,25.5,28.5,13.4,21.4,57.3,33.4,10.9,5.0,37.0,True,1501.0,14.35,21.3,12.3,13.9,43.8,30.4,11.1,7.0,38.0,True,japan,JPN,Japan,Japan,JP,East Asia & Pacific,High income: OECD,True
U1398,yogyakarta state university,Indonesia,ID,indonesia,,,11.7,3.3,8.7,1.4,1.7,13.5,2.3,1.0,True,,,,,,,,,,,False,,,,,,,,18.5,1.0,59.0,True,indonesia,IDN,Indonesia,Republic of Indonesia,ID,East Asia & Pacific,Lower middle income,True
U1399,youngsan university,South Korea,KR,south korea,,,4.0,10.0,19.3,1.3,9.9,2.5,1.9,1.0,True,,,,,,,,,,,False,,,,,,,,,,,False,korea,KOR,Korea,Republic of Korea,KR,East Asia & Pacific,High income: OECD,True
U1400,yuan ze university,Taiwan,TW,taiwan,,,5.5,5.6,8.7,9.0,11.7,12.2,2.0,2.4,True,,25.5,18.5,24.1,32.1,69.0,42.8,23.0,8.0,44.0,True,1201.0,21.35,18.2,21.7,16.7,55.8,35.8,24.3,6.0,43.0,True,taiwan,,,,,,,False
U1401,zagazig university,Egypt,EG,egypt,,,7.7,4.9,3.0,2.6,2.5,1.1,3.7,5.3,True,,34.8,14.2,9.2,71.4,49.8,49.0,25.2,2.0,52.0,True,801.0,31.85,13.9,8.3,69.5,36.9,43.5,26.4,2.0,52.0,True,egypt,EGY,Egypt,Arab Republic of Egypt,EG,Middle East & North Africa,Lower middle income,True
U1402,don state technical university,Russia,RU,russia,,,3.5,3.5,12.8,1.4,14.9,1.6,1.9,1.0,True,,30.450000000000003,20.6,9.0,54.9,17.9,31.7,12.4,12.0,53.0,True,,,,,,,,,,,False,russia,RUS,Russia,Russian Federation,RU,Europe & Central Asia,High income: nonOECD,True
U1403,akdeniz üniversitesi,Turkey,TR,turkey,,,5.7,4.8,3.5,3.0,1.1,1.2,2.0,1.0,True,,,,,,,,,,,False,,,,,,,,,,,False,turkey,TUR,Turkey,Republic of Turkey,TR,Europe & Central Asia,Upper middle income,True
U1404,california polytechnic state university,United States,US,united states,,,3.6,9.1,6.7,3.0,,,8.7,1.3,True,,,,,,,,,,,False,,,,,,,,,,,False,united states,USA,United States,United States of America,US,North America,High income: OECD,True
U1405,california state university - los angeles,United States,US,united states,,,5.2,3.3,3.8,2.9,2.3,3.6,5.5,1.0,True,,,,,,,,,,,False,,,,,,,,,,,False,united states,USA,United States,United States of America,US,North America,High income: OECD,True
U1406,"california state university, long beach",United States,US,united states,,,3.7,4.1,4.8,2.9,3.4,2.6,1.7,1.0,True,,,,,,,,,,,False,,,,,,,,,,,False,united states,USA,United States,United States of America,US,North America,High income: OECD,True
U1407,católica de córdoba,Argentina,AR,argentina,,,5.3,2.6,17.1,1.1,3.6,3.6,4.6,1.0,True,,,,,,,,,,,False,,,,,,,,,,,False,argentina,ARG,Argentina,Argentine Republic,AR,Latin America & Caribbean,Upper middle income,True
U1408,east west university,Bangladesh,BD,bangladesh,,,6.8,12.8,2.8,2.4,1.0,1.4,3.9,1.1,True,,,,,,,,,,,False,,,,,,,,,,,False,bangladesh,BGD,Bangladesh,People's Republic of Bangladesh,BD,South Asia,Low income,True
U1409,fundación universidad de bogotá-jorge tadeo lozano,Colombia,CO,colombia,,,5.2,3.3,10.2,1.7,1.2,3.2,12.1,1.0,True,,,,,,,,,,,False,,,,,,,,,,,False,colombia,COL,Colombia,Republic of Colombia,CO,Latin America & Caribbean,Upper middle income,True
U1410,humboldt state university,United States,US,united states,,,3.0,2.5,9.7,3.7,1.2,2.9,3.1,1.0,True,,,,,,,,14.8,1.0,60.0,True,,,,,,,,,,,False,united states,USA,United States,United States of America,US,North America,High income: OECD,True
U1411,illinois state university,United States,US,united states,,,3.4,2.8,5.6,4.1,3.1,4.7,7.6,1.1,True,,,,,,,,,,,False,,,,,,,,,,,False,united states,USA,United States,United States of America,US,North America,High income: OECD,True
U1412,"indian institute of information technology, allahabad",India,IN,india,,,4.1,4.4,2.0,10.7,2.1,,2.1,1.0,True,,,,,,,,,,,False,,,,,,,,,,,False,india,IND,India,Republic of India,IN,South Asia,Lower middle income,True
U1413,indiana state university,United States,US,united states,,,6.2,4.4,8.5,3.0,2.2,1.7,6.8,1.0,True,,,,,,,,,,,False,,,,,,,,,,,False,united states,USA,United States,United States of America,US,North America,High income: OECD,True
U1414,international university of business agriculture and technology,Bangladesh,BD,bangladesh,,,6.6,4.1,2.6,2.3,1.3,1.4,3.8,1.0,True,,,,,,,,,,,False,,,,,,,,,,,False,bangladesh,BGD,Bangladesh,People's Republic of Bangladesh,BD,South Asia,Low income,True
U1415,irkutsk state university,Russia,RU,russia,,,3.3,1.8,14.1,1.3,3.8,1.9,5.2,1.2,True,,16.2,18.6,11.5,9.1,18.9,28.1,14.2,4.0,68.0,True,,,,,,,,,,,False,russia,RUS,Russia,Russian Federation,RU,Europe & Central Asia,High income: nonOECD,True
U1416,korkyt ata kyzylorda university,Kazakhstan,KZ,kazakhstan,,,7.0,7.9,5.7,1.0,1.2,3.4,3.3,1.1,True,,,,,,,,,,,False,,,,,,,,,,,False,kazakhstan,KAZ,Kazakhstan,Republic of Kazakhstan,KZ,Europe & Central Asia,Upper middle income,True
U1417,kwansei gakuin university,Japan,JP,japan,,,4.1,5.1,5.0,2.4,3.4,21.9,7.7,1.0,True,,16.2,15.7,9.5,15.4,20.7,40.9,24.7,4.0,49.0,True,1501.0,14.35,15.5,9.2,17.3,38.0,35.1,24.8,4.0,49.0,True,japan,JPN,Japan,Japan,JP,East Asia & Pacific,High income: OECD,True
U1418,lucian blaga university of sibiu,Romania,RO,romania,,,3.6,3.2,8.5,1.9,2.9,13.9,4.1,1.2,True,,16.2,18.5,14.0,29.7,16.8,28.4,16.5,3.0,59.0,True,1501.0,14.35,17.8,13.2,19.5,37.5,23.1,16.5,2.0,60.0,True,romania,ROU,Romania,Romania,RO,Europe & Central Asia,Upper middle income,True
U1419,m.kh. dulaty taraz regional university,Kazakhstan,KZ,kazakhstan,,,7.6,2.7,12.0,1.0,6.7,1.1,3.1,1.1,True,,,,,,,,,,,False,,,,,,,,,,,False,kazakhstan,KAZ,Kazakhstan,Republic of Kazakhstan,KZ,Europe & Central Asia,Upper middle income,True
U1420,mirea - russian technological university,Russia,RU,russia,,,5.5,7.0,6.6,1.4,3.3,1.3,5.2,1.0,True,,16.2,15.0,11.7,8.6,48.1,22.2,21.5,5.0,26.0,True,,,,,,,,,,,False,russia,RUS,Russia,Russian Federation,RU,Europe & Central Asia,High income: nonOECD,True
U1421,moscow city university,Russia,RU,russia,,,7.1,1.9,10.7,1.1,3.3,2.7,1.9,1.0,True,,,,,,,,,,,False,,,,,,,,,,,False,russia,RUS,Russia,Russian Federation,RU,Europe & Central Asia,High income: nonOECD,True
U1422,naresuan university,Thailand,TH,thailand,,,6.6,2.8,6.6,1.9,1.2,7.3,2.5,1.7,True,,16.2,15.8,10.5,14.8,28.3,33.1,18.3,1.0,68.0,True,1501.0,14.35,15.7,9.2,13.3,41.3,31.3,16.7,1.0,66.0,True,thailand,THA,Thailand,Kingdom of Thailand,TH,East Asia & Pacific,Upper middle income,True
U1423,national university of life and environmental sciences of ukraine,Ukraine,UA,ukraine,,,5.8,3.9,15.8,1.4,1.2,1.2,3.7,1.0,True,,16.2,20.3,8.9,30.1,25.3,25.7,15.2,1.0,45.0,True,,,,,,,,,,,False,ukraine,UKR,Ukraine,Ukraine,UA,Europe & Central Asia,Lower middle income,True
U1424,"national university of modern languages (numl), islamabad",Pakistan,PK,pakistan,,,7.0,7.3,5.2,1.5,1.2,3.4,2.6,1.2,True,,,,,,,,,,,False,,,,,,,,,,,False,pakistan,PAK,Pakistan,Islamic Republic of Pakistan,PK,South Asia,Lower middle income,True
U1425,nova southeastern university,United States,US,united states,,,2.7,3.5,11.6,2.8,3.9,4.7,8.9,1.2,True,,34.8,39.1,12.2,50.1,38.9,34.4,16.5,4.0,71.0,True,401.0,43.5,39.4,10.6,87.5,36.9,28.9,16.3,4.0,70.0,True,united states,USA,United States,United States of America,US,North America,High income: OECD,True
U1426,pontifícia universidade católica de minas gerais  puc minas,Brazil,BR,brazil,,,4.9,4.6,1.9,1.5,1.1,1.9,9.4,1.0,True,,,,,,,,,,,False,,,,,,,,,,,False,brazil,BRA,Brazil,Federative Republic of Brazil,BR,Latin America & Caribbean,Upper middle income,True
U1427,pontificia universidade católica do campinas - puc campinas,Brazil,BR,brazil,,,4.2,3.8,7.0,2.0,1.2,1.8,1.9,1.0,True,,,,,,,,,,,False,,,,,,,,,,,False,brazil,BRA,Brazil,Federative Republic of Brazil,BR,Latin America & Caribbean,Upper middle income,True
U1428,pontifícia universidade católica do paraná,Brazil,BR,brazil,,,4.1,2.9,7.6,3.9,1.3,1.8,3.9,1.4,True,,25.5,26.3,12.8,34.3,43.0,30.7,13.0,1.0,56.0,True,1201.0,21.35,23.2,13.5,34.2,39.3,26.7,14.7,1.0,55.0,True,brazil,BRA,Brazil,Federative Republic of Brazil,BR,Latin America & Caribbean,Upper middle income,True
U1429,russian state agrarian university - moscow timiryazev agricultural academy,Russia,RU,russia,,,7.0,4.1,6.4,1.3,4.4,1.9,5.6,1.2,True,,,,,,,,,,,False,,,,,,,,,,,False,russia,RUS,Russia,Russian Federation,RU,Europe & Central Asia,High income: nonOECD,True
U1430,russian state university for the humanities,Russia,RU,russia,,,5.1,2.6,14.2,1.2,4.0,1.8,3.3,1.0,True,,16.2,13.5,13.4,16.8,15.7,22.1,22.1,4.0,69.0,True,,,,,,,,,,,False,russia,RUS,Russia,Russian Federation,RU,Europe & Central Asia,High income: nonOECD,True
U1431,sakarya university,Turkey,TR,turkey,,,4.6,3.1,3.1,3.3,11.3,1.4,1.9,2.7,True,,25.5,16.5,10.6,45.4,24.0,28.4,26.6,7.0,51.0,True,1001.0,27.05,21.2,11.3,46.2,54.2,27.3,25.1,8.0,54.0,True,turkey,TUR,Turkey,Republic of Turkey,TR,Europe & Central Asia,Upper middle income,True
U1432,shanghai normal university,China (Mainland),CN,china,,,5.0,1.6,10.9,4.3,1.6,4.5,1.5,1.3,True,,,,,,,,,,,False,,,,,,,,,,,False,china,CHN,China,People's Republic of China,CN,East Asia & Pacific,Upper middle income,True
U1433,shibaura institute of technology,Japan,JP,japan,,,4.5,2.5,3.1,5.1,8.7,13.0,1.8,1.0,True,,25.5,20.8,20.1,22.3,36.3,42.3,29.7,5.0,18.0,True,1201.0,21.35,19.1,17.4,11.8,42.6,38.8,27.9,6.0,18.0,True,japan,JPN,Japan,Japan,JP,East Asia & Pacific,High income: OECD,True
U1434,silpakorn university,Thailand,TH,thailand,,,6.3,5.4,4.4,2.8,1.2,4.3,2.5,1.0,True,,16.2,19.3,13.6,20.7,38.0,29.0,18.8,2.0,69.0,True,1501.0,14.35,18.4,10.9,16.7,49.4,26.1,21.0,1.0,69.0,True,thailand,THA,Thailand,Kingdom of Thailand,TH,East Asia & Pacific,Upper middle income,True
U1435,soochow university (taiwan),Taiwan,TW,taiwan,,,4.7,5.3,4.1,1.8,2.9,3.8,3.2,1.8,True,,,,,,,,,,,False,,,,,,,,,,,False,taiwan,,,,,,,False
U1436,soongsil university,South Korea,KR,south korea,,,3.5,6.0,8.3,4.5,11.2,5.2,2.8,1.0,True,,25.5,26.7,15.0,25.1,47.4,35.6,18.6,12.0,48.0,True,1201.0,21.35,24.4,12.5,13.4,38.5,30.9,19.8,10.0,47.0,True,korea,KOR,Korea,Republic of Korea,KR,East Asia & Pacific,High income: OECD,True
U1437,stamford university bangladesh,Bangladesh,BD,bangladesh,,,9.7,4.6,1.2,1.4,,,3.6,1.0,True,,,,,,,,,,,False,,,,,,,,,,,False,bangladesh,BGD,Bangladesh,People's Republic of Bangladesh,BD,South Asia,Low income,True
U1438,state university of malang,Indonesia,ID,indonesia,,,6.3,2.5,8.7,1.7,1.3,13.7,5.4,1.1,True,,16.2,18.5,11.1,30.0,15.8,31.4,30.5,4.0,55.0,True,1201.0,21.35,19.4,10.5,35.8,36.9,23.2,35.6,4.0,61.0,True,indonesia,IDN,Indonesia,Republic of Indonesia,ID,East Asia & Pacific,Lower middle income,True
U1439,stefan cel mare university of suceava,Romania,RO,romania,,,3.8,2.4,4.5,4.2,25.5,2.3,4.1,1.9,True,,,,,,,,,,,False,,,,,,,,,,,False,romania,ROU,Romania,Romania,RO,Europe & Central Asia,Upper middle income,True
U1440,"the university of notre dame, australia",Australia,AU,australia,,,3.0,3.7,3.5,7.2,2.2,21.4,1.7,1.0,True,,,,,,,,,,,False,,,,,,,,,,,False,australia,AUS,Australia,Commonwealth of Australia,AU,East Asia & Pacific,High income: OECD,True
U1441,udayana university,Indonesia,ID,indonesia,,,6.4,4.7,5.7,1.4,3.4,7.4,3.7,1.0,True,,,,,,,,,,,False,,,,,,,,,,,False,indonesia,IDN,Indonesia,Republic of Indonesia,ID,East Asia & Pacific,Lower middle income,True
U1442,united international university,Bangladesh,BD,bangladesh,,,6.3,8.7,3.0,2.5,1.1,,3.9,1.0,True,,,,,,,,21.9,1.0,28.0,True,,,,,,,,21.4,1.0,30.0,True,bangladesh,BGD,Bangladesh,People's Republic of Bangladesh,BD,South Asia,Low income,True
U1443,universidad alberto hurtado,Chile,CL,chile,,,8.6,4.2,3.1,2.8,1.7,12.7,2.2,1.0,True,,,,,,,,,,,False,,,,,,,,,,,False,chile,CHL,Chile,Republic of Chile,CL,Latin America & Caribbean,High income: OECD,True
U1444,universidad autónoma de aguascalientes,Mexico,MX,mexico,,,3.1,1.6,32.5,1.2,,,1.6,1.0,True,,,,,,,,,,,False,,,,,,,,,,,False,mexico,MEX,Mexico,United Mexican States,MX,Latin America & Caribbean,Upper middle income,True
U1445,universidad autónoma de baja california,Mexico,MX,mexico,,,6.6,4.4,4.4,1.5,1.1,2.6,2.1,7.5,True,,,,,,,,,,,False,,,,,,,,,,,False,mexico,MEX,Mexico,United Mexican States,MX,Latin America & Caribbean,Upper middle income,True
U1446,universidad autónoma de chile,Chile,CL,chile,,,5.3,2.0,4.2,3.1,1.4,12.4,2.1,2.8,True,,30.450000000000003,12.5,12.2,54.5,16.1,55.4,25.5,1.0,65.0,True,801.0,31.85,13.2,10.2,72.4,36.9,49.7,22.9,1.0,63.0,True,chile,CHL,Chile,Republic of Chile,CL,Latin America & Caribbean,High income: OECD,True
U1447,universidad autónoma de querétaro (uaq),Mexico,MX,mexico,,,4.4,2.4,6.0,2.1,1.5,3.8,2.0,1.0,True,,,,,,,,,,,False,,,,,,,,,,,False,mexico,MEX,Mexico,United Mexican States,MX,Latin America & Caribbean,Upper middle income,True
U1448,universidad autónoma de san luis de potosí,Mexico,MX,mexico,,,5.9,1.8,5.4,2.4,1.3,1.6,1.6,1.1,True,,,,,,,,,,,False,,,,,,,,,,,False,mexico,MEX,Mexico,United Mexican States,MX,Latin America & Caribbean,Upper middle income,True
U1449,universidad autonoma de yucatan,Mexico,MX,mexico,,,5.5,1.5,4.9,2.4,1.1,2.2,1.6,1.0,True,,,,,,,,,,,False,,,,,,,,,,,False,mexico,MEX,Mexico,United Mexican States,MX,Latin America & Caribbean,Upper middle income,True
U1450,universidad autónoma del estado de morelos (uaem),Mexico,MX,mexico,,,3.5,1.8,15.5,1.6,1.2,2.6,1.9,1.0,True,,,,,,,,,,,False,,,,,,,,,,,False,mexico,MEX,Mexico,United Mexican States,MX,Latin America & Caribbean,Upper middle income,True
U1451,universidad bernardo o'higgins,Chile,CL,chile,,,4.6,4.3,9.9,2.0,2.1,13.3,2.2,1.0,True,,,,,,,,,,,False,,,,,,,,,,,False,chile,CHL,Chile,Republic of Chile,CL,Latin America & Caribbean,High income: OECD,True
U1452,"universidad católica boliviana ""san pablo""",Bolivia,BO,bolivia,,,3.9,2.9,4.2,1.1,2.7,2.3,26.2,1.0,True,,,,,,,,,,,False,,,,,,,,,,,False,bolivia,BOL,Bolivia,Plurinational State of Bolivia,BO,Latin America & Caribbean,Lower middle income,True
U1453,universidad católica de colombia,Colombia,CO,colombia,,,6.1,3.2,5.1,1.6,1.1,3.3,2.3,1.0,True,,,,,,,,20.3,1.0,50.0,True,,,,,,,,27.2,0.0,50.0,True,colombia,COL,Colombia,Republic of Colombia,CO,Latin America & Caribbean,Upper middle income,True
U1454,universidad católica de la santísima concepción - ucsc,Chile,CL,chile,,,3.4,2.1,8.2,2.8,1.1,5.2,2.0,1.2,True,,,,,,,,,,,False,,,,,,,,,,,False,chile,CHL,Chile,Republic of Chile,CL,Latin America & Caribbean,High income: OECD,True
U1455,universidad católica de santiago de guayaquil,Ecuador,EC,ecuador,,,4.5,3.4,1.3,1.5,1.2,16.7,16.6,1.0,True,,,,,,,,,,,False,,,,,,,,,,,False,ecuador,ECU,Ecuador,Republic of Ecuador,EC,Latin America & Caribbean,Upper middle income,True
U1456,universidad católica de temuco,Chile,CL,chile,,,4.1,1.4,2.0,4.8,,35.1,2.0,1.1,True,,,,,,,,,,,False,,,,,,,,,,,False,chile,CHL,Chile,Republic of Chile,CL,Latin America & Caribbean,High income: OECD,True
U1457,universidad central de chile,Chile,CL,chile,,,4.4,2.4,3.0,1.7,1.8,4.6,2.0,1.0,True,,,,,,,,,,,False,,,,,,,,,,,False,chile,CHL,Chile,Republic of Chile,CL,Latin America & Caribbean,High income: OECD,True
U1458,universidad de caldas,Colombia,CO,colombia,,,4.9,2.4,3.5,1.5,,,2.1,1.0,True,,,,,,,,,,,False,,,,,,,,,,,False,colombia,COL,Colombia,Republic of Colombia,CO,Latin America & Caribbean,Upper middle income,True
U1459,universidad de carabobo,Venezuela,VE,venezuela,,,4.7,6.1,17.4,1.0,,,5.4,1.0,True,,,,,,,,17.1,0.0,60.0,True,,,,,,,,,,,False,venezuela,VEN,Venezuela,República Bolivariana de Venezuela,VE,Latin America & Caribbean,Upper middle income,True
U1460,universidad de cartagena,Colombia,CO,colombia,,,4.8,2.7,4.0,3.2,1.1,2.2,2.1,1.2,True,,25.5,13.8,9.1,56.8,17.2,41.2,21.3,1.0,59.0,True,,,,,,,,,,,False,colombia,COL,Colombia,Republic of Colombia,CO,Latin America & Caribbean,Upper middle income,True
U1461,universidad de córdoba - colombia,Colombia,CO,colombia,,,11.8,2.4,2.9,1.4,,,1.9,1.0,True,,,,,,,,,,,False,,,,,,,,,,,False,colombia,COL,Colombia,Republic of Colombia,CO,Latin America & Caribbean,Upper middle income,True
U1462,universidad de cuenca,Ecuador,EC,ecuador,,,7.2,2.2,4.9,2.0,1.4,2.2,7.8,2.7,True,,,,,,,,,,,False,,,,,,,,,,,False,ecuador,ECU,Ecuador,Republic of Ecuador,EC,Latin America & Caribbean,Upper middle income,True
U1463,universidad de guanajuato,Mexico,MX,mexico,,,7.1,2.1,5.0,2.8,1.3,5.9,6.8,1.1,True,,,,,,,,,,,False,,,,,,,,,,,False,mexico,MEX,Mexico,United Mexican States,MX,Latin America & Caribbean,Upper middle income,True
U1464,universidad de la salle,Colombia,CO,colombia,,,6.0,3.9,6.4,1.3,1.3,2.9,2.2,1.0,True,,,,,,,,,,,False,,,,,,,,,,,False,colombia,COL,Colombia,Republic of Colombia,CO,Latin America & Caribbean,Upper middle income,True
U1465,universidad de la serena,Chile,CL,chile,,,4.0,2.6,3.3,5.6,1.3,4.4,2.1,1.1,True,,,,,,,,,,,False,,,,,,,,,,,False,chile,CHL,Chile,Republic of Chile,CL,Latin America & Caribbean,High income: OECD,True
U1466,universidad de las fuerzas armadas espe (ex - escuela politécnica del ejército),Ecuador,EC,ecuador,,,6.1,3.9,10.6,1.3,1.1,2.7,4.5,1.1,True,,,,,,,,,,,False,,,,,,,,,,,False,ecuador,ECU,Ecuador,Republic of Ecuador,EC,Latin America & Caribbean,Upper middle income,True
U1467,universidad de medellín,Colombia,CO,colombia,,,6.5,3.2,7.9,2.2,1.8,2.7,7.8,1.1,True,,,,,,,,,,,False,,,,,,,,,,,False,colombia,COL,Colombia,Republic of Colombia,CO,Latin America & Caribbean,Upper middle income,True
U1468,universidad de santander - udes,Colombia,CO,colombia,,,3.3,2.3,8.0,1.3,1.9,3.7,2.2,1.1,True,,,,,,,,,,,False,,,,,,,,,,,False,colombia,COL,Colombia,Republic of Colombia,CO,Latin America & Caribbean,Upper middle income,True
U1469,universidad de sonora,Mexico,MX,mexico,,,3.6,1.6,4.4,1.8,1.5,3.4,2.1,1.0,True,,,,,,,,,,,False,,,,,,,,,,,False,mexico,MEX,Mexico,United Mexican States,MX,Latin America & Caribbean,Upper middle income,True
U1470,universidad del cauca,Colombia,CO,colombia,,,7.9,2.0,5.3,1.7,1.1,21.7,4.5,1.0,True,,,,,,,,,,,False,,,,,,,,,,,False,colombia,COL,Colombia,Republic of Colombia,CO,Latin America & Caribbean,Upper middle income,True
U1471,universidad del valle de mexico (uvm),Mexico,MX,mexico,,,3.8,9.9,3.9,1.1,1.6,2.0,3.1,1.0,True,,,,,,,,,,,False,,,,,,,,,,,False,mexico,MEX,Mexico,United Mexican States,MX,Latin America & Caribbean,Upper middle income,True
U1472,universidad michoacana de san nicolás de hidalgo,Mexico,MX,mexico,,,4.1,1.8,2.5,2.0,,,1.5,1.0,True,,,,,,,,,,,False,1501.0,14.35,15.9,8.5,7.8,37.5,27.0,22.9,1.0,46.0,True,mexico,MEX,Mexico,United Mexican States,MX,Latin America & Caribbean,Upper middle income,True
U1473,universidad nacional de quilmes,Argentina,AR,argentina,,,6.7,1.7,3.3,1.7,1.8,2.8,2.9,1.0,True,,,,,,,,,,,False,,,,,,,,,,,False,argentina,ARG,Argentina,Argentine Republic,AR,Latin America & Caribbean,Upper middle income,True
U1474,universidad nacional de tucumán,Argentina,AR,argentina,,,7.4,2.1,2.6,1.6,,,3.6,1.0,True,,,,,,,,,,,False,,,,,,,,,,,False,argentina,ARG,Argentina,Argentine Republic,AR,Latin America & Caribbean,Upper middle income,True
U1475,universidad nacional del comahue,Argentina,AR,argentina,,,5.1,2.4,20.4,1.3,,,2.1,1.2,True,,,,,,,,,,,False,,,,,,,,,,,False,argentina,ARG,Argentina,Argentine Republic,AR,Latin America & Caribbean,Upper middle income,True
U1476,universidad politecnica salesiana,Ecuador,EC,ecuador,,,6.4,3.3,3.3,1.5,1.7,6.2,4.1,1.0,True,,,,,,,,,,,False,,,,,,,,,,,False,ecuador,ECU,Ecuador,Republic of Ecuador,EC,Latin America & Caribbean,Upper middle income,True
U1477,universidad popular autónoma del estado de puebla (upaep),Mexico,MX,mexico,,,5.2,3.4,13.0,1.2,2.0,3.9,2.2,1.0,True,,,,,,,,,,,False,,,,,,,,,,,False,mexico,MEX,Mexico,United Mexican States,MX,Latin America & Caribbean,Upper middle income,True
U1478,universidad san ignacio de loyola,Peru,PE,peru,,,6.1,9.0,2.0,1.5,1.6,4.1,3.7,1.3,True,,,,,,,,35.4,1.0,51.0,True,,,,,,,,35.9,1.0,51.0,True,peru,PER,Peru,Republic of Peru,PE,Latin America & Caribbean,Upper middle income,True
U1479,universidad tecnica particular de loja (utpl),Ecuador,EC,ecuador,,,6.0,2.3,1.4,1.6,1.9,7.9,4.6,1.5,True,,,,,,,,,,,False,,,,,,,,,,,False,ecuador,ECU,Ecuador,Republic of Ecuador,EC,Latin America & Caribbean,Upper middle income,True
U1480,universidad tecnológica de bolívar,Colombia,CO,colombia,,,2.2,3.5,2.9,2.7,2.3,3.6,6.4,1.0,True,,,,,,,,21.8,0.0,42.0,True,,,,,,,,,,,False,colombia,COL,Colombia,Republic of Colombia,CO,Latin America & Caribbean,Upper middle income,True
U1481,"universidad tecnológica de la habana josé antonio echeverría, cujae",Cuba,CU,cuba,,,4.9,1.3,19.1,1.1,4.1,3.1,5.0,1.0,True,,,,,,,,,,,False,,,,,,,,,,,False,cuba,CUB,Cuba,Republic of Cuba,CU,Latin America & Caribbean,Upper middle income,True
U1482,universidad tecnológica de pereira,Colombia,CO,colombia,,,3.8,3.6,3.4,1.9,1.2,1.4,2.1,1.0,True,,,,,,,,,,,False,,,,,,,,,,,False,colombia,COL,Colombia,Republic of Colombia,CO,Latin America & Caribbean,Upper middle income,True
U1483,universidad veracruzana,Mexico,MX,mexico,,,7.7,2.7,7.3,1.4,,,1.5,1.1,True,,,,,,,,,,,False,,,,,,,,,,,False,mexico,MEX,Mexico,United Mexican States,MX,Latin America & Caribbean,Upper middle income,True
U1484,universidade do estado de santa catarina,Brazil,BR,brazil,,,3.7,1.3,15.4,1.7,,,2.2,1.0,True,,16.2,26.5,11.0,15.7,17.0,21.2,11.5,1.0,54.0,True,1501.0,14.35,19.7,11.1,16.3,37.1,18.1,12.9,1.0,52.0,True,brazil,BRA,Brazil,Federative Republic of Brazil,BR,Latin America & Caribbean,Upper middle income,True
U1485,universidade estadual de londrina,Brazil,BR,brazil,,,3.9,2.5,13.7,3.3,1.3,2.1,1.3,2.8,True,,,,,,,,,,,False,,,,,,,,,,,False,brazil,BRA,Brazil,Federative Republic of Brazil,BR,Latin America & Caribbean,Upper middle income,True
U1486,universidade federal da paraíba,Brazil,BR,brazil,,,4.1,2.5,7.3,3.1,1.1,2.5,1.3,1.1,True,,,,,,,,,,,False,,,,,,,,,,,False,brazil,BRA,Brazil,Federative Republic of Brazil,BR,Latin America & Caribbean,Upper middle income,True
U1487,universidade federal de goiás,Brazil,BR,brazil,,,3.8,1.3,6.8,4.2,1.2,3.5,1.3,1.3,True,,,,,,,,,,,False,,,,,,,,,,,False,brazil,BRA,Brazil,Federative Republic of Brazil,BR,Latin America & Caribbean,Upper middle income,True
U1488,universidade federal de uberlândia,Brazil,BR,brazil,,,3.8,1.7,13.8,3.5,1.3,2.1,2.2,3.2,True,,,,,,,,,,,False,,,,,,,,,,,False,brazil,BRA,Brazil,Federative Republic of Brazil,BR,Latin America & Caribbean,Upper middle income,True
U1489,universidade federal do estado do rio de janeiro - unirio,Brazil,BR,brazil,,,2.9,2.0,8.1,2.1,,,1.5,1.0,True,,,,,,,,,,,False,,,,,,,,,,,False,brazil,BRA,Brazil,Federative Republic of Brazil,BR,Latin America & Caribbean,Upper middle income,True
U1490,universidade federal do parà - ufpa,Brazil,BR,brazil,,,3.6,1.7,6.3,2.6,1.1,2.5,1.3,1.9,True,,,,,,,,,,,False,,,,,,,,,,,False,brazil,BRA,Brazil,Federative Republic of Brazil,BR,Latin America & Caribbean,Upper middle income,True
U1491,universitas andalas,Indonesia,ID,indonesia,,,8.1,5.1,7.0,1.3,1.6,6.2,3.7,1.0,True,,16.2,24.7,12.7,16.5,36.1,33.2,22.0,1.0,58.0,True,1501.0,14.35,23.9,9.1,10.7,43.4,16.7,21.6,0.0,55.0,True,indonesia,IDN,Indonesia,Republic of Indonesia,ID,East Asia & Pacific,Lower middle income,True
U1492,universitas kristen petra,Indonesia,ID,indonesia,,,7.1,5.2,7.8,1.6,1.1,3.2,2.5,1.0,True,,,,,,,,,,,False,,,,,,,,,,,False,indonesia,IDN,Indonesia,Republic of Indonesia,ID,East Asia & Pacific,Lower middle income,True
U1493,universitas muhammadiyah surakarta,Indonesia,ID,indonesia,,,5.5,2.5,6.5,1.1,1.1,8.4,2.3,1.0,True,,,,,,,,,,,False,,,,,,,,,,,False,indonesia,IDN,Indonesia,Republic of Indonesia,ID,East Asia & Pacific,Lower middle income,True
U1494,universiti sains islam malaysia,Malaysia,MY,malaysia,,,6.6,2.5,8.8,1.9,6.1,8.4,3.3,1.0,True,,,,,,,,,,,False,,,,,,,,,,,False,malaysia,MYS,Malaysia,Malaysia,MY,East Asia & Pacific,Upper middle income,True
U1495,university of central oklahoma,United States,US,united states,,,5.6,2.9,6.5,1.5,9.9,15.9,2.9,1.0,True,,,,,,,,,,,False,,,,,,,,,,,False,united states,USA,United States,United States of America,US,North America,High income: OECD,True
U1496,university of craiova,Romania,RO,romania,,,4.5,2.2,3.2,2.1,,,13.4,1.0,True,,16.2,18.3,11.5,25.2,18.4,24.0,20.9,4.0,50.0,True,1501.0,14.35,16.8,10.8,11.9,37.9,21.5,22.5,4.0,49.0,True,romania,ROU,Romania,Romania,RO,Europe & Central Asia,Upper middle income,True
U1497,university of lampung,Indonesia,ID,indonesia,,,4.7,2.3,5.1,1.3,1.0,1.2,2.2,1.0,True,,16.2,17.1,8.1,26.3,16.8,18.4,13.1,0.0,60.0,True,,,,,,,,19.9,0.0,50.0,True,indonesia,IDN,Indonesia,Republic of Indonesia,ID,East Asia & Pacific,Lower middle income,True
U1498,university of mataram,Indonesia,ID,indonesia,,,6.4,1.7,3.8,1.1,1.0,1.5,2.2,1.0,True,,,,,,,,24.0,0.0,61.0,True,,,,,,,,,,,False,indonesia,IDN,Indonesia,Republic of Indonesia,ID,East Asia & Pacific,Lower middle income,True
U1499,university of montana missoula,United States,US,united states,,,3.0,2.2,10.6,6.1,1.9,1.3,3.1,1.0,True,,,,,,,,,,,False,,,,,,,,,,,False,united states,USA,United States,United States of America,US,North America,High income: OECD,True
U1500,university of oradea,Romania,RO,romania,,,5.6,2.2,4.0,1.9,5.2,1.5,6.2,2.3,True,,25.5,16.7,14.6,35.0,16.9,41.0,17.5,6.0,56.0,True,1501.0,14.35,14.8,8.9,16.3,37.1,35.2,17.2,6.0,55.0,True,romania,ROU,Romania,Romania,RO,Europe & Central Asia,Upper middle income,True
U1501,university of san carlos,Philippines,PH,philippines,,,7.2,9.4,3.3,1.8,2.1,2.1,9.6,1.0,True,,,,,,,,,,,False,,,,,,,,,,,False,philippines,PHL,Philippines,Republic of the Philippines,PH,East Asia & Pacific,Lower middle income,True
U1502,"university politehnica of timisoara, upt",Romania,RO,romania,,,4.1,4.2,7.2,3.9,2.5,1.4,3.9,1.1,True,,,,,,,,,,,False,,,,,,,,,,,False,romania,ROU,Romania,Romania,RO,Europe & Central Asia,Upper middle income,True
U1503,western washington university,United States,US,united states,,,2.6,2.6,7.3,3.5,1.6,9.7,1.5,1.1,True,,,,,,,,,,,False,,,,,,,,,,,False,united states,USA,United States,United States of America,US,North America,High income: OECD,True
U1504,Massachusetts Institute of Technology,United States,,united states,,,,,,,,,,,False,3.0,97.9,98.6,96.2,99.7,100.0,93.8,8.0,33.0,41.0,True,5.0,94.2,90.7,93.6,99.8,90.9,89.3,8.2,33.0,40.0,True,united states,USA,United States,United States of America,US,North America,High income: OECD,True
U1505,California Institute of Technology,United States,,united states,,,,,,,,,,,False,7.0,96.5,96.6,98.0,95.9,100.0,90.6,6.1,33.0,37.0,True,6.0,94.1,90.9,97.0,97.3,89.8,83.6,6.2,34.0,37.0,True,united states,USA,United States,United States of America,US,North America,High income: OECD,True
U1506,"University of California, Berkeley",United States,,united states,,,,,,,,,,,False,9.0,94.6,87.2,98.8,99.0,99.4,86.8,17.9,22.0,52.0,True,8.0,92.1,86.4,95.8,99.0,76.8,78.4,18.4,24.0,52.0,True,united states,USA,United States,United States of America,US,North America,High income: OECD,True
U1507,ETH Zurich,Switzerland,,switzerland,,,,,,,,,,,False,11.0,93.1,87.6,96.8,95.6,82.9,95.6,15.4,43.0,33.0,True,11.0,89.4,82.6,95.4,90.7,59.1,97.7,14.8,41.0,33.0,True,switzerland,CHE,Switzerland,Switzerland,CH,Europe & Central Asia,High income: OECD,True
U1508,The University of Chicago,United States,,united states,,,,,,,,,,,False,13.0,92.1,89.6,91.2,97.6,93.8,82.3,6.2,36.0,47.0,True,13.0,88.9,86.5,88.8,97.7,56.2,74.2,6.0,36.0,47.0,True,united states,USA,United States,United States of America,US,North America,High income: OECD,True
U1509,"University of California, Los Angeles",United States,,united states,,,,,,,,,,,False,18.0,90.1,85.7,91.9,96.4,92.3,74.3,9.6,15.0,56.0,True,21.0,85.8,80.4,88.9,95.4,58.8,65.0,9.7,16.0,56.0,True,united states,USA,United States,United States of America,US,North America,High income: OECD,True
U1510,National University of Singapore,Singapore,,singapore,,,,,,,,,,,False,19.0,90.0,78.8,94.0,95.4,100.0,91.1,20.0,24.0,49.0,True,19.0,87.1,76.4,93.0,90.2,87.0,94.0,19.8,25.0,51.0,True,singapore,SGP,Singapore,Republic of Singapore,SG,East Asia & Pacific,High income: nonOECD,True
U1511,New York University,United States,,united states,,,,,,,,,,,False,27.0,83.5,73.2,84.0,94.9,75.4,80.7,11.8,42.0,58.0,True,24.0,82.7,74.2,84.0,95.0,44.6,74.7,9.8,42.0,57.0,True,united states,USA,United States,United States of America,US,North America,High income: OECD,True
U1512,University of Edinburgh,United Kingdom,,united kingdom,,,,,,,,,,,False,,82.5,70.7,77.5,96.9,71.1,97.0,11.5,46.0,61.0,True,29.0,79.8,66.9,74.5,97.1,40.9,95.6,11.8,47.0,62.0,True,united kingdom,GBR,United Kingdom,United Kingdom of Great Britain and Northern Ireland,GB,Europe & Central Asia,High income: OECD,True
U1513,"Nanyang Technological University, Singapore",Singapore,,singapore,,,,,,,,,,,False,32.0,82.3,66.2,80.9,94.5,99.7,93.3,16.7,27.0,49.0,True,36.0,77.0,60.9,77.9,87.2,84.5,94.5,15.1,25.0,48.0,True,singapore,SGP,Singapore,Republic of Singapore,SG,East Asia & Pacific,High income: nonOECD,True
U1514,École Polytechnique Fédérale de Lausanne,Switzerland,,switzerland,,,,,,,,,,,False,33.0,81.4,74.5,73.2,90.3,99.8,95.8,13.5,64.0,30.0,True,41.0,75.4,65.6,70.7,84.5,71.7,98.0,12.3,62.0,30.0,True,switzerland,CHE,Switzerland,Switzerland,CH,Europe & Central Asia,High income: OECD,True
U1515,"University of California, San Diego",United States,,united states,,,,,,,,,,,False,34.0,81.0,66.0,78.4,97.6,100.0,74.3,12.0,19.0,45.0,True,32.0,78.1,60.2,77.2,98.2,93.0,67.8,11.3,28.0,48.0,True,united states,USA,United States,United States of America,US,North America,High income: OECD,True
U1516,University of Hong Kong,Hong Kong,,hong kong,,,,,,,,,,,False,35.0,80.3,65.6,72.3,96.4,95.2,96.8,18.3,43.0,55.0,True,31.0,78.5,65.6,74.1,92.4,60.6,98.7,18.2,43.0,54.0,True,"hong kong sar, china",HKG,"Hong Kong SAR, China",Hong Kong Special Administrative Region of the People's Republic of China,HK,East Asia & Pacific,High income: nonOECD,True
U1517,University of Melbourne,Australia,,australia,,,,,,,,,,,False,37.0,79.2,64.8,76.4,90.1,98.3,92.7,25.1,47.0,58.0,True,34.0,77.6,67.1,75.9,85.8,78.1,93.6,23.8,47.0,58.0,True,australia,AUS,Australia,Commonwealth of Australia,AU,East Asia & Pacific,High income: OECD,True
U1518,King’s College London,United Kingdom,,united kingdom,,,,,,,,,,,False,,79.0,59.8,75.1,97.7,74.2,97.5,13.9,53.0,63.0,True,35.0,77.1,58.0,72.9,98.2,45.6,96.1,11.8,52.0,63.0,True,united kingdom,GBR,United Kingdom,United Kingdom of Great Britain and Northern Ireland,GB,Europe & Central Asia,High income: OECD,True
U1519,LMU Munich,Germany,,germany,,,,,,,,,,,False,,79.0,65.3,76.8,92.2,100.0,76.9,33.5,18.0,62.0,True,33.0,77.7,67.3,78.3,87.4,100.0,70.5,34.2,19.0,61.0,True,germany,DEU,Germany,Federal Republic of Germany,DE,Europe & Central Asia,High income: OECD,True
U1520,Paris Sciences et Lettres – PSL Research University Paris,France,,france,,,,,,,,,,,False,40.0,78.5,75.7,72.8,83.2,99.7,81.6,15.0,22.0,51.0,True,47.0,72.9,68.2,73.5,75.5,78.8,76.3,15.0,22.0,51.0,True,france,FRA,France,French Republic,FR,Europe & Central Asia,High income: OECD,True
U1521,London School of Economics and Political Science,United Kingdom,,united kingdom,,,,,,,,,,,False,46.0,76.8,59.5,73.5,95.4,55.9,94.1,12.6,72.0,56.0,True,37.0,76.5,59.2,74.3,95.1,37.8,92.8,11.9,73.0,55.0,True,united kingdom,GBR,United Kingdom,United Kingdom of Great Britain and Northern Ireland,GB,Europe & Central Asia,High income: OECD,True
U1522,Universität Heidelberg,Germany,,germany,,,,,,,,,,,False,47.0,76.7,67.7,64.3,94.6,99.3,76.4,13.3,20.0,55.0,True,43.0,74.1,67.2,61.5,96.0,55.7,71.2,13.5,21.0,55.0,True,germany,DEU,Germany,Federal Republic of Germany,DE,Europe & Central Asia,High income: OECD,True
U1523,Karolinska Institute,Sweden,,sweden,,,,,,,,,,,False,50.0,75.9,58.9,67.9,95.3,96.0,85.7,9.9,27.0,70.0,True,49.0,72.4,51.1,68.8,94.0,66.4,87.3,9.9,27.0,70.0,True,sweden,SWE,Sweden,Kingdom of Sweden,SE,Europe & Central Asia,High income: OECD,True
U1524,University of Manchester,United Kingdom,,united kingdom,,,,,,,,,,,False,51.0,75.6,61.4,67.1,93.1,73.1,95.6,15.6,45.0,56.0,True,54.0,70.9,54.5,63.7,91.3,45.3,92.7,14.2,44.0,55.0,True,united kingdom,GBR,United Kingdom,United Kingdom of Great Britain and Northern Ireland,GB,Europe & Central Asia,High income: OECD,True
U1525,Chinese University of Hong Kong,Hong Kong,,hong kong,,,,,,,,,,,False,53.0,75.4,59.1,61.5,97.6,95.9,93.6,18.8,25.0,53.0,True,45.0,73.2,59.1,61.1,95.7,60.9,92.5,19.0,21.0,53.0,True,"hong kong sar, china",HKG,"Hong Kong SAR, China",Hong Kong Special Administrative Region of the People's Republic of China,HK,East Asia & Pacific,High income: nonOECD,True
U1526,Australian National University,Australia,,australia,,,,,,,,,,,False,67.0,72.6,55.9,68.0,86.6,82.0,94.8,15.1,48.0,52.0,True,62.0,69.0,51.3,69.2,81.8,45.6,96.0,14.6,51.0,52.0,True,australia,AUS,Australia,Commonwealth of Australia,AU,East Asia & Pacific,High income: OECD,True
U1527,Washington University in St Louis,United States,,united states,,,,,,,,,,,False,68.0,72.3,60.8,57.2,97.5,77.8,72.7,7.3,22.0,52.0,True,57.0,70.6,60.3,56.8,98.2,47.5,64.0,7.8,24.0,53.0,True,united states,USA,United States,United States of America,US,North America,High income: OECD,True
U1528,"University of California, Santa Barbara",United States,,united states,,,,,,,,,,,False,69.0,72.1,47.4,64.7,96.9,99.4,84.0,27.5,18.0,54.0,True,64.0,68.4,44.6,61.5,96.2,80.1,76.0,28.5,20.0,54.0,True,united states,USA,United States,United States of America,US,North America,High income: OECD,True
U1529,University of North Carolina at Chapel Hill,United States,,united states,,,,,,,,,,,False,72.0,71.2,63.4,60.3,93.9,75.8,50.9,7.7,8.0,60.0,True,69.0,67.8,58.9,59.7,93.3,46.0,41.7,7.9,8.0,59.0,True,united states,USA,United States,United States of America,US,North America,High income: OECD,True
U1530,Yonsei University (Seoul campus),South Korea,,south korea,,,,,,,,,,,False,76.0,70.4,68.1,64.3,79.3,99.9,51.8,13.9,17.0,49.0,True,78.0,66.3,67.0,68.9,63.9,94.8,52.8,14.7,17.0,50.0,True,korea,KOR,Korea,Republic of Korea,KR,East Asia & Pacific,High income: OECD,True
U1531,Korea Advanced Institute of Science and Technology (KAIST),South Korea,,south korea,,,,,,,,,,,False,83.0,69.2,67.1,65.8,77.4,100.0,41.6,10.7,8.0,21.0,True,91.0,64.2,64.5,66.0,65.7,100.0,38.2,10.7,9.0,21.0,True,korea,KOR,Korea,Republic of Korea,KR,East Asia & Pacific,High income: OECD,True
U1532,UNSW Sydney,Australia,,australia,,,,,,,,,,,False,84.0,68.9,47.2,57.4,91.1,98.6,94.5,36.6,40.0,47.0,True,71.0,67.5,51.1,59.0,85.9,63.5,95.1,36.3,40.0,47.0,True,australia,AUS,Australia,Commonwealth of Australia,AU,East Asia & Pacific,High income: OECD,True
U1533,University of Minnesota,United States,,united states,,,,,,,,,,,False,85.0,68.7,61.0,58.5,87.2,99.8,48.3,11.8,9.0,55.0,True,101.0,63.0,55.1,56.9,81.2,77.8,41.7,12.0,10.0,54.0,True,united states,USA,United States,United States of America,US,North America,High income: OECD,True
U1534,Purdue University West Lafayette,United States,,united states,,,,,,,,,,,False,86.0,68.5,64.0,65.3,71.8,84.3,76.7,18.3,17.0,44.0,True,127.0,60.1,55.9,64.2,56.9,67.8,71.1,16.9,20.0,44.0,True,united states,USA,United States,United States of America,US,North America,High income: OECD,True
U1535,Humboldt University of Berlin,Germany,,germany,,,,,,,,,,,False,,68.2,55.3,63.7,82.8,65.4,79.0,54.5,18.0,53.0,True,86.0,64.9,55.2,64.3,75.6,42.8,70.5,53.2,17.0,53.0,True,germany,DEU,Germany,Federal Republic of Germany,DE,Europe & Central Asia,High income: OECD,True
U1536,University of Bonn,Germany,,germany,,,,,,,,,,,False,91.0,67.8,51.7,57.7,89.7,82.6,73.8,44.5,17.0,57.0,True,89.0,64.6,51.6,56.1,86.0,55.0,68.7,47.5,17.0,56.0,True,germany,DEU,Germany,Federal Republic of Germany,DE,Europe & Central Asia,High income: OECD,True
U1537,Charité - Universitätsmedizin Berlin,Germany,,germany,,,,,,,,,,,False,94.0,67.2,47.5,49.1,97.7,100.0,75.2,17.5,21.0,65.0,True,73.0,67.2,48.5,52.2,98.8,87.1,69.3,18.0,21.0,64.0,True,germany,DEU,Germany,Federal Republic of Germany,DE,Europe & Central Asia,High income: OECD,True
U1538,University of Tübingen,Germany,,germany,,,,,,,,,,,False,,67.0,49.1,56.5,89.0,99.8,72.0,27.1,14.0,59.0,True,86.0,64.9,51.1,58.2,84.5,79.9,64.1,27.5,13.0,59.0,True,germany,DEU,Germany,Federal Republic of Germany,DE,Europe & Central Asia,High income: OECD,True
U1539,Ohio State University (Main campus),United States,,united states,,,,,,,,,,,False,,66.7,55.8,52.7,88.4,85.0,67.3,11.4,11.0,51.0,True,112.0,62.2,53.0,51.2,83.4,55.3,60.3,11.8,13.0,51.0,True,united states,USA,United States,United States of America,US,North America,High income: OECD,True
U1540,Free University of Berlin,Germany,,germany,,,,,,,,,,,False,102.0,66.5,52.1,59.7,82.5,71.6,82.4,41.5,20.0,63.0,True,91.0,64.2,54.2,62.4,74.8,41.7,76.4,41.9,23.0,62.0,True,germany,DEU,Germany,Federal Republic of Germany,DE,Europe & Central Asia,High income: OECD,True
U1541,University of Sheffield,United Kingdom,,united kingdom,,,,,,,,,,,False,105.0,66.2,48.0,49.5,92.3,77.5,92.0,15.4,40.0,53.0,True,114.0,61.7,43.6,46.4,89.5,47.4,88.5,14.5,41.0,53.0,True,united kingdom,GBR,United Kingdom,United Kingdom of Great Britain and Northern Ireland,GB,Europe & Central Asia,High income: OECD,True
U1542,University of Warwick,United Kingdom,,united kingdom,,,,,,,,,,,False,,66.1,48.1,52.1,89.0,70.5,96.4,14.4,44.0,50.0,True,104.0,62.9,44.8,49.6,88.1,42.7,94.9,13.1,44.0,50.0,True,united kingdom,GBR,United Kingdom,United Kingdom of Great Britain and Northern Ireland,GB,Europe & Central Asia,High income: OECD,True
U1543,University of Adelaide,Australia,,australia,,,,,,,,,,,False,,65.8,42.4,50.6,92.8,95.0,92.9,36.4,31.0,49.0,True,88.0,64.7,42.7,51.8,92.2,65.3,93.6,32.8,32.0,49.0,True,australia,AUS,Australia,Commonwealth of Australia,AU,East Asia & Pacific,High income: OECD,True
U1544,Penn State (Main campus),United States,,united states,,,,,,,,,,,False,122.0,65.0,53.1,58.7,83.7,70.4,58.4,14.2,15.0,48.0,True,151.0,57.7,47.8,53.8,75.2,41.6,48.3,14.0,16.0,47.0,True,united states,USA,United States,United States of America,US,North America,High income: OECD,True
U1545,University of Massachusetts,United States,,united states,,,,,,,,,,,False,,64.9,54.0,46.9,87.3,85.6,77.3,13.3,14.0,50.0,True,191.0,54.9,41.2,33.5,87.8,51.7,65.0,13.2,14.0,49.0,True,united states,USA,United States,United States of America,US,North America,High income: OECD,True
U1546,University of Freiburg,Germany,,germany,,,,,,,,,,,False,128.0,64.1,46.7,51.3,86.2,100.0,74.2,34.4,17.0,53.0,True,113.0,61.9,47.8,52.8,80.8,96.2,67.3,37.2,17.0,53.0,True,germany,DEU,Germany,Federal Republic of Germany,DE,Europe & Central Asia,High income: OECD,True
U1547,Trinity College Dublin,Ireland,,ireland,,,,,,,,,,,False,134.0,63.2,44.0,48.4,87.6,76.6,91.4,22.2,34.0,61.0,True,161.0,57.0,36.0,47.3,79.4,47.1,93.7,21.0,28.0,60.0,True,ireland,IRL,Ireland,Ireland,IE,Europe & Central Asia,High income: OECD,True
U1548,University of Hamburg,Germany,,germany,,,,,,,,,,,False,,63.0,44.7,53.3,84.8,98.6,65.7,58.5,13.0,58.0,True,128.0,59.8,46.5,54.4,75.4,96.1,60.4,61.5,12.0,58.0,True,germany,DEU,Germany,Federal Republic of Germany,DE,Europe & Central Asia,High income: OECD,True
U1549,Technical University of Berlin,Germany,,germany,,,,,,,,,,,False,,63.0,47.8,55.6,78.1,99.9,71.3,49.6,29.0,35.0,True,156.0,57.4,48.8,55.7,62.0,92.6,67.8,48.1,27.0,35.0,True,germany,DEU,Germany,Federal Republic of Germany,DE,Europe & Central Asia,High income: OECD,True
U1550,Karlsruhe Institute of Technology,Germany,,germany,,,,,,,,,,,False,,62.8,49.9,56.8,72.5,99.9,77.6,20.5,25.0,29.0,True,189.0,55.0,46.7,54.2,57.8,89.7,68.6,21.6,20.0,29.0,True,germany,DEU,Germany,Federal Republic of Germany,DE,Europe & Central Asia,High income: OECD,True
U1551,Radboud University Nijmegen,Netherlands,,netherlands,,,,,,,,,,,False,,62.8,39.1,51.0,91.3,81.4,77.7,18.2,12.0,57.0,True,139.0,58.4,34.9,51.6,85.5,48.0,74.7,17.6,13.0,56.0,True,netherlands,NLD,Netherlands,Kingdom of the Netherlands,NL,Europe & Central Asia,High income: OECD,True
U1552,University of Pittsburgh-Pittsburgh campus,United States,,united states,,,,,,,,,,,False,,62.5,49.1,46.1,92.4,76.1,50.9,5.4,10.0,56.0,True,144.0,58.3,46.2,42.9,90.6,44.2,43.4,5.5,11.0,55.0,True,united states,USA,United States,United States of America,US,North America,High income: OECD,True
U1553,Sungkyunkwan University (SKKU),South Korea,,south korea,,,,,,,,,,,False,,62.5,55.5,54.2,72.9,98.8,61.3,19.4,19.0,53.0,True,170.0,56.5,52.8,54.0,59.4,98.3,56.4,19.4,18.0,53.0,True,korea,KOR,Korea,Republic of Korea,KR,East Asia & Pacific,High income: OECD,True
U1554,University of Auckland,New Zealand,,new zealand,,,,,,,,,,,False,,62.0,39.7,45.7,88.3,95.8,89.9,24.4,31.0,57.0,True,139.0,58.4,36.8,44.3,85.4,56.4,94.3,22.1,32.0,56.0,True,new zealand,NZL,New Zealand,New Zealand,NZ,East Asia & Pacific,High income: OECD,True
U1555,University of Barcelona,Spain,,spain,,,,,,,,,,,False,,61.9,42.4,47.3,91.4,83.9,65.2,15.3,11.0,64.0,True,182.0,55.7,33.1,43.4,89.9,50.2,59.9,15.8,11.0,63.0,True,spain,ESP,Spain,Kingdom of Spain,ES,Europe & Central Asia,High income: OECD,True
U1556,University of Arizona,United States,,united states,,,,,,,,,,,False,,61.8,48.7,51.3,85.7,84.0,47.0,19.9,7.0,56.0,True,180.0,55.9,45.8,47.0,78.7,52.1,41.3,17.0,9.0,54.0,True,united states,USA,United States,United States of America,US,North America,High income: OECD,True
U1557,University of Bologna,Italy,,italy,,,,,,,,,,,False,,61.8,53.0,44.6,86.5,79.4,54.3,24.7,11.0,57.0,True,161.0,57.0,52.1,40.8,80.2,46.4,51.6,24.4,12.0,56.0,True,italy,ITA,Italy,Italian Republic,IT,Europe & Central Asia,High income: OECD,True
U1558,TU Dresden,Germany,,germany,,,,,,,,,,,False,,61.4,46.6,51.1,79.3,99.7,67.9,29.4,17.0,45.0,True,156.0,57.4,48.8,50.7,69.1,92.4,60.5,30.8,16.0,45.0,True,germany,DEU,Germany,Federal Republic of Germany,DE,Europe & Central Asia,High income: OECD,True
U1559,University of Virginia (Main campus),United States,,united states,,,,,,,,,,,False,166.0,61.1,51.1,40.1,88.9,79.9,60.8,8.9,11.0,54.0,True,156.0,57.4,48.1,39.8,86.6,45.8,52.5,9.0,13.0,53.0,True,united states,USA,United States,United States of America,US,North America,High income: OECD,True
U1560,Université Catholique de Louvain,Belgium,,belgium,,,,,,,,,,,False,,60.8,39.5,49.4,83.1,92.0,83.1,37.3,20.0,54.0,True,170.0,56.5,39.9,50.4,72.8,57.7,82.3,36.0,20.0,54.0,True,belgium,BEL,Belgium,Kingdom of Belgium,BE,Europe & Central Asia,High income: OECD,True
U1561,Scuola Normale Superiore di Pisa,Italy,,italy,,,,,,,,,,,False,,60.8,60.1,42.6,82.9,34.9,59.3,7.4,11.0,29.0,True,183.0,55.6,56.7,36.5,74.8,38.2,56.4,7.6,13.0,28.0,True,italy,ITA,Italy,Italian Republic,IT,Europe & Central Asia,High income: OECD,True
U1562,University of Würzburg,Germany,,germany,,,,,,,,,,,False,,60.4,40.3,43.4,90.8,99.6,63.2,38.3,12.0,59.0,True,139.0,58.4,40.7,45.2,87.8,79.4,57.3,40.7,10.0,58.0,True,germany,DEU,Germany,Federal Republic of Germany,DE,Europe & Central Asia,High income: OECD,True
U1563,University of Exeter,United Kingdom,,united kingdom,,,,,,,,,,,False,,60.2,33.5,42.5,95.7,52.2,95.5,16.6,28.0,53.0,True,137.0,58.5,32.4,41.3,94.8,39.2,92.7,15.9,29.0,53.0,True,united kingdom,GBR,United Kingdom,United Kingdom of Great Britain and Northern Ireland,GB,Europe & Central Asia,High income: OECD,True
U1564,Arizona State University (Tempe),United States,,united states,,,,,,,,,,,False,182.0,59.9,40.9,46.2,87.5,71.5,71.7,19.7,14.0,46.0,True,156.0,57.4,44.8,47.9,79.6,40.2,62.5,19.6,17.0,45.0,True,united states,USA,United States,United States of America,US,North America,High income: OECD,True
U1565,University of Mannheim,Germany,,germany,,,,,,,,,,,False,,59.5,36.5,45.4,90.2,93.6,63.7,57.1,14.0,52.0,True,179.0,56.0,40.0,48.2,79.0,61.0,57.4,58.2,13.0,53.0,True,germany,DEU,Germany,Federal Republic of Germany,DE,Europe & Central Asia,High income: OECD,True
U1566,Tokyo Institute of Technology,Japan,,japan,,,,,,,,,,,False,,59.2,59.5,63.3,49.4,100.0,60.1,9.6,17.0,16.0,True,301.0,47.85,49.7,58.2,31.0,80.0,50.0,9.5,17.0,16.0,True,japan,JPN,Japan,Japan,JP,East Asia & Pacific,High income: OECD,True
U1567,University of Erlangen-Nuremberg,Germany,,germany,,,,,,,,,,,False,,59.0,42.6,48.1,79.7,100.0,61.0,41.9,13.0,51.0,True,196.0,54.5,44.6,47.5,68.8,90.7,53.5,43.4,13.0,51.0,True,germany,DEU,Germany,Federal Republic of Germany,DE,Europe & Central Asia,High income: OECD,True
U1568,University of Münster,Germany,,germany,,,,,,,,,,,False,,59.0,43.8,47.3,83.7,81.5,53.5,25.1,5.0,53.0,True,185.0,55.5,43.4,43.9,81.4,48.9,49.2,25.4,7.0,53.0,True,germany,DEU,Germany,Federal Republic of Germany,DE,Europe & Central Asia,High income: OECD,True
U1569,Ulm University,Germany,,germany,,,,,,,,,,,False,,59.0,40.6,41.2,87.9,99.6,63.0,26.4,13.0,51.0,True,148.0,57.8,41.6,41.2,89.3,77.6,56.1,26.2,13.0,51.0,True,germany,DEU,Germany,Federal Republic of Germany,DE,Europe & Central Asia,High income: OECD,True
U1570,Indiana University,United States,,united states,,,,,,,,,,,False,198.0,58.9,47.3,38.4,84.9,85.8,64.7,12.3,12.0,54.0,True,170.0,56.5,45.5,39.4,85.5,53.6,54.3,12.6,13.0,53.0,True,united states,USA,United States,United States of America,US,North America,High income: OECD,True
U1571,Queensland University of Technology,Australia,,australia,,,,,,,,,,,False,,58.7,33.9,42.1,89.5,85.9,82.2,37.9,14.0,54.0,True,201.0,52.75,29.2,39.7,86.0,50.1,83.9,37.9,17.0,53.0,True,australia,AUS,Australia,Commonwealth of Australia,AU,East Asia & Pacific,High income: OECD,True
U1572,Autonomous University of Barcelona,Spain,,spain,,,,,,,,,,,False,,57.25,45.1,41.4,84.8,67.6,68.8,13.2,13.0,60.0,True,183.0,55.6,35.1,38.8,91.1,43.0,67.1,12.7,16.0,60.0,True,spain,ESP,Spain,Kingdom of Spain,ES,Europe & Central Asia,High income: OECD,True
U1573,Friedrich Schiller University Jena,Germany,,germany,,,,,,,,,,,False,,57.25,43.2,42.0,81.8,79.8,69.3,18.9,14.0,53.0,True,189.0,55.0,42.4,39.9,81.3,49.7,62.8,20.6,14.0,53.0,True,germany,DEU,Germany,Federal Republic of Germany,DE,Europe & Central Asia,High income: OECD,True
U1574,Goethe University Frankfurt,Germany,,germany,,,,,,,,,,,False,,57.25,40.2,38.2,82.4,74.6,70.8,14.5,14.0,59.0,True,251.0,50.0,33.7,32.9,76.4,44.8,65.6,12.7,14.0,58.0,True,germany,DEU,Germany,Federal Republic of Germany,DE,Europe & Central Asia,High income: OECD,True
U1575,University of Hawai’i at Mānoa,United States,,united states,,,,,,,,,,,False,,57.25,42.0,42.5,75.8,68.3,77.3,11.3,10.0,57.0,True,251.0,50.0,39.8,41.7,66.0,40.4,66.9,10.7,11.0,56.0,True,united states,USA,United States,United States of America,US,North America,High income: OECD,True
U1576,University of Illinois Chicago,United States,,united states,,,,,,,,,,,False,,57.25,50.3,33.9,80.0,76.7,61.0,11.4,18.0,54.0,True,251.0,50.0,43.0,32.4,74.6,45.4,53.1,11.3,19.0,54.0,True,united states,USA,United States,United States of America,US,North America,High income: OECD,True
U1577,King Fahd University of Petroleum and Minerals,Saudi Arabia,,saudi arabia,,,,,,,,,,,False,,57.25,37.6,38.7,86.3,90.9,84.8,8.5,15.0,8.0,True,201.0,52.75,31.4,35.9,80.3,91.8,76.7,8.6,10.0,2.0,True,saudi arabia,SAU,Saudi Arabia,Kingdom of Saudi Arabia,SA,Middle East & North Africa,High income: nonOECD,True
U1578,Université Libre de Bruxelles,Belgium,,belgium,,,,,,,,,,,False,,57.25,35.8,45.0,83.5,76.4,89.6,51.7,30.0,58.0,True,201.0,52.75,32.6,44.1,77.3,44.8,88.9,49.3,31.0,57.0,True,belgium,BEL,Belgium,Kingdom of Belgium,BE,Europe & Central Asia,High income: OECD,True
U1579,Medical University of Graz,Austria,,austria,,,,,,,,,,,False,,57.25,32.0,33.5,91.6,94.9,81.9,15.5,29.0,54.0,True,168.0,56.6,29.4,34.4,96.8,98.1,79.0,14.1,27.0,53.0,True,austria,AUT,Austria,Republic of Austria,AT,Europe & Central Asia,High income: OECD,True
U1580,Medical University of Vienna,Austria,,austria,,,,,,,,,,,False,,57.25,40.0,28.7,93.5,94.1,81.7,8.4,30.0,54.0,True,194.0,54.6,35.0,27.6,94.0,61.2,81.7,8.4,33.0,50.0,True,austria,AUT,Austria,Republic of Austria,AT,Europe & Central Asia,High income: OECD,True
U1581,Moscow Institute of Physics and Technology (MIPT),Russian Federation,,russia,,,,,,,,,,,False,,57.25,63.5,48.8,55.1,68.6,72.7,11.6,21.0,53.0,True,,,,,,,,,,,False,russia,RUS,Russia,Russian Federation,RU,Europe & Central Asia,High income: nonOECD,True
U1582,University of Newcastle,Australia,,australia,,,,,,,,,,,False,,57.25,33.8,38.8,85.5,76.5,83.4,31.3,16.0,57.0,True,201.0,52.75,30.0,35.8,79.3,61.9,84.3,29.5,18.0,57.0,True,australia,AUS,Australia,Commonwealth of Australia,AU,East Asia & Pacific,High income: OECD,True
U1583,"Northeastern University, US",United States,,united states,,,,,,,,,,,False,,57.25,40.2,33.6,93.3,68.9,83.3,14.1,32.0,49.0,True,168.0,56.6,39.9,30.2,96.2,40.1,76.3,14.6,36.0,48.0,True,united states,USA,United States,United States of America,US,North America,High income: OECD,True
U1584,University of Padua,Italy,,italy,,,,,,,,,,,False,,57.25,46.1,38.5,84.1,77.1,53.1,26.5,7.0,56.0,True,201.0,52.75,47.2,36.5,80.9,46.4,49.3,29.3,8.0,55.0,True,italy,ITA,Italy,Italian Republic,IT,Europe & Central Asia,High income: OECD,True
U1585,Pompeu Fabra University,Spain,,spain,,,,,,,,,,,False,,57.25,35.9,38.3,90.5,78.4,74.7,22.7,13.0,61.0,True,186.0,55.4,32.6,39.4,91.5,46.2,68.9,22.4,13.0,60.0,True,spain,ESP,Spain,Kingdom of Spain,ES,Europe & Central Asia,High income: OECD,True
U1586,University of Potsdam,Germany,,germany,,,,,,,,,,,False,,57.25,37.3,44.7,80.4,91.0,68.5,38.1,16.0,57.0,True,201.0,52.75,39.2,44.6,70.4,60.2,59.6,39.6,14.0,57.0,True,germany,DEU,Germany,Federal Republic of Germany,DE,Europe & Central Asia,High income: OECD,True
U1587,Queen’s University Belfast,United Kingdom,,united kingdom,,,,,,,,,,,False,,57.25,34.0,38.0,88.7,65.0,98.4,17.2,41.0,57.0,True,198.0,54.4,31.1,37.9,84.4,41.6,97.4,15.8,39.0,57.0,True,united kingdom,GBR,United Kingdom,United Kingdom of Great Britain and Northern Ireland,GB,Europe & Central Asia,High income: OECD,True
U1588,Rutgers University – New Brunswick,United States,,united states,,,,,,,,,,,False,,57.25,46.4,37.2,78.4,80.1,63.7,11.2,17.0,53.0,True,201.0,52.75,43.5,43.6,73.0,43.1,53.9,10.9,17.0,53.0,True,united states,USA,United States,United States of America,US,North America,High income: OECD,True
U1589,Sant’Anna School of Advanced Studies – Pisa,Italy,,italy,,,,,,,,,,,False,,57.25,50.4,39.0,80.1,90.3,60.8,7.4,20.0,37.0,True,201.0,52.75,43.3,40.2,69.4,81.0,56.7,14.0,19.0,41.0,True,italy,ITA,Italy,Italian Republic,IT,Europe & Central Asia,High income: OECD,True
U1590,University of São Paulo,Brazil,,brazil,,,,,,,,,,,False,,57.25,59.8,60.7,57.3,68.2,42.5,13.9,2.0,47.0,True,201.0,52.75,54.5,61.5,43.3,43.0,37.2,15.9,4.0,47.0,True,brazil,BRA,Brazil,Federative Republic of Brazil,BR,Latin America & Caribbean,Upper middle income,True
U1591,Southern University of Science and Technology (SUSTech),China,,china,,,,,,,,,,,False,,57.25,32.9,40.8,92.8,60.3,69.3,9.0,1.0,53.0,True,166.0,56.8,29.8,42.9,95.5,77.9,59.0,8.8,1.0,53.0,True,china,CHN,China,People's Republic of China,CN,East Asia & Pacific,Upper middle income,True
U1592,Vrije Universiteit Brussel,Belgium,,belgium,,,,,,,,,,,False,,57.25,37.8,42.6,80.9,92.4,78.5,35.1,23.0,58.0,True,201.0,52.75,36.6,43.6,67.4,60.1,77.3,33.6,23.0,57.0,True,belgium,BEL,Belgium,Kingdom of Belgium,BE,Europe & Central Asia,High income: OECD,True
U1593,University of East Anglia,United Kingdom,,united kingdom,,,,,,,,,,,False,,54.45,31.1,32.0,90.9,51.6,88.7,14.3,21.0,57.0,True,201.0,52.75,27.0,29.7,95.0,37.7,86.4,13.3,25.0,58.0,True,united kingdom,GBR,United Kingdom,United Kingdom of Great Britain and Northern Ireland,GB,Europe & Central Asia,High income: OECD,True
U1594,Heinrich Heine University Düsseldorf,Germany,,germany,,,,,,,,,,,False,,54.45,36.7,34.5,82.3,82.2,66.8,30.1,13.0,58.0,True,251.0,50.0,34.7,32.3,80.1,44.1,59.3,32.8,12.0,58.0,True,germany,DEU,Germany,Federal Republic of Germany,DE,Europe & Central Asia,High income: OECD,True
U1595,Humanitas University,Italy,,italy,,,,,,,,,,,False,,54.45,32.3,27.9,98.0,62.8,67.1,17.9,18.0,59.0,True,201.0,52.75,28.3,28.8,99.7,39.4,62.9,19.0,18.0,59.0,True,italy,ITA,Italy,Italian Republic,IT,Europe & Central Asia,High income: OECD,True
U1596,Johannes Gutenberg University of Mainz,Germany,,germany,,,,,,,,,,,False,,54.45,39.5,32.6,82.3,89.0,66.0,24.1,11.0,59.0,True,251.0,50.0,36.7,28.8,80.5,57.6,58.5,25.5,12.0,59.0,True,germany,DEU,Germany,Federal Republic of Germany,DE,Europe & Central Asia,High income: OECD,True
U1597,Khalifa University,United Arab Emirates,,united arab emirates,,,,,,,,,,,False,,54.45,31.7,35.9,78.4,95.6,97.4,9.3,41.0,58.0,True,351.0,45.95,31.2,37.1,56.2,94.2,92.8,8.8,22.0,58.0,True,united arab emirates,ARE,United Arab Emirates,United Arab Emirates,AE,Middle East & North Africa,High income: nonOECD,True
U1598,King Abdulaziz University,Saudi Arabia,,saudi arabia,,,,,,,,,,,False,,54.45,37.8,28.6,90.7,46.1,75.4,13.9,3.0,50.0,True,101.0,63.0,51.7,36.7,91.9,74.2,93.6,7.8,22.0,54.0,True,saudi arabia,SAU,Saudi Arabia,Kingdom of Saudi Arabia,SA,Middle East & North Africa,High income: nonOECD,True
U1599,University of Konstanz,Germany,,germany,,,,,,,,,,,False,,54.45,39.8,44.4,71.5,97.4,76.4,34.5,11.0,58.0,True,201.0,52.75,42.0,46.4,62.9,62.6,67.9,24.2,12.0,60.0,True,germany,DEU,Germany,Federal Republic of Germany,DE,Europe & Central Asia,High income: OECD,True
U1600,University of Malaya,Malaysia,,malaysia,,,,,,,,,,,False,,54.45,43.4,35.4,72.6,52.5,84.7,10.2,22.0,55.0,True,351.0,45.95,37.4,32.6,61.2,42.7,82.7,9.8,18.0,58.0,True,malaysia,MYS,Malaysia,Malaysia,MY,East Asia & Pacific,Upper middle income,True
U1601,Medical University of Innsbruck,Austria,,austria,,,,,,,,,,,False,,54.45,33.2,29.3,89.6,98.6,88.3,12.9,44.0,55.0,True,201.0,52.75,29.9,30.2,88.8,95.3,88.4,12.9,43.0,54.0,True,austria,AUT,Austria,Republic of Austria,AT,Europe & Central Asia,High income: OECD,True
U1602,Queen’s University,Canada,,canada,,,,,,,,,,,False,,54.45,37.5,38.0,72.3,94.0,76.0,25.9,16.0,58.0,True,251.0,50.0,39.9,38.0,60.9,72.0,72.7,26.2,17.0,59.0,True,canada,CAN,Canada,Canada,CA,North America,High income: OECD,True
U1603,RCSI University of Medicine and Health Sciences,Ireland,,ireland,,,,,,,,,,,False,,54.45,32.3,36.6,81.7,76.9,91.6,23.9,67.0,53.0,True,201.0,52.75,31.4,37.3,76.9,50.7,94.7,24.2,70.0,53.0,True,ireland,IRL,Ireland,Ireland,IE,Europe & Central Asia,High income: OECD,True
U1604,Ruhr University Bochum,Germany,,germany,,,,,,,,,,,False,,54.45,39.8,46.7,72.2,85.9,60.0,46.7,16.0,50.0,True,251.0,50.0,40.4,47.2,57.6,52.3,54.1,48.5,15.0,50.0,True,germany,DEU,Germany,Federal Republic of Germany,DE,Europe & Central Asia,High income: OECD,True
U1605,Semmelweis University,Hungary,,hungary,,,,,,,,,,,False,,54.45,45.2,27.8,76.9,66.4,79.9,12.8,37.0,69.0,True,201.0,52.75,44.7,18.0,87.9,43.3,77.1,12.2,34.0,69.0,True,hungary,HUN,Hungary,Hungary,HU,Europe & Central Asia,Upper middle income,True
U1606,University of Southern Denmark,Denmark,,denmark,,,,,,,,,,,False,,54.45,29.8,33.5,89.1,91.5,76.9,9.9,13.0,52.0,True,251.0,50.0,24.7,32.4,85.3,72.3,78.9,10.2,14.0,53.0,True,denmark,DNK,Denmark,Kingdom of Denmark,DK,Europe & Central Asia,High income: OECD,True
U1607,Stony Brook University,United States,,united states,,,,,,,,,,,False,,54.45,43.6,29.7,81.4,66.5,78.8,10.5,19.0,54.0,True,301.0,47.85,33.8,26.8,76.1,38.1,69.5,10.6,22.0,52.0,True,united states,USA,United States,United States of America,US,North America,High income: OECD,True
U1608,University of Stuttgart,Germany,,germany,,,,,,,,,,,False,,54.45,44.8,49.5,63.1,99.6,58.9,25.3,20.0,34.0,True,301.0,47.85,44.8,48.6,47.5,88.0,53.5,26.5,19.0,34.0,True,germany,DEU,Germany,Federal Republic of Germany,DE,Europe & Central Asia,High income: OECD,True
U1609,Università della Svizzera italiana,Switzerland,,switzerland,,,,,,,,,,,False,,54.45,34.8,26.4,84.0,88.3,98.5,14.0,67.0,46.0,True,201.0,52.75,28.0,23.3,91.4,55.7,99.5,12.5,66.0,47.0,True,switzerland,CHE,Switzerland,Switzerland,CH,Europe & Central Asia,High income: OECD,True
U1610,TU Wien,Austria,,austria,,,,,,,,,,,False,,54.45,43.8,44.1,57.6,96.2,86.7,19.0,31.0,32.0,True,401.0,43.5,40.1,37.4,38.1,62.0,87.6,17.7,31.0,31.0,True,austria,AUT,Austria,Republic of Austria,AT,Europe & Central Asia,High income: OECD,True
U1611,Vita-Salute San Raffaele University,Italy,,italy,,,,,,,,,,,False,,54.45,34.6,26.9,98.3,66.8,49.8,13.9,5.0,62.0,True,201.0,52.75,37.6,27.8,99.7,38.2,45.2,15.1,5.0,61.0,True,italy,ITA,Italy,Italian Republic,IT,Europe & Central Asia,High income: OECD,True
U1612,Xi’an Jiaotong University,China,,china,,,,,,,,,,,False,,54.45,46.9,48.0,70.0,98.3,37.8,14.7,7.0,35.0,True,501.0,40.65,36.4,42.7,47.1,75.0,29.4,14.1,6.0,35.0,True,china,CHN,China,People's Republic of China,CN,East Asia & Pacific,Upper middle income,True
U1613,Beihang University,China,,china,,,,,,,,,,,False,,52.05,42.9,43.5,68.6,94.7,34.5,12.3,4.0,53.0,True,501.0,40.65,32.9,39.6,48.4,90.0,27.1,12.9,4.0,53.0,True,china,CHN,China,People's Republic of China,CN,East Asia & Pacific,Upper middle income,True
U1614,University of Bremen,Germany,,germany,,,,,,,,,,,False,,52.05,39.8,39.0,68.8,67.2,65.0,19.5,13.0,53.0,True,351.0,45.95,36.4,38.6,59.0,48.3,59.7,20.1,14.0,53.0,True,germany,DEU,Germany,Federal Republic of Germany,DE,Europe & Central Asia,High income: OECD,True
U1615,University at Buffalo,United States,,united states,,,,,,,,,,,False,,52.05,39.9,34.1,76.1,74.8,71.4,17.2,12.0,46.0,True,301.0,47.85,38.7,33.7,67.7,47.1,63.7,18.0,15.0,45.0,True,united states,USA,United States,United States of America,US,North America,High income: OECD,True
U1616,"China Medical University, Taiwan",Taiwan,,taiwan,,,,,,,,,,,False,,52.05,27.3,32.8,92.4,89.9,49.7,14.7,7.0,57.0,True,251.0,50.0,24.1,32.0,92.8,93.1,47.6,15.5,9.0,56.0,True,taiwan,,,,,,,False
U1617,Copenhagen Business School,Denmark,,denmark,,,,,,,,,,,False,,52.05,21.1,32.3,92.1,43.8,91.5,27.5,23.0,48.0,True,251.0,50.0,21.5,31.0,90.9,43.9,93.6,27.7,24.0,48.0,True,denmark,DNK,Denmark,Kingdom of Denmark,DK,Europe & Central Asia,High income: OECD,True
U1618,University of Essex,United Kingdom,,united kingdom,,,,,,,,,,,False,,52.05,30.0,31.8,81.0,57.7,97.4,16.0,41.0,54.0,True,301.0,47.85,31.0,32.4,71.0,37.9,96.4,15.3,40.0,54.0,True,united kingdom,GBR,United Kingdom,United Kingdom of Great Britain and Northern Ireland,GB,Europe & Central Asia,High income: OECD,True
U1619,Hebrew University of Jerusalem,Israel,,israel,,,,,,,,,,,False,,52.05,46.4,36.3,68.9,71.0,46.8,8.9,5.0,58.0,True,251.0,50.0,42.1,41.8,65.3,42.8,59.5,11.3,5.0,57.0,True,israel,ISR,Israel,State of Israel,IL,Middle East & North Africa,High income: OECD,True
U1620,University of Innsbruck,Austria,,austria,,,,,,,,,,,False,,52.05,34.4,33.1,70.3,79.6,94.7,23.7,48.0,55.0,True,401.0,43.5,33.9,30.1,55.9,52.5,96.2,22.0,46.0,53.0,True,austria,AUT,Austria,Republic of Austria,AT,Europe & Central Asia,High income: OECD,True
U1621,University of Kiel,Germany,,germany,,,,,,,,,,,False,,52.05,33.3,33.3,81.6,63.0,62.9,23.9,8.0,54.0,True,251.0,50.0,31.5,32.7,84.5,36.9,57.1,22.7,9.0,53.0,True,germany,DEU,Germany,Federal Republic of Germany,DE,Europe & Central Asia,High income: OECD,True
U1622,University of Liège,Belgium,,belgium,,,,,,,,,,,False,,52.05,33.5,38.7,72.7,95.5,73.6,29.2,20.0,58.0,True,351.0,45.95,26.8,38.4,62.2,85.7,72.4,26.8,21.0,58.0,True,belgium,BEL,Belgium,Kingdom of Belgium,BE,Europe & Central Asia,High income: OECD,True
U1623,Montpellier University,France,,france,,,,,,,,,,,False,,52.05,38.3,35.6,74.7,68.1,68.5,20.5,15.0,55.0,True,301.0,47.85,35.2,33.6,72.1,39.9,62.2,20.1,15.0,54.0,True,france,FRA,France,French Republic,FR,Europe & Central Asia,High income: OECD,True
U1624,Oregon Health and Science University,United States,,united states,,,,,,,,,,,False,,52.05,39.1,21.3,91.7,86.8,34.6,0.9,3.0,68.0,True,251.0,50.0,36.4,19.8,99.4,52.0,29.4,1.0,3.0,67.0,True,united states,USA,United States,United States of America,US,North America,High income: OECD,True
U1625,University of Pavia,Italy,,italy,,,,,,,,,,,False,,52.05,37.6,32.3,82.7,80.4,50.4,31.5,9.0,54.0,True,251.0,50.0,38.6,33.7,75.0,46.5,47.2,34.9,10.0,57.0,True,italy,ITA,Italy,Italian Republic,IT,Europe & Central Asia,High income: OECD,True
U1626,University of Rome II – Tor Vergata,Italy,,italy,,,,,,,,,,,False,,52.05,39.9,33.5,74.3,77.5,66.9,24.0,20.0,58.0,True,351.0,45.95,39.7,28.8,63.8,45.8,65.3,30.3,20.0,56.0,True,italy,ITA,Italy,Italian Republic,IT,Europe & Central Asia,High income: OECD,True
U1627,"Royal Holloway, University of London",United Kingdom,,united kingdom,,,,,,,,,,,False,,52.05,31.6,29.3,79.0,63.3,94.6,16.1,31.0,55.0,True,351.0,45.95,28.7,28.4,67.6,39.5,91.6,15.1,35.0,57.0,True,united kingdom,GBR,United Kingdom,United Kingdom of Great Britain and Northern Ireland,GB,Europe & Central Asia,High income: OECD,True
U1628,"St George’s, University of London",United Kingdom,,united kingdom,,,,,,,,,,,False,,52.05,23.5,25.8,93.5,66.8,79.5,13.1,18.0,66.0,True,201.0,52.75,20.4,28.3,99.9,40.5,74.9,13.2,20.0,64.0,True,united kingdom,GBR,United Kingdom,United Kingdom of Great Britain and Northern Ireland,GB,Europe & Central Asia,High income: OECD,True
U1629,Swedish University of Agricultural Sciences,Sweden,,sweden,,,,,,,,,,,False,,52.05,34.7,34.9,78.8,85.4,54.4,4.7,8.0,71.0,True,351.0,45.95,29.9,31.4,71.8,89.2,52.1,4.6,7.0,70.0,True,sweden,SWE,Sweden,Kingdom of Sweden,SE,Europe & Central Asia,High income: OECD,True
U1630,Universiti Teknologi Petronas,Malaysia,,malaysia,,,,,,,,,,,False,,52.05,33.8,37.8,77.7,67.9,77.8,13.1,12.0,37.0,True,401.0,43.5,26.8,33.8,58.9,77.6,76.7,13.6,16.0,38.0,True,malaysia,MYS,Malaysia,Malaysia,MY,East Asia & Pacific,Upper middle income,True
U1631,The University of Tennessee-Knoxville,United States,,united states,,,,,,,,,,,False,,52.05,38.0,31.6,84.5,72.9,56.1,17.0,3.0,53.0,True,301.0,47.85,35.6,28.4,79.0,45.1,46.7,16.7,4.0,53.0,True,united states,USA,United States,United States of America,US,North America,High income: OECD,True
U1632,University of the Witwatersrand,South Africa,,south africa,,,,,,,,,,,False,,52.05,33.0,42.9,72.4,81.3,76.3,24.4,7.0,57.0,True,251.0,50.0,31.5,44.3,67.9,100.0,73.1,23.6,7.0,56.0,True,south africa,ZAF,South Africa,Republic of South Africa,ZA,Sub-Saharan Africa,Upper middle income,True
U1633,Autonomous University of Madrid,Spain,,spain,,,,,,,,,,,False,,50.05,38.7,29.9,76.3,65.4,60.9,13.4,15.0,62.0,True,301.0,47.85,31.3,31.2,80.8,40.0,51.2,13.2,12.0,61.0,True,spain,ESP,Spain,Kingdom of Spain,ES,Europe & Central Asia,High income: OECD,True
U1634,University of Campinas,Brazil,,brazil,,,,,,,,,,,False,,50.05,50.0,45.5,54.0,65.5,40.4,18.9,3.0,46.0,True,401.0,43.5,47.9,46.7,38.4,44.4,34.1,17.8,3.0,46.0,True,brazil,BRA,Brazil,Federative Republic of Brazil,BR,Latin America & Caribbean,Upper middle income,True
U1635,University of Colorado Denver/Anschutz Medical Campus,United States,,united states,,,,,,,,,,,False,,50.05,33.4,23.7,93.7,73.4,36.9,4.5,7.0,58.0,True,301.0,47.85,30.1,20.3,97.0,42.9,31.5,3.8,8.0,57.0,True,united states,USA,United States,United States of America,US,North America,High income: OECD,True
U1636,University of Georgia,United States,,united states,,,,,,,,,,,False,,50.05,41.2,40.5,68.2,69.8,43.9,15.7,6.0,58.0,True,601.0,36.6,39.5,25.8,52.8,39.2,37.6,13.2,7.0,58.0,True,united states,USA,United States,United States of America,US,North America,High income: OECD,True
U1637,Justus Liebig University Giessen,Germany,,germany,,,,,,,,,,,False,,50.05,34.4,38.0,72.5,70.5,62.7,42.4,11.0,64.0,True,401.0,43.5,33.1,37.3,60.2,43.7,51.8,44.6,11.0,63.0,True,germany,DEU,Germany,Federal Republic of Germany,DE,Europe & Central Asia,High income: OECD,True
U1638,University of Milan-Bicocca,Italy,,italy,,,,,,,,,,,False,,50.05,27.8,26.0,91.1,66.7,47.0,29.8,5.0,62.0,True,301.0,47.85,24.9,25.9,93.6,40.8,43.0,29.2,5.0,62.0,True,italy,ITA,Italy,Italian Republic,IT,Europe & Central Asia,High income: OECD,True
U1639,University of Naples Federico II,Italy,,italy,,,,,,,,,,,False,,50.05,36.7,28.3,86.9,72.0,35.4,19.5,2.0,56.0,True,351.0,45.95,34.0,28.3,77.5,42.6,32.3,20.2,2.0,55.0,True,italy,ITA,Italy,Italian Republic,IT,Europe & Central Asia,High income: OECD,True
U1640,Peter the Great St Petersburg Polytechnic University,Russian Federation,,russia,,,,,,,,,,,False,,50.05,43.4,31.3,67.4,61.6,65.2,10.0,33.0,42.0,True,,,,,,,,,,,False,russia,RUS,Russia,Russian Federation,RU,Europe & Central Asia,High income: nonOECD,True
U1641,Sabancı University,Turkey,,turkey,,,,,,,,,,,False,,50.05,31.7,37.9,69.5,90.2,66.6,20.5,11.0,38.0,True,401.0,43.5,25.5,37.7,57.0,73.4,59.7,20.0,10.0,38.0,True,turkey,TUR,Turkey,Republic of Turkey,TR,Europe & Central Asia,Upper middle income,True
U1642,University of St Gallen,Switzerland,,switzerland,,,,,,,,,,,False,,50.05,33.8,21.0,81.4,66.6,93.6,12.9,33.0,36.0,True,301.0,47.85,28.2,20.4,80.0,47.4,95.9,12.2,34.0,35.0,True,switzerland,CHE,Switzerland,Switzerland,CH,Europe & Central Asia,High income: OECD,True
U1643,Southern Medical University,China,,china,,,,,,,,,,,False,,50.05,44.1,36.7,74.8,56.4,30.4,10.7,6.0,53.0,True,401.0,43.5,38.6,37.7,58.0,43.8,25.0,10.7,6.0,53.0,True,china,CHN,China,People's Republic of China,CN,East Asia & Pacific,Upper middle income,True
U1644,Technion Israel Institute of Technology,Israel,,israel,,,,,,,,,,,False,,50.05,37.5,34.0,66.9,68.1,71.8,22.7,13.0,40.0,True,501.0,40.65,33.7,30.9,51.2,38.6,72.0,21.0,12.0,39.0,True,israel,ISR,Israel,State of Israel,IL,Middle East & North Africa,High income: OECD,True
U1645,University of Texas at Dallas,United States,,united states,,,,,,,,,,,False,,50.05,29.5,28.3,84.9,72.3,62.7,21.6,15.0,44.0,True,351.0,45.95,24.8,27.0,81.3,42.7,56.4,21.6,20.0,43.0,True,united states,USA,United States,United States of America,US,North America,High income: OECD,True
U1646,University of Victoria,Canada,,canada,,,,,,,,,,,False,,50.05,27.4,31.2,80.1,63.8,88.9,23.9,21.0,56.0,True,301.0,47.85,24.7,33.7,75.5,45.7,86.8,24.6,21.0,55.0,True,canada,CAN,Canada,Canada,CA,North America,High income: OECD,True
U1647,"Asia University, Taiwan",Taiwan,,taiwan,,,,,,,,,,,False,,47.2,18.3,36.6,80.6,63.2,49.2,29.5,4.0,63.0,True,351.0,45.95,18.2,36.5,76.1,97.2,52.5,30.3,7.0,62.0,True,taiwan,,,,,,,False
U1648,Auckland University of Technology,New Zealand,,new zealand,,,,,,,,,,,False,,47.2,23.8,21.2,84.0,40.8,92.4,17.7,46.0,60.0,True,251.0,50.0,20.8,21.3,97.4,39.4,96.4,17.3,49.0,59.0,True,new zealand,NZL,New Zealand,New Zealand,NZ,East Asia & Pacific,High income: OECD,True
U1649,Universiti Brunei Darussalam,Brunei Darussalam,,brunei darussalam,,,,,,,,,,,False,,47.2,28.5,28.9,76.0,22.9,75.7,11.3,14.0,66.0,True,301.0,47.85,26.0,22.6,83.2,40.1,85.2,10.8,14.0,66.0,True,brunei,BRN,Brunei,Brunei Darussalam,BN,East Asia & Pacific,High income: nonOECD,True
U1650,"University of California, Merced",United States,,united states,,,,,,,,,,,False,,47.2,26.2,23.9,86.8,48.1,55.0,19.6,9.0,51.0,True,301.0,47.85,22.9,23.5,96.0,42.2,47.3,20.1,10.0,52.0,True,united states,USA,United States,United States of America,US,North America,High income: OECD,True
U1651,Campus Bio-Medico University of Rome,Italy,,italy,,,,,,,,,,,False,,47.2,32.6,29.0,76.9,48.8,31.0,18.4,1.0,62.0,True,,,,,,,,,,,False,italy,ITA,Italy,Italian Republic,IT,Europe & Central Asia,High income: OECD,True
U1652,University of Catania,Italy,,italy,,,,,,,,,,,False,,47.2,32.4,22.7,81.2,59.0,34.9,22.2,3.0,57.0,True,401.0,43.5,31.2,21.5,79.7,39.4,31.9,21.2,3.0,58.0,True,italy,ITA,Italy,Italian Republic,IT,Europe & Central Asia,High income: OECD,True
U1653,Centrale Nantes,France,,france,,,,,,,,,,,False,,47.2,40.7,33.4,50.6,81.1,87.8,14.8,39.0,25.0,True,501.0,40.65,31.9,28.7,45.3,81.0,86.3,15.7,43.0,24.0,True,france,FRA,France,French Republic,FR,Europe & Central Asia,High income: OECD,True
U1654,Chung-Ang University,South Korea,,south korea,,,,,,,,,,,False,,47.2,37.4,38.4,52.0,98.3,62.6,22.4,23.0,53.0,True,601.0,36.6,37.3,38.3,29.2,78.6,56.1,22.7,22.0,53.0,True,korea,KOR,Korea,Republic of Korea,KR,East Asia & Pacific,High income: OECD,True
U1655,Claude Bernard University Lyon 1,France,,france,,,,,,,,,,,False,,47.2,40.3,27.1,65.0,71.3,63.7,12.7,14.0,55.0,True,401.0,43.5,36.1,27.2,65.5,41.6,59.0,13.0,14.0,54.0,True,france,FRA,France,French Republic,FR,Europe & Central Asia,High income: OECD,True
U1656,"Colorado State University, Fort Collins",United States,,united states,,,,,,,,,,,False,,47.2,33.4,31.7,74.4,69.4,46.6,16.2,5.0,56.0,True,401.0,43.5,31.7,29.6,72.3,43.0,39.1,17.7,6.0,55.0,True,united states,USA,United States,United States of America,US,North America,High income: OECD,True
U1657,Constructor University,Germany,,germany,,,,,,,,,,,False,,47.2,36.7,35.9,48.9,84.7,93.5,22.1,83.0,42.0,True,,,,,,,,,,,False,germany,DEU,Germany,Federal Republic of Germany,DE,Europe & Central Asia,High income: OECD,True
U1658,École des Ponts ParisTech,France,,france,,,,,,,,,,,False,,47.2,43.9,30.3,55.7,87.2,82.7,8.7,39.0,31.0,True,251.0,50.0,34.4,29.4,79.5,50.1,83.6,10.0,37.0,32.0,True,france,FRA,France,French Republic,FR,Europe & Central Asia,High income: OECD,True
U1659,University of Fribourg,Switzerland,,switzerland,,,,,,,,,,,False,,47.2,36.8,33.2,63.2,54.7,83.1,16.0,15.0,64.0,True,501.0,40.65,29.3,31.3,54.8,49.4,82.5,15.6,14.0,64.0,True,switzerland,CHE,Switzerland,Switzerland,CH,Europe & Central Asia,High income: OECD,True
U1660,University of Greifswald,Germany,,germany,,,,,,,,,,,False,,47.2,35.5,29.9,73.8,60.2,57.1,21.1,8.0,59.0,True,351.0,45.95,31.9,26.9,77.6,42.0,56.7,20.6,8.0,58.0,True,germany,DEU,Germany,Federal Republic of Germany,DE,Europe & Central Asia,High income: OECD,True
U1661,Imam Mohammad Ibn Saud Islamic University,Saudi Arabia,,saudi arabia,,,,,,,,,,,False,,47.2,43.4,23.4,65.8,21.5,69.8,10.5,3.0,39.0,True,351.0,45.95,29.6,17.7,89.6,40.6,65.1,10.8,3.0,39.0,True,saudi arabia,SAU,Saudi Arabia,Kingdom of Saudi Arabia,SA,Middle East & North Africa,High income: nonOECD,True
U1662,IMT Atlantique,France,,france,,,,,,,,,,,False,,47.2,47.5,36.5,43.6,90.5,84.8,9.4,37.0,25.0,True,351.0,45.95,37.3,35.8,50.1,90.6,77.2,7.7,33.0,25.0,True,france,FRA,France,French Republic,FR,Europe & Central Asia,High income: OECD,True
U1663,Institut Agro,France,,france,,,,,,,,,,,False,,47.2,43.8,32.6,60.2,59.6,60.3,10.8,13.0,60.0,True,401.0,43.5,35.4,30.5,59.1,46.7,59.4,11.5,16.0,65.0,True,france,FRA,France,French Republic,FR,Europe & Central Asia,High income: OECD,True
U1664,Johannes Kepler University of Linz,Austria,,austria,,,,,,,,,,,False,,47.2,36.8,35.4,58.2,98.7,71.7,20.8,16.0,50.0,True,501.0,40.65,32.5,32.9,42.3,73.1,70.4,22.5,13.0,50.0,True,austria,AUT,Austria,Republic of Austria,AT,Europe & Central Asia,High income: OECD,True
U1665,Universiti Kebangsaan Malaysia,Malaysia,,malaysia,,,,,,,,,,,False,,47.2,45.7,27.8,58.7,47.4,74.9,10.1,18.0,57.0,True,601.0,36.6,37.6,23.9,47.1,40.1,65.7,10.1,14.0,58.0,True,malaysia,MYS,Malaysia,Malaysia,MY,East Asia & Pacific,Upper middle income,True
U1666,University of Marburg,Germany,,germany,,,,,,,,,,,False,,47.2,36.7,31.4,68.8,63.1,62.3,32.7,14.0,56.0,True,401.0,43.5,36.0,30.1,64.1,36.9,53.9,31.2,12.0,56.0,True,germany,DEU,Germany,Federal Republic of Germany,DE,Europe & Central Asia,High income: OECD,True
U1667,Mizzou - University of Missouri,United States,,united states,,,,,,,,,,,False,,47.2,40.6,26.0,66.0,69.9,53.6,12.3,3.0,55.0,True,601.0,36.6,34.8,25.3,52.1,40.2,44.7,11.8,4.0,55.0,True,united states,USA,United States,United States of America,US,North America,High income: OECD,True
U1668,National Research Nuclear University MEPhI,Russian Federation,,russia,,,,,,,,,,,False,,47.2,53.1,41.0,42.4,57.5,78.8,9.2,28.0,39.0,True,,,,,,,,,,,False,russia,RUS,Russia,Russian Federation,RU,Europe & Central Asia,High income: nonOECD,True
U1669,University of Nebraska-Lincoln,United States,,united states,,,,,,,,,,,False,,47.2,33.8,31.1,71.5,67.0,65.9,16.6,9.0,49.0,True,401.0,43.5,34.0,31.0,60.5,39.6,56.1,16.8,10.0,49.0,True,united states,USA,United States,United States of America,US,North America,High income: OECD,True
U1670,University of Neuchâtel,Switzerland,,switzerland,,,,,,,,,,,False,,47.2,31.8,26.4,67.2,53.5,85.9,11.8,21.0,61.0,True,501.0,40.65,26.2,25.2,58.3,39.5,88.7,11.1,21.0,61.0,True,switzerland,CHE,Switzerland,Switzerland,CH,Europe & Central Asia,High income: OECD,True
U1671,New Jersey Institute of Technology,United States,,united states,,,,,,,,,,,False,,47.2,27.4,23.5,69.2,69.8,93.6,14.5,24.0,27.0,True,601.0,36.6,20.5,20.6,60.6,40.1,85.2,14.6,24.0,27.0,True,united states,USA,United States,United States of America,US,North America,High income: OECD,True
U1672,University of Passau,Germany,,germany,,,,,,,,,,,False,,47.2,31.5,36.5,66.5,62.2,58.2,58.2,13.0,60.0,True,401.0,43.5,35.6,38.1,54.5,43.0,53.6,69.2,12.0,61.0,True,germany,DEU,Germany,Federal Republic of Germany,DE,Europe & Central Asia,High income: OECD,True
U1673,Polytechnic University of Turin,Italy,,italy,,,,,,,,,,,False,,47.2,29.7,30.2,73.5,85.8,53.2,31.9,15.0,30.0,True,601.0,36.6,23.9,26.7,58.4,55.7,48.7,30.4,14.0,30.0,True,italy,ITA,Italy,Italian Republic,IT,Europe & Central Asia,High income: OECD,True
U1674,Pontificia Universidad Católica de Chile,Chile,,chile,,,,,,,,,,,False,,47.2,29.7,34.3,67.6,84.7,57.9,15.0,3.0,53.0,True,401.0,43.5,24.2,31.9,66.2,70.3,56.2,16.0,4.0,53.0,True,chile,CHL,Chile,Republic of Chile,CL,Latin America & Caribbean,High income: OECD,True
U1675,Prince Sultan University (PSU),Saudi Arabia,,saudi arabia,,,,,,,,,,,False,,47.2,18.4,20.5,87.0,37.8,85.8,17.4,11.0,56.0,True,,,,,,,,19.4,15.0,56.0,True,saudi arabia,SAU,Saudi Arabia,Kingdom of Saudi Arabia,SA,Middle East & North Africa,High income: nonOECD,True
U1676,Royal Veterinary College,United Kingdom,,united kingdom,,,,,,,,,,,False,,47.2,30.0,20.7,75.6,61.1,95.1,10.3,32.0,80.0,True,351.0,45.95,24.4,20.1,79.6,46.6,93.4,10.5,30.0,80.0,True,united kingdom,GBR,United Kingdom,United Kingdom of Great Britain and Northern Ireland,GB,Europe & Central Asia,High income: OECD,True
U1677,Universiti Sains Malaysia,Malaysia,,malaysia,,,,,,,,,,,False,,47.2,42.9,27.8,60.0,53.7,71.9,12.1,28.0,63.0,True,601.0,36.6,36.1,25.3,43.2,44.8,60.6,11.6,17.0,64.0,True,malaysia,MYS,Malaysia,Malaysia,MY,East Asia & Pacific,Upper middle income,True
U1678,Saint Louis University,United States,,united states,,,,,,,,,,,False,,47.2,41.1,16.3,80.9,60.6,42.0,7.3,6.0,61.0,True,301.0,47.85,39.6,15.8,89.4,39.8,34.7,7.4,7.0,60.0,True,united states,USA,United States,United States of America,US,North America,High income: OECD,True
U1679,University of South Carolina-Columbia,United States,,united states,,,,,,,,,,,False,,47.2,35.9,24.6,75.1,63.4,59.2,16.9,5.0,56.0,True,501.0,40.65,35.0,24.0,65.5,37.6,45.9,15.6,5.0,55.0,True,united states,USA,United States,United States of America,US,North America,High income: OECD,True
U1680,Taipei Medical University,Taiwan,,taiwan,,,,,,,,,,,False,,47.2,47.4,32.6,60.9,85.1,48.5,8.9,10.0,59.0,True,301.0,47.85,44.4,32.2,63.1,93.1,45.8,9.1,10.0,58.0,True,taiwan,,,,,,,False
U1681,University of Toulouse,France,,france,,,,,,,,,,,False,,47.2,29.4,30.2,65.7,70.2,72.6,22.9,15.0,56.0,True,,,,,,,,,,,False,france,FRA,France,French Republic,FR,Europe & Central Asia,High income: OECD,True
U1682,Umeå University,Sweden,,sweden,,,,,,,,,,,False,,47.2,26.0,33.5,80.2,60.6,64.9,13.8,12.0,61.0,True,401.0,43.5,21.9,29.6,78.4,38.5,64.5,12.6,11.0,61.0,True,sweden,SWE,Sweden,Kingdom of Sweden,SE,Europe & Central Asia,High income: OECD,True
U1683,Universiti Utara Malaysia,Malaysia,,malaysia,,,,,,,,,,,False,,47.2,38.4,27.6,69.7,28.1,78.7,11.5,30.0,73.0,True,401.0,43.5,33.4,25.7,60.2,41.2,74.8,11.6,30.0,79.0,True,malaysia,MYS,Malaysia,Malaysia,MY,East Asia & Pacific,Upper middle income,True
U1684,University of Vaasa,Finland,,finland,,,,,,,,,,,False,,47.2,22.0,27.7,90.3,39.5,65.3,18.8,4.0,53.0,True,351.0,45.95,19.6,25.5,88.0,38.5,66.2,20.0,4.0,53.0,True,finland,FIN,Finland,Republic of Finland,FI,Europe & Central Asia,High income: OECD,True
U1685,Åbo Akademi University,Finland,,finland,,,,,,,,,,,False,,43.6,29.5,31.6,59.3,67.1,68.1,18.2,13.0,60.0,True,601.0,36.6,22.0,31.2,44.4,40.0,65.0,17.6,10.0,53.0,True,finland,FIN,Finland,Republic of Finland,FI,Europe & Central Asia,High income: OECD,True
U1686,American University of Beirut,Lebanon,,lebanon,,,,,,,,,,,False,,43.6,29.7,17.9,73.5,66.0,72.9,8.7,20.0,49.0,True,351.0,45.95,24.7,14.8,89.6,43.0,78.7,8.7,22.0,51.0,True,lebanon,LBN,Lebanon,Lebanese Republic,LB,Middle East & North Africa,Upper middle income,True
U1687,Anglia Ruskin University (ARU),United Kingdom,,united kingdom,,,,,,,,,,,False,,43.6,20.2,16.3,84.8,19.0,94.2,24.1,41.0,61.0,True,301.0,47.85,18.2,16.3,99.0,37.2,91.1,27.8,46.0,64.0,True,united kingdom,GBR,United Kingdom,United Kingdom of Great Britain and Northern Ireland,GB,Europe & Central Asia,High income: OECD,True
U1688,University of L’Aquila,Italy,,italy,,,,,,,,,,,False,,43.6,32.1,22.8,73.2,70.9,36.4,31.7,5.0,55.0,True,501.0,40.65,33.0,24.3,69.2,54.8,34.6,40.2,4.0,56.0,True,italy,ITA,Italy,Italian Republic,IT,Europe & Central Asia,High income: OECD,True
U1689,Babol Noshirvani University of Technology,Iran,,iran,,,,,,,,,,,False,,43.6,21.5,21.5,94.4,28.4,25.3,26.7,0.0,34.0,True,401.0,43.5,20.3,20.9,98.4,38.5,22.9,28.7,0.0,33.0,True,iran,IRN,Iran,Islamic Republic of Iran,IR,Middle East & North Africa,Upper middle income,True
U1690,Brighton and Sussex Medical School,United Kingdom,,united kingdom,,,,,,,,,,,False,,43.6,26.6,22.0,74.4,37.8,93.1,0.3,26.0,60.0,True,251.0,50.0,15.7,25.4,99.8,36.9,81.1,20.3,17.0,60.0,True,united kingdom,GBR,United Kingdom,United Kingdom of Great Britain and Northern Ireland,GB,Europe & Central Asia,High income: OECD,True
U1691,Ca’ Foscari University of Venice,Italy,,italy,,,,,,,,,,,False,,43.6,34.2,36.3,52.8,64.7,63.0,29.5,7.0,66.0,True,601.0,36.6,34.4,32.3,34.3,44.6,60.8,38.3,10.0,64.0,True,italy,ITA,Italy,Italian Republic,IT,Europe & Central Asia,High income: OECD,True
U1692,University of Canterbury,New Zealand,,new zealand,,,,,,,,,,,False,,43.6,28.6,30.9,62.4,68.2,85.1,22.0,18.0,52.0,True,601.0,36.6,25.2,27.5,45.3,39.7,92.0,18.4,22.0,51.0,True,new zealand,NZL,New Zealand,New Zealand,NZ,East Asia & Pacific,High income: OECD,True
U1693,Central Queensland University,Australia,,australia,,,,,,,,,,,False,,43.6,19.7,26.7,76.0,39.5,65.3,25.6,11.0,65.0,True,601.0,36.6,19.4,19.6,66.5,40.3,61.7,20.7,26.0,58.0,True,australia,AUS,Australia,Commonwealth of Australia,AU,East Asia & Pacific,High income: OECD,True
U1694,"China University of Petroleum, Beijing",China,,china,,,,,,,,,,,False,,43.6,31.6,37.5,56.6,81.8,30.1,18.6,7.0,53.0,True,801.0,31.85,24.4,25.2,38.4,94.6,22.4,17.4,4.0,53.0,True,china,CHN,China,People's Republic of China,CN,East Asia & Pacific,Upper middle income,True
U1695,University of Côte d’Azur,France,,france,,,,,,,,,,,False,,43.6,28.4,22.0,65.6,62.4,80.6,20.5,20.0,56.0,True,501.0,40.65,24.9,21.1,69.9,37.6,74.0,20.2,20.0,56.0,True,france,FRA,France,French Republic,FR,Europe & Central Asia,High income: OECD,True
U1696,University of Cyprus,Cyprus,,cyprus,,,,,,,,,,,False,,43.6,22.5,25.8,75.3,64.3,77.7,20.0,14.0,61.0,True,401.0,43.5,26.0,23.1,67.0,55.5,83.4,20.1,13.0,60.0,True,cyprus,CYP,Cyprus,Republic of Cyprus,CY,Europe & Central Asia,High income: nonOECD,True
U1697,ENSTA Bretagne,France,,france,,,,,,,,,,,False,,43.6,39.4,28.6,48.1,75.5,68.9,8.6,18.0,26.0,True,601.0,36.6,26.3,23.3,48.7,64.7,49.5,8.1,5.0,24.0,True,france,FRA,France,French Republic,FR,Europe & Central Asia,High income: OECD,True
U1698,University of Ferrara,Italy,,italy,,,,,,,,,,,False,,43.6,29.6,24.9,74.3,66.9,44.7,34.8,5.0,62.0,True,401.0,43.5,31.4,24.7,70.6,43.0,42.4,32.6,5.0,61.0,True,italy,ITA,Italy,Italian Republic,IT,Europe & Central Asia,High income: OECD,True
U1699,University of Graz,Austria,,austria,,,,,,,,,,,False,,43.6,29.2,21.8,66.9,51.2,81.3,12.6,17.0,66.0,True,601.0,36.6,25.2,19.3,59.3,38.2,81.7,12.4,17.0,66.0,True,austria,AUT,Austria,Republic of Austria,AT,Europe & Central Asia,High income: OECD,True
U1700,Hamburg University of Technology,Germany,,germany,,,,,,,,,,,False,,43.6,37.6,24.5,53.0,79.5,61.4,26.4,23.0,29.0,True,601.0,36.6,36.1,23.9,42.5,88.1,56.9,28.9,23.0,28.0,True,germany,DEU,Germany,Federal Republic of Germany,DE,Europe & Central Asia,High income: OECD,True
U1701,Jinan University,China,,china,,,,,,,,,,,False,,43.6,25.9,22.8,73.5,43.6,63.1,15.0,30.0,60.0,True,601.0,36.6,21.6,20.2,57.1,45.0,52.9,16.6,27.0,56.0,True,china,CHN,China,People's Republic of China,CN,East Asia & Pacific,Upper middle income,True
U1702,Leuphana University of Lüneburg,Germany,,germany,,,,,,,,,,,False,,43.6,25.5,22.9,85.3,25.8,59.8,22.5,7.0,62.0,True,351.0,45.95,25.2,22.1,90.0,38.9,54.3,26.1,7.0,62.0,True,germany,DEU,Germany,Federal Republic of Germany,DE,Europe & Central Asia,High income: OECD,True
U1703,Mahatma Gandhi University,India,,india,,,,,,,,,,,False,,43.6,38.8,38.1,62.3,23.2,28.1,20.5,2.0,60.0,True,401.0,43.5,42.5,31.5,58.1,37.9,21.9,14.6,2.0,61.0,True,india,IND,India,Republic of India,IN,South Asia,Lower middle income,True
U1704,Manchester Metropolitan University,United Kingdom,,united kingdom,,,,,,,,,,,False,,43.6,20.5,18.5,77.4,57.7,80.6,17.4,19.0,58.0,True,601.0,36.6,19.1,17.4,69.1,37.4,73.8,15.9,19.0,58.0,True,united kingdom,GBR,United Kingdom,United Kingdom of Great Britain and Northern Ireland,GB,Europe & Central Asia,High income: OECD,True
U1705,University of Messina,Italy,,italy,,,,,,,,,,,False,,43.6,30.5,25.3,79.1,59.5,34.1,21.1,3.0,63.0,True,501.0,40.65,31.7,23.6,72.1,38.6,32.1,24.2,3.0,63.0,True,italy,ITA,Italy,Italian Republic,IT,Europe & Central Asia,High income: OECD,True
U1706,Nantes Université,France,,france,,,,,,,,,,,False,,43.6,29.2,25.2,67.2,64.1,55.0,24.5,9.0,56.0,True,601.0,36.6,27.3,24.4,62.0,42.0,51.9,24.0,11.0,55.0,True,france,FRA,France,French Republic,FR,Europe & Central Asia,High income: OECD,True
U1707,National Yunlin University of Science and Technology,Taiwan,,taiwan,,,,,,,,,,,False,,43.6,20.5,27.3,74.6,69.1,43.2,21.5,6.0,43.0,True,601.0,36.6,19.6,27.1,57.1,93.3,34.3,21.8,6.0,43.0,True,taiwan,,,,,,,False
U1708,Nazarbayev University,Kazakhstan,,kazakhstan,,,,,,,,,,,False,,43.6,25.4,29.5,65.9,40.4,74.3,13.9,3.0,52.0,True,,,,,,,,,,,False,kazakhstan,KAZ,Kazakhstan,Republic of Kazakhstan,KZ,Europe & Central Asia,Upper middle income,True
U1709,University of Nebraska Medical Center,United States,,united states,,,,,,,,,,,False,,43.6,36.9,16.4,77.8,66.1,41.3,2.0,7.0,71.0,True,401.0,43.5,34.9,12.6,83.2,40.2,46.3,2.0,9.0,69.0,True,united states,USA,United States,United States of America,US,North America,High income: OECD,True
U1710,University of Nicosia,Cyprus,,cyprus,,,,,,,,,,,False,,43.6,22.6,21.0,76.1,26.3,91.2,13.0,54.0,53.0,True,501.0,40.65,19.6,16.6,75.7,37.4,94.8,11.3,54.0,53.0,True,cyprus,CYP,Cyprus,Republic of Cyprus,CY,Europe & Central Asia,High income: nonOECD,True
U1711,Northumbria University,United Kingdom,,united kingdom,,,,,,,,,,,False,,43.6,21.5,22.7,75.8,40.4,90.0,16.1,22.0,54.0,True,501.0,40.65,20.5,22.4,71.5,37.5,81.6,16.2,22.0,54.0,True,united kingdom,GBR,United Kingdom,United Kingdom of Great Britain and Northern Ireland,GB,Europe & Central Asia,High income: OECD,True
U1712,NOVA University of Lisbon,Portugal,,portugal,,,,,,,,,,,False,,43.6,29.5,33.7,61.5,71.5,62.0,17.8,20.0,51.0,True,601.0,36.6,23.7,31.1,42.4,54.5,64.2,17.8,23.0,51.0,True,portugal,PRT,Portugal,Portuguese Republic,PT,Europe & Central Asia,High income: OECD,True
U1713,Polytechnic University of Bari,Italy,,italy,,,,,,,,,,,False,,43.6,23.0,27.6,76.9,59.9,42.5,43.0,1.0,29.0,True,601.0,36.6,18.5,23.1,73.3,57.9,35.0,43.1,1.0,30.0,True,italy,ITA,Italy,Italian Republic,IT,Europe & Central Asia,High income: OECD,True
U1714,Universiti Putra Malaysia,Malaysia,,malaysia,,,,,,,,,,,False,,43.6,36.0,30.5,51.2,64.9,80.7,11.3,27.0,65.0,True,601.0,36.6,38.5,28.2,28.8,74.3,79.4,11.1,26.0,59.0,True,malaysia,MYS,Malaysia,Malaysia,MY,East Asia & Pacific,Upper middle income,True
U1715,Rovira i Virgili University,Spain,,spain,,,,,,,,,,,False,,43.6,27.4,24.3,68.1,49.7,58.9,13.3,13.0,60.0,True,601.0,36.6,21.9,22.3,61.5,40.5,55.2,12.6,13.0,60.0,True,spain,ESP,Spain,Kingdom of Spain,ES,Europe & Central Asia,High income: OECD,True
U1716,Rush University,United States,,united states,,,,,,,,,,,False,,43.6,41.3,14.2,78.0,56.0,28.9,2.1,1.0,76.0,True,351.0,45.95,40.9,15.3,90.1,44.1,22.1,2.1,1.0,76.0,True,united states,USA,United States,United States of America,US,North America,High income: OECD,True
U1717,Shiraz University of Technology,Iran,,iran,,,,,,,,,,,False,,43.6,37.0,22.8,77.7,32.6,33.7,12.9,0.0,39.0,True,501.0,40.65,28.4,22.8,78.0,42.1,29.4,13.8,0.0,37.0,True,iran,IRN,Iran,Islamic Republic of Iran,IR,Middle East & North Africa,Upper middle income,True
U1718,"Soochow University, China",China,,china,,,,,,,,,,,False,,43.6,27.7,24.3,79.8,75.6,30.6,15.8,3.0,52.0,True,601.0,36.6,23.0,21.4,64.5,59.9,25.9,15.5,5.0,54.0,True,china,CHN,China,People's Republic of China,CN,East Asia & Pacific,Upper middle income,True
U1719,Tabriz University of Medical Sciences,Iran,,iran,,,,,,,,,,,False,,43.6,43.0,15.1,73.1,29.9,30.2,9.3,2.0,54.0,True,,36.6,42.4,13.9,58.4,37.1,25.7,16.6,5.0,53.0,True,iran,IRN,Iran,Islamic Republic of Iran,IR,Middle East & North Africa,Upper middle income,True
U1720,Taif University,Saudi Arabia,,saudi arabia,,,,,,,,,,,False,,43.6,18.3,17.8,84.1,20.9,75.6,19.4,3.0,55.0,True,,36.6,16.9,12.4,75.3,38.8,72.0,16.6,5.0,53.0,True,saudi arabia,SAU,Saudi Arabia,Kingdom of Saudi Arabia,SA,Middle East & North Africa,High income: nonOECD,True
U1721,The University of Texas at San Antonio,United States,,united states,,,,,,,,,,,False,,43.6,21.0,22.5,79.2,63.6,42.8,26.4,3.0,52.0,True,,36.6,21.2,21.5,69.0,39.0,38.0,16.6,5.0,53.0,True,united states,USA,United States,United States of America,US,North America,High income: OECD,True
U1722,TU Braunschweig,Germany,,germany,,,,,,,,,,,False,,43.6,34.5,24.0,61.5,77.0,60.6,19.6,18.0,41.0,True,,36.6,26.4,15.4,53.8,42.8,58.4,16.6,5.0,53.0,True,germany,DEU,Germany,Federal Republic of Germany,DE,Europe & Central Asia,High income: OECD,True
U1723,The University of Tulsa,United States,,united states,,,,,,,,,,,False,,43.6,36.1,17.2,71.9,52.9,44.6,10.8,9.0,49.0,True,401.0,43.5,37.8,17.1,75.6,48.0,36.4,12.0,10.0,48.0,True,united states,USA,United States,United States of America,US,North America,High income: OECD,True
U1724,UiT The Arctic University of Norway,Norway,,norway,,,,,,,,,,,False,,43.6,27.7,22.1,68.8,54.0,65.6,10.6,8.0,57.0,True,501.0,40.65,22.8,20.8,75.3,39.0,68.6,10.1,10.0,58.0,True,norway,NOR,Norway,Kingdom of Norway,NO,Europe & Central Asia,High income: OECD,True
U1725,University of Valencia,Spain,,spain,,,,,,,,,,,False,,43.6,28.9,25.6,75.7,58.2,49.2,13.7,9.0,60.0,True,501.0,40.65,23.0,23.8,71.3,39.0,49.9,14.3,14.0,58.0,True,spain,ESP,Spain,Kingdom of Spain,ES,Europe & Central Asia,High income: OECD,True
U1726,University of Wuppertal,Germany,,germany,,,,,,,,,,,False,,43.6,29.8,29.8,67.3,64.6,55.0,35.4,10.0,54.0,True,,36.6,26.4,26.7,52.8,52.1,47.6,16.6,5.0,53.0,True,germany,DEU,Germany,Federal Republic of Germany,DE,Europe & Central Asia,High income: OECD,True
U1727,Yangzhou University,China,,china,,,,,,,,,,,False,,43.6,32.8,24.6,64.9,66.7,54.0,12.5,13.0,63.0,True,801.0,31.85,23.9,18.4,51.6,71.9,38.6,13.3,11.0,58.0,True,china,CHN,China,People's Republic of China,CN,East Asia & Pacific,Upper middle income,True
U1728,Abdul Wali Khan University Mardan,Pakistan,,pakistan,,,,,,,,,,,False,,39.4,18.4,12.6,80.4,21.8,49.0,22.8,0.0,26.0,True,601.0,36.6,15.0,12.0,88.0,36.9,46.4,20.9,0.0,32.0,True,pakistan,PAK,Pakistan,Islamic Republic of Pakistan,PK,South Asia,Lower middle income,True
U1729,Air University,Pakistan,,pakistan,,,,,,,,,,,False,,39.4,24.2,12.5,81.5,39.5,48.7,12.8,0.0,34.0,True,,,,,,,,15.2,0.0,32.0,True,pakistan,PAK,Pakistan,Islamic Republic of Pakistan,PK,South Asia,Lower middle income,True
U1730,The University of Aizu,Japan,,japan,,,,,,,,,,,False,,39.4,26.6,13.8,58.6,63.7,82.6,11.5,12.0,11.0,True,801.0,31.85,21.9,13.0,50.8,40.0,74.6,12.1,9.0,11.0,True,japan,JPN,Japan,Japan,JP,East Asia & Pacific,High income: OECD,True
U1731,Alagappa University,India,,india,,,,,,,,,,,False,,39.4,34.8,12.8,64.8,23.2,44.4,15.8,0.0,62.0,True,401.0,43.5,34.6,11.0,82.8,37.2,35.1,15.7,0.0,63.0,True,india,IND,India,Republic of India,IN,South Asia,Lower middle income,True
U1732,Amedeo Avogadro University of Eastern Piedmont,Italy,,italy,,,,,,,,,,,False,,39.4,12.7,23.5,71.3,47.1,48.2,40.8,7.0,61.0,True,601.0,36.6,13.9,22.2,64.5,37.5,41.6,37.1,7.0,61.0,True,italy,ITA,Italy,Italian Republic,IT,Europe & Central Asia,High income: OECD,True
U1733,University of Arkansas,United States,,united states,,,,,,,,,,,False,,39.4,27.4,30.5,62.6,67.3,36.2,18.6,4.0,55.0,True,601.0,36.6,29.1,27.6,48.5,39.5,30.6,19.4,4.0,54.0,True,united states,USA,United States,United States of America,US,North America,High income: OECD,True
U1734,Babol University of Medical Sciences,Iran,,iran,,,,,,,,,,,False,,39.4,41.7,12.0,70.5,18.0,21.0,11.7,0.0,57.0,True,401.0,43.5,32.3,10.6,97.3,37.3,18.4,11.8,0.0,58.0,True,iran,IRN,Iran,Islamic Republic of Iran,IR,Middle East & North Africa,Upper middle income,True
U1735,University of Bari Aldo Moro,Italy,,italy,,,,,,,,,,,False,,39.4,19.8,21.8,78.3,57.8,37.5,20.0,2.0,62.0,True,601.0,36.6,16.6,22.8,72.5,38.9,33.6,21.6,2.0,62.0,True,italy,ITA,Italy,Italian Republic,IT,Europe & Central Asia,High income: OECD,True
U1736,University of Beira Interior,Portugal,,portugal,,,,,,,,,,,False,,39.4,20.1,22.2,65.4,36.7,52.3,17.4,18.0,52.0,True,801.0,31.85,17.8,20.9,50.6,38.4,58.1,17.0,22.0,53.0,True,portugal,PRT,Portugal,Portuguese Republic,PT,Europe & Central Asia,High income: OECD,True
U1737,Bharathiar University,India,,india,,,,,,,,,,,False,,39.4,36.7,32.6,48.0,34.6,31.1,18.2,0.0,62.0,True,801.0,31.85,36.6,27.6,30.4,37.5,23.7,18.8,0.0,63.0,True,india,IND,India,Republic of India,IN,South Asia,Lower middle income,True
U1738,Boğaziçi University,Turkey,,turkey,,,,,,,,,,,False,,39.4,26.1,26.6,57.4,59.6,50.6,23.5,2.0,45.0,True,801.0,31.85,24.4,24.6,39.8,54.1,41.8,22.3,3.0,45.0,True,turkey,TUR,Turkey,Republic of Turkey,TR,Europe & Central Asia,Upper middle income,True
U1739,University of Campania Luigi Vanvitelli,Italy,,italy,,,,,,,,,,,False,,39.4,25.6,9.6,79.0,47.7,31.6,28.9,2.0,45.0,True,601.0,36.6,23.3,8.6,78.0,37.8,28.9,35.1,2.0,37.0,True,italy,ITA,Italy,Italian Republic,IT,Europe & Central Asia,High income: OECD,True
U1740,Cankaya University,Turkey,,turkey,,,,,,,,,,,False,,39.4,14.0,15.4,83.4,17.0,51.0,24.0,1.0,44.0,True,401.0,43.5,15.5,13.2,100.0,37.7,46.7,25.4,1.0,46.0,True,turkey,TUR,Turkey,Republic of Turkey,TR,Europe & Central Asia,Upper middle income,True
U1741,University of Cape Coast,Ghana,,ghana,,,,,,,,,,,False,,39.4,16.5,23.8,71.0,44.6,46.9,38.6,0.0,33.0,True,351.0,45.95,17.4,20.7,99.1,63.4,44.7,35.5,0.0,33.0,True,ghana,GHA,Ghana,Republic of Ghana,GH,Sub-Saharan Africa,Lower middle income,True
U1742,Capital Medical University,China,,china,,,,,,,,,,,False,,39.4,35.9,20.9,65.8,46.0,26.4,4.9,5.0,64.0,True,601.0,36.6,30.4,18.3,65.8,37.3,22.8,4.9,5.0,62.0,True,china,CHN,China,People's Republic of China,CN,East Asia & Pacific,Upper middle income,True
U1743,Capital University of Science and Technology,Pakistan,,pakistan,,,,,,,,,,,False,,39.4,13.4,16.1,82.0,22.2,46.6,28.0,0.0,36.0,True,,,,,,,,,,,False,pakistan,PAK,Pakistan,Islamic Republic of Pakistan,PK,South Asia,Lower middle income,True
U1744,The Catholic University of America,United States,,united states,,,,,,,,,,,False,,39.4,44.4,20.0,45.6,68.7,51.7,11.2,6.0,55.0,True,,,,,,,,,,,False,united states,USA,United States,United States of America,US,North America,High income: OECD,True
U1745,University of Córdoba,Spain,,spain,,,,,,,,,,,False,,39.4,27.0,19.9,62.6,41.9,52.3,12.9,11.0,57.0,True,601.0,36.6,22.7,21.2,56.0,39.4,47.5,13.5,10.0,56.0,True,spain,ESP,Spain,Kingdom of Spain,ES,Europe & Central Asia,High income: OECD,True
U1746,Cyprus University of Technology,Cyprus,,cyprus,,,,,,,,,,,False,,39.4,29.4,19.1,63.3,21.9,71.2,15.3,14.0,57.0,True,601.0,36.6,23.7,16.7,53.9,38.9,78.6,16.9,14.0,56.0,True,cyprus,CYP,Cyprus,Republic of Cyprus,CY,Europe & Central Asia,High income: nonOECD,True
U1747,École Centrale de Lyon,France,,france,,,,,,,,,,,False,,39.4,36.0,25.7,32.6,82.5,79.2,16.4,24.0,27.0,True,1001.0,27.05,29.7,22.3,20.8,50.3,73.1,14.3,26.0,24.0,True,france,FRA,France,French Republic,FR,Europe & Central Asia,High income: OECD,True
U1748,École des Mines de Saint-Étienne,France,,france,,,,,,,,,,,False,,39.4,44.3,31.4,34.5,77.3,70.6,9.8,24.0,27.0,True,501.0,40.65,32.3,30.8,51.6,76.1,70.9,9.9,25.0,28.0,True,france,FRA,France,French Republic,FR,Europe & Central Asia,High income: OECD,True
U1749,École Nationale des Travaux Publics de l'État (ENTPE),France,,france,,,,,,,,,,,False,,39.4,32.1,37.0,31.3,80.8,67.7,14.8,14.0,42.0,True,801.0,31.85,31.3,34.7,24.9,77.2,62.1,15.3,13.0,42.0,True,france,FRA,France,French Republic,FR,Europe & Central Asia,High income: OECD,True
U1750,Egypt-Japan University of Science and Technology (E-JUST),Egypt,,egypt,,,,,,,,,,,False,,39.4,34.2,27.6,62.4,27.7,51.5,18.4,3.0,32.0,True,,,,,,,,6.7,3.0,33.0,True,egypt,EGY,Egypt,Arab Republic of Egypt,EG,Middle East & North Africa,Lower middle income,True
U1751,"University of Engineering and Technology, Taxila",Pakistan,,pakistan,,,,,,,,,,,False,,39.4,16.4,12.8,82.6,17.1,48.5,19.4,2.0,17.0,True,601.0,36.6,15.1,12.5,88.9,37.2,42.7,19.3,2.0,18.0,True,pakistan,PAK,Pakistan,Islamic Republic of Pakistan,PK,South Asia,Lower middle income,True
U1752,Universidade Estadual Paulista (Unesp),Brazil,,brazil,,,,,,,,,,,False,,39.4,41.5,33.1,38.1,40.5,38.6,12.8,4.0,54.0,True,1001.0,27.05,33.6,28.8,16.3,41.6,30.3,15.6,3.0,51.0,True,brazil,BRA,Brazil,Federative Republic of Brazil,BR,Latin America & Caribbean,Upper middle income,True
U1753,Federal University of Rio de Janeiro,Brazil,,brazil,,,,,,,,,,,False,,39.4,41.8,36.0,36.7,81.0,35.9,13.5,1.0,55.0,True,1001.0,27.05,38.7,25.3,21.3,66.5,30.3,11.4,1.0,55.0,True,brazil,BRA,Brazil,Federative Republic of Brazil,BR,Latin America & Caribbean,Upper middle income,True
U1754,Federation University Australia,Australia,,australia,,,,,,,,,,,False,,39.4,20.9,17.2,71.3,41.7,85.8,16.8,38.0,70.0,True,601.0,36.6,18.6,15.8,70.5,41.1,81.2,22.2,52.0,55.0,True,australia,AUS,Australia,Commonwealth of Australia,AU,East Asia & Pacific,High income: OECD,True
U1755,University of Foggia,Italy,,italy,,,,,,,,,,,False,,39.4,24.3,24.7,65.5,30.6,30.3,33.2,1.0,63.0,True,801.0,31.85,17.9,21.3,55.7,38.8,26.3,31.8,1.0,63.0,True,italy,ITA,Italy,Italian Republic,IT,Europe & Central Asia,High income: OECD,True
U1756,Gabriele d‘Annunzio University,Italy,,italy,,,,,,,,,,,False,,39.4,16.3,18.3,71.7,59.9,40.6,31.7,2.0,65.0,True,601.0,36.6,15.1,18.9,72.9,37.8,38.4,32.4,2.0,64.0,True,italy,ITA,Italy,Italian Republic,IT,Europe & Central Asia,High income: OECD,True
U1757,Government College University Faisalabad,Pakistan,,pakistan,,,,,,,,,,,False,,39.4,20.8,15.0,83.4,32.7,48.2,26.5,0.0,53.0,True,501.0,40.65,16.8,13.1,88.1,37.0,45.3,27.3,0.0,46.0,True,pakistan,PAK,Pakistan,Islamic Republic of Pakistan,PK,South Asia,Lower middle income,True
U1758,Guangdong University of Technology,China,,china,,,,,,,,,,,False,,39.4,17.2,19.3,79.6,63.5,28.4,19.0,0.0,27.0,True,801.0,31.85,16.2,14.8,69.9,61.1,25.1,18.1,0.0,29.0,True,china,CHN,China,People's Republic of China,CN,East Asia & Pacific,Upper middle income,True
U1759,Harokopio University of Athens,Greece,,greece,,,,,,,,,,,False,,39.4,25.1,27.4,72.9,37.4,41.1,44.9,3.0,52.0,True,501.0,40.65,23.2,24.2,76.2,43.9,43.9,46.6,3.0,53.0,True,greece,GRC,Greece,Hellenic Republic,GR,Europe & Central Asia,High income: OECD,True
U1760,Imam Abdulrahman Bin Faisal University,Saudi Arabia,,saudi arabia,,,,,,,,,,,False,,39.4,27.7,13.9,70.6,20.8,75.3,11.3,4.0,84.0,True,601.0,36.6,22.1,9.9,64.0,37.5,72.9,8.7,4.0,90.0,True,saudi arabia,SAU,Saudi Arabia,Kingdom of Saudi Arabia,SA,Middle East & North Africa,High income: nonOECD,True
U1761,Imam Khomeini International University,Iran,,iran,,,,,,,,,,,False,,39.4,30.6,19.6,72.4,26.7,26.9,25.8,5.0,54.0,True,,,,,,,,,,,False,iran,IRN,Iran,Islamic Republic of Iran,IR,Middle East & North Africa,Upper middle income,True
U1762,Indian Institute of Technology Guwahati,India,,india,,,,,,,,,,,False,,39.4,35.5,24.1,52.0,49.5,28.6,18.0,1.0,24.0,True,1001.0,27.05,30.2,22.3,33.8,41.0,21.0,13.8,1.0,22.0,True,india,IND,India,Republic of India,IN,South Asia,Lower middle income,True
U1763,Indian Institute of Technology (Indian School of Mines) Dhanbad,India,,india,,,,,,,,,,,False,,39.4,37.6,24.1,59.7,30.0,18.4,16.7,0.0,18.0,True,1001.0,27.05,24.0,21.9,38.2,40.6,15.9,20.7,1.0,16.0,True,india,IND,India,Republic of India,IN,South Asia,Lower middle income,True
U1764,Indian Institute of Technology Patna,India,,india,,,,,,,,,,,False,,39.4,33.2,24.1,70.6,19.8,22.3,18.8,1.0,18.0,True,801.0,31.85,27.2,24.0,50.1,37.1,17.8,17.9,0.0,18.0,True,india,IND,India,Republic of India,IN,South Asia,Lower middle income,True
U1765,University of Insubria,Italy,,italy,,,,,,,,,,,False,,39.4,19.7,22.7,80.4,43.2,42.4,27.5,5.0,56.0,True,501.0,40.65,18.0,22.6,84.8,38.6,40.3,27.0,6.0,55.0,True,italy,ITA,Italy,Italian Republic,IT,Europe & Central Asia,High income: OECD,True
U1766,"International Institute of Information Technology, Hyderabad",India,,india,,,,,,,,,,,False,,39.4,26.0,21.4,71.7,49.6,39.5,18.3,7.0,21.0,True,501.0,40.65,18.4,23.1,79.5,68.8,30.2,18.1,7.0,20.0,True,india,IND,India,Republic of India,IN,South Asia,Lower middle income,True
U1767,Iran University of Medical Sciences,Iran,,iran,,,,,,,,,,,False,,39.4,48.2,16.4,54.5,39.1,38.3,8.3,10.0,55.0,True,601.0,36.6,46.0,14.9,56.1,41.7,27.1,8.3,5.0,57.0,True,iran,IRN,Iran,Islamic Republic of Iran,IR,Middle East & North Africa,Upper middle income,True
U1768,ISCTE-University Institute of Lisbon,Portugal,,portugal,,,,,,,,,,,False,,39.4,26.4,35.7,56.3,55.2,53.0,26.7,17.0,52.0,True,801.0,31.85,24.0,32.0,36.0,41.8,55.5,24.9,17.0,52.0,True,portugal,PRT,Portugal,Portuguese Republic,PT,Europe & Central Asia,High income: OECD,True
U1769,Jamia Hamdard University,India,,india,,,,,,,,,,,False,,39.4,21.1,15.0,74.8,40.4,41.9,18.5,3.0,41.0,True,601.0,36.6,18.9,12.6,73.3,40.5,31.3,20.0,3.0,45.0,True,india,IND,India,Republic of India,IN,South Asia,Lower middle income,True
U1770,Jiangsu University,China,,china,,,,,,,,,,,False,,39.4,25.6,14.1,77.5,51.1,55.1,9.4,6.0,43.0,True,601.0,36.6,21.0,12.5,66.5,58.8,44.4,9.5,6.0,42.0,True,china,CHN,China,People's Republic of China,CN,East Asia & Pacific,Upper middle income,True
U1771,Jönköping University,Sweden,,sweden,,,,,,,,,,,False,,39.4,20.1,19.2,78.3,28.2,65.7,13.0,13.0,60.0,True,601.0,36.6,18.6,18.3,58.9,38.1,65.5,13.0,14.0,60.0,True,sweden,SWE,Sweden,Kingdom of Sweden,SE,Europe & Central Asia,High income: OECD,True
U1772,The University of Jordan,Jordan,,jordan,,,,,,,,,,,False,,39.4,27.8,13.4,62.7,30.8,67.1,10.3,20.0,69.0,True,601.0,36.6,24.8,12.4,60.9,40.8,59.9,13.4,13.0,66.0,True,jordan,JOR,Jordan,Hashemite Kingdom of Jordan,JO,Middle East & North Africa,Upper middle income,True
U1773,Juntendo University,Japan,,japan,,,,,,,,,,,False,,39.4,37.6,17.1,59.3,81.4,25.3,5.0,3.0,54.0,True,801.0,31.85,33.5,18.6,47.3,52.9,22.8,4.6,3.0,55.0,True,japan,JPN,Japan,Japan,JP,East Asia & Pacific,High income: OECD,True
U1774,University of Kaiserslautern,Germany,,germany,,,,,,,,,,,False,,39.4,38.7,28.7,44.4,83.0,56.7,22.0,19.0,34.0,True,601.0,36.6,37.5,26.7,32.2,62.5,54.9,28.8,22.0,35.0,True,germany,DEU,Germany,Federal Republic of Germany,DE,Europe & Central Asia,High income: OECD,True
U1775,University of Kashan,Iran,,iran,,,,,,,,,,,False,,39.4,27.1,19.9,74.7,21.9,24.8,28.4,2.0,55.0,True,601.0,36.6,21.4,19.2,76.3,38.4,22.8,27.2,3.0,54.0,True,iran,IRN,Iran,Islamic Republic of Iran,IR,Middle East & North Africa,Upper middle income,True
U1776,Kashan University of Medical Sciences and Health Services,Iran,,iran,,,,,,,,,,,False,,39.4,32.9,15.0,75.6,17.4,25.3,20.5,3.0,58.0,True,501.0,40.65,32.0,13.4,84.0,37.4,22.9,12.8,2.0,38.0,True,iran,IRN,Iran,Islamic Republic of Iran,IR,Middle East & North Africa,Upper middle income,True
U1777,KIIT University,India,,india,,,,,,,,,,,False,,39.4,38.5,15.8,61.5,52.0,39.4,12.3,10.0,49.0,True,601.0,36.6,30.3,13.6,67.5,69.5,28.0,12.3,9.0,49.0,True,india,IND,India,Republic of India,IN,South Asia,Lower middle income,True
U1778,King Saud bin Abdulaziz University for Health Sciences,Saudi Arabia,,saudi arabia,,,,,,,,,,,False,,39.4,40.8,21.7,43.6,36.1,64.4,13.0,1.0,51.0,True,601.0,36.6,34.8,13.9,50.1,42.9,62.9,11.3,1.0,50.0,True,saudi arabia,SAU,Saudi Arabia,Kingdom of Saudi Arabia,SA,Middle East & North Africa,High income: nonOECD,True
U1779,Kurdistan University of Medical Sciences,Iran,,iran,,,,,,,,,,,False,,39.4,40.8,11.2,67.6,18.8,27.9,10.7,2.0,48.0,True,351.0,45.95,36.1,9.8,98.4,37.6,23.7,10.5,2.0,49.0,True,iran,IRN,Iran,Islamic Republic of Iran,IR,Middle East & North Africa,Upper middle income,True
U1780,University of Lille,France,,france,,,,,,,,,,,False,,39.4,32.5,23.2,58.6,67.2,68.0,31.5,13.0,61.0,True,501.0,40.65,30.7,21.5,59.5,42.2,62.5,29.6,14.0,60.0,True,france,FRA,France,French Republic,FR,Europe & Central Asia,High income: OECD,True
U1781,University of Lorraine,France,,france,,,,,,,,,,,False,,39.4,27.3,18.9,58.0,60.6,72.9,20.0,16.0,53.0,True,601.0,36.6,23.2,17.8,54.6,39.7,64.7,20.2,17.0,53.0,True,france,FRA,France,French Republic,FR,Europe & Central Asia,High income: OECD,True
U1782,Malaviya National Institute of Technology,India,,india,,,,,,,,,,,False,,39.4,29.9,15.6,76.5,19.8,20.3,17.3,0.0,31.0,True,,,,,,,,,,,False,india,IND,India,Republic of India,IN,South Asia,Lower middle income,True
U1783,Universiti Malaysia Pahang Al-Sultan Abdullah (UMPSA),Malaysia,,malaysia,,,,,,,,,,,False,,39.4,27.4,19.0,67.5,28.3,57.9,13.5,8.0,49.0,True,,,,,,,,,,,False,malaysia,MYS,Malaysia,Malaysia,MY,East Asia & Pacific,Upper middle income,True
U1784,Manipal Academy of Higher Education,India,,india,,,,,,,,,,,False,,39.4,45.0,18.5,46.3,44.9,48.3,9.1,12.0,47.0,True,801.0,31.85,40.9,17.8,32.6,46.7,36.8,9.0,12.0,49.0,True,india,IND,India,Republic of India,IN,South Asia,Lower middle income,True
U1785,Marche Polytechnic University,Italy,,italy,,,,,,,,,,,False,,39.4,23.2,22.6,75.6,64.9,36.0,28.9,5.0,47.0,True,601.0,36.6,20.4,22.3,73.1,45.4,33.9,22.4,5.0,46.0,True,italy,ITA,Italy,Italian Republic,IT,Europe & Central Asia,High income: OECD,True
U1786,Mashhad University of Medical Sciences,Iran,,iran,,,,,,,,,,,False,,39.4,34.9,14.7,63.9,28.5,29.7,9.0,4.0,57.0,True,601.0,36.6,29.3,13.5,60.9,37.0,26.2,9.7,4.0,58.0,True,iran,IRN,Iran,Islamic Republic of Iran,IR,Middle East & North Africa,Upper middle income,True
U1787,Mazandaran University of Medical Sciences,Iran,,iran,,,,,,,,,,,False,,39.4,44.1,12.4,65.6,28.1,24.7,12.4,1.0,56.0,True,351.0,45.95,41.8,11.1,93.3,42.1,21.4,15.1,1.0,57.0,True,iran,IRN,Iran,Islamic Republic of Iran,IR,Middle East & North Africa,Upper middle income,True
U1788,Monterrey Institute of Technology,Mexico,,mexico,,,,,,,,,,,False,,39.4,24.0,22.7,61.9,60.1,65.8,14.9,12.0,43.0,True,801.0,31.85,20.4,19.6,52.3,60.9,57.7,14.3,10.0,43.0,True,mexico,MEX,Mexico,United Mexican States,MX,Latin America & Caribbean,Upper middle income,True
U1789,University of Namur,Belgium,,belgium,,,,,,,,,,,False,,39.4,24.4,27.2,53.7,62.8,69.7,22.2,12.0,58.0,True,801.0,31.85,20.6,21.2,46.5,45.0,67.9,20.8,12.0,57.0,True,belgium,BEL,Belgium,Kingdom of Belgium,BE,Europe & Central Asia,High income: OECD,True
U1790,Nanjing Forestry University,China,,china,,,,,,,,,,,False,,39.4,22.6,21.2,79.4,28.7,28.0,16.5,1.0,53.0,True,801.0,31.85,16.6,9.3,67.5,41.1,22.7,17.6,1.0,53.0,True,china,CHN,China,People's Republic of China,CN,East Asia & Pacific,Upper middle income,True
U1791,Nanjing Tech University,China,,china,,,,,,,,,,,False,,39.4,21.8,16.2,69.1,68.1,37.1,13.5,3.0,53.0,True,801.0,31.85,19.1,13.7,58.9,61.3,30.1,13.5,3.0,53.0,True,china,CHN,China,People's Republic of China,CN,East Asia & Pacific,Upper middle income,True
U1792,National Institute of Applied Sciences of Lyon (INSA Lyon),France,,france,,,,,,,,,,,False,,39.4,37.2,27.0,38.3,93.8,75.1,18.7,29.0,36.0,True,801.0,31.85,32.4,22.9,30.8,77.4,70.8,18.9,27.0,36.0,True,france,FRA,France,French Republic,FR,Europe & Central Asia,High income: OECD,True
U1793,National University of Sciences and Technology,Pakistan,,pakistan,,,,,,,,,,,False,,39.4,25.1,19.4,71.2,34.9,55.1,9.3,5.0,34.0,True,801.0,31.85,21.5,17.7,50.9,39.2,47.4,9.4,5.0,34.0,True,pakistan,PAK,Pakistan,Islamic Republic of Pakistan,PK,South Asia,Lower middle income,True
U1794,National University of Science and Technology (MISiS),Russian Federation,,russia,,,,,,,,,,,False,,39.4,39.1,27.1,43.2,64.1,65.6,12.0,21.0,40.0,True,,,,,,,,,,,False,russia,RUS,Russia,Russian Federation,RU,Europe & Central Asia,High income: nonOECD,True
U1795,National Institute of Technology Rourkela,India,,india,,,,,,,,,,,False,,39.4,30.6,20.2,64.7,29.9,23.1,20.6,4.0,22.0,True,1001.0,27.05,22.2,17.2,45.6,39.0,18.6,20.6,4.0,23.0,True,india,IND,India,Republic of India,IN,South Asia,Lower middle income,True
U1796,National Institute of Technology Silchar,India,,india,,,,,,,,,,,False,,39.4,32.4,19.5,71.7,18.4,20.5,16.3,2.0,20.0,True,601.0,36.6,28.4,16.0,61.3,38.0,17.7,13.9,3.0,21.0,True,india,IND,India,Republic of India,IN,South Asia,Lower middle income,True
U1797,Near East University,Northern Cyprus,,northern cyprus,,,,,,,,,,,False,,39.4,25.9,18.8,66.6,49.9,86.8,29.2,86.0,45.0,True,601.0,36.6,20.7,17.4,57.6,78.5,95.7,24.5,83.0,43.0,True,northern cyprus,,,,,,,False
U1798,"University of Nevada, Las Vegas",United States,,united states,,,,,,,,,,,False,,39.4,29.3,25.6,64.7,51.5,38.3,23.2,4.0,57.0,True,601.0,36.6,31.8,24.6,50.7,37.3,31.0,23.2,4.0,57.0,True,united states,USA,United States,United States of America,US,North America,High income: OECD,True
U1799,University of New Brunswick UNB,Canada,,canada,,,,,,,,,,,False,,39.4,24.3,25.0,62.4,64.0,81.1,15.0,14.0,53.0,True,601.0,36.6,20.5,21.3,52.4,38.4,74.8,14.7,15.0,51.0,True,canada,CAN,Canada,Canada,CA,North America,High income: OECD,True
U1800,"Northeastern University, China",China,,china,,,,,,,,,,,False,,39.4,31.5,28.1,57.8,73.7,46.7,13.2,3.0,53.0,True,801.0,31.85,27.1,24.8,31.3,93.0,37.3,14.8,2.0,53.0,True,china,CHN,China,People's Republic of China,CN,East Asia & Pacific,Upper middle income,True
U1801,Northern Illinois University,United States,,united states,,,,,,,,,,,False,,39.4,26.3,15.9,60.0,60.4,62.8,14.3,6.0,54.0,True,801.0,31.85,28.3,16.7,47.1,37.6,51.2,14.4,7.0,53.0,True,united states,USA,United States,United States of America,US,North America,High income: OECD,True
U1802,Norwegian University of Life Sciences,Norway,,norway,,,,,,,,,,,False,,39.4,32.1,14.7,64.0,36.5,70.8,8.2,12.0,61.0,True,601.0,36.6,25.0,13.3,61.8,41.0,72.3,7.6,12.0,57.0,True,norway,NOR,Norway,Kingdom of Norway,NO,Europe & Central Asia,High income: OECD,True
U1803,Ohio University (Main campus),United States,,united states,,,,,,,,,,,False,,39.4,30.6,20.1,61.2,54.7,37.2,19.9,4.0,58.0,True,801.0,31.85,27.6,18.8,55.7,38.0,29.9,20.1,4.0,57.0,True,united states,USA,United States,United States of America,US,North America,High income: OECD,True
U1804,Old Dominion University,United States,,united states,,,,,,,,,,,False,,39.4,26.1,20.4,61.2,64.0,38.1,18.2,2.0,57.0,True,801.0,31.85,23.2,19.5,47.4,36.9,31.7,17.5,3.0,56.0,True,united states,USA,United States,United States of America,US,North America,High income: OECD,True
U1805,Ontario Tech University,Canada,,canada,,,,,,,,,,,False,,39.4,18.8,25.0,63.5,51.9,63.2,30.1,8.0,43.0,True,601.0,36.6,19.5,24.3,53.0,40.6,60.9,28.6,8.0,44.0,True,canada,CAN,Canada,Canada,CA,North America,High income: OECD,True
U1806,The Open University,United Kingdom,,united kingdom,,,,,,,,,,,False,,39.4,17.7,16.1,68.7,52.6,63.6,33.5,8.0,65.0,True,601.0,36.6,19.2,16.9,60.5,37.1,57.3,31.6,8.0,65.0,True,united kingdom,GBR,United Kingdom,United Kingdom of Great Britain and Northern Ireland,GB,Europe & Central Asia,High income: OECD,True
U1807,Open University of Catalonia,Spain,,spain,,,,,,,,,,,False,,39.4,18.4,18.2,75.9,29.7,51.0,96.5,6.0,56.0,True,501.0,40.65,20.0,18.9,81.2,37.7,48.1,100.5,6.0,57.0,True,spain,ESP,Spain,Kingdom of Spain,ES,Europe & Central Asia,High income: OECD,True
U1808,Örebro University,Sweden,,sweden,,,,,,,,,,,False,,39.4,20.1,22.5,77.9,43.8,54.6,15.6,5.0,62.0,True,401.0,43.5,17.7,21.8,87.1,37.7,55.1,15.2,5.0,61.0,True,sweden,SWE,Sweden,Kingdom of Sweden,SE,Europe & Central Asia,High income: OECD,True
U1809,Otto von Guericke University of Magdeburg,Germany,,germany,,,,,,,,,,,False,,39.4,33.4,18.0,54.4,51.4,74.5,11.2,26.0,42.0,True,,,,,,,,,,,False,germany,DEU,Germany,Federal Republic of Germany,DE,Europe & Central Asia,High income: OECD,True
U1810,Parthenope University of Naples,Italy,,italy,,,,,,,,,,,False,,39.4,18.5,22.6,78.2,25.6,32.2,32.4,1.0,42.0,True,801.0,31.85,16.7,20.3,63.0,38.1,27.8,33.7,2.0,42.0,True,italy,ITA,Italy,Italian Republic,IT,Europe & Central Asia,High income: OECD,True
U1811,Universiti Pendidikan Sultan Idris,Malaysia,,malaysia,,,,,,,,,,,False,,39.4,35.3,25.2,38.8,62.3,70.8,9.8,20.0,57.0,True,801.0,31.85,28.4,25.5,33.9,99.9,61.7,9.9,18.0,55.0,True,malaysia,MYS,Malaysia,Malaysia,MY,East Asia & Pacific,Upper middle income,True
U1812,Universitat Politècnica de Catalunya,Spain,,spain,,,,,,,,,,,False,,39.4,31.2,21.0,57.3,69.7,61.4,9.8,13.0,28.0,True,801.0,31.85,27.3,19.3,43.8,43.5,58.7,9.5,14.0,27.0,True,spain,ESP,Spain,Kingdom of Spain,ES,Europe & Central Asia,High income: OECD,True
U1813,Polytechnic University of Valencia,Spain,,spain,,,,,,,,,,,False,,39.4,30.0,25.0,55.4,83.2,57.6,14.5,14.0,41.0,True,801.0,31.85,25.7,21.8,38.4,48.9,51.2,12.7,14.0,41.0,True,spain,ESP,Spain,Kingdom of Spain,ES,Europe & Central Asia,High income: OECD,True
U1814,Prince Sattam Bin Abdulaziz University,Saudi Arabia,,saudi arabia,,,,,,,,,,,False,,39.4,21.3,12.0,80.8,23.5,75.8,11.9,2.0,61.0,True,601.0,36.6,17.7,9.9,80.4,37.8,73.6,12.2,2.0,58.0,True,saudi arabia,SAU,Saudi Arabia,Kingdom of Saudi Arabia,SA,Middle East & North Africa,High income: nonOECD,True
U1815,Qazvin University of Medical Sciences,Iran,,iran,,,,,,,,,,,False,,39.4,38.7,11.6,71.9,18.7,26.5,1.6,2.0,56.0,True,401.0,43.5,30.6,10.3,99.9,37.0,22.6,9.2,1.0,57.0,True,iran,IRN,Iran,Islamic Republic of Iran,IR,Middle East & North Africa,Upper middle income,True
U1816,Qingdao University,China,,china,,,,,,,,,,,False,,39.4,17.8,18.4,84.1,40.0,24.4,15.1,1.0,53.0,True,601.0,36.6,16.4,14.7,75.9,40.9,22.1,15.2,2.0,64.0,True,china,CHN,China,People's Republic of China,CN,East Asia & Pacific,Upper middle income,True
U1817,Reykjavík University,Iceland,,iceland,,,,,,,,,,,False,,39.4,15.6,24.0,76.1,28.7,64.4,24.2,10.0,47.0,True,301.0,47.85,15.5,21.5,99.9,38.1,71.4,22.9,8.0,47.0,True,iceland,ISL,Iceland,Republic of Iceland,IS,Europe & Central Asia,High income: OECD,True
U1818,University of Rome III,Italy,,italy,,,,,,,,,,,False,,39.4,23.1,25.3,58.3,49.5,45.4,46.5,5.0,60.0,True,801.0,31.85,22.1,24.1,42.2,41.8,40.7,47.7,5.0,61.0,True,italy,ITA,Italy,Italian Republic,IT,Europe & Central Asia,High income: OECD,True
U1819,Roskilde University,Denmark,,denmark,,,,,,,,,,,False,,39.4,21.9,33.4,55.5,76.1,54.6,15.8,15.0,65.0,True,801.0,31.85,19.5,32.1,41.7,43.6,59.8,15.8,16.0,64.0,True,denmark,DNK,Denmark,Kingdom of Denmark,DK,Europe & Central Asia,High income: OECD,True
U1820,University of Salento,Italy,,italy,,,,,,,,,,,False,,39.4,30.1,21.8,64.5,52.2,34.5,24.7,2.0,62.0,True,801.0,31.85,26.1,19.3,53.2,39.8,29.6,22.6,1.0,62.0,True,italy,ITA,Italy,Italian Republic,IT,Europe & Central Asia,High income: OECD,True
U1821,University of Sannio,Italy,,italy,,,,,,,,,,,False,,39.4,23.6,20.5,63.6,71.1,29.3,13.4,1.0,49.0,True,601.0,36.6,18.0,18.5,70.8,55.5,28.6,15.4,2.0,51.0,True,italy,ITA,Italy,Italian Republic,IT,Europe & Central Asia,High income: OECD,True
U1822,University of Santiago de Compostela,Spain,,spain,,,,,,,,,,,False,,39.4,29.7,21.1,58.7,69.6,46.6,14.6,6.0,65.0,True,601.0,36.6,24.2,19.8,55.7,40.7,45.6,14.5,9.0,62.0,True,spain,ESP,Spain,Kingdom of Spain,ES,Europe & Central Asia,High income: OECD,True
U1823,University of Sassari,Italy,,italy,,,,,,,,,,,False,,39.4,31.1,24.7,66.3,45.7,41.9,38.1,2.0,63.0,True,501.0,40.65,32.1,27.6,62.4,38.4,37.9,37.9,2.0,62.0,True,italy,ITA,Italy,Italian Republic,IT,Europe & Central Asia,High income: OECD,True
U1824,Saveetha Institute of Medical and Technical Sciences,India,,india,,,,,,,,,,,False,,39.4,31.7,10.2,77.8,17.3,58.9,7.1,1.0,46.0,True,501.0,40.65,22.4,8.5,97.1,38.1,35.3,7.4,1.0,38.0,True,india,IND,India,Republic of India,IN,South Asia,Lower middle income,True
U1825,Shahid Beheshti University of Medical Sciences,Iran,,iran,,,,,,,,,,,False,,39.4,45.1,22.9,49.9,63.5,27.1,8.0,4.0,55.0,True,1001.0,27.05,38.6,14.8,35.8,50.9,21.7,8.7,3.0,58.0,True,iran,IRN,Iran,Islamic Republic of Iran,IR,Middle East & North Africa,Upper middle income,True
U1826,University of Siegen,Germany,,germany,,,,,,,,,,,False,,39.4,27.4,26.9,60.7,46.2,62.7,29.9,13.0,56.0,True,801.0,31.85,21.8,27.3,41.4,40.6,52.3,26.4,12.0,56.0,True,germany,DEU,Germany,Federal Republic of Germany,DE,Europe & Central Asia,High income: OECD,True
U1827,South China Normal University,China,,china,,,,,,,,,,,False,,39.4,22.9,21.7,63.9,51.4,37.4,18.9,3.0,53.0,True,801.0,31.85,21.1,19.2,51.7,53.4,32.9,16.4,3.0,53.0,True,china,CHN,China,People's Republic of China,CN,East Asia & Pacific,Upper middle income,True
U1828,South Ural State University,Russian Federation,,russia,,,,,,,,,,,False,,39.4,23.2,13.5,74.7,24.7,54.5,11.0,11.0,37.0,True,,,,,,,,,,,False,russia,RUS,Russia,Russian Federation,RU,Europe & Central Asia,High income: nonOECD,True
U1829,SRUC (Scotland’s Rural College),United Kingdom,,united kingdom,,,,,,,,,,,False,,39.4,25.3,12.8,79.3,26.9,64.8,5.5,8.0,64.0,True,401.0,43.5,23.6,12.6,92.1,42.5,59.1,5.3,8.0,60.0,True,united kingdom,GBR,United Kingdom,United Kingdom of Great Britain and Northern Ireland,GB,Europe & Central Asia,High income: OECD,True
U1830,SUNY Binghamton University,United States,,united states,,,,,,,,,,,False,,39.4,30.7,22.0,61.1,62.8,42.7,22.1,8.0,52.0,True,,36.6,25.3,20.4,56.8,40.0,37.0,16.6,5.0,53.0,True,united states,USA,United States,United States of America,US,North America,High income: OECD,True
U1831,Tallinn University of Technology,Estonia,,estonia,,,,,,,,,,,False,,39.4,25.7,20.6,65.7,48.1,69.1,11.4,14.0,40.0,True,,36.6,20.2,20.8,55.1,52.4,77.6,16.6,5.0,53.0,True,estonia,EST,Estonia,Republic of Estonia,EE,Europe & Central Asia,High income: OECD,True
U1832,Tehran University of Medical Sciences,Iran,,iran,,,,,,,,,,,False,,39.4,50.0,18.5,54.3,45.1,37.5,6.2,12.0,56.0,True,,36.6,46.4,17.4,44.8,40.6,31.7,16.6,5.0,53.0,True,iran,IRN,Iran,Islamic Republic of Iran,IR,Middle East & North Africa,Upper middle income,True
U1833,University of Texas at Arlington,United States,,united states,,,,,,,,,,,False,,39.4,25.2,20.5,65.5,62.9,55.0,31.9,11.0,63.0,True,,36.6,23.9,19.2,56.8,40.2,45.6,16.6,5.0,53.0,True,united states,USA,United States,United States of America,US,North America,High income: OECD,True
U1834,Thapar Institute of Engineering and Technology,India,,india,,,,,,,,,,,False,,39.4,24.3,11.9,84.8,23.0,28.7,15.1,1.0,34.0,True,,36.6,21.3,12.0,88.4,37.3,23.4,16.6,5.0,53.0,True,india,IND,India,Republic of India,IN,South Asia,Lower middle income,True
U1835,University of Tuscia,Italy,,italy,,,,,,,,,,,False,,39.4,21.4,22.6,77.3,54.9,43.2,20.0,4.0,52.0,True,501.0,40.65,19.1,20.2,81.6,47.7,39.5,20.0,4.0,54.0,True,italy,ITA,Italy,Italian Republic,IT,Europe & Central Asia,High income: OECD,True
U1836,University of Udine,Italy,,italy,,,,,,,,,,,False,,39.4,28.5,20.2,73.1,61.1,41.8,19.3,5.0,55.0,True,501.0,40.65,26.1,19.6,73.6,39.9,38.2,18.5,5.0,54.0,True,italy,ITA,Italy,Italian Republic,IT,Europe & Central Asia,High income: OECD,True
U1837,Paris Lodron Universität Salzburg,Austria,,austria,,,,,,,,,,,False,,39.4,31.6,23.4,55.0,45.8,93.4,10.0,35.0,67.0,True,,36.6,26.5,22.8,48.8,41.3,95.2,16.6,5.0,53.0,True,austria,AUT,Austria,Republic of Austria,AT,Europe & Central Asia,High income: OECD,True
U1838,Urmia University of Medical Sciences,Iran,,iran,,,,,,,,,,,False,,39.4,35.3,11.7,69.3,17.8,25.2,12.4,5.0,52.0,True,401.0,43.5,35.0,10.0,90.4,36.9,19.7,12.0,2.0,51.0,True,iran,IRN,Iran,Islamic Republic of Iran,IR,Middle East & North Africa,Upper middle income,True
U1839,VIT University,India,,india,,,,,,,,,,,False,,39.4,27.9,15.6,68.3,28.9,46.2,18.8,5.0,30.0,True,801.0,31.85,22.9,14.6,52.9,38.9,31.5,17.0,4.0,30.0,True,india,IND,India,Republic of India,IN,South Asia,Lower middle income,True
U1840,University of the West of Scotland,United Kingdom,,united kingdom,,,,,,,,,,,False,,39.4,24.4,16.0,66.5,24.2,86.9,24.6,25.0,62.0,True,,36.6,24.1,15.5,61.5,37.9,76.8,16.6,5.0,53.0,True,united kingdom,GBR,United Kingdom,United Kingdom of Great Britain and Northern Ireland,GB,Europe & Central Asia,High income: OECD,True
U1841,William & Mary,United States,,united states,,,,,,,,,,,False,,39.4,38.4,21.7,62.2,37.1,39.1,11.3,7.0,57.0,True,401.0,43.5,43.7,21.4,64.3,37.3,35.7,10.9,8.0,56.0,True,united states,USA,United States,United States of America,US,North America,High income: OECD,True
U1842,Wroclaw Medical University,Poland,,poland,,,,,,,,,,,False,,39.4,40.7,13.3,66.9,36.5,37.7,10.9,14.0,72.0,True,351.0,45.95,39.6,11.7,89.0,38.2,37.5,9.4,14.0,71.0,True,poland,POL,Poland,Republic of Poland,PL,Europe & Central Asia,High income: OECD,True
U1843,Xi’an Jiaotong-Liverpool University,China,,china,,,,,,,,,,,False,,39.4,18.6,15.1,70.8,20.9,77.3,19.9,4.0,51.0,True,,36.6,17.8,14.8,68.2,38.2,72.4,16.6,5.0,53.0,True,china,CHN,China,People's Republic of China,CN,East Asia & Pacific,Upper middle income,True
U1844,Xidian University,China,,china,,,,,,,,,,,False,,39.4,24.3,25.0,61.0,77.5,25.9,15.3,1.0,26.0,True,1001.0,27.05,22.0,20.4,40.8,78.4,21.1,16.0,1.0,27.0,True,china,CHN,China,People's Republic of China,CN,East Asia & Pacific,Upper middle income,True
U1845,Zhejiang Normal University,China,,china,,,,,,,,,,,False,,39.4,20.3,19.0,75.4,54.1,35.6,12.2,5.0,53.0,True,501.0,40.65,16.7,15.5,87.5,65.4,30.5,11.7,7.0,53.0,True,china,CHN,China,People's Republic of China,CN,East Asia & Pacific,Upper middle income,True
U1846,University of the Aegean,Greece,,greece,,,,,,,,,,,False,,34.8,18.3,21.9,54.4,80.0,33.9,63.5,1.0,55.0,True,801.0,31.85,17.3,19.3,53.7,62.8,34.7,68.4,1.0,55.0,True,greece,GRC,Greece,Hellenic Republic,GR,Europe & Central Asia,High income: OECD,True
U1847,Ahvaz Jundishapur University of Medical Sciences (AJUMS),Iran,,iran,,,,,,,,,,,False,,34.8,38.1,10.7,58.1,20.1,21.8,11.7,3.0,67.0,True,601.0,36.6,33.5,10.0,65.5,37.5,18.2,11.6,2.0,60.0,True,iran,IRN,Iran,Islamic Republic of Iran,IR,Middle East & North Africa,Upper middle income,True
U1848,University of Alcalá,Spain,,spain,,,,,,,,,,,False,,34.8,27.8,15.1,55.0,41.9,64.4,10.4,24.0,59.0,True,801.0,31.85,21.3,14.0,50.8,39.4,60.4,10.2,24.0,60.0,True,spain,ESP,Spain,Kingdom of Spain,ES,Europe & Central Asia,High income: OECD,True
U1849,University of Algarve,Portugal,,portugal,,,,,,,,,,,False,,34.8,18.5,19.5,52.3,25.3,66.4,15.0,19.0,56.0,True,1001.0,27.05,16.9,17.3,40.6,37.6,69.6,14.0,22.0,58.0,True,portugal,PRT,Portugal,Portuguese Republic,PT,Europe & Central Asia,High income: OECD,True
U1850,American University in Cairo,Egypt,,egypt,,,,,,,,,,,False,,34.8,26.7,24.0,51.1,23.0,70.3,14.2,4.0,58.0,True,801.0,31.85,24.4,26.6,32.5,40.4,64.4,13.7,5.0,56.0,True,egypt,EGY,Egypt,Arab Republic of Egypt,EG,Middle East & North Africa,Lower middle income,True
U1851,"University of the Andes, Colombia",Colombia,,colombia,,,,,,,,,,,False,,34.8,24.4,19.6,48.4,28.5,60.8,13.5,2.0,45.0,True,1001.0,27.05,20.3,19.4,36.7,44.1,53.2,12.7,1.0,45.0,True,colombia,COL,Colombia,Republic of Colombia,CO,Latin America & Caribbean,Upper middle income,True
U1852,Arak University of Medical Sciences,Iran,,iran,,,,,,,,,,,False,,34.8,31.7,10.2,66.4,18.9,21.2,7.4,2.0,55.0,True,401.0,43.5,24.6,8.8,100.0,36.9,17.9,7.4,1.0,56.0,True,iran,IRN,Iran,Islamic Republic of Iran,IR,Middle East & North Africa,Upper middle income,True
U1853,Arts et Métiers,France,,france,,,,,,,,,,,False,,34.8,31.1,19.5,35.2,67.7,67.0,16.3,12.0,18.0,True,1001.0,27.05,25.8,16.0,24.2,60.7,63.5,16.5,14.0,18.0,True,france,FRA,France,French Republic,FR,Europe & Central Asia,High income: OECD,True
U1854,Aswan University,Egypt,,egypt,,,,,,,,,,,False,,34.8,16.7,12.1,75.6,18.4,50.4,45.4,1.0,51.0,True,401.0,43.5,16.7,11.6,98.5,37.0,47.8,46.7,2.0,55.0,True,egypt,EGY,Egypt,Arab Republic of Egypt,EG,Middle East & North Africa,Lower middle income,True
U1855,Bahçeşehir University,Turkey,,turkey,,,,,,,,,,,False,,34.8,19.5,24.4,59.4,39.6,61.2,47.9,22.0,50.0,True,601.0,36.6,19.3,20.9,62.3,51.9,49.5,47.2,18.0,49.0,True,turkey,TUR,Turkey,Republic of Turkey,TR,Europe & Central Asia,Upper middle income,True
U1856,Bahria University,Pakistan,,pakistan,,,,,,,,,,,False,,34.8,14.2,9.7,77.3,16.2,48.7,20.3,1.0,45.0,True,601.0,36.6,13.6,9.1,79.7,37.4,43.7,22.2,1.0,44.0,True,pakistan,PAK,Pakistan,Islamic Republic of Pakistan,PK,South Asia,Lower middle income,True
U1857,University of the Balearic Islands,Spain,,spain,,,,,,,,,,,False,,34.8,26.8,15.1,56.4,32.0,58.1,9.4,8.0,60.0,True,801.0,31.85,19.2,16.3,51.2,37.0,49.6,11.8,8.0,60.0,True,spain,ESP,Spain,Kingdom of Spain,ES,Europe & Central Asia,High income: OECD,True
U1858,University of Bergamo,Italy,,italy,,,,,,,,,,,False,,34.8,19.4,21.2,59.6,33.3,37.5,54.8,7.0,63.0,True,801.0,31.85,18.2,22.4,51.5,41.2,35.5,60.9,7.0,62.0,True,italy,ITA,Italy,Italian Republic,IT,Europe & Central Asia,High income: OECD,True
U1859,Université de Bretagne Occidentale,France,,france,,,,,,,,,,,False,,34.8,20.3,19.6,52.0,47.8,60.5,33.1,11.0,59.0,True,,,,,,,,,,,False,france,FRA,France,French Republic,FR,Europe & Central Asia,High income: OECD,True
U1860,Bucharest University of Economic Studies,Romania,,romania,,,,,,,,,,,False,,34.8,19.7,11.6,75.9,20.8,27.8,16.3,4.0,62.0,True,501.0,40.65,17.9,11.1,97.7,37.8,24.6,16.2,4.0,65.0,True,romania,ROU,Romania,Romania,RO,Europe & Central Asia,Upper middle income,True
U1861,University of Camerino (Unicam),Italy,,italy,,,,,,,,,,,False,,34.8,18.0,17.6,58.6,60.0,53.0,30.1,9.0,52.0,True,601.0,36.6,20.9,15.8,61.4,44.7,49.3,27.9,10.0,46.0,True,italy,ITA,Italy,Italian Republic,IT,Europe & Central Asia,High income: OECD,True
U1862,Carlos III University of Madrid,Spain,,spain,,,,,,,,,,,False,,34.8,29.5,20.8,42.9,66.9,60.0,11.2,12.0,47.0,True,1001.0,27.05,26.2,18.8,25.2,42.0,61.8,11.0,17.0,46.0,True,spain,ESP,Spain,Kingdom of Spain,ES,Europe & Central Asia,High income: OECD,True
U1863,University of Castilla-La Mancha,Spain,,spain,,,,,,,,,,,False,,34.8,24.2,17.2,53.7,46.3,42.0,12.8,7.0,57.0,True,1001.0,27.05,19.6,16.0,36.9,38.7,40.1,12.8,8.0,57.0,True,spain,ESP,Spain,Kingdom of Spain,ES,Europe & Central Asia,High income: OECD,True
U1864,Catholic University of Portugal,Portugal,,portugal,,,,,,,,,,,False,,34.8,19.6,18.7,64.4,25.6,55.7,22.2,17.0,62.0,True,351.0,45.95,20.2,19.2,97.8,38.8,62.8,22.2,21.0,63.0,True,portugal,PRT,Portugal,Portuguese Republic,PT,Europe & Central Asia,High income: OECD,True
U1865,Changsha University of Science and Technology,China,,china,,,,,,,,,,,False,,34.8,16.8,13.5,76.5,41.6,27.9,16.0,1.0,36.0,True,501.0,40.65,15.5,11.8,93.8,54.8,23.5,15.3,1.0,37.0,True,china,CHN,China,People's Republic of China,CN,East Asia & Pacific,Upper middle income,True
U1866,Chapman University,United States,,united states,,,,,,,,,,,False,,34.8,36.9,14.7,48.1,59.2,46.8,12.0,7.0,61.0,True,801.0,31.85,38.5,13.9,43.3,37.4,40.6,12.8,8.0,61.0,True,united states,USA,United States,United States of America,US,North America,High income: OECD,True
U1867,Institute of Chemical Technology,India,,india,,,,,,,,,,,False,,34.8,37.5,20.7,51.0,57.9,17.4,17.2,0.0,30.0,True,801.0,31.85,38.1,19.9,35.6,42.5,15.1,17.2,0.0,30.0,True,india,IND,India,Republic of India,IN,South Asia,Lower middle income,True
U1868,Chengdu University,China,,china,,,,,,,,,,,False,,34.8,18.5,14.5,74.1,28.5,28.2,16.3,2.0,55.0,True,801.0,31.85,16.5,10.6,67.5,42.7,22.4,16.3,2.0,59.0,True,china,CHN,China,People's Republic of China,CN,East Asia & Pacific,Upper middle income,True
U1869,University of Chile,Chile,,chile,,,,,,,,,,,False,,34.8,25.9,19.8,50.5,57.4,52.9,16.4,5.0,51.0,True,1001.0,27.05,22.6,18.6,37.1,41.7,51.2,15.5,5.0,50.0,True,chile,CHL,Chile,Republic of Chile,CL,Latin America & Caribbean,High income: OECD,True
U1870,China University of Petroleum (East China),China,,china,,,,,,,,,,,False,,34.8,22.2,23.0,54.3,68.2,23.8,17.0,2.0,33.0,True,,,,,,,,,,,False,china,CHN,China,People's Republic of China,CN,East Asia & Pacific,Upper middle income,True
U1871,University of Clermont Auvergne,France,,france,,,,,,,,,,,False,,34.8,21.8,18.1,54.2,61.6,68.3,21.2,15.0,57.0,True,801.0,31.85,18.7,16.3,48.9,38.2,61.2,20.9,15.0,57.0,True,france,FRA,France,French Republic,FR,Europe & Central Asia,High income: OECD,True
U1872,University of la Costa,Colombia,,colombia,,,,,,,,,,,False,,34.8,13.2,10.7,74.2,16.3,54.9,18.1,1.0,42.0,True,,,,,,,,,,,False,colombia,COL,Colombia,Republic of Colombia,CO,Latin America & Caribbean,Upper middle income,True
U1873,Covenant University,Nigeria,,nigeria,,,,,,,,,,,False,,34.8,24.7,24.4,56.6,24.2,54.3,17.5,0.0,37.0,True,601.0,36.6,22.1,24.8,59.4,44.3,46.0,15.5,1.0,40.0,True,nigeria,NGA,Nigeria,Federal Republic of Nigeria,NG,Sub-Saharan Africa,Lower middle income,True
U1874,Czech University of Life Sciences Prague (CZU),Czech Republic,,czech republic,,,,,,,,,,,False,,34.8,20.1,15.4,50.8,50.2,76.4,18.3,26.0,50.0,True,1001.0,27.05,17.4,13.6,42.1,52.0,71.2,17.6,22.0,54.0,True,czech republic,CZE,Czech Republic,Czech Republic,CZ,Europe & Central Asia,High income: OECD,True
U1875,Damietta University,Egypt,,egypt,,,,,,,,,,,False,,34.8,16.4,9.4,73.0,17.4,46.1,33.9,1.0,63.0,True,501.0,40.65,17.0,8.2,99.9,37.5,39.0,24.7,1.0,71.0,True,egypt,EGY,Egypt,Arab Republic of Egypt,EG,Middle East & North Africa,Lower middle income,True
U1876,Delhi Technological University,India,,india,,,,,,,,,,,False,,34.8,16.9,20.1,76.7,28.5,19.7,23.4,3.0,22.0,True,601.0,36.6,17.8,17.0,80.1,42.5,17.3,22.3,3.0,22.0,True,india,IND,India,Republic of India,IN,South Asia,Lower middle income,True
U1877,Federal University of Minas Gerais,Brazil,,brazil,,,,,,,,,,,False,,34.8,40.2,23.3,43.3,50.8,33.4,13.5,1.0,53.0,True,801.0,31.85,34.2,19.1,42.2,38.7,29.4,12.9,1.0,53.0,True,brazil,BRA,Brazil,Federative Republic of Brazil,BR,Latin America & Caribbean,Upper middle income,True
U1878,Universidade Federal de São Paulo (UNIFESP),Brazil,,brazil,,,,,,,,,,,False,,34.8,33.2,22.5,48.2,47.2,35.2,11.3,1.0,59.0,True,601.0,36.6,29.6,21.4,55.4,37.3,30.5,10.3,1.0,59.0,True,brazil,BRA,Brazil,Federative Republic of Brazil,BR,Latin America & Caribbean,Upper middle income,True
U1879,Florida Atlantic University,United States,,united states,,,,,,,,,,,False,,34.8,22.5,21.9,57.3,57.6,51.8,19.8,6.0,63.0,True,801.0,31.85,21.5,19.3,46.0,42.6,48.5,18.7,10.0,64.0,True,united states,USA,United States,United States of America,US,North America,High income: OECD,True
U1880,Florida Institute of Technology,United States,,united states,,,,,,,,,,,False,,34.8,29.0,16.4,45.2,54.8,80.4,15.9,20.0,42.0,True,1001.0,27.05,29.2,17.4,25.6,39.4,66.7,14.9,25.0,35.0,True,united states,USA,United States,United States of America,US,North America,High income: OECD,True
U1881,Fuzhou University,China,,china,,,,,,,,,,,False,,34.8,18.9,16.5,71.5,53.2,36.7,17.4,1.0,39.0,True,801.0,31.85,17.2,14.4,60.1,55.0,29.0,16.8,1.0,39.0,True,china,CHN,China,People's Republic of China,CN,East Asia & Pacific,Upper middle income,True
U1882,University of Girona,Spain,,spain,,,,,,,,,,,False,,34.8,20.8,22.4,56.3,55.0,56.8,21.0,14.0,58.0,True,801.0,31.85,18.9,21.9,52.8,39.6,53.0,21.1,15.0,57.0,True,spain,ESP,Spain,Kingdom of Spain,ES,Europe & Central Asia,High income: OECD,True
U1883,University of Gloucestershire,United Kingdom,,united kingdom,,,,,,,,,,,False,,34.8,17.4,14.0,57.6,34.5,65.7,17.0,12.0,59.0,True,,,,,,,,17.2,11.0,60.0,True,united kingdom,GBR,United Kingdom,United Kingdom of Great Britain and Northern Ireland,GB,Europe & Central Asia,High income: OECD,True
U1884,Gorgan University of Agricultural Sciences and Natural Resources,Iran,,iran,,,,,,,,,,,False,,34.8,15.8,11.3,78.0,34.2,35.7,21.5,1.0,50.0,True,,,,,,,,,,,False,iran,IRN,Iran,Islamic Republic of Iran,IR,Middle East & North Africa,Upper middle income,True
U1885,Guangzhou University,China,,china,,,,,,,,,,,False,,34.8,19.4,12.7,77.1,22.4,35.9,17.5,0.0,60.0,True,601.0,36.6,16.1,14.3,76.9,41.5,28.9,19.4,0.0,64.0,True,china,CHN,China,People's Republic of China,CN,East Asia & Pacific,Upper middle income,True
U1886,Guangzhou Medical University,China,,china,,,,,,,,,,,False,,34.8,24.2,10.2,72.5,26.6,28.5,1.7,2.0,58.0,True,601.0,36.6,22.2,8.3,87.6,38.2,24.2,1.7,2.0,56.0,True,china,CHN,China,People's Republic of China,CN,East Asia & Pacific,Upper middle income,True
U1887,Guilan University of Medical Sciences,Iran,,iran,,,,,,,,,,,False,,34.8,38.2,10.4,63.7,16.6,21.9,11.5,1.0,53.0,True,,,,,,,,,,,False,iran,IRN,Iran,Islamic Republic of Iran,IR,Middle East & North Africa,Upper middle income,True
U1888,Hazara University Mansehra,Pakistan,,pakistan,,,,,,,,,,,False,,34.8,27.1,10.7,70.9,16.7,49.0,21.3,0.0,54.0,True,601.0,36.6,17.4,10.1,82.0,37.0,44.3,26.5,0.0,26.0,True,pakistan,PAK,Pakistan,Islamic Republic of Pakistan,PK,South Asia,Lower middle income,True
U1889,Ilam University of Medical Sciences,Iran,,iran,,,,,,,,,,,False,,34.8,30.8,12.0,65.7,17.2,23.4,13.2,5.0,52.0,True,601.0,36.6,26.1,10.7,85.1,38.5,20.8,13.0,4.0,53.0,True,iran,IRN,Iran,Islamic Republic of Iran,IR,Middle East & North Africa,Upper middle income,True
U1890,"Indian Institute of Science Education and Research, Pune",India,,india,,,,,,,,,,,False,,34.8,42.9,25.1,35.7,25.4,38.9,11.1,0.0,31.0,True,1001.0,27.05,36.0,16.2,27.4,38.2,25.4,10.4,0.0,31.0,True,india,IND,India,Republic of India,IN,South Asia,Lower middle income,True
U1891,Indian Institute of Technology Gandhinagar,India,,india,,,,,,,,,,,False,,34.8,41.1,27.2,39.0,26.5,29.6,14.9,0.0,28.0,True,801.0,31.85,34.0,27.5,34.2,44.8,23.9,15.1,1.0,26.0,True,india,IND,India,Republic of India,IN,South Asia,Lower middle income,True
U1892,University of Indonesia,Indonesia,,indonesia,,,,,,,,,,,False,,34.8,45.5,23.1,29.2,51.9,60.3,7.9,14.0,70.0,True,1001.0,27.05,40.1,19.9,16.0,77.7,54.8,8.6,14.0,68.0,True,indonesia,IDN,Indonesia,Republic of Indonesia,ID,East Asia & Pacific,Lower middle income,True
U1893,Indraprastha Institute of Information Technology Delhi,India,,india,,,,,,,,,,,False,,34.8,22.8,16.0,66.2,57.8,44.6,23.4,5.0,21.0,True,601.0,36.6,21.5,17.5,69.6,78.9,33.8,23.1,2.0,23.0,True,india,IND,India,Republic of India,IN,South Asia,Lower middle income,True
U1894,Universitat Internacional de Catalunya,Spain,,spain,,,,,,,,,,,False,,34.8,22.8,17.6,57.0,21.2,65.9,12.9,27.0,64.0,True,801.0,31.85,17.6,15.6,57.0,40.2,63.7,14.0,34.0,63.0,True,spain,ESP,Spain,Kingdom of Spain,ES,Europe & Central Asia,High income: OECD,True
U1895,"International Islamic University, Islamabad",Pakistan,,pakistan,,,,,,,,,,,False,,34.8,17.3,11.2,72.7,17.6,60.0,21.8,7.0,54.0,True,601.0,36.6,17.2,10.8,80.7,36.9,52.2,25.1,7.0,53.0,True,pakistan,PAK,Pakistan,Islamic Republic of Pakistan,PK,South Asia,Lower middle income,True
U1896,Isfahan University of Medical Sciences,Iran,,iran,,,,,,,,,,,False,,34.8,45.6,13.6,47.0,25.6,25.4,10.2,3.0,60.0,True,1001.0,27.05,42.6,13.0,32.4,37.1,20.4,10.2,2.0,63.0,True,iran,IRN,Iran,Islamic Republic of Iran,IR,Middle East & North Africa,Upper middle income,True
U1897,Islamia College Peshawar,Pakistan,,pakistan,,,,,,,,,,,False,,34.8,21.4,11.1,62.9,17.1,55.6,24.4,3.0,27.0,True,,,,,,,,25.5,3.0,27.0,True,pakistan,PAK,Pakistan,Islamic Republic of Pakistan,PK,South Asia,Lower middle income,True
U1898,University of Jaén,Spain,,spain,,,,,,,,,,,False,,34.8,20.7,18.8,64.2,41.0,45.4,16.1,7.0,57.0,True,801.0,31.85,18.5,17.6,54.7,37.1,44.7,16.4,9.0,57.0,True,spain,ESP,Spain,Kingdom of Spain,ES,Europe & Central Asia,High income: OECD,True
U1899,Jaume I University,Spain,,spain,,,,,,,,,,,False,,34.8,23.0,20.5,56.5,47.7,45.7,15.2,10.0,59.0,True,1001.0,27.05,19.2,20.0,44.9,39.4,44.8,14.6,10.0,58.0,True,spain,ESP,Spain,Kingdom of Spain,ES,Europe & Central Asia,High income: OECD,True
U1900,Jawaharlal Nehru Technological University Anantapur (JNTUA),India,,india,,,,,,,,,,,False,,34.8,28.9,14.1,60.7,17.5,19.6,18.1,0.0,41.0,True,1201.0,21.35,26.0,12.3,34.1,37.3,16.0,16.1,0.0,38.0,True,india,IND,India,Republic of India,IN,South Asia,Lower middle income,True
U1901,Jaypee University of Information Technology,India,,india,,,,,,,,,,,False,,34.8,23.2,16.5,70.6,22.5,23.8,18.5,2.0,27.0,True,,,,,,,,,,,False,india,IND,India,Republic of India,IN,South Asia,Lower middle income,True
U1902,Jazan University,Saudi Arabia,,saudi arabia,,,,,,,,,,,False,,34.8,21.0,9.9,67.3,19.4,77.4,12.4,4.0,60.0,True,401.0,43.5,17.5,8.5,97.0,37.1,74.8,13.0,3.0,64.0,True,saudi arabia,SAU,Saudi Arabia,Kingdom of Saudi Arabia,SA,Middle East & North Africa,High income: nonOECD,True
U1903,Jordan University of Science and Technology,Jordan,,jordan,,,,,,,,,,,False,,34.8,19.8,13.6,67.3,40.8,61.1,13.3,17.0,56.0,True,501.0,40.65,15.7,10.3,92.2,38.2,50.6,14.9,13.0,57.0,True,jordan,JOR,Jordan,Hashemite Kingdom of Jordan,JO,Middle East & North Africa,Upper middle income,True
U1904,JSS Academy of Higher Education and Research,India,,india,,,,,,,,,,,False,,34.8,39.7,10.6,51.9,22.0,51.8,9.5,8.0,58.0,True,351.0,45.95,34.4,9.4,99.3,38.4,35.2,9.5,7.0,54.0,True,india,IND,India,Republic of India,IN,South Asia,Lower middle income,True
U1905,Kafrelsheikh University,Egypt,,egypt,,,,,,,,,,,False,,34.8,14.7,9.1,76.2,20.0,51.9,28.7,2.0,48.0,True,501.0,40.65,13.6,8.4,96.7,39.2,48.3,26.1,2.0,48.0,True,egypt,EGY,Egypt,Arab Republic of Egypt,EG,Middle East & North Africa,Lower middle income,True
U1906,Kalasalingam Academy of Research and Education,India,,india,,,,,,,,,,,False,,34.8,29.1,8.9,74.8,19.9,30.3,7.5,4.0,55.0,True,601.0,36.6,22.3,9.3,82.3,39.3,23.3,8.8,3.0,55.0,True,india,IND,India,Republic of India,IN,South Asia,Lower middle income,True
U1907,Kaohsiung Medical University,Taiwan,,taiwan,,,,,,,,,,,False,,34.8,26.4,26.1,44.0,81.3,28.7,12.2,5.0,59.0,True,1001.0,27.05,22.5,24.2,25.8,54.2,27.7,11.8,6.0,59.0,True,taiwan,,,,,,,False
U1908,Kazan Federal University,Russian Federation,,russia,,,,,,,,,,,False,,34.8,44.7,21.7,32.3,42.6,69.2,10.8,33.0,67.0,True,,,,,,,,,,,False,russia,RUS,Russia,Russian Federation,RU,Europe & Central Asia,High income: nonOECD,True
U1909,King Mongkut’s University of Technology Thonburi,Thailand,,thailand,,,,,,,,,,,False,,34.8,21.5,22.1,59.5,71.0,43.3,20.4,4.0,45.0,True,801.0,31.85,18.4,18.6,57.0,71.8,36.0,19.8,2.0,46.0,True,thailand,THA,Thailand,Kingdom of Thailand,TH,East Asia & Pacific,Upper middle income,True
U1910,Kingston University,United Kingdom,,united kingdom,,,,,,,,,,,False,,34.8,20.0,15.3,53.2,52.2,91.3,18.9,40.0,59.0,True,801.0,31.85,18.9,16.1,39.5,37.3,87.7,19.4,43.0,58.0,True,united kingdom,GBR,United Kingdom,United Kingdom of Great Britain and Northern Ireland,GB,Europe & Central Asia,High income: OECD,True
U1911,K.N. Toosi University of Technology,Iran,,iran,,,,,,,,,,,False,,34.8,22.6,21.0,60.2,34.8,35.7,23.1,1.0,34.0,True,1001.0,27.05,23.3,21.8,38.7,42.9,30.3,26.6,2.0,34.0,True,iran,IRN,Iran,Islamic Republic of Iran,IR,Middle East & North Africa,Upper middle income,True
U1912,Kore University of Enna,Italy,,italy,,,,,,,,,,,False,,34.8,18.0,12.3,71.3,40.9,37.3,16.0,1.0,68.0,True,601.0,36.6,16.7,12.1,86.3,37.9,37.7,14.5,1.0,68.0,True,italy,ITA,Italy,Italian Republic,IT,Europe & Central Asia,High income: OECD,True
U1913,University of Kurdistan,Iran,,iran,,,,,,,,,,,False,,34.8,16.8,14.7,70.8,19.0,35.9,32.2,4.0,54.0,True,601.0,36.6,14.7,14.4,74.2,41.8,30.9,34.6,5.0,53.0,True,iran,IRN,Iran,Islamic Republic of Iran,IR,Middle East & North Africa,Upper middle income,True
U1914,Kyoto Prefectural University of Medicine,Japan,,japan,,,,,,,,,,,False,,34.8,33.6,16.0,47.8,68.2,20.1,3.2,1.0,47.0,True,1001.0,27.05,30.1,15.9,41.1,45.4,17.7,3.4,1.0,46.0,True,japan,JPN,Japan,Japan,JP,East Asia & Pacific,High income: OECD,True
U1915,University of Lahore,Pakistan,,pakistan,,,,,,,,,,,False,,34.8,17.6,10.2,68.8,20.3,52.6,13.5,2.0,38.0,True,801.0,31.85,15.3,9.6,65.3,37.5,47.1,14.8,2.0,37.0,True,pakistan,PAK,Pakistan,Islamic Republic of Pakistan,PK,South Asia,Lower middle income,True
U1916,Lahore University of Management Sciences,Pakistan,,pakistan,,,,,,,,,,,False,,34.8,23.3,16.7,60.2,43.1,53.0,14.2,2.0,43.0,True,601.0,36.6,21.5,15.7,64.5,38.8,47.2,13.8,1.0,42.0,True,pakistan,PAK,Pakistan,Islamic Republic of Pakistan,PK,South Asia,Lower middle income,True
U1917,Lakehead University,Canada,,canada,,,,,,,,,,,False,,34.8,17.6,24.0,51.4,48.7,59.2,25.0,19.0,56.0,True,801.0,31.85,18.3,23.0,46.3,38.9,57.6,25.8,21.0,55.0,True,canada,CAN,Canada,Canada,CA,North America,High income: OECD,True
U1918,Lithuanian University of Health Sciences,Lithuania,,lithuania,,,,,,,,,,,False,,34.8,27.1,12.6,55.5,25.5,52.9,9.2,23.0,74.0,True,801.0,31.85,21.0,10.6,60.7,37.4,58.9,8.6,22.0,75.0,True,lithuania,LTU,Lithuania,Republic of Lithuania,LT,Europe & Central Asia,High income: nonOECD,True
U1919,University of Lleida,Spain,,spain,,,,,,,,,,,False,,34.8,23.5,20.1,58.2,57.3,45.4,16.1,10.0,59.0,True,801.0,31.85,20.7,19.5,49.1,41.9,42.2,15.4,10.0,59.0,True,spain,ESP,Spain,Kingdom of Spain,ES,Europe & Central Asia,High income: OECD,True
U1920,Lovely Professional University,India,,india,,,,,,,,,,,False,,34.8,21.5,12.8,73.7,17.5,43.4,14.7,7.0,25.0,True,801.0,31.85,18.2,10.6,66.8,38.1,28.9,14.8,6.0,24.0,True,india,IND,India,Republic of India,IN,South Asia,Lower middle income,True
U1921,University of Malakand,Pakistan,,pakistan,,,,,,,,,,,False,,34.8,16.8,14.0,74.1,26.7,49.2,32.1,1.0,26.0,True,601.0,36.6,17.0,11.4,79.3,37.5,44.8,27.1,1.0,29.0,True,pakistan,PAK,Pakistan,Islamic Republic of Pakistan,PK,South Asia,Lower middle income,True
U1922,University of Management and Technology,Pakistan,,pakistan,,,,,,,,,,,False,,34.8,13.8,10.4,80.4,19.1,51.3,22.4,2.0,50.0,True,501.0,40.65,14.8,9.5,99.9,39.5,45.4,22.2,2.0,45.0,True,pakistan,PAK,Pakistan,Islamic Republic of Pakistan,PK,South Asia,Lower middle income,True
U1923,Medical University of Lodz,Poland,,poland,,,,,,,,,,,False,,34.8,27.4,11.0,67.6,39.7,32.3,8.4,9.0,70.0,True,601.0,36.6,20.7,9.7,80.1,37.1,30.4,8.6,10.0,70.0,True,poland,POL,Poland,Republic of Poland,PL,Europe & Central Asia,High income: OECD,True
U1924,University of Medicine and Pharmacy Carol Davila,Romania,,romania,,,,,,,,,,,False,,34.8,26.3,11.0,62.6,24.6,38.8,8.6,16.0,68.0,True,,,,,,,,,,,False,romania,ROU,Romania,Romania,RO,Europe & Central Asia,Upper middle income,True
U1925,University of Mohaghegh Ardabili,Iran,,iran,,,,,,,,,,,False,,34.8,19.3,17.3,71.5,19.7,32.9,29.7,0.0,55.0,True,601.0,36.6,20.9,11.1,75.1,37.2,27.5,28.7,0.0,56.0,True,iran,IRN,Iran,Islamic Republic of Iran,IR,Middle East & North Africa,Upper middle income,True
U1926,Montana State University,United States,,united states,,,,,,,,,,,False,,34.8,24.0,20.4,56.3,63.0,38.0,16.3,2.0,49.0,True,801.0,31.85,21.0,17.7,57.6,45.5,36.9,16.0,3.0,47.0,True,united states,USA,United States,United States of America,US,North America,High income: OECD,True
U1927,Nanjing University of Information Science and Technology,China,,china,,,,,,,,,,,False,,34.8,18.0,18.3,68.6,42.0,42.4,16.8,4.0,53.0,True,801.0,31.85,17.7,16.1,61.0,44.2,33.6,16.7,3.0,53.0,True,china,CHN,China,People's Republic of China,CN,East Asia & Pacific,Upper middle income,True
U1928,Nanjing Medical University,China,,china,,,,,,,,,,,False,,34.8,36.3,16.5,58.1,41.2,25.8,9.3,4.0,53.0,True,1001.0,27.05,29.2,19.7,37.2,39.0,20.7,8.6,4.0,53.0,True,china,CHN,China,People's Republic of China,CN,East Asia & Pacific,Upper middle income,True
U1929,National Autonomous University of Mexico,Mexico,,mexico,,,,,,,,,,,False,,34.8,29.9,30.4,34.4,62.5,58.4,17.1,4.0,52.0,True,1001.0,27.05,29.9,29.5,21.3,54.3,47.8,17.4,4.0,52.0,True,mexico,MEX,Mexico,United Mexican States,MX,Latin America & Caribbean,Upper middle income,True
U1930,"National Institute of Technology, Tiruchirappalli",India,,india,,,,,,,,,,,False,,34.8,33.8,17.1,60.2,27.1,21.2,20.4,2.0,24.0,True,801.0,31.85,30.2,15.9,49.8,39.2,17.6,18.5,2.0,23.0,True,india,IND,India,Republic of India,IN,South Asia,Lower middle income,True
U1931,New Mexico State University (Main campus),United States,,united states,,,,,,,,,,,False,,34.8,25.8,22.1,49.8,62.9,45.6,16.0,6.0,58.0,True,801.0,31.85,23.2,22.2,44.8,39.9,37.5,16.0,6.0,58.0,True,united states,USA,United States,United States of America,US,North America,High income: OECD,True
U1932,North China Electric Power University,China,,china,,,,,,,,,,,False,,34.8,22.0,23.1,51.4,60.1,22.4,18.6,3.0,38.0,True,1201.0,21.35,18.5,19.9,29.3,66.8,18.7,19.1,3.0,36.0,True,china,CHN,China,People's Republic of China,CN,East Asia & Pacific,Upper middle income,True
U1933,Northeast Normal University,China,,china,,,,,,,,,,,False,,34.8,28.2,15.6,60.9,45.5,31.1,18.6,3.0,70.0,True,801.0,31.85,25.0,13.9,54.6,40.2,25.0,18.7,4.0,70.0,True,china,CHN,China,People's Republic of China,CN,East Asia & Pacific,Upper middle income,True
U1934,University of Northern British Columbia (UNBC),Canada,,canada,,,,,,,,,,,False,,34.8,21.1,21.8,51.7,21.4,52.0,16.5,12.0,61.0,True,801.0,31.85,19.1,21.5,45.2,37.4,45.9,15.6,11.0,63.0,True,canada,CAN,Canada,Canada,CA,North America,High income: OECD,True
U1935,University of Oviedo,Spain,,spain,,,,,,,,,,,False,,34.8,29.0,18.5,49.2,40.6,37.8,9.2,4.0,54.0,True,1001.0,27.05,22.0,20.1,38.4,40.4,32.8,11.6,2.0,53.0,True,spain,ESP,Spain,Kingdom of Spain,ES,Europe & Central Asia,High income: OECD,True
U1936,Ozyegin University,Turkey,,turkey,,,,,,,,,,,False,,34.8,16.3,23.9,53.5,58.0,57.7,26.7,8.0,44.0,True,801.0,31.85,17.2,20.1,46.6,41.2,48.8,27.2,7.0,44.0,True,turkey,TUR,Turkey,Republic of Turkey,TR,Europe & Central Asia,Upper middle income,True
U1937,Pablo de Olavide University,Spain,,spain,,,,,,,,,,,False,,34.8,23.8,17.5,58.5,66.9,47.8,12.2,11.0,59.0,True,801.0,31.85,17.4,16.7,51.2,37.5,51.0,14.4,18.0,59.0,True,spain,ESP,Spain,Kingdom of Spain,ES,Europe & Central Asia,High income: OECD,True
U1938,Panthéon-Sorbonne University – Paris 1,France,,france,,,,,,,,,,,False,,34.8,33.9,31.8,36.6,27.3,67.7,29.8,20.0,62.0,True,801.0,31.85,34.5,32.1,18.4,37.1,62.8,29.0,20.0,61.0,True,france,FRA,France,French Republic,FR,Europe & Central Asia,High income: OECD,True
U1939,UPES,India,,india,,,,,,,,,,,False,,34.8,28.3,16.7,63.7,17.1,50.7,11.0,0.0,31.0,True,,,,,,,,,,,False,india,IND,India,Republic of India,IN,South Asia,Lower middle income,True
U1940,Pontifical Catholic University of Rio de Janeiro (PUC-Rio),Brazil,,brazil,,,,,,,,,,,False,,34.8,33.4,30.5,37.1,62.9,43.2,18.7,2.0,50.0,True,801.0,31.85,28.1,25.6,30.9,94.6,37.4,18.7,3.0,50.0,True,brazil,BRA,Brazil,Federative Republic of Brazil,BR,Latin America & Caribbean,Upper middle income,True
U1941,Qom University of Medical Sciences,Iran,,iran,,,,,,,,,,,False,,34.8,35.2,7.3,60.0,17.9,22.4,9.3,4.0,55.0,True,401.0,43.5,28.9,9.8,100.0,37.0,19.4,9.1,4.0,57.0,True,iran,IRN,Iran,Islamic Republic of Iran,IR,Middle East & North Africa,Upper middle income,True
U1942,Reichman University,Israel,,israel,,,,,,,,,,,False,,34.8,13.1,16.6,64.3,31.4,63.6,35.0,28.0,52.0,True,1001.0,27.05,14.3,9.6,50.3,36.9,66.2,18.7,28.0,51.0,True,israel,ISR,Israel,State of Israel,IL,Middle East & North Africa,High income: OECD,True
U1943,University of Rennes 1,France,,france,,,,,,,,,,,False,,34.8,32.1,17.9,44.7,64.0,63.8,17.5,12.0,52.0,True,801.0,31.85,27.5,17.0,43.2,40.9,56.9,18.5,11.0,52.0,True,france,FRA,France,French Republic,FR,Europe & Central Asia,High income: OECD,True
U1944,Rochester Institute of Technology,United States,,united states,,,,,,,,,,,False,,34.8,22.9,20.2,58.4,60.7,46.3,16.0,13.0,37.0,True,1001.0,27.05,20.9,19.2,43.5,38.2,41.5,15.7,16.0,36.0,True,united states,USA,United States,United States of America,US,North America,High income: OECD,True
U1945,University of Roehampton,United Kingdom,,united kingdom,,,,,,,,,,,False,,34.8,23.0,21.5,52.0,35.8,85.0,19.6,36.0,67.0,True,801.0,31.85,20.1,21.4,39.5,37.3,81.2,16.2,33.0,69.0,True,united kingdom,GBR,United Kingdom,United Kingdom of Great Britain and Northern Ireland,GB,Europe & Central Asia,High income: OECD,True
U1946,University of Seville,Spain,,spain,,,,,,,,,,,False,,34.8,23.8,24.5,53.6,50.8,44.6,16.7,8.0,55.0,True,1001.0,27.05,20.3,22.6,39.5,40.6,45.4,16.7,12.0,58.0,True,spain,ESP,Spain,Kingdom of Spain,ES,Europe & Central Asia,High income: OECD,True
U1947,Shahrekord University of Medical Sciences,Iran,,iran,,,,,,,,,,,False,,34.8,33.7,10.5,62.1,17.3,20.6,9.2,0.0,53.0,True,,,,,,,,,,,False,iran,IRN,Iran,Islamic Republic of Iran,IR,Middle East & North Africa,Upper middle income,True
U1948,Shantou University,China,,china,,,,,,,,,,,False,,34.8,21.2,16.4,63.0,33.8,42.9,13.3,1.0,49.0,True,801.0,31.85,19.4,15.5,53.7,40.6,33.9,12.2,1.0,45.0,True,china,CHN,China,People's Republic of China,CN,East Asia & Pacific,Upper middle income,True
U1949,Shiraz University of Medical Sciences,Iran,,iran,,,,,,,,,,,False,,34.8,41.7,12.7,55.7,24.5,24.1,10.1,2.0,56.0,True,801.0,31.85,34.7,11.0,52.2,37.0,21.3,10.4,3.0,57.0,True,iran,IRN,Iran,Islamic Republic of Iran,IR,Middle East & North Africa,Upper middle income,True
U1950,Shri Mata Vaishno Devi University,India,,india,,,,,,,,,,,False,,34.8,24.7,17.2,68.0,26.1,22.8,20.3,0.0,34.0,True,,,,,,,,15.0,0.0,40.0,True,india,IND,India,Republic of India,IN,South Asia,Lower middle income,True
U1951,Siksha ‘O’ Anusandhan,India,,india,,,,,,,,,,,False,,34.8,37.9,16.7,47.7,40.8,19.9,11.9,2.0,52.0,True,1001.0,27.05,28.6,14.8,46.3,52.8,16.0,12.4,1.0,54.0,True,india,IND,India,Republic of India,IN,South Asia,Lower middle income,True
U1952,Institute of Space Technology,Pakistan,,pakistan,,,,,,,,,,,False,,34.8,18.6,13.3,70.5,16.5,47.1,13.4,0.0,25.0,True,,,,,,,,,,,False,pakistan,PAK,Pakistan,Islamic Republic of Pakistan,PK,South Asia,Lower middle income,True
U1953,Technical University of Madrid,Spain,,spain,,,,,,,,,,,False,,34.8,26.6,15.8,49.8,57.4,53.8,15.8,14.0,33.0,True,1001.0,27.05,22.5,15.3,36.5,45.2,52.7,15.6,16.0,32.0,True,spain,ESP,Spain,Kingdom of Spain,ES,Europe & Central Asia,High income: OECD,True
U1954,"University of Technology, Iraq",Iraq,,iraq,,,,,,,,,,,False,,34.8,25.8,9.2,65.7,20.0,25.0,6.9,0.0,46.0,True,801.0,31.85,22.0,9.5,60.0,39.6,24.6,6.9,0.0,50.0,True,iraq,IRQ,Iraq,Republic of Iraq,IQ,Middle East & North Africa,Upper middle income,True
U1955,University of Texas at El Paso,United States,,united states,,,,,,,,,,,False,,34.8,24.5,28.7,44.8,51.9,46.8,22.9,6.0,55.0,True,801.0,31.85,26.6,31.7,32.8,36.9,41.6,30.2,7.0,54.0,True,united states,USA,United States,United States of America,US,North America,High income: OECD,True
U1956,Tokyo Medical University,Japan,,japan,,,,,,,,,,,False,,34.8,35.1,17.0,54.0,70.4,21.4,3.4,1.0,51.0,True,1001.0,27.05,28.2,11.5,39.8,44.5,19.0,1.7,1.0,45.0,True,japan,JPN,Japan,Japan,JP,East Asia & Pacific,High income: OECD,True
U1957,Tomsk Polytechnic University,Russian Federation,,russia,,,,,,,,,,,False,,34.8,40.5,23.5,31.7,54.9,69.4,10.6,29.0,31.0,True,,,,,,,,,,,False,russia,RUS,Russia,Russian Federation,RU,Europe & Central Asia,High income: nonOECD,True
U1958,University of Tours,France,,france,,,,,,,,,,,False,,34.8,32.7,15.9,42.2,52.9,61.2,21.8,11.0,60.0,True,,,,,,,,,,,False,france,FRA,France,French Republic,FR,Europe & Central Asia,High income: OECD,True
U1959,University of Trás-os-Montes and Alto Douro,Portugal,,portugal,,,,,,,,,,,False,,34.8,22.5,31.2,44.6,23.5,40.5,9.2,6.0,53.0,True,1001.0,27.05,17.1,19.4,31.9,36.9,44.2,11.1,8.0,55.0,True,portugal,PRT,Portugal,Portuguese Republic,PT,Europe & Central Asia,High income: OECD,True
U1960,University of Tunis El Manar,Tunisia,,tunisia,,,,,,,,,,,False,,34.8,42.3,19.9,31.1,49.5,50.5,9.6,6.0,72.0,True,1201.0,21.35,28.8,13.7,19.5,38.2,43.7,11.1,2.0,70.0,True,tunisia,TUN,Tunisia,Republic of Tunisia,TN,Middle East & North Africa,Upper middle income,True
U1961,Urmia University,Iran,,iran,,,,,,,,,,,False,,34.8,29.6,19.5,56.9,25.8,38.0,26.4,12.0,49.0,True,1001.0,27.05,24.2,16.4,38.6,40.9,22.4,27.2,2.0,50.0,True,iran,IRN,Iran,Islamic Republic of Iran,IR,Middle East & North Africa,Upper middle income,True
U1962,"University of Veterinary and Animal Sciences, Lahore",Pakistan,,pakistan,,,,,,,,,,,False,,34.8,22.2,17.0,53.7,46.7,55.5,19.2,1.0,53.0,True,1001.0,27.05,16.3,13.9,38.4,54.8,45.0,19.6,1.0,50.0,True,pakistan,PAK,Pakistan,Islamic Republic of Pakistan,PK,South Asia,Lower middle income,True
U1963,University of Vic – Central University of Catalonia,Spain,,spain,,,,,,,,,,,False,,34.8,19.1,13.1,70.8,20.2,59.1,13.1,19.0,61.0,True,501.0,40.65,16.1,12.0,91.6,37.9,59.7,14.0,20.0,60.0,True,spain,ESP,Spain,Kingdom of Spain,ES,Europe & Central Asia,High income: OECD,True
U1964,University of Vigo,Spain,,spain,,,,,,,,,,,False,,34.8,25.1,17.9,57.8,49.5,47.4,15.1,5.0,52.0,True,1001.0,27.05,18.7,16.5,44.5,40.6,44.6,15.4,6.0,51.0,True,spain,ESP,Spain,Kingdom of Spain,ES,Europe & Central Asia,High income: OECD,True
U1965,Wenzhou University,China,,china,,,,,,,,,,,False,,34.8,16.2,15.0,78.1,27.8,34.8,18.6,2.0,59.0,True,,36.6,14.9,11.2,86.3,40.6,27.8,16.6,5.0,53.0,True,china,CHN,China,People's Republic of China,CN,East Asia & Pacific,Upper middle income,True
U1966,Wenzhou Medical University,China,,china,,,,,,,,,,,False,,34.8,18.4,13.6,68.7,38.3,42.8,14.6,3.0,61.0,True,801.0,31.85,17.7,14.2,67.1,38.5,26.5,11.2,5.0,63.0,True,china,CHN,China,People's Republic of China,CN,East Asia & Pacific,Upper middle income,True
U1967,Yıldız Technical University,Turkey,,turkey,,,,,,,,,,,False,,34.8,32.1,28.0,41.2,64.1,40.9,24.8,13.0,43.0,True,1001.0,27.05,25.7,26.7,29.3,100.0,32.0,26.0,11.0,48.0,True,turkey,TUR,Turkey,Republic of Turkey,TR,Europe & Central Asia,Upper middle income,True
U1968,University of Zaragoza,Spain,,spain,,,,,,,,,,,False,,34.8,28.3,18.5,46.4,55.7,42.8,10.2,7.0,54.0,True,1001.0,27.05,21.1,16.3,35.0,40.7,40.3,10.1,8.0,54.0,True,spain,ESP,Spain,Kingdom of Spain,ES,Europe & Central Asia,High income: OECD,True
U1969,ZHAW Zurich University of Applied Sciences,Switzerland,,switzerland,,,,,,,,,,,False,,34.8,22.2,15.8,46.0,59.2,72.4,12.3,11.0,52.0,True,,,,,,,,,,,False,switzerland,CHE,Switzerland,Switzerland,CH,Europe & Central Asia,High income: OECD,True
U1970,Zhejiang Gongshang University,China,,china,,,,,,,,,,,False,,34.8,21.8,12.6,61.1,30.8,44.1,11.5,7.0,58.0,True,1001.0,27.05,16.9,11.0,53.8,40.1,32.8,15.8,5.0,61.0,True,china,CHN,China,People's Republic of China,CN,East Asia & Pacific,Upper middle income,True
U1971,University of A Coruña,Spain,,spain,,,,,,,,,,,False,,30.450000000000003,24.2,17.5,45.6,36.1,36.5,12.4,5.0,51.0,True,1001.0,27.05,19.9,17.2,32.6,39.5,34.8,12.2,5.0,52.0,True,spain,ESP,Spain,Kingdom of Spain,ES,Europe & Central Asia,High income: OECD,True
U1972,"Adam Mickiewicz University, Poznań",Poland,,poland,,,,,,,,,,,False,,30.450000000000003,19.7,28.4,43.5,29.6,37.8,25.0,6.0,68.0,True,1001.0,27.05,19.3,25.3,28.3,39.2,34.1,23.9,4.0,68.0,True,poland,POL,Poland,Republic of Poland,PL,Europe & Central Asia,High income: OECD,True
U1973,AGH University of Krakow,Poland,,poland,,,,,,,,,,,False,,30.450000000000003,25.8,20.9,38.6,68.5,29.9,12.2,3.0,35.0,True,1201.0,21.35,20.6,18.6,18.7,56.8,25.5,12.7,3.0,35.0,True,poland,POL,Poland,Republic of Poland,PL,Europe & Central Asia,High income: OECD,True
U1974,Aichi Medical University,Japan,,japan,,,,,,,,,,,False,,30.450000000000003,30.5,13.5,43.1,39.5,21.5,2.9,1.0,58.0,True,1201.0,21.35,26.5,12.4,31.6,41.1,18.7,2.9,1.0,57.0,True,japan,JPN,Japan,Japan,JP,East Asia & Pacific,High income: OECD,True
U1975,Akdeniz University,Turkey,,turkey,,,,,,,,,,,False,,30.450000000000003,22.7,27.3,42.6,54.7,25.2,47.3,4.0,45.0,True,1201.0,21.35,15.5,10.8,27.8,38.1,19.7,32.7,3.0,33.0,True,turkey,TUR,Turkey,Republic of Turkey,TR,Europe & Central Asia,Upper middle income,True
U1976,University of Almería,Spain,,spain,,,,,,,,,,,False,,30.450000000000003,21.7,18.9,48.9,33.7,42.2,17.0,10.0,55.0,True,1001.0,27.05,20.0,17.6,36.9,39.1,42.3,17.5,12.0,55.0,True,spain,ESP,Spain,Kingdom of Spain,ES,Europe & Central Asia,High income: OECD,True
U1977,University of Applied Sciences and Arts of Western Switzerland,Switzerland,,switzerland,,,,,,,,,,,False,,30.450000000000003,24.0,13.1,38.3,33.8,87.4,6.5,29.0,54.0,True,801.0,31.85,21.0,11.4,41.2,40.4,90.5,6.5,30.0,53.0,True,switzerland,CHE,Switzerland,Switzerland,CH,Europe & Central Asia,High income: OECD,True
U1978,Azarbaijan Shahid Madani University,Iran,,iran,,,,,,,,,,,False,,30.450000000000003,14.9,15.3,67.9,19.0,27.9,27.1,2.0,61.0,True,601.0,36.6,18.1,13.0,83.8,38.4,22.7,26.2,0.0,61.0,True,iran,IRN,Iran,Islamic Republic of Iran,IR,Middle East & North Africa,Upper middle income,True
U1979,Babeş-Bolyai University,Romania,,romania,,,,,,,,,,,False,,30.450000000000003,23.3,16.8,46.0,35.2,39.0,21.1,4.0,64.0,True,1001.0,27.05,18.8,16.0,37.6,37.5,40.8,21.0,4.0,64.0,True,romania,ROU,Romania,Romania,RO,Europe & Central Asia,Upper middle income,True
U1980,Bangladesh Agricultural University (BAU),Bangladesh,,bangladesh,,,,,,,,,,,False,,30.450000000000003,29.5,9.9,45.2,22.6,49.5,11.4,1.0,45.0,True,1201.0,21.35,17.3,10.2,33.7,40.7,46.3,17.3,1.0,34.0,True,bangladesh,BGD,Bangladesh,People's Republic of Bangladesh,BD,South Asia,Low income,True
U1981,Bartin University,Turkey,,turkey,,,,,,,,,,,False,,30.450000000000003,11.1,13.0,69.6,16.3,37.4,31.8,11.0,39.0,True,,,,,,,,23.7,9.0,44.0,True,turkey,TUR,Turkey,Republic of Turkey,TR,Europe & Central Asia,Upper middle income,True
U1982,University of Bedfordshire,United Kingdom,,united kingdom,,,,,,,,,,,False,,30.450000000000003,17.5,14.3,52.4,25.6,83.9,29.1,64.0,59.0,True,801.0,31.85,17.9,15.2,49.7,37.1,79.2,29.6,59.0,59.0,True,united kingdom,GBR,United Kingdom,United Kingdom of Great Britain and Northern Ireland,GB,Europe & Central Asia,High income: OECD,True
U1983,Benha University,Egypt,,egypt,,,,,,,,,,,False,,30.450000000000003,15.7,9.2,66.5,18.9,49.1,30.9,2.0,42.0,True,601.0,36.6,16.5,8.6,77.0,37.8,45.1,32.5,3.0,42.0,True,egypt,EGY,Egypt,Arab Republic of Egypt,EG,Middle East & North Africa,Lower middle income,True
U1984,Beni-Suef University,Egypt,,egypt,,,,,,,,,,,False,,30.450000000000003,16.8,9.8,61.1,19.5,51.4,31.6,0.0,49.0,True,801.0,31.85,17.9,8.7,67.8,36.9,45.9,28.3,1.0,50.0,True,egypt,EGY,Egypt,Arab Republic of Egypt,EG,Middle East & North Africa,Lower middle income,True
U1985,Bowling Green State University,United States,,united states,,,,,,,,,,,False,,30.450000000000003,22.4,13.9,52.7,40.5,28.9,17.6,3.0,57.0,True,1001.0,27.05,21.5,12.7,38.8,37.0,25.8,15.7,4.0,57.0,True,united states,USA,United States,United States of America,US,North America,High income: OECD,True
U1986,University of Cadiz,Spain,,spain,,,,,,,,,,,False,,30.450000000000003,20.4,16.7,43.7,30.0,42.3,17.7,8.0,55.0,True,1201.0,21.35,17.6,16.4,32.6,38.4,39.8,16.8,9.0,56.0,True,spain,ESP,Spain,Kingdom of Spain,ES,Europe & Central Asia,High income: OECD,True
U1987,China Pharmaceutical University,China,,china,,,,,,,,,,,False,,30.450000000000003,23.4,18.3,52.8,73.4,22.2,16.4,3.0,65.0,True,1001.0,27.05,18.8,15.8,41.8,57.8,18.7,22.4,2.0,69.0,True,china,CHN,China,People's Republic of China,CN,East Asia & Pacific,Upper middle income,True
U1988,Comenius University in Bratislava,Slovakia,,slovakia,,,,,,,,,,,False,,30.450000000000003,31.2,16.6,41.8,25.0,52.6,10.5,15.0,65.0,True,1001.0,27.05,23.8,15.5,39.7,37.2,53.3,10.6,14.0,64.0,True,slovak republic,SVK,Slovak Republic,Slovak Republic,SK,Europe & Central Asia,High income: OECD,True
U1989,Democritus University of Thrace,Greece,,greece,,,,,,,,,,,False,,30.450000000000003,16.1,16.5,54.3,32.1,30.4,36.4,3.0,48.0,True,1201.0,21.35,15.2,13.8,36.9,37.9,32.6,37.0,4.0,56.0,True,greece,GRC,Greece,Hellenic Republic,GR,Europe & Central Asia,High income: OECD,True
U1990,Universidad del Desarrollo,Chile,,chile,,,,,,,,,,,False,,30.450000000000003,17.8,10.8,53.0,21.2,52.2,14.4,4.0,57.0,True,,,,,,,,,,,False,chile,CHL,Chile,Republic of Chile,CL,Latin America & Caribbean,High income: OECD,True
U1991,Diego Portales University,Chile,,chile,,,,,,,,,,,False,,30.450000000000003,15.3,11.8,53.8,18.0,53.0,17.6,2.0,50.0,True,801.0,31.85,15.4,11.1,69.5,36.9,52.1,16.0,2.0,50.0,True,chile,CHL,Chile,Republic of Chile,CL,Latin America & Caribbean,High income: OECD,True
U1992,Université Djillali Liabès de Sidi Bel-Abbès,Algeria,,algeria,,,,,,,,,,,False,,30.450000000000003,30.6,9.3,46.0,16.9,37.4,19.7,1.0,56.0,True,,,,,,,,,,,False,algeria,DZA,Algeria,People's Democratic Republic of Algeria,DZ,Middle East & North Africa,Upper middle income,True
U1993,Dr B.R. Ambedkar National Institute of Technology Jalandhar,India,,india,,,,,,,,,,,False,,30.450000000000003,25.4,13.2,54.6,22.2,17.8,24.1,1.0,36.0,True,1001.0,27.05,21.5,13.1,45.8,37.6,14.9,23.7,0.0,23.0,True,india,IND,India,Republic of India,IN,South Asia,Lower middle income,True
U1994,Durban University of Technology,South Africa,,south africa,,,,,,,,,,,False,,30.450000000000003,17.3,11.8,62.0,18.4,46.5,35.3,1.0,55.0,True,501.0,40.65,17.6,11.6,90.0,38.5,38.8,36.5,1.0,54.0,True,south africa,ZAF,South Africa,Republic of South Africa,ZA,Sub-Saharan Africa,Upper middle income,True
U1995,Edge Hill University,United Kingdom,,united kingdom,,,,,,,,,,,False,,30.450000000000003,18.1,13.8,55.6,22.0,54.7,16.4,6.0,70.0,True,801.0,31.85,17.7,14.2,58.0,37.0,49.1,15.4,7.0,69.0,True,united kingdom,GBR,United Kingdom,United Kingdom of Great Britain and Northern Ireland,GB,Europe & Central Asia,High income: OECD,True
U1996,"University of Engineering and Technology, Peshawar",Pakistan,,pakistan,,,,,,,,,,,False,,30.450000000000003,13.7,11.5,60.9,25.0,49.8,21.7,2.0,6.0,True,801.0,31.85,14.2,11.8,62.0,38.2,44.6,20.7,1.0,6.0,True,pakistan,PAK,Pakistan,Islamic Republic of Pakistan,PK,South Asia,Lower middle income,True
U1997,European University of Madrid,Spain,,spain,,,,,,,,,,,False,,30.450000000000003,21.5,10.9,54.3,17.7,61.7,12.0,30.0,50.0,True,1001.0,27.05,18.3,9.8,51.6,37.1,60.2,10.7,32.0,49.0,True,spain,ESP,Spain,Kingdom of Spain,ES,Europe & Central Asia,High income: OECD,True
U1998,University of Extremadura,Spain,,spain,,,,,,,,,,,False,,30.450000000000003,24.7,12.4,51.9,22.4,35.7,10.7,3.0,55.0,True,1001.0,27.05,19.9,11.1,49.2,39.0,33.2,11.2,2.0,56.0,True,spain,ESP,Spain,Kingdom of Spain,ES,Europe & Central Asia,High income: OECD,True
U1999,Fayoum University,Egypt,,egypt,,,,,,,,,,,False,,30.450000000000003,15.9,11.9,65.5,24.9,46.4,18.0,0.0,62.0,True,601.0,36.6,15.3,10.4,79.7,40.2,42.4,16.8,0.0,62.0,True,egypt,EGY,Egypt,Arab Republic of Egypt,EG,Middle East & North Africa,Lower middle income,True
U2000,Federal University of São Carlos,Brazil,,brazil,,,,,,,,,,,False,,30.450000000000003,33.4,19.8,33.5,44.8,29.5,16.1,1.0,51.0,True,1201.0,21.35,28.1,19.0,18.4,42.8,26.1,15.4,1.0,50.0,True,brazil,BRA,Brazil,Federative Republic of Brazil,BR,Latin America & Caribbean,Upper middle income,True
U2001,Federal University of Technology Akure,Nigeria,,nigeria,,,,,,,,,,,False,,30.450000000000003,24.8,11.1,50.6,18.2,40.4,24.5,0.0,26.0,True,1001.0,27.05,20.9,10.2,47.0,37.2,34.9,21.1,0.0,28.0,True,nigeria,NGA,Nigeria,Federal Republic of Nigeria,NG,Sub-Saharan Africa,Lower middle income,True
U2002,Firat University,Turkey,,turkey,,,,,,,,,,,False,,30.450000000000003,19.2,10.3,64.5,19.7,31.5,25.4,6.0,49.0,True,801.0,31.85,15.6,9.0,74.6,37.0,25.1,20.6,5.0,37.0,True,turkey,TUR,Turkey,Republic of Turkey,TR,Europe & Central Asia,Upper middle income,True
U2003,Florida Agricultural and Mechanical University,United States,,united states,,,,,,,,,,,False,,30.450000000000003,33.4,16.7,39.8,37.3,50.3,15.7,1.0,67.0,True,801.0,31.85,36.8,13.8,36.8,37.3,41.5,16.8,1.0,66.0,True,united states,USA,United States,United States of America,US,North America,High income: OECD,True
U2004,University of Franche-Comté,France,,france,,,,,,,,,,,False,,30.450000000000003,21.3,15.7,40.6,44.9,70.6,33.5,11.0,58.0,True,,,,,,,,,,,False,france,FRA,France,French Republic,FR,Europe & Central Asia,High income: OECD,True
U2005,Fujian Agriculture and Forestry University,China,,china,,,,,,,,,,,False,,30.450000000000003,18.3,15.5,62.0,34.8,32.7,17.1,1.0,53.0,True,1001.0,27.05,15.5,11.8,47.4,42.4,26.2,16.9,1.0,54.0,True,china,CHN,China,People's Republic of China,CN,East Asia & Pacific,Upper middle income,True
U2006,Fujita Health University,Japan,,japan,,,,,,,,,,,False,,30.450000000000003,27.6,13.0,55.4,53.3,22.3,3.6,1.0,58.0,True,801.0,31.85,25.1,11.7,64.0,40.2,20.5,3.8,1.0,57.0,True,japan,JPN,Japan,Japan,JP,East Asia & Pacific,High income: OECD,True
U2007,Gauhati University,India,,india,,,,,,,,,,,False,,30.450000000000003,36.2,26.6,23.3,34.3,22.2,17.3,0.0,53.0,True,,,,,,,,,,,False,india,IND,India,Republic of India,IN,South Asia,Lower middle income,True
U2008,Gdańsk University of Technology,Poland,,poland,,,,,,,,,,,False,,30.450000000000003,19.7,17.0,48.3,50.7,35.0,17.9,5.0,38.0,True,1201.0,21.35,17.7,15.1,33.3,45.0,29.9,19.9,5.0,38.0,True,poland,POL,Poland,Republic of Poland,PL,Europe & Central Asia,High income: OECD,True
U2009,GLA University,India,,india,,,,,,,,,,,False,,30.450000000000003,16.8,10.6,63.9,16.0,20.9,16.8,0.0,29.0,True,,,,,,,,17.2,0.0,27.0,True,india,IND,India,Republic of India,IN,South Asia,Lower middle income,True
U2010,University of Gujrat,Pakistan,,pakistan,,,,,,,,,,,False,,30.450000000000003,13.4,11.3,69.5,16.0,45.8,24.7,0.0,58.0,True,1001.0,27.05,14.6,10.5,58.5,36.9,40.4,23.5,0.0,58.0,True,pakistan,PAK,Pakistan,Islamic Republic of Pakistan,PK,South Asia,Lower middle income,True
U2011,Guru Ghasidas Vishwavidyalaya,India,,india,,,,,,,,,,,False,,30.450000000000003,16.6,9.8,63.7,21.6,22.3,21.7,0.0,40.0,True,,,,,,,,,,,False,india,IND,India,Republic of India,IN,South Asia,Lower middle income,True
U2012,Hakim Sabzevari University,Iran,,iran,,,,,,,,,,,False,,30.450000000000003,15.3,11.5,61.6,16.5,38.0,22.8,3.0,51.0,True,1001.0,27.05,16.2,9.9,56.8,37.0,33.5,19.8,4.0,53.0,True,iran,IRN,Iran,Islamic Republic of Iran,IR,Middle East & North Africa,Upper middle income,True
U2013,Hamamatsu University School of Medicine,Japan,,japan,,,,,,,,,,,False,,30.450000000000003,33.6,18.3,36.9,58.3,24.0,4.1,3.0,48.0,True,1001.0,27.05,28.6,18.3,30.2,41.4,21.0,4.6,2.0,49.0,True,japan,JPN,Japan,Japan,JP,East Asia & Pacific,High income: OECD,True
U2014,Huaqiao University,China,,china,,,,,,,,,,,False,,30.450000000000003,15.5,14.3,48.1,28.4,70.9,17.8,19.0,51.0,True,1001.0,27.05,15.3,12.0,40.2,38.8,59.5,17.2,18.0,53.0,True,china,CHN,China,People's Republic of China,CN,East Asia & Pacific,Upper middle income,True
U2015,Icesi University,Colombia,,colombia,,,,,,,,,,,False,,30.450000000000003,23.5,10.5,55.8,16.1,41.1,7.2,2.0,53.0,True,601.0,36.6,19.1,9.1,86.0,37.4,37.3,8.0,2.0,53.0,True,colombia,COL,Colombia,Republic of Colombia,CO,Latin America & Caribbean,Upper middle income,True
U2016,Ilmenau University of Technology,Germany,,germany,,,,,,,,,,,False,,30.450000000000003,31.0,21.4,32.8,64.9,57.1,18.4,31.0,28.0,True,1001.0,27.05,27.4,16.8,23.2,51.7,64.1,17.4,30.0,28.0,True,germany,DEU,Germany,Federal Republic of Germany,DE,Europe & Central Asia,High income: OECD,True
U2017,IMT Nord Europe,France,,france,,,,,,,,,,,False,,30.450000000000003,32.2,25.2,19.7,64.8,73.4,15.0,19.0,25.0,True,1001.0,27.05,29.0,26.5,17.1,73.6,74.2,16.1,21.0,23.0,True,france,FRA,France,French Republic,FR,Europe & Central Asia,High income: OECD,True
U2018,Indian Institute of Science Education and Research Kolkata,India,,india,,,,,,,,,,,False,,30.450000000000003,40.8,19.4,33.4,28.8,24.0,12.6,0.0,28.0,True,1001.0,27.05,29.1,16.5,31.7,39.7,19.6,12.3,0.0,28.0,True,india,IND,India,Republic of India,IN,South Asia,Lower middle income,True
U2019,Indian Institute of Technology Ropar,India,,india,,,,,,,,,,,False,,30.450000000000003,36.5,18.4,44.7,27.2,23.7,14.9,1.0,22.0,True,501.0,40.65,30.1,15.4,78.4,42.7,19.4,13.6,0.0,17.0,True,india,IND,India,Republic of India,IN,South Asia,Lower middle income,True
U2020,Indian Institute of Technology Mandi,India,,india,,,,,,,,,,,False,,30.450000000000003,36.5,13.4,49.2,18.3,26.8,12.9,1.0,27.0,True,1001.0,27.05,27.6,11.7,38.1,37.9,21.9,11.6,1.0,26.0,True,india,IND,India,Republic of India,IN,South Asia,Lower middle income,True
U2021,University of Isfahan,Iran,,iran,,,,,,,,,,,False,,30.450000000000003,30.4,16.8,40.9,26.2,35.5,24.0,8.0,58.0,True,1201.0,21.35,30.6,17.2,21.9,38.5,27.9,24.7,4.0,61.0,True,iran,IRN,Iran,Islamic Republic of Iran,IR,Middle East & North Africa,Upper middle income,True
U2022,The Islamia University of Bahawalpur,Pakistan,,pakistan,,,,,,,,,,,False,,30.450000000000003,16.4,11.4,66.7,18.2,48.2,47.8,0.0,42.0,True,801.0,31.85,21.4,12.1,62.9,37.1,43.2,28.5,0.0,46.0,True,pakistan,PAK,Pakistan,Islamic Republic of Pakistan,PK,South Asia,Lower middle income,True
U2023,Istanbul University-Cerrahpaşa,Turkey,,turkey,,,,,,,,,,,False,,30.450000000000003,26.0,24.1,41.7,59.8,26.9,27.8,6.0,52.0,True,1001.0,27.05,17.1,12.1,52.6,45.3,21.3,21.7,3.0,36.0,True,turkey,TUR,Turkey,Republic of Turkey,TR,Europe & Central Asia,Upper middle income,True
U2024,Iuliu Haţieganu University of Medicine and Pharmacy Cluj-Napoca,Romania,,romania,,,,,,,,,,,False,,30.450000000000003,25.8,10.9,54.3,25.2,50.2,8.9,36.0,66.0,True,801.0,31.85,20.7,9.2,61.7,37.3,52.1,7.9,33.0,66.0,True,romania,ROU,Romania,Romania,RO,Europe & Central Asia,Upper middle income,True
U2025,University of Jeddah,Saudi Arabia,,saudi arabia,,,,,,,,,,,False,,30.450000000000003,17.4,9.2,51.5,16.0,73.2,14.6,2.0,67.0,True,1001.0,27.05,16.5,8.8,48.6,37.9,71.4,13.9,2.0,67.0,True,saudi arabia,SAU,Saudi Arabia,Kingdom of Saudi Arabia,SA,Middle East & North Africa,High income: nonOECD,True
U2026,Jimma University,Ethiopia,,ethiopia,,,,,,,,,,,False,,30.450000000000003,16.4,8.9,60.2,16.2,39.2,14.9,1.0,38.0,True,501.0,40.65,14.7,9.5,100.0,37.5,39.5,16.3,0.0,30.0,True,ethiopia,ETH,Ethiopia,Federal Democratic Republic of Ethiopia,ET,Sub-Saharan Africa,Low income,True
U2027,Kansai Medical University,Japan,,japan,,,,,,,,,,,False,,30.450000000000003,30.0,10.6,51.6,47.9,21.0,1.6,3.0,55.0,True,601.0,36.6,27.6,8.5,82.6,38.1,18.2,1.3,2.0,52.0,True,japan,JPN,Japan,Japan,JP,East Asia & Pacific,High income: OECD,True
U2028,Karlstad University,Sweden,,sweden,,,,,,,,,,,False,,30.450000000000003,19.9,14.4,53.8,29.4,57.4,12.8,2.0,63.0,True,801.0,31.85,17.3,14.4,54.6,37.5,41.2,14.0,5.0,63.0,True,sweden,SWE,Sweden,Kingdom of Sweden,SE,Europe & Central Asia,High income: OECD,True
U2029,Karnatak University Dharwad,India,,india,,,,,,,,,,,False,,30.450000000000003,35.1,9.7,52.5,21.6,27.8,12.1,0.0,53.0,True,,,,,,,,,,,False,india,IND,India,Republic of India,IN,South Asia,Lower middle income,True
U2030,Kerman University of Medical Sciences,Iran,,iran,,,,,,,,,,,False,,30.450000000000003,32.7,11.8,51.2,20.5,25.6,3.9,3.0,53.0,True,801.0,31.85,30.6,9.9,51.2,41.0,20.8,3.4,2.0,53.0,True,iran,IRN,Iran,Islamic Republic of Iran,IR,Middle East & North Africa,Upper middle income,True
U2031,Kindai University,Japan,,japan,,,,,,,,,,,False,,30.450000000000003,18.4,11.8,51.9,50.2,30.9,17.7,2.0,32.0,True,801.0,31.85,19.7,11.0,59.8,41.3,27.6,14.6,2.0,32.0,True,japan,JPN,Japan,Japan,JP,East Asia & Pacific,High income: OECD,True
U2032,Kohat University of Science and Technology,Pakistan,,pakistan,,,,,,,,,,,False,,30.450000000000003,21.9,14.2,49.0,20.8,59.5,43.0,0.0,26.0,True,,,,,,,,,,,False,pakistan,PAK,Pakistan,Islamic Republic of Pakistan,PK,South Asia,Lower middle income,True
U2033,Kurume University,Japan,,japan,,,,,,,,,,,False,,30.450000000000003,27.5,13.6,48.4,44.7,26.3,9.0,1.0,53.0,True,801.0,31.85,23.0,11.0,60.5,39.4,23.8,7.6,2.0,53.0,True,japan,JPN,Japan,Japan,JP,East Asia & Pacific,High income: OECD,True
U2034,University of La Laguna,Spain,,spain,,,,,,,,,,,False,,30.450000000000003,21.9,15.8,54.7,28.7,50.7,13.3,5.0,58.0,True,801.0,31.85,18.2,14.2,55.2,38.4,47.9,12.8,5.0,58.0,True,spain,ESP,Spain,Kingdom of Spain,ES,Europe & Central Asia,High income: OECD,True
U2035,University of Las Palmas de Gran Canaria,Spain,,spain,,,,,,,,,,,False,,30.450000000000003,19.8,16.1,45.6,25.2,42.1,17.0,6.0,57.0,True,1001.0,27.05,16.5,15.0,44.6,36.9,41.5,16.9,8.0,58.0,True,spain,ESP,Spain,Kingdom of Spain,ES,Europe & Central Asia,High income: OECD,True
U2036,University of León,Spain,,spain,,,,,,,,,,,False,,30.450000000000003,23.2,13.6,46.7,70.3,36.5,12.1,4.0,53.0,True,1001.0,27.05,17.8,13.6,46.3,38.6,34.1,15.3,5.0,56.0,True,spain,ESP,Spain,Kingdom of Spain,ES,Europe & Central Asia,High income: OECD,True
U2037,Lorestan University,Iran,,iran,,,,,,,,,,,False,,30.450000000000003,27.2,11.1,51.2,18.3,25.7,22.7,2.0,57.0,True,1001.0,27.05,24.3,11.1,50.0,37.1,21.8,23.6,1.0,57.0,True,iran,IRN,Iran,Islamic Republic of Iran,IR,Middle East & North Africa,Upper middle income,True
U2038,Mae Fah Luang University,Thailand,,thailand,,,,,,,,,,,False,,30.450000000000003,16.2,14.6,47.5,39.6,54.0,20.7,5.0,72.0,True,801.0,31.85,15.5,12.4,58.8,38.8,47.0,21.0,4.0,73.0,True,thailand,THA,Thailand,Kingdom of Thailand,TH,East Asia & Pacific,Upper middle income,True
U2039,Maharishi Markandeshwar University (MMU),India,,india,,,,,,,,,,,False,,30.450000000000003,26.9,8.9,53.8,17.6,34.3,12.6,8.0,43.0,True,601.0,36.6,19.9,8.2,76.8,37.3,26.6,13.3,10.0,43.0,True,india,IND,India,Republic of India,IN,South Asia,Lower middle income,True
U2040,University of Malaga,Spain,,spain,,,,,,,,,,,False,,30.450000000000003,21.5,16.0,43.2,51.5,42.2,13.3,6.0,54.0,True,1201.0,21.35,17.2,14.6,30.8,39.8,39.1,13.8,6.0,54.0,True,spain,ESP,Spain,Kingdom of Spain,ES,Europe & Central Asia,High income: OECD,True
U2041,University of Maragheh,Iran,,iran,,,,,,,,,,,False,,30.450000000000003,12.1,16.6,55.7,17.5,34.0,23.6,0.0,55.0,True,1001.0,27.05,15.1,12.4,55.7,36.9,27.4,19.9,0.0,56.0,True,iran,IRN,Iran,Islamic Republic of Iran,IR,Middle East & North Africa,Upper middle income,True
U2042,University of Mazandaran,Iran,,iran,,,,,,,,,,,False,,30.450000000000003,27.5,18.9,39.1,24.7,32.1,32.3,7.0,62.0,True,1001.0,27.05,25.2,15.0,38.1,38.1,27.0,33.1,6.0,62.0,True,iran,IRN,Iran,Islamic Republic of Iran,IR,Middle East & North Africa,Upper middle income,True
U2043,Medical University of Bialystok,Poland,,poland,,,,,,,,,,,False,,30.450000000000003,39.0,11.8,40.0,39.1,29.9,13.1,8.0,77.0,True,1001.0,27.05,37.1,10.5,30.9,39.5,28.0,12.7,8.0,76.0,True,poland,POL,Poland,Republic of Poland,PL,Europe & Central Asia,High income: OECD,True
U2044,Medical University of Gdańsk,Poland,,poland,,,,,,,,,,,False,,30.450000000000003,28.7,10.6,47.9,39.6,43.8,5.4,17.0,73.0,True,801.0,31.85,25.3,9.3,55.7,37.0,41.9,5.6,16.0,65.0,True,poland,POL,Poland,Republic of Poland,PL,Europe & Central Asia,High income: OECD,True
U2045,Medical University of Warsaw,Poland,,poland,,,,,,,,,,,False,,30.450000000000003,26.5,13.5,43.6,43.3,31.0,6.4,8.0,71.0,True,,,,,,,,,,,False,poland,POL,Poland,Republic of Poland,PL,Europe & Central Asia,High income: OECD,True
U2046,"Mehran University of Engineering and Technology, Jamshoro, Pakistan",Pakistan,,pakistan,,,,,,,,,,,False,,30.450000000000003,17.1,8.1,55.6,16.9,50.0,19.9,0.0,21.0,True,,,,,,,,,,,False,pakistan,PAK,Pakistan,Islamic Republic of Pakistan,PK,South Asia,Lower middle income,True
U2047,Miguel Hernández University of Elche,Spain,,spain,,,,,,,,,,,False,,30.450000000000003,20.4,17.8,43.8,70.7,41.2,16.5,8.0,50.0,True,1001.0,27.05,17.5,16.1,40.5,40.0,38.6,17.0,7.0,48.0,True,spain,ESP,Spain,Kingdom of Spain,ES,Europe & Central Asia,High income: OECD,True
U2048,Ming Chi University of Technology,Taiwan,,taiwan,,,,,,,,,,,False,,30.450000000000003,16.4,25.1,43.4,47.1,29.5,18.6,2.0,25.0,True,1201.0,21.35,16.4,19.8,29.4,53.3,25.6,19.5,2.0,26.0,True,taiwan,,,,,,,False
U2049,Minia University,Egypt,,egypt,,,,,,,,,,,False,,30.450000000000003,17.2,9.5,66.0,19.2,49.6,17.7,1.0,54.0,True,601.0,36.6,15.9,8.5,74.9,37.1,46.2,17.9,1.0,54.0,True,egypt,EGY,Egypt,Arab Republic of Egypt,EG,Middle East & North Africa,Lower middle income,True
U2050,Mirpur University of Science and Technology,Pakistan,,pakistan,,,,,,,,,,,False,,30.450000000000003,11.5,9.4,60.0,15.8,48.6,23.6,0.0,44.0,True,,,,,,,,19.8,0.0,44.0,True,pakistan,PAK,Pakistan,Islamic Republic of Pakistan,PK,South Asia,Lower middle income,True
U2051,Montanuniversität Leoben,Austria,,austria,,,,,,,,,,,False,,30.450000000000003,35.2,13.7,31.6,58.8,77.4,4.2,17.0,26.0,True,,,,,,,,,,,False,austria,AUT,Austria,Republic of Austria,AT,Europe & Central Asia,High income: OECD,True
U2052,Muhimbili University of Health and Allied Sciences,Tanzania,,tanzania,,,,,,,,,,,False,,30.450000000000003,18.0,13.1,55.3,23.5,50.5,14.0,2.0,33.0,True,401.0,43.5,17.0,11.0,99.9,39.1,49.2,11.3,3.0,41.0,True,tanzania,TZA,Tanzania,United Republic of Tanzania,TZ,Sub-Saharan Africa,Low income,True
U2053,Nagoya City University,Japan,,japan,,,,,,,,,,,False,,30.450000000000003,30.4,17.5,32.6,73.2,23.6,7.4,3.0,53.0,True,1201.0,21.35,24.5,15.8,24.1,51.2,21.7,7.5,4.0,48.0,True,japan,JPN,Japan,Japan,JP,East Asia & Pacific,High income: OECD,True
U2054,Najran University,Saudi Arabia,,saudi arabia,,,,,,,,,,,False,,30.450000000000003,13.0,9.8,63.4,16.1,76.1,18.2,2.0,62.0,True,,,,,,,,16.9,1.0,69.0,True,saudi arabia,SAU,Saudi Arabia,Kingdom of Saudi Arabia,SA,Middle East & North Africa,High income: nonOECD,True
U2055,National University of Computer and Emerging Sciences,Pakistan,,pakistan,,,,,,,,,,,False,,30.450000000000003,12.5,8.9,60.2,19.0,52.9,24.0,3.0,24.0,True,,,,,,,,14.8,2.0,22.0,True,pakistan,PAK,Pakistan,Islamic Republic of Pakistan,PK,South Asia,Lower middle income,True
U2056,National Institute of Technology Warangal,India,,india,,,,,,,,,,,False,,30.450000000000003,25.1,13.6,50.8,18.4,24.1,19.8,5.0,21.0,True,,,,,,,,,,,False,india,IND,India,Republic of India,IN,South Asia,Lower middle income,True
U2057,Necmettin Erbakan University,Turkey,,turkey,,,,,,,,,,,False,,30.450000000000003,37.2,14.1,39.0,21.4,38.7,12.8,13.0,52.0,True,1001.0,27.05,33.7,12.7,26.9,39.6,31.5,13.4,13.0,51.0,True,turkey,TUR,Turkey,Republic of Turkey,TR,Europe & Central Asia,Upper middle income,True
U2058,Nicolaus Copernicus University in Toruń,Poland,,poland,,,,,,,,,,,False,,30.450000000000003,23.8,21.1,38.0,30.8,33.6,12.0,5.0,67.0,True,1201.0,21.35,19.3,19.0,30.3,38.3,30.5,13.0,4.0,67.0,True,poland,POL,Poland,Republic of Poland,PL,Europe & Central Asia,High income: OECD,True
U2059,Nile University,Egypt,,egypt,,,,,,,,,,,False,,30.450000000000003,17.3,13.3,59.7,42.4,31.6,14.4,2.0,32.0,True,,,,,,,,14.4,2.0,28.0,True,egypt,EGY,Egypt,Arab Republic of Egypt,EG,Middle East & North Africa,Lower middle income,True
U2060,Nippon Medical School,Japan,,japan,,,,,,,,,,,False,,30.450000000000003,28.5,10.7,57.1,50.3,20.5,0.9,0.0,37.0,True,801.0,31.85,26.8,9.5,64.4,37.3,18.4,0.9,0.0,37.0,True,japan,JPN,Japan,Japan,JP,East Asia & Pacific,High income: OECD,True
U2061,Northwest University,China,,china,,,,,,,,,,,False,,30.450000000000003,24.4,15.3,51.5,35.3,25.0,13.3,1.0,52.0,True,1001.0,27.05,21.5,14.5,40.1,41.5,21.4,14.0,1.0,53.0,True,china,CHN,China,People's Republic of China,CN,East Asia & Pacific,Upper middle income,True
U2062,Oakland University,United States,,united states,,,,,,,,,,,False,,30.450000000000003,25.5,15.9,44.5,47.7,39.4,17.6,4.0,58.0,True,1001.0,27.05,29.0,15.7,31.3,37.1,33.6,17.8,4.0,58.0,True,united states,USA,United States,United States of America,US,North America,High income: OECD,True
U2063,"University of Occupational and Environmental Health, Japan",Japan,,japan,,,,,,,,,,,False,,30.450000000000003,30.2,11.7,54.8,46.8,22.5,2.5,1.0,52.0,True,601.0,36.6,27.1,10.8,78.6,42.1,20.3,2.5,2.0,52.0,True,japan,JPN,Japan,Japan,JP,East Asia & Pacific,High income: OECD,True
U2064,University of Pécs,Hungary,,hungary,,,,,,,,,,,False,,30.450000000000003,39.1,16.5,29.9,32.0,54.3,13.7,24.0,59.0,True,1001.0,27.05,38.3,13.0,27.2,38.7,56.3,12.6,23.0,57.0,True,hungary,HUN,Hungary,Hungary,HU,Europe & Central Asia,Upper middle income,True
U2065,Universidad Peruana Cayetano Heredia,Peru,,peru,,,,,,,,,,,False,,30.450000000000003,16.9,12.9,53.3,29.8,49.8,15.6,1.0,66.0,True,601.0,36.6,20.7,12.0,80.9,41.9,47.2,6.7,0.0,67.0,True,peru,PER,Peru,Republic of Peru,PE,Latin America & Caribbean,Upper middle income,True
U2066,PMAS Arid Agriculture University Rawalpindi,Pakistan,,pakistan,,,,,,,,,,,False,,30.450000000000003,18.8,11.3,53.9,19.1,47.8,44.7,0.0,37.0,True,1001.0,27.05,26.4,11.2,35.5,36.9,43.1,44.8,0.0,37.0,True,pakistan,PAK,Pakistan,Islamic Republic of Pakistan,PK,South Asia,Lower middle income,True
U2067,Pontifical Catholic University of Rio Grande do Sul (PUCRS),Brazil,,brazil,,,,,,,,,,,False,,30.450000000000003,32.9,16.9,42.3,39.2,35.1,21.1,1.0,51.0,True,801.0,31.85,25.6,17.1,50.2,41.7,29.6,21.3,1.0,52.0,True,brazil,BRA,Brazil,Federative Republic of Brazil,BR,Latin America & Caribbean,Upper middle income,True
U2068,Poznan University of Medical Sciences,Poland,,poland,,,,,,,,,,,False,,30.450000000000003,27.1,13.4,41.2,44.4,34.1,6.0,11.0,73.0,True,1201.0,21.35,22.1,12.2,30.7,46.7,35.3,6.0,14.0,72.0,True,poland,POL,Poland,Republic of Poland,PL,Europe & Central Asia,High income: OECD,True
U2069,Public University of Navarre,Spain,,spain,,,,,,,,,,,False,,30.450000000000003,22.4,14.3,49.5,38.3,46.5,11.8,6.0,52.0,True,1001.0,27.05,20.0,13.5,42.5,39.0,46.6,11.2,8.0,51.0,True,spain,ESP,Spain,Kingdom of Spain,ES,Europe & Central Asia,High income: OECD,True
U2070,University of Rajshahi,Bangladesh,,bangladesh,,,,,,,,,,,False,,30.450000000000003,15.9,9.3,59.3,17.6,39.6,20.4,0.0,34.0,True,,,,,,,,,,,False,bangladesh,BGD,Bangladesh,People's Republic of Bangladesh,BD,South Asia,Low income,True
U2071,Razi University,Iran,,iran,,,,,,,,,,,False,,30.450000000000003,27.8,14.0,43.2,38.5,26.5,22.9,4.0,60.0,True,,,,,,,,,,,False,iran,IRN,Iran,Islamic Republic of Iran,IR,Middle East & North Africa,Upper middle income,True
U2072,Riphah International University,Pakistan,,pakistan,,,,,,,,,,,False,,30.450000000000003,14.2,9.6,67.1,16.0,48.7,18.4,0.0,51.0,True,601.0,36.6,13.6,9.0,82.8,37.0,44.5,21.5,0.0,50.0,True,pakistan,PAK,Pakistan,Islamic Republic of Pakistan,PK,South Asia,Lower middle income,True
U2073,Rowan University,United States,,united states,,,,,,,,,,,False,,30.450000000000003,26.6,12.4,45.9,30.8,39.0,14.5,3.0,49.0,True,1001.0,27.05,30.7,11.3,45.6,37.3,31.3,14.4,3.0,47.0,True,united states,USA,United States,United States of America,US,North America,High income: OECD,True
U2074,Sahand University of Technology,Iran,,iran,,,,,,,,,,,False,,30.450000000000003,20.6,14.6,57.4,37.9,22.6,27.2,1.0,43.0,True,1001.0,27.05,20.2,15.6,48.7,55.1,19.3,24.5,0.0,35.0,True,iran,IRN,Iran,Islamic Republic of Iran,IR,Middle East & North Africa,Upper middle income,True
U2075,Universidad San Francisco de Quito,Ecuador,,ecuador,,,,,,,,,,,False,,30.450000000000003,22.3,11.1,48.9,17.4,67.0,10.2,2.0,50.0,True,1001.0,27.05,16.7,9.8,42.8,37.7,65.6,13.6,5.0,49.0,True,ecuador,ECU,Ecuador,Republic of Ecuador,EC,Latin America & Caribbean,Upper middle income,True
U2076,University of Sargodha,Pakistan,,pakistan,,,,,,,,,,,False,,30.450000000000003,27.6,11.9,50.5,17.7,48.1,24.3,0.0,55.0,True,1001.0,27.05,28.1,10.7,39.2,37.3,43.2,31.0,0.0,53.0,True,pakistan,PAK,Pakistan,Islamic Republic of Pakistan,PK,South Asia,Lower middle income,True
U2077,Semnan University,Iran,,iran,,,,,,,,,,,False,,30.450000000000003,30.7,12.8,50.7,18.4,22.4,15.1,1.0,55.0,True,1201.0,21.35,17.9,11.1,40.7,37.4,19.6,13.7,1.0,50.0,True,iran,IRN,Iran,Islamic Republic of Iran,IR,Middle East & North Africa,Upper middle income,True
U2078,University of Sfax,Tunisia,,tunisia,,,,,,,,,,,False,,30.450000000000003,33.7,13.9,40.5,34.5,44.7,12.6,3.0,65.0,True,1201.0,21.35,25.2,14.0,22.6,37.3,43.6,12.9,2.0,68.0,True,tunisia,TUN,Tunisia,Republic of Tunisia,TN,Middle East & North Africa,Upper middle income,True
U2079,​Shahid Chamran University of Ahvaz,Iran,,iran,,,,,,,,,,,False,,30.450000000000003,29.6,19.3,34.5,51.8,27.2,25.2,5.0,53.0,True,1201.0,21.35,22.1,17.2,22.5,79.3,22.3,25.6,4.0,58.0,True,iran,IRN,Iran,Islamic Republic of Iran,IR,Middle East & North Africa,Upper middle income,True
U2080,Shahrekord University,Iran,,iran,,,,,,,,,,,False,,30.450000000000003,19.4,13.5,55.8,17.9,22.1,20.3,0.0,56.0,True,1001.0,27.05,17.7,12.7,48.7,37.7,19.3,21.1,0.0,56.0,True,iran,IRN,Iran,Islamic Republic of Iran,IR,Middle East & North Africa,Upper middle income,True
U2081,Shahrood University of Technology,Iran,,iran,,,,,,,,,,,False,,30.450000000000003,28.3,17.2,52.4,18.7,32.4,20.7,1.0,46.0,True,1001.0,27.05,25.1,16.6,46.1,37.6,28.1,21.1,1.0,44.0,True,iran,IRN,Iran,Islamic Republic of Iran,IR,Middle East & North Africa,Upper middle income,True
U2082,Shanghai Maritime University,China,,china,,,,,,,,,,,False,,30.450000000000003,16.8,12.8,51.8,37.4,36.0,16.7,2.0,45.0,True,1001.0,27.05,15.8,11.2,50.6,48.4,32.0,16.7,2.0,46.0,True,china,CHN,China,People's Republic of China,CN,East Asia & Pacific,Upper middle income,True
U2083,Siberian Federal University,Russian Federation,,russia,,,,,,,,,,,False,,30.450000000000003,30.4,24.2,26.9,55.3,59.5,18.3,13.0,51.0,True,,,,,,,,,,,False,russia,RUS,Russia,Russian Federation,RU,Europe & Central Asia,High income: nonOECD,True
U2084,Sidi Mohamed Ben Abdellah University,Morocco,,morocco,,,,,,,,,,,False,,30.450000000000003,26.6,11.3,50.6,16.9,25.3,55.6,1.0,51.0,True,1001.0,27.05,23.9,10.4,40.7,36.9,23.4,53.3,2.0,48.0,True,morocco,MAR,Morocco,Kingdom of Morocco,MA,Middle East & North Africa,Lower middle income,True
U2085,University of Social Welfare and Rehabilitation Sciences,Iran,,iran,,,,,,,,,,,False,,30.450000000000003,33.6,19.9,33.6,27.9,34.9,10.8,2.0,70.0,True,1001.0,27.05,29.4,19.5,33.1,41.4,33.1,10.9,2.0,68.0,True,iran,IRN,Iran,Islamic Republic of Iran,IR,Middle East & North Africa,Upper middle income,True
U2086,University of South Bohemia in České Budějovice,Czech Republic,,czech republic,,,,,,,,,,,False,,30.450000000000003,21.4,18.2,51.0,19.5,53.0,14.6,7.0,70.0,True,801.0,31.85,19.4,17.1,46.9,36.9,51.2,13.8,7.0,69.0,True,czech republic,CZE,Czech Republic,Czech Republic,CZ,Europe & Central Asia,High income: OECD,True
U2087,University of South Dakota,United States,,united states,,,,,,,,,,,False,,30.450000000000003,34.5,15.9,33.6,36.0,29.6,16.0,3.0,63.0,True,1001.0,27.05,35.2,15.0,30.1,36.9,24.9,14.7,3.0,63.0,True,united states,USA,United States,United States of America,US,North America,High income: OECD,True
U2088,University of the South Pacific,Fiji,,fiji,,,,,,,,,,,False,,30.450000000000003,14.1,17.6,53.5,43.0,62.9,36.9,1.0,59.0,True,1001.0,27.05,15.8,16.3,45.3,43.1,69.0,36.6,1.0,58.0,True,fiji,FJI,Fiji,Republic of Fiji,FJ,East Asia & Pacific,Upper middle income,True
U2089,University of South Wales,United Kingdom,,united kingdom,,,,,,,,,,,False,,30.450000000000003,18.3,11.8,42.0,56.5,77.2,16.0,21.0,53.0,True,1001.0,27.05,16.9,11.0,33.0,38.5,70.9,15.4,21.0,53.0,True,united kingdom,GBR,United Kingdom,United Kingdom of Great Britain and Northern Ireland,GB,Europe & Central Asia,High income: OECD,True
U2090,Staffordshire University,United Kingdom,,united kingdom,,,,,,,,,,,False,,30.450000000000003,17.9,11.5,48.0,21.5,64.8,17.6,12.0,48.0,True,1201.0,21.35,17.7,11.4,33.8,37.0,56.4,17.5,13.0,49.0,True,united kingdom,GBR,United Kingdom,United Kingdom of Great Britain and Northern Ireland,GB,Europe & Central Asia,High income: OECD,True
U2091,Suez University,Egypt,,egypt,,,,,,,,,,,False,,30.450000000000003,13.0,8.3,70.9,24.4,48.9,20.3,2.0,54.0,True,,,,,,,,21.8,2.0,55.0,True,egypt,EGY,Egypt,Arab Republic of Egypt,EG,Middle East & North Africa,Lower middle income,True
U2092,SWPS University,Poland,,poland,,,,,,,,,,,False,,30.450000000000003,12.8,16.4,53.0,16.2,52.7,39.0,7.0,77.0,True,,,,,,,,,,,False,poland,POL,Poland,Republic of Poland,PL,Europe & Central Asia,High income: OECD,True
U2093,Symbiosis International University,India,,india,,,,,,,,,,,False,,30.450000000000003,22.1,12.1,62.7,18.0,40.8,13.0,6.0,48.0,True,801.0,31.85,18.6,10.2,73.4,37.3,28.7,13.0,6.0,54.0,True,india,IND,India,Republic of India,IN,South Asia,Lower middle income,True
U2094,Technical University of Cartagena,Spain,,spain,,,,,,,,,,,False,,30.450000000000003,25.1,12.7,42.9,36.3,40.7,10.1,8.0,28.0,True,1001.0,27.05,22.3,12.5,34.8,40.1,38.9,10.0,9.0,27.0,True,spain,ESP,Spain,Kingdom of Spain,ES,Europe & Central Asia,High income: OECD,True
U2095,University of Technology of Troyes,France,,france,,,,,,,,,,,False,,30.450000000000003,31.5,11.9,29.1,42.0,74.8,20.1,22.0,25.0,True,1201.0,21.35,23.5,11.0,22.3,42.0,69.4,19.4,23.0,24.0,True,france,FRA,France,French Republic,FR,Europe & Central Asia,High income: OECD,True
U2096,Teesside University,United Kingdom,,united kingdom,,,,,,,,,,,False,,30.450000000000003,19.6,13.1,52.7,19.7,81.0,19.4,25.0,57.0,True,1001.0,27.05,19.1,12.7,42.5,37.2,69.1,19.3,20.0,57.0,True,united kingdom,GBR,United Kingdom,United Kingdom of Great Britain and Northern Ireland,GB,Europe & Central Asia,High income: OECD,True
U2097,Texas State University,United States,,united states,,,,,,,,,,,False,,30.450000000000003,17.8,16.0,47.8,31.6,43.9,20.0,1.0,60.0,True,1201.0,21.35,19.1,16.2,31.1,39.8,35.0,19.3,1.0,59.0,True,united states,USA,United States,United States of America,US,North America,High income: OECD,True
U2098,TOBB University of Economics and Technology,Turkey,,turkey,,,,,,,,,,,False,,30.450000000000003,17.9,14.3,48.2,48.8,40.5,14.3,1.0,47.0,True,1201.0,21.35,19.0,11.4,30.3,39.0,27.6,12.8,1.0,47.0,True,turkey,TUR,Turkey,Republic of Turkey,TR,Europe & Central Asia,Upper middle income,True
U2099,Toyohashi University of Technology (TUT),Japan,,japan,,,,,,,,,,,False,,30.450000000000003,28.7,24.0,24.7,89.8,43.5,10.8,15.0,13.0,True,1201.0,21.35,22.6,21.3,11.7,56.6,36.8,10.6,14.0,12.0,True,japan,JPN,Japan,Japan,JP,East Asia & Pacific,High income: OECD,True
U2100,Toyota Technological Institute,Japan,,japan,,,,,,,,,,,False,,30.450000000000003,28.7,16.2,38.4,57.2,33.2,9.7,1.0,8.0,True,1001.0,27.05,23.5,17.5,30.4,59.9,26.0,9.4,2.0,8.0,True,japan,JPN,Japan,Japan,JP,East Asia & Pacific,High income: OECD,True
U2101,Ural Federal University,Russian Federation,,russia,,,,,,,,,,,False,,30.450000000000003,24.9,25.9,34.7,50.6,59.8,14.0,16.0,50.0,True,,,,,,,,,,,False,russia,RUS,Russia,Russian Federation,RU,Europe & Central Asia,High income: nonOECD,True
U2102,University of Urbino Carlo Bo,Italy,,italy,,,,,,,,,,,False,,30.450000000000003,15.8,17.8,52.2,33.1,52.5,39.0,6.0,63.0,True,801.0,31.85,16.2,17.1,59.1,42.7,49.3,42.1,6.0,62.0,True,italy,ITA,Italy,Italian Republic,IT,Europe & Central Asia,High income: OECD,True
U2103,Urmia University of Technology,Iran,,iran,,,,,,,,,,,False,,30.450000000000003,11.4,16.8,59.9,16.6,27.7,30.7,0.0,30.0,True,,,,,,,,,,,False,iran,IRN,Iran,Islamic Republic of Iran,IR,Middle East & North Africa,Upper middle income,True
U2104,USAMV Cluj-Napoca,Romania,,romania,,,,,,,,,,,False,,30.450000000000003,19.9,9.1,54.5,23.8,40.0,17.7,7.0,53.0,True,1201.0,21.35,16.8,9.1,40.1,38.4,38.9,18.5,7.0,52.0,True,romania,ROU,Romania,Romania,RO,Europe & Central Asia,Upper middle income,True
U2105,Wakayama Medical University,Japan,,japan,,,,,,,,,,,False,,30.450000000000003,33.8,12.7,49.5,59.1,19.6,4.3,0.0,45.0,True,,,,,,,,,,,False,japan,JPN,Japan,Japan,JP,East Asia & Pacific,High income: OECD,True
U2106,The University of the West Indies,Jamaica,,jamaica,,,,,,,,,,,False,,30.450000000000003,19.7,11.8,51.9,31.5,47.3,16.3,1.0,68.0,True,501.0,40.65,17.6,10.8,90.3,38.9,58.1,17.0,1.0,71.0,True,jamaica,JAM,Jamaica,Jamaica,JM,Latin America & Caribbean,Upper middle income,True
U2107,University of West London,United Kingdom,,united kingdom,,,,,,,,,,,False,,30.450000000000003,19.7,9.7,47.8,16.2,91.7,12.9,45.0,59.0,True,,,,,,,,15.9,42.0,60.0,True,united kingdom,GBR,United Kingdom,United Kingdom of Great Britain and Northern Ireland,GB,Europe & Central Asia,High income: OECD,True
U2108,University of Winchester,United Kingdom,,united kingdom,,,,,,,,,,,False,,30.450000000000003,18.9,16.3,50.5,16.0,59.8,17.4,10.0,65.0,True,801.0,31.85,16.7,15.7,61.1,37.0,52.8,16.8,10.0,66.0,True,united kingdom,GBR,United Kingdom,United Kingdom of Great Britain and Northern Ireland,GB,Europe & Central Asia,High income: OECD,True
U2109,University of Wrocław,Poland,,poland,,,,,,,,,,,False,,30.450000000000003,24.3,25.9,35.9,25.6,44.1,15.1,7.0,67.0,True,1201.0,21.35,21.0,24.0,20.1,37.4,41.0,16.4,7.0,67.0,True,poland,POL,Poland,Republic of Poland,PL,Europe & Central Asia,High income: OECD,True
U2110,Yazd University,Iran,,iran,,,,,,,,,,,False,,30.450000000000003,25.3,17.3,44.7,39.4,36.1,29.7,3.0,57.0,True,1201.0,21.35,19.3,14.8,28.1,37.2,28.3,30.3,2.0,56.0,True,iran,IRN,Iran,Islamic Republic of Iran,IR,Middle East & North Africa,Upper middle income,True
U2111,Zewail City of Science and Technology,Egypt,,egypt,,,,,,,,,,,False,,30.450000000000003,25.8,17.3,53.9,20.5,37.7,9.8,0.0,48.0,True,801.0,31.85,23.4,16.4,56.6,41.0,31.4,11.6,0.0,42.0,True,egypt,EGY,Egypt,Arab Republic of Egypt,EG,Middle East & North Africa,Lower middle income,True
U2112,Zhejiang University of Finance and Economics,China,,china,,,,,,,,,,,False,,30.450000000000003,14.0,13.3,67.0,37.5,30.5,22.5,3.0,63.0,True,801.0,31.85,14.0,11.3,64.8,38.6,25.2,21.3,3.0,63.0,True,china,CHN,China,People's Republic of China,CN,East Asia & Pacific,Upper middle income,True
U2113,University of Žilina,Slovakia,,slovakia,,,,,,,,,,,False,,30.450000000000003,27.7,18.0,48.2,30.6,31.8,14.0,3.0,32.0,True,1001.0,27.05,21.3,18.2,29.7,45.3,33.0,13.4,3.0,35.0,True,slovak republic,SVK,Slovak Republic,Slovak Republic,SK,Europe & Central Asia,High income: OECD,True
U2114,Acharya Nagarjuna University,India,,india,,,,,,,,,,,False,,25.5,44.8,9.6,21.2,26.0,29.2,7.3,7.0,32.0,True,1201.0,21.35,42.4,9.7,18.2,42.5,24.1,7.9,7.0,38.0,True,india,IND,India,Republic of India,IN,South Asia,Lower middle income,True
U2115,Adolfo Ibáñez University,Chile,,chile,,,,,,,,,,,False,,25.5,14.8,17.4,39.2,17.1,64.1,25.0,5.0,38.0,True,1201.0,21.35,15.6,17.2,20.0,38.1,60.4,25.7,5.0,38.0,True,chile,CHL,Chile,Republic of Chile,CL,Latin America & Caribbean,High income: OECD,True
U2116,"The University of Agriculture, Peshawar",Pakistan,,pakistan,,,,,,,,,,,False,,25.5,15.6,10.2,36.5,22.3,48.1,35.3,1.0,9.0,True,,,,,,,,,,,False,pakistan,PAK,Pakistan,Islamic Republic of Pakistan,PK,South Asia,Lower middle income,True
U2117,Universitas Airlangga,Indonesia,,indonesia,,,,,,,,,,,False,,25.5,28.5,12.5,31.9,19.1,57.3,7.2,3.0,67.0,True,1201.0,21.35,23.4,10.5,27.6,38.4,38.5,7.7,2.0,66.0,True,indonesia,IDN,Indonesia,Republic of Indonesia,ID,East Asia & Pacific,Lower middle income,True
U2118,Allameh Tabataba ’i University,Iran,,iran,,,,,,,,,,,False,,25.5,29.1,14.2,28.5,19.0,32.4,29.7,3.0,57.0,True,,,,,,,,,,,False,iran,IRN,Iran,Islamic Republic of Iran,IR,Middle East & North Africa,Upper middle income,True
U2119,Al-Nahrain University,Iraq,,iraq,,,,,,,,,,,False,,25.5,27.9,8.7,34.1,16.6,25.4,5.9,0.0,55.0,True,,,,,,,,6.2,0.0,49.0,True,iraq,IRQ,Iraq,Republic of Iraq,IQ,Middle East & North Africa,Upper middle income,True
U2120,University of Al-Qadisiyah,Iraq,,iraq,,,,,,,,,,,False,,25.5,18.5,7.8,55.0,16.7,26.3,16.4,0.0,55.0,True,,,,,,,,,,,False,iraq,IRQ,Iraq,Republic of Iraq,IQ,Middle East & North Africa,Upper middle income,True
U2121,"University of the Andes, Chile",Chile,,chile,,,,,,,,,,,False,,25.5,20.6,15.7,30.1,17.2,50.0,17.9,2.0,66.0,True,1201.0,21.35,17.8,14.3,28.0,40.2,48.1,18.9,3.0,58.0,True,chile,CHL,Chile,Republic of Chile,CL,Latin America & Caribbean,High income: OECD,True
U2122,University of Antofagasta,Chile,,chile,,,,,,,,,,,False,,25.5,16.9,9.4,51.7,17.2,53.2,15.9,2.0,55.0,True,601.0,36.6,14.8,9.5,81.0,36.9,52.4,20.4,2.0,56.0,True,chile,CHL,Chile,Republic of Chile,CL,Latin America & Caribbean,High income: OECD,True
U2123,University of Antioquia,Colombia,,colombia,,,,,,,,,,,False,,25.5,17.7,20.3,33.5,37.0,40.9,21.1,0.0,51.0,True,1201.0,21.35,17.2,14.9,25.0,43.3,37.8,21.5,0.0,51.0,True,colombia,COL,Colombia,Republic of Colombia,CO,Latin America & Caribbean,Upper middle income,True
U2124,Ariel University,Israel,,israel,,,,,,,,,,,False,,25.5,15.6,18.9,37.0,25.9,30.9,21.4,0.0,48.0,True,1201.0,21.35,15.8,18.9,15.5,40.1,31.4,20.7,0.0,49.0,True,israel,ISR,Israel,State of Israel,IL,Middle East & North Africa,High income: OECD,True
U2125,Atatürk University,Turkey,,turkey,,,,,,,,,,,False,,25.5,19.1,16.7,45.0,24.5,25.5,31.0,4.0,50.0,True,1201.0,21.35,18.8,14.0,37.2,37.3,20.4,30.2,3.0,51.0,True,turkey,TUR,Turkey,Republic of Turkey,TR,Europe & Central Asia,Upper middle income,True
U2126,Atılım University,Turkey,,turkey,,,,,,,,,,,False,,25.5,18.4,9.7,38.4,36.7,45.3,13.5,7.0,44.0,True,1001.0,27.05,17.0,9.0,52.7,37.3,40.7,11.1,7.0,42.0,True,turkey,TUR,Turkey,Republic of Turkey,TR,Europe & Central Asia,Upper middle income,True
U2127,Austral University of Chile,Chile,,chile,,,,,,,,,,,False,,25.5,17.3,14.7,30.2,30.9,51.4,16.4,1.0,54.0,True,1201.0,21.35,16.5,14.4,24.0,44.4,51.4,17.5,1.0,53.0,True,chile,CHL,Chile,Republic of Chile,CL,Latin America & Caribbean,High income: OECD,True
U2128,Autonomous University of Sinaloa,Mexico,,mexico,,,,,,,,,,,False,,25.5,13.5,12.1,46.7,15.9,30.2,21.8,1.0,56.0,True,1001.0,27.05,18.6,7.7,62.7,37.0,23.7,21.8,0.0,56.0,True,mexico,MEX,Mexico,United Mexican States,MX,Latin America & Caribbean,Upper middle income,True
U2129,Banasthali University,India,,india,,,,,,,,,,,False,,25.5,34.6,11.7,31.4,23.8,25.6,16.8,4.0,99.0,True,1201.0,21.35,34.7,11.0,26.3,43.2,21.8,17.1,5.0,100.0,True,india,IND,India,Republic of India,IN,South Asia,Lower middle income,True
U2130,Bayero University,Nigeria,,nigeria,,,,,,,,,,,False,,25.5,17.4,9.7,43.2,16.8,49.0,25.4,0.0,35.0,True,1001.0,27.05,17.0,8.8,41.5,37.4,45.5,25.9,0.0,33.0,True,nigeria,NGA,Nigeria,Federal Republic of Nigeria,NG,Sub-Saharan Africa,Lower middle income,True
U2131,Bezmiâlem Vakif University,Turkey,,turkey,,,,,,,,,,,False,,25.5,30.4,11.9,26.9,21.6,27.2,11.8,5.0,72.0,True,1201.0,21.35,27.7,10.7,27.2,41.0,24.3,9.5,6.0,71.0,True,turkey,TUR,Turkey,Republic of Turkey,TR,Europe & Central Asia,Upper middle income,True
U2132,BINUS University,Indonesia,,indonesia,,,,,,,,,,,False,,25.5,20.0,17.2,37.5,25.1,34.1,14.2,4.0,43.0,True,1201.0,21.35,17.6,14.3,24.4,43.8,27.0,14.3,4.0,41.0,True,indonesia,IDN,Indonesia,Republic of Indonesia,ID,East Asia & Pacific,Lower middle income,True
U2133,University of Botswana,Botswana,,botswana,,,,,,,,,,,False,,25.5,16.8,14.2,46.5,19.9,58.4,21.8,4.0,59.0,True,1001.0,27.05,16.5,12.6,40.9,37.0,63.7,17.6,4.0,57.0,True,botswana,BWA,Botswana,Republic of Botswana,BW,Sub-Saharan Africa,Upper middle income,True
U2134,Botswana International University of Science and Technology (BIUST),Botswana,,botswana,,,,,,,,,,,False,,25.5,25.5,11.0,35.1,16.6,77.0,8.8,8.0,33.0,True,,,,,,,,11.4,1.0,22.0,True,botswana,BWA,Botswana,Republic of Botswana,BW,Sub-Saharan Africa,Upper middle income,True
U2135,Instituto Politécnico de Bragança,Portugal,,portugal,,,,,,,,,,,False,,25.5,13.1,13.5,42.6,21.2,64.5,20.6,34.0,53.0,True,1001.0,27.05,13.5,12.6,43.3,40.3,67.3,19.4,32.0,54.0,True,portugal,PRT,Portugal,Portuguese Republic,PT,Europe & Central Asia,High income: OECD,True
U2136,University of Brasília,Brazil,,brazil,,,,,,,,,,,False,,25.5,32.6,14.9,28.7,27.7,36.9,13.6,1.0,52.0,True,1201.0,21.35,27.3,15.8,23.5,49.5,31.2,15.2,1.0,52.0,True,brazil,BRA,Brazil,Federative Republic of Brazil,BR,Latin America & Caribbean,Upper middle income,True
U2137,The British University in Egypt,Egypt,,egypt,,,,,,,,,,,False,,25.5,17.5,9.5,47.7,16.3,36.9,14.8,3.0,47.0,True,1201.0,21.35,15.1,8.7,41.9,37.1,30.1,16.2,3.0,46.0,True,egypt,EGY,Egypt,Arab Republic of Egypt,EG,Middle East & North Africa,Lower middle income,True
U2138,B. S. Abdur Rahman Crescent Institute of Science and Technology,India,,india,,,,,,,,,,,False,,25.5,18.6,9.9,43.6,17.4,24.6,18.3,0.0,31.0,True,,,,,,,,15.7,0.0,24.0,True,india,IND,India,Republic of India,IN,South Asia,Lower middle income,True
U2139,Bu-Ali Sina University,Iran,,iran,,,,,,,,,,,False,,25.5,22.3,16.5,42.8,21.1,25.3,24.1,1.0,59.0,True,1201.0,21.35,16.5,15.6,29.0,38.4,22.0,23.4,1.0,56.0,True,iran,IRN,Iran,Islamic Republic of Iran,IR,Middle East & North Africa,Upper middle income,True
U2140,University of Burgos,Spain,,spain,,,,,,,,,,,False,,25.5,22.1,14.7,41.7,39.7,38.0,13.5,5.0,55.0,True,1001.0,27.05,20.0,14.4,34.8,38.5,36.2,13.5,5.0,51.0,True,spain,ESP,Spain,Kingdom of Spain,ES,Europe & Central Asia,High income: OECD,True
U2141,Cardiff Metropolitan University,United Kingdom,,united kingdom,,,,,,,,,,,False,,25.5,20.3,12.8,34.8,41.3,78.7,18.1,20.0,54.0,True,1001.0,27.05,17.4,12.5,35.8,37.6,73.0,18.6,22.0,54.0,True,united kingdom,GBR,United Kingdom,United Kingdom of Great Britain and Northern Ireland,GB,Europe & Central Asia,High income: OECD,True
U2142,University of Carthage,Tunisia,,tunisia,,,,,,,,,,,False,,25.5,23.8,9.9,31.2,20.7,44.4,10.1,1.0,63.0,True,1201.0,21.35,19.0,9.8,19.1,38.3,44.2,9.9,1.0,67.0,True,tunisia,TUN,Tunisia,Republic of Tunisia,TN,Middle East & North Africa,Upper middle income,True
U2143,Universidad Católica San Antonio de Murcia (UCAM),Spain,,spain,,,,,,,,,,,False,,25.5,16.7,14.3,33.9,25.3,54.2,19.5,15.0,53.0,True,1001.0,27.05,18.2,14.6,35.0,45.1,49.9,19.5,15.0,56.0,True,spain,ESP,Spain,Kingdom of Spain,ES,Europe & Central Asia,High income: OECD,True
U2144,Chang Gung University of Science and Technology,Taiwan,,taiwan,,,,,,,,,,,False,,25.5,15.1,17.0,37.2,34.9,20.3,25.6,1.0,89.0,True,1201.0,21.35,13.6,16.1,29.4,47.8,19.3,26.5,1.0,90.0,True,taiwan,,,,,,,False
U2145,University of Chester,United Kingdom,,united kingdom,,,,,,,,,,,False,,25.5,18.5,13.0,30.3,19.8,64.9,18.9,17.0,68.0,True,1201.0,21.35,18.8,12.9,18.7,37.6,56.5,18.0,15.0,68.0,True,united kingdom,GBR,United Kingdom,United Kingdom of Great Britain and Northern Ireland,GB,Europe & Central Asia,High income: OECD,True
U2146,Chosun University,South Korea,,south korea,,,,,,,,,,,False,,25.5,20.9,20.8,25.0,71.9,36.0,24.5,3.0,48.0,True,1201.0,21.35,17.8,22.2,16.9,81.3,29.6,27.3,3.0,48.0,True,korea,KOR,Korea,Republic of Korea,KR,East Asia & Pacific,High income: OECD,True
U2147,Christ University,India,,india,,,,,,,,,,,False,,25.5,14.6,9.9,44.4,15.9,25.4,20.7,2.0,46.0,True,,,,,,,,,,,False,india,IND,India,Republic of India,IN,South Asia,Lower middle income,True
U2148,Chung Shan Medical University,Taiwan,,taiwan,,,,,,,,,,,False,,25.5,18.9,20.0,27.0,48.9,21.4,17.2,4.0,64.0,True,,,,,,,,,,,False,taiwan,,,,,,,False
U2149,Cochin University of Science and Technology,India,,india,,,,,,,,,,,False,,25.5,37.6,20.0,25.4,45.6,20.2,16.2,1.0,60.0,True,1201.0,21.35,37.8,18.6,12.8,37.4,16.9,16.9,1.0,60.0,True,india,IND,India,Republic of India,IN,South Asia,Lower middle income,True
U2150,University of Concepción,Chile,,chile,,,,,,,,,,,False,,25.5,17.3,16.4,38.2,44.6,52.0,18.2,2.0,53.0,True,1201.0,21.35,16.4,14.0,30.1,49.9,50.7,17.1,2.0,52.0,True,chile,CHL,Chile,Republic of Chile,CL,Latin America & Caribbean,High income: OECD,True
U2151,University of Costa Rica,Costa Rica,,costa rica,,,,,,,,,,,False,,25.5,19.3,9.1,43.0,19.5,46.7,14.8,2.0,53.0,True,601.0,36.6,18.2,9.0,71.2,36.9,48.1,13.4,2.0,53.0,True,costa rica,CRI,Costa Rica,Republic of Costa Rica,CR,Latin America & Caribbean,Upper middle income,True
U2152,Del Rosario University,Colombia,,colombia,,,,,,,,,,,False,,25.5,22.9,13.5,27.2,26.4,51.3,10.5,2.0,57.0,True,1201.0,21.35,16.8,11.6,25.3,38.4,48.4,13.2,2.0,59.0,True,colombia,COL,Colombia,Republic of Colombia,CO,Latin America & Caribbean,Upper middle income,True
U2153,University of Diyala,Iraq,,iraq,,,,,,,,,,,False,,25.5,26.6,8.2,44.3,20.5,28.3,17.9,0.0,54.0,True,,,,,,,,17.9,0.0,54.0,True,iraq,IRQ,Iraq,Republic of Iraq,IQ,Middle East & North Africa,Upper middle income,True
U2154,Dokuz Eylül University,Turkey,,turkey,,,,,,,,,,,False,,25.5,19.4,18.2,25.5,67.1,25.5,23.7,3.0,46.0,True,1201.0,21.35,18.4,13.3,20.9,95.8,21.7,17.6,3.0,47.0,True,turkey,TUR,Turkey,Republic of Turkey,TR,Europe & Central Asia,Upper middle income,True
U2155,Dow University of Health Sciences,Pakistan,,pakistan,,,,,,,,,,,False,,25.5,24.2,10.0,46.5,18.7,43.2,7.7,3.0,63.0,True,601.0,36.6,20.8,8.2,74.0,37.2,35.8,6.8,3.0,76.0,True,pakistan,PAK,Pakistan,Islamic Republic of Pakistan,PK,South Asia,Lower middle income,True
U2156,Duzce University,Turkey,,turkey,,,,,,,,,,,False,,25.5,15.5,19.9,44.7,50.7,30.2,33.4,9.0,44.0,True,801.0,31.85,20.4,14.6,56.7,83.5,26.6,35.5,8.0,44.0,True,turkey,TUR,Turkey,Republic of Turkey,TR,Europe & Central Asia,Upper middle income,True
U2157,Universidade Eduardo Mondlane,Mozambique,,mozambique,,,,,,,,,,,False,,25.5,10.1,9.4,56.7,16.6,51.1,28.7,0.0,41.0,True,601.0,36.6,12.1,8.4,89.4,36.9,48.7,26.1,0.0,39.0,True,mozambique,MOZ,Mozambique,Republic of Mozambique,MZ,Sub-Saharan Africa,Low income,True
U2158,"University of Education, Lahore",Pakistan,,pakistan,,,,,,,,,,,False,,25.5,11.4,9.1,56.9,15.9,50.5,30.6,0.0,53.0,True,,,,,,,,33.1,0.0,51.0,True,pakistan,PAK,Pakistan,Islamic Republic of Pakistan,PK,South Asia,Lower middle income,True
U2159,Ehime University,Japan,,japan,,,,,,,,,,,False,,25.5,24.3,14.9,27.9,54.0,32.1,11.3,2.0,39.0,True,1201.0,21.35,20.7,15.3,21.7,44.0,27.1,13.3,2.0,38.0,True,japan,JPN,Japan,Japan,JP,East Asia & Pacific,High income: OECD,True
U2160,The University of Electro-Communications,Japan,,japan,,,,,,,,,,,False,,25.5,22.3,22.7,28.4,65.9,37.5,15.5,5.0,12.0,True,1201.0,21.35,19.9,21.1,10.5,44.3,32.6,15.4,6.0,12.0,True,japan,JPN,Japan,Japan,JP,East Asia & Pacific,High income: OECD,True
U2161,Erciyes University,Turkey,,turkey,,,,,,,,,,,False,,25.5,20.9,16.1,36.1,57.0,29.3,37.2,6.0,46.0,True,1201.0,21.35,20.0,14.1,23.7,68.9,24.1,36.2,4.0,47.0,True,turkey,TUR,Turkey,Republic of Turkey,TR,Europe & Central Asia,Upper middle income,True
U2162,Escuela Superior Politécnica del Litoral,Ecuador,,ecuador,,,,,,,,,,,False,,25.5,20.4,9.5,32.3,18.3,56.4,10.4,1.0,39.0,True,1201.0,21.35,16.1,10.2,35.0,37.0,54.3,12.8,1.0,38.0,True,ecuador,ECU,Ecuador,Republic of Ecuador,EC,Latin America & Caribbean,Upper middle income,True
U2163,Universidade Federal do ABC (UFABC),Brazil,,brazil,,,,,,,,,,,False,,25.5,16.8,17.6,41.1,26.6,45.9,25.3,1.0,37.0,True,1201.0,21.35,17.6,15.4,32.6,38.1,34.9,22.2,1.0,35.0,True,brazil,BRA,Brazil,Federative Republic of Brazil,BR,Latin America & Caribbean,Upper middle income,True
U2164,Federal University of Espírito Santo,Brazil,,brazil,,,,,,,,,,,False,,25.5,24.7,15.7,25.1,47.3,28.8,13.3,1.0,55.0,True,1201.0,21.35,20.4,12.2,22.5,42.1,24.8,13.4,1.0,54.0,True,brazil,BRA,Brazil,Federative Republic of Brazil,BR,Latin America & Caribbean,Upper middle income,True
U2165,Federal University of Goiás,Brazil,,brazil,,,,,,,,,,,False,,25.5,30.0,13.8,26.2,30.8,27.7,13.3,1.0,50.0,True,1201.0,21.35,22.5,13.0,19.2,38.8,23.7,13.7,1.0,50.0,True,brazil,BRA,Brazil,Federative Republic of Brazil,BR,Latin America & Caribbean,Upper middle income,True
U2166,Federal University of Lavras,Brazil,,brazil,,,,,,,,,,,False,,25.5,27.0,16.8,26.6,29.3,26.5,18.3,1.0,52.0,True,1201.0,21.35,24.7,17.1,15.7,54.3,23.1,18.4,1.0,52.0,True,brazil,BRA,Brazil,Federative Republic of Brazil,BR,Latin America & Caribbean,Upper middle income,True
U2167,Universidade Federal do Paraná (UFPR),Brazil,,brazil,,,,,,,,,,,False,,25.5,28.4,16.4,29.1,49.2,27.6,15.6,1.0,56.0,True,1201.0,21.35,25.4,16.0,15.2,39.1,23.9,13.4,0.0,63.0,True,brazil,BRA,Brazil,Federative Republic of Brazil,BR,Latin America & Caribbean,Upper middle income,True
U2168,Federal University of Pernambuco,Brazil,,brazil,,,,,,,,,,,False,,25.5,30.7,13.3,25.1,40.2,25.7,12.8,0.0,51.0,True,1501.0,14.35,25.8,11.0,15.0,39.6,21.8,14.2,1.0,50.0,True,brazil,BRA,Brazil,Federative Republic of Brazil,BR,Latin America & Caribbean,Upper middle income,True
U2169,Federal University of Rio Grande do Norte (UFRN),Brazil,,brazil,,,,,,,,,,,False,,25.5,25.3,11.3,30.6,24.8,31.3,16.7,0.0,40.0,True,1201.0,21.35,22.2,10.1,34.0,38.5,27.1,14.7,0.0,40.0,True,brazil,BRA,Brazil,Federative Republic of Brazil,BR,Latin America & Caribbean,Upper middle income,True
U2170,Federal University of Santa Maria,Brazil,,brazil,,,,,,,,,,,False,,25.5,31.5,13.0,36.8,24.1,25.0,14.6,1.0,54.0,True,1201.0,21.35,22.1,12.1,33.9,37.8,21.5,13.7,1.0,53.0,True,brazil,BRA,Brazil,Federative Republic of Brazil,BR,Latin America & Caribbean,Upper middle income,True
U2171,Federal University of Uberlândia,Brazil,,brazil,,,,,,,,,,,False,,25.5,23.3,12.7,36.1,29.8,24.4,14.1,1.0,52.0,True,1201.0,21.35,23.0,11.1,34.6,39.4,21.4,13.6,1.0,52.0,True,brazil,BRA,Brazil,Federative Republic of Brazil,BR,Latin America & Caribbean,Upper middle income,True
U2172,Federal University of Viçosa,Brazil,,brazil,,,,,,,,,,,False,,25.5,32.2,14.5,23.0,26.6,24.5,9.7,2.0,55.0,True,1201.0,21.35,28.3,16.7,15.2,43.7,21.7,13.3,2.0,55.0,True,brazil,BRA,Brazil,Federative Republic of Brazil,BR,Latin America & Caribbean,Upper middle income,True
U2173,Federico Santa María Technical University,Chile,,chile,,,,,,,,,,,False,,25.5,12.3,10.8,36.2,32.3,56.9,29.7,3.0,24.0,True,1201.0,21.35,14.0,12.0,27.3,39.4,54.8,30.0,3.0,26.0,True,chile,CHL,Chile,Republic of Chile,CL,Latin America & Caribbean,High income: OECD,True
U2174,Ferhat Abbas Sétif University 1,Algeria,,algeria,,,,,,,,,,,False,,25.5,17.2,8.5,50.6,17.7,39.6,22.8,1.0,60.0,True,401.0,43.5,18.2,19.8,94.7,36.9,40.0,22.7,1.0,63.0,True,algeria,DZA,Algeria,People's Democratic Republic of Algeria,DZ,Middle East & North Africa,Upper middle income,True
U2175,University of La Frontera,Chile,,chile,,,,,,,,,,,False,,25.5,17.6,12.3,32.7,22.8,51.3,23.2,1.0,51.0,True,1201.0,21.35,16.0,12.9,28.8,37.1,49.7,22.0,1.0,50.0,True,chile,CHL,Chile,Republic of Chile,CL,Latin America & Caribbean,High income: OECD,True
U2176,Universitas Gadjah Mada,Indonesia,,indonesia,,,,,,,,,,,False,,25.5,30.9,19.8,21.7,52.8,45.8,8.2,6.0,56.0,True,1201.0,21.35,25.6,17.3,11.3,71.7,36.2,8.1,4.0,55.0,True,indonesia,IDN,Indonesia,Republic of Indonesia,ID,East Asia & Pacific,Lower middle income,True
U2177,Gazi University,Turkey,,turkey,,,,,,,,,,,False,,25.5,25.6,19.0,32.7,60.3,21.7,17.0,3.0,51.0,True,1201.0,21.35,27.5,16.2,23.0,92.7,18.9,20.6,3.0,50.0,True,turkey,TUR,Turkey,Republic of Turkey,TR,Europe & Central Asia,Upper middle income,True
U2178,University of Gdańsk,Poland,,poland,,,,,,,,,,,False,,25.5,23.6,14.8,30.8,21.7,35.1,12.0,2.0,65.0,True,1201.0,21.35,18.4,15.5,19.1,38.0,34.7,23.9,2.0,67.0,True,poland,POL,Poland,Republic of Poland,PL,Europe & Central Asia,High income: OECD,True
U2179,Gebze Technical University,Turkey,,turkey,,,,,,,,,,,False,,25.5,22.6,13.8,37.6,35.0,29.2,24.5,2.0,43.0,True,1201.0,21.35,20.5,14.4,22.1,44.1,25.5,22.7,2.0,43.0,True,turkey,TUR,Turkey,Republic of Turkey,TR,Europe & Central Asia,Upper middle income,True
U2180,"George Emil Palade University of Medicine, Pharmacy, Science, and Technology of Targu Mures",Romania,,romania,,,,,,,,,,,False,,25.5,17.8,11.3,36.4,16.8,36.1,17.0,13.0,64.0,True,1501.0,14.35,17.9,9.4,16.2,37.2,34.9,14.0,11.0,64.0,True,romania,ROU,Romania,Romania,RO,Europe & Central Asia,Upper middle income,True
U2181,Georgia Southern University,United States,,united states,,,,,,,,,,,False,,25.5,18.4,11.6,43.2,41.6,34.8,18.0,3.0,59.0,True,1201.0,21.35,21.9,11.4,33.9,39.4,28.0,18.8,3.0,59.0,True,united states,USA,United States,United States of America,US,North America,High income: OECD,True
U2182,Government College University Lahore,Pakistan,,pakistan,,,,,,,,,,,False,,25.5,21.0,11.5,37.2,20.3,51.2,17.6,0.0,44.0,True,1201.0,21.35,17.5,11.5,21.0,37.3,43.7,19.4,0.0,42.0,True,pakistan,PAK,Pakistan,Islamic Republic of Pakistan,PK,South Asia,Lower middle income,True
U2183,University of Guilan,Iran,,iran,,,,,,,,,,,False,,25.5,21.2,17.5,46.2,27.9,23.4,34.3,1.0,58.0,True,,,,,,,,,,,False,iran,IRN,Iran,Islamic Republic of Iran,IR,Middle East & North Africa,Upper middle income,True
U2184,Guru Jambheshwar University of Science and Technology,India,,india,,,,,,,,,,,False,,25.5,27.8,8.9,40.8,27.2,18.2,19.6,0.0,46.0,True,1001.0,27.05,23.0,8.9,48.8,36.9,15.8,19.3,0.0,44.0,True,india,IND,India,Republic of India,IN,South Asia,Lower middle income,True
U2185,Gyeongsang National University,South Korea,,south korea,,,,,,,,,,,False,,25.5,26.2,18.0,32.6,65.1,26.7,12.5,2.0,45.0,True,1201.0,21.35,20.8,17.0,21.2,40.9,26.4,12.3,3.0,47.0,True,korea,KOR,Korea,Republic of Korea,KR,East Asia & Pacific,High income: OECD,True
U2186,Halmstad University,Sweden,,sweden,,,,,,,,,,,False,,25.5,15.0,16.8,40.2,27.9,66.7,20.0,6.0,60.0,True,,,,,,,,,,,False,sweden,SWE,Sweden,Kingdom of Sweden,SE,Europe & Central Asia,High income: OECD,True
U2187,Université Hassan II de Casablanca,Morocco,,morocco,,,,,,,,,,,False,,25.5,19.5,9.2,39.9,24.6,28.2,35.7,2.0,54.0,True,1201.0,21.35,19.4,8.6,30.3,38.6,24.6,36.0,2.0,52.0,True,morocco,MAR,Morocco,Kingdom of Morocco,MA,Middle East & North Africa,Lower middle income,True
U2188,Université Polytechnique Hauts-de-France,France,,france,,,,,,,,,,,False,,25.5,15.8,8.7,36.6,57.8,70.3,27.9,12.0,47.0,True,1201.0,21.35,15.4,8.1,32.6,37.7,76.2,21.2,13.0,46.0,True,france,FRA,France,French Republic,FR,Europe & Central Asia,High income: OECD,True
U2189,University of Hormozgan,Iran,,iran,,,,,,,,,,,False,,25.5,24.6,14.1,37.6,22.8,26.4,24.4,0.0,58.0,True,,,,,,,,,,,False,iran,IRN,Iran,Islamic Republic of Iran,IR,Middle East & North Africa,Upper middle income,True
U2190,University of Hradec Králové,Czech Republic,,czech republic,,,,,,,,,,,False,,25.5,19.7,15.2,40.8,23.5,60.4,12.8,3.0,64.0,True,1201.0,21.35,17.0,13.6,30.0,39.3,57.6,12.3,3.0,65.0,True,czech republic,CZE,Czech Republic,Czech Republic,CZ,Europe & Central Asia,High income: OECD,True
U2191,Hyogo Medical University,Japan,,japan,,,,,,,,,,,False,,25.5,29.0,13.5,36.5,53.1,19.2,4.6,1.0,59.0,True,,,,,,,,,,,False,japan,JPN,Japan,Japan,JP,East Asia & Pacific,High income: OECD,True
U2192,Ibn Tofaïl University,Morocco,,morocco,,,,,,,,,,,False,,25.5,24.6,13.0,44.8,18.7,28.5,88.7,3.0,52.0,True,1001.0,27.05,18.8,10.9,41.9,38.9,25.4,71.9,3.0,49.0,True,morocco,MAR,Morocco,Kingdom of Morocco,MA,Middle East & North Africa,Lower middle income,True
U2193,Ilam University,Iran,,iran,,,,,,,,,,,False,,25.5,17.1,12.8,50.9,18.2,25.2,199.9,2.0,52.0,True,,,,,,,,,,,False,iran,IRN,Iran,Islamic Republic of Iran,IR,Middle East & North Africa,Upper middle income,True
U2194,Ilia State University,Georgia,,georgia,,,,,,,,,,,False,,25.5,18.1,10.0,47.7,16.1,52.0,13.4,4.0,62.0,True,1001.0,27.05,17.1,8.6,40.2,37.1,49.7,10.2,3.0,63.0,True,georgia,GEO,Georgia,Georgia,GE,Europe & Central Asia,Lower middle income,True
U2195,University of Ilorin,Nigeria,,nigeria,,,,,,,,,,,False,,25.5,20.6,10.9,46.1,18.1,40.1,39.2,0.0,51.0,True,1201.0,21.35,19.8,10.7,35.8,36.9,33.5,34.8,1.0,48.0,True,nigeria,NGA,Nigeria,Federal Republic of Nigeria,NG,Sub-Saharan Africa,Lower middle income,True
U2196,Incheon National University,South Korea,,south korea,,,,,,,,,,,False,,25.5,22.8,17.3,36.9,33.6,36.4,15.7,3.0,45.0,True,1201.0,21.35,17.9,14.6,25.2,38.6,29.8,17.3,3.0,53.0,True,korea,KOR,Korea,Republic of Korea,KR,East Asia & Pacific,High income: OECD,True
U2197,Indian Institute of Science Education and Research Bhopal,India,,india,,,,,,,,,,,False,,25.5,35.8,14.6,24.1,19.5,24.5,14.3,0.0,33.0,True,1201.0,21.35,27.8,15.8,19.2,36.9,20.2,14.1,0.0,32.0,True,india,IND,India,Republic of India,IN,South Asia,Lower middle income,True
U2198,IPB University,Indonesia,,indonesia,,,,,,,,,,,False,,25.5,30.9,9.8,24.2,39.2,45.0,6.8,3.0,60.0,True,1201.0,21.35,26.1,9.7,17.6,53.1,40.4,6.7,3.0,58.0,True,indonesia,IDN,Indonesia,Republic of Indonesia,ID,East Asia & Pacific,Lower middle income,True
U2199,I-Shou University,Taiwan,,taiwan,,,,,,,,,,,False,,25.5,15.0,21.2,27.8,68.5,44.2,27.9,15.0,50.0,True,1501.0,14.35,15.3,19.0,11.7,51.0,41.8,27.5,16.0,50.0,True,taiwan,,,,,,,False
U2200,Istanbul Bilgi University,Turkey,,turkey,,,,,,,,,,,False,,25.5,18.7,11.7,42.6,16.3,62.8,16.0,14.0,49.0,True,,,,,,,,,,,False,turkey,TUR,Turkey,Republic of Turkey,TR,Europe & Central Asia,Upper middle income,True
U2201,Istanbul Medeniyet University,Turkey,,turkey,,,,,,,,,,,False,,25.5,14.5,11.7,56.9,18.8,25.9,18.7,2.0,55.0,True,801.0,31.85,17.7,9.9,66.4,37.0,22.7,13.4,3.0,52.0,True,turkey,TUR,Turkey,Republic of Turkey,TR,Europe & Central Asia,Upper middle income,True
U2202,Izmir Institute of Technology,Turkey,,turkey,,,,,,,,,,,False,,25.5,20.2,15.1,27.8,56.7,35.5,18.6,3.0,47.0,True,1501.0,14.35,17.2,10.9,15.5,40.6,29.5,18.5,3.0,46.0,True,turkey,TUR,Turkey,Republic of Turkey,TR,Europe & Central Asia,Upper middle income,True
U2203,Jiangsu Normal University,China,,china,,,,,,,,,,,False,,25.5,16.3,12.9,47.1,23.9,27.4,15.0,2.0,53.0,True,1001.0,27.05,15.5,11.2,53.8,39.3,24.1,14.3,2.0,53.0,True,china,CHN,China,People's Republic of China,CN,East Asia & Pacific,Upper middle income,True
U2204,The Jikei University School of Medicine,Japan,,japan,,,,,,,,,,,False,,25.5,30.1,10.8,40.5,42.6,19.7,0.9,0.0,50.0,True,1001.0,27.05,28.5,9.2,52.5,40.0,17.4,0.9,0.0,44.0,True,japan,JPN,Japan,Japan,JP,East Asia & Pacific,High income: OECD,True
U2205,The John Paul II Catholic University of Lublin,Poland,,poland,,,,,,,,,,,False,,25.5,27.7,14.3,35.1,18.6,34.0,9.6,9.0,65.0,True,1201.0,21.35,25.9,12.0,30.4,37.1,30.8,10.7,9.0,62.0,True,poland,POL,Poland,Republic of Poland,PL,Europe & Central Asia,High income: OECD,True
U2206,Kagawa University,Japan,,japan,,,,,,,,,,,False,,25.5,25.7,12.9,27.4,54.1,31.9,9.6,2.0,42.0,True,1201.0,21.35,20.3,12.2,20.8,42.3,28.9,9.9,2.0,42.0,True,japan,JPN,Japan,Japan,JP,East Asia & Pacific,High income: OECD,True
U2207,Karabük University,Turkey,,turkey,,,,,,,,,,,False,,25.5,12.6,9.4,57.2,16.1,48.2,42.4,24.0,39.0,True,1201.0,21.35,13.1,8.8,37.2,37.2,42.6,41.8,22.0,39.0,True,turkey,TUR,Turkey,Republic of Turkey,TR,Europe & Central Asia,Upper middle income,True
U2208,Karunya Institute of Technology and Sciences,India,,india,,,,,,,,,,,False,,25.5,18.7,13.4,48.4,18.6,23.2,16.5,0.0,36.0,True,,,,,,,,,,,False,india,IND,India,Republic of India,IN,South Asia,Lower middle income,True
U2209,Kharazmi University,Iran,,iran,,,,,,,,,,,False,,25.5,32.7,13.8,37.2,25.0,29.5,16.8,3.0,55.0,True,1201.0,21.35,31.3,14.1,19.4,38.0,24.6,19.0,4.0,54.0,True,iran,IRN,Iran,Islamic Republic of Iran,IR,Middle East & North Africa,Upper middle income,True
U2210,Kharkiv Aviation Institute,Ukraine,,ukraine,,,,,,,,,,,False,,25.5,20.6,9.2,44.5,16.4,32.6,12.0,12.0,31.0,True,,,,,,,,,,,False,ukraine,UKR,Ukraine,Ukraine,UA,Europe & Central Asia,Lower middle income,True
U2211,Kitasato University,Japan,,japan,,,,,,,,,,,False,,25.5,27.0,11.5,28.8,56.5,20.0,5.2,0.0,55.0,True,1201.0,21.35,23.9,10.1,20.3,41.3,17.9,5.2,1.0,54.0,True,japan,JPN,Japan,Japan,JP,East Asia & Pacific,High income: OECD,True
U2212,KL University,India,,india,,,,,,,,,,,False,,25.5,22.4,11.1,52.0,16.6,21.5,14.6,2.0,36.0,True,801.0,31.85,16.9,9.6,68.4,37.2,17.2,14.5,2.0,36.0,True,india,IND,India,Republic of India,IN,South Asia,Lower middle income,True
U2213,Kyushu Institute of Technology (Kyutech),Japan,,japan,,,,,,,,,,,False,,25.5,26.3,15.6,31.4,60.3,40.8,16.0,5.0,14.0,True,1201.0,21.35,20.2,14.1,25.1,53.5,36.2,16.0,5.0,14.0,True,japan,JPN,Japan,Japan,JP,East Asia & Pacific,High income: OECD,True
U2214,University of Lethbridge,Canada,,canada,,,,,,,,,,,False,,25.5,20.3,14.1,31.2,34.6,61.4,13.4,12.0,53.0,True,1201.0,21.35,17.0,13.7,20.5,37.0,57.1,13.3,11.0,53.0,True,canada,CAN,Canada,Canada,CA,North America,High income: OECD,True
U2215,Universidad Loyola,Spain,,spain,,,,,,,,,,,False,,25.5,23.2,13.0,39.2,17.3,48.8,12.1,4.0,57.0,True,,,,,,,,13.3,4.0,65.0,True,spain,ESP,Spain,Kingdom of Spain,ES,Europe & Central Asia,High income: OECD,True
U2216,"Lumière University, Lyon 2",France,,france,,,,,,,,,,,False,,25.5,24.6,18.6,24.9,32.8,67.5,50.4,18.0,68.0,True,1201.0,21.35,22.4,18.4,8.7,37.3,61.0,47.2,18.0,68.0,True,france,FRA,France,French Republic,FR,Europe & Central Asia,High income: OECD,True
U2217,Universidade Lusófona,Portugal,,portugal,,,,,,,,,,,False,,25.5,23.2,8.6,35.7,17.8,59.7,6.4,18.0,54.0,True,,,,,,,,,,,False,portugal,PRT,Portugal,Portuguese Republic,PT,Europe & Central Asia,High income: OECD,True
U2218,Manipal University Jaipur,India,,india,,,,,,,,,,,False,,25.5,19.5,14.2,51.9,23.9,24.0,14.9,3.0,43.0,True,,,,,,,,,,,False,india,IND,India,Republic of India,IN,South Asia,Lower middle income,True
U2219,University of Manouba,Tunisia,,tunisia,,,,,,,,,,,False,,25.5,21.8,9.2,44.2,19.4,45.8,14.5,2.0,64.0,True,1001.0,27.05,19.2,8.3,52.7,36.9,44.6,12.1,1.0,59.0,True,tunisia,TUN,Tunisia,Republic of Tunisia,TN,Middle East & North Africa,Upper middle income,True
U2220,University of Marrakech Cadi Ayyad,Morocco,,morocco,,,,,,,,,,,False,,25.5,20.5,11.5,36.5,21.6,40.2,45.9,1.0,51.0,True,1001.0,27.05,26.8,10.5,32.7,38.7,37.7,44.8,1.0,50.0,True,morocco,MAR,Morocco,Kingdom of Morocco,MA,Middle East & North Africa,Lower middle income,True
U2221,University of Mauritius,Mauritius,,mauritius,,,,,,,,,,,False,,25.5,17.6,13.4,45.3,40.3,35.4,22.8,1.0,54.0,True,1001.0,27.05,16.4,10.0,49.1,38.1,41.9,21.5,1.0,55.0,True,mauritius,MUS,Mauritius,Republic of Mauritius,MU,Sub-Saharan Africa,Upper middle income,True
U2222,Medical University of Lublin,Poland,,poland,,,,,,,,,,,False,,25.5,30.5,12.3,30.5,36.1,36.8,5.7,16.0,72.0,True,,,,,,,,,,,False,poland,POL,Poland,Republic of Poland,PL,Europe & Central Asia,High income: OECD,True
U2223,Medical University of Silesia in Katowice,Poland,,poland,,,,,,,,,,,False,,25.5,28.1,12.4,31.1,29.0,24.7,7.3,5.0,74.0,True,1501.0,14.35,22.8,9.1,18.5,39.0,23.0,7.6,5.0,74.0,True,poland,POL,Poland,Republic of Poland,PL,Europe & Central Asia,High income: OECD,True
U2224,Medical University of Sofia,Bulgaria,,bulgaria,,,,,,,,,,,False,,25.5,30.8,13.5,27.9,48.8,53.9,5.7,44.0,48.0,True,,,,,,,,,,,False,bulgaria,BGR,Bulgaria,Republic of Bulgaria,BG,Europe & Central Asia,Upper middle income,True
U2225,University of Medicine and Pharmacy of Craiova,Romania,,romania,,,,,,,,,,,False,,25.5,24.3,9.9,37.2,19.2,40.5,9.8,14.0,63.0,True,,,,,,,,,,,False,romania,ROU,Romania,Romania,RO,Europe & Central Asia,Upper middle income,True
U2226,Metropolitan Autonomous University,Mexico,,mexico,,,,,,,,,,,False,,25.5,19.9,23.9,22.8,28.6,29.2,42.1,1.0,50.0,True,1201.0,21.35,17.3,17.5,31.6,38.1,25.8,21.1,1.0,50.0,True,mexico,MEX,Mexico,United Mexican States,MX,Latin America & Caribbean,Upper middle income,True
U2227,Mie University,Japan,,japan,,,,,,,,,,,False,,25.5,26.9,13.9,23.9,61.8,24.8,8.3,3.0,38.0,True,1201.0,21.35,22.4,12.7,19.0,44.9,23.8,8.4,4.0,38.0,True,japan,JPN,Japan,Japan,JP,East Asia & Pacific,High income: OECD,True
U2228,Mohammed V University of Rabat,Morocco,,morocco,,,,,,,,,,,False,,25.5,29.1,15.0,32.2,37.3,32.1,41.7,3.0,53.0,True,1201.0,21.35,30.4,13.3,17.4,45.4,27.9,43.3,3.0,52.0,True,morocco,MAR,Morocco,Kingdom of Morocco,MA,Middle East & North Africa,Lower middle income,True
U2229,University of Monastir,Tunisia,,tunisia,,,,,,,,,,,False,,25.5,25.7,10.1,36.2,28.1,46.0,8.5,2.0,69.0,True,1201.0,21.35,19.6,10.0,26.5,36.9,45.1,9.6,2.0,70.0,True,tunisia,TUN,Tunisia,Republic of Tunisia,TN,Middle East & North Africa,Upper middle income,True
U2230,Morgan State University,United States,,united states,,,,,,,,,,,False,,25.5,22.8,12.6,29.2,28.7,56.3,14.6,7.0,61.0,True,1001.0,27.05,22.0,10.4,36.7,37.2,48.7,11.7,8.0,59.0,True,united states,USA,United States,United States of America,US,North America,High income: OECD,True
U2231,Moscow Aviation Institute,Russian Federation,,russia,,,,,,,,,,,False,,25.5,32.9,14.4,26.4,48.6,31.9,12.8,12.0,29.0,True,,,,,,,,,,,False,russia,RUS,Russia,Russian Federation,RU,Europe & Central Asia,High income: nonOECD,True
U2232,Moscow Power Engineering Institute,Russian Federation,,russia,,,,,,,,,,,False,,25.5,23.6,18.3,20.4,51.4,39.9,20.7,14.0,33.0,True,,,,,,,,,,,False,russia,RUS,Russia,Russian Federation,RU,Europe & Central Asia,High income: nonOECD,True
U2233,Multimedia University,Malaysia,,malaysia,,,,,,,,,,,False,,25.5,19.5,13.0,29.0,62.2,41.2,16.3,9.0,45.0,True,1201.0,21.35,19.5,10.7,25.6,38.5,42.1,10.6,11.0,51.0,True,malaysia,MYS,Malaysia,Malaysia,MY,East Asia & Pacific,Upper middle income,True
U2234,Nagaoka University of Technology,Japan,,japan,,,,,,,,,,,False,,25.5,34.3,16.4,19.9,62.1,43.2,10.2,12.0,12.0,True,1201.0,21.35,25.0,15.7,9.1,47.3,36.5,11.1,12.0,10.0,True,japan,JPN,Japan,Japan,JP,East Asia & Pacific,High income: OECD,True
U2235,Nagoya Institute of Technology,Japan,,japan,,,,,,,,,,,False,,25.5,21.5,20.3,23.0,73.2,31.4,16.1,5.0,17.0,True,1501.0,14.35,17.1,19.6,7.5,49.2,26.7,16.3,5.0,17.0,True,japan,JPN,Japan,Japan,JP,East Asia & Pacific,High income: OECD,True
U2236,University of Namibia,Namibia,,namibia,,,,,,,,,,,False,,25.5,13.1,8.6,51.3,15.8,62.8,21.6,3.0,63.0,True,601.0,36.6,13.3,8.0,90.3,36.9,64.2,21.8,3.0,64.0,True,namibia,NAM,Namibia,Republic of Namibia,,Sub-Saharan Africa,Upper middle income,True
U2237,National Changhua University of Education,Taiwan,,taiwan,,,,,,,,,,,False,,25.5,22.2,17.8,20.6,74.5,28.8,15.0,8.0,51.0,True,1501.0,14.35,21.2,16.5,7.8,39.3,24.9,23.2,4.0,49.0,True,taiwan,,,,,,,False
U2238,National Chin-Yi University of Technology,Taiwan,,taiwan,,,,,,,,,,,False,,25.5,13.9,25.1,27.4,42.1,28.7,22.7,6.0,30.0,True,1201.0,21.35,15.2,23.6,13.6,46.4,24.1,23.2,5.0,30.0,True,taiwan,,,,,,,False
U2239,National University of Colombia,Colombia,,colombia,,,,,,,,,,,False,,25.5,19.7,13.6,37.1,36.9,41.1,22.0,1.0,40.0,True,1001.0,27.05,20.3,13.1,41.2,37.3,38.4,15.8,1.0,39.0,True,colombia,COL,Colombia,Republic of Colombia,CO,Latin America & Caribbean,Upper middle income,True
U2240,National University of Distance Education (UNED),Spain,,spain,,,,,,,,,,,False,,25.5,24.9,18.9,37.8,35.8,31.0,67.5,4.0,55.0,True,1201.0,21.35,17.8,18.5,21.9,38.2,29.5,56.9,5.0,54.0,True,spain,ESP,Spain,Kingdom of Spain,ES,Europe & Central Asia,High income: OECD,True
U2241,National Institute of Technology Srinagar,India,,india,,,,,,,,,,,False,,25.5,23.1,10.7,45.7,16.7,19.8,15.9,0.0,0.0,True,,,,,,,,,,,False,india,IND,India,Republic of India,IN,South Asia,Lower middle income,True
U2242,National Kaohsiung University of Science and Technology,Taiwan,,taiwan,,,,,,,,,,,False,,25.5,15.2,20.3,35.0,61.6,26.8,33.1,3.0,39.0,True,1501.0,14.35,15.7,13.8,15.0,48.6,22.8,28.2,2.0,36.0,True,taiwan,,,,,,,False
U2243,National Research University of Electronic Technology (MIET),Russian Federation,,russia,,,,,,,,,,,False,,25.5,43.8,14.9,10.7,50.2,25.5,9.5,7.0,25.0,True,,,,,,,,,,,False,russia,RUS,Russia,Russian Federation,RU,Europe & Central Asia,High income: nonOECD,True
U2244,National Technical University Kharkiv Polytechnic Institute,Ukraine,,ukraine,,,,,,,,,,,False,,25.5,24.8,9.0,14.9,17.5,33.6,7.9,14.0,31.0,True,1201.0,21.35,20.8,9.1,15.8,38.2,30.0,7.9,13.0,32.0,True,ukraine,UKR,Ukraine,Ukraine,UA,Europe & Central Asia,Lower middle income,True
U2245,National Technical University of Ukraine – Igor Sikorsky Kyiv Polytechnic Institute,Ukraine,,ukraine,,,,,,,,,,,False,,25.5,26.5,9.9,16.0,22.2,22.4,8.0,3.0,30.0,True,1201.0,21.35,21.2,10.0,27.8,37.7,21.2,8.0,3.0,30.0,True,ukraine,UKR,Ukraine,Ukraine,UA,Europe & Central Asia,Lower middle income,True
U2246,University of Nigeria Nsukka,Nigeria,,nigeria,,,,,,,,,,,False,,25.5,29.1,10.6,30.3,17.3,37.0,11.7,1.0,46.0,True,1201.0,21.35,25.0,10.2,32.2,37.6,30.0,11.4,1.0,46.0,True,nigeria,NGA,Nigeria,Federal Republic of Nigeria,NG,Sub-Saharan Africa,Lower middle income,True
U2247,Ochanomizu University,Japan,,japan,,,,,,,,,,,False,,25.5,33.2,16.5,19.7,36.5,38.2,14.5,6.0,100.0,True,1501.0,14.35,28.6,13.9,7.7,39.4,26.8,14.9,6.0,100.0,True,japan,JPN,Japan,Japan,JP,East Asia & Pacific,High income: OECD,True
U2248,Oles Honchar Dnipro National University,Ukraine,,ukraine,,,,,,,,,,,False,,25.5,25.1,9.0,7.4,18.9,21.5,10.1,2.0,56.0,True,1201.0,21.35,17.3,8.6,3.9,37.2,20.9,12.1,1.0,60.0,True,ukraine,UKR,Ukraine,Ukraine,UA,Europe & Central Asia,Lower middle income,True
U2249,Opole University of Technology,Poland,,poland,,,,,,,,,,,False,,25.5,18.5,13.8,37.3,18.5,36.1,13.7,6.0,32.0,True,1201.0,21.35,16.2,13.0,24.9,37.8,29.3,14.5,7.0,33.0,True,poland,POL,Poland,Republic of Poland,PL,Europe & Central Asia,High income: OECD,True
U2250,Paris Nanterre University,France,,france,,,,,,,,,,,False,,25.5,20.9,16.8,27.9,42.9,66.7,23.4,16.0,64.0,True,1201.0,21.35,24.8,21.0,14.0,37.1,55.1,37.4,17.0,63.0,True,france,FRA,France,French Republic,FR,Europe & Central Asia,High income: OECD,True
U2251,University of Pau and Pays de l’Adour,France,,france,,,,,,,,,,,False,,25.5,23.4,12.4,21.6,28.5,79.9,13.9,15.0,53.0,True,1201.0,21.35,18.5,11.3,23.9,41.6,71.6,14.5,14.0,52.0,True,france,FRA,France,French Republic,FR,Europe & Central Asia,High income: OECD,True
U2252,Pavol Jozef Šafárik University in Košice,Slovakia,,slovakia,,,,,,,,,,,False,,25.5,40.7,10.2,17.1,24.9,62.1,10.3,24.0,67.0,True,1001.0,27.05,39.7,10.1,14.4,37.0,64.8,10.0,23.0,67.0,True,slovak republic,SVK,Slovak Republic,Slovak Republic,SK,Europe & Central Asia,High income: OECD,True
U2253,Persian Gulf University,Iran,,iran,,,,,,,,,,,False,,25.5,17.8,14.1,45.5,28.8,38.2,23.1,5.0,55.0,True,1201.0,21.35,15.7,13.4,38.6,48.5,28.3,21.3,3.0,55.0,True,iran,IRN,Iran,Islamic Republic of Iran,IR,Middle East & North Africa,Upper middle income,True
U2254,Pirogov Russian National Research Medical University,Russian Federation,,russia,,,,,,,,,,,False,,25.5,44.2,13.3,14.5,28.1,22.6,6.9,4.0,53.0,True,,,,,,,,,,,False,russia,RUS,Russia,Russian Federation,RU,Europe & Central Asia,High income: nonOECD,True
U2255,Polytechnic Institute of Porto,Portugal,,portugal,,,,,,,,,,,False,,25.5,15.0,11.9,49.6,22.1,31.8,16.9,5.0,47.0,True,1001.0,27.05,14.3,11.2,46.3,37.1,36.7,16.9,7.0,48.0,True,portugal,PRT,Portugal,Portuguese Republic,PT,Europe & Central Asia,High income: OECD,True
U2256,Pontifical Catholic University of Peru,Peru,,peru,,,,,,,,,,,False,,25.5,24.8,9.8,29.7,16.9,45.6,7.3,1.0,47.0,True,1201.0,21.35,20.7,10.0,28.9,37.8,43.1,7.8,1.0,46.0,True,peru,PER,Peru,Republic of Peru,PE,Latin America & Caribbean,Upper middle income,True
U2257,Pontifical Catholic University of Valparaíso,Chile,,chile,,,,,,,,,,,False,,25.5,15.8,17.1,32.8,38.1,51.1,26.2,1.0,43.0,True,1201.0,21.35,16.6,18.1,21.4,47.4,50.0,26.6,1.0,43.0,True,chile,CHL,Chile,Republic of Chile,CL,Latin America & Caribbean,High income: OECD,True
U2258,Pontifical Javeriana University,Colombia,,colombia,,,,,,,,,,,False,,25.5,20.7,11.5,37.4,21.0,45.3,12.9,2.0,56.0,True,801.0,31.85,17.5,11.1,68.7,36.9,43.6,14.2,2.0,55.0,True,colombia,COL,Colombia,Republic of Colombia,CO,Latin America & Caribbean,Upper middle income,True
U2259,Port Said University,Egypt,,egypt,,,,,,,,,,,False,,25.5,13.7,8.5,53.7,16.8,46.6,28.3,0.0,62.0,True,1001.0,27.05,13.2,8.0,53.9,37.0,42.5,29.8,0.0,49.0,True,egypt,EGY,Egypt,Arab Republic of Egypt,EG,Middle East & North Africa,Lower middle income,True
U2260,Poznań University of Life Sciences,Poland,,poland,,,,,,,,,,,False,,25.5,25.1,11.3,45.2,27.4,25.9,8.5,6.0,60.0,True,,,,,,,,,,,False,poland,POL,Poland,Republic of Poland,PL,Europe & Central Asia,High income: OECD,True
U2261,University of Puerto Rico,Puerto Rico,,puerto rico,,,,,,,,,,,False,,25.5,25.0,11.4,40.8,37.6,44.4,15.2,1.0,58.0,True,1001.0,27.05,22.9,10.5,41.0,39.9,46.7,17.0,1.0,61.0,True,puerto rico,PRI,Puerto Rico,Puerto Rico,PR,Latin America & Caribbean,High income: nonOECD,True
U2262,University of Qom,Iran,,iran,,,,,,,,,,,False,,25.5,22.2,12.1,35.1,17.3,48.6,43.0,33.0,44.0,True,,,,,,,,,,,False,iran,IRN,Iran,Islamic Republic of Iran,IR,Middle East & North Africa,Upper middle income,True
U2263,University Rey Juan Carlos,Spain,,spain,,,,,,,,,,,False,,25.5,15.8,13.4,51.2,31.3,39.9,19.4,6.0,59.0,True,1001.0,27.05,15.4,13.2,47.4,38.3,38.8,20.3,7.0,59.0,True,spain,ESP,Spain,Kingdom of Spain,ES,Europe & Central Asia,High income: OECD,True
U2264,Université Saint-Joseph de Beyrouth,Lebanon,,lebanon,,,,,,,,,,,False,,25.5,32.6,10.9,24.2,27.0,69.7,10.9,7.0,61.0,True,1201.0,21.35,21.9,10.1,18.7,40.1,69.2,11.3,6.0,62.0,True,lebanon,LBN,Lebanon,Lebanese Republic,LB,Middle East & North Africa,Upper middle income,True
U2265,Saitama Medical University,Japan,,japan,,,,,,,,,,,False,,25.5,26.5,10.3,39.3,41.5,18.3,1.4,0.0,51.0,True,1201.0,21.35,23.7,9.0,38.7,40.3,16.2,1.4,0.0,51.0,True,japan,JPN,Japan,Japan,JP,East Asia & Pacific,High income: OECD,True
U2266,Sapporo Medical University,Japan,,japan,,,,,,,,,,,False,,25.5,29.7,12.9,33.1,58.3,17.6,3.3,0.0,44.0,True,1201.0,21.35,25.4,11.3,25.5,41.0,15.9,3.2,0.0,45.0,True,japan,JPN,Japan,Japan,JP,East Asia & Pacific,High income: OECD,True
U2267,SASTRA University,India,,india,,,,,,,,,,,False,,25.5,22.4,11.3,45.0,30.3,29.4,13.1,3.0,43.0,True,1201.0,21.35,17.7,10.4,43.2,44.6,19.4,13.8,1.0,45.0,True,india,IND,India,Republic of India,IN,South Asia,Lower middle income,True
U2268,Sathyabama Institute of Science and Technology,India,,india,,,,,,,,,,,False,,25.5,31.2,9.9,35.1,16.9,29.7,10.6,5.0,50.0,True,1201.0,21.35,22.7,9.9,24.7,37.5,23.8,12.1,5.0,48.0,True,india,IND,India,Republic of India,IN,South Asia,Lower middle income,True
U2269,Selçuk University,Turkey,,turkey,,,,,,,,,,,False,,25.5,22.4,14.4,36.7,58.2,34.1,14.0,8.0,58.0,True,1201.0,21.35,17.9,13.0,32.5,78.0,28.6,19.6,7.0,55.0,True,turkey,TUR,Turkey,Republic of Turkey,TR,Europe & Central Asia,Upper middle income,True
U2270,Semnan University of Medical Sciences and Health Services,Iran,,iran,,,,,,,,,,,False,,25.5,25.4,10.5,46.2,16.2,29.1,7.9,7.0,61.0,True,1001.0,27.05,20.9,9.2,47.6,37.0,25.0,8.3,7.0,64.0,True,iran,IRN,Iran,Islamic Republic of Iran,IR,Middle East & North Africa,Upper middle income,True
U2271,Seoul National University of Science and Technology (SeoulTech),South Korea,,south korea,,,,,,,,,,,False,,25.5,28.0,20.1,32.7,39.8,30.6,13.8,9.0,36.0,True,1201.0,21.35,23.2,17.7,17.0,43.0,26.1,14.9,8.0,36.0,True,korea,KOR,Korea,Republic of Korea,KR,East Asia & Pacific,High income: OECD,True
U2272,University of La Serena,Chile,,chile,,,,,,,,,,,False,,25.5,12.3,9.9,49.2,16.4,50.4,26.4,1.0,51.0,True,801.0,31.85,12.7,9.3,65.6,36.9,48.0,25.5,1.0,52.0,True,chile,CHL,Chile,Republic of Chile,CL,Latin America & Caribbean,High income: OECD,True
U2273,Shahid Bahonar University of Kerman,Iran,,iran,,,,,,,,,,,False,,25.5,19.4,13.7,41.8,26.9,26.3,22.1,1.0,60.0,True,1201.0,21.35,19.8,13.7,29.7,43.0,21.5,23.8,1.0,60.0,True,iran,IRN,Iran,Islamic Republic of Iran,IR,Middle East & North Africa,Upper middle income,True
U2274,Shahid Sadoughi University of Medical Sciences,Iran,,iran,,,,,,,,,,,False,,25.5,39.1,10.6,20.8,17.5,20.6,13.0,2.0,58.0,True,,,,,,,,,,,False,iran,IRN,Iran,Islamic Republic of Iran,IR,Middle East & North Africa,Upper middle income,True
U2275,University of Shanghai for Science and Technology,China,,china,,,,,,,,,,,False,,25.5,23.1,11.5,40.4,36.7,26.6,10.5,2.0,43.0,True,1201.0,21.35,18.9,10.5,26.7,50.4,21.8,9.7,2.0,41.0,True,china,CHN,China,People's Republic of China,CN,East Asia & Pacific,Upper middle income,True
U2276,Shiga University of Medical Science,Japan,,japan,,,,,,,,,,,False,,25.5,31.5,12.8,32.3,62.7,24.5,3.2,4.0,50.0,True,1201.0,21.35,27.3,11.3,29.4,44.8,21.6,3.1,3.0,49.0,True,japan,JPN,Japan,Japan,JP,East Asia & Pacific,High income: OECD,True
U2277,Showa University,Japan,,japan,,,,,,,,,,,False,,25.5,32.8,10.3,35.5,40.2,19.8,1.6,0.0,62.0,True,1201.0,21.35,29.5,9.0,30.5,39.0,17.7,1.6,0.0,60.0,True,japan,JPN,Japan,Japan,JP,East Asia & Pacific,High income: OECD,True
U2278,Université de Skikda,Algeria,,algeria,,,,,,,,,,,False,,25.5,12.5,7.6,51.3,15.8,40.6,29.4,0.0,71.0,True,,,,,,,,,,,False,algeria,DZA,Algeria,People's Democratic Republic of Algeria,DZ,Middle East & North Africa,Upper middle income,True
U2279,Sohag University,Egypt,,egypt,,,,,,,,,,,False,,25.5,12.5,9.0,53.5,18.3,48.8,27.6,0.0,56.0,True,1001.0,27.05,14.2,8.3,52.2,37.4,44.9,26.4,0.0,56.0,True,egypt,EGY,Egypt,Arab Republic of Egypt,EG,Middle East & North Africa,Lower middle income,True
U2280,Université Sorbonne Nouvelle,France,,france,,,,,,,,,,,False,,25.5,25.7,15.3,20.8,15.6,70.0,23.7,26.0,77.0,True,1201.0,21.35,31.7,12.0,7.4,36.9,72.1,24.0,29.0,77.0,True,france,FRA,France,French Republic,FR,Europe & Central Asia,High income: OECD,True
U2281,University of Sousse,Tunisia,,tunisia,,,,,,,,,,,False,,25.5,30.3,10.3,31.4,19.3,40.1,13.7,2.0,68.0,True,1201.0,21.35,23.4,9.4,24.1,36.9,40.1,13.4,2.0,68.0,True,tunisia,TUN,Tunisia,Republic of Tunisia,TN,Middle East & North Africa,Upper middle income,True
U2282,University of South China,China,,china,,,,,,,,,,,False,,25.5,26.8,13.9,27.7,30.6,22.3,7.4,2.0,38.0,True,,,,,,,,,,,False,china,CHN,China,People's Republic of China,CN,East Asia & Pacific,Upper middle income,True
U2283,South Valley University,Egypt,,egypt,,,,,,,,,,,False,,25.5,16.0,9.2,53.3,17.7,48.9,33.0,1.0,53.0,True,1001.0,27.05,13.7,8.4,53.6,37.0,46.1,30.0,1.0,57.0,True,egypt,EGY,Egypt,Arab Republic of Egypt,EG,Middle East & North Africa,Lower middle income,True
U2284,Southwest Petroleum University,China,,china,,,,,,,,,,,False,,25.5,17.9,15.1,38.3,53.1,21.8,15.9,2.0,34.0,True,,,,,,,,,,,False,china,CHN,China,People's Republic of China,CN,East Asia & Pacific,Upper middle income,True
U2285,Sri Venkateswara University,India,,india,,,,,,,,,,,False,,25.5,36.8,11.3,23.6,20.9,31.5,15.0,0.0,48.0,True,1201.0,21.35,36.6,10.4,21.4,37.3,23.6,14.6,0.0,45.0,True,india,IND,India,Republic of India,IN,South Asia,Lower middle income,True
U2286,Ştefan cel Mare University of Suceava,Romania,,romania,,,,,,,,,,,False,,25.5,15.6,13.0,49.3,16.8,36.9,22.9,14.0,59.0,True,1001.0,27.05,16.9,12.0,52.0,37.5,33.5,24.8,14.0,59.0,True,romania,ROU,Romania,Romania,RO,Europe & Central Asia,Upper middle income,True
U2287,St Marianna University School of Medicine,Japan,,japan,,,,,,,,,,,False,,25.5,27.6,9.9,44.4,37.3,20.1,0.8,1.0,44.0,True,1001.0,27.05,26.7,8.6,39.4,37.1,17.6,0.9,1.0,39.0,True,japan,JPN,Japan,Japan,JP,East Asia & Pacific,High income: OECD,True
U2288,St Petersburg Electrotechnical University (LETI),Russian Federation,,russia,,,,,,,,,,,False,,25.5,22.6,16.4,22.8,37.6,41.7,13.6,20.0,31.0,True,,,,,,,,,,,False,russia,RUS,Russia,Russian Federation,RU,Europe & Central Asia,High income: nonOECD,True
U2289,Universiti Sultan Zainal Abidin,Malaysia,,malaysia,,,,,,,,,,,False,,25.5,24.1,11.3,38.6,16.5,47.0,17.7,7.0,67.0,True,,,,,,,,,,,False,malaysia,MYS,Malaysia,Malaysia,MY,East Asia & Pacific,Upper middle income,True
U2290,University of Sunderland,United Kingdom,,united kingdom,,,,,,,,,,,False,,25.5,18.2,9.9,40.2,42.1,71.6,16.0,42.0,61.0,True,1001.0,27.05,16.9,9.6,35.3,37.1,69.6,15.9,40.0,60.0,True,united kingdom,GBR,United Kingdom,United Kingdom of Great Britain and Northern Ireland,GB,Europe & Central Asia,High income: OECD,True
U2291,Universitas Syiah Kuala,Indonesia,,indonesia,,,,,,,,,,,False,,25.5,14.0,9.4,51.5,19.5,25.8,20.4,0.0,62.0,True,,,,,,,,,,,False,indonesia,IDN,Indonesia,Republic of Indonesia,ID,East Asia & Pacific,Lower middle income,True
U2292,University of Talca,Chile,,chile,,,,,,,,,,,False,,25.5,17.4,13.7,31.5,36.7,52.3,15.5,0.0,48.0,True,1201.0,21.35,17.0,11.9,25.3,38.3,52.3,12.5,1.0,51.0,True,chile,CHL,Chile,Republic of Chile,CL,Latin America & Caribbean,High income: OECD,True
U2293,University of Tarapacá,Chile,,chile,,,,,,,,,,,False,,25.5,12.4,19.0,45.1,19.4,59.0,31.8,4.0,54.0,True,1201.0,21.35,14.7,18.2,23.6,37.2,52.6,30.2,3.0,54.0,True,chile,CHL,Chile,Republic of Chile,CL,Latin America & Caribbean,High income: OECD,True
U2294,Technical University of Crete,Greece,,greece,,,,,,,,,,,False,,25.5,13.1,11.1,50.4,40.6,40.7,33.2,4.0,37.0,True,1001.0,27.05,14.1,11.9,57.4,41.4,43.4,31.6,4.0,37.0,True,greece,GRC,Greece,Hellenic Republic,GR,Europe & Central Asia,High income: OECD,True
U2295,Technical University of Košice,Slovakia,,slovakia,,,,,,,,,,,False,,25.5,26.5,17.1,30.2,30.0,44.8,13.1,23.0,27.0,True,1201.0,21.35,21.3,15.8,12.5,40.4,44.8,12.3,20.0,27.0,True,slovak republic,SVK,Slovak Republic,Slovak Republic,SK,Europe & Central Asia,High income: OECD,True
U2296,University of Technology of Compiègne,France,,france,,,,,,,,,,,False,,25.5,26.7,10.9,24.3,48.8,83.8,15.6,19.0,39.0,True,1201.0,21.35,22.5,10.8,20.2,41.4,81.1,15.9,21.0,38.0,True,france,FRA,France,French Republic,FR,Europe & Central Asia,High income: OECD,True
U2297,Institut Teknologi Sepuluh Nopember,Indonesia,,indonesia,,,,,,,,,,,False,,25.5,25.3,10.8,25.4,35.4,42.5,7.1,6.0,40.0,True,1201.0,21.35,19.5,12.3,17.3,49.1,41.6,10.6,3.0,40.0,True,indonesia,IDN,Indonesia,Republic of Indonesia,ID,East Asia & Pacific,Lower middle income,True
U2298,University of Texas Rio Grande Valley,United States,,united states,,,,,,,,,,,False,,25.5,17.9,8.5,45.1,17.4,46.1,21.7,2.0,61.0,True,1001.0,27.05,18.1,23.7,40.7,37.1,36.0,23.5,3.0,60.0,True,united states,USA,United States,United States of America,US,North America,High income: OECD,True
U2299,Tezpur University,India,,india,,,,,,,,,,,False,,25.5,31.3,15.3,27.9,33.8,18.4,15.3,1.0,43.0,True,1201.0,21.35,27.5,18.1,22.1,37.9,16.0,15.0,1.0,41.0,True,india,IND,India,Republic of India,IN,South Asia,Lower middle income,True
U2300,Thiagarajar College of Engineering,India,,india,,,,,,,,,,,False,,25.5,18.7,8.9,41.9,20.2,18.0,18.3,0.0,36.0,True,,,,,,,,,,,False,india,IND,India,Republic of India,IN,South Asia,Lower middle income,True
U2301,Toho University,Japan,,japan,,,,,,,,,,,False,,25.5,24.7,15.0,33.7,57.3,21.5,13.7,0.0,53.0,True,1201.0,21.35,21.0,15.0,22.4,41.9,19.3,13.4,0.0,53.0,True,japan,JPN,Japan,Japan,JP,East Asia & Pacific,High income: OECD,True
U2302,Tokyo University of Marine Science and Technology,Japan,,japan,,,,,,,,,,,False,,25.5,31.3,15.2,19.7,43.1,44.4,10.4,8.0,33.0,True,1201.0,21.35,24.6,15.1,14.3,48.2,36.8,10.5,8.0,33.0,True,japan,JPN,Japan,Japan,JP,East Asia & Pacific,High income: OECD,True
U2303,Tomas Bata University in Zlín,Czech Republic,,czech republic,,,,,,,,,,,False,,25.5,18.1,21.0,31.8,26.1,51.3,20.1,11.0,56.0,True,1201.0,21.35,16.9,19.4,16.8,40.2,49.1,19.6,10.0,56.0,True,czech republic,CZE,Czech Republic,Czech Republic,CZ,Europe & Central Asia,High income: OECD,True
U2304,University of Toyama,Japan,,japan,,,,,,,,,,,False,,25.5,27.0,14.6,29.2,61.9,33.1,10.6,3.0,39.0,True,1201.0,21.35,22.2,15.0,25.4,47.6,29.3,12.0,3.0,39.0,True,japan,JPN,Japan,Japan,JP,East Asia & Pacific,High income: OECD,True
U2305,Transilvania University of Brașov,Romania,,romania,,,,,,,,,,,False,,25.5,15.4,11.5,49.8,18.7,36.9,20.4,1.0,52.0,True,1201.0,21.35,15.0,10.4,34.3,37.4,29.5,18.0,1.0,52.0,True,romania,ROU,Romania,Romania,RO,Europe & Central Asia,Upper middle income,True
U2306,Tribhuvan University,Nepal,,nepal,,,,,,,,,,,False,,25.5,11.3,8.2,49.5,15.9,46.7,30.9,0.0,52.0,True,801.0,31.85,12.8,7.9,71.2,37.0,45.4,30.9,0.0,50.0,True,nepal,NPL,Nepal,Nepal,NP,South Asia,Low income,True
U2307,University of Tunis,Tunisia,,tunisia,,,,,,,,,,,False,,25.5,30.9,10.3,23.5,16.6,39.2,11.4,2.0,70.0,True,1501.0,14.35,20.5,9.6,14.7,37.0,38.2,12.8,2.0,68.0,True,tunisia,TUN,Tunisia,Republic of Tunisia,TN,Middle East & North Africa,Upper middle income,True
U2308,Tzu Chi University,Taiwan,,taiwan,,,,,,,,,,,False,,25.5,25.3,26.0,18.3,65.6,27.1,8.9,8.0,60.0,True,1201.0,21.35,19.8,24.2,9.4,78.0,27.2,9.8,10.0,62.0,True,taiwan,,,,,,,False
U2309,UNIR – International University of La Rioja,Spain,,spain,,,,,,,,,,,False,,25.5,11.9,13.9,38.0,15.6,58.6,36.0,37.0,62.0,True,1201.0,21.35,13.0,11.9,28.2,37.0,58.1,26.7,41.0,62.0,True,spain,ESP,Spain,Kingdom of Spain,ES,Europe & Central Asia,High income: OECD,True
U2310,Unisinos University,Brazil,,brazil,,,,,,,,,,,False,,25.5,30.1,15.4,22.3,25.2,29.3,24.3,0.0,47.0,True,1201.0,21.35,23.6,14.6,14.7,40.3,24.8,18.2,0.0,61.0,True,brazil,BRA,Brazil,Federative Republic of Brazil,BR,Latin America & Caribbean,Upper middle income,True
U2311,Universiti Tun Hussein Onn Malaysia (UTHM),Malaysia,,malaysia,,,,,,,,,,,False,,25.5,22.0,13.5,37.0,18.5,42.1,16.6,6.0,46.0,True,1201.0,21.35,19.8,15.9,22.5,37.3,39.6,16.4,6.0,47.0,True,malaysia,MYS,Malaysia,Malaysia,MY,East Asia & Pacific,Upper middle income,True
U2312,University of Valladolid,Spain,,spain,,,,,,,,,,,False,,25.5,25.1,14.4,37.9,43.8,38.1,10.7,6.0,56.0,True,1201.0,21.35,19.9,13.2,28.9,39.7,38.4,11.2,8.0,57.0,True,spain,ESP,Spain,Kingdom of Spain,ES,Europe & Central Asia,High income: OECD,True
U2313,Veltech University,India,,india,,,,,,,,,,,False,,25.5,17.9,9.1,44.4,16.0,27.7,14.4,2.0,16.0,True,1201.0,21.35,16.6,8.6,46.8,37.9,22.9,13.6,2.0,15.0,True,india,IND,India,Republic of India,IN,South Asia,Lower middle income,True
U2314,University of Venda,South Africa,,south africa,,,,,,,,,,,False,,25.5,20.3,29.2,19.9,16.8,49.0,29.4,1.0,58.0,True,1201.0,21.35,20.3,28.5,9.5,41.3,43.8,27.8,1.0,60.0,True,south africa,ZAF,South Africa,Republic of South Africa,ZA,Sub-Saharan Africa,Upper middle income,True
U2315,Vilnius Gediminas Technical University (Vilnius Tech),Lithuania,,lithuania,,,,,,,,,,,False,,25.5,22.0,16.3,36.0,57.8,47.2,12.3,11.0,34.0,True,1201.0,21.35,18.0,14.7,32.1,43.2,47.7,13.0,11.0,32.0,True,lithuania,LTU,Lithuania,Republic of Lithuania,LT,Europe & Central Asia,High income: nonOECD,True
U2316,"Visvesvaraya National Institute of Technology, Nagpur",India,,india,,,,,,,,,,,False,,25.5,24.5,13.4,41.8,40.4,20.1,15.3,2.0,27.0,True,1201.0,21.35,20.8,13.5,30.0,46.9,17.0,16.6,3.0,22.0,True,india,IND,India,Republic of India,IN,South Asia,Lower middle income,True
U2317,V.N. Karazin Kharkiv National University,Ukraine,,ukraine,,,,,,,,,,,False,,25.5,26.4,10.9,8.8,46.6,47.2,8.3,28.0,53.0,True,1201.0,21.35,21.5,10.5,4.6,37.1,45.5,8.5,26.0,55.0,True,ukraine,UKR,Ukraine,Ukraine,UA,Europe & Central Asia,Lower middle income,True
U2318,Volgograd State University,Russian Federation,,russia,,,,,,,,,,,False,,25.5,24.0,12.9,34.5,15.8,27.9,10.5,5.0,43.0,True,,,,,,,,,,,False,russia,RUS,Russia,Russian Federation,RU,Europe & Central Asia,High income: nonOECD,True
U2319,Walailak University,Thailand,,thailand,,,,,,,,,,,False,,25.5,20.9,13.3,35.5,16.3,40.7,13.6,1.0,73.0,True,1501.0,14.35,17.7,10.6,14.5,37.2,36.0,13.3,1.0,73.0,True,thailand,THA,Thailand,Kingdom of Thailand,TH,East Asia & Pacific,Upper middle income,True
U2320,Warsaw University of Life Sciences – SGGW,Poland,,poland,,,,,,,,,,,False,,25.5,19.9,11.8,41.6,23.4,34.2,13.4,8.0,58.0,True,1201.0,21.35,16.2,11.5,28.6,42.1,28.2,13.6,6.0,59.0,True,poland,POL,Poland,Republic of Poland,PL,Europe & Central Asia,High income: OECD,True
U2321,University of Western Macedonia,Greece,,greece,,,,,,,,,,,False,,25.5,11.6,17.1,39.3,26.2,27.9,46.2,2.0,51.0,True,1201.0,21.35,17.8,15.4,26.4,37.7,28.9,33.6,1.0,50.0,True,greece,GRC,Greece,Hellenic Republic,GR,Europe & Central Asia,High income: OECD,True
U2322,West University of Timişoara,Romania,,romania,,,,,,,,,,,False,,25.5,24.3,13.7,40.2,17.4,34.9,23.9,6.0,64.0,True,1501.0,14.35,18.7,13.4,16.8,37.7,28.7,24.6,6.0,66.0,True,romania,ROU,Romania,Romania,RO,Europe & Central Asia,Upper middle income,True
U2323,Wrocław University of Environmental and Life Sciences,Poland,,poland,,,,,,,,,,,False,,25.5,19.1,13.9,34.3,49.8,29.6,16.7,4.0,67.0,True,1201.0,21.35,16.7,12.7,23.0,39.0,26.3,17.1,4.0,68.0,True,poland,POL,Poland,Republic of Poland,PL,Europe & Central Asia,High income: OECD,True
U2324,Wrocław University of Science and Technology,Poland,,poland,,,,,,,,,,,False,,25.5,19.7,17.4,33.1,54.6,29.7,19.8,4.0,35.0,True,1501.0,14.35,17.9,16.0,14.9,45.5,27.3,20.3,6.0,35.0,True,poland,POL,Poland,Republic of Poland,PL,Europe & Central Asia,High income: OECD,True
U2325,Wuhan Textile University,China,,china,,,,,,,,,,,False,,25.5,15.0,11.0,46.2,36.7,23.5,15.8,1.0,50.0,True,1201.0,21.35,13.7,10.0,33.8,38.3,18.6,16.0,1.0,55.0,True,china,CHN,China,People's Republic of China,CN,East Asia & Pacific,Upper middle income,True
U2326,Xiangtan University,China,,china,,,,,,,,,,,False,,25.5,17.0,15.9,49.0,33.7,21.8,20.6,0.0,50.0,True,1201.0,21.35,17.1,14.3,39.2,41.1,19.3,21.9,1.0,51.0,True,china,CHN,China,People's Republic of China,CN,East Asia & Pacific,Upper middle income,True
U2327,Xuzhou Medical University,China,,china,,,,,,,,,,,False,,25.5,15.8,16.3,43.5,26.0,21.4,18.6,3.0,53.0,True,1201.0,21.35,14.7,14.2,25.6,37.3,18.2,20.3,3.0,53.0,True,china,CHN,China,People's Republic of China,CN,East Asia & Pacific,Upper middle income,True
U2328,Yamagata University,Japan,,japan,,,,,,,,,,,False,,25.5,28.0,15.3,24.8,72.2,32.3,8.8,2.0,34.0,True,1201.0,21.35,22.3,13.4,27.4,53.5,26.8,8.8,2.0,34.0,True,japan,JPN,Japan,Japan,JP,East Asia & Pacific,High income: OECD,True
U2329,University of Yamanashi,Japan,,japan,,,,,,,,,,,False,,25.5,27.8,13.1,25.9,45.4,29.0,6.2,5.0,30.0,True,1201.0,21.35,24.6,12.3,23.0,39.4,24.3,6.1,5.0,30.0,True,japan,JPN,Japan,Japan,JP,East Asia & Pacific,High income: OECD,True
U2330,Yasouj University,Iran,,iran,,,,,,,,,,,False,,25.5,14.7,14.5,52.3,20.1,22.4,25.8,0.0,54.0,True,1001.0,27.05,14.8,13.6,53.8,38.5,18.5,23.6,0.0,56.0,True,iran,IRN,Iran,Islamic Republic of Iran,IR,Middle East & North Africa,Upper middle income,True
U2331,Yuriy Fedkovych Chernivtsi National University,Ukraine,,ukraine,,,,,,,,,,,False,,25.5,22.8,9.9,8.2,17.6,26.3,10.4,1.0,56.0,True,1201.0,21.35,17.6,8.9,7.1,37.0,24.8,10.9,1.0,56.0,True,ukraine,UKR,Ukraine,Ukraine,UA,Europe & Central Asia,Lower middle income,True
U2332,University of Zambia,Zambia,,zambia,,,,,,,,,,,False,,25.5,13.2,9.8,45.8,19.9,54.9,24.6,2.0,39.0,True,501.0,40.65,15.7,9.2,96.8,38.4,49.9,21.2,1.0,35.0,True,zambia,ZMB,Zambia,Republic of Zambia,ZM,Sub-Saharan Africa,Lower middle income,True
U2333,University of Zanjan,Iran,,iran,,,,,,,,,,,False,,25.5,17.1,12.3,42.6,21.5,27.3,23.5,0.0,53.0,True,1201.0,21.35,15.9,12.1,31.8,40.3,23.6,23.5,0.0,53.0,True,iran,IRN,Iran,Islamic Republic of Iran,IR,Middle East & North Africa,Upper middle income,True
U2334,Zanjan University of Medical Sciences,Iran,,iran,,,,,,,,,,,False,,25.5,36.4,12.6,35.5,24.2,21.5,10.9,1.0,56.0,True,1201.0,21.35,21.9,9.5,30.4,37.7,18.0,10.9,1.0,56.0,True,iran,IRN,Iran,Islamic Republic of Iran,IR,Middle East & North Africa,Upper middle income,True
U2335,Zhejiang Chinese Medical University,China,,china,,,,,,,,,,,False,,25.5,16.5,16.4,34.5,37.2,23.0,31.0,5.0,66.0,True,,,,,,,,,,,False,china,CHN,China,People's Republic of China,CN,East Asia & Pacific,Upper middle income,True
U2336,University of Zimbabwe,Zimbabwe,,zimbabwe,,,,,,,,,,,False,,25.5,12.9,12.7,37.3,20.9,50.8,22.5,0.0,42.0,True,1001.0,27.05,14.8,23.3,35.6,43.1,50.0,23.9,0.0,51.0,True,zimbabwe,ZWE,Zimbabwe,Republic of Zimbabwe,ZW,Sub-Saharan Africa,Low income,True
U2337,Université 8 Mai 1945 Guelma,Algeria,,algeria,,,,,,,,,,,False,,16.2,14.7,8.6,25.4,15.9,37.0,20.9,1.0,70.0,True,1201.0,21.35,16.2,8.6,41.3,37.0,36.5,20.1,1.0,67.0,True,algeria,DZA,Algeria,People's Democratic Republic of Algeria,DZ,Middle East & North Africa,Upper middle income,True
U2338,University Abdelhamid Ibn Badis Mostaganem,Algeria,,algeria,,,,,,,,,,,False,,16.2,17.7,7.8,8.1,15.7,33.5,19.5,1.0,68.0,True,,,,,,,,19.3,1.0,67.0,True,algeria,DZA,Algeria,People's Democratic Republic of Algeria,DZ,Middle East & North Africa,Upper middle income,True
U2339,Abdelmalek Essaâdi University,Morocco,,morocco,,,,,,,,,,,False,,16.2,21.6,9.7,30.1,17.2,29.4,91.8,1.0,52.0,True,1201.0,21.35,27.4,9.5,16.2,36.9,28.0,88.2,1.0,50.0,True,morocco,MAR,Morocco,Kingdom of Morocco,MA,Middle East & North Africa,Lower middle income,True
U2340,University of Abou Bekr Belkaïd Tlemcen,Algeria,,algeria,,,,,,,,,,,False,,16.2,22.7,9.0,11.6,19.6,35.3,21.3,1.0,59.0,True,1501.0,14.35,22.7,8.8,10.6,37.0,34.9,20.2,1.0,68.0,True,algeria,DZA,Algeria,People's Democratic Republic of Algeria,DZ,Middle East & North Africa,Upper middle income,True
U2341,Acıbadem University,Turkey,,turkey,,,,,,,,,,,False,,16.2,25.8,12.0,22.7,24.2,30.3,5.7,3.0,73.0,True,1201.0,21.35,22.4,11.4,18.0,38.7,24.9,6.1,3.0,74.0,True,turkey,TUR,Turkey,Republic of Turkey,TR,Europe & Central Asia,Upper middle income,True
U2342,Adelphi University,United States,,united states,,,,,,,,,,,False,,16.2,24.1,7.7,26.1,16.4,33.0,11.1,7.0,70.0,True,,,,,,,,,,,False,united states,USA,United States,United States of America,US,North America,High income: OECD,True
U2343,Afe Babalola University,Nigeria,,nigeria,,,,,,,,,,,False,,16.2,23.4,11.6,17.2,24.6,43.6,10.7,1.0,57.0,True,,,,,,,,11.1,1.0,59.0,True,nigeria,NGA,Nigeria,Federal Republic of Nigeria,NG,Sub-Saharan Africa,Lower middle income,True
U2344,Akita University,Japan,,japan,,,,,,,,,,,False,,16.2,25.6,13.4,20.8,39.1,26.7,10.7,4.0,35.0,True,1501.0,14.35,21.1,11.7,13.4,40.8,24.1,10.5,4.0,36.0,True,japan,JPN,Japan,Japan,JP,East Asia & Pacific,High income: OECD,True
U2345,Aksaray University,Turkey,,turkey,,,,,,,,,,,False,,16.2,11.6,8.8,23.5,26.8,28.0,22.2,8.0,49.0,True,1501.0,14.35,12.7,8.5,22.2,37.2,24.8,25.7,8.0,48.0,True,turkey,TUR,Turkey,Republic of Turkey,TR,Europe & Central Asia,Upper middle income,True
U2346,Alzahra University,Iran,,iran,,,,,,,,,,,False,,16.2,25.4,15.3,24.6,19.6,31.0,28.4,3.0,100.0,True,1501.0,14.35,20.0,11.6,13.4,38.0,28.8,23.6,2.0,100.0,True,iran,IRN,Iran,Islamic Republic of Iran,IR,Middle East & North Africa,Upper middle income,True
U2347,University of Anbar,Iraq,,iraq,,,,,,,,,,,False,,16.2,17.7,9.1,39.1,16.9,29.3,15.5,0.0,55.0,True,1001.0,27.05,16.0,8.6,56.2,37.1,29.0,15.9,0.0,56.0,True,iraq,IRQ,Iraq,Republic of Iraq,IQ,Middle East & North Africa,Upper middle income,True
U2348,"University of the Andes, Venezuela",Venezuela,,venezuela,,,,,,,,,,,False,,16.2,21.9,8.6,8.8,27.7,50.2,10.1,2.0,61.0,True,1501.0,14.35,15.9,7.8,8.9,36.9,48.1,11.7,2.0,61.0,True,venezuela,VEN,Venezuela,República Bolivariana de Venezuela,VE,Latin America & Caribbean,Upper middle income,True
U2349,Andhra University,India,,india,,,,,,,,,,,False,,16.2,38.2,10.4,18.7,26.1,24.1,14.8,5.0,46.0,True,1201.0,21.35,38.4,9.9,21.7,40.3,20.4,13.2,6.0,49.0,True,india,IND,India,Republic of India,IN,South Asia,Lower middle income,True
U2350,Universidad Andrés Bello (UNAB),Chile,,chile,,,,,,,,,,,False,,16.2,15.1,10.4,33.5,20.7,50.6,18.4,2.0,53.0,True,1201.0,21.35,14.3,9.4,29.8,37.8,50.4,19.5,4.0,54.0,True,chile,CHL,Chile,Republic of Chile,CL,Latin America & Caribbean,High income: OECD,True
U2351,Ankara University,Turkey,,turkey,,,,,,,,,,,False,,16.2,18.2,11.6,30.5,36.6,34.4,27.6,6.0,53.0,True,1201.0,21.35,18.8,11.0,25.6,37.7,27.4,15.2,5.0,46.0,True,turkey,TUR,Turkey,Republic of Turkey,TR,Europe & Central Asia,Upper middle income,True
U2352,Ankara Yildirim Beyazit University,Turkey,,turkey,,,,,,,,,,,False,,16.2,19.2,12.6,23.1,17.3,35.4,23.3,12.0,54.0,True,,,,,,,,,,,False,turkey,TUR,Turkey,Republic of Turkey,TR,Europe & Central Asia,Upper middle income,True
U2353,Annamalai University,India,,india,,,,,,,,,,,False,,16.2,35.5,9.6,20.0,22.2,20.1,13.6,0.0,48.0,True,1501.0,14.35,27.9,9.6,11.8,37.5,17.5,11.5,1.0,55.0,True,india,IND,India,Republic of India,IN,South Asia,Lower middle income,True
U2354,Antonio Nariño University,Colombia,,colombia,,,,,,,,,,,False,,16.2,16.6,7.9,33.1,16.0,51.5,14.1,2.0,55.0,True,,,,,,,,17.9,1.0,53.0,True,colombia,COL,Colombia,Republic of Colombia,CO,Latin America & Caribbean,Upper middle income,True
U2355,Arak University,Iran,,iran,,,,,,,,,,,False,,16.2,19.5,11.2,32.7,20.1,26.3,18.7,5.0,58.0,True,1201.0,21.35,17.9,12.9,24.9,37.2,23.5,21.3,6.0,67.0,True,iran,IRN,Iran,Islamic Republic of Iran,IR,Middle East & North Africa,Upper middle income,True
U2356,Universidad Autónoma de Ciudad Juárez,Mexico,,mexico,,,,,,,,,,,False,,16.2,15.6,8.0,10.2,17.5,37.3,15.0,2.0,56.0,True,1501.0,14.35,14.5,7.6,10.7,36.9,33.4,15.4,2.0,54.0,True,mexico,MEX,Mexico,United Mexican States,MX,Latin America & Caribbean,Upper middle income,True
U2357,Universidad Autónoma de Coahuila,Mexico,,mexico,,,,,,,,,,,False,,16.2,21.4,8.0,12.8,18.1,34.4,29.6,0.0,58.0,True,1501.0,14.35,12.8,8.1,14.4,37.7,25.0,29.2,0.0,56.0,True,mexico,MEX,Mexico,United Mexican States,MX,Latin America & Caribbean,Upper middle income,True
U2358,Universidad Autónoma del Estado de Hidalgo,Mexico,,mexico,,,,,,,,,,,False,,16.2,19.2,9.6,11.1,18.1,26.4,19.5,0.0,58.0,True,1501.0,14.35,14.7,9.0,10.7,38.5,23.7,18.9,1.0,57.0,True,mexico,MEX,Mexico,United Mexican States,MX,Latin America & Caribbean,Upper middle income,True
U2359,Universidad Autónoma del Estado de Mexico (UAEMex),Mexico,,mexico,,,,,,,,,,,False,,16.2,22.2,9.3,7.7,17.4,26.9,10.6,1.0,59.0,True,1501.0,14.35,17.9,8.6,5.7,37.0,24.7,10.9,1.0,58.0,True,mexico,MEX,Mexico,United Mexican States,MX,Latin America & Caribbean,Upper middle income,True
U2360,Universidad Autónoma del Estado de Morelos,Mexico,,mexico,,,,,,,,,,,False,,16.2,17.1,9.1,9.1,28.8,27.4,17.4,0.0,56.0,True,1501.0,14.35,17.9,7.9,6.6,37.1,24.8,15.9,0.0,55.0,True,mexico,MEX,Mexico,United Mexican States,MX,Latin America & Caribbean,Upper middle income,True
U2361,Universidad Autónoma de Nuevo León (UANL),Mexico,,mexico,,,,,,,,,,,False,,16.2,13.3,9.1,17.1,19.8,33.4,48.0,0.0,47.0,True,1501.0,14.35,13.1,8.7,13.3,37.2,30.5,47.3,1.0,50.0,True,mexico,MEX,Mexico,United Mexican States,MX,Latin America & Caribbean,Upper middle income,True
U2362,Universidad Autónoma de Querétaro,Mexico,,mexico,,,,,,,,,,,False,,16.2,19.1,10.5,19.1,23.7,30.0,45.2,1.0,57.0,True,1501.0,14.35,18.7,9.9,14.7,40.8,27.2,45.3,1.0,56.0,True,mexico,MEX,Mexico,United Mexican States,MX,Latin America & Caribbean,Upper middle income,True
U2363,Universidad Autónoma de Yucatán,Mexico,,mexico,,,,,,,,,,,False,,16.2,14.9,10.0,14.6,24.1,33.6,19.6,0.0,50.0,True,1501.0,14.35,15.8,10.3,12.5,46.0,30.5,14.7,0.0,50.0,True,mexico,MEX,Mexico,United Mexican States,MX,Latin America & Caribbean,Upper middle income,True
U2364,Autonomous University of Baja California,Mexico,,mexico,,,,,,,,,,,False,,16.2,13.0,9.0,12.6,17.0,35.7,21.7,3.0,54.0,True,1501.0,14.35,14.0,8.7,9.1,37.0,32.0,22.4,3.0,53.0,True,mexico,MEX,Mexico,United Mexican States,MX,Latin America & Caribbean,Upper middle income,True
U2365,Badji Mokhtar University – Annaba,Algeria,,algeria,,,,,,,,,,,False,,16.2,34.1,16.2,12.5,16.9,35.0,11.9,2.0,63.0,True,1501.0,14.35,20.0,8.1,11.3,37.1,32.7,14.2,1.0,63.0,True,algeria,DZA,Algeria,People's Democratic Republic of Algeria,DZ,Middle East & North Africa,Upper middle income,True
U2366,Başkent University,Turkey,,turkey,,,,,,,,,,,False,,16.2,20.0,12.2,15.7,29.1,22.0,13.3,3.0,49.0,True,1501.0,14.35,16.7,11.2,6.0,36.9,22.3,13.0,2.0,59.0,True,turkey,TUR,Turkey,Republic of Turkey,TR,Europe & Central Asia,Upper middle income,True
U2367,University of Batna 2,Algeria,,algeria,,,,,,,,,,,False,,16.2,17.5,7.9,12.2,15.9,30.4,23.7,1.0,51.0,True,,,,,,,,,,,False,algeria,DZA,Algeria,People's Democratic Republic of Algeria,DZ,Middle East & North Africa,Upper middle income,True
U2368,University of Béjaïa,Algeria,,algeria,,,,,,,,,,,False,,16.2,13.8,8.3,14.4,20.9,44.9,23.7,1.0,61.0,True,1501.0,14.35,14.8,8.3,13.3,36.9,43.2,24.4,2.0,61.0,True,algeria,DZA,Algeria,People's Democratic Republic of Algeria,DZ,Middle East & North Africa,Upper middle income,True
U2369,Belgorod State National Research University,Russian Federation,,russia,,,,,,,,,,,False,,16.2,23.4,13.7,10.6,34.1,42.3,15.6,20.0,60.0,True,,,,,,,,,,,False,russia,RUS,Russia,Russian Federation,RU,Europe & Central Asia,High income: nonOECD,True
U2370,University of Benin,Nigeria,,nigeria,,,,,,,,,,,False,,16.2,15.5,5.7,35.0,16.4,34.7,25.8,0.0,49.0,True,1201.0,21.35,14.7,8.7,28.3,36.9,27.1,25.2,0.0,50.0,True,nigeria,NGA,Nigeria,Federal Republic of Nigeria,NG,Sub-Saharan Africa,Lower middle income,True
U2371,Bernardo O’Higgins University,Chile,,chile,,,,,,,,,,,False,,16.2,13.9,10.3,10.7,20.9,54.0,18.6,6.0,68.0,True,,,,,,,,18.1,4.0,66.0,True,chile,CHL,Chile,Republic of Chile,CL,Latin America & Caribbean,High income: OECD,True
U2372,Bharath Institute of Higher Education and Research,India,,india,,,,,,,,,,,False,,16.2,21.1,7.3,30.2,21.2,35.9,14.0,2.0,56.0,True,,,,,,,,,,,False,india,IND,India,Republic of India,IN,South Asia,Lower middle income,True
U2373,Bharati Vidyapeeth University,India,,india,,,,,,,,,,,False,,16.2,24.8,9.4,13.5,30.4,18.8,7.3,0.0,50.0,True,,,,,,,,,,,False,india,IND,India,Republic of India,IN,South Asia,Lower middle income,True
U2374,Bialystok University of Technology,Poland,,poland,,,,,,,,,,,False,,16.2,23.0,14.9,23.1,20.6,24.3,10.8,3.0,36.0,True,1501.0,14.35,20.2,14.6,9.5,37.6,22.0,10.6,4.0,36.0,True,poland,POL,Poland,Republic of Poland,PL,Europe & Central Asia,High income: OECD,True
U2375,Bilecik Şeyh Edebali University,Turkey,,turkey,,,,,,,,,,,False,,16.2,14.5,9.5,22.8,17.8,32.0,16.3,13.0,40.0,True,,,,,,,,18.2,8.0,42.0,True,turkey,TUR,Turkey,Republic of Turkey,TR,Europe & Central Asia,Upper middle income,True
U2376,University of Bío-Bío,Chile,,chile,,,,,,,,,,,False,,16.2,12.9,12.8,13.9,19.1,46.7,25.5,1.0,43.0,True,1501.0,14.35,13.8,8.5,8.1,37.0,46.3,24.8,1.0,43.0,True,chile,CHL,Chile,Republic of Chile,CL,Latin America & Caribbean,High income: OECD,True
U2377,University of Birjand,Iran,,iran,,,,,,,,,,,False,,16.2,11.1,9.5,26.7,16.8,26.2,36.9,4.0,53.0,True,,,,,,,,,,,False,iran,IRN,Iran,Islamic Republic of Iran,IR,Middle East & North Africa,Upper middle income,True
U2378,University of Biskra,Algeria,,algeria,,,,,,,,,,,False,,16.2,16.3,8.6,19.3,15.9,38.1,21.5,0.0,64.0,True,1501.0,14.35,20.9,8.2,16.8,37.0,35.7,23.1,0.0,63.0,True,algeria,DZA,Algeria,People's Democratic Republic of Algeria,DZ,Middle East & North Africa,Upper middle income,True
U2379,Blida 1 University,Algeria,,algeria,,,,,,,,,,,False,,16.2,19.6,8.6,14.9,16.7,36.8,20.4,1.0,64.0,True,1501.0,14.35,18.3,8.3,18.2,37.1,35.9,20.4,1.0,68.0,True,algeria,DZA,Algeria,People's Democratic Republic of Algeria,DZ,Middle East & North Africa,Upper middle income,True
U2380,Bolu Abant Izzet Baysal University,Turkey,,turkey,,,,,,,,,,,False,,16.2,15.6,9.3,29.2,17.4,32.4,22.1,9.0,55.0,True,1501.0,14.35,15.6,8.5,23.2,37.1,23.0,23.5,3.0,55.0,True,turkey,TUR,Turkey,Republic of Turkey,TR,Europe & Central Asia,Upper middle income,True
U2381,Bozok University,Turkey,,turkey,,,,,,,,,,,False,,16.2,16.1,9.4,30.3,16.9,28.9,14.4,5.0,51.0,True,1201.0,21.35,13.8,8.7,30.2,38.4,27.7,16.8,6.0,50.0,True,turkey,TUR,Turkey,Republic of Turkey,TR,Europe & Central Asia,Upper middle income,True
U2382,University of Brawijaya,Indonesia,,indonesia,,,,,,,,,,,False,,16.2,20.5,9.9,17.2,20.4,25.7,14.4,1.0,56.0,True,1501.0,14.35,19.1,9.4,9.3,38.8,21.4,12.3,1.0,56.0,True,indonesia,IDN,Indonesia,Republic of Indonesia,ID,East Asia & Pacific,Lower middle income,True
U2383,Burapha University,Thailand,,thailand,,,,,,,,,,,False,,16.2,16.0,9.8,10.3,20.9,27.6,17.4,2.0,66.0,True,1501.0,14.35,15.0,9.3,11.1,38.0,25.2,21.8,1.0,70.0,True,thailand,THA,Thailand,Kingdom of Thailand,TH,East Asia & Pacific,Upper middle income,True
U2384,Bursa Technical University,Turkey,,turkey,,,,,,,,,,,False,,16.2,13.7,9.4,30.4,18.5,29.7,18.5,8.0,48.0,True,,,,,,,,,,,False,turkey,TUR,Turkey,Republic of Turkey,TR,Europe & Central Asia,Upper middle income,True
U2385,Bursa Uludağ University,Turkey,,turkey,,,,,,,,,,,False,,16.2,18.8,10.4,20.0,31.0,32.3,24.2,10.0,50.0,True,1501.0,14.35,16.3,10.1,15.0,43.1,28.3,25.3,9.0,47.0,True,turkey,TUR,Turkey,Republic of Turkey,TR,Europe & Central Asia,Upper middle income,True
U2386,University of Caldas,Colombia,,colombia,,,,,,,,,,,False,,16.2,10.1,11.0,9.0,53.2,32.2,58.2,0.0,49.0,True,,,,,,,,,,,False,colombia,COL,Colombia,Republic of Colombia,CO,Latin America & Caribbean,Upper middle income,True
U2387,Çankırı Karatekin University,Turkey,,turkey,,,,,,,,,,,False,,16.2,12.5,9.5,22.7,15.6,41.0,19.9,20.0,53.0,True,,,,,,,,,,,False,turkey,TUR,Turkey,Republic of Turkey,TR,Europe & Central Asia,Upper middle income,True
U2388,Catholic University of Brasília,Brazil,,brazil,,,,,,,,,,,False,,16.2,15.4,10.5,11.7,19.0,35.7,22.6,0.0,53.0,True,1501.0,14.35,16.3,9.0,10.5,36.9,33.7,17.8,0.0,53.0,True,brazil,BRA,Brazil,Federative Republic of Brazil,BR,Latin America & Caribbean,Upper middle income,True
U2389,Catholic University of the North,Chile,,chile,,,,,,,,,,,False,,16.2,14.2,15.2,29.0,18.2,58.0,20.3,3.0,46.0,True,1201.0,21.35,14.3,17.0,27.4,38.2,57.1,20.4,3.0,47.0,True,chile,CHL,Chile,Republic of Chile,CL,Latin America & Caribbean,High income: OECD,True
U2390,Universidad Católica del Maule,Chile,,chile,,,,,,,,,,,False,,16.2,13.4,13.4,19.3,15.8,57.5,21.1,3.0,58.0,True,,,,,,,,,,,False,chile,CHL,Chile,Republic of Chile,CL,Latin America & Caribbean,High income: OECD,True
U2391,Universidad Católica de la Santísima Concepción,Chile,,chile,,,,,,,,,,,False,,16.2,13.2,14.9,22.9,16.9,48.9,22.9,0.0,56.0,True,,,,,,,,,,,False,chile,CHL,Chile,Republic of Chile,CL,Latin America & Caribbean,High income: OECD,True
U2392,University of Caxias do Sul,Brazil,,brazil,,,,,,,,,,,False,,16.2,15.9,9.4,11.8,22.3,21.6,30.4,0.0,53.0,True,1501.0,14.35,14.8,8.9,11.1,37.5,18.6,25.8,0.0,51.0,True,brazil,BRA,Brazil,Federative Republic of Brazil,BR,Latin America & Caribbean,Upper middle income,True
U2393,Ceará State University,Brazil,,brazil,,,,,,,,,,,False,,16.2,21.1,11.4,8.9,17.9,20.2,14.7,0.0,54.0,True,1501.0,14.35,17.9,10.0,5.1,38.1,18.6,16.6,0.0,58.0,True,brazil,BRA,Brazil,Federative Republic of Brazil,BR,Latin America & Caribbean,Upper middle income,True
U2394,Manisa Celal Bayar University,Turkey,,turkey,,,,,,,,,,,False,,16.2,14.9,5.2,21.6,16.7,22.0,17.9,3.0,48.0,True,1501.0,14.35,14.2,7.8,24.4,36.9,18.2,22.4,2.0,51.0,True,turkey,TUR,Turkey,Republic of Turkey,TR,Europe & Central Asia,Upper middle income,True
U2395,Centro Federal de Educação Tecnológica Celso Suckow da Fonseca (CEFET-RJ),Brazil,,brazil,,,,,,,,,,,False,,16.2,12.4,9.7,18.2,16.7,30.6,21.0,0.0,38.0,True,,,,,,,,,,,False,brazil,BRA,Brazil,Federative Republic of Brazil,BR,Latin America & Caribbean,Upper middle income,True
U2396,CES University,Colombia,,colombia,,,,,,,,,,,False,,16.2,19.2,9.1,5.8,16.4,37.1,13.6,3.0,69.0,True,,,,,,,,13.5,3.0,70.0,True,colombia,COL,Colombia,Republic of Colombia,CO,Latin America & Caribbean,Upper middle income,True
U2397,College of Charleston,United States,,united states,,,,,,,,,,,False,,16.2,17.4,7.9,30.4,23.2,29.8,16.3,1.0,68.0,True,,,,,,,,,,,False,united states,USA,United States,United States of America,US,North America,High income: OECD,True
U2398,Chelyabinsk State University,Russian Federation,,russia,,,,,,,,,,,False,,16.2,12.3,10.7,10.7,17.0,25.9,24.3,2.0,62.0,True,,,,,,,,,,,False,russia,RUS,Russia,Russian Federation,RU,Europe & Central Asia,High income: nonOECD,True
U2399,Chiba Institute of Technology,Japan,,japan,,,,,,,,,,,False,,16.2,14.8,8.8,13.0,26.1,20.9,24.4,2.0,15.0,True,1501.0,14.35,15.1,9.1,7.3,39.8,18.5,24.3,2.0,14.0,True,japan,JPN,Japan,Japan,JP,East Asia & Pacific,High income: OECD,True
U2400,Chinese Culture University,Taiwan,,taiwan,,,,,,,,,,,False,,16.2,13.9,10.0,16.8,26.1,29.8,23.5,6.0,50.0,True,1501.0,14.35,14.9,9.4,8.9,37.5,27.9,23.3,5.0,50.0,True,taiwan,,,,,,,False
U2401,Université Chouaïb Doukkali,Morocco,,morocco,,,,,,,,,,,False,,16.2,13.4,10.8,28.8,18.9,26.7,34.5,2.0,58.0,True,1201.0,21.35,14.4,10.3,29.9,38.5,25.4,33.6,2.0,55.0,True,morocco,MAR,Morocco,Kingdom of Morocco,MA,Middle East & North Africa,Lower middle income,True
U2402,Chubu University,Japan,,japan,,,,,,,,,,,False,,16.2,17.1,11.9,15.9,33.4,34.1,17.1,2.0,27.0,True,1501.0,14.35,16.4,10.5,13.6,39.0,30.7,16.8,2.0,27.0,True,japan,JPN,Japan,Japan,JP,East Asia & Pacific,High income: OECD,True
U2403,Chuo University,Japan,,japan,,,,,,,,,,,False,,16.2,18.7,12.7,15.5,27.2,30.4,35.6,4.0,38.0,True,1501.0,14.35,25.3,11.7,8.6,40.4,26.2,35.3,4.0,38.0,True,japan,JPN,Japan,Japan,JP,East Asia & Pacific,High income: OECD,True
U2404,University of Colima,Mexico,,mexico,,,,,,,,,,,False,,16.2,21.6,8.0,12.4,20.0,31.6,9.3,0.0,55.0,True,1501.0,14.35,18.3,7.7,12.1,37.1,29.2,9.6,0.0,54.0,True,mexico,MEX,Mexico,United Mexican States,MX,Latin America & Caribbean,Upper middle income,True
U2405,Comillas Pontifical University,Spain,,spain,,,,,,,,,,,False,,16.2,18.3,15.7,26.3,31.4,44.2,21.0,7.0,55.0,True,1501.0,14.35,17.6,14.5,13.8,46.0,38.3,21.8,6.0,55.0,True,spain,ESP,Spain,Kingdom of Spain,ES,Europe & Central Asia,High income: OECD,True
U2406,Communication University of China,China,,china,,,,,,,,,,,False,,16.2,27.5,17.3,15.5,37.6,23.4,15.3,3.0,70.0,True,1501.0,14.35,22.3,15.1,2.9,49.2,19.7,14.0,5.0,53.0,True,china,CHN,China,People's Republic of China,CN,East Asia & Pacific,Upper middle income,True
U2407,Cracow University of Technology,Poland,,poland,,,,,,,,,,,False,,16.2,21.2,10.7,30.4,28.2,27.3,12.2,5.0,36.0,True,1501.0,14.35,17.6,9.8,21.9,41.4,21.6,12.9,2.0,38.0,True,poland,POL,Poland,Republic of Poland,PL,Europe & Central Asia,High income: OECD,True
U2408,Damghan University,Iran,,iran,,,,,,,,,,,False,,16.2,17.7,11.4,27.0,17.9,27.9,15.9,0.0,69.0,True,1201.0,21.35,18.1,13.3,25.4,39.1,23.4,28.6,0.0,62.0,True,iran,IRN,Iran,Islamic Republic of Iran,IR,Middle East & North Africa,Upper middle income,True
U2409,University of Dar es Salaam,Tanzania,,tanzania,,,,,,,,,,,False,,16.2,14.4,10.3,28.2,21.7,49.5,21.1,0.0,47.0,True,1501.0,14.35,13.9,9.5,16.7,37.5,47.4,24.8,0.0,44.0,True,tanzania,TZA,Tanzania,United Republic of Tanzania,TZ,Sub-Saharan Africa,Low income,True
U2410,University for Development Studies,Ghana,,ghana,,,,,,,,,,,False,,16.2,11.1,9.9,31.1,18.9,51.5,27.4,0.0,43.0,True,,,,,,,,33.9,1.0,41.0,True,ghana,GHA,Ghana,Republic of Ghana,GH,Sub-Saharan Africa,Lower middle income,True
U2411,Dicle University,Turkey,,turkey,,,,,,,,,,,False,,16.2,30.3,16.9,12.7,53.0,21.9,17.5,4.0,45.0,True,1501.0,14.35,19.5,8.4,10.9,37.1,17.7,17.3,2.0,44.0,True,turkey,TUR,Turkey,Republic of Turkey,TR,Europe & Central Asia,Upper middle income,True
U2412,Dokkyo Medical University,Japan,,japan,,,,,,,,,,,False,,16.2,26.7,10.3,22.0,37.9,19.1,1.2,1.0,53.0,True,1501.0,14.35,24.7,8.6,14.6,39.6,16.8,1.2,0.0,51.0,True,japan,JPN,Japan,Japan,JP,East Asia & Pacific,High income: OECD,True
U2413,Dumlupinar University,Turkey,,turkey,,,,,,,,,,,False,,16.2,10.9,7.8,23.3,19.8,38.5,44.4,19.0,40.0,True,1501.0,14.35,12.0,8.9,31.0,40.1,23.4,50.4,8.0,43.0,True,turkey,TUR,Turkey,Republic of Turkey,TR,Europe & Central Asia,Upper middle income,True
U2414,Dunarea de Jos University of Galati,Romania,,romania,,,,,,,,,,,False,,16.2,19.8,9.2,17.5,16.4,46.1,16.0,22.0,58.0,True,1501.0,14.35,16.1,9.0,6.3,37.0,38.5,16.6,21.0,59.0,True,romania,ROU,Romania,Romania,RO,Europe & Central Asia,Upper middle income,True
U2415,EAFIT University,Colombia,,colombia,,,,,,,,,,,False,,16.2,17.0,11.0,16.5,16.5,44.7,18.8,1.0,44.0,True,1501.0,14.35,14.3,11.0,9.8,37.6,42.6,23.8,2.0,44.0,True,colombia,COL,Colombia,Republic of Colombia,CO,Latin America & Caribbean,Upper middle income,True
U2416,El Bosque University,Colombia,,colombia,,,,,,,,,,,False,,16.2,23.7,9.3,20.0,16.9,46.6,6.8,2.0,62.0,True,1201.0,21.35,20.3,7.8,19.7,37.9,44.1,6.6,0.0,65.0,True,colombia,COL,Colombia,Republic of Colombia,CO,Latin America & Caribbean,Upper middle income,True
U2417,Erzincan Binali Yıldırım University,Turkey,,turkey,,,,,,,,,,,False,,16.2,12.0,8.7,37.6,16.6,23.7,21.9,4.0,49.0,True,1501.0,14.35,13.6,8.2,31.5,36.9,18.3,18.7,3.0,54.0,True,turkey,TUR,Turkey,Republic of Turkey,TR,Europe & Central Asia,Upper middle income,True
U2418,Eskişehir Osmangazi University,Turkey,,turkey,,,,,,,,,,,False,,16.2,21.5,16.6,20.5,19.2,27.0,17.5,7.0,45.0,True,1501.0,14.35,17.4,14.8,17.1,37.2,19.8,19.6,3.0,45.0,True,turkey,TUR,Turkey,Republic of Turkey,TR,Europe & Central Asia,Upper middle income,True
U2419,Universidade Estadual do Norte Fluminense Darcy Ribeiro,Brazil,,brazil,,,,,,,,,,,False,,16.2,21.1,10.9,21.6,22.3,34.5,22.8,0.0,61.0,True,1501.0,14.35,22.1,12.4,11.3,40.0,29.6,23.0,0.0,61.0,True,brazil,BRA,Brazil,Federative Republic of Brazil,BR,Latin America & Caribbean,Upper middle income,True
U2420,Universidade Estadual de Maringá,Brazil,,brazil,,,,,,,,,,,False,,16.2,28.9,13.8,20.2,21.2,22.0,12.2,0.0,53.0,True,1501.0,14.35,22.9,13.3,11.4,37.4,19.1,12.6,0.0,55.0,True,brazil,BRA,Brazil,Federative Republic of Brazil,BR,Latin America & Caribbean,Upper middle income,True
U2421,Universidade Estadual do Oeste do Paraná (Unioeste),Brazil,,brazil,,,,,,,,,,,False,,16.2,27.6,9.8,7.4,17.2,20.4,9.9,0.0,60.0,True,1501.0,14.35,22.2,9.3,4.8,37.0,17.9,9.0,0.0,59.0,True,brazil,BRA,Brazil,Federative Republic of Brazil,BR,Latin America & Caribbean,Upper middle income,True
U2422,"Federal University of Agriculture, Abeokuta",Nigeria,,nigeria,,,,,,,,,,,False,,16.2,15.6,8.0,24.5,17.0,31.4,26.5,0.0,52.0,True,1501.0,14.35,15.0,8.8,16.0,37.5,26.0,25.9,0.0,50.0,True,nigeria,NGA,Nigeria,Federal Republic of Nigeria,NG,Sub-Saharan Africa,Lower middle income,True
U2423,Universidade Federal de Ciências da Saúde de Porto Alegre (UFCSPA),Brazil,,brazil,,,,,,,,,,,False,,16.2,21.2,12.8,25.1,21.2,26.1,11.6,1.0,70.0,True,1501.0,14.35,18.1,12.4,19.9,36.9,21.7,13.6,1.0,70.0,True,brazil,BRA,Brazil,Federative Republic of Brazil,BR,Latin America & Caribbean,Upper middle income,True
U2424,Federal University of Itajubá,Brazil,,brazil,,,,,,,,,,,False,,16.2,17.7,9.6,21.3,20.5,28.0,17.3,1.0,30.0,True,1501.0,14.35,16.7,9.6,14.9,40.0,24.2,17.1,1.0,30.0,True,brazil,BRA,Brazil,Federative Republic of Brazil,BR,Latin America & Caribbean,Upper middle income,True
U2425,Universidade Federal de Juiz de Fora,Brazil,,brazil,,,,,,,,,,,False,,16.2,18.5,12.1,27.5,18.6,29.8,16.6,0.0,50.0,True,1501.0,14.35,18.0,10.8,18.6,37.9,22.9,16.5,0.0,54.0,True,brazil,BRA,Brazil,Federative Republic of Brazil,BR,Latin America & Caribbean,Upper middle income,True
U2426,Universidade Federal do Maranhão (UFMA),Brazil,,brazil,,,,,,,,,,,False,,16.2,15.2,10.3,14.5,18.7,23.2,19.2,0.0,51.0,True,1501.0,14.35,16.4,8.8,12.6,37.1,20.1,16.2,0.0,52.0,True,brazil,BRA,Brazil,Federative Republic of Brazil,BR,Latin America & Caribbean,Upper middle income,True
U2427,Federal University of Mato Grosso do Sul,Brazil,,brazil,,,,,,,,,,,False,,16.2,21.4,11.7,22.3,33.0,28.9,15.0,1.0,55.0,True,1501.0,14.35,18.1,10.4,17.4,41.9,23.2,15.6,1.0,55.0,True,brazil,BRA,Brazil,Federative Republic of Brazil,BR,Latin America & Caribbean,Upper middle income,True
U2428,Universidade Federal de Ouro Preto (UFOP),Brazil,,brazil,,,,,,,,,,,False,,16.2,22.1,12.0,20.7,25.5,24.7,16.3,1.0,49.0,True,1501.0,14.35,20.0,11.6,13.7,40.4,20.7,17.1,1.0,50.0,True,brazil,BRA,Brazil,Federative Republic of Brazil,BR,Latin America & Caribbean,Upper middle income,True
U2429,Federal University of Pará,Brazil,,brazil,,,,,,,,,,,False,,16.2,22.6,11.7,21.3,21.7,26.8,17.7,0.0,52.0,True,1501.0,14.35,19.5,10.7,12.7,39.0,23.6,16.3,0.0,52.0,True,brazil,BRA,Brazil,Federative Republic of Brazil,BR,Latin America & Caribbean,Upper middle income,True
U2430,Federal Rural University of Pernambuco,Brazil,,brazil,,,,,,,,,,,False,,16.2,25.0,11.0,19.1,20.0,23.4,12.3,0.0,49.0,True,1501.0,14.35,16.8,10.2,8.3,37.1,20.1,16.0,0.0,48.0,True,brazil,BRA,Brazil,Federative Republic of Brazil,BR,Latin America & Caribbean,Upper middle income,True
U2431,Universidade Federal Rural do Semi-Arido,Brazil,,brazil,,,,,,,,,,,False,,16.2,19.1,9.0,5.7,16.6,18.3,12.4,0.0,49.0,True,1501.0,14.35,26.0,9.4,2.4,44.0,15.8,10.0,0.0,46.0,True,brazil,BRA,Brazil,Federative Republic of Brazil,BR,Latin America & Caribbean,Upper middle income,True
U2432,Universidade Federal de Sergipe,Brazil,,brazil,,,,,,,,,,,False,,16.2,17.0,10.4,36.4,18.1,28.1,16.0,0.0,52.0,True,801.0,31.85,17.4,9.9,67.2,36.9,23.1,15.8,0.0,51.0,True,brazil,BRA,Brazil,Federative Republic of Brazil,BR,Latin America & Caribbean,Upper middle income,True
U2433,Fluminense Federal University,Brazil,,brazil,,,,,,,,,,,False,,16.2,21.0,13.1,27.8,22.5,30.8,20.8,1.0,47.0,True,1501.0,14.35,18.8,12.1,16.7,39.1,25.0,21.1,0.0,49.0,True,brazil,BRA,Brazil,Federative Republic of Brazil,BR,Latin America & Caribbean,Upper middle income,True
U2434,University of Fortaleza (UNIFOR),Brazil,,brazil,,,,,,,,,,,False,,16.2,14.3,9.4,33.6,16.9,37.8,20.3,0.0,51.0,True,1001.0,27.05,16.4,8.6,57.6,37.7,35.3,18.5,0.0,51.0,True,brazil,BRA,Brazil,Federative Republic of Brazil,BR,Latin America & Caribbean,Upper middle income,True
U2435,Université Frères Mentouri Constantine 1,Algeria,,algeria,,,,,,,,,,,False,,16.2,20.2,8.1,13.5,18.2,38.3,16.2,1.0,65.0,True,1501.0,14.35,18.9,8.7,10.9,37.5,37.6,22.2,1.0,62.0,True,algeria,DZA,Algeria,People's Democratic Republic of Algeria,DZ,Middle East & North Africa,Upper middle income,True
U2436,Universidad de las Fuerzas Armadas – ESPE,Ecuador,,ecuador,,,,,,,,,,,False,,16.2,15.9,8.6,11.6,16.3,40.6,14.5,1.0,39.0,True,1501.0,14.35,15.1,9.4,11.8,37.1,42.2,13.4,0.0,37.0,True,ecuador,ECU,Ecuador,Republic of Ecuador,EC,Latin America & Caribbean,Upper middle income,True
U2437,University of Fukui,Japan,,japan,,,,,,,,,,,False,,16.2,26.0,12.4,16.4,37.9,26.5,7.6,2.0,27.0,True,1501.0,14.35,22.3,11.2,12.5,41.0,26.2,8.0,5.0,31.0,True,japan,JPN,Japan,Japan,JP,East Asia & Pacific,High income: OECD,True
U2438,Fukuoka University,Japan,,japan,,,,,,,,,,,False,,16.2,23.5,9.7,17.9,37.1,24.4,8.7,1.0,40.0,True,1501.0,14.35,18.8,9.2,15.1,39.7,21.0,9.5,1.0,40.0,True,japan,JPN,Japan,Japan,JP,East Asia & Pacific,High income: OECD,True
U2439,Université de Gabès,Tunisia,,tunisia,,,,,,,,,,,False,,16.2,20.8,9.4,28.9,16.7,42.8,12.4,1.0,74.0,True,1201.0,21.35,18.1,9.3,25.7,36.9,42.1,12.8,1.0,75.0,True,tunisia,TUN,Tunisia,Republic of Tunisia,TN,Middle East & North Africa,Upper middle income,True
U2440,Gaziantep University,Turkey,,turkey,,,,,,,,,,,False,,16.2,15.6,10.8,33.0,20.1,39.5,38.1,12.0,47.0,True,1501.0,14.35,16.6,9.8,21.5,36.9,31.1,38.0,11.0,47.0,True,turkey,TUR,Turkey,Republic of Turkey,TR,Europe & Central Asia,Upper middle income,True
U2441,Gheorghe Asachi Technical University of Iaşi,Romania,,romania,,,,,,,,,,,False,,16.2,15.9,9.6,23.2,26.2,32.1,20.8,9.0,29.0,True,1501.0,14.35,15.6,10.4,11.2,37.2,29.4,21.0,9.0,30.0,True,romania,ROU,Romania,Romania,RO,Europe & Central Asia,Upper middle income,True
U2442,GITAM University,India,,india,,,,,,,,,,,False,,16.2,19.6,9.3,20.8,19.0,25.2,13.9,1.0,37.0,True,1501.0,14.35,17.6,8.8,16.2,38.2,20.1,14.1,1.0,35.0,True,india,IND,India,Republic of India,IN,South Asia,Lower middle income,True
U2443,Goa University,India,,india,,,,,,,,,,,False,,16.2,32.1,12.4,23.0,18.6,24.1,11.8,3.0,65.0,True,,,,,,,,,,,False,india,IND,India,Republic of India,IN,South Asia,Lower middle income,True
U2444,Grigore T. Popa University of Medicine and Pharmacy,Romania,,romania,,,,,,,,,,,False,,16.2,22.5,10.1,18.9,22.5,42.1,10.8,26.0,68.0,True,1501.0,14.35,18.4,8.4,15.8,37.1,43.2,10.8,27.0,68.0,True,romania,ROU,Romania,Romania,RO,Europe & Central Asia,Upper middle income,True
U2445,University of Guadalajara,Mexico,,mexico,,,,,,,,,,,False,,16.2,16.3,8.8,13.7,18.0,31.2,19.3,0.0,55.0,True,1501.0,14.35,15.0,8.2,10.3,36.9,28.7,17.8,0.0,53.0,True,mexico,MEX,Mexico,United Mexican States,MX,Latin America & Caribbean,Upper middle income,True
U2446,University of Guanajuato,Mexico,,mexico,,,,,,,,,,,False,,16.2,16.2,9.3,13.4,20.5,36.4,21.4,2.0,55.0,True,1501.0,14.35,16.8,9.0,9.0,38.8,31.8,20.9,1.0,55.0,True,mexico,MEX,Mexico,United Mexican States,MX,Latin America & Caribbean,Upper middle income,True
U2447,Gubkin Russian State University of Oil and Gas,Russian Federation,,russia,,,,,,,,,,,False,,16.2,23.4,10.5,12.5,38.2,26.8,12.2,7.0,33.0,True,,,,,,,,,,,False,russia,RUS,Russia,Russian Federation,RU,Europe & Central Asia,High income: nonOECD,True
U2448,Hasanuddin University,Indonesia,,indonesia,,,,,,,,,,,False,,16.2,18.8,11.2,25.8,27.5,19.8,16.6,0.0,51.0,True,1201.0,21.35,18.4,10.9,25.5,44.5,26.4,14.6,1.0,60.0,True,indonesia,IDN,Indonesia,Republic of Indonesia,ID,East Asia & Pacific,Lower middle income,True
U2449,Université Hassan 1er,Morocco,,morocco,,,,,,,,,,,False,,16.2,24.9,10.3,19.2,16.6,23.6,88.2,2.0,48.0,True,1501.0,14.35,18.0,8.7,12.2,36.9,22.7,51.8,2.0,51.0,True,morocco,MAR,Morocco,Kingdom of Morocco,MA,Middle East & North Africa,Lower middle income,True
U2450,Hassiba Benbouali University of Chlef,Algeria,,algeria,,,,,,,,,,,False,,16.2,15.5,12.3,20.7,32.7,41.9,22.0,1.0,72.0,True,,,,,,,,22.3,1.0,71.0,True,algeria,DZA,Algeria,People's Democratic Republic of Algeria,DZ,Middle East & North Africa,Upper middle income,True
U2451,University of Havana,Cuba,,cuba,,,,,,,,,,,False,,16.2,28.1,11.8,10.8,33.9,53.0,9.0,5.0,64.0,True,1501.0,14.35,23.3,11.3,7.9,42.4,51.0,8.6,4.0,63.0,True,cuba,CUB,Cuba,Republic of Cuba,CU,Latin America & Caribbean,Upper middle income,True
U2452,Hellenic Open University,Greece,,greece,,,,,,,,,,,False,,16.2,22.4,8.5,34.2,15.8,26.2,6.8,1.0,60.0,True,1501.0,14.35,19.8,8.1,23.0,37.0,23.4,6.8,1.0,61.0,True,greece,GRC,Greece,Hellenic Republic,GR,Europe & Central Asia,High income: OECD,True
U2453,Herzen State Pedagogical University of Russia,Russian Federation,,russia,,,,,,,,,,,False,,16.2,20.2,11.5,9.8,17.6,39.2,15.4,18.0,75.0,True,,,,,,,,,,,False,russia,RUS,Russia,Russian Federation,RU,Europe & Central Asia,High income: nonOECD,True
U2454,Hindustan Institute of Technology and Science,India,,india,,,,,,,,,,,False,,16.2,21.9,9.3,33.6,16.3,23.4,11.3,1.0,47.0,True,,,,,,,,12.1,1.0,36.0,True,india,IND,India,Republic of India,IN,South Asia,Lower middle income,True
U2455,Hitit University,Turkey,,turkey,,,,,,,,,,,False,,16.2,15.2,9.8,15.1,16.5,22.8,22.6,4.0,48.0,True,,,,,,,,,,,False,turkey,TUR,Turkey,Republic of Turkey,TR,Europe & Central Asia,Upper middle income,True
U2456,Hosei University,Japan,,japan,,,,,,,,,,,False,,16.2,15.2,11.0,34.0,23.9,38.3,37.7,5.0,38.0,True,1201.0,21.35,16.7,10.0,27.8,38.3,31.8,39.2,4.0,38.0,True,japan,JPN,Japan,Japan,JP,East Asia & Pacific,High income: OECD,True
U2457,University of Hyogo,Japan,,japan,,,,,,,,,,,False,,16.2,22.5,13.2,11.8,56.5,24.6,12.4,3.0,41.0,True,1501.0,14.35,17.9,12.3,4.7,47.3,21.3,12.7,3.0,42.0,True,japan,JPN,Japan,Japan,JP,East Asia & Pacific,High income: OECD,True
U2458,Ibaraki University,Japan,,japan,,,,,,,,,,,False,,16.2,18.9,12.5,12.2,36.9,27.4,14.8,3.0,34.0,True,1501.0,14.35,17.5,12.2,6.9,42.1,24.2,14.8,3.0,35.0,True,japan,JPN,Japan,Japan,JP,East Asia & Pacific,High income: OECD,True
U2459,Universidad Industrial de Santander (UIS),Colombia,,colombia,,,,,,,,,,,False,,16.2,14.4,12.2,11.6,31.5,38.0,23.4,1.0,45.0,True,1501.0,14.35,16.1,10.1,7.9,43.6,35.2,13.8,1.0,45.0,True,colombia,COL,Colombia,Republic of Colombia,CO,Latin America & Caribbean,Upper middle income,True
U2460,Industrial University of Tyumen,Russian Federation,,russia,,,,,,,,,,,False,,16.2,19.5,8.4,14.0,18.3,23.1,11.4,6.0,35.0,True,,,,,,,,,,,False,russia,RUS,Russia,Russian Federation,RU,Europe & Central Asia,High income: nonOECD,True
U2461,Inönü University,Turkey,,turkey,,,,,,,,,,,False,,16.2,17.8,9.4,21.5,18.0,21.1,22.2,3.0,51.0,True,1501.0,14.35,24.6,8.4,15.5,36.9,17.6,19.2,2.0,36.0,True,turkey,TUR,Turkey,Republic of Turkey,TR,Europe & Central Asia,Upper middle income,True
U2462,International Hellenic University,Greece,,greece,,,,,,,,,,,False,,16.2,9.6,9.4,36.5,20.1,30.7,38.0,2.0,44.0,True,1201.0,21.35,11.7,10.8,34.4,37.3,31.2,49.0,1.0,54.0,True,greece,GRC,Greece,Hellenic Republic,GR,Europe & Central Asia,High income: OECD,True
U2463,Irkutsk National Research Technical University,Russian Federation,,russia,,,,,,,,,,,False,,16.2,21.7,9.6,23.4,24.2,33.8,10.6,13.0,38.0,True,,,,,,,,,,,False,russia,RUS,Russia,Russian Federation,RU,Europe & Central Asia,High income: nonOECD,True
U2464,Islamic University of Indonesia,Indonesia,,indonesia,,,,,,,,,,,False,,16.2,15.8,9.7,12.5,17.3,35.5,26.5,4.0,48.0,True,1501.0,14.35,25.6,9.3,6.1,38.3,26.7,28.2,4.0,45.0,True,indonesia,IDN,Indonesia,Republic of Indonesia,ID,East Asia & Pacific,Lower middle income,True
U2465,Istanbul Aydın University,Turkey,,turkey,,,,,,,,,,,False,,16.2,17.0,9.2,32.3,15.8,56.9,26.3,13.0,51.0,True,,,,,,,,27.9,13.0,51.0,True,turkey,TUR,Turkey,Republic of Turkey,TR,Europe & Central Asia,Upper middle income,True
U2466,Istanbul Medipol University,Turkey,,turkey,,,,,,,,,,,False,,16.2,14.6,10.6,33.3,20.6,44.0,20.0,16.0,65.0,True,1201.0,21.35,14.1,9.5,28.2,38.0,34.8,20.4,11.0,65.0,True,turkey,TUR,Turkey,Republic of Turkey,TR,Europe & Central Asia,Upper middle income,True
U2467,Ivanovo State University of Chemistry and Technology,Russian Federation,,russia,,,,,,,,,,,False,,16.2,16.4,9.7,7.0,21.3,25.0,16.8,6.0,44.0,True,,,,,,,,,,,False,russia,RUS,Russia,Russian Federation,RU,Europe & Central Asia,High income: nonOECD,True
U2468,Iwate University,Japan,,japan,,,,,,,,,,,False,,16.2,22.3,11.2,12.6,38.5,28.2,13.6,3.0,37.0,True,1501.0,14.35,21.5,10.6,7.3,39.8,26.1,13.1,4.0,37.0,True,japan,JPN,Japan,Japan,JP,East Asia & Pacific,High income: OECD,True
U2469,Izmir University of Economics,Turkey,,turkey,,,,,,,,,,,False,,16.2,16.7,11.2,36.7,26.2,32.5,14.7,2.0,54.0,True,,,,,,,,,,,False,turkey,TUR,Turkey,Republic of Turkey,TR,Europe & Central Asia,Upper middle income,True
U2470,Jan Evangelista Purkyně University,Czech Republic,,czech republic,,,,,,,,,,,False,,16.2,16.1,13.6,15.3,18.0,38.2,17.7,3.0,66.0,True,1501.0,14.35,15.2,12.4,10.8,37.3,38.0,18.1,3.0,66.0,True,czech republic,CZE,Czech Republic,Czech Republic,CZ,Europe & Central Asia,High income: OECD,True
U2471,Jan Kochanowski University in Kielce,Poland,,poland,,,,,,,,,,,False,,16.2,21.3,12.3,11.9,18.4,27.9,11.2,3.0,72.0,True,,,,,,,,,,,False,poland,POL,Poland,Republic of Poland,PL,Europe & Central Asia,High income: OECD,True
U2472,Jean Moulin University – Lyon 3,France,,france,,,,,,,,,,,False,,16.2,14.3,13.6,13.6,27.5,60.8,39.0,18.0,66.0,True,1501.0,14.35,15.9,12.3,5.4,37.5,53.0,40.6,20.0,65.0,True,france,FRA,France,French Republic,FR,Europe & Central Asia,High income: OECD,True
U2473,Jember University,Indonesia,,indonesia,,,,,,,,,,,False,,16.2,11.1,9.1,23.0,18.1,21.3,30.2,0.0,66.0,True,,,,,,,,,,,False,indonesia,IDN,Indonesia,Republic of Indonesia,ID,East Asia & Pacific,Lower middle income,True
U2474,Jianghan University,China,,china,,,,,,,,,,,False,,16.2,16.7,9.2,27.6,33.6,22.0,15.1,1.0,56.0,True,1201.0,21.35,15.2,11.5,40.4,44.4,20.5,15.5,2.0,55.0,True,china,CHN,China,People's Republic of China,CN,East Asia & Pacific,Upper middle income,True
U2475,University of Jijel,Algeria,,algeria,,,,,,,,,,,False,,16.2,12.8,8.8,12.7,16.0,37.5,22.4,0.0,72.0,True,,,,,,,,20.2,0.0,63.0,True,algeria,DZA,Algeria,People's Democratic Republic of Algeria,DZ,Middle East & North Africa,Upper middle income,True
U2476,Kanagawa University,Japan,,japan,,,,,,,,,,,False,,16.2,17.6,8.3,11.4,24.4,38.7,14.5,4.0,30.0,True,1501.0,14.35,15.7,8.0,10.0,37.4,30.9,14.8,4.0,30.0,True,japan,JPN,Japan,Japan,JP,East Asia & Pacific,High income: OECD,True
U2477,Kanazawa Medical University,Japan,,japan,,,,,,,,,,,False,,16.2,26.6,10.2,17.3,29.7,21.2,2.1,1.0,55.0,True,1201.0,21.35,25.7,8.9,18.8,37.9,19.5,2.2,2.0,54.0,True,japan,JPN,Japan,Japan,JP,East Asia & Pacific,High income: OECD,True
U2478,Kansai University,Japan,,japan,,,,,,,,,,,False,,16.2,20.2,8.3,7.3,25.5,33.4,12.3,4.0,41.0,True,1501.0,14.35,17.4,8.3,6.5,38.4,28.2,12.3,3.0,41.0,True,japan,JPN,Japan,Japan,JP,East Asia & Pacific,High income: OECD,True
U2479,Karadeniz Technical University,Turkey,,turkey,,,,,,,,,,,False,,16.2,19.3,10.1,27.8,22.4,22.7,14.0,5.0,44.0,True,1501.0,14.35,14.3,9.5,19.7,40.0,19.6,25.8,4.0,44.0,True,turkey,TUR,Turkey,Republic of Turkey,TR,Europe & Central Asia,Upper middle income,True
U2480,Université Kasdi Merbah Ouargla,Algeria,,algeria,,,,,,,,,,,False,,16.2,20.0,8.6,16.0,17.3,29.4,26.4,0.0,57.0,True,,,,,,,,,,,False,algeria,DZA,Algeria,People's Democratic Republic of Algeria,DZ,Middle East & North Africa,Upper middle income,True
U2481,Kastamonu University,Turkey,,turkey,,,,,,,,,,,False,,16.2,11.6,11.6,35.8,15.9,35.5,36.8,12.0,43.0,True,,,,,,,,41.0,15.0,45.0,True,turkey,TUR,Turkey,Republic of Turkey,TR,Europe & Central Asia,Upper middle income,True
U2482,Kazan National Research Technical University,Russian Federation,,russia,,,,,,,,,,,False,,16.2,18.8,10.8,24.9,42.6,31.7,16.7,12.0,26.0,True,,,,,,,,,,,False,russia,RUS,Russia,Russian Federation,RU,Europe & Central Asia,High income: nonOECD,True
U2483,Kazan State Medical University,Russian Federation,,russia,,,,,,,,,,,False,,16.2,40.5,10.3,7.3,17.1,45.2,10.7,31.0,63.0,True,,,,,,,,,,,False,russia,RUS,Russia,Russian Federation,RU,Europe & Central Asia,High income: nonOECD,True
U2484,University of Kelaniya,Sri Lanka,,sri lanka,,,,,,,,,,,False,,16.2,16.8,8.1,12.0,17.2,36.2,15.6,3.0,66.0,True,,,,,,,,17.1,3.0,65.0,True,sri lanka,LKA,Sri Lanka,Democratic Socialist Republic of Sri Lanka,LK,South Asia,Lower middle income,True
U2485,Kemerovo State University,Russian Federation,,russia,,,,,,,,,,,False,,16.2,14.9,10.1,8.6,18.2,24.3,18.5,7.0,63.0,True,,,,,,,,,,,False,russia,RUS,Russia,Russian Federation,RU,Europe & Central Asia,High income: nonOECD,True
U2486,University of Kerbala,Iraq,,iraq,,,,,,,,,,,False,,16.2,18.3,7.7,10.7,15.8,22.6,15.8,0.0,54.0,True,,,,,,,,16.5,0.0,55.0,True,iraq,IRQ,Iraq,Republic of Iraq,IQ,Middle East & North Africa,Upper middle income,True
U2487,King Mongkut’s Institute of Technology Ladkrabang,Thailand,,thailand,,,,,,,,,,,False,,16.2,16.5,22.9,19.2,55.0,30.7,23.0,1.0,52.0,True,1501.0,14.35,17.4,20.5,6.9,81.3,26.5,20.6,1.0,54.0,True,thailand,THA,Thailand,Kingdom of Thailand,TH,East Asia & Pacific,Upper middle income,True
U2488,Kirikkale University,Turkey,,turkey,,,,,,,,,,,False,,16.2,14.3,18.8,17.2,20.3,18.8,47.7,1.0,49.0,True,1501.0,14.35,17.4,17.6,16.2,36.9,17.1,46.2,2.0,49.0,True,turkey,TUR,Turkey,Republic of Turkey,TR,Europe & Central Asia,Upper middle income,True
U2489,Kırşehir Ahi Evran University,Turkey,,turkey,,,,,,,,,,,False,,16.2,11.8,9.8,18.4,16.5,37.3,24.6,17.0,50.0,True,,,,,,,,,,,False,turkey,TUR,Turkey,Republic of Turkey,TR,Europe & Central Asia,Upper middle income,True
U2490,Kocaeli University,Turkey,,turkey,,,,,,,,,,,False,,16.2,14.3,9.7,22.1,23.7,25.8,47.2,2.0,41.0,True,1501.0,14.35,13.4,8.8,14.4,39.2,22.4,45.7,3.0,41.0,True,turkey,TUR,Turkey,Republic of Turkey,TR,Europe & Central Asia,Upper middle income,True
U2491,Kochi University,Japan,,japan,,,,,,,,,,,False,,16.2,24.7,12.3,21.8,41.5,26.8,8.3,1.0,44.0,True,1501.0,14.35,20.7,11.3,17.3,41.1,23.9,8.2,1.0,44.0,True,japan,JPN,Japan,Japan,JP,East Asia & Pacific,High income: OECD,True
U2492,Kochi University of Technology,Japan,,japan,,,,,,,,,,,False,,16.2,17.6,15.6,15.9,68.4,39.1,20.3,2.0,25.0,True,1201.0,21.35,25.2,14.3,10.1,42.0,33.7,20.3,2.0,25.0,True,japan,JPN,Japan,Japan,JP,East Asia & Pacific,High income: OECD,True
U2493,Kogakuin University,Japan,,japan,,,,,,,,,,,False,,16.2,16.8,11.3,26.3,32.7,25.0,18.3,2.0,18.0,True,1501.0,14.35,16.4,11.0,15.0,41.7,20.8,17.5,1.0,19.0,True,japan,JPN,Japan,Japan,JP,East Asia & Pacific,High income: OECD,True
U2494,Universiti Kuala Lumpur,Malaysia,,malaysia,,,,,,,,,,,False,,16.2,23.6,9.0,24.3,25.5,43.7,11.9,5.0,43.0,True,1201.0,21.35,17.2,9.0,24.1,40.1,38.3,12.3,3.0,41.0,True,malaysia,MYS,Malaysia,Malaysia,MY,East Asia & Pacific,Upper middle income,True
U2495,Kyoto Sangyo University,Japan,,japan,,,,,,,,,,,False,,16.2,14.3,9.1,14.9,22.4,44.8,21.9,2.0,34.0,True,1501.0,14.35,14.6,8.5,16.0,37.0,38.6,21.1,2.0,34.0,True,japan,JPN,Japan,Japan,JP,East Asia & Pacific,High income: OECD,True
U2496,Ladoke Akintola University of Technology,Nigeria,,nigeria,,,,,,,,,,,False,,16.2,16.2,11.1,28.0,32.0,32.5,53.1,0.0,49.0,True,1501.0,14.35,15.4,11.2,17.9,43.0,27.1,53.1,0.0,49.0,True,nigeria,NGA,Nigeria,Federal Republic of Nigeria,NG,Sub-Saharan Africa,Lower middle income,True
U2497,University of Laghouat,Algeria,,algeria,,,,,,,,,,,False,,16.2,14.0,8.6,17.2,15.9,39.7,29.8,0.0,46.0,True,,,,,,,,35.2,0.0,51.0,True,algeria,DZA,Algeria,People's Democratic Republic of Algeria,DZ,Middle East & North Africa,Upper middle income,True
U2498,Lagos State University,Nigeria,,nigeria,,,,,,,,,,,False,,16.2,12.9,9.3,25.3,16.0,41.9,35.6,0.0,45.0,True,,,,,,,,37.1,0.0,50.0,True,nigeria,NGA,Nigeria,Federal Republic of Nigeria,NG,Sub-Saharan Africa,Lower middle income,True
U2499,Lahore College for Women University (LCWU),Pakistan,,pakistan,,,,,,,,,,,False,,16.2,16.5,9.6,37.6,16.1,40.6,21.3,0.0,100.0,True,1201.0,21.35,22.8,8.8,27.5,36.9,28.7,17.7,0.0,100.0,True,pakistan,PAK,Pakistan,Islamic Republic of Pakistan,PK,South Asia,Lower middle income,True
U2500,Latvia University of Life Sciences and Technologies,Latvia,,latvia,,,,,,,,,,,False,,16.2,16.3,17.3,15.8,30.5,24.1,21.3,4.0,50.0,True,1501.0,14.35,16.7,20.1,5.5,39.1,25.9,24.9,4.0,52.0,True,latvia,LVA,Latvia,Republic of Latvia,LV,Europe & Central Asia,High income: nonOECD,True
U2501,University of Life Sciences in Lublin,Poland,,poland,,,,,,,,,,,False,,16.2,20.2,11.7,30.3,19.1,20.7,11.6,2.0,65.0,True,,,,,,,,,,,False,poland,POL,Poland,Republic of Poland,PL,Europe & Central Asia,High income: OECD,True
U2502,L.N. Gumilyov Eurasian National University,Kazakhstan,,kazakhstan,,,,,,,,,,,False,,16.2,21.9,11.6,21.1,15.7,54.2,13.5,4.0,60.0,True,1201.0,21.35,18.1,10.9,24.4,37.0,53.3,14.1,4.0,57.0,True,kazakhstan,KAZ,Kazakhstan,Republic of Kazakhstan,KZ,Europe & Central Asia,Upper middle income,True
U2503,Lobachevsky State University of Nizhni Novgorod,Russian Federation,,russia,,,,,,,,,,,False,,16.2,31.8,13.4,14.7,32.7,38.5,10.6,12.0,51.0,True,,,,,,,,,,,False,russia,RUS,Russia,Russian Federation,RU,Europe & Central Asia,High income: nonOECD,True
U2504,Londrina State University,Brazil,,brazil,,,,,,,,,,,False,,16.2,30.3,16.1,19.6,34.8,23.9,10.9,1.0,59.0,True,1201.0,21.35,23.1,14.9,15.9,45.5,21.1,11.2,1.0,58.0,True,brazil,BRA,Brazil,Federative Republic of Brazil,BR,Latin America & Caribbean,Upper middle income,True
U2505,University of Los Lagos,Chile,,chile,,,,,,,,,,,False,,16.2,15.9,14.1,25.8,16.0,49.5,17.4,0.0,60.0,True,,,,,,,,16.6,0.0,58.0,True,chile,CHL,Chile,Republic of Chile,CL,Latin America & Caribbean,High income: OECD,True
U2506,University of Lucknow,India,,india,,,,,,,,,,,False,,16.2,28.4,10.3,26.5,18.0,23.1,29.4,2.0,45.0,True,1201.0,21.35,30.3,10.3,20.7,37.4,18.1,39.2,0.0,50.0,True,india,IND,India,Republic of India,IN,South Asia,Lower middle income,True
U2507,University of Macerata (UNIMC),Italy,,italy,,,,,,,,,,,False,,16.2,16.2,18.1,24.6,15.6,37.3,27.0,4.0,75.0,True,1501.0,14.35,16.8,18.0,7.0,37.0,31.4,23.7,5.0,76.0,True,italy,ITA,Italy,Italian Republic,IT,Europe & Central Asia,High income: OECD,True
U2508,Mackenzie Presbyterian University,Brazil,,brazil,,,,,,,,,,,False,,16.2,17.4,10.8,12.4,20.7,28.7,28.1,0.0,51.0,True,1501.0,14.35,17.4,10.0,10.4,37.6,24.3,27.3,0.0,59.0,True,brazil,BRA,Brazil,Federative Republic of Brazil,BR,Latin America & Caribbean,Upper middle income,True
U2509,Mahasarakham University,Thailand,,thailand,,,,,,,,,,,False,,16.2,18.8,8.5,10.5,17.0,25.0,30.2,2.0,66.0,True,1501.0,14.35,23.2,8.4,7.3,37.9,23.0,30.0,1.0,57.0,True,thailand,THA,Thailand,Kingdom of Thailand,TH,East Asia & Pacific,Upper middle income,True
U2510,Universiti Malaysia Kelantan,Malaysia,,malaysia,,,,,,,,,,,False,,16.2,16.1,13.0,32.6,16.2,41.9,19.9,3.0,71.0,True,1201.0,21.35,14.7,11.6,23.9,39.4,33.5,20.1,3.0,71.0,True,malaysia,MYS,Malaysia,Malaysia,MY,East Asia & Pacific,Upper middle income,True
U2511,Maria Curie-Skłodowska University (UMCS),Poland,,poland,,,,,,,,,,,False,,16.2,21.6,19.3,22.4,22.7,33.4,11.7,9.0,68.0,True,1501.0,14.35,17.6,16.8,12.0,37.2,30.5,12.6,9.0,68.0,True,poland,POL,Poland,Republic of Poland,PL,Europe & Central Asia,High income: OECD,True
U2512,University of Mascara,Algeria,,algeria,,,,,,,,,,,False,,16.2,13.7,7.5,31.4,16.1,43.2,23.8,0.0,62.0,True,,,,,,,,12.0,0.0,61.0,True,algeria,DZA,Algeria,People's Democratic Republic of Algeria,DZ,Middle East & North Africa,Upper middle income,True
U2513,Matej Bel University,Slovakia,,slovakia,,,,,,,,,,,False,,16.2,19.4,13.9,15.5,16.4,40.7,14.2,10.0,67.0,True,1501.0,14.35,18.8,13.3,7.4,37.5,45.0,14.2,8.0,71.0,True,slovak republic,SVK,Slovak Republic,Slovak Republic,SK,Europe & Central Asia,High income: OECD,True
U2514,Universidad Mayor,Chile,,chile,,,,,,,,,,,False,,16.2,18.6,9.1,28.7,16.0,49.5,12.1,1.0,48.0,True,,,,,,,,11.0,2.0,57.0,True,chile,CHL,Chile,Republic of Chile,CL,Latin America & Caribbean,High income: OECD,True
U2515,Meijo University,Japan,,japan,,,,,,,,,,,False,,16.2,14.5,12.1,11.6,42.8,27.3,30.7,1.0,34.0,True,1501.0,14.35,15.0,11.1,9.8,38.0,26.2,30.3,1.0,34.0,True,japan,JPN,Japan,Japan,JP,East Asia & Pacific,High income: OECD,True
U2516,M’Hamed Bougara University of Boumerdès,Algeria,,algeria,,,,,,,,,,,False,,16.2,15.2,8.1,21.3,16.3,32.7,22.6,1.0,59.0,True,1501.0,14.35,13.6,8.0,24.0,37.0,31.0,22.2,1.0,60.0,True,algeria,DZA,Algeria,People's Democratic Republic of Algeria,DZ,Middle East & North Africa,Upper middle income,True
U2517,Middle Technical University,Iraq,,iraq,,,,,,,,,,,False,,16.2,9.4,7.5,23.7,16.9,26.8,33.6,0.0,42.0,True,,,,,,,,26.7,0.0,45.0,True,iraq,IRQ,Iraq,Republic of Iraq,IQ,Middle East & North Africa,Upper middle income,True
U2518,Ming Chuan University,Taiwan,,taiwan,,,,,,,,,,,False,,16.2,13.4,12.0,22.6,51.0,38.4,21.6,11.0,61.0,True,1501.0,14.35,14.3,10.8,15.5,37.4,33.9,21.7,10.0,61.0,True,taiwan,,,,,,,False
U2519,University of Miyazaki,Japan,,japan,,,,,,,,,,,False,,16.2,27.4,11.8,24.3,44.0,27.8,7.4,3.0,36.0,True,1501.0,14.35,22.5,10.9,17.4,39.9,24.7,7.5,3.0,35.0,True,japan,JPN,Japan,Japan,JP,East Asia & Pacific,High income: OECD,True
U2520,University Mohamed Boudiaf of M’Sila,Algeria,,algeria,,,,,,,,,,,False,,16.2,18.1,9.2,10.3,17.9,34.3,17.7,1.0,55.0,True,1501.0,14.35,16.5,7.8,8.5,37.7,31.4,19.4,1.0,26.0,True,algeria,DZA,Algeria,People's Democratic Republic of Algeria,DZ,Middle East & North Africa,Upper middle income,True
U2521,Université Mohammed Premier,Morocco,,morocco,,,,,,,,,,,False,,16.2,19.2,9.9,33.6,16.4,35.1,82.1,1.0,48.0,True,,,,,,,,,,,False,morocco,MAR,Morocco,Kingdom of Morocco,MA,Middle East & North Africa,Lower middle income,True
U2522,University of Montenegro,Montenegro,,montenegro,,,,,,,,,,,False,,16.2,13.0,12.6,23.8,25.4,41.8,20.3,2.0,68.0,True,1501.0,14.35,13.0,11.5,14.6,44.1,46.0,24.3,2.0,57.0,True,montenegro,MNE,Montenegro,Montenegro,ME,Europe & Central Asia,Upper middle income,True
U2523,Moscow Polytechnic University,Russian Federation,,russia,,,,,,,,,,,False,,16.2,17.0,10.3,11.0,19.0,32.3,16.0,13.0,39.0,True,,,,,,,,,,,False,russia,RUS,Russia,Russian Federation,RU,Europe & Central Asia,High income: nonOECD,True
U2524,Moscow State University of Civil Engineering,Russian Federation,,russia,,,,,,,,,,,False,,16.2,20.3,11.6,25.3,39.6,25.0,13.3,7.0,53.0,True,,,,,,,,,,,False,russia,RUS,Russia,Russian Federation,RU,Europe & Central Asia,High income: nonOECD,True
U2525,University of Mosul,Iraq,,iraq,,,,,,,,,,,False,,16.2,14.8,9.9,16.3,28.8,20.1,20.2,0.0,47.0,True,1501.0,14.35,15.2,8.8,22.7,39.7,23.9,15.9,0.0,46.0,True,iraq,IRQ,Iraq,Republic of Iraq,IQ,Middle East & North Africa,Upper middle income,True
U2526,Moulay Ismail University,Morocco,,morocco,,,,,,,,,,,False,,16.2,9.6,9.1,40.9,16.5,25.9,71.0,0.0,54.0,True,,,,,,,,,,,False,morocco,MAR,Morocco,Kingdom of Morocco,MA,Middle East & North Africa,Lower middle income,True
U2527,Université Mouloud Mammeri de Tizi-Ouzou,Algeria,,algeria,,,,,,,,,,,False,,16.2,16.8,7.6,6.6,17.2,45.4,20.8,0.0,61.0,True,1501.0,14.35,21.9,7.5,6.3,36.9,44.9,18.1,0.0,66.0,True,algeria,DZA,Algeria,People's Democratic Republic of Algeria,DZ,Middle East & North Africa,Upper middle income,True
U2528,Muroran Institute of Technology,Japan,,japan,,,,,,,,,,,False,,16.2,21.7,10.6,22.9,33.5,40.0,20.5,6.0,14.0,True,1501.0,14.35,15.5,11.0,17.2,42.7,34.1,20.3,6.0,14.0,True,japan,JPN,Japan,Japan,JP,East Asia & Pacific,High income: OECD,True
U2529,University of Mysore,India,,india,,,,,,,,,,,False,,16.2,28.2,9.0,23.2,22.3,42.3,25.8,8.0,33.0,True,1201.0,21.35,31.3,8.6,20.8,37.3,34.5,21.4,10.0,42.0,True,india,IND,India,Republic of India,IN,South Asia,Lower middle income,True
U2530,Nara Women’s University,Japan,,japan,,,,,,,,,,,False,,16.2,24.3,8.7,17.3,22.4,41.4,8.7,5.0,100.0,True,,,,,,,,6.2,5.0,100.0,True,japan,JPN,Japan,Japan,JP,East Asia & Pacific,High income: OECD,True
U2531,National Aviation University,Ukraine,,ukraine,,,,,,,,,,,False,,16.2,22.2,8.7,35.2,16.4,23.8,9.8,5.0,39.0,True,,,,,,,,10.9,5.0,39.0,True,ukraine,UKR,Ukraine,Ukraine,UA,Europe & Central Asia,Lower middle income,True
U2532,National Chiayi University,Taiwan,,taiwan,,,,,,,,,,,False,,16.2,14.4,14.1,21.0,56.7,21.8,22.5,3.0,49.0,True,1501.0,14.35,15.2,13.1,13.2,64.0,19.5,26.3,3.0,49.0,True,taiwan,,,,,,,False
U2533,National Chi Nan University,Taiwan,,taiwan,,,,,,,,,,,False,,16.2,20.0,18.4,13.3,72.1,32.1,14.7,9.0,53.0,True,1501.0,14.35,18.3,14.9,7.3,50.7,30.8,14.6,11.0,54.0,True,taiwan,,,,,,,False
U2534,National University of Córdoba,Argentina,,argentina,,,,,,,,,,,False,,16.2,18.0,10.3,20.0,19.4,37.1,16.9,1.0,65.0,True,1501.0,14.35,18.3,10.2,19.4,37.4,35.3,16.2,1.0,64.0,True,argentina,ARG,Argentina,Argentine Republic,AR,Latin America & Caribbean,Upper middle income,True
U2535,National University of Costa Rica,Costa Rica,,costa rica,,,,,,,,,,,False,,16.2,21.0,10.0,11.8,21.9,45.0,11.0,3.0,56.0,True,,,,,,,,,,,False,costa rica,CRI,Costa Rica,Republic of Costa Rica,CR,Latin America & Caribbean,Upper middle income,True
U2536,National Formosa University,Taiwan,,taiwan,,,,,,,,,,,False,,16.2,14.1,11.7,8.4,38.7,18.5,19.5,1.0,22.0,True,1501.0,14.35,14.3,14.3,6.5,41.6,16.5,19.0,1.0,22.0,True,taiwan,,,,,,,False
U2537,National Ilan University,Taiwan,,taiwan,,,,,,,,,,,False,,16.2,13.9,14.6,23.1,37.1,32.3,23.8,2.0,36.0,True,1501.0,14.35,14.6,13.3,16.6,42.0,32.5,23.0,2.0,36.0,True,taiwan,,,,,,,False
U2538,National University of Kaohsiung,Taiwan,,taiwan,,,,,,,,,,,False,,16.2,13.3,16.0,12.1,28.9,30.4,25.0,4.0,41.0,True,1501.0,14.35,14.4,15.3,5.2,41.6,27.8,24.0,4.0,41.0,True,taiwan,,,,,,,False
U2539,National University of Medical Sciences (NUMS),Pakistan,,pakistan,,,,,,,,,,,False,,16.2,23.1,9.5,9.2,16.2,28.4,4.6,3.0,57.0,True,,,,,,,,5.0,0.0,72.0,True,pakistan,PAK,Pakistan,Islamic Republic of Pakistan,PK,South Asia,Lower middle income,True
U2540,National University of San Martín,Argentina,,argentina,,,,,,,,,,,False,,16.2,19.2,10.7,26.9,24.6,45.4,16.3,5.0,60.0,True,1201.0,21.35,18.2,10.4,28.6,37.6,40.8,16.1,5.0,60.0,True,argentina,ARG,Argentina,Argentine Republic,AR,Latin America & Caribbean,Upper middle income,True
U2541,National Taichung University of Science and Technology,Taiwan,,taiwan,,,,,,,,,,,False,,16.2,18.2,11.5,27.5,24.1,20.6,12.3,1.0,69.0,True,,,,,,,,14.9,1.0,70.0,True,taiwan,,,,,,,False
U2542,National United University,Taiwan,,taiwan,,,,,,,,,,,False,,16.2,13.5,11.7,15.7,41.8,20.5,20.6,1.0,32.0,True,1501.0,14.35,13.9,13.1,21.6,39.4,20.0,20.7,1.0,32.0,True,taiwan,,,,,,,False
U2543,NED University of Engineering and Technology,Pakistan,,pakistan,,,,,,,,,,,False,,16.2,12.7,13.1,19.8,26.3,49.9,24.0,0.0,37.0,True,,,,,,,,,,,False,pakistan,PAK,Pakistan,Islamic Republic of Pakistan,PK,South Asia,Lower middle income,True
U2544,Universitas Negeri Surabaya,Indonesia,,indonesia,,,,,,,,,,,False,,16.2,13.5,9.0,27.2,15.6,35.0,28.0,1.0,63.0,True,,,,,,,,24.5,0.0,64.0,True,indonesia,IDN,Indonesia,Republic of Indonesia,ID,East Asia & Pacific,Lower middle income,True
U2545,Nizhny Novgorod State Technical University,Russian Federation,,russia,,,,,,,,,,,False,,16.2,17.6,9.7,10.7,39.6,23.6,14.7,4.0,25.0,True,,,,,,,,,,,False,russia,RUS,Russia,Russian Federation,RU,Europe & Central Asia,High income: nonOECD,True
U2546,Nnamdi Azikiwe University,Nigeria,,nigeria,,,,,,,,,,,False,,16.2,18.3,8.7,23.8,16.0,32.3,15.9,0.0,46.0,True,1501.0,14.35,16.6,8.3,14.3,37.2,27.6,15.7,0.0,46.0,True,nigeria,NGA,Nigeria,Federal Republic of Nigeria,NG,Sub-Saharan Africa,Lower middle income,True
U2547,North-Caucasus Federal University,Russian Federation,,russia,,,,,,,,,,,False,,16.2,27.8,9.0,9.1,17.4,33.3,8.0,11.0,51.0,True,,,,,,,,,,,False,russia,RUS,Russia,Russian Federation,RU,Europe & Central Asia,High income: nonOECD,True
U2548,"University of the North, Colombia",Colombia,,colombia,,,,,,,,,,,False,,16.2,18.3,13.0,26.0,24.0,52.8,17.3,0.0,52.0,True,1201.0,21.35,17.3,12.5,21.1,39.8,51.6,19.0,1.0,51.0,True,colombia,COL,Colombia,Republic of Colombia,CO,Latin America & Caribbean,Upper middle income,True
U2549,North-Eastern Federal University,Russian Federation,,russia,,,,,,,,,,,False,,16.2,24.7,10.1,11.2,17.5,26.5,12.2,4.0,55.0,True,,,,,,,,,,,False,russia,RUS,Russia,Russian Federation,RU,Europe & Central Asia,High income: nonOECD,True
U2550,Northern (Arctic) Federal University named after M.V. Lomonosov,Russian Federation,,russia,,,,,,,,,,,False,,16.2,20.3,11.1,7.7,19.7,31.9,14.9,9.0,48.0,True,,,,,,,,,,,False,russia,RUS,Russia,Russian Federation,RU,Europe & Central Asia,High income: nonOECD,True
U2551,North-Western State Medical University named after I.I. Mechnikov,Russian Federation,,russia,,,,,,,,,,,False,,16.2,26.0,9.8,7.7,17.1,29.7,5.4,11.0,68.0,True,,,,,,,,,,,False,russia,RUS,Russia,Russian Federation,RU,Europe & Central Asia,High income: nonOECD,True
U2552,Nosov Magnitogorsk State Technical University,Russian Federation,,russia,,,,,,,,,,,False,,16.2,18.0,9.8,10.0,17.7,21.0,13.4,4.0,49.0,True,,,,,,,,,,,False,russia,RUS,Russia,Russian Federation,RU,Europe & Central Asia,High income: nonOECD,True
U2553,Universidade Nove de Julho (Uninove),Brazil,,brazil,,,,,,,,,,,False,,16.2,17.9,8.1,9.6,17.5,26.9,23.6,1.0,58.0,True,1501.0,14.35,18.4,7.7,11.7,37.9,22.2,25.4,1.0,58.0,True,brazil,BRA,Brazil,Federative Republic of Brazil,BR,Latin America & Caribbean,Upper middle income,True
U2554,Nueva Granada Military University,Colombia,,colombia,,,,,,,,,,,False,,16.2,21.5,8.0,5.3,15.7,27.7,9.7,0.0,46.0,True,1501.0,14.35,18.0,7.7,2.9,37.0,27.3,10.4,0.0,46.0,True,colombia,COL,Colombia,Republic of Colombia,CO,Latin America & Caribbean,Upper middle income,True
U2555,Obafemi Awolowo University,Nigeria,,nigeria,,,,,,,,,,,False,,16.2,15.3,12.3,32.0,19.0,37.9,22.5,0.0,45.0,True,1201.0,21.35,19.6,12.3,26.1,36.9,33.9,23.3,0.0,41.0,True,nigeria,NGA,Nigeria,Federal Republic of Nigeria,NG,Sub-Saharan Africa,Lower middle income,True
U2556,Ogarev Mordovia State University,Russian Federation,,russia,,,,,,,,,,,False,,16.2,20.2,9.2,5.8,17.2,37.2,11.6,17.0,49.0,True,,,,,,,,,,,False,russia,RUS,Russia,Russian Federation,RU,Europe & Central Asia,High income: nonOECD,True
U2557,Oita University,Japan,,japan,,,,,,,,,,,False,,16.2,25.8,11.0,20.0,35.3,22.9,8.5,2.0,38.0,True,1501.0,14.35,20.8,11.1,17.3,39.5,19.6,8.5,2.0,38.0,True,japan,JPN,Japan,Japan,JP,East Asia & Pacific,High income: OECD,True
U2558,Niğde Ömer Halisdemir University,Turkey,,turkey,,,,,,,,,,,False,,16.2,13.5,9.4,24.5,19.2,27.7,20.1,5.0,80.0,True,,,,,,,,,,,False,turkey,TUR,Turkey,Republic of Turkey,TR,Europe & Central Asia,Upper middle income,True
U2559,Omsk State Technical University,Russian Federation,,russia,,,,,,,,,,,False,,16.2,18.4,8.4,7.3,20.0,31.1,14.0,13.0,33.0,True,,,,,,,,,,,False,russia,RUS,Russia,Russian Federation,RU,Europe & Central Asia,High income: nonOECD,True
U2560,Ondokuz Mayis University,Turkey,,turkey,,,,,,,,,,,False,,16.2,19.0,11.4,22.2,26.8,36.1,18.3,14.0,44.0,True,1501.0,14.35,16.1,10.5,16.9,43.8,33.6,16.0,15.0,50.0,True,turkey,TUR,Turkey,Republic of Turkey,TR,Europe & Central Asia,Upper middle income,True
U2561,Oran 1 University,Algeria,,algeria,,,,,,,,,,,False,,16.2,30.7,9.0,13.2,17.8,39.7,21.9,1.0,70.0,True,1201.0,21.35,30.4,8.3,22.2,37.6,39.5,19.2,1.0,66.0,True,algeria,DZA,Algeria,People's Democratic Republic of Algeria,DZ,Middle East & North Africa,Upper middle income,True
U2562,Ordu University,Turkey,,turkey,,,,,,,,,,,False,,16.2,14.0,10.3,19.6,16.7,17.9,18.7,0.0,52.0,True,,,,,,,,,,,False,turkey,TUR,Turkey,Republic of Turkey,TR,Europe & Central Asia,Upper middle income,True
U2563,Osaka Institute of Technology,Japan,,japan,,,,,,,,,,,False,,16.2,14.8,15.3,20.6,37.3,26.2,35.4,1.0,14.0,True,1501.0,14.35,14.7,12.2,22.9,41.3,24.1,30.3,1.0,13.0,True,japan,JPN,Japan,Japan,JP,East Asia & Pacific,High income: OECD,True
U2564,Osaka Medical and Pharmaceutical University,Japan,,japan,,,,,,,,,,,False,,16.2,27.7,12.6,23.7,44.4,18.7,5.5,1.0,59.0,True,1501.0,14.35,25.0,10.8,14.8,38.7,16.5,5.5,1.0,59.0,True,japan,JPN,Japan,Japan,JP,East Asia & Pacific,High income: OECD,True
U2565,Ovidius University of Constanța,Romania,,romania,,,,,,,,,,,False,,16.2,19.4,9.2,9.6,15.9,27.0,12.5,7.0,61.0,True,1501.0,14.35,16.2,8.6,3.1,37.0,23.4,12.7,6.0,47.0,True,romania,ROU,Romania,Romania,RO,Europe & Central Asia,Upper middle income,True
U2566,Pamukkale University,Turkey,,turkey,,,,,,,,,,,False,,16.2,15.2,9.5,16.7,18.5,20.4,22.0,3.0,44.0,True,,,,,,,,,,,False,turkey,TUR,Turkey,Republic of Turkey,TR,Europe & Central Asia,Upper middle income,True
U2567,Pavlov First Saint Petersburg State Medical University,Russian Federation,,russia,,,,,,,,,,,False,,16.2,29.4,10.7,12.5,25.3,34.4,7.0,14.0,75.0,True,,,,,,,,,,,False,russia,RUS,Russia,Russian Federation,RU,Europe & Central Asia,High income: nonOECD,True
U2568,Payame Noor University,Iran,,iran,,,,,,,,,,,False,,16.2,12.9,9.1,26.1,19.6,21.3,120.3,1.0,60.0,True,1501.0,14.35,14.8,9.0,23.5,38.2,18.2,124.7,1.0,60.0,True,iran,IRN,Iran,Islamic Republic of Iran,IR,Middle East & North Africa,Upper middle income,True
U2569,Pedagogical and Technological University of Colombia,Colombia,,colombia,,,,,,,,,,,False,,16.2,19.3,7.7,5.2,16.0,35.5,16.0,0.0,54.0,True,1501.0,14.35,14.5,7.6,6.1,37.0,35.2,15.4,0.0,54.0,True,colombia,COL,Colombia,Republic of Colombia,CO,Latin America & Caribbean,Upper middle income,True
U2570,University of the Peloponnese,Greece,,greece,,,,,,,,,,,False,,16.2,16.1,12.6,28.9,29.0,27.8,39.4,1.0,52.0,True,,,,,,,,,,,False,greece,GRC,Greece,Hellenic Republic,GR,Europe & Central Asia,High income: OECD,True
U2571,Penza State University,Russian Federation,,russia,,,,,,,,,,,False,,16.2,14.3,8.7,7.8,16.3,32.8,17.2,12.0,56.0,True,,,,,,,,,,,False,russia,RUS,Russia,Russian Federation,RU,Europe & Central Asia,High income: nonOECD,True
U2572,Perm National Research Polytechnic University,Russian Federation,,russia,,,,,,,,,,,False,,16.2,23.7,13.4,9.9,50.0,28.4,10.2,9.0,37.0,True,,,,,,,,,,,False,russia,RUS,Russia,Russian Federation,RU,Europe & Central Asia,High income: nonOECD,True
U2573,Perm State University,Russian Federation,,russia,,,,,,,,,,,False,,16.2,21.2,12.5,8.2,24.6,23.7,12.0,5.0,59.0,True,,,,,,,,,,,False,russia,RUS,Russia,Russian Federation,RU,Europe & Central Asia,High income: nonOECD,True
U2574,University of Pernambuco,Brazil,,brazil,,,,,,,,,,,False,,16.2,16.0,10.3,15.2,18.3,26.4,16.9,0.0,53.0,True,1501.0,14.35,16.0,10.0,17.8,37.4,24.8,17.0,0.0,43.0,True,brazil,BRA,Brazil,Federative Republic of Brazil,BR,Latin America & Caribbean,Upper middle income,True
U2575,Universidad Peruana de Ciencias Aplicadas (UPC),Peru,,peru,,,,,,,,,,,False,,16.2,13.5,8.7,10.1,15.6,26.5,21.1,1.0,50.0,True,,,,,,,,,,,False,peru,PER,Peru,Republic of Peru,PE,Latin America & Caribbean,Upper middle income,True
U2576,University of Phayao,Thailand,,thailand,,,,,,,,,,,False,,16.2,14.9,9.4,39.3,16.3,25.9,17.1,0.0,66.0,True,,,,,,,,20.7,0.0,68.0,True,thailand,THA,Thailand,Kingdom of Thailand,TH,East Asia & Pacific,Upper middle income,True
U2577,Universidad Politécnica Salesiana,Ecuador,,ecuador,,,,,,,,,,,False,,16.2,11.6,9.5,13.6,15.8,42.0,24.2,1.0,40.0,True,1501.0,14.35,13.0,8.8,14.5,37.4,46.4,20.7,1.0,41.0,True,ecuador,ECU,Ecuador,Republic of Ecuador,EC,Latin America & Caribbean,Upper middle income,True
U2578,Polytechnic University of Bucharest,Romania,,romania,,,,,,,,,,,False,,16.2,19.8,11.4,28.8,29.7,24.2,23.2,4.0,36.0,True,1501.0,14.35,16.6,11.8,10.2,37.7,22.1,24.4,4.0,36.0,True,romania,ROU,Romania,Romania,RO,Europe & Central Asia,Upper middle income,True
U2579,Polytechnic University of Timişoara,Romania,,romania,,,,,,,,,,,False,,16.2,16.7,10.1,33.9,30.9,22.6,18.7,3.0,38.0,True,1501.0,14.35,14.9,10.6,20.3,38.1,19.9,21.5,2.0,37.0,True,romania,ROU,Romania,Romania,RO,Europe & Central Asia,Upper middle income,True
U2580,Pontifical Catholic University of Minas Gerais,Brazil,,brazil,,,,,,,,,,,False,,16.2,24.4,10.7,14.6,20.5,24.7,36.0,1.0,57.0,True,1501.0,14.35,17.6,9.4,6.8,37.2,21.3,34.0,0.0,56.0,True,brazil,BRA,Brazil,Federative Republic of Brazil,BR,Latin America & Caribbean,Upper middle income,True
U2581,Universidad Pontificia Bolivariana (UPB),Colombia,,colombia,,,,,,,,,,,False,,16.2,24.2,10.6,10.2,26.8,37.2,10.6,2.0,57.0,True,1501.0,14.35,18.7,10.6,4.8,39.3,36.4,11.5,2.0,55.0,True,colombia,COL,Colombia,Republic of Colombia,CO,Latin America & Caribbean,Upper middle income,True
U2582,Pontificia Universidad Católica del Ecuador,Ecuador,,ecuador,,,,,,,,,,,False,,16.2,12.2,8.7,15.3,15.9,63.9,25.4,1.0,56.0,True,1501.0,14.35,14.8,8.0,18.4,36.9,52.7,15.0,1.0,57.0,True,ecuador,ECU,Ecuador,Republic of Ecuador,EC,Latin America & Caribbean,Upper middle income,True
U2583,University of Port Harcourt,Nigeria,,nigeria,,,,,,,,,,,False,,16.2,23.1,14.4,15.4,21.8,32.0,17.1,0.0,35.0,True,,,,,,,,,,,False,nigeria,NGA,Nigeria,Federal Republic of Nigeria,NG,Sub-Saharan Africa,Lower middle income,True
U2584,Prague University of Economics and Business,Czech Republic,,czech republic,,,,,,,,,,,False,,16.2,15.5,14.9,27.6,16.8,47.9,29.1,27.0,53.0,True,1501.0,14.35,16.4,14.0,6.8,37.7,47.0,28.1,27.0,52.0,True,czech republic,CZE,Czech Republic,Czech Republic,CZ,Europe & Central Asia,High income: OECD,True
U2585,University of Prishtina,Kosovo,,kosovo,,,,,,,,,,,False,,16.2,11.8,10.7,13.7,18.4,38.9,31.4,1.0,65.0,True,,,,,,,,,,,False,kosovo,XKX,Kosovo,Republic of Kosovo,,Europe & Central Asia,Lower middle income,True
U2586,Privolzhsky Research Medical University,Russian Federation,,russia,,,,,,,,,,,False,,16.2,23.9,9.9,5.2,20.0,40.3,10.3,23.0,68.0,True,,,,,,,,,,,False,russia,RUS,Russia,Russian Federation,RU,Europe & Central Asia,High income: nonOECD,True
U2587,PSG College of Technology,India,,india,,,,,,,,,,,False,,16.2,22.9,8.9,29.4,20.7,17.6,14.2,0.0,37.0,True,1501.0,14.35,16.9,9.6,21.1,38.0,15.0,15.3,0.0,38.0,True,india,IND,India,Republic of India,IN,South Asia,Lower middle income,True
U2588,Recep Tayyip Erdoğan University,Turkey,,turkey,,,,,,,,,,,False,,16.2,16.3,9.5,23.9,16.6,22.3,16.9,4.0,54.0,True,1501.0,14.35,15.6,8.8,16.9,37.1,20.1,19.2,4.0,53.0,True,turkey,TUR,Turkey,Republic of Turkey,TR,Europe & Central Asia,Upper middle income,True
U2589,REVA University,India,,india,,,,,,,,,,,False,,16.2,16.0,7.9,37.9,20.7,19.8,18.7,1.0,34.0,True,,,,,,,,21.3,1.0,33.0,True,india,IND,India,Republic of India,IN,South Asia,Lower middle income,True
U2590,Riga Stradiņš University,Latvia,,latvia,,,,,,,,,,,False,,16.2,17.3,13.8,26.3,23.2,62.7,21.8,29.0,75.0,True,601.0,36.6,16.2,11.2,75.5,38.2,73.1,19.5,28.0,74.0,True,latvia,LVA,Latvia,Republic of Latvia,LV,Europe & Central Asia,High income: nonOECD,True
U2591,R V College of Engineering,India,,india,,,,,,,,,,,False,,16.2,24.6,9.4,29.3,17.8,16.1,14.9,0.0,26.0,True,1501.0,14.35,15.6,9.7,26.2,38.3,14.1,15.4,0.0,29.0,True,india,IND,India,Republic of India,IN,South Asia,Lower middle income,True
U2592,Ryukoku University,Japan,,japan,,,,,,,,,,,False,,16.2,15.5,10.6,12.0,23.2,31.2,27.7,2.0,36.0,True,1501.0,14.35,15.6,10.0,11.7,37.5,24.9,27.7,2.0,37.0,True,japan,JPN,Japan,Japan,JP,East Asia & Pacific,High income: OECD,True
U2593,University of the Ryukyus,Japan,,japan,,,,,,,,,,,False,,16.2,25.4,14.1,22.6,37.2,37.6,9.9,2.0,39.0,True,1201.0,21.35,20.7,12.6,16.9,45.4,33.2,9.9,2.0,39.0,True,japan,JPN,Japan,Japan,JP,East Asia & Pacific,High income: OECD,True
U2594,Rzeszów University of Technology,Poland,,poland,,,,,,,,,,,False,,16.2,20.6,9.1,29.1,22.9,23.1,11.6,1.0,38.0,True,1501.0,14.35,16.9,9.3,24.0,40.5,21.3,12.1,1.0,38.0,True,poland,POL,Poland,Republic of Poland,PL,Europe & Central Asia,High income: OECD,True
U2595,University of La Sabana,Colombia,,colombia,,,,,,,,,,,False,,16.2,17.4,10.9,19.7,16.6,44.3,17.1,2.0,56.0,True,1501.0,14.35,17.0,10.1,12.6,38.0,42.6,15.5,2.0,57.0,True,colombia,COL,Colombia,Republic of Colombia,CO,Latin America & Caribbean,Upper middle income,True
U2596,Saga University,Japan,,japan,,,,,,,,,,,False,,16.2,26.0,14.5,21.8,59.0,25.4,9.8,2.0,42.0,True,1201.0,21.35,22.4,12.7,17.3,49.1,23.6,9.9,3.0,41.0,True,japan,JPN,Japan,Japan,JP,East Asia & Pacific,High income: OECD,True
U2597,Samara State Technical University,Russian Federation,,russia,,,,,,,,,,,False,,16.2,16.9,10.6,10.9,32.3,22.1,16.0,5.0,38.0,True,,,,,,,,,,,False,russia,RUS,Russia,Russian Federation,RU,Europe & Central Asia,High income: nonOECD,True
U2598,San Sebastián University,Chile,,chile,,,,,,,,,,,False,,16.2,14.2,9.2,12.1,16.1,43.2,19.8,0.0,63.0,True,1501.0,14.35,17.1,8.1,8.9,36.9,41.6,10.4,0.0,61.0,True,chile,CHL,Chile,Republic of Chile,CL,Latin America & Caribbean,High income: OECD,True
U2599,"University of Santiago, Chile (USACH)",Chile,,chile,,,,,,,,,,,False,,16.2,15.8,15.4,29.8,27.7,45.9,20.8,2.0,45.0,True,1201.0,21.35,16.6,16.1,14.6,37.6,46.6,22.5,2.0,44.0,True,chile,CHL,Chile,Republic of Chile,CL,Latin America & Caribbean,High income: OECD,True
U2600,Saratov State Medical University,Russian Federation,,russia,,,,,,,,,,,False,,16.2,25.6,10.7,3.7,16.2,31.2,6.6,12.0,53.0,True,,,,,,,,,,,False,russia,RUS,Russia,Russian Federation,RU,Europe & Central Asia,High income: nonOECD,True
U2601,University of Sciences and Technology Houari Boumediene,Algeria,,algeria,,,,,,,,,,,False,,16.2,17.8,7.4,12.8,18.2,35.3,19.5,0.0,47.0,True,,,,,,,,,,,False,algeria,DZA,Algeria,People's Democratic Republic of Algeria,DZ,Middle East & North Africa,Upper middle income,True
U2602,University of Science and Technology of Oran Mohamed-Boudiaf,Algeria,,algeria,,,,,,,,,,,False,,16.2,24.6,7.0,9.0,17.3,32.4,9.6,1.0,50.0,True,1501.0,14.35,21.6,7.7,7.8,37.0,32.3,6.9,1.0,49.0,True,algeria,DZA,Algeria,People's Democratic Republic of Algeria,DZ,Middle East & North Africa,Upper middle income,True
U2603,SGH Warsaw School of Economics,Poland,,poland,,,,,,,,,,,False,,16.2,24.8,15.2,24.1,16.1,36.7,16.5,13.0,49.0,True,1501.0,14.35,16.9,13.2,10.3,37.8,32.3,17.7,12.0,50.0,True,poland,POL,Poland,Republic of Poland,PL,Europe & Central Asia,High income: OECD,True
U2604,Shahed University,Iran,,iran,,,,,,,,,,,False,,16.2,30.3,14.8,22.5,26.6,18.7,15.8,0.0,53.0,True,1201.0,21.35,27.3,14.2,17.6,40.8,16.2,16.8,0.0,48.0,True,iran,IRN,Iran,Islamic Republic of Iran,IR,Middle East & North Africa,Upper middle income,True
U2605,Shimane University,Japan,,japan,,,,,,,,,,,False,,16.2,25.7,13.0,19.3,37.1,28.7,8.2,3.0,40.0,True,1501.0,14.35,21.2,11.3,17.0,40.0,24.9,7.7,3.0,38.0,True,japan,JPN,Japan,Japan,JP,East Asia & Pacific,High income: OECD,True
U2606,Shizuoka University,Japan,,japan,,,,,,,,,,,False,,16.2,22.6,16.0,19.5,58.3,37.0,14.5,4.0,29.0,True,1501.0,14.35,18.7,14.8,10.6,43.3,32.0,14.2,4.0,29.0,True,japan,JPN,Japan,Japan,JP,East Asia & Pacific,High income: OECD,True
U2607,University of Shizuoka,Japan,,japan,,,,,,,,,,,False,,16.2,25.9,12.9,15.2,58.9,26.5,11.5,3.0,61.0,True,1501.0,14.35,19.5,12.8,10.2,41.5,22.8,11.9,3.0,61.0,True,japan,JPN,Japan,Japan,JP,East Asia & Pacific,High income: OECD,True
U2608,Reshetnev Siberian State University of Science and Technology,Russian Federation,,russia,,,,,,,,,,,False,,16.2,12.3,8.2,15.8,18.5,20.4,22.9,3.0,40.0,True,,,,,,,,,,,False,russia,RUS,Russia,Russian Federation,RU,Europe & Central Asia,High income: nonOECD,True
U2609,Siberian State Medical University,Russian Federation,,russia,,,,,,,,,,,False,,16.2,22.1,9.6,3.4,17.1,39.8,10.6,21.0,71.0,True,,,,,,,,,,,False,russia,RUS,Russia,Russian Federation,RU,Europe & Central Asia,High income: nonOECD,True
U2610,Sichuan University of Science and Engineering,China,,china,,,,,,,,,,,False,,16.2,12.0,10.4,23.8,26.4,20.3,22.9,1.0,39.0,True,1501.0,14.35,13.1,9.4,21.9,42.5,17.4,21.2,1.0,43.0,True,china,CHN,China,People's Republic of China,CN,East Asia & Pacific,Upper middle income,True
U2611,University of Sistan and Baluchestan,Iran,,iran,,,,,,,,,,,False,,16.2,18.5,11.4,26.4,22.9,22.7,19.6,1.0,58.0,True,1501.0,14.35,16.8,11.5,21.9,37.4,20.1,20.3,1.0,57.0,True,iran,IRN,Iran,Islamic Republic of Iran,IR,Middle East & North Africa,Upper middle income,True
U2612,Sivas Cumhuriyet University,Turkey,,turkey,,,,,,,,,,,False,,16.2,14.9,9.5,26.1,18.5,29.7,32.4,8.0,50.0,True,1501.0,14.35,18.2,9.3,17.8,37.3,21.1,34.8,4.0,49.0,True,turkey,TUR,Turkey,Republic of Turkey,TR,Europe & Central Asia,Upper middle income,True
U2613,Sofia University,Bulgaria,,bulgaria,,,,,,,,,,,False,,16.2,28.3,12.2,23.4,21.6,39.4,7.5,7.0,67.0,True,1201.0,21.35,25.0,11.1,16.4,37.8,39.0,6.5,6.0,65.0,True,bulgaria,BGR,Bulgaria,Republic of Bulgaria,BG,Europe & Central Asia,Upper middle income,True
U2614,University of Sonora,Mexico,,mexico,,,,,,,,,,,False,,16.2,13.6,8.4,13.6,32.3,34.9,26.0,1.0,57.0,True,1501.0,14.35,14.5,8.1,9.7,36.9,26.8,25.6,1.0,56.0,True,mexico,MEX,Mexico,United Mexican States,MX,Latin America & Caribbean,Upper middle income,True
U2615,Southwest State University,Russian Federation,,russia,,,,,,,,,,,False,,16.2,20.8,11.2,11.4,33.7,32.1,13.4,11.0,39.0,True,,,,,,,,,,,False,russia,RUS,Russia,Russian Federation,RU,Europe & Central Asia,High income: nonOECD,True
U2616,Srinakharinwirot University,Thailand,,thailand,,,,,,,,,,,False,,16.2,19.4,9.7,15.8,18.8,22.3,18.9,1.0,67.0,True,1501.0,14.35,18.4,8.6,10.2,37.3,19.7,19.6,0.0,67.0,True,thailand,THA,Thailand,Kingdom of Thailand,TH,East Asia & Pacific,Upper middle income,True
U2617,Universitas Sriwijaya,Indonesia,,indonesia,,,,,,,,,,,False,,16.2,12.4,9.0,18.1,16.2,19.9,24.7,0.0,60.0,True,,,,,,,,,,,False,indonesia,IDN,Indonesia,Republic of Indonesia,ID,East Asia & Pacific,Lower middle income,True
U2618,Saints Cyril and Methodius University in Skopje,North Macedonia,,north macedonia,,,,,,,,,,,False,,16.2,19.2,9.3,25.9,23.2,46.0,13.5,5.0,63.0,True,,,,,,,,,,,False,macedonia,MKD,Macedonia,Former Yugoslav Republic of Macedonia,MK,Europe & Central Asia,Upper middle income,True
U2619,State University of Bahia,Brazil,,brazil,,,,,,,,,,,False,,16.2,19.3,8.6,4.1,16.2,20.0,11.9,0.0,66.0,True,,,,,,,,10.2,0.0,67.0,True,brazil,BRA,Brazil,Federative Republic of Brazil,BR,Latin America & Caribbean,Upper middle income,True
U2620,State University of Ponta Grossa,Brazil,,brazil,,,,,,,,,,,False,,16.2,24.9,11.3,18.1,18.1,25.9,8.9,0.0,55.0,True,1501.0,14.35,20.7,9.9,18.2,37.1,22.8,9.1,1.0,55.0,True,brazil,BRA,Brazil,Federative Republic of Brazil,BR,Latin America & Caribbean,Upper middle income,True
U2621,State University of Santa Cruz,Brazil,,brazil,,,,,,,,,,,False,,16.2,22.9,9.3,14.1,17.4,34.9,9.8,2.0,46.0,True,1501.0,14.35,21.3,9.2,17.1,37.3,28.7,9.4,1.0,56.0,True,brazil,BRA,Brazil,Federative Republic of Brazil,BR,Latin America & Caribbean,Upper middle income,True
U2622,Süleyman Demirel University,Turkey,,turkey,,,,,,,,,,,False,,16.2,23.5,9.8,29.9,18.6,25.6,32.3,5.0,52.0,True,1501.0,14.35,15.8,9.1,23.2,37.3,22.9,34.8,5.0,50.0,True,turkey,TUR,Turkey,Republic of Turkey,TR,Europe & Central Asia,Upper middle income,True
U2623,Université Sultan Moulay Slimane,Morocco,,morocco,,,,,,,,,,,False,,16.2,11.8,9.8,29.9,21.1,21.5,56.2,0.0,52.0,True,,,,,,,,50.0,0.0,51.0,True,morocco,MAR,Morocco,Kingdom of Morocco,MA,Middle East & North Africa,Lower middle income,True
U2624,Tamil Nadu Agricultural University,India,,india,,,,,,,,,,,False,,16.2,29.5,11.0,14.0,26.7,17.0,9.3,0.0,61.0,True,1501.0,14.35,25.2,10.3,2.0,41.5,15.0,8.7,0.0,62.0,True,india,IND,India,Republic of India,IN,South Asia,Lower middle income,True
U2625,Technical University of Sofia,Bulgaria,,bulgaria,,,,,,,,,,,False,,16.2,23.2,11.1,24.2,25.0,26.8,9.7,9.0,21.0,True,1501.0,14.35,17.5,8.3,8.0,39.3,26.1,11.6,9.0,27.0,True,bulgaria,BGR,Bulgaria,Republic of Bulgaria,BG,Europe & Central Asia,Upper middle income,True
U2626,Technological University of Pereira,Colombia,,colombia,,,,,,,,,,,False,,16.2,15.0,4.6,14.8,19.2,32.4,17.8,0.0,44.0,True,1201.0,21.35,14.8,7.8,31.4,38.0,31.5,18.4,0.0,43.0,True,colombia,COL,Colombia,Republic of Colombia,CO,Latin America & Caribbean,Upper middle income,True
U2627,Universidad Técnica Particular de Loja,Ecuador,,ecuador,,,,,,,,,,,False,,16.2,10.6,8.4,11.2,15.8,48.2,29.3,1.0,56.0,True,,,,,,,,,,,False,ecuador,ECU,Ecuador,Republic of Ecuador,EC,Latin America & Caribbean,Upper middle income,True
U2628,Universidade Tecnológica Federal do Paraná (UTFPR),Brazil,,brazil,,,,,,,,,,,False,,16.2,16.7,10.2,22.3,42.3,25.3,15.3,1.0,30.0,True,1501.0,14.35,16.4,10.1,12.6,37.4,22.1,12.8,1.0,35.0,True,brazil,BRA,Brazil,Federative Republic of Brazil,BR,Latin America & Caribbean,Upper middle income,True
U2629,Teikyo University,Japan,,japan,,,,,,,,,,,False,,16.2,17.4,12.7,33.9,37.2,26.7,16.0,5.0,36.0,True,1201.0,21.35,15.7,11.1,44.9,38.7,22.7,15.9,5.0,36.0,True,japan,JPN,Japan,Japan,JP,East Asia & Pacific,High income: OECD,True
U2630,Universiti Teknologi MARA,Malaysia,,malaysia,,,,,,,,,,,False,,16.2,20.2,14.7,28.6,23.9,24.2,16.3,1.0,67.0,True,1501.0,14.35,19.0,13.2,10.4,37.5,20.9,16.0,1.0,67.0,True,malaysia,MYS,Malaysia,Malaysia,MY,East Asia & Pacific,Upper middle income,True
U2631,Temuco Catholic University,Chile,,chile,,,,,,,,,,,False,,16.2,19.8,10.5,12.7,23.9,43.1,11.1,0.0,61.0,True,1501.0,14.35,16.0,10.1,7.9,38.3,41.5,12.3,1.0,60.0,True,chile,CHL,Chile,Republic of Chile,CL,Latin America & Caribbean,High income: OECD,True
U2632,Tokat Gaziosmanpaşa University,Turkey,,turkey,,,,,,,,,,,False,,16.2,17.1,8.6,33.7,17.5,32.1,15.2,9.0,45.0,True,1201.0,21.35,15.7,8.0,30.5,37.3,28.5,14.6,11.0,50.0,True,turkey,TUR,Turkey,Republic of Turkey,TR,Europe & Central Asia,Upper middle income,True
U2633,Tokyo University of Agriculture,Japan,,japan,,,,,,,,,,,False,,16.2,18.1,9.1,18.9,29.8,23.1,32.2,2.0,43.0,True,1501.0,14.35,15.8,10.1,15.3,38.7,21.3,32.7,1.0,43.0,True,japan,JPN,Japan,Japan,JP,East Asia & Pacific,High income: OECD,True
U2634,Tokyo City University,Japan,,japan,,,,,,,,,,,False,,16.2,17.6,12.0,13.9,43.6,28.6,26.8,2.0,23.0,True,1501.0,14.35,16.3,10.3,5.1,46.6,23.0,15.5,2.0,24.0,True,japan,JPN,Japan,Japan,JP,East Asia & Pacific,High income: OECD,True
U2635,Tokyo Denki University,Japan,,japan,,,,,,,,,,,False,,16.2,14.9,9.0,12.1,56.4,21.9,28.7,3.0,13.0,True,1501.0,14.35,15.0,9.6,1.7,40.2,19.5,28.5,3.0,13.0,True,japan,JPN,Japan,Japan,JP,East Asia & Pacific,High income: OECD,True
U2636,Tomsk State University of Control Systems and Radioelectronics,Russian Federation,,russia,,,,,,,,,,,False,,16.2,22.2,11.0,18.9,40.0,38.5,12.1,14.0,29.0,True,,,,,,,,,,,False,russia,RUS,Russia,Russian Federation,RU,Europe & Central Asia,High income: nonOECD,True
U2637,Tottori University,Japan,,japan,,,,,,,,,,,False,,16.2,28.8,13.4,21.3,46.7,26.6,8.0,2.0,38.0,True,1501.0,14.35,23.3,12.3,14.4,39.6,22.6,8.1,2.0,38.0,True,japan,JPN,Japan,Japan,JP,East Asia & Pacific,High income: OECD,True
U2638,Toyama Prefectural University,Japan,,japan,,,,,,,,,,,False,,16.2,25.0,9.5,9.5,27.0,21.8,9.5,2.0,31.0,True,,,,,,,,8.2,2.0,26.0,True,japan,JPN,Japan,Japan,JP,East Asia & Pacific,High income: OECD,True
U2639,Toyo University,Japan,,japan,,,,,,,,,,,False,,16.2,14.4,9.2,8.7,19.6,36.0,23.5,5.0,42.0,True,1501.0,14.35,14.4,9.0,4.8,37.9,30.9,24.2,6.0,43.0,True,japan,JPN,Japan,Japan,JP,East Asia & Pacific,High income: OECD,True
U2640,Tula State University,Russian Federation,,russia,,,,,,,,,,,False,,16.2,11.6,9.0,5.1,17.6,19.0,35.0,3.0,60.0,True,,,,,,,,,,,False,russia,RUS,Russia,Russian Federation,RU,Europe & Central Asia,High income: nonOECD,True
U2641,Ufa University of Science and Technology,Russian Federation,,russia,,,,,,,,,,,False,,16.2,19.3,10.2,8.1,25.6,22.7,12.6,5.0,37.0,True,,,,,,,,,,,False,russia,RUS,Russia,Russian Federation,RU,Europe & Central Asia,High income: nonOECD,True
U2642,Ufa State Petroleum Technological University,Russian Federation,,russia,,,,,,,,,,,False,,16.2,23.0,8.0,17.1,16.7,29.7,8.2,11.0,38.0,True,,,,,,,,,,,False,russia,RUS,Russia,Russian Federation,RU,Europe & Central Asia,High income: nonOECD,True
U2643,Uşak University,Turkey,,turkey,,,,,,,,,,,False,,16.2,11.4,10.4,14.3,19.0,32.1,27.4,11.0,49.0,True,1501.0,14.35,12.3,10.0,10.5,39.1,28.2,38.1,11.0,47.0,True,turkey,TUR,Turkey,Republic of Turkey,TR,Europe & Central Asia,Upper middle income,True
U2644,Utsunomiya University,Japan,,japan,,,,,,,,,,,False,,16.2,20.4,12.6,9.1,27.7,29.1,13.7,4.0,37.0,True,1501.0,14.35,19.0,11.6,3.0,40.2,24.5,14.1,4.0,37.0,True,japan,JPN,Japan,Japan,JP,East Asia & Pacific,High income: OECD,True
U2645,Uzhhorod National University,Ukraine,,ukraine,,,,,,,,,,,False,,16.2,22.2,8.9,4.7,16.2,45.2,11.3,13.0,53.0,True,,,,,,,,11.5,11.0,55.0,True,ukraine,UKR,Ukraine,Ukraine,UA,Europe & Central Asia,Lower middle income,True
U2646,University of Valparaíso,Chile,,chile,,,,,,,,,,,False,,16.2,15.4,12.2,22.0,18.7,47.8,19.0,2.0,58.0,True,1501.0,14.35,15.5,11.4,18.6,37.0,47.8,18.3,2.0,58.0,True,chile,CHL,Chile,Republic of Chile,CL,Latin America & Caribbean,High income: OECD,True
U2647,Van Yüzüncü Yil University,Turkey,,turkey,,,,,,,,,,,False,,16.2,21.7,22.8,19.3,45.4,21.4,17.5,3.0,47.0,True,1501.0,14.35,17.4,22.7,10.4,61.0,19.4,17.0,3.0,44.0,True,turkey,TUR,Turkey,Republic of Turkey,TR,Europe & Central Asia,Upper middle income,True
U2648,Instituto Politécnico de Viana do Castelo,Portugal,,portugal,,,,,,,,,,,False,,16.2,13.0,9.6,35.4,18.7,44.1,19.8,10.0,49.0,True,,,,,,,,,,,False,portugal,PRT,Portugal,Portuguese Republic,PT,Europe & Central Asia,High income: OECD,True
U2649,Vietnam National University (Ho Chi Minh City),Vietnam,,vietnam,,,,,,,,,,,False,,16.2,14.6,11.2,26.1,26.2,36.8,24.5,1.0,46.0,True,1501.0,14.35,15.1,10.1,20.7,41.5,35.6,21.7,1.0,46.0,True,vietnam,VNM,Vietnam,Socialist Republic of Vietnam,VN,East Asia & Pacific,Lower middle income,True
U2650,"Vignan’s Foundation for Science, Technology and Research",India,,india,,,,,,,,,,,False,,16.2,22.2,7.6,36.0,16.7,21.1,11.3,1.0,47.0,True,1201.0,21.35,17.9,7.8,31.3,37.4,16.4,11.7,1.0,47.0,True,india,IND,India,Republic of India,IN,South Asia,Lower middle income,True
U2651,V.I. Vernadsky Crimean Federal University (Vernadsky CFU),Ukraine,,ukraine,,,,,,,,,,,False,,16.2,19.0,9.9,7.6,16.6,27.2,12.5,9.0,55.0,True,,,,,,,,,,,False,ukraine,UKR,Ukraine,Ukraine,UA,Europe & Central Asia,Lower middle income,True
U2652,Volgograd State Technical University,Russian Federation,,russia,,,,,,,,,,,False,,16.2,17.8,9.3,22.9,18.5,27.9,13.9,10.0,30.0,True,,,,,,,,,,,False,russia,RUS,Russia,Russian Federation,RU,Europe & Central Asia,High income: nonOECD,True
U2653,Voronezh State Technical University,Russian Federation,,russia,,,,,,,,,,,False,,16.2,20.5,8.5,29.8,18.8,23.9,13.5,6.0,36.0,True,,,,,,,,,,,False,russia,RUS,Russia,Russian Federation,RU,Europe & Central Asia,High income: nonOECD,True
U2654,University of West Attica,Greece,,greece,,,,,,,,,,,False,,16.2,10.0,9.7,34.7,22.8,24.9,37.9,0.0,50.0,True,1501.0,14.35,12.0,9.8,22.8,37.3,26.0,33.6,0.0,49.0,True,greece,GRC,Greece,Hellenic Republic,GR,Europe & Central Asia,High income: OECD,True
U2655,Yanshan University,China,,china,,,,,,,,,,,False,,16.2,19.5,11.7,34.5,36.0,20.4,13.4,1.0,39.0,True,1501.0,14.35,17.2,10.9,18.3,46.9,17.0,13.2,1.0,39.0,True,china,CHN,China,People's Republic of China,CN,East Asia & Pacific,Upper middle income,True
U2656,Yeditepe University,Turkey,,turkey,,,,,,,,,,,False,,16.2,22.0,12.4,17.6,59.3,38.8,27.5,6.0,55.0,True,1501.0,14.35,18.8,12.2,10.5,65.7,29.6,28.2,5.0,55.0,True,turkey,TUR,Turkey,Republic of Turkey,TR,Europe & Central Asia,Upper middle income,True
U2657,Universitas Negeri Yogyakarta,Indonesia,,indonesia,,,,,,,,,,,False,,16.2,16.9,10.5,28.8,23.1,30.6,16.3,1.0,61.0,True,,,,,,,,,,,False,indonesia,IDN,Indonesia,Republic of Indonesia,ID,East Asia & Pacific,Lower middle income,True
U2658,Zonguldak Bülent Ecevit University,Turkey,,turkey,,,,,,,,,,,False,,16.2,12.5,11.2,21.6,48.1,26.4,22.4,8.0,57.0,True,1501.0,14.35,13.2,8.2,23.5,38.9,23.1,25.4,8.0,47.0,True,turkey,TUR,Turkey,Republic of Turkey,TR,Europe & Central Asia,Upper middle income,True
U2659,Abbes Laghrour University of Khenchala,Algeria,,algeria,,,,,,,,,,,False,,,,,,,,26.1,0.0,70.0,True,,,,,,,,,,,False,algeria,DZA,Algeria,People's Democratic Republic of Algeria,DZ,Middle East & North Africa,Upper middle income,True
U2660,Abbottabad University of Science and Technology,Pakistan,,pakistan,,,,,,,,,,,False,,,,,,,,13.3,0.0,31.0,True,,,,,,,,,,,False,pakistan,PAK,Pakistan,Islamic Republic of Pakistan,PK,South Asia,Lower middle income,True
U2661,Abdelhafid Boussouf University Center of Mila,Algeria,,algeria,,,,,,,,,,,False,,,,,,,,24.9,0.0,72.0,True,,,,,,,,,,,False,algeria,DZA,Algeria,People's Democratic Republic of Algeria,DZ,Middle East & North Africa,Upper middle income,True
U2662,Abdullah Gül University,Turkey,,turkey,,,,,,,,,,,False,,,,,,,,22.5,9.0,46.0,True,,,,,,,,20.1,9.0,43.0,True,turkey,TUR,Turkey,Republic of Turkey,TR,Europe & Central Asia,Upper middle income,True
U2663,Abertay University,United Kingdom,,united kingdom,,,,,,,,,,,False,,,,,,,,23.4,21.0,47.0,True,,,,,,,,21.7,22.0,48.0,True,united kingdom,GBR,United Kingdom,United Kingdom of Great Britain and Northern Ireland,GB,Europe & Central Asia,High income: OECD,True
U2664,Abia State University,Nigeria,,nigeria,,,,,,,,,,,False,,,,,,,,45.8,0.0,49.0,True,,,,,,,,,,,False,nigeria,NGA,Nigeria,Federal Republic of Nigeria,NG,Sub-Saharan Africa,Lower middle income,True
U2665,Abrar University,Somalia,,somalia,,,,,,,,,,,False,,,,,,,,5.5,0.0,40.0,True,,,,,,,,,,,False,somalia,SOM,Somalia,Somali Democratic Republic,SO,Sub-Saharan Africa,Low income,True
U2666,Ada Kent University,Northern Cyprus,,northern cyprus,,,,,,,,,,,False,,,,,,,,1.0,19.0,39.0,True,,,,,,,,,,,False,northern cyprus,,,,,,,False
U2667,Adventist University of Central Africa,Rwanda,,rwanda,,,,,,,,,,,False,,,,,,,,31.7,11.0,44.0,True,,,,,,,,,,,False,rwanda,RWA,Rwanda,Republic of Rwanda,RW,Sub-Saharan Africa,Low income,True
U2668,AECC University College,United Kingdom,,united kingdom,,,,,,,,,,,False,,,,,,,,19.5,39.0,45.0,True,,,,,,,,15.4,43.0,47.0,True,united kingdom,GBR,United Kingdom,United Kingdom of Great Britain and Northern Ireland,GB,Europe & Central Asia,High income: OECD,True
U2669,University Center of Aflou,Algeria,,algeria,,,,,,,,,,,False,,,,,,,,23.7,0.0,48.0,True,,,,,,,,,,,False,algeria,DZA,Algeria,People's Democratic Republic of Algeria,DZ,Middle East & North Africa,Upper middle income,True
U2670,University of Agronomic Sciences and Veterinary Medicine of Bucharest,Romania,,romania,,,,,,,,,,,False,,,,,,,,16.7,3.0,49.0,True,,,,,,,,,,,False,romania,ROU,Romania,Romania,RO,Europe & Central Asia,Upper middle income,True
U2671,Universitas Ahmad Dahlan,Indonesia,,indonesia,,,,,,,,,,,False,,,,,,,,34.6,1.0,61.0,True,,,,,,,,,,,False,indonesia,IDN,Indonesia,Republic of Indonesia,ID,East Asia & Pacific,Lower middle income,True
U2672,University of Ahmed Draia,Algeria,,algeria,,,,,,,,,,,False,,,,,,,,28.0,0.0,59.0,True,,,,,,,,,,,False,algeria,DZA,Algeria,People's Democratic Republic of Algeria,DZ,Middle East & North Africa,Upper middle income,True
U2673,Aichi Prefectural University,Japan,,japan,,,,,,,,,,,False,,,,,,,,15.4,1.0,72.0,True,,,,,,,,15.2,1.0,72.0,True,japan,JPN,Japan,Japan,JP,East Asia & Pacific,High income: OECD,True
U2674,Université d’Ain Témouchent,Algeria,,algeria,,,,,,,,,,,False,,,,,,,,17.2,1.0,64.0,True,,,,,,,,,,,False,algeria,DZA,Algeria,People's Democratic Republic of Algeria,DZ,Middle East & North Africa,Upper middle income,True
U2675,Ajeenkya DY Patil University,India,,india,,,,,,,,,,,False,,,,,,,,15.8,1.0,18.0,True,,,,,,,,16.4,0.0,24.0,True,india,IND,India,Republic of India,IN,South Asia,Lower middle income,True
U2676,Akhmet Yassawi University,Kazakhstan,,kazakhstan,,,,,,,,,,,False,,,,,,,,8.6,10.0,60.0,True,,,,,,,,,,,False,kazakhstan,KAZ,Kazakhstan,Republic of Kazakhstan,KZ,Europe & Central Asia,Upper middle income,True
U2677,Akita Prefectural University,Japan,,japan,,,,,,,,,,,False,,,,,,,,8.9,1.0,27.0,True,,,,,,,,8.5,1.0,26.0,True,japan,JPN,Japan,Japan,JP,East Asia & Pacific,High income: OECD,True
U2678,Akli Mohand Oulhadj Bouira University,Algeria,,algeria,,,,,,,,,,,False,,,,,,,,28.3,0.0,52.0,True,,,,,,,,,,,False,algeria,DZA,Algeria,People's Democratic Republic of Algeria,DZ,Middle East & North Africa,Upper middle income,True
U2679,Akwa Ibom State University,Nigeria,,nigeria,,,,,,,,,,,False,,,,,,,,21.2,0.0,42.0,True,,,,,,,,20.7,0.0,42.0,True,nigeria,NGA,Nigeria,Federal Republic of Nigeria,NG,Sub-Saharan Africa,Lower middle income,True
U2680,Al Akhawayn University,Morocco,,morocco,,,,,,,,,,,False,,,,,,,,17.0,2.0,54.0,True,,,,,,,,,,,False,morocco,MAR,Morocco,Kingdom of Morocco,MA,Middle East & North Africa,Lower middle income,True
U2681,Al al-Bayt University,Jordan,,jordan,,,,,,,,,,,False,,,,,,,,38.8,4.0,59.0,True,,,,,,,,,,,False,jordan,JOR,Jordan,Hashemite Kingdom of Jordan,JO,Middle East & North Africa,Upper middle income,True
U2682,Al-Ayen University,Iraq,,iraq,,,,,,,,,,,False,,,,,,,,25.6,0.0,48.0,True,,,,,,,,51.2,0.0,66.0,True,iraq,IRQ,Iraq,Republic of Iraq,IQ,Middle East & North Africa,Upper middle income,True
U2683,Al-Baha University,Saudi Arabia,,saudi arabia,,,,,,,,,,,False,,,,,,,,14.1,2.0,57.0,True,,,,,,,,,,,False,saudi arabia,SAU,Saudi Arabia,Kingdom of Saudi Arabia,SA,Middle East & North Africa,High income: nonOECD,True
U2684,Al-Bayan University,Iraq,,iraq,,,,,,,,,,,False,,,,,,,,29.9,0.0,53.0,True,,,,,,,,,,,False,iraq,IRQ,Iraq,Republic of Iraq,IQ,Middle East & North Africa,Upper middle income,True
U2685,Albaydha University,Yemen,,yemen,,,,,,,,,,,False,,,,,,,,5.1,0.0,45.0,True,,,,,,,,,,,False,yemen,YEM,Yemen,Republic of Yemen,YE,Middle East & North Africa,Lower middle income,True
U2686,Al-Esraa University College,Iraq,,iraq,,,,,,,,,,,False,,,,,,,,26.7,0.0,53.0,True,,,,,,,,22.2,0.0,53.0,True,iraq,IRQ,Iraq,Republic of Iraq,IQ,Middle East & North Africa,Upper middle income,True
U2687,Alex Ekwueme Federal University Ndufu-Alike,Nigeria,,nigeria,,,,,,,,,,,False,,,,,,,,19.4,0.0,54.0,True,,,,,,,,16.8,0.0,52.0,True,nigeria,NGA,Nigeria,Federal Republic of Nigeria,NG,Sub-Saharan Africa,Lower middle income,True
U2688,Al-Farabi University College,Iraq,,iraq,,,,,,,,,,,False,,,,,,,,21.8,0.0,43.0,True,,,,,,,,16.0,0.0,36.0,True,iraq,IRQ,Iraq,Republic of Iraq,IQ,Middle East & North Africa,Upper middle income,True
U2689,Al-Furat Al-Awsat Technical University,Iraq,,iraq,,,,,,,,,,,False,,,,,,,,40.8,0.0,56.0,True,,,,,,,,,,,False,iraq,IRQ,Iraq,Republic of Iraq,IQ,Middle East & North Africa,Upper middle income,True
U2690,University of Algiers 1,Algeria,,algeria,,,,,,,,,,,False,,,,,,,,17.2,0.0,81.0,True,,,,,,,,,,,False,algeria,DZA,Algeria,People's Democratic Republic of Algeria,DZ,Middle East & North Africa,Upper middle income,True
U2691,Algiers 2 University,Algeria,,algeria,,,,,,,,,,,False,,,,,,,,31.1,0.0,72.0,True,,,,,,,,,,,False,algeria,DZA,Algeria,People's Democratic Republic of Algeria,DZ,Middle East & North Africa,Upper middle income,True
U2692,University of Algiers 3,Algeria,,algeria,,,,,,,,,,,False,,,,,,,,35.5,0.0,48.0,True,,,,,,,,,,,False,algeria,DZA,Algeria,People's Democratic Republic of Algeria,DZ,Middle East & North Africa,Upper middle income,True
U2693,University of Al-Hamdaniya,Iraq,,iraq,,,,,,,,,,,False,,,,,,,,20.2,0.0,35.0,True,,,,,,,,26.5,0.0,32.0,True,iraq,IRQ,Iraq,Republic of Iraq,IQ,Middle East & North Africa,Upper middle income,True
U2694,Al-Hussein Bin Talal University,Jordan,,jordan,,,,,,,,,,,False,,,,,,,,26.9,1.0,55.0,True,,,,,,,,,,,False,jordan,JOR,Jordan,Hashemite Kingdom of Jordan,JO,Middle East & North Africa,Upper middle income,True
U2695,Alisher Navo’i Tashkent State University of Uzbek Language and Literature,Uzbekistan,,uzbekistan,,,,,,,,,,,False,,,,,,,,13.0,7.0,82.0,True,,,,,,,,12.9,6.0,82.0,True,uzbekistan,UZB,Uzbekistan,Republic of Uzbekistan,UZ,Europe & Central Asia,Lower middle income,True
U2696,Al-Janad University for Science and Technology,Yemen,,yemen,,,,,,,,,,,False,,,,,,,,68.8,0.0,45.0,True,,,,,,,,,,,False,yemen,YEM,Yemen,Republic of Yemen,YE,Middle East & North Africa,Lower middle income,True
U2697,University of Alkafeel,Iraq,,iraq,,,,,,,,,,,False,,,,,,,,17.6,0.0,57.0,True,,,,,,,,,,,False,iraq,IRQ,Iraq,Republic of Iraq,IQ,Middle East & North Africa,Upper middle income,True
U2698,Al-Karkh University of Science,Iraq,,iraq,,,,,,,,,,,False,,,,,,,,9.0,0.0,42.0,True,,,,,,,,,,,False,iraq,IRQ,Iraq,Republic of Iraq,IQ,Middle East & North Africa,Upper middle income,True
U2699,Al-Kitab University,Iraq,,iraq,,,,,,,,,,,False,,,,,,,,20.3,0.0,38.0,True,,,,,,,,16.9,0.0,32.0,True,iraq,IRQ,Iraq,Republic of Iraq,IQ,Middle East & North Africa,Upper middle income,True
U2700,AlMaarefa University,Saudi Arabia,,saudi arabia,,,,,,,,,,,False,,,,,,,,19.0,19.0,58.0,True,,,,,,,,,,,False,saudi arabia,SAU,Saudi Arabia,Kingdom of Saudi Arabia,SA,Middle East & North Africa,High income: nonOECD,True
U2701,Al-Maarif University College,Iraq,,iraq,,,,,,,,,,,False,,,,,,,,17.6,1.0,60.0,True,,,,,,,,17.6,1.0,60.0,True,iraq,IRQ,Iraq,Republic of Iraq,IQ,Middle East & North Africa,Upper middle income,True
U2702,Al-Manara College for Medical Sciences,Iraq,,iraq,,,,,,,,,,,False,,,,,,,,22.7,0.0,54.0,True,,,,,,,,30.9,0.0,47.0,True,iraq,IRQ,Iraq,Republic of Iraq,IQ,Middle East & North Africa,Upper middle income,True
U2703,Almazov National Medical Research Centre,Russian Federation,,russia,,,,,,,,,,,False,,,,,,,,5.1,2.0,72.0,True,,,,,,,,,,,False,russia,RUS,Russia,Russian Federation,RU,Europe & Central Asia,High income: nonOECD,True
U2704,Al-Mustaqbal University,Iraq,,iraq,,,,,,,,,,,False,,,,,,,,19.8,0.0,40.0,True,,,,,,,,20.8,0.0,41.0,True,iraq,IRQ,Iraq,Republic of Iraq,IQ,Middle East & North Africa,Upper middle income,True
U2705,Al-Muthanna University,Iraq,,iraq,,,,,,,,,,,False,,,,,,,,23.5,0.0,55.0,True,,,,,,,,23.1,0.0,55.0,True,iraq,IRQ,Iraq,Republic of Iraq,IQ,Middle East & North Africa,Upper middle income,True
U2706,Al-Nisour University College,Iraq,,iraq,,,,,,,,,,,False,,,,,,,,16.2,2.0,47.0,True,,,,,,,,,,,False,iraq,IRQ,Iraq,Republic of Iraq,IQ,Middle East & North Africa,Upper middle income,True
U2707,Al-Noor University College,Iraq,,iraq,,,,,,,,,,,False,,,,,,,,23.5,0.0,39.0,True,,,,,,,,40.6,0.0,62.0,True,iraq,IRQ,Iraq,Republic of Iraq,IQ,Middle East & North Africa,Upper middle income,True
U2708,Al-Qalam University College,Iraq,,iraq,,,,,,,,,,,False,,,,,,,,28.2,0.0,32.0,True,,,,,,,,,,,False,iraq,IRQ,Iraq,Republic of Iraq,IQ,Middle East & North Africa,Upper middle income,True
U2709,Al-Qasim Green University,Iraq,,iraq,,,,,,,,,,,False,,,,,,,,7.3,0.0,50.0,True,,,,,,,,,,,False,iraq,IRQ,Iraq,Republic of Iraq,IQ,Middle East & North Africa,Upper middle income,True
U2710,Al-Rafidain University College,Iraq,,iraq,,,,,,,,,,,False,,,,,,,,37.3,0.0,45.0,True,,,,,,,,,,,False,iraq,IRQ,Iraq,Republic of Iraq,IQ,Middle East & North Africa,Upper middle income,True
U2711,Al Safwa University College,Iraq,,iraq,,,,,,,,,,,False,,,,,,,,23.5,0.0,40.0,True,,,,,,,,,,,False,iraq,IRQ,Iraq,Republic of Iraq,IQ,Middle East & North Africa,Upper middle income,True
U2712,Altınbaş University,Turkey,,turkey,,,,,,,,,,,False,,,,,,,,20.8,51.0,51.0,True,,,,,,,,13.7,47.0,41.0,True,turkey,TUR,Turkey,Republic of Turkey,TR,Europe & Central Asia,Upper middle income,True
U2713,Altoosi University College,Iraq,,iraq,,,,,,,,,,,False,,,,,,,,29.7,0.0,47.0,True,,,,,,,,,,,False,iraq,IRQ,Iraq,Republic of Iraq,IQ,Middle East & North Africa,Upper middle income,True
U2714,Al Turath University,Iraq,,iraq,,,,,,,,,,,False,,,,,,,,39.4,0.0,37.0,True,,,,,,,,,,,False,iraq,IRQ,Iraq,Republic of Iraq,IQ,Middle East & North Africa,Upper middle income,True
U2715,Al-Zaytoonah University of Jordan,Jordan,,jordan,,,,,,,,,,,False,,,,,,,,27.7,29.0,51.0,True,,,,,,,,,,,False,jordan,JOR,Jordan,Hashemite Kingdom of Jordan,JO,Middle East & North Africa,Upper middle income,True
U2716,American University in the Emirates (AUE),United Arab Emirates,,united arab emirates,,,,,,,,,,,False,,,,,,,,16.6,44.0,38.0,True,,,,,,,,,,,False,united arab emirates,ARE,United Arab Emirates,United Arab Emirates,AE,Middle East & North Africa,High income: nonOECD,True
U2717,American International University – Bangladesh,Bangladesh,,bangladesh,,,,,,,,,,,False,,,,,,,,23.1,0.0,24.0,True,,,,,,,,26.6,0.0,24.0,True,bangladesh,BGD,Bangladesh,People's Republic of Bangladesh,BD,South Asia,Low income,True
U2718,American University of Madaba,Jordan,,jordan,,,,,,,,,,,False,,,,,,,,19.0,25.0,48.0,True,,,,,,,,17.9,26.0,47.0,True,jordan,JOR,Jordan,Hashemite Kingdom of Jordan,JO,Middle East & North Africa,Upper middle income,True
U2719,American University of Ras Al Khaimah,United Arab Emirates,,united arab emirates,,,,,,,,,,,False,,,,,,,,10.2,57.0,48.0,True,,,,,,,,8.1,63.0,50.0,True,united arab emirates,ARE,United Arab Emirates,United Arab Emirates,AE,Middle East & North Africa,High income: nonOECD,True
U2720,"Amity University, Chhattisgarh",India,,india,,,,,,,,,,,False,,,,,,,,25.5,0.0,51.0,True,,,,,,,,,,,False,india,IND,India,Republic of India,IN,South Asia,Lower middle income,True
U2721,"Amity University, Gurugram",India,,india,,,,,,,,,,,False,,,,,,,,17.0,1.0,53.0,True,,,,,,,,14.8,2.0,40.0,True,india,IND,India,Republic of India,IN,South Asia,Lower middle income,True
U2722,"Amity University, Gwalior",India,,india,,,,,,,,,,,False,,,,,,,,6.8,0.0,39.0,True,,,,,,,,12.6,0.0,43.0,True,india,IND,India,Republic of India,IN,South Asia,Lower middle income,True
U2723,"Amity University Rajasthan, Jaipur",India,,india,,,,,,,,,,,False,,,,,,,,14.5,0.0,39.0,True,,,,,,,,12.5,0.0,33.0,True,india,IND,India,Republic of India,IN,South Asia,Lower middle income,True
U2724,"Amity University, Mumbai",India,,india,,,,,,,,,,,False,,,,,,,,25.3,9.0,47.0,True,,,,,,,,22.7,0.0,48.0,True,india,IND,India,Republic of India,IN,South Asia,Lower middle income,True
U2725,Anáhuac University,Mexico,,mexico,,,,,,,,,,,False,,,,,,,,8.4,4.0,57.0,True,,,,,,,,,,,False,mexico,MEX,Mexico,United Mexican States,MX,Latin America & Caribbean,Upper middle income,True
U2726,Andijan Machine-Building Institute,Uzbekistan,,uzbekistan,,,,,,,,,,,False,,,,,,,,16.5,2.0,36.0,True,,,,,,,,,,,False,uzbekistan,UZB,Uzbekistan,Republic of Uzbekistan,UZ,Europe & Central Asia,Lower middle income,True
U2727,Andijan State University,Uzbekistan,,uzbekistan,,,,,,,,,,,False,,,,,,,,23.2,0.0,53.0,True,,,,,,,,,,,False,uzbekistan,UZB,Uzbekistan,Republic of Uzbekistan,UZ,Europe & Central Asia,Lower middle income,True
U2728,Andijan State Medical Institute,Uzbekistan,,uzbekistan,,,,,,,,,,,False,,,,,,,,10.0,5.0,45.0,True,,,,,,,,9.5,5.0,47.0,True,uzbekistan,UZB,Uzbekistan,Republic of Uzbekistan,UZ,Europe & Central Asia,Lower middle income,True
U2729,Andijan State Pedagogical Institute (ASPI),Uzbekistan,,uzbekistan,,,,,,,,,,,False,,,,,,,,39.9,0.0,77.0,True,,,,,,,,,,,False,uzbekistan,UZB,Uzbekistan,Republic of Uzbekistan,UZ,Europe & Central Asia,Lower middle income,True
U2730,Andrés Bello Catholic University (UCAB),Venezuela,,venezuela,,,,,,,,,,,False,,,,,,,,18.4,2.0,50.0,True,,,,,,,,17.8,1.0,50.0,True,venezuela,VEN,Venezuela,República Bolivariana de Venezuela,VE,Latin America & Caribbean,Upper middle income,True
U2731,Anglo-American University,Czech Republic,,czech republic,,,,,,,,,,,False,,,,,,,,13.1,82.0,61.0,True,,,,,,,,12.7,80.0,40.0,True,czech republic,CZE,Czech Republic,Czech Republic,CZ,Europe & Central Asia,High income: OECD,True
U2732,Ankara Science University,Turkey,,turkey,,,,,,,,,,,False,,,,,,,,5.1,7.0,51.0,True,,,,,,,,9.6,19.0,62.0,True,turkey,TUR,Turkey,Republic of Turkey,TR,Europe & Central Asia,Upper middle income,True
U2733,Applied Science Private University,Jordan,,jordan,,,,,,,,,,,False,,,,,,,,18.6,29.0,51.0,True,,,,,,,,,,,False,jordan,JOR,Jordan,Hashemite Kingdom of Jordan,JO,Middle East & North Africa,Upper middle income,True
U2734,Arab American University,Palestine,,palestine,,,,,,,,,,,False,,,,,,,,26.7,36.0,58.0,True,,,,,,,,31.1,44.0,58.0,True,west bank and gaza,PSE,West Bank and Gaza,West Bank and Gaza,PS,Middle East & North Africa,Lower middle income,True
U2735,Arabian Gulf University,Bahrain,,bahrain,,,,,,,,,,,False,,,,,,,,6.9,74.0,69.0,True,,,,,,,,,,,False,bahrain,BHR,Bahrain,Kingdom of Bahrain,BH,Middle East & North Africa,High income: nonOECD,True
U2736,Arab Open University,Kuwait,,kuwait,,,,,,,,,,,False,,,,,,,,75.0,35.0,54.0,True,,,,,,,,,,,False,kuwait,KWT,Kuwait,State of Kuwait,KW,Middle East & North Africa,High income: nonOECD,True
U2737,Arkin University of Creative Arts and Design (ARUCAD),Northern Cyprus,,northern cyprus,,,,,,,,,,,False,,,,,,,,5.7,37.0,60.0,True,,,,,,,,,,,False,northern cyprus,,,,,,,False
U2738,Armenian State Pedagogical University,Armenia,,armenia,,,,,,,,,,,False,,,,,,,,9.2,2.0,77.0,True,,,,,,,,,,,False,armenia,ARM,Armenia,Republic of Armenia,AM,Europe & Central Asia,Lower middle income,True
U2739,Arts University Bournemouth,United Kingdom,,united kingdom,,,,,,,,,,,False,,,,,,,,14.2,21.0,69.0,True,,,,,,,,14.1,21.0,69.0,True,united kingdom,GBR,United Kingdom,United Kingdom of Great Britain and Northern Ireland,GB,Europe & Central Asia,High income: OECD,True
U2740,University of the Arts London,United Kingdom,,united kingdom,,,,,,,,,,,False,,,,,,,,11.9,59.0,76.0,True,,,,,,,,12.8,60.0,76.0,True,united kingdom,GBR,United Kingdom,United Kingdom of Great Britain and Northern Ireland,GB,Europe & Central Asia,High income: OECD,True
U2741,Arts University Plymouth,United Kingdom,,united kingdom,,,,,,,,,,,False,,,,,,,,11.6,8.0,73.0,True,,,,,,,,12.2,9.0,72.0,True,united kingdom,GBR,United Kingdom,United Kingdom of Great Britain and Northern Ireland,GB,Europe & Central Asia,High income: OECD,True
U2742,Arturo Prat University,Chile,,chile,,,,,,,,,,,False,,,,,,,,22.9,7.0,57.0,True,,,,,,,,,,,False,chile,CHL,Chile,Republic of Chile,CL,Latin America & Caribbean,High income: OECD,True
U2743,Asahi University,Japan,,japan,,,,,,,,,,,False,,,,,,,,8.7,5.0,34.0,True,,,,,,,,8.7,5.0,33.0,True,japan,JPN,Japan,Japan,JP,East Asia & Pacific,High income: OECD,True
U2744,Asfendiyarov Kazakh National Medical University,Kazakhstan,,kazakhstan,,,,,,,,,,,False,,,,,,,,8.2,22.0,80.0,True,,,,,,,,,,,False,kazakhstan,KAZ,Kazakhstan,Republic of Kazakhstan,KZ,Europe & Central Asia,Upper middle income,True
U2745,Ashikaga University,Japan,,japan,,,,,,,,,,,False,,,,,,,,21.2,17.0,25.0,True,,,,,,,,19.9,15.0,25.0,True,japan,JPN,Japan,Japan,JP,East Asia & Pacific,High income: OECD,True
U2746,Ashur University,Iraq,,iraq,,,,,,,,,,,False,,,,,,,,11.1,0.0,54.0,True,,,,,,,,,,,False,iraq,IRQ,Iraq,Republic of Iraq,IQ,Middle East & North Africa,Upper middle income,True
U2747,Atyrau University,Kazakhstan,,kazakhstan,,,,,,,,,,,False,,,,,,,,18.0,2.0,96.0,True,,,,,,,,,,,False,kazakhstan,KAZ,Kazakhstan,Republic of Kazakhstan,KZ,Europe & Central Asia,Upper middle income,True
U2748,Audencia,France,,france,,,,,,,,,,,False,,,,,,,,50.6,37.0,51.0,True,,,,,,,,38.7,31.0,52.0,True,france,FRA,France,French Republic,FR,Europe & Central Asia,High income: OECD,True
U2749,Austral University,Argentina,,argentina,,,,,,,,,,,False,,,,,,,,8.5,8.0,52.0,True,,,,,,,,,,,False,argentina,ARG,Argentina,Argentine Republic,AR,Latin America & Caribbean,Upper middle income,True
U2750,Autonomous University of Chiapas,Mexico,,mexico,,,,,,,,,,,False,,,,,,,,45.7,0.0,49.0,True,,,,,,,,,,,False,mexico,MEX,Mexico,United Mexican States,MX,Latin America & Caribbean,Upper middle income,True
U2751,Azerbaijan University of Architecture and Construction,Azerbaijan,,azerbaijan,,,,,,,,,,,False,,,,,,,,15.2,4.0,36.0,True,,,,,,,,18.9,3.0,22.0,True,azerbaijan,AZE,Azerbaijan,Republic of Azerbaijan,AZ,Europe & Central Asia,Upper middle income,True
U2752,Babcock University,Nigeria,,nigeria,,,,,,,,,,,False,,,,,,,,19.8,1.0,50.0,True,,,,,,,,18.8,0.0,53.0,True,nigeria,NGA,Nigeria,Federal Republic of Nigeria,NG,Sub-Saharan Africa,Lower middle income,True
U2753,"Bacha Khan University, Charsadda",Pakistan,,pakistan,,,,,,,,,,,False,,,,,,,,20.5,0.0,21.0,True,,,,,,,,,,,False,pakistan,PAK,Pakistan,Islamic Republic of Pakistan,PK,South Asia,Lower middle income,True
U2754,Badr University in Cairo (BUC),Egypt,,egypt,,,,,,,,,,,False,,,,,,,,17.8,2.0,56.0,True,,,,,,,,20.7,2.0,55.0,True,egypt,EGY,Egypt,Arab Republic of Egypt,EG,Middle East & North Africa,Lower middle income,True
U2755,Bakrie University,Indonesia,,indonesia,,,,,,,,,,,False,,,,,,,,36.8,0.0,53.0,True,,,,,,,,33.9,0.0,57.0,True,indonesia,IDN,Indonesia,Republic of Indonesia,ID,East Asia & Pacific,Lower middle income,True
U2756,University of Balochistan,Pakistan,,pakistan,,,,,,,,,,,False,,,,,,,,48.1,0.0,35.0,True,,,,,,,,,,,False,pakistan,PAK,Pakistan,Islamic Republic of Pakistan,PK,South Asia,Lower middle income,True
U2757,"Balochistan University of Information Technology, Engineering and Management Sciences (BUITEMS)",Pakistan,,pakistan,,,,,,,,,,,False,,,,,,,,19.1,0.0,17.0,True,,,,,,,,,,,False,pakistan,PAK,Pakistan,Islamic Republic of Pakistan,PK,South Asia,Lower middle income,True
U2758,"University of Baltistan, Skardu",Pakistan,,pakistan,,,,,,,,,,,False,,,,,,,,29.5,0.0,45.0,True,,,,,,,,,,,False,pakistan,PAK,Pakistan,Islamic Republic of Pakistan,PK,South Asia,Lower middle income,True
U2759,Bandirma Onyedi Eylül University,Turkey,,turkey,,,,,,,,,,,False,,,,,,,,31.8,7.0,53.0,True,,,,,,,,47.0,7.0,45.0,True,turkey,TUR,Turkey,Republic of Turkey,TR,Europe & Central Asia,Upper middle income,True
U2760,Bangabandhu Sheikh Mujibur Rahman Agricultural University,Bangladesh,,bangladesh,,,,,,,,,,,False,,,,,,,,8.0,3.0,55.0,True,,,,,,,,8.4,3.0,53.0,True,bangladesh,BGD,Bangladesh,People's Republic of Bangladesh,BD,South Asia,Low income,True
U2761,Barawa International University,Somalia,,somalia,,,,,,,,,,,False,,,,,,,,35.3,3.0,33.0,True,,,,,,,,35.3,3.0,33.0,True,somalia,SOM,Somalia,Somali Democratic Republic,SO,Sub-Saharan Africa,Low income,True
U2762,Bashkir State Medical University,Russian Federation,,russia,,,,,,,,,,,False,,,,,,,,10.2,28.0,60.0,True,,,,,,,,,,,False,russia,RUS,Russia,Russian Federation,RU,Europe & Central Asia,High income: nonOECD,True
U2763,Bath Spa University,United Kingdom,,united kingdom,,,,,,,,,,,False,,,,,,,,16.4,14.0,69.0,True,,,,,,,,17.7,11.0,68.0,True,united kingdom,GBR,United Kingdom,United Kingdom of Great Britain and Northern Ireland,GB,Europe & Central Asia,High income: OECD,True
U2764,University of Batna 1,Algeria,,algeria,,,,,,,,,,,False,,,,,,,,27.8,0.0,73.0,True,,,,,,,,28.1,0.0,64.0,True,algeria,DZA,Algeria,People's Democratic Republic of Algeria,DZ,Middle East & North Africa,Upper middle income,True
U2765,Bayburt University,Turkey,,turkey,,,,,,,,,,,False,,,,,,,,30.8,1.0,44.0,True,,,,,,,,,,,False,turkey,TUR,Turkey,Republic of Turkey,TR,Europe & Central Asia,Upper middle income,True
U2766,Baze University,Nigeria,,nigeria,,,,,,,,,,,False,,,,,,,,11.3,0.0,50.0,True,,,,,,,,5.2,0.0,50.0,True,nigeria,NGA,Nigeria,Federal Republic of Nigeria,NG,Sub-Saharan Africa,Lower middle income,True
U2767,Belarusian State Medical University,Belarus,,belarus,,,,,,,,,,,False,,,,,,,,6.3,28.0,67.0,True,,,,,,,,,,,False,belarus,BLR,Belarus,Republic of Belarus,BY,Europe & Central Asia,Upper middle income,True
U2768,Bells University of Technology,Nigeria,,nigeria,,,,,,,,,,,False,,,,,,,,9.7,0.0,24.0,True,,,,,,,,7.5,0.0,27.0,True,nigeria,NGA,Nigeria,Federal Republic of Nigeria,NG,Sub-Saharan Africa,Lower middle income,True
U2769,University of Benghazi,Libya,,libya,,,,,,,,,,,False,,,,,,,,16.5,2.0,58.0,True,,,,,,,,16.3,2.0,58.0,True,libya,LBY,Libya,Socialist People's Libyan Arab Jamahiriya,LY,Middle East & North Africa,Upper middle income,True
U2770,Benson Idahosa University,Nigeria,,nigeria,,,,,,,,,,,False,,,,,,,,16.4,0.0,45.0,True,,,,,,,,16.6,0.0,50.0,True,nigeria,NGA,Nigeria,Federal Republic of Nigeria,NG,Sub-Saharan Africa,Lower middle income,True
U2771,Beykent University,Turkey,,turkey,,,,,,,,,,,False,,,,,,,,25.4,5.0,49.0,True,,,,,,,,25.4,4.0,47.0,True,turkey,TUR,Turkey,Republic of Turkey,TR,Europe & Central Asia,Upper middle income,True
U2772,Bilad Alrafidain University College,Iraq,,iraq,,,,,,,,,,,False,,,,,,,,31.8,0.0,57.0,True,,,,,,,,,,,False,iraq,IRQ,Iraq,Republic of Iraq,IQ,Middle East & North Africa,Upper middle income,True
U2773,Birmingham Newman University,United Kingdom,,united kingdom,,,,,,,,,,,False,,,,,,,,19.8,10.0,77.0,True,,,,,,,,,,,False,united kingdom,GBR,United Kingdom,United Kingdom of Great Britain and Northern Ireland,GB,Europe & Central Asia,High income: OECD,True
U2774,Biruni University,Turkey,,turkey,,,,,,,,,,,False,,,,,,,,20.5,13.0,70.0,True,,,,,,,,16.9,7.0,72.0,True,turkey,TUR,Turkey,Republic of Turkey,TR,Europe & Central Asia,Upper middle income,True
U2775,University of Bisha,Saudi Arabia,,saudi arabia,,,,,,,,,,,False,,,,,,,,12.0,1.0,59.0,True,,,,,,,,11.8,1.0,66.0,True,saudi arabia,SAU,Saudi Arabia,Kingdom of Saudi Arabia,SA,Middle East & North Africa,High income: nonOECD,True
U2776,Bishop Grosseteste University,United Kingdom,,united kingdom,,,,,,,,,,,False,,,,,,,,21.2,4.0,78.0,True,,,,,,,,21.2,4.0,79.0,True,united kingdom,GBR,United Kingdom,United Kingdom of Great Britain and Northern Ireland,GB,Europe & Central Asia,High income: OECD,True
U2777,University of Bogotá Jorge Tadeo Lozano,Colombia,,colombia,,,,,,,,,,,False,,,,,,,,17.6,1.0,56.0,True,,,,,,,,18.6,1.0,55.0,True,colombia,COL,Colombia,Republic of Colombia,CO,Latin America & Caribbean,Upper middle income,True
U2778,Bohdan Khmelnytsky National University of Cherkasy,Ukraine,,ukraine,,,,,,,,,,,False,,,,,,,,10.4,1.0,61.0,True,,,,,,,,,,,False,ukraine,UKR,Ukraine,Ukraine,UA,Europe & Central Asia,Lower middle income,True
U2779,University of Bolton,United Kingdom,,united kingdom,,,,,,,,,,,False,,,,,,,,16.8,38.0,60.0,True,,,,,,,,14.6,33.0,61.0,True,united kingdom,GBR,United Kingdom,United Kingdom of Great Britain and Northern Ireland,GB,Europe & Central Asia,High income: OECD,True
U2780,The British University in Dubai,United Arab Emirates,,united arab emirates,,,,,,,,,,,False,,,,,,,,11.7,60.0,46.0,True,,,,,,,,,,,False,united arab emirates,ARE,United Arab Emirates,United Arab Emirates,AE,Middle East & North Africa,High income: nonOECD,True
U2781,Buckinghamshire New University,United Kingdom,,united kingdom,,,,,,,,,,,False,,,,,,,,15.3,30.0,59.0,True,,,,,,,,17.3,32.0,60.0,True,united kingdom,GBR,United Kingdom,United Kingdom of Great Britain and Northern Ireland,GB,Europe & Central Asia,High income: OECD,True
U2782,Bukhara Engineering Technological Institute,Uzbekistan,,uzbekistan,,,,,,,,,,,False,,,,,,,,24.3,0.0,24.0,True,,,,,,,,,,,False,uzbekistan,UZB,Uzbekistan,Republic of Uzbekistan,UZ,Europe & Central Asia,Lower middle income,True
U2783,Bukhara State University,Uzbekistan,,uzbekistan,,,,,,,,,,,False,,,,,,,,20.7,2.0,57.0,True,,,,,,,,,,,False,uzbekistan,UZB,Uzbekistan,Republic of Uzbekistan,UZ,Europe & Central Asia,Lower middle income,True
U2784,Bukhara State Medical Institute,Uzbekistan,,uzbekistan,,,,,,,,,,,False,,,,,,,,6.8,9.0,43.0,True,,,,,,,,,,,False,uzbekistan,UZB,Uzbekistan,Republic of Uzbekistan,UZ,Europe & Central Asia,Lower middle income,True
U2785,Bukkyo University,Japan,,japan,,,,,,,,,,,False,,,,,,,,26.6,1.0,48.0,True,,,,,,,,,,,False,japan,JPN,Japan,Japan,JP,East Asia & Pacific,High income: OECD,True
U2786,Buriram Rajabhat University,Thailand,,thailand,,,,,,,,,,,False,,,,,,,,29.4,1.0,54.0,True,,,,,,,,26.2,0.0,53.0,True,thailand,THA,Thailand,Kingdom of Thailand,TH,East Asia & Pacific,Upper middle income,True
U2787,Çağ University,Turkey,,turkey,,,,,,,,,,,False,,,,,,,,18.8,0.0,34.0,True,,,,,,,,,,,False,turkey,TUR,Turkey,Republic of Turkey,TR,Europe & Central Asia,Upper middle income,True
U2788,Universidad Camilo José Cela,Spain,,spain,,,,,,,,,,,False,,,,,,,,21.9,6.0,74.0,True,,,,,,,,,,,False,spain,ESP,Spain,Kingdom of Spain,ES,Europe & Central Asia,High income: OECD,True
U2789,Canadian International College (CIC) – Cairo,Egypt,,egypt,,,,,,,,,,,False,,,,,,,,42.9,1.0,22.0,True,,,,,,,,39.4,2.0,32.0,True,egypt,EGY,Egypt,Arab Republic of Egypt,EG,Middle East & North Africa,Lower middle income,True
U2790,Catholic University of Ávila,Spain,,spain,,,,,,,,,,,False,,,,,,,,7.7,3.0,63.0,True,,,,,,,,,,,False,spain,ESP,Spain,Kingdom of Spain,ES,Europe & Central Asia,High income: OECD,True
U2791,Catholic University in Erbil,Iraq,,iraq,,,,,,,,,,,False,,,,,,,,4.8,4.0,55.0,True,,,,,,,,3.6,0.0,58.0,True,iraq,IRQ,Iraq,Republic of Iraq,IQ,Middle East & North Africa,Upper middle income,True
U2792,Universidad Católica de Cuenca,Ecuador,,ecuador,,,,,,,,,,,False,,,,,,,,10.6,3.0,73.0,True,,,,,,,,20.6,2.0,57.0,True,ecuador,ECU,Ecuador,Republic of Ecuador,EC,Latin America & Caribbean,Upper middle income,True
U2793,Universidad Católica San Pablo,Peru,,peru,,,,,,,,,,,False,,,,,,,,33.0,1.0,53.0,True,,,,,,,,32.5,0.0,53.0,True,peru,PER,Peru,Republic of Peru,PE,Latin America & Caribbean,Upper middle income,True
U2794,Caucasus International University,Georgia,,georgia,,,,,,,,,,,False,,,,,,,,12.0,44.0,54.0,True,,,,,,,,,,,False,georgia,GEO,Georgia,Georgia,GE,Europe & Central Asia,Lower middle income,True
U2795,CBS International Business School,Germany,,germany,,,,,,,,,,,False,,,,,,,,37.2,33.0,49.0,True,,,,,,,,,,,False,germany,DEU,Germany,Federal Republic of Germany,DE,Europe & Central Asia,High income: OECD,True
U2796,Cebu Technological University,Philippines,,philippines,,,,,,,,,,,False,,,,,,,,39.6,0.0,59.0,True,,,,,,,,33.3,0.0,50.0,True,philippines,PHL,Philippines,Republic of the Philippines,PH,East Asia & Pacific,Lower middle income,True
U2797,CECOS University of IT and Emerging Sciences,Pakistan,,pakistan,,,,,,,,,,,False,,,,,,,,16.0,0.0,8.0,True,,,,,,,,13.0,0.0,11.0,True,pakistan,PAK,Pakistan,Islamic Republic of Pakistan,PK,South Asia,Lower middle income,True
U2798,University of Celaya,Mexico,,mexico,,,,,,,,,,,False,,,,,,,,11.0,5.0,51.0,True,,,,,,,,14.0,2.0,50.0,True,mexico,MEX,Mexico,United Mexican States,MX,Latin America & Caribbean,Upper middle income,True
U2799,University Center Ali Kafi Tindouf,Algeria,,algeria,,,,,,,,,,,False,,,,,,,,16.6,4.0,54.0,True,,,,,,,,,,,False,algeria,DZA,Algeria,People's Democratic Republic of Algeria,DZ,Middle East & North Africa,Upper middle income,True
U2800,University Center of Illizi,Algeria,,algeria,,,,,,,,,,,False,,,,,,,,44.6,0.0,40.0,True,,,,,,,,,,,False,algeria,DZA,Algeria,People's Democratic Republic of Algeria,DZ,Middle East & North Africa,Upper middle income,True
U2801,University Center Morsli Abdellah of Tipaza,Algeria,,algeria,,,,,,,,,,,False,,,,,,,,36.3,0.0,62.0,True,,,,,,,,,,,False,algeria,DZA,Algeria,People's Democratic Republic of Algeria,DZ,Middle East & North Africa,Upper middle income,True
U2802,University Center of Barika,Algeria,,algeria,,,,,,,,,,,False,,,,,,,,25.9,0.0,55.0,True,,,,,,,,,,,False,algeria,DZA,Algeria,People's Democratic Republic of Algeria,DZ,Middle East & North Africa,Upper middle income,True
U2803,Central European University,Austria,,austria,,,,,,,,,,,False,,,,,,,,7.4,97.0,54.0,True,,,,,,,,7.6,83.0,55.0,True,austria,AUT,Austria,Republic of Austria,AT,Europe & Central Asia,High income: OECD,True
U2804,Central Luzon State University,Philippines,,philippines,,,,,,,,,,,False,,,,,,,,22.3,0.0,62.0,True,,,,,,,,,,,False,philippines,PHL,Philippines,Republic of the Philippines,PH,East Asia & Pacific,Lower middle income,True
U2805,University of Central Punjab,Pakistan,,pakistan,,,,,,,,,,,False,,,,,,,,25.6,0.0,37.0,True,,,,,,,,32.8,0.0,36.0,True,pakistan,PAK,Pakistan,Islamic Republic of Pakistan,PK,South Asia,Lower middle income,True
U2806,Centro de Estudios para la Calidad Educativa y la Investigación Científica (CECEIC),Mexico,,mexico,,,,,,,,,,,False,,,,,,,,6.2,15.0,62.0,True,,,,,,,,,,,False,mexico,MEX,Mexico,United Mexican States,MX,Latin America & Caribbean,Upper middle income,True
U2807,Centro Universitário Cesuca,Brazil,,brazil,,,,,,,,,,,False,,,,,,,,25.5,0.0,64.0,True,,,,,,,,,,,False,brazil,BRA,Brazil,Federative Republic of Brazil,BR,Latin America & Caribbean,Upper middle income,True
U2808,Centurion University of Technology and Management,India,,india,,,,,,,,,,,False,,,,,,,,16.4,4.0,28.0,True,,,,,,,,,,,False,india,IND,India,Republic of India,IN,South Asia,Lower middle income,True
U2809,Universidad César Vallejo,Peru,,peru,,,,,,,,,,,False,,,,,,,,70.6,2.0,55.0,True,,,,,,,,,,,False,peru,PER,Peru,Republic of Peru,PE,Latin America & Caribbean,Upper middle income,True
U2810,CETYS Universidad,Mexico,,mexico,,,,,,,,,,,False,,,,,,,,10.2,15.0,45.0,True,,,,,,,,9.6,13.0,52.0,True,mexico,MEX,Mexico,United Mexican States,MX,Latin America & Caribbean,Upper middle income,True
U2811,Charisma University,Turks and Caicos Islands,,turks and caicos islands,,,,,,,,,,,False,,,,,,,,4.2,86.0,52.0,True,,,,,,,,,,,False,turks and caicos islands,TCA,Turks and Caicos Islands,Turks and Caicos Islands,TC,Latin America & Caribbean,High income: nonOECD,True
U2812,Chernihiv Polytechnic National University,Ukraine,,ukraine,,,,,,,,,,,False,,,,,,,,20.3,0.0,42.0,True,,,,,,,,20.5,0.0,42.0,True,ukraine,UKR,Ukraine,Ukraine,UA,Europe & Central Asia,Lower middle income,True
U2813,Chettinad Academy of Research and Education,India,,india,,,,,,,,,,,False,,,,,,,,8.9,2.0,60.0,True,,,,,,,,,,,False,india,IND,India,Republic of India,IN,South Asia,Lower middle income,True
U2814,University of Chichester,United Kingdom,,united kingdom,,,,,,,,,,,False,,,,,,,,15.0,8.0,64.0,True,,,,,,,,14.7,7.0,62.0,True,united kingdom,GBR,United Kingdom,United Kingdom of Great Britain and Northern Ireland,GB,Europe & Central Asia,High income: OECD,True
U2815,Chinhoyi University of Technology,Zimbabwe,,zimbabwe,,,,,,,,,,,False,,,,,,,,46.5,0.0,50.0,True,,,,,,,,,,,False,zimbabwe,ZWE,Zimbabwe,Republic of Zimbabwe,ZW,Sub-Saharan Africa,Low income,True
U2816,Universidad Científica del Sur,Peru,,peru,,,,,,,,,,,False,,,,,,,,10.8,1.0,67.0,True,,,,,,,,,,,False,peru,PER,Peru,Republic of Peru,PE,Latin America & Caribbean,Upper middle income,True
U2817,Cihan University – Erbil,Iraq,,iraq,,,,,,,,,,,False,,,,,,,,23.5,2.0,43.0,True,,,,,,,,23.3,1.0,43.0,True,iraq,IRQ,Iraq,Republic of Iraq,IQ,Middle East & North Africa,Upper middle income,True
U2818,Cihan University Sulaimaniya,Iraq,,iraq,,,,,,,,,,,False,,,,,,,,10.5,7.0,54.0,True,,,,,,,,,,,False,iraq,IRQ,Iraq,Republic of Iraq,IQ,Middle East & North Africa,Upper middle income,True
U2819,"City University of Science and Information Technology, Peshawar",Pakistan,,pakistan,,,,,,,,,,,False,,,,,,,,21.7,2.0,18.0,True,,,,,,,,21.3,2.0,15.0,True,pakistan,PAK,Pakistan,Islamic Republic of Pakistan,PK,South Asia,Lower middle income,True
U2820,Civil Aviation Academy,Kazakhstan,,kazakhstan,,,,,,,,,,,False,,,,,,,,17.5,2.0,24.0,True,,,,,,,,,,,False,kazakhstan,KAZ,Kazakhstan,Republic of Kazakhstan,KZ,Europe & Central Asia,Upper middle income,True
U2821,University of Civil Protection,Belarus,,belarus,,,,,,,,,,,False,,,,,,,,3.9,12.0,10.0,True,,,,,,,,,,,False,belarus,BLR,Belarus,Republic of Belarus,BY,Europe & Central Asia,Upper middle income,True
U2822,Conservatoire for Dance and Drama,United Kingdom,,united kingdom,,,,,,,,,,,False,,,,,,,,11.8,36.0,70.0,True,,,,,,,,10.4,35.0,70.0,True,united kingdom,GBR,United Kingdom,United Kingdom of Great Britain and Northern Ireland,GB,Europe & Central Asia,High income: OECD,True
U2823,University of Constantine 3,Algeria,,algeria,,,,,,,,,,,False,,,,,,,,16.9,2.0,73.0,True,,,,,,,,16.2,2.0,73.0,True,algeria,DZA,Algeria,People's Democratic Republic of Algeria,DZ,Middle East & North Africa,Upper middle income,True
U2824,Courtauld Institute of Art,United Kingdom,,united kingdom,,,,,,,,,,,False,,,,,,,,15.0,45.0,79.0,True,,,,,,,,12.8,51.0,82.0,True,united kingdom,GBR,United Kingdom,United Kingdom of Great Britain and Northern Ireland,GB,Europe & Central Asia,High income: OECD,True
U2825,Cranfield University,United Kingdom,,united kingdom,,,,,,,,,,,False,,,,,,,,7.7,63.0,30.0,True,,,,,,,,7.8,68.0,30.0,True,united kingdom,GBR,United Kingdom,United Kingdom of Great Britain and Northern Ireland,GB,Europe & Central Asia,High income: OECD,True
U2826,University for the Creative Arts,United Kingdom,,united kingdom,,,,,,,,,,,False,,,,,,,,18.1,40.0,65.0,True,,,,,,,,18.8,35.0,67.0,True,united kingdom,GBR,United Kingdom,United Kingdom of Great Britain and Northern Ireland,GB,Europe & Central Asia,High income: OECD,True
U2827,University of Cumbria,United Kingdom,,united kingdom,,,,,,,,,,,False,,,,,,,,17.7,11.0,70.0,True,,,,,,,,15.7,10.0,70.0,True,united kingdom,GBR,United Kingdom,United Kingdom of Great Britain and Northern Ireland,GB,Europe & Central Asia,High income: OECD,True
U2828,University of Cyberjaya,Malaysia,,malaysia,,,,,,,,,,,False,,,,,,,,17.3,22.0,72.0,True,,,,,,,,,,,False,malaysia,MYS,Malaysia,Malaysia,MY,East Asia & Pacific,Upper middle income,True
U2829,Cyprus Health and Social Sciences University,Northern Cyprus,,northern cyprus,,,,,,,,,,,False,,,,,,,,19.5,73.0,44.0,True,,,,,,,,35.1,75.0,45.0,True,northern cyprus,,,,,,,False
U2830,Daffodil International University (DIU),Bangladesh,,bangladesh,,,,,,,,,,,False,,,,,,,,22.0,5.0,37.0,True,,,,,,,,21.1,3.0,34.0,True,bangladesh,BGD,Bangladesh,People's Republic of Bangladesh,BD,South Asia,Low income,True
U2831,Daneshpajoohan Pishro Higher Education Institute,Iran,,iran,,,,,,,,,,,False,,,,,,,,43.7,0.0,72.0,True,,,,,,,,,,,False,iran,IRN,Iran,Islamic Republic of Iran,IR,Middle East & North Africa,Upper middle income,True
U2832,Dawood University of Engineering and Technology,Pakistan,,pakistan,,,,,,,,,,,False,,,,,,,,11.5,0.0,18.0,True,,,,,,,,,,,False,pakistan,PAK,Pakistan,Islamic Republic of Pakistan,PK,South Asia,Lower middle income,True
U2833,Debre Tabor University,Ethiopia,,ethiopia,,,,,,,,,,,False,,,,,,,,13.8,0.0,37.0,True,,,,,,,,7.4,0.0,41.0,True,ethiopia,ETH,Ethiopia,Federal Democratic Republic of Ethiopia,ET,Sub-Saharan Africa,Low income,True
U2834,Delta University for Science and Technology,Egypt,,egypt,,,,,,,,,,,False,,,,,,,,16.6,0.0,48.0,True,,,,,,,,16.9,0.0,48.0,True,egypt,EGY,Egypt,Arab Republic of Egypt,EG,Middle East & North Africa,Lower middle income,True
U2835,"Delta State University, Abraka",Nigeria,,nigeria,,,,,,,,,,,False,,,,,,,,34.7,0.0,57.0,True,,,,,,,,,,,False,nigeria,NGA,Nigeria,Federal Republic of Nigeria,NG,Sub-Saharan Africa,Lower middle income,True
U2836,Denau Institute of Entrepreneurship and Pedagogy,Uzbekistan,,uzbekistan,,,,,,,,,,,False,,,,,,,,21.5,0.0,65.0,True,,,,,,,,21.9,0.0,63.0,True,uzbekistan,UZB,Uzbekistan,Republic of Uzbekistan,UZ,Europe & Central Asia,Lower middle income,True
U2837,Dhaka International University,Bangladesh,,bangladesh,,,,,,,,,,,False,,,,,,,,27.8,8.0,18.0,True,,,,,,,,29.9,8.0,17.0,True,bangladesh,BGD,Bangladesh,People's Republic of Bangladesh,BD,South Asia,Low income,True
U2838,DHA Suffa University,Pakistan,,pakistan,,,,,,,,,,,False,,,,,,,,21.4,0.0,24.0,True,,,,,,,,14.5,0.0,15.0,True,pakistan,PAK,Pakistan,Islamic Republic of Pakistan,PK,South Asia,Lower middle income,True
U2839,Dhofar University,Oman,,oman,,,,,,,,,,,False,,,,,,,,17.4,7.0,55.0,True,,,,,,,,17.8,6.0,56.0,True,oman,OMN,Oman,Sultanate of Oman,OM,Middle East & North Africa,High income: nonOECD,True
U2840,University of Djilali Bounaama Khemis Miliana,Algeria,,algeria,,,,,,,,,,,False,,,,,,,,27.6,0.0,63.0,True,,,,,,,,,,,False,algeria,DZA,Algeria,People's Democratic Republic of Algeria,DZ,Middle East & North Africa,Upper middle income,True
U2841,Don Bosco University,India,,india,,,,,,,,,,,False,,,,,,,,14.9,0.0,47.0,True,,,,,,,,,,,False,india,IND,India,Republic of India,IN,South Asia,Lower middle income,True
U2842,Donetsk National University of Economics and Trade named after Mykhailo Tuhan-Baranovsky (DonNUET),Ukraine,,ukraine,,,,,,,,,,,False,,,,,,,,12.4,1.0,62.0,True,,,,,,,,18.4,2.0,60.0,True,ukraine,UKR,Ukraine,Ukraine,UA,Europe & Central Asia,Lower middle income,True
U2843,Dovletmammet Azadi Turkmen National Institute of World Languages,Turkmenistan,,turkmenistan,,,,,,,,,,,False,,,,,,,,13.3,0.0,78.0,True,,,,,,,,,,,False,turkmenistan,TKM,Turkmenistan,Turkmenistan,TM,Europe & Central Asia,Upper middle income,True
U2844,"Dr D. Y. Patil Vidyapeeth, Pune",India,,india,,,,,,,,,,,False,,,,,,,,7.2,0.0,58.0,True,,,,,,,,,,,False,india,IND,India,Republic of India,IN,South Asia,Lower middle income,True
U2845,Dr. M.G.R. Educational and Research Institute,India,,india,,,,,,,,,,,False,,,,,,,,15.0,0.0,30.0,True,,,,,,,,13.3,0.0,32.0,True,india,IND,India,Republic of India,IN,South Asia,Lower middle income,True
U2846,D. Serikbayev East Kazakhstan Technical University,Kazakhstan,,kazakhstan,,,,,,,,,,,False,,,,,,,,14.4,3.0,29.0,True,,,,,,,,,,,False,kazakhstan,KAZ,Kazakhstan,Republic of Kazakhstan,KZ,Europe & Central Asia,Upper middle income,True
U2847,University of Duhok,Iraq,,iraq,,,,,,,,,,,False,,,,,,,,12.8,1.0,56.0,True,,,,,,,,13.5,0.0,52.0,True,iraq,IRQ,Iraq,Republic of Iraq,IQ,Middle East & North Africa,Upper middle income,True
U2848,Dulaty University,Kazakhstan,,kazakhstan,,,,,,,,,,,False,,,,,,,,11.6,15.0,54.0,True,,,,,,,,,,,False,kazakhstan,KAZ,Kazakhstan,Republic of Kazakhstan,KZ,Europe & Central Asia,Upper middle income,True
U2849,EAE Business School,Spain,,spain,,,,,,,,,,,False,,,,,,,,7.2,48.0,47.0,True,,,,,,,,,,,False,spain,ESP,Spain,Kingdom of Spain,ES,Europe & Central Asia,High income: OECD,True
U2850,EAN University,Colombia,,colombia,,,,,,,,,,,False,,,,,,,,22.0,1.0,55.0,True,,,,,,,,142.9,0.0,53.0,True,colombia,COL,Colombia,Republic of Colombia,CO,Latin America & Caribbean,Upper middle income,True
U2851,University of Eastern Philippines,Philippines,,philippines,,,,,,,,,,,False,,,,,,,,42.4,0.0,59.0,True,,,,,,,,,,,False,philippines,PHL,Philippines,Republic of the Philippines,PH,East Asia & Pacific,Lower middle income,True
U2852,École Nationale Polytechnique,Algeria,,algeria,,,,,,,,,,,False,,,,,,,,10.2,0.0,38.0,True,,,,,,,,8.7,0.0,46.0,True,algeria,DZA,Algeria,People's Democratic Republic of Algeria,DZ,Middle East & North Africa,Upper middle income,True
U2853,École Nationale Polytechnique d’Oran Maurice Audin,Algeria,,algeria,,,,,,,,,,,False,,,,,,,,12.8,0.0,32.0,True,,,,,,,,,,,False,algeria,DZA,Algeria,People's Democratic Republic of Algeria,DZ,Middle East & North Africa,Upper middle income,True
U2854,École Nationale Supérieure Agronomique,Algeria,,algeria,,,,,,,,,,,False,,,,,,,,7.6,0.0,76.0,True,,,,,,,,,,,False,algeria,DZA,Algeria,People's Democratic Republic of Algeria,DZ,Middle East & North Africa,Upper middle income,True
U2855,"École Nationale Supérieure Agronomique, Algiers",Algeria,,algeria,,,,,,,,,,,False,,,,,,,,11.7,0.0,74.0,True,,,,,,,,,,,False,algeria,DZA,Algeria,People's Democratic Republic of Algeria,DZ,Middle East & North Africa,Upper middle income,True
U2856,École Nationale Supérieure de Biotechnologie Taoufik Khaznadar (ENSB),Algeria,,algeria,,,,,,,,,,,False,,,,,,,,15.1,0.0,78.0,True,,,,,,,,,,,False,algeria,DZA,Algeria,People's Democratic Republic of Algeria,DZ,Middle East & North Africa,Upper middle income,True
U2857,École Nationale Supérieure d’Informatique (ESI),Algeria,,algeria,,,,,,,,,,,False,,,,,,,,9.8,0.0,50.0,True,,,,,,,,,,,False,algeria,DZA,Algeria,People's Democratic Republic of Algeria,DZ,Middle East & North Africa,Upper middle income,True
U2858,École Nationale Supérieure de Management Koléa,Algeria,,algeria,,,,,,,,,,,False,,,,,,,,16.4,0.0,67.0,True,,,,,,,,,,,False,algeria,DZA,Algeria,People's Democratic Republic of Algeria,DZ,Middle East & North Africa,Upper middle income,True
U2859,École Nationale Supérieure des Sciences de la Mer et de l’Aménagement du Littoral (ENSSMAL),Algeria,,algeria,,,,,,,,,,,False,,,,,,,,12.0,0.0,51.0,True,,,,,,,,,,,False,algeria,DZA,Algeria,People's Democratic Republic of Algeria,DZ,Middle East & North Africa,Upper middle income,True
U2860,École Nationale Supérieure Vétérinaire d’Alger,Algeria,,algeria,,,,,,,,,,,False,,,,,,,,8.5,0.0,55.0,True,,,,,,,,,,,False,algeria,DZA,Algeria,People's Democratic Republic of Algeria,DZ,Middle East & North Africa,Upper middle income,True
U2861,École National Polytechnique de Constantine,Algeria,,algeria,,,,,,,,,,,False,,,,,,,,13.4,0.0,41.0,True,,,,,,,,,,,False,algeria,DZA,Algeria,People's Democratic Republic of Algeria,DZ,Middle East & North Africa,Upper middle income,True
U2862,École Normale Supérieure de Béchar,Algeria,,algeria,,,,,,,,,,,False,,,,,,,,6.5,0.0,100.0,True,,,,,,,,,,,False,algeria,DZA,Algeria,People's Democratic Republic of Algeria,DZ,Middle East & North Africa,Upper middle income,True
U2863,École Normale Supérieure de Bouzaréah,Algeria,,algeria,,,,,,,,,,,False,,,,,,,,15.1,0.0,91.0,True,,,,,,,,,,,False,algeria,DZA,Algeria,People's Democratic Republic of Algeria,DZ,Middle East & North Africa,Upper middle income,True
U2864,École Normale Supérieure El Katiba Assia Djebar Constantine (ENSC),Algeria,,algeria,,,,,,,,,,,False,,,,,,,,14.3,0.0,93.0,True,,,,,,,,,,,False,algeria,DZA,Algeria,People's Democratic Republic of Algeria,DZ,Middle East & North Africa,Upper middle income,True
U2865,École Normale Supérieure de Kouba,Algeria,,algeria,,,,,,,,,,,False,,,,,,,,10.1,0.0,84.0,True,,,,,,,,,,,False,algeria,DZA,Algeria,People's Democratic Republic of Algeria,DZ,Middle East & North Africa,Upper middle income,True
U2866,École Normale Supérieure de Laghouat,Algeria,,algeria,,,,,,,,,,,False,,,,,,,,17.4,0.0,77.0,True,,,,,,,,,,,False,algeria,DZA,Algeria,People's Democratic Republic of Algeria,DZ,Middle East & North Africa,Upper middle income,True
U2867,École Normale Supérieure d’Oran,Algeria,,algeria,,,,,,,,,,,False,,,,,,,,10.6,5.0,92.0,True,,,,,,,,,,,False,algeria,DZA,Algeria,People's Democratic Republic of Algeria,DZ,Middle East & North Africa,Upper middle income,True
U2868,École Polytechnique d’Architecture et d’Urbanisme,Algeria,,algeria,,,,,,,,,,,False,,,,,,,,10.3,0.0,65.0,True,,,,,,,,10.1,0.0,69.0,True,algeria,DZA,Algeria,People's Democratic Republic of Algeria,DZ,Middle East & North Africa,Upper middle income,True
U2869,École Supérieure de Comptabilité et de Finances de Constantine,Algeria,,algeria,,,,,,,,,,,False,,,,,,,,15.1,0.0,81.0,True,,,,,,,,,,,False,algeria,DZA,Algeria,People's Democratic Republic of Algeria,DZ,Middle East & North Africa,Upper middle income,True
U2870,École Supérieure en Informatique 8 Mai 1945 de Sidi-Bel-Abbès,Algeria,,algeria,,,,,,,,,,,False,,,,,,,,17.6,0.0,34.0,True,,,,,,,,,,,False,algeria,DZA,Algeria,People's Democratic Republic of Algeria,DZ,Middle East & North Africa,Upper middle income,True
U2871,École Supérieure en Sciences Appliquées de Tlemcen,Algeria,,algeria,,,,,,,,,,,False,,,,,,,,8.8,0.0,45.0,True,,,,,,,,,,,False,algeria,DZA,Algeria,People's Democratic Republic of Algeria,DZ,Middle East & North Africa,Upper middle income,True
U2872,École Supérieure en Sciences Biologiques d’Oran (ESSBO),Algeria,,algeria,,,,,,,,,,,False,,,,,,,,14.1,0.0,83.0,True,,,,,,,,,,,False,algeria,DZA,Algeria,People's Democratic Republic of Algeria,DZ,Middle East & North Africa,Upper middle income,True
U2873,École Supérieure en Sciences et Technologies de l’Informatique et du Numérique (ESTIN),Algeria,,algeria,,,,,,,,,,,False,,,,,,,,17.3,0.0,53.0,True,,,,,,,,,,,False,algeria,DZA,Algeria,People's Democratic Republic of Algeria,DZ,Middle East & North Africa,Upper middle income,True
U2874,University of Economics – Varna,Bulgaria,,bulgaria,,,,,,,,,,,False,,,,,,,,36.4,4.0,60.0,True,,,,,,,,,,,False,bulgaria,BGR,Bulgaria,Republic of Bulgaria,BG,Europe & Central Asia,Upper middle income,True
U2875,Edo State University Uzairue,Nigeria,,nigeria,,,,,,,,,,,False,,,,,,,,15.4,0.0,51.0,True,,,,,,,,9.5,0.0,52.0,True,nigeria,NGA,Nigeria,Federal Republic of Nigeria,NG,Sub-Saharan Africa,Lower middle income,True
U2876,Edwin Clark University,Nigeria,,nigeria,,,,,,,,,,,False,,,,,,,,9.9,0.0,60.0,True,,,,,,,,,,,False,nigeria,NGA,Nigeria,Federal Republic of Nigeria,NG,Sub-Saharan Africa,Lower middle income,True
U2877,Egerton University,Kenya,,kenya,,,,,,,,,,,False,,,,,,,,55.1,1.0,36.0,True,,,,,,,,40.1,1.0,43.0,True,kenya,KEN,Kenya,Republic of Kenya,KE,Sub-Saharan Africa,Low income,True
U2878,Egyptian Russian University,Egypt,,egypt,,,,,,,,,,,False,,,,,,,,13.0,2.0,40.0,True,,,,,,,,13.6,2.0,39.0,True,egypt,EGY,Egypt,Arab Republic of Egypt,EG,Middle East & North Africa,Lower middle income,True
U2879,Elizade University,Nigeria,,nigeria,,,,,,,,,,,False,,,,,,,,9.6,0.0,45.0,True,,,,,,,,,,,False,nigeria,NGA,Nigeria,Federal Republic of Nigeria,NG,Sub-Saharan Africa,Lower middle income,True
U2880,University of El Oued,Algeria,,algeria,,,,,,,,,,,False,,,,,,,,33.3,0.0,57.0,True,,,,,,,,33.1,0.0,59.0,True,algeria,DZA,Algeria,People's Democratic Republic of Algeria,DZ,Middle East & North Africa,Upper middle income,True
U2881,Emir Abdelkader University of Islamic Sciences,Algeria,,algeria,,,,,,,,,,,False,,,,,,,,19.6,0.0,73.0,True,,,,,,,,,,,False,algeria,DZA,Algeria,People's Democratic Republic of Algeria,DZ,Middle East & North Africa,Upper middle income,True
U2882,"Institute of Engineering, Technical and Transport Communications of Turkmenistan",Turkmenistan,,turkmenistan,,,,,,,,,,,False,,,,,,,,14.2,1.0,38.0,True,,,,,,,,,,,False,turkmenistan,TKM,Turkmenistan,Turkmenistan,TM,Europe & Central Asia,Upper middle income,True
U2883,Escola Superior de Enfermagem do Porto (ESEP),Portugal,,portugal,,,,,,,,,,,False,,,,,,,,9.4,0.0,85.0,True,,,,,,,,,,,False,portugal,PRT,Portugal,Portuguese Republic,PT,Europe & Central Asia,High income: OECD,True
U2884,Escuela Superior Politécnica de Chimborazo,Ecuador,,ecuador,,,,,,,,,,,False,,,,,,,,21.4,0.0,50.0,True,,,,,,,,,,,False,ecuador,ECU,Ecuador,Republic of Ecuador,EC,Latin America & Caribbean,Upper middle income,True
U2885,ESIC University,Spain,,spain,,,,,,,,,,,False,,,,,,,,19.6,10.0,45.0,True,,,,,,,,,,,False,spain,ESP,Spain,Kingdom of Spain,ES,Europe & Central Asia,High income: OECD,True
U2886,Eskişehir Technical University,Turkey,,turkey,,,,,,,,,,,False,,,,,,,,21.6,2.0,41.0,True,,,,,,,,,,,False,turkey,TUR,Turkey,Republic of Turkey,TR,Europe & Central Asia,Upper middle income,True
U2887,Universidade Estadual do Maranhão,Brazil,,brazil,,,,,,,,,,,False,,,,,,,,16.0,0.0,61.0,True,,,,,,,,,,,False,brazil,BRA,Brazil,Federative Republic of Brazil,BR,Latin America & Caribbean,Upper middle income,True
U2888,Universidade Estadual do Norte do Paraná (UENP),Brazil,,brazil,,,,,,,,,,,False,,,,,,,,7.5,0.0,59.0,True,,,,,,,,,,,False,brazil,BRA,Brazil,Federative Republic of Brazil,BR,Latin America & Caribbean,Upper middle income,True
U2889,European University,Georgia,,georgia,,,,,,,,,,,False,,,,,,,,1.6,73.0,40.0,True,,,,,,,,,,,False,georgia,GEO,Georgia,Georgia,GE,Europe & Central Asia,Lower middle income,True
U2890,European University of Armenia,Armenia,,armenia,,,,,,,,,,,False,,,,,,,,8.4,7.0,46.0,True,,,,,,,,,,,False,armenia,ARM,Armenia,Republic of Armenia,AM,Europe & Central Asia,Lower middle income,True
U2891,European University Cyprus,Cyprus,,cyprus,,,,,,,,,,,False,,,,,,,,19.5,54.0,58.0,True,,,,,,,,19.4,49.0,58.0,True,cyprus,CYP,Cyprus,Republic of Cyprus,CY,Europe & Central Asia,High income: nonOECD,True
U2892,European University of Tunis,Tunisia,,tunisia,,,,,,,,,,,False,,,,,,,,3.9,15.0,48.0,True,,,,,,,,,,,False,tunisia,TUN,Tunisia,Republic of Tunisia,TN,Middle East & North Africa,Upper middle income,True
U2893,"Evangel University, Akaeze",Nigeria,,nigeria,,,,,,,,,,,False,,,,,,,,7.7,0.0,57.0,True,,,,,,,,5.7,0.0,47.0,True,nigeria,NGA,Nigeria,Federal Republic of Nigeria,NG,Sub-Saharan Africa,Lower middle income,True
U2894,Falmouth University,United Kingdom,,united kingdom,,,,,,,,,,,False,,,,,,,,16.6,13.0,56.0,True,,,,,,,,17.8,14.0,57.0,True,united kingdom,GBR,United Kingdom,United Kingdom of Great Britain and Northern Ireland,GB,Europe & Central Asia,High income: OECD,True
U2895,Federal University of Kashere,Nigeria,,nigeria,,,,,,,,,,,False,,,,,,,,21.5,0.0,29.0,True,,,,,,,,21.4,0.0,30.0,True,nigeria,NGA,Nigeria,Federal Republic of Nigeria,NG,Sub-Saharan Africa,Lower middle income,True
U2896,Federal University of Latin American Integration (UNILA),Brazil,,brazil,,,,,,,,,,,False,,,,,,,,16.1,32.0,51.0,True,,,,,,,,11.8,31.0,50.0,True,brazil,BRA,Brazil,Federative Republic of Brazil,BR,Latin America & Caribbean,Upper middle income,True
U2897,Federal University of Paraí­ba (UFPB),Brazil,,brazil,,,,,,,,,,,False,,,,,,,,13.9,0.0,0.0,True,1501.0,14.35,18.4,8.1,13.0,36.9,21.7,14.3,0.0,51.0,True,brazil,BRA,Brazil,Federative Republic of Brazil,BR,Latin America & Caribbean,Upper middle income,True
U2898,"Federal University of Petroleum Resources, Effurun",Nigeria,,nigeria,,,,,,,,,,,False,,,,,,,,40.0,0.0,17.0,True,,,,,,,,39.7,0.0,17.0,True,nigeria,NGA,Nigeria,Federal Republic of Nigeria,NG,Sub-Saharan Africa,Lower middle income,True
U2899,"Federal University of Technology, Minna",Nigeria,,nigeria,,,,,,,,,,,False,,,,,,,,25.7,0.0,23.0,True,,,,,,,,27.8,0.0,25.0,True,nigeria,NGA,Nigeria,Federal Republic of Nigeria,NG,Sub-Saharan Africa,Lower middle income,True
U2900,"Federal University of Technology, Owerri",Nigeria,,nigeria,,,,,,,,,,,False,,,,,,,,19.2,0.0,30.0,True,,,,,,,,18.7,0.0,31.0,True,nigeria,NGA,Nigeria,Federal Republic of Nigeria,NG,Sub-Saharan Africa,Lower middle income,True
U2901,Fergana Medical Institute of Public Health,Uzbekistan,,uzbekistan,,,,,,,,,,,False,,,,,,,,15.8,2.0,49.0,True,,,,,,,,,,,False,uzbekistan,UZB,Uzbekistan,Republic of Uzbekistan,UZ,Europe & Central Asia,Lower middle income,True
U2902,Fergana Polytechnic Institute,Uzbekistan,,uzbekistan,,,,,,,,,,,False,,,,,,,,25.1,0.0,20.0,True,,,,,,,,23.6,0.0,20.0,True,uzbekistan,UZB,Uzbekistan,Republic of Uzbekistan,UZ,Europe & Central Asia,Lower middle income,True
U2903,Fergana State University,Uzbekistan,,uzbekistan,,,,,,,,,,,False,,,,,,,,20.0,1.0,62.0,True,,,,,,,,,,,False,uzbekistan,UZB,Uzbekistan,Republic of Uzbekistan,UZ,Europe & Central Asia,Lower middle income,True
U2904,Finis Terrae University,Chile,,chile,,,,,,,,,,,False,,,,,,,,8.4,2.0,60.0,True,,,,,,,,,,,False,chile,CHL,Chile,Republic of Chile,CL,Latin America & Caribbean,High income: OECD,True
U2905,Forman Christian College,Pakistan,,pakistan,,,,,,,,,,,False,,,,,,,,18.3,0.0,46.0,True,,,,,,,,,,,False,pakistan,PAK,Pakistan,Islamic Republic of Pakistan,PK,South Asia,Lower middle income,True
U2906,Fountain University,Nigeria,,nigeria,,,,,,,,,,,False,,,,,,,,10.7,0.0,59.0,True,,,,,,,,18.9,0.0,59.0,True,nigeria,NGA,Nigeria,Federal Republic of Nigeria,NG,Sub-Saharan Africa,Lower middle income,True
U2907,University of Franca,Brazil,,brazil,,,,,,,,,,,False,,,,,,,,107.3,0.0,57.0,True,,,,,,,,160.6,0.0,57.0,True,brazil,BRA,Brazil,Federative Republic of Brazil,BR,Latin America & Caribbean,Upper middle income,True
U2908,Francisk Skorina Gomel State University,Belarus,,belarus,,,,,,,,,,,False,,,,,,,,11.2,11.0,51.0,True,,,,,,,,,,,False,belarus,BLR,Belarus,Republic of Belarus,BY,Europe & Central Asia,Upper middle income,True
U2909,Fukushima University,Japan,,japan,,,,,,,,,,,False,,,,,,,,8.3,2.0,53.0,True,,,,,,,,,,,False,japan,JPN,Japan,Japan,JP,East Asia & Pacific,High income: OECD,True
U2910,University of Gafsa,Tunisia,,tunisia,,,,,,,,,,,False,,,,,,,,15.4,0.0,10.0,True,,,,,,,,,,,False,tunisia,TUN,Tunisia,Republic of Tunisia,TN,Middle East & North Africa,Upper middle income,True
U2911,Gangadhar Meher University,India,,india,,,,,,,,,,,False,,,,,,,,63.0,0.0,53.0,True,,,,,,,,,,,False,india,IND,India,Republic of India,IN,South Asia,Lower middle income,True
U2912,University of Garmian,Iraq,,iraq,,,,,,,,,,,False,,,,,,,,9.9,0.0,69.0,True,,,,,,,,,,,False,iraq,IRQ,Iraq,Republic of Iraq,IQ,Middle East & North Africa,Upper middle income,True
U2913,General Sir John Kotelawala Defence University,Sri Lanka,,sri lanka,,,,,,,,,,,False,,,,,,,,16.7,2.0,51.0,True,,,,,,,,21.0,2.0,48.0,True,sri lanka,LKA,Sri Lanka,Democratic Socialist Republic of Sri Lanka,LK,South Asia,Lower middle income,True
U2914,University of Ghardaia,Algeria,,algeria,,,,,,,,,,,False,,,,,,,,29.5,0.0,48.0,True,,,,,,,,,,,False,algeria,DZA,Algeria,People's Democratic Republic of Algeria,DZ,Middle East & North Africa,Upper middle income,True
U2915,Ghulam Ishaq Khan Institute of Engineering Sciences and Technology,Pakistan,,pakistan,,,,,,,,,,,False,,,,,,,,18.7,0.0,12.0,True,,,,,,,,20.5,0.0,10.0,True,pakistan,PAK,Pakistan,Islamic Republic of Pakistan,PK,South Asia,Lower middle income,True
U2916,Glasgow School of Art,United Kingdom,,united kingdom,,,,,,,,,,,False,,,,,,,,15.6,41.0,67.0,True,,,,,,,,16.0,44.0,67.0,True,united kingdom,GBR,United Kingdom,United Kingdom of Great Britain and Northern Ireland,GB,Europe & Central Asia,High income: OECD,True
U2917,Gomel State Medical University,Belarus,,belarus,,,,,,,,,,,False,,,,,,,,8.3,24.0,70.0,True,,,,,,,,,,,False,belarus,BLR,Belarus,Republic of Belarus,BY,Europe & Central Asia,Upper middle income,True
U2918,The Government Sadiq College Women University Bahawalpur,Pakistan,,pakistan,,,,,,,,,,,False,,,,,,,,68.8,0.0,100.0,True,,,,,,,,,,,False,pakistan,PAK,Pakistan,Islamic Republic of Pakistan,PK,South Asia,Lower middle income,True
U2919,Government College Women University Faisalabad,Pakistan,,pakistan,,,,,,,,,,,False,,,,,,,,56.3,0.0,100.0,True,,,,,,,,56.3,0.0,100.0,True,pakistan,PAK,Pakistan,Islamic Republic of Pakistan,PK,South Asia,Lower middle income,True
U2920,"Government College Women University, Sialkot",Pakistan,,pakistan,,,,,,,,,,,False,,,,,,,,36.0,0.0,100.0,True,,,,,,,,34.8,0.0,100.0,True,pakistan,PAK,Pakistan,Islamic Republic of Pakistan,PK,South Asia,Lower middle income,True
U2921,"The Graduate University for Advanced Studies, SOKENDAI",Japan,,japan,,,,,,,,,,,False,,,,,,,,0.5,29.0,29.0,True,,,,,,,,0.4,31.0,29.0,True,japan,JPN,Japan,Japan,JP,East Asia & Pacific,High income: OECD,True
U2922,Guildhall School of Music and Drama,United Kingdom,,united kingdom,,,,,,,,,,,False,,,,,,,,5.0,35.0,48.0,True,,,,,,,,5.2,34.0,50.0,True,united kingdom,GBR,United Kingdom,United Kingdom of Great Britain and Northern Ireland,GB,Europe & Central Asia,High income: OECD,True
U2923,Gulf College,Oman,,oman,,,,,,,,,,,False,,,,,,,,26.1,3.0,41.0,True,,,,,,,,27.5,3.0,40.0,True,oman,OMN,Oman,Sultanate of Oman,OM,Middle East & North Africa,High income: nonOECD,True
U2924,Gulf Medical University,United Arab Emirates,,united arab emirates,,,,,,,,,,,False,,,,,,,,12.7,90.0,72.0,True,,,,,,,,,,,False,united arab emirates,ARE,United Arab Emirates,United Arab Emirates,AE,Middle East & North Africa,High income: nonOECD,True
U2925,Gulistan State University,Uzbekistan,,uzbekistan,,,,,,,,,,,False,,,,,,,,27.8,0.0,59.0,True,,,,,,,,,,,False,uzbekistan,UZB,Uzbekistan,Republic of Uzbekistan,UZ,Europe & Central Asia,Lower middle income,True
U2926,University of Hafr Al Batin,Saudi Arabia,,saudi arabia,,,,,,,,,,,False,,,,,,,,20.2,3.0,62.0,True,,,,,,,,,,,False,saudi arabia,SAU,Saudi Arabia,Kingdom of Saudi Arabia,SA,Middle East & North Africa,High income: nonOECD,True
U2927,Hagoromo University of International Studies,Japan,,japan,,,,,,,,,,,False,,,,,,,,23.7,17.0,54.0,True,,,,,,,,,,,False,japan,JPN,Japan,Japan,JP,East Asia & Pacific,High income: OECD,True
U2928,Hakuoh University,Japan,,japan,,,,,,,,,,,False,,,,,,,,44.2,1.0,44.0,True,,,,,,,,,,,False,japan,JPN,Japan,Japan,JP,East Asia & Pacific,High income: OECD,True
U2929,Haliç University,Turkey,,turkey,,,,,,,,,,,False,,,,,,,,24.2,19.0,59.0,True,,,,,,,,,,,False,turkey,TUR,Turkey,Republic of Turkey,TR,Europe & Central Asia,Upper middle income,True
U2930,Häme University of Applied Sciences,Finland,,finland,,,,,,,,,,,False,,,,,,,,34.2,7.0,53.0,True,,,,,,,,,,,False,finland,FIN,Finland,Republic of Finland,FI,Europe & Central Asia,High income: OECD,True
U2931,Hanseo University,South Korea,,south korea,,,,,,,,,,,False,,,,,,,,25.0,6.0,38.0,True,,,,,,,,,,,False,korea,KOR,Korea,Republic of Korea,KR,East Asia & Pacific,High income: OECD,True
U2932,Hartpury University,United Kingdom,,united kingdom,,,,,,,,,,,False,,,,,,,,18.0,11.0,69.0,True,,,,,,,,23.6,10.0,64.0,True,united kingdom,GBR,United Kingdom,United Kingdom of Great Britain and Northern Ireland,GB,Europe & Central Asia,High income: OECD,True
U2933,Hawler Medical University,Iraq,,iraq,,,,,,,,,,,False,,,,,,,,7.5,1.0,62.0,True,,,,,,,,7.2,1.0,63.0,True,iraq,IRQ,Iraq,Republic of Iraq,IQ,Middle East & North Africa,Upper middle income,True
U2934,University of Health Sciences Lahore,Pakistan,,pakistan,,,,,,,,,,,False,,,,,,,,6.4,1.0,66.0,True,,,,,,,,,,,False,pakistan,PAK,Pakistan,Islamic Republic of Pakistan,PK,South Asia,Lower middle income,True
U2935,"University of Health Sciences, Turkey",Turkey,,turkey,,,,,,,,,,,False,,,,,,,,7.5,8.0,69.0,True,,,,,,,,9.0,5.0,34.0,True,turkey,TUR,Turkey,Republic of Turkey,TR,Europe & Central Asia,Upper middle income,True
U2936,School of Higher Commercial Studies (EHEC Algiers),Algeria,,algeria,,,,,,,,,,,False,,,,,,,,13.2,0.0,67.0,True,,,,,,,,,,,False,algeria,DZA,Algeria,People's Democratic Republic of Algeria,DZ,Middle East & North Africa,Upper middle income,True
U2937,"Higher National School of Renewable Energies, Environment and Sustainable Development",Algeria,,algeria,,,,,,,,,,,False,,,,,,,,26.6,0.0,100.0,True,,,,,,,,,,,False,algeria,DZA,Algeria,People's Democratic Republic of Algeria,DZ,Middle East & North Africa,Upper middle income,True
U2938,Higher School of Management and Digital Economy (HSMDE),Algeria,,algeria,,,,,,,,,,,False,,,,,,,,16.4,0.0,66.0,True,,,,,,,,,,,False,algeria,DZA,Algeria,People's Democratic Republic of Algeria,DZ,Middle East & North Africa,Upper middle income,True
U2939,Higher School of Agronomy – Mostaganem (ESAM),Algeria,,algeria,,,,,,,,,,,False,,,,,,,,14.2,0.0,65.0,True,,,,,,,,,,,False,algeria,DZA,Algeria,People's Democratic Republic of Algeria,DZ,Middle East & North Africa,Upper middle income,True
U2940,Higher School of Management – Tlemcen,Algeria,,algeria,,,,,,,,,,,False,,,,,,,,12.0,0.0,82.0,True,,,,,,,,,,,False,algeria,DZA,Algeria,People's Democratic Republic of Algeria,DZ,Middle East & North Africa,Upper middle income,True
U2941,University of the Highlands and Islands,United Kingdom,,united kingdom,,,,,,,,,,,False,,,,,,,,139.0,12.0,61.0,True,,,,,,,,130.9,12.0,61.0,True,united kingdom,GBR,United Kingdom,United Kingdom of Great Britain and Northern Ireland,GB,Europe & Central Asia,High income: OECD,True
U2942,Hilla University College,Iraq,,iraq,,,,,,,,,,,False,,,,,,,,17.6,0.0,53.0,True,,,,,,,,,,,False,iraq,IRQ,Iraq,Republic of Iraq,IQ,Middle East & North Africa,Upper middle income,True
U2943,Hiroshima International University,Japan,,japan,,,,,,,,,,,False,,,,,,,,15.1,1.0,47.0,True,,,,,,,,,,,False,japan,JPN,Japan,Japan,JP,East Asia & Pacific,High income: OECD,True
U2944,Hiroshima Shudo University,Japan,,japan,,,,,,,,,,,False,,,,,,,,22.2,1.0,37.0,True,,,,,,,,16.6,0.0,39.0,True,japan,JPN,Japan,Japan,JP,East Asia & Pacific,High income: OECD,True
U2945,Hiroshima Institute of Technology,Japan,,japan,,,,,,,,,,,False,,,,,,,,25.9,0.0,10.0,True,,,,,,,,25.4,0.0,10.0,True,japan,JPN,Japan,Japan,JP,East Asia & Pacific,High income: OECD,True
U2946,Ho Chi Minh City Open University,Vietnam,,vietnam,,,,,,,,,,,False,,,,,,,,54.0,0.0,62.0,True,,,,,,,,,,,False,vietnam,VNM,Vietnam,Socialist Republic of Vietnam,VN,East Asia & Pacific,Lower middle income,True
U2947,Hodeida University,Yemen,,yemen,,,,,,,,,,,False,,,,,,,,22.0,0.0,27.0,True,,,,,,,,,,,False,yemen,YEM,Yemen,Republic of Yemen,YE,Middle East & North Africa,Lower middle income,True
U2948,Hokkaido University of Science,Japan,,japan,,,,,,,,,,,False,,,,,,,,20.1,0.0,33.0,True,,,,,,,,,,,False,japan,JPN,Japan,Japan,JP,East Asia & Pacific,High income: OECD,True
U2949,University of Home Economics Lahore,Pakistan,,pakistan,,,,,,,,,,,False,,,,,,,,15.0,0.0,100.0,True,,,,,,,,,,,False,pakistan,PAK,Pakistan,Islamic Republic of Pakistan,PK,South Asia,Lower middle income,True
U2950,Ho Technical University,Ghana,,ghana,,,,,,,,,,,False,,,,,,,,17.8,0.0,34.0,True,,,,,,,,,,,False,ghana,GHA,Ghana,Republic of Ghana,GH,Sub-Saharan Africa,Lower middle income,True
U2951,Hryhorii Skovoroda University in Pereiaslav,Ukraine,,ukraine,,,,,,,,,,,False,,,,,,,,13.6,0.0,55.0,True,,,,,,,,,,,False,ukraine,UKR,Ukraine,Ukraine,UA,Europe & Central Asia,Lower middle income,True
U2952,University of Human Development,Iraq,,iraq,,,,,,,,,,,False,,,,,,,,20.1,3.0,48.0,True,,,,,,,,17.1,3.0,49.0,True,iraq,IRQ,Iraq,Republic of Iraq,IQ,Middle East & North Africa,Upper middle income,True
U2953,Hyogo University of Teacher Education,Japan,,japan,,,,,,,,,,,False,,,,,,,,10.2,2.0,59.0,True,,,,,,,,8.0,2.0,68.0,True,japan,JPN,Japan,Japan,JP,East Asia & Pacific,High income: OECD,True
U2954,Ibn Khaldoun University,Algeria,,algeria,,,,,,,,,,,False,,,,,,,,29.6,0.0,64.0,True,,,,,,,,,,,False,algeria,DZA,Algeria,People's Democratic Republic of Algeria,DZ,Middle East & North Africa,Upper middle income,True
U2955,"ICFAI University, Dehradun",India,,india,,,,,,,,,,,False,,,,,,,,25.9,0.0,56.0,True,,,,,,,,,,,False,india,IND,India,Republic of India,IN,South Asia,Lower middle income,True
U2956,IFHE Hyderabad,India,,india,,,,,,,,,,,False,,,,,,,,19.1,0.0,41.0,True,,,,,,,,20.3,0.0,39.0,True,india,IND,India,Republic of India,IN,South Asia,Lower middle income,True
U2957,Ilma University,Pakistan,,pakistan,,,,,,,,,,,False,,,,,,,,21.1,0.0,21.0,True,,,,,,,,22.4,0.0,21.0,True,pakistan,PAK,Pakistan,Islamic Republic of Pakistan,PK,South Asia,Lower middle income,True
U2958,Imam Al-Kadhum College (IKC),Iraq,,iraq,,,,,,,,,,,False,,,,,,,,44.2,0.0,42.0,True,,,,,,,,,,,False,iraq,IRQ,Iraq,Republic of Iraq,IQ,Middle East & North Africa,Upper middle income,True
U2959,IMT Mines Alès,France,,france,,,,,,,,,,,False,,,,,,,,11.9,13.0,31.0,True,,,,,,,,12.8,15.0,31.0,True,france,FRA,France,French Republic,FR,Europe & Central Asia,High income: OECD,True
U2960,"Independent University, Bangladesh",Bangladesh,,bangladesh,,,,,,,,,,,False,,,,,,,,31.6,0.0,40.0,True,,,,,,,,,,,False,bangladesh,BGD,Bangladesh,People's Republic of Bangladesh,BD,South Asia,Low income,True
U2961,Indira Gandhi Delhi Technical University for Women,India,,india,,,,,,,,,,,False,,,,,,,,34.7,0.0,100.0,True,,,,,,,,53.2,0.0,100.0,True,india,IND,India,Republic of India,IN,South Asia,Lower middle income,True
U2962,Information Technology University of the Punjab,Pakistan,,pakistan,,,,,,,,,,,False,,,,,,,,14.4,0.0,22.0,True,,,,,,,,,,,False,pakistan,PAK,Pakistan,Islamic Republic of Pakistan,PK,South Asia,Lower middle income,True
U2963,Innopolis University,Russian Federation,,russia,,,,,,,,,,,False,,,,,,,,17.1,33.0,18.0,True,,,,,,,,,,,False,russia,RUS,Russia,Russian Federation,RU,Europe & Central Asia,High income: nonOECD,True
U2964,Institute of Cancer Research,United Kingdom,,united kingdom,,,,,,,,,,,False,,,,,,,,2.8,36.0,65.0,True,,,,,,,,2.8,33.0,62.0,True,united kingdom,GBR,United Kingdom,United Kingdom of Great Britain and Northern Ireland,GB,Europe & Central Asia,High income: OECD,True
U2965,Universidad Internacional del Ecuador,Ecuador,,ecuador,,,,,,,,,,,False,,,,,,,,25.8,2.0,45.0,True,,,,,,,,,,,False,ecuador,ECU,Ecuador,Republic of Ecuador,EC,Latin America & Caribbean,Upper middle income,True
U2966,International American University,United States,,united states,,,,,,,,,,,False,,,,,,,,14.8,96.0,55.0,True,,,,,,,,,,,False,united states,USA,United States,United States of America,US,North America,High income: OECD,True
U2967,International Engineering and Technology University (METU),Kazakhstan,,kazakhstan,,,,,,,,,,,False,,,,,,,,32.7,1.0,36.0,True,,,,,,,,,,,False,kazakhstan,KAZ,Kazakhstan,Republic of Kazakhstan,KZ,Europe & Central Asia,Upper middle income,True
U2968,International University for the Humanities and Development,Turkmenistan,,turkmenistan,,,,,,,,,,,False,,,,,,,,17.7,0.0,61.0,True,,,,,,,,,,,False,turkmenistan,TKM,Turkmenistan,Turkmenistan,TM,Europe & Central Asia,Upper middle income,True
U2969,International IT University,Kazakhstan,,kazakhstan,,,,,,,,,,,False,,,,,,,,14.9,1.0,30.0,True,,,,,,,,,,,False,kazakhstan,KAZ,Kazakhstan,Republic of Kazakhstan,KZ,Europe & Central Asia,Upper middle income,True
U2970,International University of Rabat,Morocco,,morocco,,,,,,,,,,,False,,,,,,,,31.3,4.0,53.0,True,,,,,,,,33.3,2.0,51.0,True,morocco,MAR,Morocco,Kingdom of Morocco,MA,Middle East & North Africa,Lower middle income,True
U2971,Institute of International Relations of the Ministry of Foreign Affairs of Turkmenistan,Turkmenistan,,turkmenistan,,,,,,,,,,,False,,,,,,,,9.2,0.0,39.0,True,,,,,,,,,,,False,turkmenistan,TKM,Turkmenistan,Turkmenistan,TM,Europe & Central Asia,Upper middle income,True
U2972,Inter-State School of Veterinary Sciences and Medicine,Senegal,,senegal,,,,,,,,,,,False,,,,,,,,17.4,69.0,31.0,True,,,,,,,,,,,False,senegal,SEN,Senegal,Republic of Senegal,SN,Sub-Saharan Africa,Lower middle income,True
U2973,Ionian University,Greece,,greece,,,,,,,,,,,False,,,,,,,,40.7,2.0,53.0,True,,,,,,,,41.9,3.0,53.0,True,greece,GRC,Greece,Hellenic Republic,GR,Europe & Central Asia,High income: OECD,True
U2974,Ion Mincu University of Architecture and Urbanism,Romania,,romania,,,,,,,,,,,False,,,,,,,,13.0,4.0,72.0,True,,,,,,,,12.8,4.0,71.0,True,romania,ROU,Romania,Romania,RO,Europe & Central Asia,Upper middle income,True
U2975,Iqra University,Pakistan,,pakistan,,,,,,,,,,,False,,,,,,,,13.6,1.0,24.0,True,,,,,,,,,,,False,pakistan,PAK,Pakistan,Islamic Republic of Pakistan,PK,South Asia,Lower middle income,True
U2976,The Islamic University,Iraq,,iraq,,,,,,,,,,,False,,,,,,,,10.2,1.0,60.0,True,,,,,,,,9.1,2.0,70.0,True,iraq,IRQ,Iraq,Republic of Iraq,IQ,Middle East & North Africa,Upper middle income,True
U2977,Islamic University of Gaza,Palestine,,palestine,,,,,,,,,,,False,,,,,,,,45.0,1.0,57.0,True,,,,,,,,47.0,1.0,60.0,True,west bank and gaza,PSE,West Bank and Gaza,West Bank and Gaza,PS,Middle East & North Africa,Lower middle income,True
U2978,Universitas Islam Sultan Agung,Indonesia,,indonesia,,,,,,,,,,,False,,,,,,,,14.3,0.0,33.0,True,,,,,,,,,,,False,indonesia,IDN,Indonesia,Republic of Indonesia,ID,East Asia & Pacific,Lower middle income,True
U2979,Isra University,Jordan,,jordan,,,,,,,,,,,False,,,,,,,,19.6,18.0,54.0,True,,,,,,,,19.6,18.0,54.0,True,jordan,JOR,Jordan,Hashemite Kingdom of Jordan,JO,Middle East & North Africa,Upper middle income,True
U2980,Israel Technological University,Ecuador,,ecuador,,,,,,,,,,,False,,,,,,,,37.7,1.0,39.0,True,,,,,,,,34.9,1.0,42.0,True,ecuador,ECU,Ecuador,Republic of Ecuador,EC,Latin America & Caribbean,Upper middle income,True
U2981,Istanbul Arel University,Turkey,,turkey,,,,,,,,,,,False,,,,,,,,21.3,10.0,52.0,True,,,,,,,,,,,False,turkey,TUR,Turkey,Republic of Turkey,TR,Europe & Central Asia,Upper middle income,True
U2982,Istanbul Gelişim University,Turkey,,turkey,,,,,,,,,,,False,,,,,,,,39.0,13.0,45.0,True,,,,,,,,23.4,15.0,46.0,True,turkey,TUR,Turkey,Republic of Turkey,TR,Europe & Central Asia,Upper middle income,True
U2983,Istanbul Kültür University,Turkey,,turkey,,,,,,,,,,,False,,,,,,,,26.0,11.0,53.0,True,,,,,,,,,,,False,turkey,TUR,Turkey,Republic of Turkey,TR,Europe & Central Asia,Upper middle income,True
U2984,Istanbul Okan University,Turkey,,turkey,,,,,,,,,,,False,,,,,,,,15.3,14.0,53.0,True,,,,,,,,,,,False,turkey,TUR,Turkey,Republic of Turkey,TR,Europe & Central Asia,Upper middle income,True
U2985,IUBAT – International University of Business Agriculture and Technology,Bangladesh,,bangladesh,,,,,,,,,,,False,,,,,,,,18.1,1.0,30.0,True,,,,,,,,22.1,1.0,30.0,True,bangladesh,BGD,Bangladesh,People's Republic of Bangladesh,BD,South Asia,Low income,True
U2986,Universita IULM,Italy,,italy,,,,,,,,,,,False,,,,,,,,18.9,6.0,73.0,True,,,,,,,,15.9,7.0,72.0,True,italy,ITA,Italy,Italian Republic,IT,Europe & Central Asia,High income: OECD,True
U2987,Ivano Frankivsk National Technical University of Oil and Gas,Ukraine,,ukraine,,,,,,,,,,,False,,,,,,,,17.3,3.0,25.0,True,,,,,,,,,,,False,ukraine,UKR,Ukraine,Ukraine,UA,Europe & Central Asia,Lower middle income,True
U2988,Jabir ibn Hayyan Medical University,Iraq,,iraq,,,,,,,,,,,False,,,,,,,,15.3,-0.0,61.0,True,,,,,,,,16.1,0.0,58.0,True,iraq,IRQ,Iraq,Republic of Iraq,IQ,Middle East & North Africa,Upper middle income,True
U2989,Jadara University,Jordan,,jordan,,,,,,,,,,,False,,,,,,,,19.8,17.0,38.0,True,,,,,,,,,,,False,jordan,JOR,Jordan,Hashemite Kingdom of Jordan,JO,Middle East & North Africa,Upper middle income,True
U2990,Japan Advanced Institute of Science and Technology (JAIST),Japan,,japan,,,,,,,,,,,False,,,,,,,,7.3,41.0,22.0,True,,,,,,,,7.8,42.0,23.0,True,japan,JPN,Japan,Japan,JP,East Asia & Pacific,High income: OECD,True
U2991,Japan University of Economics,Japan,,japan,,,,,,,,,,,False,,,,,,,,27.9,56.0,30.0,True,,,,,,,,,,,False,japan,JPN,Japan,Japan,JP,East Asia & Pacific,High income: OECD,True
U2992,Jashore University of Science and Technology,Bangladesh,,bangladesh,,,,,,,,,,,False,,,,,,,,13.2,0.0,32.0,True,,,,,,,,20.1,0.0,30.0,True,bangladesh,BGD,Bangladesh,People's Republic of Bangladesh,BD,South Asia,Low income,True
U2993,University of Jendouba,Tunisia,,tunisia,,,,,,,,,,,False,,,,,,,,16.6,1.0,69.0,True,,,,,,,,,,,False,tunisia,TUN,Tunisia,Republic of Tunisia,TN,Middle East & North Africa,Upper middle income,True
U2994,Jizzakh Polytechnic Institute,Uzbekistan,,uzbekistan,,,,,,,,,,,False,,,,,,,,18.5,0.0,16.0,True,,,,,,,,,,,False,uzbekistan,UZB,Uzbekistan,Republic of Uzbekistan,UZ,Europe & Central Asia,Lower middle income,True
U2995,Jizzakh State Pedagogical University,Uzbekistan,,uzbekistan,,,,,,,,,,,False,,,,,,,,27.5,0.0,63.0,True,,,,,,,,,,,False,uzbekistan,UZB,Uzbekistan,Republic of Uzbekistan,UZ,Europe & Central Asia,Lower middle income,True
U2996,John von Neumann University,Hungary,,hungary,,,,,,,,,,,False,,,,,,,,13.8,0.0,26.0,True,,,,,,,,,,,False,hungary,HUN,Hungary,Hungary,HU,Europe & Central Asia,Upper middle income,True
U2997,Kabarak University,Kenya,,kenya,,,,,,,,,,,False,,,,,,,,40.0,0.0,47.0,True,,,,,,,,,,,False,kenya,KEN,Kenya,Republic of Kenya,KE,Sub-Saharan Africa,Low income,True
U2998,Kabardino-Balkarian State University,Russian Federation,,russia,,,,,,,,,,,False,,,,,,,,19.7,14.0,54.0,True,,,,,,,,,,,False,russia,RUS,Russia,Russian Federation,RU,Europe & Central Asia,High income: nonOECD,True
U2999,University of Kabianga,Kenya,,kenya,,,,,,,,,,,False,,,,,,,,39.1,0.0,50.0,True,,,,,,,,,,,False,kenya,KEN,Kenya,Republic of Kenya,KE,Sub-Saharan Africa,Low income,True
U3000,Kadir Has University,Turkey,,turkey,,,,,,,,,,,False,,,,,,,,24.0,4.0,55.0,True,,,,,,,,23.5,3.0,53.0,True,turkey,TUR,Turkey,Republic of Turkey,TR,Europe & Central Asia,Upper middle income,True
U3001,Kamianets-Podіlskyi Ivan Ohiienko National University,Ukraine,,ukraine,,,,,,,,,,,False,,,,,,,,7.6,0.0,63.0,True,,,,,,,,7.8,0.0,64.0,True,ukraine,UKR,Ukraine,Ukraine,UA,Europe & Central Asia,Lower middle income,True
U3002,Karaganda University of Kazpotrebsoyuz,Kazakhstan,,kazakhstan,,,,,,,,,,,False,,,,,,,,13.6,1.0,56.0,True,,,,,,,,13.3,1.0,59.0,True,kazakhstan,KAZ,Kazakhstan,Republic of Kazakhstan,KZ,Europe & Central Asia,Upper middle income,True
U3003,Karakalpak State University,Uzbekistan,,uzbekistan,,,,,,,,,,,False,,,,,,,,28.7,2.0,44.0,True,,,,,,,,,,,False,uzbekistan,UZB,Uzbekistan,Republic of Uzbekistan,UZ,Europe & Central Asia,Lower middle income,True
U3004,Karshi Engineering Economics Institute,Uzbekistan,,uzbekistan,,,,,,,,,,,False,,,,,,,,26.3,0.0,15.0,True,,,,,,,,,,,False,uzbekistan,UZB,Uzbekistan,Republic of Uzbekistan,UZ,Europe & Central Asia,Lower middle income,True
U3005,Kazakh National Pedagogical University Abai,Kazakhstan,,kazakhstan,,,,,,,,,,,False,,,,,,,,16.1,3.0,59.0,True,,,,,,,,12.6,2.0,61.0,True,kazakhstan,KAZ,Kazakhstan,Republic of Kazakhstan,KZ,Europe & Central Asia,Upper middle income,True
U3006,Kazakh National Women’s Teacher Training University,Kazakhstan,,kazakhstan,,,,,,,,,,,False,,,,,,,,18.6,2.0,100.0,True,,,,,,,,,,,False,kazakhstan,KAZ,Kazakhstan,Republic of Kazakhstan,KZ,Europe & Central Asia,Upper middle income,True
U3007,Kazakhstan Medical University KSPH,Kazakhstan,,kazakhstan,,,,,,,,,,,False,,,,,,,,2.9,0.0,64.0,True,,,,,,,,,,,False,kazakhstan,KAZ,Kazakhstan,Republic of Kazakhstan,KZ,Europe & Central Asia,Upper middle income,True
U3008,Kazan State Power Engineering University,Russian Federation,,russia,,,,,,,,,,,False,,,,,,,,24.1,3.0,32.0,True,,,,,,,,,,,False,russia,RUS,Russia,Russian Federation,RU,Europe & Central Asia,High income: nonOECD,True
U3009,Keisen University,Japan,,japan,,,,,,,,,,,False,,,,,,,,26.0,5.0,100.0,True,,,,,,,,,,,False,japan,JPN,Japan,Japan,JP,East Asia & Pacific,High income: OECD,True
U3010,Kharkiv University of Humanities “People’s Ukrainian Academy”,Ukraine,,ukraine,,,,,,,,,,,False,,,,,,,,7.4,0.0,82.0,True,,,,,,,,5.5,1.0,81.0,True,ukraine,UKR,Ukraine,Ukraine,UA,Europe & Central Asia,Lower middle income,True
U3011,Kharkiv National Automobile and Highway University,Ukraine,,ukraine,,,,,,,,,,,False,,,,,,,,14.6,10.0,53.0,True,,,,,,,,,,,False,ukraine,UKR,Ukraine,Ukraine,UA,Europe & Central Asia,Lower middle income,True
U3012,Kharkiv National University of Internal Affairs,Ukraine,,ukraine,,,,,,,,,,,False,,,,,,,,13.8,4.0,48.0,True,,,,,,,,,,,False,ukraine,UKR,Ukraine,Ukraine,UA,Europe & Central Asia,Lower middle income,True
U3013,Khazar University,Azerbaijan,,azerbaijan,,,,,,,,,,,False,,,,,,,,12.3,6.0,52.0,True,,,,,,,,11.3,7.0,54.0,True,azerbaijan,AZE,Azerbaijan,Republic of Azerbaijan,AZ,Europe & Central Asia,Upper middle income,True
U3014,Khulna University of Engineering and Technology (KUET),Bangladesh,,bangladesh,,,,,,,,,,,False,,,,,,,,15.5,0.0,20.0,True,1201.0,21.35,14.3,9.2,45.7,37.0,24.3,15.0,0.0,23.0,True,bangladesh,BGD,Bangladesh,People's Republic of Bangladesh,BD,South Asia,Low income,True
U3015,Khwaja Fareed University of Engineering and Information Technology,Pakistan,,pakistan,,,,,,,,,,,False,,,,,,,,20.2,0.0,43.0,True,,,,,,,,21.6,0.0,41.0,True,pakistan,PAK,Pakistan,Islamic Republic of Pakistan,PK,South Asia,Lower middle income,True
U3016,Khyber Medical University,Pakistan,,pakistan,,,,,,,,,,,False,,,,,,,,15.4,3.0,40.0,True,,,,,,,,16.5,3.0,40.0,True,pakistan,PAK,Pakistan,Islamic Republic of Pakistan,PK,South Asia,Lower middle income,True
U3017,Kimyo International University in Tashkent,Uzbekistan,,uzbekistan,,,,,,,,,,,False,,,,,,,,17.3,13.0,57.0,True,,,,,,,,,,,False,uzbekistan,UZB,Uzbekistan,Republic of Uzbekistan,UZ,Europe & Central Asia,Lower middle income,True
U3018,King Abdullah University of Science and Technology (KAUST),Saudi Arabia,,saudi arabia,,,,,,,,,,,False,,,,,,,,8.0,67.0,36.0,True,,,,,,,,,,,False,saudi arabia,SAU,Saudi Arabia,Kingdom of Saudi Arabia,SA,Middle East & North Africa,High income: nonOECD,True
U3019,King Danylo University,Ukraine,,ukraine,,,,,,,,,,,False,,,,,,,,9.1,0.0,56.0,True,,,,,,,,,,,False,ukraine,UKR,Ukraine,Ukraine,UA,Europe & Central Asia,Lower middle income,True
U3020,King Edward Medical University,Pakistan,,pakistan,,,,,,,,,,,False,,,,,,,,13.7,2.0,60.0,True,,,,,,,,,,,False,pakistan,PAK,Pakistan,Islamic Republic of Pakistan,PK,South Asia,Lower middle income,True
U3021,Kinnaird College for Women,Pakistan,,pakistan,,,,,,,,,,,False,,,,,,,,18.3,0.0,100.0,True,,,,,,,,,,,False,pakistan,PAK,Pakistan,Islamic Republic of Pakistan,PK,South Asia,Lower middle income,True
U3022,University of Kirkuk,Iraq,,iraq,,,,,,,,,,,False,,,,,,,,23.7,0.0,61.0,True,,,,,,,,24.8,0.0,52.0,True,iraq,IRQ,Iraq,Republic of Iraq,IQ,Middle East & North Africa,Upper middle income,True
U3023,Kitami Institute of Technology,Japan,,japan,,,,,,,,,,,False,,,,,,,,14.6,5.0,12.0,True,,,,,,,,14.1,4.0,13.0,True,japan,JPN,Japan,Japan,JP,East Asia & Pacific,High income: OECD,True
U3024,Knowledge University,Iraq,,iraq,,,,,,,,,,,False,,,,,,,,16.4,1.0,47.0,True,,,,,,,,16.6,1.0,47.0,True,iraq,IRQ,Iraq,Republic of Iraq,IQ,Middle East & North Africa,Upper middle income,True
U3025,Kobe Gakuin University,Japan,,japan,,,,,,,,,,,False,,,,,,,,34.7,3.0,39.0,True,,,,,,,,34.3,2.0,38.0,True,japan,JPN,Japan,Japan,JP,East Asia & Pacific,High income: OECD,True
U3026,Kocaeli Health and Technology University,Turkey,,turkey,,,,,,,,,,,False,,,,,,,,16.2,8.0,69.0,True,,,,,,,,31.6,4.0,66.0,True,turkey,TUR,Turkey,Republic of Turkey,TR,Europe & Central Asia,Upper middle income,True
U3027,Kohsar University Murree,Pakistan,,pakistan,,,,,,,,,,,False,,,,,,,,24.5,0.0,69.0,True,,,,,,,,,,,False,pakistan,PAK,Pakistan,Islamic Republic of Pakistan,PK,South Asia,Lower middle income,True
U3028,Kokshetau State University,Kazakhstan,,kazakhstan,,,,,,,,,,,False,,,,,,,,9.1,5.0,63.0,True,,,,,,,,11.3,5.0,65.0,True,kazakhstan,KAZ,Kazakhstan,Republic of Kazakhstan,KZ,Europe & Central Asia,Upper middle income,True
U3029,Kokugakuin University,Japan,,japan,,,,,,,,,,,False,,,,,,,,40.0,1.0,43.0,True,,,,,,,,,,,False,japan,JPN,Japan,Japan,JP,East Asia & Pacific,High income: OECD,True
U3030,Konan University,Japan,,japan,,,,,,,,,,,False,,,,,,,,23.3,1.0,42.0,True,,,,,,,,,,,False,japan,JPN,Japan,Japan,JP,East Asia & Pacific,High income: OECD,True
U3031,Konan Women’s University,Japan,,japan,,,,,,,,,,,False,,,,,,,,23.7,1.0,100.0,True,,,,,,,,24.7,1.0,100.0,True,japan,JPN,Japan,Japan,JP,East Asia & Pacific,High income: OECD,True
U3032,Koya University,Iraq,,iraq,,,,,,,,,,,False,,,,,,,,9.3,1.0,50.0,True,,,,,,,,9.4,1.0,50.0,True,iraq,IRQ,Iraq,Republic of Iraq,IQ,Middle East & North Africa,Upper middle income,True
U3033,KPR Institute of Engineering and Technology,India,,india,,,,,,,,,,,False,,,,,,,,12.2,0.0,30.0,True,,,,,,,,,,,False,india,IND,India,Republic of India,IN,South Asia,Lower middle income,True
U3034,Kumasi Technical University,Ghana,,ghana,,,,,,,,,,,False,,,,,,,,41.0,0.0,37.0,True,,,,,,,,,,,False,ghana,GHA,Ghana,Republic of Ghana,GH,Sub-Saharan Africa,Lower middle income,True
U3035,Kursk State Medical University,Russian Federation,,russia,,,,,,,,,,,False,,,,,,,,12.1,31.0,66.0,True,,,,,,,,,,,False,russia,RUS,Russia,Russian Federation,RU,Europe & Central Asia,High income: nonOECD,True
U3036,Kütahya Health Sciences University,Turkey,,turkey,,,,,,,,,,,False,,,,,,,,9.6,1.0,73.0,True,,,,,,,,,,,False,turkey,TUR,Turkey,Republic of Turkey,TR,Europe & Central Asia,Upper middle income,True
U3037,Kutaisi University,Georgia,,georgia,,,,,,,,,,,False,,,,,,,,0.4,1.0,33.0,True,,,,,,,,,,,False,georgia,GEO,Georgia,Georgia,GE,Europe & Central Asia,Lower middle income,True
U3038,Kuwait College of Science and Technology (KCST),Kuwait,,kuwait,,,,,,,,,,,False,,,,,,,,25.3,4.0,56.0,True,,,,,,,,,,,False,kuwait,KWT,Kuwait,State of Kuwait,KW,Middle East & North Africa,High income: nonOECD,True
U3039,Kyiv National Economic University,Ukraine,,ukraine,,,,,,,,,,,False,,,,,,,,11.2,1.0,60.0,True,,,,,,,,9.4,2.0,61.0,True,ukraine,UKR,Ukraine,Ukraine,UA,Europe & Central Asia,Lower middle income,True
U3040,Kyoai Gakuen University,Japan,,japan,,,,,,,,,,,False,,,,,,,,20.4,2.0,63.0,True,,,,,,,,19.4,4.0,66.0,True,japan,JPN,Japan,Japan,JP,East Asia & Pacific,High income: OECD,True
U3041,Kyoto Koka Women’s University,Japan,,japan,,,,,,,,,,,False,,,,,,,,18.3,5.0,100.0,True,,,,,,,,,,,False,japan,JPN,Japan,Japan,JP,East Asia & Pacific,High income: OECD,True
U3042,Kyoto Notre Dame University,Japan,,japan,,,,,,,,,,,False,,,,,,,,8.5,4.0,100.0,True,,,,,,,,,,,False,japan,JPN,Japan,Japan,JP,East Asia & Pacific,High income: OECD,True
U3043,K. Zhubanov Aktobe Regional University,Kazakhstan,,kazakhstan,,,,,,,,,,,False,,,,,,,,21.4,2.0,59.0,True,,,,,,,,,,,False,kazakhstan,KAZ,Kazakhstan,Republic of Kazakhstan,KZ,Europe & Central Asia,Upper middle income,True
U3044,Lahore Leads University,Pakistan,,pakistan,,,,,,,,,,,False,,,,,,,,15.3,0.0,44.0,True,,,,,,,,,,,False,pakistan,PAK,Pakistan,Islamic Republic of Pakistan,PK,South Asia,Lower middle income,True
U3045,Landmark University,Nigeria,,nigeria,,,,,,,,,,,False,,,,,,,,12.9,0.0,35.0,True,,,,,,,,13.4,0.0,34.0,True,nigeria,NGA,Nigeria,Federal Republic of Nigeria,NG,Sub-Saharan Africa,Lower middle income,True
U3046,Larbi Tebessi University,Algeria,,algeria,,,,,,,,,,,False,,,,,,,,21.6,0.0,60.0,True,,,,,,,,,,,False,algeria,DZA,Algeria,People's Democratic Republic of Algeria,DZ,Middle East & North Africa,Upper middle income,True
U3047,La Salle University,Colombia,,colombia,,,,,,,,,,,False,,,,,,,,18.9,1.0,56.0,True,,,,,,,,20.1,1.0,55.0,True,colombia,COL,Colombia,Republic of Colombia,CO,Latin America & Caribbean,Upper middle income,True
U3048,University of Las Américas (UDLA),Ecuador,,ecuador,,,,,,,,,,,False,,,,,,,,13.7,2.0,54.0,True,,,,,,,,13.7,1.0,54.0,True,ecuador,ECU,Ecuador,Republic of Ecuador,EC,Latin America & Caribbean,Upper middle income,True
U3049,Leeds Arts University,United Kingdom,,united kingdom,,,,,,,,,,,False,,,,,,,,15.9,12.0,75.0,True,,,,,,,,15.3,12.0,76.0,True,united kingdom,GBR,United Kingdom,United Kingdom of Great Britain and Northern Ireland,GB,Europe & Central Asia,High income: OECD,True
U3050,Leeds Conservatoire,United Kingdom,,united kingdom,,,,,,,,,,,False,,,,,,,,20.9,11.0,34.0,True,,,,,,,,19.4,12.0,33.0,True,united kingdom,GBR,United Kingdom,United Kingdom of Great Britain and Northern Ireland,GB,Europe & Central Asia,High income: OECD,True
U3051,Leeds Trinity University,United Kingdom,,united kingdom,,,,,,,,,,,False,,,,,,,,23.7,9.0,64.0,True,,,,,,,,24.8,9.0,65.0,True,united kingdom,GBR,United Kingdom,United Kingdom of Great Britain and Northern Ireland,GB,Europe & Central Asia,High income: OECD,True
U3052,Lesya Ukrainka Volyn National University,Ukraine,,ukraine,,,,,,,,,,,False,,,,,,,,12.4,1.0,69.0,True,,,,,,,,10.1,1.0,68.0,True,ukraine,UKR,Ukraine,Ukraine,UA,Europe & Central Asia,Lower middle income,True
U3053,Liaquat University of Medical and Health Sciences (LUMHS),Pakistan,,pakistan,,,,,,,,,,,False,,,,,,,,10.0,4.0,54.0,True,,,,,,,,,,,False,pakistan,PAK,Pakistan,Islamic Republic of Pakistan,PK,South Asia,Lower middle income,True
U3054,University of Liberal Arts Bangladesh,Bangladesh,,bangladesh,,,,,,,,,,,False,,,,,,,,19.4,0.0,49.0,True,,,,,,,,20.2,0.0,49.0,True,bangladesh,BGD,Bangladesh,People's Republic of Bangladesh,BD,South Asia,Low income,True
U3055,Lincoln University College,Malaysia,,malaysia,,,,,,,,,,,False,,,,,,,,5.7,41.0,19.0,True,,,,,,,,,,,False,malaysia,MYS,Malaysia,Malaysia,MY,East Asia & Pacific,Upper middle income,True
U3056,Lira University,Uganda,,uganda,,,,,,,,,,,False,,,,,,,,14.3,0.0,41.0,True,,,,,,,,,,,False,uganda,UGA,Uganda,Republic of Uganda,UG,Sub-Saharan Africa,Low income,True
U3057,Université du Littoral Côte d’Opale,France,,france,,,,,,,,,,,False,,,,,,,,20.2,17.0,50.0,True,,,,,,,,,,,False,france,FRA,France,French Republic,FR,Europe & Central Asia,High income: OECD,True
U3058,Liverpool Hope University,United Kingdom,,united kingdom,,,,,,,,,,,False,,,,,,,,17.2,14.0,64.0,True,,,,,,,,15.2,13.0,67.0,True,united kingdom,GBR,United Kingdom,United Kingdom of Great Britain and Northern Ireland,GB,Europe & Central Asia,High income: OECD,True
U3059,Liverpool Institute for Performing Arts,United Kingdom,,united kingdom,,,,,,,,,,,False,,,,,,,,18.5,22.0,58.0,True,,,,,,,,17.3,23.0,57.0,True,united kingdom,GBR,United Kingdom,United Kingdom of Great Britain and Northern Ireland,GB,Europe & Central Asia,High income: OECD,True
U3060,Liverpool School of Tropical Medicine,United Kingdom,,united kingdom,,,,,,,,,,,False,,,,,,,,2.1,28.0,71.0,True,,,,,,,,2.2,39.0,65.0,True,united kingdom,GBR,United Kingdom,United Kingdom of Great Britain and Northern Ireland,GB,Europe & Central Asia,High income: OECD,True
U3061,The LNM Institute of Information Technology,India,,india,,,,,,,,,,,False,,,,,,,,19.1,0.0,15.0,True,,,,,,,,22.3,0.0,17.0,True,india,IND,India,Republic of India,IN,South Asia,Lower middle income,True
U3062,London Academy of Music and Dramatic Art (LAMDA),United Kingdom,,united kingdom,,,,,,,,,,,False,,,,,,,,6.8,40.0,55.0,True,,,,,,,,,,,False,united kingdom,GBR,United Kingdom,United Kingdom of Great Britain and Northern Ireland,GB,Europe & Central Asia,High income: OECD,True
U3063,London Business School,United Kingdom,,united kingdom,,,,,,,,,,,False,,,,,,,,20.2,91.0,37.0,True,,,,,,,,18.1,91.0,38.0,True,united kingdom,GBR,United Kingdom,United Kingdom of Great Britain and Northern Ireland,GB,Europe & Central Asia,High income: OECD,True
U3064,London School of Hygiene and Tropical Medicine,United Kingdom,,united kingdom,,,,,,,,,,,False,,,,,,,,1.7,57.0,72.0,True,,,,,,,,1.8,62.0,70.0,True,united kingdom,GBR,United Kingdom,United Kingdom of Great Britain and Northern Ireland,GB,Europe & Central Asia,High income: OECD,True
U3065,Lviv State University of Life Safety,Ukraine,,ukraine,,,,,,,,,,,False,,,,,,,,12.3,0.0,53.0,True,,,,,,,,,,,False,ukraine,UKR,Ukraine,Ukraine,UA,Europe & Central Asia,Lower middle income,True
U3066,University of Magallanes,Chile,,chile,,,,,,,,,,,False,,,,,,,,15.6,1.0,62.0,True,,,,,,,,,,,False,chile,CHL,Chile,Republic of Chile,CL,Latin America & Caribbean,High income: OECD,True
U3067,Universidad del Magdalena,Colombia,,colombia,,,,,,,,,,,False,,,,,,,,31.8,0.0,49.0,True,,,,,,,,,,,False,colombia,COL,Colombia,Republic of Colombia,CO,Latin America & Caribbean,Upper middle income,True
U3068,University Centre of Maghnia,Algeria,,algeria,,,,,,,,,,,False,,,,,,,,19.5,0.0,47.0,True,,,,,,,,,,,False,algeria,DZA,Algeria,People's Democratic Republic of Algeria,DZ,Middle East & North Africa,Upper middle income,True
U3069,Mahatma Jyotiba Phule Rohilkhand University,India,,india,,,,,,,,,,,False,,,,,,,,38.8,0.0,18.0,True,,,,,,,,20.1,0.0,31.0,True,india,IND,India,Republic of India,IN,South Asia,Lower middle income,True
U3070,Malawi University of Science and Technology (MUST),Malawi,,malawi,,,,,,,,,,,False,,,,,,,,12.4,0.0,15.0,True,,,,,,,,12.3,0.0,28.0,True,malawi,MWI,Malawi,Republic of Malawi,MW,Sub-Saharan Africa,Low income,True
U3071,Management Development Institute (MDI),India,,india,,,,,,,,,,,False,,,,,,,,12.5,0.0,24.0,True,,,,,,,,12.8,0.0,21.0,True,india,IND,India,Republic of India,IN,South Asia,Lower middle income,True
U3072,Management & Science University (MSU),Malaysia,,malaysia,,,,,,,,,,,False,,,,,,,,9.0,30.0,60.0,True,,,,,,,,,,,False,malaysia,MYS,Malaysia,Malaysia,MY,East Asia & Pacific,Upper middle income,True
U3073,Universidad Manuela Beltrán,Colombia,,colombia,,,,,,,,,,,False,,,,,,,,30.6,0.0,43.0,True,,,,,,,,,,,False,colombia,COL,Colombia,Republic of Colombia,CO,Latin America & Caribbean,Upper middle income,True
U3074,Mapúa University,Philippines,,philippines,,,,,,,,,,,False,,,,,,,,32.3,1.0,37.0,True,1501.0,14.35,13.8,13.5,8.5,36.9,16.9,23.9,1.0,36.0,True,philippines,PHL,Philippines,Republic of the Philippines,PH,East Asia & Pacific,Lower middle income,True
U3075,Margulan University,Kazakhstan,,kazakhstan,,,,,,,,,,,False,,,,,,,,22.8,2.0,75.0,True,,,,,,,,,,,False,kazakhstan,KAZ,Kazakhstan,Republic of Kazakhstan,KZ,Europe & Central Asia,Upper middle income,True
U3076,Mariano Marcos State University,Philippines,,philippines,,,,,,,,,,,False,,,,,,,,24.8,0.0,58.0,True,,,,,,,,,,,False,philippines,PHL,Philippines,Republic of the Philippines,PH,East Asia & Pacific,Lower middle income,True
U3077,Maritime University of Szczecin,Poland,,poland,,,,,,,,,,,False,,,,,,,,24.2,13.0,26.0,True,,,,,,,,24.7,13.0,26.0,True,poland,POL,Poland,Republic of Poland,PL,Europe & Central Asia,High income: OECD,True
U3078,M. Auezov South Kazakhstan University,Kazakhstan,,kazakhstan,,,,,,,,,,,False,,,,,,,,6.3,12.0,52.0,True,,,,,,,,,,,False,kazakhstan,KAZ,Kazakhstan,Republic of Kazakhstan,KZ,Europe & Central Asia,Upper middle income,True
U3079,Universidad Mayor de San Simón,Bolivia,,bolivia,,,,,,,,,,,False,,,,,,,,182.0,0.0,53.0,True,,,,,,,,,,,False,bolivia,BOL,Bolivia,Plurinational State of Bolivia,BO,Latin America & Caribbean,Lower middle income,True
U3080,University of Medea,Algeria,,algeria,,,,,,,,,,,False,,,,,,,,25.9,0.0,62.0,True,,,,,,,,,,,False,algeria,DZA,Algeria,People's Democratic Republic of Algeria,DZ,Middle East & North Africa,Upper middle income,True
U3081,University of Medellín,Colombia,,colombia,,,,,,,,,,,False,,,,,,,,16.9,2.0,55.0,True,,,,,,,,17.6,2.0,54.0,True,colombia,COL,Colombia,Republic of Colombia,CO,Latin America & Caribbean,Upper middle income,True
U3082,Medizinische Hochschule Hannover,Germany,,germany,,,,,,,,,,,False,,,,,,,,8.3,14.0,67.0,True,,,,,,,,,,,False,germany,DEU,Germany,Federal Republic of Germany,DE,Europe & Central Asia,High income: OECD,True
U3083,Meikai University,Japan,,japan,,,,,,,,,,,False,,,,,,,,17.8,16.0,43.0,True,,,,,,,,16.1,17.0,43.0,True,japan,JPN,Japan,Japan,JP,East Asia & Pacific,High income: OECD,True
U3084,Universitas Mercu Buana,Indonesia,,indonesia,,,,,,,,,,,False,,,,,,,,23.9,0.0,46.0,True,,,,,,,,,,,False,indonesia,IDN,Indonesia,Republic of Indonesia,ID,East Asia & Pacific,Lower middle income,True
U3085,Middle East University,Jordan,,jordan,,,,,,,,,,,False,,,,,,,,20.2,27.0,42.0,True,,,,,,,,,,,False,jordan,JOR,Jordan,Hashemite Kingdom of Jordan,JO,Middle East & North Africa,Upper middle income,True
U3086,Mindanao State University – Iligan Institute of Technology,Philippines,,philippines,,,,,,,,,,,False,,,,,,,,40.7,0.0,51.0,True,,,,,,,,18.6,0.0,60.0,True,philippines,PHL,Philippines,Republic of the Philippines,PH,East Asia & Pacific,Lower middle income,True
U3087,Minhaj University Lahore,Pakistan,,pakistan,,,,,,,,,,,False,,,,,,,,10.6,0.0,46.0,True,,,,,,,,,,,False,pakistan,PAK,Pakistan,Islamic Republic of Pakistan,PK,South Asia,Lower middle income,True
U3088,University of Misan,Iraq,,iraq,,,,,,,,,,,False,,,,,,,,19.9,0.0,61.0,True,,,,,,,,15.0,0.0,51.0,True,iraq,IRQ,Iraq,Republic of Iraq,IQ,Middle East & North Africa,Upper middle income,True
U3089,Misr University for Science and Technology,Egypt,,egypt,,,,,,,,,,,False,,,,,,,,17.6,5.0,49.0,True,,,,,,,,18.8,6.0,47.0,True,egypt,EGY,Egypt,Arab Republic of Egypt,EG,Middle East & North Africa,Lower middle income,True
U3090,Mizoram University,India,,india,,,,,,,,,,,False,,,,,,,,8.9,0.0,48.0,True,,,,,,,,,,,False,india,IND,India,Republic of India,IN,South Asia,Lower middle income,True
U3091,M. Kumarasamy College of Engineering,India,,india,,,,,,,,,,,False,,,,,,,,11.5,0.0,35.0,True,,,,,,,,11.7,0.0,27.0,True,india,IND,India,Republic of India,IN,South Asia,Lower middle income,True
U3092,"MNS University of Agriculture, Multan",Pakistan,,pakistan,,,,,,,,,,,False,,,,,,,,31.1,0.0,25.0,True,,,,,,,,23.5,0.0,22.0,True,pakistan,PAK,Pakistan,Islamic Republic of Pakistan,PK,South Asia,Lower middle income,True
U3093,Modern University for Business and Science,Lebanon,,lebanon,,,,,,,,,,,False,,,,,,,,20.5,20.0,54.0,True,,,,,,,,16.9,31.0,47.0,True,lebanon,LBN,Lebanon,Lebanese Republic,LB,Middle East & North Africa,Upper middle income,True
U3094,Université Mohamed El Bachir El Ibrahimi de Bordj Bou Arréridj,Algeria,,algeria,,,,,,,,,,,False,,,,,,,,33.9,0.0,100.0,True,,,,,,,,30.9,0.0,100.0,True,algeria,DZA,Algeria,People's Democratic Republic of Algeria,DZ,Middle East & North Africa,Upper middle income,True
U3095,University of Mohamed Lamine Debaghin Setif 2,Algeria,,algeria,,,,,,,,,,,False,,,,,,,,33.6,0.0,62.0,True,,,,,,,,,,,False,algeria,DZA,Algeria,People's Democratic Republic of Algeria,DZ,Middle East & North Africa,Upper middle income,True
U3096,Monroe College,United States,,united states,,,,,,,,,,,False,,,,,,,,16.1,14.0,54.0,True,,,,,,,,,,,False,united states,USA,United States,United States of America,US,North America,High income: OECD,True
U3097,University of Monterrey,Mexico,,mexico,,,,,,,,,,,False,,,,,,,,17.0,1.0,60.0,True,,,,,,,,31.2,1.0,61.0,True,mexico,MEX,Mexico,United Mexican States,MX,Latin America & Caribbean,Upper middle income,True
U3098,Russian Biotechnological University (BIOTECH),Russian Federation,,russia,,,,,,,,,,,False,,,,,,,,10.8,9.0,54.0,True,,,,,,,,,,,False,russia,RUS,Russia,Russian Federation,RU,Europe & Central Asia,High income: nonOECD,True
U3099,Moscow State Linguistic University,Russian Federation,,russia,,,,,,,,,,,False,,,,,,,,6.4,9.0,74.0,True,,,,,,,,,,,False,russia,RUS,Russia,Russian Federation,RU,Europe & Central Asia,High income: nonOECD,True
U3100,Moscow Technical University of Communications and Informatics,Russian Federation,,russia,,,,,,,,,,,False,,,,,,,,20.3,6.0,20.0,True,,,,,,,,,,,False,russia,RUS,Russia,Russian Federation,RU,Europe & Central Asia,High income: nonOECD,True
U3101,University of Mostar,Bosnia and Herzegovina,,bosnia and herzegovina,,,,,,,,,,,False,,,,,,,,8.9,14.0,62.0,True,,,,,,,,,,,False,bosnia and herzegovina,BIH,Bosnia and Herzegovina,Bosnia and Herzegovina,BA,Europe & Central Asia,Upper middle income,True
U3102,Muban Chombueng Rajabhat University,Thailand,,thailand,,,,,,,,,,,False,,,,,,,,15.2,0.0,62.0,True,,,,,,,,17.9,0.0,62.0,True,thailand,THA,Thailand,Kingdom of Thailand,TH,East Asia & Pacific,Upper middle income,True
U3103,Mukogawa Women’s University,Japan,,japan,,,,,,,,,,,False,,,,,,,,24.8,0.0,100.0,True,,,,,,,,26.4,0.0,100.0,True,japan,JPN,Japan,Japan,JP,East Asia & Pacific,High income: OECD,True
U3104,Mulungushi University,Zambia,,zambia,,,,,,,,,,,False,,,,,,,,44.5,1.0,45.0,True,,,,,,,,54.6,0.0,41.0,True,zambia,ZMB,Zambia,Republic of Zambia,ZM,Sub-Saharan Africa,Lower middle income,True
U3105,Musashino University,Japan,,japan,,,,,,,,,,,False,,,,,,,,28.5,8.0,58.0,True,,,,,,,,,,,False,japan,JPN,Japan,Japan,JP,East Asia & Pacific,High income: OECD,True
U3106,Universidad Nacional Abierta y a Distancia (UNAD),Colombia,,colombia,,,,,,,,,,,False,,,,,,,,49.6,0.0,53.0,True,,,,,,,,,,,False,colombia,COL,Colombia,Republic of Colombia,CO,Latin America & Caribbean,Upper middle income,True
U3107,Universidad Nacional de Asunción,Paraguay,,paraguay,,,,,,,,,,,False,,,,,,,,9.8,2.0,39.0,True,,,,,,,,,,,False,paraguay,PRY,Paraguay,Republic of Paraguay,PY,Latin America & Caribbean,Lower middle income,True
U3108,Universidad Nacional de Chimborazo,Ecuador,,ecuador,,,,,,,,,,,False,,,,,,,,16.8,1.0,57.0,True,,,,,,,,14.7,1.0,57.0,True,ecuador,ECU,Ecuador,Republic of Ecuador,EC,Latin America & Caribbean,Upper middle income,True
U3109,Universidad Nacional de Itapúa,Paraguay,,paraguay,,,,,,,,,,,False,,,,,,,,5.0,1.0,55.0,True,,,,,,,,5.3,0.0,59.0,True,paraguay,PRY,Paraguay,Republic of Paraguay,PY,Latin America & Caribbean,Lower middle income,True
U3110,Universidad Nacional de Rafaela (UNRaf),Argentina,,argentina,,,,,,,,,,,False,,,,,,,,6.3,0.0,56.0,True,,,,,,,,,,,False,argentina,ARG,Argentina,Argentine Republic,AR,Latin America & Caribbean,Upper middle income,True
U3111,Nagoya University of Commerce & Business,Japan,,japan,,,,,,,,,,,False,,,,,,,,32.1,10.0,23.0,True,,,,,,,,29.9,8.0,25.0,True,japan,JPN,Japan,Japan,JP,East Asia & Pacific,High income: OECD,True
U3112,Nakhchivan State University,Azerbaijan,,azerbaijan,,,,,,,,,,,False,,,,,,,,7.9,20.0,48.0,True,,,,,,,,14.1,20.0,46.0,True,azerbaijan,AZE,Azerbaijan,Republic of Azerbaijan,AZ,Europe & Central Asia,Upper middle income,True
U3113,Nakhon Ratchasima Rajabhat University,Thailand,,thailand,,,,,,,,,,,False,,,,,,,,27.8,0.0,68.0,True,,,,,,,,,,,False,thailand,THA,Thailand,Kingdom of Thailand,TH,East Asia & Pacific,Upper middle income,True
U3114,Namal University,Pakistan,,pakistan,,,,,,,,,,,False,,,,,,,,15.9,0.0,37.0,True,,,,,,,,,,,False,pakistan,PAK,Pakistan,Islamic Republic of Pakistan,PK,South Asia,Lower middle income,True
U3115,Namangan Engineering Construction Institute,Uzbekistan,,uzbekistan,,,,,,,,,,,False,,,,,,,,20.9,0.0,11.0,True,,,,,,,,11.8,0.0,18.0,True,uzbekistan,UZB,Uzbekistan,Republic of Uzbekistan,UZ,Europe & Central Asia,Lower middle income,True
U3116,Namangan Institute of Engineering and Technology,Uzbekistan,,uzbekistan,,,,,,,,,,,False,,,,,,,,14.1,0.0,28.0,True,,,,,,,,18.1,0.0,21.0,True,uzbekistan,UZB,Uzbekistan,Republic of Uzbekistan,UZ,Europe & Central Asia,Lower middle income,True
U3117,Namangan State University,Uzbekistan,,uzbekistan,,,,,,,,,,,False,,,,,,,,25.8,0.0,54.0,True,,,,,,,,31.9,0.0,66.0,True,uzbekistan,UZB,Uzbekistan,Republic of Uzbekistan,UZ,Europe & Central Asia,Lower middle income,True
U3118,"Nasarawa State University, Keffi",Nigeria,,nigeria,,,,,,,,,,,False,,,,,,,,13.2,13.0,42.0,True,,,,,,,,,,,False,nigeria,NGA,Nigeria,Federal Republic of Nigeria,NG,Sub-Saharan Africa,Lower middle income,True
U3119,National Film and Television School,United Kingdom,,united kingdom,,,,,,,,,,,False,,,,,,,,7.3,41.0,50.0,True,,,,,,,,7.2,42.0,50.0,True,united kingdom,GBR,United Kingdom,United Kingdom of Great Britain and Northern Ireland,GB,Europe & Central Asia,High income: OECD,True
U3120,National University of Food Technologies,Ukraine,,ukraine,,,,,,,,,,,False,,,,,,,,10.1,0.0,53.0,True,,,,,,,,,,,False,ukraine,UKR,Ukraine,Ukraine,UA,Europe & Central Asia,Lower middle income,True
U3121,National University Odessa Law Academy,Ukraine,,ukraine,,,,,,,,,,,False,,,,,,,,18.6,1.0,65.0,True,,,,,,,,17.7,1.0,60.0,True,ukraine,UKR,Ukraine,Ukraine,UA,Europe & Central Asia,Lower middle income,True
U3122,The National University of Ostroh Academy,Ukraine,,ukraine,,,,,,,,,,,False,,,,,,,,9.8,0.0,48.0,True,,,,,,,,8.8,1.0,57.0,True,ukraine,UKR,Ukraine,Ukraine,UA,Europe & Central Asia,Lower middle income,True
U3123,National Polytechnic University of Armenia,Armenia,,armenia,,,,,,,,,,,False,,,,,,,,7.3,2.0,27.0,True,,,,,,,,8.7,2.0,20.0,True,armenia,ARM,Armenia,Republic of Armenia,AM,Europe & Central Asia,Lower middle income,True
U3124,National University of Quilmes,Argentina,,argentina,,,,,,,,,,,False,,,,,,,,32.4,2.0,56.0,True,,,,,,,,27.3,2.0,57.0,True,argentina,ARG,Argentina,Argentine Republic,AR,Latin America & Caribbean,Upper middle income,True
U3125,National School of Artificial Intelligence (ENSIA),Algeria,,algeria,,,,,,,,,,,False,,,,,,,,12.5,0.0,66.0,True,,,,,,,,,,,False,algeria,DZA,Algeria,People's Democratic Republic of Algeria,DZ,Middle East & North Africa,Upper middle income,True
U3126,"National University of Science and Technology, Oman",Oman,,oman,,,,,,,,,,,False,,,,,,,,18.2,10.0,58.0,True,,,,,,,,18.8,14.0,63.0,True,oman,OMN,Oman,Sultanate of Oman,OM,Middle East & North Africa,High income: nonOECD,True
U3127,"National University, Sudan",Sudan,,sudan,,,,,,,,,,,False,,,,,,,,15.1,5.0,51.0,True,,,,,,,,12.3,6.0,60.0,True,sudan,SDN,Sudan,Republic of the Sudan,SD,Sub-Saharan Africa,Lower middle income,True
U3128,National Textile University,Pakistan,,pakistan,,,,,,,,,,,False,,,,,,,,18.8,0.0,29.0,True,,,,,,,,,,,False,pakistan,PAK,Pakistan,Islamic Republic of Pakistan,PK,South Asia,Lower middle income,True
U3129,National Transport University,Ukraine,,ukraine,,,,,,,,,,,False,,,,,,,,10.2,3.0,28.0,True,,,,,,,,11.5,2.0,31.0,True,ukraine,UKR,Ukraine,Ukraine,UA,Europe & Central Asia,Lower middle income,True
U3130,National University of Water and Environmental Engineering,Ukraine,,ukraine,,,,,,,,,,,False,,,,,,,,16.1,2.0,33.0,True,,,,,,,,9.8,3.0,34.0,True,ukraine,UKR,Ukraine,Ukraine,UA,Europe & Central Asia,Lower middle income,True
U3131,National University “Yuri Kondratyuk Poltava Polytechnic”,Ukraine,,ukraine,,,,,,,,,,,False,,,,,,,,8.7,9.0,53.0,True,,,,,,,,8.1,10.0,49.0,True,ukraine,UKR,Ukraine,Ukraine,UA,Europe & Central Asia,Lower middle income,True
U3132,Navoi State Pedagogical Institute,Uzbekistan,,uzbekistan,,,,,,,,,,,False,,,,,,,,26.4,0.0,61.0,True,,,,,,,,26.4,0.0,72.0,True,uzbekistan,UZB,Uzbekistan,Republic of Uzbekistan,UZ,Europe & Central Asia,Lower middle income,True
U3133,Netaji Subhas University of Technology,India,,india,,,,,,,,,,,False,,,,,,,,14.6,3.0,14.0,True,,,,,,,,,,,False,india,IND,India,Republic of India,IN,South Asia,Lower middle income,True
U3134,Niger Delta University,Nigeria,,nigeria,,,,,,,,,,,False,,,,,,,,23.4,0.0,44.0,True,,,,,,,,25.9,0.0,45.0,True,nigeria,NGA,Nigeria,Federal Republic of Nigeria,NG,Sub-Saharan Africa,Lower middle income,True
U3135,Nihon Pharmaceutical University,Japan,,japan,,,,,,,,,,,False,,,,,,,,17.7,4.0,50.0,True,,,,,,,,18.4,4.0,48.0,True,japan,JPN,Japan,Japan,JP,East Asia & Pacific,High income: OECD,True
U3136,Niigata University of Health and Welfare,Japan,,japan,,,,,,,,,,,False,,,,,,,,17.3,1.0,51.0,True,,,,,,,,17.2,0.0,51.0,True,japan,JPN,Japan,Japan,JP,East Asia & Pacific,High income: OECD,True
U3137,University of Niigata Prefecture,Japan,,japan,,,,,,,,,,,False,,,,,,,,16.0,1.0,73.0,True,,,,,,,,14.8,1.0,76.0,True,japan,JPN,Japan,Japan,JP,East Asia & Pacific,High income: OECD,True
U3138,Ninevah University,Iraq,,iraq,,,,,,,,,,,False,,,,,,,,14.6,0.0,42.0,True,,,,,,,,13.6,0.0,42.0,True,iraq,IRQ,Iraq,Republic of Iraq,IQ,Middle East & North Africa,Upper middle income,True
U3139,Nitte (Deemed to be University),India,,india,,,,,,,,,,,False,,,,,,,,8.1,1.0,66.0,True,,,,,,,,7.7,1.0,65.0,True,india,IND,India,Republic of India,IN,South Asia,Lower middle income,True
U3140,University of Northampton,United Kingdom,,united kingdom,,,,,,,,,,,False,,,,,,,,17.6,32.0,64.0,True,,,,,,,,16.9,33.0,64.0,True,united kingdom,GBR,United Kingdom,United Kingdom of Great Britain and Northern Ireland,GB,Europe & Central Asia,High income: OECD,True
U3141,Northeast Ohio Medical University,United States,,united states,,,,,,,,,,,False,,,,,,,,10.4,0.0,55.0,True,,,,,,,,11.8,0.0,54.0,True,united states,USA,United States,United States of America,US,North America,High income: OECD,True
U3142,Northern Border University,Saudi Arabia,,saudi arabia,,,,,,,,,,,False,,,,,,,,11.5,2.0,65.0,True,,,,,,,,,,,False,saudi arabia,SAU,Saudi Arabia,Kingdom of Saudi Arabia,SA,Middle East & North Africa,High income: nonOECD,True
U3143,Northern Technical University,Iraq,,iraq,,,,,,,,,,,False,,,,,,,,30.9,0.0,47.0,True,,,,,,,,27.5,0.0,48.0,True,iraq,IRQ,Iraq,Republic of Iraq,IQ,Middle East & North Africa,Upper middle income,True
U3144,Norwich University of the Arts,United Kingdom,,united kingdom,,,,,,,,,,,False,,,,,,,,15.6,12.0,61.0,True,,,,,,,,15.8,13.0,61.0,True,united kingdom,GBR,United Kingdom,United Kingdom of Great Britain and Northern Ireland,GB,Europe & Central Asia,High income: OECD,True
U3145,University Centre of El-Bayadh,Algeria,,algeria,,,,,,,,,,,False,,,,,,,,33.2,0.0,0.0,True,,,,,,,,,,,False,algeria,DZA,Algeria,People's Democratic Republic of Algeria,DZ,Middle East & North Africa,Upper middle income,True
U3146,University of Nova Gorica,Slovenia,,slovenia,,,,,,,,,,,False,,,,,,,,3.2,55.0,47.0,True,,,,,,,,3.5,54.0,48.0,True,slovenia,SVN,Slovenia,Republic of Slovenia,SI,Europe & Central Asia,High income: OECD,True
U3147,Novosibirsk State University of Economics and Management,Russian Federation,,russia,,,,,,,,,,,False,,,,,,,,8.3,18.0,68.0,True,,,,,,,,,,,False,russia,RUS,Russia,Russian Federation,RU,Europe & Central Asia,High income: nonOECD,True
U3148,Nueva Ecija University of Science and Technology (NEUST),Philippines,,philippines,,,,,,,,,,,False,,,,,,,,60.0,1.0,56.0,True,,,,,,,,,,,False,philippines,PHL,Philippines,Republic of the Philippines,PH,East Asia & Pacific,Lower middle income,True
U3149,Universidad Nur,Bolivia,,bolivia,,,,,,,,,,,False,,,,,,,,9.5,0.0,57.0,True,,,,,,,,,,,False,bolivia,BOL,Bolivia,Plurinational State of Bolivia,BO,Latin America & Caribbean,Lower middle income,True
U3150,October 6 University,Egypt,,egypt,,,,,,,,,,,False,,,,,,,,11.9,4.0,48.0,True,,,,,,,,20.8,3.0,49.0,True,egypt,EGY,Egypt,Arab Republic of Egypt,EG,Middle East & North Africa,Lower middle income,True
U3151,October University for Modern Sciences and Arts (MSA),Egypt,,egypt,,,,,,,,,,,False,,,,,,,,9.8,1.0,50.0,True,,,,,,,,11.4,2.0,50.0,True,egypt,EGY,Egypt,Arab Republic of Egypt,EG,Middle East & North Africa,Lower middle income,True
U3152,Odesa I.I. Mechnikov National University,Ukraine,,ukraine,,,,,,,,,,,False,,,,,,,,7.2,3.0,71.0,True,,,,,,,,,,,False,ukraine,UKR,Ukraine,Ukraine,UA,Europe & Central Asia,Lower middle income,True
U3153,Oguz Han Engineering and Technology University of Turkmenistan,Turkmenistan,,turkmenistan,,,,,,,,,,,False,,,,,,,,14.1,0.0,54.0,True,,,,,,,,13.2,0.0,52.0,True,turkmenistan,TKM,Turkmenistan,Turkmenistan,TM,Europe & Central Asia,Upper middle income,True
U3154,University of Okara,Pakistan,,pakistan,,,,,,,,,,,False,,,,,,,,60.6,0.0,53.0,True,,,,,,,,,,,False,pakistan,PAK,Pakistan,Islamic Republic of Pakistan,PK,South Asia,Lower middle income,True
U3155,Omsk State Agrarian University,Russian Federation,,russia,,,,,,,,,,,False,,,,,,,,20.3,11.0,55.0,True,,,,,,,,,,,False,russia,RUS,Russia,Russian Federation,RU,Europe & Central Asia,High income: nonOECD,True
U3156,Open Christian University,South Africa,,south africa,,,,,,,,,,,False,,,,,,,,1.6,88.0,16.0,True,,,,,,,,,,,False,south africa,ZAF,South Africa,Republic of South Africa,ZA,Sub-Saharan Africa,Upper middle income,True
U3157,Université d’Oran 2 Mohamed Ben Ahmed,Algeria,,algeria,,,,,,,,,,,False,,,,,,,,29.2,1.0,58.0,True,,,,,,,,,,,False,algeria,DZA,Algeria,People's Democratic Republic of Algeria,DZ,Middle East & North Africa,Upper middle income,True
U3158,Oran Graduate School of Economics,Algeria,,algeria,,,,,,,,,,,False,,,,,,,,13.2,0.0,57.0,True,,,,,,,,,,,False,algeria,DZA,Algeria,People's Democratic Republic of Algeria,DZ,Middle East & North Africa,Upper middle income,True
U3159,Orel State Agrarian University named after N.V. Parahin,Russian Federation,,russia,,,,,,,,,,,False,,,,,,,,10.4,20.0,42.0,True,,,,,,,,,,,False,russia,RUS,Russia,Russian Federation,RU,Europe & Central Asia,High income: nonOECD,True
U3160,Orel State University named after I.S. Turgenev,Russian Federation,,russia,,,,,,,,,,,False,,,,,,,,14.9,13.0,54.0,True,,,,,,,,,,,False,russia,RUS,Russia,Russian Federation,RU,Europe & Central Asia,High income: nonOECD,True
U3161,ORT Uruguay University,Uruguay,,uruguay,,,,,,,,,,,False,,,,,,,,6.7,3.0,46.0,True,,,,,,,,6.7,2.0,47.0,True,uruguay,URY,Uruguay,Oriental Republic of Uruguay,UY,Latin America & Caribbean,High income: nonOECD,True
U3162,Osol Al-Deen University College,Iraq,,iraq,,,,,,,,,,,False,,,,,,,,28.8,0.0,54.0,True,,,,,,,,,,,False,iraq,IRQ,Iraq,Republic of Iraq,IQ,Middle East & North Africa,Upper middle income,True
U3163,University College of Osteopathy,United Kingdom,,united kingdom,,,,,,,,,,,False,,,,,,,,10.6,31.0,57.0,True,,,,,,,,11.1,28.0,55.0,True,united kingdom,GBR,United Kingdom,United Kingdom of Great Britain and Northern Ireland,GB,Europe & Central Asia,High income: OECD,True
U3164,Ostrogradsky National University of Kremenchuk,Ukraine,,ukraine,,,,,,,,,,,False,,,,,,,,12.5,1.0,47.0,True,,,,,,,,11.8,0.0,38.0,True,ukraine,UKR,Ukraine,Ukraine,UA,Europe & Central Asia,Lower middle income,True
U3165,University of Oum El Bouaghi,Algeria,,algeria,,,,,,,,,,,False,,,,,,,,12.8,0.0,72.0,True,,,,,,,,,,,False,algeria,DZA,Algeria,People's Democratic Republic of Algeria,DZ,Middle East & North Africa,Upper middle income,True
U3166,Universidad del Pacífico Ecuador,Ecuador,,ecuador,,,,,,,,,,,False,,,,,,,,13.9,1.0,43.0,True,,,,,,,,13.9,2.0,58.0,True,ecuador,ECU,Ecuador,Republic of Ecuador,EC,Latin America & Caribbean,Upper middle income,True
U3167,Palestine Polytechnic University,Palestine,,palestine,,,,,,,,,,,False,,,,,,,,16.6,2.0,58.0,True,,,,,,,,27.0,3.0,55.0,True,west bank and gaza,PSE,West Bank and Gaza,West Bank and Gaza,PS,Middle East & North Africa,Lower middle income,True
U3168,Palestine Technical University – Kadoorie,Palestine,,palestine,,,,,,,,,,,False,,,,,,,,18.8,4.0,59.0,True,,,,,,,,18.3,4.0,59.0,True,west bank and gaza,PSE,West Bank and Gaza,West Bank and Gaza,PS,Middle East & North Africa,Lower middle income,True
U3169,Universidad de Pamplona,Colombia,,colombia,,,,,,,,,,,False,,,,,,,,14.9,1.0,51.0,True,,,,,,,,,,,False,colombia,COL,Colombia,Republic of Colombia,CO,Latin America & Caribbean,Upper middle income,True
U3170,Panteion University of Social and Political Sciences,Greece,,greece,,,,,,,,,,,False,,,,,,,,67.8,2.0,50.0,True,,,,,,,,62.5,2.0,52.0,True,greece,GRC,Greece,Hellenic Republic,GR,Europe & Central Asia,High income: OECD,True
U3171,Panthéon-Assas University (Paris 2),France,,france,,,,,,,,,,,False,,,,,,,,77.9,12.0,64.0,True,,,,,,,,,,,False,france,FRA,France,French Republic,FR,Europe & Central Asia,High income: OECD,True
U3172,Pavlo Tychyna Uman State Pedagogical University,Ukraine,,ukraine,,,,,,,,,,,False,,,,,,,,14.5,3.0,32.0,True,,,,,,,,17.5,2.0,32.0,True,ukraine,UKR,Ukraine,Ukraine,UA,Europe & Central Asia,Lower middle income,True
U3173,University of Petra,Jordan,,jordan,,,,,,,,,,,False,,,,,,,,20.5,22.0,58.0,True,,,,,,,,19.9,21.0,57.0,True,jordan,JOR,Jordan,Hashemite Kingdom of Jordan,JO,Middle East & North Africa,Upper middle income,True
U3174,Petre Shotadze Tbilisi Medical Academy,Georgia,,georgia,,,,,,,,,,,False,,,,,,,,16.4,64.0,31.0,True,,,,,,,,,,,False,georgia,GEO,Georgia,Georgia,GE,Europe & Central Asia,Lower middle income,True
U3175,Petroleum University of Technology,Iran,,iran,,,,,,,,,,,False,,,,,,,,35.0,0.0,19.0,True,,,,,,,,,,,False,iran,IRN,Iran,Islamic Republic of Iran,IR,Middle East & North Africa,Upper middle income,True
U3176,Petro Mohyla Black Sea National University,Ukraine,,ukraine,,,,,,,,,,,False,,,,,,,,10.2,10.0,58.0,True,,,,,,,,,,,False,ukraine,UKR,Ukraine,Ukraine,UA,Europe & Central Asia,Lower middle income,True
U3177,Pharos University,Egypt,,egypt,,,,,,,,,,,False,,,,,,,,29.1,1.0,53.0,True,,,,,,,,14.1,6.0,49.0,True,egypt,EGY,Egypt,Arab Republic of Egypt,EG,Middle East & North Africa,Lower middle income,True
U3178,Philadelphia University (Jordan),Jordan,,jordan,,,,,,,,,,,False,,,,,,,,16.4,33.0,44.0,True,,,,,,,,20.1,36.0,41.0,True,jordan,JOR,Jordan,Hashemite Kingdom of Jordan,JO,Middle East & North Africa,Upper middle income,True
U3179,"Plateau State University, Bokkos",Nigeria,,nigeria,,,,,,,,,,,False,,,,,,,,11.4,0.0,36.0,True,,,,,,,,,,,False,nigeria,NGA,Nigeria,Federal Republic of Nigeria,NG,Sub-Saharan Africa,Lower middle income,True
U3180,Platov South-Russian State Polytechnic University (NPI),Russian Federation,,russia,,,,,,,,,,,False,,,,,,,,10.1,9.0,20.0,True,,,,,,,,,,,False,russia,RUS,Russia,Russian Federation,RU,Europe & Central Asia,High income: nonOECD,True
U3181,Plymouth Marjon University,United Kingdom,,united kingdom,,,,,,,,,,,False,,,,,,,,22.4,2.0,65.0,True,,,,,,,,18.5,3.0,61.0,True,united kingdom,GBR,United Kingdom,United Kingdom of Great Britain and Northern Ireland,GB,Europe & Central Asia,High income: OECD,True
U3182,Polytechnic Institute of Setúbal,Portugal,,portugal,,,,,,,,,,,False,,,,,,,,17.8,7.0,46.0,True,,,,,,,,17.3,6.0,54.0,True,portugal,PRT,Portugal,Portuguese Republic,PT,Europe & Central Asia,High income: OECD,True
U3183,Pontifical Catholic University of Argentina,Argentina,,argentina,,,,,,,,,,,False,,,,,,,,4.4,7.0,56.0,True,,,,,,,,,,,False,argentina,ARG,Argentina,Argentine Republic,AR,Latin America & Caribbean,Upper middle income,True
U3184,University of Poonch Rawalakot,Pakistan,,pakistan,,,,,,,,,,,False,,,,,,,,28.1,0.0,56.0,True,,,,,,,,,,,False,pakistan,PAK,Pakistan,Islamic Republic of Pakistan,PK,South Asia,Lower middle income,True
U3185,Universidad Popular Autónoma del Estado de Puebla,Mexico,,mexico,,,,,,,,,,,False,,,,,,,,19.3,2.0,61.0,True,,,,,,,,16.1,1.0,60.0,True,mexico,MEX,Mexico,United Mexican States,MX,Latin America & Caribbean,Upper middle income,True
U3186,Prefectural University of Hiroshima,Japan,,japan,,,,,,,,,,,False,,,,,,,,11.9,2.0,67.0,True,,,,,,,,12.3,2.0,65.0,True,japan,JPN,Japan,Japan,JP,East Asia & Pacific,High income: OECD,True
U3187,"Presbyterian University, Ghana",Ghana,,ghana,,,,,,,,,,,False,,,,,,,,41.3,1.0,46.0,True,,,,,,,,,,,False,ghana,GHA,Ghana,Republic of Ghana,GH,Sub-Saharan Africa,Lower middle income,True
U3188,Presidency University,India,,india,,,,,,,,,,,False,,,,,,,,20.3,0.0,29.0,True,,,,,,,,,,,False,india,IND,India,Republic of India,IN,South Asia,Lower middle income,True
U3189,"University of Professional Studies, Accra",Ghana,,ghana,,,,,,,,,,,False,,,,,,,,50.9,0.0,46.0,True,,,,,,,,39.8,0.0,46.0,True,ghana,GHA,Ghana,Republic of Ghana,GH,Sub-Saharan Africa,Lower middle income,True
U3190,Prydniprovska State Academy of Civil Engineering and Architecture,Ukraine,,ukraine,,,,,,,,,,,False,,,,,,,,7.2,5.0,39.0,True,,,,,,,,,,,False,ukraine,UKR,Ukraine,Ukraine,UA,Europe & Central Asia,Lower middle income,True
U3191,Pskov State University,Russian Federation,,russia,,,,,,,,,,,False,,,,,,,,18.7,13.0,55.0,True,,,,,,,,,,,False,russia,RUS,Russia,Russian Federation,RU,Europe & Central Asia,High income: nonOECD,True
U3192,PUC-Campinas,Brazil,,brazil,,,,,,,,,,,False,,,,,,,,32.8,0.0,58.0,True,,,,,,,,,,,False,brazil,BRA,Brazil,Federative Republic of Brazil,BR,Latin America & Caribbean,Upper middle income,True
U3193,University of Puthisastra,Cambodia,,cambodia,,,,,,,,,,,False,,,,,,,,8.1,0.0,59.0,True,,,,,,,,2.9,0.0,55.0,True,cambodia,KHM,Cambodia,Kingdom of Cambodia,KH,East Asia & Pacific,Low income,True
U3194,"Quaid-e-Awam University of Engineering, Science and Technology (QUEST)",Pakistan,,pakistan,,,,,,,,,,,False,,,,,,,,10.6,0.0,16.0,True,,,,,,,,,,,False,pakistan,PAK,Pakistan,Islamic Republic of Pakistan,PK,South Asia,Lower middle income,True
U3195,Queen Arwa University,Yemen,,yemen,,,,,,,,,,,False,,,,,,,,9.2,1.0,33.0,True,,,,,,,,,,,False,yemen,YEM,Yemen,Republic of Yemen,YE,Middle East & North Africa,Lower middle income,True
U3196,Queen Margaret University,United Kingdom,,united kingdom,,,,,,,,,,,False,,,,,,,,21.8,30.0,77.0,True,,,,,,,,20.6,31.0,77.0,True,united kingdom,GBR,United Kingdom,United Kingdom of Great Britain and Northern Ireland,GB,Europe & Central Asia,High income: OECD,True
U3197,Universidade Rainha Njinga a Mbande (URNM),Angola,,angola,,,,,,,,,,,False,,,,,,,,12.2,0.0,44.0,True,,,,,,,,,,,False,angola,AGO,Angola,People's Republic of Angola,AO,Sub-Saharan Africa,Upper middle income,True
U3198,Rajamangala University of Technology Isan,Thailand,,thailand,,,,,,,,,,,False,,,,,,,,18.2,0.0,46.0,True,,,,,,,,9.5,0.0,46.0,True,thailand,THA,Thailand,Kingdom of Thailand,TH,East Asia & Pacific,Upper middle income,True
U3199,Rajamangala University of Technology Thanyaburi (RMUTT),Thailand,,thailand,,,,,,,,,,,False,,,,,,,,22.7,1.0,57.0,True,,,,,,,,,,,False,thailand,THA,Thailand,Kingdom of Thailand,TH,East Asia & Pacific,Upper middle income,True
U3200,Rawalpindi Medical University,Pakistan,,pakistan,,,,,,,,,,,False,,,,,,,,9.1,1.0,70.0,True,,,,,,,,8.4,1.0,69.0,True,pakistan,PAK,Pakistan,Islamic Republic of Pakistan,PK,South Asia,Lower middle income,True
U3201,Rennes School of Business,France,,france,,,,,,,,,,,False,,,,,,,,34.6,34.0,51.0,True,,,,,,,,31.3,33.0,50.0,True,france,FRA,France,French Republic,FR,Europe & Central Asia,High income: OECD,True
U3202,Ritsumeikan Asia Pacific University (APU),Japan,,japan,,,,,,,,,,,False,,,,,,,,25.8,47.0,52.0,True,,,,,,,,,,,False,japan,JPN,Japan,Japan,JP,East Asia & Pacific,High income: OECD,True
U3203,Rose Bruford College,United Kingdom,,united kingdom,,,,,,,,,,,False,,,,,,,,15.8,20.0,59.0,True,,,,,,,,18.7,18.0,60.0,True,united kingdom,GBR,United Kingdom,United Kingdom of Great Britain and Northern Ireland,GB,Europe & Central Asia,High income: OECD,True
U3204,Rostov State University of Economics,Russian Federation,,russia,,,,,,,,,,,False,,,,,,,,24.8,3.0,66.0,True,,,,,,,,,,,False,russia,RUS,Russia,Russian Federation,RU,Europe & Central Asia,High income: nonOECD,True
U3205,Royal Agricultural University,United Kingdom,,united kingdom,,,,,,,,,,,False,,,,,,,,20.7,13.0,54.0,True,,,,,,,,20.3,14.0,51.0,True,united kingdom,GBR,United Kingdom,United Kingdom of Great Britain and Northern Ireland,GB,Europe & Central Asia,High income: OECD,True
U3206,"Royal Central School of Speech and Drama, University of London",United Kingdom,,united kingdom,,,,,,,,,,,False,,,,,,,,16.7,33.0,68.0,True,,,,,,,,15.9,36.0,68.0,True,united kingdom,GBR,United Kingdom,United Kingdom of Great Britain and Northern Ireland,GB,Europe & Central Asia,High income: OECD,True
U3207,Royal College of Academics,Luxembourg,,luxembourg,,,,,,,,,,,False,,,,,,,,333.3,100.0,53.0,True,,,,,,,,,,,False,luxembourg,LUX,Luxembourg,Grand Duchy of Luxembourg,LU,Europe & Central Asia,High income: OECD,True
U3208,Royal College of Art,United Kingdom,,united kingdom,,,,,,,,,,,False,,,,,,,,20.4,80.0,72.0,True,,,,,,,,20.9,77.0,69.0,True,united kingdom,GBR,United Kingdom,United Kingdom of Great Britain and Northern Ireland,GB,Europe & Central Asia,High income: OECD,True
U3209,Royal Conservatoire of Scotland,United Kingdom,,united kingdom,,,,,,,,,,,False,,,,,,,,10.9,38.0,57.0,True,,,,,,,,10.8,38.0,57.0,True,united kingdom,GBR,United Kingdom,United Kingdom of Great Britain and Northern Ireland,GB,Europe & Central Asia,High income: OECD,True
U3210,Royal Academy of Dramatic Art (RADA),United Kingdom,,united kingdom,,,,,,,,,,,False,,,,,,,,4.4,20.0,57.0,True,,,,,,,,,,,False,united kingdom,GBR,United Kingdom,United Kingdom of Great Britain and Northern Ireland,GB,Europe & Central Asia,High income: OECD,True
U3211,Royal Academy of Music,United Kingdom,,united kingdom,,,,,,,,,,,False,,,,,,,,9.8,49.0,50.0,True,,,,,,,,9.8,47.0,49.0,True,united kingdom,GBR,United Kingdom,United Kingdom of Great Britain and Northern Ireland,GB,Europe & Central Asia,High income: OECD,True
U3212,Royal College of Music,United Kingdom,,united kingdom,,,,,,,,,,,False,,,,,,,,10.3,58.0,55.0,True,,,,,,,,10.8,57.0,52.0,True,united kingdom,GBR,United Kingdom,United Kingdom of Great Britain and Northern Ireland,GB,Europe & Central Asia,High income: OECD,True
U3213,Royal Northern College of Music,United Kingdom,,united kingdom,,,,,,,,,,,False,,,,,,,,11.0,33.0,49.0,True,,,,,,,,10.9,33.0,50.0,True,united kingdom,GBR,United Kingdom,United Kingdom of Great Britain and Northern Ireland,GB,Europe & Central Asia,High income: OECD,True
U3214,Russian State Agrarian University – Moscow Timiryazev Agricultural Academy,Russian Federation,,russia,,,,,,,,,,,False,,,,,,,,13.3,5.0,48.0,True,,,,,,,,,,,False,russia,RUS,Russia,Russian Federation,RU,Europe & Central Asia,High income: nonOECD,True
U3215,Russian University of State for Social (RUSS),Russian Federation,,russia,,,,,,,,,,,False,,,,,,,,34.5,5.0,67.0,True,,,,,,,,,,,False,russia,RUS,Russia,Russian Federation,RU,Europe & Central Asia,High income: nonOECD,True
U3216,Ryazan State Medical University,Russian Federation,,russia,,,,,,,,,,,False,,,,,,,,9.4,15.0,67.0,True,,,,,,,,,,,False,russia,RUS,Russia,Russian Federation,RU,Europe & Central Asia,High income: nonOECD,True
U3217,University of Sadat City,Egypt,,egypt,,,,,,,,,,,False,,,,,,,,49.5,1.0,47.0,True,,,,,,,,34.4,4.0,54.0,True,egypt,EGY,Egypt,Arab Republic of Egypt,EG,Middle East & North Africa,Lower middle income,True
U3218,University of Saida,Algeria,,algeria,,,,,,,,,,,False,,,,,,,,19.5,0.0,57.0,True,,,,,,,,,,,False,algeria,DZA,Algeria,People's Democratic Republic of Algeria,DZ,Middle East & North Africa,Upper middle income,True
U3219,University of Saint Joseph,Macao,,macao,,,,,,,,,,,False,,,,,,,,12.8,10.0,61.0,True,,,,,,,,10.7,24.0,62.0,True,"macao sar, china",MAC,"Macao SAR, China",Macao Special Administrative Region of the People's Republic of China,MO,East Asia & Pacific,High income: nonOECD,True
U3220,Saint Petersburg State Pediatric Medical University,Russian Federation,,russia,,,,,,,,,,,False,,,,,,,,11.9,14.0,57.0,True,,,,,,,,,,,False,russia,RUS,Russia,Russian Federation,RU,Europe & Central Asia,High income: nonOECD,True
U3221,"Saint Thomas University, Colombia",Colombia,,colombia,,,,,,,,,,,False,,,,,,,,21.1,0.0,50.0,True,,,,,,,,,,,False,colombia,COL,Colombia,Republic of Colombia,CO,Latin America & Caribbean,Upper middle income,True
U3222,Sakon Nakhon Rajabhat University,Thailand,,thailand,,,,,,,,,,,False,,,,,,,,20.6,1.0,66.0,True,,,,,,,,20.1,0.0,64.0,True,thailand,THA,Thailand,Kingdom of Thailand,TH,East Asia & Pacific,Upper middle income,True
U3223,Salahaddin University–Erbil,Iraq,,iraq,,,,,,,,,,,False,,,,,,,,11.7,1.0,57.0,True,,,,,,,,,,,False,iraq,IRQ,Iraq,Republic of Iraq,IQ,Middle East & North Africa,Upper middle income,True
U3224,Samara State Medical University,Russian Federation,,russia,,,,,,,,,,,False,,,,,,,,9.4,11.0,71.0,True,,,,,,,,,,,False,russia,RUS,Russia,Russian Federation,RU,Europe & Central Asia,High income: nonOECD,True
U3225,Samarkand State University,Uzbekistan,,uzbekistan,,,,,,,,,,,False,,,,,,,,16.7,0.0,48.0,True,,,,,,,,17.2,0.0,50.0,True,uzbekistan,UZB,Uzbekistan,Republic of Uzbekistan,UZ,Europe & Central Asia,Lower middle income,True
U3226,Samarkand State Institute of Foreign Languages,Uzbekistan,,uzbekistan,,,,,,,,,,,False,,,,,,,,14.7,0.0,68.0,True,,,,,,,,10.9,0.0,74.0,True,uzbekistan,UZB,Uzbekistan,Republic of Uzbekistan,UZ,Europe & Central Asia,Lower middle income,True
U3227,Samarkand State Medical University,Uzbekistan,,uzbekistan,,,,,,,,,,,False,,,,,,,,9.9,2.0,41.0,True,,,,,,,,10.2,1.0,41.0,True,uzbekistan,UZB,Uzbekistan,Republic of Uzbekistan,UZ,Europe & Central Asia,Lower middle income,True
U3228,Samsun University,Turkey,,turkey,,,,,,,,,,,False,,,,,,,,21.2,4.0,44.0,True,,,,,,,,,,,False,turkey,TUR,Turkey,Republic of Turkey,TR,Europe & Central Asia,Upper middle income,True
U3229,University of San Martín de Porres,Peru,,peru,,,,,,,,,,,False,,,,,,,,18.2,1.0,64.0,True,,,,,,,,18.0,0.0,61.0,True,peru,PER,Peru,Republic of Peru,PE,Latin America & Caribbean,Upper middle income,True
U3230,University of Santander,Colombia,,colombia,,,,,,,,,,,False,,,,,,,,19.3,1.0,62.0,True,,,,,,,,,,,False,colombia,COL,Colombia,Republic of Colombia,CO,Latin America & Caribbean,Upper middle income,True
U3231,Universidad Santo Tomás,Chile,,chile,,,,,,,,,,,False,,,,,,,,22.4,1.0,68.0,True,,,,,,,,,,,False,chile,CHL,Chile,Republic of Chile,CL,Latin America & Caribbean,High income: OECD,True
U3232,Sarsen Amanzholov East Kazakhstan University,Kazakhstan,,kazakhstan,,,,,,,,,,,False,,,,,,,,25.0,2.0,59.0,True,,,,,,,,,,,False,kazakhstan,KAZ,Kazakhstan,Republic of Kazakhstan,KZ,Europe & Central Asia,Upper middle income,True
U3233,Satya Wacana Christian University,Indonesia,,indonesia,,,,,,,,,,,False,,,,,,,,41.2,0.0,53.0,True,,,,,,,,35.5,0.0,45.0,True,indonesia,IDN,Indonesia,Republic of Indonesia,ID,East Asia & Pacific,Lower middle income,True
U3234,Saudi Electronic University,Saudi Arabia,,saudi arabia,,,,,,,,,,,False,,,,,,,,21.7,7.0,44.0,True,,,,,,,,24.3,6.0,48.0,True,saudi arabia,SAU,Saudi Arabia,Kingdom of Saudi Arabia,SA,Middle East & North Africa,High income: nonOECD,True
U3235,SBS Swiss Business School,Switzerland,,switzerland,,,,,,,,,,,False,,,,,,,,13.6,61.0,35.0,True,,,,,,,,10.3,57.0,42.0,True,switzerland,CHE,Switzerland,Switzerland,CH,Europe & Central Asia,High income: OECD,True
U3236,University of Science and Technology of Southern Philippines (USTP),Philippines,,philippines,,,,,,,,,,,False,,,,,,,,28.3,0.0,52.0,True,,,,,,,,32.5,0.0,60.0,True,philippines,PHL,Philippines,Republic of the Philippines,PH,East Asia & Pacific,Lower middle income,True
U3237,SDU University,Kazakhstan,,kazakhstan,,,,,,,,,,,False,,,,,,,,22.7,0.0,53.0,True,,,,,,,,,,,False,kazakhstan,KAZ,Kazakhstan,Republic of Kazakhstan,KZ,Europe & Central Asia,Upper middle income,True
U3238,Sebha University,Libya,,libya,,,,,,,,,,,False,,,,,,,,10.0,5.0,69.0,True,,,,,,,,,,,False,libya,LBY,Libya,Socialist People's Libyan Arab Jamahiriya,LY,Middle East & North Africa,Upper middle income,True
U3239,Sefako Makgatho Health Sciences University,South Africa,,south africa,,,,,,,,,,,False,,,,,,,,6.8,2.0,67.0,True,,,,,,,,9.9,1.0,62.0,True,south africa,ZAF,South Africa,Republic of South Africa,ZA,Sub-Saharan Africa,Upper middle income,True
U3240,Seisa Dohto University,Japan,,japan,,,,,,,,,,,False,,,,,,,,14.4,8.0,31.0,True,,,,,,,,,,,False,japan,JPN,Japan,Japan,JP,East Asia & Pacific,High income: OECD,True
U3241,Senshu University,Japan,,japan,,,,,,,,,,,False,,,,,,,,21.9,3.0,36.0,True,,,,,,,,23.0,3.0,35.0,True,japan,JPN,Japan,Japan,JP,East Asia & Pacific,High income: OECD,True
U3242,Seyitnazar Seydi Turkmen State Pedagogical Institute,Turkmenistan,,turkmenistan,,,,,,,,,,,False,,,,,,,,21.9,0.0,64.0,True,,,,,,,,,,,False,turkmenistan,TKM,Turkmenistan,Turkmenistan,TM,Europe & Central Asia,Upper middle income,True
U3243,"Shah Abdul Latif University, Khairpur",Pakistan,,pakistan,,,,,,,,,,,False,,,,,,,,37.0,0.0,25.0,True,,,,,,,,,,,False,pakistan,PAK,Pakistan,Islamic Republic of Pakistan,PK,South Asia,Lower middle income,True
U3244,Shaheed Benazir Bhutto Women University Peshawar,Pakistan,,pakistan,,,,,,,,,,,False,,,,,,,,26.9,0.0,100.0,True,,,,,,,,38.6,0.0,100.0,True,pakistan,PAK,Pakistan,Islamic Republic of Pakistan,PK,South Asia,Lower middle income,True
U3245,Shaheed Mohtarma Benazir Bhutto Medical University,Pakistan,,pakistan,,,,,,,,,,,False,,,,,,,,3.4,0.0,52.0,True,,,,,,,,,,,False,pakistan,PAK,Pakistan,Islamic Republic of Pakistan,PK,South Asia,Lower middle income,True
U3246,Shaheed Zulfiqar Ali Bhutto Medical University,Pakistan,,pakistan,,,,,,,,,,,False,,,,,,,,12.7,2.0,56.0,True,,,,,,,,8.6,1.0,55.0,True,pakistan,PAK,Pakistan,Islamic Republic of Pakistan,PK,South Asia,Lower middle income,True
U3247,The University of Shiga Prefecture,Japan,,japan,,,,,,,,,,,False,,,,,,,,14.0,2.0,49.0,True,,,,,,,,14.1,1.0,49.0,True,japan,JPN,Japan,Japan,JP,East Asia & Pacific,High income: OECD,True
U3248,Shonan Institute of Technology,Japan,,japan,,,,,,,,,,,False,,,,,,,,30.2,8.0,8.0,True,,,,,,,,29.4,9.0,7.0,True,japan,JPN,Japan,Japan,JP,East Asia & Pacific,High income: OECD,True
U3249,Silesian University in Opava,Czech Republic,,czech republic,,,,,,,,,,,False,,,,,,,,20.0,5.0,67.0,True,,,,,,,,20.4,6.0,71.0,True,czech republic,CZE,Czech Republic,Czech Republic,CZ,Europe & Central Asia,High income: OECD,True
U3250,SIMAD University,Somalia,,somalia,,,,,,,,,,,False,,,,,,,,18.1,0.0,38.0,True,,,,,,,,,,,False,somalia,SOM,Somalia,Somali Democratic Republic,SO,Sub-Saharan Africa,Low income,True
U3251,Simón Bolívar University (Colombia),Colombia,,colombia,,,,,,,,,,,False,,,,,,,,21.0,1.0,60.0,True,,,,,,,,18.2,1.0,60.0,True,colombia,COL,Colombia,Republic of Colombia,CO,Latin America & Caribbean,Upper middle income,True
U3252,Universidad del Sinú,Colombia,,colombia,,,,,,,,,,,False,,,,,,,,26.8,0.0,55.0,True,,,,,,,,25.6,0.0,57.0,True,colombia,COL,Colombia,Republic of Colombia,CO,Latin America & Caribbean,Upper middle income,True
U3253,Sir Syed University of Engineering and Technology,Pakistan,,pakistan,,,,,,,,,,,False,,,,,,,,17.5,0.0,15.0,True,,,,,,,,14.1,0.0,14.0,True,pakistan,PAK,Pakistan,Islamic Republic of Pakistan,PK,South Asia,Lower middle income,True
U3254,Skolkovo Institute of Science and Technology (Skoltech),Russian Federation,,russia,,,,,,,,,,,False,,,,,,,,8.8,21.0,33.0,True,,,,,,,,,,,False,russia,RUS,Russia,Russian Federation,RU,Europe & Central Asia,High income: nonOECD,True
U3255,"Solent University, Southampton",United Kingdom,,united kingdom,,,,,,,,,,,False,,,,,,,,17.4,34.0,47.0,True,,,,,,,,16.1,30.0,45.0,True,united kingdom,GBR,United Kingdom,United Kingdom of Great Britain and Northern Ireland,GB,Europe & Central Asia,High income: OECD,True
U3256,"Soochow University, Taiwan",Taiwan,,taiwan,,,,,,,,,,,False,,,,,,,,34.6,4.0,60.0,True,,,,,,,,,,,False,taiwan,,,,,,,False
U3257,University of Sopron,Hungary,,hungary,,,,,,,,,,,False,,,,,,,,13.6,4.0,63.0,True,,,,,,,,14.9,3.0,63.0,True,hungary,HUN,Hungary,Hungary,HU,Europe & Central Asia,Upper middle income,True
U3258,University of Souk Ahras,Algeria,,algeria,,,,,,,,,,,False,,,,,,,,19.4,0.0,67.0,True,,,,,,,,,,,False,algeria,DZA,Algeria,People's Democratic Republic of Algeria,DZ,Middle East & North Africa,Upper middle income,True
U3259,Institute of Southern Punjab – Multan,Pakistan,,pakistan,,,,,,,,,,,False,,,,,,,,19.4,0.0,44.0,True,,,,,,,,,,,False,pakistan,PAK,Pakistan,Islamic Republic of Pakistan,PK,South Asia,Lower middle income,True
U3260,Southern Technical University,Iraq,,iraq,,,,,,,,,,,False,,,,,,,,34.5,0.0,41.0,True,,,,,,,,,,,False,iraq,IRQ,Iraq,Republic of Iraq,IQ,Middle East & North Africa,Upper middle income,True
U3261,Sri Balaji Vidyapeeth,India,,india,,,,,,,,,,,False,,,,,,,,8.7,1.0,57.0,True,,,,,,,,7.4,1.0,53.0,True,india,IND,India,Republic of India,IN,South Asia,Lower middle income,True
U3262,Sri Lanka Institute of Information Technology,Sri Lanka,,sri lanka,,,,,,,,,,,False,,,,,,,,56.8,0.0,38.0,True,,,,,,,,38.7,0.0,37.0,True,sri lanka,LKA,Sri Lanka,Democratic Socialist Republic of Sri Lanka,LK,South Asia,Lower middle income,True
U3263,State Energy Institute of Turkmenistan,Turkmenistan,,turkmenistan,,,,,,,,,,,False,,,,,,,,13.0,1.0,29.0,True,,,,,,,,11.5,2.0,28.0,True,turkmenistan,TKM,Turkmenistan,Turkmenistan,TM,Europe & Central Asia,Upper middle income,True
U3264,Stavropol State Agrarian University,Russian Federation,,russia,,,,,,,,,,,False,,,,,,,,6.8,7.0,52.0,True,,,,,,,,,,,False,russia,RUS,Russia,Russian Federation,RU,Europe & Central Asia,High income: nonOECD,True
U3265,St Luke’s International University,Japan,,japan,,,,,,,,,,,False,,,,,,,,8.7,2.0,93.0,True,,,,,,,,,,,False,japan,JPN,Japan,Japan,JP,East Asia & Pacific,High income: OECD,True
U3266,"St Mary’s University College, Belfast",United Kingdom,,united kingdom,,,,,,,,,,,False,,,,,,,,23.5,48.0,72.0,True,,,,,,,,22.9,48.0,74.0,True,united kingdom,GBR,United Kingdom,United Kingdom of Great Britain and Northern Ireland,GB,Europe & Central Asia,High income: OECD,True
U3267,"St Mary’s University, Twickenham",United Kingdom,,united kingdom,,,,,,,,,,,False,,,,,,,,15.8,23.0,55.0,True,,,,,,,,18.2,25.0,54.0,True,united kingdom,GBR,United Kingdom,United Kingdom of Great Britain and Northern Ireland,GB,Europe & Central Asia,High income: OECD,True
U3268,Stranmillis University College,United Kingdom,,united kingdom,,,,,,,,,,,False,,,,,,,,24.8,18.0,79.0,True,,,,,,,,23.6,18.0,79.0,True,united kingdom,GBR,United Kingdom,United Kingdom of Great Britain and Northern Ireland,GB,Europe & Central Asia,High income: OECD,True
U3269,University of Suffolk,United Kingdom,,united kingdom,,,,,,,,,,,False,,,,,,,,15.1,14.0,72.0,True,,,,,,,,16.6,14.0,71.0,True,united kingdom,GBR,United Kingdom,United Kingdom of Great Britain and Northern Ireland,GB,Europe & Central Asia,High income: OECD,True
U3270,University of Sufism and Modern Sciences (USMS),Pakistan,,pakistan,,,,,,,,,,,False,,,,,,,,28.1,5.0,29.0,True,,,,,,,,,,,False,pakistan,PAK,Pakistan,Islamic Republic of Pakistan,PK,South Asia,Lower middle income,True
U3271,Sugiyama Jogakuen University,Japan,,japan,,,,,,,,,,,False,,,,,,,,28.3,1.0,100.0,True,,,,,,,,29.4,0.0,100.0,True,japan,JPN,Japan,Japan,JP,East Asia & Pacific,High income: OECD,True
U3272,Sukkur IBA University,Pakistan,,pakistan,,,,,,,,,,,False,,,,,,,,15.4,0.0,26.0,True,,,,,,,,,,,False,pakistan,PAK,Pakistan,Islamic Republic of Pakistan,PK,South Asia,Lower middle income,True
U3273,University of Swabi,Pakistan,,pakistan,,,,,,,,,,,False,,,,,,,,11.6,0.0,16.0,True,,,,,,,,,,,False,pakistan,PAK,Pakistan,Islamic Republic of Pakistan,PK,South Asia,Lower middle income,True
U3274,Tafila Technical University,Jordan,,jordan,,,,,,,,,,,False,,,,,,,,22.9,1.0,40.0,True,,,,,,,,21.9,1.0,43.0,True,jordan,JOR,Jordan,Hashemite Kingdom of Jordan,JO,Middle East & North Africa,Upper middle income,True
U3275,University of Taipei,Taiwan,,taiwan,,,,,,,,,,,False,,,,,,,,19.9,3.0,60.0,True,,,,,,,,17.6,2.0,60.0,True,taiwan,,,,,,,False
U3276,Takushoku University,Japan,,japan,,,,,,,,,,,False,,,,,,,,12.7,13.0,31.0,True,,,,,,,,,,,False,japan,JPN,Japan,Japan,JP,East Asia & Pacific,High income: OECD,True
U3277,Tama Art University,Japan,,japan,,,,,,,,,,,False,,,,,,,,33.4,11.0,72.0,True,,,,,,,,32.8,11.0,73.0,True,japan,JPN,Japan,Japan,JP,East Asia & Pacific,High income: OECD,True
U3278,University of Tamanghasset,Algeria,,algeria,,,,,,,,,,,False,,,,,,,,32.0,0.0,48.0,True,,,,,,,,,,,False,algeria,DZA,Algeria,People's Democratic Republic of Algeria,DZ,Middle East & North Africa,Upper middle income,True
U3279,Tarlac Agricultural University,Philippines,,philippines,,,,,,,,,,,False,,,,,,,,26.1,0.0,59.0,True,,,,,,,,24.3,0.0,56.0,True,philippines,PHL,Philippines,Republic of the Philippines,PH,East Asia & Pacific,Lower middle income,True
U3280,Tarsus University,Turkey,,turkey,,,,,,,,,,,False,,,,,,,,22.7,1.0,48.0,True,,,,,,,,27.8,2.0,42.0,True,turkey,TUR,Turkey,Republic of Turkey,TR,Europe & Central Asia,Upper middle income,True
U3281,Tashkent Institute of Chemical Technology,Uzbekistan,,uzbekistan,,,,,,,,,,,False,,,,,,,,17.1,0.0,36.0,True,,,,,,,,,,,False,uzbekistan,UZB,Uzbekistan,Republic of Uzbekistan,UZ,Europe & Central Asia,Lower middle income,True
U3282,Tashkent Institute of Finance,Uzbekistan,,uzbekistan,,,,,,,,,,,False,,,,,,,,22.7,1.0,32.0,True,,,,,,,,21.2,1.0,29.0,True,uzbekistan,UZB,Uzbekistan,Republic of Uzbekistan,UZ,Europe & Central Asia,Lower middle income,True
U3283,Tashkent University of Information Technologies,Uzbekistan,,uzbekistan,,,,,,,,,,,False,,,,,,,,19.4,0.0,19.0,True,,,,,,,,15.5,0.0,22.0,True,uzbekistan,UZB,Uzbekistan,Republic of Uzbekistan,UZ,Europe & Central Asia,Lower middle income,True
U3284,Tashkent Institute of Irrigation and Agricultural Mechanisation,Uzbekistan,,uzbekistan,,,,,,,,,,,False,,,,,,,,7.4,5.0,28.0,True,,,,,,,,7.1,5.0,24.0,True,uzbekistan,UZB,Uzbekistan,Republic of Uzbekistan,UZ,Europe & Central Asia,Lower middle income,True
U3285,Tashkent Medical Academy,Uzbekistan,,uzbekistan,,,,,,,,,,,False,,,,,,,,9.8,2.0,47.0,True,,,,,,,,8.8,2.0,42.0,True,uzbekistan,UZB,Uzbekistan,Republic of Uzbekistan,UZ,Europe & Central Asia,Lower middle income,True
U3286,Tashkent Pediatric Medical Institute,Uzbekistan,,uzbekistan,,,,,,,,,,,False,,,,,,,,10.1,1.0,50.0,True,,,,,,,,10.1,1.0,50.0,True,uzbekistan,UZB,Uzbekistan,Republic of Uzbekistan,UZ,Europe & Central Asia,Lower middle income,True
U3287,Tashkent Pharmaceutical Institute,Uzbekistan,,uzbekistan,,,,,,,,,,,False,,,,,,,,13.4,12.0,65.0,True,,,,,,,,12.2,13.0,64.0,True,uzbekistan,UZB,Uzbekistan,Republic of Uzbekistan,UZ,Europe & Central Asia,Lower middle income,True
U3288,Tashkent State Dental Institute,Uzbekistan,,uzbekistan,,,,,,,,,,,False,,,,,,,,8.9,3.0,51.0,True,,,,,,,,8.9,3.0,52.0,True,uzbekistan,UZB,Uzbekistan,Republic of Uzbekistan,UZ,Europe & Central Asia,Lower middle income,True
U3289,Tashkent State University of Economics,Uzbekistan,,uzbekistan,,,,,,,,,,,False,,,,,,,,21.0,3.0,39.0,True,,,,,,,,14.2,1.0,27.0,True,uzbekistan,UZB,Uzbekistan,Republic of Uzbekistan,UZ,Europe & Central Asia,Lower middle income,True
U3290,Tashkent State University of Law,Uzbekistan,,uzbekistan,,,,,,,,,,,False,,,,,,,,10.8,1.0,27.0,True,,,,,,,,10.6,1.0,27.0,True,uzbekistan,UZB,Uzbekistan,Republic of Uzbekistan,UZ,Europe & Central Asia,Lower middle income,True
U3291,Tashkent State University of Oriental Studies,Uzbekistan,,uzbekistan,,,,,,,,,,,False,,,,,,,,14.8,1.0,53.0,True,,,,,,,,16.1,1.0,51.0,True,uzbekistan,UZB,Uzbekistan,Republic of Uzbekistan,UZ,Europe & Central Asia,Lower middle income,True
U3292,Tashkent State Pedagogical University named after Nizami,Uzbekistan,,uzbekistan,,,,,,,,,,,False,,,,,,,,22.2,1.0,60.0,True,,,,,,,,,,,False,uzbekistan,UZB,Uzbekistan,Republic of Uzbekistan,UZ,Europe & Central Asia,Lower middle income,True
U3293,Tashkent State Technical University,Uzbekistan,,uzbekistan,,,,,,,,,,,False,,,,,,,,12.6,0.0,18.0,True,,,,,,,,14.2,0.0,17.0,True,uzbekistan,UZB,Uzbekistan,Republic of Uzbekistan,UZ,Europe & Central Asia,Lower middle income,True
U3294,Tashkent State Transport University,Uzbekistan,,uzbekistan,,,,,,,,,,,False,,,,,,,,24.1,0.0,9.0,True,,,,,,,,24.9,0.0,9.0,True,uzbekistan,UZB,Uzbekistan,Republic of Uzbekistan,UZ,Europe & Central Asia,Lower middle income,True
U3295,Tashkent Institute of Textile and Light Industry,Uzbekistan,,uzbekistan,,,,,,,,,,,False,,,,,,,,11.5,0.0,44.0,True,,,,,,,,11.7,0.0,40.0,True,uzbekistan,UZB,Uzbekistan,Republic of Uzbekistan,UZ,Europe & Central Asia,Lower middle income,True
U3296,Tata Institute of Fundamental Research,India,,india,,,,,,,,,,,False,,,,,,,,3.0,0.0,28.0,True,,,,,,,,,,,False,india,IND,India,Republic of India,IN,South Asia,Lower middle income,True
U3297,Tatung University,Taiwan,,taiwan,,,,,,,,,,,False,,,,,,,,19.4,3.0,38.0,True,,,,,,,,19.6,3.0,39.0,True,taiwan,,,,,,,False
U3298,T. C. Demiroğlu Bilim University,Turkey,,turkey,,,,,,,,,,,False,,,,,,,,10.3,0.0,68.0,True,,,,,,,,,,,False,turkey,TUR,Turkey,Republic of Turkey,TR,Europe & Central Asia,Upper middle income,True
U3299,Teacher Education College of Setif,Algeria,,algeria,,,,,,,,,,,False,,,,,,,,14.7,0.0,93.0,True,,,,,,,,,,,False,algeria,DZA,Algeria,People's Democratic Republic of Algeria,DZ,Middle East & North Africa,Upper middle income,True
U3300,Technical University of Moldova,Moldova,,moldova,,,,,,,,,,,False,,,,,,,,11.6,2.0,33.0,True,,,,,,,,,,,False,moldova,MDA,Moldova,Republic of Moldova,MD,Europe & Central Asia,Lower middle income,True
U3301,University of Technology Nowshera,Pakistan,,pakistan,,,,,,,,,,,False,,,,,,,,37.2,0.0,0.0,True,,,,,,,,,,,False,pakistan,PAK,Pakistan,Islamic Republic of Pakistan,PK,South Asia,Lower middle income,True
U3302,Universidad Técnica de Manabí,Ecuador,,ecuador,,,,,,,,,,,False,,,,,,,,29.7,1.0,59.0,True,,,,,,,,,,,False,ecuador,ECU,Ecuador,Republic of Ecuador,EC,Latin America & Caribbean,Upper middle income,True
U3303,Universidad Tecnológica de Santiago (UTESA),Dominican Republic,,dominican republic,,,,,,,,,,,False,,,,,,,,117.8,4.0,62.0,True,,,,,,,,,,,False,dominican republic,DOM,Dominican Republic,Dominican Republic,DO,Latin America & Caribbean,Upper middle income,True
U3304,Tecnológico de Costa Rica,Costa Rica,,costa rica,,,,,,,,,,,False,,,,,,,,14.5,2.0,38.0,True,,,,,,,,13.8,2.0,35.0,True,costa rica,CRI,Costa Rica,Republic of Costa Rica,CR,Latin America & Caribbean,Upper middle income,True
U3305,Instituto Tecnológico Metropolitano,Colombia,,colombia,,,,,,,,,,,False,,,,,,,,24.8,0.0,44.0,True,,,,,,,,28.6,0.0,44.0,True,colombia,COL,Colombia,Republic of Colombia,CO,Latin America & Caribbean,Upper middle income,True
U3306,Teerthanker Mahaveer University,India,,india,,,,,,,,,,,False,,,,,,,,11.9,0.0,42.0,True,,,,,,,,,,,False,india,IND,India,Republic of India,IN,South Asia,Lower middle income,True
U3307,Teikyo Heisei University,Japan,,japan,,,,,,,,,,,False,,,,,,,,19.7,1.0,47.0,True,,,,,,,,,,,False,japan,JPN,Japan,Japan,JP,East Asia & Pacific,High income: OECD,True
U3308,Institut Teknologi Nasional Bandung (ITENAS Bandung),Indonesia,,indonesia,,,,,,,,,,,False,,,,,,,,22.3,0.0,21.0,True,,,,,,,,23.0,0.0,27.0,True,indonesia,IDN,Indonesia,Republic of Indonesia,ID,East Asia & Pacific,Lower middle income,True
U3309,University of Telafer,Iraq,,iraq,,,,,,,,,,,False,,,,,,,,32.0,0.0,46.0,True,,,,,,,,30.3,0.0,44.0,True,iraq,IRQ,Iraq,Republic of Iraq,IQ,Middle East & North Africa,Upper middle income,True
U3310,Institute of Telecommunications and Informatics of Turkmenistan,Turkmenistan,,turkmenistan,,,,,,,,,,,False,,,,,,,,9.7,0.0,24.0,True,,,,,,,,9.7,0.0,24.0,True,turkmenistan,TKM,Turkmenistan,Turkmenistan,TM,Europe & Central Asia,Upper middle income,True
U3311,Tenri University,Japan,,japan,,,,,,,,,,,False,,,,,,,,23.4,6.0,36.0,True,,,,,,,,22.5,5.0,34.0,True,japan,JPN,Japan,Japan,JP,East Asia & Pacific,High income: OECD,True
U3312,Termez State University,Uzbekistan,,uzbekistan,,,,,,,,,,,False,,,,,,,,26.2,1.0,50.0,True,,,,,,,,35.7,1.0,49.0,True,uzbekistan,UZB,Uzbekistan,Republic of Uzbekistan,UZ,Europe & Central Asia,Lower middle income,True
U3313,Termez Institute of Engineering and Technology,Uzbekistan,,uzbekistan,,,,,,,,,,,False,,,,,,,,41.7,0.0,15.0,True,,,,,,,,36.7,0.0,15.0,True,uzbekistan,UZB,Uzbekistan,Republic of Uzbekistan,UZ,Europe & Central Asia,Lower middle income,True
U3314,Termiz Institute of Agrotechnology and Innovative Development,Uzbekistan,,uzbekistan,,,,,,,,,,,False,,,,,,,,17.4,0.0,48.0,True,,,,,,,,,,,False,uzbekistan,UZB,Uzbekistan,Republic of Uzbekistan,UZ,Europe & Central Asia,Lower middle income,True
U3315,University of the Thai Chamber of Commerce,Thailand,,thailand,,,,,,,,,,,False,,,,,,,,31.0,12.0,53.0,True,,,,,,,,,,,False,thailand,THA,Thailand,Kingdom of Thailand,TH,East Asia & Pacific,Upper middle income,True
U3316,University of Thi-Qar,Iraq,,iraq,,,,,,,,,,,False,,,,,,,,15.9,0.0,62.0,True,,,,,,,,,,,False,iraq,IRQ,Iraq,Republic of Iraq,IQ,Middle East & North Africa,Upper middle income,True
U3317,Thomas Adewumi University,Nigeria,,nigeria,,,,,,,,,,,False,,,,,,,,2.9,0.0,60.0,True,,,,,,,,,,,False,nigeria,NGA,Nigeria,Federal Republic of Nigeria,NG,Sub-Saharan Africa,Lower middle income,True
U3318,Tikrit University,Iraq,,iraq,,,,,,,,,,,False,,,,,,,,13.6,0.0,36.0,True,,,,,,,,13.1,0.0,36.0,True,iraq,IRQ,Iraq,Republic of Iraq,IQ,Middle East & North Africa,Upper middle income,True
U3319,Tishk International University,Iraq,,iraq,,,,,,,,,,,False,,,,,,,,13.0,0.0,52.0,True,,,,,,,,,,,False,iraq,IRQ,Iraq,Republic of Iraq,IQ,Middle East & North Africa,Upper middle income,True
U3320,Tissemsilt University,Algeria,,algeria,,,,,,,,,,,False,,,,,,,,19.0,0.0,55.0,True,,,,,,,,,,,False,algeria,DZA,Algeria,People's Democratic Republic of Algeria,DZ,Middle East & North Africa,Upper middle income,True
U3321,Tohoku Gakuin University,Japan,,japan,,,,,,,,,,,False,,,,,,,,36.7,0.0,33.0,True,,,,,,,,,,,False,japan,JPN,Japan,Japan,JP,East Asia & Pacific,High income: OECD,True
U3322,Tokyo University of Foreign Studies,Japan,,japan,,,,,,,,,,,False,,,,,,,,16.6,10.0,65.0,True,,,,,,,,17.9,11.0,66.0,True,japan,JPN,Japan,Japan,JP,East Asia & Pacific,High income: OECD,True
U3323,Tokyo University of Technology,Japan,,japan,,,,,,,,,,,False,,,,,,,,27.3,4.0,34.0,True,,,,,,,,,,,False,japan,JPN,Japan,Japan,JP,East Asia & Pacific,High income: OECD,True
U3324,Tomsk State Pedagogical University,Russian Federation,,russia,,,,,,,,,,,False,,,,,,,,20.5,6.0,79.0,True,,,,,,,,,,,False,russia,RUS,Russia,Russian Federation,RU,Europe & Central Asia,High income: nonOECD,True
U3325,Trinity Laban Conservatoire of Music and Dance,United Kingdom,,united kingdom,,,,,,,,,,,False,,,,,,,,9.6,34.0,68.0,True,,,,,,,,9.8,31.0,67.0,True,united kingdom,GBR,United Kingdom,United Kingdom of Great Britain and Northern Ireland,GB,Europe & Central Asia,High income: OECD,True
U3326,University of Tripoli,Libya,,libya,,,,,,,,,,,False,,,,,,,,19.8,2.0,61.0,True,,,,,,,,,,,False,libya,LBY,Libya,Socialist People's Libyan Arab Jamahiriya,LY,Middle East & North Africa,Upper middle income,True
U3327,Turan-Astana University,Kazakhstan,,kazakhstan,,,,,,,,,,,False,,,,,,,,9.2,2.0,41.0,True,,,,,,,,,,,False,kazakhstan,KAZ,Kazakhstan,Republic of Kazakhstan,KZ,Europe & Central Asia,Upper middle income,True
U3328,Turin Polytechnic University in Tashkent,Uzbekistan,,uzbekistan,,,,,,,,,,,False,,,,,,,,39.7,1.0,12.0,True,,,,,,,,18.8,4.0,13.0,True,uzbekistan,UZB,Uzbekistan,Republic of Uzbekistan,UZ,Europe & Central Asia,Lower middle income,True
U3329,Turkmen State Architecture and Construction Institute,Turkmenistan,,turkmenistan,,,,,,,,,,,False,,,,,,,,9.9,0.0,14.0,True,,,,,,,,,,,False,turkmenistan,TKM,Turkmenistan,Turkmenistan,TM,Europe & Central Asia,Upper middle income,True
U3330,Turkmen State Institute of Economics and Management,Turkmenistan,,turkmenistan,,,,,,,,,,,False,,,,,,,,13.1,0.0,51.0,True,,,,,,,,,,,False,turkmenistan,TKM,Turkmenistan,Turkmenistan,TM,Europe & Central Asia,Upper middle income,True
U3331,Tver State Technical University,Russian Federation,,russia,,,,,,,,,,,False,,,,,,,,8.5,10.0,31.0,True,,,,,,,,,,,False,russia,RUS,Russia,Russian Federation,RU,Europe & Central Asia,High income: nonOECD,True
U3332,Ubon Ratchathani University,Thailand,,thailand,,,,,,,,,,,False,,,,,,,,23.9,0.0,67.0,True,,,,,,,,22.1,0.0,67.0,True,thailand,THA,Thailand,Kingdom of Thailand,TH,East Asia & Pacific,Upper middle income,True
U3333,UBT,Unknown,,unknown,,,,,,,,,,,False,,,,,,,,12.6,3.0,50.0,True,,,,,,,,15.5,4.0,45.0,True,unknown,,,,,,,False
U3334,"UEES, Espiritu Santo University",Ecuador,,ecuador,,,,,,,,,,,False,,,,,,,,12.8,24.0,51.0,True,,,,,,,,,,,False,ecuador,ECU,Ecuador,Republic of Ecuador,EC,Latin America & Caribbean,Upper middle income,True
U3335,UIN Sulthan Thaha Saifuddin Jambi,Indonesia,,indonesia,,,,,,,,,,,False,,,,,,,,47.0,0.0,57.0,True,,,,,,,,47.5,1.0,56.0,True,indonesia,IDN,Indonesia,Republic of Indonesia,ID,East Asia & Pacific,Lower middle income,True
U3336,Ulyanovsk State University,Russian Federation,,russia,,,,,,,,,,,False,,,,,,,,18.2,17.0,56.0,True,,,,,,,,,,,False,russia,RUS,Russia,Russian Federation,RU,Europe & Central Asia,High income: nonOECD,True
U3337,Ulyanovsk State Technical University,Russian Federation,,russia,,,,,,,,,,,False,,,,,,,,16.6,8.0,33.0,True,,,,,,,,,,,False,russia,RUS,Russia,Russian Federation,RU,Europe & Central Asia,High income: nonOECD,True
U3338,UNESC,Brazil,,brazil,,,,,,,,,,,False,,,,,,,,19.7,0.0,63.0,True,,,,,,,,,,,False,brazil,BRA,Brazil,Federative Republic of Brazil,BR,Latin America & Caribbean,Upper middle income,True
U3339,Unichristus,Brazil,,brazil,,,,,,,,,,,False,,,,,,,,10.6,0.0,65.0,True,,,,,,,,15.4,0.0,67.0,True,brazil,BRA,Brazil,Federative Republic of Brazil,BR,Latin America & Caribbean,Upper middle income,True
U3340,Universiapolis – Université Internationale d’Agadir,Morocco,,morocco,,,,,,,,,,,False,,,,,,,,22.9,11.0,53.0,True,,,,,,,,,,,False,morocco,MAR,Morocco,Kingdom of Morocco,MA,Middle East & North Africa,Lower middle income,True
U3341,Ural State University of Economics,Russian Federation,,russia,,,,,,,,,,,False,,,,,,,,8.7,8.0,52.0,True,,,,,,,,,,,False,russia,RUS,Russia,Russian Federation,RU,Europe & Central Asia,High income: nonOECD,True
U3342,Ural State Medical University,Russian Federation,,russia,,,,,,,,,,,False,,,,,,,,14.2,10.0,78.0,True,,,,,,,,,,,False,russia,RUS,Russia,Russian Federation,RU,Europe & Central Asia,High income: nonOECD,True
U3343,Urgench State University,Uzbekistan,,uzbekistan,,,,,,,,,,,False,,,,,,,,20.3,4.0,58.0,True,,,,,,,,21.3,5.0,58.0,True,uzbekistan,UZB,Uzbekistan,Republic of Uzbekistan,UZ,Europe & Central Asia,Lower middle income,True
U3344,Uruk University,Iraq,,iraq,,,,,,,,,,,False,,,,,,,,21.9,0.0,57.0,True,,,,,,,,,,,False,iraq,IRQ,Iraq,Republic of Iraq,IQ,Middle East & North Africa,Upper middle income,True
U3345,Universidad UTE,Ecuador,,ecuador,,,,,,,,,,,False,,,,,,,,18.7,1.0,48.0,True,,,,,,,,19.0,1.0,48.0,True,ecuador,ECU,Ecuador,Republic of Ecuador,EC,Latin America & Caribbean,Upper middle income,True
U3346,National University of Uzbekistan named after Mirzo Ulugbek,Uzbekistan,,uzbekistan,,,,,,,,,,,False,,,,,,,,13.2,2.0,56.0,True,,,,,,,,16.4,1.0,50.0,True,uzbekistan,UZB,Uzbekistan,Republic of Uzbekistan,UZ,Europe & Central Asia,Lower middle income,True
U3347,Uzbekistan State University of World Languages,Uzbekistan,,uzbekistan,,,,,,,,,,,False,,,,,,,,20.6,0.0,71.0,True,,,,,,,,,,,False,uzbekistan,UZB,Uzbekistan,Republic of Uzbekistan,UZ,Europe & Central Asia,Lower middle income,True
U3348,Uzbek State University of Physical Culture and Sport,Uzbekistan,,uzbekistan,,,,,,,,,,,False,,,,,,,,29.7,0.0,22.0,True,,,,,,,,,,,False,uzbekistan,UZB,Uzbekistan,Republic of Uzbekistan,UZ,Europe & Central Asia,Lower middle income,True
U3349,Valahia University of Targoviste,Romania,,romania,,,,,,,,,,,False,,,,,,,,22.0,1.0,49.0,True,,,,,,,,20.6,1.0,46.0,True,romania,ROU,Romania,Romania,RO,Europe & Central Asia,Upper middle income,True
U3350,University of Vale do Itajaí,Brazil,,brazil,,,,,,,,,,,False,,,,,,,,16.4,1.0,65.0,True,,,,,,,,18.0,1.0,58.0,True,brazil,BRA,Brazil,Federative Republic of Brazil,BR,Latin America & Caribbean,Upper middle income,True
U3351,Varendra University,Bangladesh,,bangladesh,,,,,,,,,,,False,,,,,,,,19.7,0.0,39.0,True,,,,,,,,28.3,0.0,36.0,True,bangladesh,BGD,Bangladesh,People's Republic of Bangladesh,BD,South Asia,Low income,True
U3352,Varna University of Management,Bulgaria,,bulgaria,,,,,,,,,,,False,,,,,,,,13.0,35.0,43.0,True,,,,,,,,19.3,33.0,48.0,True,bulgaria,BGR,Bulgaria,Republic of Bulgaria,BG,Europe & Central Asia,Upper middle income,True
U3353,Vasyl Stefanyk Precarpathian National University,Ukraine,,ukraine,,,,,,,,,,,False,,,,,,,,15.3,0.0,73.0,True,,,,,,,,,,,False,ukraine,UKR,Ukraine,Ukraine,UA,Europe & Central Asia,Lower middle income,True
U3354,"Veritas University, Abuja",Nigeria,,nigeria,,,,,,,,,,,False,,,,,,,,15.9,3.0,55.0,True,,,,,,,,13.2,2.0,56.0,True,nigeria,NGA,Nigeria,Federal Republic of Nigeria,NG,Sub-Saharan Africa,Lower middle income,True
U3355,University of Veterinary Medicine and Pharmacy in Košice,Slovakia,,slovakia,,,,,,,,,,,False,,,,,,,,9.0,44.0,85.0,True,,,,,,,,7.2,40.0,83.0,True,slovak republic,SVK,Slovak Republic,Slovak Republic,SK,Europe & Central Asia,High income: OECD,True
U3356,Vila Velha University,Brazil,,brazil,,,,,,,,,,,False,,,,,,,,18.5,1.0,59.0,True,,,,,,,,18.5,1.0,59.0,True,brazil,BRA,Brazil,Federative Republic of Brazil,BR,Latin America & Caribbean,Upper middle income,True
U3357,Vinayaka Mission’s Research Foundation,India,,india,,,,,,,,,,,False,,,,,,,,9.5,0.0,41.0,True,,,,,,,,,,,False,india,IND,India,Republic of India,IN,South Asia,Lower middle income,True
U3358,Visayas State University,Philippines,,philippines,,,,,,,,,,,False,,,,,,,,16.6,0.0,61.0,True,,,,,,,,13.8,0.0,59.0,True,philippines,PHL,Philippines,Republic of the Philippines,PH,East Asia & Pacific,Lower middle income,True
U3359,Visvesvaraya Technological University,India,,india,,,,,,,,,,,False,,,,,,,,19.7,0.0,51.0,True,,,,,,,,,,,False,india,IND,India,Republic of India,IN,South Asia,Lower middle income,True
U3360,Volgograd State Medical University,Russian Federation,,russia,,,,,,,,,,,False,,,,,,,,5.9,32.0,66.0,True,,,,,,,,,,,False,russia,RUS,Russia,Russian Federation,RU,Europe & Central Asia,High income: nonOECD,True
U3361,University of Wales Trinity Saint David,United Kingdom,,united kingdom,,,,,,,,,,,False,,,,,,,,23.6,32.0,58.0,True,,,,,,,,19.7,25.0,59.0,True,united kingdom,GBR,United Kingdom,United Kingdom of Great Britain and Northern Ireland,GB,Europe & Central Asia,High income: OECD,True
U3362,University of Warith Alanbiyaa,Iraq,,iraq,,,,,,,,,,,False,,,,,,,,16.7,0.0,38.0,True,,,,,,,,,,,False,iraq,IRQ,Iraq,Republic of Iraq,IQ,Middle East & North Africa,Upper middle income,True
U3363,Wasit University,Iraq,,iraq,,,,,,,,,,,False,,,,,,,,20.7,0.0,43.0,True,,,,,,,,,,,False,iraq,IRQ,Iraq,Republic of Iraq,IQ,Middle East & North Africa,Upper middle income,True
U3364,Westcliff University,United States,,united states,,,,,,,,,,,False,,,,,,,,12.8,85.0,46.0,True,,,,,,,,,,,False,united states,USA,United States,United States of America,US,North America,High income: OECD,True
U3365,Western Caspian University,Azerbaijan,,azerbaijan,,,,,,,,,,,False,,,,,,,,10.1,6.0,61.0,True,,,,,,,,7.7,5.0,59.0,True,azerbaijan,AZE,Azerbaijan,Republic of Azerbaijan,AZ,Europe & Central Asia,Upper middle income,True
U3366,West Ukrainian National University,Ukraine,,ukraine,,,,,,,,,,,False,,,,,,,,21.0,3.0,37.0,True,,,,,,,,13.7,3.0,42.0,True,ukraine,UKR,Ukraine,Ukraine,UA,Europe & Central Asia,Lower middle income,True
U3367,WHU: Beisheim,Germany,,germany,,,,,,,,,,,False,,,,,,,,31.3,32.0,32.0,True,,,,,,,,29.7,29.0,32.0,True,germany,DEU,Germany,Federal Republic of Germany,DE,Europe & Central Asia,High income: OECD,True
U3368,Women University Mardan,Pakistan,,pakistan,,,,,,,,,,,False,,,,,,,,26.5,1.0,100.0,True,,,,,,,,,,,False,pakistan,PAK,Pakistan,Islamic Republic of Pakistan,PK,South Asia,Lower middle income,True
U3369,The Women University Multan,Pakistan,,pakistan,,,,,,,,,,,False,,,,,,,,38.0,0.0,100.0,True,,,,,,,,,,,False,pakistan,PAK,Pakistan,Islamic Republic of Pakistan,PK,South Asia,Lower middle income,True
U3370,University of Worcester,United Kingdom,,united kingdom,,,,,,,,,,,False,,,,,,,,17.2,14.0,70.0,True,,,,,,,,16.8,13.0,69.0,True,united kingdom,GBR,United Kingdom,United Kingdom of Great Britain and Northern Ireland,GB,Europe & Central Asia,High income: OECD,True
U3371,World University of Bangladesh (WUB),Bangladesh,,bangladesh,,,,,,,,,,,False,,,,,,,,20.8,0.0,21.0,True,,,,,,,,,,,False,bangladesh,BGD,Bangladesh,People's Republic of Bangladesh,BD,South Asia,Low income,True
U3372,The World Islamic Sciences and Education University (WISE),Jordan,,jordan,,,,,,,,,,,False,,,,,,,,27.2,8.0,64.0,True,,,,,,,,24.9,12.0,62.0,True,jordan,JOR,Jordan,Hashemite Kingdom of Jordan,JO,Middle East & North Africa,Upper middle income,True
U3373,Wrexham Glyndwr University,United Kingdom,,united kingdom,,,,,,,,,,,False,,,,,,,,25.5,19.0,59.0,True,,,,,,,,22.0,14.0,61.0,True,united kingdom,GBR,United Kingdom,United Kingdom of Great Britain and Northern Ireland,GB,Europe & Central Asia,High income: OECD,True
U3374,Writtle University College,United Kingdom,,united kingdom,,,,,,,,,,,False,,,,,,,,7.5,9.0,82.0,True,,,,,,,,7.7,10.0,79.0,True,united kingdom,GBR,United Kingdom,United Kingdom of Great Britain and Northern Ireland,GB,Europe & Central Asia,High income: OECD,True
U3375,WSB Academy,Poland,,poland,,,,,,,,,,,False,,,,,,,,6.4,49.0,53.0,True,,,,,,,,6.2,33.0,49.0,True,poland,POL,Poland,Republic of Poland,PL,Europe & Central Asia,High income: OECD,True
U3376,Yagshigeldi Kakayev International University of Oil and Gas,Turkmenistan,,turkmenistan,,,,,,,,,,,False,,,,,,,,11.4,1.0,31.0,True,,,,,,,,9.8,1.0,30.0,True,turkmenistan,TKM,Turkmenistan,Turkmenistan,TM,Europe & Central Asia,Upper middle income,True
U3377,Yamaguchi Prefectural University,Japan,,japan,,,,,,,,,,,False,,,,,,,,16.2,2.0,87.0,True,,,,,,,,12.7,2.0,86.0,True,japan,JPN,Japan,Japan,JP,East Asia & Pacific,High income: OECD,True
U3378,Yanka Kupala State University of Grodno,Belarus,,belarus,,,,,,,,,,,False,,,,,,,,15.7,10.0,57.0,True,,,,,,,,,,,False,belarus,BLR,Belarus,Republic of Belarus,BY,Europe & Central Asia,Upper middle income,True
U3379,Yaşar University,Turkey,,turkey,,,,,,,,,,,False,,,,,,,,11.7,2.0,51.0,True,,,,,,,,,,,False,turkey,TUR,Turkey,Republic of Turkey,TR,Europe & Central Asia,Upper middle income,True
U3380,York St John University,United Kingdom,,united kingdom,,,,,,,,,,,False,,,,,,,,18.4,13.0,64.0,True,,,,,,,,18.6,12.0,65.0,True,united kingdom,GBR,United Kingdom,United Kingdom of Great Britain and Northern Ireland,GB,Europe & Central Asia,High income: OECD,True
U3381,"Yusuf Maitama Sule University, Kano",Nigeria,,nigeria,,,,,,,,,,,False,,,,,,,,26.2,0.0,59.0,True,,,,,,,,33.0,0.0,48.0,True,nigeria,NGA,Nigeria,Federal Republic of Nigeria,NG,Sub-Saharan Africa,Lower middle income,True
U3382,Zarqa University,Jordan,,jordan,,,,,,,,,,,False,,,,,,,,17.0,35.0,60.0,True,,,,,,,,,,,False,jordan,JOR,Jordan,Hashemite Kingdom of Jordan,JO,Middle East & North Africa,Upper middle income,True
U3383,Zhetysu University,Kazakhstan,,kazakhstan,,,,,,,,,,,False,,,,,,,,18.2,0.0,66.0,True,,,,,,,,,,,False,kazakhstan,KAZ,Kazakhstan,Republic of Kazakhstan,KZ,Europe & Central Asia,Upper middle income,True
U3384,Zhytomyr Polytechnic State University,Ukraine,,ukraine,,,,,,,,,,,False,,,,,,,,16.1,1.0,40.0,True,,,,,,,,15.4,1.0,34.0,True,ukraine,UKR,Ukraine,Ukraine,UA,Europe & Central Asia,Lower middle income,True
U3385,Ziane Achour University of Djelfa,Algeria,,algeria,,,,,,,,,,,False,,,,,,,,28.5,0.0,55.0,True,,,,,,,,,,,False,algeria,DZA,Algeria,People's Democratic Republic of Algeria,DZ,Middle East & North Africa,Upper middle income,True
U3386,Ziauddin University,Pakistan,,pakistan,,,,,,,,,,,False,,,,,,,,9.2,0.0,58.0,True,,,,,,,,8.8,1.0,63.0,True,pakistan,PAK,Pakistan,Islamic Republic of Pakistan,PK,South Asia,Lower middle income,True
U3387,Hong Kong Polytechnic University,Unknown,,unknown,,,,,,,,,,,False,,,,,,,,,,,False,79.0,65.8,46.6,57.0,86.7,56.0,97.6,28.9,30.0,51.0,True,unknown,,,,,,,False
U3388,University of Montreal,Unknown,,unknown,,,,,,,,,,,False,,,,,,,,,,,False,111.0,62.3,50.9,53.2,75.8,76.5,85.5,20.8,22.0,53.0,True,unknown,,,,,,,False
U3389,University of Duisburg-Essen,Germany,,germany,,,,,,,,,,,False,,,,,,,,,,,False,251.0,50.0,34.0,35.5,79.9,64.5,60.9,43.7,19.0,49.0,True,germany,DEU,Germany,Federal Republic of Germany,DE,Europe & Central Asia,High income: OECD,True
U3390,Golestan University of Medical Sciences,Iran,,iran,,,,,,,,,,,False,,,,,,,,,,,False,351.0,45.95,33.7,8.9,100.0,37.0,33.3,11.5,11.0,60.0,True,iran,IRN,Iran,Islamic Republic of Iran,IR,Middle East & North Africa,Upper middle income,True
U3391,University of New Mexico (Main campus),United States,,united states,,,,,,,,,,,False,,,,,,,,,,,False,351.0,45.95,34.7,29.3,74.5,39.0,37.6,16.9,5.0,56.0,True,united states,USA,United States,United States of America,US,North America,High income: OECD,True
U3392,Federal University of Toulouse Midi-Pyrénées,France,,france,,,,,,,,,,,False,,,,,,,,,,,False,501.0,40.65,26.4,27.5,61.2,39.9,66.0,19.8,14.0,55.0,True,france,FRA,France,French Republic,FR,Europe & Central Asia,High income: OECD,True
U3393,"Islamic Azad University, Najafabad Branch (IAUN)",Iran,,iran,,,,,,,,,,,False,,,,,,,,,,,False,501.0,40.65,21.9,8.5,96.4,37.3,23.5,17.7,0.0,47.0,True,iran,IRN,Iran,Islamic Republic of Iran,IR,Middle East & North Africa,Upper middle income,True
U3394,Constructor University Bremen,Unknown,,unknown,,,,,,,,,,,False,,,,,,,,,,,False,501.0,40.65,34.5,31.4,40.5,56.2,90.2,21.6,84.0,43.0,True,unknown,,,,,,,False
U3395,Kermanshah University of Medical Sciences,Iran,,iran,,,,,,,,,,,False,,,,,,,,,,,False,501.0,40.65,20.8,10.3,95.0,37.3,39.3,9.6,12.0,53.0,True,iran,IRN,Iran,Islamic Republic of Iran,IR,Middle East & North Africa,Upper middle income,True
U3396,Southwestern University of Finance and Economics,China,,china,,,,,,,,,,,False,,,,,,,,,,,False,501.0,40.65,20.0,12.8,93.6,39.8,39.7,16.4,2.0,65.0,True,china,CHN,China,People's Republic of China,CN,East Asia & Pacific,Upper middle income,True
U3397,SUNY University at Albany,United States,,united states,,,,,,,,,,,False,,,,,,,,,,,False,501.0,40.65,24.6,25.7,71.4,44.6,50.4,17.2,8.0,55.0,True,united states,USA,United States,United States of America,US,North America,High income: OECD,True
U3398,Université Bourgogne Franche-Comté (UBFC),France,,france,,,,,,,,,,,False,,,,,,,,,,,False,601.0,36.6,19.6,18.3,69.7,40.7,55.4,37.3,11.0,56.0,True,france,FRA,France,French Republic,FR,Europe & Central Asia,High income: OECD,True
U3399,University of Desarrollo,Chile,,chile,,,,,,,,,,,False,,,,,,,,,,,False,601.0,36.6,15.0,10.1,73.8,39.6,50.6,15.9,3.0,56.0,True,chile,CHL,Chile,Republic of Chile,CL,Latin America & Caribbean,High income: OECD,True
U3400,Graphic Era University,Unknown,,unknown,,,,,,,,,,,False,,,,,,,,,,,False,601.0,36.6,25.0,9.0,83.1,41.6,25.5,14.3,1.0,42.0,True,unknown,,,,,,,False
U3401,Indian Institute of Technology Indore,India,,india,,,,,,,,,,,False,,,,,,,,,,,False,601.0,36.6,32.8,23.7,61.8,39.1,24.9,11.7,0.0,22.0,True,india,IND,India,Republic of India,IN,South Asia,Lower middle income,True
U3402,Majmaah University,Saudi Arabia,,saudi arabia,,,,,,,,,,,False,,,,,,,,,,,False,601.0,36.6,16.0,8.5,71.4,37.0,72.6,14.2,2.0,46.0,True,saudi arabia,SAU,Saudi Arabia,Kingdom of Saudi Arabia,SA,Middle East & North Africa,High income: nonOECD,True
U3403,University of Perugia,Italy,,italy,,,,,,,,,,,False,,,,,,,,,,,False,601.0,36.6,21.6,19.3,73.5,41.9,46.0,25.1,6.0,58.0,True,italy,ITA,Italy,Italian Republic,IT,Europe & Central Asia,High income: OECD,True
U3404,University of Strasbourg,France,,france,,,,,,,,,,,False,,,,,,,,,,,False,601.0,36.6,24.7,23.1,59.6,44.2,73.3,19.8,21.0,59.0,True,france,FRA,France,French Republic,FR,Europe & Central Asia,High income: OECD,True
U3405,University of Dayton,United States,,united states,,,,,,,,,,,False,,,,,,,,,,,False,801.0,31.85,32.6,25.4,29.5,43.4,33.1,16.5,11.0,48.0,True,united states,USA,United States,United States of America,US,North America,High income: OECD,True
U3406,University of Missouri-St Louis,United States,,united states,,,,,,,,,,,False,,,,,,,,,,,False,801.0,31.85,33.1,18.8,44.2,47.4,41.7,15.8,5.0,58.0,True,united states,USA,United States,United States of America,US,North America,High income: OECD,True
U3407,National Institute of Technology Hamirpur,India,,india,,,,,,,,,,,False,,,,,,,,,,,False,801.0,31.85,17.0,16.6,72.1,39.2,14.9,20.7,0.0,22.0,True,india,IND,India,Republic of India,IN,South Asia,Lower middle income,True
U3408,Shahid Beheshti University,Iran,,iran,,,,,,,,,,,False,,,,,,,,,,,False,801.0,31.85,27.1,27.4,36.2,56.3,23.7,23.4,1.0,50.0,True,iran,IRN,Iran,Islamic Republic of Iran,IR,Middle East & North Africa,Upper middle income,True
U3409,Southern Illinois University Carbondale,United States,,united states,,,,,,,,,,,False,,,,,,,,,,,False,801.0,31.85,35.2,23.9,35.2,47.1,33.9,13.8,7.0,50.0,True,united states,USA,United States,United States of America,US,North America,High income: OECD,True
U3410,University of Thessaly,Greece,,greece,,,,,,,,,,,False,,,,,,,,,,,False,801.0,31.85,16.0,14.4,61.3,38.7,37.8,30.2,2.0,52.0,True,greece,GRC,Greece,Hellenic Republic,GR,Europe & Central Asia,High income: OECD,True
U3411,University of Wisconsin-Milwaukee,United States,,united states,,,,,,,,,,,False,,,,,,,,,,,False,801.0,31.85,22.9,22.2,55.8,38.0,33.4,19.3,5.0,56.0,True,united states,USA,United States,United States of America,US,North America,High income: OECD,True
U3412,"China University of Geosciences, Beijing",China,,china,,,,,,,,,,,False,,,,,,,,,,,False,1001.0,27.05,29.8,19.2,38.6,50.8,20.6,16.6,1.0,41.0,True,china,CHN,China,People's Republic of China,CN,East Asia & Pacific,Upper middle income,True
U3413,Creighton University,United States,,united states,,,,,,,,,,,False,,,,,,,,,,,False,1001.0,27.05,39.8,14.6,29.3,38.2,26.7,14.9,4.0,60.0,True,united states,USA,United States,United States of America,US,North America,High income: OECD,True
U3414,Guangxi University,China,,china,,,,,,,,,,,False,,,,,,,,,,,False,1001.0,27.05,16.7,13.2,50.7,45.0,22.0,19.8,2.0,46.0,True,china,CHN,China,People's Republic of China,CN,East Asia & Pacific,Upper middle income,True
U3415,Hyogo College of Medicine,Japan,,japan,,,,,,,,,,,False,,,,,,,,,,,False,1001.0,27.05,30.5,12.0,35.5,40.7,16.2,2.2,0.0,30.0,True,japan,JPN,Japan,Japan,JP,East Asia & Pacific,High income: OECD,True
U3416,Jiangxi University of Finance and Economics,China,,china,,,,,,,,,,,False,,,,,,,,,,,False,1001.0,27.05,17.4,9.1,61.4,39.3,30.2,18.5,2.0,55.0,True,china,CHN,China,People's Republic of China,CN,East Asia & Pacific,Upper middle income,True
U3417,University of Leoben,Austria,,austria,,,,,,,,,,,False,,,,,,,,,,,False,1001.0,27.05,29.5,13.0,25.5,53.6,79.2,4.6,17.0,24.0,True,austria,AUT,Austria,Republic of Austria,AT,Europe & Central Asia,High income: OECD,True
U3418,Lusophone University of Humanities and Technologies,Portugal,,portugal,,,,,,,,,,,False,,,,,,,,,,,False,1001.0,27.05,18.4,11.4,36.0,38.7,67.4,10.7,22.0,53.0,True,portugal,PRT,Portugal,Portuguese Republic,PT,Europe & Central Asia,High income: OECD,True
U3419,Menoufia University,Egypt,,egypt,,,,,,,,,,,False,,,,,,,,,,,False,1001.0,27.05,14.5,8.2,61.4,38.2,41.7,34.3,0.0,43.0,True,egypt,EGY,Egypt,Arab Republic of Egypt,EG,Middle East & North Africa,Lower middle income,True
U3420,SWPS University of Social Sciences and Humanities,Poland,,poland,,,,,,,,,,,False,,,,,,,,,,,False,1001.0,27.05,15.4,16.3,38.5,37.3,52.0,37.6,8.0,78.0,True,poland,POL,Poland,Republic of Poland,PL,Europe & Central Asia,High income: OECD,True
U3421,Zhejiang University of Technology,China,,china,,,,,,,,,,,False,,,,,,,,,,,False,1001.0,27.05,18.2,18.4,49.1,65.1,24.5,14.5,6.0,53.0,True,china,CHN,China,People's Republic of China,CN,East Asia & Pacific,Upper middle income,True
U3422,University of Colorado Colorado Springs,United States,,united states,,,,,,,,,,,False,,,,,,,,,,,False,1201.0,21.35,17.1,12.7,32.9,38.4,24.7,21.2,1.0,55.0,True,united states,USA,United States,United States of America,US,North America,High income: OECD,True
U3423,University of Fort Hare,South Africa,,south africa,,,,,,,,,,,False,,,,,,,,,,,False,1201.0,21.35,22.5,12.4,22.5,37.0,43.9,38.4,2.0,57.0,True,south africa,ZAF,South Africa,Republic of South Africa,ZA,Sub-Saharan Africa,Upper middle income,True
U3424,Fujian Normal University,China,,china,,,,,,,,,,,False,,,,,,,,,,,False,1201.0,21.35,17.3,10.5,43.9,39.3,23.5,14.2,2.0,53.0,True,china,CHN,China,People's Republic of China,CN,East Asia & Pacific,Upper middle income,True
U3425,Grand Valley State University,United States,,united states,,,,,,,,,,,False,,,,,,,,,,,False,1201.0,21.35,26.7,9.0,19.2,37.0,30.6,15.3,1.0,61.0,True,united states,USA,United States,United States of America,US,North America,High income: OECD,True
U3426,University of North Carolina Wilmington,United States,,united states,,,,,,,,,,,False,,,,,,,,,,,False,1201.0,21.35,18.5,8.1,32.4,37.3,30.0,19.1,2.0,64.0,True,united states,USA,United States,United States of America,US,North America,High income: OECD,True
U3427,Shahid Rajaee Teacher Training University,Iran,,iran,,,,,,,,,,,False,,,,,,,,,,,False,1201.0,21.35,17.4,15.0,26.3,46.3,23.8,38.1,0.0,31.0,True,iran,IRN,Iran,Islamic Republic of Iran,IR,Middle East & North Africa,Upper middle income,True
U3428,Southwest Jiaotong University,Unknown,,unknown,,,,,,,,,,,False,,,,,,,,,,,False,1201.0,21.35,18.7,21.1,30.1,44.4,20.6,17.4,1.0,34.0,True,unknown,,,,,,,False
U3429,Tshwane University of Technology,South Africa,,south africa,,,,,,,,,,,False,,,,,,,,,,,False,1201.0,21.35,16.2,12.5,35.8,42.0,44.6,39.6,2.0,53.0,True,south africa,ZAF,South Africa,Republic of South Africa,ZA,Sub-Saharan Africa,Upper middle income,True
U3430,Universidade Federal do Triângulo Mineiro,Brazil,,brazil,,,,,,,,,,,False,,,,,,,,,,,False,1501.0,14.35,14.0,9.4,23.0,36.9,21.1,20.5,0.0,59.0,True,brazil,BRA,Brazil,Federative Republic of Brazil,BR,Latin America & Caribbean,Upper middle income,True
U3431,Universidade Federal do Vale do São Francisco,Brazil,,brazil,,,,,,,,,,,False,,,,,,,,,,,False,1501.0,14.35,16.6,7.4,4.1,36.9,17.3,11.0,0.0,49.0,True,brazil,BRA,Brazil,Federative Republic of Brazil,BR,Latin America & Caribbean,Upper middle income,True
U3432,Federal University of Pelotas,Brazil,,brazil,,,,,,,,,,,False,,,,,,,,,,,False,1501.0,14.35,18.4,13.4,19.2,37.7,20.2,17.1,0.0,56.0,True,brazil,BRA,Brazil,Federative Republic of Brazil,BR,Latin America & Caribbean,Upper middle income,True
U3433,Federal University of Piauí,Brazil,,brazil,,,,,,,,,,,False,,,,,,,,,,,False,1501.0,14.35,13.9,10.5,13.9,37.8,25.4,24.6,0.0,53.0,True,brazil,BRA,Brazil,Federative Republic of Brazil,BR,Latin America & Caribbean,Upper middle income,True
U3434,Federal University of the State of Rio de Janeiro (UNIRIO),Brazil,,brazil,,,,,,,,,,,False,,,,,,,,,,,False,1501.0,14.35,20.4,10.9,7.3,36.9,33.0,22.7,8.0,53.0,True,brazil,BRA,Brazil,Federative Republic of Brazil,BR,Latin America & Caribbean,Upper middle income,True
U3435,Federal University of Vales do Jequitinhonha e Mucuri,Brazil,,brazil,,,,,,,,,,,False,,,,,,,,,,,False,1501.0,14.35,17.0,8.8,6.4,36.9,18.2,13.2,0.0,59.0,True,brazil,BRA,Brazil,Federative Republic of Brazil,BR,Latin America & Caribbean,Upper middle income,True
U3436,University of Łódź,Poland,,poland,,,,,,,,,,,False,,,,,,,,,,,False,1501.0,14.35,17.7,15.5,13.8,37.2,30.1,16.7,8.0,63.0,True,poland,POL,Poland,Republic of Poland,PL,Europe & Central Asia,High income: OECD,True
U3437,University of Passo Fundo (UPF),Brazil,,brazil,,,,,,,,,,,False,,,,,,,,,,,False,1501.0,14.35,16.9,10.1,23.1,37.0,23.9,24.7,0.0,58.0,True,brazil,BRA,Brazil,Federative Republic of Brazil,BR,Latin America & Caribbean,Upper middle income,True
U3438,Technical University of Loja,Ecuador,,ecuador,,,,,,,,,,,False,,,,,,,,,,,False,1501.0,14.35,11.6,7.8,10.2,37.1,51.8,33.4,1.0,56.0,True,ecuador,ECU,Ecuador,Republic of Ecuador,EC,Latin America & Caribbean,Upper middle income,True
U3439,Tokyo University of Pharmacy and Life Sciences,Japan,,japan,,,,,,,,,,,False,,,,,,,,,,,False,1501.0,14.35,17.5,7.8,11.2,38.0,18.4,18.9,1.0,52.0,True,japan,JPN,Japan,Japan,JP,East Asia & Pacific,High income: OECD,True
U3440,"Adamawa State University, Mubi",Nigeria,,nigeria,,,,,,,,,,,False,,,,,,,,,,,False,,,,,,,,70.0,0.0,35.0,True,nigeria,NGA,Nigeria,Federal Republic of Nigeria,NG,Sub-Saharan Africa,Lower middle income,True
U3441,Aga Khan University,Pakistan,,pakistan,,,,,,,,,,,False,,,,,,,,,,,False,,,,,,,,2.3,1.0,65.0,True,pakistan,PAK,Pakistan,Islamic Republic of Pakistan,PK,South Asia,Lower middle income,True
U3442,Ahl Al Bayt University,Iraq,,iraq,,,,,,,,,,,False,,,,,,,,,,,False,,,,,,,,14.3,1.0,51.0,True,iraq,IRQ,Iraq,Republic of Iraq,IQ,Middle East & North Africa,Upper middle income,True
U3443,Tashkent Metropolitan University,Uzbekistan,,uzbekistan,,,,,,,,,,,False,,,,,,,,,,,False,,,,,,,,22.6,5.0,51.0,True,uzbekistan,UZB,Uzbekistan,Republic of Uzbekistan,UZ,Europe & Central Asia,Lower middle income,True
U3444,Al-Farahidi University,Iraq,,iraq,,,,,,,,,,,False,,,,,,,,,,,False,,,,,,,,65.9,0.0,47.0,True,iraq,IRQ,Iraq,Republic of Iraq,IQ,Middle East & North Africa,Upper middle income,True
U3445,American University of Nigeria,Nigeria,,nigeria,,,,,,,,,,,False,,,,,,,,,,,False,,,,,,,,10.1,2.0,49.0,True,nigeria,NGA,Nigeria,Federal Republic of Nigeria,NG,Sub-Saharan Africa,Lower middle income,True
U3446,Arab Open University – Kuwait,Kuwait,,kuwait,,,,,,,,,,,False,,,,,,,,,,,False,,,,,,,,103.9,64.0,57.0,True,kuwait,KWT,Kuwait,State of Kuwait,KW,Middle East & North Africa,High income: nonOECD,True
U3447,Arab Open University Lebanon,Lebanon,,lebanon,,,,,,,,,,,False,,,,,,,,,,,False,,,,,,,,13.3,14.0,47.0,True,lebanon,LBN,Lebanon,Lebanese Republic,LB,Middle East & North Africa,Upper middle income,True
U3448,Ashur University College,Iraq,,iraq,,,,,,,,,,,False,,,,,,,,,,,False,,,,,,,,8.1,0.0,59.0,True,iraq,IRQ,Iraq,Republic of Iraq,IQ,Middle East & North Africa,Upper middle income,True
U3449,Augustine University,Nigeria,,nigeria,,,,,,,,,,,False,,,,,,,,,,,False,,,,,,,,3.7,0.0,40.0,True,nigeria,NGA,Nigeria,Federal Republic of Nigeria,NG,Sub-Saharan Africa,Lower middle income,True
U3450,"Balochistan University of Engineering and Technology, Khuzdar",Pakistan,,pakistan,,,,,,,,,,,False,,,,,,,,,,,False,,,,,,,,15.0,5.0,7.0,True,pakistan,PAK,Pakistan,Islamic Republic of Pakistan,PK,South Asia,Lower middle income,True
U3451,"Bamidele Olumilua University of Education, Science and Technology, Ikere-Ikiti",Nigeria,,nigeria,,,,,,,,,,,False,,,,,,,,,,,False,,,,,,,,14.9,0.0,60.0,True,nigeria,NGA,Nigeria,Federal Republic of Nigeria,NG,Sub-Saharan Africa,Lower middle income,True
U3452,Basrah University College of Science and Technology,Iraq,,iraq,,,,,,,,,,,False,,,,,,,,,,,False,,,,,,,,21.2,0.0,46.0,True,iraq,IRQ,Iraq,Republic of Iraq,IQ,Middle East & North Africa,Upper middle income,True
U3453,Bowen University,Nigeria,,nigeria,,,,,,,,,,,False,,,,,,,,,,,False,,,,,,,,12.0,0.0,58.0,True,nigeria,NGA,Nigeria,Federal Republic of Nigeria,NG,Sub-Saharan Africa,Lower middle income,True
U3454,Centro Universitário de Jaguariúna,Brazil,,brazil,,,,,,,,,,,False,,,,,,,,,,,False,,,,,,,,25.8,0.0,58.0,True,brazil,BRA,Brazil,Federative Republic of Brazil,BR,Latin America & Caribbean,Upper middle income,True
U3455,Centro Universitário Max Planck,Brazil,,brazil,,,,,,,,,,,False,,,,,,,,,,,False,,,,,,,,16.0,0.0,61.0,True,brazil,BRA,Brazil,Federative Republic of Brazil,BR,Latin America & Caribbean,Upper middle income,True
U3456,César Ritz Colleges Switzerland,Switzerland,,switzerland,,,,,,,,,,,False,,,,,,,,,,,False,,,,,,,,4.8,99.0,49.0,True,switzerland,CHE,Switzerland,Switzerland,CH,Europe & Central Asia,High income: OECD,True
U3457,Christ University Bengaluru India,India,,india,,,,,,,,,,,False,,,,,,,,,,,False,,,,,,,,20.2,2.0,48.0,True,india,IND,India,Republic of India,IN,South Asia,Lower middle income,True
U3458,Coal City University,Nigeria,,nigeria,,,,,,,,,,,False,,,,,,,,,,,False,,,,,,,,4.8,0.0,48.0,True,nigeria,NGA,Nigeria,Federal Republic of Nigeria,NG,Sub-Saharan Africa,Lower middle income,True
U3459,Cross River University of Technology,Nigeria,,nigeria,,,,,,,,,,,False,,,,,,,,,,,False,,,,,,,,40.2,0.0,36.0,True,nigeria,NGA,Nigeria,Federal Republic of Nigeria,NG,Sub-Saharan Africa,Lower middle income,True
U3460,C.V. Raman Global University,India,,india,,,,,,,,,,,False,,,,,,,,,,,False,,,,,,,,15.8,4.0,29.0,True,india,IND,India,Republic of India,IN,South Asia,Lower middle income,True
U3461,Deraya University,Egypt,,egypt,,,,,,,,,,,False,,,,,,,,,,,False,,,,,,,,18.9,0.0,58.0,True,egypt,EGY,Egypt,Arab Republic of Egypt,EG,Middle East & North Africa,Lower middle income,True
U3462,Dhonburi Rajabhat University,Thailand,,thailand,,,,,,,,,,,False,,,,,,,,,,,False,,,,,,,,16.1,1.0,61.0,True,thailand,THA,Thailand,Kingdom of Thailand,TH,East Asia & Pacific,Upper middle income,True
U3463,Dijlah University,Iraq,,iraq,,,,,,,,,,,False,,,,,,,,,,,False,,,,,,,,28.5,0.0,43.0,True,iraq,IRQ,Iraq,Republic of Iraq,IQ,Middle East & North Africa,Upper middle income,True
U3464,Doğuş University,Turkey,,turkey,,,,,,,,,,,False,,,,,,,,,,,False,,,,,,,,30.2,1.0,40.0,True,turkey,TUR,Turkey,Republic of Turkey,TR,Europe & Central Asia,Upper middle income,True
U3465,Ebonyi State University,Nigeria,,nigeria,,,,,,,,,,,False,,,,,,,,,,,False,,,,,,,,27.5,0.0,50.0,True,nigeria,NGA,Nigeria,Federal Republic of Nigeria,NG,Sub-Saharan Africa,Lower middle income,True
U3466,Academy of Economic Studies of Moldova,Moldova,,moldova,,,,,,,,,,,False,,,,,,,,,,,False,,,,,,,,25.3,1.0,53.0,True,moldova,MDA,Moldova,Republic of Moldova,MD,Europe & Central Asia,Lower middle income,True
U3467,"University of Engineering and Technology, Mardan",Pakistan,,pakistan,,,,,,,,,,,False,,,,,,,,,,,False,,,,,,,,21.6,1.0,5.0,True,pakistan,PAK,Pakistan,Islamic Republic of Pakistan,PK,South Asia,Lower middle income,True
U3468,ESIC,Unknown,,unknown,,,,,,,,,,,False,,,,,,,,,,,False,,,,,,,,19.4,10.0,46.0,True,unknown,,,,,,,False
U3469,Universidade Estadual de Goiás,Brazil,,brazil,,,,,,,,,,,False,,,,,,,,,,,False,,,,,,,,15.4,0.0,66.0,True,brazil,BRA,Brazil,Federative Republic of Brazil,BR,Latin America & Caribbean,Upper middle income,True
U3470,European University of Valencia,Spain,,spain,,,,,,,,,,,False,,,,,,,,,,,False,,,,,,,,8.8,50.0,58.0,True,spain,ESP,Spain,Kingdom of Spain,ES,Europe & Central Asia,High income: OECD,True
U3471,Externado University of Colombia,Colombia,,colombia,,,,,,,,,,,False,,,,,,,,,,,False,,,,,,,,13.0,1.0,58.0,True,colombia,COL,Colombia,Republic of Colombia,CO,Latin America & Caribbean,Upper middle income,True
U3472,Federal University Gashua,Nigeria,,nigeria,,,,,,,,,,,False,,,,,,,,,,,False,,,,,,,,3.3,0.0,10.0,True,nigeria,NGA,Nigeria,Federal Republic of Nigeria,NG,Sub-Saharan Africa,Lower middle income,True
U3473,Federal University of Lafia,Nigeria,,nigeria,,,,,,,,,,,False,,,,,,,,,,,False,,,,,,,,22.8,0.0,40.0,True,nigeria,NGA,Nigeria,Federal Republic of Nigeria,NG,Sub-Saharan Africa,Lower middle income,True
U3474,First Technical University,Nigeria,,nigeria,,,,,,,,,,,False,,,,,,,,,,,False,,,,,,,,29.1,0.0,29.0,True,nigeria,NGA,Nigeria,Federal Republic of Nigeria,NG,Sub-Saharan Africa,Lower middle income,True
U3475,Fukui Prefectural University,Japan,,japan,,,,,,,,,,,False,,,,,,,,,,,False,,,,,,,,10.9,1.0,51.0,True,japan,JPN,Japan,Japan,JP,East Asia & Pacific,High income: OECD,True
U3476,Fundação Oswaldo Cruz,Brazil,,brazil,,,,,,,,,,,False,,,,,,,,,,,False,,,,,,,,16.6,5.0,53.0,True,brazil,BRA,Brazil,Federative Republic of Brazil,BR,Latin America & Caribbean,Upper middle income,True
U3477,Fundación Universitaria del Área Andina,Colombia,,colombia,,,,,,,,,,,False,,,,,,,,,,,False,,,,,,,,35.9,0.0,60.0,True,colombia,COL,Colombia,Republic of Colombia,CO,Latin America & Caribbean,Upper middle income,True
U3478,Greenwich University,Pakistan,,pakistan,,,,,,,,,,,False,,,,,,,,,,,False,,,,,,,,15.6,3.0,35.0,True,pakistan,PAK,Pakistan,Islamic Republic of Pakistan,PK,South Asia,Lower middle income,True
U3479,Gregory University Uturu,Nigeria,,nigeria,,,,,,,,,,,False,,,,,,,,,,,False,,,,,,,,7.3,0.0,62.0,True,nigeria,NGA,Nigeria,Federal Republic of Nigeria,NG,Sub-Saharan Africa,Lower middle income,True
U3480,University of Health and Allied Sciences,Ghana,,ghana,,,,,,,,,,,False,,,,,,,,,,,False,,,,,,,,23.5,0.0,62.0,True,ghana,GHA,Ghana,Republic of Ghana,GH,Sub-Saharan Africa,Lower middle income,True
U3481,Huachiew Chalermprakiet University,Thailand,,thailand,,,,,,,,,,,False,,,,,,,,,,,False,,,,,,,,16.0,7.0,79.0,True,thailand,THA,Thailand,Kingdom of Thailand,TH,East Asia & Pacific,Upper middle income,True
U3482,Ignatius Ajuru University of Education,Nigeria,,nigeria,,,,,,,,,,,False,,,,,,,,,,,False,,,,,,,,75.2,0.0,49.0,True,nigeria,NGA,Nigeria,Federal Republic of Nigeria,NG,Sub-Saharan Africa,Lower middle income,True
U3483,Jerash Private University,Jordan,,jordan,,,,,,,,,,,False,,,,,,,,,,,False,,,,,,,,18.0,31.0,38.0,True,jordan,JOR,Jordan,Hashemite Kingdom of Jordan,JO,Middle East & North Africa,Upper middle income,True
U3484,University of Jos,Nigeria,,nigeria,,,,,,,,,,,False,,,,,,,,,,,False,,,,,,,,23.4,0.0,45.0,True,nigeria,NGA,Nigeria,Federal Republic of Nigeria,NG,Sub-Saharan Africa,Lower middle income,True
U3485,Kampala International University,Uganda,,uganda,,,,,,,,,,,False,,,,,,,,,,,False,,,,,,,,7.0,30.0,45.0,True,uganda,UGA,Uganda,Republic of Uganda,UG,Sub-Saharan Africa,Low income,True
U3486,Karshi State University,Uzbekistan,,uzbekistan,,,,,,,,,,,False,,,,,,,,,,,False,,,,,,,,21.0,0.0,63.0,True,uzbekistan,UZB,Uzbekistan,Republic of Uzbekistan,UZ,Europe & Central Asia,Lower middle income,True
U3487,Kermanshah University of Technology,Iran,,iran,,,,,,,,,,,False,,,,,,,,,,,False,,,,,,,,13.6,0.0,38.0,True,iran,IRN,Iran,Islamic Republic of Iran,IR,Middle East & North Africa,Upper middle income,True
U3488,Khomein University of Medical Sciences,Iran,,iran,,,,,,,,,,,False,,,,,,,,,,,False,,,,,,,,31.3,0.0,48.0,True,iran,IRN,Iran,Islamic Republic of Iran,IR,Middle East & North Africa,Upper middle income,True
U3489,Kings University,Nigeria,,nigeria,,,,,,,,,,,False,,,,,,,,,,,False,,,,,,,,3.3,0.0,42.0,True,nigeria,NGA,Nigeria,Federal Republic of Nigeria,NG,Sub-Saharan Africa,Lower middle income,True
U3490,Kobe City University of Foreign Studies,Japan,,japan,,,,,,,,,,,False,,,,,,,,,,,False,,,,,,,,15.3,4.0,67.0,True,japan,JPN,Japan,Japan,JP,East Asia & Pacific,High income: OECD,True
U3491,Konya Technical University,Turkey,,turkey,,,,,,,,,,,False,,,,,,,,,,,False,,,,,,,,30.1,4.0,26.0,True,turkey,TUR,Turkey,Republic of Turkey,TR,Europe & Central Asia,Upper middle income,True
U3492,KTO Karatay University,Turkey,,turkey,,,,,,,,,,,False,,,,,,,,,,,False,,,,,,,,26.2,3.0,58.0,True,turkey,TUR,Turkey,Republic of Turkey,TR,Europe & Central Asia,Upper middle income,True
U3493,Loei Rajabhat University,Thailand,,thailand,,,,,,,,,,,False,,,,,,,,,,,False,,,,,,,,19.6,0.0,70.0,True,thailand,THA,Thailand,Kingdom of Thailand,TH,East Asia & Pacific,Upper middle income,True
U3494,Marian College Kuttikkanam (Autonomous),India,,india,,,,,,,,,,,False,,,,,,,,,,,False,,,,,,,,17.0,0.0,52.0,True,india,IND,India,Republic of India,IN,South Asia,Lower middle income,True
U3495,Michael and Cecilia Ibru University,Nigeria,,nigeria,,,,,,,,,,,False,,,,,,,,,,,False,,,,,,,,6.9,0.0,41.0,True,nigeria,NGA,Nigeria,Federal Republic of Nigeria,NG,Sub-Saharan Africa,Lower middle income,True
U3496,"Michael Okpara University of Agriculture, Umudike",Nigeria,,nigeria,,,,,,,,,,,False,,,,,,,,,,,False,,,,,,,,21.7,0.0,41.0,True,nigeria,NGA,Nigeria,Federal Republic of Nigeria,NG,Sub-Saharan Africa,Lower middle income,True
U3497,MIOTI Tech and Business School,Spain,,spain,,,,,,,,,,,False,,,,,,,,,,,False,,,,,,,,38.3,9.0,31.0,True,spain,ESP,Spain,Kingdom of Spain,ES,Europe & Central Asia,High income: OECD,True
U3498,Universidad Monteávila,Venezuela,,venezuela,,,,,,,,,,,False,,,,,,,,,,,False,,,,,,,,5.7,0.0,71.0,True,venezuela,VEN,Venezuela,República Bolivariana de Venezuela,VE,Latin America & Caribbean,Upper middle income,True
U3499,Nara Institute of Science and Technology,Japan,,japan,,,,,,,,,,,False,,,,,,,,,,,False,,,,,,,,5.1,24.0,23.0,True,japan,JPN,Japan,Japan,JP,East Asia & Pacific,High income: OECD,True
U3500,National University of Mongolia,Mongolia,,mongolia,,,,,,,,,,,False,,,,,,,,,,,False,,,,,,,,26.5,2.0,60.0,True,mongolia,MNG,Mongolia,Mongolia,MN,East Asia & Pacific,Lower middle income,True
U3501,Newman University,United Kingdom,,united kingdom,,,,,,,,,,,False,,,,,,,,,,,False,,,,,,,,17.9,12.0,76.0,True,united kingdom,GBR,United Kingdom,United Kingdom of Great Britain and Northern Ireland,GB,Europe & Central Asia,High income: OECD,True
U3502,"Nigerian Police Academy, Wudil",Nigeria,,nigeria,,,,,,,,,,,False,,,,,,,,,,,False,,,,,,,,21.9,0.0,16.0,True,nigeria,NGA,Nigeria,Federal Republic of Nigeria,NG,Sub-Saharan Africa,Lower middle income,True
U3503,Novena University,Nigeria,,nigeria,,,,,,,,,,,False,,,,,,,,,,,False,,,,,,,,25.4,0.0,42.0,True,nigeria,NGA,Nigeria,Federal Republic of Nigeria,NG,Sub-Saharan Africa,Lower middle income,True
U3504,Nursing School of Coimbra,Portugal,,portugal,,,,,,,,,,,False,,,,,,,,,,,False,,,,,,,,23.0,7.0,85.0,True,portugal,PRT,Portugal,Portuguese Republic,PT,Europe & Central Asia,High income: OECD,True
U3505,Olusegun Agagu University of Science and Technology,Nigeria,,nigeria,,,,,,,,,,,False,,,,,,,,,,,False,,,,,,,,29.4,0.0,28.0,True,nigeria,NGA,Nigeria,Federal Republic of Nigeria,NG,Sub-Saharan Africa,Lower middle income,True
U3506,Paris University of International Education,France,,france,,,,,,,,,,,False,,,,,,,,,,,False,,,,,,,,29.7,100.0,32.0,True,france,FRA,France,French Republic,FR,Europe & Central Asia,High income: OECD,True
U3507,Polytechnic University of Tirana,Albania,,albania,,,,,,,,,,,False,,,,,,,,,,,False,,,,,,,,16.2,2.0,53.0,True,albania,ALB,Albania,Republic of Albania,AL,Europe & Central Asia,Upper middle income,True
U3508,Poltava V.G. Korolenko National Pedagogical University (PNPU),Ukraine,,ukraine,,,,,,,,,,,False,,,,,,,,,,,False,,,,,,,,5.8,0.0,51.0,True,ukraine,UKR,Ukraine,Ukraine,UA,Europe & Central Asia,Lower middle income,True
U3509,Ravensbourne,United Kingdom,,united kingdom,,,,,,,,,,,False,,,,,,,,,,,False,,,,,,,,22.6,30.0,50.0,True,united kingdom,GBR,United Kingdom,United Kingdom of Great Britain and Northern Ireland,GB,Europe & Central Asia,High income: OECD,True
U3510,Salahaddin University,Iraq,,iraq,,,,,,,,,,,False,,,,,,,,,,,False,,,,,,,,10.7,1.0,55.0,True,iraq,IRQ,Iraq,Republic of Iraq,IQ,Middle East & North Africa,Upper middle income,True
U3511,Salem University,Nigeria,,nigeria,,,,,,,,,,,False,,,,,,,,,,,False,,,,,,,,3.9,1.0,40.0,True,nigeria,NGA,Nigeria,Federal Republic of Nigeria,NG,Sub-Saharan Africa,Lower middle income,True
U3512,Samuel Adegboyega University,Nigeria,,nigeria,,,,,,,,,,,False,,,,,,,,,,,False,,,,,,,,5.4,0.0,51.0,True,nigeria,NGA,Nigeria,Federal Republic of Nigeria,NG,Sub-Saharan Africa,Lower middle income,True
U3513,Sikkim Manipal University,India,,india,,,,,,,,,,,False,,,,,,,,,,,False,,,,,,,,10.5,2.0,31.0,True,india,IND,India,Republic of India,IN,South Asia,Lower middle income,True
U3514,Simón Bolívar University,Venezuela,,venezuela,,,,,,,,,,,False,,,,,,,,,,,False,,,,,,,,10.5,0.0,43.0,True,venezuela,VEN,Venezuela,República Bolivariana de Venezuela,VE,Latin America & Caribbean,Upper middle income,True
U3515,Sokoto State University,Nigeria,,nigeria,,,,,,,,,,,False,,,,,,,,,,,False,,,,,,,,23.8,0.0,25.0,True,nigeria,NGA,Nigeria,Federal Republic of Nigeria,NG,Sub-Saharan Africa,Lower middle income,True
U3516,Soran University,Iraq,,iraq,,,,,,,,,,,False,,,,,,,,,,,False,,,,,,,,9.5,0.0,50.0,True,iraq,IRQ,Iraq,Republic of Iraq,IQ,Middle East & North Africa,Upper middle income,True
U3517,University of South Santa Catarina (Unisul),Brazil,,brazil,,,,,,,,,,,False,,,,,,,,,,,False,,,,,,,,18.8,0.0,52.0,True,brazil,BRA,Brazil,Federative Republic of Brazil,BR,Latin America & Caribbean,Upper middle income,True
U3518,SR University,India,,india,,,,,,,,,,,False,,,,,,,,,,,False,,,,,,,,13.1,0.0,49.0,True,india,IND,India,Republic of India,IN,South Asia,Lower middle income,True
U3519,Sri Padmavati Mahila Visvavidyalayam (Women's University),India,,india,,,,,,,,,,,False,,,,,,,,,,,False,,,,,,,,19.6,6.0,83.0,True,india,IND,India,Republic of India,IN,South Asia,Lower middle income,True
U3520,Sulaimani Polytechnic University,Iraq,,iraq,,,,,,,,,,,False,,,,,,,,,,,False,,,,,,,,11.4,0.0,50.0,True,iraq,IRQ,Iraq,Republic of Iraq,IQ,Middle East & North Africa,Upper middle income,True
U3521,Suratthani Rajabhat University,Thailand,,thailand,,,,,,,,,,,False,,,,,,,,,,,False,,,,,,,,24.6,0.0,71.0,True,thailand,THA,Thailand,Kingdom of Thailand,TH,East Asia & Pacific,Upper middle income,True
U3522,Tashkent State Agrarian University,Uzbekistan,,uzbekistan,,,,,,,,,,,False,,,,,,,,,,,False,,,,,,,,13.5,0.0,51.0,True,uzbekistan,UZB,Uzbekistan,Republic of Uzbekistan,UZ,Europe & Central Asia,Lower middle income,True
U3523,Tecmilenio University,Mexico,,mexico,,,,,,,,,,,False,,,,,,,,,,,False,,,,,,,,16.5,1.0,45.0,True,mexico,MEX,Mexico,United Mexican States,MX,Latin America & Caribbean,Upper middle income,True
U3524,Umaru Musa Yar’adua University,Nigeria,,nigeria,,,,,,,,,,,False,,,,,,,,,,,False,,,,,,,,20.3,0.0,27.0,True,nigeria,NGA,Nigeria,Federal Republic of Nigeria,NG,Sub-Saharan Africa,Lower middle income,True
U3525,UNNOBA,Argentina,,argentina,,,,,,,,,,,False,,,,,,,,,,,False,,,,,,,,12.4,2.0,58.0,True,argentina,ARG,Argentina,Argentine Republic,AR,Latin America & Caribbean,Upper middle income,True
U3526,Üsküdar University,Turkey,,turkey,,,,,,,,,,,False,,,,,,,,,,,False,,,,,,,,43.3,11.0,64.0,True,turkey,TUR,Turkey,Republic of Turkey,TR,Europe & Central Asia,Upper middle income,True
U3527,"Usmanu Danfodiyo University, Sokoto",Nigeria,,nigeria,,,,,,,,,,,False,,,,,,,,,,,False,,,,,,,,19.1,0.0,31.0,True,nigeria,NGA,Nigeria,Federal Republic of Nigeria,NG,Sub-Saharan Africa,Lower middle income,True
U3528,University of Uyo,Nigeria,,nigeria,,,,,,,,,,,False,,,,,,,,,,,False,,,,,,,,30.4,0.0,42.0,True,nigeria,NGA,Nigeria,Federal Republic of Nigeria,NG,Sub-Saharan Africa,Lower middle income,True
U3529,Virtual University of Tunis,Tunisia,,tunisia,,,,,,,,,,,False,,,,,,,,,,,False,,,,,,,,43.6,1.0,53.0,True,tunisia,TUN,Tunisia,Republic of Tunisia,TN,Middle East & North Africa,Upper middle income,True
U3530,​Wellspring University,Nigeria,,nigeria,,,,,,,,,,,False,,,,,,,,,,,False,,,,,,,,12.5,0.0,67.0,True,nigeria,NGA,Nigeria,Federal Republic of Nigeria,NG,Sub-Saharan Africa,Lower middle income,True
