university_id,country_id,year,source,global_rank,global_ranking_score,research_impact_score,students_per_staff,international_student_percentage,academic_reputation_score,research_productivity_index,international_students_score
U1290,C0245,2025,QS 2025,1.0,100.0,100.0,,,100.0,98.3838383838384,86.8
U0851,C0244,2025,QS 2025,2.0,98.5,93.9,,,98.5,95.25252525252526,99.6
U3049,C0244,2025,QS 2025,3.0,96.9,84.8,,,100.0,90.78787878787878,97.7
U0773,C0245,2025,QS 2025,4.0,96.8,100.0,,,100.0,99.83838383838383,69.0
U2718,C0244,2025,QS 2025,5.0,96.7,84.6,,,100.0,90.38383838383838,94.8
U1970,C0245,2025,QS 2025,6.0,96.1,99.0,,,100.0,98.1010101010101,60.8
U0600,C0227,2025,QS 2025,7.0,93.9,97.9,,,98.8,96.989898989899,98.6
U1481,C0205,2025,QS 2025,8.0,93.7,93.1,,,99.5,92.42424242424242,88.9
U2175,C0244,2025,QS 2025,9.0,91.6,72.2,,,99.5,83.11111111111111,100.0
U0322,C0245,2025,QS 2025,10.0,90.9,100.0,,,96.5,86.06060606060606,79.8
U3062,C0245,2025,QS 2025,11.0,90.3,74.0,,,96.3,80.96969696969697,66.2
U2706,C0245,2025,QS 2025,12.0,90.1,98.2,,,100.0,97.77777777777776,61.0
U2966,C0014,2025,QS 2025,13.0,88.9,93.0,,,98.5,94.70707070707071,99.8
U1627,C0268,2025,QS 2025,14.0,88.5,97.7,,,99.5,90.44444444444446,23.6
U1405,C0205,2025,QS 2025,15.0,88.4,92.4,,,91.9,91.11111111111111,83.5
U0478,C0245,2025,QS 2025,16.0,87.9,97.5,,,98.3,96.06060606060606,63.4
U2851,C0270,2025,QS 2025,17.0,87.6,86.4,,,97.4,84.24242424242425,99.3
U3174,C0014,2025,QS 2025,18.0,87.3,93.7,,,96.4,94.48484848484848,100.0
U3019,C0014,2025,QS 2025,19.0,87.1,94.9,,,90.5,96.22222222222224,99.4
U2157,C0268,2025,QS 2025,20.0,86.5,99.1,,,99.2,91.05050505050504,13.4
U2738,C0245,2025,QS 2025,21.0,86.2,60.8,,,99.1,70.22222222222223,87.0
U1702,C0245,2025,QS 2025,22.0,85.5,100.0,,,99.8,91.23232323232322,56.6
U3420,C0245,2025,QS 2025,23.0,85.2,38.6,,,99.9,60.32323232323233,63.3
U2582,C0082,2025,QS 2025,24.0,84.7,87.6,,,74.4,92.4040404040404,65.0
U3228,C0039,2025,QS 2025,25.0,84.1,50.8,,,99.7,69.25252525252526,96.1
U0585,C0227,2025,QS 2025,26.0,83.5,93.6,,,84.2,88.72727272727272,100.0
U2788,C0244,2025,QS 2025,27.0,83.3,47.7,,,98.3,68.1010101010101,99.8
U2071,C0086,2025,QS 2025,28.0,83.2,75.9,,,83.0,83.61616161616162,98.6
U1296,C0039,2025,QS 2025,29.0,83.0,57.9,,,94.3,72.14141414141415,89.6
U0191,C0014,2025,QS 2025,30.0,82.4,84.6,,,93.8,87.1919191919192,96.2
U1855,C0261,2025,QS 2025,31.0,82.3,71.7,,,98.5,72.02020202020202,16.9
U1016,C0245,2025,QS 2025,32.0,82.1,84.2,,,86.0,89.8989898989899,95.8
U3226,C0116,2025,QS 2025,32.0,82.1,57.3,,,100.0,69.03030303030303,29.7
U0467,C0245,2025,QS 2025,34.0,82.0,31.7,,,99.6,58.0,97.0
U2945,C0244,2025,QS 2025,34.0,82.0,45.1,,,95.6,66.40404040404042,99.2
U0401,C0270,2025,QS 2025,36.0,81.3,92.9,,,86.7,85.27272727272728,87.5
U1349,C0014,2025,QS 2025,37.0,81.2,87.6,,,89.2,90.38383838383838,100.0
U2697,C0039,2025,QS 2025,38.0,81.0,57.7,,,98.3,72.82828282828282,72.8
U0673,C0268,2025,QS 2025,39.0,80.3,80.7,,,85.7,75.05050505050505,35.1
U1118,C0244,2025,QS 2025,40.0,80.2,53.6,,,90.3,71.31313131313131,99.5
U3086,C0014,2025,QS 2025,40.0,80.2,90.2,,,86.7,92.72727272727272,100.0
U2710,C0245,2025,QS 2025,42.0,79.8,74.0,,,100.0,82.42424242424241,22.3
U1502,C0245,2025,QS 2025,43.0,79.6,28.6,,,96.3,53.737373737373744,98.1
U2971,C0245,2025,QS 2025,44.0,79.0,47.6,,,97.9,66.54545454545455,39.2
U1878,C0268,2025,QS 2025,45.0,77.8,99.6,,,84.0,89.13131313131314,19.6
U0907,C0082,2025,QS 2025,46.0,77.5,86.1,,,44.7,87.37373737373737,98.0
U0808,C0270,2025,QS 2025,47.0,77.1,99.7,,,81.1,78.28282828282828,95.4
U3456,C0268,2025,QS 2025,47.0,77.1,99.5,,,75.3,96.3838383838384,15.9
U0514,C0168,2025,QS 2025,49.0,77.0,79.7,,,74.4,85.15151515151516,91.4
U1177,C0116,2025,QS 2025,50.0,76.0,39.3,,,98.8,57.43434343434343,19.0
U1539,C0245,2025,QS 2025,50.0,76.0,67.7,,,84.0,76.14141414141415,52.0
U1237,C0244,2025,QS 2025,50.0,76.0,69.4,,,67.2,73.85858585858585,100.0
U1032,C0261,2025,QS 2025,53.0,75.7,96.2,,,87.7,76.20202020202021,10.9
U2696,C0244,2025,QS 2025,54.0,75.4,75.9,,,75.8,83.21212121212122,89.8
U2644,C0168,2025,QS 2025,55.0,73.7,92.2,,,83.8,93.77777777777776,87.5
U3439,C0261,2025,QS 2025,56.0,72.9,44.1,,,81.5,57.51515151515152,51.2
U0807,C0270,2025,QS 2025,57.0,72.1,94.9,,,68.0,88.3838383838384,91.9
U0337,C0245,2025,QS 2025,58.0,72.0,98.9,,,69.8,91.21212121212122,99.1
U1247,C0086,2025,QS 2025,59.0,71.6,50.0,,,92.2,67.87878787878788,37.6
U2539,C0145,2025,QS 2025,60.0,71.2,29.1,,,82.9,53.71717171717172,64.2
U0550,C0245,2025,QS 2025,61.0,70.8,35.1,,,86.0,57.95959595959596,61.0
U0421,C0270,2025,QS 2025,62.0,70.7,100.0,,,60.9,85.01010101010101,100.0
U1159,C0022,2025,QS 2025,63.0,70.3,91.0,,,84.6,94.34343434343434,47.7
U1940,C0082,2025,QS 2025,63.0,70.3,72.3,,,87.2,83.13131313131314,46.7
U2653,C0170,2025,QS 2025,65.0,69.7,66.9,,,82.2,74.84848484848484,84.0
U3194,C0245,2025,QS 2025,66.0,69.5,76.7,,,93.5,82.52525252525253,11.7
U1149,C0261,2025,QS 2025,67.0,69.0,45.0,,,78.2,52.8080808080808,45.7
U1451,C0267,2025,QS 2025,68.0,68.7,44.3,,,93.4,54.727272727272734,27.4
U3271,C0244,2025,QS 2025,69.0,68.2,37.7,,,72.2,59.8989898989899,99.1
U2866,C0245,2025,QS 2025,69.0,68.2,77.5,,,83.9,82.48484848484848,56.3
U2254,C0011,2025,QS 2025,71.0,67.6,1.6,,,94.1,29.61616161616162,64.6
U2714,C0245,2025,QS 2025,72.0,67.1,67.0,,,89.3,78.18181818181817,44.3
U2579,C0082,2025,QS 2025,73.0,67.0,35.0,,,60.7,60.040404040404034,58.6
U1157,C0226,2025,QS 2025,74.0,65.7,86.1,,,45.2,87.97979797979798,65.9
U1249,C0226,2025,QS 2025,75.0,65.6,44.6,,,68.3,65.0909090909091,73.4
U3272,C0245,2025,QS 2025,76.0,65.3,78.8,,,81.9,85.37373737373736,32.8
U3276,C0014,2025,QS 2025,77.0,65.2,98.8,,,55.5,96.92929292929291,99.8
U2823,C0244,2025,QS 2025,78.0,65.0,32.5,,,77.4,58.121212121212125,99.4
U0303,C0245,2025,QS 2025,79.0,64.7,76.4,,,59.9,78.9090909090909,50.9
U2679,C0244,2025,QS 2025,80.0,64.1,40.5,,,68.9,62.92929292929293,89.3
U3144,C0244,2025,QS 2025,80.0,64.1,83.4,,,50.1,88.76767676767676,98.0
U2625,C0014,2025,QS 2025,82.0,63.8,87.0,,,56.0,89.53535353535354,99.3
U2916,C0244,2025,QS 2025,82.0,63.8,39.8,,,70.5,63.03030303030303,88.5
U1781,C0086,2025,QS 2025,84.0,63.7,32.7,,,76.9,56.98989898989899,53.6
U2124,C0116,2025,QS 2025,84.0,63.7,43.1,,,75.1,49.83838383838384,30.5
U1597,C0116,2025,QS 2025,86.0,63.5,54.9,,,82.4,59.81818181818182,12.2
U2154,C0112,2025,QS 2025,87.0,62.9,58.4,,,69.5,71.27272727272728,88.0
U3189,C0014,2025,QS 2025,88.0,62.4,97.7,,,43.9,95.13131313131314,86.0
U0555,C0244,2025,QS 2025,89.0,61.7,40.9,,,59.6,60.02020202020202,84.9
U1629,C0245,2025,QS 2025,89.0,61.7,55.4,,,76.6,72.12121212121212,28.0
U1710,C0245,2025,QS 2025,89.0,61.7,54.3,,,63.3,69.43434343434345,45.2
U2322,C0030,2025,QS 2025,92.0,61.6,28.5,,,92.8,55.01010101010101,2.1
U1677,C0045,2025,QS 2025,93.0,61.5,8.8,,,93.7,37.65656565656565,3.7
U1232,C0195,2025,QS 2025,94.0,61.4,4.1,,,78.0,37.070707070707066,91.5
U2391,C0152,2025,QS 2025,94.0,61.4,2.4,,,97.0,38.1010101010101,2.3
U2634,C0039,2025,QS 2025,96.0,61.2,61.3,,,57.0,74.92929292929293,71.0
U0670,C0086,2025,QS 2025,97.0,60.6,71.7,,,80.3,80.06060606060606,43.7
U1648,C0261,2025,QS 2025,98.0,60.3,96.9,,,45.9,68.46464646464646,2.7
U1791,C0086,2025,QS 2025,99.0,59.9,71.9,,,46.6,77.35353535353536,85.5
U2755,C0058,2025,QS 2025,100.0,59.6,23.1,,,74.0,52.66666666666667,15.6
U1110,C0200,2025,QS 2025,101.0,59.5,78.0,,,38.0,76.12121212121212,47.6
U1126,C0086,2025,QS 2025,102.0,59.4,68.4,,,44.9,75.35353535353536,42.9
U3309,C0226,2025,QS 2025,103.0,59.3,42.3,,,61.4,63.6969696969697,81.1
U3161,C0244,2025,QS 2025,104.0,59.2,49.2,,,46.5,62.66666666666667,100.0
U3129,C0244,2025,QS 2025,105.0,59.1,43.9,,,58.3,64.3030303030303,96.8
U3323,C0168,2025,QS 2025,105.0,59.1,79.5,,,66.5,86.48484848484847,19.4
U2116,C0116,2025,QS 2025,107.0,58.8,23.9,,,73.8,41.07070707070707,11.4
U3034,C0244,2025,QS 2025,108.0,58.5,37.6,,,61.1,61.37373737373738,70.5
U2063,C0058,2025,QS 2025,109.0,58.3,84.4,,,33.2,85.73737373737373,87.7
U3300,C0227,2025,QS 2025,109.0,58.3,40.1,,,59.9,61.39393939393939,42.8
U1650,C0114,2025,QS 2025,111.0,58.2,40.2,,,70.8,58.94949494949495,56.8
U0289,C0245,2025,QS 2025,108.0,58.6,41.3,,,61.9,59.131313131313135,88.9
U0002,C0080,2025,QS 2025,113.0,57.9,73.6,,,45.7,75.19191919191918,40.1
U0703,C0245,2025,QS 2025,114.0,57.3,52.8,,,67.1,61.494949494949495,66.4
U3273,C0039,2025,QS 2025,115.0,57.2,78.9,,,40.4,80.98989898989899,71.3
U3282,C0245,2025,QS 2025,116.0,57.1,23.7,,,77.7,50.36363636363636,23.6
U2847,C0080,2025,QS 2025,117.0,56.8,49.6,,,62.3,68.20202020202021,5.7
U0868,C0108,2025,QS 2025,118.0,56.3,79.1,,,58.5,68.06060606060606,1.3
U3042,C0176,2025,QS 2025,119.0,56.1,55.7,,,55.6,72.06060606060606,31.7
U1723,C0244,2025,QS 2025,120.0,55.8,62.8,,,48.3,74.42424242424242,99.2
U3389,C0039,2025,QS 2025,120.0,55.8,93.4,,,32.6,88.52525252525253,49.5
U1714,C0193,2025,QS 2025,122.0,55.7,48.2,,,29.8,64.32323232323233,96.5
U1758,C0014,2025,QS 2025,123.0,55.5,77.7,,,40.4,79.69696969696969,91.4
U2000,C0261,2025,QS 2025,123.0,55.5,41.3,,,57.9,45.91919191919192,41.7
U3152,C0245,2025,QS 2025,125.0,55.2,58.0,,,50.4,68.8080808080808,74.1
U0822,C0086,2025,QS 2025,126.0,55.0,27.0,,,89.2,52.96969696969697,35.1
U2616,C0112,2025,QS 2025,126.0,55.0,46.4,,,51.4,62.343434343434346,74.8
U1986,C0226,2025,QS 2025,128.0,54.8,64.5,,,52.5,76.74747474747474,89.8
U1495,C0244,2025,QS 2025,129.0,54.5,38.7,,,50.0,61.67676767676767,68.6
U2707,C0245,2025,QS 2025,130.0,54.4,52.5,,,63.0,67.41414141414141,51.3
U2663,C0227,2025,QS 2025,131.0,54.3,94.5,,,26.6,92.3838383838384,85.8
U1826,C0114,2025,QS 2025,132.0,54.2,45.3,,,80.7,65.67676767676767,8.0
U0084,C0114,2025,QS 2025,133.0,54.1,46.6,,,80.8,66.02020202020202,12.3
U1256,C0014,2025,QS 2025,133.0,54.1,79.6,,,33.4,83.95959595959596,91.6
U3120,C0268,2025,QS 2025,133.0,54.1,97.7,,,50.0,88.7878787878788,5.1
U0579,C0168,2025,QS 2025,136.0,54.0,79.3,,,28.7,75.65656565656566,82.7
U3262,C0015,2025,QS 2025,137.0,53.9,13.0,,,70.9,45.65656565656566,92.0
U2536,C0145,2025,QS 2025,138.0,53.8,14.1,,,61.7,41.35353535353536,78.8
U0369,C0226,2025,QS 2025,139.0,53.7,77.4,,,26.3,77.01010101010101,63.1
U2259,C0045,2025,QS 2025,139.0,53.7,11.2,,,82.8,36.92929292929293,4.5
U1194,C0244,2025,QS 2025,141.0,53.6,69.6,,,38.9,77.41414141414141,92.3
U1210,C0168,2025,QS 2025,141.0,53.6,54.5,,,68.4,70.48484848484848,51.7
U1749,C0245,2025,QS 2025,141.0,53.6,87.9,,,39.1,77.3939393939394,94.1
U0003,C0058,2025,QS 2025,144.0,53.3,63.8,,,54.7,76.48484848484848,11.9
U1398,C0268,2025,QS 2025,145.0,53.0,93.0,,,57.1,82.46464646464646,7.6
U2552,C0145,2025,QS 2025,146.0,52.7,19.6,,,63.3,46.343434343434346,96.4
U2075,C0086,2025,QS 2025,147.0,52.5,22.1,,,55.3,47.17171717171718,74.8
U2549,C0145,2025,QS 2025,148.0,52.3,25.7,,,61.0,47.090909090909086,92.0
U1105,C0200,2025,QS 2025,149.0,52.2,34.4,,,59.8,57.45454545454545,9.5
U0869,C0108,2025,QS 2025,150.0,52.1,77.4,,,54.1,71.47474747474747,1.5
U2665,C0244,2025,QS 2025,150.0,52.1,52.0,,,35.8,64.52525252525253,80.0
U1323,C0245,2025,QS 2025,152.0,51.9,50.3,,,59.5,68.86868686868686,12.4
U1383,C0116,2025,QS 2025,152.0,51.9,25.4,,,63.2,40.56565656565657,19.6
U2100,C0245,2025,QS 2025,154.0,51.8,64.3,,,61.2,75.37373737373737,12.1
U2817,C0227,2025,QS 2025,155.0,51.6,62.4,,,45.5,74.86868686868686,97.6
U3028,C0245,2025,QS 2025,155.0,51.6,47.2,,,61.4,64.6060606060606,11.1
U3370,C0168,2025,QS 2025,155.0,51.6,41.3,,,42.1,63.57575757575758,81.2
U0586,C0168,2025,QS 2025,158.0,51.5,63.3,,,37.0,71.85858585858585,70.0
U2511,C0039,2025,QS 2025,159.0,51.3,19.3,,,55.5,44.98989898989899,54.1
U2830,C0168,2025,QS 2025,159.0,51.3,41.2,,,52.3,61.97979797979798,83.5
U2676,C0227,2025,QS 2025,161.0,51.2,99.3,,,29.7,97.07070707070709,38.0
U0767,C0261,2025,QS 2025,162.0,51.1,28.5,,,43.0,41.71717171717172,57.6
U0070,C0118,2025,QS 2025,163.0,51.0,1.4,,,54.2,25.979797979797983,54.2
U0472,C0216,2025,QS 2025,164.0,50.9,7.9,,,68.1,40.86868686868687,34.3
U2474,C0216,2025,QS 2025,165.0,50.7,38.1,,,73.7,61.1919191919192,26.3
U2928,C0244,2025,QS 2025,165.0,50.7,36.6,,,46.1,60.44444444444445,85.4
U1185,C0116,2025,QS 2025,167.0,50.3,27.9,,,58.3,44.14141414141415,14.1
U3285,C0014,2025,QS 2025,167.0,50.3,94.6,,,29.5,92.28282828282828,56.3
U0709,C0022,2025,QS 2025,169.0,50.1,21.5,,,53.2,52.22222222222222,21.4
U2799,C0244,2025,QS 2025,169.0,50.1,42.5,,,42.9,63.17171717171716,72.2
U2726,C0212,2025,QS 2025,171.0,50.0,46.8,,,45.2,66.66666666666666,19.2
U3088,C0244,2025,QS 2025,172.0,49.9,65.7,,,32.2,75.85858585858585,78.6
U0802,C0116,2025,QS 2025,173.0,49.8,26.0,,,59.0,46.14141414141414,12.1
U0491,C0014,2025,QS 2025,174.0,49.3,84.7,,,33.1,88.3838383838384,24.3
U2473,C0216,2025,QS 2025,175.0,49.2,59.5,,,64.0,72.66666666666666,16.5
U1297,C0039,2025,QS 2025,176.0,49.0,35.6,,,39.5,53.93939393939394,56.7
U3379,C0245,2025,QS 2025,171.0,49.9,47.7,,,36.3,61.67676767676768,72.4
U2716,C0245,2025,QS 2025,178.0,48.9,97.8,,,52.6,87.03030303030302,17.2
U3014,C0014,2025,QS 2025,179.0,48.7,91.7,,,28.3,87.6969696969697,24.2
U2284,C0047,2025,QS 2025,179.0,48.7,5.9,,,67.7,24.868686868686872,1.9
U2556,C0145,2025,QS 2025,181.0,48.5,40.5,,,48.6,57.03030303030303,86.9
U3377,C0116,2025,QS 2025,181.0,48.5,3.8,,,60.7,28.12121212121212,28.0
U0762,C0193,2025,QS 2025,183.0,48.3,100.0,,,12.9,89.61616161616162,100.0
U3294,C0244,2025,QS 2025,184.0,48.2,40.1,,,42.9,60.66666666666666,75.6
U2085,C0152,2025,QS 2025,185.0,48.1,2.4,,,53.8,23.313131313131315,10.6
U0334,C0244,2025,QS 2025,186.0,47.6,30.0,,,46.8,54.464646464646464,67.7
U0452,C0082,2025,QS 2025,187.0,47.5,93.5,,,29.8,84.06060606060606,11.7
U1075,C0116,2025,QS 2025,188.0,47.4,5.1,,,53.0,25.313131313131315,10.2
U3045,C0039,2025,QS 2025,189.0,47.3,81.3,,,26.2,85.83838383838383,77.8
U2079,C0015,2025,QS 2025,190.0,47.2,73.8,,,33.9,72.64646464646464,90.4
U2590,C0086,2025,QS 2025,191.0,47.1,54.7,,,50.7,69.87878787878788,20.4
U2142,C0268,2025,QS 2025,192.0,46.9,96.9,,,31.8,87.17171717171718,26.5
U1727,C0039,2025,QS 2025,193.0,46.8,42.6,,,40.8,53.57575757575758,26.6
U2825,C0226,2025,QS 2025,194.0,46.7,33.6,,,35.4,57.41414141414141,78.2
U3410,C0268,2025,QS 2025,194.0,46.7,91.9,,,39.2,86.28282828282829,4.9
U0583,C0245,2025,QS 2025,196.0,46.6,78.4,,,25.2,81.0909090909091,33.9
U0511,C0014,2025,QS 2025,197.0,46.4,73.6,,,31.3,77.01010101010101,63.8
U2220,C0216,2025,QS 2025,198.0,46.3,21.0,,,61.0,48.888888888888886,10.4
U2704,C0039,2025,QS 2025,198.0,46.3,40.3,,,37.9,57.83838383838384,66.2
U0159,C0245,2025,QS 2025,200.0,46.2,47.1,,,48.6,66.20202020202021,37.2
U1117,C0200,2025,QS 2025,200.0,46.2,40.0,,,39.4,61.65656565656565,15.0
U0116,C0243,2025,QS 2025,332.0,33.6,23.9,,,20.9,32.90909090909091,100.0
U2487,C0022,2025,QS 2025,203.0,46.0,55.0,,,48.4,68.64646464646464,47.6
U2977,C0245,2025,QS 2025,203.0,46.0,41.9,,,56.8,61.43434343434344,8.7
U0567,C0082,2025,QS 2025,205.0,45.8,62.6,,,8.9,51.99999999999999,96.5
U1728,C0244,2025,QS 2025,206.0,45.7,40.6,,,35.4,61.090909090909086,98.2
U2459,C0109,2025,QS 2025,206.0,45.7,2.1,,,53.8,15.292929292929294,7.1
U1567,C0245,2025,QS 2025,208.0,45.6,31.2,,,58.6,56.121212121212125,10.6
U2092,C0113,2025,QS 2025,209.0,45.2,99.4,,,32.0,90.70707070707071,7.0
U1458,C0267,2025,QS 2025,210.0,45.1,49.6,,,54.8,47.23232323232323,11.1
U0862,C0108,2025,QS 2025,211.0,45.0,99.9,,,45.7,75.33333333333334,1.5
U0064,C0086,2025,QS 2025,212.0,44.8,52.2,,,43.1,67.91919191919192,33.7
U1725,C0014,2025,QS 2025,213.0,44.7,59.9,,,39.8,68.98989898989899,20.7
U3044,C0170,2025,QS 2025,214.0,44.4,38.8,,,45.0,54.62626262626262,37.6
U1418,C0267,2025,QS 2025,215.0,44.2,20.3,,,51.5,35.01010101010101,13.9
U2803,C0245,2025,QS 2025,215.0,44.2,32.1,,,46.7,58.161616161616166,10.3
U1200,C0014,2025,QS 2025,217.0,44.1,77.7,,,23.6,77.83838383838383,95.0
U2954,C0245,2025,QS 2025,218.0,44.0,55.0,,,48.6,69.6161616161616,16.2
U1487,C0267,2025,QS 2025,219.0,43.9,52.7,,,32.9,52.62626262626263,19.2
U2395,C0047,2025,QS 2025,219.0,43.9,3.4,,,71.0,27.67676767676768,1.4
U3365,C0168,2025,QS 2025,221.0,43.8,63.7,,,39.4,73.55555555555557,47.4
U0565,C0086,2025,QS 2025,222.0,43.7,20.5,,,46.0,49.31313131313131,26.2
U0878,C0108,2025,QS 2025,222.0,43.7,90.2,,,34.0,81.65656565656566,1.1
U0671,C0086,2025,QS 2025,224.0,43.6,94.9,,,25.8,91.6969696969697,48.8
U1242,C0244,2025,QS 2025,224.0,43.6,32.4,,,29.7,53.81818181818181,68.6
U2915,C0227,2025,QS 2025,224.0,43.6,61.0,,,28.4,68.20202020202021,54.2
U0879,C0108,2025,QS 2025,227.0,43.5,70.3,,,42.4,56.74747474747475,1.6
U1747,C0086,2025,QS 2025,227.0,43.5,17.2,,,52.8,47.67676767676768,38.9
U0411,C0231,2025,QS 2025,229.0,43.4,7.5,,,68.2,35.69696969696969,3.0
U1253,C0168,2025,QS 2025,230.0,43.0,62.8,,,23.0,69.57575757575756,100.0
U2528,C0022,2025,QS 2025,230.0,43.0,49.9,,,33.3,64.58585858585857,84.4
U2327,C0030,2025,QS 2025,232.0,42.9,24.3,,,71.8,48.22222222222223,2.7
U3243,C0168,2025,QS 2025,233.0,42.7,61.3,,,20.7,71.53535353535352,90.4
U2077,C0086,2025,QS 2025,234.0,42.6,28.5,,,36.3,54.161616161616166,27.6
U3266,C0170,2025,QS 2025,235.0,42.5,84.7,,,19.1,72.58585858585859,56.9
U2523,C0114,2025,QS 2025,236.0,42.3,45.7,,,58.9,65.03030303030303,11.1
U2622,C0244,2025,QS 2025,236.0,42.3,32.0,,,30.5,54.14141414141415,92.6
U3093,C0245,2025,QS 2025,236.0,42.3,33.6,,,22.6,45.33333333333333,93.8
U0688,C0109,2025,QS 2025,239.0,41.8,1.7,,,54.4,15.414141414141412,4.1
U1291,C0170,2025,QS 2025,239.0,41.8,27.4,,,30.1,49.97979797979798,95.2
U1651,C0114,2025,QS 2025,241.0,41.7,51.6,,,40.2,63.15151515151516,41.0
U2062,C0086,2025,QS 2025,241.0,41.7,70.0,,,20.0,68.04040404040404,81.4
U0509,C0245,2025,QS 2025,243.0,41.3,60.6,,,22.8,52.888888888888886,40.9
U3340,C0170,2025,QS 2025,244.0,41.2,32.1,,,42.8,47.01010101010101,31.0
U2937,C0273,2025,QS 2025,245.0,41.1,99.1,,,11.9,82.08080808080807,99.9
U0381,C0057,2025,QS 2025,246.0,41.0,8.0,,,45.6,42.74747474747475,50.5
U3172,C0244,2025,QS 2025,246.0,41.0,56.8,,,22.6,67.63636363636363,84.9
U3330,C0245,2025,QS 2025,248.0,40.8,53.0,,,24.4,62.86868686868687,36.0
U3006,C0216,2025,QS 2025,249.0,40.7,14.7,,,30.6,33.5959595959596,73.8
U0111,C0132,2025,QS 2025,250.0,40.6,28.9,,,28.6,46.04040404040404,37.0
U2055,C0145,2025,QS 2025,251.0,40.5,10.1,,,27.0,21.83838383838384,99.6
U0769,C0268,2025,QS 2025,252.0,40.3,99.8,,,27.1,87.19191919191918,5.0
U0806,C0270,2025,QS 2025,252.0,40.3,61.4,,,18.2,51.15151515151515,100.0
U2831,C0086,2025,QS 2025,252.0,40.3,16.2,,,46.4,47.232323232323225,22.4
U0736,C0014,2025,QS 2025,255.0,40.1,62.5,,,27.0,74.08080808080808,38.5
U0223,C0109,2025,QS 2025,256.0,39.9,2.6,,,43.2,11.19191919191919,3.8
U0784,C0244,2025,QS 2025,256.0,39.9,65.2,,,17.8,68.96969696969697,98.1
U3270,C0188,2025,QS 2025,258.0,39.8,5.5,,,50.0,36.30303030303031,8.4
U0338,C0245,2025,QS 2025,259.0,39.7,61.6,,,17.2,58.78787878787879,71.7
U2927,C0189,2025,QS 2025,260.0,39.6,36.5,,,44.0,60.7878787878788,39.4
U0328,C0243,2025,QS 2025,523.0,23.5,2.7,,,20.1,6.282828282828284,100.0
U2724,C0170,2025,QS 2025,261.0,39.4,31.4,,,34.7,43.474747474747474,27.7
U0877,C0108,2025,QS 2025,263.0,39.3,73.3,,,36.9,59.09090909090908,1.1
U1544,C0176,2025,QS 2025,264.0,39.1,30.4,,,33.2,55.55555555555556,9.3
U2176,C0145,2025,QS 2025,265.0,38.8,3.6,,,27.0,16.363636363636363,95.8
U2482,C0216,2025,QS 2025,265.0,38.8,67.1,,,31.7,69.55555555555554,24.5
U2648,C0022,2025,QS 2025,267.0,38.7,48.1,,,24.1,66.36363636363637,32.0
U3284,C0212,2025,QS 2025,267.0,38.7,30.5,,,26.5,56.58585858585859,5.8
U2109,C0268,2025,QS 2025,269.0,38.6,99.5,,,17.2,85.63636363636364,25.4
U2560,C0145,2025,QS 2025,269.0,38.6,79.0,,,19.5,72.68686868686868,20.1
U0244,C0268,2025,QS 2025,271.0,38.5,92.6,,,33.9,83.71717171717172,21.3
U1729,C0168,2025,QS 2025,272.0,38.4,66.0,,,28.0,76.92929292929294,18.6
U2615,C0112,2025,QS 2025,273.0,38.3,28.5,,,30.1,44.18181818181819,52.1
U2813,C0112,2025,QS 2025,273.0,38.3,13.2,,,26.2,39.83838383838384,43.2
U0502,C0039,2025,QS 2025,275.0,38.2,53.5,,,19.4,62.68686868686869,74.6
U2957,C0245,2025,QS 2025,275.0,38.2,48.8,,,38.2,60.8080808080808,25.3
U3071,C0245,2025,QS 2025,275.0,38.2,31.3,,,35.0,55.01010101010101,13.5
U3076,C0189,2025,QS 2025,278.0,38.1,59.6,,,41.3,73.53535353535352,19.8
U3367,C0022,2025,QS 2025,278.0,38.1,18.2,,,23.3,47.63636363636363,58.2
U2184,C0261,2025,QS 2025,280.0,38.0,98.1,,,13.6,68.46464646464646,9.6
U0780,C0113,2025,QS 2025,281.0,37.9,19.4,,,32.8,42.18181818181818,23.8
U3166,C0244,2025,QS 2025,281.0,37.9,31.8,,,25.9,52.6060606060606,64.0
U2576,C0082,2025,QS 2025,283.0,37.5,2.9,,,65.6,29.151515151515152,46.5
U1950,C0268,2025,QS 2025,284.0,37.3,98.8,,,9.3,78.38383838383838,1.4
U1325,C0257,2025,QS 2025,285.0,37.2,22.3,,,31.2,42.686868686868685,18.3
U2231,C0216,2025,QS 2025,285.0,37.2,4.1,,,33.5,28.262626262626263,52.3
U2746,C0086,2025,QS 2025,285.0,37.2,29.3,,,35.2,53.43434343434343,30.1
U2917,C0244,2025,QS 2025,285.0,37.2,43.4,,,19.8,61.17171717171716,95.3
U2972,C0114,2025,QS 2025,285.0,37.2,39.6,,,52.8,57.535353535353536,6.8
U3171,C0244,2025,QS 2025,285.0,37.2,55.2,,,19.7,67.35353535353536,87.1
U2011,C0014,2025,QS 2025,291.0,37.1,86.5,,,13.9,78.12121212121211,77.3
U2675,C0176,2025,QS 2025,291.0,37.1,28.3,,,31.6,52.78787878787878,16.9
U2650,C0245,2025,QS 2025,293.0,37.0,38.8,,,37.3,60.525252525252526,15.1
U3183,C0014,2025,QS 2025,293.0,37.0,59.8,,,16.0,67.55555555555556,89.7
U3415,C0268,2025,QS 2025,295.0,36.9,89.5,,,19.0,85.75757575757575,3.8
U1978,C0212,2025,QS 2025,296.0,36.7,61.9,,,26.1,74.8080808080808,8.0
U3264,C0245,2025,QS 2025,297.0,36.6,29.1,,,37.3,49.5959595959596,11.3
U0234,C0195,2025,QS 2025,298.0,36.5,1.4,,,36.2,5.979797979797979,70.0
U2008,C0244,2025,QS 2025,298.0,36.5,27.9,,,23.1,49.15151515151514,59.6
U0817,C0268,2025,QS 2025,300.0,36.4,99.9,,,20.4,91.61616161616163,2.7
U0701,C0245,2025,QS 2025,301.0,36.3,14.0,,,29.3,32.727272727272734,37.3
U0242,C0268,2025,QS 2025,302.0,35.9,82.0,,,23.2,76.4040404040404,6.7
U2577,C0082,2025,QS 2025,302.0,35.9,87.0,,,27.8,91.7979797979798,35.2
U1217,C0226,2025,QS 2025,304.0,35.8,45.4,,,18.5,60.68686868686869,32.6
U2360,C0030,2025,QS 2025,304.0,35.8,7.8,,,61.9,35.91919191919192,1.5
U0001,C0058,2025,QS 2025,306.0,35.7,53.2,,,19.9,68.44444444444444,14.9
U2708,C0245,2025,QS 2025,307.0,35.5,40.7,,,37.5,57.63636363636364,58.7
U0039,C0109,2025,QS 2025,308.0,35.3,1.5,,,37.1,16.18181818181818,6.7
U0720,C0086,2025,QS 2025,309.0,35.2,15.9,,,43.2,45.15151515151516,24.1
U2592,C0015,2025,QS 2025,309.0,35.2,9.3,,,20.3,33.51515151515152,100.0
U1518,C0245,2025,QS 2025,311.0,35.1,63.4,,,26.7,68.96969696969697,17.0
U0977,C0188,2025,QS 2025,312.0,35.0,5.5,,,37.8,38.12121212121212,15.4
U2880,C0212,2025,QS 2025,312.0,35.0,24.9,,,17.7,53.67676767676768,51.4
U2602,C0086,2025,QS 2025,314.0,34.9,55.2,,,23.1,60.88888888888889,46.8
U1719,C0181,2025,QS 2025,315.0,34.8,93.6,,,17.3,81.97979797979798,1.9
U1778,C0195,2025,QS 2025,316.0,34.7,2.1,,,24.4,36.505050505050505,92.2
U1876,C0268,2025,QS 2025,316.0,34.7,88.2,,,16.6,78.34343434343435,3.1
U3032,C0245,2025,QS 2025,316.0,34.7,29.2,,,25.8,45.01010101010101,18.4
U1914,C0039,2025,QS 2025,319.0,34.6,36.6,,,24.0,52.2020202020202,83.9
U2748,C0245,2025,QS 2025,320.0,34.4,34.9,,,36.1,55.01010101010101,4.9
U1226,C0118,2025,QS 2025,321.0,34.2,1.4,,,34.4,9.05050505050505,8.2
U1454,C0089,2025,QS 2025,321.0,34.2,76.0,,,21.3,74.42424242424241,4.6
U2422,C0216,2025,QS 2025,321.0,34.2,11.4,,,31.3,38.66666666666667,32.1
U2970,C0245,2025,QS 2025,324.0,34.1,39.3,,,19.0,55.77777777777778,16.9
U3154,C0058,2025,QS 2025,324.0,34.1,49.3,,,20.2,61.63636363636364,24.1
U0499,C0261,2025,QS 2025,326.0,34.0,99.9,,,10.5,64.5050505050505,3.3
U0959,C0257,2025,QS 2025,326.0,34.0,17.0,,,27.0,40.04040404040404,19.8
U1181,C0261,2025,QS 2025,328.0,33.8,15.1,,,23.2,30.16161616161617,53.4
U1789,C0245,2025,QS 2025,328.0,33.8,12.8,,,36.2,38.26262626262627,28.2
U2770,C0108,2025,QS 2025,328.0,33.8,25.9,,,38.1,45.03030303030303,1.5
U2003,C0268,2025,QS 2025,331.0,33.7,49.5,,,31.8,60.26262626262626,3.6
U0016,C0243,2025,QS 2025,501.0,24.1,16.7,,,15.9,20.14141414141414,99.8
U2783,C0244,2025,QS 2025,332.0,33.6,58.7,,,17.2,70.08080808080808,32.2
U2530,C0082,2025,QS 2025,334.0,33.5,41.7,,,44.7,62.60606060606061,35.1
U0882,C0108,2025,QS 2025,335.0,33.4,93.8,,,19.4,73.73737373737373,2.0
U0656,C0014,2025,QS 2025,336.0,33.3,51.8,,,13.5,63.030303030303024,88.8
U1197,C0080,2025,QS 2025,336.0,33.3,97.6,,,6.4,80.60606060606061,28.5
U1902,C0268,2025,QS 2025,336.0,33.3,98.5,,,20.4,87.4949494949495,4.9
U3213,C0187,2025,QS 2025,336.0,33.3,1.9,,,36.3,24.74747474747475,1.1
U3117,C0039,2025,QS 2025,340.0,33.2,57.0,,,11.1,66.78787878787878,49.5
U3145,C0014,2025,QS 2025,340.0,33.2,31.9,,,21.3,52.86868686868687,50.9
U0304,C0244,2025,QS 2025,342.0,33.0,46.5,,,11.1,58.64646464646465,99.8
U1884,C0264,2025,QS 2025,342.0,33.0,99.9,,,11.5,84.34343434343435,1.2
U0872,C0108,2025,QS 2025,344.0,32.9,97.6,,,18.8,78.82828282828284,1.2
U2161,C0245,2025,QS 2025,344.0,32.9,45.7,,,16.9,51.01010101010102,38.1
U3046,C0080,2025,QS 2025,344.0,32.9,59.4,,,15.1,71.11111111111111,8.6
U2111,C0168,2025,QS 2025,347.0,32.8,55.1,,,14.7,55.33333333333333,60.6
U3004,C0114,2025,QS 2025,347.0,32.8,65.1,,,36.6,75.81818181818181,1.1
U3261,C0039,2025,QS 2025,349.0,32.6,62.5,,,17.0,58.76767676767677,40.9
U0320,C0260,2025,QS 2025,350.0,32.5,3.0,,,45.8,35.71717171717172,7.2
U1841,C0082,2025,QS 2025,350.0,32.5,2.8,,,16.8,13.373737373737374,97.2
U0422,C0244,2025,QS 2025,352.0,32.4,31.2,,,20.8,44.72727272727273,98.9
U1479,C0181,2025,QS 2025,353.0,32.3,14.5,,,20.4,37.51515151515152,4.0
U3079,C0212,2025,QS 2025,354.0,32.2,15.5,,,23.9,48.02020202020203,8.2
U0859,C0245,2025,QS 2025,355.0,32.1,29.1,,,33.4,51.61616161616161,10.8
U2744,C0189,2025,QS 2025,355.0,32.1,49.8,,,29.4,66.02020202020202,22.9
U2936,C0141,2025,QS 2025,355.0,32.1,25.2,,,9.2,42.58585858585858,100.0
U3182,C0071,2025,QS 2025,358.0,32.0,10.8,,,22.9,41.41414141414141,15.1
U0753,C0261,2025,QS 2025,359.0,31.9,100.0,,,13.8,70.5050505050505,8.8
U1680,C0186,2025,QS 2025,359.0,31.9,1.6,,,48.4,15.353535353535351,1.3
U2654,C0189,2025,QS 2025,359.0,31.9,90.6,,,13.9,89.85858585858585,15.3
U1998,C0178,2025,QS 2025,362.0,31.7,21.9,,,18.6,44.1010101010101,3.2
U3412,C0268,2025,QS 2025,362.0,31.7,72.2,,,23.6,68.04040404040404,3.1
U3442,C0039,2025,QS 2025,362.0,31.7,22.6,,,22.7,39.15151515151516,78.7
U1804,C0195,2025,QS 2025,365.0,31.6,4.6,,,36.3,35.67676767676768,38.9
U2865,C0245,2025,QS 2025,365.0,31.6,23.3,,,38.5,46.96969696969697,19.3
U3391,C0086,2025,QS 2025,367.0,31.5,10.0,,,31.6,38.18181818181819,4.5
U1262,C0231,2025,QS 2025,368.0,31.4,4.7,,,44.1,24.94949494949495,4.2
U2881,C0117,2025,QS 2025,368.0,31.4,3.5,,,32.9,28.18181818181818,43.5
U3190,C0264,2025,QS 2025,368.0,31.4,79.1,,,20.6,81.75757575757575,2.0
U0702,C0245,2025,QS 2025,371.0,31.3,27.5,,,25.2,47.77777777777777,34.4
U1214,C0170,2025,QS 2025,371.0,31.3,52.1,,,8.2,38.72727272727272,96.3
U2480,C0216,2025,QS 2025,371.0,31.3,16.7,,,31.8,43.57575757575757,19.8
U3240,C0114,2025,QS 2025,371.0,31.3,33.3,,,41.5,54.525252525252526,5.3
U2802,C0114,2025,QS 2025,375.0,31.2,46.6,,,34.6,62.98989898989899,12.3
U3241,C0080,2025,QS 2025,375.0,31.2,29.3,,,27.8,51.61616161616162,4.4
U1402,C0268,2025,QS 2025,377.0,31.1,82.9,,,18.5,69.87878787878789,2.7
U1684,C0047,2025,QS 2025,377.0,31.1,1.6,,,45.3,17.01010101010101,2.5
U3236,C0116,2025,QS 2025,377.0,31.1,17.3,,,36.6,36.505050505050505,19.3
U2074,C0086,2025,QS 2025,380.0,30.8,99.1,,,4.9,75.85858585858585,100.0
U2890,C0244,2025,QS 2025,380.0,30.8,45.7,,,15.4,58.525252525252526,49.8
U3070,C0114,2025,QS 2025,382.0,30.7,38.8,,,40.4,58.18181818181818,4.2
U0143,C0108,2025,QS 2025,383.0,30.6,100.0,,,10.0,95.63636363636364,1.3
U3388,C0014,2025,QS 2025,384.0,30.5,31.0,,,19.9,53.09090909090909,45.5
U1942,C0268,2025,QS 2025,385.0,30.4,97.8,,,12.1,78.98989898989898,4.6
U2534,C0276,2025,QS 2025,385.0,30.4,9.9,,,20.2,19.29292929292929,46.5
U0252,C0021,2025,QS 2025,387.0,30.3,1.3,,,28.4,14.484848484848486,59.3
U2368,C0189,2025,QS 2025,388.0,30.2,23.9,,,28.7,48.34343434343435,57.0
U2603,C0114,2025,QS 2025,389.0,30.1,88.5,,,3.3,68.46464646464646,4.3
U2764,C0056,2025,QS 2025,389.0,30.1,75.0,,,10.0,74.1010101010101,20.0
U3351,C0245,2025,QS 2025,389.0,30.1,28.4,,,26.4,49.57575757575758,16.5
U1452,C0267,2025,QS 2025,392.0,30.0,29.4,,,27.6,28.848484848484844,25.5
U1412,C0089,2025,QS 2025,393.0,29.9,31.0,,,26.7,52.76767676767676,15.9
U2717,C0245,2025,QS 2025,393.0,29.9,65.3,,,17.7,64.62626262626263,7.0
U3097,C0114,2025,QS 2025,393.0,29.9,47.2,,,31.3,55.51515151515152,30.8
U1522,C0245,2025,QS 2025,396.0,29.7,24.6,,,19.2,41.09090909090909,96.4
U1779,C0086,2025,QS 2025,396.0,29.7,53.4,,,20.3,66.62626262626262,39.3
U1849,C0261,2025,QS 2025,396.0,29.7,76.9,,,10.8,71.4949494949495,31.2
U2504,C0022,2025,QS 2025,396.0,29.7,38.0,,,17.0,60.24242424242425,53.0
U3155,C0014,2025,QS 2025,396.0,29.7,73.1,,,8.8,76.02020202020202,23.0
U1073,C0195,2025,QS 2025,401.0,29.6,2.4,,,23.6,36.121212121212125,95.7
U1152,C0257,2025,QS 2025,401.0,29.6,32.4,,,24.3,39.474747474747474,13.0
U0118,C0264,2025,QS 2025,403.0,29.5,100.0,,,5.2,87.95959595959596,2.8
U2722,C0014,2025,QS 2025,403.0,29.5,51.2,,,14.3,55.51515151515152,69.4
U0899,C0082,2025,QS 2025,405.0,29.3,60.6,,,7.4,59.75757575757576,58.3
U1831,C0118,2025,QS 2025,405.0,29.3,1.2,,,27.8,5.777777777777778,16.9
U3320,C0227,2025,QS 2025,405.0,29.3,40.7,,,6.1,39.535353535353536,100.0
U0275,C0244,2025,QS 2025,408.0,29.1,57.1,,,10.0,56.02020202020202,99.5
U1287,C0057,2025,QS 2025,408.0,29.1,13.8,,,23.5,39.75757575757576,66.7
U0813,C0195,2025,QS 2025,410.0,29.0,1.8,,,24.0,33.85858585858586,13.5
U0107,C0260,2025,QS 2025,410.0,29.0,5.2,,,32.1,14.02020202020202,3.8
U0185,C0170,2025,QS 2025,412.0,28.9,21.7,,,19.3,33.39393939393939,99.8
U0733,C0015,2025,QS 2025,413.0,28.8,11.1,,,14.7,29.91919191919192,59.7
U3432,C0245,2025,QS 2025,413.0,28.8,91.6,,,3.1,57.17171717171716,13.5
U0474,C0039,2025,QS 2025,415.0,28.7,17.5,,,15.8,39.41414141414141,92.3
U1603,C0244,2025,QS 2025,416.0,28.6,7.0,,,30.7,30.868686868686872,67.4
U2073,C0113,2025,QS 2025,416.0,28.6,20.1,,,23.9,35.05050505050505,4.3
U2781,C0244,2025,QS 2025,418.0,28.5,14.0,,,18.4,37.85858585858586,89.4
U0284,C0257,2025,QS 2025,418.0,28.5,10.7,,,24.9,24.383838383838384,2.6
U0496,C0057,2025,QS 2025,420.0,28.4,3.6,,,22.0,25.171717171717173,50.2
U0549,C0112,2025,QS 2025,421.0,28.3,10.7,,,20.1,35.93939393939394,22.6
U2925,C0112,2025,QS 2025,421.0,28.3,23.0,,,18.3,42.22222222222221,30.8
U0174,C0244,2025,QS 2025,423.0,28.1,34.4,,,12.5,51.83838383838384,53.8
U2569,C0039,2025,QS 2025,423.0,28.1,23.8,,,19.2,45.81818181818182,41.6
U1448,C0267,2025,QS 2025,425.0,28.0,41.6,,,13.9,32.80808080808081,20.6
U0929,C0109,2025,QS 2025,426.0,27.9,1.8,,,23.5,7.7979797979797985,3.6
U1209,C0086,2025,QS 2025,426.0,27.9,17.4,,,21.2,41.25252525252526,26.9
U1023,C0086,2025,QS 2025,428.0,27.8,74.4,,,15.8,75.7979797979798,9.5
U1943,C0268,2025,QS 2025,428.0,27.8,82.0,,,13.5,76.64646464646465,3.4
U3119,C0268,2025,QS 2025,430.0,27.7,99.4,,,11.8,82.18181818181819,2.8
U0360,C0268,2025,QS 2025,431.0,27.6,99.7,,,8.6,86.68686868686868,4.0
U2139,C0195,2025,QS 2025,431.0,27.6,4.2,,,22.0,27.434343434343432,91.6
U2826,C0216,2025,QS 2025,431.0,27.6,26.2,,,44.4,53.77777777777778,14.8
U0043,C0243,2025,QS 2025,477.0,25.1,3.2,,,17.3,20.484848484848484,100.0
U0834,C0216,2025,QS 2025,435.0,27.4,2.2,,,8.1,1.7373737373737377,100.0
U0932,C0264,2025,QS 2025,436.0,27.2,98.7,,,7.8,80.38383838383838,1.5
U1372,C0014,2025,QS 2025,436.0,27.2,57.3,,,8.0,63.97979797979798,73.9
U2481,C0216,2025,QS 2025,436.0,27.2,19.7,,,26.5,45.23232323232324,25.0
U3348,C0137,2025,QS 2025,439.0,27.1,3.3,,,19.1,31.49494949494949,13.6
U1916,C0205,2025,QS 2025,440.0,27.0,66.0,,,7.4,51.5959595959596,
U2500,C0114,2025,QS 2025,440.0,27.0,64.6,,,21.7,71.55555555555554,12.6
U0465,C0245,2025,QS 2025,442.0,26.8,17.1,,,18.3,41.03030303030303,3.7
U1552,C0195,2025,QS 2025,442.0,26.8,9.5,,,24.7,27.57575757575757,57.0
U2488,C0114,2025,QS 2025,442.0,26.8,19.2,,,24.2,35.07070707070707,7.1
U0979,C0014,2025,QS 2025,445.0,26.7,46.9,,,14.4,58.12121212121212,16.0
U1025,C0086,2025,QS 2025,445.0,26.7,79.3,,,12.7,80.94949494949495,18.8
U2476,C0216,2025,QS 2025,445.0,26.7,19.9,,,35.6,47.13131313131313,24.3
U0503,C0268,2025,QS 2025,448.0,26.6,88.1,,,9.6,74.96969696969695,2.9
U0824,C0268,2025,QS 2025,448.0,26.6,90.6,,,7.9,72.68686868686869,1.8
U2510,C0082,2025,QS 2025,448.0,26.6,57.2,,,18.6,73.85858585858585,29.9
U2791,C0268,2025,QS 2025,451.0,26.5,99.1,,,5.3,88.66666666666666,2.5
U0240,C0268,2025,QS 2025,452.0,26.4,72.1,,,12.1,63.37373737373737,4.5
U1449,C0267,2025,QS 2025,452.0,26.4,5.4,,,34.7,11.676767676767676,25.2
U2886,C0245,2025,QS 2025,452.0,26.4,9.2,,,14.4,38.74747474747475,7.2
U3164,C0244,2025,QS 2025,452.0,26.4,30.3,,,11.2,42.24242424242425,81.3
U1358,C0195,2025,QS 2025,456.0,26.3,12.0,,,16.6,23.111111111111114,45.5
U2189,C0226,2025,QS 2025,456.0,26.3,15.2,,,19.9,39.71717171717172,21.8
U2519,C0082,2025,QS 2025,456.0,26.3,20.7,,,39.1,48.18181818181818,35.9
U2834,C0039,2025,QS 2025,456.0,26.3,50.1,,,12.8,55.6969696969697,14.3
U1988,C0245,2025,QS 2025,460.0,26.2,23.6,,,18.0,44.0,43.5
U2308,C0045,2025,QS 2025,461.0,26.1,4.2,,,43.4,22.181818181818183,2.2
U2030,C0080,2025,QS 2025,462.0,26.0,33.1,,,21.7,53.31313131313132,5.9
U2309,C0216,2025,QS 2025,462.0,26.0,8.2,,,39.1,40.8888888888889,18.9
U1254,C0273,2025,QS 2025,464.0,25.9,56.4,,,4.4,43.75757575757575,100.0
U1133,C0116,2025,QS 2025,465.0,25.8,11.4,,,28.4,28.12121212121212,5.6
U2594,C0086,2025,QS 2025,466.0,25.7,18.3,,,18.3,36.78787878787879,14.5
U2483,C0216,2025,QS 2025,466.0,25.7,8.1,,,11.0,17.07070707070707,43.1
U2607,C0245,2025,QS 2025,466.0,25.7,33.6,,,18.0,47.070707070707066,36.9
U3378,C0245,2025,QS 2025,466.0,25.7,33.5,,,23.3,50.525252525252526,5.0
U0927,C0245,2025,QS 2025,470.0,25.6,47.9,,,20.7,59.25252525252525,12.5
U0257,C0113,2025,QS 2025,471.0,25.5,51.7,,,14.4,56.54545454545455,14.3
U0598,C0244,2025,QS 2025,472.0,25.3,22.6,,,15.5,43.03030303030303,98.6
U1013,C0015,2025,QS 2025,472.0,25.3,14.3,,,12.8,31.77777777777778,33.5
U0227,C0244,2025,QS 2025,474.0,25.2,43.0,,,8.6,55.35353535353536,52.3
U0795,C0116,2025,QS 2025,474.0,25.2,8.9,,,24.1,32.707070707070706,12.9
U2598,C0086,2025,QS 2025,474.0,25.2,36.5,,,15.8,58.64646464646465,21.2
U3128,C0243,2025,QS 2025,434.0,27.5,22.0,,,18.1,46.58585858585859,100.0
U0271,C0257,2025,QS 2025,477.0,25.1,15.2,,,24.0,23.676767676767675,3.7
U0876,C0108,2025,QS 2025,477.0,25.1,95.6,,,6.1,66.46464646464645,1.1
U1775,C0244,2025,QS 2025,477.0,25.1,27.2,,,14.9,45.05050505050505,86.9
U0041,C0082,2025,QS 2025,481.0,25.0,21.7,,,36.9,52.18181818181817,18.2
U1675,C0011,2025,QS 2025,481.0,25.0,1.1,,,19.9,4.707070707070707,6.7
U3192,C0245,2025,QS 2025,481.0,25.0,76.3,,,10.1,76.46464646464646,2.4
U0389,C0268,2025,QS 2025,484.0,24.9,88.8,,,8.4,73.8989898989899,1.5
U0115,C0243,2025,QS 2025,485.0,24.8,46.8,,,4.6,33.57575757575758,100.0
U1445,C0267,2025,QS 2025,485.0,24.8,22.1,,,26.5,26.76767676767677,10.8
U2596,C0086,2025,QS 2025,487.0,24.7,31.0,,,15.3,29.05050505050505,22.7
U2842,C0245,2025,QS 2025,488.0,24.6,41.7,,,15.2,57.757575757575765,12.0
U0405,C0268,2025,QS 2025,489.0,24.5,81.4,,,7.6,72.40404040404042,2.1
U0413,C0261,2025,QS 2025,489.0,24.5,9.3,,,16.0,16.707070707070706,37.8
U0938,C0264,2025,QS 2025,489.0,24.5,92.2,,,4.9,72.44444444444444,1.4
U1881,C0268,2025,QS 2025,489.0,24.5,30.5,,,20.3,41.19191919191919,5.3
U2193,C0030,2025,QS 2025,489.0,24.5,16.2,,,41.1,37.45454545454546,2.7
U2883,C0080,2025,QS 2025,489.0,24.5,12.1,,,16.2,39.131313131313135,2.6
U0359,C0014,2025,QS 2025,495.0,24.4,20.9,,,9.0,29.43434343434344,97.8
U0556,C0251,2025,QS 2025,495.0,24.4,49.0,,,11.9,62.42424242424242,1.4
U1004,C0268,2025,QS 2025,497.0,24.2,27.4,,,12.1,40.72727272727273,2.1
U1438,C0195,2025,QS 2025,497.0,24.2,8.1,,,9.2,17.19191919191919,89.5
U2261,C0051,2025,QS 2025,497.0,24.2,1.6,,,35.4,18.343434343434343,2.0
U2712,C0245,2025,QS 2025,497.0,24.2,50.9,,,16.3,61.07070707070707,10.4
U1084,C0243,2025,QS 2025,202.0,46.1,60.7,,,22.7,67.6161616161616,78.9
U0464,C0245,2025,QS 2025,501.0,24.1,72.0,,,6.8,55.11111111111111,7.4
U0561,C0268,2025,QS 2025,501.0,24.1,63.5,,,13.3,66.56565656565655,9.0
U1011,C0086,2025,QS 2025,501.0,24.1,11.5,,,22.3,41.11111111111112,15.5
U2856,C0244,2025,QS 2025,501.0,24.1,19.4,,,12.7,40.24242424242424,85.6
U2769,C0245,2025,QS 2025,506.0,24.0,53.9,,,9.4,58.525252525252526,12.6
U3231,C0114,2025,QS 2025,506.0,24.0,32.7,,,24.9,53.474747474747474,6.1
U0158,C0089,2025,QS 2025,508.0,23.9,15.8,,,28.2,45.131313131313135,4.1
U1886,C0268,2025,QS 2025,508.0,23.9,64.5,,,7.7,64.38383838383838,1.4
U1924,C0244,2025,QS 2025,508.0,23.9,15.1,,,17.1,14.969696969696969,98.7
U0609,C0261,2025,QS 2025,511.0,23.8,6.9,,,22.1,15.81818181818182,24.4
U3459,C0268,2025,QS 2025,511.0,23.8,80.3,,,5.4,70.4040404040404,2.4
U0845,C0200,2025,QS 2025,513.0,23.7,2.6,,,10.5,28.161616161616163,19.7
U1695,C0200,2025,QS 2025,513.0,23.7,27.8,,,20.3,25.252525252525253,18.8
U2974,C0114,2025,QS 2025,513.0,23.7,54.1,,,20.4,64.54545454545455,4.3
U0178,C0187,2025,QS 2025,516.0,23.6,1.8,,,21.4,9.373737373737374,2.5
U0570,C0014,2025,QS 2025,516.0,23.6,49.8,,,8.5,55.23232323232323,57.7
U0924,C0145,2025,QS 2025,516.0,23.6,1.7,,,7.7,2.8484848484848486,92.9
U1182,C0261,2025,QS 2025,516.0,23.6,20.5,,,11.1,32.42424242424242,25.7
U1795,C0257,2025,QS 2025,516.0,23.6,19.4,,,19.5,21.21212121212121,14.2
U2857,C0244,2025,QS 2025,516.0,23.6,21.5,,,8.9,43.09090909090909,81.5
U3311,C0195,2025,QS 2025,516.0,23.6,2.1,,,19.6,35.252525252525245,25.3
U3450,C0243,2025,QS 2025,,,8.6,,,17.6,24.72727272727273,1.9
U1712,C0261,2025,QS 2025,524.0,23.4,19.5,,,18.7,34.121212121212125,13.7
U2205,C0011,2025,QS 2025,524.0,23.4,1.9,,,20.9,4.262626262626263,7.5
U2593,C0086,2025,QS 2025,526.0,23.3,8.8,,,17.2,42.58585858585859,20.2
U1341,C0245,2025,QS 2025,527.0,23.2,86.2,,,4.0,63.55555555555555,12.8
U2595,C0086,2025,QS 2025,527.0,23.2,8.4,,,23.5,38.14141414141415,14.2
U2668,C0086,2025,QS 2025,527.0,23.2,25.8,,,10.2,44.96969696969697,21.2
U3376,C0188,2025,QS 2025,527.0,23.2,4.7,,,23.3,26.323232323232325,10.3
U0482,C0244,2025,QS 2025,526.0,23.3,7.1,,,9.9,36.66666666666666,99.9
U0867,C0108,2025,QS 2025,531.0,23.1,95.0,,,5.5,66.46464646464646,1.1
U2690,C0244,2025,QS 2025,531.0,23.1,21.7,,,9.1,38.80808080808081,97.6
U3248,C0245,2025,QS 2025,531.0,23.1,30.5,,,15.7,49.99999999999999,10.3
U2401,C0011,2025,QS 2025,534.0,23.0,1.9,,,40.8,22.52525252525253,22.6
U1192,C0181,2025,QS 2025,535.0,22.9,7.4,,,17.2,11.353535353535356,1.8
U1535,C0244,2025,QS 2025,535.0,22.9,15.8,,,10.9,40.24242424242425,56.2
U2688,C0082,2025,QS 2025,535.0,22.9,17.6,,,31.3,47.1919191919192,23.3
U2784,C0080,2025,QS 2025,535.0,22.9,18.4,,,13.8,45.05050505050506,5.2
U0148,C0018,2025,QS 2025,539.0,22.8,2.0,,,23.5,5.575757575757577,46.8
U0797,C0116,2025,QS 2025,539.0,22.8,2.1,,,14.4,3.2929292929292933,20.0
U2002,C0145,2025,QS 2025,539.0,22.8,10.3,,,13.0,25.87878787878788,33.2
U2496,C0227,2025,QS 2025,539.0,22.8,25.4,,,10.3,37.93939393939394,38.3
U3102,C0216,2025,QS 2025,539.0,22.8,6.2,,,26.9,35.07070707070707,14.9
U2315,C0216,2025,QS 2025,544.0,22.7,7.0,,,21.3,39.39393939393939,9.0
U2427,C0216,2025,QS 2025,544.0,22.7,2.2,,,8.3,3.95959595959596,5.0
U1537,C0268,2025,QS 2025,547.0,22.6,63.8,,,5.8,59.232323232323225,5.2
U2038,C0248,2025,QS 2025,547.0,22.6,2.2,,,30.6,3.7979797979797993,4.1
U2818,C0114,2025,QS 2025,547.0,22.6,43.7,,,18.8,58.28282828282829,9.2
U2862,C0107,2025,QS 2025,547.0,22.6,6.7,,,6.8,32.747474747474755,10.3
U3281,C0039,2025,QS 2025,547.0,22.6,36.2,,,3.9,41.57575757575758,83.8
U2197,C0243,2025,QS 2025,261.0,39.4,16.6,,,30.1,43.87878787878788,34.2
U3176,C0264,2025,QS 2025,552.0,22.5,81.7,,,5.9,77.51515151515152,6.8
U0776,C0022,2025,QS 2025,554.0,22.4,15.4,,,5.8,36.44444444444444,25.3
U1019,C0117,2025,QS 2025,554.0,22.4,5.6,,,21.0,24.80808080808081,67.7
U2566,C0145,2025,QS 2025,554.0,22.4,8.2,,,22.0,17.737373737373737,79.3
U2775,C0019,2025,QS 2025,554.0,22.4,2.9,,,23.0,21.75757575757576,1.0
U3305,C0086,2025,QS 2025,554.0,22.4,31.2,,,7.4,42.58585858585859,21.0
U1635,C0195,2025,QS 2025,559.0,22.3,2.9,,,16.0,26.888888888888896,84.0
U2185,C0244,2025,QS 2025,559.0,22.3,11.5,,,8.1,35.61616161616162,77.6
U2191,C0200,2025,QS 2025,559.0,22.3,2.2,,,20.7,24.444444444444446,16.0
U2490,C0082,2025,QS 2025,562.0,22.2,48.3,,,18.1,66.12121212121212,12.0
U2555,C0276,2025,QS 2025,562.0,22.2,9.9,,,15.4,11.414141414141415,5.8
U0601,C0101,2025,QS 2025,564.0,22.1,6.1,,,23.3,31.49494949494949,11.0
U1401,C0268,2025,QS 2025,565.0,22.0,89.3,,,5.7,68.74747474747474,
U2753,C0245,2025,QS 2025,565.0,22.0,29.8,,,14.4,52.6060606060606,19.4
U0386,C0231,2025,QS 2025,567.0,21.9,4.2,,,34.8,26.78787878787879,4.2
U1203,C0132,2025,QS 2025,567.0,21.9,2.2,,,29.0,17.979797979797983,29.5
U1318,C0195,2025,QS 2025,567.0,21.9,1.3,,,9.8,2.080808080808081,41.3
U2736,C0057,2025,QS 2025,570.0,21.8,13.5,,,5.6,21.272727272727277,78.4
U3175,C0101,2025,QS 2025,570.0,21.8,4.8,,,18.5,31.434343434343432,41.2
U3214,C0181,2025,QS 2025,570.0,21.8,11.6,,,15.6,31.15151515151515,1.3
U0662,C0245,2025,QS 2025,573.0,21.6,24.8,,,25.6,43.07070707070707,4.2
U0661,C0245,2025,QS 2025,574.0,21.5,12.6,,,15.3,41.65656565656566,12.9
U2768,C0101,2025,QS 2025,574.0,21.5,3.9,,,17.9,32.343434343434346,70.0
U1440,C0195,2025,QS 2025,576.0,21.4,3.7,,,8.9,26.565656565656568,82.8
U1927,C0261,2025,QS 2025,576.0,21.4,5.1,,,17.5,7.656565656565657,19.6
U1944,C0014,2025,QS 2025,576.0,21.4,46.3,,,4.4,44.90909090909091,44.8
U2200,C0045,2025,QS 2025,576.0,21.4,4.6,,,20.6,14.505050505050503,3.9
U0990,C0108,2025,QS 2025,580.0,21.3,28.9,,,31.0,35.656565656565654,1.3
U1007,C0268,2025,QS 2025,580.0,21.3,52.7,,,5.2,52.26262626262626,83.1
U1267,C0145,2025,QS 2025,580.0,21.3,1.8,,,15.1,4.96969696969697,99.4
U1649,C0114,2025,QS 2025,580.0,21.3,76.5,,,6.9,64.18181818181819,7.2
U2580,C0082,2025,QS 2025,580.0,21.3,28.0,,,17.7,55.75757575757576,21.5
U0910,C0109,2025,QS 2025,585.0,21.2,1.6,,,17.3,4.808080808080808,5.3
U1915,C0205,2025,QS 2025,585.0,21.2,18.8,,,12.3,18.78787878787879,58.9
U0287,C0014,2025,QS 2025,587.0,21.1,28.8,,,4.3,27.151515151515152,86.6
U1896,C0108,2025,QS 2025,587.0,21.1,55.9,,,10.0,50.96969696969697,1.7
U2819,C0245,2025,QS 2025,587.0,21.1,24.4,,,20.6,47.5959595959596,4.5
U2558,C0145,2025,QS 2025,587.0,21.1,2.8,,,30.8,28.4040404040404,2.1
U2901,C0212,2025,QS 2025,587.0,21.1,24.5,,,12.6,51.6969696969697,1.6
U0038,C0260,2025,QS 2025,592.0,21.0,1.9,,,24.0,30.121212121212125,7.5
U1547,C0244,2025,QS 2025,592.0,21.0,5.1,,,10.6,36.26262626262626,74.0
U2587,C0086,2025,QS 2025,592.0,21.0,24.4,,,18.5,49.77777777777778,26.4
U0963,C0195,2025,QS 2025,595.0,20.9,5.4,,,10.5,28.646464646464647,36.2
U2104,C0231,2025,QS 2025,596.0,20.8,2.1,,,24.6,16.82828282828283,1.7
U2467,C0109,2025,QS 2025,596.0,20.8,1.4,,,19.0,7.757575757575758,2.2
U2874,C0245,2025,QS 2025,596.0,20.8,19.1,,,18.4,41.11111111111112,3.7
U2929,C0208,2025,QS 2025,596.0,20.8,5.9,,,19.9,36.82828282828283,9.7
U3198,C0245,2025,QS 2025,596.0,20.8,43.3,,,13.1,49.63636363636364,47.4
U0319,C0114,2025,QS 2025,,,12.7,,,19.6,32.78787878787879,8.9
U0840,C0245,2025,QS 2025,,,35.9,,,12.8,28.383838383838384,97.3
U1112,C0200,2025,QS 2025,,,2.7,,,16.6,32.262626262626256,18.0
U1120,C0244,2025,QS 2025,,,7.6,,,17.9,23.070707070707076,99.2
U1271,C0244,2025,QS 2025,,,10.1,,,11.8,42.161616161616166,37.7
U1417,C0267,2025,QS 2025,,,2.2,,,20.1,5.696969696969698,21.8
U1616,C0015,2025,QS 2025,,,6.8,,,9.7,25.535353535353536,93.7
U1743,C0245,2025,QS 2025,,,56.6,,,8.0,43.39393939393939,29.9
U2588,C0086,2025,QS 2025,,,7.0,,,10.2,32.08080808080808,35.9
U2759,C0089,2025,QS 2025,,,58.7,,,13.9,57.5959595959596,3.5
U2849,C0086,2025,QS 2025,,,47.5,,,8.6,58.84848484848485,25.9
U3148,C0245,2025,QS 2025,,,28.3,,,13.8,45.1919191919192,3.2
U0117,C0123,2025,QS 2025,,,3.7,,,23.1,15.414141414141415,23.0
U0171,C0145,2025,QS 2025,,,1.6,,,9.3,2.707070707070707,100.0
U0301,C0057,2025,QS 2025,,,7.3,,,13.0,35.25252525252525,67.3
U0408,C0086,2025,QS 2025,,,15.6,,,17.7,44.8080808080808,8.4
U0563,C0258,2025,QS 2025,,,26.5,,,5.6,37.35353535353536,100.0
U1666,C0030,2025,QS 2025,,,7.5,,,32.4,21.51515151515152,1.6
U2022,C0267,2025,QS 2025,,,18.9,,,10.6,19.696969696969692,13.7
U2896,C0015,2025,QS 2025,,,11.3,,,5.7,20.222222222222225,87.8
U2975,C0189,2025,QS 2025,,,21.0,,,15.6,45.535353535353536,14.9
U0014,C0080,2025,QS 2025,,,43.2,,,7.5,51.23232323232324,22.6
U0108,C0243,2025,QS 2025,,,1.9,,,10.3,1.95959595959596,100.0
U0187,C0118,2025,QS 2025,,,1.0,,,18.5,1.2121212121212122,16.2
U0379,C0014,2025,QS 2025,,,44.2,,,5.7,42.464646464646464,55.2
U0960,C0257,2025,QS 2025,,,3.5,,,28.1,28.90909090909091,9.9
U1741,C0268,2025,QS 2025,,,7.9,,,19.5,13.5959595959596,4.9
U2026,C0071,2025,QS 2025,,,10.8,,,12.8,39.19191919191919,18.3
U2251,C0216,2025,QS 2025,,,5.6,,,9.7,33.535353535353536,44.9
U2300,C0011,2025,QS 2025,,,1.0,,,10.2,0.6464646464646465,91.9
U3156,C0245,2025,QS 2025,,,36.3,,,12.9,56.02020202020202,22.2
U3234,C0176,2025,QS 2025,,,8.9,,,11.0,36.06060606060606,7.0
U0055,C0243,2025,QS 2025,552.0,22.5,5.9,,,22.6,13.676767676767678,100.0
U0044,C0261,2025,QS 2025,,,17.9,,,13.7,17.434343434343432,24.2
U0288,C0245,2025,QS 2025,,,16.6,,,21.3,29.575757575757574,18.8
U0371,C0267,2025,QS 2025,,,41.9,,,6.3,35.57575757575758,4.5
U0395,C0268,2025,QS 2025,,,79.7,,,3.4,57.03030303030303,2.8
U0612,C0195,2025,QS 2025,,,1.7,,,12.8,16.868686868686872,63.1
U0888,C0261,2025,QS 2025,,,10.9,,,12.2,15.252525252525253,13.7
U1838,C0108,2025,QS 2025,,,35.3,,,8.9,38.24242424242424,2.5
U2162,C0245,2025,QS 2025,,,9.7,,,9.8,35.333333333333336,10.8
U2260,C0045,2025,QS 2025,,,6.7,,,26.2,27.73737373737374,1.7
U3077,C0244,2025,QS 2025,,,15.1,,,8.1,38.60606060606061,85.3
U0249,C0132,2025,QS 2025,,,3.3,,,17.7,12.303030303030305,48.2
U0513,C0187,2025,QS 2025,,,4.5,,,22.6,10.686868686868689,2.5
U0562,C0268,2025,QS 2025,,,69.7,,,6.9,57.23232323232323,1.7
U0755,C0257,2025,QS 2025,,,7.1,,,22.5,32.42424242424242,3.5
U1208,C0245,2025,QS 2025,,,32.5,,,5.2,36.66666666666666,27.8
U1415,C0267,2025,QS 2025,,,14.4,,,21.5,20.0,10.0
U1590,C0245,2025,QS 2025,,,33.9,,,14.6,52.343434343434346,8.1
U1757,C0116,2025,QS 2025,,,3.1,,,16.6,13.353535353535356,9.6
U1932,C0268,2025,QS 2025,,,63.0,,,6.6,56.323232323232325,2.5
U2013,C0108,2025,QS 2025,,,1.8,,,5.4,6.828282828282828,3.6
U2561,C0145,2025,QS 2025,,,17.3,,,8.0,22.767676767676768,65.0
U2981,C0245,2025,QS 2025,,,16.5,,,14.3,35.85858585858586,3.3
U3207,C0216,2025,QS 2025,,,19.0,,,19.5,47.1919191919192,3.5
U0819,C0261,2025,QS 2025,,,1.6,,,11.5,5.05050505050505,47.9
U1607,C0057,2025,QS 2025,,,8.5,,,15.2,39.41414141414141,17.8
U2321,C0216,2025,QS 2025,,,17.0,,,24.1,40.80808080808081,5.5
U2853,C0245,2025,QS 2025,,,24.6,,,12.7,42.82828282828283,19.8
U3295,C0053,2025,QS 2025,,,4.1,,,16.3,38.48484848484848,3.3
U0012,C0244,2025,QS 2025,,,20.3,,,9.4,37.91919191919192,46.5
U0423,C0245,2025,QS 2025,,,4.7,,,19.9,39.45454545454545,4.4
U0468,C0271,2025,QS 2025,,,3.5,,,12.8,25.43434343434344,22.9
U0669,C0114,2025,QS 2025,,,42.6,,,5.8,44.72727272727273,37.4
U0918,C0145,2025,QS 2025,,,3.1,,,24.4,26.121212121212125,57.1
U0935,C0189,2025,QS 2025,,,47.8,,,6.9,48.04040404040404,49.6
U1313,C0039,2025,QS 2025,,,28.6,,,7.2,46.26262626262627,78.4
U1423,C0267,2025,QS 2025,,,11.5,,,21.1,18.96969696969697,8.4
U1926,C0033,2025,QS 2025,,,2.0,,,14.2,24.84848484848485,8.5
U2125,C0116,2025,QS 2025,,,17.7,,,11.8,18.565656565656568,13.4
U2269,C0247,2025,QS 2025,,,1.6,,,27.1,25.171717171717173,2.3
U2946,C0039,2025,QS 2025,,,12.0,,,13.6,35.7979797979798,43.2
U3073,C0244,2025,QS 2025,,,25.9,,,8.9,47.05050505050505,36.2
U0004,C0118,2025,QS 2025,,,1.1,,,26.5,1.313131313131313,3.7
U0229,C0113,2025,QS 2025,,,48.1,,,7.8,48.38383838383839,2.7
U1050,C0015,2025,QS 2025,,,10.7,,,19.9,31.29292929292929,26.1
U1064,C0118,2025,QS 2025,,,1.1,,,19.9,2.282828282828283,22.6
U1286,C0086,2025,QS 2025,,,7.4,,,13.1,39.83838383838384,8.8
U2342,C0030,2025,QS 2025,,,7.0,,,32.4,29.09090909090909,1.5
U2838,C0113,2025,QS 2025,,,32.1,,,13.0,45.5959595959596,3.6
U0394,C0268,2025,QS 2025,,,68.5,,,3.5,61.67676767676767,
U0721,C0244,2025,QS 2025,,,12.0,,,13.1,16.404040404040405,91.5
U0873,C0108,2025,QS 2025,,,71.1,,,6.2,47.616161616161605,1.5
U0996,C0261,2025,QS 2025,,,10.6,,,15.6,19.676767676767675,6.8
U1700,C0200,2025,QS 2025,,,31.7,,,6.5,40.14141414141415,13.9
U1698,C0200,2025,QS 2025,,,2.5,,,16.6,26.363636363636363,38.4
U2094,C0245,2025,QS 2025,,,16.9,,,12.3,40.42424242424243,5.7
U2626,C0181,2025,QS 2025,,,61.0,,,6.3,62.90909090909092,1.1
U3011,C0039,2025,QS 2025,,,27.5,,,4.9,35.333333333333336,34.1
U0370,C0108,2025,QS 2025,,,1.4,,,14.1,14.94949494949495,15.3
U1543,C0176,2025,QS 2025,,,8.5,,,5.8,34.323232323232325,
U1606,C0181,2025,QS 2025,,,41.0,,,6.5,29.77777777777777,1.0
U1891,C0264,2025,QS 2025,,,60.7,,,6.9,57.71717171717172,2.2
U2247,C0265,2025,QS 2025,,,1.1,,,21.0,8.343434343434343,1.4
U2268,C0054,2025,QS 2025,,,1.5,,,17.0,7.090909090909092,3.7
U2417,C0152,2025,QS 2025,,,1.2,,,9.9,7.838383838383839,2.5
U2350,C0030,2025,QS 2025,,,6.0,,,10.5,24.444444444444446,1.5
U2362,C0030,2025,QS 2025,,,10.1,,,28.0,37.474747474747474,1.6
U2694,C0114,2025,QS 2025,,,56.3,,,4.4,55.53535353535353,6.3
U2828,C0244,2025,QS 2025,,,11.7,,,4.7,37.67676767676768,100.0
U3133,C0114,2025,QS 2025,,,40.4,,,13.6,48.121212121212125,10.8
U0245,C0268,2025,QS 2025,,,67.1,,,4.5,54.686868686868685,1.7
U0536,C0261,2025,QS 2025,,,9.7,,,7.9,19.616161616161616,23.8
U1202,C0132,2025,QS 2025,,,3.7,,,13.5,15.97979797979798,19.6
U1433,C0108,2025,QS 2025,,,71.0,,,4.1,55.959595959595966,1.8
U1979,C0245,2025,QS 2025,,,41.7,,,2.6,31.535353535353536,96.4
U2032,C0242,2025,QS 2025,,,2.2,,,18.9,16.606060606060602,3.9
U3007,C0245,2025,QS 2025,,,30.4,,,10.6,46.94949494949495,7.1
U3039,C0245,2025,QS 2025,,,31.1,,,10.2,45.83838383838384,5.7
U0034,C0018,2025,QS 2025,,,3.8,,,16.7,5.050505050505052,42.7
U0106,C0245,2025,QS 2025,,,4.3,,,16.2,13.959595959595962,19.4
U0473,C0181,2025,QS 2025,,,18.2,,,11.7,45.696969696969695,1.4
U0497,C0057,2025,QS 2025,,,10.8,,,10.4,36.161616161616166,73.5
U0520,C0244,2025,QS 2025,,,8.0,,,5.3,29.21212121212121,97.5
U1216,C0270,2025,QS 2025,,,11.0,,,9.9,11.959595959595958,98.9
U1393,C0268,2025,QS 2025,,,67.6,,,5.0,59.43434343434343,1.5
U1645,C0195,2025,QS 2025,,,2.3,,,14.0,21.35353535353536,16.2
U1799,C0132,2025,QS 2025,,,2.4,,,8.2,5.737373737373738,25.8
U1476,C0195,2025,QS 2025,,,13.8,,,6.2,25.41414141414141,43.1
U2141,C0251,2025,QS 2025,,,51.7,,,5.0,66.96969696969697,1.4
U2495,C0082,2025,QS 2025,,,12.4,,,6.5,37.494949494949495,
U2998,C0108,2025,QS 2025,,,30.9,,,9.1,25.111111111111114,2.0
U0296,C0245,2025,QS 2025,,,11.6,,,9.4,19.07070707070707,75.1
U0309,C0101,2025,QS 2025,,,8.5,,,15.6,27.01010101010101,14.8
U0530,C0109,2025,QS 2025,,,1.5,,,19.2,10.96969696969697,3.0
U0545,C0245,2025,QS 2025,,,28.7,,,8.1,46.04040404040404,23.8
U0573,C0200,2025,QS 2025,,,17.6,,,3.8,16.080808080808083,98.3
U0976,C0108,2025,QS 2025,,,40.6,,,17.8,36.72727272727273,1.0
U1145,C0261,2025,QS 2025,,,17.1,,,7.0,28.262626262626263,17.7
U1196,C0268,2025,QS 2025,,,45.2,,,8.1,52.24242424242424,1.5
U1327,C0244,2025,QS 2025,,,10.6,,,5.3,28.96969696969697,99.5
U1752,C0130,2025,QS 2025,,,3.0,,,11.5,12.88888888888889,72.0
U2505,C0082,2025,QS 2025,,,14.7,,,23.5,45.5959595959596,15.8
U2514,C0082,2025,QS 2025,,,28.3,,,14.9,51.73737373737373,11.0
U2987,C0114,2025,QS 2025,,,49.7,,,8.6,50.64646464646464,3.6
U3232,C0114,2025,QS 2025,,,43.3,,,11.7,53.67676767676768,7.9
U2484,C0216,2025,QS 2025,,,37.9,,,6.4,53.27272727272727,19.0
U2491,C0082,2025,QS 2025,,,18.3,,,15.5,41.757575757575765,38.3
U2671,C0202,2025,QS 2025,,,5.3,,,17.6,40.66666666666667,4.0
U0098,C0195,2025,QS 2025,,,1.4,,,11.7,7.434343434343436,60.0
U0335,C0039,2025,QS 2025,,,15.6,,,11.1,35.63636363636364,43.7
U2232,C0265,2025,QS 2025,,,1.0,,,28.4,0.0,2.7
U2297,C0247,2025,QS 2025,,,1.1,,,18.6,0.8686868686868688,3.1
U2599,C0086,2025,QS 2025,,,6.1,,,10.3,30.60606060606061,8.5
U2541,C0145,2025,QS 2025,,,35.0,,,10.8,42.30303030303031,8.6
U2732,C0245,2025,QS 2025,,,23.6,,,13.7,42.46464646464647,4.3
U3222,C0244,2025,QS 2025,,,11.9,,,9.0,36.94949494949495,75.3
U3279,C0244,2025,QS 2025,,,5.1,,,11.5,16.38383838383838,100.0
U3359,C0242,2025,QS 2025,,,1.4,,,12.6,11.717171717171716,55.7
U3339,C0014,2025,QS 2025,,,34.1,,,6.9,37.79797979797979,41.5
U3369,C0137,2025,QS 2025,,,2.4,,,10.4,19.87878787878788,47.8
U3372,C0245,2025,QS 2025,,,8.6,,,5.1,21.49494949494949,10.9
U0903,C0152,2025,QS 2025,,,1.6,,,15.2,3.0707070707070714,1.4
U1061,C0137,2025,QS 2025,,,7.9,,,11.2,29.71717171717172,28.6
U2076,C0086,2025,QS 2025,,,5.5,,,10.9,29.151515151515152,24.2
U2133,C0116,2025,QS 2025,,,10.0,,,10.4,13.252525252525253,3.7
U2320,C0030,2025,QS 2025,,,4.2,,,25.3,28.80808080808081,1.5
U2452,C0114,2025,QS 2025,,,48.4,,,5.9,59.71717171717171,6.3
U2702,C0108,2025,QS 2025,,,21.4,,,17.1,34.58585858585859,1.1
U2796,C0181,2025,QS 2025,,,6.7,,,10.0,19.858585858585855,1.8
U2943,C0148,2025,QS 2025,,,7.2,,,6.1,34.02020202020202,19.2
U2969,C0114,2025,QS 2025,,,36.7,,,8.4,51.77777777777778,6.0
U0023,C0188,2025,QS 2025,,,4.8,,,16.0,36.92929292929293,8.3
U0226,C0019,2025,QS 2025,,,14.9,,,16.9,18.161616161616163,1.0
U1111,C0200,2025,QS 2025,,,2.7,,,16.4,24.58585858585859,3.9
U1399,C0268,2025,QS 2025,,,57.8,,,5.5,50.060606060606055,3.0
U2741,C0245,2025,QS 2025,,,22.9,,,11.0,40.74747474747474,12.4
U2750,C0245,2025,QS 2025,,,3.6,,,8.2,19.63636363636364,8.1
U3057,C0089,2025,QS 2025,,,27.0,,,11.7,39.83838383838384,4.8
U0024,C0073,2025,QS 2025,,,1.7,,,6.4,22.32323232323233,
U0291,C0244,2025,QS 2025,,,16.4,,,5.8,38.262626262626256,47.1
U0388,C0116,2025,QS 2025,,,8.8,,,16.6,16.0,4.3
U0392,C0268,2025,QS 2025,,,31.8,,,5.1,45.33333333333333,2.7
U0436,C0152,2025,QS 2025,,,1.7,,,14.9,3.8989898989898975,16.4
U0804,C0132,2025,QS 2025,,,2.1,,,6.7,2.888888888888889,37.8
U2289,C0047,2025,QS 2025,,,2.5,,,15.8,13.353535353535351,2.7
U2522,C0236,2025,QS 2025,,,5.1,,,9.4,35.25252525252525,7.8
U2953,C0245,2025,QS 2025,,,13.5,,,10.2,25.353535353535356,25.8
U3061,C0101,2025,QS 2025,,,2.8,,,14.3,16.969696969696965,64.3
U3338,C0114,2025,QS 2025,,,41.6,,,9.1,52.88888888888889,4.2
U0205,C0194,2025,QS 2025,,,4.4,,,15.5,34.02020202020202,3.8
U1058,C0231,2025,QS 2025,,,2.5,,,25.2,21.47474747474748,1.3
U1482,C0248,2025,QS 2025,,,1.3,,,25.5,4.545454545454546,2.5
U1713,C0200,2025,QS 2025,,,1.8,,,10.6,27.67676767676768,7.9
U2102,C0245,2025,QS 2025,,,11.3,,,10.9,34.323232323232325,9.6
U1500,C0245,2025,QS 2025,,,2.6,,,15.2,8.484848484848484,92.3
U2253,C0011,2025,QS 2025,,,1.0,,,9.4,0.6060606060606061,24.1
U2346,C0030,2025,QS 2025,,,8.5,,,19.3,29.232323232323235,2.2
U2914,C0130,2025,QS 2025,,,5.3,,,11.5,31.090909090909093,5.1
U2991,C0022,2025,QS 2025,,,37.3,,,7.1,39.25252525252525,33.7
U3465,C0227,2025,QS 2025,,,2.7,,,5.4,17.353535353535353,12.8
U0069,C0200,2025,QS 2025,,,10.6,,,4.8,13.131313131313131,89.0
U0966,C0085,2025,QS 2025,,,1.2,,,10.4,8.88888888888889,3.2
U1074,C0244,2025,QS 2025,,,26.2,,,6.0,40.28282828282829,30.7
U1497,C0245,2025,QS 2025,,,30.4,,,4.8,29.17171717171717,52.9
U1846,C0195,2025,QS 2025,,,4.3,,,5.3,35.37373737373738,63.0
U2252,C0047,2025,QS 2025,,,4.3,,,29.1,21.03030303030303,1.2
U2891,C0245,2025,QS 2025,,,23.5,,,11.1,43.696969696969695,3.3
U3017,C0245,2025,QS 2025,,,14.9,,,10.5,37.55555555555556,4.0
U3335,C0108,2025,QS 2025,,,18.9,,,12.7,41.51515151515152,2.9
U3381,C0245,2025,QS 2025,,,10.6,,,7.6,35.15151515151515,5.4
U0054,C0117,2025,QS 2025,,,2.7,,,9.6,7.454545454545454,100.0
U0066,C0260,2025,QS 2025,,,2.0,,,23.1,31.070707070707076,4.8
U0136,C0257,2025,QS 2025,,,2.6,,,20.2,29.09090909090909,4.6
U0172,C0267,2025,QS 2025,,,52.5,,,5.9,53.87878787878788,3.2
U0248,C0268,2025,QS 2025,,,33.1,,,7.7,31.939393939393945,1.8
U0250,C0021,2025,QS 2025,,,1.0,,,14.8,1.6565656565656566,34.1
U0276,C0108,2025,QS 2025,,,20.4,,,11.0,26.545454545454547,2.5
U0569,C0244,2025,QS 2025,,,11.8,,,5.0,30.42424242424243,86.0
U0694,C0188,2025,QS 2025,,,12.7,,,9.4,33.27272727272727,4.0
U0816,C0268,2025,QS 2025,,,59.7,,,4.2,47.93939393939394,1.6
U0850,C0195,2025,QS 2025,,,1.8,,,7.6,14.303030303030305,40.2
U0902,C0152,2025,QS 2025,,,2.0,,,19.1,18.78787878787879,1.1
U1021,C0200,2025,QS 2025,,,2.3,,,11.7,17.959595959595962,2.6
U1092,C0118,2025,QS 2025,,,1.2,,,16.7,1.0101010101010102,16.3
U1167,C0123,2025,QS 2025,,,2.9,,,14.7,16.626262626262626,19.4
U1222,C0244,2025,QS 2025,,,12.3,,,10.0,41.87878787878788,22.4
U1239,C0244,2025,QS 2025,,,4.4,,,3.3,20.888888888888893,96.8
U1294,C0112,2025,QS 2025,,,12.7,,,10.4,26.282828282828284,16.7
U1455,C0242,2025,QS 2025,,,1.5,,,16.2,8.141414141414142,2.0
U1559,C0268,2025,QS 2025,,,50.5,,,5.4,50.24242424242425,1.9
U1641,C0086,2025,QS 2025,,,25.0,,,12.7,39.03030303030303,20.7
U1681,C0045,2025,QS 2025,,,6.6,,,27.0,19.11111111111111,1.6
U1788,C0245,2025,QS 2025,,,17.6,,,10.1,20.92929292929293,32.7
U2015,C0245,2025,QS 2025,,,10.6,,,12.9,27.83838383838384,39.3
U0343,C0261,2025,QS 2025,,,14.1,,,4.5,11.777777777777777,22.5
U2144,C0039,2025,QS 2025,,,26.4,,,8.0,38.02020202020202,8.1
U2159,C0086,2025,QS 2025,,,6.2,,,14.1,27.43434343434344,17.1
U2204,C0152,2025,QS 2025,,,1.1,,,13.1,2.0,3.0
U2374,C0152,2025,QS 2025,,,1.3,,,18.5,1.8787878787878791,2.2
U2432,C0066,2025,QS 2025,,,2.4,,,16.0,10.505050505050503,1.9
U2501,C0114,2025,QS 2025,,,40.9,,,9.1,50.40404040404041,5.4
U2456,C0109,2025,QS 2025,,,1.4,,,19.2,7.757575757575758,1.4
U2589,C0086,2025,QS 2025,,,11.2,,,11.3,38.66666666666667,39.4
U2600,C0086,2025,QS 2025,,,5.2,,,7.3,29.93939393939394,13.2
U2508,C0082,2025,QS 2025,,,12.9,,,13.6,45.55555555555556,27.4
U2564,C0145,2025,QS 2025,,,5.8,,,14.0,20.88888888888889,4.9
U2633,C0245,2025,QS 2025,,,12.9,,,2.7,24.02020202020202,3.0
U2640,C0216,2025,QS 2025,,,7.7,,,13.5,32.62626262626263,12.8
U2656,C0111,2025,QS 2025,,,1.5,,,11.0,25.55555555555556,1.1
U2661,C0114,2025,QS 2025,,,25.0,,,12.4,47.11111111111112,2.0
U2695,C0244,2025,QS 2025,,,14.9,,,7.9,37.31313131313131,51.1
U2698,C0194,2025,QS 2025,,,4.2,,,15.2,29.454545454545453,2.0
U2859,C0108,2025,QS 2025,,,41.5,,,13.2,35.05050505050505,2.0
U3041,C0245,2025,QS 2025,,,18.5,,,18.3,31.77777777777778,3.6
U3068,C0108,2025,QS 2025,,,3.4,,,21.8,24.04040404040404,1.2
U3104,C0114,2025,QS 2025,,,37.1,,,8.6,56.7878787878788,1.6
U3162,C0176,2025,QS 2025,,,5.0,,,7.1,30.141414141414145,
U3246,C0261,2025,QS 2025,,,33.6,,,5.0,30.98989898989899,2.4
U3411,C0268,2025,QS 2025,,,47.0,,,6.9,48.08080808080808,2.5
U0032,C0188,2025,QS 2025,,,6.5,,,9.6,33.474747474747474,5.3
U0095,C0263,2025,QS 2025,,,1.7,,,5.8,12.383838383838386,66.8
U0147,C0117,2025,QS 2025,,,3.1,,,9.9,5.070707070707071,59.7
U0380,C0014,2025,QS 2025,,,8.1,,,5.1,25.474747474747478,47.9
U0406,C0261,2025,QS 2025,,,12.4,,,9.3,18.02020202020202,7.3
U0415,C0261,2025,QS 2025,,,10.7,,,8.8,18.68686868686869,9.2
U0426,C0245,2025,QS 2025,,,41.8,,,1.3,36.68686868686869,15.0
U0493,C0082,2025,QS 2025,,,5.0,,,3.7,20.60606060606061,45.9
U0537,C0268,2025,QS 2025,,,47.3,,,3.8,40.22222222222221,3.1
U0706,C0245,2025,QS 2025,,,22.4,,,11.3,37.73737373737374,10.4
U0747,C0123,2025,QS 2025,,,4.8,,,14.6,5.6565656565656575,27.7
U0982,C0108,2025,QS 2025,,,26.0,,,9.3,32.12121212121212,5.2
U1042,C0245,2025,QS 2025,,,22.1,,,8.2,42.64646464646465,4.6
U1047,C0118,2025,QS 2025,,,1.1,,,9.7,0.6262626262626263,18.8
U1178,C0272,2025,QS 2025,,,1.0,,,9.3,0.8484848484848486,
U1315,C0057,2025,QS 2025,,,4.1,,,6.2,25.353535353535356,32.1
U1379,C0116,2025,QS 2025,,,6.3,,,6.9,22.68686868686869,4.7
U1536,C0268,2025,QS 2025,,,36.8,,,4.5,45.05050505050505,1.4
U1540,C0212,2025,QS 2025,,,14.9,,,7.4,45.55555555555556,2.0
U1572,C0116,2025,QS 2025,,,7.7,,,8.9,24.868686868686872,6.3
U1573,C0245,2025,QS 2025,,,13.3,,,8.3,34.04040404040404,6.1
U1624,C0271,2025,QS 2025,,,3.0,,,4.7,17.656565656565657,65.3
U1687,C0188,2025,QS 2025,,,6.4,,,5.6,15.393939393939396,7.9
U1868,C0264,2025,QS 2025,,,33.3,,,7.9,45.31313131313132,1.6
U2009,C0245,2025,QS 2025,,,11.7,,,3.4,11.05050505050505,21.6
U2080,C0112,2025,QS 2025,,,3.1,,,12.6,18.60606060606061,38.8
U2106,C0108,2025,QS 2025,,,46.1,,,4.7,39.494949494949495,1.8
U2129,C0116,2025,QS 2025,,,30.5,,,13.8,33.79797979797979,7.1
U2313,C0216,2025,QS 2025,,,4.3,,,10.5,34.0,3.6
U2416,C0247,2025,QS 2025,,,1.1,,,11.2,1.0303030303030305,1.9
U2449,C0114,2025,QS 2025,,,34.6,,,6.7,48.24242424242425,3.6
U2512,C0082,2025,QS 2025,,,21.4,,,10.4,47.232323232323225,15.1
U2516,C0039,2025,QS 2025,,,16.9,,,6.8,26.6060606060606,7.6
U2527,C0039,2025,QS 2025,,,10.9,,,15.3,30.88888888888889,11.0
U2605,C0245,2025,QS 2025,,,33.9,,,8.1,46.20202020202021,7.2
U2618,C0086,2025,QS 2025,,,7.2,,,12.3,30.1010101010101,14.1
U2778,C0243,2025,QS 2025,,,11.0,,,5.2,8.969696969696969,72.0
U2815,C0188,2025,QS 2025,,,3.9,,,12.0,29.87878787878788,2.4
U2820,C0087,2025,QS 2025,,,5.3,,,11.5,31.616161616161616,1.7
U2848,C0244,2025,QS 2025,,,5.2,,,4.4,25.8989898989899,100.0
U2926,C0244,2025,QS 2025,,,9.9,,,5.9,28.626262626262623,47.2
U2980,C0245,2025,QS 2025,,,5.5,,,4.2,25.75757575757576,2.9
U3051,C0114,2025,QS 2025,,,32.2,,,11.1,51.474747474747474,1.9
U3114,C0187,2025,QS 2025,,,1.3,,,12.8,7.090909090909092,5.8
U3142,C0212,2025,QS 2025,,,7.3,,,10.6,40.18181818181819,7.3
U3289,C0188,2025,QS 2025,,,3.9,,,14.9,23.29292929292929,8.4
U3341,C0251,2025,QS 2025,,,2.4,,,15.3,25.090909090909093,1.2
U3346,C0137,2025,QS 2025,,,7.8,,,8.7,20.444444444444443,32.9
U3350,C0245,2025,QS 2025,,,12.8,,,7.1,36.44444444444445,3.2
U3434,C0257,2025,QS 2025,,,12.2,,,9.7,22.1010101010101,18.5
U0190,C0014,2025,QS 2025,,,12.1,,,8.2,20.02020202020202,41.7
U0243,C0268,2025,QS 2025,,,31.8,,,9.7,30.02020202020202,9.6
U0247,C0268,2025,QS 2025,,,49.3,,,3.2,36.42424242424242,1.7
U0339,C0114,2025,QS 2025,,,23.4,,,11.6,41.97979797979798,4.5
U0685,C0260,2025,QS 2025,,,2.0,,,4.8,16.363636363636363,21.7
U0692,C0257,2025,QS 2025,,,4.4,,,18.6,24.282828282828287,3.3
U0704,C0085,2025,QS 2025,,,46.9,,,7.1,29.595959595959595,
U0707,C0117,2025,QS 2025,,,5.6,,,8.6,9.575757575757576,16.3
U0849,C0200,2025,QS 2025,,,1.5,,,14.8,16.82828282828283,4.2
U1038,C0116,2025,QS 2025,,,12.2,,,10.5,19.272727272727277,5.8
U1046,C0118,2025,QS 2025,,,1.1,,,15.6,2.6868686868686877,5.2
U1180,C0272,2025,QS 2025,,,1.7,,,15.1,2.888888888888889,19.7
U1243,C0245,2025,QS 2025,,,12.9,,,9.5,27.93939393939394,3.8
U1264,C0241,2025,QS 2025,,,4.5,,,11.0,27.8989898989899,7.5
U1273,C0108,2025,QS 2025,,,4.4,,,10.9,26.383838383838388,7.7
U1324,C0245,2025,QS 2025,,,28.6,,,4.8,37.37373737373738,11.1
U1439,C0195,2025,QS 2025,,,1.7,,,5.0,7.737373737373738,16.6
U1503,C0188,2025,QS 2025,,,4.9,,,7.6,34.80808080808082,5.3
U1533,C0019,2025,QS 2025,,,2.7,,,13.3,10.525252525252526,1.1
U1596,C0116,2025,QS 2025,,,6.5,,,12.4,14.767676767676768,3.1
U1699,C0117,2025,QS 2025,,,5.1,,,9.1,4.505050505050505,50.0
U1755,C0116,2025,QS 2025,,,2.5,,,6.1,2.0,99.4
U1759,C0244,2025,QS 2025,,,5.3,,,3.7,16.666666666666664,74.1
U1953,C0195,2025,QS 2025,,,3.6,,,8.4,35.15151515151516,13.4
U2240,C0247,2025,QS 2025,,,1.2,,,12.5,2.303030303030303,2.8
U2248,C0054,2025,QS 2025,,,1.2,,,5.3,6.747474747474747,1.2
U2317,C0047,2025,QS 2025,,,2.3,,,12.9,4.94949494949495,1.4
U2373,C0047,2025,QS 2025,,,1.1,,,13.0,1.393939393939394,1.5
U2396,C0011,2025,QS 2025,,,1.6,,,26.4,17.8989898989899,1.5
U2414,C0186,2025,QS 2025,,,1.3,,,20.6,13.191919191919192,
U2425,C0047,2025,QS 2025,,,1.7,,,8.4,4.0606060606060606,2.3
U2318,C0189,2025,QS 2025,,,6.1,,,13.0,13.91919191919192,30.2
U2323,C0216,2025,QS 2025,,,18.0,,,8.9,42.18181818181819,4.8
U2498,C0114,2025,QS 2025,,,43.6,,,4.6,38.505050505050505,10.4
U2503,C0114,2025,QS 2025,,,12.1,,,17.4,31.575757575757574,4.2
U2632,C0245,2025,QS 2025,,,16.8,,,5.8,31.1919191919192,
U2701,C0114,2025,QS 2025,,,22.6,,,6.8,45.57575757575759,6.2
U2786,C0244,2025,QS 2025,,,6.2,,,3.6,16.2020202020202,100.0
U2839,C0200,2025,QS 2025,,,2.4,,,5.2,17.939393939393938,3.0
U2931,C0188,2025,QS 2025,,,3.4,,,11.5,29.696969696969703,11.3
U2951,C0208,2025,QS 2025,,,6.8,,,8.0,27.75757575757576,13.0
U2999,C0216,2025,QS 2025,,,6.8,,,11.7,35.35353535353536,3.9
U3001,C0119,2025,QS 2025,,,1.8,,,10.0,20.323232323232325,
U3066,C0181,2025,QS 2025,,,21.4,,,6.9,29.29292929292929,1.9
U3105,C0244,2025,QS 2025,,,6.9,,,6.8,28.868686868686872,69.8
U3301,C0082,2025,QS 2025,,,1.2,,,7.1,1.4545454545454546,26.1
U3343,C0251,2025,QS 2025,,,2.1,,,18.8,18.72727272727273,1.1
U3399,C0245,2025,QS 2025,,,26.2,,,3.5,25.21212121212121,23.5
U3407,C0188,2025,QS 2025,,,5.3,,,11.7,24.626262626262623,5.0
U3431,C0012,2025,QS 2025,,,1.3,,,7.0,7.858585858585858,1.7
U3437,C0116,2025,QS 2025,,,10.3,,,3.4,9.474747474747474,2.4
U0086,C0118,2025,QS 2025,,,1.0,,,6.2,0.7676767676767677,4.8
U0179,C0089,2025,QS 2025,,,20.0,,,7.6,16.767676767676768,3.1
U0183,C0245,2025,QS 2025,,,17.2,,,7.1,31.515151515151523,6.0
U0216,C0016,2025,QS 2025,,,1.4,,,12.9,6.585858585858586,2.2
U0272,C0109,2025,QS 2025,,,2.1,,,12.5,4.585858585858586,4.3
U0427,C0245,2025,QS 2025,,,16.7,,,2.6,17.272727272727273,84.7
U0429,C0245,2025,QS 2025,,,15.2,,,7.3,39.91919191919192,5.2
U0547,C0118,2025,QS 2025,,,1.2,,,13.0,0.6868686868686869,2.5
U0647,C0264,2025,QS 2025,,,28.2,,,7.0,45.05050505050505,7.1
U0652,C0195,2025,QS 2025,,,1.6,,,5.3,13.05050505050505,19.4
U0760,C0261,2025,QS 2025,,,6.9,,,2.8,5.474747474747475,2.2
U0866,C0108,2025,QS 2025,,,50.2,,,4.3,32.161616161616166,1.0
U0904,C0011,2025,QS 2025,,,1.3,,,8.8,0.868686868686869,12.3
U1094,C0231,2025,QS 2025,,,4.4,,,17.2,22.22222222222223,2.3
U1115,C0231,2025,QS 2025,,,8.5,,,13.2,19.05050505050505,3.2
U1160,C0116,2025,QS 2025,,,12.6,,,7.1,20.80808080808081,3.5
U1276,C0260,2025,QS 2025,,,2.6,,,14.1,30.747474747474747,5.7
U1509,C0116,2025,QS 2025,,,3.8,,,4.9,8.727272727272727,3.1
U1529,C0200,2025,QS 2025,,,2.1,,,13.1,5.555555555555556,4.8
U1679,C0066,2025,QS 2025,,,1.3,,,17.3,10.727272727272728,1.7
U1696,C0231,2025,QS 2025,,,3.3,,,21.6,17.27272727272727,1.9
U1722,C0244,2025,QS 2025,,,18.3,,,3.5,11.414141414141415,73.3
U1748,C0212,2025,QS 2025,,,12.6,,,6.3,28.64646464646465,33.2
U1750,C0130,2025,QS 2025,,,1.9,,,6.1,6.242424242424242,90.8
U1843,C0118,2025,QS 2025,,,1.1,,,6.7,1.2323232323232325,64.7
U1837,C0108,2025,QS 2025,,,7.2,,,5.5,27.91919191919192,7.2
U1938,C0116,2025,QS 2025,,,1.8,,,12.7,3.555555555555556,10.8
U1945,C0195,2025,QS 2025,,,1.9,,,6.6,16.343434343434346,25.2
U1981,C0245,2025,QS 2025,,,13.5,,,4.4,18.767676767676765,11.0
U2631,C0245,2025,QS 2025,,,11.9,,,10.0,28.383838383838384,2.5
U2906,C0181,2025,QS 2025,,,3.3,,,11.1,25.7979797979798,3.0
U2227,C0152,2025,QS 2025,,,2.5,,,23.6,18.92929292929293,1.2
U2263,C0216,2025,QS 2025,,,12.0,,,10.6,40.28282828282829,
U2270,C0047,2025,QS 2025,,,2.0,,,21.0,5.494949494949496,1.8
U2280,C0216,2025,QS 2025,,,4.5,,,6.7,19.858585858585855,7.2
U2285,C0045,2025,QS 2025,,,2.8,,,16.4,9.81818181818182,2.0
U2305,C0011,2025,QS 2025,,,2.2,,,7.7,5.656565656565657,4.1
U2410,C0011,2025,QS 2025,,,1.1,,,19.5,10.484848484848486,6.4
U2437,C0045,2025,QS 2025,,,5.0,,,9.8,18.82828282828283,1.6
U2445,C0011,2025,QS 2025,,,2.6,,,12.4,2.383838383838384,7.8
U2585,C0082,2025,QS 2025,,,29.3,,,9.5,41.3939393939394,
U2597,C0082,2025,QS 2025,,,6.2,,,13.4,24.000000000000004,50.2
U2547,C0145,2025,QS 2025,,,2.7,,,13.1,9.151515151515154,38.3
U2657,C0018,2025,QS 2025,,,2.2,,,9.7,14.94949494949495,8.9
U2733,C0244,2025,QS 2025,,,3.8,,,5.4,23.07070707070707,82.0
U2747,C0217,2025,QS 2025,,,3.2,,,13.1,8.727272727272728,1.2
U2771,C0245,2025,QS 2025,,,7.8,,,5.4,16.92929292929293,5.8
U3054,C0114,2025,QS 2025,,,25.4,,,9.5,42.42424242424242,9.1
U3089,C0039,2025,QS 2025,,,21.0,,,3.3,27.51515151515152,38.3
U3146,C0057,2025,QS 2025,,,5.7,,,5.2,24.787878787878785,11.4
U3220,C0212,2025,QS 2025,,,14.1,,,8.6,38.56565656565656,3.7
U3427,C0117,2025,QS 2025,,,2.6,,,14.1,18.86868686868687,8.8
U3433,C0261,2025,QS 2025,,,26.9,,,3.8,33.03030303030303,7.5
U0059,C0260,2025,QS 2025,,,1.4,,,13.1,23.393939393939394,9.5
U0076,C0108,2025,QS 2025,,,12.1,,,11.1,24.90909090909091,1.4
U0119,C0108,2025,QS 2025,,,7.1,,,9.8,28.141414141414145,21.1
U0125,C0108,2025,QS 2025,,,5.7,,,5.8,18.484848484848488,1.6
U0141,C0263,2025,QS 2025,,,2.3,,,7.7,13.232323232323232,24.8
U0149,C0260,2025,QS 2025,,,1.5,,,7.4,11.93939393939394,20.4
U0173,C0260,2025,QS 2025,,,2.2,,,11.4,22.94949494949495,3.5
U0200,C0016,2025,QS 2025,,,1.1,,,7.3,2.323232323232323,2.6
U0201,C0016,2025,QS 2025,,,1.2,,,13.0,1.5757575757575757,3.4
U0220,C0108,2025,QS 2025,,,9.0,,,13.5,27.23232323232323,1.7
U0237,C0245,2025,QS 2025,,,7.5,,,6.1,20.424242424242426,3.8
U0268,C0086,2025,QS 2025,,,6.7,,,14.2,30.12121212121212,7.0
U0273,C0245,2025,QS 2025,,,15.8,,,7.0,26.42424242424243,10.3
U0277,C0244,2025,QS 2025,,,3.2,,,6.2,11.91919191919192,73.8
U0295,C0019,2025,QS 2025,,,2.0,,,11.6,8.848484848484848,1.4
U0297,C0245,2025,QS 2025,,,10.4,,,7.5,26.464646464646464,3.0
U0330,C0244,2025,QS 2025,,,3.7,,,5.1,8.383838383838384,87.6
U0373,C0267,2025,QS 2025,,,1.6,,,8.5,1.8989898989898992,4.4
U0417,C0267,2025,QS 2025,,,15.6,,,6.3,14.545454545454543,6.7
U0414,C0261,2025,QS 2025,,,10.3,,,3.8,16.303030303030305,7.7
U0463,C0245,2025,QS 2025,,,11.4,,,8.1,19.272727272727277,5.4
U0479,C0101,2025,QS 2025,,,3.1,,,10.3,8.666666666666668,34.8
U0484,C0188,2025,QS 2025,,,4.7,,,11.0,20.626262626262623,3.3
U0508,C0261,2025,QS 2025,,,3.0,,,5.8,6.0606060606060606,7.1
U0575,C0257,2025,QS 2025,,,3.2,,,10.0,28.646464646464644,7.8
U0594,C0066,2025,QS 2025,,,2.6,,,14.3,11.676767676767676,1.6
U0664,C0245,2025,QS 2025,,,5.4,,,6.8,11.91919191919192,13.9
U0697,C0257,2025,QS 2025,,,18.5,,,4.5,25.272727272727277,3.8
U0700,C0245,2025,QS 2025,,,9.2,,,8.8,29.171717171717173,15.3
U0713,C0116,2025,QS 2025,,,7.6,,,6.6,11.91919191919192,3.3
U0715,C0244,2025,QS 2025,,,6.3,,,5.2,17.83838383838384,34.9
U0749,C0116,2025,QS 2025,,,4.7,,,3.5,5.353535353535353,3.2
U0751,C0108,2025,QS 2025,,,27.7,,,4.5,22.767676767676768,5.1
U0768,C0268,2025,QS 2025,,,28.1,,,5.4,29.111111111111114,2.2
U0801,C0268,2025,QS 2025,,,16.5,,,4.1,37.55555555555556,
U0811,C0245,2025,QS 2025,,,3.0,,,7.0,13.6969696969697,4.1
U0825,C0101,2025,QS 2025,,,3.2,,,6.0,22.545454545454547,29.2
U0860,C0245,2025,QS 2025,,,10.0,,,7.1,18.626262626262623,6.6
U0912,C0116,2025,QS 2025,,,1.5,,,5.2,3.97979797979798,4.5
U0917,C0181,2025,QS 2025,,,8.0,,,7.0,24.161616161616163,6.1
U0946,C0200,2025,QS 2025,,,1.5,,,5.5,4.0606060606060606,100.0
U0962,C0152,2025,QS 2025,,,1.0,,,6.3,1.0101010101010102,1.5
U0999,C0268,2025,QS 2025,,,26.7,,,4.4,33.111111111111114,
U1031,C0116,2025,QS 2025,,,3.5,,,6.1,11.85858585858586,2.8
U1039,C0261,2025,QS 2025,,,8.2,,,4.8,15.11111111111111,2.6
U1063,C0118,2025,QS 2025,,,1.5,,,14.4,5.474747474747475,2.5
U1078,C0245,2025,QS 2025,,,12.7,,,5.5,29.75757575757576,6.6
U1183,C0116,2025,QS 2025,,,25.6,,,4.6,22.82828282828283,3.5
U1205,C0244,2025,QS 2025,,,7.5,,,4.5,13.555555555555555,27.4
U1229,C0195,2025,QS 2025,,,2.0,,,7.9,7.5151515151515165,22.3
U1230,C0188,2025,QS 2025,,,8.9,,,5.0,24.868686868686872,4.0
U1235,C0244,2025,QS 2025,,,3.3,,,5.0,7.494949494949496,100.0
U1245,C0245,2025,QS 2025,,,7.0,,,8.5,19.191919191919197,3.0
U1251,C0242,2025,QS 2025,,,1.9,,,8.4,7.777777777777777,1.2
U1284,C0257,2025,QS 2025,,,2.4,,,8.1,18.747474747474747,4.2
U1340,C0245,2025,QS 2025,,,17.4,,,6.2,29.97979797979798,3.1
U1370,C0145,2025,QS 2025,,,4.7,,,11.0,9.757575757575758,30.3
U1375,C0111,2025,QS 2025,,,1.3,,,5.0,5.434343434343435,3.6
U1376,C0117,2025,QS 2025,,,1.8,,,9.1,10.464646464646464,32.5
U1377,C0137,2025,QS 2025,,,4.5,,,6.2,7.777777777777778,35.3
U1396,C0268,2025,QS 2025,,,26.8,,,5.0,36.76767676767677,4.2
U1409,C0118,2025,QS 2025,,,1.3,,,9.6,0.1818181818181818,6.2
U1422,C0267,2025,QS 2025,,,4.9,,,12.5,10.606060606060606,3.5
U1453,C0242,2025,QS 2025,,,1.3,,,6.5,4.383838383838384,20.1
U1468,C0242,2025,QS 2025,,,1.2,,,5.1,2.2626262626262625,1.1
U1516,C0118,2025,QS 2025,,,4.0,,,5.9,2.4242424242424243,15.7
U1528,C0245,2025,QS 2025,,,13.1,,,5.8,29.19191919191919,3.1
U1541,C0268,2025,QS 2025,,,17.2,,,4.0,23.111111111111114,2.6
U1584,C0108,2025,QS 2025,,,1.6,,,8.8,3.3535353535353543,1.2
U1569,C0245,2025,QS 2025,,,10.5,,,8.1,22.08080808080808,3.3
U1611,C0108,2025,QS 2025,,,24.1,,,7.8,26.08080808080808,1.7
U1621,C0082,2025,QS 2025,,,5.3,,,11.8,21.71717171717172,32.2
U1664,C0030,2025,QS 2025,,,1.2,,,10.1,0.4444444444444444,1.2
U1689,C0188,2025,QS 2025,,,6.3,,,7.8,20.949494949494948,5.7
U1761,C0245,2025,QS 2025,,,6.3,,,7.2,17.676767676767675,16.1
U1784,C0195,2025,QS 2025,,,1.1,,,4.9,6.808080808080808,2.8
U1801,C0195,2025,QS 2025,,,1.8,,,5.4,5.979797979797979,46.3
U1802,C0195,2025,QS 2025,,,2.1,,,3.6,2.888888888888889,29.3
U1814,C0195,2025,QS 2025,,,2.1,,,4.1,7.131313131313132,12.3
U1822,C0245,2025,QS 2025,,,14.3,,,5.4,35.41414141414142,3.5
U1885,C0244,2025,QS 2025,,,4.5,,,6.7,22.08080808080808,33.1
U1890,C0116,2025,QS 2025,,,11.2,,,3.6,15.515151515151516,2.6
U1900,C0195,2025,QS 2025,,,3.8,,,6.8,14.464646464646464,31.6
U1909,C0188,2025,QS 2025,,,7.0,,,6.8,28.848484848484848,3.3
U1922,C0271,2025,QS 2025,,,7.2,,,8.5,15.070707070707073,4.4
U1923,C0271,2025,QS 2025,,,3.8,,,9.1,20.80808080808081,6.5
U1929,C0178,2025,QS 2025,,,9.0,,,4.4,8.080808080808081,1.7
U1936,C0261,2025,QS 2025,,,5.7,,,5.6,7.171717171717171,3.9
U1948,C0245,2025,QS 2025,,,7.2,,,4.9,15.555555555555555,8.7
U1959,C0268,2025,QS 2025,,,23.9,,,3.0,31.29292929292929,1.7
U1965,C0108,2025,QS 2025,,,4.0,,,8.6,24.121212121212125,1.6
U1999,C0242,2025,QS 2025,,,2.5,,,5.8,12.181818181818182,40.5
U2001,C0261,2025,QS 2025,,,1.2,,,5.6,1.414141414141414,4.3
U2016,C0101,2025,QS 2025,,,1.6,,,9.2,2.94949494949495,6.7
U2019,C0200,2025,QS 2025,,,3.6,,,6.1,16.767676767676768,2.0
U2024,C0071,2025,QS 2025,,,5.5,,,9.0,22.282828282828284,19.4
U2065,C0271,2025,QS 2025,,,5.5,,,7.5,17.353535353535356,56.2
U2084,C0051,2025,QS 2025,,,1.4,,,8.4,4.848484848484849,1.9
U2093,C0109,2025,QS 2025,,,1.5,,,8.7,3.93939393939394,6.5
U0775,C0117,2025,QS 2025,,,3.6,,,9.4,16.969696969696972,14.6
U3024,C0244,2025,QS 2025,,,2.6,,,3.2,3.95959595959596,96.6
U3193,C0245,2025,QS 2025,,,9.8,,,4.6,29.81818181818182,29.6
U2120,C0116,2025,QS 2025,,,5.6,,,4.4,9.818181818181818,2.2
U2127,C0116,2025,QS 2025,,,11.4,,,12.8,17.81818181818182,4.5
U2202,C0045,2025,QS 2025,,,2.3,,,12.3,21.07070707070708,1.9
U2206,C0045,2025,QS 2025,,,7.3,,,13.9,21.75757575757576,1.6
U2207,C0152,2025,QS 2025,,,1.4,,,3.7,1.3737373737373737,1.3
U2221,C0152,2025,QS 2025,,,1.8,,,14.5,14.585858585858588,1.1
U2219,C0152,2025,QS 2025,,,1.5,,,19.3,6.363636363636364,1.3
U2258,C0216,2025,QS 2025,,,9.7,,,7.9,33.7979797979798,5.2
U2265,C0152,2025,QS 2025,,,1.2,,,18.9,18.747474747474747,1.1
U2267,C0045,2025,QS 2025,,,9.3,,,10.3,26.161616161616163,1.2
U2272,C0152,2025,QS 2025,,,1.9,,,7.9,2.929292929292929,7.4
U2281,C0186,2025,QS 2025,,,1.2,,,9.6,3.232323232323232,2.1
U2286,C0265,2025,QS 2025,,,1.2,,,14.6,5.97979797979798,1.6
U2299,C0216,2025,QS 2025,,,6.5,,,12.5,31.49494949494949,1.7
U2304,C0192,2025,QS 2025,,,2.0,,,10.2,16.12121212121212,1.5
U2311,C0045,2025,QS 2025,,,6.2,,,10.8,17.171717171717173,1.4
U2283,C0047,2025,QS 2025,,,2.9,,,9.6,12.70707070707071,1.4
U2287,C0186,2025,QS 2025,,,3.1,,,7.0,3.01010101010101,2.2
U2292,C0047,2025,QS 2025,,,1.9,,,18.1,8.424242424242424,1.3
U2316,C0045,2025,QS 2025,,,3.7,,,14.7,17.232323232323232,2.9
U2375,C0047,2025,QS 2025,,,1.6,,,5.7,3.4747474747474745,2.5
U2397,C0011,2025,QS 2025,,,1.6,,,12.9,11.030303030303031,13.9
U2400,C0185,2025,QS 2025,,,1.1,,,6.1,4.424242424242425,1.7
U2411,C0011,2025,QS 2025,,,1.2,,,3.8,3.676767676767677,
U2402,C0011,2025,QS 2025,,,1.3,,,5.5,5.3939393939393945,
U2419,C0186,2025,QS 2025,,,2.2,,,9.5,12.0,1.4
U2430,C0216,2025,QS 2025,,,4.5,,,7.9,27.13131313131313,12.4
U2435,C0265,2025,QS 2025,,,2.6,,,13.7,5.212121212121212,1.0
U2441,C0183,2025,QS 2025,,,1.1,,,7.8,1.636363636363637,3.9
U2444,C0011,2025,QS 2025,,,1.1,,,4.5,4.262626262626263,1.5
U2319,C0216,2025,QS 2025,,,7.3,,,5.9,26.080808080808083,4.5
U2345,C0030,2025,QS 2025,,,4.1,,,11.6,23.737373737373737,1.2
U2349,C0030,2025,QS 2025,,,17.8,,,11.8,28.161616161616163,1.6
U2358,C0030,2025,QS 2025,,,5.2,,,13.0,23.3939393939394,6.0
U2365,C0030,2025,QS 2025,,,3.6,,,9.6,22.262626262626263,1.2
U2450,C0114,2025,QS 2025,,,29.3,,,3.7,40.38383838383838,2.8
U2502,C0114,2025,QS 2025,,,16.7,,,7.1,30.727272727272727,3.7
U2509,C0114,2025,QS 2025,,,21.7,,,7.1,38.48484848484848,1.5
U2458,C0109,2025,QS 2025,,,1.3,,,14.3,6.202020202020202,1.4
U2469,C0109,2025,QS 2025,,,1.5,,,12.9,5.91919191919192,2.8
U2475,C0216,2025,QS 2025,,,13.0,,,6.0,27.7979797979798,9.6
U2601,C0086,2025,QS 2025,,,6.8,,,4.5,19.272727272727277,28.0
U2494,C0082,2025,QS 2025,,,6.3,,,8.8,32.94949494949495,6.2
U2513,C0082,2025,QS 2025,,,5.2,,,7.9,32.56565656565657,26.4
U2515,C0236,2025,QS 2025,,,3.7,,,7.0,21.75757575757576,3.2
U2518,C0236,2025,QS 2025,,,1.7,,,4.5,14.96969696969697,2.2
U2520,C0082,2025,QS 2025,,,7.1,,,9.4,30.36363636363636,19.7
U2521,C0236,2025,QS 2025,,,1.9,,,7.2,11.050505050505052,1.8
U2571,C0082,2025,QS 2025,,,6.2,,,10.1,26.626262626262623,35.5
U2574,C0162,2025,QS 2025,,,4.5,,,3.7,33.111111111111114,2.6
U2578,C0082,2025,QS 2025,,,2.5,,,11.4,23.4949494949495,1.4
U2543,C0145,2025,QS 2025,,,3.7,,,14.7,12.626262626262626,4.7
U2544,C0145,2025,QS 2025,,,3.2,,,13.2,12.606060606060607,10.5
U2545,C0145,2025,QS 2025,,,12.2,,,10.5,26.66666666666667,12.1
U2563,C0145,2025,QS 2025,,,8.6,,,10.3,21.898989898989896,6.5
U2652,C0245,2025,QS 2025,,,11.9,,,5.8,27.05050505050505,3.0
U2772,C0244,2025,QS 2025,,,5.1,,,4.8,20.545454545454547,45.5
U2774,C0216,2025,QS 2025,,,7.8,,,6.3,13.494949494949497,14.5
U2854,C0057,2025,QS 2025,,,5.4,,,5.0,18.94949494949495,3.2
U2861,C0173,2025,QS 2025,,,3.5,,,9.9,27.6969696969697,
U2863,C0245,2025,QS 2025,,,32.6,,,3.1,31.87878787878788,5.9
U2873,C0089,2025,QS 2025,,,19.5,,,7.2,35.57575757575757,2.5
U2887,C0181,2025,QS 2025,,,4.9,,,11.6,16.828282828282827,1.1
U2893,C0224,2025,QS 2025,,,2.6,,,6.1,18.747474747474747,1.4
U2905,C0173,2025,QS 2025,,,2.6,,,8.4,14.3030303030303,
U2934,C0245,2025,QS 2025,,,7.7,,,3.5,27.49494949494949,3.2
U2958,C0245,2025,QS 2025,,,19.7,,,11.0,23.939393939393945,14.8
U2982,C0245,2025,QS 2025,,,16.9,,,4.4,21.070707070707076,20.0
U3005,C0114,2025,QS 2025,,,42.4,,,3.8,37.13131313131313,2.1
U3015,C0014,2025,QS 2025,,,14.7,,,10.7,33.313131313131315,3.3
U3016,C0245,2025,QS 2025,,,16.9,,,5.0,26.080808080808083,2.5
U3026,C0245,2025,QS 2025,,,13.4,,,5.1,33.37373737373738,6.2
U3031,C0245,2025,QS 2025,,,17.2,,,6.9,32.84848484848485,24.8
U3036,C0202,2025,QS 2025,,,3.6,,,8.4,33.25252525252526,
U3091,C0245,2025,QS 2025,,,16.2,,,5.6,28.565656565656568,2.6
U3115,C0028,2025,QS 2025,,,1.9,,,4.4,18.92929292929293,2.8
U3124,C0261,2025,QS 2025,,,8.8,,,11.0,14.02020202020202,6.9
U3177,C0200,2025,QS 2025,,,3.0,,,5.2,16.161616161616163,2.2
U3197,C0245,2025,QS 2025,,,22.8,,,6.0,37.25252525252525,2.7
U3199,C0245,2025,QS 2025,,,14.2,,,4.4,34.34343434343434,5.3
U3208,C0212,2025,QS 2025,,,8.8,,,6.1,41.65656565656566,4.4
U3218,C0014,2025,QS 2025,,,25.2,,,3.6,33.77777777777777,16.4
U3227,C0245,2025,QS 2025,,,18.2,,,3.7,28.363636363636363,10.4
U3237,C0245,2025,QS 2025,,,11.5,,,3.2,14.2020202020202,17.8
U3256,C0245,2025,QS 2025,,,15.6,,,3.1,33.81818181818182,2.4
U3269,C0188,2025,QS 2025,,,3.7,,,6.9,17.636363636363637,2.7
U3286,C0244,2025,QS 2025,,,8.3,,,3.2,22.484848484848484,69.2
U3292,C0245,2025,QS 2025,,,21.1,,,3.2,32.86868686868687,4.0
U2864,C0271,2025,QS 2025,,,6.6,,,6.6,10.787878787878787,6.0
U3322,C0245,2025,QS 2025,,,22.4,,,6.2,34.66666666666667,1.6
U3368,C0057,2025,QS 2025,,,4.7,,,6.0,22.121212121212125,28.3
U3375,C0188,2025,QS 2025,,,6.8,,,6.6,33.17171717171718,6.4
U3394,C0245,2025,QS 2025,,,18.5,,,5.6,37.15151515151516,4.2
U3414,C0268,2025,QS 2025,,,5.6,,,4.2,17.656565656565657,2.8
U3438,C0116,2025,QS 2025,,,6.6,,,9.3,13.6969696969697,7.8
U0061,C0117,2025,QS 2025,,,2.7,,,5.8,13.91919191919192,2.5
U0067,C0194,2025,QS 2025,,,3.0,,,7.5,17.050505050505052,9.6
U0126,C0257,2025,QS 2025,,,2.6,,,4.9,7.636363636363636,2.9
U0145,C0116,2025,QS 2025,,,1.8,,,7.0,2.585858585858586,2.5
U0177,C0257,2025,QS 2025,,,4.4,,,5.8,17.575757575757578,7.4
U0181,C0109,2025,QS 2025,,,1.3,,,6.8,2.8080808080808084,1.2
U0211,C0181,2025,QS 2025,,,14.6,,,6.0,25.858585858585855,1.0
U0241,C0268,2025,QS 2025,,,1.5,,,5.7,1.2727272727272727,25.8
U0246,C0268,2025,QS 2025,,,9.4,,,4.4,7.555555555555556,8.8
U0253,C0021,2025,QS 2025,,,1.2,,,6.6,2.707070707070707,9.3
U0256,C0152,2025,QS 2025,,,1.9,,,13.7,10.04040404040404,1.3
U0279,C0263,2025,QS 2025,,,2.8,,,7.6,8.929292929292929,4.0
U0300,C0260,2025,QS 2025,,,2.3,,,6.0,5.232323232323233,2.6
U0302,C0039,2025,QS 2025,,,13.7,,,4.0,19.77777777777778,23.8
U0357,C0245,2025,QS 2025,,,6.5,,,3.6,12.383838383838384,6.9
U0375,C0267,2025,QS 2025,,,3.9,,,5.5,12.060606060606062,5.9
U0398,C0268,2025,QS 2025,,,1.2,,,2.7,2.1818181818181817,1.5
U0403,C0108,2025,QS 2025,,,2.2,,,6.1,12.2020202020202,3.0
U0404,C0019,2025,QS 2025,,,5.1,,,8.9,4.787878787878787,
U0430,C0245,2025,QS 2025,,,4.0,,,4.1,8.16161616161616,26.2
U0489,C0257,2025,QS 2025,,,2.6,,,4.9,19.232323232323235,3.3
U0490,C0245,2025,QS 2025,,,11.3,,,7.2,15.858585858585862,4.7
U0500,C0019,2025,QS 2025,,,2.8,,,9.5,9.575757575757574,2.9
U0504,C0228,2025,QS 2025,,,1.2,,,6.1,7.151515151515151,6.0
U0532,C0257,2025,QS 2025,,,2.1,,,6.8,14.282828282828284,10.7
U0539,C0116,2025,QS 2025,,,1.8,,,8.6,7.636363636363637,3.7
U0587,C0257,2025,QS 2025,,,5.3,,,4.4,20.424242424242426,5.7
U0591,C0066,2025,QS 2025,,,3.4,,,6.9,7.070707070707071,1.6
U0646,C0267,2025,QS 2025,,,6.1,,,10.8,7.212121212121212,4.4
U0659,C0245,2025,QS 2025,,,9.5,,,4.7,22.646464646464644,4.4
U0674,C0267,2025,QS 2025,,,7.0,,,7.6,9.73737373737374,4.2
U0681,C0216,2025,QS 2025,,,2.3,,,4.4,6.565656565656567,47.5
U0708,C0260,2025,QS 2025,,,2.2,,,8.3,5.494949494949496,1.1
U0765,C0251,2025,QS 2025,,,4.7,,,7.3,11.171717171717171,1.2
U0771,C0244,2025,QS 2025,,,6.9,,,4.2,7.858585858585859,7.6
U0783,C0260,2025,QS 2025,,,1.6,,,7.3,20.444444444444446,1.6
U0805,C0261,2025,QS 2025,,,3.0,,,4.2,6.545454545454546,9.6
U0818,C0251,2025,QS 2025,,,1.6,,,4.6,16.767676767676768,1.4
U0905,C0061,2025,QS 2025,,,1.4,,,1.6,2.1010101010101008,4.1
U0950,C0257,2025,QS 2025,,,1.4,,,4.9,2.787878787878788,52.1
U0952,C0257,2025,QS 2025,,,1.7,,,4.9,2.646464646464646,20.2
U0967,C0242,2025,QS 2025,,,1.3,,,5.7,4.8686868686868685,1.5
U0972,C0257,2025,QS 2025,,,8.2,,,7.2,10.22222222222222,2.1
U0978,C0019,2025,QS 2025,,,5.7,,,9.7,14.323232323232322,
U0980,C0108,2025,QS 2025,,,12.6,,,5.1,11.757575757575758,2.1
U0994,C0261,2025,QS 2025,,,7.0,,,3.6,12.565656565656568,5.5
U1062,C0118,2025,QS 2025,,,1.0,,,7.7,0.0,4.1
U1070,C0195,2025,QS 2025,,,1.4,,,5.7,2.7474747474747474,29.6
U1079,C0119,2025,QS 2025,,,1.3,,,7.0,5.070707070707071,
U1089,C0242,2025,QS 2025,,,1.5,,,3.9,4.707070707070707,5.1
U1095,C0019,2025,QS 2025,,,5.3,,,6.9,9.393939393939394,
U1096,C0019,2025,QS 2025,,,5.6,,,6.6,6.181818181818182,1.0
U1103,C0116,2025,QS 2025,,,4.9,,,5.2,14.969696969696972,1.9
U1113,C0231,2025,QS 2025,,,3.1,,,8.3,8.343434343434344,2.2
U1114,C0231,2025,QS 2025,,,3.3,,,8.5,10.484848484848486,1.1
U1147,C0261,2025,QS 2025,,,2.9,,,3.6,3.93939393939394,31.1
U1168,C0087,2025,QS 2025,,,2.0,,,6.9,22.545454545454543,
U1172,C0116,2025,QS 2025,,,11.7,,,6.1,9.838383838383836,9.0
U1179,C0272,2025,QS 2025,,,1.0,,,14.6,0.0808080808080808,5.8
U1285,C0245,2025,QS 2025,,,9.1,,,3.4,18.888888888888893,2.7
U1310,C0116,2025,QS 2025,,,1.6,,,6.7,5.373737373737374,4.6
U1314,C0195,2025,QS 2025,,,2.8,,,4.5,6.868686868686869,9.1
U1320,C0245,2025,QS 2025,,,7.8,,,3.8,13.93939393939394,5.5
U1359,C0195,2025,QS 2025,,,1.3,,,7.8,2.525252525252525,23.8
U1382,C0116,2025,QS 2025,,,14.5,,,5.7,15.171717171717171,4.1
U1424,C0267,2025,QS 2025,,,5.4,,,9.2,6.181818181818182,10.2
U1442,C0195,2025,QS 2025,,,1.9,,,6.9,8.626262626262626,41.6
U1447,C0267,2025,QS 2025,,,2.8,,,7.6,2.707070707070707,4.5
U1450,C0267,2025,QS 2025,,,10.8,,,6.0,14.666666666666668,7.6
U1551,C0195,2025,QS 2025,,,1.7,,,6.0,3.414141414141415,41.7
U0310,C0101,2025,QS 2025,,,7.8,,,5.5,15.474747474747476,7.6
U1564,C0242,2025,QS 2025,,,1.3,,,3.9,3.939393939393939,3.3
U1598,C0108,2025,QS 2025,,,21.0,,,5.4,18.666666666666664,5.4
U1632,C0195,2025,QS 2025,,,1.5,,,4.4,2.4444444444444446,8.3
U1662,C0108,2025,QS 2025,,,16.5,,,4.1,17.515151515151516,1.1
U1682,C0061,2025,QS 2025,,,1.2,,,4.2,1.3737373737373737,11.4
U1667,C0030,2025,QS 2025,,,9.4,,,6.3,17.01010101010101,1.7
U1685,C0245,2025,QS 2025,,,9.2,,,4.1,22.505050505050505,6.1
U1709,C0261,2025,QS 2025,,,7.0,,,5.7,16.282828282828284,7.1
U1733,C0019,2025,QS 2025,,,3.0,,,10.4,7.434343434343433,1.1
U1753,C0116,2025,QS 2025,,,2.1,,,4.0,5.797979797979799,5.6
U1808,C0116,2025,QS 2025,,,6.8,,,4.9,10.424242424242426,4.9
U1810,C0118,2025,QS 2025,,,1.2,,,9.7,0.7676767676767677,4.2
U1823,C0245,2025,QS 2025,,,4.0,,,4.5,15.7979797979798,5.0
U1833,C0108,2025,QS 2025,,,4.3,,,6.8,8.464646464646465,3.5
U1844,C0245,2025,QS 2025,,,2.1,,,5.4,2.808080808080808,13.2
U1856,C0261,2025,QS 2025,,,10.3,,,6.4,10.242424242424242,11.9
U1872,C0019,2025,QS 2025,,,5.3,,,7.6,7.373737373737374,
U1877,C0268,2025,QS 2025,,,1.8,,,4.9,2.2626262626262625,27.3
U1882,C0268,2025,QS 2025,,,3.5,,,4.5,7.131313131313132,2.1
U1907,C0108,2025,QS 2025,,,5.3,,,7.5,11.77777777777778,2.2
U1935,C0261,2025,QS 2025,,,3.4,,,4.4,2.98989898989899,2.2
U1991,C0260,2025,QS 2025,,,2.3,,,4.1,20.141414141414145,1.8
U1996,C0257,2025,QS 2025,,,2.4,,,7.1,11.474747474747474,4.6
U1997,C0118,2025,QS 2025,,,1.3,,,9.0,2.080808080808081,2.0
U2006,C0231,2025,QS 2025,,,9.6,,,6.4,16.929292929292927,1.6
U2029,C0267,2025,QS 2025,,,5.0,,,5.7,7.757575757575758,7.4
U2031,C0260,2025,QS 2025,,,2.2,,,6.9,26.66666666666667,1.5
U2060,C0194,2025,QS 2025,,,3.9,,,4.6,16.747474747474747,2.7
U2066,C0057,2025,QS 2025,,,4.6,,,3.9,12.08080808080808,8.7
U2068,C0188,2025,QS 2025,,,3.7,,,5.8,6.4444444444444455,10.2
U2078,C0086,2025,QS 2025,,,4.6,,,6.3,24.56565656565656,
U0711,C0194,2025,QS 2025,,,6.0,,,5.3,16.404040404040405,4.6
U0785,C0195,2025,QS 2025,,,1.2,,,3.8,4.848484848484849,41.1
U1020,C0053,2025,QS 2025,,,3.1,,,4.3,22.68686868686869,
U1441,C0195,2025,QS 2025,,,1.9,,,3.5,8.787878787878787,49.8
U2118,C0116,2025,QS 2025,,,2.8,,,10.5,10.585858585858585,2.9
U2135,C0057,2025,QS 2025,,,5.5,,,4.5,12.747474747474747,18.8
U2143,C0118,2025,QS 2025,,,1.2,,,8.5,1.2929292929292928,3.1
U2151,C0194,2025,QS 2025,,,3.7,,,6.4,20.666666666666668,2.1
U2164,C0267,2025,QS 2025,,,5.4,,,6.5,12.12121212121212,8.8
U2213,C0152,2025,QS 2025,,,1.1,,,6.5,0.5050505050505051,23.0
U2215,C0152,2025,QS 2025,,,1.4,,,3.2,3.191919191919192,1.6
U2239,C0045,2025,QS 2025,,,5.9,,,4.5,21.232323232323235,3.8
U2246,C0066,2025,QS 2025,,,1.2,,,8.1,3.797979797979798,
U2273,C0066,2025,QS 2025,,,1.7,,,8.3,6.363636363636363,2.5
U2296,C0152,2025,QS 2025,,,1.5,,,12.5,1.6767676767676771,3.7
U2298,C0054,2025,QS 2025,,,1.1,,,8.4,2.606060606060606,
U2302,C0183,2025,QS 2025,,,1.1,,,6.6,3.2929292929292933,2.7
U2303,C0186,2025,QS 2025,,,1.2,,,7.5,1.0505050505050504,1.1
U2306,C0092,2025,QS 2025,,,1.0,,,10.2,3.3939393939393945,
U2312,C0045,2025,QS 2025,,,9.8,,,3.5,21.77777777777778,
U2314,C0045,2025,QS 2025,,,2.9,,,10.9,16.78787878787879,1.8
U2277,C0045,2025,QS 2025,,,4.0,,,8.0,13.65656565656566,1.4
U2279,C0045,2025,QS 2025,,,2.3,,,7.2,6.323232323232324,2.0
U2290,C0011,2025,QS 2025,,,1.0,,,3.7,0.0808080808080808,7.4
U2294,C0265,2025,QS 2025,,,2.1,,,10.1,5.676767676767677,
U2376,C0047,2025,QS 2025,,,2.1,,,9.7,5.272727272727273,1.4
U2378,C0152,2025,QS 2025,,,1.1,,,4.5,0.0606060606060606,1.6
U2379,C0051,2025,QS 2025,,,1.0,,,7.5,0.0,9.1
U2383,C0027,2025,QS 2025,,,1.6,,,6.3,6.0606060606060606,1.0
U2385,C0265,2025,QS 2025,,,1.1,,,7.6,0.101010101010101,1.6
U2389,C0186,2025,QS 2025,,,1.6,,,7.0,3.7575757575757582,1.7
U2390,C0099,2025,QS 2025,,,1.0,,,5.1,7.070707070707072,
U2398,C0186,2025,QS 2025,,,1.5,,,7.4,2.1616161616161618,
U2406,C0011,2025,QS 2025,,,3.5,,,8.6,12.626262626262628,
U2409,C0011,2025,QS 2025,,,1.4,,,4.1,4.161616161616162,
U2412,C0011,2025,QS 2025,,,2.2,,,11.3,10.22222222222222,3.7
U2404,C0011,2025,QS 2025,,,2.5,,,12.7,10.404040404040405,1.2
U2405,C0011,2025,QS 2025,,,1.7,,,6.7,11.01010101010101,
U2392,C0051,2025,QS 2025,,,1.5,,,10.2,6.848484848484849,2.3
U2420,C0186,2025,QS 2025,,,1.1,,,11.3,2.888888888888889,1.5
U2325,C0030,2025,QS 2025,,,2.5,,,9.5,14.929292929292927,1.2
U2336,C0030,2025,QS 2025,,,3.1,,,9.0,20.585858585858585,1.4
U2341,C0030,2025,QS 2025,,,2.8,,,3.8,14.90909090909091,
U2344,C0030,2025,QS 2025,,,4.7,,,4.7,10.606060606060606,1.3
U2347,C0030,2025,QS 2025,,,5.2,,,6.4,17.454545454545457,1.4
U2353,C0030,2025,QS 2025,,,7.8,,,5.1,11.87878787878788,1.9
U2355,C0030,2025,QS 2025,,,5.3,,,7.4,19.737373737373737,1.2
U2361,C0030,2025,QS 2025,,,3.4,,,5.2,19.232323232323232,
U2370,C0030,2025,QS 2025,,,2.1,,,3.5,5.313131313131313,1.1
U2499,C0114,2025,QS 2025,,,6.5,,,5.7,14.161616161616164,6.7
U2460,C0109,2025,QS 2025,,,1.8,,,11.2,4.404040404040404,1.2
U2465,C0109,2025,QS 2025,,,1.4,,,6.6,3.0303030303030307,1.9
U2468,C0109,2025,QS 2025,,,1.4,,,10.9,5.131313131313132,1.6
U2471,C0109,2025,QS 2025,,,1.3,,,8.8,7.171717171717173,2.5
U2477,C0194,2025,QS 2025,,,2.8,,,9.2,11.7979797979798,6.7
U2506,C0082,2025,QS 2025,,,5.5,,,6.6,26.08080808080808,
U2567,C0082,2025,QS 2025,,,2.3,,,8.8,3.8181818181818175,30.2
U2538,C0145,2025,QS 2025,,,2.2,,,6.0,7.313131313131313,3.9
U2542,C0145,2025,QS 2025,,,6.7,,,7.8,15.616161616161618,3.5
U2554,C0145,2025,QS 2025,,,5.8,,,6.3,10.141414141414142,4.8
U2655,C0111,2025,QS 2025,,,2.0,,,4.6,12.282828282828282,1.0
U2664,C0111,2025,QS 2025,,,1.4,,,5.5,13.454545454545457,1.1
U2677,C0188,2025,QS 2025,,,2.6,,,5.4,12.121212121212125,4.7
U2872,C0268,2025,QS 2025,,,3.0,,,3.7,2.949494949494949,30.3
U2898,C0202,2025,QS 2025,,,3.7,,,3.9,19.05050505050505,1.1
U2899,C0111,2025,QS 2025,,,1.4,,,4.4,6.464646464646464,1.1
U2967,C0245,2025,QS 2025,,,8.0,,,3.1,19.75757575757576,8.3
U2979,C0101,2025,QS 2025,,,2.4,,,6.6,8.202020202020202,3.8
U2983,C0245,2025,QS 2025,,,10.5,,,4.2,9.313131313131311,3.1
U3020,C0202,2025,QS 2025,,,2.4,,,5.0,20.24242424242424,5.7
U3027,C0245,2025,QS 2025,,,10.1,,,2.6,25.5959595959596,3.4
U3043,C0057,2025,QS 2025,,,3.6,,,6.3,12.080808080808085,16.6
U3052,C0101,2025,QS 2025,,,8.5,,,4.2,22.202020202020204,8.3
U3053,C0057,2025,QS 2025,,,3.1,,,4.5,8.424242424242426,8.8
U3063,C0217,2025,QS 2025,,,2.0,,,9.0,9.373737373737374,1.3
U3080,C0208,2025,QS 2025,,,4.1,,,3.7,20.18181818181818,26.4
U3092,C0053,2025,QS 2025,,,4.3,,,6.1,20.1010101010101,1.8
U3098,C0188,2025,QS 2025,,,2.7,,,5.2,12.060606060606062,1.7
U3107,C0245,2025,QS 2025,,,2.7,,,6.2,2.8484848484848486,6.8
U3108,C0245,2025,QS 2025,,,3.6,,,5.9,3.595959595959596,20.2
U3134,C0188,2025,QS 2025,,,3.1,,,5.4,22.080808080808083,3.9
U3143,C0245,2025,QS 2025,,,6.1,,,4.7,8.181818181818182,2.1
U3159,C0053,2025,QS 2025,,,4.2,,,6.3,20.727272727272727,2.0
U3160,C0217,2025,QS 2025,,,3.3,,,6.0,6.686868686868687,1.0
U3211,C0245,2025,QS 2025,,,3.0,,,2.2,3.878787878787879,12.0
U3244,C0195,2025,QS 2025,,,1.6,,,3.6,10.86868686868687,13.8
U3275,C0057,2025,QS 2025,,,3.8,,,5.6,16.323232323232325,
U3283,C0245,2025,QS 2025,,,9.8,,,7.6,20.88888888888889,5.1
U3302,C0194,2025,QS 2025,,,6.9,,,5.2,28.141414141414145,2.6
U3329,C0039,2025,QS 2025,,,1.1,,,4.5,0.7070707070707072,
U3364,C0195,2025,QS 2025,,,1.3,,,5.4,4.666666666666667,21.4
U3387,C0245,2025,QS 2025,,,5.8,,,4.9,15.959595959595958,10.6
U3423,C0116,2025,QS 2025,,,4.2,,,3.9,9.090909090909092,2.5
U3436,C0109,2025,QS 2025,,,1.4,,,11.7,3.313131313131313,1.7
U3443,C0261,2025,QS 2025,,,1.3,,,4.0,0.585858585858586,9.9
U3444,C0267,2025,QS 2025,,,9.0,,,5.5,9.454545454545457,11.7
U3447,C0260,2025,QS 2025,,,2.6,,,7.7,27.91919191919192,2.5
U0538,C0195,2025,QS 2025,,,1.4,,,3.5,4.444444444444445,14.9
U0045,C0257,2025,QS 2025,,,3.0,,,5.7,14.424242424242426,1.1
U0323,C0245,2025,QS 2025,,,3.0,,,3.6,11.111111111111112,
U0325,C0245,2025,QS 2025,,,2.9,,,5.2,6.767676767676768,2.3
U0324,C0245,2025,QS 2025,,,2.9,,,3.7,7.373737373737373,3.4
U0348,C0011,2025,QS 2025,,,1.1,,,5.3,0.5858585858585859,3.6
U0564,C0019,2025,QS 2025,,,2.4,,,6.8,3.4343434343434347,1.0
U0682,C0047,2025,QS 2025,,,1.7,,,5.2,2.4040404040404044,1.2
U0821,C0245,2025,QS 2025,,,3.7,,,3.0,5.232323232323234,1.2
U0841,C0245,2025,QS 2025,,,4.1,,,3.4,9.555555555555555,3.1
U0861,C0108,2025,QS 2025,,,10.7,,,4.1,6.525252525252524,2.1
U0857,C0245,2025,QS 2025,,,3.0,,,6.2,2.505050505050505,2.2
U0921,C0019,2025,QS 2025,,,2.3,,,6.6,3.8585858585858586,1.3
U0934,C0195,2025,QS 2025,,,1.3,,,3.3,10.444444444444445,3.8
U1151,C0118,2025,QS 2025,,,1.0,,,7.0,0.0,1.2
U1169,C0116,2025,QS 2025,,,2.4,,,4.1,5.696969696969697,3.4
U1246,C0194,2025,QS 2025,,,1.9,,,3.6,7.01010101010101,2.9
U1344,C0118,2025,QS 2025,,,1.0,,,7.6,0.6464646464646465,6.7
U1337,C0195,2025,QS 2025,,,1.4,,,5.5,3.676767676767677,3.3
U1356,C0195,2025,QS 2025,,,1.1,,,7.1,0.6666666666666667,3.3
U1408,C0231,2025,QS 2025,,,1.9,,,6.6,4.222222222222222,1.2
U1469,C0242,2025,QS 2025,,,1.4,,,5.8,7.919191919191919,1.2
U1471,C0181,2025,QS 2025,,,1.5,,,7.0,3.171717171717172,1.2
U1548,C0245,2025,QS 2025,,,2.8,,,2.7,6.02020202020202,3.9
U1663,C0030,2025,QS 2025,,,1.5,,,4.9,3.252525252525253,1.1
U1683,C0030,2025,QS 2025,,,2.0,,,4.2,1.1313131313131313,1.2
U1665,C0030,2025,QS 2025,,,3.9,,,4.1,13.030303030303031,1.3
U1785,C0195,2025,QS 2025,,,1.3,,,7.0,3.4141414141414144,4.4
U1786,C0195,2025,QS 2025,,,1.2,,,5.1,2.747474747474748,4.0
U1809,C0257,2025,QS 2025,,,3.3,,,4.6,12.141414141414142,11.3
U1880,C0268,2025,QS 2025,,,4.3,,,5.0,12.303030303030305,1.6
U1887,C0116,2025,QS 2025,,,5.1,,,4.5,7.939393939393939,8.7
U1910,C0231,2025,QS 2025,,,2.8,,,6.3,10.666666666666668,1.2
U1934,C0267,2025,QS 2025,,,1.8,,,4.7,1.4545454545454546,2.9
U1937,C0261,2025,QS 2025,,,4.5,,,3.5,7.737373737373738,11.2
U1969,C0019,2025,QS 2025,,,1.4,,,9.7,0.7272727272727273,
U1973,C0109,2025,QS 2025,,,1.7,,,6.3,4.666666666666666,1.3
U1977,C0194,2025,QS 2025,,,4.2,,,3.8,9.333333333333334,25.5
U3033,C0014,2025,QS 2025,,,7.2,,,3.0,7.636363636363637,2.2
U2177,C0109,2025,QS 2025,,,1.4,,,6.4,4.808080808080809,3.4
U2198,C0019,2025,QS 2025,,,2.5,,,6.3,4.060606060606061,1.1
U2201,C0045,2025,QS 2025,,,2.8,,,8.6,4.0,1.7
U2208,C0152,2025,QS 2025,,,1.2,,,3.1,4.080808080808081,
U2209,C0152,2025,QS 2025,,,1.5,,,6.6,4.949494949494949,1.1
U2210,C0045,2025,QS 2025,,,3.1,,,5.3,14.040404040404042,1.4
U2224,C0152,2025,QS 2025,,,2.1,,,4.4,3.212121212121212,1.5
U2225,C0152,2025,QS 2025,,,2.4,,,5.9,9.09090909090909,1.3
U2228,C0152,2025,QS 2025,,,2.4,,,5.5,4.525252525252525,1.1
U2218,C0152,2025,QS 2025,,,1.6,,,3.5,6.98989898989899,1.2
U2229,C0045,2025,QS 2025,,,2.0,,,4.6,5.494949494949496,2.1
U2233,C0027,2025,QS 2025,,,1.1,,,3.9,2.767676767676768,2.7
U2234,C0047,2025,QS 2025,,,1.6,,,6.1,1.97979797979798,1.1
U2237,C0045,2025,QS 2025,,,2.8,,,3.4,12.12121212121212,1.1
U2241,C0066,2025,QS 2025,,,1.5,,,4.5,4.0606060606060606,1.2
U2242,C0045,2025,QS 2025,,,4.8,,,4.1,7.6767676767676765,
U2245,C0045,2025,QS 2025,,,1.7,,,4.4,3.818181818181819,1.8
U2255,C0047,2025,QS 2025,,,1.5,,,4.9,2.525252525252525,
U2256,C0265,2025,QS 2025,,,1.0,,,4.7,0.8484848484848486,
U2257,C0047,2025,QS 2025,,,3.2,,,4.8,5.373737373737374,1.1
U2262,C0047,2025,QS 2025,,,1.4,,,11.8,1.9797979797979797,
U2264,C0066,2025,QS 2025,,,2.0,,,7.2,10.06060606060606,1.4
U2266,C0152,2025,QS 2025,,,2.8,,,7.1,9.939393939393938,1.3
U2271,C0047,2025,QS 2025,,,1.3,,,6.0,1.7979797979797982,1.3
U2274,C0045,2025,QS 2025,,,5.6,,,4.0,8.323232323232324,1.3
U2276,C0066,2025,QS 2025,,,1.3,,,6.1,4.222222222222222,1.1
U2295,C0047,2025,QS 2025,,,2.2,,,6.5,2.707070707070708,1.8
U2307,C0047,2025,QS 2025,,,1.3,,,3.3,4.585858585858586,1.9
U2310,C0152,2025,QS 2025,,,1.8,,,3.6,3.797979797979798,1.5
U2278,C0047,2025,QS 2025,,,1.7,,,7.9,4.787878787878788,1.1
U2293,C0152,2025,QS 2025,,,1.1,,,3.8,1.595959595959596,1.6
U2386,C0152,2025,QS 2025,,,2.0,,,4.1,5.85858585858586,
U2407,C0011,2025,QS 2025,,,1.7,,,6.7,4.828282828282828,1.8
U2413,C0011,2025,QS 2025,,,1.6,,,7.4,12.484848484848486,
U2403,C0011,2025,QS 2025,,,1.3,,,5.1,5.070707070707071,
U2424,C0066,2025,QS 2025,,,1.5,,,6.4,2.646464646464646,1.7
U2429,C0152,2025,QS 2025,,,1.2,,,5.2,1.7777777777777777,2.0
U2433,C0186,2025,QS 2025,,,1.5,,,6.1,2.96969696969697,1.6
U2438,C0066,2025,QS 2025,,,1.6,,,6.0,6.303030303030303,1.9
U2439,C0047,2025,QS 2025,,,2.7,,,2.2,3.3737373737373737,2.3
U2440,C0054,2025,QS 2025,,,1.1,,,4.9,1.595959595959596,4.1
U2442,C0047,2025,QS 2025,,,1.9,,,3.8,4.020202020202019,1.2
U2447,C0152,2025,QS 2025,,,1.4,,,7.7,5.333333333333333,
U2324,C0030,2025,QS 2025,,,1.7,,,3.7,3.656565656565657,
U2329,C0030,2025,QS 2025,,,3.3,,,3.9,6.404040404040404,1.3
U2337,C0030,2025,QS 2025,,,3.1,,,4.1,17.353535353535353,1.1
U2339,C0030,2025,QS 2025,,,4.2,,,3.8,14.74747474747475,1.2
U2352,C0030,2025,QS 2025,,,3.5,,,3.8,12.66666666666667,1.3
U2356,C0030,2025,QS 2025,,,2.1,,,2.9,3.7373737373737375,
U2359,C0030,2025,QS 2025,,,2.6,,,3.6,14.868686868686863,1.1
U2455,C0109,2025,QS 2025,,,1.3,,,8.1,1.595959595959596,1.6
U2462,C0109,2025,QS 2025,,,1.6,,,7.1,2.383838383838384,1.1
U2464,C0109,2025,QS 2025,,,1.1,,,5.5,1.4747474747474747,1.1
U2550,C0145,2025,QS 2025,,,1.9,,,6.6,5.191919191919192,6.1
U2734,C0245,2025,QS 2025,,,1.5,,,5.6,2.0000000000000004,9.9
U2757,C0194,2025,QS 2025,,,2.1,,,4.5,9.070707070707073,
U2908,C0109,2025,QS 2025,,,1.3,,,4.7,1.1515151515151516,1.0
U2959,C0109,2025,QS 2025,,,1.1,,,6.4,1.1515151515151516,1.0
U2992,C0245,2025,QS 2025,,,6.1,,,3.0,5.313131313131313,1.9
U3040,C0194,2025,QS 2025,,,1.9,,,5.6,14.08080808080808,5.2
U3106,C0187,2025,QS 2025,,,1.8,,,7.2,2.666666666666667,2.1
U3303,C0194,2025,QS 2025,,,3.9,,,4.1,8.868686868686869,2.5
U3390,C0245,2025,QS 2025,,,3.5,,,2.6,6.121212121212121,1.6
U3049,C0244,2024,THE 2024,1.0,98.5,99.0,10.9,42.0,,99.46754210504508,97.5
U1970,C0245,2024,THE 2024,2.0,98.0,99.6,6.4,23.0,,95.96211949071925,87.0
U1289,C0245,2024,THE 2024,3.0,97.9,99.7,8.0,33.0,,96.79919590142948,93.8
U0773,C0245,2024,THE 2024,4.0,97.8,99.4,9.0,25.0,,97.91942740611874,90.8
U2718,C0244,2024,THE 2024,5.0,97.5,98.0,11.5,38.0,,99.1318318284382,97.4
U1702,C0245,2024,THE 2024,6.0,96.9,98.8,7.3,23.0,,96.27316894236438,89.1
U0321,C0245,2024,THE 2024,7.0,96.5,95.9,6.1,33.0,,95.78491000539624,90.6
U0851,C0244,2024,THE 2024,8.0,95.1,98.6,11.8,61.0,,97.17791132195586,98.3
U2705,C0245,2024,THE 2024,9.0,94.6,99.0,17.9,22.0,,96.25094502383163,86.8
U3420,C0245,2024,THE 2024,10.0,94.2,97.7,5.2,21.0,,92.73784838125424,82.4
U0599,C0227,2024,THE 2024,11.0,93.1,95.6,15.4,43.0,,96.27171108666624,95.6
U2157,C0046,2024,THE 2024,12.0,92.4,93.2,11.2,10.0,,85.58870243451122,51.7
U2738,C0245,2024,THE 2024,13.0,92.1,97.6,6.2,36.0,,90.74330858212537,82.3
U1627,C0046,2024,THE 2024,14.0,91.8,87.2,10.9,14.0,,87.77425876264618,70.2
U1016,C0245,2024,THE 2024,15.0,91.1,97.2,4.1,28.0,,91.65471004663362,84.2
U3062,C0245,2024,THE 2024,16.0,91.0,97.6,6.2,22.0,,89.11071217014904,78.8
U0467,C0245,2024,THE 2024,17.0,90.9,97.4,5.2,35.0,,91.00729441954353,86.9
U2709,C0245,2024,THE 2024,18.0,90.1,96.4,9.6,15.0,,88.80164936820843,74.3
U1480,C0205,2024,THE 2024,19.0,90.0,95.4,20.0,24.0,,93.65362969110114,91.1
U0478,C0245,2024,THE 2024,20.0,89.5,97.6,10.0,24.0,,90.32783652911364,86.0
U3228,C0039,2024,THE 2024,21.0,88.6,92.8,25.8,27.0,,92.7993365577922,90.7
U2175,C0244,2024,THE 2024,22.0,88.1,98.6,11.3,61.0,,92.31178410098848,97.9
U2971,C0245,2024,THE 2024,23.0,87.4,95.5,8.1,16.0,,84.88104373702136,69.0
U0337,C0245,2024,THE 2024,24.0,86.3,98.9,11.9,44.0,,88.46305500834143,85.5
U3272,C0245,2024,THE 2024,25.0,85.3,98.2,10.1,16.0,,84.69385954307224,73.2
U0550,C0245,2024,THE 2024,26.0,83.9,96.2,3.9,18.0,,80.57934062467298,74.8
U1501,C0245,2024,THE 2024,27.0,83.5,94.9,11.8,42.0,,85.74166143144016,80.7
U1539,C0245,2024,THE 2024,28.0,83.2,97.8,13.1,18.0,,82.75889909731404,75.9
U3226,C0116,2024,THE 2024,29.0,83.1,67.8,10.3,15.0,,75.1482287544866,49.7
U2788,C0244,2024,THE 2024,30.0,82.5,96.9,11.5,46.0,,86.89996468309923,97.0
U2071,C0086,2024,THE 2024,30.0,82.5,90.0,44.4,39.0,,85.37211272135046,83.1
U1404,C0205,2024,THE 2024,32.0,82.3,94.5,16.7,27.0,,87.0394712979166,93.3
U0456,C0227,2024,THE 2024,33.0,81.4,90.3,13.5,64.0,,82.30001559136808,95.8
U2713,C0245,2024,THE 2024,34.0,81.0,97.6,12.0,19.0,,82.10000944579616,74.3
U2851,C0269,2024,THE 2024,35.0,80.3,96.4,18.3,43.0,,83.97046697320134,96.8
U0703,C0245,2024,THE 2024,36.0,80.0,94.1,28.0,29.0,,83.81101994389715,84.8
U2966,C0014,2024,THE 2024,37.0,79.2,90.1,25.1,47.0,,83.1651614398388,92.7
U1118,C0244,2024,THE 2024,38.0,79.0,97.7,13.9,53.0,,86.01224321596025,97.5
U1224,C0086,2024,THE 2024,38.0,79.0,92.2,33.5,18.0,,80.20797074992063,76.9
U1618,C0082,2024,THE 2024,40.0,78.5,83.2,15.0,22.0,,76.44443482570043,81.6
U2697,C0039,2024,THE 2024,41.0,78.0,90.5,19.4,34.0,,83.95082116236456,95.0
U2866,C0245,2024,THE 2024,42.0,77.9,85.2,19.6,23.0,,77.37088796620021,64.0
U1878,C0046,2024,THE 2024,43.0,77.7,75.4,12.6,9.0,,74.01978838621001,60.6
U0673,C0046,2024,THE 2024,44.0,77.5,83.5,12.6,9.0,,71.68129710800615,56.1
U1159,C0022,2024,THE 2024,45.0,77.0,91.9,37.3,19.0,,79.77166819322767,79.6
U1236,C0244,2024,THE 2024,46.0,76.8,95.4,12.6,72.0,,83.63490879594576,94.1
U2591,C0086,2024,THE 2024,47.0,76.7,94.6,13.3,20.0,,74.28335263360381,76.4
U0514,C0168,2024,THE 2024,48.0,76.3,76.5,15.9,30.0,,79.89598133849941,92.8
U1296,C0039,2024,THE 2024,49.0,76.0,88.8,11.9,29.0,,80.56296246228285,92.5
U1054,C0226,2024,THE 2024,50.0,75.9,95.3,9.9,27.0,,78.63730672987745,85.7
U2945,C0244,2024,THE 2024,51.0,75.6,93.1,15.6,45.0,,79.92685715144023,95.6
U3194,C0245,2024,THE 2024,52.0,75.5,91.0,16.4,8.0,,72.09921518866965,47.3
U0400,C0269,2024,THE 2024,53.0,75.4,97.6,18.8,25.0,,77.91003989101631,93.6
U1349,C0014,2024,THE 2024,54.0,75.2,94.7,43.1,38.0,,79.70390497078922,91.1
U1177,C0116,2024,THE 2024,55.0,75.0,60.0,9.0,11.0,,66.56229109290325,45.7
U3456,C0046,2024,THE 2024,55.0,75.0,78.7,12.0,16.0,,72.45924690967641,65.5
U3120,C0046,2024,THE 2024,57.0,74.8,88.2,8.1,5.0,,65.84082416715594,45.4
U2579,C0082,2024,THE 2024,58.0,74.4,82.4,13.0,24.0,,71.95816933789375,78.6
U2707,C0245,2024,THE 2024,59.0,74.1,87.2,13.3,18.0,,74.36866556250118,78.7
U3174,C0014,2024,THE 2024,60.0,73.8,92.0,23.1,51.0,,79.22164921989973,90.2
U2644,C0168,2024,THE 2024,61.0,73.6,96.7,13.2,36.0,,78.37150529529626,93.2
U1855,C0261,2024,THE 2024,62.0,73.4,74.6,16.1,13.0,,65.90992062806701,43.7
U3282,C0245,2024,THE 2024,63.0,73.3,85.5,9.9,13.0,,69.83661414240142,62.8
U0303,C0245,2024,THE 2024,64.0,73.0,89.7,10.3,19.0,,69.25365724903968,72.1
U0808,C0269,2024,THE 2024,64.0,73.0,92.9,19.9,30.0,,77.21982298525872,95.5
U3370,C0168,2024,THE 2024,64.0,73.0,93.8,18.1,28.0,,75.54504838074249,92.4
U0191,C0014,2024,THE 2024,67.0,72.6,86.6,15.1,48.0,,78.18016277141886,94.8
U3379,C0245,2024,THE 2024,68.0,72.3,97.5,7.3,22.0,,70.57080493701227,72.7
U2715,C0245,2024,THE 2024,69.0,72.1,96.9,27.5,18.0,,77.04747570396472,84.0
U3086,C0014,2024,THE 2024,70.0,72.0,89.1,39.1,42.0,,76.82630524164927,94.0
U0907,C0082,2024,THE 2024,71.0,71.3,70.8,6.8,42.0,,70.45997402512667,97.1
U3025,C0245,2024,THE 2024,72.0,71.2,93.9,7.7,8.0,,65.80197984077094,50.9
U1398,C0046,2024,THE 2024,73.0,70.9,85.3,16.7,8.0,,66.4926385927749,61.8
U3152,C0245,2024,THE 2024,74.0,70.8,92.5,14.2,24.0,,70.23868771143616,74.3
U1940,C0082,2024,THE 2024,75.0,70.5,83.7,14.5,22.0,,69.6337435775042,78.8
U3440,C0261,2024,THE 2024,76.0,70.4,79.3,13.9,17.0,,63.56778346681472,51.8
U1210,C0168,2024,THE 2024,77.0,70.2,93.0,19.3,21.0,,75.70328868411862,87.8
U0289,C0245,2024,THE 2024,78.0,70.1,94.3,10.8,29.0,,68.2877554123026,74.1
U2830,C0168,2024,THE 2024,79.0,70.0,94.5,28.8,29.0,,74.64227144697396,93.4
U3300,C0227,2024,THE 2024,80.0,69.9,91.8,14.7,24.0,,71.56769772732059,92.4
U2696,C0244,2024,THE 2024,81.0,69.8,97.3,14.8,31.0,,74.93001510829865,92.5
U0421,C0269,2024,THE 2024,82.0,69.3,91.1,13.2,67.0,,72.3490993787547,98.7
U1148,C0261,2024,THE 2024,83.0,69.2,77.4,10.7,8.0,,61.29529939797797,41.6
U3307,C0014,2024,THE 2024,84.0,68.9,91.1,36.6,40.0,,73.9539249841735,94.5
U2976,C0245,2024,THE 2024,85.0,68.7,87.2,11.8,9.0,,62.14257748176685,48.3
U1711,C0245,2024,THE 2024,86.0,68.5,71.8,18.3,17.0,,67.77720930052944,76.7
U2823,C0244,2024,THE 2024,87.0,68.2,96.8,14.4,43.0,,73.18155618627034,96.1
U0807,C0269,2024,THE 2024,87.0,68.2,94.5,30.6,30.0,,73.71886361030838,96.3
U0823,C0086,2024,THE 2024,87.0,68.2,82.8,54.5,18.0,,70.92165348199836,79.0
U1791,C0086,2024,THE 2024,90.0,68.0,78.9,43.3,29.0,,68.39688397233658,71.2
U2687,C0086,2024,THE 2024,91.0,67.8,89.7,44.5,17.0,,68.6689746677109,73.8
U2708,C0245,2024,THE 2024,92.0,67.4,93.2,16.2,26.0,,69.43234176638947,80.9
U3330,C0245,2024,THE 2024,92.0,67.4,96.0,3.9,17.0,,63.17375469781472,62.9
U0378,C0086,2024,THE 2024,94.0,67.2,97.7,17.5,21.0,,66.99242213549716,75.2
U1232,C0195,2024,THE 2024,95.0,67.0,33.9,9.6,37.0,,60.45770485443085,73.8
U3184,C0086,2024,THE 2024,95.0,67.0,89.0,27.1,14.0,,67.38666697086538,72.0
U1157,C0226,2024,THE 2024,97.0,66.9,81.0,15.9,26.0,,68.11509552182788,82.5
U3144,C0244,2024,THE 2024,97.0,66.9,92.7,13.0,35.0,,71.11004748176899,96.5
U0586,C0168,2024,THE 2024,99.0,66.7,96.9,36.0,25.0,,73.0880507409122,90.6
U1568,C0245,2024,THE 2024,99.0,66.7,88.4,11.4,11.0,,64.07149837501271,67.3
U2679,C0244,2024,THE 2024,101.0,66.6,95.5,15.2,32.0,,71.22446125734564,95.1
U0668,C0086,2024,THE 2024,102.0,66.5,82.5,41.5,20.0,,69.55400857248054,82.4
U2755,C0058,2024,THE 2024,103.0,66.3,91.3,4.3,14.0,,67.2318767403915,80.1
U1297,C0039,2024,THE 2024,103.0,66.3,93.0,30.9,22.0,,69.60752693254248,87.3
U3129,C0244,2024,THE 2024,105.0,66.2,92.3,15.4,40.0,,69.58270062253885,92.0
U0583,C0245,2024,THE 2024,106.0,66.1,95.5,4.0,19.0,,63.09824921564,69.3
U1249,C0226,2024,THE 2024,106.0,66.1,86.6,12.0,18.0,,68.5777504757073,79.8
U3271,C0244,2024,THE 2024,106.0,66.1,89.0,14.4,44.0,,70.9814337391851,96.4
U0003,C0058,2024,THE 2024,109.0,65.9,86.3,13.5,9.0,,68.89572127703846,76.3
U2634,C0039,2024,THE 2024,109.0,65.9,80.9,22.8,27.0,,68.86156348230091,90.7
U2625,C0014,2024,THE 2024,111.0,65.8,92.8,36.4,31.0,,70.53263795026177,92.9
U2831,C0086,2024,THE 2024,111.0,65.8,90.1,27.4,14.0,,66.52397141451425,70.7
U2995,C0039,2024,THE 2024,111.0,65.8,81.7,20.5,22.0,,67.65151813987326,87.7
U2954,C0245,2024,THE 2024,114.0,65.7,92.8,17.0,9.0,,63.75003355306952,48.6
U0709,C0022,2024,THE 2024,115.0,65.6,85.3,37.6,12.0,,66.17794503494292,65.7
U2676,C0227,2024,THE 2024,116.0,65.4,93.3,18.2,16.0,,67.37476472279667,87.0
U1323,C0245,2024,THE 2024,116.0,65.4,86.2,16.1,11.0,,64.16803218479133,71.4
U2100,C0245,2024,THE 2024,118.0,65.3,77.3,20.5,6.0,,64.76629768832913,64.1
U1749,C0245,2024,THE 2024,119.0,65.2,86.5,9.8,26.0,,64.23242647767303,85.8
U3262,C0015,2024,THE 2024,119.0,65.2,77.4,37.4,31.0,,71.3026635415699,94.9
U2847,C0080,2024,THE 2024,121.0,65.1,90.6,15.9,5.0,,64.76150833562488,56.7
U1628,C0245,2024,THE 2024,122.0,65.0,83.7,14.2,15.0,,63.599620088040886,58.4
U2663,C0227,2024,THE 2024,123.0,64.9,87.7,10.4,31.0,,65.51280841193754,95.4
U2956,C0245,2024,THE 2024,123.0,64.9,87.3,13.3,14.0,,63.10736664778218,77.3
U3365,C0168,2024,THE 2024,125.0,64.7,93.4,19.2,18.0,,68.8493909143571,84.3
U2063,C0058,2024,THE 2024,126.0,64.6,83.2,7.7,28.0,,65.69554831970137,92.2
U3042,C0176,2024,THE 2024,127.0,64.3,92.1,12.5,15.0,,66.1307725583298,75.6
U2809,C0086,2024,THE 2024,128.0,64.1,86.2,34.4,17.0,,64.32106948208725,74.2
U2916,C0244,2024,THE 2024,129.0,63.9,87.3,14.4,32.0,,68.4442033361737,94.6
U3034,C0244,2024,THE 2024,130.0,63.8,90.6,16.0,27.0,,67.35978352898118,92.8
U2116,C0116,2024,THE 2024,130.0,63.8,53.8,11.8,12.0,,58.344801553346606,58.5
U2803,C0245,2024,THE 2024,132.0,63.7,78.3,16.7,9.0,,59.05537430382859,50.9
U3093,C0245,2024,THE 2024,133.0,63.6,88.3,7.3,34.0,,62.38654413050144,81.7
U2153,C0112,2024,THE 2024,134.0,63.2,87.6,22.2,34.0,,67.396903470431,91.4
U1723,C0244,2024,THE 2024,135.0,63.1,97.9,14.6,45.0,,69.18610831610785,98.1
U2840,C0086,2024,THE 2024,136.0,63.0,84.8,58.5,13.0,,62.87752770701723,65.7
U2058,C0086,2024,THE 2024,136.0,63.0,78.1,49.6,29.0,,63.35004365038158,71.3
U2748,C0245,2024,THE 2024,138.0,62.9,88.6,16.5,8.0,,61.12685019561942,56.6
U1253,C0168,2024,THE 2024,138.0,62.9,86.1,19.6,57.0,,67.69929984309366,97.4
U1051,C0086,2024,THE 2024,140.0,62.8,72.5,20.5,25.0,,63.75800538332199,77.6
U1730,C0168,2024,THE 2024,140.0,62.8,91.3,18.2,12.0,,66.59905471437744,77.7
U3309,C0226,2024,THE 2024,140.0,62.8,81.3,13.3,17.0,,64.85471206988666,74.7
U2915,C0227,2024,THE 2024,143.0,62.7,87.3,10.5,23.0,,65.96097862712709,90.4
U3276,C0014,2024,THE 2024,143.0,62.7,88.7,22.4,26.0,,68.3522641350701,93.5
U3072,C0245,2024,THE 2024,145.0,62.5,92.4,5.4,10.0,,57.89234211275902,50.9
U2000,C0261,2024,THE 2024,145.0,62.5,72.9,19.4,19.0,,58.57797364952182,61.3
U3294,C0244,2024,THE 2024,147.0,62.4,90.8,16.1,31.0,,66.9181202993571,93.1
U3189,C0014,2024,THE 2024,148.0,62.3,95.9,37.4,25.0,,68.01094738634677,94.3
U1648,C0261,2024,THE 2024,149.0,62.2,77.2,10.5,5.0,,53.35129444247686,40.0
U2653,C0170,2024,THE 2024,150.0,62.0,88.3,24.4,31.0,,65.8371207137923,89.9
U1902,C0046,2024,THE 2024,150.0,62.0,69.3,15.9,5.0,,55.405279145783496,46.1
U2660,C0216,2024,THE 2024,152.0,61.9,91.4,15.3,11.0,,61.66802940104152,65.2
U1451,C0267,2024,THE 2024,152.0,61.9,70.8,11.1,13.0,,55.79566996838347,51.2
U2577,C0082,2024,THE 2024,152.0,61.9,90.6,16.9,18.0,,60.94261049822417,73.2
U2650,C0245,2024,THE 2024,155.0,61.8,85.7,19.9,7.0,,57.58731349735091,47.0
U2685,C0114,2024,THE 2024,155.0,61.8,86.5,24.7,11.0,,56.09042145332447,54.3
U1194,C0244,2024,THE 2024,155.0,61.8,93.9,13.9,38.0,,66.62980591009274,96.8
U0817,C0046,2024,THE 2024,158.0,61.7,90.0,15.5,4.0,,53.839813156608095,32.9
U3273,C0039,2024,THE 2024,158.0,61.7,83.7,24.2,23.0,,66.14578857863228,89.3
U2746,C0086,2024,THE 2024,160.0,61.5,85.6,28.7,17.0,,61.71524156089661,73.3
U2648,C0022,2024,THE 2024,161.0,61.4,92.5,31.8,17.0,,62.78825308753983,74.7
U0509,C0245,2024,THE 2024,161.0,61.4,84.7,7.4,16.0,,54.91249264705064,60.2
U2160,C0086,2024,THE 2024,161.0,61.4,79.3,29.4,17.0,,60.54313576693716,67.9
U0338,C0245,2024,THE 2024,164.0,61.3,88.7,8.8,25.0,,57.05736630780933,65.0
U3410,C0046,2024,THE 2024,164.0,61.3,88.5,15.0,5.0,,53.70667303683389,41.0
U3265,C0245,2024,THE 2024,166.0,61.1,88.9,8.9,11.0,,56.05154123433552,60.8
U2726,C0212,2024,THE 2024,167.0,60.9,88.3,13.6,13.0,,64.82559665294242,82.9
U2486,C0022,2024,THE 2024,168.0,60.8,83.1,37.3,20.0,,64.51188818717071,83.1
U0579,C0168,2024,THE 2024,168.0,60.8,71.3,21.4,27.0,,62.9522241248856,87.3
U0769,C0046,2024,THE 2024,168.0,60.8,70.9,10.6,6.0,,51.800258464654654,33.9
U2928,C0244,2024,THE 2024,168.0,60.8,93.4,14.2,32.0,,66.11525297545542,96.4
U1495,C0244,2024,THE 2024,168.0,60.8,93.8,14.8,26.0,,65.47818804090184,91.3
U1842,C0114,2024,THE 2024,168.0,60.8,82.9,7.4,11.0,,55.12989793967687,59.3
U0555,C0244,2024,THE 2024,174.0,60.6,83.5,14.0,32.0,,65.13970680788879,95.8
U1597,C0116,2024,THE 2024,175.0,60.4,50.5,10.4,10.0,,55.13610309568852,51.0
U3290,C0086,2024,THE 2024,175.0,60.4,90.8,38.3,12.0,,58.953412418836216,63.2
U0244,C0046,2024,THE 2024,177.0,60.2,77.5,14.4,9.0,,53.43193801605538,52.3
U2799,C0244,2024,THE 2024,177.0,60.2,95.7,16.6,28.0,,67.81956044092986,95.5
U3045,C0039,2024,THE 2024,177.0,60.2,84.4,27.2,26.0,,64.31594074882112,86.9
U1256,C0014,2024,THE 2024,180.0,60.1,87.4,51.7,22.0,,64.45619400087465,88.6
U1826,C0114,2024,THE 2024,181.0,60.0,77.9,22.2,9.0,,53.35933912405415,46.5
U0160,C0245,2024,THE 2024,182.0,59.9,87.5,19.7,14.0,,61.44850300951784,71.7
U2817,C0227,2024,THE 2024,183.0,59.8,86.7,8.4,40.0,,63.04427230683281,97.1
U3243,C0168,2024,THE 2024,184.0,59.7,75.1,13.9,38.0,,62.70445297859215,93.3
U1986,C0226,2024,THE 2024,185.0,59.6,91.0,20.3,13.0,,66.61827703987086,81.2
U2142,C0046,2024,THE 2024,185.0,59.6,69.5,11.3,15.0,,58.75208120835495,67.7
U0701,C0245,2024,THE 2024,187.0,59.5,85.1,10.1,18.0,,51.40503410472581,53.2
U2947,C0086,2024,THE 2024,187.0,59.5,90.2,57.1,14.0,,59.9356335446164,63.7
U0369,C0226,2024,THE 2024,189.0,59.4,79.4,15.4,17.0,,59.7151932539531,74.1
U0334,C0244,2024,THE 2024,190.0,59.3,91.9,15.0,27.0,,64.39032976963607,92.5
U2123,C0116,2024,THE 2024,191.0,59.2,49.4,9.6,17.0,,55.736287846648224,60.1
U2161,C0245,2024,THE 2024,191.0,59.2,87.5,10.5,16.0,,53.42612412496378,62.8
U2797,C0086,2024,THE 2024,193.0,59.0,79.7,41.9,13.0,,57.42673733174098,61.0
U2937,C0277,2024,THE 2024,193.0,59.0,90.3,18.6,41.0,,63.39592944229551,93.7
U2986,C0086,2024,THE 2024,193.0,59.0,83.7,25.1,5.0,,56.43977127479607,53.5
U3161,C0244,2024,THE 2024,193.0,59.0,77.7,12.4,46.0,,62.33704609745166,95.8
U2183,C0086,2024,THE 2024,193.0,59.0,87.9,26.4,13.0,,56.84857820156164,63.0
U0858,C0245,2024,THE 2024,198.0,58.9,84.9,12.3,12.0,,54.85761806777296,64.7
U3032,C0245,2024,THE 2024,199.0,58.7,76.1,10.9,12.0,,55.575000344118855,69.9
U1724,C0014,2024,THE 2024,199.0,58.7,89.5,37.9,14.0,,62.46200767874285,82.2
U2184,C0261,2024,THE 2024,199.0,58.7,85.0,11.8,9.0,,51.7451813231568,46.5
U0001,C0058,2024,THE 2024,201.0,,83.0,14.9,12.0,,59.58698961102202,72.4
U0002,C0080,2024,THE 2024,201.0,,79.7,20.4,23.0,,59.836422004435846,81.8
U2622,C0244,2024,THE 2024,201.0,,81.8,15.3,40.0,,60.4614879111933,97.5
U0016,C0243,2024,THE 2024,201.0,,85.8,10.9,60.0,,58.74031293564944,97.8
U0195,C0216,2024,THE 2024,201.0,,84.8,13.2,13.0,,57.390328134923394,68.8
U2704,C0039,2024,THE 2024,201.0,,81.7,18.8,24.0,,60.39073873209744,85.2
U2717,C0245,2024,THE 2024,201.0,,93.3,24.2,12.0,,61.40045430323062,77.9
U0491,C0014,2024,THE 2024,201.0,,87.5,20.8,29.0,,61.9269188440743,94.7
U0672,C0086,2024,THE 2024,201.0,,81.8,18.9,14.0,,56.89113308875663,69.3
U0702,C0245,2024,THE 2024,201.0,,86.0,13.0,14.0,,54.12377601186167,66.1
U0719,C0086,2024,THE 2024,201.0,,82.4,14.5,14.0,,55.44919167368349,70.8
U2825,C0226,2024,THE 2024,201.0,,90.2,11.9,13.0,,59.37109145238841,65.7
U2843,C0245,2024,THE 2024,201.0,,75.8,11.3,10.0,,57.21873246607799,77.3
U2867,C0245,2024,THE 2024,201.0,,80.0,11.4,18.0,,50.07784726728046,61.0
U0862,C0108,2024,THE 2024,201.0,,53.9,9.6,1.0,,47.24225633654308,31.1
U2874,C0245,2024,THE 2024,201.0,,79.9,10.9,6.0,,50.41387512828052,55.8
U1109,C0200,2024,THE 2024,201.0,,86.3,8.5,15.0,,60.31193101190396,84.8
U1149,C0261,2024,THE 2024,201.0,,72.0,16.3,31.0,,54.604576868489,62.5
U2917,C0244,2024,THE 2024,201.0,,95.5,13.9,31.0,,63.31041513575235,95.1
U2570,C0022,2024,THE 2024,201.0,,83.5,51.7,30.0,,63.90236591014771,89.6
U2936,C0141,2024,THE 2024,201.0,,78.1,21.3,49.0,,60.15572912413303,93.2
U1300,C0015,2024,THE 2024,201.0,,91.6,15.5,29.0,,58.53632436944572,81.9
U1306,C0015,2024,THE 2024,201.0,,93.5,8.4,30.0,,56.56413381681975,81.7
U2970,C0245,2024,THE 2024,201.0,,83.2,10.4,14.0,,53.065966009869925,67.5
U1357,C0195,2024,THE 2024,201.0,,55.1,11.6,21.0,,52.95956647230881,72.7
U1383,C0116,2024,THE 2024,201.0,,54.3,13.0,12.0,,48.87808805808527,41.9
U3013,C0014,2024,THE 2024,201.0,,85.5,31.3,16.0,,59.77654757358534,83.4
U1524,C0245,2024,THE 2024,201.0,,93.3,14.1,32.0,,59.45690344247504,83.3
U3050,C0114,2024,THE 2024,201.0,,84.1,26.5,7.0,,51.8554873501315,53.1
U1650,C0114,2024,THE 2024,201.0,,71.9,25.7,19.0,,56.87530847797757,65.3
U1661,C0216,2024,THE 2024,201.0,,90.5,22.7,13.0,,58.96813513852045,74.7
U3078,C0086,2024,THE 2024,201.0,,80.4,38.1,16.0,,57.67661998187933,68.5
U1728,C0244,2024,THE 2024,201.0,,88.7,17.2,41.0,,63.981714625463766,98.4
U3088,C0244,2024,THE 2024,201.0,,84.1,16.6,31.0,,63.21004614793823,95.5
U1789,C0245,2024,THE 2024,201.0,,78.4,11.2,17.0,,51.96192716322177,63.7
U1825,C0114,2024,THE 2024,201.0,,80.1,7.4,20.0,,52.733588296386095,60.8
U3138,C0030,2024,THE 2024,201.0,,57.3,13.9,2.0,,52.57831535184951,42.5
U1951,C0046,2024,THE 2024,201.0,,92.8,9.0,1.0,,59.688993548405136,69.3
U2003,C0046,2024,THE 2024,201.0,,83.2,15.2,5.0,,48.71349097317595,39.1
U3172,C0244,2024,THE 2024,201.0,,92.7,17.3,34.0,,63.24444500356356,95.4
U2011,C0014,2024,THE 2024,201.0,,91.3,28.5,24.0,,59.59972141653395,85.6
U2092,C0113,2024,THE 2024,201.0,,83.0,24.2,5.0,,57.33446159305401,52.9
U2109,C0046,2024,THE 2024,201.0,,71.4,8.9,13.0,,53.20053662167392,55.3
U2111,C0168,2024,THE 2024,201.0,,80.1,32.2,21.0,,61.55739133786612,84.5
U2616,C0112,2024,THE 2024,201.0,,84.0,20.7,25.0,,61.75616884288381,88.1
U3248,C0245,2024,THE 2024,201.0,,87.0,13.3,8.0,,49.80849092496377,40.9
U3366,C0022,2024,THE 2024,201.0,,80.9,35.1,23.0,,59.15013397654775,78.5
U3389,C0039,2024,THE 2024,201.0,,75.2,33.0,24.0,,59.70820746342041,87.5
U3285,C0014,2024,THE 2024,201.0,,84.0,26.1,22.0,,61.57856750035353,91.7
U2665,C0244,2024,THE 2024,251.0,,80.5,15.8,31.0,,59.08503225584211,95.0
U0242,C0046,2024,THE 2024,251.0,,74.7,13.4,8.0,,47.86777913364162,36.8
U2675,C0176,2024,THE 2024,251.0,,84.2,13.0,11.0,,55.08637940121802,76.3
U0288,C0245,2024,THE 2024,251.0,,84.6,14.9,10.0,,48.95501692484346,57.8
U0296,C0245,2024,THE 2024,251.0,,84.6,11.6,33.0,,53.509353150599466,81.4
U2712,C0245,2024,THE 2024,251.0,,85.7,19.6,14.0,,56.50911922084951,77.0
U0511,C0014,2024,THE 2024,251.0,,91.4,32.7,18.0,,59.96952327017017,85.7
U2782,C0244,2024,THE 2024,251.0,,90.9,14.3,21.0,,59.17659049782284,88.7
U0452,C0082,2024,THE 2024,251.0,,53.9,7.9,11.0,,50.40087821502076,68.0
U0662,C0245,2024,THE 2024,251.0,,79.4,24.6,6.0,,51.82220021756841,58.8
U0736,C0014,2024,THE 2024,251.0,,82.7,31.6,15.0,,57.993223665910406,81.8
U0781,C0086,2024,THE 2024,251.0,,82.3,30.1,13.0,,52.51148379716646,66.8
U2849,C0086,2024,THE 2024,251.0,,85.7,37.7,14.0,,52.86140920333274,61.7
U0820,C0114,2024,THE 2024,251.0,,98.0,17.9,18.0,,54.015881422966665,67.1
U1012,C0086,2024,THE 2024,251.0,,82.3,24.1,11.0,,51.32220629443501,66.0
U1083,C0243,2024,THE 2024,251.0,,78.4,9.3,41.0,,59.43052498465207,97.4
U1104,C0200,2024,THE 2024,251.0,,90.7,13.9,3.0,,54.11586957011535,75.4
U2897,C0086,2024,THE 2024,251.0,,71.5,34.5,11.0,,56.657321559327286,76.4
U1181,C0261,2024,THE 2024,251.0,,71.0,17.6,30.0,,53.01047260893245,71.5
U1197,C0080,2024,THE 2024,251.0,,91.7,31.6,14.0,,55.96409382085013,64.2
U1200,C0014,2024,THE 2024,251.0,,88.1,28.2,29.0,,59.9653680201353,88.2
U2569,C0039,2024,THE 2024,251.0,,73.7,17.9,16.0,,54.30689083741899,76.2
U1217,C0226,2024,THE 2024,251.0,,86.4,14.9,15.0,,58.29585174132316,70.7
U1242,C0244,2024,THE 2024,251.0,,77.4,13.9,25.0,,56.90599096837843,91.5
U1254,C0277,2024,THE 2024,251.0,,78.9,41.8,92.0,,58.04234038446499,94.7
U2942,C0145,2024,THE 2024,251.0,,72.6,10.2,22.0,,54.29027469403451,84.7
U1301,C0015,2024,THE 2024,251.0,,89.6,12.9,44.0,,57.25977654709975,88.3
U1402,C0046,2024,THE 2024,251.0,,85.3,11.7,7.0,,47.58916084110752,49.3
U1518,C0245,2024,THE 2024,251.0,,73.3,15.9,11.0,,52.11490783786199,61.8
U3046,C0080,2024,THE 2024,251.0,,84.1,20.8,8.0,,53.2460176445198,59.5
U1714,C0193,2024,THE 2024,251.0,,83.4,8.4,36.0,,60.49235152301796,96.0
U1726,C0039,2024,THE 2024,251.0,,72.3,25.9,16.0,,53.45550986178314,76.0
U1737,C0112,2024,THE 2024,251.0,,81.7,23.9,67.0,,59.422778460448,91.6
U1758,C0014,2024,THE 2024,251.0,,83.2,24.0,34.0,,59.97063013647743,92.8
U1780,C0086,2024,THE 2024,251.0,,72.2,46.7,16.0,,54.114698144504,60.0
U1849,C0261,2024,THE 2024,251.0,,94.0,18.9,15.0,,56.59165195366049,68.6
U1851,C0101,2024,THE 2024,251.0,,76.9,12.8,37.0,,50.48578779633936,79.9
U1914,C0039,2024,THE 2024,251.0,,84.2,26.8,31.0,,60.56839492042183,92.9
U1942,C0046,2024,THE 2024,251.0,,83.2,12.6,6.0,,49.2171553000476,44.0
U3153,C0058,2024,THE 2024,251.0,,89.1,9.9,13.0,,56.54831832726346,76.9
U3156,C0245,2024,THE 2024,251.0,,87.6,19.0,13.0,,55.13419747087208,66.7
U1987,C0245,2024,THE 2024,251.0,,81.4,10.5,19.0,,52.617442317683285,78.8
U3167,C0086,2024,THE 2024,251.0,,63.1,25.3,20.0,,52.48129065444489,58.9
U3171,C0244,2024,THE 2024,251.0,,88.0,16.3,33.0,,61.54232378857783,96.8
U2507,C0227,2024,THE 2024,251.0,,84.0,14.0,67.0,,56.4620593972606,98.5
U2008,C0244,2024,THE 2024,251.0,,89.7,16.8,21.0,,58.05283287055566,89.5
U3183,C0014,2024,THE 2024,251.0,,82.0,22.5,31.0,,60.290346052795584,90.9
U2062,C0086,2024,THE 2024,251.0,,62.6,37.0,19.0,,53.16372158967135,65.4
U2169,C0015,2024,THE 2024,251.0,,57.6,19.0,31.0,,54.66080186256792,86.7
U3351,C0245,2024,THE 2024,251.0,,78.8,18.6,13.0,,53.650702133961005,65.4
U3356,C0114,2024,THE 2024,251.0,,98.3,13.9,5.0,,49.40143349611044,49.8
U3415,C0046,2024,THE 2024,251.0,,70.0,14.7,7.0,,48.74187870607423,37.8
U0239,C0046,2024,THE 2024,301.0,,68.6,12.3,4.0,,45.14918577213389,34.5
U2693,C0086,2024,THE 2024,301.0,,68.8,19.5,13.0,,50.22905854315877,65.0
U2606,C0245,2024,THE 2024,301.0,,76.1,17.2,12.0,,51.48283067222251,71.4
U0346,C0114,2024,THE 2024,301.0,,89.4,39.1,7.0,,48.85818069322383,52.3
U0390,C0267,2024,THE 2024,301.0,,92.4,14.7,7.0,,50.63148665530754,49.7
U0477,C0058,2024,THE 2024,301.0,,92.1,27.5,23.0,,60.38480128989727,91.5
U0502,C0039,2024,THE 2024,301.0,,78.9,14.7,27.0,,55.325364322367896,89.1
U0545,C0245,2024,THE 2024,301.0,,79.6,11.0,15.0,,46.10298102172053,62.2
U2781,C0244,2024,THE 2024,301.0,,84.9,18.1,25.0,,57.94025364533223,91.1
U0561,C0046,2024,THE 2024,301.0,,76.3,14.1,8.0,,48.44167545443175,56.4
U2798,C0244,2024,THE 2024,301.0,,81.0,16.0,41.0,,58.091646871836375,97.4
U0656,C0014,2024,THE 2024,301.0,,78.4,29.4,33.0,,57.11284774454551,88.9
U2813,C0112,2024,THE 2024,301.0,,76.7,26.1,16.0,,53.01190926074906,77.6
U2530,C0082,2024,THE 2024,301.0,,66.9,18.4,17.0,,50.65676890799276,71.6
U0767,C0261,2024,THE 2024,301.0,,62.0,13.2,21.0,,49.20718805424015,66.5
U0780,C0113,2024,THE 2024,301.0,,68.9,8.9,5.0,,44.443665823699845,46.8
U0806,C0269,2024,THE 2024,301.0,,77.2,10.2,55.0,,55.48466529365018,97.8
U2870,C0015,2024,THE 2024,301.0,,70.3,23.7,48.0,,54.78669274246573,94.7
U2894,C0086,2024,THE 2024,301.0,,81.6,23.9,8.0,,50.72131636634269,62.9
U1185,C0116,2024,THE 2024,301.0,,51.2,7.7,13.0,,45.28334403359377,48.8
U2923,C0022,2024,THE 2024,301.0,,72.7,29.2,20.0,,53.36658563940944,73.6
U1353,C0082,2024,THE 2024,301.0,,74.7,20.5,15.0,,51.13152701375691,68.5
U3006,C0216,2024,THE 2024,301.0,,82.3,14.3,26.0,,52.200605398062834,74.4
U1537,C0046,2024,THE 2024,301.0,,74.7,14.5,4.0,,48.89112891905479,48.4
U1544,C0176,2024,THE 2024,301.0,,74.7,15.0,9.0,,52.04280492715662,66.2
U1589,C0245,2024,THE 2024,301.0,,91.7,0.9,3.0,,40.734411125446826,34.6
U3044,C0170,2024,THE 2024,301.0,,75.8,20.6,16.0,,54.42859661600739,81.8
U3059,C0114,2024,THE 2024,301.0,,82.7,31.5,9.0,,47.516911872380206,50.4
U3096,C0114,2024,THE 2024,301.0,,74.3,24.0,20.0,,49.519346741341295,66.9
U1775,C0244,2024,THE 2024,301.0,,79.0,16.1,31.0,,55.48117506367621,94.6
U1980,C0244,2024,THE 2024,301.0,,93.5,13.1,18.0,,54.51217414342775,79.5
U1884,C0259,2024,THE 2024,301.0,,78.3,21.8,2.0,,45.57852255760129,37.0
U3145,C0014,2024,THE 2024,301.0,,82.5,30.2,17.0,,57.81793390183901,83.5
U1943,C0046,2024,THE 2024,301.0,,68.4,12.4,4.0,,49.72246310542383,47.6
U1978,C0212,2024,THE 2024,301.0,,76.9,25.7,7.0,,51.78110389681618,59.9
U3166,C0244,2024,THE 2024,301.0,,71.2,16.3,25.0,,55.64778189749059,91.9
U2010,C0226,2024,THE 2024,301.0,,78.8,4.7,8.0,,48.63199391375156,54.4
U2030,C0080,2024,THE 2024,301.0,,80.9,20.7,7.0,,50.00812641720999,49.8
U3182,C0071,2024,THE 2024,301.0,,86.5,9.0,12.0,,50.92958906427461,60.7
U2559,C0145,2024,THE 2024,301.0,,77.7,13.1,12.0,,55.46823939291225,77.8
U3192,C0245,2024,THE 2024,301.0,,84.5,17.0,3.0,,49.08925964645714,56.1
U3241,C0080,2024,THE 2024,301.0,,83.3,15.7,6.0,,49.57437093236405,52.5
U2197,C0243,2024,THE 2024,301.0,,83.2,12.6,18.0,,58.184844327853895,89.1
U2615,C0112,2024,THE 2024,301.0,,82.4,21.1,16.0,,53.53783517561896,77.2
U3378,C0245,2024,THE 2024,301.0,,74.8,18.8,6.0,,48.6030884033887,60.3
U3388,C0014,2024,THE 2024,301.0,,87.7,41.8,21.0,,57.65971610537623,87.2
U3224,C0212,2024,THE 2024,301.0,,72.4,24.4,7.0,,56.1273480722343,76.3
U3412,C0046,2024,THE 2024,301.0,,83.7,15.1,2.0,,45.55531354700828,38.4
U0041,C0082,2024,THE 2024,351.0,,71.9,17.3,14.0,,47.74307330196059,76.3
U0118,C0259,2024,THE 2024,351.0,,77.0,20.2,3.0,,43.6696431230375,38.8
U0197,C0216,2024,THE 2024,351.0,,76.3,13.4,15.0,,46.80457943664626,60.9
U2668,C0086,2024,THE 2024,351.0,,65.0,24.5,14.0,,50.64161666163578,67.7
U2688,C0082,2024,THE 2024,351.0,,72.5,21.7,14.0,,46.99925523439137,66.6
U0304,C0244,2024,THE 2024,351.0,,80.7,17.9,40.0,,55.46224911869443,98.4
U2721,C0030,2024,THE 2024,351.0,,54.0,18.9,3.0,,43.0759612116329,40.4
U2722,C0014,2024,THE 2024,351.0,,82.4,34.4,23.0,,56.222236626646776,88.3
U0405,C0046,2024,THE 2024,351.0,,75.9,20.1,2.0,,46.459336060744775,42.0
U0422,C0244,2024,THE 2024,351.0,,78.6,19.5,45.0,,56.41279306696094,95.5
U2751,C0245,2024,THE 2024,351.0,,93.7,4.5,7.0,,43.17155304785896,36.9
U2753,C0245,2024,THE 2024,351.0,,72.8,13.1,11.0,,46.766269945597,64.6
U0499,C0261,2024,THE 2024,351.0,,64.8,6.3,4.0,,41.55448368157569,34.5
U0570,C0014,2024,THE 2024,351.0,,86.9,29.8,24.0,,54.624630528287256,87.6
U2791,C0046,2024,THE 2024,351.0,,80.9,15.7,3.0,,44.4857538701289,33.9
U2802,C0114,2024,THE 2024,351.0,,78.6,24.0,10.0,,47.70303918906122,51.9
U0669,C0114,2024,THE 2024,351.0,,85.5,10.7,14.0,,50.2299810896914,78.6
U2819,C0245,2024,THE 2024,351.0,,68.2,15.7,6.0,,45.72552504068243,43.9
U0776,C0022,2024,THE 2024,351.0,,69.1,30.9,14.0,,51.44694896637947,71.6
U0784,C0244,2024,THE 2024,351.0,,65.2,18.2,36.0,,53.37932419699538,94.8
U0802,C0116,2024,THE 2024,351.0,,47.4,8.2,10.0,,41.95077250004875,47.5
U0824,C0046,2024,THE 2024,351.0,,92.0,17.8,2.0,,45.089401368936805,32.5
U0840,C0245,2024,THE 2024,351.0,,67.8,12.2,36.0,,45.55888432804058,73.2
U0927,C0245,2024,THE 2024,351.0,,69.3,17.1,8.0,,43.4314098143362,46.0
U0979,C0014,2024,THE 2024,351.0,,79.6,17.3,9.0,,52.41960370632477,77.7
U1025,C0086,2024,THE 2024,351.0,,72.5,42.4,11.0,,50.30137017587115,62.7
U2886,C0245,2024,THE 2024,351.0,,73.1,9.5,7.0,,43.15503131505312,58.6
U1152,C0257,2024,THE 2024,351.0,,68.9,19.5,9.0,,49.20840615208234,57.4
U1209,C0086,2024,THE 2024,351.0,,62.1,39.5,15.0,,47.80760547930095,58.2
U2946,C0039,2024,THE 2024,351.0,,76.3,30.0,21.0,,48.88499436367661,59.1
U1325,C0257,2024,THE 2024,351.0,,53.6,21.2,12.0,,45.466161294065074,56.0
U2972,C0114,2024,THE 2024,351.0,,87.3,21.8,7.0,,47.91399767250086,47.2
U2973,C0114,2024,THE 2024,351.0,,91.1,29.8,5.0,,46.0095984167263,47.0
U1372,C0014,2024,THE 2024,351.0,,81.4,34.0,38.0,,56.28933613205616,94.2
U3004,C0114,2024,THE 2024,351.0,,86.9,19.5,2.0,,43.101317500217306,35.4
U1635,C0195,2024,THE 2024,351.0,,67.4,10.0,33.0,,45.80564965222199,65.2
U1796,C0257,2024,THE 2024,351.0,,69.5,20.5,11.0,,50.25754791253945,66.6
U3163,C0227,2024,THE 2024,351.0,,81.4,12.9,33.0,,51.63689582471408,93.6
U3117,C0039,2024,THE 2024,351.0,,62.9,18.1,21.0,,49.708574918395264,78.9
U3128,C0243,2024,THE 2024,351.0,,93.8,18.9,51.0,,59.22069397911401,98.8
U1886,C0046,2024,THE 2024,351.0,,85.3,14.0,1.0,,47.44039500059382,42.4
U1947,C0046,2024,THE 2024,351.0,,74.8,10.7,6.0,,42.525172975698005,30.4
U3155,C0014,2024,THE 2024,351.0,,88.0,24.8,15.0,,53.40741673395641,81.8
U2073,C0113,2024,THE 2024,351.0,,66.9,22.7,13.0,,48.66111134447227,71.8
U2094,C0245,2024,THE 2024,351.0,,85.2,12.3,6.0,,42.458357768141504,43.6
U3195,C0245,2024,THE 2024,351.0,,84.9,21.6,15.0,,49.080441082432806,62.7
U3231,C0114,2024,THE 2024,351.0,,80.5,18.4,7.0,,50.729492417219504,61.1
U3236,C0116,2024,THE 2024,351.0,,52.3,12.1,16.0,,43.66248391081453,51.3
U3260,C0039,2024,THE 2024,351.0,,80.1,23.9,21.0,,55.4411848984866,88.9
U3442,C0039,2024,THE 2024,351.0,,78.3,29.1,28.0,,53.23609114807125,79.5
U0172,C0267,2024,THE 2024,401.0,,80.6,29.5,4.0,,48.826169465733024,49.2
U0174,C0244,2024,THE 2024,401.0,,82.5,19.0,25.0,,55.24911528285042,95.2
U0184,C0170,2024,THE 2024,401.0,,84.0,17.7,46.0,,52.26148091272783,92.4
U0190,C0014,2024,THE 2024,401.0,,97.0,38.4,14.0,,55.84031148336124,80.7
U0227,C0244,2024,THE 2024,401.0,,72.7,14.8,23.0,,49.87435918375528,88.2
U0234,C0195,2024,THE 2024,401.0,,22.1,6.6,18.0,,36.87042968990709,59.3
U0287,C0014,2024,THE 2024,401.0,,82.5,11.2,34.0,,50.34743483851752,82.3
U0291,C0244,2024,THE 2024,401.0,,86.7,19.1,21.0,,52.22794241347982,89.0
U2694,C0114,2024,THE 2024,401.0,,89.3,24.2,6.0,,41.37704971940632,44.9
U2533,C0032,2024,THE 2024,401.0,,76.0,11.3,14.0,,49.76621441274973,75.7
U2711,C0245,2024,THE 2024,401.0,,86.8,19.6,9.0,,45.50410937146886,55.0
U0326,C0114,2024,THE 2024,401.0,,76.9,18.4,1.0,,39.28884195131337,31.0
U2729,C0114,2024,THE 2024,401.0,,81.2,22.2,3.0,,38.26968709917705,34.9
U0354,C0082,2024,THE 2024,401.0,,50.6,14.8,39.0,,47.13817181270656,87.8
U2732,C0245,2024,THE 2024,401.0,,74.7,39.1,4.0,,43.58603029530042,39.9
U0379,C0014,2024,THE 2024,401.0,,73.9,33.6,27.0,,52.42564527261357,81.6
U0381,C0057,2024,THE 2024,401.0,,61.9,13.4,23.0,,44.91473125572728,64.7
U0412,C0261,2024,THE 2024,401.0,,52.0,22.4,23.0,,44.1005371499941,62.6
U0428,C0082,2024,THE 2024,401.0,,65.0,12.7,14.0,,42.49397128634331,63.7
U2744,C0189,2024,THE 2024,401.0,,59.9,18.4,15.0,,44.44951939803342,54.3
U0466,C0245,2024,THE 2024,401.0,,74.4,16.2,5.0,,43.69779240111167,46.6
U0476,C0086,2024,THE 2024,401.0,,48.9,22.1,83.0,,49.29732575461594,93.5
U0503,C0046,2024,THE 2024,401.0,,68.1,14.5,3.0,,41.91697232831862,40.2
U2769,C0245,2024,THE 2024,401.0,,72.5,16.1,11.0,,46.95515909746141,62.3
U0549,C0112,2024,THE 2024,401.0,,77.1,26.1,12.0,,52.9754719895185,73.9
U0435,C0082,2024,THE 2024,401.0,,55.7,8.7,39.0,,45.868845274281455,82.7
U0640,C0082,2024,THE 2024,401.0,,65.7,22.9,15.0,,46.48913568785498,72.6
U0661,C0245,2024,THE 2024,401.0,,74.2,22.4,9.0,,43.44171253161007,51.0
U2810,C0227,2024,THE 2024,401.0,,63.2,16.0,15.0,,49.821945202394375,83.1
U2818,C0114,2024,THE 2024,401.0,,78.0,16.5,7.0,,43.20660365631205,47.3
U0700,C0245,2024,THE 2024,401.0,,82.7,18.3,11.0,,47.29864930327007,59.9
U0706,C0245,2024,THE 2024,401.0,,72.6,15.7,7.0,,42.37445661499861,57.1
U0721,C0244,2024,THE 2024,401.0,,75.4,14.5,38.0,,48.92183640397522,81.0
U2829,C0086,2024,THE 2024,401.0,,73.8,21.1,8.0,,45.10677895673728,57.1
U2834,C0039,2024,THE 2024,401.0,,66.2,27.3,10.0,,47.83066547043607,64.5
U0753,C0261,2024,THE 2024,401.0,,50.3,9.5,7.0,,39.677502939935934,43.9
U0813,C0195,2024,THE 2024,401.0,,57.3,18.6,12.0,,45.97805272696961,51.4
U2857,C0244,2024,THE 2024,401.0,,74.3,18.0,21.0,,49.1715462247105,85.4
U0848,C0200,2024,THE 2024,401.0,,65.8,10.5,3.0,,42.27920072406872,69.8
U0852,C0082,2024,THE 2024,401.0,,43.6,9.4,37.0,,45.85671049426058,84.8
U0891,C0082,2024,THE 2024,401.0,,60.2,10.8,13.0,,43.05899467114474,60.3
U0932,C0259,2024,THE 2024,401.0,,75.2,32.7,1.0,,41.54144826964836,24.3
U2880,C0212,2024,THE 2024,401.0,,66.8,26.5,13.0,,52.060318741011606,81.0
U1014,C0015,2024,THE 2024,401.0,,58.2,20.8,16.0,,46.66039979432946,71.7
U2883,C0080,2024,THE 2024,401.0,,78.2,13.8,3.0,,46.88915236192406,49.7
U2535,C0145,2024,THE 2024,401.0,,58.7,10.1,18.0,,43.60681602206986,74.9
U2890,C0244,2024,THE 2024,401.0,,77.6,18.0,27.0,,54.62178352220543,93.5
U2891,C0245,2024,THE 2024,401.0,,71.8,11.3,3.0,,42.46449303426431,46.8
U1117,C0200,2024,THE 2024,401.0,,84.5,11.9,6.0,,48.05996531139748,77.2
U2925,C0112,2024,THE 2024,401.0,,64.1,27.1,15.0,,48.09498784543759,76.1
U1214,C0170,2024,THE 2024,401.0,,68.4,14.5,33.0,,50.18753222190405,92.0
U2927,C0189,2024,THE 2024,401.0,,69.9,18.0,16.0,,48.08874111086495,56.9
U2950,C0086,2024,THE 2024,401.0,,68.8,32.7,14.0,,45.5928675165135,62.3
U1294,C0112,2024,THE 2024,401.0,,77.0,28.5,12.0,,50.803482947210654,74.8
U1341,C0245,2024,THE 2024,401.0,,69.6,21.6,9.0,,46.86955784315823,72.4
U1343,C0245,2024,THE 2024,401.0,,66.0,12.3,3.0,,39.78641436748478,53.6
U2987,C0114,2024,THE 2024,401.0,,79.6,27.0,5.0,,40.04879309283204,40.2
U1437,C0195,2024,THE 2024,401.0,,42.4,9.2,28.0,,46.39034147323101,78.8
U1452,C0267,2024,THE 2024,401.0,,63.8,18.5,19.0,,45.49099068396212,56.4
U1458,C0267,2024,THE 2024,401.0,,58.4,16.2,12.0,,44.17218909323034,46.2
U1487,C0267,2024,THE 2024,401.0,,52.9,14.6,9.0,,42.34618923485805,41.4
U3007,C0245,2024,THE 2024,401.0,,71.5,16.6,9.0,,47.14737299425792,65.9
U3009,C0227,2024,THE 2024,401.0,,67.2,11.8,21.0,,48.1812561335781,85.9
U1496,C0245,2024,THE 2024,401.0,,69.2,14.5,24.0,,49.14654530844221,93.6
U3041,C0245,2024,THE 2024,401.0,,79.4,13.0,6.0,,43.80424488914788,43.2
U3055,C0086,2024,THE 2024,401.0,,66.5,58.2,13.0,,46.55777691682911,58.2
U3070,C0114,2024,THE 2024,401.0,,80.5,20.9,5.0,,44.513800327146285,43.2
U3073,C0244,2024,THE 2024,401.0,,79.5,17.1,16.0,,48.37280003510131,80.6
U1659,C0114,2024,THE 2024,401.0,,73.5,31.9,15.0,,44.227385639826416,53.2
U1676,C0045,2024,THE 2024,401.0,,67.6,15.0,3.0,,45.67486482170153,57.9
U3076,C0189,2024,THE 2024,401.0,,71.1,16.9,17.0,,47.34172741697182,57.9
U3077,C0244,2024,THE 2024,401.0,,84.5,16.8,29.0,,52.344540662683606,94.7
U1701,C0200,2024,THE 2024,401.0,,87.0,17.4,11.0,,51.23305344920461,85.8
U1719,C0181,2024,THE 2024,401.0,,84.2,20.3,1.0,,44.48457296792246,53.7
U2527,C0039,2024,THE 2024,401.0,,57.2,18.4,11.0,,46.13907760935736,74.3
U1743,C0245,2024,THE 2024,401.0,,60.9,15.3,20.0,,46.521431094741246,78.7
U1777,C0244,2024,THE 2024,401.0,,75.6,10.3,32.0,,50.03556649059864,95.1
U2551,C0145,2024,THE 2024,401.0,,60.0,12.1,28.0,,43.28628654006268,71.9
U1800,C0245,2024,THE 2024,401.0,,80.9,7.3,6.0,,36.53898103811503,42.0
U1924,C0244,2024,THE 2024,401.0,,60.2,14.9,45.0,,49.75431939058481,80.4
U3149,C0245,2024,THE 2024,401.0,,75.1,16.9,5.0,,43.24184533661375,59.2
U1979,C0245,2024,THE 2024,401.0,,74.6,18.6,30.0,,48.67665852792988,80.8
U3164,C0244,2024,THE 2024,401.0,,82.4,18.7,28.0,,54.14174564994079,91.4
U1999,C0242,2024,THE 2024,401.0,,68.9,12.0,24.0,,36.460122973510096,63.2
U2015,C0245,2024,THE 2024,401.0,,73.3,14.1,21.0,,43.91492761077766,56.5
U2021,C0267,2024,THE 2024,401.0,,60.9,8.9,10.0,,40.42337517794973,48.5
U3190,C0259,2024,THE 2024,401.0,,71.9,26.6,2.0,,38.045522862013215,33.6
U2556,C0145,2024,THE 2024,401.0,,65.0,12.7,26.0,,45.53334727340472,71.5
U2125,C0116,2024,THE 2024,401.0,,53.4,4.4,12.0,,35.108124159411204,39.0
U2159,C0086,2024,THE 2024,401.0,,62.3,56.0,15.0,,48.01913291381868,57.3
U2162,C0245,2024,THE 2024,401.0,,73.1,7.7,9.0,,40.45834784140814,50.7
U3240,C0114,2024,THE 2024,401.0,,84.5,29.5,6.0,,45.73961365769728,45.5
U2190,C0226,2024,THE 2024,401.0,,80.2,13.8,12.0,,50.87367703474875,64.9
U2565,C0145,2024,THE 2024,401.0,,69.7,11.5,30.0,,47.84776977692545,78.7
U3250,C0080,2024,THE 2024,401.0,,90.3,18.8,4.0,,51.07699738254074,65.3
U3338,C0114,2024,THE 2024,401.0,,84.1,26.0,4.0,,43.6918968928448,46.0
U3339,C0014,2024,THE 2024,401.0,,73.1,40.0,19.0,,49.33852904243531,75.5
U3340,C0170,2024,THE 2024,401.0,,69.4,19.4,17.0,,51.54796117808576,80.3
U3350,C0245,2024,THE 2024,401.0,,82.8,10.6,3.0,,39.41712472381352,36.5
U3266,C0170,2024,THE 2024,401.0,,74.3,20.7,26.0,,53.74716368470203,89.8
U3372,C0245,2024,THE 2024,401.0,,80.6,4.1,9.0,,38.634879181586086,38.7
U3450,C0243,2024,THE 2024,401.0,,85.7,14.4,2.0,,50.663434152696325,74.5
U0012,C0244,2024,THE 2024,501.0,,68.5,15.6,23.0,,47.14284306334443,87.3
U0282,C0080,2024,THE 2024,501.0,,59.3,18.2,13.0,,44.14084797947029,68.1
U0044,C0261,2024,THE 2024,501.0,,52.8,14.9,17.0,,40.45204768253065,48.0
U2633,C0245,2024,THE 2024,501.0,,63.1,7.9,6.0,,45.493859130840335,70.1
U0069,C0200,2024,THE 2024,501.0,,72.7,10.8,32.0,,46.878318836867365,97.7
U0110,C0132,2024,THE 2024,501.0,,73.5,8.7,20.0,,42.54505273997624,72.9
U0133,C0244,2024,THE 2024,501.0,,84.8,24.1,41.0,,50.37787626803061,94.2
U0143,C0108,2024,THE 2024,501.0,,72.4,13.1,1.0,,33.90839598606495,20.4
U2909,C0114,2024,THE 2024,501.0,,73.2,31.7,5.0,,36.19264311547991,36.4
U0183,C0245,2024,THE 2024,501.0,,59.6,18.2,8.0,,38.62694786377765,57.7
U0206,C0259,2024,THE 2024,501.0,,94.4,26.7,0.0,,39.431261316091046,25.3
U0229,C0113,2024,THE 2024,501.0,,54.1,19.0,4.0,,38.6800340911032,46.8
U0249,C0132,2024,THE 2024,501.0,,47.3,10.4,21.0,,41.59471028781296,88.2
U0257,C0113,2024,THE 2024,501.0,,59.0,21.3,2.0,,35.39752527721824,34.5
U2690,C0244,2024,THE 2024,501.0,,73.8,19.5,31.0,,49.15661430918949,90.1
U0298,C0244,2024,THE 2024,501.0,,74.4,0.3,26.0,,49.85940049685314,93.1
U0319,C0114,2024,THE 2024,501.0,,52.8,29.5,7.0,,43.34586459040154,63.0
U2701,C0114,2024,THE 2024,501.0,,69.6,16.1,5.0,,34.98608622616467,43.2
U2723,C0170,2024,THE 2024,501.0,,62.4,22.0,18.0,,48.85094922196325,85.1
U0335,C0039,2024,THE 2024,501.0,,67.0,29.4,21.0,,48.530683781586944,77.2
U0358,C0014,2024,THE 2024,501.0,,76.0,25.6,11.0,,46.09805970742956,65.3
U0396,C0046,2024,THE 2024,501.0,,56.6,18.6,7.0,,37.20212686540555,30.1
U0472,C0216,2024,THE 2024,501.0,,58.8,11.8,10.0,,37.65671238010301,46.7
U0474,C0039,2024,THE 2024,501.0,,66.2,34.6,34.0,,49.55893237437772,86.6
U2760,C0082,2024,THE 2024,501.0,,65.6,20.5,20.0,,44.09499286803299,80.6
U2759,C0089,2024,THE 2024,501.0,,76.5,26.5,4.0,,41.40081429538685,47.4
U2763,C0056,2024,THE 2024,501.0,,75.3,20.0,14.0,,48.407083868553656,77.7
U2771,C0245,2024,THE 2024,501.0,,64.2,13.6,5.0,,32.91751088321796,31.2
U0537,C0046,2024,THE 2024,501.0,,72.8,14.7,6.0,,36.5475891032708,39.9
U2784,C0080,2024,THE 2024,501.0,,69.7,18.5,5.0,,42.4310555792115,48.5
U0569,C0244,2024,THE 2024,501.0,,77.9,22.4,34.0,,49.20805350428732,93.7
U0584,C0082,2024,THE 2024,501.0,,48.1,8.6,18.0,,39.27289473708526,68.9
U2801,C0114,2024,THE 2024,501.0,,74.3,34.8,5.0,,39.64320631308021,44.7
U2826,C0216,2024,THE 2024,501.0,,65.7,14.7,9.0,,39.76558386380351,52.6
U2827,C0015,2024,THE 2024,501.0,,66.9,12.6,17.0,,44.56444206676674,81.3
U0733,C0015,2024,THE 2024,501.0,,51.5,8.2,24.0,,39.60565826644694,81.5
U2828,C0244,2024,THE 2024,501.0,,81.2,21.8,46.0,,50.61082566422107,97.2
U0764,C0086,2024,THE 2024,501.0,,53.0,26.4,23.0,,36.83674276348837,61.4
U2853,C0245,2024,THE 2024,501.0,,65.8,26.3,7.0,,40.98616611386134,50.8
U2856,C0244,2024,THE 2024,501.0,,66.3,19.8,26.0,,47.77172460266,88.4
U2862,C0107,2024,THE 2024,501.0,,70.6,17.0,12.0,,45.94435182257311,55.8
U0959,C0257,2024,THE 2024,501.0,,51.8,25.8,14.0,,39.03195775580298,45.8
U0982,C0108,2024,THE 2024,501.0,,75.7,11.2,4.0,,33.36700888783793,39.7
U1006,C0046,2024,THE 2024,501.0,,73.5,15.0,30.0,,42.74317481998557,63.1
U1074,C0244,2024,THE 2024,501.0,,73.3,15.8,15.0,,48.02571677826187,81.3
U1112,C0200,2024,THE 2024,501.0,,70.3,8.3,16.0,,47.078475068014114,91.0
U2896,C0015,2024,THE 2024,501.0,,72.4,10.0,31.0,,46.5435552721106,87.6
U2901,C0212,2024,THE 2024,501.0,,63.7,27.6,2.0,,44.23829012088889,55.9
U1182,C0261,2024,THE 2024,501.0,,51.5,20.1,14.0,,40.788750395559006,50.2
U1202,C0132,2024,THE 2024,501.0,,76.4,10.1,17.0,,43.71793620702077,84.2
U1212,C0086,2024,THE 2024,501.0,,85.3,22.5,7.0,,45.673532886260745,59.8
U2926,C0244,2024,THE 2024,501.0,,82.2,16.1,13.0,,47.44003749604382,80.2
U1222,C0244,2024,THE 2024,501.0,,77.7,18.1,16.0,,47.02978005794132,83.0
U1260,C0108,2024,THE 2024,501.0,,62.3,20.5,2.0,,38.80861727166789,28.1
U1270,C0244,2024,THE 2024,501.0,,77.4,17.4,19.0,,45.93662377772949,80.6
U1291,C0170,2024,THE 2024,501.0,,60.5,17.4,27.0,,47.42436569536069,87.5
U1313,C0039,2024,THE 2024,501.0,,60.9,15.1,23.0,,45.17446458955338,85.7
U2968,C0114,2024,THE 2024,501.0,,79.1,21.1,3.0,,38.784694555006695,34.1
U1327,C0244,2024,THE 2024,501.0,,80.0,18.3,50.0,,49.84211862266314,93.4
U2991,C0022,2024,THE 2024,501.0,,63.9,28.1,18.0,,46.86781699263903,71.5
U1403,C0082,2024,THE 2024,501.0,,67.2,24.5,9.0,,40.07953208743116,55.0
U1418,C0267,2024,THE 2024,501.0,,47.2,15.9,11.0,,37.75242954429921,40.8
U1412,C0089,2024,THE 2024,501.0,,77.3,34.0,11.0,,42.93154856353416,56.6
U1449,C0267,2024,THE 2024,501.0,,51.4,12.3,12.0,,37.60890035177832,50.4
U1488,C0267,2024,THE 2024,501.0,,74.6,21.5,6.0,,40.63176893938397,43.2
U1490,C0118,2024,THE 2024,501.0,,65.9,13.9,3.0,,46.59568922008641,74.3
U3008,C0245,2024,THE 2024,501.0,,77.8,2.0,7.0,,35.45637327436237,41.3
U3021,C0056,2024,THE 2024,501.0,,76.1,13.0,54.0,,49.40539435748839,91.2
U1534,C0244,2024,THE 2024,501.0,,75.8,16.1,22.0,,49.912716176237474,90.0
U1547,C0244,2024,THE 2024,501.0,,84.6,15.4,21.0,,47.88887652193229,88.5
U1549,C0189,2024,THE 2024,501.0,,61.5,17.8,20.0,,44.45162355751712,62.0
U1655,C0114,2024,THE 2024,501.0,,76.9,43.0,1.0,,41.33622596922054,42.5
U3079,C0212,2024,THE 2024,501.0,,56.7,22.1,6.0,,43.12565908238177,61.4
U1712,C0261,2024,THE 2024,501.0,,45.1,16.9,10.0,,36.320299129671874,37.8
U2548,C0145,2024,THE 2024,501.0,,51.2,11.3,27.0,,44.08812198121582,80.7
U1765,C0216,2024,THE 2024,501.0,,68.1,13.3,13.0,,40.831375883387466,58.9
U1782,C0245,2024,THE 2024,501.0,,78.0,2.1,1.0,,31.366847927870225,28.9
U3104,C0114,2024,THE 2024,501.0,,79.2,26.5,2.0,,39.14221438602574,37.4
U1841,C0082,2024,THE 2024,501.0,,60.1,42.6,32.0,,45.23574155647815,84.6
U1881,C0046,2024,THE 2024,501.0,,62.7,13.0,6.0,,42.460018896804456,42.9
U1893,C0259,2024,THE 2024,501.0,,77.7,12.9,0.0,,36.94154975924354,33.7
U1896,C0108,2024,THE 2024,501.0,,85.2,15.3,1.0,,45.48858244423326,70.0
U3133,C0114,2024,THE 2024,501.0,,75.9,18.1,10.0,,41.47587686519826,48.7
U1933,C0046,2024,THE 2024,501.0,,79.8,15.8,3.0,,37.63222118619346,30.6
U1944,C0014,2024,THE 2024,501.0,,65.4,48.7,23.0,,45.3514269726593,73.7
U3218,C0014,2024,THE 2024,501.0,,70.2,29.8,13.0,,45.73429942008213,69.1
U3176,C0259,2024,THE 2024,501.0,,80.1,26.7,4.0,,39.720728296234,40.8
U2017,C0259,2024,THE 2024,501.0,,73.1,9.3,2.0,,30.626455649428333,30.2
U2020,C0200,2024,THE 2024,501.0,,84.1,19.4,3.0,,46.447785038981856,75.6
U3197,C0245,2024,THE 2024,501.0,,79.2,26.4,3.0,,39.45233228837289,42.8
U2139,C0195,2024,THE 2024,501.0,,31.8,11.6,37.0,,42.63660316376601,79.1
U3232,C0114,2024,THE 2024,501.0,,74.2,26.0,7.0,,41.48229263853592,52.0
U2158,C0086,2024,THE 2024,501.0,,61.5,19.6,18.0,,39.02919295918362,60.6
U3237,C0245,2024,THE 2024,501.0,,71.9,10.8,9.0,,34.83571955182433,44.6
U2182,C0176,2024,THE 2024,501.0,,68.8,10.6,8.0,,41.516718976287024,65.6
U3246,C0261,2024,THE 2024,501.0,,69.0,10.8,4.0,,34.167260908407926,25.2
U3252,C0216,2024,THE 2024,501.0,,75.7,13.7,9.0,,41.53449055352864,49.2
U3381,C0245,2024,THE 2024,501.0,,70.2,13.0,5.0,,35.3061270712372,41.8
U3222,C0244,2024,THE 2024,501.0,,82.6,15.9,25.0,,45.23850398394873,78.6
U3281,C0039,2024,THE 2024,501.0,,56.7,34.1,35.0,,47.87720479203932,90.8
U3291,C0086,2024,THE 2024,501.0,,67.3,35.4,10.0,,42.521586202911486,55.0
U3424,C0046,2024,THE 2024,501.0,,64.9,12.5,13.0,,38.80671780663828,54.0
U0010,C0181,2024,THE 2024,601.0,,80.4,22.8,0.0,,36.1368802238694,49.0
U0040,C0181,2024,THE 2024,601.0,,81.5,12.8,0.0,,36.35459705955943,48.7
U2630,C0116,2024,THE 2024,601.0,,58.6,11.5,12.0,,38.10028952656424,82.6
U2631,C0245,2024,THE 2024,601.0,,64.4,21.6,4.0,,33.313965779020066,39.3
U0053,C0108,2024,THE 2024,601.0,,64.8,15.8,0.0,,30.269434287311363,44.4
U0076,C0108,2024,THE 2024,601.0,,61.6,12.0,1.0,,28.402084964640338,38.2
U0104,C0114,2024,THE 2024,601.0,,71.3,40.8,7.0,,38.82130714324653,48.2
U0106,C0245,2024,THE 2024,601.0,,57.2,12.0,12.0,,30.66336153828641,46.5
U0116,C0243,2024,THE 2024,601.0,,57.9,12.5,74.0,,45.88461148554323,88.6
U2651,C0245,2024,THE 2024,601.0,,62.6,18.6,4.0,,36.87773424940736,36.2
U2654,C0189,2024,THE 2024,601.0,,57.3,16.3,11.0,,38.06820201248291,48.6
U0207,C0259,2024,THE 2024,601.0,,70.5,11.7,0.0,,25.966839545821863,21.0
U0220,C0108,2024,THE 2024,601.0,,66.4,8.0,3.0,,27.963012517658157,25.0
U2662,C0114,2024,THE 2024,601.0,,78.3,20.0,2.0,,37.52334091295101,37.5
U3207,C0216,2024,THE 2024,601.0,,65.8,13.8,5.0,,36.83387917336513,46.2
U0237,C0245,2024,THE 2024,601.0,,61.3,19.0,6.0,,31.392783591787325,38.6
U2670,C0189,2024,THE 2024,601.0,,65.4,17.4,18.0,,37.293494864739735,52.3
U0264,C0108,2024,THE 2024,601.0,,48.0,18.2,0.0,,32.196702936202165,31.1
U0271,C0257,2024,THE 2024,601.0,,48.8,14.8,8.0,,38.39430160017284,70.0
U0277,C0244,2024,THE 2024,601.0,,77.8,17.2,26.0,,42.86409333043635,81.9
U0283,C0257,2024,THE 2024,601.0,,57.4,23.5,2.0,,36.69623814474992,50.6
U2720,C0114,2024,THE 2024,601.0,,79.0,28.9,2.0,,29.92043545523063,31.6
U0329,C0257,2024,THE 2024,601.0,,83.4,24.0,1.0,,39.02264084133401,51.0
U2725,C0087,2024,THE 2024,601.0,,71.0,38.6,0.0,,38.57069254459443,46.9
U0331,C0046,2024,THE 2024,601.0,,65.8,4.9,5.0,,30.47316035183091,26.4
U0332,C0181,2024,THE 2024,601.0,,82.0,28.0,0.0,,37.88929301828677,46.6
U0341,C0245,2024,THE 2024,601.0,,45.6,11.2,6.0,,29.82712795225256,51.7
U0343,C0261,2024,THE 2024,601.0,,42.9,17.9,7.0,,35.03835651865244,36.2
U0371,C0267,2024,THE 2024,601.0,,47.2,12.3,5.0,,32.36692106349288,28.5
U0411,C0231,2024,THE 2024,601.0,,50.2,12.7,3.0,,35.816311177077694,44.1
U0427,C0245,2024,THE 2024,601.0,,66.8,12.2,27.0,,41.39733034365712,70.5
U0473,C0181,2024,THE 2024,601.0,,88.2,16.0,1.0,,40.90506079318675,50.0
U2758,C0216,2024,THE 2024,601.0,,62.6,12.9,11.0,,35.21576998768493,52.3
U0482,C0244,2024,THE 2024,601.0,,69.6,14.9,48.0,,45.24749431125919,95.6
U0495,C0056,2024,THE 2024,601.0,,63.3,15.3,14.0,,39.58528891757455,71.2
U2768,C0101,2024,THE 2024,601.0,,40.7,12.0,24.0,,31.545624486649885,59.7
U0520,C0244,2024,THE 2024,601.0,,71.0,18.5,37.0,,45.37732863929149,93.9
U2772,C0244,2024,THE 2024,601.0,,71.8,15.8,18.0,,39.85036148353537,75.0
U0556,C0251,2024,THE 2024,601.0,,87.5,24.3,0.0,,40.03372554354373,52.5
U0562,C0046,2024,THE 2024,601.0,,60.2,18.0,2.0,,30.522864737738903,23.2
U0563,C0258,2024,THE 2024,601.0,,73.8,25.4,75.0,,41.85219506253759,75.5
U0433,C0082,2024,THE 2024,601.0,,32.6,16.4,24.0,,35.415249234569494,79.2
U0434,C0082,2024,THE 2024,601.0,,34.5,9.8,24.0,,36.91476440011861,70.6
U0437,C0082,2024,THE 2024,601.0,,31.3,14.8,14.0,,38.15156003826934,67.7
U0577,C0260,2024,THE 2024,601.0,,62.4,18.4,3.0,,38.99563372988382,51.5
U2795,C0181,2024,THE 2024,601.0,,82.6,19.4,2.0,,36.80614129797559,48.5
U2335,C0030,2024,THE 2024,601.0,,38.1,12.8,4.0,,31.18843005821496,38.6
U0609,C0261,2024,THE 2024,601.0,,44.5,16.7,15.0,,36.99545701507677,49.6
U0632,C0030,2024,THE 2024,601.0,,36.7,13.5,1.0,,31.61924661400665,35.9
U2362,C0030,2024,THE 2024,601.0,,54.1,16.5,1.0,,29.52902732014708,34.1
U0644,C0014,2024,THE 2024,601.0,,71.3,16.8,38.0,,44.6125279686897,85.8
U2804,C0114,2024,THE 2024,601.0,,65.5,33.2,1.0,,33.31448474105903,30.3
U0687,C0114,2024,THE 2024,601.0,,71.7,31.7,2.0,,34.38258229777248,40.6
U0715,C0244,2024,THE 2024,601.0,,66.7,24.1,18.0,,38.98319913408561,75.6
U0725,C0181,2024,THE 2024,601.0,,83.4,26.5,0.0,,38.13585092349301,48.2
U0738,C0046,2024,THE 2024,601.0,,79.6,19.0,0.0,,34.4173272860337,28.4
U0755,C0257,2024,THE 2024,601.0,,50.4,19.9,3.0,,29.033917515668904,27.5
U2838,C0113,2024,THE 2024,601.0,,68.4,18.4,3.0,,38.06381967953804,34.5
U2839,C0200,2024,THE 2024,601.0,,72.3,11.2,3.0,,39.23598233306806,76.8
U0770,C0089,2024,THE 2024,601.0,,72.9,44.9,3.0,,39.64672509129693,41.1
U2848,C0244,2024,THE 2024,601.0,,67.2,16.3,40.0,,42.74631536360049,91.6
U0795,C0116,2024,THE 2024,601.0,,44.7,7.6,10.0,,32.85268422068498,51.5
U0844,C0200,2024,THE 2024,601.0,,70.6,11.3,4.0,,40.12560101454531,75.3
U0847,C0259,2024,THE 2024,601.0,,72.4,25.8,5.0,,31.968812383389015,26.9
U0871,C0108,2024,THE 2024,601.0,,52.0,18.0,1.0,,28.38328730906468,28.6
U0874,C0108,2024,THE 2024,601.0,,59.7,16.7,0.0,,28.315293923822814,18.4
U0881,C0108,2024,THE 2024,601.0,,70.6,18.8,1.0,,32.65410063049445,22.3
U2871,C0114,2024,THE 2024,601.0,,80.4,27.5,5.0,,39.8342506795844,42.4
U0915,C0108,2024,THE 2024,601.0,,71.7,18.3,7.0,,35.74129847784797,39.5
U0931,C0259,2024,THE 2024,601.0,,54.5,8.3,10.0,,27.47229239048604,38.3
U0936,C0189,2024,THE 2024,601.0,,56.3,26.7,17.0,,41.7033621751136,53.0
U0938,C0259,2024,THE 2024,601.0,,62.0,22.7,1.0,,33.82050080346127,33.0
U0963,C0195,2024,THE 2024,601.0,,40.0,14.6,18.0,,39.61610870014686,67.1
U0977,C0188,2024,THE 2024,601.0,,55.7,8.8,11.0,,35.68327139075406,43.4
U0981,C0108,2024,THE 2024,601.0,,74.8,18.5,3.0,,33.9331439957016,41.9
U0990,C0108,2024,THE 2024,601.0,,51.8,16.1,1.0,,27.240797770100315,23.7
U1001,C0046,2024,THE 2024,601.0,,77.5,9.4,6.0,,37.49482856282721,55.1
U1010,C0226,2024,THE 2024,601.0,,78.3,13.0,13.0,,42.98048818821788,65.7
U2881,C0117,2024,THE 2024,601.0,,62.7,10.3,20.0,,35.41941597497591,67.1
U1021,C0200,2024,THE 2024,601.0,,58.3,9.6,3.0,,38.93847813416646,76.7
U1024,C0116,2024,THE 2024,601.0,,59.3,5.0,3.0,,26.19060221226848,25.3
U2885,C0086,2024,THE 2024,601.0,,44.4,22.0,19.0,,35.2222344470299,56.7
U1042,C0245,2024,THE 2024,601.0,,57.4,13.8,6.0,,35.377498744173465,57.5
U2888,C0259,2024,THE 2024,601.0,,74.7,28.4,2.0,,32.33469625724009,24.8
U1059,C0259,2024,THE 2024,601.0,,75.6,20.5,3.0,,30.16785490138856,25.3
U1075,C0116,2024,THE 2024,601.0,,49.2,10.2,8.0,,31.40094140021857,38.4
U1100,C0108,2024,THE 2024,601.0,,61.5,12.3,10.0,,29.60453410535363,39.4
U1116,C0200,2024,THE 2024,601.0,,43.6,13.0,1.0,,33.16640251842411,64.4
U1133,C0116,2024,THE 2024,601.0,,48.1,10.2,7.0,,31.30818685656437,39.0
U1145,C0261,2024,THE 2024,601.0,,49.1,25.2,15.0,,38.52147490030208,45.0
U1162,C0259,2024,THE 2024,601.0,,67.6,10.7,2.0,,26.3128075258759,27.9
U1208,C0245,2024,THE 2024,601.0,,57.6,11.2,17.0,,40.220337351149055,73.8
U2924,C0082,2024,THE 2024,601.0,,58.6,31.5,13.0,,39.4960799235182,68.0
U1239,C0244,2024,THE 2024,601.0,,65.9,17.5,37.0,,41.98650850324217,92.3
U2932,C0082,2024,THE 2024,601.0,,58.0,20.0,16.0,,38.24050131851421,72.9
U1243,C0245,2024,THE 2024,601.0,,61.1,19.4,4.0,,34.44637293154655,47.8
U1251,C0242,2024,THE 2024,601.0,,34.2,11.9,1.0,,15.766763628818545,27.1
U1262,C0231,2024,THE 2024,601.0,,46.3,8.9,5.0,,31.94022765577017,48.7
U1265,C0108,2024,THE 2024,601.0,,76.5,17.3,0.0,,29.55350429916398,20.3
U2541,C0145,2024,THE 2024,601.0,,67.5,13.5,8.0,,37.62484424919816,57.9
U1272,C0108,2024,THE 2024,601.0,,46.3,9.1,12.0,,28.436783872957903,48.3
U1278,C0114,2024,THE 2024,601.0,,75.6,28.9,5.0,,36.738749676522346,36.0
U2953,C0245,2024,THE 2024,601.0,,61.5,17.2,11.0,,36.80435969809748,50.1
U1287,C0057,2024,THE 2024,601.0,,50.1,18.4,23.0,,40.525030613548175,66.3
U1288,C0259,2024,THE 2024,601.0,,63.9,9.0,4.0,,27.429849445570618,29.7
U1295,C0259,2024,THE 2024,601.0,,65.6,12.4,1.0,,25.544803884589,24.7
U2975,C0189,2024,THE 2024,601.0,,59.3,19.5,13.0,,39.54173116970348,51.9
U1340,C0245,2024,THE 2024,601.0,,58.8,14.6,4.0,,33.69743951640177,50.7
U1352,C0152,2024,THE 2024,601.0,,61.9,14.9,12.0,,39.730019268523904,65.8
U3003,C0022,2024,THE 2024,601.0,,53.7,22.2,12.0,,40.4771607779934,69.7
U1399,C0046,2024,THE 2024,601.0,,50.1,15.4,3.0,,30.779036530212935,24.7
U1394,C0046,2024,THE 2024,601.0,,79.4,16.5,1.0,,35.25409393054172,28.0
U1397,C0046,2024,THE 2024,601.0,,69.1,13.5,3.0,,31.62555162963912,37.1
U1428,C0082,2024,THE 2024,601.0,,38.3,18.7,29.0,,36.88075621712613,75.1
U1478,C0181,2024,THE 2024,601.0,,71.2,9.3,5.0,,38.30998951817508,55.1
U1476,C0195,2024,THE 2024,601.0,,43.2,12.0,21.0,,36.162186168042346,65.6
U1445,C0267,2024,THE 2024,601.0,,43.8,12.6,9.0,,35.35840293122458,47.2
U1454,C0089,2024,THE 2024,601.0,,59.1,20.3,6.0,,32.31606610048276,38.1
U1430,C0108,2024,THE 2024,601.0,,64.7,20.6,4.0,,28.965539617581005,23.1
U1431,C0108,2024,THE 2024,601.0,,71.7,16.3,2.0,,30.150569947305154,20.5
U1491,C0258,2024,THE 2024,601.0,,66.6,29.2,86.0,,44.2287659059022,86.8
U3010,C0245,2024,THE 2024,601.0,,64.7,23.2,4.0,,35.471665418954466,38.3
U3012,C0039,2024,THE 2024,601.0,,62.4,15.0,14.0,,44.79135416113618,81.1
U3026,C0245,2024,THE 2024,601.0,,74.4,20.6,6.0,,36.34470136204495,37.0
U1523,C0046,2024,THE 2024,601.0,,57.8,13.2,3.0,,36.66384418127466,46.7
U1531,C0245,2024,THE 2024,601.0,,60.0,14.3,6.0,,34.848663751523866,62.8
U1540,C0212,2024,THE 2024,601.0,,64.3,25.5,3.0,,36.15633745046377,56.6
U1540,C0212,2024,THE 2024,601.0,,64.3,25.5,3.0,,22.744748053228992,56.6
U1542,C0176,2024,THE 2024,601.0,,64.0,8.2,12.0,,37.40054260140544,70.8
U1552,C0195,2024,THE 2024,601.0,,31.6,6.6,20.0,,34.214334473059736,51.9
U1570,C0245,2024,THE 2024,601.0,,61.2,19.9,4.0,,31.232701393696782,37.2
U1573,C0245,2024,THE 2024,601.0,,60.8,14.1,5.0,,36.07393182248452,56.0
U1574,C0245,2024,THE 2024,601.0,,61.2,18.2,2.0,,31.60758826980426,38.1
U1580,C0039,2024,THE 2024,601.0,,63.5,30.1,8.0,,40.805133651619,63.2
U1582,C0244,2024,THE 2024,601.0,,68.7,33.5,8.0,,37.85723630313951,63.6
U1583,C0216,2024,THE 2024,601.0,,75.9,96.5,6.0,,38.15369748429331,51.0
U1738,C0226,2024,THE 2024,601.0,,77.9,15.6,5.0,,41.90103589371743,54.6
U1601,C0086,2024,THE 2024,601.0,,54.4,11.2,26.0,,37.03424862790157,74.5
U1603,C0244,2024,THE 2024,601.0,,62.5,14.0,25.0,,44.42297983809381,87.9
U3051,C0114,2024,THE 2024,601.0,,69.8,22.0,1.0,,34.58927963022705,34.8
U1611,C0108,2024,THE 2024,601.0,,67.9,18.6,1.0,,27.96272348150772,23.5
U3054,C0114,2024,THE 2024,601.0,,72.2,33.4,6.0,,36.33252216048458,38.7
U1620,C0114,2024,THE 2024,601.0,,78.2,32.4,1.0,,36.629734243342334,32.2
U2546,C0145,2024,THE 2024,601.0,,38.8,9.8,20.0,,35.053219965773856,70.8
U2479,C0216,2024,THE 2024,601.0,,57.3,9.8,13.0,,36.34192507505404,61.4
U1660,C0216,2024,THE 2024,601.0,,55.4,14.5,14.0,,36.927476541695725,57.6
U1697,C0200,2024,THE 2024,601.0,,80.8,11.9,2.0,,42.4282829644012,75.8
U1698,C0200,2024,THE 2024,601.0,,66.1,12.1,17.0,,43.947736175288384,91.7
U1715,C0259,2024,THE 2024,601.0,,71.9,1.6,2.0,,27.523441838688782,26.5
U1716,C0046,2024,THE 2024,601.0,,84.1,15.1,1.0,,34.380146457460405,24.4
U2483,C0216,2024,THE 2024,601.0,,70.3,22.6,20.0,,41.63284931860793,72.6
U1746,C0107,2024,THE 2024,601.0,,76.1,24.2,10.0,,44.49646384407703,64.4
U3091,C0245,2024,THE 2024,601.0,,57.4,14.5,3.0,,34.2488708577714,53.7
U3095,C0114,2024,THE 2024,601.0,,58.3,46.5,5.0,,35.03771282093052,45.4
U1763,C0058,2024,THE 2024,601.0,,55.5,15.8,15.0,,40.63563100725805,54.6
U1778,C0195,2024,THE 2024,601.0,,46.1,15.6,32.0,,36.07758824824501,70.4
U1802,C0195,2024,THE 2024,601.0,,69.3,13.4,12.0,,33.50576104722819,43.1
U3103,C0114,2024,THE 2024,601.0,,64.5,24.7,2.0,,32.49876158670706,34.5
U3110,C0114,2024,THE 2024,601.0,,63.6,13.4,1.0,,30.27948859933626,29.3
U3113,C0216,2024,THE 2024,601.0,,58.7,14.6,6.0,,33.251271113468896,46.6
U3118,C0114,2024,THE 2024,601.0,,66.3,38.1,2.0,,36.36902636016799,41.9
U1836,C0108,2024,THE 2024,601.0,,77.8,7.1,1.0,,36.46324563005178,58.9
U1867,C0259,2024,THE 2024,601.0,,49.9,8.0,4.0,,26.737393931136378,27.1
U3132,C0086,2024,THE 2024,601.0,,60.7,29.9,13.0,,40.80774765191889,62.7
U1941,C0046,2024,THE 2024,601.0,,63.9,18.9,3.0,,32.960764906216184,37.4
U1952,C0195,2024,THE 2024,601.0,,74.7,11.0,11.0,,36.16298622958336,54.5
U1966,C0244,2024,THE 2024,601.0,,79.3,5.5,8.0,,39.72006280234336,64.8
U3162,C0176,2024,THE 2024,601.0,,66.6,10.5,13.0,,39.55282624878484,74.4
U1998,C0178,2024,THE 2024,601.0,,62.3,9.2,4.0,,41.5756466952874,74.0
U2002,C0145,2024,THE 2024,601.0,,71.7,8.1,14.0,,41.5606703582269,78.3
U2004,C0245,2024,THE 2024,601.0,,61.1,22.1,8.0,,33.52746470069016,42.7
U2025,C0071,2024,THE 2024,601.0,,65.7,11.4,14.0,,40.61125625701076,69.1
U2089,C0259,2024,THE 2024,601.0,,54.3,6.2,12.0,,28.31714565050464,37.5
U2561,C0145,2024,THE 2024,601.0,,58.0,9.0,19.0,,34.21363296810773,60.8
U3193,C0245,2024,THE 2024,601.0,,65.5,31.9,11.0,,37.08662470288209,55.0
U2102,C0245,2024,THE 2024,601.0,,56.9,21.1,6.0,,35.56030866028357,58.9
U2105,C0108,2024,THE 2024,601.0,,84.8,15.1,1.0,,32.23140966271068,28.7
U3227,C0245,2024,THE 2024,601.0,,54.5,17.0,9.0,,32.07934371641214,56.7
U2141,C0251,2024,THE 2024,601.0,,90.6,21.9,1.0,,44.506336323933525,63.1
U2144,C0039,2024,THE 2024,601.0,,57.3,42.8,9.0,,42.43364351887488,62.1
U3242,C0114,2024,THE 2024,601.0,,77.3,20.0,4.0,,39.00957806573834,43.2
U3245,C0114,2024,THE 2024,601.0,,73.1,19.3,5.0,,36.10473205957945,41.8
U2185,C0244,2024,THE 2024,601.0,,62.0,20.1,10.0,,43.618449490210125,82.4
U2191,C0200,2024,THE 2024,601.0,,62.2,9.6,7.0,,37.23878956114196,73.1
U1615,C0015,2024,THE 2024,601.0,,55.0,10.0,35.0,,44.62209080080143,93.4
U3316,C0259,2024,THE 2024,601.0,,69.3,12.4,5.0,,26.451494533674875,25.2
U3357,C0108,2024,THE 2024,601.0,,68.3,18.8,5.0,,33.262590550939144,46.2
U3270,C0188,2024,THE 2024,601.0,,55.6,10.9,9.0,,36.65586038682087,45.6
U3220,C0212,2024,THE 2024,601.0,,59.3,36.7,6.0,,39.47238654045832,65.7
U3223,C0244,2024,THE 2024,601.0,,66.5,24.6,25.0,,42.75429181369309,86.9
U3396,C0245,2024,THE 2024,601.0,,62.2,11.3,7.0,,32.842294437193665,39.1
U3286,C0244,2024,THE 2024,601.0,,64.7,16.7,28.0,,40.10954221340994,81.1
U3399,C0245,2024,THE 2024,601.0,,61.2,13.0,14.0,,37.11767879426817,57.2
U3406,C0188,2024,THE 2024,601.0,,66.9,10.9,14.0,,29.5653800127664,37.7
U3292,C0245,2024,THE 2024,601.0,,62.1,14.1,4.0,,31.738816012688027,37.7
U3414,C0046,2024,THE 2024,601.0,,70.8,19.9,4.0,,41.30051306522766,77.3
U3416,C0046,2024,THE 2024,601.0,,61.0,15.3,1.0,,31.005761224914355,25.9
U3433,C0261,2024,THE 2024,601.0,,66.8,14.7,5.0,,36.15715279301437,54.9
U3455,C0046,2024,THE 2024,601.0,,75.4,12.2,5.0,,34.69291674031758,35.6
U3459,C0046,2024,THE 2024,601.0,,82.5,15.6,4.0,,34.80892708525308,25.2
U3201,C0089,2024,THE 2024,801.0,,54.4,63.5,1.0,,29.25965226155507,33.9
U0035,C0259,2024,THE 2024,801.0,,58.1,11.7,3.0,,21.616039852683485,21.8
U0059,C0260,2024,THE 2024,801.0,,69.2,22.0,9.0,,33.78823726162602,57.4
U2635,C0216,2024,THE 2024,801.0,,55.0,10.4,24.0,,33.25868489072764,64.4
U0066,C0260,2024,THE 2024,801.0,,58.2,28.7,4.0,,32.47435947279143,51.4
U2636,C0189,2024,THE 2024,801.0,,52.3,15.0,19.0,,35.20731899709289,66.4
U0107,C0260,2024,THE 2024,801.0,,51.1,14.2,4.0,,38.13514586481784,70.3
U0119,C0108,2024,THE 2024,801.0,,62.3,17.1,7.0,,26.903103923682323,31.1
U0125,C0108,2024,THE 2024,801.0,,60.8,11.8,5.0,,31.24518301709817,36.9
U3203,C0047,2024,THE 2024,801.0,,48.4,13.5,2.0,,32.690484003590406,60.8
U0156,C0259,2024,THE 2024,801.0,,66.4,7.4,2.0,,23.794552346140787,21.2
U0158,C0089,2024,THE 2024,801.0,,66.3,18.2,5.0,,31.309580863703037,38.1
U0163,C0082,2024,THE 2024,801.0,,35.2,16.3,12.0,,30.025318974491213,67.0
U0175,C0260,2024,THE 2024,801.0,,75.6,45.4,1.0,,34.71807176971362,50.4
U0179,C0089,2024,THE 2024,801.0,,53.3,53.7,5.0,,32.37144092552408,44.5
U0212,C0257,2024,THE 2024,801.0,,59.4,47.9,22.0,,38.72973373871364,61.2
U0213,C0181,2024,THE 2024,801.0,,77.3,20.3,1.0,,33.57868060351601,48.7
U3206,C0216,2024,THE 2024,801.0,,56.4,9.4,8.0,,32.171242760444024,58.1
U2671,C0202,2024,THE 2024,801.0,,49.4,18.2,5.0,,32.406414773556875,42.3
U2674,C0114,2024,THE 2024,801.0,,59.6,54.8,7.0,,31.383330332806413,37.5
U0276,C0108,2024,THE 2024,801.0,,67.4,16.2,2.0,,28.61318820307007,25.1
U0295,C0019,2024,THE 2024,801.0,,71.1,16.9,1.0,,31.4379530715694,42.2
U2493,C0082,2024,THE 2024,801.0,,52.0,33.1,11.0,,33.739427940124884,60.5
U2695,C0244,2024,THE 2024,801.0,,53.9,18.0,22.0,,38.48651775476813,84.4
U0307,C0194,2024,THE 2024,801.0,,75.9,16.3,4.0,,29.08393711682128,27.8
U0320,C0260,2024,THE 2024,801.0,,59.9,30.9,5.0,,31.97221388874141,45.4
U2719,C0114,2024,THE 2024,801.0,,58.6,30.1,9.0,,32.93349991292194,53.0
U0336,C0216,2024,THE 2024,801.0,,42.9,11.2,12.0,,31.412548807722327,60.0
U2728,C0216,2024,THE 2024,801.0,,53.7,12.8,7.0,,28.5371589021014,42.0
U0344,C0189,2024,THE 2024,801.0,,64.4,22.2,17.0,,35.96983592673389,55.7
U0374,C0046,2024,THE 2024,801.0,,76.5,16.0,1.0,,30.290843929410457,27.9
U0376,C0245,2024,THE 2024,801.0,,48.1,12.0,7.0,,26.64316032790251,46.8
U0380,C0014,2024,THE 2024,801.0,,55.1,24.6,13.0,,35.21683492005888,66.3
U0893,C0108,2024,THE 2024,801.0,,51.0,17.2,0.0,,23.5812049315348,17.4
U0383,C0046,2024,THE 2024,801.0,,74.1,16.3,2.0,,30.13984078325195,28.2
U0386,C0231,2024,THE 2024,801.0,,46.3,13.6,4.0,,26.62307515842557,39.5
U0388,C0116,2024,THE 2024,801.0,,42.0,8.9,6.0,,24.87261489797036,33.9
U2740,C0045,2024,THE 2024,801.0,,50.5,16.4,5.0,,31.53899146236964,52.9
U0397,C0046,2024,THE 2024,801.0,,54.3,17.0,2.0,,27.3624560472558,23.8
U0406,C0261,2024,THE 2024,801.0,,43.6,17.7,7.0,,28.98344220874982,32.8
U0415,C0261,2024,THE 2024,801.0,,34.9,19.8,4.0,,25.362416269247884,26.0
U0426,C0245,2024,THE 2024,801.0,,41.2,15.5,8.0,,30.213513847307368,63.3
U2743,C0082,2024,THE 2024,801.0,,54.2,21.2,15.0,,35.52495882834032,68.3
U2902,C0047,2024,THE 2024,801.0,,74.2,18.1,1.0,,34.63645293604225,54.9
U0481,C0173,2024,THE 2024,801.0,,56.6,17.5,0.0,,36.18877761234012,54.3
U0493,C0082,2024,THE 2024,801.0,,44.4,19.5,26.0,,42.14643066533303,92.7
U0498,C0057,2024,THE 2024,801.0,,50.8,18.3,26.0,,35.00956200290965,76.4
U0506,C0260,2024,THE 2024,801.0,,73.0,33.9,1.0,,31.45310531792638,46.1
U2770,C0108,2024,THE 2024,801.0,,39.0,23.8,1.0,,23.104112740398417,23.3
U0515,C0108,2024,THE 2024,801.0,,76.7,23.4,3.0,,31.82919738001523,19.7
U2774,C0216,2024,THE 2024,801.0,,54.3,18.8,6.0,,31.94128026857049,42.3
U2775,C0019,2024,THE 2024,801.0,,68.8,15.3,3.0,,31.039570636324694,48.5
U0601,C0101,2024,THE 2024,801.0,,57.3,17.8,11.0,,32.9559653661722,51.3
U0625,C0030,2024,THE 2024,801.0,,43.3,13.5,1.0,,26.41454197258596,33.4
U2346,C0030,2024,THE 2024,801.0,,41.6,17.7,2.0,,25.45345377232807,35.3
U2351,C0030,2024,THE 2024,801.0,,48.2,11.3,1.0,,27.957042855034658,35.2
U0647,C0259,2024,THE 2024,801.0,,48.2,30.5,11.0,,31.032960711245,38.6
U0658,C0245,2024,THE 2024,801.0,,57.3,19.8,6.0,,34.49197869007537,51.8
U0660,C0245,2024,THE 2024,801.0,,45.2,15.9,20.0,,34.7564746052246,80.4
U3208,C0212,2024,THE 2024,801.0,,56.4,35.6,2.0,,32.5102722144834,51.7
U0686,C0046,2024,THE 2024,801.0,,71.5,17.4,1.0,,32.43371269801908,36.7
U2822,C0216,2024,THE 2024,801.0,,56.3,21.0,14.0,,35.65169656046744,56.8
U2824,C0244,2024,THE 2024,801.0,,57.6,17.0,12.0,,33.80652318106649,65.7
U0724,C0259,2024,THE 2024,801.0,,78.0,21.5,1.0,,31.49142997152781,35.7
U0741,C0046,2024,THE 2024,801.0,,77.1,17.5,0.0,,31.993176354009396,35.9
U0740,C0046,2024,THE 2024,801.0,,72.5,1.7,2.0,,27.460281043116304,28.5
U0743,C0259,2024,THE 2024,801.0,,63.7,11.5,1.0,,23.22753923174144,21.9
U0768,C0046,2024,THE 2024,801.0,,43.6,19.8,2.0,,28.157454006589504,24.4
U0779,C0181,2024,THE 2024,801.0,,70.9,21.3,0.0,,32.1815715383544,49.0
U0811,C0245,2024,THE 2024,801.0,,41.6,9.7,5.0,,24.953300405482185,39.3
U2861,C0173,2024,THE 2024,801.0,,59.3,19.7,0.0,,28.572363979054543,41.0
U0838,C0259,2024,THE 2024,801.0,,65.7,13.2,5.0,,25.051923567564675,23.4
U0865,C0108,2024,THE 2024,801.0,,35.7,11.1,0.0,,26.320445779981,38.9
U0870,C0108,2024,THE 2024,801.0,,39.0,14.9,0.0,,26.20001898635828,29.6
U2869,C0109,2024,THE 2024,801.0,,29.2,7.9,14.0,,28.4226381594576,60.3
U0885,C0108,2024,THE 2024,801.0,,66.2,23.4,5.0,,32.43108779963483,44.6
U0888,C0261,2024,THE 2024,801.0,,41.7,19.2,8.0,,29.26604979244717,38.8
U2478,C0216,2024,THE 2024,801.0,,57.0,12.9,27.0,,35.55476733975842,65.9
U0916,C0181,2024,THE 2024,801.0,,72.7,21.8,7.0,,35.664591363415035,60.0
U0937,C0259,2024,THE 2024,801.0,,47.0,10.2,3.0,,20.548628756827323,25.4
U0940,C0181,2024,THE 2024,801.0,,62.9,24.4,3.0,,31.49513389872121,55.6
U2876,C0216,2024,THE 2024,801.0,,64.2,16.1,7.0,,33.46901045607228,45.4
U0978,C0019,2024,THE 2024,801.0,,71.9,17.3,0.0,,31.71898836968283,49.7
U0988,C0216,2024,THE 2024,801.0,,56.5,15.2,10.0,,32.033793277507186,45.7
U0989,C0108,2024,THE 2024,801.0,,60.7,18.1,0.0,,23.67593581909635,19.6
U0991,C0108,2024,THE 2024,801.0,,70.6,18.5,2.0,,29.033629071805645,23.8
U0992,C0200,2024,THE 2024,801.0,,67.3,12.4,4.0,,37.50898730664578,77.4
U0996,C0261,2024,THE 2024,801.0,,45.0,19.6,7.0,,29.20985962485524,34.1
U0999,C0046,2024,THE 2024,801.0,,60.2,12.9,1.0,,28.93436446269257,24.0
U1018,C0117,2024,THE 2024,801.0,,67.3,13.3,17.0,,35.50623177339812,61.1
U1022,C0108,2024,THE 2024,801.0,,51.9,9.5,8.0,,26.887303833593077,51.8
U1029,C0260,2024,THE 2024,801.0,,76.2,28.7,2.0,,33.69541756638053,51.9
U1033,C0108,2024,THE 2024,801.0,,74.8,7.5,4.0,,27.93075857087544,30.3
U1043,C0267,2024,THE 2024,801.0,,44.0,12.2,5.0,,26.963477297264653,28.7
U1068,C0195,2024,THE 2024,801.0,,32.3,10.8,33.0,,30.80697554633341,69.2
U1111,C0200,2024,THE 2024,801.0,,68.0,14.5,2.0,,38.47301443595792,75.5
U1115,C0231,2024,THE 2024,801.0,,59.5,20.4,4.0,,33.22653601569305,43.3
U1119,C0244,2024,THE 2024,801.0,,53.2,18.9,40.0,,39.30820038440386,91.3
U1130,C0259,2024,THE 2024,801.0,,60.2,23.1,1.0,,31.03011607431195,35.7
U1150,C0114,2024,THE 2024,801.0,,71.3,16.0,1.0,,30.315252321570345,37.3
U1160,C0116,2024,THE 2024,801.0,,40.9,9.8,6.0,,24.477372769425703,36.5
U2900,C0259,2024,THE 2024,801.0,,70.8,32.2,4.0,,31.078777560929588,35.9
U1175,C0116,2024,THE 2024,801.0,,47.8,3.2,1.0,,20.773970342474435,20.1
U2906,C0181,2024,THE 2024,801.0,,68.8,13.5,2.0,,32.13592811036007,52.6
U1191,C0181,2024,THE 2024,801.0,,60.2,14.2,2.0,,32.96024416731564,53.0
U1193,C0039,2024,THE 2024,801.0,,51.4,25.0,19.0,,35.544202357715264,59.2
U1203,C0132,2024,THE 2024,801.0,,23.6,14.6,16.0,,30.732805079492884,78.8
U1205,C0244,2024,THE 2024,801.0,,65.0,21.9,15.0,,37.651799713205065,67.3
U1219,C0137,2024,THE 2024,801.0,,55.5,9.2,23.0,,29.323038955463154,52.9
U2929,C0208,2024,THE 2024,801.0,,54.6,13.8,9.0,,30.43418406385917,42.4
U2930,C0216,2024,THE 2024,801.0,,58.2,16.1,10.0,,32.28119329664517,45.4
U1244,C0108,2024,THE 2024,801.0,,73.7,14.7,7.0,,32.80018198853223,43.4
U1264,C0241,2024,THE 2024,801.0,,39.6,19.2,3.0,,34.70188953592711,68.1
U2941,C0181,2024,THE 2024,801.0,,74.1,32.1,1.0,,34.95638361569677,49.2
U2943,C0148,2024,THE 2024,801.0,,60.6,12.3,14.0,,33.01627062672727,53.8
U2944,C0181,2024,THE 2024,801.0,,80.4,22.4,2.0,,35.54006771927473,51.3
U1276,C0260,2024,THE 2024,801.0,,68.1,40.2,4.0,,38.27041573088251,74.1
U1285,C0245,2024,THE 2024,801.0,,54.0,12.2,3.0,,27.002367940508208,33.1
U1302,C0188,2024,THE 2024,801.0,,67.6,8.4,9.0,,27.27207278460957,32.3
U2964,C0194,2024,THE 2024,801.0,,62.6,8.6,16.0,,27.2863871815026,38.8
U2967,C0245,2024,THE 2024,801.0,,55.0,14.9,5.0,,28.192673772265053,35.0
U2988,C0259,2024,THE 2024,801.0,,71.5,29.7,0.0,,31.93401562922708,32.9
U1351,C0245,2024,THE 2024,801.0,,56.3,16.3,2.0,,30.05692472216933,38.0
U2999,C0216,2024,THE 2024,801.0,,52.6,17.7,5.0,,28.859876411458885,38.9
U1400,C0046,2024,THE 2024,801.0,,68.6,16.8,4.0,,33.852158553954986,42.4
U1395,C0046,2024,THE 2024,801.0,,58.1,9.3,4.0,,25.623224012043043,25.8
U1396,C0046,2024,THE 2024,801.0,,66.5,13.5,2.0,,28.473645695648774,29.8
U1413,C0152,2024,THE 2024,801.0,,34.4,17.1,4.0,,33.40907952102351,58.4
U1448,C0267,2024,THE 2024,801.0,,35.8,15.6,10.0,,26.952150041603435,41.6
U1433,C0108,2024,THE 2024,801.0,,60.2,20.4,2.0,,25.479440372943817,21.2
U1500,C0245,2024,THE 2024,801.0,,45.8,9.3,34.0,,29.80421958663898,61.1
U1499,C0245,2024,THE 2024,801.0,,49.8,16.0,6.0,,30.760956489800947,45.6
U1520,C0046,2024,THE 2024,801.0,,51.4,18.6,3.0,,26.172867001460556,22.4
U1525,C0046,2024,THE 2024,801.0,,60.9,18.6,3.0,,27.30554127551132,31.1
U3030,C0039,2024,THE 2024,801.0,,51.7,16.5,12.0,,32.74338709571572,52.0
U1533,C0019,2024,THE 2024,801.0,,76.1,21.3,0.0,,32.05615650198784,43.3
U1548,C0245,2024,THE 2024,801.0,,50.1,16.5,4.0,,22.95714994055924,34.4
U1572,C0116,2024,THE 2024,801.0,,36.4,10.0,7.0,,24.240597316422537,37.2
U3048,C0216,2024,THE 2024,801.0,,49.2,9.2,4.0,,26.800911994343988,37.8
U1604,C0257,2024,THE 2024,801.0,,53.5,26.7,8.0,,35.7832401108828,57.7
U1605,C0216,2024,THE 2024,801.0,,58.5,12.2,11.0,,31.59237892696181,47.8
U1607,C0057,2024,THE 2024,801.0,,49.8,15.2,14.0,,35.62212780690528,61.8
U1614,C0082,2024,THE 2024,801.0,,36.6,29.8,20.0,,37.07728350463819,67.7
U3057,C0089,2024,THE 2024,801.0,,56.2,29.4,5.0,,27.961758527212037,35.1
U3308,C0108,2024,THE 2024,801.0,,63.7,11.0,0.0,,33.49435951875292,50.7
U2513,C0082,2024,THE 2024,801.0,,36.0,31.5,11.0,,31.56512850393254,58.9
U1671,C0030,2024,THE 2024,801.0,,37.1,18.7,2.0,,30.62667479568994,43.2
U1685,C0245,2024,THE 2024,801.0,,55.7,20.5,5.0,,30.612000169725817,35.0
U3214,C0181,2024,THE 2024,801.0,,62.4,22.0,1.0,,31.07380519148254,46.7
U1713,C0200,2024,THE 2024,801.0,,42.8,10.2,7.0,,36.056879518810725,80.2
U1717,C0259,2024,THE 2024,801.0,,60.0,9.3,4.0,,20.571072295451422,22.4
U3089,C0039,2024,THE 2024,801.0,,62.9,24.6,26.0,,39.62195433783204,71.0
U1740,C0113,2024,THE 2024,801.0,,64.3,35.0,28.0,,36.748574299573605,63.6
U3090,C0082,2024,THE 2024,801.0,,44.7,17.5,12.0,,31.372364609248123,63.8
U1759,C0244,2024,THE 2024,801.0,,53.4,21.0,26.0,,37.25415728157994,87.1
U1760,C0245,2024,THE 2024,801.0,,58.4,16.0,13.0,,32.613563665767785,46.3
U3094,C0244,2024,THE 2024,801.0,,52.0,19.6,36.0,,40.660265297753554,85.0
U3102,C0216,2024,THE 2024,801.0,,50.4,14.7,13.0,,32.72534342173741,53.6
U3105,C0244,2024,THE 2024,801.0,,61.1,20.3,23.0,,39.41130135612682,82.2
U1822,C0245,2024,THE 2024,801.0,,71.1,28.1,5.0,,29.970752029181845,37.0
U1838,C0108,2024,THE 2024,801.0,,54.5,9.6,4.0,,21.89331353483086,25.2
U1846,C0195,2024,THE 2024,801.0,,47.7,8.1,26.0,,31.47653229020661,62.1
U3124,C0261,2024,THE 2024,801.0,,41.0,14.4,4.0,,27.52829326309092,34.9
U3125,C0216,2024,THE 2024,801.0,,53.6,16.7,8.0,,32.960780779512966,44.6
U1874,C0259,2024,THE 2024,801.0,,62.1,9.2,0.0,,22.467118406478317,20.6
U1883,C0046,2024,THE 2024,801.0,,63.0,13.3,1.0,,31.232722123748548,42.9
U1885,C0244,2024,THE 2024,801.0,,66.7,17.7,12.0,,36.43993320611479,64.0
U1891,C0259,2024,THE 2024,801.0,,55.0,20.8,2.0,,29.70084023993507,29.1
U1892,C0259,2024,THE 2024,801.0,,55.7,10.1,2.0,,22.47282165832217,24.1
U1898,C0108,2024,THE 2024,801.0,,68.0,20.3,0.0,,28.348698566165098,22.8
U1906,C0108,2024,THE 2024,801.0,,47.7,11.9,2.0,,21.06132641105968,19.9
U1927,C0261,2024,THE 2024,801.0,,39.8,23.9,19.0,,31.955515535894467,45.0
U0897,C0181,2024,THE 2024,801.0,,70.5,13.4,0.0,,32.960152244343206,47.1
U3177,C0200,2024,THE 2024,801.0,,69.0,19.5,2.0,,37.86532848614971,75.6
U2069,C0216,2024,THE 2024,801.0,,49.8,15.8,14.0,,29.44214103954884,53.8
U3185,C0111,2024,THE 2024,801.0,,65.7,6.9,0.0,,23.97135907617223,25.0
U3196,C0245,2024,THE 2024,801.0,,44.8,22.9,6.0,,32.952649150175674,46.8
U2129,C0116,2024,THE 2024,801.0,,29.6,15.6,7.0,,26.3230999373526,38.1
U2126,C0116,2024,THE 2024,801.0,,54.0,3.4,1.0,,23.543932890733696,21.4
U2137,C0195,2024,THE 2024,801.0,,31.7,10.6,29.0,,31.611823478610248,69.4
U3229,C0082,2024,THE 2024,801.0,,42.2,21.8,11.0,,28.9165516622623,61.2
U3235,C0189,2024,THE 2024,801.0,,44.6,9.2,6.0,,32.677037188978446,40.5
U3239,C0236,2024,THE 2024,801.0,,31.1,9.6,6.0,,24.96737753212548,50.5
U3315,C0259,2024,THE 2024,801.0,,56.9,26.4,12.0,,29.77214249681225,38.0
U3257,C0181,2024,THE 2024,801.0,,53.7,19.2,1.0,,31.69714967474075,55.5
U3259,C0216,2024,THE 2024,801.0,,70.8,13.1,19.0,,35.85084400806619,59.1
U3263,C0216,2024,THE 2024,801.0,,57.8,15.1,5.0,,31.48721880958188,47.4
U3348,C0137,2024,THE 2024,801.0,,51.4,9.1,9.0,,29.11451915531412,46.7
U3377,C0116,2024,THE 2024,801.0,,43.1,14.3,13.0,,33.04748534640024,54.8
U3384,C0046,2024,THE 2024,801.0,,78.1,18.6,2.0,,33.244131802095616,34.8
U3383,C0046,2024,THE 2024,801.0,,68.7,14.6,3.0,,31.51673402038174,42.8
U3279,C0244,2024,THE 2024,801.0,,55.3,19.8,48.0,,40.41419176501418,87.1
U3435,C0257,2024,THE 2024,801.0,,41.2,24.8,13.0,,30.037433498290053,40.9
U3437,C0116,2024,THE 2024,801.0,,59.4,6.0,3.0,,24.07672305880419,29.0
U3447,C0260,2024,THE 2024,801.0,,71.4,25.2,2.0,,31.55117125621721,49.0
U3298,C0216,2024,THE 2024,801.0,,46.4,10.2,7.0,,27.137827693847125,42.8
U3452,C0227,2024,THE 2024,801.0,,46.0,12.3,11.0,,32.756526631731674,72.4
U3454,C0046,2024,THE 2024,801.0,,61.1,11.5,7.0,,28.939413118730155,44.1
U2624,C0216,2024,THE 2024,1001.0,,45.6,12.4,5.0,,24.840918293436754,36.5
U0022,C0188,2024,THE 2024,1001.0,,43.5,25.0,6.0,,30.21389030504757,37.8
U0031,C0188,2024,THE 2024,1001.0,,38.6,12.2,3.0,,22.846072992573458,29.9
U0036,C0116,2024,THE 2024,1001.0,,43.1,2.9,1.0,,18.33809650694364,21.5
U0038,C0260,2024,THE 2024,1001.0,,45.8,13.3,6.0,,27.45030467608607,51.8
U0046,C0257,2024,THE 2024,1001.0,,42.6,47.3,4.0,,26.309838153259907,25.2
U0061,C0117,2024,THE 2024,1001.0,,59.2,27.3,2.0,,27.710799572785614,39.3
U2640,C0216,2024,THE 2024,1001.0,,43.8,14.5,10.0,,27.444508908982588,44.6
U2642,C0216,2024,THE 2024,1001.0,,48.9,17.0,10.0,,27.981184717957458,42.2
U0141,C0266,2024,THE 2024,1001.0,,65.4,21.7,11.0,,32.946901002962555,61.2
U2649,C0227,2024,THE 2024,1001.0,,38.3,6.5,29.0,,32.570247926444,87.4
U0178,C0187,2024,THE 2024,1001.0,,52.4,11.1,1.0,,22.722254051736005,33.5
U2210,C0045,2024,THE 2024,1001.0,,54.5,25.5,1.0,,29.406463791245017,55.4
U0199,C0259,2024,THE 2024,1001.0,,67.9,27.1,2.0,,28.55511242996885,27.9
U0204,C0194,2024,THE 2024,1001.0,,46.0,21.1,4.0,,25.203247496467185,39.0
U0211,C0181,2024,THE 2024,1001.0,,58.5,27.2,0.0,,29.09679614562238,48.1
U0225,C0019,2024,THE 2024,1001.0,,45.2,11.4,1.0,,23.87697278129988,49.5
U0226,C0019,2024,THE 2024,1001.0,,50.7,13.2,0.0,,23.918403625859003,29.8
U0230,C0257,2024,THE 2024,1001.0,,69.6,31.8,11.0,,30.17671741312266,37.4
U2669,C0244,2024,THE 2024,1001.0,,52.4,29.1,64.0,,36.745269218576325,83.9
U0258,C0260,2024,THE 2024,1001.0,,66.5,30.9,2.0,,30.0488753022945,49.1
U0259,C0260,2024,THE 2024,1001.0,,61.1,31.6,0.0,,29.237325048135773,51.4
U0293,C0245,2024,THE 2024,1001.0,,52.7,17.6,3.0,,23.327995285773003,28.9
U0301,C0057,2024,THE 2024,1001.0,,39.0,15.5,25.0,,29.0003074681279,58.3
U2698,C0194,2024,THE 2024,1001.0,,43.2,33.3,2.0,,24.1904462275132,29.1
U2700,C0216,2024,THE 2024,1001.0,,43.7,17.7,8.0,,25.2323909878244,42.3
U2702,C0108,2024,THE 2024,1001.0,,33.7,14.2,0.0,,15.768689391399558,19.3
U0330,C0244,2024,THE 2024,1001.0,,44.6,20.1,15.0,,28.17664553314886,59.6
U2733,C0244,2024,THE 2024,1001.0,,51.9,16.3,28.0,,35.940510721665696,82.3
U0357,C0245,2024,THE 2024,1001.0,,46.8,18.3,3.0,,23.31201253431327,33.4
U2736,C0057,2024,THE 2024,1001.0,,29.0,8.3,23.0,,21.708724032619106,51.0
U0391,C0046,2024,THE 2024,1001.0,,52.8,16.4,3.0,,24.044913208959183,22.2
U0417,C0267,2024,THE 2024,1001.0,,39.0,33.5,7.0,,27.53783418057647,41.2
U2747,C0217,2024,THE 2024,1001.0,,60.2,32.0,0.0,,26.44999900851124,39.3
U0469,C0271,2024,THE 2024,1001.0,,41.8,10.5,15.0,,27.07901085100937,52.6
U0496,C0057,2024,THE 2024,1001.0,,32.2,8.7,21.0,,27.0793650387511,60.2
U0519,C0089,2024,THE 2024,1001.0,,54.3,36.4,3.0,,25.55187804437098,30.4
U2773,C0045,2024,THE 2024,1001.0,,53.0,14.4,4.0,,27.431539951678367,52.2
U0528,C0045,2024,THE 2024,1001.0,,53.8,17.6,2.0,,28.398340525002894,53.0
U2524,C0005,2024,THE 2024,1001.0,,46.0,19.7,1.0,,20.885489136706592,37.4
U0538,C0195,2024,THE 2024,1001.0,,54.9,12.4,12.0,,22.12236568128794,31.7
U0543,C0108,2024,THE 2024,1001.0,,54.6,24.1,1.0,,20.86861783599913,17.8
U0554,C0212,2024,THE 2024,1001.0,,62.0,35.3,1.0,,29.38091086331237,46.5
U2786,C0244,2024,THE 2024,1001.0,,41.0,26.1,52.0,,33.854992529718544,84.9
U0568,C0244,2024,THE 2024,1001.0,,55.6,16.4,6.0,,30.41843076445821,54.7
U2794,C0181,2024,THE 2024,1001.0,,60.9,21.7,2.0,,29.679064327435505,49.8
U2796,C0181,2024,THE 2024,1001.0,,53.5,13.4,2.0,,26.72866432864851,50.6
U0605,C0216,2024,THE 2024,1001.0,,54.3,12.0,30.0,,30.186395978151992,61.7
U2800,C0216,2024,THE 2024,1001.0,,51.9,10.7,3.0,,23.93710876617504,35.7
U0613,C0260,2024,THE 2024,1001.0,,65.5,18.0,0.0,,30.49948064705149,46.4
U0635,C0030,2024,THE 2024,1001.0,,33.5,16.1,1.0,,20.58403284227749,29.5
U0636,C0173,2024,THE 2024,1001.0,,50.6,24.5,0.0,,23.987421075658457,40.4
U0652,C0195,2024,THE 2024,1001.0,,50.3,13.0,9.0,,26.083471318480807,34.5
U0654,C0257,2024,THE 2024,1001.0,,64.5,25.4,6.0,,25.74599401226077,31.5
U0657,C0245,2024,THE 2024,1001.0,,39.8,15.7,1.0,,25.952141465284875,50.3
U2808,C0082,2024,THE 2024,1001.0,,40.6,33.5,11.0,,30.58656439620005,70.6
U0674,C0267,2024,THE 2024,1001.0,,26.3,27.2,6.0,,23.654607675715084,31.1
U0675,C0046,2024,THE 2024,1001.0,,62.0,17.1,1.0,,27.982750251467376,32.7
U0677,C0116,2024,THE 2024,1001.0,,55.4,3.6,1.0,,22.101288075389537,22.3
U0690,C0108,2024,THE 2024,1001.0,,23.3,17.3,0.0,,19.20498687811414,22.2
U0695,C0188,2024,THE 2024,1001.0,,48.3,17.9,5.0,,25.057228328584728,35.0
U2820,C0087,2024,THE 2024,1001.0,,42.1,35.9,1.0,,29.56322977333904,52.3
U0713,C0116,2024,THE 2024,1001.0,,29.5,14.6,4.0,,21.11989757316956,29.5
U0717,C0108,2024,THE 2024,1001.0,,63.9,16.8,0.0,,23.15282836206554,20.9
U2836,C0181,2024,THE 2024,1001.0,,69.5,24.7,0.0,,31.28601837611293,45.8
U0750,C0108,2024,THE 2024,1001.0,,63.7,21.7,0.0,,23.009809010360836,22.3
U0757,C0259,2024,THE 2024,1001.0,,61.6,22.8,3.0,,27.043444834240496,38.0
U0763,C0116,2024,THE 2024,1001.0,,36.9,4.1,3.0,,19.526950524331717,24.0
U0815,C0046,2024,THE 2024,1001.0,,48.1,17.8,19.0,,32.261811764354135,70.9
U0832,C0047,2024,THE 2024,1001.0,,55.8,7.2,2.0,,25.46217993955022,41.1
U0843,C0086,2024,THE 2024,1001.0,,32.8,18.4,31.0,,27.879266662217404,57.1
U0854,C0082,2024,THE 2024,1001.0,,19.7,15.0,19.0,,29.73184292079275,73.4
U0864,C0108,2024,THE 2024,1001.0,,33.4,12.6,0.0,,19.013127761346546,24.0
U0883,C0108,2024,THE 2024,1001.0,,44.7,14.9,1.0,,21.93671657728698,23.7
U0880,C0108,2024,THE 2024,1001.0,,49.2,12.9,1.0,,21.467738365329517,26.8
U2873,C0089,2024,THE 2024,1001.0,,55.9,32.6,5.0,,26.996999449386134,43.2
U2875,C0259,2024,THE 2024,1001.0,,40.9,24.0,8.0,,22.76802955977449,35.5
U0941,C0181,2024,THE 2024,1001.0,,66.7,47.8,0.0,,31.046566258824814,48.2
U0960,C0257,2024,THE 2024,1001.0,,34.4,25.4,9.0,,24.121436832819573,38.2
U0961,C0257,2024,THE 2024,1001.0,,41.7,27.8,6.0,,24.763440021077844,26.9
U0965,C0194,2024,THE 2024,1001.0,,54.3,8.9,36.0,,27.40525933969976,50.2
U0976,C0108,2024,THE 2024,1001.0,,46.0,21.3,0.0,,19.890746704283064,19.2
U2877,C0200,2024,THE 2024,1001.0,,51.5,14.6,2.0,,31.204273148354467,73.2
U1005,C0073,2024,THE 2024,1001.0,,60.2,14.9,1.0,,25.534829886707545,39.2
U1038,C0116,2024,THE 2024,1001.0,,35.4,9.9,6.0,,21.64335981022929,33.6
U1040,C0116,2024,THE 2024,1001.0,,51.6,1.6,3.0,,19.34523645798707,21.0
U1052,C0226,2024,THE 2024,1001.0,,53.8,12.8,2.0,,30.82511102482671,57.4
U1053,C0108,2024,THE 2024,1001.0,,52.5,12.1,0.0,,20.798410362770458,27.8
U1082,C0259,2024,THE 2024,1001.0,,51.2,3.9,3.0,,20.96201133907772,25.6
U1089,C0242,2024,THE 2024,1001.0,,28.0,10.8,11.0,,14.242152544135289,32.9
U1102,C0116,2024,THE 2024,1001.0,,51.9,17.7,2.0,,22.4618211082769,30.9
U1139,C0181,2024,THE 2024,1001.0,,49.0,43.0,0.0,,29.7328218530662,59.5
U2898,C0202,2024,THE 2024,1001.0,,60.0,13.7,1.0,,24.626319849820607,31.8
U1164,C0116,2024,THE 2024,1001.0,,48.4,9.0,1.0,,21.202420000183373,26.3
U1167,C0123,2024,THE 2024,1001.0,,55.5,14.7,13.0,,31.17275719141488,66.4
U1168,C0087,2024,THE 2024,1001.0,,50.8,60.8,1.0,,30.725671098704357,47.2
U2905,C0173,2024,THE 2024,1001.0,,65.5,27.5,0.0,,30.624747137789907,41.5
U2907,C0216,2024,THE 2024,1001.0,,54.7,13.3,5.0,,30.21892308778836,50.7
U2913,C0216,2024,THE 2024,1001.0,,45.6,17.0,6.0,,25.46145829683364,42.1
U2914,C0130,2024,THE 2024,1001.0,,40.3,30.2,7.0,,30.905675942665933,47.6
U2919,C0015,2024,THE 2024,1001.0,,31.6,4.2,17.0,,28.37910623530817,77.4
U2918,C0216,2024,THE 2024,1001.0,,46.7,12.1,4.0,,23.139572263929903,36.5
U1241,C0259,2024,THE 2024,1001.0,,51.2,22.7,2.0,,20.61931882566128,25.7
U1257,C0231,2024,THE 2024,1001.0,,47.5,20.7,5.0,,28.1450669122242,54.0
U1258,C0108,2024,THE 2024,1001.0,,53.8,12.6,8.0,,22.35605437035334,34.3
U2940,C0216,2024,THE 2024,1001.0,,43.2,13.3,6.0,,24.68556764082037,42.2
U2544,C0145,2024,THE 2024,1001.0,,22.9,14.9,13.0,,24.637693659255238,61.0
U2949,C0259,2024,THE 2024,1001.0,,55.7,23.6,0.0,,26.91104270430941,34.0
U2961,C0259,2024,THE 2024,1001.0,,39.1,32.3,7.0,,22.48566173393308,32.1
U1298,C0188,2024,THE 2024,1001.0,,40.0,13.1,8.0,,18.51281803068157,29.9
U1299,C0188,2024,THE 2024,1001.0,,47.9,5.4,17.0,,23.706494166101447,43.8
U1307,C0188,2024,THE 2024,1001.0,,43.6,6.4,8.0,,20.79132044814913,31.0
U1309,C0181,2024,THE 2024,1001.0,,55.6,19.9,0.0,,26.29437092857341,50.0
U1330,C0216,2024,THE 2024,1001.0,,43.8,16.5,8.0,,25.574041786524862,41.2
U1332,C0267,2024,THE 2024,1001.0,,43.4,18.6,2.0,,26.445922769587987,29.5
U1335,C0260,2024,THE 2024,1001.0,,66.0,17.7,1.0,,30.17126375110216,49.6
U1338,C0181,2024,THE 2024,1001.0,,60.0,23.6,0.0,,28.007856002568914,48.6
U1367,C0230,2024,THE 2024,1001.0,,55.3,14.0,2.0,,28.94237704230397,50.5
U1380,C0116,2024,THE 2024,1001.0,,32.6,7.4,3.0,,17.6713642622389,23.6
U1385,C0200,2024,THE 2024,1001.0,,63.4,18.2,2.0,,35.92723377502085,76.1
U1415,C0267,2024,THE 2024,1001.0,,29.7,9.5,7.0,,25.67657392562716,44.4
U1417,C0267,2024,THE 2024,1001.0,,24.8,14.9,12.0,,26.734097379074683,48.8
U1423,C0267,2024,THE 2024,1001.0,,33.8,15.5,6.0,,24.233193371131204,32.5
U1434,C0108,2024,THE 2024,1001.0,,50.8,19.8,5.0,,21.418040020750897,24.1
U1492,C0257,2024,THE 2024,1001.0,,39.0,12.8,13.0,,21.53491640802077,38.7
U1504,C0188,2024,THE 2024,1001.0,,38.0,12.0,5.0,,23.658779391333933,33.6
U1509,C0116,2024,THE 2024,1001.0,,41.8,7.2,3.0,,20.533060369488176,29.0
U1511,C0260,2024,THE 2024,1001.0,,59.7,14.4,2.0,,25.8471777503383,31.6
U1513,C0116,2024,THE 2024,1001.0,,57.1,0.9,0.0,,20.990124013803328,20.5
U1540,C0046,2024,THE 2024,1001.0,,51.5,13.3,1.0,,36.15633745046377,25.0
U1540,C0046,2024,THE 2024,1001.0,,51.5,13.3,1.0,,22.744748053228992,25.0
U1557,C0245,2024,THE 2024,1001.0,,44.5,17.6,4.0,,24.360994851057896,39.4
U0310,C0101,2024,THE 2024,1001.0,,55.7,34.4,7.0,,28.886027430999548,42.6
U3037,C0116,2024,THE 2024,1001.0,,54.8,2.5,1.0,,21.28139806217371,22.5
U3060,C0101,2024,THE 2024,1001.0,,29.9,13.7,24.0,,23.73055938706141,54.3
U3063,C0217,2024,THE 2024,1001.0,,58.6,13.9,1.0,,25.338723004645452,39.8
U2418,C0186,2024,THE 2024,1001.0,,53.3,15.6,1.0,,28.045215701874653,49.8
U3066,C0181,2024,THE 2024,1001.0,,61.0,42.7,0.0,,29.47249836428046,47.3
U1645,C0195,2024,THE 2024,1001.0,,44.7,9.1,15.0,,27.590997286779757,59.0
U1647,C0181,2024,THE 2024,1001.0,,53.9,44.7,0.0,,26.90988122912291,47.8
U1662,C0108,2024,THE 2024,1001.0,,38.3,21.5,1.0,,18.90304384206941,19.4
U1672,C0030,2024,THE 2024,1001.0,,42.3,21.1,1.0,,23.159842345468657,35.1
U1688,C0188,2024,THE 2024,1001.0,,41.2,6.0,11.0,,20.740943697819056,34.1
U1707,C0216,2024,THE 2024,1001.0,,49.5,11.8,6.0,,26.797102403115264,46.5
U3087,C0019,2024,THE 2024,1001.0,,59.3,20.4,0.0,,25.560834848226293,39.6
U1736,C0259,2024,THE 2024,1001.0,,43.2,22.9,4.0,,19.84049350506156,26.5
U1752,C0130,2024,THE 2024,1001.0,,32.0,31.7,22.0,,28.91613421824831,57.0
U1754,C0181,2024,THE 2024,1001.0,,67.1,18.4,0.0,,30.34869960859056,48.7
U1766,C0245,2024,THE 2024,1001.0,,45.9,14.5,3.0,,22.866015183921878,39.0
U1798,C0259,2024,THE 2024,1001.0,,57.4,27.2,1.0,,23.63546684893949,22.6
U2431,C0066,2024,THE 2024,1001.0,,48.9,10.2,2.0,,29.89071602380644,67.0
U3116,C0181,2024,THE 2024,1001.0,,50.5,24.3,0.0,,26.237707997343616,48.1
U1852,C0259,2024,THE 2024,1001.0,,50.7,15.1,1.0,,20.55647561448197,22.4
U3126,C0236,2024,THE 2024,1001.0,,40.5,12.6,3.0,,23.34841213607832,44.7
U1869,C0259,2024,THE 2024,1001.0,,34.5,25.2,5.0,,20.077277487000305,27.2
U1873,C0259,2024,THE 2024,1001.0,,55.8,20.3,0.0,,22.43958558091516,22.1
U1875,C0259,2024,THE 2024,1001.0,,52.4,20.7,1.0,,25.810529980239167,32.4
U1879,C0046,2024,THE 2024,1001.0,,51.8,16.7,2.0,,24.188151114638305,36.0
U1890,C0116,2024,THE 2024,1001.0,,34.6,10.4,3.0,,20.73301344612756,32.6
U1899,C0195,2024,THE 2024,1001.0,,26.9,18.3,13.0,,28.089176797324512,59.5
U1904,C0162,2024,THE 2024,1001.0,,50.6,55.6,1.0,,20.4404895533214,25.3
U3136,C0259,2024,THE 2024,1001.0,,33.6,10.8,2.0,,21.973521421949822,34.9
U3142,C0212,2024,THE 2024,1001.0,,50.5,114.2,3.0,,28.495800316579874,41.4
U3147,C0057,2024,THE 2024,1001.0,,51.0,14.6,7.0,,30.880364075621053,53.0
U3151,C0245,2024,THE 2024,1001.0,,33.6,16.0,3.0,,18.595344129875976,29.6
U3216,C0079,2024,THE 2024,1001.0,,53.5,36.9,1.0,,33.738910754947504,62.9
U3158,C0244,2024,THE 2024,1001.0,,42.0,16.0,21.0,,30.57480690312146,77.2
U1968,C0244,2024,THE 2024,1001.0,,48.0,17.6,12.0,,29.28794226706642,64.8
U1992,C0260,2024,THE 2024,1001.0,,70.9,20.3,2.0,,30.899526106278167,48.9
U1991,C0260,2024,THE 2024,1001.0,,57.6,13.1,1.0,,27.42940297948415,50.6
U2012,C0188,2024,THE 2024,1001.0,,53.0,39.0,7.0,,30.487469418139195,52.7
U2014,C0108,2024,THE 2024,1001.0,,62.7,13.0,6.0,,28.37773568274236,40.8
U3175,C0101,2024,THE 2024,1001.0,,40.5,12.3,20.0,,27.51229665211085,57.8
U2019,C0200,2024,THE 2024,1001.0,,54.2,24.4,2.0,,33.2466499703276,76.0
U2024,C0071,2024,THE 2024,1001.0,,42.6,9.9,14.0,,32.30284411808946,59.3
U2031,C0260,2024,THE 2024,1001.0,,62.6,17.3,1.0,,28.46712177066957,47.8
U2059,C0216,2024,THE 2024,1001.0,,42.9,10.1,8.0,,22.499792995625867,40.7
U2080,C0112,2024,THE 2024,1001.0,,45.6,18.7,18.0,,29.403036936000746,64.9
U3188,C0082,2024,THE 2024,1001.0,,29.1,20.1,22.0,,26.02811509125736,74.8
U2087,C0244,2024,THE 2024,1001.0,,52.7,19.4,25.0,,35.50846623606441,81.0
U2101,C0245,2024,THE 2024,1001.0,,47.8,20.0,1.0,,26.52971399422776,43.9
U2114,C0257,2024,THE 2024,1001.0,,48.2,14.3,1.0,,24.94109016807287,40.5
U2127,C0116,2024,THE 2024,1001.0,,39.2,10.9,7.0,,22.1658071039542,36.5
U2147,C0116,2024,THE 2024,1001.0,,24.7,10.8,15.0,,23.429589241960763,43.5
U2148,C0116,2024,THE 2024,1001.0,,38.4,9.7,1.0,,21.118520623902064,33.2
U2564,C0145,2024,THE 2024,1001.0,,48.1,17.2,9.0,,27.53826501028104,45.3
U2545,C0145,2024,THE 2024,1001.0,,47.6,16.8,5.0,,29.28516325555442,49.7
U3310,C0195,2024,THE 2024,1001.0,,34.7,14.0,16.0,,31.482620054896493,59.8
U3247,C0114,2024,THE 2024,1001.0,,52.2,39.0,6.0,,30.923633261171435,52.5
U3317,C0259,2024,THE 2024,1001.0,,59.9,30.7,0.0,,26.800696520262985,27.7
U3319,C0194,2024,THE 2024,1001.0,,54.5,17.7,7.0,,24.057421129911965,40.0
U3371,C0116,2024,THE 2024,1001.0,,49.5,4.3,0.0,,19.453086625342557,19.6
U3387,C0245,2024,THE 2024,1001.0,,39.2,21.3,8.0,,24.23363580966477,43.1
U3221,C0115,2024,THE 2024,1001.0,,51.9,16.3,1.0,,26.42796379267835,47.3
U3278,C0244,2024,THE 2024,1001.0,,47.8,12.9,45.0,,34.78768209899379,91.7
U3280,C0244,2024,THE 2024,1001.0,,50.5,17.4,10.0,,31.3732918940783,59.8
U3288,C0188,2024,THE 2024,1001.0,,35.9,15.1,7.0,,28.05959572418872,44.1
U3429,C0259,2024,THE 2024,1001.0,,44.7,29.7,3.0,,24.358987471301617,36.1
U3295,C0053,2024,THE 2024,1001.0,,44.7,14.8,3.0,,22.44022880480733,31.2
U3451,C0260,2024,THE 2024,1001.0,,53.9,9.8,0.0,,27.61197183470648,37.7
U3457,C0046,2024,THE 2024,1001.0,,67.0,22.5,3.0,,27.85529928710181,30.5
U2864,C0271,2024,THE 2024,1001.0,,48.2,14.0,3.0,,24.776303195889305,31.8
U0019,C0108,2024,THE 2024,1201.0,,21.2,7.3,7.0,,11.333793801089064,29.2
U0026,C0045,2024,THE 2024,1201.0,,39.2,25.0,5.0,,29.46946585384963,64.1
U2627,C0181,2024,THE 2024,1201.0,,36.5,35.3,1.0,,20.98535195588512,48.1
U2454,C0109,2024,THE 2024,1201.0,,31.9,7.2,3.0,,22.982690193545952,57.3
U0070,C0118,2024,THE 2024,1201.0,,27.1,5.9,10.0,,24.42954759232532,72.5
U0081,C0259,2024,THE 2024,1201.0,,28.5,29.7,3.0,,16.792720070170397,32.4
U0090,C0111,2024,THE 2024,1201.0,,34.1,5.9,0.0,,13.96180299613452,25.4
U2643,C0111,2024,THE 2024,1201.0,,55.0,16.4,0.0,,20.21866248142321,26.3
U0126,C0257,2024,THE 2024,1201.0,,41.2,17.0,8.0,,19.563796118353483,32.7
U3202,C0045,2024,THE 2024,1201.0,,30.1,17.9,2.0,,22.33367420645895,50.0
U2647,C0045,2024,THE 2024,1201.0,,51.7,15.9,2.0,,26.53464087601835,53.2
U2646,C0047,2024,THE 2024,1201.0,,33.5,21.1,0.0,,23.603040191211157,40.9
U0149,C0260,2024,THE 2024,1201.0,,32.9,13.9,10.0,,22.222042996117462,53.3
U0157,C0113,2024,THE 2024,1201.0,,37.0,21.4,0.0,,21.54125056418317,30.9
U0173,C0260,2024,THE 2024,1201.0,,48.0,22.1,1.0,,26.04319413091722,52.9
U0176,C0257,2024,THE 2024,1201.0,,45.0,31.0,4.0,,21.57449753967453,25.5
U0180,C0257,2024,THE 2024,1201.0,,38.4,13.5,7.0,,20.63805144810309,45.3
U0193,C0045,2024,THE 2024,1201.0,,30.2,16.4,1.0,,22.179290995744463,51.4
U0198,C0152,2024,THE 2024,1201.0,,46.7,21.8,1.0,,20.829829539982622,30.2
U2655,C0111,2024,THE 2024,1201.0,,47.3,14.9,0.0,,16.844546147263017,21.4
U0221,C0108,2024,THE 2024,1201.0,,31.4,16.8,4.0,,14.741376138544789,25.6
U0223,C0109,2024,THE 2024,1201.0,,29.2,15.3,3.0,,20.005916356776083,38.5
U0236,C0173,2024,THE 2024,1201.0,,43.2,25.4,0.0,,23.028179034582774,49.0
U0252,C0021,2024,THE 2024,1201.0,,17.0,7.6,19.0,,20.1142973319144,66.8
U0263,C0257,2024,THE 2024,1201.0,,26.9,11.8,5.0,,13.831269532298998,27.2
U0274,C0109,2024,THE 2024,1201.0,,37.5,14.2,4.0,,21.57990997850637,34.1
U2689,C0029,2024,THE 2024,1201.0,,46.5,21.8,4.0,,28.68798388827209,58.4
U0290,C0029,2024,THE 2024,1201.0,,35.1,8.8,8.0,,27.95761938738883,77.0
U0900,C0189,2024,THE 2024,1201.0,,42.6,20.6,34.0,,28.581365915194,64.5
U2691,C0030,2024,THE 2024,1201.0,,28.7,13.6,1.0,,18.310172534917875,36.9
U0300,C0260,2024,THE 2024,1201.0,,47.7,14.8,3.0,,21.398986970937397,36.9
U0305,C0108,2024,THE 2024,1201.0,,43.6,18.3,0.0,,17.356764996528135,24.6
U0306,C0259,2024,THE 2024,1201.0,,42.8,24.1,1.0,,20.7359498875756,25.3
U0309,C0101,2024,THE 2024,1201.0,,35.8,16.9,13.0,,22.47326776903633,37.6
U2699,C0216,2024,THE 2024,1201.0,,41.7,13.5,5.0,,22.521216734160166,38.0
U0333,C0244,2024,THE 2024,1201.0,,34.8,18.1,20.0,,29.218682216432494,78.7
U2257,C0047,2024,THE 2024,1201.0,,56.8,21.3,1.0,,25.064137595612035,41.2
U2727,C0236,2024,THE 2024,1201.0,,31.2,10.1,1.0,,18.282228425127546,44.4
U2243,C0216,2024,THE 2024,1201.0,,33.9,19.5,15.0,,23.79944167692331,54.2
U0372,C0267,2024,THE 2024,1201.0,,37.2,25.6,1.0,,18.044266265503445,20.3
U2737,C0244,2024,THE 2024,1201.0,,30.3,18.9,17.0,,24.58427089434632,64.9
U0407,C0261,2024,THE 2024,1201.0,,25.0,24.5,3.0,,20.032113574717847,36.0
U0409,C0108,2024,THE 2024,1201.0,,44.4,20.7,2.0,,17.799456555177606,25.4
U0414,C0261,2024,THE 2024,1201.0,,29.9,14.0,5.0,,20.22047393257588,29.6
U0416,C0267,2024,THE 2024,1201.0,,27.0,17.2,4.0,,16.705044981487827,21.4
U0432,C0108,2024,THE 2024,1201.0,,25.4,16.2,1.0,,15.916397051613302,20.2
U2752,C0045,2024,THE 2024,1201.0,,38.2,18.2,2.0,,25.70759093983492,52.0
U2756,C0051,2024,THE 2024,1201.0,,43.0,14.8,2.0,,22.09518100213714,46.7
U0489,C0257,2024,THE 2024,1201.0,,26.2,15.4,4.0,,20.05157921179036,28.9
U0516,C0047,2024,THE 2024,1201.0,,27.2,10.5,2.0,,20.59159694202596,51.3
U2776,C0111,2024,THE 2024,1201.0,,44.3,17.9,0.0,,17.578648691082023,28.3
U0533,C0257,2024,THE 2024,1201.0,,25.5,23.7,3.0,,16.285894706546927,25.5
U0542,C0181,2024,THE 2024,1201.0,,46.5,7.7,3.0,,22.81078890450869,43.2
U0557,C0257,2024,THE 2024,1201.0,,44.7,33.4,9.0,,24.294826894946475,30.2
U2326,C0163,2024,THE 2024,1201.0,,56.7,28.7,0.0,,27.58441354079401,51.1
U2789,C0181,2024,THE 2024,1201.0,,56.9,30.6,0.0,,27.34438335120501,50.5
U0575,C0257,2024,THE 2024,1201.0,,30.4,20.3,4.0,,17.074578529025374,25.7
U0578,C0116,2024,THE 2024,1201.0,,27.9,11.3,2.0,,16.900129102024145,32.1
U2790,C0116,2024,THE 2024,1201.0,,28.4,15.5,5.0,,22.44986768659469,37.5
U0588,C0257,2024,THE 2024,1201.0,,36.1,37.2,6.0,,19.406430741619616,29.3
U0593,C0066,2024,THE 2024,1201.0,,32.3,10.4,1.0,,21.317319569716147,56.4
U2325,C0030,2024,THE 2024,1201.0,,24.6,9.4,0.0,,14.727214551747696,30.4
U0612,C0195,2024,THE 2024,1201.0,,21.0,12.9,21.0,,24.61415059868509,62.7
U2354,C0030,2024,THE 2024,1201.0,,41.1,25.3,1.0,,25.764736940499755,45.9
U2336,C0030,2024,THE 2024,1201.0,,30.5,19.9,0.0,,15.4526140275451,28.4
U2355,C0030,2024,THE 2024,1201.0,,24.6,19.8,1.0,,15.578070997844952,27.2
U0617,C0030,2024,THE 2024,1201.0,,25.1,13.3,1.0,,15.649076874210497,28.8
U0618,C0030,2024,THE 2024,1201.0,,26.2,13.3,1.0,,14.729927108636584,27.7
U0623,C0030,2024,THE 2024,1201.0,,26.6,18.3,1.0,,16.136659182288774,26.5
U2358,C0030,2024,THE 2024,1201.0,,29.1,15.6,1.0,,16.97185354121287,27.6
U0629,C0030,2024,THE 2024,1201.0,,25.1,12.8,0.0,,13.641517536451074,25.7
U0633,C0030,2024,THE 2024,1201.0,,30.6,16.7,0.0,,15.66098776967221,31.3
U0634,C0030,2024,THE 2024,1201.0,,36.8,14.6,1.0,,16.95985806713992,25.0
U0641,C0030,2024,THE 2024,1201.0,,36.1,14.1,1.0,,16.439454045775225,24.4
U0643,C0030,2024,THE 2024,1201.0,,23.0,9.7,2.0,,13.326037184311222,24.5
U0645,C0045,2024,THE 2024,1201.0,,36.2,29.7,3.0,,23.33453354410229,56.9
U0646,C0267,2024,THE 2024,1201.0,,25.5,23.3,7.0,,19.60319423326445,37.7
U0651,C0005,2024,THE 2024,1201.0,,50.6,22.8,1.0,,22.431267262654472,39.6
U2903,C0045,2024,THE 2024,1201.0,,32.7,23.2,1.0,,21.676061763045183,51.3
U2457,C0109,2024,THE 2024,1201.0,,21.7,8.2,6.0,,20.84997926876365,45.8
U0693,C0257,2024,THE 2024,1201.0,,32.7,17.0,3.0,,18.029188291960534,21.7
U2816,C0188,2024,THE 2024,1201.0,,30.8,12.0,2.0,,18.47665889751709,35.1
U0696,C0257,2024,THE 2024,1201.0,,37.6,24.5,2.0,,18.644085930637058,29.2
U0699,C0194,2024,THE 2024,1201.0,,36.4,17.0,13.0,,18.628663601319836,36.1
U0705,C0245,2024,THE 2024,1201.0,,43.2,18.0,3.0,,20.589887008898263,34.8
U0707,C0117,2024,THE 2024,1201.0,,40.6,12.8,11.0,,27.97013868025573,69.1
U0726,C0181,2024,THE 2024,1201.0,,37.2,17.6,0.0,,22.63445991332754,51.2
U2835,C0259,2024,THE 2024,1201.0,,46.2,34.3,1.0,,21.85975679313728,23.4
U0749,C0116,2024,THE 2024,1201.0,,20.7,7.6,4.0,,12.984337107316255,26.7
U0752,C0108,2024,THE 2024,1201.0,,40.8,19.6,0.0,,14.412618839760087,18.2
U0754,C0261,2024,THE 2024,1201.0,,32.6,12.5,2.0,,18.683116472115728,26.7
U0760,C0261,2024,THE 2024,1201.0,,31.8,9.3,4.0,,18.57922621847868,23.4
U0761,C0226,2024,THE 2024,1201.0,,40.2,20.0,6.0,,30.095305643054147,66.7
U0775,C0117,2024,THE 2024,1201.0,,40.6,23.0,7.0,,25.56823642436885,53.1
U2532,C0162,2024,THE 2024,1201.0,,39.9,35.7,2.0,,16.707857397997543,28.2
U2581,C0082,2024,THE 2024,1201.0,,36.6,27.9,12.0,,25.599143983903247,70.3
U0783,C0260,2024,THE 2024,1201.0,,38.8,22.4,2.0,,20.89960215595381,47.6
U2852,C0259,2024,THE 2024,1201.0,,37.6,24.4,0.0,,18.124172323068592,26.4
U2855,C0057,2024,THE 2024,1201.0,,40.8,12.8,3.0,,27.920067905489823,60.4
U0825,C0101,2024,THE 2024,1201.0,,32.5,11.6,16.0,,23.907097810994195,62.3
U0827,C0116,2024,THE 2024,1201.0,,36.5,4.6,1.0,,15.725794412898043,19.2
U0831,C0162,2024,THE 2024,1201.0,,44.8,88.7,3.0,,20.29850279510988,28.5
U0837,C0259,2024,THE 2024,1201.0,,50.9,199.9,2.0,,21.295927222403108,25.2
U0839,C0085,2024,THE 2024,1201.0,,47.7,13.4,4.0,,25.312794803546986,52.0
U2868,C0173,2024,THE 2024,1201.0,,46.1,39.2,0.0,,22.408178723276624,40.1
U0850,C0195,2024,THE 2024,1201.0,,16.9,17.1,19.0,,22.84505342939853,62.4
U0855,C0261,2024,THE 2024,1201.0,,36.9,15.7,3.0,,22.001632319813854,36.4
U0863,C0108,2024,THE 2024,1201.0,,24.1,14.3,0.0,,13.721127213504584,24.5
U0928,C0109,2024,THE 2024,1201.0,,24.2,6.8,3.0,,16.194234946541226,45.0
U0939,C0267,2024,THE 2024,1201.0,,27.8,27.9,15.0,,23.097102666090777,44.2
U0953,C0257,2024,THE 2024,1201.0,,42.6,16.0,14.0,,27.22684514222509,62.8
U0956,C0257,2024,THE 2024,1201.0,,56.9,18.7,2.0,,22.757852762757967,25.9
U0967,C0242,2024,THE 2024,1201.0,,10.0,10.7,2.0,,8.92099026249055,31.7
U0971,C0257,2024,THE 2024,1201.0,,27.8,18.6,3.0,,17.796047350091698,35.5
U0994,C0261,2024,THE 2024,1201.0,,35.0,17.2,6.0,,21.147981699652444,31.2
U1000,C0046,2024,THE 2024,1201.0,,47.1,15.0,2.0,,20.696581031651995,27.4
U1003,C0116,2024,THE 2024,1201.0,,40.5,0.9,0.0,,15.677724976559048,19.7
U1015,C0188,2024,THE 2024,1201.0,,35.1,9.6,9.0,,19.288146487690742,34.0
U1030,C0116,2024,THE 2024,1201.0,,27.4,9.6,2.0,,15.64778023908644,31.9
U1031,C0116,2024,THE 2024,1201.0,,24.0,10.1,3.0,,13.887336148782357,27.7
U1039,C0261,2024,THE 2024,1201.0,,32.4,21.6,3.0,,20.0360576151395,24.1
U1044,C0257,2024,THE 2024,1201.0,,57.2,42.4,24.0,,27.03884667184231,48.2
U1057,C0108,2024,THE 2024,1201.0,,48.4,16.5,0.0,,20.347900494709062,23.2
U1061,C0137,2024,THE 2024,1201.0,,39.0,13.3,8.0,,22.284766209911368,39.2
U1085,C0259,2024,THE 2024,1201.0,,37.2,16.8,3.0,,18.59202672930507,29.5
U1086,C0242,2024,THE 2024,1201.0,,44.5,12.0,12.0,,19.20496626651981,32.6
U1094,C0231,2024,THE 2024,1201.0,,35.5,17.2,2.0,,20.48508285612162,35.4
U1095,C0019,2024,THE 2024,1201.0,,46.9,13.9,0.0,,22.79426397335201,43.7
U1114,C0231,2024,THE 2024,1201.0,,50.9,23.3,0.0,,22.089949210899324,28.7
U1125,C0116,2024,THE 2024,1201.0,,28.8,5.2,0.0,,12.472292864315792,20.0
U1128,C0108,2024,THE 2024,1201.0,,52.0,14.6,2.0,,19.85282054150544,21.5
U1172,C0116,2024,THE 2024,1201.0,,15.2,13.8,6.0,,14.483723391172074,33.7
U1184,C0116,2024,THE 2024,1201.0,,31.4,16.0,5.0,,20.461338417905665,40.8
U2920,C0039,2024,THE 2024,1201.0,,31.2,13.4,12.0,,24.59473175230085,61.4
U1230,C0188,2024,THE 2024,1201.0,,34.4,13.1,5.0,,18.7881111044538,29.8
U2380,C0216,2024,THE 2024,1201.0,,39.2,12.1,4.0,,23.46326527029512,48.8
U1248,C0082,2024,THE 2024,1201.0,,24.9,50.4,18.0,,26.465817104131176,67.5
U2367,C0189,2024,THE 2024,1201.0,,35.7,6.4,18.0,,22.702876783912764,59.7
U2542,C0145,2024,THE 2024,1201.0,,46.0,13.6,3.0,,21.571102312566392,33.3
U1274,C0108,2024,THE 2024,1201.0,,51.9,14.9,3.0,,22.05100076042568,24.0
U2948,C0236,2024,THE 2024,1201.0,,44.2,14.5,2.0,,22.30376950760062,45.8
U2951,C0208,2024,THE 2024,1201.0,,40.8,14.4,11.0,,23.61153690637453,38.9
U2952,C0162,2024,THE 2024,1201.0,,36.5,45.9,1.0,,19.756173723330285,40.2
U2960,C0151,2024,THE 2024,1201.0,,45.3,22.8,1.0,,22.33259162392663,35.4
U1303,C0188,2024,THE 2024,1201.0,,30.5,5.7,16.0,,17.48405296345804,36.8
U1304,C0188,2024,THE 2024,1201.0,,31.1,7.3,5.0,,14.797140333187132,24.7
U1305,C0033,2024,THE 2024,1201.0,,27.9,5.7,44.0,,21.438444196110268,53.9
U2965,C0194,2024,THE 2024,1201.0,,37.2,9.8,14.0,,19.20821922624407,40.5
U1315,C0057,2024,THE 2024,1201.0,,36.8,16.3,17.0,,27.593478614748285,55.1
U1317,C0152,2024,THE 2024,1201.0,,22.8,42.1,1.0,,19.32699507854356,29.2
U1329,C0116,2024,THE 2024,1201.0,,23.9,8.3,3.0,,13.36449699785021,24.8
U1348,C0162,2024,THE 2024,1201.0,,32.2,41.7,3.0,,18.29210386642,32.1
U2990,C0236,2024,THE 2024,1201.0,,36.2,8.5,2.0,,20.331623376514152,46.0
U1354,C0245,2024,THE 2024,1201.0,,29.2,14.6,7.0,,21.95214163112529,56.3
U1355,C0195,2024,THE 2024,1201.0,,26.4,12.8,12.0,,16.12241728134824,31.9
U1361,C0195,2024,THE 2024,1201.0,,20.4,20.7,14.0,,18.231987308564783,39.9
U1369,C0145,2024,THE 2024,1201.0,,29.0,16.3,9.0,,18.44772661577309,41.2
U1376,C0117,2024,THE 2024,1201.0,,27.6,15.5,18.0,,22.0621853933307,61.2
U1378,C0116,2024,THE 2024,1201.0,,19.9,10.2,12.0,,17.878482237058307,43.2
U1379,C0116,2024,THE 2024,1201.0,,28.5,6.7,5.0,,19.017705430607837,40.3
U1381,C0116,2024,THE 2024,1201.0,,23.0,16.1,5.0,,18.034551452497876,31.4
U3001,C0119,2024,THE 2024,1201.0,,45.9,34.5,2.0,,24.534469017966277,49.8
U3002,C0165,2024,THE 2024,1201.0,,51.3,21.6,3.0,,28.312387570564205,62.8
U1416,C0267,2024,THE 2024,1201.0,,20.6,15.0,8.0,,15.347836646149602,28.8
U1421,C0267,2024,THE 2024,1201.0,,27.4,22.7,6.0,,21.268028718726672,28.7
U1422,C0267,2024,THE 2024,1201.0,,25.0,15.6,4.0,,18.46840549393281,26.5
U1461,C0047,2024,THE 2024,1201.0,,37.1,22.0,1.0,,21.261372713703324,41.1
U1465,C0216,2024,THE 2024,1201.0,,37.8,67.5,4.0,,21.81465554483989,31.0
U1424,C0267,2024,THE 2024,1201.0,,26.3,18.6,9.0,,25.056583446288425,48.6
U1432,C0108,2024,THE 2024,1201.0,,45.7,15.9,0.0,,17.2694355666517,19.8
U1435,C0267,2024,THE 2024,1201.0,,35.0,33.1,3.0,,20.66041455412632,26.8
U1443,C0195,2024,THE 2024,1201.0,,10.7,9.5,7.0,,9.945743057807729,25.5
U1450,C0267,2024,THE 2024,1201.0,,30.2,16.2,8.0,,23.53891977192773,34.7
U1453,C0242,2024,THE 2024,1201.0,,14.9,7.9,14.0,,10.12079863152281,33.6
U1455,C0242,2024,THE 2024,1201.0,,16.0,8.0,3.0,,8.226590624572294,22.4
U3022,C0173,2024,THE 2024,1201.0,,30.3,11.7,1.0,,16.579129936272505,37.0
U1560,C0116,2024,THE 2024,1201.0,,19.7,14.5,6.0,,16.659397999770334,38.2
U1575,C0242,2024,THE 2024,1201.0,,7.4,10.1,2.0,,4.858110613803092,21.5
U1585,C0188,2024,THE 2024,1201.0,,37.3,13.7,6.0,,20.21930996978317,36.1
U3040,C0194,2024,THE 2024,1201.0,,35.0,17.5,6.0,,21.10709232404563,41.0
U1596,C0116,2024,THE 2024,1201.0,,29.8,11.5,4.0,,18.153534842229973,26.6
U1598,C0108,2024,THE 2024,1201.0,,31.1,25.7,3.0,,16.04310019416833,21.4
U1617,C0082,2024,THE 2024,1201.0,,27.9,23.4,16.0,,26.26352994211957,66.7
U3058,C0082,2024,THE 2024,1201.0,,21.6,13.9,15.0,,25.18709464012548,79.9
U1624,C0271,2024,THE 2024,1201.0,,17.1,10.3,24.0,,18.32746980857491,62.1
U1634,C0259,2024,THE 2024,1201.0,,45.5,23.1,5.0,,23.438919542120303,38.2
U3213,C0187,2024,THE 2024,1201.0,,38.7,11.1,0.0,,21.997837891137284,38.4
U1642,C0195,2024,THE 2024,1201.0,,14.5,6.9,4.0,,9.589639148553516,22.6
U1653,C0189,2024,THE 2024,1201.0,,49.6,16.9,5.0,,22.01537527802257,31.8
U1670,C0186,2024,THE 2024,1201.0,,29.7,7.3,1.0,,18.052733366307148,45.6
U1673,C0045,2024,THE 2024,1201.0,,32.8,26.2,1.0,,24.174570087748297,51.1
U1674,C0047,2024,THE 2024,1201.0,,37.4,12.9,2.0,,21.269921194767413,45.3
U1665,C0030,2024,THE 2024,1201.0,,34.3,13.0,1.0,,17.45469648562603,30.7
U1686,C0260,2024,THE 2024,1201.0,,53.7,28.3,0.0,,25.089865129809333,46.6
U1690,C0188,2024,THE 2024,1201.0,,45.2,8.5,6.0,,18.90334934380384,25.9
U1689,C0188,2024,THE 2024,1201.0,,35.9,11.4,6.0,,17.138976375630243,26.9
U1696,C0231,2024,THE 2024,1201.0,,32.6,12.9,2.0,,19.666185279327262,37.7
U3083,C0192,2024,THE 2024,1201.0,,40.8,15.2,1.0,,22.0590461527476,44.4
U1709,C0261,2024,THE 2024,1201.0,,28.5,11.4,10.0,,17.602839240012138,36.4
U3085,C0259,2024,THE 2024,1201.0,,35.1,43.0,33.0,,21.665940996397165,48.6
U3304,C0216,2024,THE 2024,1201.0,,51.2,19.4,6.0,,25.258868712981013,39.9
U1753,C0116,2024,THE 2024,1201.0,,34.0,14.4,4.0,,22.22576871947959,58.4
U1757,C0116,2024,THE 2024,1201.0,,27.4,17.4,10.0,,19.775274985321342,46.8
U2583,C0132,2024,THE 2024,1201.0,,24.2,10.9,7.0,,22.744152686142066,69.7
U1807,C0116,2024,THE 2024,1201.0,,39.3,1.4,0.0,,14.7032655375351,18.3
U1809,C0257,2024,THE 2024,1201.0,,45.4,26.6,7.0,,19.203373250884116,28.4
U1814,C0195,2024,THE 2024,1201.0,,21.8,10.7,14.0,,16.156596516882214,37.1
U1827,C0116,2024,THE 2024,1201.0,,33.1,3.3,0.0,,13.965198223242664,17.6
U1830,C0108,2024,THE 2024,1201.0,,45.0,13.1,3.0,,19.687476937817404,29.4
U1832,C0108,2024,THE 2024,1201.0,,35.1,10.6,5.0,,15.94216355830794,29.7
U2469,C0109,2024,THE 2024,1201.0,,33.9,16.9,2.0,,21.365573207372325,33.3
U1850,C0257,2024,THE 2024,1201.0,,36.7,14.0,8.0,,19.863183553615603,34.1
U1853,C0259,2024,THE 2024,1201.0,,46.2,7.9,7.0,,19.569470111209974,29.1
U1857,C0261,2024,THE 2024,1201.0,,32.7,13.8,9.0,,20.75806612829656,30.6
U2912,C0045,2024,THE 2024,1201.0,,49.2,26.4,1.0,,25.340732872007948,50.4
U1865,C0259,2024,THE 2024,1201.0,,41.8,22.1,1.0,,19.19875613529574,26.3
U1871,C0259,2024,THE 2024,1201.0,,20.8,13.0,2.0,,9.653485694238656,20.6
U1872,C0019,2024,THE 2024,1201.0,,43.4,17.8,0.0,,21.393423143498893,44.8
U3127,C0046,2024,THE 2024,1201.0,,40.4,10.5,2.0,,17.68213062192785,26.6
U1887,C0116,2024,THE 2024,1201.0,,22.3,29.7,5.0,,20.34769497105291,42.3
U1888,C0116,2024,THE 2024,1201.0,,32.3,3.2,4.0,,15.332248121045875,24.5
U1897,C0116,2024,THE 2024,1201.0,,35.5,1.6,0.0,,13.882221867323736,19.8
U1909,C0188,2024,THE 2024,1201.0,,39.4,12.0,4.0,,19.51945110234479,26.6
U2517,C0005,2024,THE 2024,1201.0,,51.3,29.4,0.0,,22.41947565383353,40.6
U1922,C0271,2024,THE 2024,1201.0,,27.4,11.9,5.0,,19.295414206927564,48.5
U1928,C0260,2024,THE 2024,1201.0,,53.5,27.6,0.0,,25.821657872031047,48.8
U1936,C0261,2024,THE 2024,1201.0,,33.0,21.4,6.0,,24.69338891166825,35.0
U1937,C0261,2024,THE 2024,1201.0,,25.1,18.6,12.0,,16.926698750153196,35.6
U2584,C0082,2024,THE 2024,1201.0,,20.8,23.7,26.0,,24.063593710127968,70.0
U3141,C0236,2024,THE 2024,1201.0,,31.4,13.7,2.0,,17.514274062135144,40.1
U3150,C0046,2024,THE 2024,1201.0,,27.7,7.4,2.0,,13.943702699500513,22.3
U1945,C0195,2024,THE 2024,1201.0,,21.4,11.3,11.0,,16.54381291703978,40.3
U1954,C0260,2024,THE 2024,1201.0,,53.3,33.0,1.0,,25.888358175872007,48.9
U1957,C0046,2024,THE 2024,1201.0,,38.3,15.9,2.0,,17.753895218188298,21.8
U3159,C0053,2024,THE 2024,1201.0,,49.1,15.7,2.0,,23.92354953545376,36.0
U1964,C0108,2024,THE 2024,1201.0,,23.6,15.0,0.0,,13.528670005128973,31.5
U1965,C0108,2024,THE 2024,1201.0,,51.6,15.5,2.0,,21.219594788848788,26.8
U2088,C0194,2024,THE 2024,1201.0,,49.3,22.9,14.0,,23.73181088990132,36.9
U1983,C0116,2024,THE 2024,1201.0,,44.4,0.8,1.0,,16.517715321803966,20.1
U1989,C0195,2024,THE 2024,1201.0,,22.8,13.6,20.0,,18.41915207549397,41.7
U2553,C0145,2024,THE 2024,1201.0,,38.6,17.7,7.0,,21.95005571408715,47.0
U3170,C0244,2024,THE 2024,1201.0,,40.2,16.0,42.0,,27.663959487745498,71.6
U2006,C0231,2024,THE 2024,1201.0,,27.7,26.2,1.0,,21.38513811177848,37.9
U2472,C0109,2024,THE 2024,1201.0,,51.5,20.4,0.0,,19.845975241495037,25.8
U3179,C0045,2024,THE 2024,1201.0,,31.5,15.5,0.0,,22.27782057645038,52.3
U2029,C0267,2024,THE 2024,1201.0,,34.1,22.5,7.0,,20.290403504653355,42.9
U3181,C0045,2024,THE 2024,1201.0,,45.1,31.8,4.0,,30.912672868197888,59.0
U2032,C0242,2024,THE 2024,1201.0,,20.2,10.6,5.0,,13.485427590959736,31.8
U2060,C0194,2024,THE 2024,1201.0,,39.3,20.5,2.0,,17.84349606945188,25.0
U2061,C0089,2024,THE 2024,1201.0,,50.4,33.2,4.0,,23.997667170276625,40.7
U2064,C0271,2024,THE 2024,1201.0,,30.2,13.1,23.0,,21.841022038461567,44.8
U3187,C0082,2024,THE 2024,1201.0,,24.3,15.6,19.0,,26.185220690828142,83.8
U2554,C0145,2024,THE 2024,1201.0,,32.6,16.1,6.0,,19.456161425079003,44.2
U0909,C0109,2024,THE 2024,1201.0,,25.4,7.1,6.0,,16.487580815514555,42.5
U3200,C0245,2024,THE 2024,1201.0,,45.1,21.7,2.0,,22.289818419672105,46.1
U2103,C0108,2024,THE 2024,1201.0,,27.9,15.3,1.0,,13.79659253860759,18.4
U2104,C0231,2024,THE 2024,1201.0,,25.7,11.4,1.0,,19.86705651957404,38.1
U2107,C0108,2024,THE 2024,1201.0,,41.9,18.3,0.0,,14.706930373773732,18.0
U2117,C0116,2024,THE 2024,1201.0,,33.7,13.7,0.0,,16.19591111929889,21.5
U2118,C0116,2024,THE 2024,1201.0,,36.5,16.0,4.0,,17.648216138769385,30.4
U2120,C0116,2024,THE 2024,1201.0,,24.4,9.7,2.0,,19.200702035641328,26.4
U2131,C0116,2024,THE 2024,1201.0,,19.7,10.4,8.0,,17.477451685771364,44.4
U2133,C0116,2024,THE 2024,1201.0,,26.4,24.0,4.0,,21.57734644107537,29.1
U2136,C0057,2024,THE 2024,1201.0,,31.8,20.1,11.0,,25.95543635894244,51.3
U3230,C0116,2024,THE 2024,1201.0,,29.2,10.6,3.0,,17.38971878985871,33.1
U2150,C0194,2024,THE 2024,1201.0,,49.8,20.4,1.0,,23.101410607764134,36.9
U2152,C0167,2024,THE 2024,1201.0,,49.5,30.9,0.0,,23.648405007309652,46.7
U2164,C0267,2024,THE 2024,1201.0,,37.8,20.4,10.0,,23.22883728835476,46.6
U3238,C0236,2024,THE 2024,1201.0,,23.5,11.4,2.0,,14.835560700399036,39.2
U2171,C0267,2024,THE 2024,1201.0,,18.3,8.9,8.0,,18.51789511650443,27.1
U2195,C0216,2024,THE 2024,1201.0,,38.0,36.0,37.0,,25.93114369970016,58.6
U2196,C0030,2024,THE 2024,1201.0,,22.3,24.3,0.0,,14.740489010786334,29.3
U2562,C0145,2024,THE 2024,1201.0,,37.0,16.6,6.0,,21.419647132821805,42.1
U3253,C0216,2024,THE 2024,1201.0,,37.9,10.7,6.0,,21.204367203560796,38.1
U3336,C0108,2024,THE 2024,1201.0,,44.4,14.4,2.0,,17.93639667112801,27.7
U3255,C0212,2024,THE 2024,1201.0,,19.9,29.4,1.0,,25.989737842553147,49.0
U3341,C0251,2024,THE 2024,1201.0,,46.8,15.9,1.0,,24.91165408684205,48.9
U3347,C0137,2024,THE 2024,1201.0,,36.0,12.3,11.0,,23.8089995338226,47.2
U3354,C0108,2024,THE 2024,1201.0,,41.8,15.3,2.0,,17.542128025814627,20.1
U3359,C0242,2024,THE 2024,1201.0,,8.8,8.3,28.0,,12.50529060535613,47.2
U3362,C0195,2024,THE 2024,1201.0,,34.5,10.5,5.0,,16.89226637107271,27.9
U3368,C0057,2024,THE 2024,1201.0,,27.8,14.7,13.0,,22.96390165919307,46.9
U3369,C0137,2024,THE 2024,1201.0,,27.4,11.2,15.0,,22.58845388711333,61.9
U3373,C0231,2024,THE 2024,1201.0,,35.5,13.6,1.0,,20.50896245427513,40.7
U3374,C0188,2024,THE 2024,1201.0,,41.6,13.4,8.0,,20.05116366309539,34.2
U3376,C0188,2024,THE 2024,1201.0,,33.3,17.1,7.0,,20.948949274226678,31.7
U3275,C0057,2024,THE 2024,1201.0,,35.2,14.8,5.0,,20.87156174026581,32.4
U3277,C0089,2024,THE 2024,1201.0,,39.3,46.2,2.0,,20.588851335511677,27.9
U3393,C0194,2024,THE 2024,1201.0,,40.2,23.9,6.0,,20.780120297319645,34.9
U3404,C0188,2024,THE 2024,1201.0,,34.3,16.7,4.0,,17.765194636351417,29.6
U3405,C0188,2024,THE 2024,1201.0,,33.1,19.8,4.0,,19.24992820886927,29.7
U3409,C0046,2024,THE 2024,1201.0,,46.2,15.8,1.0,,18.477231994605543,23.5
U3413,C0046,2024,THE 2024,1201.0,,49.0,20.6,0.0,,21.506515763261675,21.8
U3417,C0046,2024,THE 2024,1201.0,,43.5,18.6,3.0,,19.906028543077987,21.4
U3421,C0116,2024,THE 2024,1201.0,,24.8,8.8,2.0,,16.192408214378965,32.3
U3423,C0116,2024,THE 2024,1201.0,,21.4,10.9,5.0,,14.403432820760887,33.4
U3293,C0116,2024,THE 2024,1201.0,,25.9,6.2,5.0,,14.583982213568197,29.0
U3427,C0117,2024,THE 2024,1201.0,,41.5,28.3,11.0,,25.16726853706698,53.1
U3428,C0259,2024,THE 2024,1201.0,,52.3,25.8,0.0,,21.945903307030804,22.4
U3438,C0116,2024,THE 2024,1201.0,,19.1,13.4,8.0,,19.109276465991947,36.1
U3444,C0267,2024,THE 2024,1201.0,,32.1,23.0,8.0,,25.61800951559129,42.8
U3445,C0242,2024,THE 2024,1201.0,,8.2,10.4,1.0,,6.739852159904371,26.3
U3296,C0255,2024,THE 2024,1201.0,,45.8,24.6,2.0,,25.31740279791258,54.9
U3297,C0259,2024,THE 2024,1201.0,,42.6,23.5,0.0,,18.956062667112352,27.3
U3448,C0259,2024,THE 2024,1201.0,,35.5,10.9,1.0,,15.498797147630166,21.5
U3453,C0046,2024,THE 2024,1201.0,,34.5,31.0,5.0,,17.54164187648618,23.0
U3299,C0256,2024,THE 2024,1201.0,,37.3,22.5,0.0,,23.19780819148825,50.8
U2448,C0005,2024,THE 2024,1501.0,,25.4,20.9,1.0,,14.004432156143585,37.0
U2604,C0005,2024,THE 2024,1501.0,,8.1,19.5,1.0,,7.349303954751344,33.5
U0008,C0162,2024,THE 2024,1501.0,,30.1,91.8,1.0,,14.207157966050714,29.4
U2623,C0005,2024,THE 2024,1501.0,,11.6,21.3,1.0,,9.503885794899048,35.3
U0018,C0257,2024,THE 2024,1501.0,,22.7,5.7,3.0,,13.32496692135253,30.3
U0025,C0245,2024,THE 2024,1501.0,,26.1,11.1,7.0,,12.783450704517326,33.0
U0029,C0173,2024,THE 2024,1501.0,,17.2,10.7,1.0,,14.618372658715378,43.6
U0049,C0116,2024,THE 2024,1501.0,,20.8,10.7,4.0,,12.596202543551293,26.7
U0051,C0257,2024,THE 2024,1501.0,,23.5,22.2,8.0,,11.34081193050254,28.0
U0067,C0194,2024,THE 2024,1501.0,,31.6,22.3,8.0,,18.5441593813565,40.2
U0098,C0195,2024,THE 2024,1501.0,,15.2,19.0,27.0,,21.59368361719171,64.4
U0102,C0259,2024,THE 2024,1501.0,,24.6,28.4,3.0,,15.815713559299429,31.0
U2645,C0111,2024,THE 2024,1501.0,,39.1,15.5,0.0,,16.672247078146587,29.3
U2455,C0109,2024,THE 2024,1501.0,,16.5,22.0,1.0,,12.461709165997323,33.2
U3204,C0265,2024,THE 2024,1501.0,,8.8,10.1,2.0,,12.025353777286703,50.2
U0127,C0108,2024,THE 2024,1501.0,,18.7,14.8,5.0,,9.740891173790732,24.1
U2203,C0045,2024,THE 2024,1501.0,,33.5,18.4,2.0,,20.76018924097046,50.6
U0138,C0257,2024,THE 2024,1501.0,,30.5,27.6,6.0,,16.53676552863895,34.4
U0139,C0257,2024,THE 2024,1501.0,,23.1,23.3,12.0,,14.997416561719298,35.4
U0142,C0108,2024,THE 2024,1501.0,,20.0,13.6,0.0,,8.759236511482447,20.1
U0144,C0047,2024,THE 2024,1501.0,,33.1,14.1,2.0,,19.542960284087474,51.5
U0145,C0116,2024,THE 2024,1501.0,,10.4,12.2,3.0,,9.295297289435569,36.2
U0155,C0259,2024,THE 2024,1501.0,,32.7,18.7,5.0,,15.05359263287602,26.3
U2211,C0152,2024,THE 2024,1501.0,,10.2,15.0,2.0,,9.027315645695031,37.3
U2212,C0152,2024,THE 2024,1501.0,,12.8,29.6,0.0,,9.135954384219971,34.4
U2214,C0152,2024,THE 2024,1501.0,,11.1,19.5,0.0,,7.510230043635218,26.4
U2216,C0152,2024,THE 2024,1501.0,,7.7,10.6,1.0,,6.414726292360588,26.9
U2217,C0152,2024,THE 2024,1501.0,,9.1,17.4,0.0,,6.866960545357198,27.4
U2222,C0152,2024,THE 2024,1501.0,,17.1,48.0,0.0,,10.810200194729816,33.4
U2223,C0152,2024,THE 2024,1501.0,,19.1,45.2,1.0,,11.344756681668828,30.0
U2226,C0152,2024,THE 2024,1501.0,,14.6,19.6,0.0,,10.551449702272627,33.6
U0194,C0152,2024,THE 2024,1501.0,,12.6,21.7,3.0,,9.912147462074252,35.7
U0209,C0005,2024,THE 2024,1501.0,,12.5,11.9,2.0,,13.485293141766808,35.0
U2656,C0111,2024,THE 2024,1501.0,,19.8,13.3,0.0,,10.293442056413554,20.2
U0216,C0016,2024,THE 2024,1501.0,,13.8,13.2,2.0,,10.027968038192952,35.5
U0214,C0257,2024,THE 2024,1501.0,,15.7,13.3,3.0,,9.241848226975256,22.0
U2664,C0111,2024,THE 2024,1501.0,,14.6,11.7,0.0,,7.584625105779532,26.1
U2667,C0005,2024,THE 2024,1501.0,,12.2,23.7,1.0,,7.929275720657742,30.4
U2682,C0005,2024,THE 2024,1501.0,,14.4,23.7,1.0,,12.330928126114909,44.9
U0254,C0195,2024,THE 2024,1501.0,,10.6,15.6,20.0,,13.348537464048464,42.3
U0256,C0152,2024,THE 2024,1501.0,,17.1,45.2,1.0,,12.059747065412411,37.7
U2673,C0173,2024,THE 2024,1501.0,,35.0,25.8,0.0,,14.918942891502962,34.7
U0261,C0045,2024,THE 2024,1501.0,,10.7,18.6,6.0,,14.427223694292811,54.0
U0265,C0108,2024,THE 2024,1501.0,,30.2,14.0,2.0,,14.55239577445258,35.9
U0266,C0108,2024,THE 2024,1501.0,,13.5,7.3,0.0,,6.31510323103799,18.8
U0267,C0188,2024,THE 2024,1501.0,,23.1,10.8,3.0,,13.518465844444108,24.3
U0270,C0257,2024,THE 2024,1501.0,,22.8,16.3,13.0,,12.456971579193784,32.0
U2683,C0045,2024,THE 2024,1501.0,,13.9,25.5,1.0,,14.96896379568717,46.7
U2678,C0259,2024,THE 2024,1501.0,,26.7,36.9,4.0,,12.26926463256765,26.2
U2681,C0005,2024,THE 2024,1501.0,,19.3,21.5,0.0,,12.370142395081004,38.1
U0281,C0005,2024,THE 2024,1501.0,,14.9,20.4,1.0,,10.685036525048194,36.8
U0286,C0257,2024,THE 2024,1501.0,,29.2,22.1,9.0,,14.442654434088183,32.4
U0294,C0257,2024,THE 2024,1501.0,,30.3,14.4,5.0,,13.991311573317825,28.9
U2692,C0109,2024,THE 2024,1501.0,,17.2,14.4,1.0,,9.39848769652474,25.7
U0315,C0231,2024,THE 2024,1501.0,,10.3,17.4,2.0,,7.656036225042884,27.6
U0317,C0257,2024,THE 2024,1501.0,,30.4,18.5,8.0,,14.21593459614175,29.7
U0318,C0257,2024,THE 2024,1501.0,,20.0,24.2,10.0,,12.12894693966747,32.3
U2703,C0047,2024,THE 2024,1501.0,,9.0,58.2,0.0,,8.99243727435783,32.2
U0140,C0257,2024,THE 2024,1501.0,,22.7,19.9,20.0,,14.602360648268284,41.0
U0342,C0030,2024,THE 2024,1501.0,,11.7,22.6,0.0,,10.417937152311133,35.7
U0345,C0045,2024,THE 2024,1501.0,,29.0,20.3,3.0,,23.66364431988408,58.0
U2238,C0045,2024,THE 2024,1501.0,,19.3,21.1,3.0,,19.5775222556059,57.5
U2236,C0045,2024,THE 2024,1501.0,,22.9,22.9,0.0,,19.40537457509613,48.9
U2730,C0030,2024,THE 2024,1501.0,,11.8,30.4,0.0,,6.462654527432648,21.6
U0351,C0030,2024,THE 2024,1501.0,,8.9,14.7,0.0,,6.268872609520003,20.2
U1275,C0257,2024,THE 2024,1501.0,,21.6,17.9,3.0,,7.411091354779486,22.0
U0362,C0030,2024,THE 2024,1501.0,,18.2,21.0,0.0,,10.790198419289723,30.6
U0367,C0047,2024,THE 2024,1501.0,,5.8,13.6,3.0,,8.184751457221953,37.1
U0375,C0267,2024,THE 2024,1501.0,,28.2,37.5,5.0,,20.36764498059229,38.9
U0462,C0245,2024,THE 2024,1501.0,,30.4,16.3,1.0,,13.45395487098528,29.8
U0382,C0195,2024,THE 2024,1501.0,,10.7,24.3,2.0,,7.841220383596932,25.9
U0387,C0116,2024,THE 2024,1501.0,,13.0,24.4,2.0,,6.3527343163358045,20.9
U0399,C0267,2024,THE 2024,1501.0,,16.8,23.5,6.0,,10.317823677192298,29.8
U2489,C0162,2024,THE 2024,1501.0,,28.8,34.5,2.0,,13.725730943402386,26.7
U0410,C0116,2024,THE 2024,1501.0,,15.9,17.1,2.0,,12.073160238111772,34.1
U0418,C0116,2024,THE 2024,1501.0,,15.5,35.6,4.0,,11.473036374275564,30.4
U2745,C0152,2024,THE 2024,1501.0,,12.4,9.3,0.0,,8.334197480348681,31.6
U0470,C0216,2024,THE 2024,1501.0,,26.3,21.0,7.0,,19.74721336575182,44.2
U0471,C0046,2024,THE 2024,1501.0,,15.5,15.3,3.0,,12.191072061853358,23.4
U0483,C0188,2024,THE 2024,1501.0,,30.4,12.2,5.0,,14.316865190672765,27.3
U2757,C0194,2024,THE 2024,1501.0,,25.2,20.9,4.0,,12.318149411457243,24.0
U0505,C0259,2024,THE 2024,1501.0,,27.0,15.9,0.0,,13.769654250929293,27.9
U2766,C0230,2024,THE 2024,1501.0,,28.2,21.1,0.0,,18.790666231406654,49.5
U0513,C0187,2024,THE 2024,1501.0,,31.3,14.5,3.0,,16.181543890388205,29.3
U2619,C0087,2024,THE 2024,1501.0,,31.1,27.4,0.0,,19.968125353936024,51.5
U0527,C0257,2024,THE 2024,1501.0,,12.7,17.5,4.0,,10.746397359839555,21.9
U0530,C0109,2024,THE 2024,1501.0,,19.1,18.0,2.0,,15.14626449323801,35.1
U0531,C0116,2024,THE 2024,1501.0,,22.0,1.2,1.0,,9.507327812695475,19.1
U0539,C0116,2024,THE 2024,1501.0,,11.1,18.6,4.0,,10.392297276618471,35.5
U0552,C0257,2024,THE 2024,1501.0,,23.3,44.4,19.0,,13.293696289768503,38.5
U0553,C0194,2024,THE 2024,1501.0,,17.5,16.0,22.0,,14.058563888823144,46.1
U0559,C0047,2024,THE 2024,1501.0,,16.5,18.8,1.0,,14.351860479501973,44.7
U0580,C0047,2024,THE 2024,1501.0,,20.0,6.8,2.0,,15.010709973948131,46.6
U0589,C0257,2024,THE 2024,1501.0,,37.6,21.9,4.0,,14.641021128708438,23.7
U0591,C0066,2024,THE 2024,1501.0,,29.0,13.2,1.0,,19.196968020258492,52.1
U0596,C0257,2024,THE 2024,1501.0,,20.5,17.5,7.0,,14.252444837154544,27.0
U2324,C0030,2024,THE 2024,1501.0,,15.7,11.5,1.0,,8.419447034516342,21.2
U2333,C0030,2024,THE 2024,1501.0,,21.6,22.8,0.0,,13.421487345440584,34.5
U2330,C0030,2024,THE 2024,1501.0,,20.2,12.2,0.0,,11.482291809333846,22.0
U2334,C0030,2024,THE 2024,1501.0,,7.4,9.9,0.0,,5.011376060125963,20.4
U0616,C0173,2024,THE 2024,1501.0,,24.5,26.5,0.0,,12.055300291620894,31.4
U2338,C0030,2024,THE 2024,1501.0,,25.1,11.6,1.0,,13.476198216537972,26.1
U0619,C0030,2024,THE 2024,1501.0,,21.3,17.3,1.0,,11.074740886790869,28.0
U2340,C0030,2024,THE 2024,1501.0,,27.5,16.6,0.0,,14.751785941343243,29.8
U2357,C0030,2024,THE 2024,1501.0,,14.5,19.2,0.0,,8.162414885665,23.2
U0624,C0030,2024,THE 2024,1501.0,,22.3,15.0,1.0,,12.704550469064213,28.9
U2343,C0030,2024,THE 2024,1501.0,,20.7,16.3,1.0,,11.347621337909011,24.7
U0626,C0030,2024,THE 2024,1501.0,,21.3,17.7,0.0,,11.8851642553352,26.8
U0614,C0030,2024,THE 2024,1501.0,,19.1,12.3,0.0,,10.010680596503333,23.4
U2366,C0030,2024,THE 2024,1501.0,,5.7,12.4,0.0,,3.5546340988313627,18.3
U2348,C0030,2024,THE 2024,1501.0,,36.4,16.0,0.0,,16.222261739623775,28.1
U0663,C0030,2024,THE 2024,1501.0,,27.8,20.8,1.0,,15.611190868504591,30.8
U2805,C0030,2024,THE 2024,1501.0,,33.6,20.3,0.0,,17.171706876688862,37.8
U2529,C0005,2024,THE 2024,1501.0,,13.5,16.2,1.0,,10.349601898901174,38.3
U2275,C0066,2024,THE 2024,1501.0,,11.6,14.5,1.0,,10.575983422402668,40.6
U2811,C0116,2024,THE 2024,1501.0,,16.4,7.6,2.0,,10.6530094242606,26.5
U0679,C0116,2024,THE 2024,1501.0,,17.9,8.7,1.0,,9.197345070285891,24.4
U2497,C0236,2024,THE 2024,1501.0,,28.9,12.4,1.0,,16.916722264665523,42.8
U0691,C0257,2024,THE 2024,1501.0,,33.0,38.1,12.0,,18.12966815593728,39.5
U0704,C0085,2024,THE 2024,1501.0,,22.2,15.0,2.0,,14.29340801174567,40.8
U0708,C0260,2024,THE 2024,1501.0,,34.0,12.8,2.0,,19.54129121877613,48.6
U0710,C0194,2024,THE 2024,1501.0,,23.2,20.8,9.0,,12.658176869417709,32.1
U0714,C0108,2024,THE 2024,1501.0,,20.8,13.9,1.0,,10.08459863054198,25.2
U0718,C0108,2024,THE 2024,1501.0,,23.0,11.8,3.0,,12.128673066069188,24.1
U0737,C0194,2024,THE 2024,1501.0,,18.9,10.8,26.0,,13.999047199437529,42.1
U2832,C0152,2024,THE 2024,1501.0,,13.7,19.3,0.0,,9.06173392834031,31.2
U2833,C0152,2024,THE 2024,1501.0,,13.4,21.4,2.0,,10.487887928270135,36.4
U0742,C0195,2024,THE 2024,1501.0,,12.5,12.2,7.0,,8.514800415918284,26.8
U0765,C0251,2024,THE 2024,1501.0,,27.4,34.1,0.0,,19.001621634952887,39.7
U0774,C0109,2024,THE 2024,1501.0,,25.8,16.6,0.0,,11.33211312694873,19.8
U2531,C0162,2024,THE 2024,1501.0,,19.2,88.2,2.0,,9.723324527918086,23.6
U0777,C0005,2024,THE 2024,1501.0,,20.7,22.0,1.0,,15.664467101561833,41.9
U2841,C0054,2024,THE 2024,1501.0,,10.8,9.0,5.0,,15.002701895719406,53.0
U0782,C0089,2024,THE 2024,1501.0,,34.2,6.8,1.0,,14.08160421602344,26.2
U0785,C0195,2024,THE 2024,1501.0,,9.8,15.4,18.0,,11.196578745423428,39.2
U0791,C0108,2024,THE 2024,1501.0,,33.6,11.3,1.0,,13.636829227942036,23.4
U0796,C0257,2024,THE 2024,1501.0,,15.1,22.6,4.0,,7.990541078753514,22.8
U0809,C0116,2024,THE 2024,1501.0,,34.0,37.7,5.0,,18.25581087634979,38.3
U0818,C0251,2024,THE 2024,1501.0,,16.4,23.0,1.0,,14.20352795629906,49.2
U2860,C0116,2024,THE 2024,1501.0,,11.8,12.4,3.0,,9.179782688881035,24.6
U0829,C0116,2024,THE 2024,1501.0,,12.2,14.8,3.0,,9.61466328247979,27.4
U2376,C0047,2024,THE 2024,1501.0,,11.6,23.4,1.0,,11.833997156974087,38.0
U0886,C0195,2024,THE 2024,1501.0,,14.0,11.4,6.0,,6.986660721050904,23.1
U0890,C0257,2024,THE 2024,1501.0,,21.5,22.2,3.0,,9.363542396734667,21.1
U0902,C0152,2024,THE 2024,1501.0,,14.5,13.0,0.0,,8.508998607485426,25.5
U0914,C0089,2024,THE 2024,1501.0,,36.5,38.0,2.0,,16.358084091182565,30.7
U0933,C0195,2024,THE 2024,1501.0,,23.4,10.6,13.0,,13.131606711921672,33.8
U0934,C0195,2024,THE 2024,1501.0,,9.1,14.2,4.0,,8.294108758570069,28.1
U0945,C0109,2024,THE 2024,1501.0,,12.5,26.5,4.0,,10.1995035306595,35.5
U0951,C0257,2024,THE 2024,1501.0,,32.3,26.3,13.0,,21.28100584959417,56.9
U0957,C0257,2024,THE 2024,1501.0,,33.3,20.0,16.0,,19.20657515545229,44.0
U0966,C0085,2024,THE 2024,1501.0,,22.2,30.6,3.0,,16.768470055606056,46.7
U0969,C0195,2024,THE 2024,1501.0,,7.0,16.8,6.0,,5.946809222139041,25.0
U0970,C0116,2024,THE 2024,1501.0,,12.6,13.6,3.0,,9.251402530151386,28.2
U0973,C0257,2024,THE 2024,1501.0,,36.7,14.7,2.0,,17.79909395695773,32.5
U0983,C0057,2024,THE 2024,1501.0,,15.3,17.7,3.0,,13.768765346309255,38.2
U0984,C0188,2024,THE 2024,1501.0,,11.9,11.2,3.0,,9.53730251990008,27.9
U0993,C0082,2024,THE 2024,1501.0,,13.6,39.0,18.0,,18.70470842021298,60.8
U0995,C0109,2024,THE 2024,1501.0,,23.0,30.2,0.0,,9.721967005670535,21.3
U0998,C0046,2024,THE 2024,1501.0,,27.6,15.1,1.0,,11.376686291984369,22.0
U2879,C0005,2024,THE 2024,1501.0,,12.7,22.4,0.0,,10.273786650524237,37.5
U1036,C0116,2024,THE 2024,1501.0,,11.4,14.5,4.0,,9.896953281783976,38.7
U1037,C0116,2024,THE 2024,1501.0,,17.3,2.1,1.0,,8.498602190377545,21.2
U1041,C0116,2024,THE 2024,1501.0,,7.3,12.3,4.0,,7.337953481432141,33.4
U2887,C0181,2024,THE 2024,1501.0,,19.5,39.3,0.0,,15.00424492231597,44.4
U1045,C0257,2024,THE 2024,1501.0,,27.8,14.0,5.0,,12.079976279134817,22.7
U2568,C0005,2024,THE 2024,1501.0,,16.0,26.4,0.0,,9.238114685422174,29.4
U1058,C0231,2024,THE 2024,1501.0,,23.5,18.7,1.0,,14.735086403921908,33.8
U1060,C0257,2024,THE 2024,1501.0,,35.8,36.8,12.0,,18.453877636735243,35.5
U1069,C0195,2024,THE 2024,1501.0,,24.9,16.7,12.0,,13.71996751517967,31.7
U1070,C0195,2024,THE 2024,1501.0,,12.4,11.6,16.0,,9.672468972620766,35.4
U1071,C0195,2024,THE 2024,1501.0,,7.3,10.7,31.0,,11.239859539802804,45.2
U2889,C0217,2024,THE 2024,1501.0,,12.0,15.6,3.0,,9.374452445296772,36.2
U1077,C0195,2024,THE 2024,1501.0,,8.6,18.5,7.0,,6.485608617617563,24.3
U2892,C0111,2024,THE 2024,1501.0,,10.7,15.8,0.0,,5.470828043320265,22.6
U1113,C0231,2024,THE 2024,1501.0,,19.2,23.0,1.0,,18.0441476896073,30.7
U1123,C0257,2024,THE 2024,1501.0,,17.2,47.7,1.0,,12.394375944061364,18.8
U1155,C0257,2024,THE 2024,1501.0,,18.4,24.6,17.0,,12.525229006066514,37.3
U1135,C0257,2024,THE 2024,1501.0,,22.1,47.2,2.0,,10.844329441224652,25.8
U1136,C0116,2024,THE 2024,1501.0,,21.8,8.3,1.0,,12.355392904015622,26.8
U1137,C0116,2024,THE 2024,1501.0,,15.9,20.3,2.0,,15.221553435214783,39.1
U1138,C0116,2024,THE 2024,1501.0,,26.3,18.3,2.0,,12.797844704809156,25.0
U1147,C0261,2024,THE 2024,1501.0,,20.1,11.6,11.0,,15.1231090254073,36.1
U2537,C0145,2024,THE 2024,1501.0,,24.3,11.9,5.0,,15.49171102364688,43.7
U2899,C0111,2024,THE 2024,1501.0,,18.0,12.3,0.0,,9.937762343247345,29.5
U1169,C0116,2024,THE 2024,1501.0,,15.4,24.7,4.0,,12.304033549231493,40.9
U1176,C0116,2024,THE 2024,1501.0,,14.9,21.9,2.0,,12.881794780874234,44.8
U1187,C0173,2024,THE 2024,1501.0,,28.0,53.1,0.0,,15.036402681658451,32.5
U2904,C0005,2024,THE 2024,1501.0,,17.2,29.8,0.0,,12.10287753730207,39.7
U1188,C0173,2024,THE 2024,1501.0,,25.3,35.6,0.0,,15.525161864390256,41.9
U1189,C0181,2024,THE 2024,1501.0,,37.6,21.3,0.0,,19.19978091059797,40.6
U2908,C0109,2024,THE 2024,1501.0,,26.3,13.1,0.0,,9.524565265345965,18.4
U1201,C0130,2024,THE 2024,1501.0,,15.8,21.3,4.0,,12.453816583771337,24.1
U2922,C0188,2024,THE 2024,1501.0,,30.3,11.6,2.0,,13.213690964869716,20.7
U1225,C0118,2024,THE 2024,1501.0,,21.1,13.5,4.0,,18.396808396490695,54.2
U1228,C0195,2024,THE 2024,1501.0,,14.7,10.6,12.0,,13.549579046092097,38.5
U2765,C0188,2024,THE 2024,1501.0,,28.8,14.0,9.0,,18.36962833718,35.5
U1240,C0030,2024,THE 2024,1501.0,,19.6,10.9,1.0,,12.96031879550202,23.9
U2933,C0045,2024,THE 2024,1501.0,,25.8,17.4,0.0,,20.03461693576999,49.5
U1246,C0194,2024,THE 2024,1501.0,,29.7,16.5,3.0,,16.094378168692064,28.4
U2935,C0108,2024,THE 2024,1501.0,,26.5,29.4,2.0,,11.876548845818238,23.1
U2938,C0114,2024,THE 2024,1501.0,,24.6,27.0,4.0,,18.80679800232428,37.3
U1255,C0030,2024,THE 2024,1501.0,,12.4,28.1,0.0,,9.10037261261174,28.7
U1259,C0231,2024,THE 2024,1501.0,,10.5,30.2,2.0,,6.408221083656704,25.0
U2540,C0145,2024,THE 2024,1501.0,,32.6,19.9,3.0,,19.738508520868635,41.9
U1280,C0188,2024,THE 2024,1501.0,,22.4,11.7,9.0,,17.807202487094475,33.4
U1284,C0257,2024,THE 2024,1501.0,,31.9,30.6,5.0,,16.130513018081604,30.7
U2955,C0005,2024,THE 2024,1501.0,,31.4,23.8,0.0,,16.796466523584296,43.2
U1292,C0271,2024,THE 2024,1501.0,,15.5,14.2,10.0,,14.59289826806459,40.7
U2382,C0045,2024,THE 2024,1501.0,,28.7,12.1,1.0,,18.317498653671983,49.5
U1310,C0116,2024,THE 2024,1501.0,,13.5,34.0,5.0,,10.77735597453004,31.4
U1311,C0116,2024,THE 2024,1501.0,,11.6,30.7,1.0,,9.193919991903195,27.3
U1314,C0195,2024,THE 2024,1501.0,,14.3,14.9,6.0,,10.188459032904468,23.6
U1319,C0005,2024,THE 2024,1501.0,,21.3,22.6,1.0,,11.42521581701529,32.7
U1328,C0111,2024,THE 2024,1501.0,,23.7,33.6,0.0,,10.431569945101849,26.8
U1333,C0267,2024,THE 2024,1501.0,,22.6,21.6,11.0,,15.252701818722072,38.4
U1337,C0195,2024,THE 2024,1501.0,,8.6,21.5,5.0,,6.816323307119412,22.2
U2979,C0101,2024,THE 2024,1501.0,,16.1,14.9,5.0,,12.341217931527952,31.7
U2985,C0116,2024,THE 2024,1501.0,,24.3,7.4,3.0,,13.113992564616105,27.8
U2621,C0005,2024,THE 2024,1501.0,,10.3,17.7,1.0,,8.961885205596982,34.3
U2573,C0162,2024,THE 2024,1501.0,,33.6,82.1,1.0,,16.780798868911518,35.1
U2993,C0161,2024,THE 2024,1501.0,,23.8,20.3,2.0,,16.76324809633565,41.8
U1360,C0195,2024,THE 2024,1501.0,,11.0,16.0,13.0,,9.272797720442956,32.3
U1363,C0195,2024,THE 2024,1501.0,,25.3,13.3,7.0,,12.643550929460892,25.0
U2997,C0111,2024,THE 2024,1501.0,,16.3,20.2,0.0,,7.763821240807081,20.1
U1365,C0162,2024,THE 2024,1501.0,,40.9,71.0,0.0,,16.41074564859037,25.9
U2575,C0005,2024,THE 2024,1501.0,,6.6,20.8,0.0,,9.65506425806683,45.4
U1373,C0116,2024,THE 2024,1501.0,,22.9,20.5,6.0,,14.999347891799932,40.0
U1375,C0111,2024,THE 2024,1501.0,,16.0,6.5,1.0,,9.882990585026462,32.5
U3000,C0108,2024,THE 2024,1501.0,,23.2,25.8,8.0,,14.810458739935532,42.3
U2404,C0011,2024,THE 2024,1501.0,,16.9,35.2,0.0,,9.889408135225706,29.2
U1407,C0116,2024,THE 2024,1501.0,,17.3,8.7,5.0,,12.597565633298462,41.4
U1408,C0231,2024,THE 2024,1501.0,,14.8,18.3,1.0,,10.754890521279778,33.1
U1414,C0242,2024,THE 2024,1501.0,,35.2,9.8,5.0,,13.917541374162676,23.8
U1419,C0267,2024,THE 2024,1501.0,,21.0,22.5,3.0,,11.840378103824772,21.8
U1420,C0267,2024,THE 2024,1501.0,,13.3,14.7,9.0,,14.18622404902546,32.1
U1464,C0011,2024,THE 2024,1501.0,,20.0,16.9,1.0,,13.237358287293077,37.1
U1463,C0051,2024,THE 2024,1501.0,,11.8,11.0,3.0,,12.43612840056658,45.0
U1426,C0267,2024,THE 2024,1501.0,,8.4,19.5,1.0,,5.859217527493319,18.5
U1427,C0267,2024,THE 2024,1501.0,,23.1,23.8,2.0,,15.295936888530106,32.3
U1467,C0267,2024,THE 2024,1501.0,,12.1,25.0,4.0,,12.14340609155059,30.4
U1469,C0242,2024,THE 2024,1501.0,,30.1,15.2,1.0,,12.893070270634736,25.7
U1470,C0181,2024,THE 2024,1501.0,,9.2,4.6,3.0,,7.349594767763362,28.4
U1439,C0195,2024,THE 2024,1501.0,,17.6,9.3,11.0,,15.747181192711466,38.0
U1475,C0011,2024,THE 2024,1501.0,,26.9,16.3,5.0,,17.603789742500304,45.4
U1446,C0267,2024,THE 2024,1501.0,,27.5,12.3,1.0,,12.21241122177642,20.6
U1447,C0267,2024,THE 2024,1501.0,,22.4,15.7,6.0,,14.90461451663217,30.5
U1459,C0267,2024,THE 2024,1501.0,,15.7,20.6,1.0,,8.617036766796133,20.5
U1493,C0181,2024,THE 2024,1501.0,,19.8,24.0,0.0,,17.738084230014685,49.9
U2466,C0109,2024,THE 2024,1501.0,,27.2,28.0,1.0,,14.291147488442878,35.0
U1515,C0195,2024,THE 2024,1501.0,,10.7,14.7,4.0,,6.760884041231433,23.6
U1517,C0173,2024,THE 2024,1501.0,,23.8,15.9,0.0,,12.42176223777284,32.3
U1519,C0195,2024,THE 2024,1501.0,,9.1,8.0,11.0,,8.241393658399971,33.3
U3210,C0047,2024,THE 2024,1501.0,,26.0,17.3,0.0,,20.31846761182909,52.8
U1521,C0195,2024,THE 2024,1501.0,,11.2,12.2,4.0,,7.82762099580393,26.5
U1527,C0195,2024,THE 2024,1501.0,,7.7,14.9,9.0,,8.567312361581003,31.9
U1538,C0195,2024,THE 2024,1501.0,,7.7,5.4,11.0,,7.353927111669094,29.7
U1546,C0195,2024,THE 2024,1501.0,,10.0,13.4,4.0,,5.966447688614627,21.0
U2369,C0030,2024,THE 2024,1501.0,,9.6,23.6,1.0,,6.377695786277004,26.9
U3036,C0202,2024,THE 2024,1501.0,,29.1,15.1,1.0,,15.959568983606507,33.6
U1551,C0195,2024,THE 2024,1501.0,,12.8,14.6,17.0,,11.853158595344013,36.1
U1555,C0047,2024,THE 2024,1501.0,,5.3,9.7,0.0,,5.179191396730001,27.7
U1558,C0173,2024,THE 2024,1501.0,,32.0,22.5,0.0,,18.21736444850137,37.9
U1565,C0195,2024,THE 2024,1501.0,,5.8,11.6,17.0,,8.261346155545564,37.2
U1571,C0116,2024,THE 2024,1501.0,,20.0,8.5,2.0,,10.1701354439985,22.9
U1505,C0257,2024,THE 2024,1501.0,,24.5,20.1,5.0,,11.894252428490027,27.7
U1578,C0195,2024,THE 2024,1501.0,,7.3,14.0,13.0,,6.834137055209199,31.1
U1579,C0257,2024,THE 2024,1501.0,,22.2,18.3,14.0,,14.25739849032628,36.1
U1586,C0005,2024,THE 2024,1501.0,,13.2,21.9,1.0,,11.066415224168978,39.7
U1588,C0257,2024,THE 2024,1501.0,,19.6,18.7,0.0,,8.469458699020333,17.9
U1594,C0116,2024,THE 2024,1501.0,,20.6,35.4,1.0,,13.408785391203203,26.2
U1595,C0116,2024,THE 2024,1501.0,,23.7,5.5,1.0,,11.145638374599995,18.7
U3043,C0057,2024,THE 2024,1501.0,,23.2,16.0,9.0,,19.579622624451567,46.2
U1602,C0194,2024,THE 2024,1501.0,,9.6,12.5,7.0,,6.978399499275668,27.0
U2467,C0109,2024,THE 2024,1501.0,,19.2,11.3,1.0,,13.306797919404069,34.3
U1610,C0257,2024,THE 2024,1501.0,,16.7,22.0,3.0,,7.75133961740569,20.4
U2417,C0152,2024,THE 2024,1501.0,,12.0,7.8,2.0,,11.760713817892016,43.9
U3052,C0101,2024,THE 2024,1501.0,,21.5,19.5,7.0,,16.67589615954587,37.9
U3053,C0057,2024,THE 2024,1501.0,,17.7,13.5,10.0,,17.052216607576543,39.8
U1623,C0195,2024,THE 2024,1501.0,,12.5,7.0,14.0,,10.457590779917378,34.4
U1625,C0259,2024,THE 2024,1501.0,,26.1,120.3,1.0,,10.68769909289795,21.3
U1626,C0047,2024,THE 2024,1501.0,,5.2,16.0,0.0,,6.877142199128708,35.5
U3212,C0089,2024,THE 2024,1501.0,,28.9,39.4,1.0,,14.966301583209727,27.8
U2468,C0109,2024,THE 2024,1501.0,,33.0,18.5,1.0,,15.038337565462248,23.9
U1630,C0195,2024,THE 2024,1501.0,,7.8,17.2,12.0,,7.558257546040912,32.8
U1631,C0195,2024,THE 2024,1501.0,,9.9,10.2,9.0,,9.611688460821613,28.4
U1633,C0195,2024,THE 2024,1501.0,,8.2,12.0,5.0,,7.473756879800739,23.7
U3064,C0030,2024,THE 2024,1501.0,,15.2,16.9,0.0,,9.15436492088595,26.4
U2421,C0186,2024,THE 2024,1501.0,,10.1,21.1,1.0,,6.751189247532999,26.5
U3069,C0231,2024,THE 2024,1501.0,,39.3,17.1,0.0,,16.06953598539164,25.9
U2423,C0066,2024,THE 2024,1501.0,,13.6,24.2,1.0,,12.00930765109726,42.0
U1656,C0194,2024,THE 2024,1501.0,,28.8,23.2,4.0,,13.43560143080476,24.2
U1657,C0194,2024,THE 2024,1501.0,,33.9,18.7,3.0,,13.95610400875846,22.6
U1669,C0030,2024,THE 2024,1501.0,,14.6,36.0,1.0,,8.765968092351692,24.7
U2426,C0047,2024,THE 2024,1501.0,,10.2,10.6,2.0,,10.365815286994064,37.2
U1678,C0066,2024,THE 2024,1501.0,,15.3,25.4,1.0,,17.415866966420847,63.9
U3075,C0173,2024,THE 2024,1501.0,,15.4,17.1,0.0,,12.71980980094578,32.0
U1691,C0057,2024,THE 2024,1501.0,,27.6,29.1,27.0,,20.627711061363726,47.9
U3080,C0208,2024,THE 2024,1501.0,,26.5,15.3,18.0,,23.64657969663666,61.8
U3081,C0275,2024,THE 2024,1501.0,,13.7,31.4,1.0,,11.919693414143104,38.9
U1703,C0195,2024,THE 2024,1501.0,,5.2,10.3,23.0,,9.191004280506933,40.3
U1705,C0108,2024,THE 2024,1501.0,,29.4,14.2,0.0,,10.716114189464571,17.6
U1739,C0257,2024,THE 2024,1501.0,,23.9,16.9,4.0,,10.45382241187732,22.3
U1745,C0108,2024,THE 2024,1501.0,,37.9,18.7,1.0,,13.37202378350548,19.8
U1751,C0130,2024,THE 2024,1501.0,,26.3,21.8,29.0,,23.225408656248906,62.7
U3092,C0053,2024,THE 2024,1501.0,,29.9,15.6,3.0,,17.765248179113712,29.2
U1784,C0195,2024,THE 2024,1501.0,,18.1,10.4,4.0,,12.847851512558158,23.2
U1786,C0195,2024,THE 2024,1501.0,,16.8,22.1,4.0,,10.237641969167282,22.1
U1790,C0108,2024,THE 2024,1501.0,,29.3,14.9,0.0,,10.584259095985423,16.1
U1793,C0116,2024,THE 2024,1501.0,,12.0,27.7,2.0,,9.47553513917908,31.2
U3215,C0116,2024,THE 2024,1501.0,,22.6,9.9,2.0,,16.15986037469083,37.6
U1794,C0188,2024,THE 2024,1501.0,,29.1,11.6,1.0,,12.0575868755602,23.1
U2910,C0047,2024,THE 2024,1501.0,,19.7,17.1,2.0,,15.199599125812531,44.3
U1797,C0116,2024,THE 2024,1501.0,,21.8,9.8,2.0,,13.169859580315244,25.4
U1808,C0116,2024,THE 2024,1501.0,,19.4,15.3,6.0,,16.83989633742156,41.5
U1816,C0195,2024,THE 2024,1501.0,,10.9,16.0,5.0,,6.932130497547541,22.1
U1824,C0045,2024,THE 2024,1501.0,,12.1,19.8,0.0,,11.674990789341855,43.2
U3112,C0045,2024,THE 2024,1501.0,,29.8,20.8,2.0,,21.09144788703084,45.9
U3114,C0187,2024,THE 2024,1501.0,,25.8,13.3,7.0,,21.855879918083367,67.0
U3115,C0028,2024,THE 2024,1501.0,,18.6,15.6,0.0,,10.789998818505508,27.7
U1828,C0195,2024,THE 2024,1501.0,,3.7,6.6,12.0,,6.942276258715122,31.2
U1831,C0118,2024,THE 2024,1501.0,,8.5,12.4,5.0,,17.558938084026273,68.7
U3123,C0005,2024,THE 2024,1501.0,,12.8,19.5,0.0,,9.039143147119898,35.3
U3121,C0005,2024,THE 2024,1501.0,,9.0,9.6,1.0,,6.944368809369832,32.4
U1859,C0188,2024,THE 2024,1501.0,,24.1,16.5,13.0,,16.986015838754597,36.7
U1861,C0259,2024,THE 2024,1501.0,,22.5,15.8,0.0,,11.924846431184177,18.7
U1889,C0116,2024,THE 2024,1501.0,,19.3,8.2,3.0,,12.402945155177232,28.7
U1894,C0116,2024,THE 2024,1501.0,,19.5,14.5,4.0,,16.044832634209378,37.0
U3131,C0116,2024,THE 2024,1501.0,,15.2,11.5,3.0,,10.541232155897193,26.5
U1744,C0195,2024,THE 2024,1501.0,,15.8,22.9,3.0,,6.789624066552421,20.4
U1901,C0195,2024,THE 2024,1501.0,,3.4,10.6,21.0,,8.352104928272482,39.8
U1903,C0046,2024,THE 2024,1501.0,,23.8,22.9,1.0,,10.41069193998766,20.3
U3134,C0188,2024,THE 2024,1501.0,,23.4,11.6,4.0,,14.184096198054014,29.7
U1910,C0231,2024,THE 2024,1501.0,,20.7,18.8,2.0,,13.226099026201672,29.0
U3135,C0259,2024,THE 2024,1501.0,,26.4,19.6,1.0,,12.325180926561291,22.7
U1918,C0257,2024,THE 2024,1501.0,,26.1,32.4,8.0,,12.928781634680908,29.7
U1923,C0271,2024,THE 2024,1501.0,,22.3,8.5,7.0,,13.80495125085488,32.8
U1925,C0033,2024,THE 2024,1501.0,,23.4,7.5,7.0,,15.848582774018768,39.4
U3137,C0152,2024,THE 2024,1501.0,,13.6,26.0,1.0,,9.715738158171147,34.9
U1938,C0116,2024,THE 2024,1501.0,,13.3,12.7,10.0,,14.854371149378077,50.9
U1958,C0195,2024,THE 2024,1501.0,,11.4,13.4,11.0,,9.820738831838602,32.1
U3160,C0217,2024,THE 2024,1501.0,,35.7,22.9,0.0,,17.13259294117335,35.8
U1962,C0231,2024,THE 2024,1501.0,,15.8,18.9,1.0,,8.035279728831021,22.3
U2470,C0109,2024,THE 2024,1501.0,,18.1,24.7,0.0,,7.804503197438722,19.9
U1805,C0175,2024,THE 2024,1501.0,,25.9,13.5,5.0,,16.70361342334109,46.0
U1972,C0030,2024,THE 2024,1501.0,,4.1,11.9,0.0,,3.257672671913904,20.0
U1973,C0109,2024,THE 2024,1501.0,,30.0,30.5,4.0,,15.393433875742838,31.4
U1974,C0030,2024,THE 2024,1501.0,,18.1,8.9,0.0,,10.460981742557728,25.9
U1975,C0030,2024,THE 2024,1501.0,,14.1,9.8,2.0,,10.343199511254085,34.9
U1921,C0257,2024,THE 2024,1501.0,,29.9,32.3,5.0,,13.27827929103602,25.6
U2586,C0162,2024,THE 2024,1501.0,,29.9,56.2,0.0,,12.286743619935658,21.5
U2471,C0109,2024,THE 2024,1501.0,,26.6,19.2,2.0,,13.100794155253116,27.6
U2016,C0101,2024,THE 2024,1501.0,,23.2,14.8,5.0,,13.15421087883266,29.6
U2028,C0108,2024,THE 2024,1501.0,,14.0,9.3,0.0,,6.874132550983548,17.0
U2066,C0057,2024,THE 2024,1501.0,,18.2,13.3,10.0,,18.900997726730672,44.2
U2067,C0066,2024,THE 2024,1501.0,,11.2,29.3,1.0,,12.184519588631431,48.2
U2072,C0033,2024,THE 2024,1501.0,,24.2,9.7,9.0,,12.474125637807427,26.8
U2081,C0047,2024,THE 2024,1501.0,,14.8,17.8,0.0,,7.493360756704224,32.4
U2372,C0030,2024,THE 2024,1501.0,,22.3,15.3,1.0,,11.047770260231802,25.3
U2091,C0116,2024,THE 2024,1501.0,,33.9,16.0,5.0,,16.310323118013958,26.7
U2557,C0145,2024,THE 2024,1501.0,,28.6,16.3,1.0,,15.102855883282274,24.2
U2093,C0109,2024,THE 2024,1501.0,,28.5,16.8,3.0,,16.494047644008297,38.1
U2095,C0045,2024,THE 2024,1501.0,,12.7,11.1,0.0,,12.519064599413785,43.1
U2119,C0257,2024,THE 2024,1501.0,,33.7,15.2,9.0,,15.405095892125834,32.1
U2128,C0116,2024,THE 2024,1501.0,,18.9,32.2,2.0,,8.880016782102256,23.1
U2121,C0116,2024,THE 2024,1501.0,,13.9,26.8,2.0,,10.172409352991869,28.6
U2122,C0116,2024,THE 2024,1501.0,,12.1,28.7,3.0,,6.419020256056177,21.9
U2140,C0195,2024,THE 2024,1501.0,,18.9,12.1,14.0,,13.600128625825244,38.5
U2145,C0116,2024,THE 2024,1501.0,,21.3,8.0,2.0,,12.727781986570577,26.6
U2146,C0116,2024,THE 2024,1501.0,,9.5,9.5,2.0,,5.846922119185573,21.8
U2149,C0116,2024,THE 2024,1501.0,,8.7,23.5,5.0,,8.874567384549543,36.0
U2163,C0195,2024,THE 2024,1501.0,,5.1,35.0,3.0,,3.53700478897364,19.0
U2180,C0195,2024,THE 2024,1501.0,,8.1,12.6,5.0,,5.995315529511977,22.7
U2179,C0195,2024,THE 2024,1501.0,,17.1,8.2,11.0,,9.33887979491132,29.7
U2543,C0145,2024,THE 2024,1501.0,,25.0,16.6,4.0,,18.02806519698418,41.8
U2172,C0257,2024,THE 2024,1501.0,,14.3,27.4,11.0,,10.30487841137582,32.1
U3324,C0116,2024,THE 2024,1501.0,,9.1,13.7,4.0,,9.112466643273692,29.1
U3327,C0242,2024,THE 2024,1501.0,,4.7,11.3,13.0,,9.696138071905704,45.2
U2292,C0047,2024,THE 2024,1501.0,,12.2,8.9,1.0,,10.81531021172064,40.6
U3254,C0045,2024,THE 2024,1501.0,,22.0,19.0,2.0,,17.443884638280615,47.8
U3331,C0257,2024,THE 2024,1501.0,,19.3,17.5,3.0,,15.773796328496976,21.4
U0901,C0189,2024,THE 2024,1501.0,,35.4,19.8,10.0,,19.360855545109978,44.1
U3342,C0251,2024,THE 2024,1501.0,,26.1,24.5,1.0,,15.536816536412053,36.8
U3344,C0108,2024,THE 2024,1501.0,,36.0,11.3,1.0,,12.93728012670587,21.1
U3358,C0242,2024,THE 2024,1501.0,,7.6,12.5,9.0,,6.77059044375886,27.2
U3361,C0195,2024,THE 2024,1501.0,,22.9,13.9,10.0,,11.391766753133489,27.9
U3364,C0195,2024,THE 2024,1501.0,,7.7,11.1,15.0,,9.591042395372408,37.0
U3363,C0195,2024,THE 2024,1501.0,,29.8,13.5,6.0,,12.154660377429568,23.9
U3269,C0188,2024,THE 2024,1501.0,,35.3,17.5,3.0,,16.343498308297473,23.3
U3274,C0089,2024,THE 2024,1501.0,,34.7,37.9,0.0,,14.551908914379506,24.9
U3426,C0046,2024,THE 2024,1501.0,,34.5,13.4,1.0,,14.449550789254667,20.4
U3430,C0257,2024,THE 2024,1501.0,,17.6,27.5,6.0,,14.001448213262623,38.8
U3431,C0012,2024,THE 2024,1501.0,,26.8,8.0,2.0,,14.706590993211844,38.1
U3436,C0109,2024,THE 2024,1501.0,,28.8,16.3,1.0,,14.51166631638802,30.6
U3464,C0257,2024,THE 2024,1501.0,,21.6,22.4,8.0,,11.61983250449848,26.4
U0005,C0005,2024,THE 2024,,,,26.1,0.0,,,
U0006,C0181,2024,THE 2024,,,,13.3,0.0,,,
U0007,C0005,2024,THE 2024,,,,24.9,0.0,,,
U0009,C0257,2024,THE 2024,,,,22.5,9.0,,,
U0011,C0244,2024,THE 2024,,,,23.4,21.0,,,
U0013,C0173,2024,THE 2024,,,,45.8,0.0,,,
U0015,C0211,2024,THE 2024,,,,5.5,0.0,,,
U0020,C0258,2024,THE 2024,,,,1.0,19.0,,,
U0027,C0196,2024,THE 2024,,,,31.7,11.0,,,
U0028,C0244,2024,THE 2024,,,,19.5,39.0,,,
U2610,C0005,2024,THE 2024,,,,23.7,0.0,,,
U2628,C0194,2024,THE 2024,,,,16.7,3.0,,,
U2453,C0109,2024,THE 2024,,,,34.6,1.0,,,
U2629,C0005,2024,THE 2024,,,,28.0,0.0,,,
U0037,C0116,2024,THE 2024,,,,15.4,1.0,,,
U2492,C0005,2024,THE 2024,,,,17.2,1.0,,,
U0042,C0108,2024,THE 2024,,,,15.8,1.0,,,
U0043,C0243,2024,THE 2024,,,,15.1,82.0,,,
U0047,C0118,2024,THE 2024,,,,8.6,10.0,,,
U0048,C0116,2024,THE 2024,,,,8.9,1.0,,,
U0050,C0005,2024,THE 2024,,,,28.3,0.0,,,
U0052,C0173,2024,THE 2024,,,,21.2,0.0,,,
U0054,C0117,2024,THE 2024,,,,12.1,60.0,,,
U0055,C0243,2024,THE 2024,,,,14.6,60.0,,,
U0056,C0162,2024,THE 2024,,,,17.0,2.0,,,
U0057,C0117,2024,THE 2024,,,,38.8,4.0,,,
U0058,C0111,2024,THE 2024,,,,25.6,0.0,,,
U0060,C0200,2024,THE 2024,,,,14.1,2.0,,,
U0062,C0111,2024,THE 2024,,,,29.9,0.0,,,
U0063,C0262,2024,THE 2024,,,,5.1,0.0,,,
U0065,C0111,2024,THE 2024,,,,26.7,0.0,,,
U0068,C0173,2024,THE 2024,,,,19.4,0.0,,,
U0071,C0111,2024,THE 2024,,,,21.8,0.0,,,
U0073,C0111,2024,THE 2024,,,,40.8,0.0,,,
U2637,C0005,2024,THE 2024,,,,17.2,0.0,,,
U0074,C0005,2024,THE 2024,,,,31.1,0.0,,,
U2638,C0005,2024,THE 2024,,,,35.5,0.0,,,
U2639,C0111,2024,THE 2024,,,,20.2,0.0,,,
U0075,C0117,2024,THE 2024,,,,26.9,1.0,,,
U0077,C0248,2024,THE 2024,,,,13.0,7.0,,,
U0078,C0262,2024,THE 2024,,,,68.8,0.0,,,
U2641,C0111,2024,THE 2024,,,,17.6,0.0,,,
U0079,C0111,2024,THE 2024,,,,9.0,0.0,,,
U0080,C0111,2024,THE 2024,,,,20.3,0.0,,,
U0082,C0200,2024,THE 2024,,,,19.0,19.0,,,
U0083,C0111,2024,THE 2024,,,,17.6,1.0,,,
U0085,C0111,2024,THE 2024,,,,22.7,0.0,,,
U0086,C0118,2024,THE 2024,,,,6.3,6.0,,,
U0087,C0195,2024,THE 2024,,,,5.1,2.0,,,
U0088,C0111,2024,THE 2024,,,,19.8,0.0,,,
U0089,C0111,2024,THE 2024,,,,23.5,0.0,,,
U0091,C0111,2024,THE 2024,,,,16.2,2.0,,,
U0092,C0111,2024,THE 2024,,,,23.5,0.0,,,
U0093,C0111,2024,THE 2024,,,,28.2,0.0,,,
U0094,C0111,2024,THE 2024,,,,7.3,0.0,,,
U0095,C0266,2024,THE 2024,,,,13.4,26.0,,,
U0096,C0111,2024,THE 2024,,,,37.3,0.0,,,
U0097,C0111,2024,THE 2024,,,,23.5,0.0,,,
U0099,C0257,2024,THE 2024,,,,20.8,51.0,,,
U0100,C0111,2024,THE 2024,,,,29.7,0.0,,,
U0101,C0111,2024,THE 2024,,,,39.4,0.0,,,
U0103,C0117,2024,THE 2024,,,,27.7,29.0,,,
U0109,C0243,2024,THE 2024,,,,16.6,44.0,,,
U0108,C0243,2024,THE 2024,,,,14.8,75.0,,,
U0105,C0019,2024,THE 2024,,,,23.1,0.0,,,
U0112,C0117,2024,THE 2024,,,,19.0,25.0,,,
U0117,C0123,2024,THE 2024,,,,12.8,14.0,,,
U0114,C0243,2024,THE 2024,,,,10.2,57.0,,,
U0120,C0108,2024,THE 2024,,,,25.5,0.0,,,
U0121,C0108,2024,THE 2024,,,,17.0,1.0,,,
U0122,C0108,2024,THE 2024,,,,6.8,0.0,,,
U0124,C0108,2024,THE 2024,,,,14.5,0.0,,,
U0123,C0108,2024,THE 2024,,,,25.3,9.0,,,
U0135,C0152,2024,THE 2024,,,,8.4,4.0,,,
U0128,C0248,2024,THE 2024,,,,16.5,2.0,,,
U0131,C0248,2024,THE 2024,,,,23.2,0.0,,,
U0129,C0248,2024,THE 2024,,,,10.0,5.0,,,
U0130,C0248,2024,THE 2024,,,,39.9,0.0,,,
U0132,C0265,2024,THE 2024,,,,18.4,2.0,,,
U0134,C0057,2024,THE 2024,,,,13.1,82.0,,,
U0137,C0257,2024,THE 2024,,,,5.1,7.0,,,
U0146,C0117,2024,THE 2024,,,,18.6,29.0,,,
U0150,C0266,2024,THE 2024,,,,26.7,36.0,,,
U0151,C0018,2024,THE 2024,,,,6.9,74.0,,,
U0152,C0123,2024,THE 2024,,,,75.0,35.0,,,
U0161,C0258,2024,THE 2024,,,,5.7,37.0,,,
U0162,C0012,2024,THE 2024,,,,9.2,2.0,,,
U0164,C0244,2024,THE 2024,,,,14.2,21.0,,,
U3205,C0244,2024,THE 2024,,,,11.9,59.0,,,
U0165,C0244,2024,THE 2024,,,,11.6,8.0,,,
U0166,C0045,2024,THE 2024,,,,22.9,7.0,,,
U0167,C0116,2024,THE 2024,,,,8.7,5.0,,,
U0168,C0118,2024,THE 2024,,,,8.2,22.0,,,
U0169,C0116,2024,THE 2024,,,,21.2,17.0,,,
U0170,C0111,2024,THE 2024,,,,11.1,0.0,,,
U0182,C0118,2024,THE 2024,,,,18.0,2.0,,,
U0186,C0082,2024,THE 2024,,,,50.6,37.0,,,
U0192,C0011,2024,THE 2024,,,,8.5,8.0,,,
U0196,C0152,2024,THE 2024,,,,45.7,0.0,,,
U0202,C0016,2024,THE 2024,,,,15.2,4.0,,,
U0201,C0016,2024,THE 2024,,,,10.4,3.0,,,
U0203,C0173,2024,THE 2024,,,,19.8,1.0,,,
U0208,C0181,2024,THE 2024,,,,20.5,0.0,,,
U0210,C0260,2024,THE 2024,,,,17.8,2.0,,,
U0215,C0109,2024,THE 2024,,,,36.8,0.0,,,
U2658,C0181,2024,THE 2024,,,,48.1,0.0,,,
U0218,C0181,2024,THE 2024,,,,19.1,0.0,,,
U2659,C0181,2024,THE 2024,,,,29.5,0.0,,,
U0222,C0257,2024,THE 2024,,,,31.8,7.0,,,
U0224,C0019,2024,THE 2024,,,,8.0,3.0,,,
U0228,C0211,2024,THE 2024,,,,35.3,3.0,,,
U0231,C0195,2024,THE 2024,,,,10.2,28.0,,,
U0233,C0244,2024,THE 2024,,,,16.4,14.0,,,
U2666,C0005,2024,THE 2024,,,,27.8,0.0,,,
U0235,C0257,2024,THE 2024,,,,30.8,1.0,,,
U0238,C0173,2024,THE 2024,,,,11.3,0.0,,,
U0253,C0021,2024,THE 2024,,,,13.6,5.0,,,
U0251,C0021,2024,THE 2024,,,,6.3,28.0,,,
U0255,C0173,2024,THE 2024,,,,9.7,0.0,,,
U2672,C0135,2024,THE 2024,,,,16.5,2.0,,,
U0260,C0173,2024,THE 2024,,,,16.4,0.0,,,
U0262,C0257,2024,THE 2024,,,,25.4,5.0,,,
U0269,C0111,2024,THE 2024,,,,31.8,0.0,,,
U0278,C0257,2024,THE 2024,,,,20.5,13.0,,,
U2680,C0200,2024,THE 2024,,,,12.0,1.0,,,
U0280,C0244,2024,THE 2024,,,,21.2,4.0,,,
U2684,C0047,2024,THE 2024,,,,17.6,1.0,,,
U0285,C0242,2024,THE 2024,,,,10.4,1.0,,,
U2686,C0244,2024,THE 2024,,,,16.8,38.0,,,
U0299,C0243,2024,THE 2024,,,,11.7,60.0,,,
U0308,C0244,2024,THE 2024,,,,15.3,30.0,,,
U0311,C0248,2024,THE 2024,,,,24.3,0.0,,,
U0313,C0248,2024,THE 2024,,,,20.7,2.0,,,
U0312,C0248,2024,THE 2024,,,,6.8,9.0,,,
U0314,C0116,2024,THE 2024,,,,26.6,1.0,,,
U0316,C0231,2024,THE 2024,,,,29.4,1.0,,,
U0189,C0257,2024,THE 2024,,,,18.8,0.0,,,
U2230,C0216,2024,THE 2024,,,,21.9,6.0,,,
U0327,C0260,2024,THE 2024,,,,42.9,1.0,,,
U2256,C0265,2024,THE 2024,,,,17.1,0.0,,,
U0347,C0216,2024,THE 2024,,,,7.7,3.0,,,
U0340,C0111,2024,THE 2024,,,,4.8,4.0,,,
U2234,C0047,2024,THE 2024,,,,20.3,1.0,,,
U2235,C0066,2024,THE 2024,,,,10.6,3.0,,,
U2244,C0186,2024,THE 2024,,,,33.0,1.0,,,
U0349,C0085,2024,THE 2024,,,,12.0,44.0,,,
U0350,C0086,2024,THE 2024,,,,37.2,33.0,,,
U0352,C0187,2024,THE 2024,,,,39.6,0.0,,,
U0353,C0181,2024,THE 2024,,,,16.0,0.0,,,
U2731,C0152,2024,THE 2024,,,,11.0,5.0,,,
U2608,C0005,2024,THE 2024,,,,16.6,4.0,,,
U2612,C0005,2024,THE 2024,,,,44.6,0.0,,,
U2609,C0005,2024,THE 2024,,,,36.3,0.0,,,
U2611,C0005,2024,THE 2024,,,,25.9,0.0,,,
U0355,C0015,2024,THE 2024,,,,7.4,97.0,,,
U0356,C0187,2024,THE 2024,,,,22.3,0.0,,,
U2735,C0181,2024,THE 2024,,,,25.6,0.0,,,
U0361,C0152,2024,THE 2024,,,,6.2,15.0,,,
U0363,C0030,2024,THE 2024,,,,25.5,0.0,,,
U0366,C0108,2024,THE 2024,,,,16.4,4.0,,,
U2250,C0186,2024,THE 2024,,,,70.6,2.0,,,
U0368,C0152,2024,THE 2024,,,,10.2,15.0,,,
U0377,C0239,2024,THE 2024,,,,4.2,86.0,,,
U0384,C0242,2024,THE 2024,,,,20.3,0.0,,,
U0385,C0108,2024,THE 2024,,,,8.9,2.0,,,
U2739,C0244,2024,THE 2024,,,,15.0,8.0,,,
U0402,C0256,2024,THE 2024,,,,46.5,0.0,,,
U0403,C0108,2024,THE 2024,,,,14.4,4.0,,,
U2249,C0186,2024,THE 2024,,,,10.8,1.0,,,
U0419,C0111,2024,THE 2024,,,,23.5,2.0,,,
U0420,C0111,2024,THE 2024,,,,10.5,7.0,,,
U0424,C0181,2024,THE 2024,,,,21.7,2.0,,,
U0425,C0118,2024,THE 2024,,,,17.5,2.0,,,
U2742,C0021,2024,THE 2024,,,,3.9,12.0,,,
U0475,C0244,2024,THE 2024,,,,11.8,36.0,,,
U2754,C0005,2024,THE 2024,,,,16.9,2.0,,,
U0480,C0244,2024,THE 2024,,,,15.0,45.0,,,
U0485,C0244,2024,THE 2024,,,,7.7,63.0,,,
U2620,C0244,2024,THE 2024,,,,18.1,40.0,,,
U2761,C0244,2024,THE 2024,,,,17.7,11.0,,,
U2762,C0145,2024,THE 2024,,,,17.3,22.0,,,
U0494,C0258,2024,THE 2024,,,,19.5,73.0,,,
U0501,C0019,2024,THE 2024,,,,22.0,5.0,,,
U0507,C0259,2024,THE 2024,,,,43.7,0.0,,,
U0510,C0181,2024,THE 2024,,,,11.5,0.0,,,
U0512,C0073,2024,THE 2024,,,,13.8,0.0,,,
U0518,C0260,2024,THE 2024,,,,16.6,0.0,,,
U0517,C0173,2024,THE 2024,,,,34.7,0.0,,,
U0521,C0248,2024,THE 2024,,,,21.5,0.0,,,
U0523,C0019,2024,THE 2024,,,,27.8,8.0,,,
U0524,C0181,2024,THE 2024,,,,21.4,0.0,,,
U0525,C0178,2024,THE 2024,,,,17.4,7.0,,,
U2777,C0005,2024,THE 2024,,,,27.6,0.0,,,
U0534,C0108,2024,THE 2024,,,,14.9,0.0,,,
U0535,C0242,2024,THE 2024,,,,12.4,1.0,,,
U0541,C0238,2024,THE 2024,,,,13.3,0.0,,,
U0544,C0108,2024,THE 2024,,,,7.2,0.0,,,
U0546,C0108,2024,THE 2024,,,,15.0,0.0,,,
U0548,C0118,2024,THE 2024,,,,14.4,3.0,,,
U2778,C0243,2024,THE 2024,,,,21.0,24.0,,,
U2779,C0111,2024,THE 2024,,,,12.8,1.0,,,
U0551,C0118,2024,THE 2024,,,,11.6,15.0,,,
U0558,C0216,2024,THE 2024,,,,7.2,48.0,,,
U0560,C0047,2024,THE 2024,,,,22.0,1.0,,,
U2785,C0187,2024,THE 2024,,,,42.4,0.0,,,
U0438,C0005,2024,THE 2024,,,,10.2,0.0,,,
U0439,C0005,2024,THE 2024,,,,12.8,0.0,,,
U0440,C0005,2024,THE 2024,,,,7.6,0.0,,,
U0441,C0005,2024,THE 2024,,,,11.7,0.0,,,
U0442,C0005,2024,THE 2024,,,,15.1,0.0,,,
U0445,C0005,2024,THE 2024,,,,9.8,0.0,,,
U0443,C0005,2024,THE 2024,,,,16.4,0.0,,,
U0444,C0005,2024,THE 2024,,,,12.0,0.0,,,
U0446,C0005,2024,THE 2024,,,,8.5,0.0,,,
U0447,C0005,2024,THE 2024,,,,13.4,0.0,,,
U0448,C0005,2024,THE 2024,,,,6.5,0.0,,,
U0449,C0005,2024,THE 2024,,,,15.1,0.0,,,
U0454,C0005,2024,THE 2024,,,,14.3,0.0,,,
U0450,C0005,2024,THE 2024,,,,10.1,0.0,,,
U0451,C0005,2024,THE 2024,,,,17.4,0.0,,,
U0453,C0005,2024,THE 2024,,,,10.6,,,,
U0455,C0005,2024,THE 2024,,,,10.3,0.0,,,
U0457,C0005,2024,THE 2024,,,,15.1,0.0,,,
U0458,C0005,2024,THE 2024,,,,17.6,0.0,,,
U0459,C0005,2024,THE 2024,,,,8.8,0.0,,,
U0460,C0005,2024,THE 2024,,,,14.1,0.0,,,
U0461,C0005,2024,THE 2024,,,,17.3,0.0,,,
U2787,C0033,2024,THE 2024,,,,36.4,4.0,,,
U0571,C0173,2024,THE 2024,,,,15.4,0.0,,,
U0572,C0173,2024,THE 2024,,,,9.9,0.0,,,
U0573,C0200,2024,THE 2024,,,,11.6,34.0,,,
U0574,C0119,2024,THE 2024,,,,55.1,1.0,,,
U0576,C0260,2024,THE 2024,,,,13.0,2.0,,,
U0581,C0173,2024,THE 2024,,,,9.6,0.0,,,
U2792,C0005,2024,THE 2024,,,,33.3,0.0,,,
U0582,C0005,2024,THE 2024,,,,19.6,0.0,,,
U0894,C0238,2024,THE 2024,,,,14.2,1.0,,,
U0590,C0189,2024,THE 2024,,,,9.4,0.0,,,
U0592,C0066,2024,THE 2024,,,,21.4,0.0,,,
U0595,C0216,2024,THE 2024,,,,19.6,10.0,,,
U0597,C0257,2024,THE 2024,,,,21.6,2.0,,,
U2331,C0030,2024,THE 2024,,,,16.0,0.0,,,
U2332,C0030,2024,THE 2024,,,,7.5,0.0,,,
U0602,C0085,2024,THE 2024,,,,1.6,73.0,,,
U0604,C0012,2024,THE 2024,,,,8.4,7.0,,,
U0603,C0056,2024,THE 2024,,,,19.5,54.0,,,
U0606,C0236,2024,THE 2024,,,,3.9,15.0,,,
U0608,C0173,2024,THE 2024,,,,7.7,0.0,,,
U0611,C0244,2024,THE 2024,,,,16.6,13.0,,,
U0620,C0173,2024,THE 2024,,,,21.5,0.0,,,
U0622,C0030,2024,THE 2024,,,,16.1,32.0,,,
U0627,C0030,2024,THE 2024,,,,13.9,0.0,,,
U0630,C0173,2024,THE 2024,,,,40.0,0.0,,,
U0637,C0173,2024,THE 2024,,,,25.7,0.0,,,
U0638,C0173,2024,THE 2024,,,,19.2,0.0,,,
U0648,C0248,2024,THE 2024,,,,15.8,2.0,,,
U0649,C0248,2024,THE 2024,,,,25.1,0.0,,,
U0650,C0248,2024,THE 2024,,,,20.0,1.0,,,
U0653,C0045,2024,THE 2024,,,,8.4,2.0,,,
U0665,C0181,2024,THE 2024,,,,18.3,0.0,,,
U0666,C0173,2024,THE 2024,,,,10.7,0.0,,,
U2807,C0030,2024,THE 2024,,,,107.3,0.0,,,
U0667,C0021,2024,THE 2024,,,,11.2,11.0,,,
U0680,C0116,2024,THE 2024,,,,8.3,2.0,,,
U0685,C0260,2024,THE 2024,,,,9.9,11.0,,,
U2812,C0236,2024,THE 2024,,,,15.4,0.0,,,
U0689,C0108,2024,THE 2024,,,,63.0,0.0,,,
U2814,C0111,2024,THE 2024,,,,9.9,0.0,,,
U0698,C0217,2024,THE 2024,,,,16.7,2.0,,,
U2821,C0005,2024,THE 2024,,,,29.5,0.0,,,
U0712,C0181,2024,THE 2024,,,,18.7,0.0,,,
U0716,C0244,2024,THE 2024,,,,15.6,41.0,,,
U0723,C0021,2024,THE 2024,,,,8.3,24.0,,,
U0729,C0181,2024,THE 2024,,,,68.8,0.0,,,
U0727,C0181,2024,THE 2024,,,,56.3,0.0,,,
U0728,C0181,2024,THE 2024,,,,36.0,0.0,,,
U0730,C0116,2024,THE 2024,,,,0.5,29.0,,,
U0732,C0108,2024,THE 2024,,,,13.5,5.0,,,
U0744,C0244,2024,THE 2024,,,,5.0,35.0,,,
U0745,C0178,2024,THE 2024,,,,26.1,3.0,,,
U0746,C0243,2024,THE 2024,,,,12.7,90.0,,,
U0748,C0248,2024,THE 2024,,,,27.8,0.0,,,
U2837,C0200,2024,THE 2024,,,,20.2,3.0,,,
U0756,C0116,2024,THE 2024,,,,23.7,17.0,,,
U0758,C0116,2024,THE 2024,,,,44.2,1.0,,,
U0759,C0257,2024,THE 2024,,,,24.2,19.0,,,
U0798,C0080,2024,THE 2024,,,,34.2,7.0,,,
U0766,C0261,2024,THE 2024,,,,25.0,6.0,,,
U0771,C0244,2024,THE 2024,,,,13.1,10.0,,,
U0772,C0244,2024,THE 2024,,,,18.0,11.0,,,
U0778,C0111,2024,THE 2024,,,,7.5,1.0,,,
U2845,C0181,2024,THE 2024,,,,6.4,1.0,,,
U2846,C0257,2024,THE 2024,,,,7.5,8.0,,,
U1840,C0005,2024,THE 2024,,,,13.2,0.0,,,
U0786,C0005,2024,THE 2024,,,,26.6,0.0,,,
U0788,C0005,2024,THE 2024,,,,16.4,0.0,,,
U0787,C0005,2024,THE 2024,,,,14.2,0.0,,,
U0789,C0005,2024,THE 2024,,,,12.0,0.0,,,
U3209,C0244,2024,THE 2024,,,,139.0,12.0,,,
U0790,C0111,2024,THE 2024,,,,17.6,0.0,,,
U0793,C0116,2024,THE 2024,,,,15.1,1.0,,,
U0794,C0116,2024,THE 2024,,,,22.2,1.0,,,
U0792,C0116,2024,THE 2024,,,,25.9,0.0,,,
U0797,C0116,2024,THE 2024,,,,16.0,13.0,,,
U0799,C0251,2024,THE 2024,,,,54.0,0.0,,,
U0800,C0262,2024,THE 2024,,,,22.0,0.0,,,
U0803,C0116,2024,THE 2024,,,,20.1,0.0,,,
U2850,C0181,2024,THE 2024,,,,15.0,0.0,,,
U0810,C0087,2024,THE 2024,,,,17.8,0.0,,,
U0812,C0242,2024,THE 2024,,,,13.6,0.0,,,
U2858,C0111,2024,THE 2024,,,,20.1,3.0,,,
U0821,C0245,2024,THE 2024,,,,14.8,1.0,,,
U0828,C0116,2024,THE 2024,,,,10.2,2.0,,,
U0830,C0005,2024,THE 2024,,,,29.6,0.0,,,
U0833,C0108,2024,THE 2024,,,,25.9,0.0,,,
U0835,C0108,2024,THE 2024,,,,19.1,0.0,,,
U0842,C0181,2024,THE 2024,,,,21.1,0.0,,,
U0846,C0111,2024,THE 2024,,,,44.2,0.0,,,
U0853,C0082,2024,THE 2024,,,,11.9,13.0,,,
U0856,C0019,2024,THE 2024,,,,31.6,0.0,,,
U0884,C0108,2024,THE 2024,,,,34.7,0.0,,,
U0887,C0181,2024,THE 2024,,,,14.4,0.0,,,
U0889,C0195,2024,THE 2024,,,,17.1,33.0,,,
U0892,C0244,2024,THE 2024,,,,2.8,36.0,,,
U2377,C0066,2024,THE 2024,,,,25.8,2.0,,,
U0911,C0245,2024,THE 2024,,,,14.8,96.0,,,
U0912,C0116,2024,THE 2024,,,,12.1,13.0,,,
U0913,C0118,2024,THE 2024,,,,32.7,1.0,,,
U0920,C0238,2024,THE 2024,,,,17.7,0.0,,,
U0919,C0118,2024,THE 2024,,,,14.9,1.0,,,
U0922,C0162,2024,THE 2024,,,,31.3,4.0,,,
U0895,C0238,2024,THE 2024,,,,9.2,0.0,,,
U0923,C0201,2024,THE 2024,,,,17.4,69.0,,,
U0925,C0089,2024,THE 2024,,,,40.7,2.0,,,
U0926,C0194,2024,THE 2024,,,,13.0,4.0,,,
U0930,C0181,2024,THE 2024,,,,13.6,1.0,,,
U0943,C0111,2024,THE 2024,,,,10.2,1.0,,,
U0944,C0266,2024,THE 2024,,,,45.0,1.0,,,
U0946,C0200,2024,THE 2024,,,,8.4,70.0,,,
U2461,C0109,2024,THE 2024,,,,14.3,0.0,,,
U0948,C0117,2024,THE 2024,,,,19.6,18.0,,,
U0947,C0066,2024,THE 2024,,,,37.7,1.0,,,
U0949,C0257,2024,THE 2024,,,,21.3,10.0,,,
U0954,C0257,2024,THE 2024,,,,39.0,13.0,,,
U0955,C0257,2024,THE 2024,,,,26.0,11.0,,,
U0958,C0257,2024,THE 2024,,,,15.3,14.0,,,
U0964,C0019,2024,THE 2024,,,,18.1,1.0,,,
U2451,C0114,2024,THE 2024,,,,18.9,6.0,,,
U0968,C0242,2024,THE 2024,,,,17.3,3.0,,,
U0974,C0111,2024,THE 2024,,,,15.3,-0.0,,,
U0975,C0117,2024,THE 2024,,,,19.8,17.0,,,
U0985,C0116,2024,THE 2024,,,,7.3,41.0,,,
U0986,C0116,2024,THE 2024,,,,27.9,56.0,,,
U0987,C0019,2024,THE 2024,,,,13.2,0.0,,,
U2878,C0236,2024,THE 2024,,,,16.6,1.0,,,
U1008,C0248,2024,THE 2024,,,,18.5,0.0,,,
U1009,C0248,2024,THE 2024,,,,27.5,0.0,,,
U1017,C0101,2024,THE 2024,,,,13.8,0.0,,,
U1026,C0119,2024,THE 2024,,,,40.0,0.0,,,
U1027,C0195,2024,THE 2024,,,,19.7,14.0,,,
U2884,C0119,2024,THE 2024,,,,39.1,0.0,,,
U1028,C0257,2024,THE 2024,,,,24.0,4.0,,,
U1034,C0242,2024,THE 2024,,,,7.6,0.0,,,
U1046,C0118,2024,THE 2024,,,,9.1,7.0,,,
U1048,C0118,2024,THE 2024,,,,13.6,1.0,,,
U1049,C0248,2024,THE 2024,,,,28.7,2.0,,,
U1055,C0248,2024,THE 2024,,,,26.3,0.0,,,
U1063,C0118,2024,THE 2024,,,,27.6,2.0,,,
U1065,C0118,2024,THE 2024,,,,16.1,3.0,,,
U1066,C0118,2024,THE 2024,,,,18.6,2.0,,,
U1067,C0118,2024,THE 2024,,,,2.9,0.0,,,
U1072,C0195,2024,THE 2024,,,,24.1,3.0,,,
U1076,C0116,2024,THE 2024,,,,26.0,5.0,,,
U1090,C0242,2024,THE 2024,,,,7.4,0.0,,,
U1087,C0242,2024,THE 2024,,,,14.6,10.0,,,
U1088,C0242,2024,THE 2024,,,,13.8,4.0,,,
U1091,C0016,2024,THE 2024,,,,12.3,6.0,,,
U1097,C0019,2024,THE 2024,,,,15.5,0.0,,,
U1098,C0181,2024,THE 2024,,,,20.2,0.0,,,
U1099,C0181,2024,THE 2024,,,,15.4,3.0,,,
U1101,C0248,2024,THE 2024,,,,17.3,13.0,,,
U1106,C0200,2024,THE 2024,,,,8.0,67.0,,,
U1107,C0242,2024,THE 2024,,,,9.1,0.0,,,
U1108,C0181,2024,THE 2024,,,,13.7,2.0,,,
U1122,C0181,2024,THE 2024,,,,18.3,0.0,,,
U2895,C0111,2024,THE 2024,,,,23.7,0.0,,,
U1124,C0116,2024,THE 2024,,,,14.6,5.0,,,
U1127,C0108,2024,THE 2024,,,,16.0,0.0,,,
U1129,C0111,2024,THE 2024,,,,16.4,1.0,,,
U1132,C0116,2024,THE 2024,,,,34.7,3.0,,,
U1134,C0257,2024,THE 2024,,,,16.2,8.0,,,
U1140,C0181,2024,THE 2024,,,,24.5,0.0,,,
U1141,C0118,2024,THE 2024,,,,9.1,5.0,,,
U1142,C0116,2024,THE 2024,,,,40.0,1.0,,,
U1143,C0116,2024,THE 2024,,,,23.3,1.0,,,
U1144,C0116,2024,THE 2024,,,,23.7,1.0,,,
U1153,C0111,2024,THE 2024,,,,9.3,1.0,,,
U1154,C0108,2024,THE 2024,,,,12.2,0.0,,,
U1161,C0087,2024,THE 2024,,,,41.0,0.0,,,
U1163,C0195,2024,THE 2024,,,,12.1,31.0,,,
U1156,C0257,2024,THE 2024,,,,9.6,1.0,,,
U1165,C0085,2024,THE 2024,,,,0.4,1.0,,,
U1166,C0123,2024,THE 2024,,,,25.3,4.0,,,
U1170,C0242,2024,THE 2024,,,,11.2,1.0,,,
U1171,C0116,2024,THE 2024,,,,20.4,2.0,,,
U1173,C0116,2024,THE 2024,,,,18.3,,,,
U1174,C0116,2024,THE 2024,,,,8.5,4.0,,,
U1180,C0272,2024,THE 2024,,,,15.0,11.0,,,
U1186,C0118,2024,THE 2024,,,,21.4,2.0,,,
U1190,C0181,2024,THE 2024,,,,15.3,0.0,,,
U1195,C0173,2024,THE 2024,,,,12.9,0.0,,,
U1198,C0005,2024,THE 2024,,,,21.6,0.0,,,
U1199,C0047,2024,THE 2024,,,,18.9,1.0,,,
U2911,C0066,2024,THE 2024,,,,13.7,2.0,,,
U1204,C0244,2024,THE 2024,,,,15.9,12.0,,,
U1206,C0244,2024,THE 2024,,,,20.9,11.0,,,
U1207,C0244,2024,THE 2024,,,,23.7,9.0,,,
U1211,C0242,2024,THE 2024,,,,12.4,1.0,,,
U1213,C0181,2024,THE 2024,,,,10.0,4.0,,,
U2921,C0019,2024,THE 2024,,,,19.4,0.0,,,
U1215,C0145,2024,THE 2024,,,,5.7,41.0,,,
U1218,C0241,2024,THE 2024,,,,14.3,0.0,,,
U2526,C0082,2024,THE 2024,,,,20.2,17.0,,,
U1220,C0244,2024,THE 2024,,,,17.2,14.0,,,
U1221,C0244,2024,THE 2024,,,,18.5,22.0,,,
U1223,C0244,2024,THE 2024,,,,2.1,28.0,,,
U1227,C0108,2024,THE 2024,,,,19.1,0.0,,,
U1233,C0244,2024,THE 2024,,,,6.8,40.0,,,
U1234,C0244,2024,THE 2024,,,,20.2,91.0,,,
U1238,C0244,2024,THE 2024,,,,1.7,57.0,,,
U1235,C0244,2024,THE 2024,,,,25.5,50.0,,,
U1252,C0242,2024,THE 2024,,,,12.3,0.0,,,
U2939,C0045,2024,THE 2024,,,,15.6,1.0,,,
U2282,C0047,2024,THE 2024,,,,31.8,0.0,,,
U2613,C0005,2024,THE 2024,,,,19.5,0.0,,,
U1261,C0108,2024,THE 2024,,,,38.8,0.0,,,
U1266,C0144,2024,THE 2024,,,,12.4,0.0,,,
U1268,C0108,2024,THE 2024,,,,12.5,0.0,,,
U1269,C0145,2024,THE 2024,,,,9.0,30.0,,,
U2381,C0047,2024,THE 2024,,,,30.6,0.0,,,
U1277,C0187,2024,THE 2024,,,,32.3,1.0,,,
U1279,C0118,2024,THE 2024,,,,22.8,2.0,,,
U1282,C0187,2024,THE 2024,,,,24.8,0.0,,,
U1283,C0188,2024,THE 2024,,,,24.2,13.0,,,
U2959,C0109,2024,THE 2024,,,,24.0,0.0,,,
U1293,C0118,2024,THE 2024,,,,6.3,12.0,,,
U2384,C0027,2024,THE 2024,,,,182.0,0.0,,,
U2962,C0005,2024,THE 2024,,,,25.9,0.0,,,
U2963,C0047,2024,THE 2024,,,,16.9,2.0,,,
U1308,C0086,2024,THE 2024,,,,8.3,14.0,,,
U1312,C0116,2024,THE 2024,,,,17.8,16.0,,,
U2463,C0109,2024,THE 2024,,,,23.9,0.0,,,
U1326,C0117,2024,THE 2024,,,,20.2,27.0,,,
U1331,C0187,2024,THE 2024,,,,40.7,0.0,,,
U1334,C0181,2024,THE 2024,,,,10.6,0.0,,,
U2978,C0111,2024,THE 2024,,,,19.9,0.0,,,
U1339,C0260,2024,THE 2024,,,,17.6,5.0,,,
U1342,C0108,2024,THE 2024,,,,8.9,0.0,,,
U1345,C0108,2024,THE 2024,,,,11.5,0.0,,,
U1346,C0181,2024,THE 2024,,,,31.1,0.0,,,
U1347,C0132,2024,THE 2024,,,,20.5,20.0,,,
U2572,C0005,2024,THE 2024,,,,33.9,0.0,,,
U2989,C0005,2024,THE 2024,,,,33.6,0.0,,,
U1350,C0245,2024,THE 2024,,,,16.1,14.0,,,
U2994,C0152,2024,THE 2024,,,,17.0,1.0,,,
U1783,C0195,2024,THE 2024,,,,10.8,9.0,,,
U1362,C0195,2024,THE 2024,,,,6.4,9.0,,,
U1364,C0195,2024,THE 2024,,,,20.3,6.0,,,
U2996,C0028,2024,THE 2024,,,,8.9,14.0,,,
U1366,C0231,2024,THE 2024,,,,15.2,0.0,,,
U2465,C0109,2024,THE 2024,,,,29.4,1.0,,,
U1368,C0116,2024,THE 2024,,,,24.8,0.0,,,
U1371,C0255,2024,THE 2024,,,,44.5,1.0,,,
U1374,C0116,2024,THE 2024,,,,28.5,8.0,,,
U2388,C0047,2024,THE 2024,,,,49.6,0.0,,,
U2393,C0185,2024,THE 2024,,,,9.8,2.0,,,
U2394,C0066,2024,THE 2024,,,,16.8,1.0,,,
U2399,C0185,2024,THE 2024,,,,5.0,1.0,,,
U2408,C0011,2024,THE 2024,,,,6.3,0.0,,,
U1384,C0116,2024,THE 2024,,,,32.1,10.0,,,
U1386,C0016,2024,THE 2024,,,,7.9,20.0,,,
U1387,C0231,2024,THE 2024,,,,27.8,0.0,,,
U1388,C0181,2024,THE 2024,,,,15.9,0.0,,,
U1389,C0248,2024,THE 2024,,,,20.9,0.0,,,
U1390,C0248,2024,THE 2024,,,,14.1,0.0,,,
U1391,C0248,2024,THE 2024,,,,25.8,0.0,,,
U1409,C0118,2024,THE 2024,,,,13.0,2.0,,,
U1410,C0173,2024,THE 2024,,,,13.2,13.0,,,
U1411,C0186,2024,THE 2024,,,,13.2,2.0,,,
U1462,C0181,2024,THE 2024,,,,24.0,3.0,,,
U1425,C0244,2024,THE 2024,,,,7.3,41.0,,,
U1466,C0242,2024,THE 2024,,,,10.1,0.0,,,
U1460,C0242,2024,THE 2024,,,,18.6,1.0,,,
U1473,C0242,2024,THE 2024,,,,9.8,0.0,,,
U1436,C0012,2024,THE 2024,,,,7.3,2.0,,,
U1474,C0011,2024,THE 2024,,,,32.4,2.0,,,
U1444,C0005,2024,THE 2024,,,,12.5,0.0,,,
U1477,C0178,2024,THE 2024,,,,18.2,10.0,,,
U1485,C0224,2024,THE 2024,,,,15.1,5.0,,,
U1456,C0181,2024,THE 2024,,,,18.8,0.0,,,
U1457,C0242,2024,THE 2024,,,,10.2,3.0,,,
U1484,C0242,2024,THE 2024,,,,16.1,2.0,,,
U1486,C0242,2024,THE 2024,,,,8.7,9.0,,,
U1489,C0248,2024,THE 2024,,,,26.4,0.0,,,
U1494,C0108,2024,THE 2024,,,,14.6,3.0,,,
U1498,C0244,2024,THE 2024,,,,19.8,10.0,,,
U1506,C0173,2024,THE 2024,,,,23.4,0.0,,,
U1508,C0116,2024,THE 2024,,,,17.7,4.0,,,
U1510,C0116,2024,THE 2024,,,,17.3,1.0,,,
U3023,C0116,2024,THE 2024,,,,16.0,1.0,,,
U1512,C0111,2024,THE 2024,,,,14.6,0.0,,,
U1514,C0108,2024,THE 2024,,,,8.1,1.0,,,
U3024,C0244,2024,THE 2024,,,,17.6,32.0,,,
U1526,C0245,2024,THE 2024,,,,10.4,0.0,,,
U1530,C0200,2024,THE 2024,,,,11.5,2.0,,,
U1532,C0111,2024,THE 2024,,,,30.9,0.0,,,
U1545,C0244,2024,THE 2024,,,,15.6,12.0,,,
U2614,C0005,2024,THE 2024,,,,33.2,0.0,,,
U3035,C0208,2024,THE 2024,,,,3.2,55.0,,,
U1553,C0195,2024,THE 2024,,,,8.3,18.0,,,
U1554,C0187,2024,THE 2024,,,,60.0,1.0,,,
U2415,C0027,2024,THE 2024,,,,9.5,0.0,,,
U1561,C0260,2024,THE 2024,,,,11.9,4.0,,,
U1562,C0260,2024,THE 2024,,,,9.8,1.0,,,
U1563,C0242,2024,THE 2024,,,,7.2,3.0,,,
U1566,C0238,2024,THE 2024,,,,14.1,0.0,,,
U3038,C0181,2024,THE 2024,,,,60.6,0.0,,,
U1577,C0195,2024,THE 2024,,,,20.3,11.0,,,
U1581,C0212,2024,THE 2024,,,,1.6,88.0,,,
U1584,C0108,2024,THE 2024,,,,9.1,0.0,,,
U2525,C0005,2024,THE 2024,,,,29.2,1.0,,,
U1587,C0005,2024,THE 2024,,,,13.2,0.0,,,
U1591,C0195,2024,THE 2024,,,,10.4,20.0,,,
U1592,C0195,2024,THE 2024,,,,14.9,13.0,,,
U1593,C0247,2024,THE 2024,,,,6.7,3.0,,,
U1599,C0111,2024,THE 2024,,,,28.8,0.0,,,
U2617,C0244,2024,THE 2024,,,,10.6,31.0,,,
U1600,C0242,2024,THE 2024,,,,12.5,1.0,,,
U3047,C0005,2024,THE 2024,,,,12.8,0.0,,,
U2287,C0186,2024,THE 2024,,,,9.1,2.0,,,
U2288,C0066,2024,THE 2024,,,,13.9,1.0,,,
U1608,C0266,2024,THE 2024,,,,16.6,2.0,,,
U1609,C0266,2024,THE 2024,,,,18.8,4.0,,,
U2301,C0047,2024,THE 2024,,,,14.9,1.0,,,
U1612,C0089,2024,THE 2024,,,,67.8,2.0,,,
U1613,C0082,2024,THE 2024,,,,77.9,12.0,,,
U1622,C0242,2024,THE 2024,,,,14.5,3.0,,,
U3067,C0117,2024,THE 2024,,,,20.5,22.0,,,
U1636,C0085,2024,THE 2024,,,,16.4,64.0,,,
U1637,C0259,2024,THE 2024,,,,35.0,0.0,,,
U1638,C0242,2024,THE 2024,,,,10.2,10.0,,,
U1639,C0260,2024,THE 2024,,,,29.1,1.0,,,
U1640,C0117,2024,THE 2024,,,,16.4,33.0,,,
U1643,C0173,2024,THE 2024,,,,11.4,0.0,,,
U1644,C0195,2024,THE 2024,,,,10.1,9.0,,,
U1646,C0244,2024,THE 2024,,,,22.4,2.0,,,
U1654,C0189,2024,THE 2024,,,,17.8,7.0,,,
U1668,C0011,2024,THE 2024,,,,4.4,7.0,,,
U3074,C0181,2024,THE 2024,,,,28.1,0.0,,,
U2428,C0152,2024,THE 2024,,,,19.3,2.0,,,
U1692,C0116,2024,THE 2024,,,,11.9,2.0,,,
U1693,C0087,2024,THE 2024,,,,41.3,1.0,,,
U1694,C0108,2024,THE 2024,,,,20.3,0.0,,,
U1695,C0200,2024,THE 2024,,,,11.7,17.0,,,
U3082,C0087,2024,THE 2024,,,,50.9,0.0,,,
U1704,C0242,2024,THE 2024,,,,7.2,5.0,,,
U1706,C0195,2024,THE 2024,,,,18.7,13.0,,,
U1708,C0030,2024,THE 2024,,,,32.8,0.0,,,
U3084,C0037,2024,THE 2024,,,,8.1,0.0,,,
U1718,C0181,2024,THE 2024,,,,10.6,0.0,,,
U1720,C0262,2024,THE 2024,,,,9.2,1.0,,,
U1721,C0244,2024,THE 2024,,,,21.8,30.0,,,
U2371,C0008,2024,THE 2024,,,,12.2,0.0,,,
U1731,C0231,2024,THE 2024,,,,18.2,0.0,,,
U1732,C0231,2024,THE 2024,,,,22.7,1.0,,,
U1735,C0181,2024,THE 2024,,,,9.1,1.0,,,
U1742,C0082,2024,THE 2024,,,,34.6,34.0,,,
U1756,C0116,2024,THE 2024,,,,25.8,47.0,,,
U1762,C0244,2024,THE 2024,,,,15.8,20.0,,,
U1764,C0195,2024,THE 2024,,,,24.8,3.0,,,
U1769,C0244,2024,THE 2024,,,,20.7,13.0,,,
U1770,C0244,2024,THE 2024,,,,16.7,33.0,,,
U1771,C0141,2024,THE 2024,,,,333.3,100.0,,,
U1772,C0244,2024,THE 2024,,,,20.4,80.0,,,
U1774,C0244,2024,THE 2024,,,,10.9,38.0,,,
U1767,C0244,2024,THE 2024,,,,4.4,20.0,,,
U1773,C0244,2024,THE 2024,,,,10.3,58.0,,,
U1768,C0244,2024,THE 2024,,,,9.8,49.0,,,
U1776,C0244,2024,THE 2024,,,,11.0,33.0,,,
U1785,C0195,2024,THE 2024,,,,13.3,5.0,,,
U1787,C0195,2024,THE 2024,,,,34.5,5.0,,,
U1792,C0195,2024,THE 2024,,,,9.4,15.0,,,
U3099,C0260,2024,THE 2024,,,,49.5,1.0,,,
U3100,C0005,2024,THE 2024,,,,19.5,0.0,,,
U3101,C0277,2024,THE 2024,,,,12.8,10.0,,,
U1803,C0195,2024,THE 2024,,,,11.9,14.0,,,
U1806,C0047,2024,THE 2024,,,,21.1,0.0,,,
U1811,C0231,2024,THE 2024,,,,20.6,1.0,,,
U1812,C0111,2024,THE 2024,,,,11.7,1.0,,,
U1815,C0195,2024,THE 2024,,,,9.4,11.0,,,
U1819,C0248,2024,THE 2024,,,,16.7,0.0,,,
U1817,C0248,2024,THE 2024,,,,14.7,0.0,,,
U1818,C0248,2024,THE 2024,,,,9.9,2.0,,,
U1820,C0257,2024,THE 2024,,,,21.2,4.0,,,
U2433,C0186,2024,THE 2024,,,,35.4,1.0,,,
U3109,C0186,2024,THE 2024,,,,18.2,1.0,,,
U3111,C0047,2024,THE 2024,,,,19.3,1.0,,,
U2434,C0045,2024,THE 2024,,,,22.4,1.0,,,
U1829,C0118,2024,THE 2024,,,,25.0,2.0,,,
U1834,C0109,2024,THE 2024,,,,41.2,0.0,,,
U1835,C0200,2024,THE 2024,,,,21.7,7.0,,,
U1839,C0227,2024,THE 2024,,,,13.6,61.0,,,
U3122,C0187,2024,THE 2024,,,,28.3,0.0,,,
U1845,C0135,2024,THE 2024,,,,10.0,5.0,,,
U1847,C0212,2024,THE 2024,,,,6.8,2.0,,,
U1848,C0116,2024,THE 2024,,,,14.4,8.0,,,
U1854,C0116,2024,THE 2024,,,,21.9,3.0,,,
U1858,C0238,2024,THE 2024,,,,21.9,0.0,,,
U1860,C0181,2024,THE 2024,,,,37.0,0.0,,,
U1862,C0181,2024,THE 2024,,,,26.9,0.0,,,
U1863,C0181,2024,THE 2024,,,,3.4,0.0,,,
U1864,C0181,2024,THE 2024,,,,12.7,2.0,,,
U3130,C0116,2024,THE 2024,,,,14.0,2.0,,,
U1895,C0116,2024,THE 2024,,,,30.2,8.0,,,
U1908,C0057,2024,THE 2024,,,,20.0,5.0,,,
U1911,C0211,2024,THE 2024,,,,18.1,0.0,,,
U1913,C0047,2024,THE 2024,,,,21.0,1.0,,,
U2291,C0047,2024,THE 2024,,,,26.8,0.0,,,
U1917,C0181,2024,THE 2024,,,,17.5,0.0,,,
U1920,C0195,2024,THE 2024,,,,8.8,21.0,,,
U1929,C0178,2024,THE 2024,,,,28.5,2.0,,,
U1931,C0244,2024,THE 2024,,,,17.4,34.0,,,
U1934,C0267,2024,THE 2024,,,,34.6,4.0,,,
U3139,C0101,2024,THE 2024,,,,13.6,4.0,,,
U3140,C0005,2024,THE 2024,,,,19.4,0.0,,,
U0896,C0181,2024,THE 2024,,,,19.4,0.0,,,
U1949,C0111,2024,THE 2024,,,,34.5,0.0,,,
U1960,C0108,2024,THE 2024,,,,8.7,1.0,,,
U1961,C0217,2024,THE 2024,,,,56.8,0.0,,,
U1971,C0238,2024,THE 2024,,,,13.0,1.0,,,
U1976,C0195,2024,THE 2024,,,,6.8,7.0,,,
U1982,C0116,2024,THE 2024,,,,8.7,2.0,,,
U1984,C0244,2024,THE 2024,,,,23.5,48.0,,,
U1985,C0244,2024,THE 2024,,,,15.8,23.0,,,
U1990,C0244,2024,THE 2024,,,,24.8,18.0,,,
U3168,C0244,2024,THE 2024,,,,15.1,14.0,,,
U3169,C0181,2024,THE 2024,,,,28.1,,,,
U1993,C0116,2024,THE 2024,,,,28.3,1.0,,,
U1994,C0181,2024,THE 2024,,,,15.4,0.0,,,
U1996,C0118,2024,THE 2024,,,,22.7,0.0,,,
U3173,C0181,2024,THE 2024,,,,11.6,0.0,,,
U2018,C0117,2024,THE 2024,,,,22.9,1.0,,,
U3178,C0267,2024,THE 2024,,,,19.9,3.0,,,
U2023,C0116,2024,THE 2024,,,,12.7,13.0,,,
U2027,C0116,2024,THE 2024,,,,33.4,11.0,,,
U3180,C0005,2024,THE 2024,,,,32.0,0.0,,,
U2033,C0187,2024,THE 2024,,,,26.1,0.0,,,
U2034,C0257,2024,THE 2024,,,,22.7,1.0,,,
U2035,C0248,2024,THE 2024,,,,17.1,0.0,,,
U2036,C0248,2024,THE 2024,,,,22.7,1.0,,,
U2052,C0248,2024,THE 2024,,,,19.4,0.0,,,
U2037,C0248,2024,THE 2024,,,,7.4,5.0,,,
U2040,C0248,2024,THE 2024,,,,9.8,2.0,,,
U2042,C0248,2024,THE 2024,,,,10.1,1.0,,,
U2043,C0248,2024,THE 2024,,,,13.4,12.0,,,
U2045,C0248,2024,THE 2024,,,,8.9,3.0,,,
U2049,C0248,2024,THE 2024,,,,21.0,3.0,,,
U2050,C0248,2024,THE 2024,,,,10.8,1.0,,,
U2051,C0248,2024,THE 2024,,,,14.8,1.0,,,
U2046,C0248,2024,THE 2024,,,,22.2,1.0,,,
U2047,C0248,2024,THE 2024,,,,12.6,0.0,,,
U2048,C0248,2024,THE 2024,,,,24.1,0.0,,,
U2039,C0248,2024,THE 2024,,,,11.5,0.0,,,
U2053,C0108,2024,THE 2024,,,,3.0,0.0,,,
U2054,C0267,2024,THE 2024,,,,19.4,3.0,,,
U2056,C0257,2024,THE 2024,,,,10.3,0.0,,,
U2057,C0005,2024,THE 2024,,,,14.7,0.0,,,
U2070,C0158,2024,THE 2024,,,,11.6,2.0,,,
U3186,C0181,2024,THE 2024,,,,37.2,0.0,,,
U2436,C0066,2024,THE 2024,,,,29.7,1.0,,,
U2439,C0047,2024,THE 2024,,,,21.8,0.0,,,
U2443,C0061,2024,THE 2024,,,,117.8,4.0,,,
U2083,C0051,2024,THE 2024,,,,14.5,2.0,,,
U0906,C0047,2024,THE 2024,,,,24.8,0.0,,,
U2086,C0108,2024,THE 2024,,,,11.9,0.0,,,
U2090,C0116,2024,THE 2024,,,,19.7,1.0,,,
U2555,C0032,2024,THE 2024,,,,6.7,7.0,,,
U0908,C0109,2024,THE 2024,,,,22.3,0.0,,,
U3191,C0111,2024,THE 2024,,,,32.0,0.0,,,
U0898,C0238,2024,THE 2024,,,,9.7,0.0,,,
U2096,C0116,2024,THE 2024,,,,23.4,6.0,,,
U2098,C0248,2024,THE 2024,,,,26.2,1.0,,,
U2097,C0248,2024,THE 2024,,,,41.7,0.0,,,
U2099,C0248,2024,THE 2024,,,,17.4,0.0,,,
U3219,C0231,2024,THE 2024,,,,31.0,12.0,,,
U3225,C0111,2024,THE 2024,,,,15.9,0.0,,,
U2108,C0173,2024,THE 2024,,,,2.9,0.0,,,
U2110,C0111,2024,THE 2024,,,,13.6,0.0,,,
U2112,C0111,2024,THE 2024,,,,13.0,0.0,,,
U2113,C0005,2024,THE 2024,,,,19.0,0.0,,,
U2115,C0116,2024,THE 2024,,,,36.7,0.0,,,
U2130,C0116,2024,THE 2024,,,,16.6,10.0,,,
U2134,C0116,2024,THE 2024,,,,27.3,4.0,,,
U2138,C0195,2024,THE 2024,,,,20.5,6.0,,,
U2143,C0118,2024,THE 2024,,,,14.1,2.0,,,
U2155,C0244,2024,THE 2024,,,,9.6,34.0,,,
U3233,C0135,2024,THE 2024,,,,19.8,2.0,,,
U2165,C0118,2024,THE 2024,,,,9.2,2.0,,,
U2166,C0248,2024,THE 2024,,,,39.7,1.0,,,
U2167,C0238,2024,THE 2024,,,,9.9,0.0,,,
U2168,C0238,2024,THE 2024,,,,13.1,0.0,,,
U2170,C0195,2024,THE 2024,,,,8.5,10.0,,,
U2173,C0231,2024,THE 2024,,,,23.9,0.0,,,
U2174,C0275,2024,THE 2024,,,,12.6,3.0,,,
U2178,C0066,2024,THE 2024,,,,12.8,24.0,,,
U2181,C0109,2024,THE 2024,,,,47.0,0.0,,,
U2187,C0195,2024,THE 2024,,,,18.2,17.0,,,
U2186,C0195,2024,THE 2024,,,,16.6,8.0,,,
U2192,C0030,2024,THE 2024,,,,19.7,0.0,,,
U2194,C0030,2024,THE 2024,,,,10.6,0.0,,,
U2198,C0019,2024,THE 2024,,,,21.9,1.0,,,
U2199,C0162,2024,THE 2024,,,,22.9,11.0,,,
U3313,C0195,2024,THE 2024,,,,8.7,8.0,,,
U3312,C0195,2024,THE 2024,,,,14.2,10.0,,,
U3314,C0248,2024,THE 2024,,,,20.3,4.0,,,
U3318,C0111,2024,THE 2024,,,,21.9,0.0,,,
U2446,C0066,2024,THE 2024,,,,18.7,1.0,,,
U1483,C0248,2024,THE 2024,,,,13.2,2.0,,,
U3325,C0248,2024,THE 2024,,,,20.6,0.0,,,
U3326,C0248,2024,THE 2024,,,,29.7,0.0,,,
U3328,C0194,2024,THE 2024,,,,22.0,1.0,,,
U3251,C0030,2024,THE 2024,,,,16.4,1.0,,,
U3332,C0019,2024,THE 2024,,,,19.7,0.0,,,
U3333,C0033,2024,THE 2024,,,,13.0,35.0,,,
U3334,C0242,2024,THE 2024,,,,15.3,0.0,,,
U3337,C0173,2024,THE 2024,,,,15.9,3.0,,,
U3258,C0271,2024,THE 2024,,,,9.0,44.0,,,
U3345,C0030,2024,THE 2024,,,,18.5,1.0,,,
U3349,C0108,2024,THE 2024,,,,9.5,0.0,,,
U3353,C0187,2024,THE 2024,,,,16.6,0.0,,,
U3355,C0108,2024,THE 2024,,,,19.7,0.0,,,
U3360,C0195,2024,THE 2024,,,,5.9,32.0,,,
U3267,C0244,2024,THE 2024,,,,23.6,32.0,,,
U3268,C0111,2024,THE 2024,,,,16.7,0.0,,,
U3380,C0111,2024,THE 2024,,,,20.7,0.0,,,
U3385,C0245,2024,THE 2024,,,,12.8,85.0,,,
U3386,C0016,2024,THE 2024,,,,10.1,6.0,,,
U3392,C0242,2024,THE 2024,,,,21.0,3.0,,,
U3394,C0245,2024,THE 2024,,,,18.3,5.0,,,
U3395,C0086,2024,THE 2024,,,,31.3,32.0,,,
U3397,C0181,2024,THE 2024,,,,26.5,1.0,,,
U3398,C0181,2024,THE 2024,,,,38.0,0.0,,,
U3287,C0244,2024,THE 2024,,,,17.2,14.0,,,
U3401,C0019,2024,THE 2024,,,,20.8,0.0,,,
U3400,C0117,2024,THE 2024,,,,27.2,8.0,,,
U3402,C0244,2024,THE 2024,,,,25.5,19.0,,,
U3403,C0244,2024,THE 2024,,,,7.5,9.0,,,
U3408,C0188,2024,THE 2024,,,,6.4,49.0,,,
U3419,C0238,2024,THE 2024,,,,11.4,1.0,,,
U3422,C0116,2024,THE 2024,,,,16.2,2.0,,,
U3425,C0021,2024,THE 2024,,,,15.7,10.0,,,
U3418,C0257,2024,THE 2024,,,,11.7,2.0,,,
U3441,C0244,2024,THE 2024,,,,18.4,13.0,,,
U3446,C0173,2024,THE 2024,,,,26.2,0.0,,,
U3449,C0117,2024,THE 2024,,,,17.0,35.0,,,
U3460,C0118,2024,THE 2024,,,,18.2,0.0,,,
U3461,C0242,2024,THE 2024,,,,16.1,1.0,,,
U3462,C0005,2024,THE 2024,,,,28.5,0.0,,,
U3463,C0181,2024,THE 2024,,,,9.2,0.0,,,
U3049,C0244,2023,WUR 2023,1.0,96.4,99.0,10.6,42.0,,98.87982363581548,96.2
U0773,C0245,2023,WUR 2023,2.0,95.2,99.3,9.6,25.0,,94.92312687667948,80.5
U2718,C0244,2023,WUR 2023,3.0,94.8,97.0,11.3,39.0,,98.07318462034937,95.8
U1970,C0245,2023,WUR 2023,3.0,94.8,99.8,7.1,24.0,,93.66484799079956,79.8
U1289,C0245,2023,WUR 2023,5.0,94.2,99.8,8.2,33.0,,94.20516755013978,89.3
U0321,C0245,2023,WUR 2023,6.0,94.1,97.3,6.2,34.0,,93.95916361378772,83.6
U1702,C0245,2023,WUR 2023,7.0,92.4,99.1,8.0,23.0,,93.13660742486503,80.3
U2705,C0245,2023,WUR 2023,8.0,92.1,99.0,18.4,24.0,,92.60826907480458,78.4
U3420,C0245,2023,WUR 2023,9.0,91.4,97.0,5.9,21.0,,88.57178730764494,70.9
U0851,C0244,2023,WUR 2023,10.0,90.4,98.3,11.2,61.0,,94.15063330226016,97.5
U0467,C0245,2023,WUR 2023,11.0,89.4,97.1,4.5,38.0,,87.99627393485936,79.9
U0599,C0227,2023,WUR 2023,11.0,89.4,90.7,14.8,41.0,,94.39084950030885,97.7
U2738,C0245,2023,WUR 2023,13.0,88.9,97.7,6.0,36.0,,87.44183283707719,74.2
U3062,C0245,2023,WUR 2023,14.0,88.8,97.0,6.3,23.0,,86.59929816719476,71.5
U1016,C0245,2023,WUR 2023,15.0,88.3,97.0,4.7,29.0,,88.94977051964159,75.3
U2157,,2023,WUR 2023,16.0,88.2,88.0,11.6,10.0,,81.24652590760817,40.3
U1627,,2023,WUR 2023,17.0,88.1,80.4,10.3,19.0,,84.33996858169495,65.0
U3228,C0039,2023,WUR 2023,18.0,87.4,92.8,25.8,26.0,,92.0191764673988,89.7
U1480,,2023,WUR 2023,19.0,87.1,90.2,19.8,25.0,,92.0750454992192,94.0
U0478,C0245,2023,WUR 2023,20.0,85.9,97.3,10.3,26.0,,86.48908433147994,76.9
U2709,C0245,2023,WUR 2023,21.0,85.8,95.4,9.7,16.0,,84.65090679159954,65.0
U2175,C0244,2023,WUR 2023,22.0,85.7,97.9,10.3,60.0,,90.91750590216002,96.7
U2971,C0245,2023,WUR 2023,23.0,82.9,93.6,8.2,17.0,,80.42205098590895,59.2
U1501,C0245,2023,WUR 2023,24.0,82.7,95.0,9.8,42.0,,84.14190632419549,74.7
U0550,C0245,2023,WUR 2023,25.0,82.6,95.7,4.2,24.0,,78.56282719915886,68.0
U1539,C0245,2023,WUR 2023,26.0,82.1,97.5,13.2,20.0,,81.31124031998395,67.0
U3272,C0245,2023,WUR 2023,26.0,82.1,98.9,10.8,18.0,,81.93764277707245,63.0
U0337,C0245,2023,WUR 2023,28.0,81.1,98.7,12.9,47.0,,85.33077419959099,80.1
U2788,C0244,2023,WUR 2023,29.0,79.8,97.1,11.8,47.0,,84.51390235093453,95.6
U2071,,2023,WUR 2023,30.0,79.3,84.5,40.6,36.0,,80.6923564210569,77.7
U2851,,2023,WUR 2023,31.0,78.5,92.4,18.2,43.0,,83.60014572488618,98.7
U2713,C0245,2023,WUR 2023,32.0,78.1,98.2,11.3,28.0,,79.81385842361047,67.8
U1224,,2023,WUR 2023,33.0,77.7,87.4,34.2,19.0,,77.77445350309692,70.5
U2966,C0014,2023,WUR 2023,34.0,77.6,85.8,23.8,47.0,,81.38767045467536,93.6
U1118,C0244,2023,WUR 2023,35.0,77.1,98.2,11.8,52.0,,84.09664717625574,96.1
U1404,C0205,2023,WUR 2023,36.0,77.0,87.2,15.1,25.0,,83.10476154391623,94.5
U1236,C0244,2023,WUR 2023,37.0,76.5,95.1,11.9,73.0,,83.14651567191699,92.8
U0703,C0245,2023,WUR 2023,38.0,76.0,91.4,24.7,40.0,,80.1840225800899,81.2
U3226,C0116,2023,WUR 2023,39.0,75.9,55.5,10.5,15.0,,68.8685605988847,43.3
U2697,C0039,2023,WUR 2023,40.0,75.7,88.8,18.9,34.0,,81.05850928487834,94.8
U0456,C0227,2023,WUR 2023,41.0,75.4,84.5,12.3,62.0,,79.20566126811191,98.0
U1159,,2023,WUR 2023,42.0,74.6,86.7,36.5,18.0,,77.19290241985294,76.8
U2591,,2023,WUR 2023,43.0,74.1,96.0,13.5,21.0,,71.43805296004594,71.2
U1349,C0014,2023,WUR 2023,44.0,73.6,90.4,42.5,41.0,,78.27099782433382,91.0
U0400,,2023,WUR 2023,45.0,73.2,95.7,19.0,21.0,,76.10727794388605,92.5
U1296,,2023,WUR 2023,46.0,73.0,82.5,12.5,30.0,,77.88621861558255,91.0
U1618,C0082,2023,WUR 2023,47.0,72.9,75.5,15.0,22.0,,72.93058668270844,76.3
U2866,C0245,2023,WUR 2023,48.0,72.7,78.1,17.4,22.0,,71.94585909336028,56.2
U1054,C0226,2023,WUR 2023,49.0,72.4,94.0,9.9,27.0,,78.5493927013765,87.3
U3194,C0245,2023,WUR 2023,50.0,72.3,87.5,17.4,10.0,,67.88499029181233,40.1
U0673,C0046,2023,WUR 2023,51.0,72.0,74.5,11.9,9.0,,66.60774934911292,45.2
U1878,C0046,2023,WUR 2023,52.0,71.2,59.9,11.5,8.0,,65.68811332490198,43.7
U3086,,2023,WUR 2023,53.0,71.1,84.3,34.2,41.0,,75.7484924709081,93.2
U2945,,2023,WUR 2023,54.0,70.9,91.3,14.2,44.0,,76.23181245878368,92.7
U3174,C0014,2023,WUR 2023,54.0,70.9,88.5,19.0,45.0,,76.03197885919445,90.6
U1855,C0261,2023,WUR 2023,56.0,70.8,67.6,15.1,10.0,,62.56484332819112,35.9
U3379,C0245,2023,WUR 2023,57.0,70.6,98.2,7.8,24.0,,67.8750870462449,64.0
U0808,,2023,WUR 2023,58.0,70.5,87.7,21.0,32.0,,76.14881353763452,97.7
U3370,C0168,2023,WUR 2023,59.0,70.3,93.2,18.6,27.0,,73.99920294709517,88.8
U2644,C0168,2023,WUR 2023,60.0,69.6,93.3,14.5,32.0,,76.86642000433761,91.9
U0303,C0245,2023,WUR 2023,61.0,69.3,89.5,10.1,21.0,,65.73054142845992,63.3
U0191,C0014,2023,WUR 2023,62.0,69.0,81.8,14.6,51.0,,77.10927157644507,96.0
U2707,C0245,2023,WUR 2023,63.0,68.5,80.9,13.1,18.0,,68.88762523717244,68.7
U2715,C0245,2023,WUR 2023,64.0,68.4,96.2,28.5,20.0,,72.62003215811649,76.0
U3152,C0245,2023,WUR 2023,65.0,68.3,90.4,12.6,22.0,,66.42120387733046,63.7
U3323,C0168,2023,WUR 2023,66.0,68.2,91.2,17.1,13.0,,74.19984413332807,78.8
U3456,,2023,WUR 2023,67.0,68.1,62.8,12.0,16.0,,64.8408152003321,55.1
U1177,C0116,2023,WUR 2023,68.0,68.0,52.3,9.2,12.0,,60.58355780131964,40.5
U3025,C0245,2023,WUR 2023,69.0,67.8,93.3,7.9,8.0,,62.75391608072404,41.7
U0514,C0168,2023,WUR 2023,70.0,67.7,59.1,16.1,31.0,,73.72411650102839,94.2
U0289,C0245,2023,WUR 2023,71.0,67.5,92.9,10.8,31.0,,66.3369914327224,65.9
U3307,,2023,WUR 2023,71.0,67.5,85.9,36.3,40.0,,72.61345010241408,95.1
U0378,C0086,2023,WUR 2023,73.0,67.2,98.8,18.0,21.0,,66.80298209329725,69.3
U3120,,2023,WUR 2023,74.0,67.1,78.8,8.1,6.0,,60.064241516910656,36.9
U2830,,2023,WUR 2023,75.0,66.6,90.4,24.4,28.0,,71.97762290913451,89.8
U2696,,2023,WUR 2023,76.0,66.5,98.6,14.6,31.0,,72.08881407575342,89.4
U1210,,2023,WUR 2023,77.0,66.4,86.6,19.3,20.0,,73.48403228092845,85.4
U3440,,2023,WUR 2023,78.0,66.3,63.9,14.7,17.0,,61.43999363811169,52.8
U0807,,2023,WUR 2023,79.0,65.8,86.7,28.9,30.0,,72.35607411718286,97.6
U0586,,2023,WUR 2023,80.0,65.7,95.6,33.9,22.0,,73.25598316365576,89.7
U3282,C0245,2023,WUR 2023,81.0,65.5,78.7,10.0,14.0,,62.43188437400684,51.8
U0583,C0245,2023,WUR 2023,82.0,65.3,98.0,4.2,20.0,,60.98280722343383,59.8
U2823,,2023,WUR 2023,82.0,65.3,96.5,13.5,41.0,,71.07332010954434,93.8
U3300,C0227,2023,WUR 2023,82.0,65.3,87.5,13.7,22.0,,68.11045884721375,93.0
U1297,,2023,WUR 2023,85.0,65.1,94.6,29.0,20.0,,68.53506865384698,84.7
U0823,C0086,2023,WUR 2023,86.0,64.9,75.6,53.2,17.0,,66.62193978555594,70.5
U3184,C0086,2023,WUR 2023,86.0,64.9,84.5,27.5,13.0,,64.51370290398032,64.1
U2625,,2023,WUR 2023,88.0,64.7,92.2,32.8,32.0,,70.26789972109272,93.6
U2687,C0086,2023,WUR 2023,89.0,64.6,86.0,47.5,17.0,,64.90450349181194,68.7
U1940,C0082,2023,WUR 2023,90.0,64.5,76.6,13.9,21.0,,64.09464903215354,72.3
U0668,C0086,2023,WUR 2023,91.0,64.2,74.8,41.9,23.0,,66.72925653687903,76.4
U1148,C0261,2023,WUR 2023,91.0,64.2,65.7,10.7,9.0,,57.00216927652976,38.2
U2579,C0082,2023,WUR 2023,93.0,63.9,79.1,14.9,19.0,,62.56391417485223,69.7
U2676,C0227,2023,WUR 2023,94.0,63.7,90.7,17.2,17.0,,65.68151585646157,88.2
U2708,C0245,2023,WUR 2023,95.0,63.6,93.6,16.9,28.0,,65.81658931581651,73.2
U0907,C0082,2023,WUR 2023,95.0,63.6,64.8,6.7,41.0,,66.24088178336035,95.6
U1398,C0046,2023,WUR 2023,95.0,63.6,74.3,16.5,8.0,,59.34958623228903,55.2
U3330,C0245,2023,WUR 2023,98.0,63.5,96.5,3.8,15.0,,59.19221319487155,50.6
U0421,,2023,WUR 2023,99.0,63.4,79.9,12.1,62.0,,68.60006498663604,99.6
U1791,C0086,2023,WUR 2023,99.0,63.4,66.1,50.0,28.0,,62.59561603346103,65.1
U2663,C0227,2023,WUR 2023,101.0,63.0,86.5,10.9,30.0,,65.12059201816965,96.8
U1104,,2023,WUR 2023,101.0,63.0,91.9,7.8,22.0,,61.99732559394772,93.6
U2976,C0245,2023,WUR 2023,101.0,63.0,81.2,12.0,10.0,,57.57784882108682,41.7
U2954,C0245,2023,WUR 2023,104.0,62.9,89.7,16.5,11.0,,60.79206315850158,42.6
U3271,,2023,WUR 2023,104.0,62.9,88.1,13.1,44.0,,68.13995270351265,94.9
U1323,C0245,2023,WUR 2023,106.0,62.8,78.8,16.0,13.0,,60.867443185585536,61.9
U0709,C0022,2023,WUR 2023,107.0,62.7,77.8,35.6,12.0,,63.47001669230149,63.9
U2679,C0244,2023,WUR 2023,108.0,62.6,95.2,15.0,34.0,,67.81446884969286,92.2
U3144,C0244,2023,WUR 2023,108.0,62.6,92.3,13.7,39.0,,68.20242573632467,94.6
U2847,C0080,2023,WUR 2023,110.0,62.5,86.6,15.8,5.0,,63.65241858726394,57.0
U2995,,2023,WUR 2023,111.0,62.3,75.8,20.8,22.0,,64.17409547029632,85.5
U1568,C0245,2023,WUR 2023,112.0,62.2,83.4,11.8,13.0,,59.50120848114592,60.3
U2809,C0086,2023,WUR 2023,113.0,61.9,80.8,37.2,17.0,,61.21717107216476,67.3
U2755,C0058,2023,WUR 2023,114.0,61.7,87.2,4.2,16.0,,64.34700291449772,84.7
U2577,,2023,WUR 2023,114.0,61.7,89.3,17.0,19.0,,59.68768597356733,68.3
U3129,,2023,WUR 2023,114.0,61.7,89.5,14.5,41.0,,65.33453490766729,88.5
U0003,C0058,2023,WUR 2023,117.0,61.2,77.6,13.5,10.0,,66.62638967778518,77.9
U2634,C0039,2023,WUR 2023,118.0,61.1,72.9,21.6,28.0,,63.89070941791377,89.2
U2831,C0086,2023,WUR 2023,119.0,61.0,83.9,26.0,14.0,,61.69170998428595,63.0
U1249,C0226,2023,WUR 2023,119.0,61.0,81.0,11.5,18.0,,65.35709925819616,78.5
U3365,C0168,2023,WUR 2023,121.0,60.9,87.5,19.8,16.0,,65.74545646773198,79.4
U1194,C0244,2023,WUR 2023,122.0,60.8,96.9,12.8,39.0,,65.60080965664585,94.9
U0509,C0245,2023,WUR 2023,123.0,60.7,88.2,7.8,15.0,,50.8266329091639,42.0
U1723,C0244,2023,WUR 2023,124.0,60.4,97.7,13.1,46.0,,67.06098918421827,97.1
U3262,C0015,2023,WUR 2023,124.0,60.4,65.1,42.9,29.0,,66.6491924664333,95.8
U3042,C0176,2023,WUR 2023,126.0,60.2,89.0,13.3,15.0,,63.6340041419641,77.0
U1711,C0245,2023,WUR 2023,127.0,60.1,56.9,16.9,20.0,,61.05271358502817,71.1
U2840,C0086,2023,WUR 2023,128.0,59.8,75.4,61.5,12.0,,58.83869591823336,60.4
U2916,C0244,2023,WUR 2023,128.0,59.8,79.3,14.6,36.0,,63.77928205874005,91.8
U3034,C0244,2023,WUR 2023,130.0,59.6,86.6,15.1,31.0,,63.655506850849775,90.4
U2648,C0022,2023,WUR 2023,131.0,59.4,90.4,32.2,17.0,,61.59650080628013,71.8
U3276,C0014,2023,WUR 2023,131.0,59.4,85.6,21.3,28.0,,66.45451417253317,94.4
U3189,,2023,WUR 2023,133.0,59.3,90.5,35.1,31.0,,65.05992993103914,96.0
U0338,C0245,2023,WUR 2023,134.0,59.0,90.7,8.2,20.0,,54.23775263008677,52.9
U2915,C0227,2023,WUR 2023,135.0,58.7,83.0,10.2,23.0,,64.90671373968632,92.3
U0701,C0245,2023,WUR 2023,136.0,58.6,88.0,8.0,19.0,,49.49978377255486,49.1
U2799,C0244,2023,WUR 2023,137.0,58.5,94.8,15.9,29.0,,65.15593567200844,92.7
U3045,,2023,WUR 2023,137.0,58.5,82.6,26.0,24.0,,61.67809216678518,84.1
U2653,C0170,2023,WUR 2023,139.0,58.4,85.4,22.1,32.0,,64.31216094017783,94.3
U1495,,2023,WUR 2023,139.0,58.4,96.0,15.1,29.0,,63.669753732618105,87.8
U1730,,2023,WUR 2023,139.0,58.4,85.5,17.6,13.0,,63.7174598313426,74.7
U3290,C0086,2023,WUR 2023,139.0,58.4,87.8,40.7,10.0,,56.88064820709232,57.3
U3294,C0244,2023,WUR 2023,139.0,58.4,85.9,14.4,28.0,,62.99244585984869,88.7
U3072,C0245,2023,WUR 2023,144.0,58.3,90.6,5.5,11.0,,53.23382168780872,43.4
U1253,C0168,2023,WUR 2023,145.0,58.2,75.5,18.6,56.0,,65.07713238394678,98.1
U2746,C0086,2023,WUR 2023,146.0,58.0,80.0,30.4,16.0,,56.88488109613596,64.4
U1749,C0245,2023,WUR 2023,147.0,57.9,84.4,9.2,28.0,,57.07861492603029,75.3
U2748,C0245,2023,WUR 2023,148.0,57.8,85.5,16.0,8.0,,54.04732182139939,45.6
U2183,C0086,2023,WUR 2023,148.0,57.8,89.3,26.2,13.0,,54.88705617030492,56.1
U3309,C0226,2023,WUR 2023,148.0,57.8,75.2,15.3,17.0,,62.33290468909793,72.6
U2803,C0245,2023,WUR 2023,151.0,57.7,64.2,16.1,8.0,,53.341707587656224,41.4
U1628,C0245,2023,WUR 2023,151.0,57.7,75.2,14.0,16.0,,55.62608215793684,48.3
U2161,C0245,2023,WUR 2023,151.0,57.7,92.2,10.0,16.0,,52.22823831628719,51.4
U3093,C0245,2023,WUR 2023,154.0,57.6,87.0,7.7,36.0,,57.94780740634526,73.8
U1157,C0226,2023,WUR 2023,155.0,57.5,68.4,16.4,20.0,,61.23318194690277,81.1
U0160,,2023,WUR 2023,156.0,57.4,79.6,19.6,17.0,,57.07838465360004,62.5
U2058,C0086,2023,WUR 2023,156.0,57.4,62.0,48.1,27.0,,57.21947387812416,67.8
U2160,C0086,2023,WUR 2023,156.0,57.4,69.1,30.8,16.0,,54.95248477425626,60.5
U3265,C0245,2023,WUR 2023,156.0,57.4,86.6,9.0,13.0,,52.47100588386888,52.5
U2726,,2023,WUR 2023,160.0,57.2,88.7,12.8,15.0,,61.417793579384046,78.8
U2685,,2023,WUR 2023,161.0,57.0,80.2,24.4,12.0,,50.8669534483868,51.6
U2153,,2023,WUR 2023,161.0,57.0,79.4,21.0,28.0,,63.98259332321007,93.7
U2917,C0244,2023,WUR 2023,163.0,56.9,98.7,14.1,34.0,,61.738262985650266,92.5
U1648,,2023,WUR 2023,163.0,56.9,67.7,10.0,3.0,,48.202688467368766,31.8
U1951,,2023,WUR 2023,166.0,56.8,95.5,8.8,1.0,,58.36053633960251,59.0
U2063,C0058,2023,WUR 2023,166.0,56.8,73.2,6.9,26.0,,60.87757843879212,94.0
U1300,C0015,2023,WUR 2023,168.0,56.6,96.8,14.1,27.0,,58.82202831795625,79.0
U1524,C0245,2023,WUR 2023,168.0,56.6,96.2,14.6,36.0,,55.73454598442444,76.3
U0858,C0245,2023,WUR 2023,170.0,56.5,85.5,12.6,13.0,,52.34222061748287,54.3
U2486,C0022,2023,WUR 2023,170.0,56.5,72.8,36.0,20.0,,61.00238078828949,82.3
U2000,,2023,WUR 2023,170.0,56.5,59.4,19.4,18.0,,52.84872207783469,56.4
U3410,C0046,2023,WUR 2023,173.0,56.4,89.2,15.2,6.0,,49.61780288418667,35.3
U2184,,2023,WUR 2023,174.0,56.3,85.9,13.6,9.0,,51.395003549625024,43.7
U1256,C0014,2023,WUR 2023,175.0,56.2,76.1,69.0,27.0,,60.61077261381419,89.8
U0817,C0046,2023,WUR 2023,176.0,56.1,88.8,16.2,4.0,,48.34471031564961,25.5
U2928,,2023,WUR 2023,176.0,56.1,89.4,14.2,36.0,,61.899811446074935,94.1
U1986,C0226,2023,WUR 2023,176.0,56.1,87.1,20.7,7.0,,61.58865980547368,66.3
U2947,C0086,2023,WUR 2023,179.0,56.0,79.0,58.2,13.0,,55.86785779844532,57.4
U2650,C0245,2023,WUR 2023,180.0,55.9,78.7,17.0,9.0,,51.36539557782213,41.3
U2100,C0245,2023,WUR 2023,181.0,55.8,63.2,21.3,8.0,,54.33782712975051,56.0
U2660,C0216,2023,WUR 2023,182.0,55.7,89.9,15.8,11.0,,57.14812423099623,59.9
U0195,C0216,2023,WUR 2023,183.0,55.6,91.1,12.7,16.0,,56.701396124596656,67.1
U1842,C0114,2023,WUR 2023,183.0,55.6,74.8,7.6,13.0,,48.02602347929557,56.4
U2986,C0086,2023,WUR 2023,185.0,55.5,81.4,25.4,7.0,,52.34841561952592,49.2
U1661,C0216,2023,WUR 2023,186.0,55.4,91.5,22.4,13.0,,57.56795169978616,68.9
U0334,,2023,WUR 2023,187.0,55.2,88.5,14.3,28.0,,60.92254801098514,88.3
U1451,,2023,WUR 2023,187.0,55.2,60.1,11.4,11.0,,51.72345062991759,47.2
U0672,C0086,2023,WUR 2023,189.0,55.0,81.3,20.6,14.0,,53.32889654023023,62.8
U1051,C0086,2023,WUR 2023,189.0,55.0,57.8,21.6,20.0,,55.32366076167588,68.6
U2956,C0245,2023,WUR 2023,191.0,54.9,87.8,13.2,14.0,,52.341685458638985,65.0
U2622,C0244,2023,WUR 2023,192.0,54.8,89.8,16.2,44.0,,60.49117742213117,95.9
U2717,C0245,2023,WUR 2023,192.0,54.8,95.9,22.6,14.0,,55.360509964427,67.9
U1306,C0015,2023,WUR 2023,194.0,54.6,94.0,8.4,33.0,,54.92245494254458,81.7
U2970,C0245,2023,WUR 2023,194.0,54.6,81.0,10.8,16.0,,49.16373851863296,60.2
U2797,C0086,2023,WUR 2023,196.0,54.5,68.8,43.4,13.0,,51.49276715929724,53.5
U1902,C0046,2023,WUR 2023,196.0,54.5,48.6,15.8,6.0,,47.93895334974528,38.7
U0555,C0244,2023,WUR 2023,198.0,54.4,70.0,14.1,35.0,,59.81741641845694,94.3
U1728,,2023,WUR 2023,198.0,54.4,84.4,15.8,39.0,,61.26708507112805,97.4
U3088,C0244,2023,WUR 2023,198.0,54.4,78.5,16.4,32.0,,59.44577702818568,93.3
U0002,C0080,2023,WUR 2023,201.0,,67.5,19.7,21.0,,53.888982170544665,81.9
U2675,C0176,2023,WUR 2023,201.0,,85.7,12.8,10.0,,53.9367867678929,76.4
U0268,C0086,2023,WUR 2023,201.0,,84.2,66.6,7.0,,52.219070697228986,48.5
U2704,C0039,2023,WUR 2023,201.0,,75.9,18.7,21.0,,55.85367266970017,79.9
U0491,,2023,WUR 2023,201.0,,83.0,20.8,31.0,,57.94614732176832,95.2
U2781,C0244,2023,WUR 2023,201.0,,90.3,18.3,27.0,,56.23895355797036,85.4
U2782,,2023,WUR 2023,201.0,,95.0,13.3,25.0,,57.46059993807141,86.4
U0579,C0168,2023,WUR 2023,201.0,,55.5,21.0,24.0,,56.40344278922299,86.4
U2817,C0227,2023,WUR 2023,201.0,,81.8,8.7,40.0,,59.406889057029495,98.6
U0702,C0245,2023,WUR 2023,201.0,,83.2,12.9,15.0,,48.67883479537273,56.9
U2825,C0226,2023,WUR 2023,201.0,,87.9,10.7,12.0,,57.86658115421034,65.1
U2849,C0086,2023,WUR 2023,201.0,,95.2,39.7,14.0,,51.72583062205239,55.8
U0820,,2023,WUR 2023,201.0,,99.7,19.0,18.0,,52.90377607182017,62.9
U1109,C0200,2023,WUR 2023,201.0,,80.3,8.6,10.0,,54.107293499523614,76.7
U2897,C0086,2023,WUR 2023,201.0,,62.9,24.2,12.0,,52.47709595680807,67.9
U1149,,2023,WUR 2023,201.0,,61.5,15.8,27.0,,50.47254321772569,55.8
U2570,C0022,2023,WUR 2023,201.0,,77.3,49.3,31.0,,60.492539561130144,88.9
U2936,C0141,2023,WUR 2023,201.0,,64.5,19.3,51.0,,56.74548206716703,99.4
U2937,,2023,WUR 2023,201.0,,78.5,15.4,39.0,,58.89748367352138,99.3
U1254,,2023,WUR 2023,201.0,,79.2,38.1,91.0,,56.33156257645127,99.7
U1301,C0015,2023,WUR 2023,201.0,,88.8,12.9,43.0,,56.32374556235629,88.4
U3013,C0014,2023,WUR 2023,201.0,,79.3,29.5,18.0,,55.5264038983326,84.3
U3032,C0245,2023,WUR 2023,201.0,,67.7,10.9,13.0,,48.72326339066844,59.3
U3050,C0114,2023,WUR 2023,201.0,,80.9,29.3,8.0,,48.2119030391388,49.3
U3078,C0086,2023,WUR 2023,201.0,,70.4,39.6,14.0,,51.83090752487841,59.6
U1714,C0193,2023,WUR 2023,201.0,,79.6,8.8,35.0,,60.59930890507583,98.9
U1724,,2023,WUR 2023,201.0,,86.0,37.9,17.0,,59.57183168816475,83.9
U1737,,2023,WUR 2023,201.0,,76.9,24.2,70.0,,58.043071702751945,94.7
U1789,C0245,2023,WUR 2023,201.0,,73.0,10.9,17.0,,50.74371033720703,53.9
U1980,C0244,2023,WUR 2023,201.0,,99.9,13.2,20.0,,55.49714235588621,74.9
U1825,,2023,WUR 2023,201.0,,69.4,14.0,19.0,,48.46738611558501,56.7
U3138,C0030,2023,WUR 2023,201.0,,43.3,15.9,4.0,,47.55662772640108,37.2
U1826,C0114,2023,WUR 2023,201.0,,67.7,28.2,10.0,,47.41520656661846,43.5
U1851,,2023,WUR 2023,201.0,,87.9,12.2,34.0,,46.80249715344081,77.1
U3156,C0245,2023,WUR 2023,201.0,,85.1,18.6,13.0,,51.31089858589864,56.2
U3161,C0244,2023,WUR 2023,201.0,,67.8,12.3,47.0,,57.55880296388381,94.9
U3171,C0244,2023,WUR 2023,201.0,,79.5,16.9,36.0,,57.010906359634575,94.8
U3172,C0244,2023,WUR 2023,201.0,,89.0,17.4,37.0,,59.64920751171532,93.1
U2507,C0227,2023,WUR 2023,201.0,,91.4,12.5,66.0,,55.96568234457183,99.5
U3182,,2023,WUR 2023,201.0,,92.4,12.0,13.0,,53.60958771109532,65.4
U2092,C0113,2023,WUR 2023,201.0,,72.0,23.0,7.0,,55.04895493878836,56.0
U2116,C0116,2023,WUR 2023,201.0,,36.8,12.4,14.0,,49.271934918805286,51.1
U2616,C0112,2023,WUR 2023,201.0,,73.9,21.3,31.0,,58.64412663628159,94.2
U3356,C0114,2023,WUR 2023,201.0,,99.7,15.1,5.0,,48.22655024381114,45.2
U3366,C0022,2023,WUR 2023,201.0,,67.4,33.6,23.0,,54.51745166973642,77.3
U3273,C0039,2023,WUR 2023,201.0,,71.0,23.2,23.0,,59.50613198333807,87.5
U3389,,2023,WUR 2023,201.0,,67.9,29.5,22.0,,55.795345969628215,85.6
U3388,C0014,2023,WUR 2023,201.0,,87.6,40.3,22.0,,56.65658762061948,87.9
U3285,C0014,2023,WUR 2023,201.0,,74.8,29.1,27.0,,57.73198028410719,94.0
U0001,C0058,2023,WUR 2023,251.0,,73.2,14.7,14.0,,55.898690011173926,76.4
U0184,,2023,WUR 2023,251.0,,97.4,17.3,49.0,,55.97247578954864,96.4
U0190,C0014,2023,WUR 2023,251.0,,98.3,39.1,15.0,,54.88138734484782,79.9
U2665,C0244,2023,WUR 2023,251.0,,73.8,15.4,34.0,,54.90584205238388,93.4
U0244,C0046,2023,WUR 2023,251.0,,59.5,14.3,10.0,,43.84883066108438,41.4
U0287,C0014,2023,WUR 2023,251.0,,99.9,10.9,39.0,,53.588165128033104,81.8
U0288,C0245,2023,WUR 2023,251.0,,74.9,14.5,12.0,,43.50191197566886,48.5
U0291,C0244,2023,WUR 2023,251.0,,88.4,18.6,21.0,,50.02847824872754,84.0
U0298,C0244,2023,WUR 2023,251.0,,99.8,20.3,17.0,,55.34453430422287,81.1
U2712,C0245,2023,WUR 2023,251.0,,81.4,18.6,14.0,,50.04292559816122,65.3
U2722,C0014,2023,WUR 2023,251.0,,92.6,35.5,26.0,,58.37792690957088,88.1
U0369,C0226,2023,WUR 2023,251.0,,64.4,13.8,19.0,,54.12109871958731,77.4
U0390,C0267,2023,WUR 2023,251.0,,92.8,15.5,9.0,,48.97579395810871,47.6
U0477,C0058,2023,WUR 2023,251.0,,90.9,27.7,24.0,,58.60714892599958,93.6
U0511,C0014,2023,WUR 2023,251.0,,83.2,33.9,25.0,,56.217083699292296,88.7
U2780,C0086,2023,WUR 2023,251.0,,79.9,43.7,19.0,,50.07805224881443,60.9
U0781,C0086,2023,WUR 2023,251.0,,80.1,32.8,12.0,,48.0312265542654,59.3
U0435,C0082,2023,WUR 2023,251.0,,79.5,10.0,37.0,,51.956380787799546,83.6
U0719,C0086,2023,WUR 2023,251.0,,76.4,12.7,14.0,,48.70926464377508,65.6
U0736,,2023,WUR 2023,251.0,,76.4,32.9,17.0,,54.392378423505946,83.2
U2843,C0245,2023,WUR 2023,251.0,,66.0,10.7,11.0,,50.634905593203015,66.9
U0780,C0113,2023,WUR 2023,251.0,,65.3,11.3,5.0,,48.74841126313083,59.5
U2867,C0245,2023,WUR 2023,251.0,,74.6,11.3,19.0,,44.97349315274313,53.1
U0862,C0108,2023,WUR 2023,251.0,,33.1,8.8,1.0,,39.83054327390563,28.0
U1012,C0086,2023,WUR 2023,251.0,,80.5,25.5,12.0,,46.06928707573938,58.5
U2894,C0086,2023,WUR 2023,251.0,,84.5,22.7,9.0,,49.064537747693926,57.1
U1117,C0200,2023,WUR 2023,251.0,,76.3,10.6,14.0,,53.30519093259028,85.4
U1181,,2023,WUR 2023,251.0,,62.9,17.7,27.0,,49.961857147966526,67.8
U1200,,2023,WUR 2023,251.0,,83.2,27.4,33.0,,56.09281906041663,88.4
U2569,C0039,2023,WUR 2023,251.0,,67.8,16.9,15.0,,49.26820748591174,72.4
U1217,C0226,2023,WUR 2023,251.0,,78.0,14.4,15.0,,54.145900366835406,70.8
U3006,C0216,2023,WUR 2023,251.0,,84.7,14.7,27.0,,51.4230441174213,72.5
U1589,C0245,2023,WUR 2023,251.0,,99.4,1.0,3.0,,40.11054117777326,29.4
U1597,C0116,2023,WUR 2023,251.0,,31.8,10.5,10.0,,44.92200235923087,42.2
U3059,C0114,2023,WUR 2023,251.0,,75.0,34.9,10.0,,44.4201815738941,47.2
U1726,,2023,WUR 2023,251.0,,60.9,26.2,17.0,,48.44337337596694,72.7
U1780,C0086,2023,WUR 2023,251.0,,57.6,48.5,15.0,,48.08334375819632,54.1
U1849,C0261,2023,WUR 2023,251.0,,93.8,20.8,13.0,,50.43241385769686,58.8
U3128,C0243,2023,WUR 2023,251.0,,96.8,19.2,55.0,,56.46859427010335,99.3
U1914,,2023,WUR 2023,251.0,,76.3,27.5,31.0,,56.95992306369466,92.0
U3153,C0058,2023,WUR 2023,251.0,,85.3,10.2,14.0,,54.2374176326949,78.9
U1978,,2023,WUR 2023,251.0,,82.2,25.9,8.0,,49.9198637652776,54.0
U2003,C0046,2023,WUR 2023,251.0,,74.8,15.1,5.0,,42.649078126372856,31.3
U2008,C0244,2023,WUR 2023,251.0,,91.5,15.4,22.0,,54.93535887468313,83.6
U2111,,2023,WUR 2023,251.0,,61.7,29.9,20.0,,56.10103976576231,84.5
U2142,C0046,2023,WUR 2023,251.0,,46.1,10.8,12.0,,47.13460654525703,53.1
U3243,C0168,2023,WUR 2023,251.0,,57.2,14.7,37.0,,56.96825890525547,94.5
U2197,,2023,WUR 2023,251.0,,82.3,10.9,17.0,,54.23479297610295,88.8
U3248,C0245,2023,WUR 2023,251.0,,81.7,13.6,8.0,,43.988968786980365,33.9
U3351,,2023,WUR 2023,251.0,,73.7,18.5,14.0,,47.62430659010298,56.8
U3224,,2023,WUR 2023,251.0,,67.9,23.6,7.0,,54.06655120246304,73.1
U0016,C0243,2023,WUR 2023,301.0,,83.1,18.1,60.0,,48.94243354598965,98.5
U0041,C0082,2023,WUR 2023,301.0,,72.3,17.4,13.0,,42.57490315084542,63.2
U0069,,2023,WUR 2023,301.0,,91.6,10.2,32.0,,54.721906436882,96.7
U0133,C0244,2023,WUR 2023,301.0,,99.0,27.8,46.0,,52.50946995369401,91.1
U0197,C0216,2023,WUR 2023,301.0,,80.8,13.2,12.0,,45.754513747917336,51.2
U2688,,2023,WUR 2023,301.0,,79.5,22.4,13.0,,45.552258715321535,59.9
U0296,C0245,2023,WUR 2023,301.0,,90.3,13.1,28.0,,45.24430486061005,55.5
U2533,C0032,2023,WUR 2023,301.0,,83.2,10.8,14.0,,49.7655238730451,85.2
U2606,C0245,2023,WUR 2023,301.0,,67.7,18.0,15.0,,46.06766047048741,63.7
U2711,C0245,2023,WUR 2023,301.0,,96.0,20.1,10.0,,45.26889205645039,47.3
U2751,C0245,2023,WUR 2023,301.0,,97.0,3.8,8.0,,40.14624483642655,31.5
U0502,,2023,WUR 2023,301.0,,74.3,14.8,28.0,,52.458050099605074,89.0
U0545,C0245,2023,WUR 2023,301.0,,76.4,12.5,14.0,,41.349957832381925,50.1
U0452,C0082,2023,WUR 2023,301.0,,47.4,8.6,11.0,,46.326113408028704,62.1
U2798,C0244,2023,WUR 2023,301.0,,71.0,15.3,40.0,,54.00160590523032,96.4
U0656,C0014,2023,WUR 2023,301.0,,75.8,27.9,36.0,,54.29036100021198,89.8
U0662,C0245,2023,WUR 2023,301.0,,67.5,24.0,7.0,,44.24238584203442,47.8
U2813,C0112,2023,WUR 2023,301.0,,71.2,26.1,20.0,,51.04703322553536,82.8
U0700,C0245,2023,WUR 2023,301.0,,84.0,18.1,12.0,,44.05834989062876,50.0
U0776,C0022,2023,WUR 2023,301.0,,63.3,31.1,14.0,,49.3976353920233,70.2
U2874,C0245,2023,WUR 2023,301.0,,70.7,11.1,8.0,,41.74853868870793,46.2
U1197,C0080,2023,WUR 2023,301.0,,77.2,30.3,12.0,,47.48771757886668,59.8
U2972,C0114,2023,WUR 2023,301.0,,82.5,21.2,7.0,,44.03619178312845,43.5
U2973,C0114,2023,WUR 2023,301.0,,93.6,29.2,5.0,,44.83852105000308,43.0
U1353,C0082,2023,WUR 2023,301.0,,72.1,20.1,15.0,,46.99366716112635,62.2
U1383,C0116,2023,WUR 2023,301.0,,39.7,12.8,12.0,,42.13214785629433,35.8
U1402,C0046,2023,WUR 2023,301.0,,79.4,11.3,5.0,,39.46507122440588,40.7
U3044,C0170,2023,WUR 2023,301.0,,70.2,19.7,19.0,,52.93464839849608,88.0
U3046,,2023,WUR 2023,301.0,,75.2,19.8,7.0,,48.02480230050324,57.5
U1650,,2023,WUR 2023,301.0,,56.4,25.4,18.0,,48.53698248721008,62.0
U1746,C0107,2023,WUR 2023,301.0,,99.9,22.9,8.0,,50.99574504318179,71.4
U1758,C0014,2023,WUR 2023,301.0,,71.8,23.6,34.0,,53.75184932441988,93.6
U3163,C0227,2023,WUR 2023,301.0,,80.0,12.2,34.0,,50.10601595706285,95.9
U1800,C0245,2023,WUR 2023,301.0,,89.4,7.4,7.0,,36.15781814912573,34.7
U3145,,2023,WUR 2023,301.0,,70.4,32.9,21.0,,53.74504873446519,87.5
U3155,C0014,2023,WUR 2023,301.0,,85.5,26.0,18.0,,50.12031622202313,79.8
U1987,C0245,2023,WUR 2023,301.0,,76.1,10.6,22.0,,46.225311753758085,69.5
U3167,C0086,2023,WUR 2023,301.0,,47.5,26.5,19.0,,45.64711789148191,53.5
U2011,C0014,2023,WUR 2023,301.0,,81.8,25.6,25.0,,53.08220117416076,81.5
U2021,,2023,WUR 2023,301.0,,63.1,9.1,10.0,,39.681720733598965,45.8
U2030,C0080,2023,WUR 2023,301.0,,76.9,20.6,6.0,,47.09775928185705,51.1
U3183,C0014,2023,WUR 2023,301.0,,71.5,22.9,36.0,,54.2146061680022,91.1
U2062,C0086,2023,WUR 2023,301.0,,43.8,37.1,18.0,,45.736715199711526,59.6
U2094,C0245,2023,WUR 2023,301.0,,83.5,12.5,8.0,,39.239255116865706,38.6
U3192,C0245,2023,WUR 2023,301.0,,79.0,16.7,4.0,,42.641963973959946,46.7
U2123,C0116,2023,WUR 2023,301.0,,31.0,9.5,17.0,,45.03987489674486,50.0
U2615,C0112,2023,WUR 2023,301.0,,83.7,20.8,20.0,,53.065066394400816,84.3
U3260,C0039,2023,WUR 2023,301.0,,75.5,24.6,21.0,,53.82372769991159,86.8
U0110,C0132,2023,WUR 2023,351.0,,89.6,8.7,22.0,,45.95696404255174,78.7
U0172,C0267,2023,WUR 2023,351.0,,76.1,30.3,7.0,,47.50795368731486,52.5
U0178,C0187,2023,WUR 2023,351.0,,97.0,10.0,4.0,,34.36585075374209,31.8
U0275,C0244,2023,WUR 2023,351.0,,66.8,16.6,40.0,,51.88720954235886,90.7
U2693,C0086,2023,WUR 2023,351.0,,59.0,20.1,14.0,,45.15642050979376,59.7
U2694,C0114,2023,WUR 2023,351.0,,95.2,24.6,7.0,,41.35941574168464,42.5
U2725,,2023,WUR 2023,351.0,,99.1,35.5,0.0,,44.08212235484753,44.7
U0344,C0189,2023,WUR 2023,351.0,,97.8,22.2,21.0,,47.10538144219786,62.8
U0360,C0046,2023,WUR 2023,351.0,,65.7,20.4,4.0,,40.78734257368146,26.3
U0379,C0014,2023,WUR 2023,351.0,,72.4,34.5,30.0,,50.97985777656128,79.8
U0422,C0244,2023,WUR 2023,351.0,,69.0,18.2,51.0,,51.39035778293051,95.0
U2769,C0245,2023,WUR 2023,351.0,,64.9,16.3,12.0,,45.24149157660184,51.5
U0561,C0046,2023,WUR 2023,351.0,,62.0,14.7,11.0,,41.645183419339816,54.7
U0570,,2023,WUR 2023,351.0,,80.4,30.4,28.0,,50.895390256242585,87.4
U0722,C0259,2023,WUR 2023,351.0,,100.0,11.5,11.0,,35.29854902238738,33.3
U2829,C0086,2023,WUR 2023,351.0,,77.6,20.6,8.0,,43.742457761340425,56.7
U2839,C0200,2023,WUR 2023,351.0,,98.7,11.2,10.0,,46.516515534733415,82.3
U0769,C0046,2023,WUR 2023,351.0,,49.0,10.5,6.0,,39.128434978741446,27.6
U0811,C0245,2023,WUR 2023,351.0,,79.2,8.2,6.0,,33.95476404261706,34.3
U0848,C0200,2023,WUR 2023,351.0,,89.6,10.8,3.0,,44.35035819611437,65.1
U0852,C0082,2023,WUR 2023,351.0,,50.1,7.7,33.0,,45.03688023236938,77.2
U0979,C0014,2023,WUR 2023,351.0,,78.0,20.1,32.0,,53.23587515445401,93.8
U1022,C0108,2023,WUR 2023,351.0,,99.3,9.5,7.0,,35.80163661230387,35.2
U2890,C0244,2023,WUR 2023,351.0,,67.6,17.0,29.0,,50.37437846858055,92.0
U1083,,2023,WUR 2023,351.0,,56.2,8.8,22.0,,51.230723462082295,92.8
U1162,C0259,2023,WUR 2023,351.0,,98.4,10.5,2.0,,33.05922802882554,23.7
U1212,C0086,2023,WUR 2023,351.0,,90.0,26.1,7.0,,44.3314934130653,54.3
U2923,C0022,2023,WUR 2023,351.0,,62.2,26.8,21.0,,48.98310980304032,72.4
U1242,C0244,2023,WUR 2023,351.0,,61.0,13.8,29.0,,49.263324812164655,88.6
U2942,C0145,2023,WUR 2023,351.0,,61.2,9.8,18.0,,47.945304010235205,82.7
U2946,C0039,2023,WUR 2023,351.0,,75.0,29.4,20.0,,45.26216373284348,56.6
U1295,C0259,2023,WUR 2023,351.0,,93.3,15.1,1.0,,31.683731493690694,21.4
U3004,C0114,2023,WUR 2023,351.0,,77.5,20.2,2.0,,38.76967777946172,32.3
U3018,C0245,2023,WUR 2023,351.0,,74.5,16.9,5.0,,39.642449281272384,37.6
U1518,C0245,2023,WUR 2023,351.0,,59.7,16.6,14.0,,44.00656952136978,54.8
U3096,C0114,2023,WUR 2023,351.0,,63.8,30.3,20.0,,42.60766889666189,65.3
U1775,C0244,2023,WUR 2023,351.0,,67.6,15.1,35.0,,49.68503753440613,91.6
U1777,C0244,2023,WUR 2023,351.0,,79.6,10.5,30.0,,49.23842252279943,93.4
U1782,C0245,2023,WUR 2023,351.0,,90.1,2.1,1.0,,33.15473055920924,22.1
U1896,C0108,2023,WUR 2023,351.0,,98.3,14.3,2.0,,41.45543985545424,49.1
U3164,C0244,2023,WUR 2023,351.0,,79.4,16.0,27.0,,50.61425966923733,86.1
U2010,C0226,2023,WUR 2023,351.0,,71.8,4.6,7.0,,43.351362290064216,52.1
U3195,C0245,2023,WUR 2023,351.0,,81.3,21.6,20.0,,44.84548709723148,56.4
U2162,C0245,2023,WUR 2023,351.0,,73.6,7.5,11.0,,37.406085594058766,43.8
U3241,,2023,WUR 2023,351.0,,73.9,15.3,5.0,,44.96359991014476,53.5
U3250,C0080,2023,WUR 2023,351.0,,88.0,20.0,4.0,,48.348848686842885,66.2
U3338,C0114,2023,WUR 2023,351.0,,80.0,23.8,4.0,,40.639602089240526,42.4
U3372,C0245,2023,WUR 2023,351.0,,81.9,4.0,10.0,,35.87600868714992,33.0
U3378,C0245,2023,WUR 2023,351.0,,69.6,19.5,7.0,,42.92297534190556,50.1
U3406,C0188,2023,WUR 2023,351.0,,89.0,9.4,14.0,,34.47003759646537,37.5
U0053,C0108,2023,WUR 2023,401.0,,82.8,15.7,0.0,,31.655091666391755,35.1
U2633,C0245,2023,WUR 2023,401.0,,70.0,7.2,6.0,,41.131675083314526,60.0
U0156,C0259,2023,WUR 2023,401.0,,100.0,7.4,1.0,,31.646247000334142,17.9
U0174,C0244,2023,WUR 2023,401.0,,76.8,17.8,25.0,,50.804949126124285,92.6
U0175,C0260,2023,WUR 2023,401.0,,98.5,46.7,2.0,,39.69539234257613,47.8
U0207,C0259,2023,WUR 2023,401.0,,97.3,11.8,0.0,,31.921618428947564,18.4
U0206,C0259,2023,WUR 2023,401.0,,98.4,28.7,0.0,,38.885313224398686,22.9
U0227,C0244,2023,WUR 2023,401.0,,72.6,15.7,26.0,,47.48719313748962,84.3
U2668,C0086,2023,WUR 2023,401.0,,55.0,26.6,12.0,,44.05300973415456,58.3
U0304,C0244,2023,WUR 2023,401.0,,69.9,17.0,39.0,,50.53549618890963,96.9
U2721,C0030,2023,WUR 2023,401.0,,38.4,17.8,3.0,,37.33313904437268,34.1
U0329,C0257,2023,WUR 2023,401.0,,100.0,25.4,1.0,,40.75875092394771,46.7
U2729,C0114,2023,WUR 2023,401.0,,79.7,21.2,3.0,,35.65790211282304,31.9
U0428,C0082,2023,WUR 2023,401.0,,65.5,13.0,14.0,,40.783080288157365,59.0
U0464,C0245,2023,WUR 2023,401.0,,63.0,17.6,9.0,,36.58951608003812,37.1
U0466,C0245,2023,WUR 2023,401.0,,72.3,17.7,6.0,,39.49010753314208,39.1
U0472,C0216,2023,WUR 2023,401.0,,60.5,20.3,12.0,,39.99270058851754,44.7
U2753,C0245,2023,WUR 2023,401.0,,59.8,13.6,12.0,,39.2155763539284,54.8
U2759,C0089,2023,WUR 2023,401.0,,82.2,27.6,4.0,,42.70679382876419,48.4
U2763,,2023,WUR 2023,401.0,,67.0,20.1,13.0,,44.71662548165317,83.4
U2771,C0245,2023,WUR 2023,401.0,,69.8,13.0,6.0,,33.36939090655806,27.5
U0549,C0112,2023,WUR 2023,401.0,,63.2,25.4,17.0,,49.083374461187006,82.2
U0556,C0251,2023,WUR 2023,401.0,,100.0,21.9,0.0,,40.87764907200211,48.6
U0569,C0244,2023,WUR 2023,401.0,,81.3,20.4,35.0,,46.76481760218789,87.8
U2791,C0046,2023,WUR 2023,401.0,,67.1,15.4,3.0,,37.21884522214104,32.4
U0651,C0005,2023,WUR 2023,401.0,,94.7,22.7,1.0,,41.16580572405002,40.0
U2801,C0114,2023,WUR 2023,401.0,,70.6,32.6,5.0,,37.09263480164398,42.4
U2802,C0114,2023,WUR 2023,401.0,,65.6,23.0,9.0,,40.28910213676484,44.7
U0669,C0114,2023,WUR 2023,401.0,,83.3,12.6,15.0,,45.49219456076922,74.2
U2818,C0114,2023,WUR 2023,401.0,,66.5,23.7,8.0,,38.153345250067694,43.9
U0706,C0245,2023,WUR 2023,401.0,,65.2,17.3,5.0,,36.88498112582641,43.4
U2530,C0082,2023,WUR 2023,401.0,,56.1,18.2,17.0,,43.6843820541346,65.5
U0767,,2023,WUR 2023,401.0,,40.8,14.6,20.0,,41.77873367147996,63.7
U0824,C0046,2023,WUR 2023,401.0,,87.6,18.6,2.0,,39.22944026488189,25.6
U2861,C0173,2023,WUR 2023,401.0,,83.7,17.6,0.0,,34.33312767365072,34.5
U0840,C0245,2023,WUR 2023,401.0,,61.0,11.5,41.0,,38.43620175751757,67.3
U2870,C0015,2023,WUR 2023,401.0,,55.9,22.0,46.0,,48.142407513773065,96.2
U0891,C0082,2023,WUR 2023,401.0,,59.1,11.5,16.0,,40.72870333186242,59.4
U2872,C0046,2023,WUR 2023,401.0,,84.0,15.7,15.0,,38.995850523469656,54.3
U0927,C0245,2023,WUR 2023,401.0,,56.5,16.7,10.0,,38.75983587863304,39.5
U0992,C0200,2023,WUR 2023,401.0,,97.0,13.0,3.0,,43.870867916387255,74.8
U1025,C0086,2023,WUR 2023,401.0,,60.2,44.6,11.0,,42.96930399096418,51.8
U2883,C0080,2023,WUR 2023,401.0,,68.0,14.4,3.0,,43.02114080554849,51.2
U2886,C0245,2023,WUR 2023,401.0,,67.2,9.9,8.0,,37.490680499126114,49.2
U2896,C0015,2023,WUR 2023,401.0,,74.7,10.0,28.0,,46.14320309685389,90.9
U1152,C0257,2023,WUR 2023,401.0,,56.1,19.7,8.0,,43.85383153317997,49.3
U2901,,2023,WUR 2023,401.0,,63.9,30.1,2.0,,42.44719789890289,51.5
U2905,C0173,2023,WUR 2023,401.0,,97.7,21.5,0.0,,37.52926613564647,34.0
U1209,C0086,2023,WUR 2023,401.0,,46.2,43.7,18.0,,40.44225555438334,54.7
U1214,C0170,2023,WUR 2023,401.0,,59.9,13.3,44.0,,45.3359753352097,96.4
U2926,C0244,2023,WUR 2023,401.0,,85.8,15.7,13.0,,45.44519316100681,75.4
U1222,C0244,2023,WUR 2023,401.0,,81.2,17.4,16.0,,45.34136377132021,77.2
U1260,C0108,2023,WUR 2023,401.0,,58.1,14.6,2.0,,32.206313543350504,21.9
U2950,C0086,2023,WUR 2023,401.0,,64.1,31.2,12.0,,40.73906865335702,53.9
U1294,C0112,2023,WUR 2023,401.0,,71.7,28.5,15.0,,49.0696445696045,82.5
U1327,C0244,2023,WUR 2023,401.0,,75.3,18.7,50.0,,47.10641572878284,91.0
U2987,C0114,2023,WUR 2023,401.0,,72.1,26.9,5.0,,35.612200792823074,37.6
U1367,C0230,2023,WUR 2023,401.0,,99.9,11.3,3.0,,40.12085515749818,49.2
U1372,C0014,2023,WUR 2023,401.0,,70.6,36.5,40.0,,50.64110028903273,93.2
U1412,C0089,2023,WUR 2023,401.0,,82.4,31.0,11.0,,41.41697241728239,56.3
U3007,C0245,2023,WUR 2023,401.0,,60.5,16.8,10.0,,40.65191829591216,56.1
U3008,C0245,2023,WUR 2023,401.0,,83.2,2.0,9.0,,35.25962073314169,46.3
U1544,C0176,2023,WUR 2023,401.0,,60.1,15.8,9.0,,45.19883565032037,67.5
U1548,C0245,2023,WUR 2023,401.0,,87.5,16.3,4.0,,31.411179779565597,28.9
U1738,C0226,2023,WUR 2023,401.0,,87.1,15.2,5.0,,43.47887962908827,55.1
U3055,C0086,2023,WUR 2023,401.0,,54.5,69.2,12.0,,42.09944386350104,53.6
U3070,C0114,2023,WUR 2023,401.0,,69.2,21.9,6.0,,39.228101908452174,40.6
U3073,C0244,2023,WUR 2023,401.0,,79.6,17.7,16.0,,45.88051808683786,73.0
U1676,C0045,2023,WUR 2023,401.0,,66.2,16.0,4.0,,42.88661373285981,56.2
U3076,C0189,2023,WUR 2023,401.0,,63.7,16.2,16.0,,42.744446331172256,57.9
U3077,C0244,2023,WUR 2023,401.0,,76.3,16.4,29.0,,47.28560830381981,91.4
U1715,C0259,2023,WUR 2023,401.0,,99.9,9.2,1.0,,33.526703619947924,22.6
U1717,C0259,2023,WUR 2023,401.0,,100.0,9.1,4.0,,32.53842609937121,19.4
U1719,C0181,2023,WUR 2023,401.0,,78.7,16.5,1.0,,40.01574844990726,48.6
U1796,,2023,WUR 2023,401.0,,57.0,20.0,10.0,,44.06404117173064,59.7
U1884,C0259,2023,WUR 2023,401.0,,60.4,22.5,2.0,,37.76844988439017,31.6
U1886,C0046,2023,WUR 2023,401.0,,86.0,14.1,1.0,,41.637576263452566,34.5
U3133,C0114,2023,WUR 2023,401.0,,79.9,18.7,9.0,,40.48717123302884,43.5
U1942,C0046,2023,WUR 2023,401.0,,70.7,12.7,5.0,,41.15837658018332,34.4
U1943,C0046,2023,WUR 2023,401.0,,47.2,12.3,4.0,,38.47538338726498,37.8
U1947,,2023,WUR 2023,401.0,,58.0,10.7,6.0,,36.25898389105534,25.0
U1966,C0244,2023,WUR 2023,401.0,,92.1,5.3,8.0,,40.94180719681368,59.1
U3166,C0244,2023,WUR 2023,401.0,,56.1,17.0,29.0,,48.74270467136205,89.7
U1999,C0242,2023,WUR 2023,401.0,,94.5,11.4,21.0,,41.061174871986495,57.2
U2015,C0245,2023,WUR 2023,401.0,,64.3,14.9,23.0,,38.91429417335628,50.7
U2559,C0145,2023,WUR 2023,401.0,,58.9,13.6,16.0,,46.497924506408594,76.7
U2109,C0046,2023,WUR 2023,401.0,,51.6,8.7,12.0,,40.94137043452245,41.5
U2141,,2023,WUR 2023,401.0,,99.2,25.3,1.0,,44.76725336597866,58.4
U3231,C0114,2023,WUR 2023,401.0,,66.5,19.2,8.0,,43.35757566490756,56.9
U3237,C0245,2023,WUR 2023,401.0,,75.6,12.0,10.0,,33.08585266614646,36.4
U3240,C0114,2023,WUR 2023,401.0,,77.5,28.4,6.0,,41.6542425368052,41.4
U2169,C0015,2023,WUR 2023,401.0,,38.1,17.7,31.0,,44.70449341126884,87.6
U2190,C0226,2023,WUR 2023,401.0,,78.4,12.6,11.0,,47.26944503691056,64.5
U3316,C0259,2023,WUR 2023,401.0,,90.4,12.0,2.0,,29.81363611272701,19.7
U2565,C0145,2023,WUR 2023,401.0,,60.2,11.6,30.0,,42.059278778582765,74.8
U3340,C0170,2023,WUR 2023,401.0,,53.2,18.8,20.0,,47.38247654569144,87.4
U3266,C0170,2023,WUR 2023,401.0,,66.4,17.6,31.0,,50.04747123309417,95.4
U3222,C0244,2023,WUR 2023,401.0,,92.9,15.9,23.0,,45.491465364740094,72.9
U3396,C0245,2023,WUR 2023,401.0,,64.3,10.9,8.0,,31.834323334664887,35.7
U3412,C0046,2023,WUR 2023,401.0,,78.4,15.4,2.0,,38.21561812142773,28.3
U3442,,2023,WUR 2023,401.0,,67.0,29.1,28.0,,48.241220210341616,75.3
U0012,C0244,2023,WUR 2023,501.0,,64.1,16.3,24.0,,43.46473971784605,81.1
U0141,,2023,WUR 2023,501.0,,98.4,23.9,10.0,,42.01093973688843,64.1
U2909,C0114,2023,WUR 2023,501.0,,69.2,40.2,4.0,,34.63013307460075,34.6
U0239,C0046,2023,WUR 2023,501.0,,48.4,12.9,4.0,,34.87566472791435,27.1
U0242,C0046,2023,WUR 2023,501.0,,49.9,14.2,6.0,,33.183735290736095,25.8
U0277,C0244,2023,WUR 2023,501.0,,90.3,16.6,26.0,,42.4363897929214,72.0
U2690,C0244,2023,WUR 2023,501.0,,62.5,19.1,30.0,,43.32596954900247,84.2
U0307,C0194,2023,WUR 2023,501.0,,97.7,16.2,4.0,,33.76204020638289,24.6
U0354,C0082,2023,WUR 2023,501.0,,45.3,15.7,43.0,,41.86528170728879,86.3
U0374,C0046,2023,WUR 2023,501.0,,93.8,15.3,1.0,,32.70479364323974,23.5
U0381,C0057,2023,WUR 2023,501.0,,49.7,13.2,22.0,,39.30167711412139,64.3
U2760,C0082,2023,WUR 2023,501.0,,69.9,20.2,20.0,,42.31395630980755,74.0
U0506,C0260,2023,WUR 2023,501.0,,99.9,24.7,1.0,,36.22088452131588,39.0
U0554,C0212,2023,WUR 2023,501.0,,90.0,36.5,1.0,,35.02202408812934,38.8
U0563,C0258,2023,WUR 2023,501.0,,76.6,27.0,76.0,,44.177120858076734,89.3
U0434,C0082,2023,WUR 2023,501.0,,51.6,9.9,25.0,,41.3099876012178,70.9
U0640,C0082,2023,WUR 2023,501.0,,61.2,19.8,14.0,,41.280704623837735,66.0
U0661,C0245,2023,WUR 2023,501.0,,62.7,23.3,9.0,,36.00259238170612,41.7
U2810,C0227,2023,WUR 2023,501.0,,54.8,15.6,14.0,,45.258865815192166,82.5
U0721,C0244,2023,WUR 2023,501.0,,63.4,14.9,39.0,,44.51386774882733,80.7
U0725,C0181,2023,WUR 2023,501.0,,88.1,27.3,0.0,,36.778686616697,45.3
U2828,C0244,2023,WUR 2023,501.0,,78.2,20.2,44.0,,47.30776028705337,94.6
U2834,C0039,2023,WUR 2023,501.0,,48.7,27.4,10.0,,39.434880120336125,60.6
U0753,C0261,2023,WUR 2023,501.0,,31.4,10.0,8.0,,33.35187958646337,39.8
U0770,C0089,2023,WUR 2023,501.0,,76.2,46.6,3.0,,38.86579457380167,43.9
U0784,C0244,2023,WUR 2023,501.0,,48.3,17.9,37.0,,45.87171353472753,94.0
U0802,C0116,2023,WUR 2023,501.0,,32.2,8.4,11.0,,34.5751234815493,44.0
U0806,C0269,2023,WUR 2023,501.0,,57.4,12.4,62.0,,47.98734485599154,98.0
U2857,C0244,2023,WUR 2023,501.0,,62.1,17.2,19.0,,42.69219817000376,77.6
U2862,C0107,2023,WUR 2023,501.0,,66.3,17.9,10.0,,44.23270909226608,61.6
U0883,C0108,2023,WUR 2023,501.0,,78.4,13.6,0.0,,29.03975416703276,19.4
U2871,C0114,2023,WUR 2023,501.0,,84.8,27.0,6.0,,39.75874063517955,40.3
U0915,C0108,2023,WUR 2023,501.0,,79.5,18.1,7.0,,36.06696087508096,30.2
U0932,C0259,2023,WUR 2023,501.0,,54.2,33.9,1.0,,33.73439924699282,21.2
U0942,C0259,2023,WUR 2023,501.0,,96.4,17.7,0.0,,31.703434995072826,23.5
U0476,,2023,WUR 2023,501.0,,40.5,21.6,84.0,,42.78750564249111,90.2
U0982,C0108,2023,WUR 2023,501.0,,75.8,11.2,2.0,,28.621751933880127,27.7
U1005,C0073,2023,WUR 2023,501.0,,100.0,16.3,0.0,,37.07217423881897,39.5
U1014,C0015,2023,WUR 2023,501.0,,42.3,22.5,13.0,,39.518259970877885,70.4
U1018,C0117,2023,WUR 2023,501.0,,92.2,14.9,13.0,,37.74013066245622,50.6
U1029,C0260,2023,WUR 2023,501.0,,96.7,26.1,2.0,,37.53438214395718,48.3
U1059,C0259,2023,WUR 2023,501.0,,84.0,12.8,2.0,,30.467635944840445,22.9
U1074,C0244,2023,WUR 2023,501.0,,68.4,15.3,16.0,,43.65438059819225,73.1
U2891,C0245,2023,WUR 2023,501.0,,59.2,11.2,4.0,,34.25911233734355,39.0
U1080,C0259,2023,WUR 2023,501.0,,95.0,9.6,12.0,,35.94671794011675,39.3
U2898,C0202,2023,WUR 2023,501.0,,96.0,15.8,1.0,,33.763844517442074,33.3
U1185,C0116,2023,WUR 2023,501.0,,34.8,7.8,14.0,,36.188865936044365,43.6
U1202,C0132,2023,WUR 2023,501.0,,69.5,10.1,19.0,,40.12980066981514,86.5
U2924,C0082,2023,WUR 2023,501.0,,59.5,29.6,14.0,,36.69856385536148,62.5
U2927,C0189,2023,WUR 2023,501.0,,53.4,18.1,18.0,,42.055459277545566,60.4
U2944,C0181,2023,WUR 2023,501.0,,99.9,22.2,2.0,,38.420436976232295,45.4
U2968,C0114,2023,WUR 2023,501.0,,72.1,24.2,3.0,,34.543838787578096,32.1
U1325,C0257,2023,WUR 2023,501.0,,35.4,22.5,10.0,,36.54979122782893,44.6
U1341,C0245,2023,WUR 2023,501.0,,61.3,22.3,9.0,,40.153278046447085,62.9
U2991,C0022,2023,WUR 2023,501.0,,60.1,26.9,17.0,,41.58840238212746,69.9
U1458,C0267,2023,WUR 2023,501.0,,47.2,16.3,11.0,,39.85285020108826,43.0
U1487,C0267,2023,WUR 2023,501.0,,34.9,14.2,11.0,,37.95691429309141,41.3
U3009,C0227,2023,WUR 2023,501.0,,58.3,11.1,21.0,,44.46148965113237,88.7
U3021,,2023,WUR 2023,501.0,,75.7,11.3,54.0,,46.49009851005572,94.8
U1534,C0244,2023,WUR 2023,501.0,,71.5,16.2,22.0,,45.2777535642416,81.6
U1537,C0046,2023,WUR 2023,501.0,,54.8,13.9,4.0,,38.81927933874904,40.1
U1547,C0244,2023,WUR 2023,501.0,,79.6,15.3,21.0,,43.85886986537392,82.2
U1583,C0216,2023,WUR 2023,501.0,,81.2,100.5,6.0,,38.48812716982771,48.1
U3063,C0217,2023,WUR 2023,501.0,,99.2,10.7,1.0,,36.692127557208,40.3
U2483,C0216,2023,WUR 2023,501.0,,83.6,22.2,19.0,,42.48374660429822,66.5
U3104,C0114,2023,WUR 2023,501.0,,77.4,27.4,3.0,,36.66171791888596,35.0
U3117,C0039,2023,WUR 2023,501.0,,48.6,17.6,22.0,,41.0898175572766,75.0
U3118,C0114,2023,WUR 2023,501.0,,62.4,37.9,2.0,,35.13235846982827,37.9
U1836,,2023,WUR 2023,501.0,,97.1,7.4,1.0,,34.6721378892543,35.3
U1841,C0082,2023,WUR 2023,501.0,,57.9,45.2,37.0,,42.744294653498784,82.1
U1893,C0259,2023,WUR 2023,501.0,,78.0,13.8,0.0,,35.263902412177195,29.4
U1924,C0244,2023,WUR 2023,501.0,,42.4,12.8,53.0,,45.152181496483365,81.4
U3149,C0245,2023,WUR 2023,501.0,,65.5,15.6,5.0,,35.988854834790146,45.9
U1955,C0046,2023,WUR 2023,501.0,,93.6,16.4,2.0,,36.9710683105614,39.7
U3162,C0176,2023,WUR 2023,501.0,,72.3,11.4,11.0,,40.76128238961376,77.0
U1979,C0245,2023,WUR 2023,501.0,,69.6,18.6,35.0,,41.78138098785893,73.5
U2005,C0245,2023,WUR 2023,501.0,,71.4,17.2,8.0,,39.74544097333706,50.4
U3177,C0200,2023,WUR 2023,501.0,,87.9,14.4,2.0,,40.7290977346419,72.9
U2073,C0113,2023,WUR 2023,501.0,,51.2,21.0,12.0,,41.50020038600845,72.0
U2125,C0116,2023,WUR 2023,501.0,,44.0,4.4,11.0,,29.25683900952152,31.7
U3232,C0114,2023,WUR 2023,501.0,,63.8,24.9,7.0,,36.66114142124144,47.5
U3236,C0116,2023,WUR 2023,501.0,,38.5,12.7,16.0,,34.62158512926776,43.0
U2159,C0086,2023,WUR 2023,501.0,,43.7,74.8,10.0,,39.39978337651895,44.2
U3242,C0114,2023,WUR 2023,501.0,,81.6,20.0,4.0,,37.30397446948334,39.5
U3245,C0114,2023,WUR 2023,501.0,,73.6,18.5,5.0,,34.2558542274262,38.2
U2182,C0176,2023,WUR 2023,501.0,,75.3,10.1,10.0,,42.522825040150686,68.6
U3252,C0216,2023,WUR 2023,501.0,,71.3,14.3,14.0,,38.56912417024351,49.9
U3259,C0216,2023,WUR 2023,501.0,,91.6,14.0,20.0,,40.60575734969171,59.7
U3339,C0014,2023,WUR 2023,501.0,,63.6,45.2,25.0,,44.74223165341158,79.1
U3350,C0245,2023,WUR 2023,501.0,,86.2,10.7,4.0,,32.359505441778474,30.7
U3381,C0245,2023,WUR 2023,501.0,,67.2,11.9,5.0,,31.10108845368307,35.3
U3221,C0115,2023,WUR 2023,501.0,,90.3,17.0,1.0,,39.188726241519525,58.1
U3415,C0046,2023,WUR 2023,501.0,,47.1,14.1,6.0,,36.69920935307819,29.4
U3296,C0255,2023,WUR 2023,501.0,,96.8,21.2,1.0,,38.37182530259593,49.9
U3450,C0243,2023,WUR 2023,501.0,,79.1,14.1,2.0,,42.450306576711256,74.5
U3455,C0046,2023,WUR 2023,501.0,,87.5,11.7,7.0,,34.439399420922,30.5
U0010,C0181,2023,WUR 2023,601.0,,88.0,20.9,0.0,,36.40957103675834,46.4
U0282,C0080,2023,WUR 2023,601.0,,44.4,17.6,10.0,,37.97074829720887,65.0
U0024,C0073,2023,WUR 2023,601.0,,79.5,14.8,0.0,,34.1024202163189,46.6
U0035,C0259,2023,WUR 2023,601.0,,65.5,11.6,2.0,,21.932926887523514,18.2
U0044,C0261,2023,WUR 2023,601.0,,41.7,14.2,17.0,,35.75391632569472,44.4
U0104,C0114,2023,WUR 2023,601.0,,64.5,37.1,7.0,,33.70668132598378,41.6
U0106,C0245,2023,WUR 2023,601.0,,55.7,11.6,11.0,,27.11547433589268,37.3
U0116,C0243,2023,WUR 2023,601.0,,45.6,11.9,76.0,,39.629583115445534,93.5
U0118,C0259,2023,WUR 2023,601.0,,54.9,21.2,2.0,,33.744975957761824,31.7
U2647,C0045,2023,WUR 2023,601.0,,81.0,20.4,2.0,,34.34022518847227,52.4
U2651,C0245,2023,WUR 2023,601.0,,48.5,19.4,4.0,,29.22312196093469,30.6
U0183,C0245,2023,WUR 2023,601.0,,45.9,18.2,10.0,,30.530800917725458,49.3
U0199,C0259,2023,WUR 2023,601.0,,83.8,26.2,0.0,,30.14373837818311,22.7
U2655,C0111,2023,WUR 2023,601.0,,85.0,12.7,0.0,,27.432730849744463,21.6
U0212,C0257,2023,WUR 2023,601.0,,62.3,47.2,18.0,,34.1829277857493,49.5
U0213,C0181,2023,WUR 2023,601.0,,79.7,22.2,1.0,,31.69768502308114,43.7
U0220,C0108,2023,WUR 2023,601.0,,66.0,8.7,3.0,,26.265873282878083,20.1
U2662,C0114,2023,WUR 2023,601.0,,72.5,21.6,2.0,,34.581904371779245,33.6
U0229,C0113,2023,WUR 2023,601.0,,42.0,17.3,4.0,,35.327155472432466,50.3
U0237,C0245,2023,WUR 2023,601.0,,52.4,17.7,7.0,,25.06089930039643,29.3
U0249,C0132,2023,WUR 2023,601.0,,56.1,12.0,18.0,,37.9076078213909,83.9
U0257,C0113,2023,WUR 2023,601.0,,43.4,20.4,2.0,,31.07210168667206,37.0
U0258,C0260,2023,WUR 2023,601.0,,77.0,32.5,3.0,,30.93739966409621,45.1
U2485,C0082,2023,WUR 2023,601.0,,69.7,37.3,11.0,,36.3908849802276,55.4
U0319,C0114,2023,WUR 2023,601.0,,34.3,38.3,10.0,,34.530887392372136,60.8
U2719,C0114,2023,WUR 2023,601.0,,61.4,27.9,10.0,,31.101291166912887,49.3
U2723,,2023,WUR 2023,601.0,,45.3,18.4,22.0,,42.54700323704243,92.0
U0331,C0046,2023,WUR 2023,601.0,,65.8,4.9,5.0,,27.59462706645009,22.8
U0335,C0039,2023,WUR 2023,601.0,,50.4,29.7,22.0,,41.08830915037312,72.2
U2732,C0245,2023,WUR 2023,601.0,,60.1,36.1,5.0,,34.64828938205658,34.4
U0358,,2023,WUR 2023,601.0,,66.5,20.7,26.0,,37.59933101367884,61.7
U0405,,2023,WUR 2023,601.0,,52.8,19.9,3.0,,32.20197113200294,24.8
U0412,C0261,2023,WUR 2023,601.0,,29.2,22.7,22.0,,35.14068869747788,56.1
U0427,C0245,2023,WUR 2023,601.0,,64.9,11.6,25.0,,36.94031499880291,58.4
U2744,C0189,2023,WUR 2023,601.0,,40.4,18.0,19.0,,37.64287138615184,59.5
U2747,C0217,2023,WUR 2023,601.0,,74.5,31.9,0.0,,28.830539721830903,37.0
U0473,C0181,2023,WUR 2023,601.0,,78.2,14.8,2.0,,35.00194118842131,46.8
U0474,C0039,2023,WUR 2023,601.0,,46.4,33.5,34.0,,41.330166243629535,85.6
U2758,C0216,2023,WUR 2023,601.0,,56.0,13.5,10.0,,31.9729096734345,47.5
U2756,C0051,2023,WUR 2023,601.0,,71.2,13.4,2.0,,30.10098670919793,48.1
U0481,,2023,WUR 2023,601.0,,59.4,15.5,1.0,,34.60083070370928,46.0
U0495,C0056,2023,WUR 2023,601.0,,53.9,16.9,14.0,,36.16648102653163,78.6
U0503,C0046,2023,WUR 2023,601.0,,46.1,15.0,3.0,,29.88447744571368,31.9
U0515,C0108,2023,WUR 2023,601.0,,80.1,22.3,3.0,,29.929951759559003,17.3
U0520,C0244,2023,WUR 2023,601.0,,59.3,20.2,38.0,,39.34038656290144,89.6
U2772,C0244,2023,WUR 2023,601.0,,66.5,14.6,18.0,,35.46830257127748,70.2
U2773,C0045,2023,WUR 2023,601.0,,73.8,15.9,3.0,,32.06727217156047,50.6
U2775,C0019,2023,WUR 2023,601.0,,85.9,16.1,3.0,,33.161642202534566,43.1
U0542,C0181,2023,WUR 2023,601.0,,74.0,6.8,3.0,,27.640559679591423,35.8
U2784,C0080,2023,WUR 2023,601.0,,58.3,18.2,5.0,,37.64893206261058,50.5
U2326,C0163,2023,WUR 2023,601.0,,89.4,26.1,0.0,,35.42017879755983,48.7
U2795,C0181,2023,WUR 2023,601.0,,88.9,19.3,2.0,,36.088118379463495,42.7
U0584,C0082,2023,WUR 2023,601.0,,48.7,8.1,5.0,,31.37013290230472,49.5
U0601,,2023,WUR 2023,601.0,,49.6,17.5,9.0,,29.48705672965461,52.1
U0613,C0260,2023,WUR 2023,601.0,,79.7,16.8,0.0,,32.098172057436805,42.4
U2362,C0030,2023,WUR 2023,601.0,,50.8,14.1,1.0,,26.38700393030944,28.7
U2351,C0030,2023,WUR 2023,601.0,,55.4,10.3,1.0,,27.92783780557233,30.5
U0644,,2023,WUR 2023,601.0,,70.5,22.2,52.0,,41.306578323982535,81.2
U0687,C0114,2023,WUR 2023,601.0,,72.9,32.4,2.0,,33.71169138447951,38.4
U2819,C0245,2023,WUR 2023,601.0,,52.8,13.2,7.0,,31.18395794866133,37.6
U0715,C0244,2023,WUR 2023,601.0,,65.4,23.6,19.0,,35.8303487059506,69.0
U2826,C0216,2023,WUR 2023,601.0,,50.5,14.5,10.0,,35.05745409412949,50.2
U0732,,2023,WUR 2023,601.0,,83.1,14.3,1.0,,28.419403200002872,25.5
U2827,C0015,2023,WUR 2023,601.0,,59.3,12.4,17.0,,39.93229531230658,81.7
U0733,C0015,2023,WUR 2023,601.0,,42.5,8.6,23.0,,35.837287193978554,83.6
U0741,C0046,2023,WUR 2023,601.0,,76.9,19.4,0.0,,30.20986831274981,28.9
U0740,C0046,2023,WUR 2023,601.0,,87.6,1.7,2.0,,29.09735371249785,24.2
U0755,C0257,2023,WUR 2023,601.0,,51.9,20.1,3.0,,28.293920240326027,25.7
U2838,C0113,2023,WUR 2023,601.0,,66.4,17.7,3.0,,36.73404285549572,36.1
U0764,C0086,2023,WUR 2023,601.0,,42.5,28.9,23.0,,31.54913195051201,56.9
U0779,C0181,2023,WUR 2023,601.0,,82.0,26.5,0.0,,33.07514826441546,44.3
U2848,C0244,2023,WUR 2023,601.0,,58.1,15.5,38.0,,37.29298743284129,86.1
U2853,C0245,2023,WUR 2023,601.0,,48.8,27.0,7.0,,32.47445772475814,43.2
U2856,C0244,2023,WUR 2023,601.0,,49.8,19.9,26.0,,39.69985274812997,82.8
U0832,C0047,2023,WUR 2023,601.0,,86.0,8.0,2.0,,32.107599855761265,37.3
U0838,C0259,2023,WUR 2023,601.0,,85.1,13.0,4.0,,28.847021144398447,20.8
U0844,C0200,2023,WUR 2023,601.0,,64.0,8.7,4.0,,34.20550050610941,72.9
U0875,C0108,2023,WUR 2023,601.0,,61.8,11.7,0.0,,29.80084762301692,24.9
U0885,C0108,2023,WUR 2023,601.0,,69.6,23.1,2.0,,30.880544625327158,33.8
U0916,C0181,2023,WUR 2023,601.0,,80.7,25.1,7.0,,34.90699576217072,52.2
U0931,C0259,2023,WUR 2023,601.0,,56.1,8.3,5.0,,23.824012070031564,27.1
U0959,C0257,2023,WUR 2023,601.0,,29.1,24.2,15.0,,30.43944808842853,42.6
U0977,C0188,2023,WUR 2023,601.0,,56.7,9.6,11.0,,32.86356556525676,40.9
U0981,C0108,2023,WUR 2023,601.0,,73.3,20.0,3.0,,28.7609962230422,31.3
U0990,C0108,2023,WUR 2023,601.0,,38.3,14.2,2.0,,21.3239681794531,19.5
U1001,C0046,2023,WUR 2023,601.0,,66.5,9.5,6.0,,29.711121092758635,44.4
U1006,C0046,2023,WUR 2023,601.0,,57.1,16.6,27.0,,33.02554139743029,52.9
U2880,,2023,WUR 2023,601.0,,35.8,25.1,15.0,,38.874791938243874,74.9
U1010,C0226,2023,WUR 2023,601.0,,58.9,13.0,14.0,,35.48456903208169,65.5
U2881,C0117,2023,WUR 2023,601.0,,60.9,13.4,13.0,,31.58489685183292,59.9
U1021,C0200,2023,WUR 2023,601.0,,47.7,9.8,3.0,,33.992071340521974,75.0
U2885,C0086,2023,WUR 2023,601.0,,32.2,28.8,22.0,,29.48371594213597,54.9
U1033,C0108,2023,WUR 2023,601.0,,82.3,8.8,3.0,,27.82596256733835,23.3
U1040,C0116,2023,WUR 2023,601.0,,82.6,1.3,2.0,,26.29173014128928,18.2
U2888,C0259,2023,WUR 2023,601.0,,76.3,27.2,3.0,,31.25757092064224,22.8
U2535,C0145,2023,WUR 2023,601.0,,47.1,10.1,14.0,,34.99633574912521,65.7
U1100,,2023,WUR 2023,601.0,,67.5,12.3,9.0,,26.777647736911952,28.0
U1116,C0200,2023,WUR 2023,601.0,,50.1,11.3,1.0,,29.832270112990276,62.9
U1145,C0261,2023,WUR 2023,601.0,,30.5,26.2,14.0,,31.991949916726306,42.1
U1150,C0114,2023,WUR 2023,601.0,,86.3,14.5,1.0,,33.91691903409044,37.7
U2900,C0259,2023,WUR 2023,601.0,,74.2,34.6,5.0,,29.914796955243204,30.9
U1191,C0181,2023,WUR 2023,601.0,,64.5,13.8,1.0,,31.493965780373664,47.2
U1208,C0245,2023,WUR 2023,601.0,,52.3,11.1,18.0,,35.09781444108635,65.2
U2925,,2023,WUR 2023,601.0,,50.8,25.1,20.0,,43.62429901642643,83.0
U1239,C0244,2023,WUR 2023,601.0,,63.5,16.8,35.0,,38.70400073442207,87.7
U2932,C0082,2023,WUR 2023,601.0,,54.6,20.2,17.0,,33.72639401376604,64.7
U1243,C0245,2023,WUR 2023,601.0,,47.0,18.2,5.0,,27.58377690717016,39.9
U1251,C0242,2023,WUR 2023,601.0,,53.7,10.5,1.0,,20.402455271621847,25.3
U1258,,2023,WUR 2023,601.0,,76.8,13.3,10.0,,26.33780116285944,26.6
U1263,C0200,2023,WUR 2023,601.0,,71.4,14.2,2.0,,35.614913740927506,72.6
U2941,C0181,2023,WUR 2023,601.0,,79.3,27.1,1.0,,33.07966378837016,44.8
U1270,C0244,2023,WUR 2023,601.0,,69.1,15.9,19.0,,40.020958159499415,73.8
U1276,C0260,2023,WUR 2023,601.0,,80.6,47.5,3.0,,34.48492405582587,48.9
U1278,C0114,2023,WUR 2023,601.0,,73.1,22.4,5.0,,34.56259353796767,33.9
U2953,C0245,2023,WUR 2023,601.0,,58.4,16.8,8.0,,30.95070830819662,37.7
U1288,C0259,2023,WUR 2023,601.0,,60.9,9.7,4.0,,24.30694806638117,26.2
U1291,C0170,2023,WUR 2023,601.0,,39.7,16.1,29.0,,40.142825147937785,92.9
U1302,C0188,2023,WUR 2023,601.0,,80.1,8.6,10.0,,29.036203215093064,30.4
U1313,,2023,WUR 2023,601.0,,47.6,14.9,21.0,,38.11898658246644,81.2
U1335,C0260,2023,WUR 2023,601.0,,74.9,17.9,1.0,,30.50515718379757,46.2
U1343,C0245,2023,WUR 2023,601.0,,52.1,11.8,4.0,,32.360287000288416,44.7
U2988,C0259,2023,WUR 2023,601.0,,75.1,28.7,0.0,,27.60493288048599,27.5
U3001,C0119,2023,WUR 2023,601.0,,86.9,34.5,2.0,,34.55371233045172,47.3
U3002,C0165,2023,WUR 2023,601.0,,90.3,21.8,3.0,,39.0971668202905,64.2
U1393,C0046,2023,WUR 2023,601.0,,59.5,17.0,2.0,,29.32196783061487,24.9
U1403,C0082,2023,WUR 2023,601.0,,62.0,24.0,11.0,,36.54894097546014,51.9
U1418,,2023,WUR 2023,601.0,,25.2,15.1,12.0,,30.73232961228329,38.7
U1452,C0267,2023,WUR 2023,601.0,,41.6,17.9,18.0,,37.02983269156461,53.7
U1431,C0108,2023,WUR 2023,601.0,,61.3,13.9,3.0,,23.796214023199045,17.7
U1488,C0267,2023,WUR 2023,601.0,,57.1,21.8,6.0,,32.41755848919728,34.3
U1491,C0258,2023,WUR 2023,601.0,,57.6,24.5,83.0,,41.65995800876081,95.7
U3010,C0245,2023,WUR 2023,601.0,,50.7,23.2,4.0,,28.356767057552755,31.0
U3012,C0039,2023,WUR 2023,601.0,,52.4,14.7,15.0,,37.31687584984408,74.8
U1496,C0245,2023,WUR 2023,601.0,,60.6,14.6,24.0,,41.84742283505537,85.2
U3026,C0245,2023,WUR 2023,601.0,,71.7,20.5,5.0,,31.97668783567106,31.6
U1533,C0019,2023,WUR 2023,601.0,,87.8,30.9,0.0,,32.17618490680172,34.8
U1540,C0212,2023,WUR 2023,601.0,,67.3,24.3,3.0,,34.698654535337994,50.8
U1540,C0212,2023,WUR 2023,601.0,,67.3,24.3,3.0,,17.43684196795065,50.8
U1542,C0176,2023,WUR 2023,601.0,,61.8,7.6,12.0,,35.2418111612557,72.3
U1549,C0189,2023,WUR 2023,601.0,,42.4,17.8,23.0,,37.12482251874924,64.2
U3037,C0116,2023,WUR 2023,601.0,,78.6,2.5,2.0,,26.818644088972043,20.3
U1573,C0245,2023,WUR 2023,601.0,,53.8,14.0,6.0,,30.507828078603577,45.7
U1580,C0039,2023,WUR 2023,601.0,,53.0,28.6,8.0,,35.87579933929777,60.9
U1582,C0244,2023,WUR 2023,601.0,,60.5,31.6,8.0,,33.29415561631191,57.3
U1603,C0244,2023,WUR 2023,601.0,,52.8,14.2,25.0,,40.252314891179125,83.6
U3054,C0114,2023,WUR 2023,601.0,,65.1,32.1,6.0,,32.78255988879638,37.1
U2418,C0186,2023,WUR 2023,601.0,,80.9,6.7,0.0,,34.449309505253964,47.2
U3065,C0114,2023,WUR 2023,601.0,,73.5,25.1,6.0,,35.88552865568915,46.0
U1655,C0114,2023,WUR 2023,601.0,,73.3,43.1,1.0,,35.313456202183765,35.0
U1659,C0114,2023,WUR 2023,601.0,,58.4,30.4,14.0,,35.958504908069045,48.7
U1697,C0200,2023,WUR 2023,601.0,,80.4,12.2,2.0,,39.328729327333406,73.6
U2548,C0145,2023,WUR 2023,601.0,,28.8,11.1,26.0,,34.99235691508108,79.4
U1716,C0046,2023,WUR 2023,601.0,,75.9,15.2,2.0,,28.535348634909106,22.1
U2527,C0039,2023,WUR 2023,601.0,,35.6,17.9,12.0,,35.80737719375318,72.0
U3089,C0039,2023,WUR 2023,601.0,,64.4,24.7,27.0,,37.63956754837599,68.3
U1743,C0245,2023,WUR 2023,601.0,,51.0,14.7,21.0,,38.979686746204834,72.6
U1751,C0130,2023,WUR 2023,601.0,,75.5,19.5,28.0,,38.43427741082986,73.1
U1754,C0181,2023,WUR 2023,601.0,,82.8,21.5,0.0,,32.76792972999986,44.5
U1765,C0216,2023,WUR 2023,601.0,,61.5,12.6,13.0,,36.03116453585734,55.2
U2551,C0145,2023,WUR 2023,601.0,,43.2,11.6,17.0,,33.38370801325193,60.6
U1822,C0245,2023,WUR 2023,601.0,,69.4,27.5,7.0,,27.283011716783857,33.5
U3110,C0114,2023,WUR 2023,601.0,,70.8,15.4,2.0,,30.570206389423014,28.6
U3113,C0216,2023,WUR 2023,601.0,,55.7,14.5,9.0,,30.679862100293604,45.6
U1838,C0108,2023,WUR 2023,601.0,,46.0,12.1,6.0,,24.23670936124388,22.0
U2720,C0114,2023,WUR 2023,601.0,,78.0,35.1,2.0,,27.45477228996296,28.9
U1881,C0046,2023,WUR 2023,601.0,,41.4,13.1,7.0,,31.15349033394729,35.3
U1933,,2023,WUR 2023,601.0,,64.5,15.5,5.0,,29.605087579464403,25.9
U1944,C0014,2023,WUR 2023,601.0,,55.9,36.1,28.0,,41.70401077821956,80.7
U3165,C0082,2023,WUR 2023,601.0,,59.6,19.8,21.0,,40.118909171734565,73.3
U1998,C0178,2023,WUR 2023,601.0,,56.9,8.6,4.0,,37.130163185579,74.9
U3218,C0014,2023,WUR 2023,601.0,,48.0,29.6,16.0,,37.79845919980821,70.5
U3437,C0116,2023,WUR 2023,601.0,,82.8,6.0,2.0,,28.908638106788267,25.2
U3459,C0046,2023,WUR 2023,601.0,,71.8,17.5,3.0,,27.69799203257391,22.2
U3201,C0089,2023,WUR 2023,801.0,,53.7,68.4,1.0,,27.25743851399485,34.7
U2626,C0181,2023,WUR 2023,801.0,,55.3,42.4,0.0,,29.11859910010841,45.0
U2630,C0116,2023,WUR 2023,801.0,,50.8,12.1,9.0,,32.29006789280476,74.6
U2631,C0245,2023,WUR 2023,801.0,,54.2,20.9,4.0,,26.435819848242303,31.0
U0059,C0260,2023,WUR 2023,801.0,,63.3,38.4,6.0,,28.17708780745044,48.7
U0061,C0117,2023,WUR 2023,801.0,,69.8,27.7,2.0,,29.55143645085186,41.3
U2635,C0216,2023,WUR 2023,801.0,,50.8,10.2,24.0,,29.5140226927764,60.4
U0066,C0260,2023,WUR 2023,801.0,,56.2,28.2,4.0,,27.6434521707831,46.1
U0076,C0108,2023,WUR 2023,801.0,,51.1,12.1,2.0,,21.36867859309098,27.7
U0107,C0260,2023,WUR 2023,801.0,,32.5,13.7,5.0,,31.739896735880137,64.4
U0143,C0108,2023,WUR 2023,801.0,,53.5,15.9,1.0,,26.899114402446312,16.5
U2649,C0227,2023,WUR 2023,801.0,,41.2,6.5,30.0,,32.23505646247327,90.5
U0158,C0089,2023,WUR 2023,801.0,,56.9,19.7,5.0,,27.877649541529223,40.4
U0179,C0089,2023,WUR 2023,801.0,,42.1,51.0,6.0,,30.904804785322405,48.4
U2210,C0045,2023,WUR 2023,801.0,,72.4,22.9,1.0,,31.48777588188625,49.7
U2654,C0189,2023,WUR 2023,801.0,,40.2,15.1,10.0,,30.309957102369324,50.4
U3206,C0216,2023,WUR 2023,801.0,,51.2,11.8,8.0,,28.357563110160697,49.6
U3207,C0216,2023,WUR 2023,801.0,,51.7,15.4,6.0,,30.296598953779263,44.5
U2669,C0244,2023,WUR 2023,801.0,,49.7,29.6,59.0,,34.22393893812074,79.2
U2670,C0189,2023,WUR 2023,801.0,,50.6,17.0,22.0,,32.653967128528926,58.1
U2671,C0202,2023,WUR 2023,801.0,,44.5,18.9,5.0,,33.929342517501524,43.4
U0259,C0260,2023,WUR 2023,801.0,,67.8,28.3,1.0,,28.396228668362298,45.9
U2674,C0114,2023,WUR 2023,801.0,,51.5,60.9,7.0,,28.458338430084225,35.5
U0264,C0108,2023,WUR 2023,801.0,,30.4,18.8,0.0,,22.137182105643767,23.7
U0271,C0257,2023,WUR 2023,801.0,,43.5,14.2,8.0,,33.60284989487492,63.7
U0276,C0108,2023,WUR 2023,801.0,,63.8,18.1,2.0,,22.496871112111315,19.8
U0283,C0257,2023,WUR 2023,801.0,,39.8,22.3,3.0,,27.583760575792127,41.8
U2695,C0244,2023,WUR 2023,801.0,,53.0,16.8,22.0,,35.158233701039755,78.0
U0320,C0260,2023,WUR 2023,801.0,,51.7,36.8,4.0,,26.395413263071397,38.7
U2701,C0114,2023,WUR 2023,801.0,,57.3,23.2,3.0,,28.389586390703396,37.9
U0376,C0245,2023,WUR 2023,801.0,,43.3,12.8,8.0,,22.565538126255277,40.6
U0893,C0108,2023,WUR 2023,801.0,,35.6,17.2,0.0,,17.52923602466822,15.1
U0383,,2023,WUR 2023,801.0,,67.5,16.3,2.0,,23.844101094006348,22.4
U0396,C0046,2023,WUR 2023,801.0,,38.4,17.4,4.0,,22.952690284234567,22.4
U0411,,2023,WUR 2023,801.0,,34.5,11.5,3.0,,25.603992642224256,38.1
U0429,C0245,2023,WUR 2023,801.0,,41.7,15.5,6.0,,26.86880479381472,43.7
U2743,C0082,2023,WUR 2023,801.0,,48.9,20.9,15.0,,30.37227896786344,61.2
U0482,,2023,WUR 2023,801.0,,52.4,16.1,47.0,,38.06504567396495,94.0
U0493,C0082,2023,WUR 2023,801.0,,35.9,19.6,23.0,,37.24544658724827,88.2
U2767,C0245,2023,WUR 2023,801.0,,29.5,16.5,11.0,,22.86950038803354,33.1
U2774,C0216,2023,WUR 2023,801.0,,49.9,20.1,11.0,,29.61724649455136,47.4
U0528,C0045,2023,WUR 2023,801.0,,69.5,16.0,2.0,,31.659048044791085,52.1
U0537,C0046,2023,WUR 2023,801.0,,55.1,14.4,6.0,,27.25922700403156,32.2
U0557,C0257,2023,WUR 2023,801.0,,56.7,35.5,8.0,,23.72612771023301,26.6
U0568,C0244,2023,WUR 2023,801.0,,58.0,15.4,7.0,,29.159597493590745,49.1
U2794,C0181,2023,WUR 2023,801.0,,62.0,20.7,1.0,,28.017764701424845,44.6
U0609,C0261,2023,WUR 2023,801.0,,26.2,17.5,13.0,,28.65951987871665,44.3
U0625,C0030,2023,WUR 2023,801.0,,42.2,12.9,1.0,,22.43295581447685,29.4
U2348,C0030,2023,WUR 2023,801.0,,67.2,15.8,0.0,,23.53772842290169,23.1
U0654,C0257,2023,WUR 2023,801.0,,74.6,20.6,5.0,,25.75538073994861,25.1
U0657,C0245,2023,WUR 2023,801.0,,36.8,16.8,1.0,,20.75592151270369,41.5
U0658,C0245,2023,WUR 2023,801.0,,46.0,18.7,10.0,,28.153108547157345,48.5
U2804,C0114,2023,WUR 2023,801.0,,55.7,31.8,1.0,,26.983084019877246,26.3
U3208,C0212,2023,WUR 2023,801.0,,49.4,36.8,2.0,,27.9800504459936,47.3
U0677,C0116,2023,WUR 2023,801.0,,64.0,3.8,1.0,,22.9375911086752,20.5
U0686,C0046,2023,WUR 2023,801.0,,60.1,16.8,1.0,,25.20675881837254,29.0
U2822,C0216,2023,WUR 2023,801.0,,52.8,21.1,15.0,,32.669412733444794,53.0
U0738,C0046,2023,WUR 2023,801.0,,69.9,18.1,0.0,,27.47593826624785,25.1
U0795,C0116,2023,WUR 2023,801.0,,29.7,8.1,9.0,,23.185778550270108,38.6
U0881,C0108,2023,WUR 2023,801.0,,50.1,17.9,0.0,,24.76617620952636,17.8
U0870,C0108,2023,WUR 2023,801.0,,34.2,15.1,1.0,,23.278933445061732,23.9
U2478,C0216,2023,WUR 2023,801.0,,57.0,14.0,34.0,,33.026789625067494,63.7
U2873,C0089,2023,WUR 2023,801.0,,60.6,39.6,3.0,,28.77662565803205,43.4
U0936,C0189,2023,WUR 2023,801.0,,36.0,24.9,17.0,,33.644168995793365,55.5
U0941,C0181,2023,WUR 2023,801.0,,62.9,28.5,0.0,,28.1253528598366,43.2
U0956,C0257,2023,WUR 2023,801.0,,66.4,13.4,3.0,,23.20233499510549,22.7
U0965,C0194,2023,WUR 2023,801.0,,61.7,7.9,33.0,,28.270924639346013,52.1
U2876,C0216,2023,WUR 2023,801.0,,54.7,16.4,9.0,,28.975396391124743,44.7
U1024,C0116,2023,WUR 2023,801.0,,47.3,4.6,3.0,,22.162382544729198,22.8
U1042,C0245,2023,WUR 2023,801.0,,41.0,13.1,7.0,,27.079747711239023,46.9
U1052,C0226,2023,WUR 2023,801.0,,54.6,14.0,,,26.39391965647926,41.2
U1075,C0116,2023,WUR 2023,801.0,,44.3,10.1,8.0,,27.106295489012084,33.7
U1082,C0259,2023,WUR 2023,801.0,,51.2,3.4,2.0,,18.16163556791224,20.8
U1102,C0116,2023,WUR 2023,801.0,,59.8,14.6,2.0,,22.947110056503305,27.6
U1111,C0200,2023,WUR 2023,801.0,,55.4,13.1,2.0,,31.61421198161348,74.1
U1112,C0200,2023,WUR 2023,801.0,,52.9,8.3,7.0,,31.80226096088602,79.3
U1115,C0231,2023,WUR 2023,801.0,,57.0,19.8,2.0,,28.17996243619739,36.0
U1119,C0244,2023,WUR 2023,801.0,,39.5,19.4,43.0,,33.61278345556281,87.7
U1128,C0108,2023,WUR 2023,801.0,,68.4,14.5,2.0,,22.35961343301571,17.2
U1133,C0116,2023,WUR 2023,801.0,,38.5,10.3,8.0,,25.48293221971844,33.1
U1164,C0116,2023,WUR 2023,801.0,,60.5,7.6,2.0,,22.27095313760068,23.8
U1167,,2023,WUR 2023,801.0,,61.5,15.2,15.0,,32.583928278630296,68.5
U1182,,2023,WUR 2023,801.0,,27.5,20.2,13.0,,30.38358007731928,44.2
U2906,C0181,2023,WUR 2023,801.0,,65.3,14.8,2.0,,28.40809474142692,47.1
U1193,C0039,2023,WUR 2023,801.0,,46.3,25.8,21.0,,32.37433627238256,57.6
U2907,C0216,2023,WUR 2023,801.0,,55.2,12.8,5.0,,28.032449468266663,47.9
U2914,C0130,2023,WUR 2023,801.0,,45.3,32.7,7.0,,33.88622114694614,54.7
U1205,C0244,2023,WUR 2023,801.0,,58.8,20.3,13.0,,32.563357989359126,57.3
U1219,C0137,2023,WUR 2023,801.0,,60.7,8.6,22.0,,30.3156868642807,58.9
U2929,C0208,2023,WUR 2023,801.0,,47.1,13.1,8.0,,28.45392528345556,47.9
U2930,C0216,2023,WUR 2023,801.0,,49.1,15.4,10.0,,27.726988292198403,42.2
U1244,,2023,WUR 2023,801.0,,66.8,14.8,6.0,,25.151099134404294,28.9
U1257,C0231,2023,WUR 2023,801.0,,58.8,21.0,4.0,,27.935797515082843,47.0
U1262,C0231,2023,WUR 2023,801.0,,35.8,9.0,5.0,,26.147703310141686,45.7
U1264,C0241,2023,WUR 2023,801.0,,34.5,21.0,3.0,,31.35183338907777,57.6
U2541,C0145,2023,WUR 2023,801.0,,58.7,13.3,7.0,,32.09888594279902,51.5
U2943,C0148,2023,WUR 2023,801.0,,53.4,10.7,13.0,,32.27695359210293,62.6
U1272,C0108,2023,WUR 2023,801.0,,32.6,9.0,12.0,,20.554476618529385,36.8
U1285,C0245,2023,WUR 2023,801.0,,37.9,12.0,3.0,,18.890422598087078,25.6
U1287,C0057,2023,WUR 2023,801.0,,34.0,18.9,23.0,,34.41021555459236,66.7
U1299,C0188,2023,WUR 2023,801.0,,55.7,5.6,16.0,,24.12740212115204,41.9
U2967,C0245,2023,WUR 2023,801.0,,42.2,14.7,5.0,,21.79138171133897,29.9
U2975,C0189,2023,WUR 2023,801.0,,38.8,19.6,16.0,,33.30229078606515,57.6
U1340,C0245,2023,WUR 2023,801.0,,44.9,15.2,3.0,,25.77492827667053,41.6
U2984,C0245,2023,WUR 2023,801.0,,44.2,15.8,5.0,,25.749112757059976,41.7
U1351,C0245,2023,WUR 2023,801.0,,57.6,16.0,3.0,,28.08415379454669,36.9
U1352,,2023,WUR 2023,801.0,,52.3,14.3,10.0,,32.370396735716824,57.7
U3003,C0022,2023,WUR 2023,801.0,,46.5,20.8,12.0,,33.866280942653674,67.9
U1394,C0046,2023,WUR 2023,801.0,,67.5,17.6,1.0,,23.2099691998376,22.7
U1400,C0046,2023,WUR 2023,801.0,,61.0,16.7,3.0,,27.474612668707216,33.6
U1396,C0046,2023,WUR 2023,801.0,,58.7,13.0,2.0,,23.44622952984249,24.9
U1397,C0046,2023,WUR 2023,801.0,,58.9,13.5,3.0,,24.72166667183827,30.1
U1428,C0082,2023,WUR 2023,801.0,,30.8,18.9,27.0,,30.716777240983525,70.8
U0437,C0082,2023,WUR 2023,801.0,,24.9,15.3,13.0,,33.29199211700714,62.1
U1478,C0181,2023,WUR 2023,801.0,,50.9,9.4,5.0,,28.511215145164712,47.4
U1445,C0267,2023,WUR 2023,801.0,,27.1,12.3,8.0,,28.98586847900324,44.3
U1449,,2023,WUR 2023,801.0,,28.8,12.2,16.0,,31.902372002008107,51.8
U1454,C0089,2023,WUR 2023,801.0,,43.9,19.9,6.0,,26.334058521370096,38.1
U1429,C0108,2023,WUR 2023,801.0,,72.1,20.7,0.0,,26.733164533570942,14.9
U1433,C0108,2023,WUR 2023,801.0,,49.8,18.5,2.0,,20.240855775640835,17.6
U1500,C0245,2023,WUR 2023,801.0,,47.2,9.7,35.0,,26.967196957398947,53.0
U1499,C0245,2023,WUR 2023,801.0,,44.8,16.0,6.0,,26.791076110427547,37.5
U1513,C0116,2023,WUR 2023,801.0,,64.4,0.9,0.0,,21.376138664504836,18.4
U3027,C0245,2023,WUR 2023,801.0,,48.3,19.5,3.0,,23.40578568871544,25.9
U1523,C0046,2023,WUR 2023,801.0,,31.3,14.8,2.0,,24.070136552367707,37.3
U1525,C0046,2023,WUR 2023,801.0,,54.6,18.7,4.0,,22.33801702284857,25.0
U3030,C0039,2023,WUR 2023,801.0,,45.2,15.6,11.0,,28.495462408270733,45.9
U1531,C0245,2023,WUR 2023,801.0,,47.1,14.4,7.0,,27.7081602547499,51.2
U1570,C0245,2023,WUR 2023,801.0,,55.7,20.1,4.0,,26.469925991910745,29.9
U1574,C0245,2023,WUR 2023,801.0,,47.4,17.5,3.0,,24.75960436093521,31.7
U1604,C0257,2023,WUR 2023,801.0,,46.6,27.2,7.0,,28.83802306545845,48.8
U1605,C0216,2023,WUR 2023,801.0,,51.2,14.4,18.0,,28.901350637625992,51.0
U3051,C0114,2023,WUR 2023,801.0,,56.3,22.4,1.0,,28.82133841930552,32.0
U1611,C0108,2023,WUR 2023,801.0,,60.0,17.6,1.0,,22.504485412976454,17.1
U1614,C0082,2023,WUR 2023,801.0,,18.4,29.0,20.0,,30.08136700819933,62.8
U1620,C0114,2023,WUR 2023,801.0,,63.0,33.7,2.0,,28.999500790602013,27.8
U2546,C0145,2023,WUR 2023,801.0,,33.9,9.9,18.0,,30.93655972090982,61.7
U3066,C0181,2023,WUR 2023,801.0,,53.2,9.0,1.0,,24.25401490597536,42.2
U3213,C0187,2023,WUR 2023,801.0,,62.5,10.6,0.0,,28.432742465437087,34.6
U2479,C0216,2023,WUR 2023,801.0,,43.8,9.5,14.0,,29.87096353660564,58.7
U1660,C0216,2023,WUR 2023,801.0,,38.4,12.7,14.0,,27.839842095172088,51.2
U1671,C0030,2023,WUR 2023,801.0,,30.9,18.7,3.0,,24.40590274386749,37.4
U1672,C0030,2023,WUR 2023,801.0,,50.2,21.3,1.0,,23.81561600651426,29.6
U1674,C0047,2023,WUR 2023,801.0,,68.7,14.2,2.0,,29.43113125250891,43.6
U3079,C0212,2023,WUR 2023,801.0,,35.3,21.7,7.0,,33.075603807791445,54.9
U1698,C0200,2023,WUR 2023,801.0,,46.3,13.1,15.0,,33.80093685358364,85.5
U3214,C0181,2023,WUR 2023,801.0,,52.1,22.4,1.0,,24.930532340048032,39.1
U3090,C0082,2023,WUR 2023,801.0,,43.2,18.5,11.0,,28.023014014608748,56.9
U3091,C0245,2023,WUR 2023,801.0,,56.0,14.5,3.0,,29.585226276142045,44.7
U1748,C0212,2023,WUR 2023,801.0,,43.4,17.0,14.0,,27.324924157080417,62.0
U3094,C0244,2023,WUR 2023,801.0,,39.5,16.2,33.0,,34.96516445616021,81.2
U3095,C0114,2023,WUR 2023,801.0,,42.2,47.7,5.0,,27.78170177695192,40.7
U1763,C0058,2023,WUR 2023,801.0,,41.7,15.8,16.0,,36.42680339650202,59.8
U3102,C0216,2023,WUR 2023,801.0,,38.4,16.9,18.0,,28.302803183050905,55.5
U3103,C0114,2023,WUR 2023,801.0,,53.2,22.6,1.0,,25.914640051528764,29.6
U3105,C0244,2023,WUR 2023,801.0,,46.1,18.7,20.0,,31.82785590482204,74.3
U3119,C0046,2023,WUR 2023,801.0,,41.0,16.1,4.0,,26.207490443694144,22.3
U2912,C0045,2023,WUR 2023,801.0,,65.6,25.5,1.0,,28.54658737891508,48.0
U1866,C0259,2023,WUR 2023,801.0,,36.2,23.4,1.0,,23.782872001844797,23.7
U1883,C0046,2023,WUR 2023,801.0,,53.7,12.2,1.0,,25.012017750738096,33.9
U1885,C0244,2023,WUR 2023,801.0,,60.8,17.2,13.0,,31.97643071853817,57.3
U1891,C0259,2023,WUR 2023,801.0,,37.1,20.2,1.0,,22.686923339041694,24.8
U1892,C0259,2023,WUR 2023,801.0,,52.2,10.4,3.0,,19.17676034290668,21.3
U3132,C0086,2023,WUR 2023,801.0,,41.4,26.4,12.0,,31.983524456728546,52.3
U3147,C0057,2023,WUR 2023,801.0,,46.9,13.8,7.0,,27.864361107509133,51.2
U1941,C0046,2023,WUR 2023,801.0,,51.7,16.4,3.0,,26.177867875722136,32.9
U1946,C0245,2023,WUR 2023,801.0,,35.2,13.8,7.0,,23.96763888448849,33.9
U1991,C0260,2023,WUR 2023,801.0,,64.4,11.4,1.0,,27.470978732952904,47.5
U2002,C0145,2023,WUR 2023,801.0,,58.0,8.6,15.0,,33.5986726345877,73.2
U2014,,2023,WUR 2023,801.0,,73.4,13.0,6.0,,26.883653180650192,28.7
U2019,C0200,2023,WUR 2023,801.0,,55.1,21.7,3.0,,31.44698836732274,74.7
U2031,C0260,2023,WUR 2023,801.0,,62.8,19.2,1.0,,26.020683771934262,42.9
U3185,C0111,2023,WUR 2023,801.0,,60.0,6.9,0.0,,21.49409163405563,24.6
U2561,C0145,2023,WUR 2023,801.0,,51.1,11.4,11.0,,28.324030402003405,52.6
U3196,C0245,2023,WUR 2023,801.0,,32.8,30.2,7.0,,29.266249966112387,41.6
U2102,C0245,2023,WUR 2023,801.0,,42.9,19.4,7.0,,27.628727085851768,50.5
U3217,C0089,2023,WUR 2023,801.0,,61.3,30.2,2.0,,27.625736810534125,37.8
U2144,,2023,WUR 2023,801.0,,36.5,42.4,8.0,,33.96308151137758,59.0
U2152,C0167,2023,WUR 2023,801.0,,71.2,30.9,0.0,,28.874262597453413,45.4
U3247,C0114,2023,WUR 2023,801.0,,59.1,42.1,6.0,,31.10995200289653,49.3
U3348,C0137,2023,WUR 2023,801.0,,47.3,10.2,9.0,,29.85674064154879,55.5
U3357,C0108,2023,WUR 2023,801.0,,52.9,17.0,4.0,,23.721793974930023,31.5
U3270,C0188,2023,WUR 2023,801.0,,42.6,12.0,10.0,,30.227701667205057,43.0
U3383,C0046,2023,WUR 2023,801.0,,67.1,11.2,5.0,,26.631239790847303,26.5
U3280,C0244,2023,WUR 2023,801.0,,61.1,16.8,10.0,,31.77415118887532,52.8
U3283,C0245,2023,WUR 2023,801.0,,55.8,19.3,5.0,,29.15974508841971,33.4
U3399,C0245,2023,WUR 2023,801.0,,53.8,12.7,19.0,,31.37646549620769,52.2
U3292,C0245,2023,WUR 2023,801.0,,57.2,14.7,5.0,,25.100770726723457,32.3
U3424,C0046,2023,WUR 2023,801.0,,51.6,13.3,11.0,,27.046032193718887,38.6
U3433,C0261,2023,WUR 2023,801.0,,54.0,15.0,4.0,,27.19066287756921,43.3
U3447,C0260,2023,WUR 2023,801.0,,69.5,26.4,2.0,,28.132909184309725,43.5
U3451,C0260,2023,WUR 2023,801.0,,56.6,11.6,0.0,,25.792462358623343,31.4
U3457,C0046,2023,WUR 2023,801.0,,64.8,21.3,3.0,,24.06097270994068,25.2
U2624,C0216,2023,WUR 2023,1001.0,,32.6,12.2,5.0,,19.76215981331275,34.8
U0022,C0188,2023,WUR 2023,1001.0,,28.3,23.9,4.0,,22.686070841108428,34.1
U0038,C0260,2023,WUR 2023,1001.0,,47.3,12.5,4.0,,23.482033014044003,41.2
U0070,C0118,2023,WUR 2023,1001.0,,26.2,5.7,15.0,,22.397103540283467,69.2
U2636,C0189,2023,WUR 2023,1001.0,,40.6,14.0,22.0,,30.366526954449498,69.6
U2642,C0216,2023,WUR 2023,1001.0,,36.9,17.5,12.0,,23.031584211444308,42.3
U0119,C0108,2023,WUR 2023,1001.0,,47.9,16.2,6.0,,19.07019881574645,22.7
U2645,C0111,2023,WUR 2023,1001.0,,56.2,15.9,0.0,,20.8853948404604,29.0
U3203,C0047,2023,WUR 2023,1001.0,,36.7,12.7,1.0,,26.492910569210583,53.2
U0163,C0082,2023,WUR 2023,1001.0,,24.2,16.5,14.0,,23.27739053812217,63.5
U0173,C0260,2023,WUR 2023,1001.0,,47.1,14.9,1.0,,22.7489911495363,46.9
U0180,,2023,WUR 2023,1001.0,,52.7,11.1,7.0,,22.777256682064976,40.7
U0198,C0152,2023,WUR 2023,1001.0,,62.7,21.8,0.0,,21.12526226151697,23.7
U0204,C0194,2023,WUR 2023,1001.0,,37.6,21.0,4.0,,22.026071575203872,40.8
U0211,C0181,2023,WUR 2023,1001.0,,42.3,36.7,0.0,,21.717078330351768,42.9
U0236,C0173,2023,WUR 2023,1001.0,,41.5,25.9,0.0,,20.403312873110742,45.5
U0243,C0046,2023,WUR 2023,1001.0,,22.5,14.7,5.0,,22.13661326333269,32.3
U2689,C0029,2023,WUR 2023,1001.0,,40.9,17.6,4.0,,26.532702584211933,63.7
U0293,C0245,2023,WUR 2023,1001.0,,38.8,15.7,4.0,,17.096652933066498,25.8
U0900,C0189,2023,WUR 2023,1001.0,,43.3,19.4,32.0,,28.099630531151934,67.3
U2699,C0216,2023,WUR 2023,1001.0,,34.8,13.5,5.0,,19.23779213160739,36.2
U2702,,2023,WUR 2023,1001.0,,21.4,15.6,0.0,,10.768447067227465,16.6
U0333,C0244,2023,WUR 2023,1001.0,,35.8,18.6,22.0,,27.10908988986445,73.0
U0336,,2023,WUR 2023,1001.0,,25.2,11.0,17.0,,24.69940669736748,61.8
U2059,C0216,2023,WUR 2023,1001.0,,34.8,10.0,9.0,,18.83938081539957,38.9
U2728,C0216,2023,WUR 2023,1001.0,,36.9,12.8,8.0,,21.650826624947616,40.1
U2243,C0216,2023,WUR 2023,1001.0,,35.0,19.5,15.0,,22.60755294387787,49.9
U2733,C0244,2023,WUR 2023,1001.0,,45.5,14.4,25.0,,30.87104762278828,73.3
U0371,,2023,WUR 2023,1001.0,,30.6,12.1,5.0,,23.434945874546926,28.3
U0380,C0014,2023,WUR 2023,1001.0,,32.5,20.2,20.0,,26.13793847300309,65.0
U0386,C0231,2023,WUR 2023,1001.0,,30.8,14.0,3.0,,19.48329438844052,36.4
U0388,C0116,2023,WUR 2023,1001.0,,32.8,8.5,5.0,,18.993293029669864,28.7
U2740,C0045,2023,WUR 2023,1001.0,,37.1,15.5,5.0,,25.713219144065945,51.2
U0393,C0046,2023,WUR 2023,1001.0,,38.6,16.6,1.0,,19.3423425516341,20.6
U0391,C0046,2023,WUR 2023,1001.0,,41.8,22.4,2.0,,18.024339101793807,18.7
U0406,,2023,WUR 2023,1001.0,,28.3,19.9,6.0,,20.571496262074195,27.6
U0426,C0245,2023,WUR 2023,1001.0,,35.3,14.9,9.0,,24.101362963733564,51.5
U0469,C0271,2023,WUR 2023,1001.0,,39.7,10.6,14.0,,25.31085706336999,53.3
U0486,C0245,2023,WUR 2023,1001.0,,29.3,14.9,4.0,,15.463201873633675,26.7
U0498,C0057,2023,WUR 2023,1001.0,,42.1,17.6,22.0,,29.18965406793396,71.2
U2768,,2023,WUR 2023,1001.0,,29.8,17.7,22.0,,23.255636326014805,60.1
U2770,C0108,2023,WUR 2023,1001.0,,26.2,25.6,1.0,,17.83361187859515,18.6
U0543,C0108,2023,WUR 2023,1001.0,,45.8,23.7,0.0,,16.883544168701828,14.9
U0562,C0046,2023,WUR 2023,1001.0,,41.9,16.9,2.0,,21.956981782511114,20.1
U2786,C0244,2023,WUR 2023,1001.0,,34.4,21.9,44.0,,30.09605708273901,81.8
U0433,C0082,2023,WUR 2023,1001.0,,20.8,14.3,26.0,,27.904939784576055,73.1
U2796,C0181,2023,WUR 2023,1001.0,,41.5,13.9,3.0,,21.256205209154324,46.6
U2335,C0030,2023,WUR 2023,1001.0,,16.3,15.6,3.0,,20.06517944836525,30.3
U0605,C0216,2023,WUR 2023,1001.0,,51.6,10.7,32.0,,27.43403960555149,60.2
U2800,C0216,2023,WUR 2023,1001.0,,49.2,11.2,2.0,,21.104047291098,33.2
U0632,C0030,2023,WUR 2023,1001.0,,21.3,11.4,1.0,,19.68128488994774,30.3
U2346,C0030,2023,WUR 2023,1001.0,,35.9,16.1,2.0,,20.745436461793886,30.1
U0636,C0173,2023,WUR 2023,1001.0,,47.0,21.1,0.0,,20.348380343749376,34.9
U0647,C0259,2023,WUR 2023,1001.0,,25.3,30.9,9.0,,21.34129189284264,31.3
U0660,C0245,2023,WUR 2023,1001.0,,25.6,14.9,25.0,,25.20683771934265,66.7
U2805,C0030,2023,WUR 2023,1001.0,,57.6,18.5,0.0,,22.780744554057023,35.3
U0674,C0267,2023,WUR 2023,1001.0,,19.4,29.0,5.0,,19.38291051123419,28.7
U0675,C0046,2023,WUR 2023,1001.0,,47.4,16.9,1.0,,19.303376700218937,26.2
U2820,C0087,2023,WUR 2023,1001.0,,32.1,32.4,1.0,,22.8203647833757,49.0
U0739,C0046,2023,WUR 2023,1001.0,,50.7,19.8,2.0,,20.078448693016146,22.0
U2836,C0181,2023,WUR 2023,1001.0,,58.5,23.5,0.0,,25.27376319616173,40.4
U0752,C0108,2023,WUR 2023,1001.0,,48.8,19.3,0.0,,15.72589300791647,15.8
U0757,C0259,2023,WUR 2023,1001.0,,56.8,19.8,4.0,,22.82247367463518,33.5
U0763,C0116,2023,WUR 2023,1001.0,,30.2,4.6,2.0,,16.407937286528472,21.0
U0815,C0046,2023,WUR 2023,1001.0,,40.2,17.2,18.0,,25.01467353901942,59.5
U0826,C0116,2023,WUR 2023,1001.0,,35.5,2.2,0.0,,13.47648014137094,16.2
U0831,C0162,2023,WUR 2023,1001.0,,41.9,71.9,3.0,,16.965613732369867,25.4
U0839,C0085,2023,WUR 2023,1001.0,,40.2,10.2,3.0,,20.88313376117189,49.7
U0843,C0086,2023,WUR 2023,1001.0,,23.2,17.4,30.0,,23.548527546625262,64.1
U0854,C0082,2023,WUR 2023,1001.0,,17.1,16.1,21.0,,29.318187116600484,74.2
U0865,C0108,2023,WUR 2023,1001.0,,27.4,10.4,0.0,,15.451605676591026,25.4
U0864,C0108,2023,WUR 2023,1001.0,,31.7,12.3,0.0,,15.559382258276823,19.6
U0866,C0108,2023,WUR 2023,1001.0,,45.5,14.7,0.0,,17.865508999242547,18.1
U0871,C0108,2023,WUR 2023,1001.0,,33.8,13.8,1.0,,19.6634942012176,21.0
U0874,C0108,2023,WUR 2023,1001.0,,38.2,20.7,1.0,,19.58586585373422,15.9
U0880,C0108,2023,WUR 2023,1001.0,,38.1,11.6,1.0,,15.43203262209093,21.9
U2869,,2023,WUR 2023,1001.0,,16.0,8.6,14.0,,20.877517604408943,54.8
U0888,C0261,2023,WUR 2023,1001.0,,27.7,21.0,8.0,,21.27668006193512,35.8
U0937,C0259,2023,WUR 2023,1001.0,,32.4,10.2,2.0,,14.062000361903335,20.4
U0938,C0259,2023,WUR 2023,1001.0,,40.3,23.5,1.0,,23.48886095905691,27.8
U0960,C0257,2023,WUR 2023,1001.0,,32.4,25.1,8.0,,20.880810418504623,31.5
U0961,C0257,2023,WUR 2023,1001.0,,52.6,21.7,3.0,,19.89361107509135,21.3
U0976,C0108,2023,WUR 2023,1001.0,,28.9,21.7,0.0,,14.275087180978778,16.8
U0988,C0216,2023,WUR 2023,1001.0,,44.9,14.6,10.0,,27.335159542048565,44.8
U2877,C0200,2023,WUR 2023,1001.0,,48.6,13.9,2.0,,28.601892161624463,71.4
U0996,,2023,WUR 2023,1001.0,,27.7,19.9,7.0,,20.866852295914114,30.8
U0999,,2023,WUR 2023,1001.0,,37.7,13.1,1.0,,19.18594970311188,20.4
U1000,C0046,2023,WUR 2023,1001.0,,53.8,14.3,2.0,,20.423179279988734,24.1
U1002,C0046,2023,WUR 2023,1001.0,,61.4,18.5,2.0,,23.009205222056117,30.2
U1003,C0116,2023,WUR 2023,1001.0,,52.5,0.9,0.0,,17.381189939315867,17.4
U1038,C0116,2023,WUR 2023,1001.0,,25.8,9.4,7.0,,16.429141539480618,29.8
U1043,C0267,2023,WUR 2023,1001.0,,25.8,11.8,6.0,,19.83881236095873,27.7
U1089,C0242,2023,WUR 2023,1001.0,,55.9,9.9,10.0,,21.391589883331896,29.7
U1130,C0259,2023,WUR 2023,1001.0,,38.7,26.6,2.0,,23.04739033153024,30.3
U1160,C0116,2023,WUR 2023,1001.0,,30.4,10.0,6.0,,19.36354170103061,32.0
U1168,C0087,2023,WUR 2023,1001.0,,39.5,78.1,1.0,,23.12091419542976,47.2
U1175,C0116,2023,WUR 2023,1001.0,,41.1,3.4,1.0,,17.63317187452537,17.7
U2913,C0216,2023,WUR 2023,1001.0,,44.6,16.9,8.0,,23.76484665162656,41.5
U1203,C0132,2023,WUR 2023,1001.0,,17.3,14.8,16.0,,26.93975279111416,78.6
U2919,C0015,2023,WUR 2023,1001.0,,25.5,4.6,17.0,,25.713624570525585,79.2
U2918,C0216,2023,WUR 2023,1001.0,,46.3,15.3,5.0,,21.79159105919112,34.1
U1241,C0259,2023,WUR 2023,1001.0,,50.0,23.6,1.0,,18.6824313730998,21.8
U1250,C0189,2023,WUR 2023,1001.0,,36.0,10.7,22.0,,25.265279555629736,67.4
U2542,C0145,2023,WUR 2023,1001.0,,40.7,13.6,5.0,,19.046640802935467,29.6
U2948,C0236,2023,WUR 2023,1001.0,,52.7,12.1,1.0,,23.309273368813795,44.6
U2949,C0259,2023,WUR 2023,1001.0,,55.7,19.9,0.0,,22.418858262746397,27.4
U2952,C0162,2023,WUR 2023,1001.0,,32.7,44.8,1.0,,16.840502719827697,37.7
U2960,C0151,2023,WUR 2023,1001.0,,49.1,21.5,1.0,,22.51063264573877,41.9
U2961,C0259,2023,WUR 2023,1001.0,,38.1,33.1,6.0,,18.411270377885224,27.0
U1298,C0188,2023,WUR 2023,1001.0,,30.9,12.7,8.0,,14.029792740931104,28.0
U1316,C0260,2023,WUR 2023,1001.0,,61.4,34.3,0.0,,25.208580481520883,41.7
U1330,C0216,2023,WUR 2023,1001.0,,40.5,17.0,7.0,,22.44324019357909,38.6
U1354,C0245,2023,WUR 2023,1001.0,,36.7,11.7,8.0,,20.56610241619472,48.7
U2999,C0216,2023,WUR 2023,1001.0,,34.0,16.0,8.0,,22.38302364685551,39.8
U1399,C0046,2023,WUR 2023,1001.0,,23.1,15.6,3.0,,18.43938300788708,20.8
U1395,C0046,2023,WUR 2023,1001.0,,37.2,8.6,4.0,,19.213175845499936,20.7
U1413,C0152,2023,WUR 2023,1001.0,,21.3,17.4,4.0,,26.04525953580997,47.8
U1415,C0267,2023,WUR 2023,1001.0,,17.4,9.7,9.0,,20.170068642415004,43.7
U1461,C0047,2023,WUR 2023,1001.0,,41.2,15.8,1.0,,20.98306934205124,38.4
U1448,C0267,2023,WUR 2023,1001.0,,24.6,15.7,11.0,,21.6837644626601,39.7
U1450,C0267,2023,WUR 2023,1001.0,,24.1,21.0,6.0,,20.924217486104453,31.3
U1430,C0108,2023,WUR 2023,1001.0,,45.6,20.6,4.0,,19.908564697244017,18.6
U1492,C0257,2023,WUR 2023,1001.0,,26.9,13.4,13.0,,14.829638311420432,31.5
U1509,C0116,2023,WUR 2023,1001.0,,48.8,7.6,3.0,,20.437393499001008,25.3
U1540,C0046,2023,WUR 2023,1001.0,,40.1,14.0,1.0,,34.698654535337994,21.4
U1540,C0046,2023,WUR 2023,1001.0,,40.1,14.0,1.0,,17.43684196795065,21.4
U1557,C0245,2023,WUR 2023,1001.0,,31.3,17.8,4.0,,18.27607310627056,33.6
U0310,C0101,2023,WUR 2023,1001.0,,45.5,38.4,6.0,,23.960526263142267,42.1
U1572,C0116,2023,WUR 2023,1001.0,,22.4,10.4,10.0,,18.076415171066284,33.6
U3048,C0216,2023,WUR 2023,1001.0,,38.4,11.6,2.0,,22.619866598771683,32.8
U1607,C0057,2023,WUR 2023,1001.0,,40.0,14.5,13.0,,29.18698398969686,59.3
U3057,C0089,2023,WUR 2023,1001.0,,43.7,25.6,6.0,,23.56501560381514,38.1
U1624,C0271,2023,WUR 2023,1001.0,,14.4,10.0,23.0,,17.421319503486913,64.8
U3060,C0101,2023,WUR 2023,1001.0,,27.2,12.6,23.0,,20.877270184031765,56.3
U1647,C0181,2023,WUR 2023,1001.0,,35.5,44.8,0.0,,19.328157422888943,43.1
U1653,C0189,2023,WUR 2023,1001.0,,46.3,16.9,7.0,,21.098959352343275,36.7
U1662,C0108,2023,WUR 2023,1001.0,,23.5,22.6,1.0,,14.86200322397734,16.1
U1685,C0245,2023,WUR 2023,1001.0,,40.6,19.3,6.0,,23.529567020872484,30.6
U1686,C0260,2023,WUR 2023,1001.0,,53.9,29.8,0.0,,23.019008846217535,42.5
U1707,C0216,2023,WUR 2023,1001.0,,42.5,11.2,8.0,,23.508787077535832,46.6
U3083,C0192,2023,WUR 2023,1001.0,,41.0,17.0,1.0,,21.453387103306746,46.7
U1712,,2023,WUR 2023,1001.0,,21.6,17.0,6.0,,23.251774975821395,28.5
U1740,C0113,2023,WUR 2023,1001.0,,50.3,18.7,28.0,,28.334421241276186,66.2
U3304,C0216,2023,WUR 2023,1001.0,,47.4,20.3,7.0,,23.00569846690821,38.8
U1753,C0116,2023,WUR 2023,1001.0,,41.0,15.1,5.0,,21.062417996068056,49.2
U1759,C0244,2023,WUR 2023,1001.0,,33.9,19.1,25.0,,28.363327372108163,79.9
U1760,C0245,2023,WUR 2023,1001.0,,43.5,15.7,16.0,,25.70737496043724,41.5
U1766,C0245,2023,WUR 2023,1001.0,,45.6,14.4,3.0,,19.67975474189727,31.3
U1798,C0259,2023,WUR 2023,1001.0,,48.7,24.5,0.0,,20.142877204205263,19.3
U1809,C0257,2023,WUR 2023,1001.0,,46.2,25.1,8.0,,18.92662691554816,27.3
U2431,C0066,2023,WUR 2023,1001.0,,42.8,13.6,5.0,,26.0344315259615,65.6
U3116,C0181,2023,WUR 2023,1001.0,,39.2,31.0,0.0,,20.19961761711476,43.2
U1853,C0259,2023,WUR 2023,1001.0,,47.6,8.3,7.0,,17.675036035185627,25.0
U3125,C0216,2023,WUR 2023,1001.0,,39.5,16.7,12.0,,27.25073264603273,45.4
U1867,C0259,2023,WUR 2023,1001.0,,35.8,8.7,3.0,,16.36904574288336,21.7
U1873,C0259,2023,WUR 2023,1001.0,,48.7,21.1,0.0,,18.57191295718468,19.3
U1875,C0259,2023,WUR 2023,1001.0,,46.1,21.1,1.0,,21.954373457297205,28.1
U1879,C0046,2023,WUR 2023,1001.0,,50.6,16.7,2.0,,21.301231737028235,32.0
U1904,C0162,2023,WUR 2023,1001.0,,40.7,53.3,2.0,,15.864564882278527,23.4
U1906,,2023,WUR 2023,1001.0,,46.3,12.4,1.0,,18.21267326775523,16.0
U3136,C0259,2023,WUR 2023,1001.0,,33.1,10.9,2.0,,20.762110390479982,33.1
U1927,C0261,2023,WUR 2023,1001.0,,28.4,24.0,15.0,,24.18619967526688,39.0
U1928,C0260,2023,WUR 2023,1001.0,,52.2,26.4,0.0,,23.22815714933837,44.9
U3142,C0212,2023,WUR 2023,1001.0,,29.3,232.2,3.0,,25.082813866221844,42.6
U3151,C0245,2023,WUR 2023,1001.0,,30.1,14.7,3.0,,15.501261333568069,24.9
U3216,C0079,2023,WUR 2023,1001.0,,45.3,36.6,1.0,,31.10599919698614,69.0
U1954,C0260,2023,WUR 2023,1001.0,,53.6,30.0,1.0,,23.98608925882001,46.1
U3158,C0244,2023,WUR 2023,1001.0,,33.0,15.4,21.0,,24.959093776732423,70.9
U3159,C0053,2023,WUR 2023,1001.0,,49.7,16.3,2.0,,23.459138055181118,37.3
U2088,C0194,2023,WUR 2023,1001.0,,52.0,24.8,14.0,,22.508455570976004,33.5
U1983,C0116,2023,WUR 2023,1001.0,,39.4,0.9,1.0,,13.14119827730092,17.6
U3170,C0244,2023,WUR 2023,1001.0,,35.3,15.9,40.0,,24.592523442060024,69.6
U2012,C0188,2023,WUR 2023,1001.0,,38.5,37.6,8.0,,25.077584967260485,52.0
U3175,C0101,2023,WUR 2023,1001.0,,33.3,12.5,22.0,,25.127709641000383,60.8
U2024,C0071,2023,WUR 2023,1001.0,,22.4,9.6,16.0,,25.511511008491983,68.9
U2061,C0089,2023,WUR 2023,1001.0,,57.4,31.6,4.0,,26.400433018322826,43.4
U2069,C0216,2023,WUR 2023,1001.0,,36.5,15.6,16.0,,24.094585850134784,52.7
U2080,C0112,2023,WUR 2023,1001.0,,33.1,18.7,21.0,,26.09075732601121,72.6
U2087,C0244,2023,WUR 2023,1001.0,,42.5,19.3,20.0,,28.332426975876267,69.1
U3200,C0245,2023,WUR 2023,1001.0,,40.7,23.5,3.0,,26.013257179845382,36.0
U2126,C0116,2023,WUR 2023,1001.0,,39.8,1.7,1.0,,15.160233069995304,19.0
U2127,,2023,WUR 2023,1001.0,,34.1,10.6,6.0,,17.68584281424266,30.0
U2148,C0116,2023,WUR 2023,1001.0,,30.4,9.4,2.0,,17.203276009107682,26.0
U3235,C0189,2023,WUR 2023,1001.0,,31.9,11.1,8.0,,22.938493927667015,44.2
U2564,C0145,2023,WUR 2023,1001.0,,49.8,15.8,3.0,,23.904751442958904,35.6
U3315,C0259,2023,WUR 2023,1001.0,,38.6,27.2,2.0,,18.24611023320881,22.4
U3257,C0181,2023,WUR 2023,1001.0,,38.4,19.6,1.0,,22.11172067072316,45.0
U3341,C0251,2023,WUR 2023,1001.0,,45.9,15.3,1.0,,22.167327481855025,45.5
U3263,C0216,2023,WUR 2023,1001.0,,44.5,15.4,6.0,,25.27147149553941,44.6
U3377,C0116,2023,WUR 2023,1001.0,,27.6,14.6,13.0,,24.67582827033395,47.0
U3279,C0244,2023,WUR 2023,1001.0,,35.9,20.8,50.0,,32.648515612470774,82.9
U3411,C0046,2023,WUR 2023,1001.0,,48.3,14.9,2.0,,20.71643969181383,23.2
U3416,C0046,2023,WUR 2023,1001.0,,40.8,16.0,1.0,,20.77454173336673,21.1
U3427,C0117,2023,WUR 2023,1001.0,,33.6,33.2,10.0,,20.26481002851132,49.8
U3428,C0259,2023,WUR 2023,1001.0,,53.8,23.6,0.0,,20.41487640739733,18.5
U3435,,2023,WUR 2023,1001.0,,29.3,26.0,11.0,,23.25623252338408,32.0
U3298,C0216,2023,WUR 2023,1001.0,,35.0,10.1,8.0,,21.28547236551192,40.3
U3454,C0046,2023,WUR 2023,1001.0,,53.8,15.8,5.0,,22.34754719849908,32.8
U3458,C0046,2023,WUR 2023,1001.0,,49.1,14.5,6.0,,22.995591283257625,24.5
U2864,C0271,2023,WUR 2023,1001.0,,29.7,13.4,3.0,,19.006294745934383,33.0
U3299,C0256,2023,WUR 2023,1001.0,,35.6,23.9,0.0,,27.525261783824163,50.0
U2448,C0005,2023,WUR 2023,1201.0,,41.3,20.1,1.0,,18.13168290196176,36.5
U0008,C0162,2023,WUR 2023,1201.0,,16.2,88.2,1.0,,9.042516415484627,28.0
U0019,C0108,2023,WUR 2023,1201.0,,18.2,7.9,7.0,,8.844482533754508,24.1
U0018,,2023,WUR 2023,1201.0,,18.0,6.1,3.0,,9.891824626476886,24.9
U0026,C0045,2023,WUR 2023,1201.0,,20.0,25.7,5.0,,21.93298435355996,60.4
U0031,C0188,2023,WUR 2023,1201.0,,18.7,12.7,3.0,,14.144030117837426,25.5
U0036,C0116,2023,WUR 2023,1201.0,,31.6,2.9,1.0,,13.09784153075966,18.7
U2454,,2023,WUR 2023,1201.0,,27.6,7.7,2.0,,15.485079898000745,38.5
U0046,C0257,2023,WUR 2023,1201.0,,27.8,32.7,3.0,,11.315553947277738,19.7
U2640,C0216,2023,WUR 2023,1201.0,,23.1,14.4,10.0,,19.057921702310985,41.3
U0126,C0257,2023,WUR 2023,1201.0,,32.9,17.0,3.0,,13.876412113015748,22.9
U3202,C0045,2023,WUR 2023,1201.0,,28.0,18.9,3.0,,19.90754316954812,48.1
U0127,C0108,2023,WUR 2023,1201.0,,21.7,13.2,6.0,,9.146806656245069,20.4
U2203,C0045,2023,WUR 2023,1201.0,,29.8,19.5,4.0,,18.33489332017242,50.4
U0138,C0257,2023,WUR 2023,1201.0,,25.6,15.2,5.0,,12.557639149056811,27.4
U2646,C0047,2023,WUR 2023,1201.0,,25.0,21.5,0.0,,16.91877013454769,37.8
U0149,C0260,2023,WUR 2023,1201.0,,24.0,13.8,12.0,,15.977713058341234,45.5
U0155,C0259,2023,WUR 2023,1201.0,,24.9,21.3,6.0,,12.46398308510183,23.5
U0157,C0113,2023,WUR 2023,1201.0,,15.5,20.7,0.0,,14.71730639804598,31.4
U0176,C0257,2023,WUR 2023,1201.0,,37.2,30.2,3.0,,16.05532507444659,20.4
U0193,C0045,2023,WUR 2023,1201.0,,24.0,17.5,1.0,,19.5230649685082,51.4
U0221,C0108,2023,WUR 2023,1201.0,,26.3,17.1,5.0,,11.460921482490638,21.8
U0223,C0109,2023,WUR 2023,1201.0,,15.3,13.9,2.0,,19.165662048751777,34.7
U0225,C0019,2023,WUR 2023,1201.0,,33.7,17.3,1.0,,18.9897543262637,46.3
U0226,C0019,2023,WUR 2023,1201.0,,33.0,13.0,0.0,,15.698454455542889,25.7
U2673,C0173,2023,WUR 2023,1201.0,,28.3,25.2,0.0,,12.058140787747286,27.1
U0263,C0257,2023,WUR 2023,1201.0,,27.2,9.5,6.0,,12.154697508582954,24.3
U0274,C0109,2023,WUR 2023,1201.0,,24.4,14.3,4.0,,13.88892695007269,27.0
U0294,C0257,2023,WUR 2023,1201.0,,30.2,16.8,6.0,,12.77292447782868,27.7
U2691,C0030,2023,WUR 2023,1201.0,,23.5,15.2,1.0,,15.41062565590897,31.2
U0300,C0260,2023,WUR 2023,1201.0,,41.9,16.2,3.0,,16.87197859299299,30.1
U0301,C0057,2023,WUR 2023,1201.0,,17.1,16.6,23.0,,20.39968689890322,56.2
U0306,C0259,2023,WUR 2023,1201.0,,29.0,23.4,1.0,,14.81605703537801,22.0
U2698,C0194,2023,WUR 2023,1201.0,,23.1,32.7,2.0,,15.410808975627376,29.4
U0309,C0101,2023,WUR 2023,1201.0,,18.0,17.0,12.0,,16.514023672659082,39.1
U2700,C0216,2023,WUR 2023,1201.0,,32.6,16.8,9.0,,20.49701466492421,39.8
U0330,C0244,2023,WUR 2023,1201.0,,26.4,17.8,14.0,,18.51764654390479,47.7
U2727,C0236,2023,WUR 2023,1201.0,,19.1,9.9,1.0,,13.867092816284082,44.2
U0343,,2023,WUR 2023,1201.0,,24.9,7.1,4.0,,14.919861417642002,20.1
U0345,C0045,2023,WUR 2023,1201.0,,27.4,20.4,3.0,,23.291517180119747,57.1
U0372,C0267,2023,WUR 2023,1201.0,,29.4,26.5,1.0,,14.57703956047689,19.3
U2736,C0057,2023,WUR 2023,1201.0,,15.8,8.0,22.0,,16.501514449513337,51.4
U2737,C0244,2023,WUR 2023,1201.0,,18.7,18.0,15.0,,18.29926345893361,56.5
U0407,C0261,2023,WUR 2023,1201.0,,16.9,27.3,3.0,,16.507781717904187,29.6
U0414,,2023,WUR 2023,1201.0,,20.9,14.2,5.0,,15.933100939184886,26.6
U0415,C0261,2023,WUR 2023,1201.0,,18.7,20.7,4.0,,17.113927141966386,24.3
U0417,C0267,2023,WUR 2023,1201.0,,26.6,31.3,9.0,,22.38621255255845,42.9
U0432,C0108,2023,WUR 2023,1201.0,,12.8,16.9,1.0,,10.350410129896517,16.9
U2749,C0245,2023,WUR 2023,1201.0,,32.9,21.2,1.0,,15.05536939372372,24.7
U2752,C0045,2023,WUR 2023,1201.0,,30.1,17.1,2.0,,20.987586907428195,50.7
U0479,C0101,2023,WUR 2023,1201.0,,23.0,21.3,15.0,,16.183085240647756,43.5
U0496,C0057,2023,WUR 2023,1201.0,,15.5,8.8,20.0,,19.4621955749478,58.2
U0505,C0259,2023,WUR 2023,1201.0,,25.4,28.6,0.0,,12.808513000266853,23.4
U0513,,2023,WUR 2023,1201.0,,23.6,14.9,3.0,,12.832348034077707,25.6
U0516,C0047,2023,WUR 2023,1201.0,,25.3,13.2,2.0,,17.698482484270432,48.4
U0519,C0089,2023,WUR 2023,1201.0,,36.9,37.0,4.0,,18.70672419585111,32.6
U0533,C0257,2023,WUR 2023,1201.0,,20.9,17.6,3.0,,11.050429641810418,21.7
U0575,C0257,2023,WUR 2023,1201.0,,19.0,18.5,4.0,,11.036580531168273,24.1
U0578,C0116,2023,WUR 2023,1201.0,,21.7,13.3,2.0,,13.637470987306925,27.1
U0580,C0047,2023,WUR 2023,1201.0,,19.7,6.6,0.0,,12.941756324571111,44.1
U2790,C0116,2023,WUR 2023,1201.0,,10.5,15.4,6.0,,14.677349436126512,32.6
U0588,C0257,2023,WUR 2023,1201.0,,23.7,36.2,4.0,,12.89132094636416,24.1
U0593,C0066,2023,WUR 2023,1201.0,,35.0,12.8,1.0,,21.25205836605869,54.3
U2325,C0030,2023,WUR 2023,1201.0,,17.4,9.1,0.0,,10.088533421021944,24.2
U2354,C0030,2023,WUR 2023,1201.0,,32.6,22.2,1.0,,18.81044304252266,34.9
U2336,C0030,2023,WUR 2023,1201.0,,25.6,17.4,0.0,,11.957604722511922,24.6
U0617,C0030,2023,WUR 2023,1201.0,,22.5,13.4,1.0,,11.662716684723726,24.8
U0618,C0030,2023,WUR 2023,1201.0,,19.2,13.7,1.0,,10.841092915415546,23.7
U0623,C0030,2023,WUR 2023,1201.0,,15.7,18.4,1.0,,11.863456675793728,23.1
U2358,C0030,2023,WUR 2023,1201.0,,15.2,13.4,0.0,,11.303279895975653,23.9
U0633,C0030,2023,WUR 2023,1201.0,,34.0,14.7,0.0,,14.540327643372352,27.1
U0634,C0030,2023,WUR 2023,1201.0,,33.9,13.7,1.0,,14.285098111570097,21.5
U0635,C0030,2023,WUR 2023,1201.0,,18.4,15.4,1.0,,14.41017595100064,26.1
U0641,C0030,2023,WUR 2023,1201.0,,34.6,13.6,1.0,,13.93171536465844,21.4
U0643,C0030,2023,WUR 2023,1201.0,,15.2,13.3,2.0,,11.168459470909076,21.7
U0645,C0045,2023,WUR 2023,1201.0,,27.3,30.0,3.0,,20.015333020478565,54.8
U2806,C0212,2023,WUR 2023,1201.0,,22.5,38.4,2.0,,16.23367586901712,43.9
U2903,C0045,2023,WUR 2023,1201.0,,28.8,22.0,1.0,,19.764913896075605,49.7
U0676,C0046,2023,WUR 2023,1201.0,,43.9,14.2,2.0,,16.90984248467545,23.5
U2497,C0236,2023,WUR 2023,1201.0,,25.7,12.8,1.0,,15.101550447953368,42.1
U2457,C0109,2023,WUR 2023,1201.0,,11.3,8.1,4.0,,13.7019015399183,36.2
U0693,C0257,2023,WUR 2023,1201.0,,23.0,20.6,3.0,,12.602268926515656,18.9
U2816,C0188,2023,WUR 2023,1201.0,,19.1,23.9,2.0,,14.735223961169208,34.7
U0695,C0188,2023,WUR 2023,1201.0,,33.3,19.9,5.0,,17.691398749049107,29.9
U0696,C0257,2023,WUR 2023,1201.0,,22.1,22.7,2.0,,12.897066325155777,25.5
U0705,C0245,2023,WUR 2023,1201.0,,33.9,18.8,3.0,,15.424591433832932,28.0
U0708,C0260,2023,WUR 2023,1201.0,,38.4,14.9,1.0,,18.881700723578035,43.0
U0713,C0116,2023,WUR 2023,1201.0,,17.2,7.5,5.0,,10.797001869289527,26.1
U0726,C0181,2023,WUR 2023,1201.0,,21.0,19.4,0.0,,15.245777236410742,43.7
U0731,C0245,2023,WUR 2023,1201.0,,19.2,15.3,1.0,,10.286395210856051,30.6
U0749,C0116,2023,WUR 2023,1201.0,,17.1,7.7,5.0,,10.15928329829164,23.5
U0754,,2023,WUR 2023,1201.0,,21.2,12.3,3.0,,14.243619983858066,26.4
U0760,C0261,2023,WUR 2023,1201.0,,18.4,9.4,4.0,,13.14953156708391,21.4
U0768,C0046,2023,WUR 2023,1201.0,,18.6,18.7,3.0,,15.717812037924071,21.7
U0774,C0109,2023,WUR 2023,1201.0,,25.5,14.6,1.0,,12.239581172828112,26.4
U0775,,2023,WUR 2023,1201.0,,23.7,27.9,7.0,,19.66909759909145,54.5
U2532,C0162,2023,WUR 2023,1201.0,,30.3,36.0,2.0,,12.024696166960249,24.6
U2581,C0082,2023,WUR 2023,1201.0,,32.6,21.2,13.0,,24.5054795447857,76.2
U0783,C0260,2023,WUR 2023,1201.0,,31.1,19.3,2.0,,15.632155491213553,39.7
U0809,C0116,2023,WUR 2023,1201.0,,27.8,39.2,4.0,,13.7092873035621,31.8
U2855,C0057,2023,WUR 2023,1201.0,,30.0,12.3,3.0,,22.352809780927625,57.6
U0825,C0101,2023,WUR 2023,1201.0,,21.0,10.5,14.0,,19.141419240845693,56.2
U2868,C0173,2023,WUR 2023,1201.0,,35.8,34.8,1.0,,16.905036670476232,33.5
U0855,C0261,2023,WUR 2023,1201.0,,25.2,17.3,3.0,,14.947581584215529,29.8
U0863,C0108,2023,WUR 2023,1201.0,,19.2,14.1,0.0,,11.540128972158591,20.2
U0914,C0089,2023,WUR 2023,1201.0,,34.4,49.0,1.0,,15.998437577063692,31.2
U0928,C0109,2023,WUR 2023,1201.0,,17.6,6.7,3.0,,12.471442135804551,40.4
U2875,C0259,2023,WUR 2023,1201.0,,21.9,24.7,4.0,,14.914123183828275,27.9
U0957,,2023,WUR 2023,1201.0,,28.2,20.4,11.0,,14.260333720278114,34.8
U0967,C0242,2023,WUR 2023,1201.0,,4.2,10.0,1.0,,6.091054250878056,30.9
U0989,C0108,2023,WUR 2023,1201.0,,34.1,16.1,0.0,,13.168877615429365,16.0
U0994,,2023,WUR 2023,1201.0,,22.4,17.6,4.0,,13.053734153255611,23.0
U0998,C0046,2023,WUR 2023,1201.0,,40.4,15.5,2.0,,15.692151972618158,20.5
U1030,C0116,2023,WUR 2023,1201.0,,20.8,9.9,2.0,,12.106547706731565,28.9
U1037,C0116,2023,WUR 2023,1201.0,,18.8,2.2,2.0,,7.517798344063593,19.5
U1039,,2023,WUR 2023,1201.0,,19.1,22.0,3.0,,14.13761964367546,23.1
U1044,C0257,2023,WUR 2023,1201.0,,37.2,41.8,22.0,,18.42533955384635,42.6
U1061,C0137,2023,WUR 2023,1201.0,,21.3,14.2,8.0,,17.860221919746955,44.3
U1085,C0259,2023,WUR 2023,1201.0,,19.4,19.0,4.0,,11.70774015046425,24.6
U1094,C0231,2023,WUR 2023,1201.0,,19.2,18.1,2.0,,13.585470756871182,32.2
U1097,C0019,2023,WUR 2023,1201.0,,45.7,15.0,0.0,,16.936887859122923,24.3
U1114,C0231,2023,WUR 2023,1201.0,,31.5,22.8,0.0,,12.93467769290542,23.0
U1125,C0116,2023,WUR 2023,1201.0,,20.3,5.2,1.0,,8.247649771801655,17.9
U1137,C0116,2023,WUR 2023,1201.0,,10.1,20.3,2.0,,11.129750736626807,33.7
U2537,C0145,2023,WUR 2023,1201.0,,24.1,12.3,3.0,,13.567315470126475,38.3
U1184,C0116,2023,WUR 2023,1201.0,,25.1,16.0,5.0,,16.141810846876673,36.2
U1189,C0181,2023,WUR 2023,1201.0,,27.5,17.7,0.0,,12.244208260508996,28.7
U2920,C0039,2023,WUR 2023,1201.0,,20.5,13.3,11.0,,19.417174660985086,57.1
U1225,C0118,2023,WUR 2023,1201.0,,24.4,14.1,4.0,,18.191966611477493,53.3
U1240,C0030,2023,WUR 2023,1201.0,,15.9,11.2,1.0,,10.26488484663693,21.1
U2935,C0108,2023,WUR 2023,1201.0,,20.7,39.2,0.0,,8.523688847563244,18.1
U1248,C0082,2023,WUR 2023,1201.0,,8.7,47.2,18.0,,19.305886730951325,61.0
U2940,C0216,2023,WUR 2023,1201.0,,30.8,13.8,6.0,,18.814027167573983,39.1
U2540,C0145,2023,WUR 2023,1201.0,,23.9,20.1,3.0,,13.793786976281286,33.5
U2544,,2023,WUR 2023,1201.0,,16.2,17.9,7.0,,14.423967595606335,45.7
U2951,C0208,2023,WUR 2023,1201.0,,28.3,14.3,10.0,,20.60280922974362,43.5
U1284,C0257,2023,WUR 2023,1201.0,,24.1,30.6,6.0,,11.305288961686914,26.3
U1315,C0057,2023,WUR 2023,1201.0,,18.1,16.5,20.0,,20.476941461971897,55.7
U1317,C0152,2023,WUR 2023,1201.0,,31.6,21.1,1.0,,17.519450262951516,25.8
U1329,C0116,2023,WUR 2023,1201.0,,19.0,8.4,4.0,,10.64145998763388,23.8
U1332,C0267,2023,WUR 2023,1201.0,,29.4,19.5,2.0,,18.05333587177386,25.6
U1348,C0162,2023,WUR 2023,1201.0,,17.4,43.3,3.0,,11.440560030716052,27.9
U2990,C0236,2023,WUR 2023,1201.0,,26.5,9.6,2.0,,16.423618777785794,45.1
U1369,C0145,2023,WUR 2023,1201.0,,25.6,10.6,11.0,,15.829705045513917,42.1
U2998,C0108,2023,WUR 2023,1201.0,,16.1,23.5,1.0,,12.005890381014314,16.7
U3000,C0108,2023,WUR 2023,1201.0,,20.8,21.4,10.0,,11.46479640814204,34.5
U1378,C0116,2023,WUR 2023,1201.0,,9.1,11.1,12.0,,12.239933522309151,36.5
U1379,C0116,2023,WUR 2023,1201.0,,22.1,6.7,6.0,,14.615305306130049,36.1
U1380,C0116,2023,WUR 2023,1201.0,,24.1,7.5,4.0,,13.3724511005879,21.7
U1417,C0267,2023,WUR 2023,1201.0,,11.0,14.8,13.0,,22.233557037827715,47.6
U1421,C0267,2023,WUR 2023,1201.0,,13.6,23.2,5.0,,14.983147651008906,24.1
U1422,,2023,WUR 2023,1201.0,,13.3,15.4,4.0,,12.424949866752286,24.9
U1423,C0267,2023,WUR 2023,1201.0,,17.2,16.8,7.0,,16.46247204476365,31.8
U1465,C0216,2023,WUR 2023,1201.0,,21.9,56.9,5.0,,15.992180311641889,29.5
U1424,,2023,WUR 2023,1201.0,,22.9,17.8,8.0,,21.81312418526837,45.7
U1475,C0011,2023,WUR 2023,1201.0,,28.6,16.1,5.0,,16.270711249477802,40.8
U1453,C0242,2023,WUR 2023,1201.0,,15.8,7.9,13.0,,9.172153669448337,30.0
U1455,C0242,2023,WUR 2023,1201.0,,27.8,8.0,3.0,,11.232651789543407,21.2
U1504,C0188,2023,WUR 2023,1201.0,,30.3,13.0,4.0,,19.03700365675885,30.5
U3022,C0173,2023,WUR 2023,1201.0,,32.2,11.4,1.0,,14.727714079052362,30.0
U1922,C0271,2023,WUR 2023,1201.0,,20.4,11.3,3.0,,16.680803787965143,48.3
U3029,C0245,2023,WUR 2023,1201.0,,32.4,19.1,2.0,,13.650603150453472,30.0
U1520,C0046,2023,WUR 2023,1201.0,,29.3,19.1,3.0,,16.46511558451145,18.7
U3210,C0047,2023,WUR 2023,1201.0,,21.1,19.0,1.0,,17.66352537373542,51.6
U1558,C0173,2023,WUR 2023,1201.0,,26.1,23.3,0.0,,14.931765767373893,33.9
U1575,C0242,2023,WUR 2023,1201.0,,3.9,12.1,1.0,,3.176339217909903,20.9
U1585,C0188,2023,WUR 2023,1201.0,,24.9,14.5,7.0,,13.873294452949462,29.3
U1586,C0005,2023,WUR 2023,1201.0,,22.2,19.2,1.0,,12.89389426118642,39.5
U1596,C0116,2023,WUR 2023,1201.0,,17.8,11.5,5.0,,12.701375485817668,24.2
U1598,C0108,2023,WUR 2023,1201.0,,16.8,23.7,3.0,,9.294415877235071,18.1
U3043,C0057,2023,WUR 2023,1201.0,,16.2,16.4,11.0,,16.281710024297823,46.0
U3052,C0101,2023,WUR 2023,1201.0,,17.5,17.3,6.0,,14.885307692144377,39.5
U1617,C0082,2023,WUR 2023,1201.0,,14.0,37.4,17.0,,20.93865534292464,55.1
U3058,C0082,2023,WUR 2023,1201.0,,23.9,14.5,14.0,,22.533142592364555,71.6
U2468,C0109,2023,WUR 2023,1201.0,,26.0,20.1,1.0,,10.413289609879309,18.4
U1634,C0259,2023,WUR 2023,1201.0,,38.6,21.3,3.0,,17.999479478153678,28.3
U1670,C0186,2023,WUR 2023,1201.0,,28.9,7.8,1.0,,16.682135509772532,43.1
U1673,C0045,2023,WUR 2023,1201.0,,21.4,26.6,1.0,,20.41400553666378,50.0
U1665,C0030,2023,WUR 2023,1201.0,,34.2,14.7,1.0,,16.349173722094164,26.7
U1688,C0188,2023,WUR 2023,1201.0,,30.7,6.0,14.0,,16.595826422438527,35.3
U1689,C0188,2023,WUR 2023,1201.0,,26.6,11.6,4.0,,12.566015308707138,22.2
U3080,C0208,2023,WUR 2023,1201.0,,16.3,16.6,15.0,,20.964598247283845,68.0
U1696,C0231,2023,WUR 2023,1201.0,,18.9,13.0,2.0,,13.27165587679739,33.1
U1713,,2023,WUR 2023,1201.0,,26.4,10.2,6.0,,23.072329060282705,76.7
U1752,C0130,2023,WUR 2023,1201.0,,14.8,33.4,21.0,,23.07744282302894,60.9
U1757,C0116,2023,WUR 2023,1201.0,,16.9,17.3,10.0,,13.977304100221094,40.1
U3215,C0116,2023,WUR 2023,1201.0,,16.9,9.9,2.0,,12.148469843783836,33.2
U1797,C0116,2023,WUR 2023,1201.0,,17.3,9.9,3.0,,10.080618112445457,23.6
U2583,C0132,2023,WUR 2023,1201.0,,18.7,11.3,6.0,,19.74976011247093,69.2
U1807,C0116,2023,WUR 2023,1201.0,,38.7,1.4,0.0,,12.819086648902484,16.2
U3112,C0045,2023,WUR 2023,1201.0,,14.6,22.5,2.0,,16.479737781761184,46.6
U1827,C0116,2023,WUR 2023,1201.0,,25.5,3.2,0.0,,10.002994868517709,15.9
U1830,C0108,2023,WUR 2023,1201.0,,43.2,13.8,1.0,,15.686033830122966,19.4
U1832,,2023,WUR 2023,1201.0,,24.7,12.1,5.0,,10.848457244125685,23.8
U2469,C0109,2023,WUR 2023,1201.0,,23.6,18.3,1.0,,14.991753062378352,25.8
U1850,C0257,2023,WUR 2023,1201.0,,32.5,19.6,7.0,,16.008130147854498,28.6
U1852,C0259,2023,WUR 2023,1201.0,,40.7,13.7,1.0,,15.35591268151102,19.6
U3124,C0261,2023,WUR 2023,1201.0,,26.1,17.5,4.0,,17.946493240769264,26.4
U1857,C0261,2023,WUR 2023,1201.0,,17.0,14.9,8.0,,13.282563502113767,26.1
U3126,C0236,2023,WUR 2023,1201.0,,22.6,12.9,2.0,,17.060563241464976,43.6
U1861,C0259,2023,WUR 2023,1201.0,,17.6,16.8,0.0,,9.254939670256412,16.2
U1865,C0259,2023,WUR 2023,1201.0,,29.7,23.8,1.0,,13.881675716155424,21.5
U1869,C0259,2023,WUR 2023,1201.0,,22.5,25.6,4.0,,13.78716358177823,22.3
U1870,C0259,2023,WUR 2023,1201.0,,26.3,38.1,0.0,,14.09505843938658,23.8
U3127,C0046,2023,WUR 2023,1201.0,,26.7,9.7,2.0,,11.3110333197674,21.8
U1887,C0116,2023,WUR 2023,1201.0,,11.8,27.9,6.0,,14.514759033783411,38.8
U1888,C0116,2023,WUR 2023,1201.0,,29.4,3.1,3.0,,12.514206053323257,21.6
U1890,C0116,2023,WUR 2023,1201.0,,24.3,10.4,3.0,,14.207076586160596,27.1
U1897,C0116,2023,WUR 2023,1201.0,,30.5,1.6,0.0,,10.689715228944689,17.7
U1909,C0188,2023,WUR 2023,1201.0,,22.2,12.4,4.0,,11.93111543148644,21.7
U1925,C0033,2023,WUR 2023,1201.0,,16.4,6.5,6.0,,12.539832639304205,39.0
U1936,C0261,2023,WUR 2023,1201.0,,24.1,19.2,4.0,,16.911398660859664,28.5
U1937,C0261,2023,WUR 2023,1201.0,,13.4,19.8,10.0,,10.498447743346514,30.9
U2584,C0082,2023,WUR 2023,1201.0,,7.4,24.0,29.0,,18.0392439339546,72.1
U3141,C0236,2023,WUR 2023,1201.0,,24.1,13.4,2.0,,14.204560941517007,40.1
U1956,,2023,WUR 2023,1201.0,,30.1,17.4,1.0,,17.80103047320821,20.6
U1964,C0108,2023,WUR 2023,1201.0,,21.4,14.6,0.0,,10.074600305854048,23.6
U1965,C0108,2023,WUR 2023,1201.0,,34.4,15.1,2.0,,13.375210797261948,20.9
U1968,C0244,2023,WUR 2023,1201.0,,33.8,17.5,13.0,,22.02986351704065,56.4
U1973,C0109,2023,WUR 2023,1201.0,,35.8,35.6,4.0,,14.390152252537977,23.2
U2006,C0231,2023,WUR 2023,1201.0,,18.1,30.4,2.0,,14.065377180524766,32.2
U3179,C0045,2023,WUR 2023,1201.0,,25.3,12.5,1.0,,18.77221098033669,52.3
U2029,C0267,2023,WUR 2023,1201.0,,23.7,22.9,7.0,,15.824513198366468,39.9
U3181,C0045,2023,WUR 2023,1201.0,,23.6,30.2,3.0,,21.740975933754704,52.6
U2032,C0242,2023,WUR 2023,1201.0,,10.8,10.0,5.0,,9.812019714586304,30.4
U2064,C0271,2023,WUR 2023,1201.0,,12.5,12.3,20.0,,15.261582846141106,44.8
U2081,C0047,2023,WUR 2023,1201.0,,31.4,18.4,0.0,,13.536137542539157,31.5
U3187,C0082,2023,WUR 2023,1201.0,,20.2,15.9,21.0,,23.36296124302691,81.1
U3188,C0082,2023,WUR 2023,1201.0,,22.3,19.4,23.0,,21.372739390238607,69.4
U2091,C0116,2023,WUR 2023,1201.0,,44.9,15.9,5.0,,17.35037303725416,22.7
U2554,C0145,2023,WUR 2023,1201.0,,22.0,16.3,7.0,,14.489352513121444,39.4
U0909,C0109,2023,WUR 2023,1201.0,,17.3,10.6,3.0,,14.069540865353993,41.6
U2101,C0245,2023,WUR 2023,1201.0,,31.1,19.3,1.0,,18.81354794369986,35.0
U2103,C0108,2023,WUR 2023,1201.0,,22.1,15.0,1.0,,12.68177385140602,16.0
U2104,,2023,WUR 2023,1201.0,,11.9,11.7,1.0,,12.97317605862442,33.0
U1015,C0188,2023,WUR 2023,1201.0,,30.4,10.7,9.0,,15.34535638496455,30.8
U2114,C0257,2023,WUR 2023,1201.0,,30.3,12.8,1.0,,14.242423812488342,27.6
U2117,C0116,2023,WUR 2023,1201.0,,22.4,13.4,0.0,,11.864221086356732,19.3
U2118,C0116,2023,WUR 2023,1201.0,,26.2,15.8,4.0,,12.505445902146954,26.4
U2119,C0257,2023,WUR 2023,1201.0,,30.5,14.6,11.0,,12.671367905608552,28.5
U2120,C0116,2023,WUR 2023,1201.0,,12.4,9.6,3.0,,14.256968435692423,24.4
U2129,C0116,2023,WUR 2023,1201.0,,12.0,15.2,6.0,,17.024894082847773,31.2
U2131,C0116,2023,WUR 2023,1201.0,,14.3,10.5,8.0,,13.5575805398239,36.8
U2133,C0116,2023,WUR 2023,1201.0,,11.3,24.3,3.0,,14.81441052625906,24.5
U2136,C0057,2023,WUR 2023,1201.0,,16.8,19.6,10.0,,19.516821482686616,49.1
U3230,C0116,2023,WUR 2023,1201.0,,25.4,12.0,3.0,,15.107927749003704,29.3
U2147,C0116,2023,WUR 2023,1201.0,,11.7,10.6,14.0,,16.129903435011403,36.8
U2150,C0194,2023,WUR 2023,1201.0,,34.3,18.0,1.0,,15.3543146561706,29.5
U2156,C0212,2023,WUR 2023,1201.0,,35.8,39.6,2.0,,20.473575871172866,44.6
U2164,C0267,2023,WUR 2023,1201.0,,24.7,20.3,10.0,,16.361615272092187,41.6
U3239,C0236,2023,WUR 2023,1201.0,,19.5,11.1,2.0,,15.983914184651052,43.7
U2171,C0267,2023,WUR 2023,1201.0,,9.4,9.8,10.0,,14.762312511697347,27.2
U2195,C0216,2023,WUR 2023,1201.0,,28.2,26.7,41.0,,21.00436729628484,58.1
U2196,C0030,2023,WUR 2023,1201.0,,14.7,18.2,0.0,,10.603954059343652,24.8
U2489,C0162,2023,WUR 2023,1201.0,,29.9,33.6,2.0,,13.011554388714885,25.4
U2545,C0145,2023,WUR 2023,1201.0,,27.9,15.7,5.0,,19.70544695960368,41.8
U2562,C0145,2023,WUR 2023,1201.0,,22.5,16.4,6.0,,17.12499430443191,39.6
U3319,C0194,2023,WUR 2023,1201.0,,40.1,18.5,7.0,,18.60038324436543,38.9
U3253,C0216,2023,WUR 2023,1201.0,,28.9,11.2,8.0,,17.317482458466856,38.4
U3336,C0108,2023,WUR 2023,1201.0,,46.8,13.6,2.0,,16.617419260116716,22.9
U3255,C0212,2023,WUR 2023,1201.0,,9.5,27.8,1.0,,21.00041990014342,43.8
U3344,C0108,2023,WUR 2023,1201.0,,31.3,11.7,1.0,,9.977858223877716,16.4
U3347,C0137,2023,WUR 2023,1201.0,,32.1,13.0,11.0,,21.27068930418857,47.7
U3354,C0108,2023,WUR 2023,1201.0,,30.0,16.6,3.0,,12.812657291584667,17.0
U3359,C0242,2023,WUR 2023,1201.0,,4.6,8.5,26.0,,10.164948755402012,45.5
U3369,C0137,2023,WUR 2023,1201.0,,15.5,11.3,14.0,,19.677488048697555,67.7
U3374,C0188,2023,WUR 2023,1201.0,,28.6,13.6,6.0,,13.922669006082131,28.2
U3376,C0188,2023,WUR 2023,1201.0,,15.8,18.9,7.0,,13.449601244908289,28.6
U3275,C0057,2023,WUR 2023,1201.0,,30.7,14.7,4.0,,17.7898453165364,31.6
U3277,C0089,2023,WUR 2023,1201.0,,26.4,33.6,1.0,,15.533573883644156,28.9
U3387,C0245,2023,WUR 2023,1201.0,,24.7,19.9,8.0,,16.569997123227758,36.0
U3404,C0188,2023,WUR 2023,1201.0,,23.0,17.1,4.0,,12.435249556521429,26.3
U3288,C0188,2023,WUR 2023,1201.0,,20.1,16.4,7.0,,21.114156312028616,41.0
U3409,C0046,2023,WUR 2023,1201.0,,33.8,16.0,1.0,,12.439691283061649,18.6
U3413,C0046,2023,WUR 2023,1201.0,,39.2,21.9,1.0,,16.565667981124847,19.3
U3417,C0046,2023,WUR 2023,1201.0,,25.6,20.3,3.0,,12.141584228592258,18.2
U3421,C0116,2023,WUR 2023,1201.0,,27.4,8.8,2.0,,14.261915414240503,26.8
U3293,C0116,2023,WUR 2023,1201.0,,23.0,6.1,5.0,,11.751275113168283,24.3
U3429,C0259,2023,WUR 2023,1201.0,,28.1,30.3,2.0,,15.582472785391648,28.3
U3438,C0116,2023,WUR 2023,1201.0,,11.5,13.1,8.0,,14.180009776779457,30.8
U3444,C0267,2023,WUR 2023,1201.0,,16.7,24.3,6.0,,17.625040073118843,35.8
U3445,C0242,2023,WUR 2023,1201.0,,7.1,10.9,1.0,,5.217809649460035,24.8
U3295,C0053,2023,WUR 2023,1201.0,,30.3,16.6,4.0,,17.820658135753597,34.8
U3297,C0259,2023,WUR 2023,1201.0,,31.8,23.5,0.0,,14.140671672016282,23.6
U3448,C0259,2023,WUR 2023,1201.0,,30.4,10.9,1.0,,11.000422656063463,18.0
U2623,C0005,2023,WUR 2023,1501.0,,10.6,20.2,1.0,,8.581919294575922,34.9
U0049,C0116,2023,WUR 2023,1501.0,,13.4,10.5,4.0,,8.476293249163588,24.1
U0051,C0257,2023,WUR 2023,1501.0,,22.2,25.7,8.0,,9.567657183797571,24.8
U0067,C0194,2023,WUR 2023,1501.0,,13.3,22.1,7.0,,11.156331687511493,35.7
U0102,C0259,2023,WUR 2023,1501.0,,13.4,23.6,2.0,,9.52025290935334,28.8
U3204,C0265,2023,WUR 2023,1501.0,,8.9,11.7,2.0,,10.610206731565384,48.1
U0142,C0108,2023,WUR 2023,1501.0,,11.8,11.5,1.0,,5.3127714070886665,17.5
U0145,C0116,2023,WUR 2023,1501.0,,9.7,11.7,3.0,,7.142555435229591,30.6
U2207,C0152,2023,WUR 2023,1501.0,,3.0,7.9,1.0,,3.5902119600560622,24.3
U2211,C0152,2023,WUR 2023,1501.0,,10.7,15.4,2.0,,7.611639769159236,33.4
U2212,C0152,2023,WUR 2023,1501.0,,14.4,29.2,0.0,,7.038830464291278,25.0
U2214,C0152,2023,WUR 2023,1501.0,,10.7,18.9,1.0,,6.103681162016741,23.7
U2216,C0152,2023,WUR 2023,1501.0,,5.7,10.9,1.0,,4.6085445239093,24.7
U2217,C0152,2023,WUR 2023,1501.0,,6.6,15.9,0.0,,4.524888162723237,24.8
U2222,C0152,2023,WUR 2023,1501.0,,13.3,47.3,1.0,,8.316242988531126,30.5
U2223,C0152,2023,WUR 2023,1501.0,,14.7,45.3,1.0,,8.618656219103073,27.2
U2226,C0152,2023,WUR 2023,1501.0,,12.5,14.7,0.0,,8.941046399568066,30.5
U0194,C0152,2023,WUR 2023,1501.0,,9.1,22.4,3.0,,7.39654898792817,32.0
U0209,C0005,2023,WUR 2023,1501.0,,11.3,14.2,1.0,,7.900395884852026,32.7
U2656,C0111,2023,WUR 2023,1501.0,,14.6,9.4,0.0,,7.439403034239387,19.5
U0216,C0016,2023,WUR 2023,1501.0,,15.1,13.3,2.0,,10.709505796985946,40.5
U0214,C0257,2023,WUR 2023,1501.0,,6.0,13.0,2.0,,5.546973371034863,22.3
U2664,C0111,2023,WUR 2023,1501.0,,14.5,12.9,0.0,,7.794409324269636,28.8
U2682,C0005,2023,WUR 2023,1501.0,,13.3,24.4,2.0,,11.066847984430318,43.2
U0256,C0152,2023,WUR 2023,1501.0,,10.6,40.5,1.0,,7.341525819418726,28.2
U0267,C0188,2023,WUR 2023,1501.0,,9.5,10.6,4.0,,8.377167806705728,22.0
U2683,C0045,2023,WUR 2023,1501.0,,8.1,24.8,1.0,,10.326908766553077,46.3
U2681,C0005,2023,WUR 2023,1501.0,,16.8,23.1,0.0,,10.318808096835928,35.7
U0281,C0005,2023,WUR 2023,1501.0,,18.2,20.4,1.0,,10.84309534650448,35.9
U0286,C0257,2023,WUR 2023,1501.0,,23.2,23.5,3.0,,9.449515790972733,23.0
U2692,C0109,2023,WUR 2023,1501.0,,9.3,12.3,1.0,,5.359595611399432,21.4
U0315,,2023,WUR 2023,1501.0,,11.1,21.8,1.0,,6.737629736467085,25.2
U0318,C0257,2023,WUR 2023,1501.0,,15.0,25.3,9.0,,9.074733733212568,28.3
U0342,C0030,2023,WUR 2023,1501.0,,10.5,17.8,0.0,,8.37964588917984,33.7
U2730,C0030,2023,WUR 2023,1501.0,,11.1,25.8,0.0,,4.978888937973753,18.6
U0351,C0030,2023,WUR 2023,1501.0,,5.1,16.6,0.0,,3.760255799190682,18.6
U1275,C0257,2023,WUR 2023,1501.0,,24.4,22.4,2.0,,8.31172542315417,18.2
U0375,C0267,2023,WUR 2023,1501.0,,10.5,38.1,6.0,,12.365986651221537,34.3
U0387,C0116,2023,WUR 2023,1501.0,,7.3,24.3,2.0,,3.914673265468835,18.5
U0399,C0267,2023,WUR 2023,1501.0,,8.9,23.3,5.0,,6.757319458248994,27.9
U0410,C0116,2023,WUR 2023,1501.0,,13.6,16.8,2.0,,9.428779023716752,30.7
U0418,C0116,2023,WUR 2023,1501.0,,8.6,35.3,4.0,,7.515334551545257,26.2
U2745,C0152,2023,WUR 2023,1501.0,,12.1,9.6,0.0,,7.1078896356502215,29.2
U0470,C0216,2023,WUR 2023,1501.0,,13.8,21.8,6.0,,13.431811066533704,38.3
U0471,C0046,2023,WUR 2023,1501.0,,2.9,14.0,5.0,,6.114672791858872,19.7
U0483,C0188,2023,WUR 2023,1501.0,,21.9,12.9,2.0,,9.433493178056768,21.6
U2757,C0194,2023,WUR 2023,1501.0,,11.9,22.5,4.0,,6.927646953005807,21.5
U0489,C0257,2023,WUR 2023,1501.0,,18.9,17.8,5.0,,8.923431375222881,23.3
U2766,C0230,2023,WUR 2023,1501.0,,16.7,24.8,0.0,,13.726436373277814,47.4
U0527,C0257,2023,WUR 2023,1501.0,,10.9,17.3,2.0,,4.437268788515513,17.7
U0530,C0109,2023,WUR 2023,1501.0,,12.3,13.5,2.0,,8.877448951378547,28.4
U0531,C0116,2023,WUR 2023,1501.0,,14.6,1.2,0.0,,5.454282389450452,16.8
U0539,C0116,2023,WUR 2023,1501.0,,5.4,18.5,4.0,,6.638797646387124,30.3
U0552,C0257,2023,WUR 2023,1501.0,,31.0,50.4,8.0,,12.118529426366878,23.4
U0553,C0194,2023,WUR 2023,1501.0,,6.3,16.6,21.0,,8.230979925960064,38.5
U0559,C0047,2023,WUR 2023,1501.0,,9.8,23.8,2.0,,11.33081521176408,42.6
U0589,C0257,2023,WUR 2023,1501.0,,31.5,18.7,3.0,,10.698952052217294,18.3
U0591,C0066,2023,WUR 2023,1501.0,,20.3,12.9,1.0,,15.13480664546636,49.0
U0596,C0257,2023,WUR 2023,1501.0,,17.1,19.6,3.0,,10.269878573754626,19.8
U2324,C0030,2023,WUR 2023,1501.0,,16.3,12.9,1.0,,7.626413133726876,18.1
U2333,C0030,2023,WUR 2023,1501.0,,11.3,23.0,0.0,,9.50545759949647,29.6
U2330,C0030,2023,WUR 2023,1501.0,,11.4,12.6,0.0,,7.569969135328658,19.1
U2334,C0030,2023,WUR 2023,1501.0,,4.8,9.0,0.0,,3.1267803243477,17.9
U0616,C0173,2023,WUR 2023,1501.0,,16.0,25.9,0.0,,8.135544558368508,26.0
U2355,C0030,2023,WUR 2023,1501.0,,15.5,19.8,1.0,,10.28081324791587,24.7
U2338,C0030,2023,WUR 2023,1501.0,,19.9,13.6,1.0,,10.260469658586008,21.7
U2363,C0030,2023,WUR 2023,1501.0,,23.0,20.5,0.0,,9.43264731474583,21.1
U2364,C0030,2023,WUR 2023,1501.0,,4.1,11.0,0.0,,1.7456474223696112,17.3
U0619,C0030,2023,WUR 2023,1501.0,,14.9,17.1,1.0,,7.8156919678363295,24.2
U2340,C0030,2023,WUR 2023,1501.0,,18.6,16.5,0.0,,9.28095943416348,22.9
U2357,C0030,2023,WUR 2023,1501.0,,12.6,16.2,0.0,,5.728814079019699,20.1
U0624,C0030,2023,WUR 2023,1501.0,,17.4,15.6,1.0,,8.771464942573974,23.2
U2343,C0030,2023,WUR 2023,1501.0,,13.7,17.1,1.0,,7.718455351318971,20.7
U0626,C0030,2023,WUR 2023,1501.0,,12.7,16.3,0.0,,7.606065461552506,23.6
U0627,C0030,2023,WUR 2023,1501.0,,13.0,14.3,0.0,,5.844415330133907,21.7
U0628,C0030,2023,WUR 2023,1501.0,,19.2,17.1,0.0,,10.240020629796728,20.2
U0629,C0030,2023,WUR 2023,1501.0,,15.0,14.2,1.0,,8.04358277281322,21.8
U0631,C0030,2023,WUR 2023,1501.0,,13.9,24.6,0.0,,8.281187073159021,25.4
U0614,C0030,2023,WUR 2023,1501.0,,8.3,16.0,0.0,,5.186807386257668,20.1
U2366,C0030,2023,WUR 2023,1501.0,,2.4,10.0,0.0,,1.9644908480590648,15.8
U0639,C0030,2023,WUR 2023,1501.0,,7.3,22.7,8.0,,8.277604989529951,33.0
U0642,C0030,2023,WUR 2023,1501.0,,6.4,13.2,0.0,,3.40988884537484,18.2
U0646,C0267,2023,WUR 2023,1501.0,,13.6,23.3,7.0,,14.228548163356894,37.1
U0663,C0030,2023,WUR 2023,1501.0,,16.7,21.1,0.0,,9.90124221769008,25.0
U2529,C0005,2023,WUR 2023,1501.0,,10.9,22.2,1.0,,9.24931504159112,37.6
U2275,C0066,2023,WUR 2023,1501.0,,11.8,13.4,0.0,,10.975457082608358,42.2
U2811,C0116,2023,WUR 2023,1501.0,,12.5,8.0,5.0,,8.423914130757503,26.2
U0679,C0116,2023,WUR 2023,1501.0,,15.1,9.5,1.0,,6.911827563675226,21.0
U0691,C0257,2023,WUR 2023,1501.0,,21.5,38.0,11.0,,11.532151604345582,31.1
U0699,C0194,2023,WUR 2023,1501.0,,16.2,14.0,11.0,,10.600494767263164,34.9
U0710,C0194,2023,WUR 2023,1501.0,,11.2,21.0,9.0,,8.345063073415096,29.4
U0714,C0108,2023,WUR 2023,1501.0,,16.2,14.1,1.0,,6.817523756439053,20.1
U0737,C0194,2023,WUR 2023,1501.0,,15.8,10.8,27.0,,11.877067552458836,43.2
U2832,,2023,WUR 2023,1501.0,,10.3,17.8,0.0,,6.717568271692723,28.7
U2833,C0152,2023,WUR 2023,1501.0,,9.0,20.9,1.0,,7.482091623276917,31.8
U0765,C0251,2023,WUR 2023,1501.0,,20.2,31.1,0.0,,14.432538302797466,39.4
U2531,C0162,2023,WUR 2023,1501.0,,12.2,51.8,2.0,,6.161151791666488,22.7
U2841,C0054,2023,WUR 2023,1501.0,,7.9,8.6,4.0,,12.88134880279567,51.0
U0782,C0089,2023,WUR 2023,1501.0,,23.0,6.8,1.0,,9.265805140203248,23.4
U0818,C0251,2023,WUR 2023,1501.0,,14.5,22.0,1.0,,12.255988287625614,47.2
U2860,C0116,2023,WUR 2023,1501.0,,4.7,12.7,3.0,,5.516066340180646,21.3
U0829,C0116,2023,WUR 2023,1501.0,,6.9,14.8,3.0,,6.804787833352004,24.2
U2376,C0047,2023,WUR 2023,1501.0,,7.9,13.8,1.0,,8.53970584656801,35.2
U0890,C0257,2023,WUR 2023,1501.0,,15.5,19.2,2.0,,5.805033334792269,17.6
U0902,C0152,2023,WUR 2023,1501.0,,12.5,12.6,0.0,,7.865242185353953,25.2
U0939,C0267,2023,WUR 2023,1501.0,,11.7,27.5,16.0,,16.0521905726467,41.8
U0945,C0109,2023,WUR 2023,1501.0,,6.1,28.2,4.0,,5.576000251993163,26.7
U0966,C0085,2023,WUR 2023,1501.0,,5.1,29.1,3.0,,9.669395034313856,42.5
U0970,C0116,2023,WUR 2023,1501.0,,7.3,13.1,4.0,,6.50294191402444,26.1
U0971,C0257,2023,WUR 2023,1501.0,,15.5,18.5,3.0,,9.939686689861578,29.5
U0983,C0057,2023,WUR 2023,1501.0,,10.8,18.1,3.0,,11.316864744507022,38.0
U0993,C0082,2023,WUR 2023,1501.0,,5.4,40.6,20.0,,13.134301944642509,53.0
U1031,C0116,2023,WUR 2023,1501.0,,14.3,10.2,2.0,,9.384678280835027,25.2
U1036,C0116,2023,WUR 2023,1501.0,,10.0,14.8,4.0,,7.032518794966407,30.9
U1041,C0116,2023,WUR 2023,1501.0,,6.5,12.3,3.0,,5.50572347433083,28.2
U2887,C0181,2023,WUR 2023,1501.0,,9.4,36.3,0.0,,9.909916322918376,37.5
U1045,C0257,2023,WUR 2023,1501.0,,19.7,25.8,4.0,,8.138367334990207,19.6
U1058,C0231,2023,WUR 2023,1501.0,,13.4,18.4,1.0,,10.206303070854336,32.2
U1113,C0231,2023,WUR 2023,1501.0,,6.9,20.6,1.0,,11.838379028256876,26.5
U1123,C0257,2023,WUR 2023,1501.0,,16.2,46.2,2.0,,10.8836530989933,17.1
U1135,C0257,2023,WUR 2023,1501.0,,14.4,45.7,3.0,,6.810552095299469,22.4
U1136,C0116,2023,WUR 2023,1501.0,,17.3,8.2,1.0,,9.39231503734496,23.9
U1138,C0116,2023,WUR 2023,1501.0,,15.0,17.5,1.0,,7.809937913000136,20.8
U1147,C0261,2023,WUR 2023,1501.0,,15.6,12.0,11.0,,10.59973188776685,31.5
U2899,C0111,2023,WUR 2023,1501.0,,18.3,12.3,0.0,,9.214458777315455,28.8
U1169,C0116,2023,WUR 2023,1501.0,,17.3,24.8,4.0,,10.871542667684873,35.1
U1176,C0116,2023,WUR 2023,1501.0,,16.0,21.1,2.0,,10.916956249218137,38.6
U1172,C0116,2023,WUR 2023,1501.0,,5.0,13.4,6.0,,9.363462289704929,28.8
U1187,C0173,2023,WUR 2023,1501.0,,17.9,53.1,0.0,,10.267259020718312,27.1
U1201,C0130,2023,WUR 2023,1501.0,,5.5,24.9,4.0,,11.058120291867857,25.9
U2765,C0188,2023,WUR 2023,1501.0,,13.8,16.7,8.0,,12.05763502538386,30.1
U1230,C0188,2023,WUR 2023,1501.0,,17.8,17.8,4.0,,11.867519004008049,25.5
U1246,C0194,2023,WUR 2023,1501.0,,19.5,16.5,2.0,,10.899974167842798,23.1
U2938,C0114,2023,WUR 2023,1501.0,,7.0,23.7,5.0,,11.65920125353125,31.4
U1255,C0030,2023,WUR 2023,1501.0,,10.4,27.3,0.0,,6.694854080770423,24.3
U1259,C0231,2023,WUR 2023,1501.0,,7.3,30.0,1.0,,4.586876868105504,23.0
U1277,,2023,WUR 2023,1501.0,,8.5,23.9,1.0,,6.287276676571104,16.9
U1280,C0188,2023,WUR 2023,1501.0,,12.0,12.6,9.0,,12.310963482712094,30.5
U1292,C0271,2023,WUR 2023,1501.0,,7.4,14.2,8.0,,12.411693585132696,45.0
U1304,C0188,2023,WUR 2023,1501.0,,18.5,7.6,5.0,,8.353171908821261,23.0
U1310,C0116,2023,WUR 2023,1501.0,,6.6,34.2,5.0,,7.028356130848307,27.4
U1311,C0116,2023,WUR 2023,1501.0,,9.8,30.3,1.0,,7.553210691761244,26.2
U1319,C0005,2023,WUR 2023,1501.0,,24.0,22.2,1.0,,11.28975424868965,31.0
U2386,C0152,2023,WUR 2023,1501.0,,7.8,22.9,1.0,,5.72683716570894,27.0
U1333,C0267,2023,WUR 2023,1501.0,,15.5,21.7,10.0,,10.913552892107402,33.9
U2979,C0101,2023,WUR 2023,1501.0,,6.9,16.1,5.0,,7.246460153397368,29.8
U2985,C0116,2023,WUR 2023,1501.0,,17.4,7.5,3.0,,9.392788136952325,24.7
U2621,C0005,2023,WUR 2023,1501.0,,8.5,19.4,1.0,,6.587369830751396,31.4
U2993,C0161,2023,WUR 2023,1501.0,,14.6,24.3,2.0,,13.847676543013092,46.0
U2997,C0111,2023,WUR 2023,1501.0,,22.7,15.9,0.0,,9.671100030180384,23.9
U2575,C0005,2023,WUR 2023,1501.0,,6.3,18.1,0.0,,8.913739314787637,44.9
U1373,C0116,2023,WUR 2023,1501.0,,17.2,20.3,6.0,,11.582737129159316,34.1
U1375,C0111,2023,WUR 2023,1501.0,,18.2,7.1,1.0,,9.10668117491853,28.7
U2404,C0011,2023,WUR 2023,1501.0,,14.6,30.0,0.0,,8.210253876170917,27.9
U2414,C0186,2023,WUR 2023,1501.0,,4.5,26.1,0.0,,8.141283302537797,37.2
U1381,C0116,2023,WUR 2023,1501.0,,7.5,16.3,5.0,,11.57901898473702,26.7
U1408,C0231,2023,WUR 2023,1501.0,,13.3,16.7,1.0,,8.774014781040316,31.3
U1416,C0267,2023,WUR 2023,1501.0,,7.8,23.2,4.0,,9.569877434641008,24.9
U1419,C0267,2023,WUR 2023,1501.0,,13.2,26.3,3.0,,8.099439556100078,19.5
U1420,C0267,2023,WUR 2023,1501.0,,7.3,14.6,11.0,,9.93043353521094,30.8
U1464,C0011,2023,WUR 2023,1501.0,,19.4,16.2,1.0,,12.09506409412622,35.3
U1426,C0267,2023,WUR 2023,1501.0,,6.5,19.0,1.0,,6.022349470422404,16.5
U1427,C0267,2023,WUR 2023,1501.0,,16.6,23.0,2.0,,12.273390901985271,32.5
U1467,C0267,2023,WUR 2023,1501.0,,5.2,24.0,4.0,,8.811103034337375,27.8
U1435,C0267,2023,WUR 2023,1501.0,,15.0,28.2,2.0,,9.794020698715146,22.8
U1447,C0267,2023,WUR 2023,1501.0,,14.2,16.0,5.0,,10.829689734847012,28.5
U1459,C0267,2023,WUR 2023,1501.0,,21.6,20.7,1.0,,10.756584566651782,20.0
U1517,C0173,2023,WUR 2023,1501.0,,14.3,15.7,0.0,,7.724407526184915,27.6
U2369,C0030,2023,WUR 2023,1501.0,,11.7,25.4,1.0,,5.351407875023149,22.2
U3036,C0202,2023,WUR 2023,1501.0,,15.7,15.3,1.0,,11.580475539515238,35.8
U1555,C0047,2023,WUR 2023,1501.0,,2.9,10.4,0.0,,3.881706337489233,27.3
U1560,C0116,2023,WUR 2023,1501.0,,7.7,14.9,6.0,,8.575110028576646,26.8
U1571,C0116,2023,WUR 2023,1501.0,,17.3,8.5,2.0,,8.27929977828521,19.6
U1579,C0257,2023,WUR 2023,1501.0,,16.9,16.0,15.0,,11.104332988142438,33.6
U3040,C0194,2023,WUR 2023,1501.0,,16.3,17.2,6.0,,10.42997425603224,35.2
U1594,C0116,2023,WUR 2023,1501.0,,22.9,30.3,1.0,,11.62013302479005,24.1
U1595,C0116,2023,WUR 2023,1501.0,,14.8,5.5,1.0,,6.636438782972643,16.5
U1602,C0194,2023,WUR 2023,1501.0,,3.1,12.7,6.0,,3.518515883571645,23.4
U2467,C0109,2023,WUR 2023,1501.0,,17.0,12.1,1.0,,9.6530943796869,26.1
U2417,C0152,2023,WUR 2023,1501.0,,8.7,8.5,1.0,,8.543667838878543,36.5
U3053,C0057,2023,WUR 2023,1501.0,,5.7,14.0,7.0,,11.379587749474048,34.9
U3056,C0030,2023,WUR 2023,1501.0,,23.1,24.7,0.0,,10.496293124228549,23.9
U1625,C0259,2023,WUR 2023,1501.0,,23.5,124.7,1.0,,8.689602174980262,18.2
U1626,C0047,2023,WUR 2023,1501.0,,6.1,15.4,0.0,,6.641071484564724,35.2
U3064,C0030,2023,WUR 2023,1501.0,,17.8,17.0,0.0,,9.049579736483416,24.8
U2423,C0066,2023,WUR 2023,1501.0,,14.5,20.7,1.0,,12.448270666297358,46.4
U1656,C0194,2023,WUR 2023,1501.0,,10.2,24.4,4.0,,7.0954327749852935,22.1
U1657,C0194,2023,WUR 2023,1501.0,,20.3,21.5,2.0,,8.985795396086544,19.9
U1669,C0030,2023,WUR 2023,1501.0,,6.8,34.0,0.0,,4.580182738321351,21.3
U2426,C0047,2023,WUR 2023,1501.0,,4.8,11.5,2.0,,8.153435583002432,36.4
U1678,C0066,2023,WUR 2023,1501.0,,18.4,15.0,1.0,,14.6662993195368,52.7
U1691,C0057,2023,WUR 2023,1501.0,,6.8,28.1,27.0,,13.07672995837785,47.0
U1705,C0108,2023,WUR 2023,1501.0,,21.1,15.3,0.0,,7.541159257555957,15.0
U1739,C0257,2023,WUR 2023,1501.0,,16.9,19.2,4.0,,7.02921730482615,20.1
U3092,C0053,2023,WUR 2023,1501.0,,14.9,15.6,2.0,,12.88735487120912,31.3
U1790,C0108,2023,WUR 2023,1501.0,,26.2,15.4,0.0,,8.927388774333345,14.1
U1793,C0116,2023,WUR 2023,1501.0,,11.7,27.7,2.0,,7.2281861579485955,24.9
U1794,C0188,2023,WUR 2023,1501.0,,24.0,12.1,1.0,,9.727624460615411,21.3
U2910,C0047,2023,WUR 2023,1501.0,,12.6,15.5,2.0,,11.690048776926766,42.6
U1808,C0116,2023,WUR 2023,1501.0,,13.3,14.9,6.0,,11.944497056432422,34.9
U1824,C0045,2023,WUR 2023,1501.0,,8.9,10.4,0.0,,9.254028685575571,41.6
U1831,C0118,2023,WUR 2023,1501.0,,5.0,9.7,4.0,,14.869507185969647,67.9
U3121,C0005,2023,WUR 2023,1501.0,,7.8,6.9,1.0,,6.53178547526433,32.3
U1859,C0188,2023,WUR 2023,1501.0,,10.3,17.7,12.0,,10.26724881360704,32.3
U1889,C0116,2023,WUR 2023,1501.0,,17.0,7.7,3.0,,9.535234090706432,24.9
U1894,C0116,2023,WUR 2023,1501.0,,10.6,14.2,4.0,,11.15462005702264,32.0
U3131,C0116,2023,WUR 2023,1501.0,,10.2,11.9,3.0,,7.800695986171895,22.8
U1903,C0046,2023,WUR 2023,1501.0,,21.9,21.2,1.0,,8.235500043114838,17.4
U3134,C0188,2023,WUR 2023,1501.0,,10.1,12.0,3.0,,8.457542071262946,26.9
U1910,C0231,2023,WUR 2023,1501.0,,16.7,21.0,1.0,,9.508197392303543,26.1
U3135,C0259,2023,WUR 2023,1501.0,,21.9,20.3,1.0,,10.003935964176796,20.1
U1918,C0257,2023,WUR 2023,1501.0,,17.8,34.8,4.0,,7.805895488652795,21.1
U1923,C0271,2023,WUR 2023,1501.0,,7.5,8.8,5.0,,8.662078087014233,32.3
U3137,C0152,2023,WUR 2023,1501.0,,9.7,25.6,1.0,,6.038020244212894,26.8
U1938,,2023,WUR 2023,1501.0,,9.1,11.8,12.0,,11.652176209199723,47.2
U1962,C0231,2023,WUR 2023,1501.0,,10.2,19.6,0.0,,4.801207321618073,19.7
U1974,C0030,2023,WUR 2023,1501.0,,18.2,9.1,1.0,,8.649086577860988,22.8
U1975,C0030,2023,WUR 2023,1501.0,,17.1,9.4,1.0,,9.315731693913392,28.7
U1921,C0257,2023,WUR 2023,1501.0,,23.2,34.8,5.0,,9.751178390581888,22.9
U2471,C0109,2023,WUR 2023,1501.0,,25.1,21.1,2.0,,10.548864238397618,22.0
U2028,C0108,2023,WUR 2023,1501.0,,2.0,8.7,0.0,,2.1441478466588126,15.0
U2060,C0194,2023,WUR 2023,1501.0,,19.5,20.5,2.0,,10.22655551068056,23.0
U2066,C0057,2023,WUR 2023,1501.0,,7.7,11.5,11.0,,13.242817929468696,43.3
U2067,C0066,2023,WUR 2023,1501.0,,10.2,33.4,1.0,,11.867837874164117,51.8
U2072,C0033,2023,WUR 2023,1501.0,,8.0,11.6,9.0,,5.468698300981419,26.1
U2372,C0030,2023,WUR 2023,1501.0,,12.6,12.8,1.0,,6.900329150758544,22.1
U2557,C0145,2023,WUR 2023,1501.0,,10.4,16.0,1.0,,7.633939347221754,20.9
U2093,C0109,2023,WUR 2023,1501.0,,20.3,18.2,1.0,,11.151250383379098,29.4
U2095,C0045,2023,WUR 2023,1501.0,,7.9,12.3,1.0,,10.01166846339044,41.5
U2128,C0116,2023,WUR 2023,1501.0,,15.3,32.7,1.0,,7.529945520972593,21.3
U2121,C0116,2023,WUR 2023,1501.0,,5.1,15.5,2.0,,4.950806725163485,23.0
U2122,C0116,2023,WUR 2023,1501.0,,1.7,28.5,3.0,,2.7256256428438674,19.5
U2132,C0116,2023,WUR 2023,1501.0,,11.2,18.9,1.0,,4.366518911245818,18.4
U2145,C0116,2023,WUR 2023,1501.0,,14.4,8.1,2.0,,8.753272399873138,22.6
U2149,C0116,2023,WUR 2023,1501.0,,4.8,24.2,6.0,,6.00164995912256,30.9
U3238,C0236,2023,WUR 2023,1501.0,,14.7,12.8,2.0,,11.026236134251764,38.2
U2455,C0109,2023,WUR 2023,1501.0,,10.7,21.6,0.0,,4.522338324256897,16.7
U2543,C0145,2023,WUR 2023,1501.0,,16.5,19.0,4.0,,13.639651634558632,40.1
U2172,C0257,2023,WUR 2023,1501.0,,10.5,38.1,11.0,,7.636310969525322,28.2
U3324,C0116,2023,WUR 2023,1501.0,,3.0,14.1,4.0,,5.370418721834497,24.5
U3254,C0045,2023,WUR 2023,1501.0,,18.6,18.3,2.0,,15.423743529099738,47.8
U3331,C0257,2023,WUR 2023,1501.0,,10.4,17.0,3.0,,12.429734246017835,19.4
U3342,C0251,2023,WUR 2023,1501.0,,20.7,21.7,1.0,,12.504131532428726,35.6
U3368,,2023,WUR 2023,1501.0,,8.2,14.4,10.0,,13.957028184038952,42.0
U3373,C0231,2023,WUR 2023,1501.0,,14.5,13.3,1.0,,10.99344538101268,36.0
U3269,C0188,2023,WUR 2023,1501.0,,20.6,17.7,2.0,,10.293727387165692,21.4
U3274,C0089,2023,WUR 2023,1501.0,,22.8,33.6,0.0,,10.733707980589177,26.0
U3393,C0194,2023,WUR 2023,1501.0,,16.8,24.6,6.0,,11.50019548659504,28.7
U3405,C0188,2023,WUR 2023,1501.0,,14.9,20.3,6.0,,12.006946612888528,27.3
U3423,C0116,2023,WUR 2023,1501.0,,13.9,11.1,7.0,,10.42449262899584,30.4
U3426,C0046,2023,WUR 2023,1501.0,,18.3,13.2,1.0,,7.865900135746414,17.0
U3430,C0257,2023,WUR 2023,1501.0,,10.5,28.2,5.0,,9.155179753762011,29.6
U3464,C0257,2023,WUR 2023,1501.0,,23.5,25.4,8.0,,9.40109254061042,23.1
U2604,C0005,2023,WUR 2023,,,,19.3,1.0,,,
U0009,C0257,2023,WUR 2023,,,,20.1,9.0,,,
U0011,C0244,2023,WUR 2023,,,,21.7,22.0,,,
U0021,C0173,2023,WUR 2023,,,,70.0,0.0,,,
U0028,C0244,2023,WUR 2023,,,,15.4,43.0,,,
U0029,,2023,WUR 2023,,,,11.1,1.0,,,
U0030,C0181,2023,WUR 2023,,,,2.3,1.0,,,
U0033,C0111,2023,WUR 2023,,,,14.3,1.0,,,
U0037,C0116,2023,WUR 2023,,,,15.2,1.0,,,
U0040,C0181,2023,WUR 2023,,,,15.2,0.0,,,
U0042,C0108,2023,WUR 2023,,,,16.4,0.0,,,
U2041,C0248,2023,WUR 2023,,,,22.6,5.0,,,
U0043,C0243,2023,WUR 2023,,,,16.4,82.0,,,
U0048,C0116,2023,WUR 2023,,,,8.5,1.0,,,
U0052,C0173,2023,WUR 2023,,,,20.7,0.0,,,
U0058,C0111,2023,WUR 2023,,,,51.2,0.0,,,
U0068,C0173,2023,WUR 2023,,,,16.8,0.0,,,
U0054,,2023,WUR 2023,,,,11.8,57.0,,,
U0071,C0111,2023,WUR 2023,,,,16.0,0.0,,,
U0072,C0111,2023,WUR 2023,,,,65.9,0.0,,,
U0065,C0111,2023,WUR 2023,,,,22.2,0.0,,,
U2639,C0111,2023,WUR 2023,,,,26.5,0.0,,,
U0077,,2023,WUR 2023,,,,12.9,6.0,,,
U0080,C0111,2023,WUR 2023,,,,16.9,0.0,,,
U0083,C0111,2023,WUR 2023,,,,17.6,1.0,,,
U0085,C0111,2023,WUR 2023,,,,30.9,0.0,,,
U0088,,2023,WUR 2023,,,,20.8,0.0,,,
U0089,C0111,2023,WUR 2023,,,,23.1,0.0,,,
U0090,C0111,2023,WUR 2023,,,,6.2,0.0,,,
U0092,C0111,2023,WUR 2023,,,,40.6,0.0,,,
U0095,C0266,2023,WUR 2023,,,,12.3,6.0,,,
U0099,C0257,2023,WUR 2023,,,,13.7,47.0,,,
U0105,C0019,2023,WUR 2023,,,,26.6,0.0,,,
U0112,C0117,2023,WUR 2023,,,,17.9,26.0,,,
U0113,C0173,2023,WUR 2023,,,,10.1,2.0,,,
U0114,C0243,2023,WUR 2023,,,,8.1,63.0,,,
U0121,C0108,2023,WUR 2023,,,,14.8,2.0,,,
U0122,C0108,2023,WUR 2023,,,,12.6,0.0,,,
U0124,C0108,2023,WUR 2023,,,,12.5,0.0,,,
U0123,C0108,2023,WUR 2023,,,,22.7,0.0,,,
U0129,C0248,2023,WUR 2023,,,,9.5,5.0,,,
U0132,C0265,2023,WUR 2023,,,,17.8,1.0,,,
U0134,C0057,2023,WUR 2023,,,,12.7,80.0,,,
U0137,C0257,2023,WUR 2023,,,,9.6,19.0,,,
U0150,C0266,2023,WUR 2023,,,,31.1,44.0,,,
U0153,C0123,2023,WUR 2023,,,,103.9,64.0,,,
U0154,C0132,2023,WUR 2023,,,,13.3,14.0,,,
U0164,C0244,2023,WUR 2023,,,,14.1,21.0,,,
U0144,C0047,2023,WUR 2023,,,,17.9,1.0,,,
U3205,C0244,2023,WUR 2023,,,,12.8,60.0,,,
U0165,C0244,2023,WUR 2023,,,,12.2,9.0,,,
U0167,C0116,2023,WUR 2023,,,,8.7,5.0,,,
U0169,C0116,2023,WUR 2023,,,,19.9,15.0,,,
U0170,C0111,2023,WUR 2023,,,,8.1,0.0,,,
U0186,C0082,2023,WUR 2023,,,,38.7,31.0,,,
U0188,C0173,2023,WUR 2023,,,,3.7,0.0,,,
U0202,C0016,2023,WUR 2023,,,,18.9,3.0,,,
U0201,C0016,2023,WUR 2023,,,,11.8,2.0,,,
U0203,C0173,2023,WUR 2023,,,,18.8,0.0,,,
U0210,C0260,2023,WUR 2023,,,,20.7,2.0,,,
U0215,C0109,2023,WUR 2023,,,,33.9,0.0,,,
U0217,C0181,2023,WUR 2023,,,,15.0,,,,
U0219,C0173,2023,WUR 2023,,,,14.9,0.0,,,
U0222,C0257,2023,WUR 2023,,,,47.0,7.0,,,
U0224,C0019,2023,WUR 2023,,,,8.4,3.0,,,
U0228,C0211,2023,WUR 2023,,,,35.3,3.0,,,
U0230,C0257,2023,WUR 2023,,,,23.7,9.0,,,
U0232,C0111,2023,WUR 2023,,,,21.2,0.0,,,
U0233,C0244,2023,WUR 2023,,,,17.7,11.0,,,
U2666,C0005,2023,WUR 2023,,,,28.1,0.0,,,
U0238,C0173,2023,WUR 2023,,,,5.2,0.0,,,
U0255,C0173,2023,WUR 2023,,,,7.5,0.0,,,
U2672,C0135,2023,WUR 2023,,,,16.3,2.0,,,
U0260,C0173,2023,WUR 2023,,,,16.6,0.0,,,
U0261,C0045,2023,WUR 2023,,,,18.1,4.0,,,
U0262,C0257,2023,WUR 2023,,,,25.4,4.0,,,
U0270,C0257,2023,WUR 2023,,,,18.2,8.0,,,
U0278,C0257,2023,WUR 2023,,,,16.9,7.0,,,
U0279,C0266,2023,WUR 2023,,,,17.5,5.0,,,
U2680,C0200,2023,WUR 2023,,,,11.8,1.0,,,
U0280,C0244,2023,WUR 2023,,,,21.2,4.0,,,
U2684,C0047,2023,WUR 2023,,,,18.6,1.0,,,
U2686,C0244,2023,WUR 2023,,,,14.6,33.0,,,
U0290,C0029,2023,WUR 2023,,,,11.4,1.0,,,
U0292,C0173,2023,WUR 2023,,,,12.0,0.0,,,
U0308,C0244,2023,WUR 2023,,,,17.3,32.0,,,
U0316,C0231,2023,WUR 2023,,,,26.2,0.0,,,
U0327,C0260,2023,WUR 2023,,,,39.4,2.0,,,
U0340,C0111,2023,WUR 2023,,,,3.6,0.0,,,
U2234,C0047,2023,WUR 2023,,,,27.2,0.0,,,
U0305,C0108,2023,WUR 2023,,,,15.7,0.0,,,
U2235,C0066,2023,WUR 2023,,,,20.6,2.0,,,
U2244,C0186,2023,WUR 2023,,,,32.5,0.0,,,
U0352,C0187,2023,WUR 2023,,,,33.3,0.0,,,
U0353,C0181,2023,WUR 2023,,,,13.0,0.0,,,
U2731,C0152,2023,WUR 2023,,,,14.0,2.0,,,
U0355,C0015,2023,WUR 2023,,,,7.6,83.0,,,
U2735,C0181,2023,WUR 2023,,,,32.8,0.0,,,
U0364,C0030,2023,WUR 2023,,,,25.8,0.0,,,
U0365,C0030,2023,WUR 2023,,,,16.0,0.0,,,
U0367,C0047,2023,WUR 2023,,,,13.5,3.0,,,
U0488,C0227,2023,WUR 2023,,,,4.8,99.0,,,
U0368,C0152,2023,WUR 2023,,,,9.6,13.0,,,
U0384,C0242,2023,WUR 2023,,,,20.5,0.0,,,
U2739,C0244,2023,WUR 2023,,,,14.7,7.0,,,
U0403,C0108,2023,WUR 2023,,,,15.5,3.0,,,
U0409,C0108,2023,WUR 2023,,,,20.2,2.0,,,
U0431,C0173,2023,WUR 2023,,,,4.8,0.0,,,
U0475,C0244,2023,WUR 2023,,,,10.4,35.0,,,
U2754,C0005,2023,WUR 2023,,,,16.2,2.0,,,
U0480,C0244,2023,WUR 2023,,,,12.8,51.0,,,
U0485,C0244,2023,WUR 2023,,,,7.8,68.0,,,
U0419,C0111,2023,WUR 2023,,,,23.3,1.0,,,
U2620,C0244,2023,WUR 2023,,,,18.8,35.0,,,
U0424,C0181,2023,WUR 2023,,,,21.3,2.0,,,
U0487,C0173,2023,WUR 2023,,,,40.2,0.0,,,
U2761,C0244,2023,WUR 2023,,,,15.7,10.0,,,
U0492,C0108,2023,WUR 2023,,,,15.8,4.0,,,
U0494,C0258,2023,WUR 2023,,,,35.1,75.0,,,
U0501,C0019,2023,WUR 2023,,,,21.1,3.0,,,
U0512,C0073,2023,WUR 2023,,,,7.4,0.0,,,
U2291,C0047,2023,WUR 2023,,,,25.6,0.0,,,
U0518,C0260,2023,WUR 2023,,,,16.9,0.0,,,
U0522,C0260,2023,WUR 2023,,,,18.9,0.0,,,
U2619,C0087,2023,WUR 2023,,,,33.9,1.0,,,
U0523,C0019,2023,WUR 2023,,,,29.9,8.0,,,
U0525,C0178,2023,WUR 2023,,,,17.8,6.0,,,
U0526,C0231,2023,WUR 2023,,,,16.1,1.0,,,
U0529,C0111,2023,WUR 2023,,,,28.5,0.0,,,
U2776,C0111,2023,WUR 2023,,,,17.9,0.0,,,
U0521,C0248,2023,WUR 2023,,,,21.9,0.0,,,
U0540,C0257,2023,WUR 2023,,,,30.2,1.0,,,
U0535,C0242,2023,WUR 2023,,,,18.4,2.0,,,
U0546,C0108,2023,WUR 2023,,,,13.3,0.0,,,
U2778,C0243,2023,WUR 2023,,,,27.3,24.0,,,
U0524,C0181,2023,WUR 2023,,,,14.5,0.0,,,
U2779,C0111,2023,WUR 2023,,,,13.5,0.0,,,
U0560,C0047,2023,WUR 2023,,,,142.9,0.0,,,
U0566,C0173,2023,WUR 2023,,,,27.5,0.0,,,
U2792,C0005,2023,WUR 2023,,,,33.1,0.0,,,
U0438,C0005,2023,WUR 2023,,,,8.7,0.0,,,
U0455,C0005,2023,WUR 2023,,,,10.1,0.0,,,
U0017,C0158,2023,WUR 2023,,,,25.3,1.0,,,
U0571,C0173,2023,WUR 2023,,,,9.5,0.0,,,
U2789,C0181,2023,WUR 2023,,,,33.1,0.0,,,
U0573,C0200,2023,WUR 2023,,,,9.4,26.0,,,
U0574,C0119,2023,WUR 2023,,,,40.1,1.0,,,
U0576,C0260,2023,WUR 2023,,,,13.6,2.0,,,
U0577,C0260,2023,WUR 2023,,,,6.7,3.0,,,
U2793,C0181,2023,WUR 2023,,,,21.6,1.0,,,
U0595,,2023,WUR 2023,,,,19.4,10.0,,,
U2328,C0030,2023,WUR 2023,,,,15.4,0.0,,,
U0603,,2023,WUR 2023,,,,19.4,49.0,,,
U0607,C0216,2023,WUR 2023,,,,8.8,50.0,,,
U0608,C0173,2023,WUR 2023,,,,5.7,0.0,,,
U0610,C0047,2023,WUR 2023,,,,13.0,1.0,,,
U0611,C0244,2023,WUR 2023,,,,17.8,14.0,,,
U0615,C0173,2023,WUR 2023,,,,3.3,0.0,,,
U0620,C0173,2023,WUR 2023,,,,21.4,0.0,,,
U0621,C0173,2023,WUR 2023,,,,22.8,0.0,,,
U0622,C0030,2023,WUR 2023,,,,11.8,31.0,,,
U0630,C0173,2023,WUR 2023,,,,39.7,0.0,,,
U0637,C0173,2023,WUR 2023,,,,27.8,0.0,,,
U0638,C0173,2023,WUR 2023,,,,18.7,0.0,,,
U0655,C0173,2023,WUR 2023,,,,29.1,0.0,,,
U0666,C0173,2023,WUR 2023,,,,18.9,0.0,,,
U2807,C0030,2023,WUR 2023,,,,160.6,0.0,,,
U0678,C0116,2023,WUR 2023,,,,10.9,1.0,,,
U0684,C0030,2023,WUR 2023,,,,,,,,
U0683,C0047,2023,WUR 2023,,,,35.9,0.0,,,
U0685,C0260,2023,WUR 2023,,,,10.7,10.0,,,
U0698,C0217,2023,WUR 2023,,,,21.0,2.0,,,
U0712,C0181,2023,WUR 2023,,,,20.5,0.0,,,
U0717,C0108,2023,WUR 2023,,,,17.2,0.0,,,
U0649,C0248,2023,WUR 2023,,,,23.6,0.0,,,
U0716,C0244,2023,WUR 2023,,,,16.0,44.0,,,
U2824,C0244,2023,WUR 2023,,,,17.2,11.0,,,
U0727,C0181,2023,WUR 2023,,,,56.3,0.0,,,
U0728,C0181,2023,WUR 2023,,,,34.8,0.0,,,
U0730,C0116,2023,WUR 2023,,,,0.4,31.0,,,
U0734,C0181,2023,WUR 2023,,,,15.6,3.0,,,
U0735,C0173,2023,WUR 2023,,,,7.3,0.0,,,
U0744,C0244,2023,WUR 2023,,,,5.2,34.0,,,
U0745,C0178,2023,WUR 2023,,,,27.5,3.0,,,
U0771,C0244,2023,WUR 2023,,,,13.3,11.0,,,
U0772,C0244,2023,WUR 2023,,,,23.6,10.0,,,
U0777,C0005,2023,WUR 2023,,,,22.3,1.0,,,
U0778,C0111,2023,WUR 2023,,,,7.2,1.0,,,
U2844,C0087,2023,WUR 2023,,,,23.5,0.0,,,
U2846,C0257,2023,WUR 2023,,,,9.0,5.0,,,
U3209,C0244,2023,WUR 2023,,,,130.9,12.0,,,
U0791,C0108,2023,WUR 2023,,,,12.1,1.0,,,
U0794,C0116,2023,WUR 2023,,,,16.6,0.0,,,
U0792,C0116,2023,WUR 2023,,,,25.4,0.0,,,
U0797,C0116,2023,WUR 2023,,,,17.0,15.0,,,
U0814,C0231,2023,WUR 2023,,,,16.0,7.0,,,
U2858,C0111,2023,WUR 2023,,,,17.1,3.0,,,
U0828,C0116,2023,WUR 2023,,,,8.0,2.0,,,
U0835,C0108,2023,WUR 2023,,,,20.3,0.0,,,
U0836,C0173,2023,WUR 2023,,,,75.2,0.0,,,
U0842,C0181,2023,WUR 2023,,,,22.4,0.0,,,
U0853,C0082,2023,WUR 2023,,,,12.8,15.0,,,
U0884,C0108,2023,WUR 2023,,,,53.2,0.0,,,
U0892,C0244,2023,WUR 2023,,,,2.8,33.0,,,
U0912,C0116,2023,WUR 2023,,,,12.6,11.0,,,
U0922,C0162,2023,WUR 2023,,,,33.3,2.0,,,
U0925,C0089,2023,WUR 2023,,,,41.9,3.0,,,
U0926,C0194,2023,WUR 2023,,,,12.8,4.0,,,
U0940,C0181,2023,WUR 2023,,,,25.5,3.0,,,
U0943,C0111,2023,WUR 2023,,,,9.1,2.0,,,
U0944,C0266,2023,WUR 2023,,,,47.0,1.0,,,
U0946,C0200,2023,WUR 2023,,,,7.7,75.0,,,
U0948,C0117,2023,WUR 2023,,,,19.6,18.0,,,
U0947,C0066,2023,WUR 2023,,,,34.9,1.0,,,
U0951,C0257,2023,WUR 2023,,,,27.9,13.0,,,
U0954,C0257,2023,WUR 2023,,,,23.4,15.0,,,
U0964,C0019,2023,WUR 2023,,,,22.1,1.0,,,
U2451,,2023,WUR 2023,,,,15.9,7.0,,,
U0974,C0111,2023,WUR 2023,,,,16.1,0.0,,,
U0985,C0116,2023,WUR 2023,,,,7.8,42.0,,,
U0987,C0019,2023,WUR 2023,,,,20.1,0.0,,,
U0997,C0117,2023,WUR 2023,,,,18.0,31.0,,,
U2879,C0005,2023,WUR 2023,,,,20.2,0.0,,,
U2882,C0173,2023,WUR 2023,,,,23.4,0.0,,,
U1034,C0242,2023,WUR 2023,,,,7.8,0.0,,,
U1035,C0241,2023,WUR 2023,,,,7.0,30.0,,,
U1048,C0118,2023,WUR 2023,,,,13.3,1.0,,,
U1056,C0248,2023,WUR 2023,,,,21.0,0.0,,,
U1060,C0257,2023,WUR 2023,,,,41.0,15.0,,,
U1065,C0118,2023,WUR 2023,,,,12.6,2.0,,,
U2889,C0217,2023,WUR 2023,,,,17.1,3.0,,,
U2892,C0111,2023,WUR 2023,,,,16.5,0.0,,,
U1081,C0259,2023,WUR 2023,,,,13.6,0.0,,,
U1090,C0242,2023,WUR 2023,,,,5.5,1.0,,,
U1028,C0257,2023,WUR 2023,,,,23.5,3.0,,,
U1091,C0016,2023,WUR 2023,,,,11.3,7.0,,,
U1093,C0259,2023,WUR 2023,,,,31.3,0.0,,,
U1095,C0019,2023,WUR 2023,,,,11.8,0.0,,,
U1098,C0181,2023,WUR 2023,,,,21.6,0.0,,,
U1099,C0181,2023,WUR 2023,,,,16.5,3.0,,,
U1121,C0173,2023,WUR 2023,,,,3.3,0.0,,,
U2895,C0111,2023,WUR 2023,,,,24.8,0.0,,,
U1124,C0116,2023,WUR 2023,,,,14.1,4.0,,,
U1131,C0116,2023,WUR 2023,,,,15.3,4.0,,,
U1132,C0116,2023,WUR 2023,,,,34.3,2.0,,,
U1134,C0257,2023,WUR 2023,,,,31.6,4.0,,,
U1141,C0118,2023,WUR 2023,,,,11.3,5.0,,,
U1144,C0116,2023,WUR 2023,,,,24.7,1.0,,,
U1146,C0257,2023,WUR 2023,,,,30.1,4.0,,,
U1158,C0257,2023,WUR 2023,,,,26.2,3.0,,,
U1170,C0242,2023,WUR 2023,,,,9.4,2.0,,,
U1171,C0116,2023,WUR 2023,,,,19.4,4.0,,,
U1180,C0272,2023,WUR 2023,,,,14.5,17.0,,,
U2904,C0005,2023,WUR 2023,,,,35.2,0.0,,,
U1188,C0173,2023,WUR 2023,,,,37.1,0.0,,,
U1129,C0111,2023,WUR 2023,,,,16.6,1.0,,,
U2908,C0109,2023,WUR 2023,,,,19.9,0.0,,,
U1195,C0173,2023,WUR 2023,,,,13.4,0.0,,,
U1199,C0047,2023,WUR 2023,,,,20.1,1.0,,,
U2911,C0066,2023,WUR 2023,,,,13.7,1.0,,,
U1204,C0244,2023,WUR 2023,,,,15.3,12.0,,,
U1206,C0244,2023,WUR 2023,,,,19.4,12.0,,,
U1207,C0244,2023,WUR 2023,,,,24.8,9.0,,,
U1153,C0111,2023,WUR 2023,,,,9.4,1.0,,,
U1211,C0242,2023,WUR 2023,,,,10.1,1.0,,,
U2921,C0019,2023,WUR 2023,,,,20.2,0.0,,,
U1220,C0244,2023,WUR 2023,,,,15.2,13.0,,,
U1221,C0244,2023,WUR 2023,,,,17.3,23.0,,,
U1223,C0244,2023,WUR 2023,,,,2.2,39.0,,,
U1227,C0108,2023,WUR 2023,,,,22.3,0.0,,,
U1231,C0231,2023,WUR 2023,,,,19.6,0.0,,,
U1234,C0244,2023,WUR 2023,,,,18.1,91.0,,,
U1238,C0244,2023,WUR 2023,,,,1.8,62.0,,,
U1235,C0244,2023,WUR 2023,,,,21.5,45.0,,,
U2933,C0045,2023,WUR 2023,,,,16.6,0.0,,,
U2380,C0216,2023,WUR 2023,,,,13.3,4.0,,,
U1266,C0144,2023,WUR 2023,,,,12.3,0.0,,,
U1268,C0108,2023,WUR 2023,,,,12.8,0.0,,,
U1281,C0108,2023,WUR 2023,,,,17.0,0.0,,,
U1283,C0188,2023,WUR 2023,,,,24.7,13.0,,,
U2955,C0005,2023,WUR 2023,,,,12.0,0.0,,,
U2382,C0045,2023,WUR 2023,,,,11.0,2.0,,,
U2963,C0047,2023,WUR 2023,,,,17.6,2.0,,,
U1312,C0116,2023,WUR 2023,,,,16.1,17.0,,,
U1321,C0173,2023,WUR 2023,,,,6.9,0.0,,,
U1322,C0173,2023,WUR 2023,,,,21.7,0.0,,,
U1328,C0111,2023,WUR 2023,,,,26.7,0.0,,,
U1331,C0187,2023,WUR 2023,,,,18.6,0.0,,,
U1336,C0216,2023,WUR 2023,,,,38.3,9.0,,,
U1338,C0181,2023,WUR 2023,,,,19.8,0.0,,,
U2978,C0111,2023,WUR 2023,,,,15.0,0.0,,,
U1339,C0260,2023,WUR 2023,,,,18.8,6.0,,,
U1261,C0108,2023,WUR 2023,,,,20.1,0.0,,,
U1345,C0108,2023,WUR 2023,,,,11.7,0.0,,,
U1346,C0181,2023,WUR 2023,,,,23.5,0.0,,,
U1347,C0132,2023,WUR 2023,,,,16.9,31.0,,,
U2572,C0005,2023,WUR 2023,,,,30.9,0.0,,,
U2387,C0265,2023,WUR 2023,,,,5.7,0.0,,,
U2994,C0152,2023,WUR 2023,,,,31.2,1.0,,,
U1562,C0260,2023,WUR 2023,,,,11.4,2.0,,,
U1366,C0231,2023,WUR 2023,,,,17.9,0.0,,,
U1368,C0116,2023,WUR 2023,,,,26.4,0.0,,,
U1371,C0255,2023,WUR 2023,,,,54.6,0.0,,,
U1376,C0117,2023,WUR 2023,,,,16.1,15.0,,,
U2394,C0066,2023,WUR 2023,,,,14.7,1.0,,,
U2399,C0185,2023,WUR 2023,,,,5.3,0.0,,,
U1384,C0116,2023,WUR 2023,,,,29.9,8.0,,,
U1385,C0200,2023,WUR 2023,,,,16.9,1.0,,,
U1386,C0016,2023,WUR 2023,,,,14.1,20.0,,,
U1389,C0248,2023,WUR 2023,,,,11.8,0.0,,,
U1390,C0248,2023,WUR 2023,,,,18.1,0.0,,,
U1391,C0248,2023,WUR 2023,,,,31.9,0.0,,,
U1406,C0116,2023,WUR 2023,,,,5.1,24.0,,,
U1407,C0116,2023,WUR 2023,,,,6.2,5.0,,,
U1414,C0242,2023,WUR 2023,,,,10.9,5.0,,,
U1462,C0181,2023,WUR 2023,,,,14.8,2.0,,,
U1425,C0244,2023,WUR 2023,,,,7.2,42.0,,,
U1470,C0181,2023,WUR 2023,,,,5.0,0.0,,,
U1472,C0160,2023,WUR 2023,,,,26.5,2.0,,,
U1460,C0242,2023,WUR 2023,,,,17.7,1.0,,,
U1473,C0242,2023,WUR 2023,,,,8.8,1.0,,,
U1436,C0012,2023,WUR 2023,,,,8.7,2.0,,,
U1474,C0011,2023,WUR 2023,,,,27.3,2.0,,,
U1477,C0178,2023,WUR 2023,,,,18.8,14.0,,,
U1485,C0224,2023,WUR 2023,,,,12.3,6.0,,,
U1446,C0267,2023,WUR 2023,,,,14.9,1.0,,,
U1457,C0242,2023,WUR 2023,,,,11.5,2.0,,,
U1484,C0242,2023,WUR 2023,,,,9.8,3.0,,,
U1486,C0242,2023,WUR 2023,,,,8.1,10.0,,,
U1489,C0248,2023,WUR 2023,,,,26.4,0.0,,,
U2466,C0109,2023,WUR 2023,,,,24.5,0.0,,,
U1498,C0244,2023,WUR 2023,,,,17.9,12.0,,,
U1506,C0173,2023,WUR 2023,,,,25.9,0.0,,,
U1507,C0173,2023,WUR 2023,,,,21.9,0.0,,,
U1508,C0116,2023,WUR 2023,,,,18.4,4.0,,,
U1510,C0116,2023,WUR 2023,,,,17.2,0.0,,,
U3023,C0116,2023,WUR 2023,,,,14.8,1.0,,,
U1511,C0260,2023,WUR 2023,,,,14.4,2.0,,,
U1512,C0111,2023,WUR 2023,,,,13.6,0.0,,,
U1514,C0108,2023,WUR 2023,,,,7.7,1.0,,,
U3024,C0244,2023,WUR 2023,,,,16.9,33.0,,,
U1526,C0245,2023,WUR 2023,,,,11.8,0.0,,,
U1532,C0111,2023,WUR 2023,,,,27.5,0.0,,,
U1545,C0244,2023,WUR 2023,,,,15.8,13.0,,,
U3035,C0208,2023,WUR 2023,,,,3.5,54.0,,,
U1550,C0173,2023,WUR 2023,,,,25.4,0.0,,,
U1556,C0189,2023,WUR 2023,,,,23.0,7.0,,,
U1561,C0260,2023,WUR 2023,,,,20.8,3.0,,,
U1566,C0238,2023,WUR 2023,,,,13.2,0.0,,,
U1576,C0173,2023,WUR 2023,,,,29.4,0.0,,,
U1593,C0247,2023,WUR 2023,,,,6.7,2.0,,,
U1600,C0242,2023,WUR 2023,,,,11.8,0.0,,,
U1608,C0266,2023,WUR 2023,,,,27.0,3.0,,,
U1609,C0266,2023,WUR 2023,,,,18.3,4.0,,,
U1612,C0089,2023,WUR 2023,,,,62.5,2.0,,,
U1619,C0082,2023,WUR 2023,,,,29.7,100.0,,,
U1622,C0242,2023,WUR 2023,,,,17.5,2.0,,,
U3067,C0117,2023,WUR 2023,,,,19.9,21.0,,,
U1639,C0260,2023,WUR 2023,,,,14.1,6.0,,,
U3069,C0231,2023,WUR 2023,,,,20.7,0.0,,,
U1640,C0117,2023,WUR 2023,,,,20.1,36.0,,,
U1646,C0244,2023,WUR 2023,,,,18.5,3.0,,,
U1658,C0004,2023,WUR 2023,,,,16.2,2.0,,,
U1652,C0242,2023,WUR 2023,,,,5.8,0.0,,,
U1654,C0189,2023,WUR 2023,,,,17.3,6.0,,,
U2428,C0152,2023,WUR 2023,,,,16.1,1.0,,,
U1692,C0116,2023,WUR 2023,,,,12.3,2.0,,,
U1701,,2023,WUR 2023,,,,19.4,15.0,,,
U3082,C0087,2023,WUR 2023,,,,39.8,0.0,,,
U3084,C0037,2023,WUR 2023,,,,2.9,0.0,,,
U1721,C0244,2023,WUR 2023,,,,20.6,31.0,,,
U1731,C0231,2023,WUR 2023,,,,9.5,0.0,,,
U1734,C0244,2023,WUR 2023,,,,22.6,30.0,,,
U1735,C0181,2023,WUR 2023,,,,8.4,1.0,,,
U1742,C0082,2023,WUR 2023,,,,31.3,33.0,,,
U1745,C0108,2023,WUR 2023,,,,21.3,1.0,,,
U1762,C0244,2023,WUR 2023,,,,18.7,18.0,,,
U1769,C0244,2023,WUR 2023,,,,20.3,14.0,,,
U1770,C0244,2023,WUR 2023,,,,15.9,36.0,,,
U1772,C0244,2023,WUR 2023,,,,20.9,77.0,,,
U1774,C0244,2023,WUR 2023,,,,10.8,38.0,,,
U1768,C0244,2023,WUR 2023,,,,9.8,47.0,,,
U1773,C0244,2023,WUR 2023,,,,10.8,57.0,,,
U1776,C0244,2023,WUR 2023,,,,10.9,33.0,,,
U3099,C0260,2023,WUR 2023,,,,34.4,4.0,,,
U3101,,2023,WUR 2023,,,,10.7,24.0,,,
U1811,C0231,2023,WUR 2023,,,,20.1,0.0,,,
U1812,C0111,2023,WUR 2023,,,,10.7,1.0,,,
U1813,C0173,2023,WUR 2023,,,,3.9,1.0,,,
U1819,C0248,2023,WUR 2023,,,,17.2,0.0,,,
U1817,C0248,2023,WUR 2023,,,,10.9,0.0,,,
U1821,C0173,2023,WUR 2023,,,,5.4,0.0,,,
U2433,C0186,2023,WUR 2023,,,,35.9,1.0,,,
U3109,C0186,2023,WUR 2023,,,,18.0,0.0,,,
U3114,C0187,2023,WUR 2023,,,,13.3,7.0,,,
U1834,C0109,2023,WUR 2023,,,,35.5,0.0,,,
U1835,C0200,2023,WUR 2023,,,,24.3,6.0,,,
U1839,C0227,2023,WUR 2023,,,,10.3,57.0,,,
U3122,C0187,2023,WUR 2023,,,,32.5,0.0,,,
U1847,C0212,2023,WUR 2023,,,,9.9,1.0,,,
U1854,C0116,2023,WUR 2023,,,,23.0,3.0,,,
U1862,C0181,2023,WUR 2023,,,,38.6,0.0,,,
U1864,C0181,2023,WUR 2023,,,,8.6,1.0,,,
U3130,C0116,2023,WUR 2023,,,,14.1,1.0,,,
U1895,C0116,2023,WUR 2023,,,,29.4,9.0,,,
U1818,C0248,2023,WUR 2023,,,,10.2,1.0,,,
U1898,C0108,2023,WUR 2023,,,,15.0,0.0,,,
U1905,C0108,2023,WUR 2023,,,,10.5,2.0,,,
U1908,C0057,2023,WUR 2023,,,,20.4,6.0,,,
U1912,C0265,2023,WUR 2023,,,,10.5,0.0,,,
U1913,C0047,2023,WUR 2023,,,,18.2,1.0,,,
U1917,C0181,2023,WUR 2023,,,,14.1,0.0,,,
U1930,C0173,2023,WUR 2023,,,,23.8,0.0,,,
U1931,C0244,2023,WUR 2023,,,,16.1,30.0,,,
U3139,C0101,2023,WUR 2023,,,,14.9,3.0,,,
U1939,C0111,2023,WUR 2023,,,,9.5,0.0,,,
U3157,C0030,2023,WUR 2023,,,,18.8,0.0,,,
U1967,C0108,2023,WUR 2023,,,,13.1,0.0,,,
U1960,C0108,2023,WUR 2023,,,,7.4,1.0,,,
U3160,C0217,2023,WUR 2023,,,,23.4,0.0,,,
U1961,C0217,2023,WUR 2023,,,,38.7,0.0,,,
U1963,C0108,2023,WUR 2023,,,,19.6,6.0,,,
U1972,C0030,2023,WUR 2023,,,,10.2,0.0,,,
U1971,C0238,2023,WUR 2023,,,,11.5,2.0,,,
U1984,C0244,2023,WUR 2023,,,,22.9,48.0,,,
U1985,C0244,2023,WUR 2023,,,,18.2,25.0,,,
U1990,C0244,2023,WUR 2023,,,,23.6,18.0,,,
U1992,C0260,2023,WUR 2023,,,,21.8,2.0,,,
U3168,C0244,2023,WUR 2023,,,,16.6,14.0,,,
U1993,C0116,2023,WUR 2023,,,,29.4,0.0,,,
U1995,C0111,2023,WUR 2023,,,,11.4,0.0,,,
U2007,C0231,2023,WUR 2023,,,,24.6,0.0,,,
U2016,C0101,2023,WUR 2023,,,,14.7,5.0,,,
U2018,C0117,2023,WUR 2023,,,,21.9,1.0,,,
U3178,C0267,2023,WUR 2023,,,,17.6,2.0,,,
U2027,C0116,2023,WUR 2023,,,,32.8,11.0,,,
U2033,C0187,2023,WUR 2023,,,,24.3,0.0,,,
U2034,C0257,2023,WUR 2023,,,,27.8,2.0,,,
U2036,C0248,2023,WUR 2023,,,,21.2,1.0,,,
U2052,C0248,2023,WUR 2023,,,,15.5,0.0,,,
U2037,C0248,2023,WUR 2023,,,,7.1,5.0,,,
U2040,C0248,2023,WUR 2023,,,,8.8,2.0,,,
U2042,C0248,2023,WUR 2023,,,,10.1,1.0,,,
U2043,C0248,2023,WUR 2023,,,,12.2,13.0,,,
U2044,C0248,2023,WUR 2023,,,,13.5,0.0,,,
U2045,C0248,2023,WUR 2023,,,,8.9,3.0,,,
U2050,C0248,2023,WUR 2023,,,,10.6,1.0,,,
U2586,C0162,2023,WUR 2023,,,,50.0,0.0,,,
U2051,C0248,2023,WUR 2023,,,,16.1,1.0,,,
U2047,C0248,2023,WUR 2023,,,,14.2,0.0,,,
U2048,C0248,2023,WUR 2023,,,,24.9,0.0,,,
U2039,C0248,2023,WUR 2023,,,,11.7,0.0,,,
U2054,C0267,2023,WUR 2023,,,,19.6,3.0,,,
U2082,C0152,2023,WUR 2023,,,,16.5,1.0,,,
U2083,C0051,2023,WUR 2023,,,,13.8,2.0,,,
U0906,C0047,2023,WUR 2023,,,,28.6,0.0,,,
U0908,C0109,2023,WUR 2023,,,,23.0,0.0,,,
U3191,C0111,2023,WUR 2023,,,,30.3,0.0,,,
U2096,C0116,2023,WUR 2023,,,,22.5,5.0,,,
U2098,C0248,2023,WUR 2023,,,,35.7,1.0,,,
U2097,C0248,2023,WUR 2023,,,,36.7,0.0,,,
U2110,C0111,2023,WUR 2023,,,,13.1,0.0,,,
U2130,C0116,2023,WUR 2023,,,,17.9,11.0,,,
U2049,,2023,WUR 2023,,,,14.2,1.0,,,
U2146,C0116,2023,WUR 2023,,,,8.2,2.0,,,
U2155,C0244,2023,WUR 2023,,,,9.8,31.0,,,
U2166,C0248,2023,WUR 2023,,,,18.8,4.0,,,
U2173,C0231,2023,WUR 2023,,,,22.1,0.0,,,
U2174,C0275,2023,WUR 2023,,,,15.5,4.0,,,
U2181,C0109,2023,WUR 2023,,,,47.5,1.0,,,
U2188,C0173,2023,WUR 2023,,,,20.3,0.0,,,
U2194,C0030,2023,WUR 2023,,,,15.4,0.0,,,
U2198,C0019,2023,WUR 2023,,,,21.4,1.0,,,
U2288,C0066,2023,WUR 2023,,,,13.9,2.0,,,
U2617,C0244,2023,WUR 2023,,,,11.1,28.0,,,
U0898,C0238,2023,WUR 2023,,,,9.7,0.0,,,
U3306,C0011,2023,WUR 2023,,,,12.4,2.0,,,
U3314,C0248,2023,WUR 2023,,,,21.3,5.0,,,
U1919,C0257,2023,WUR 2023,,,,43.3,11.0,,,
U3321,C0173,2023,WUR 2023,,,,19.1,0.0,,,
U2446,C0066,2023,WUR 2023,,,,19.0,1.0,,,
U3249,C0173,2023,WUR 2023,,,,30.4,0.0,,,
U1483,,2023,WUR 2023,,,,16.4,1.0,,,
U3328,C0194,2023,WUR 2023,,,,20.6,1.0,,,
U3251,C0030,2023,WUR 2023,,,,18.0,1.0,,,
U3332,C0019,2023,WUR 2023,,,,28.3,0.0,,,
U3333,C0033,2023,WUR 2023,,,,19.3,33.0,,,
U3337,C0173,2023,WUR 2023,,,,13.2,2.0,,,
U3258,C0271,2023,WUR 2023,,,,7.2,40.0,,,
U3345,C0030,2023,WUR 2023,,,,18.5,1.0,,,
U3352,C0236,2023,WUR 2023,,,,43.6,1.0,,,
U3353,C0187,2023,WUR 2023,,,,13.8,0.0,,,
U3267,C0244,2023,WUR 2023,,,,19.7,25.0,,,
U3382,C0173,2023,WUR 2023,,,,12.5,0.0,,,
U3386,C0016,2023,WUR 2023,,,,7.7,5.0,,,
U3278,C0244,2023,WUR 2023,,,,15.9,42.0,,,
U3392,C0242,2023,WUR 2023,,,,13.7,3.0,,,
U3394,C0245,2023,WUR 2023,,,,18.4,5.0,,,
U3395,C0086,2023,WUR 2023,,,,29.7,29.0,,,
U3287,C0244,2023,WUR 2023,,,,16.8,13.0,,,
U3327,C0242,2023,WUR 2023,,,,11.5,11.0,,,
U3400,C0117,2023,WUR 2023,,,,24.9,12.0,,,
U3402,C0244,2023,WUR 2023,,,,22.0,14.0,,,
U3403,C0244,2023,WUR 2023,,,,7.7,10.0,,,
U3408,C0188,2023,WUR 2023,,,,6.2,33.0,,,
U3419,C0238,2023,WUR 2023,,,,9.8,1.0,,,
U3422,C0116,2023,WUR 2023,,,,12.7,2.0,,,
U3436,C0109,2023,WUR 2023,,,,18.5,1.0,,,
U3441,C0244,2023,WUR 2023,,,,18.6,12.0,,,
U3446,C0173,2023,WUR 2023,,,,33.0,0.0,,,
U3461,C0242,2023,WUR 2023,,,,15.4,1.0,,,
U3463,C0181,2023,WUR 2023,,,,8.8,1.0,,,
U1392,,2023,WUR 2023,,56.9,9.3,,,,51.67418335352436,72.4
U1392,,2023,WUR 2023,,56.9,9.3,,,,47.88418239895532,72.4
U1392,,2023,WUR 2023,,56.9,9.3,,,,43.8055958895228,72.4
U1392,,2023,WUR 2023,,56.9,9.3,,,,43.76365568588358,72.4
U1392,,2023,WUR 2023,,56.9,9.3,,,,40.199930465075184,72.4
U1392,,2023,WUR 2023,,56.9,9.3,,,,28.5527837078826,72.4
U1392,,2023,WUR 2023,,56.9,9.3,,,,33.749021648384776,72.4
U1392,,2023,WUR 2023,,56.9,9.3,,,,27.403396326452484,72.4
U1392,,2023,WUR 2023,,56.9,9.3,,,,31.15712600491052,72.4
U1392,,2023,WUR 2023,,56.9,9.3,,,,29.071708243361048,72.4
U1392,,2023,WUR 2023,,56.9,9.3,,,,30.399950650658432,72.4
U1392,,2023,WUR 2023,,56.9,9.3,,,,35.33147185564629,72.4
U1392,,2023,WUR 2023,,56.9,9.3,,,,33.946773711772735,72.4
U1392,,2023,WUR 2023,,56.9,9.3,,,,24.793802164462853,72.4
U1392,,2023,WUR 2023,,56.9,9.3,,,,26.75785339223952,72.4
U1392,,2023,WUR 2023,,56.9,9.3,,,,28.23732384975655,72.4
U1392,,2023,WUR 2023,,56.9,9.3,,,,25.94141452924313,72.4
U1392,,2023,WUR 2023,,56.9,9.3,,,,29.006413964994017,72.4
U1392,,2023,WUR 2023,,56.9,9.3,,,,22.1526345493242,72.4
U1392,,2023,WUR 2023,,56.9,9.3,,,,24.14081875648968,72.4
U1392,,2023,WUR 2023,,56.9,9.3,,,,21.705412418739144,72.4
U1392,,2023,WUR 2023,,56.9,9.3,,,,17.20997779422529,72.4
U1392,,2023,WUR 2023,,56.9,9.3,,,,19.88491145208488,72.4
U1392,,2023,WUR 2023,,56.9,9.3,,,,16.844436642582238,72.4
U1392,,2023,WUR 2023,,56.9,9.3,,,,14.210401042301203,72.4
U1392,,2023,WUR 2023,,56.9,9.3,,,,15.06262573119662,72.4
U1392,,2023,WUR 2023,,56.9,9.3,,,,16.635504832291446,72.4
U1392,,2023,WUR 2023,,56.9,9.3,,,,7.70819853141716,72.4
U1392,,2023,WUR 2023,,56.9,9.3,,,,10.257737010756824,72.4
U1392,,2023,WUR 2023,,56.9,9.3,,,,12.715623388297129,72.4
U1392,,2023,WUR 2023,,56.9,9.3,,,,13.869534663513184,72.4
U1392,,2023,WUR 2023,,56.9,9.3,,,,6.146807125772188,72.4
U1392,,2023,WUR 2023,,56.9,9.3,,,,12.013271551458049,72.4
U1392,,2023,WUR 2023,,56.9,9.3,,,,4.31948995228298,72.4
U1392,,2023,WUR 2023,,56.9,9.3,,,,14.647984495642952,72.4
U1392,,2023,WUR 2023,,56.9,9.3,,,,21.04078790243373,72.4
U1392,,2023,WUR 2023,,56.9,9.3,,,,12.360347732600466,72.4
U1392,,2023,WUR 2023,,56.9,9.3,,,,13.933106593924531,72.4
U1392,,2023,WUR 2023,,56.9,9.3,,,,22.456205164243038,72.4
U1392,,2023,WUR 2023,,56.9,9.3,,,,14.884108458641276,72.4
U1392,,2023,WUR 2023,,56.9,9.3,,,,14.175358906529317,72.4
U1392,,2023,WUR 2023,,56.9,9.3,,,,2.945328711444474,72.4
U1392,,2023,WUR 2023,,56.9,9.3,,,,15.149877445256404,72.4
U1392,,2023,WUR 2023,,56.9,9.3,,,,9.937988328617376,72.4
U1392,,2023,WUR 2023,,56.9,9.3,,,,7.4295133641299556,72.4
U1392,,2023,WUR 2023,,56.9,9.3,,,,8.39952199281354,72.4
U1392,,2023,WUR 2023,,56.9,9.3,,,,6.571154201361318,72.4
U1392,,2023,WUR 2023,,56.9,9.3,,,,3.277609582730025,72.4
U1392,,2023,WUR 2023,,56.9,9.3,,,,3.1847189500491737,72.4
U1392,,2023,WUR 2023,,56.9,9.3,,,,6.577730643152531,72.4
U1392,,2023,WUR 2023,,56.9,9.3,,,,3.9478255545891,72.4
U1392,,2023,WUR 2023,,56.9,9.3,,,,6.733954972267687,72.4
U1392,,2023,WUR 2023,,56.9,9.3,,,,12.535658747363703,72.4
U1392,,2023,WUR 2023,,56.9,9.3,,,,4.047134316765368,72.4
U1392,,2023,WUR 2023,,56.9,9.3,,,,9.259582578959762,72.4
U1392,,2023,WUR 2023,,56.9,9.3,,,,5.0147794888344,72.4
U1392,,2023,WUR 2023,,56.9,9.3,,,,6.048745570521993,72.4
U1392,,2023,WUR 2023,,56.9,9.3,,,,3.2088437637489795,72.4
U1392,,2023,WUR 2023,,56.9,9.3,,,,3.833456710089624,72.4
U1392,,2023,WUR 2023,,56.9,9.3,,,,9.782059903657936,72.4
U1392,,2023,WUR 2023,,56.9,9.3,,,,5.158831633617945,72.4
U1392,,2023,WUR 2023,,56.9,9.3,,,,6.656987637310143,72.4
U1392,,2023,WUR 2023,,56.9,9.3,,,,7.980847008957106,72.4
U1392,,2023,WUR 2023,,56.9,9.3,,,,6.152391640490189,72.4
U1392,,2023,WUR 2023,,56.9,9.3,,,,5.302684637660615,72.4
U1392,,2023,WUR 2023,,56.9,9.3,,,,4.124848199841193,72.4
U1392,,2023,WUR 2023,,56.9,9.3,,,,3.813111589693071,72.4
U1392,,2023,WUR 2023,,56.9,9.3,,,,5.302602674557117,72.4
U1392,,2023,WUR 2023,,56.9,9.3,,,,8.157174958216169,72.4
U1392,,2023,WUR 2023,,56.9,9.3,,,,5.076762069949905,72.4
U1392,,2023,WUR 2023,,56.9,9.3,,,,6.288810601252746,72.4
U1392,,2023,WUR 2023,,56.9,9.3,,,,6.328276090764572,72.4
U1392,,2023,WUR 2023,,56.9,9.3,,,,11.75297653654587,72.4
U1392,,2023,WUR 2023,,56.9,9.3,,,,10.117266439246784,72.4
U1392,,2023,WUR 2023,,56.9,9.3,,,,4.437922656063465,72.4
U1392,,2023,WUR 2023,,56.9,9.3,,,,4.710293091892417,72.4
U1392,,2023,WUR 2023,,56.9,9.3,,,,7.085925565335147,72.4
U1392,,2023,WUR 2023,,56.9,9.3,,,,3.355528220457925,72.4
U1392,,2023,WUR 2023,,56.9,9.3,,,,,72.4
U1392,,2023,WUR 2023,,,51.4,,,,51.67418335352436,62.2
U1392,,2023,WUR 2023,,,51.4,,,,47.88418239895532,62.2
U1392,,2023,WUR 2023,,,51.4,,,,43.8055958895228,62.2
U1392,,2023,WUR 2023,,,51.4,,,,43.76365568588358,62.2
U1392,,2023,WUR 2023,,,51.4,,,,40.199930465075184,62.2
U1392,,2023,WUR 2023,,,51.4,,,,28.5527837078826,62.2
U1392,,2023,WUR 2023,,,51.4,,,,33.749021648384776,62.2
U1392,,2023,WUR 2023,,,51.4,,,,27.403396326452484,62.2
U1392,,2023,WUR 2023,,,51.4,,,,31.15712600491052,62.2
U1392,,2023,WUR 2023,,,51.4,,,,29.071708243361048,62.2
U1392,,2023,WUR 2023,,,51.4,,,,30.399950650658432,62.2
U1392,,2023,WUR 2023,,,51.4,,,,35.33147185564629,62.2
U1392,,2023,WUR 2023,,,51.4,,,,33.946773711772735,62.2
U1392,,2023,WUR 2023,,,51.4,,,,24.793802164462853,62.2
U1392,,2023,WUR 2023,,,51.4,,,,26.75785339223952,62.2
U1392,,2023,WUR 2023,,,51.4,,,,28.23732384975655,62.2
U1392,,2023,WUR 2023,,,51.4,,,,25.94141452924313,62.2
U1392,,2023,WUR 2023,,,51.4,,,,29.006413964994017,62.2
U1392,,2023,WUR 2023,,,51.4,,,,22.1526345493242,62.2
U1392,,2023,WUR 2023,,,51.4,,,,24.14081875648968,62.2
U1392,,2023,WUR 2023,,,51.4,,,,21.705412418739144,62.2
U1392,,2023,WUR 2023,,,51.4,,,,17.20997779422529,62.2
U1392,,2023,WUR 2023,,,51.4,,,,19.88491145208488,62.2
U1392,,2023,WUR 2023,,,51.4,,,,16.844436642582238,62.2
U1392,,2023,WUR 2023,,,51.4,,,,14.210401042301203,62.2
U1392,,2023,WUR 2023,,,51.4,,,,15.06262573119662,62.2
U1392,,2023,WUR 2023,,,51.4,,,,16.635504832291446,62.2
U1392,,2023,WUR 2023,,,51.4,,,,7.70819853141716,62.2
U1392,,2023,WUR 2023,,,51.4,,,,10.257737010756824,62.2
U1392,,2023,WUR 2023,,,51.4,,,,12.715623388297129,62.2
U1392,,2023,WUR 2023,,,51.4,,,,13.869534663513184,62.2
U1392,,2023,WUR 2023,,,51.4,,,,6.146807125772188,62.2
U1392,,2023,WUR 2023,,,51.4,,,,12.013271551458049,62.2
U1392,,2023,WUR 2023,,,51.4,,,,4.31948995228298,62.2
U1392,,2023,WUR 2023,,,51.4,,,,14.647984495642952,62.2
U1392,,2023,WUR 2023,,,51.4,,,,21.04078790243373,62.2
U1392,,2023,WUR 2023,,,51.4,,,,12.360347732600466,62.2
U1392,,2023,WUR 2023,,,51.4,,,,13.933106593924531,62.2
U1392,,2023,WUR 2023,,,51.4,,,,22.456205164243038,62.2
U1392,,2023,WUR 2023,,,51.4,,,,14.884108458641276,62.2
U1392,,2023,WUR 2023,,,51.4,,,,14.175358906529317,62.2
U1392,,2023,WUR 2023,,,51.4,,,,2.945328711444474,62.2
U1392,,2023,WUR 2023,,,51.4,,,,15.149877445256404,62.2
U1392,,2023,WUR 2023,,,51.4,,,,9.937988328617376,62.2
U1392,,2023,WUR 2023,,,51.4,,,,7.4295133641299556,62.2
U1392,,2023,WUR 2023,,,51.4,,,,8.39952199281354,62.2
U1392,,2023,WUR 2023,,,51.4,,,,6.571154201361318,62.2
U1392,,2023,WUR 2023,,,51.4,,,,3.277609582730025,62.2
U1392,,2023,WUR 2023,,,51.4,,,,3.1847189500491737,62.2
U1392,,2023,WUR 2023,,,51.4,,,,6.577730643152531,62.2
U1392,,2023,WUR 2023,,,51.4,,,,3.9478255545891,62.2
U1392,,2023,WUR 2023,,,51.4,,,,6.733954972267687,62.2
U1392,,2023,WUR 2023,,,51.4,,,,12.535658747363703,62.2
U1392,,2023,WUR 2023,,,51.4,,,,4.047134316765368,62.2
U1392,,2023,WUR 2023,,,51.4,,,,9.259582578959762,62.2
U1392,,2023,WUR 2023,,,51.4,,,,5.0147794888344,62.2
U1392,,2023,WUR 2023,,,51.4,,,,6.048745570521993,62.2
U1392,,2023,WUR 2023,,,51.4,,,,3.2088437637489795,62.2
U1392,,2023,WUR 2023,,,51.4,,,,3.833456710089624,62.2
U1392,,2023,WUR 2023,,,51.4,,,,9.782059903657936,62.2
U1392,,2023,WUR 2023,,,51.4,,,,5.158831633617945,62.2
U1392,,2023,WUR 2023,,,51.4,,,,6.656987637310143,62.2
U1392,,2023,WUR 2023,,,51.4,,,,7.980847008957106,62.2
U1392,,2023,WUR 2023,,,51.4,,,,6.152391640490189,62.2
U1392,,2023,WUR 2023,,,51.4,,,,5.302684637660615,62.2
U1392,,2023,WUR 2023,,,51.4,,,,4.124848199841193,62.2
U1392,,2023,WUR 2023,,,51.4,,,,3.813111589693071,62.2
U1392,,2023,WUR 2023,,,51.4,,,,5.302602674557117,62.2
U1392,,2023,WUR 2023,,,51.4,,,,8.157174958216169,62.2
U1392,,2023,WUR 2023,,,51.4,,,,5.076762069949905,62.2
U1392,,2023,WUR 2023,,,51.4,,,,6.288810601252746,62.2
U1392,,2023,WUR 2023,,,51.4,,,,6.328276090764572,62.2
U1392,,2023,WUR 2023,,,51.4,,,,11.75297653654587,62.2
U1392,,2023,WUR 2023,,,51.4,,,,10.117266439246784,62.2
U1392,,2023,WUR 2023,,,51.4,,,,4.437922656063465,62.2
U1392,,2023,WUR 2023,,,51.4,,,,4.710293091892417,62.2
U1392,,2023,WUR 2023,,,51.4,,,,7.085925565335147,62.2
U1392,,2023,WUR 2023,,,51.4,,,,3.355528220457925,62.2
U1392,,2023,WUR 2023,,,51.4,,,,,62.2
U1392,,2023,WUR 2023,,,83.0,,,,51.67418335352436,57.4
U1392,,2023,WUR 2023,,,83.0,,,,47.88418239895532,57.4
U1392,,2023,WUR 2023,,,83.0,,,,43.8055958895228,57.4
U1392,,2023,WUR 2023,,,83.0,,,,43.76365568588358,57.4
U1392,,2023,WUR 2023,,,83.0,,,,40.199930465075184,57.4
U1392,,2023,WUR 2023,,,83.0,,,,28.5527837078826,57.4
U1392,,2023,WUR 2023,,,83.0,,,,33.749021648384776,57.4
U1392,,2023,WUR 2023,,,83.0,,,,27.403396326452484,57.4
U1392,,2023,WUR 2023,,,83.0,,,,31.15712600491052,57.4
U1392,,2023,WUR 2023,,,83.0,,,,29.071708243361048,57.4
U1392,,2023,WUR 2023,,,83.0,,,,30.399950650658432,57.4
U1392,,2023,WUR 2023,,,83.0,,,,35.33147185564629,57.4
U1392,,2023,WUR 2023,,,83.0,,,,33.946773711772735,57.4
U1392,,2023,WUR 2023,,,83.0,,,,24.793802164462853,57.4
U1392,,2023,WUR 2023,,,83.0,,,,26.75785339223952,57.4
U1392,,2023,WUR 2023,,,83.0,,,,28.23732384975655,57.4
U1392,,2023,WUR 2023,,,83.0,,,,25.94141452924313,57.4
U1392,,2023,WUR 2023,,,83.0,,,,29.006413964994017,57.4
U1392,,2023,WUR 2023,,,83.0,,,,22.1526345493242,57.4
U1392,,2023,WUR 2023,,,83.0,,,,24.14081875648968,57.4
U1392,,2023,WUR 2023,,,83.0,,,,21.705412418739144,57.4
U1392,,2023,WUR 2023,,,83.0,,,,17.20997779422529,57.4
U1392,,2023,WUR 2023,,,83.0,,,,19.88491145208488,57.4
U1392,,2023,WUR 2023,,,83.0,,,,16.844436642582238,57.4
U1392,,2023,WUR 2023,,,83.0,,,,14.210401042301203,57.4
U1392,,2023,WUR 2023,,,83.0,,,,15.06262573119662,57.4
U1392,,2023,WUR 2023,,,83.0,,,,16.635504832291446,57.4
U1392,,2023,WUR 2023,,,83.0,,,,7.70819853141716,57.4
U1392,,2023,WUR 2023,,,83.0,,,,10.257737010756824,57.4
U1392,,2023,WUR 2023,,,83.0,,,,12.715623388297129,57.4
U1392,,2023,WUR 2023,,,83.0,,,,13.869534663513184,57.4
U1392,,2023,WUR 2023,,,83.0,,,,6.146807125772188,57.4
U1392,,2023,WUR 2023,,,83.0,,,,12.013271551458049,57.4
U1392,,2023,WUR 2023,,,83.0,,,,4.31948995228298,57.4
U1392,,2023,WUR 2023,,,83.0,,,,14.647984495642952,57.4
U1392,,2023,WUR 2023,,,83.0,,,,21.04078790243373,57.4
U1392,,2023,WUR 2023,,,83.0,,,,12.360347732600466,57.4
U1392,,2023,WUR 2023,,,83.0,,,,13.933106593924531,57.4
U1392,,2023,WUR 2023,,,83.0,,,,22.456205164243038,57.4
U1392,,2023,WUR 2023,,,83.0,,,,14.884108458641276,57.4
U1392,,2023,WUR 2023,,,83.0,,,,14.175358906529317,57.4
U1392,,2023,WUR 2023,,,83.0,,,,2.945328711444474,57.4
U1392,,2023,WUR 2023,,,83.0,,,,15.149877445256404,57.4
U1392,,2023,WUR 2023,,,83.0,,,,9.937988328617376,57.4
U1392,,2023,WUR 2023,,,83.0,,,,7.4295133641299556,57.4
U1392,,2023,WUR 2023,,,83.0,,,,8.39952199281354,57.4
U1392,,2023,WUR 2023,,,83.0,,,,6.571154201361318,57.4
U1392,,2023,WUR 2023,,,83.0,,,,3.277609582730025,57.4
U1392,,2023,WUR 2023,,,83.0,,,,3.1847189500491737,57.4
U1392,,2023,WUR 2023,,,83.0,,,,6.577730643152531,57.4
U1392,,2023,WUR 2023,,,83.0,,,,3.9478255545891,57.4
U1392,,2023,WUR 2023,,,83.0,,,,6.733954972267687,57.4
U1392,,2023,WUR 2023,,,83.0,,,,12.535658747363703,57.4
U1392,,2023,WUR 2023,,,83.0,,,,4.047134316765368,57.4
U1392,,2023,WUR 2023,,,83.0,,,,9.259582578959762,57.4
U1392,,2023,WUR 2023,,,83.0,,,,5.0147794888344,57.4
U1392,,2023,WUR 2023,,,83.0,,,,6.048745570521993,57.4
U1392,,2023,WUR 2023,,,83.0,,,,3.2088437637489795,57.4
U1392,,2023,WUR 2023,,,83.0,,,,3.833456710089624,57.4
U1392,,2023,WUR 2023,,,83.0,,,,9.782059903657936,57.4
U1392,,2023,WUR 2023,,,83.0,,,,5.158831633617945,57.4
U1392,,2023,WUR 2023,,,83.0,,,,6.656987637310143,57.4
U1392,,2023,WUR 2023,,,83.0,,,,7.980847008957106,57.4
U1392,,2023,WUR 2023,,,83.0,,,,6.152391640490189,57.4
U1392,,2023,WUR 2023,,,83.0,,,,5.302684637660615,57.4
U1392,,2023,WUR 2023,,,83.0,,,,4.124848199841193,57.4
U1392,,2023,WUR 2023,,,83.0,,,,3.813111589693071,57.4
U1392,,2023,WUR 2023,,,83.0,,,,5.302602674557117,57.4
U1392,,2023,WUR 2023,,,83.0,,,,8.157174958216169,57.4
U1392,,2023,WUR 2023,,,83.0,,,,5.076762069949905,57.4
U1392,,2023,WUR 2023,,,83.0,,,,6.288810601252746,57.4
U1392,,2023,WUR 2023,,,83.0,,,,6.328276090764572,57.4
U1392,,2023,WUR 2023,,,83.0,,,,11.75297653654587,57.4
U1392,,2023,WUR 2023,,,83.0,,,,10.117266439246784,57.4
U1392,,2023,WUR 2023,,,83.0,,,,4.437922656063465,57.4
U1392,,2023,WUR 2023,,,83.0,,,,4.710293091892417,57.4
U1392,,2023,WUR 2023,,,83.0,,,,7.085925565335147,57.4
U1392,,2023,WUR 2023,,,83.0,,,,3.355528220457925,57.4
U1392,,2023,WUR 2023,,,83.0,,,,,57.4
U1392,,2023,WUR 2023,,,54.6,,,,51.67418335352436,43.9
U1392,,2023,WUR 2023,,,54.6,,,,47.88418239895532,43.9
U1392,,2023,WUR 2023,,,54.6,,,,43.8055958895228,43.9
U1392,,2023,WUR 2023,,,54.6,,,,43.76365568588358,43.9
U1392,,2023,WUR 2023,,,54.6,,,,40.199930465075184,43.9
U1392,,2023,WUR 2023,,,54.6,,,,28.5527837078826,43.9
U1392,,2023,WUR 2023,,,54.6,,,,33.749021648384776,43.9
U1392,,2023,WUR 2023,,,54.6,,,,27.403396326452484,43.9
U1392,,2023,WUR 2023,,,54.6,,,,31.15712600491052,43.9
U1392,,2023,WUR 2023,,,54.6,,,,29.071708243361048,43.9
U1392,,2023,WUR 2023,,,54.6,,,,30.399950650658432,43.9
U1392,,2023,WUR 2023,,,54.6,,,,35.33147185564629,43.9
U1392,,2023,WUR 2023,,,54.6,,,,33.946773711772735,43.9
U1392,,2023,WUR 2023,,,54.6,,,,24.793802164462853,43.9
U1392,,2023,WUR 2023,,,54.6,,,,26.75785339223952,43.9
U1392,,2023,WUR 2023,,,54.6,,,,28.23732384975655,43.9
U1392,,2023,WUR 2023,,,54.6,,,,25.94141452924313,43.9
U1392,,2023,WUR 2023,,,54.6,,,,29.006413964994017,43.9
U1392,,2023,WUR 2023,,,54.6,,,,22.1526345493242,43.9
U1392,,2023,WUR 2023,,,54.6,,,,24.14081875648968,43.9
U1392,,2023,WUR 2023,,,54.6,,,,21.705412418739144,43.9
U1392,,2023,WUR 2023,,,54.6,,,,17.20997779422529,43.9
U1392,,2023,WUR 2023,,,54.6,,,,19.88491145208488,43.9
U1392,,2023,WUR 2023,,,54.6,,,,16.844436642582238,43.9
U1392,,2023,WUR 2023,,,54.6,,,,14.210401042301203,43.9
U1392,,2023,WUR 2023,,,54.6,,,,15.06262573119662,43.9
U1392,,2023,WUR 2023,,,54.6,,,,16.635504832291446,43.9
U1392,,2023,WUR 2023,,,54.6,,,,7.70819853141716,43.9
U1392,,2023,WUR 2023,,,54.6,,,,10.257737010756824,43.9
U1392,,2023,WUR 2023,,,54.6,,,,12.715623388297129,43.9
U1392,,2023,WUR 2023,,,54.6,,,,13.869534663513184,43.9
U1392,,2023,WUR 2023,,,54.6,,,,6.146807125772188,43.9
U1392,,2023,WUR 2023,,,54.6,,,,12.013271551458049,43.9
U1392,,2023,WUR 2023,,,54.6,,,,4.31948995228298,43.9
U1392,,2023,WUR 2023,,,54.6,,,,14.647984495642952,43.9
U1392,,2023,WUR 2023,,,54.6,,,,21.04078790243373,43.9
U1392,,2023,WUR 2023,,,54.6,,,,12.360347732600466,43.9
U1392,,2023,WUR 2023,,,54.6,,,,13.933106593924531,43.9
U1392,,2023,WUR 2023,,,54.6,,,,22.456205164243038,43.9
U1392,,2023,WUR 2023,,,54.6,,,,14.884108458641276,43.9
U1392,,2023,WUR 2023,,,54.6,,,,14.175358906529317,43.9
U1392,,2023,WUR 2023,,,54.6,,,,2.945328711444474,43.9
U1392,,2023,WUR 2023,,,54.6,,,,15.149877445256404,43.9
U1392,,2023,WUR 2023,,,54.6,,,,9.937988328617376,43.9
U1392,,2023,WUR 2023,,,54.6,,,,7.4295133641299556,43.9
U1392,,2023,WUR 2023,,,54.6,,,,8.39952199281354,43.9
U1392,,2023,WUR 2023,,,54.6,,,,6.571154201361318,43.9
U1392,,2023,WUR 2023,,,54.6,,,,3.277609582730025,43.9
U1392,,2023,WUR 2023,,,54.6,,,,3.1847189500491737,43.9
U1392,,2023,WUR 2023,,,54.6,,,,6.577730643152531,43.9
U1392,,2023,WUR 2023,,,54.6,,,,3.9478255545891,43.9
U1392,,2023,WUR 2023,,,54.6,,,,6.733954972267687,43.9
U1392,,2023,WUR 2023,,,54.6,,,,12.535658747363703,43.9
U1392,,2023,WUR 2023,,,54.6,,,,4.047134316765368,43.9
U1392,,2023,WUR 2023,,,54.6,,,,9.259582578959762,43.9
U1392,,2023,WUR 2023,,,54.6,,,,5.0147794888344,43.9
U1392,,2023,WUR 2023,,,54.6,,,,6.048745570521993,43.9
U1392,,2023,WUR 2023,,,54.6,,,,3.2088437637489795,43.9
U1392,,2023,WUR 2023,,,54.6,,,,3.833456710089624,43.9
U1392,,2023,WUR 2023,,,54.6,,,,9.782059903657936,43.9
U1392,,2023,WUR 2023,,,54.6,,,,5.158831633617945,43.9
U1392,,2023,WUR 2023,,,54.6,,,,6.656987637310143,43.9
U1392,,2023,WUR 2023,,,54.6,,,,7.980847008957106,43.9
U1392,,2023,WUR 2023,,,54.6,,,,6.152391640490189,43.9
U1392,,2023,WUR 2023,,,54.6,,,,5.302684637660615,43.9
U1392,,2023,WUR 2023,,,54.6,,,,4.124848199841193,43.9
U1392,,2023,WUR 2023,,,54.6,,,,3.813111589693071,43.9
U1392,,2023,WUR 2023,,,54.6,,,,5.302602674557117,43.9
U1392,,2023,WUR 2023,,,54.6,,,,8.157174958216169,43.9
U1392,,2023,WUR 2023,,,54.6,,,,5.076762069949905,43.9
U1392,,2023,WUR 2023,,,54.6,,,,6.288810601252746,43.9
U1392,,2023,WUR 2023,,,54.6,,,,6.328276090764572,43.9
U1392,,2023,WUR 2023,,,54.6,,,,11.75297653654587,43.9
U1392,,2023,WUR 2023,,,54.6,,,,10.117266439246784,43.9
U1392,,2023,WUR 2023,,,54.6,,,,4.437922656063465,43.9
U1392,,2023,WUR 2023,,,54.6,,,,4.710293091892417,43.9
U1392,,2023,WUR 2023,,,54.6,,,,7.085925565335147,43.9
U1392,,2023,WUR 2023,,,54.6,,,,3.355528220457925,43.9
U1392,,2023,WUR 2023,,,54.6,,,,,43.9
U1392,,2023,WUR 2023,,,29.1,,,,51.67418335352436,70.0
U1392,,2023,WUR 2023,,,29.1,,,,47.88418239895532,70.0
U1392,,2023,WUR 2023,,,29.1,,,,43.8055958895228,70.0
U1392,,2023,WUR 2023,,,29.1,,,,43.76365568588358,70.0
U1392,,2023,WUR 2023,,,29.1,,,,40.199930465075184,70.0
U1392,,2023,WUR 2023,,,29.1,,,,28.5527837078826,70.0
U1392,,2023,WUR 2023,,,29.1,,,,33.749021648384776,70.0
U1392,,2023,WUR 2023,,,29.1,,,,27.403396326452484,70.0
U1392,,2023,WUR 2023,,,29.1,,,,31.15712600491052,70.0
U1392,,2023,WUR 2023,,,29.1,,,,29.071708243361048,70.0
U1392,,2023,WUR 2023,,,29.1,,,,30.399950650658432,70.0
U1392,,2023,WUR 2023,,,29.1,,,,35.33147185564629,70.0
U1392,,2023,WUR 2023,,,29.1,,,,33.946773711772735,70.0
U1392,,2023,WUR 2023,,,29.1,,,,24.793802164462853,70.0
U1392,,2023,WUR 2023,,,29.1,,,,26.75785339223952,70.0
U1392,,2023,WUR 2023,,,29.1,,,,28.23732384975655,70.0
U1392,,2023,WUR 2023,,,29.1,,,,25.94141452924313,70.0
U1392,,2023,WUR 2023,,,29.1,,,,29.006413964994017,70.0
U1392,,2023,WUR 2023,,,29.1,,,,22.1526345493242,70.0
U1392,,2023,WUR 2023,,,29.1,,,,24.14081875648968,70.0
U1392,,2023,WUR 2023,,,29.1,,,,21.705412418739144,70.0
U1392,,2023,WUR 2023,,,29.1,,,,17.20997779422529,70.0
U1392,,2023,WUR 2023,,,29.1,,,,19.88491145208488,70.0
U1392,,2023,WUR 2023,,,29.1,,,,16.844436642582238,70.0
U1392,,2023,WUR 2023,,,29.1,,,,14.210401042301203,70.0
U1392,,2023,WUR 2023,,,29.1,,,,15.06262573119662,70.0
U1392,,2023,WUR 2023,,,29.1,,,,16.635504832291446,70.0
U1392,,2023,WUR 2023,,,29.1,,,,7.70819853141716,70.0
U1392,,2023,WUR 2023,,,29.1,,,,10.257737010756824,70.0
U1392,,2023,WUR 2023,,,29.1,,,,12.715623388297129,70.0
U1392,,2023,WUR 2023,,,29.1,,,,13.869534663513184,70.0
U1392,,2023,WUR 2023,,,29.1,,,,6.146807125772188,70.0
U1392,,2023,WUR 2023,,,29.1,,,,12.013271551458049,70.0
U1392,,2023,WUR 2023,,,29.1,,,,4.31948995228298,70.0
U1392,,2023,WUR 2023,,,29.1,,,,14.647984495642952,70.0
U1392,,2023,WUR 2023,,,29.1,,,,21.04078790243373,70.0
U1392,,2023,WUR 2023,,,29.1,,,,12.360347732600466,70.0
U1392,,2023,WUR 2023,,,29.1,,,,13.933106593924531,70.0
U1392,,2023,WUR 2023,,,29.1,,,,22.456205164243038,70.0
U1392,,2023,WUR 2023,,,29.1,,,,14.884108458641276,70.0
U1392,,2023,WUR 2023,,,29.1,,,,14.175358906529317,70.0
U1392,,2023,WUR 2023,,,29.1,,,,2.945328711444474,70.0
U1392,,2023,WUR 2023,,,29.1,,,,15.149877445256404,70.0
U1392,,2023,WUR 2023,,,29.1,,,,9.937988328617376,70.0
U1392,,2023,WUR 2023,,,29.1,,,,7.4295133641299556,70.0
U1392,,2023,WUR 2023,,,29.1,,,,8.39952199281354,70.0
U1392,,2023,WUR 2023,,,29.1,,,,6.571154201361318,70.0
U1392,,2023,WUR 2023,,,29.1,,,,3.277609582730025,70.0
U1392,,2023,WUR 2023,,,29.1,,,,3.1847189500491737,70.0
U1392,,2023,WUR 2023,,,29.1,,,,6.577730643152531,70.0
U1392,,2023,WUR 2023,,,29.1,,,,3.9478255545891,70.0
U1392,,2023,WUR 2023,,,29.1,,,,6.733954972267687,70.0
U1392,,2023,WUR 2023,,,29.1,,,,12.535658747363703,70.0
U1392,,2023,WUR 2023,,,29.1,,,,4.047134316765368,70.0
U1392,,2023,WUR 2023,,,29.1,,,,9.259582578959762,70.0
U1392,,2023,WUR 2023,,,29.1,,,,5.0147794888344,70.0
U1392,,2023,WUR 2023,,,29.1,,,,6.048745570521993,70.0
U1392,,2023,WUR 2023,,,29.1,,,,3.2088437637489795,70.0
U1392,,2023,WUR 2023,,,29.1,,,,3.833456710089624,70.0
U1392,,2023,WUR 2023,,,29.1,,,,9.782059903657936,70.0
U1392,,2023,WUR 2023,,,29.1,,,,5.158831633617945,70.0
U1392,,2023,WUR 2023,,,29.1,,,,6.656987637310143,70.0
U1392,,2023,WUR 2023,,,29.1,,,,7.980847008957106,70.0
U1392,,2023,WUR 2023,,,29.1,,,,6.152391640490189,70.0
U1392,,2023,WUR 2023,,,29.1,,,,5.302684637660615,70.0
U1392,,2023,WUR 2023,,,29.1,,,,4.124848199841193,70.0
U1392,,2023,WUR 2023,,,29.1,,,,3.813111589693071,70.0
U1392,,2023,WUR 2023,,,29.1,,,,5.302602674557117,70.0
U1392,,2023,WUR 2023,,,29.1,,,,8.157174958216169,70.0
U1392,,2023,WUR 2023,,,29.1,,,,5.076762069949905,70.0
U1392,,2023,WUR 2023,,,29.1,,,,6.288810601252746,70.0
U1392,,2023,WUR 2023,,,29.1,,,,6.328276090764572,70.0
U1392,,2023,WUR 2023,,,29.1,,,,11.75297653654587,70.0
U1392,,2023,WUR 2023,,,29.1,,,,10.117266439246784,70.0
U1392,,2023,WUR 2023,,,29.1,,,,4.437922656063465,70.0
U1392,,2023,WUR 2023,,,29.1,,,,4.710293091892417,70.0
U1392,,2023,WUR 2023,,,29.1,,,,7.085925565335147,70.0
U1392,,2023,WUR 2023,,,29.1,,,,3.355528220457925,70.0
U1392,,2023,WUR 2023,,,29.1,,,,,70.0
U1392,,2023,WUR 2023,,,23.8,,,,51.67418335352436,49.5
U1392,,2023,WUR 2023,,,23.8,,,,47.88418239895532,49.5
U1392,,2023,WUR 2023,,,23.8,,,,43.8055958895228,49.5
U1392,,2023,WUR 2023,,,23.8,,,,43.76365568588358,49.5
U1392,,2023,WUR 2023,,,23.8,,,,40.199930465075184,49.5
U1392,,2023,WUR 2023,,,23.8,,,,28.5527837078826,49.5
U1392,,2023,WUR 2023,,,23.8,,,,33.749021648384776,49.5
U1392,,2023,WUR 2023,,,23.8,,,,27.403396326452484,49.5
U1392,,2023,WUR 2023,,,23.8,,,,31.15712600491052,49.5
U1392,,2023,WUR 2023,,,23.8,,,,29.071708243361048,49.5
U1392,,2023,WUR 2023,,,23.8,,,,30.399950650658432,49.5
U1392,,2023,WUR 2023,,,23.8,,,,35.33147185564629,49.5
U1392,,2023,WUR 2023,,,23.8,,,,33.946773711772735,49.5
U1392,,2023,WUR 2023,,,23.8,,,,24.793802164462853,49.5
U1392,,2023,WUR 2023,,,23.8,,,,26.75785339223952,49.5
U1392,,2023,WUR 2023,,,23.8,,,,28.23732384975655,49.5
U1392,,2023,WUR 2023,,,23.8,,,,25.94141452924313,49.5
U1392,,2023,WUR 2023,,,23.8,,,,29.006413964994017,49.5
U1392,,2023,WUR 2023,,,23.8,,,,22.1526345493242,49.5
U1392,,2023,WUR 2023,,,23.8,,,,24.14081875648968,49.5
U1392,,2023,WUR 2023,,,23.8,,,,21.705412418739144,49.5
U1392,,2023,WUR 2023,,,23.8,,,,17.20997779422529,49.5
U1392,,2023,WUR 2023,,,23.8,,,,19.88491145208488,49.5
U1392,,2023,WUR 2023,,,23.8,,,,16.844436642582238,49.5
U1392,,2023,WUR 2023,,,23.8,,,,14.210401042301203,49.5
U1392,,2023,WUR 2023,,,23.8,,,,15.06262573119662,49.5
U1392,,2023,WUR 2023,,,23.8,,,,16.635504832291446,49.5
U1392,,2023,WUR 2023,,,23.8,,,,7.70819853141716,49.5
U1392,,2023,WUR 2023,,,23.8,,,,10.257737010756824,49.5
U1392,,2023,WUR 2023,,,23.8,,,,12.715623388297129,49.5
U1392,,2023,WUR 2023,,,23.8,,,,13.869534663513184,49.5
U1392,,2023,WUR 2023,,,23.8,,,,6.146807125772188,49.5
U1392,,2023,WUR 2023,,,23.8,,,,12.013271551458049,49.5
U1392,,2023,WUR 2023,,,23.8,,,,4.31948995228298,49.5
U1392,,2023,WUR 2023,,,23.8,,,,14.647984495642952,49.5
U1392,,2023,WUR 2023,,,23.8,,,,21.04078790243373,49.5
U1392,,2023,WUR 2023,,,23.8,,,,12.360347732600466,49.5
U1392,,2023,WUR 2023,,,23.8,,,,13.933106593924531,49.5
U1392,,2023,WUR 2023,,,23.8,,,,22.456205164243038,49.5
U1392,,2023,WUR 2023,,,23.8,,,,14.884108458641276,49.5
U1392,,2023,WUR 2023,,,23.8,,,,14.175358906529317,49.5
U1392,,2023,WUR 2023,,,23.8,,,,2.945328711444474,49.5
U1392,,2023,WUR 2023,,,23.8,,,,15.149877445256404,49.5
U1392,,2023,WUR 2023,,,23.8,,,,9.937988328617376,49.5
U1392,,2023,WUR 2023,,,23.8,,,,7.4295133641299556,49.5
U1392,,2023,WUR 2023,,,23.8,,,,8.39952199281354,49.5
U1392,,2023,WUR 2023,,,23.8,,,,6.571154201361318,49.5
U1392,,2023,WUR 2023,,,23.8,,,,3.277609582730025,49.5
U1392,,2023,WUR 2023,,,23.8,,,,3.1847189500491737,49.5
U1392,,2023,WUR 2023,,,23.8,,,,6.577730643152531,49.5
U1392,,2023,WUR 2023,,,23.8,,,,3.9478255545891,49.5
U1392,,2023,WUR 2023,,,23.8,,,,6.733954972267687,49.5
U1392,,2023,WUR 2023,,,23.8,,,,12.535658747363703,49.5
U1392,,2023,WUR 2023,,,23.8,,,,4.047134316765368,49.5
U1392,,2023,WUR 2023,,,23.8,,,,9.259582578959762,49.5
U1392,,2023,WUR 2023,,,23.8,,,,5.0147794888344,49.5
U1392,,2023,WUR 2023,,,23.8,,,,6.048745570521993,49.5
U1392,,2023,WUR 2023,,,23.8,,,,3.2088437637489795,49.5
U1392,,2023,WUR 2023,,,23.8,,,,3.833456710089624,49.5
U1392,,2023,WUR 2023,,,23.8,,,,9.782059903657936,49.5
U1392,,2023,WUR 2023,,,23.8,,,,5.158831633617945,49.5
U1392,,2023,WUR 2023,,,23.8,,,,6.656987637310143,49.5
U1392,,2023,WUR 2023,,,23.8,,,,7.980847008957106,49.5
U1392,,2023,WUR 2023,,,23.8,,,,6.152391640490189,49.5
U1392,,2023,WUR 2023,,,23.8,,,,5.302684637660615,49.5
U1392,,2023,WUR 2023,,,23.8,,,,4.124848199841193,49.5
U1392,,2023,WUR 2023,,,23.8,,,,3.813111589693071,49.5
U1392,,2023,WUR 2023,,,23.8,,,,5.302602674557117,49.5
U1392,,2023,WUR 2023,,,23.8,,,,8.157174958216169,49.5
U1392,,2023,WUR 2023,,,23.8,,,,5.076762069949905,49.5
U1392,,2023,WUR 2023,,,23.8,,,,6.288810601252746,49.5
U1392,,2023,WUR 2023,,,23.8,,,,6.328276090764572,49.5
U1392,,2023,WUR 2023,,,23.8,,,,11.75297653654587,49.5
U1392,,2023,WUR 2023,,,23.8,,,,10.117266439246784,49.5
U1392,,2023,WUR 2023,,,23.8,,,,4.437922656063465,49.5
U1392,,2023,WUR 2023,,,23.8,,,,4.710293091892417,49.5
U1392,,2023,WUR 2023,,,23.8,,,,7.085925565335147,49.5
U1392,,2023,WUR 2023,,,23.8,,,,3.355528220457925,49.5
U1392,,2023,WUR 2023,,,23.8,,,,,49.5
U1392,,2023,WUR 2023,,,83.3,,,,51.67418335352436,35.3
U1392,,2023,WUR 2023,,,83.3,,,,47.88418239895532,35.3
U1392,,2023,WUR 2023,,,83.3,,,,43.8055958895228,35.3
U1392,,2023,WUR 2023,,,83.3,,,,43.76365568588358,35.3
U1392,,2023,WUR 2023,,,83.3,,,,40.199930465075184,35.3
U1392,,2023,WUR 2023,,,83.3,,,,28.5527837078826,35.3
U1392,,2023,WUR 2023,,,83.3,,,,33.749021648384776,35.3
U1392,,2023,WUR 2023,,,83.3,,,,27.403396326452484,35.3
U1392,,2023,WUR 2023,,,83.3,,,,31.15712600491052,35.3
U1392,,2023,WUR 2023,,,83.3,,,,29.071708243361048,35.3
U1392,,2023,WUR 2023,,,83.3,,,,30.399950650658432,35.3
U1392,,2023,WUR 2023,,,83.3,,,,35.33147185564629,35.3
U1392,,2023,WUR 2023,,,83.3,,,,33.946773711772735,35.3
U1392,,2023,WUR 2023,,,83.3,,,,24.793802164462853,35.3
U1392,,2023,WUR 2023,,,83.3,,,,26.75785339223952,35.3
U1392,,2023,WUR 2023,,,83.3,,,,28.23732384975655,35.3
U1392,,2023,WUR 2023,,,83.3,,,,25.94141452924313,35.3
U1392,,2023,WUR 2023,,,83.3,,,,29.006413964994017,35.3
U1392,,2023,WUR 2023,,,83.3,,,,22.1526345493242,35.3
U1392,,2023,WUR 2023,,,83.3,,,,24.14081875648968,35.3
U1392,,2023,WUR 2023,,,83.3,,,,21.705412418739144,35.3
U1392,,2023,WUR 2023,,,83.3,,,,17.20997779422529,35.3
U1392,,2023,WUR 2023,,,83.3,,,,19.88491145208488,35.3
U1392,,2023,WUR 2023,,,83.3,,,,16.844436642582238,35.3
U1392,,2023,WUR 2023,,,83.3,,,,14.210401042301203,35.3
U1392,,2023,WUR 2023,,,83.3,,,,15.06262573119662,35.3
U1392,,2023,WUR 2023,,,83.3,,,,16.635504832291446,35.3
U1392,,2023,WUR 2023,,,83.3,,,,7.70819853141716,35.3
U1392,,2023,WUR 2023,,,83.3,,,,10.257737010756824,35.3
U1392,,2023,WUR 2023,,,83.3,,,,12.715623388297129,35.3
U1392,,2023,WUR 2023,,,83.3,,,,13.869534663513184,35.3
U1392,,2023,WUR 2023,,,83.3,,,,6.146807125772188,35.3
U1392,,2023,WUR 2023,,,83.3,,,,12.013271551458049,35.3
U1392,,2023,WUR 2023,,,83.3,,,,4.31948995228298,35.3
U1392,,2023,WUR 2023,,,83.3,,,,14.647984495642952,35.3
U1392,,2023,WUR 2023,,,83.3,,,,21.04078790243373,35.3
U1392,,2023,WUR 2023,,,83.3,,,,12.360347732600466,35.3
U1392,,2023,WUR 2023,,,83.3,,,,13.933106593924531,35.3
U1392,,2023,WUR 2023,,,83.3,,,,22.456205164243038,35.3
U1392,,2023,WUR 2023,,,83.3,,,,14.884108458641276,35.3
U1392,,2023,WUR 2023,,,83.3,,,,14.175358906529317,35.3
U1392,,2023,WUR 2023,,,83.3,,,,2.945328711444474,35.3
U1392,,2023,WUR 2023,,,83.3,,,,15.149877445256404,35.3
U1392,,2023,WUR 2023,,,83.3,,,,9.937988328617376,35.3
U1392,,2023,WUR 2023,,,83.3,,,,7.4295133641299556,35.3
U1392,,2023,WUR 2023,,,83.3,,,,8.39952199281354,35.3
U1392,,2023,WUR 2023,,,83.3,,,,6.571154201361318,35.3
U1392,,2023,WUR 2023,,,83.3,,,,3.277609582730025,35.3
U1392,,2023,WUR 2023,,,83.3,,,,3.1847189500491737,35.3
U1392,,2023,WUR 2023,,,83.3,,,,6.577730643152531,35.3
U1392,,2023,WUR 2023,,,83.3,,,,3.9478255545891,35.3
U1392,,2023,WUR 2023,,,83.3,,,,6.733954972267687,35.3
U1392,,2023,WUR 2023,,,83.3,,,,12.535658747363703,35.3
U1392,,2023,WUR 2023,,,83.3,,,,4.047134316765368,35.3
U1392,,2023,WUR 2023,,,83.3,,,,9.259582578959762,35.3
U1392,,2023,WUR 2023,,,83.3,,,,5.0147794888344,35.3
U1392,,2023,WUR 2023,,,83.3,,,,6.048745570521993,35.3
U1392,,2023,WUR 2023,,,83.3,,,,3.2088437637489795,35.3
U1392,,2023,WUR 2023,,,83.3,,,,3.833456710089624,35.3
U1392,,2023,WUR 2023,,,83.3,,,,9.782059903657936,35.3
U1392,,2023,WUR 2023,,,83.3,,,,5.158831633617945,35.3
U1392,,2023,WUR 2023,,,83.3,,,,6.656987637310143,35.3
U1392,,2023,WUR 2023,,,83.3,,,,7.980847008957106,35.3
U1392,,2023,WUR 2023,,,83.3,,,,6.152391640490189,35.3
U1392,,2023,WUR 2023,,,83.3,,,,5.302684637660615,35.3
U1392,,2023,WUR 2023,,,83.3,,,,4.124848199841193,35.3
U1392,,2023,WUR 2023,,,83.3,,,,3.813111589693071,35.3
U1392,,2023,WUR 2023,,,83.3,,,,5.302602674557117,35.3
U1392,,2023,WUR 2023,,,83.3,,,,8.157174958216169,35.3
U1392,,2023,WUR 2023,,,83.3,,,,5.076762069949905,35.3
U1392,,2023,WUR 2023,,,83.3,,,,6.288810601252746,35.3
U1392,,2023,WUR 2023,,,83.3,,,,6.328276090764572,35.3
U1392,,2023,WUR 2023,,,83.3,,,,11.75297653654587,35.3
U1392,,2023,WUR 2023,,,83.3,,,,10.117266439246784,35.3
U1392,,2023,WUR 2023,,,83.3,,,,4.437922656063465,35.3
U1392,,2023,WUR 2023,,,83.3,,,,4.710293091892417,35.3
U1392,,2023,WUR 2023,,,83.3,,,,7.085925565335147,35.3
U1392,,2023,WUR 2023,,,83.3,,,,3.355528220457925,35.3
U1392,,2023,WUR 2023,,,83.3,,,,,35.3
U1392,,2023,WUR 2023,,,71.1,,,,51.67418335352436,23.7
U1392,,2023,WUR 2023,,,71.1,,,,47.88418239895532,23.7
U1392,,2023,WUR 2023,,,71.1,,,,43.8055958895228,23.7
U1392,,2023,WUR 2023,,,71.1,,,,43.76365568588358,23.7
U1392,,2023,WUR 2023,,,71.1,,,,40.199930465075184,23.7
U1392,,2023,WUR 2023,,,71.1,,,,28.5527837078826,23.7
U1392,,2023,WUR 2023,,,71.1,,,,33.749021648384776,23.7
U1392,,2023,WUR 2023,,,71.1,,,,27.403396326452484,23.7
U1392,,2023,WUR 2023,,,71.1,,,,31.15712600491052,23.7
U1392,,2023,WUR 2023,,,71.1,,,,29.071708243361048,23.7
U1392,,2023,WUR 2023,,,71.1,,,,30.399950650658432,23.7
U1392,,2023,WUR 2023,,,71.1,,,,35.33147185564629,23.7
U1392,,2023,WUR 2023,,,71.1,,,,33.946773711772735,23.7
U1392,,2023,WUR 2023,,,71.1,,,,24.793802164462853,23.7
U1392,,2023,WUR 2023,,,71.1,,,,26.75785339223952,23.7
U1392,,2023,WUR 2023,,,71.1,,,,28.23732384975655,23.7
U1392,,2023,WUR 2023,,,71.1,,,,25.94141452924313,23.7
U1392,,2023,WUR 2023,,,71.1,,,,29.006413964994017,23.7
U1392,,2023,WUR 2023,,,71.1,,,,22.1526345493242,23.7
U1392,,2023,WUR 2023,,,71.1,,,,24.14081875648968,23.7
U1392,,2023,WUR 2023,,,71.1,,,,21.705412418739144,23.7
U1392,,2023,WUR 2023,,,71.1,,,,17.20997779422529,23.7
U1392,,2023,WUR 2023,,,71.1,,,,19.88491145208488,23.7
U1392,,2023,WUR 2023,,,71.1,,,,16.844436642582238,23.7
U1392,,2023,WUR 2023,,,71.1,,,,14.210401042301203,23.7
U1392,,2023,WUR 2023,,,71.1,,,,15.06262573119662,23.7
U1392,,2023,WUR 2023,,,71.1,,,,16.635504832291446,23.7
U1392,,2023,WUR 2023,,,71.1,,,,7.70819853141716,23.7
U1392,,2023,WUR 2023,,,71.1,,,,10.257737010756824,23.7
U1392,,2023,WUR 2023,,,71.1,,,,12.715623388297129,23.7
U1392,,2023,WUR 2023,,,71.1,,,,13.869534663513184,23.7
U1392,,2023,WUR 2023,,,71.1,,,,6.146807125772188,23.7
U1392,,2023,WUR 2023,,,71.1,,,,12.013271551458049,23.7
U1392,,2023,WUR 2023,,,71.1,,,,4.31948995228298,23.7
U1392,,2023,WUR 2023,,,71.1,,,,14.647984495642952,23.7
U1392,,2023,WUR 2023,,,71.1,,,,21.04078790243373,23.7
U1392,,2023,WUR 2023,,,71.1,,,,12.360347732600466,23.7
U1392,,2023,WUR 2023,,,71.1,,,,13.933106593924531,23.7
U1392,,2023,WUR 2023,,,71.1,,,,22.456205164243038,23.7
U1392,,2023,WUR 2023,,,71.1,,,,14.884108458641276,23.7
U1392,,2023,WUR 2023,,,71.1,,,,14.175358906529317,23.7
U1392,,2023,WUR 2023,,,71.1,,,,2.945328711444474,23.7
U1392,,2023,WUR 2023,,,71.1,,,,15.149877445256404,23.7
U1392,,2023,WUR 2023,,,71.1,,,,9.937988328617376,23.7
U1392,,2023,WUR 2023,,,71.1,,,,7.4295133641299556,23.7
U1392,,2023,WUR 2023,,,71.1,,,,8.39952199281354,23.7
U1392,,2023,WUR 2023,,,71.1,,,,6.571154201361318,23.7
U1392,,2023,WUR 2023,,,71.1,,,,3.277609582730025,23.7
U1392,,2023,WUR 2023,,,71.1,,,,3.1847189500491737,23.7
U1392,,2023,WUR 2023,,,71.1,,,,6.577730643152531,23.7
U1392,,2023,WUR 2023,,,71.1,,,,3.9478255545891,23.7
U1392,,2023,WUR 2023,,,71.1,,,,6.733954972267687,23.7
U1392,,2023,WUR 2023,,,71.1,,,,12.535658747363703,23.7
U1392,,2023,WUR 2023,,,71.1,,,,4.047134316765368,23.7
U1392,,2023,WUR 2023,,,71.1,,,,9.259582578959762,23.7
U1392,,2023,WUR 2023,,,71.1,,,,5.0147794888344,23.7
U1392,,2023,WUR 2023,,,71.1,,,,6.048745570521993,23.7
U1392,,2023,WUR 2023,,,71.1,,,,3.2088437637489795,23.7
U1392,,2023,WUR 2023,,,71.1,,,,3.833456710089624,23.7
U1392,,2023,WUR 2023,,,71.1,,,,9.782059903657936,23.7
U1392,,2023,WUR 2023,,,71.1,,,,5.158831633617945,23.7
U1392,,2023,WUR 2023,,,71.1,,,,6.656987637310143,23.7
U1392,,2023,WUR 2023,,,71.1,,,,7.980847008957106,23.7
U1392,,2023,WUR 2023,,,71.1,,,,6.152391640490189,23.7
U1392,,2023,WUR 2023,,,71.1,,,,5.302684637660615,23.7
U1392,,2023,WUR 2023,,,71.1,,,,4.124848199841193,23.7
U1392,,2023,WUR 2023,,,71.1,,,,3.813111589693071,23.7
U1392,,2023,WUR 2023,,,71.1,,,,5.302602674557117,23.7
U1392,,2023,WUR 2023,,,71.1,,,,8.157174958216169,23.7
U1392,,2023,WUR 2023,,,71.1,,,,5.076762069949905,23.7
U1392,,2023,WUR 2023,,,71.1,,,,6.288810601252746,23.7
U1392,,2023,WUR 2023,,,71.1,,,,6.328276090764572,23.7
U1392,,2023,WUR 2023,,,71.1,,,,11.75297653654587,23.7
U1392,,2023,WUR 2023,,,71.1,,,,10.117266439246784,23.7
U1392,,2023,WUR 2023,,,71.1,,,,4.437922656063465,23.7
U1392,,2023,WUR 2023,,,71.1,,,,4.710293091892417,23.7
U1392,,2023,WUR 2023,,,71.1,,,,7.085925565335147,23.7
U1392,,2023,WUR 2023,,,71.1,,,,3.355528220457925,23.7
U1392,,2023,WUR 2023,,,71.1,,,,,23.7
U1392,,2023,WUR 2023,,,38.3,,,,51.67418335352436,64.6
U1392,,2023,WUR 2023,,,38.3,,,,47.88418239895532,64.6
U1392,,2023,WUR 2023,,,38.3,,,,43.8055958895228,64.6
U1392,,2023,WUR 2023,,,38.3,,,,43.76365568588358,64.6
U1392,,2023,WUR 2023,,,38.3,,,,40.199930465075184,64.6
U1392,,2023,WUR 2023,,,38.3,,,,28.5527837078826,64.6
U1392,,2023,WUR 2023,,,38.3,,,,33.749021648384776,64.6
U1392,,2023,WUR 2023,,,38.3,,,,27.403396326452484,64.6
U1392,,2023,WUR 2023,,,38.3,,,,31.15712600491052,64.6
U1392,,2023,WUR 2023,,,38.3,,,,29.071708243361048,64.6
U1392,,2023,WUR 2023,,,38.3,,,,30.399950650658432,64.6
U1392,,2023,WUR 2023,,,38.3,,,,35.33147185564629,64.6
U1392,,2023,WUR 2023,,,38.3,,,,33.946773711772735,64.6
U1392,,2023,WUR 2023,,,38.3,,,,24.793802164462853,64.6
U1392,,2023,WUR 2023,,,38.3,,,,26.75785339223952,64.6
U1392,,2023,WUR 2023,,,38.3,,,,28.23732384975655,64.6
U1392,,2023,WUR 2023,,,38.3,,,,25.94141452924313,64.6
U1392,,2023,WUR 2023,,,38.3,,,,29.006413964994017,64.6
U1392,,2023,WUR 2023,,,38.3,,,,22.1526345493242,64.6
U1392,,2023,WUR 2023,,,38.3,,,,24.14081875648968,64.6
U1392,,2023,WUR 2023,,,38.3,,,,21.705412418739144,64.6
U1392,,2023,WUR 2023,,,38.3,,,,17.20997779422529,64.6
U1392,,2023,WUR 2023,,,38.3,,,,19.88491145208488,64.6
U1392,,2023,WUR 2023,,,38.3,,,,16.844436642582238,64.6
U1392,,2023,WUR 2023,,,38.3,,,,14.210401042301203,64.6
U1392,,2023,WUR 2023,,,38.3,,,,15.06262573119662,64.6
U1392,,2023,WUR 2023,,,38.3,,,,16.635504832291446,64.6
U1392,,2023,WUR 2023,,,38.3,,,,7.70819853141716,64.6
U1392,,2023,WUR 2023,,,38.3,,,,10.257737010756824,64.6
U1392,,2023,WUR 2023,,,38.3,,,,12.715623388297129,64.6
U1392,,2023,WUR 2023,,,38.3,,,,13.869534663513184,64.6
U1392,,2023,WUR 2023,,,38.3,,,,6.146807125772188,64.6
U1392,,2023,WUR 2023,,,38.3,,,,12.013271551458049,64.6
U1392,,2023,WUR 2023,,,38.3,,,,4.31948995228298,64.6
U1392,,2023,WUR 2023,,,38.3,,,,14.647984495642952,64.6
U1392,,2023,WUR 2023,,,38.3,,,,21.04078790243373,64.6
U1392,,2023,WUR 2023,,,38.3,,,,12.360347732600466,64.6
U1392,,2023,WUR 2023,,,38.3,,,,13.933106593924531,64.6
U1392,,2023,WUR 2023,,,38.3,,,,22.456205164243038,64.6
U1392,,2023,WUR 2023,,,38.3,,,,14.884108458641276,64.6
U1392,,2023,WUR 2023,,,38.3,,,,14.175358906529317,64.6
U1392,,2023,WUR 2023,,,38.3,,,,2.945328711444474,64.6
U1392,,2023,WUR 2023,,,38.3,,,,15.149877445256404,64.6
U1392,,2023,WUR 2023,,,38.3,,,,9.937988328617376,64.6
U1392,,2023,WUR 2023,,,38.3,,,,7.4295133641299556,64.6
U1392,,2023,WUR 2023,,,38.3,,,,8.39952199281354,64.6
U1392,,2023,WUR 2023,,,38.3,,,,6.571154201361318,64.6
U1392,,2023,WUR 2023,,,38.3,,,,3.277609582730025,64.6
U1392,,2023,WUR 2023,,,38.3,,,,3.1847189500491737,64.6
U1392,,2023,WUR 2023,,,38.3,,,,6.577730643152531,64.6
U1392,,2023,WUR 2023,,,38.3,,,,3.9478255545891,64.6
U1392,,2023,WUR 2023,,,38.3,,,,6.733954972267687,64.6
U1392,,2023,WUR 2023,,,38.3,,,,12.535658747363703,64.6
U1392,,2023,WUR 2023,,,38.3,,,,4.047134316765368,64.6
U1392,,2023,WUR 2023,,,38.3,,,,9.259582578959762,64.6
U1392,,2023,WUR 2023,,,38.3,,,,5.0147794888344,64.6
U1392,,2023,WUR 2023,,,38.3,,,,6.048745570521993,64.6
U1392,,2023,WUR 2023,,,38.3,,,,3.2088437637489795,64.6
U1392,,2023,WUR 2023,,,38.3,,,,3.833456710089624,64.6
U1392,,2023,WUR 2023,,,38.3,,,,9.782059903657936,64.6
U1392,,2023,WUR 2023,,,38.3,,,,5.158831633617945,64.6
U1392,,2023,WUR 2023,,,38.3,,,,6.656987637310143,64.6
U1392,,2023,WUR 2023,,,38.3,,,,7.980847008957106,64.6
U1392,,2023,WUR 2023,,,38.3,,,,6.152391640490189,64.6
U1392,,2023,WUR 2023,,,38.3,,,,5.302684637660615,64.6
U1392,,2023,WUR 2023,,,38.3,,,,4.124848199841193,64.6
U1392,,2023,WUR 2023,,,38.3,,,,3.813111589693071,64.6
U1392,,2023,WUR 2023,,,38.3,,,,5.302602674557117,64.6
U1392,,2023,WUR 2023,,,38.3,,,,8.157174958216169,64.6
U1392,,2023,WUR 2023,,,38.3,,,,5.076762069949905,64.6
U1392,,2023,WUR 2023,,,38.3,,,,6.288810601252746,64.6
U1392,,2023,WUR 2023,,,38.3,,,,6.328276090764572,64.6
U1392,,2023,WUR 2023,,,38.3,,,,11.75297653654587,64.6
U1392,,2023,WUR 2023,,,38.3,,,,10.117266439246784,64.6
U1392,,2023,WUR 2023,,,38.3,,,,4.437922656063465,64.6
U1392,,2023,WUR 2023,,,38.3,,,,4.710293091892417,64.6
U1392,,2023,WUR 2023,,,38.3,,,,7.085925565335147,64.6
U1392,,2023,WUR 2023,,,38.3,,,,3.355528220457925,64.6
U1392,,2023,WUR 2023,,,38.3,,,,,64.6
U1392,,2023,WUR 2023,,,66.7,,,,51.67418335352436,42.1
U1392,,2023,WUR 2023,,,66.7,,,,47.88418239895532,42.1
U1392,,2023,WUR 2023,,,66.7,,,,43.8055958895228,42.1
U1392,,2023,WUR 2023,,,66.7,,,,43.76365568588358,42.1
U1392,,2023,WUR 2023,,,66.7,,,,40.199930465075184,42.1
U1392,,2023,WUR 2023,,,66.7,,,,28.5527837078826,42.1
U1392,,2023,WUR 2023,,,66.7,,,,33.749021648384776,42.1
U1392,,2023,WUR 2023,,,66.7,,,,27.403396326452484,42.1
U1392,,2023,WUR 2023,,,66.7,,,,31.15712600491052,42.1
U1392,,2023,WUR 2023,,,66.7,,,,29.071708243361048,42.1
U1392,,2023,WUR 2023,,,66.7,,,,30.399950650658432,42.1
U1392,,2023,WUR 2023,,,66.7,,,,35.33147185564629,42.1
U1392,,2023,WUR 2023,,,66.7,,,,33.946773711772735,42.1
U1392,,2023,WUR 2023,,,66.7,,,,24.793802164462853,42.1
U1392,,2023,WUR 2023,,,66.7,,,,26.75785339223952,42.1
U1392,,2023,WUR 2023,,,66.7,,,,28.23732384975655,42.1
U1392,,2023,WUR 2023,,,66.7,,,,25.94141452924313,42.1
U1392,,2023,WUR 2023,,,66.7,,,,29.006413964994017,42.1
U1392,,2023,WUR 2023,,,66.7,,,,22.1526345493242,42.1
U1392,,2023,WUR 2023,,,66.7,,,,24.14081875648968,42.1
U1392,,2023,WUR 2023,,,66.7,,,,21.705412418739144,42.1
U1392,,2023,WUR 2023,,,66.7,,,,17.20997779422529,42.1
U1392,,2023,WUR 2023,,,66.7,,,,19.88491145208488,42.1
U1392,,2023,WUR 2023,,,66.7,,,,16.844436642582238,42.1
U1392,,2023,WUR 2023,,,66.7,,,,14.210401042301203,42.1
U1392,,2023,WUR 2023,,,66.7,,,,15.06262573119662,42.1
U1392,,2023,WUR 2023,,,66.7,,,,16.635504832291446,42.1
U1392,,2023,WUR 2023,,,66.7,,,,7.70819853141716,42.1
U1392,,2023,WUR 2023,,,66.7,,,,10.257737010756824,42.1
U1392,,2023,WUR 2023,,,66.7,,,,12.715623388297129,42.1
U1392,,2023,WUR 2023,,,66.7,,,,13.869534663513184,42.1
U1392,,2023,WUR 2023,,,66.7,,,,6.146807125772188,42.1
U1392,,2023,WUR 2023,,,66.7,,,,12.013271551458049,42.1
U1392,,2023,WUR 2023,,,66.7,,,,4.31948995228298,42.1
U1392,,2023,WUR 2023,,,66.7,,,,14.647984495642952,42.1
U1392,,2023,WUR 2023,,,66.7,,,,21.04078790243373,42.1
U1392,,2023,WUR 2023,,,66.7,,,,12.360347732600466,42.1
U1392,,2023,WUR 2023,,,66.7,,,,13.933106593924531,42.1
U1392,,2023,WUR 2023,,,66.7,,,,22.456205164243038,42.1
U1392,,2023,WUR 2023,,,66.7,,,,14.884108458641276,42.1
U1392,,2023,WUR 2023,,,66.7,,,,14.175358906529317,42.1
U1392,,2023,WUR 2023,,,66.7,,,,2.945328711444474,42.1
U1392,,2023,WUR 2023,,,66.7,,,,15.149877445256404,42.1
U1392,,2023,WUR 2023,,,66.7,,,,9.937988328617376,42.1
U1392,,2023,WUR 2023,,,66.7,,,,7.4295133641299556,42.1
U1392,,2023,WUR 2023,,,66.7,,,,8.39952199281354,42.1
U1392,,2023,WUR 2023,,,66.7,,,,6.571154201361318,42.1
U1392,,2023,WUR 2023,,,66.7,,,,3.277609582730025,42.1
U1392,,2023,WUR 2023,,,66.7,,,,3.1847189500491737,42.1
U1392,,2023,WUR 2023,,,66.7,,,,6.577730643152531,42.1
U1392,,2023,WUR 2023,,,66.7,,,,3.9478255545891,42.1
U1392,,2023,WUR 2023,,,66.7,,,,6.733954972267687,42.1
U1392,,2023,WUR 2023,,,66.7,,,,12.535658747363703,42.1
U1392,,2023,WUR 2023,,,66.7,,,,4.047134316765368,42.1
U1392,,2023,WUR 2023,,,66.7,,,,9.259582578959762,42.1
U1392,,2023,WUR 2023,,,66.7,,,,5.0147794888344,42.1
U1392,,2023,WUR 2023,,,66.7,,,,6.048745570521993,42.1
U1392,,2023,WUR 2023,,,66.7,,,,3.2088437637489795,42.1
U1392,,2023,WUR 2023,,,66.7,,,,3.833456710089624,42.1
U1392,,2023,WUR 2023,,,66.7,,,,9.782059903657936,42.1
U1392,,2023,WUR 2023,,,66.7,,,,5.158831633617945,42.1
U1392,,2023,WUR 2023,,,66.7,,,,6.656987637310143,42.1
U1392,,2023,WUR 2023,,,66.7,,,,7.980847008957106,42.1
U1392,,2023,WUR 2023,,,66.7,,,,6.152391640490189,42.1
U1392,,2023,WUR 2023,,,66.7,,,,5.302684637660615,42.1
U1392,,2023,WUR 2023,,,66.7,,,,4.124848199841193,42.1
U1392,,2023,WUR 2023,,,66.7,,,,3.813111589693071,42.1
U1392,,2023,WUR 2023,,,66.7,,,,5.302602674557117,42.1
U1392,,2023,WUR 2023,,,66.7,,,,8.157174958216169,42.1
U1392,,2023,WUR 2023,,,66.7,,,,5.076762069949905,42.1
U1392,,2023,WUR 2023,,,66.7,,,,6.288810601252746,42.1
U1392,,2023,WUR 2023,,,66.7,,,,6.328276090764572,42.1
U1392,,2023,WUR 2023,,,66.7,,,,11.75297653654587,42.1
U1392,,2023,WUR 2023,,,66.7,,,,10.117266439246784,42.1
U1392,,2023,WUR 2023,,,66.7,,,,4.437922656063465,42.1
U1392,,2023,WUR 2023,,,66.7,,,,4.710293091892417,42.1
U1392,,2023,WUR 2023,,,66.7,,,,7.085925565335147,42.1
U1392,,2023,WUR 2023,,,66.7,,,,3.355528220457925,42.1
U1392,,2023,WUR 2023,,,66.7,,,,,42.1
U1392,,2023,WUR 2023,,,37.9,,,,51.67418335352436,63.5
U1392,,2023,WUR 2023,,,37.9,,,,47.88418239895532,63.5
U1392,,2023,WUR 2023,,,37.9,,,,43.8055958895228,63.5
U1392,,2023,WUR 2023,,,37.9,,,,43.76365568588358,63.5
U1392,,2023,WUR 2023,,,37.9,,,,40.199930465075184,63.5
U1392,,2023,WUR 2023,,,37.9,,,,28.5527837078826,63.5
U1392,,2023,WUR 2023,,,37.9,,,,33.749021648384776,63.5
U1392,,2023,WUR 2023,,,37.9,,,,27.403396326452484,63.5
U1392,,2023,WUR 2023,,,37.9,,,,31.15712600491052,63.5
U1392,,2023,WUR 2023,,,37.9,,,,29.071708243361048,63.5
U1392,,2023,WUR 2023,,,37.9,,,,30.399950650658432,63.5
U1392,,2023,WUR 2023,,,37.9,,,,35.33147185564629,63.5
U1392,,2023,WUR 2023,,,37.9,,,,33.946773711772735,63.5
U1392,,2023,WUR 2023,,,37.9,,,,24.793802164462853,63.5
U1392,,2023,WUR 2023,,,37.9,,,,26.75785339223952,63.5
U1392,,2023,WUR 2023,,,37.9,,,,28.23732384975655,63.5
U1392,,2023,WUR 2023,,,37.9,,,,25.94141452924313,63.5
U1392,,2023,WUR 2023,,,37.9,,,,29.006413964994017,63.5
U1392,,2023,WUR 2023,,,37.9,,,,22.1526345493242,63.5
U1392,,2023,WUR 2023,,,37.9,,,,24.14081875648968,63.5
U1392,,2023,WUR 2023,,,37.9,,,,21.705412418739144,63.5
U1392,,2023,WUR 2023,,,37.9,,,,17.20997779422529,63.5
U1392,,2023,WUR 2023,,,37.9,,,,19.88491145208488,63.5
U1392,,2023,WUR 2023,,,37.9,,,,16.844436642582238,63.5
U1392,,2023,WUR 2023,,,37.9,,,,14.210401042301203,63.5
U1392,,2023,WUR 2023,,,37.9,,,,15.06262573119662,63.5
U1392,,2023,WUR 2023,,,37.9,,,,16.635504832291446,63.5
U1392,,2023,WUR 2023,,,37.9,,,,7.70819853141716,63.5
U1392,,2023,WUR 2023,,,37.9,,,,10.257737010756824,63.5
U1392,,2023,WUR 2023,,,37.9,,,,12.715623388297129,63.5
U1392,,2023,WUR 2023,,,37.9,,,,13.869534663513184,63.5
U1392,,2023,WUR 2023,,,37.9,,,,6.146807125772188,63.5
U1392,,2023,WUR 2023,,,37.9,,,,12.013271551458049,63.5
U1392,,2023,WUR 2023,,,37.9,,,,4.31948995228298,63.5
U1392,,2023,WUR 2023,,,37.9,,,,14.647984495642952,63.5
U1392,,2023,WUR 2023,,,37.9,,,,21.04078790243373,63.5
U1392,,2023,WUR 2023,,,37.9,,,,12.360347732600466,63.5
U1392,,2023,WUR 2023,,,37.9,,,,13.933106593924531,63.5
U1392,,2023,WUR 2023,,,37.9,,,,22.456205164243038,63.5
U1392,,2023,WUR 2023,,,37.9,,,,14.884108458641276,63.5
U1392,,2023,WUR 2023,,,37.9,,,,14.175358906529317,63.5
U1392,,2023,WUR 2023,,,37.9,,,,2.945328711444474,63.5
U1392,,2023,WUR 2023,,,37.9,,,,15.149877445256404,63.5
U1392,,2023,WUR 2023,,,37.9,,,,9.937988328617376,63.5
U1392,,2023,WUR 2023,,,37.9,,,,7.4295133641299556,63.5
U1392,,2023,WUR 2023,,,37.9,,,,8.39952199281354,63.5
U1392,,2023,WUR 2023,,,37.9,,,,6.571154201361318,63.5
U1392,,2023,WUR 2023,,,37.9,,,,3.277609582730025,63.5
U1392,,2023,WUR 2023,,,37.9,,,,3.1847189500491737,63.5
U1392,,2023,WUR 2023,,,37.9,,,,6.577730643152531,63.5
U1392,,2023,WUR 2023,,,37.9,,,,3.9478255545891,63.5
U1392,,2023,WUR 2023,,,37.9,,,,6.733954972267687,63.5
U1392,,2023,WUR 2023,,,37.9,,,,12.535658747363703,63.5
U1392,,2023,WUR 2023,,,37.9,,,,4.047134316765368,63.5
U1392,,2023,WUR 2023,,,37.9,,,,9.259582578959762,63.5
U1392,,2023,WUR 2023,,,37.9,,,,5.0147794888344,63.5
U1392,,2023,WUR 2023,,,37.9,,,,6.048745570521993,63.5
U1392,,2023,WUR 2023,,,37.9,,,,3.2088437637489795,63.5
U1392,,2023,WUR 2023,,,37.9,,,,3.833456710089624,63.5
U1392,,2023,WUR 2023,,,37.9,,,,9.782059903657936,63.5
U1392,,2023,WUR 2023,,,37.9,,,,5.158831633617945,63.5
U1392,,2023,WUR 2023,,,37.9,,,,6.656987637310143,63.5
U1392,,2023,WUR 2023,,,37.9,,,,7.980847008957106,63.5
U1392,,2023,WUR 2023,,,37.9,,,,6.152391640490189,63.5
U1392,,2023,WUR 2023,,,37.9,,,,5.302684637660615,63.5
U1392,,2023,WUR 2023,,,37.9,,,,4.124848199841193,63.5
U1392,,2023,WUR 2023,,,37.9,,,,3.813111589693071,63.5
U1392,,2023,WUR 2023,,,37.9,,,,5.302602674557117,63.5
U1392,,2023,WUR 2023,,,37.9,,,,8.157174958216169,63.5
U1392,,2023,WUR 2023,,,37.9,,,,5.076762069949905,63.5
U1392,,2023,WUR 2023,,,37.9,,,,6.288810601252746,63.5
U1392,,2023,WUR 2023,,,37.9,,,,6.328276090764572,63.5
U1392,,2023,WUR 2023,,,37.9,,,,11.75297653654587,63.5
U1392,,2023,WUR 2023,,,37.9,,,,10.117266439246784,63.5
U1392,,2023,WUR 2023,,,37.9,,,,4.437922656063465,63.5
U1392,,2023,WUR 2023,,,37.9,,,,4.710293091892417,63.5
U1392,,2023,WUR 2023,,,37.9,,,,7.085925565335147,63.5
U1392,,2023,WUR 2023,,,37.9,,,,3.355528220457925,63.5
U1392,,2023,WUR 2023,,,37.9,,,,,63.5
U1392,,2023,WUR 2023,,,18.0,,,,51.67418335352436,73.5
U1392,,2023,WUR 2023,,,18.0,,,,47.88418239895532,73.5
U1392,,2023,WUR 2023,,,18.0,,,,43.8055958895228,73.5
U1392,,2023,WUR 2023,,,18.0,,,,43.76365568588358,73.5
U1392,,2023,WUR 2023,,,18.0,,,,40.199930465075184,73.5
U1392,,2023,WUR 2023,,,18.0,,,,28.5527837078826,73.5
U1392,,2023,WUR 2023,,,18.0,,,,33.749021648384776,73.5
U1392,,2023,WUR 2023,,,18.0,,,,27.403396326452484,73.5
U1392,,2023,WUR 2023,,,18.0,,,,31.15712600491052,73.5
U1392,,2023,WUR 2023,,,18.0,,,,29.071708243361048,73.5
U1392,,2023,WUR 2023,,,18.0,,,,30.399950650658432,73.5
U1392,,2023,WUR 2023,,,18.0,,,,35.33147185564629,73.5
U1392,,2023,WUR 2023,,,18.0,,,,33.946773711772735,73.5
U1392,,2023,WUR 2023,,,18.0,,,,24.793802164462853,73.5
U1392,,2023,WUR 2023,,,18.0,,,,26.75785339223952,73.5
U1392,,2023,WUR 2023,,,18.0,,,,28.23732384975655,73.5
U1392,,2023,WUR 2023,,,18.0,,,,25.94141452924313,73.5
U1392,,2023,WUR 2023,,,18.0,,,,29.006413964994017,73.5
U1392,,2023,WUR 2023,,,18.0,,,,22.1526345493242,73.5
U1392,,2023,WUR 2023,,,18.0,,,,24.14081875648968,73.5
U1392,,2023,WUR 2023,,,18.0,,,,21.705412418739144,73.5
U1392,,2023,WUR 2023,,,18.0,,,,17.20997779422529,73.5
U1392,,2023,WUR 2023,,,18.0,,,,19.88491145208488,73.5
U1392,,2023,WUR 2023,,,18.0,,,,16.844436642582238,73.5
U1392,,2023,WUR 2023,,,18.0,,,,14.210401042301203,73.5
U1392,,2023,WUR 2023,,,18.0,,,,15.06262573119662,73.5
U1392,,2023,WUR 2023,,,18.0,,,,16.635504832291446,73.5
U1392,,2023,WUR 2023,,,18.0,,,,7.70819853141716,73.5
U1392,,2023,WUR 2023,,,18.0,,,,10.257737010756824,73.5
U1392,,2023,WUR 2023,,,18.0,,,,12.715623388297129,73.5
U1392,,2023,WUR 2023,,,18.0,,,,13.869534663513184,73.5
U1392,,2023,WUR 2023,,,18.0,,,,6.146807125772188,73.5
U1392,,2023,WUR 2023,,,18.0,,,,12.013271551458049,73.5
U1392,,2023,WUR 2023,,,18.0,,,,4.31948995228298,73.5
U1392,,2023,WUR 2023,,,18.0,,,,14.647984495642952,73.5
U1392,,2023,WUR 2023,,,18.0,,,,21.04078790243373,73.5
U1392,,2023,WUR 2023,,,18.0,,,,12.360347732600466,73.5
U1392,,2023,WUR 2023,,,18.0,,,,13.933106593924531,73.5
U1392,,2023,WUR 2023,,,18.0,,,,22.456205164243038,73.5
U1392,,2023,WUR 2023,,,18.0,,,,14.884108458641276,73.5
U1392,,2023,WUR 2023,,,18.0,,,,14.175358906529317,73.5
U1392,,2023,WUR 2023,,,18.0,,,,2.945328711444474,73.5
U1392,,2023,WUR 2023,,,18.0,,,,15.149877445256404,73.5
U1392,,2023,WUR 2023,,,18.0,,,,9.937988328617376,73.5
U1392,,2023,WUR 2023,,,18.0,,,,7.4295133641299556,73.5
U1392,,2023,WUR 2023,,,18.0,,,,8.39952199281354,73.5
U1392,,2023,WUR 2023,,,18.0,,,,6.571154201361318,73.5
U1392,,2023,WUR 2023,,,18.0,,,,3.277609582730025,73.5
U1392,,2023,WUR 2023,,,18.0,,,,3.1847189500491737,73.5
U1392,,2023,WUR 2023,,,18.0,,,,6.577730643152531,73.5
U1392,,2023,WUR 2023,,,18.0,,,,3.9478255545891,73.5
U1392,,2023,WUR 2023,,,18.0,,,,6.733954972267687,73.5
U1392,,2023,WUR 2023,,,18.0,,,,12.535658747363703,73.5
U1392,,2023,WUR 2023,,,18.0,,,,4.047134316765368,73.5
U1392,,2023,WUR 2023,,,18.0,,,,9.259582578959762,73.5
U1392,,2023,WUR 2023,,,18.0,,,,5.0147794888344,73.5
U1392,,2023,WUR 2023,,,18.0,,,,6.048745570521993,73.5
U1392,,2023,WUR 2023,,,18.0,,,,3.2088437637489795,73.5
U1392,,2023,WUR 2023,,,18.0,,,,3.833456710089624,73.5
U1392,,2023,WUR 2023,,,18.0,,,,9.782059903657936,73.5
U1392,,2023,WUR 2023,,,18.0,,,,5.158831633617945,73.5
U1392,,2023,WUR 2023,,,18.0,,,,6.656987637310143,73.5
U1392,,2023,WUR 2023,,,18.0,,,,7.980847008957106,73.5
U1392,,2023,WUR 2023,,,18.0,,,,6.152391640490189,73.5
U1392,,2023,WUR 2023,,,18.0,,,,5.302684637660615,73.5
U1392,,2023,WUR 2023,,,18.0,,,,4.124848199841193,73.5
U1392,,2023,WUR 2023,,,18.0,,,,3.813111589693071,73.5
U1392,,2023,WUR 2023,,,18.0,,,,5.302602674557117,73.5
U1392,,2023,WUR 2023,,,18.0,,,,8.157174958216169,73.5
U1392,,2023,WUR 2023,,,18.0,,,,5.076762069949905,73.5
U1392,,2023,WUR 2023,,,18.0,,,,6.288810601252746,73.5
U1392,,2023,WUR 2023,,,18.0,,,,6.328276090764572,73.5
U1392,,2023,WUR 2023,,,18.0,,,,11.75297653654587,73.5
U1392,,2023,WUR 2023,,,18.0,,,,10.117266439246784,73.5
U1392,,2023,WUR 2023,,,18.0,,,,4.437922656063465,73.5
U1392,,2023,WUR 2023,,,18.0,,,,4.710293091892417,73.5
U1392,,2023,WUR 2023,,,18.0,,,,7.085925565335147,73.5
U1392,,2023,WUR 2023,,,18.0,,,,3.355528220457925,73.5
U1392,,2023,WUR 2023,,,18.0,,,,,73.5
U1392,,2023,WUR 2023,,,28.2,,,,51.67418335352436,65.5
U1392,,2023,WUR 2023,,,28.2,,,,47.88418239895532,65.5
U1392,,2023,WUR 2023,,,28.2,,,,43.8055958895228,65.5
U1392,,2023,WUR 2023,,,28.2,,,,43.76365568588358,65.5
U1392,,2023,WUR 2023,,,28.2,,,,40.199930465075184,65.5
U1392,,2023,WUR 2023,,,28.2,,,,28.5527837078826,65.5
U1392,,2023,WUR 2023,,,28.2,,,,33.749021648384776,65.5
U1392,,2023,WUR 2023,,,28.2,,,,27.403396326452484,65.5
U1392,,2023,WUR 2023,,,28.2,,,,31.15712600491052,65.5
U1392,,2023,WUR 2023,,,28.2,,,,29.071708243361048,65.5
U1392,,2023,WUR 2023,,,28.2,,,,30.399950650658432,65.5
U1392,,2023,WUR 2023,,,28.2,,,,35.33147185564629,65.5
U1392,,2023,WUR 2023,,,28.2,,,,33.946773711772735,65.5
U1392,,2023,WUR 2023,,,28.2,,,,24.793802164462853,65.5
U1392,,2023,WUR 2023,,,28.2,,,,26.75785339223952,65.5
U1392,,2023,WUR 2023,,,28.2,,,,28.23732384975655,65.5
U1392,,2023,WUR 2023,,,28.2,,,,25.94141452924313,65.5
U1392,,2023,WUR 2023,,,28.2,,,,29.006413964994017,65.5
U1392,,2023,WUR 2023,,,28.2,,,,22.1526345493242,65.5
U1392,,2023,WUR 2023,,,28.2,,,,24.14081875648968,65.5
U1392,,2023,WUR 2023,,,28.2,,,,21.705412418739144,65.5
U1392,,2023,WUR 2023,,,28.2,,,,17.20997779422529,65.5
U1392,,2023,WUR 2023,,,28.2,,,,19.88491145208488,65.5
U1392,,2023,WUR 2023,,,28.2,,,,16.844436642582238,65.5
U1392,,2023,WUR 2023,,,28.2,,,,14.210401042301203,65.5
U1392,,2023,WUR 2023,,,28.2,,,,15.06262573119662,65.5
U1392,,2023,WUR 2023,,,28.2,,,,16.635504832291446,65.5
U1392,,2023,WUR 2023,,,28.2,,,,7.70819853141716,65.5
U1392,,2023,WUR 2023,,,28.2,,,,10.257737010756824,65.5
U1392,,2023,WUR 2023,,,28.2,,,,12.715623388297129,65.5
U1392,,2023,WUR 2023,,,28.2,,,,13.869534663513184,65.5
U1392,,2023,WUR 2023,,,28.2,,,,6.146807125772188,65.5
U1392,,2023,WUR 2023,,,28.2,,,,12.013271551458049,65.5
U1392,,2023,WUR 2023,,,28.2,,,,4.31948995228298,65.5
U1392,,2023,WUR 2023,,,28.2,,,,14.647984495642952,65.5
U1392,,2023,WUR 2023,,,28.2,,,,21.04078790243373,65.5
U1392,,2023,WUR 2023,,,28.2,,,,12.360347732600466,65.5
U1392,,2023,WUR 2023,,,28.2,,,,13.933106593924531,65.5
U1392,,2023,WUR 2023,,,28.2,,,,22.456205164243038,65.5
U1392,,2023,WUR 2023,,,28.2,,,,14.884108458641276,65.5
U1392,,2023,WUR 2023,,,28.2,,,,14.175358906529317,65.5
U1392,,2023,WUR 2023,,,28.2,,,,2.945328711444474,65.5
U1392,,2023,WUR 2023,,,28.2,,,,15.149877445256404,65.5
U1392,,2023,WUR 2023,,,28.2,,,,9.937988328617376,65.5
U1392,,2023,WUR 2023,,,28.2,,,,7.4295133641299556,65.5
U1392,,2023,WUR 2023,,,28.2,,,,8.39952199281354,65.5
U1392,,2023,WUR 2023,,,28.2,,,,6.571154201361318,65.5
U1392,,2023,WUR 2023,,,28.2,,,,3.277609582730025,65.5
U1392,,2023,WUR 2023,,,28.2,,,,3.1847189500491737,65.5
U1392,,2023,WUR 2023,,,28.2,,,,6.577730643152531,65.5
U1392,,2023,WUR 2023,,,28.2,,,,3.9478255545891,65.5
U1392,,2023,WUR 2023,,,28.2,,,,6.733954972267687,65.5
U1392,,2023,WUR 2023,,,28.2,,,,12.535658747363703,65.5
U1392,,2023,WUR 2023,,,28.2,,,,4.047134316765368,65.5
U1392,,2023,WUR 2023,,,28.2,,,,9.259582578959762,65.5
U1392,,2023,WUR 2023,,,28.2,,,,5.0147794888344,65.5
U1392,,2023,WUR 2023,,,28.2,,,,6.048745570521993,65.5
U1392,,2023,WUR 2023,,,28.2,,,,3.2088437637489795,65.5
U1392,,2023,WUR 2023,,,28.2,,,,3.833456710089624,65.5
U1392,,2023,WUR 2023,,,28.2,,,,9.782059903657936,65.5
U1392,,2023,WUR 2023,,,28.2,,,,5.158831633617945,65.5
U1392,,2023,WUR 2023,,,28.2,,,,6.656987637310143,65.5
U1392,,2023,WUR 2023,,,28.2,,,,7.980847008957106,65.5
U1392,,2023,WUR 2023,,,28.2,,,,6.152391640490189,65.5
U1392,,2023,WUR 2023,,,28.2,,,,5.302684637660615,65.5
U1392,,2023,WUR 2023,,,28.2,,,,4.124848199841193,65.5
U1392,,2023,WUR 2023,,,28.2,,,,3.813111589693071,65.5
U1392,,2023,WUR 2023,,,28.2,,,,5.302602674557117,65.5
U1392,,2023,WUR 2023,,,28.2,,,,8.157174958216169,65.5
U1392,,2023,WUR 2023,,,28.2,,,,5.076762069949905,65.5
U1392,,2023,WUR 2023,,,28.2,,,,6.288810601252746,65.5
U1392,,2023,WUR 2023,,,28.2,,,,6.328276090764572,65.5
U1392,,2023,WUR 2023,,,28.2,,,,11.75297653654587,65.5
U1392,,2023,WUR 2023,,,28.2,,,,10.117266439246784,65.5
U1392,,2023,WUR 2023,,,28.2,,,,4.437922656063465,65.5
U1392,,2023,WUR 2023,,,28.2,,,,4.710293091892417,65.5
U1392,,2023,WUR 2023,,,28.2,,,,7.085925565335147,65.5
U1392,,2023,WUR 2023,,,28.2,,,,3.355528220457925,65.5
U1392,,2023,WUR 2023,,,28.2,,,,,65.5
U1392,,2023,WUR 2023,,,23.9,,,,51.67418335352436,61.8
U1392,,2023,WUR 2023,,,23.9,,,,47.88418239895532,61.8
U1392,,2023,WUR 2023,,,23.9,,,,43.8055958895228,61.8
U1392,,2023,WUR 2023,,,23.9,,,,43.76365568588358,61.8
U1392,,2023,WUR 2023,,,23.9,,,,40.199930465075184,61.8
U1392,,2023,WUR 2023,,,23.9,,,,28.5527837078826,61.8
U1392,,2023,WUR 2023,,,23.9,,,,33.749021648384776,61.8
U1392,,2023,WUR 2023,,,23.9,,,,27.403396326452484,61.8
U1392,,2023,WUR 2023,,,23.9,,,,31.15712600491052,61.8
U1392,,2023,WUR 2023,,,23.9,,,,29.071708243361048,61.8
U1392,,2023,WUR 2023,,,23.9,,,,30.399950650658432,61.8
U1392,,2023,WUR 2023,,,23.9,,,,35.33147185564629,61.8
U1392,,2023,WUR 2023,,,23.9,,,,33.946773711772735,61.8
U1392,,2023,WUR 2023,,,23.9,,,,24.793802164462853,61.8
U1392,,2023,WUR 2023,,,23.9,,,,26.75785339223952,61.8
U1392,,2023,WUR 2023,,,23.9,,,,28.23732384975655,61.8
U1392,,2023,WUR 2023,,,23.9,,,,25.94141452924313,61.8
U1392,,2023,WUR 2023,,,23.9,,,,29.006413964994017,61.8
U1392,,2023,WUR 2023,,,23.9,,,,22.1526345493242,61.8
U1392,,2023,WUR 2023,,,23.9,,,,24.14081875648968,61.8
U1392,,2023,WUR 2023,,,23.9,,,,21.705412418739144,61.8
U1392,,2023,WUR 2023,,,23.9,,,,17.20997779422529,61.8
U1392,,2023,WUR 2023,,,23.9,,,,19.88491145208488,61.8
U1392,,2023,WUR 2023,,,23.9,,,,16.844436642582238,61.8
U1392,,2023,WUR 2023,,,23.9,,,,14.210401042301203,61.8
U1392,,2023,WUR 2023,,,23.9,,,,15.06262573119662,61.8
U1392,,2023,WUR 2023,,,23.9,,,,16.635504832291446,61.8
U1392,,2023,WUR 2023,,,23.9,,,,7.70819853141716,61.8
U1392,,2023,WUR 2023,,,23.9,,,,10.257737010756824,61.8
U1392,,2023,WUR 2023,,,23.9,,,,12.715623388297129,61.8
U1392,,2023,WUR 2023,,,23.9,,,,13.869534663513184,61.8
U1392,,2023,WUR 2023,,,23.9,,,,6.146807125772188,61.8
U1392,,2023,WUR 2023,,,23.9,,,,12.013271551458049,61.8
U1392,,2023,WUR 2023,,,23.9,,,,4.31948995228298,61.8
U1392,,2023,WUR 2023,,,23.9,,,,14.647984495642952,61.8
U1392,,2023,WUR 2023,,,23.9,,,,21.04078790243373,61.8
U1392,,2023,WUR 2023,,,23.9,,,,12.360347732600466,61.8
U1392,,2023,WUR 2023,,,23.9,,,,13.933106593924531,61.8
U1392,,2023,WUR 2023,,,23.9,,,,22.456205164243038,61.8
U1392,,2023,WUR 2023,,,23.9,,,,14.884108458641276,61.8
U1392,,2023,WUR 2023,,,23.9,,,,14.175358906529317,61.8
U1392,,2023,WUR 2023,,,23.9,,,,2.945328711444474,61.8
U1392,,2023,WUR 2023,,,23.9,,,,15.149877445256404,61.8
U1392,,2023,WUR 2023,,,23.9,,,,9.937988328617376,61.8
U1392,,2023,WUR 2023,,,23.9,,,,7.4295133641299556,61.8
U1392,,2023,WUR 2023,,,23.9,,,,8.39952199281354,61.8
U1392,,2023,WUR 2023,,,23.9,,,,6.571154201361318,61.8
U1392,,2023,WUR 2023,,,23.9,,,,3.277609582730025,61.8
U1392,,2023,WUR 2023,,,23.9,,,,3.1847189500491737,61.8
U1392,,2023,WUR 2023,,,23.9,,,,6.577730643152531,61.8
U1392,,2023,WUR 2023,,,23.9,,,,3.9478255545891,61.8
U1392,,2023,WUR 2023,,,23.9,,,,6.733954972267687,61.8
U1392,,2023,WUR 2023,,,23.9,,,,12.535658747363703,61.8
U1392,,2023,WUR 2023,,,23.9,,,,4.047134316765368,61.8
U1392,,2023,WUR 2023,,,23.9,,,,9.259582578959762,61.8
U1392,,2023,WUR 2023,,,23.9,,,,5.0147794888344,61.8
U1392,,2023,WUR 2023,,,23.9,,,,6.048745570521993,61.8
U1392,,2023,WUR 2023,,,23.9,,,,3.2088437637489795,61.8
U1392,,2023,WUR 2023,,,23.9,,,,3.833456710089624,61.8
U1392,,2023,WUR 2023,,,23.9,,,,9.782059903657936,61.8
U1392,,2023,WUR 2023,,,23.9,,,,5.158831633617945,61.8
U1392,,2023,WUR 2023,,,23.9,,,,6.656987637310143,61.8
U1392,,2023,WUR 2023,,,23.9,,,,7.980847008957106,61.8
U1392,,2023,WUR 2023,,,23.9,,,,6.152391640490189,61.8
U1392,,2023,WUR 2023,,,23.9,,,,5.302684637660615,61.8
U1392,,2023,WUR 2023,,,23.9,,,,4.124848199841193,61.8
U1392,,2023,WUR 2023,,,23.9,,,,3.813111589693071,61.8
U1392,,2023,WUR 2023,,,23.9,,,,5.302602674557117,61.8
U1392,,2023,WUR 2023,,,23.9,,,,8.157174958216169,61.8
U1392,,2023,WUR 2023,,,23.9,,,,5.076762069949905,61.8
U1392,,2023,WUR 2023,,,23.9,,,,6.288810601252746,61.8
U1392,,2023,WUR 2023,,,23.9,,,,6.328276090764572,61.8
U1392,,2023,WUR 2023,,,23.9,,,,11.75297653654587,61.8
U1392,,2023,WUR 2023,,,23.9,,,,10.117266439246784,61.8
U1392,,2023,WUR 2023,,,23.9,,,,4.437922656063465,61.8
U1392,,2023,WUR 2023,,,23.9,,,,4.710293091892417,61.8
U1392,,2023,WUR 2023,,,23.9,,,,7.085925565335147,61.8
U1392,,2023,WUR 2023,,,23.9,,,,3.355528220457925,61.8
U1392,,2023,WUR 2023,,,23.9,,,,,61.8
U1392,,2023,WUR 2023,,,16.6,,,,51.67418335352436,46.5
U1392,,2023,WUR 2023,,,16.6,,,,47.88418239895532,46.5
U1392,,2023,WUR 2023,,,16.6,,,,43.8055958895228,46.5
U1392,,2023,WUR 2023,,,16.6,,,,43.76365568588358,46.5
U1392,,2023,WUR 2023,,,16.6,,,,40.199930465075184,46.5
U1392,,2023,WUR 2023,,,16.6,,,,28.5527837078826,46.5
U1392,,2023,WUR 2023,,,16.6,,,,33.749021648384776,46.5
U1392,,2023,WUR 2023,,,16.6,,,,27.403396326452484,46.5
U1392,,2023,WUR 2023,,,16.6,,,,31.15712600491052,46.5
U1392,,2023,WUR 2023,,,16.6,,,,29.071708243361048,46.5
U1392,,2023,WUR 2023,,,16.6,,,,30.399950650658432,46.5
U1392,,2023,WUR 2023,,,16.6,,,,35.33147185564629,46.5
U1392,,2023,WUR 2023,,,16.6,,,,33.946773711772735,46.5
U1392,,2023,WUR 2023,,,16.6,,,,24.793802164462853,46.5
U1392,,2023,WUR 2023,,,16.6,,,,26.75785339223952,46.5
U1392,,2023,WUR 2023,,,16.6,,,,28.23732384975655,46.5
U1392,,2023,WUR 2023,,,16.6,,,,25.94141452924313,46.5
U1392,,2023,WUR 2023,,,16.6,,,,29.006413964994017,46.5
U1392,,2023,WUR 2023,,,16.6,,,,22.1526345493242,46.5
U1392,,2023,WUR 2023,,,16.6,,,,24.14081875648968,46.5
U1392,,2023,WUR 2023,,,16.6,,,,21.705412418739144,46.5
U1392,,2023,WUR 2023,,,16.6,,,,17.20997779422529,46.5
U1392,,2023,WUR 2023,,,16.6,,,,19.88491145208488,46.5
U1392,,2023,WUR 2023,,,16.6,,,,16.844436642582238,46.5
U1392,,2023,WUR 2023,,,16.6,,,,14.210401042301203,46.5
U1392,,2023,WUR 2023,,,16.6,,,,15.06262573119662,46.5
U1392,,2023,WUR 2023,,,16.6,,,,16.635504832291446,46.5
U1392,,2023,WUR 2023,,,16.6,,,,7.70819853141716,46.5
U1392,,2023,WUR 2023,,,16.6,,,,10.257737010756824,46.5
U1392,,2023,WUR 2023,,,16.6,,,,12.715623388297129,46.5
U1392,,2023,WUR 2023,,,16.6,,,,13.869534663513184,46.5
U1392,,2023,WUR 2023,,,16.6,,,,6.146807125772188,46.5
U1392,,2023,WUR 2023,,,16.6,,,,12.013271551458049,46.5
U1392,,2023,WUR 2023,,,16.6,,,,4.31948995228298,46.5
U1392,,2023,WUR 2023,,,16.6,,,,14.647984495642952,46.5
U1392,,2023,WUR 2023,,,16.6,,,,21.04078790243373,46.5
U1392,,2023,WUR 2023,,,16.6,,,,12.360347732600466,46.5
U1392,,2023,WUR 2023,,,16.6,,,,13.933106593924531,46.5
U1392,,2023,WUR 2023,,,16.6,,,,22.456205164243038,46.5
U1392,,2023,WUR 2023,,,16.6,,,,14.884108458641276,46.5
U1392,,2023,WUR 2023,,,16.6,,,,14.175358906529317,46.5
U1392,,2023,WUR 2023,,,16.6,,,,2.945328711444474,46.5
U1392,,2023,WUR 2023,,,16.6,,,,15.149877445256404,46.5
U1392,,2023,WUR 2023,,,16.6,,,,9.937988328617376,46.5
U1392,,2023,WUR 2023,,,16.6,,,,7.4295133641299556,46.5
U1392,,2023,WUR 2023,,,16.6,,,,8.39952199281354,46.5
U1392,,2023,WUR 2023,,,16.6,,,,6.571154201361318,46.5
U1392,,2023,WUR 2023,,,16.6,,,,3.277609582730025,46.5
U1392,,2023,WUR 2023,,,16.6,,,,3.1847189500491737,46.5
U1392,,2023,WUR 2023,,,16.6,,,,6.577730643152531,46.5
U1392,,2023,WUR 2023,,,16.6,,,,3.9478255545891,46.5
U1392,,2023,WUR 2023,,,16.6,,,,6.733954972267687,46.5
U1392,,2023,WUR 2023,,,16.6,,,,12.535658747363703,46.5
U1392,,2023,WUR 2023,,,16.6,,,,4.047134316765368,46.5
U1392,,2023,WUR 2023,,,16.6,,,,9.259582578959762,46.5
U1392,,2023,WUR 2023,,,16.6,,,,5.0147794888344,46.5
U1392,,2023,WUR 2023,,,16.6,,,,6.048745570521993,46.5
U1392,,2023,WUR 2023,,,16.6,,,,3.2088437637489795,46.5
U1392,,2023,WUR 2023,,,16.6,,,,3.833456710089624,46.5
U1392,,2023,WUR 2023,,,16.6,,,,9.782059903657936,46.5
U1392,,2023,WUR 2023,,,16.6,,,,5.158831633617945,46.5
U1392,,2023,WUR 2023,,,16.6,,,,6.656987637310143,46.5
U1392,,2023,WUR 2023,,,16.6,,,,7.980847008957106,46.5
U1392,,2023,WUR 2023,,,16.6,,,,6.152391640490189,46.5
U1392,,2023,WUR 2023,,,16.6,,,,5.302684637660615,46.5
U1392,,2023,WUR 2023,,,16.6,,,,4.124848199841193,46.5
U1392,,2023,WUR 2023,,,16.6,,,,3.813111589693071,46.5
U1392,,2023,WUR 2023,,,16.6,,,,5.302602674557117,46.5
U1392,,2023,WUR 2023,,,16.6,,,,8.157174958216169,46.5
U1392,,2023,WUR 2023,,,16.6,,,,5.076762069949905,46.5
U1392,,2023,WUR 2023,,,16.6,,,,6.288810601252746,46.5
U1392,,2023,WUR 2023,,,16.6,,,,6.328276090764572,46.5
U1392,,2023,WUR 2023,,,16.6,,,,11.75297653654587,46.5
U1392,,2023,WUR 2023,,,16.6,,,,10.117266439246784,46.5
U1392,,2023,WUR 2023,,,16.6,,,,4.437922656063465,46.5
U1392,,2023,WUR 2023,,,16.6,,,,4.710293091892417,46.5
U1392,,2023,WUR 2023,,,16.6,,,,7.085925565335147,46.5
U1392,,2023,WUR 2023,,,16.6,,,,3.355528220457925,46.5
U1392,,2023,WUR 2023,,,16.6,,,,,46.5
U1392,,2023,WUR 2023,,,11.9,,,,51.67418335352436,45.7
U1392,,2023,WUR 2023,,,11.9,,,,47.88418239895532,45.7
U1392,,2023,WUR 2023,,,11.9,,,,43.8055958895228,45.7
U1392,,2023,WUR 2023,,,11.9,,,,43.76365568588358,45.7
U1392,,2023,WUR 2023,,,11.9,,,,40.199930465075184,45.7
U1392,,2023,WUR 2023,,,11.9,,,,28.5527837078826,45.7
U1392,,2023,WUR 2023,,,11.9,,,,33.749021648384776,45.7
U1392,,2023,WUR 2023,,,11.9,,,,27.403396326452484,45.7
U1392,,2023,WUR 2023,,,11.9,,,,31.15712600491052,45.7
U1392,,2023,WUR 2023,,,11.9,,,,29.071708243361048,45.7
U1392,,2023,WUR 2023,,,11.9,,,,30.399950650658432,45.7
U1392,,2023,WUR 2023,,,11.9,,,,35.33147185564629,45.7
U1392,,2023,WUR 2023,,,11.9,,,,33.946773711772735,45.7
U1392,,2023,WUR 2023,,,11.9,,,,24.793802164462853,45.7
U1392,,2023,WUR 2023,,,11.9,,,,26.75785339223952,45.7
U1392,,2023,WUR 2023,,,11.9,,,,28.23732384975655,45.7
U1392,,2023,WUR 2023,,,11.9,,,,25.94141452924313,45.7
U1392,,2023,WUR 2023,,,11.9,,,,29.006413964994017,45.7
U1392,,2023,WUR 2023,,,11.9,,,,22.1526345493242,45.7
U1392,,2023,WUR 2023,,,11.9,,,,24.14081875648968,45.7
U1392,,2023,WUR 2023,,,11.9,,,,21.705412418739144,45.7
U1392,,2023,WUR 2023,,,11.9,,,,17.20997779422529,45.7
U1392,,2023,WUR 2023,,,11.9,,,,19.88491145208488,45.7
U1392,,2023,WUR 2023,,,11.9,,,,16.844436642582238,45.7
U1392,,2023,WUR 2023,,,11.9,,,,14.210401042301203,45.7
U1392,,2023,WUR 2023,,,11.9,,,,15.06262573119662,45.7
U1392,,2023,WUR 2023,,,11.9,,,,16.635504832291446,45.7
U1392,,2023,WUR 2023,,,11.9,,,,7.70819853141716,45.7
U1392,,2023,WUR 2023,,,11.9,,,,10.257737010756824,45.7
U1392,,2023,WUR 2023,,,11.9,,,,12.715623388297129,45.7
U1392,,2023,WUR 2023,,,11.9,,,,13.869534663513184,45.7
U1392,,2023,WUR 2023,,,11.9,,,,6.146807125772188,45.7
U1392,,2023,WUR 2023,,,11.9,,,,12.013271551458049,45.7
U1392,,2023,WUR 2023,,,11.9,,,,4.31948995228298,45.7
U1392,,2023,WUR 2023,,,11.9,,,,14.647984495642952,45.7
U1392,,2023,WUR 2023,,,11.9,,,,21.04078790243373,45.7
U1392,,2023,WUR 2023,,,11.9,,,,12.360347732600466,45.7
U1392,,2023,WUR 2023,,,11.9,,,,13.933106593924531,45.7
U1392,,2023,WUR 2023,,,11.9,,,,22.456205164243038,45.7
U1392,,2023,WUR 2023,,,11.9,,,,14.884108458641276,45.7
U1392,,2023,WUR 2023,,,11.9,,,,14.175358906529317,45.7
U1392,,2023,WUR 2023,,,11.9,,,,2.945328711444474,45.7
U1392,,2023,WUR 2023,,,11.9,,,,15.149877445256404,45.7
U1392,,2023,WUR 2023,,,11.9,,,,9.937988328617376,45.7
U1392,,2023,WUR 2023,,,11.9,,,,7.4295133641299556,45.7
U1392,,2023,WUR 2023,,,11.9,,,,8.39952199281354,45.7
U1392,,2023,WUR 2023,,,11.9,,,,6.571154201361318,45.7
U1392,,2023,WUR 2023,,,11.9,,,,3.277609582730025,45.7
U1392,,2023,WUR 2023,,,11.9,,,,3.1847189500491737,45.7
U1392,,2023,WUR 2023,,,11.9,,,,6.577730643152531,45.7
U1392,,2023,WUR 2023,,,11.9,,,,3.9478255545891,45.7
U1392,,2023,WUR 2023,,,11.9,,,,6.733954972267687,45.7
U1392,,2023,WUR 2023,,,11.9,,,,12.535658747363703,45.7
U1392,,2023,WUR 2023,,,11.9,,,,4.047134316765368,45.7
U1392,,2023,WUR 2023,,,11.9,,,,9.259582578959762,45.7
U1392,,2023,WUR 2023,,,11.9,,,,5.0147794888344,45.7
U1392,,2023,WUR 2023,,,11.9,,,,6.048745570521993,45.7
U1392,,2023,WUR 2023,,,11.9,,,,3.2088437637489795,45.7
U1392,,2023,WUR 2023,,,11.9,,,,3.833456710089624,45.7
U1392,,2023,WUR 2023,,,11.9,,,,9.782059903657936,45.7
U1392,,2023,WUR 2023,,,11.9,,,,5.158831633617945,45.7
U1392,,2023,WUR 2023,,,11.9,,,,6.656987637310143,45.7
U1392,,2023,WUR 2023,,,11.9,,,,7.980847008957106,45.7
U1392,,2023,WUR 2023,,,11.9,,,,6.152391640490189,45.7
U1392,,2023,WUR 2023,,,11.9,,,,5.302684637660615,45.7
U1392,,2023,WUR 2023,,,11.9,,,,4.124848199841193,45.7
U1392,,2023,WUR 2023,,,11.9,,,,3.813111589693071,45.7
U1392,,2023,WUR 2023,,,11.9,,,,5.302602674557117,45.7
U1392,,2023,WUR 2023,,,11.9,,,,8.157174958216169,45.7
U1392,,2023,WUR 2023,,,11.9,,,,5.076762069949905,45.7
U1392,,2023,WUR 2023,,,11.9,,,,6.288810601252746,45.7
U1392,,2023,WUR 2023,,,11.9,,,,6.328276090764572,45.7
U1392,,2023,WUR 2023,,,11.9,,,,11.75297653654587,45.7
U1392,,2023,WUR 2023,,,11.9,,,,10.117266439246784,45.7
U1392,,2023,WUR 2023,,,11.9,,,,4.437922656063465,45.7
U1392,,2023,WUR 2023,,,11.9,,,,4.710293091892417,45.7
U1392,,2023,WUR 2023,,,11.9,,,,7.085925565335147,45.7
U1392,,2023,WUR 2023,,,11.9,,,,3.355528220457925,45.7
U1392,,2023,WUR 2023,,,11.9,,,,,45.7
U1392,,2023,WUR 2023,,,38.8,,,,51.67418335352436,56.7
U1392,,2023,WUR 2023,,,38.8,,,,47.88418239895532,56.7
U1392,,2023,WUR 2023,,,38.8,,,,43.8055958895228,56.7
U1392,,2023,WUR 2023,,,38.8,,,,43.76365568588358,56.7
U1392,,2023,WUR 2023,,,38.8,,,,40.199930465075184,56.7
U1392,,2023,WUR 2023,,,38.8,,,,28.5527837078826,56.7
U1392,,2023,WUR 2023,,,38.8,,,,33.749021648384776,56.7
U1392,,2023,WUR 2023,,,38.8,,,,27.403396326452484,56.7
U1392,,2023,WUR 2023,,,38.8,,,,31.15712600491052,56.7
U1392,,2023,WUR 2023,,,38.8,,,,29.071708243361048,56.7
U1392,,2023,WUR 2023,,,38.8,,,,30.399950650658432,56.7
U1392,,2023,WUR 2023,,,38.8,,,,35.33147185564629,56.7
U1392,,2023,WUR 2023,,,38.8,,,,33.946773711772735,56.7
U1392,,2023,WUR 2023,,,38.8,,,,24.793802164462853,56.7
U1392,,2023,WUR 2023,,,38.8,,,,26.75785339223952,56.7
U1392,,2023,WUR 2023,,,38.8,,,,28.23732384975655,56.7
U1392,,2023,WUR 2023,,,38.8,,,,25.94141452924313,56.7
U1392,,2023,WUR 2023,,,38.8,,,,29.006413964994017,56.7
U1392,,2023,WUR 2023,,,38.8,,,,22.1526345493242,56.7
U1392,,2023,WUR 2023,,,38.8,,,,24.14081875648968,56.7
U1392,,2023,WUR 2023,,,38.8,,,,21.705412418739144,56.7
U1392,,2023,WUR 2023,,,38.8,,,,17.20997779422529,56.7
U1392,,2023,WUR 2023,,,38.8,,,,19.88491145208488,56.7
U1392,,2023,WUR 2023,,,38.8,,,,16.844436642582238,56.7
U1392,,2023,WUR 2023,,,38.8,,,,14.210401042301203,56.7
U1392,,2023,WUR 2023,,,38.8,,,,15.06262573119662,56.7
U1392,,2023,WUR 2023,,,38.8,,,,16.635504832291446,56.7
U1392,,2023,WUR 2023,,,38.8,,,,7.70819853141716,56.7
U1392,,2023,WUR 2023,,,38.8,,,,10.257737010756824,56.7
U1392,,2023,WUR 2023,,,38.8,,,,12.715623388297129,56.7
U1392,,2023,WUR 2023,,,38.8,,,,13.869534663513184,56.7
U1392,,2023,WUR 2023,,,38.8,,,,6.146807125772188,56.7
U1392,,2023,WUR 2023,,,38.8,,,,12.013271551458049,56.7
U1392,,2023,WUR 2023,,,38.8,,,,4.31948995228298,56.7
U1392,,2023,WUR 2023,,,38.8,,,,14.647984495642952,56.7
U1392,,2023,WUR 2023,,,38.8,,,,21.04078790243373,56.7
U1392,,2023,WUR 2023,,,38.8,,,,12.360347732600466,56.7
U1392,,2023,WUR 2023,,,38.8,,,,13.933106593924531,56.7
U1392,,2023,WUR 2023,,,38.8,,,,22.456205164243038,56.7
U1392,,2023,WUR 2023,,,38.8,,,,14.884108458641276,56.7
U1392,,2023,WUR 2023,,,38.8,,,,14.175358906529317,56.7
U1392,,2023,WUR 2023,,,38.8,,,,2.945328711444474,56.7
U1392,,2023,WUR 2023,,,38.8,,,,15.149877445256404,56.7
U1392,,2023,WUR 2023,,,38.8,,,,9.937988328617376,56.7
U1392,,2023,WUR 2023,,,38.8,,,,7.4295133641299556,56.7
U1392,,2023,WUR 2023,,,38.8,,,,8.39952199281354,56.7
U1392,,2023,WUR 2023,,,38.8,,,,6.571154201361318,56.7
U1392,,2023,WUR 2023,,,38.8,,,,3.277609582730025,56.7
U1392,,2023,WUR 2023,,,38.8,,,,3.1847189500491737,56.7
U1392,,2023,WUR 2023,,,38.8,,,,6.577730643152531,56.7
U1392,,2023,WUR 2023,,,38.8,,,,3.9478255545891,56.7
U1392,,2023,WUR 2023,,,38.8,,,,6.733954972267687,56.7
U1392,,2023,WUR 2023,,,38.8,,,,12.535658747363703,56.7
U1392,,2023,WUR 2023,,,38.8,,,,4.047134316765368,56.7
U1392,,2023,WUR 2023,,,38.8,,,,9.259582578959762,56.7
U1392,,2023,WUR 2023,,,38.8,,,,5.0147794888344,56.7
U1392,,2023,WUR 2023,,,38.8,,,,6.048745570521993,56.7
U1392,,2023,WUR 2023,,,38.8,,,,3.2088437637489795,56.7
U1392,,2023,WUR 2023,,,38.8,,,,3.833456710089624,56.7
U1392,,2023,WUR 2023,,,38.8,,,,9.782059903657936,56.7
U1392,,2023,WUR 2023,,,38.8,,,,5.158831633617945,56.7
U1392,,2023,WUR 2023,,,38.8,,,,6.656987637310143,56.7
U1392,,2023,WUR 2023,,,38.8,,,,7.980847008957106,56.7
U1392,,2023,WUR 2023,,,38.8,,,,6.152391640490189,56.7
U1392,,2023,WUR 2023,,,38.8,,,,5.302684637660615,56.7
U1392,,2023,WUR 2023,,,38.8,,,,4.124848199841193,56.7
U1392,,2023,WUR 2023,,,38.8,,,,3.813111589693071,56.7
U1392,,2023,WUR 2023,,,38.8,,,,5.302602674557117,56.7
U1392,,2023,WUR 2023,,,38.8,,,,8.157174958216169,56.7
U1392,,2023,WUR 2023,,,38.8,,,,5.076762069949905,56.7
U1392,,2023,WUR 2023,,,38.8,,,,6.288810601252746,56.7
U1392,,2023,WUR 2023,,,38.8,,,,6.328276090764572,56.7
U1392,,2023,WUR 2023,,,38.8,,,,11.75297653654587,56.7
U1392,,2023,WUR 2023,,,38.8,,,,10.117266439246784,56.7
U1392,,2023,WUR 2023,,,38.8,,,,4.437922656063465,56.7
U1392,,2023,WUR 2023,,,38.8,,,,4.710293091892417,56.7
U1392,,2023,WUR 2023,,,38.8,,,,7.085925565335147,56.7
U1392,,2023,WUR 2023,,,38.8,,,,3.355528220457925,56.7
U1392,,2023,WUR 2023,,,38.8,,,,,56.7
U1392,,2023,WUR 2023,,,64.9,,,,51.67418335352436,41.6
U1392,,2023,WUR 2023,,,64.9,,,,47.88418239895532,41.6
U1392,,2023,WUR 2023,,,64.9,,,,43.8055958895228,41.6
U1392,,2023,WUR 2023,,,64.9,,,,43.76365568588358,41.6
U1392,,2023,WUR 2023,,,64.9,,,,40.199930465075184,41.6
U1392,,2023,WUR 2023,,,64.9,,,,28.5527837078826,41.6
U1392,,2023,WUR 2023,,,64.9,,,,33.749021648384776,41.6
U1392,,2023,WUR 2023,,,64.9,,,,27.403396326452484,41.6
U1392,,2023,WUR 2023,,,64.9,,,,31.15712600491052,41.6
U1392,,2023,WUR 2023,,,64.9,,,,29.071708243361048,41.6
U1392,,2023,WUR 2023,,,64.9,,,,30.399950650658432,41.6
U1392,,2023,WUR 2023,,,64.9,,,,35.33147185564629,41.6
U1392,,2023,WUR 2023,,,64.9,,,,33.946773711772735,41.6
U1392,,2023,WUR 2023,,,64.9,,,,24.793802164462853,41.6
U1392,,2023,WUR 2023,,,64.9,,,,26.75785339223952,41.6
U1392,,2023,WUR 2023,,,64.9,,,,28.23732384975655,41.6
U1392,,2023,WUR 2023,,,64.9,,,,25.94141452924313,41.6
U1392,,2023,WUR 2023,,,64.9,,,,29.006413964994017,41.6
U1392,,2023,WUR 2023,,,64.9,,,,22.1526345493242,41.6
U1392,,2023,WUR 2023,,,64.9,,,,24.14081875648968,41.6
U1392,,2023,WUR 2023,,,64.9,,,,21.705412418739144,41.6
U1392,,2023,WUR 2023,,,64.9,,,,17.20997779422529,41.6
U1392,,2023,WUR 2023,,,64.9,,,,19.88491145208488,41.6
U1392,,2023,WUR 2023,,,64.9,,,,16.844436642582238,41.6
U1392,,2023,WUR 2023,,,64.9,,,,14.210401042301203,41.6
U1392,,2023,WUR 2023,,,64.9,,,,15.06262573119662,41.6
U1392,,2023,WUR 2023,,,64.9,,,,16.635504832291446,41.6
U1392,,2023,WUR 2023,,,64.9,,,,7.70819853141716,41.6
U1392,,2023,WUR 2023,,,64.9,,,,10.257737010756824,41.6
U1392,,2023,WUR 2023,,,64.9,,,,12.715623388297129,41.6
U1392,,2023,WUR 2023,,,64.9,,,,13.869534663513184,41.6
U1392,,2023,WUR 2023,,,64.9,,,,6.146807125772188,41.6
U1392,,2023,WUR 2023,,,64.9,,,,12.013271551458049,41.6
U1392,,2023,WUR 2023,,,64.9,,,,4.31948995228298,41.6
U1392,,2023,WUR 2023,,,64.9,,,,14.647984495642952,41.6
U1392,,2023,WUR 2023,,,64.9,,,,21.04078790243373,41.6
U1392,,2023,WUR 2023,,,64.9,,,,12.360347732600466,41.6
U1392,,2023,WUR 2023,,,64.9,,,,13.933106593924531,41.6
U1392,,2023,WUR 2023,,,64.9,,,,22.456205164243038,41.6
U1392,,2023,WUR 2023,,,64.9,,,,14.884108458641276,41.6
U1392,,2023,WUR 2023,,,64.9,,,,14.175358906529317,41.6
U1392,,2023,WUR 2023,,,64.9,,,,2.945328711444474,41.6
U1392,,2023,WUR 2023,,,64.9,,,,15.149877445256404,41.6
U1392,,2023,WUR 2023,,,64.9,,,,9.937988328617376,41.6
U1392,,2023,WUR 2023,,,64.9,,,,7.4295133641299556,41.6
U1392,,2023,WUR 2023,,,64.9,,,,8.39952199281354,41.6
U1392,,2023,WUR 2023,,,64.9,,,,6.571154201361318,41.6
U1392,,2023,WUR 2023,,,64.9,,,,3.277609582730025,41.6
U1392,,2023,WUR 2023,,,64.9,,,,3.1847189500491737,41.6
U1392,,2023,WUR 2023,,,64.9,,,,6.577730643152531,41.6
U1392,,2023,WUR 2023,,,64.9,,,,3.9478255545891,41.6
U1392,,2023,WUR 2023,,,64.9,,,,6.733954972267687,41.6
U1392,,2023,WUR 2023,,,64.9,,,,12.535658747363703,41.6
U1392,,2023,WUR 2023,,,64.9,,,,4.047134316765368,41.6
U1392,,2023,WUR 2023,,,64.9,,,,9.259582578959762,41.6
U1392,,2023,WUR 2023,,,64.9,,,,5.0147794888344,41.6
U1392,,2023,WUR 2023,,,64.9,,,,6.048745570521993,41.6
U1392,,2023,WUR 2023,,,64.9,,,,3.2088437637489795,41.6
U1392,,2023,WUR 2023,,,64.9,,,,3.833456710089624,41.6
U1392,,2023,WUR 2023,,,64.9,,,,9.782059903657936,41.6
U1392,,2023,WUR 2023,,,64.9,,,,5.158831633617945,41.6
U1392,,2023,WUR 2023,,,64.9,,,,6.656987637310143,41.6
U1392,,2023,WUR 2023,,,64.9,,,,7.980847008957106,41.6
U1392,,2023,WUR 2023,,,64.9,,,,6.152391640490189,41.6
U1392,,2023,WUR 2023,,,64.9,,,,5.302684637660615,41.6
U1392,,2023,WUR 2023,,,64.9,,,,4.124848199841193,41.6
U1392,,2023,WUR 2023,,,64.9,,,,3.813111589693071,41.6
U1392,,2023,WUR 2023,,,64.9,,,,5.302602674557117,41.6
U1392,,2023,WUR 2023,,,64.9,,,,8.157174958216169,41.6
U1392,,2023,WUR 2023,,,64.9,,,,5.076762069949905,41.6
U1392,,2023,WUR 2023,,,64.9,,,,6.288810601252746,41.6
U1392,,2023,WUR 2023,,,64.9,,,,6.328276090764572,41.6
U1392,,2023,WUR 2023,,,64.9,,,,11.75297653654587,41.6
U1392,,2023,WUR 2023,,,64.9,,,,10.117266439246784,41.6
U1392,,2023,WUR 2023,,,64.9,,,,4.437922656063465,41.6
U1392,,2023,WUR 2023,,,64.9,,,,4.710293091892417,41.6
U1392,,2023,WUR 2023,,,64.9,,,,7.085925565335147,41.6
U1392,,2023,WUR 2023,,,64.9,,,,3.355528220457925,41.6
U1392,,2023,WUR 2023,,,64.9,,,,,41.6
U1392,,2023,WUR 2023,,,61.5,,,,51.67418335352436,27.1
U1392,,2023,WUR 2023,,,61.5,,,,47.88418239895532,27.1
U1392,,2023,WUR 2023,,,61.5,,,,43.8055958895228,27.1
U1392,,2023,WUR 2023,,,61.5,,,,43.76365568588358,27.1
U1392,,2023,WUR 2023,,,61.5,,,,40.199930465075184,27.1
U1392,,2023,WUR 2023,,,61.5,,,,28.5527837078826,27.1
U1392,,2023,WUR 2023,,,61.5,,,,33.749021648384776,27.1
U1392,,2023,WUR 2023,,,61.5,,,,27.403396326452484,27.1
U1392,,2023,WUR 2023,,,61.5,,,,31.15712600491052,27.1
U1392,,2023,WUR 2023,,,61.5,,,,29.071708243361048,27.1
U1392,,2023,WUR 2023,,,61.5,,,,30.399950650658432,27.1
U1392,,2023,WUR 2023,,,61.5,,,,35.33147185564629,27.1
U1392,,2023,WUR 2023,,,61.5,,,,33.946773711772735,27.1
U1392,,2023,WUR 2023,,,61.5,,,,24.793802164462853,27.1
U1392,,2023,WUR 2023,,,61.5,,,,26.75785339223952,27.1
U1392,,2023,WUR 2023,,,61.5,,,,28.23732384975655,27.1
U1392,,2023,WUR 2023,,,61.5,,,,25.94141452924313,27.1
U1392,,2023,WUR 2023,,,61.5,,,,29.006413964994017,27.1
U1392,,2023,WUR 2023,,,61.5,,,,22.1526345493242,27.1
U1392,,2023,WUR 2023,,,61.5,,,,24.14081875648968,27.1
U1392,,2023,WUR 2023,,,61.5,,,,21.705412418739144,27.1
U1392,,2023,WUR 2023,,,61.5,,,,17.20997779422529,27.1
U1392,,2023,WUR 2023,,,61.5,,,,19.88491145208488,27.1
U1392,,2023,WUR 2023,,,61.5,,,,16.844436642582238,27.1
U1392,,2023,WUR 2023,,,61.5,,,,14.210401042301203,27.1
U1392,,2023,WUR 2023,,,61.5,,,,15.06262573119662,27.1
U1392,,2023,WUR 2023,,,61.5,,,,16.635504832291446,27.1
U1392,,2023,WUR 2023,,,61.5,,,,7.70819853141716,27.1
U1392,,2023,WUR 2023,,,61.5,,,,10.257737010756824,27.1
U1392,,2023,WUR 2023,,,61.5,,,,12.715623388297129,27.1
U1392,,2023,WUR 2023,,,61.5,,,,13.869534663513184,27.1
U1392,,2023,WUR 2023,,,61.5,,,,6.146807125772188,27.1
U1392,,2023,WUR 2023,,,61.5,,,,12.013271551458049,27.1
U1392,,2023,WUR 2023,,,61.5,,,,4.31948995228298,27.1
U1392,,2023,WUR 2023,,,61.5,,,,14.647984495642952,27.1
U1392,,2023,WUR 2023,,,61.5,,,,21.04078790243373,27.1
U1392,,2023,WUR 2023,,,61.5,,,,12.360347732600466,27.1
U1392,,2023,WUR 2023,,,61.5,,,,13.933106593924531,27.1
U1392,,2023,WUR 2023,,,61.5,,,,22.456205164243038,27.1
U1392,,2023,WUR 2023,,,61.5,,,,14.884108458641276,27.1
U1392,,2023,WUR 2023,,,61.5,,,,14.175358906529317,27.1
U1392,,2023,WUR 2023,,,61.5,,,,2.945328711444474,27.1
U1392,,2023,WUR 2023,,,61.5,,,,15.149877445256404,27.1
U1392,,2023,WUR 2023,,,61.5,,,,9.937988328617376,27.1
U1392,,2023,WUR 2023,,,61.5,,,,7.4295133641299556,27.1
U1392,,2023,WUR 2023,,,61.5,,,,8.39952199281354,27.1
U1392,,2023,WUR 2023,,,61.5,,,,6.571154201361318,27.1
U1392,,2023,WUR 2023,,,61.5,,,,3.277609582730025,27.1
U1392,,2023,WUR 2023,,,61.5,,,,3.1847189500491737,27.1
U1392,,2023,WUR 2023,,,61.5,,,,6.577730643152531,27.1
U1392,,2023,WUR 2023,,,61.5,,,,3.9478255545891,27.1
U1392,,2023,WUR 2023,,,61.5,,,,6.733954972267687,27.1
U1392,,2023,WUR 2023,,,61.5,,,,12.535658747363703,27.1
U1392,,2023,WUR 2023,,,61.5,,,,4.047134316765368,27.1
U1392,,2023,WUR 2023,,,61.5,,,,9.259582578959762,27.1
U1392,,2023,WUR 2023,,,61.5,,,,5.0147794888344,27.1
U1392,,2023,WUR 2023,,,61.5,,,,6.048745570521993,27.1
U1392,,2023,WUR 2023,,,61.5,,,,3.2088437637489795,27.1
U1392,,2023,WUR 2023,,,61.5,,,,3.833456710089624,27.1
U1392,,2023,WUR 2023,,,61.5,,,,9.782059903657936,27.1
U1392,,2023,WUR 2023,,,61.5,,,,5.158831633617945,27.1
U1392,,2023,WUR 2023,,,61.5,,,,6.656987637310143,27.1
U1392,,2023,WUR 2023,,,61.5,,,,7.980847008957106,27.1
U1392,,2023,WUR 2023,,,61.5,,,,6.152391640490189,27.1
U1392,,2023,WUR 2023,,,61.5,,,,5.302684637660615,27.1
U1392,,2023,WUR 2023,,,61.5,,,,4.124848199841193,27.1
U1392,,2023,WUR 2023,,,61.5,,,,3.813111589693071,27.1
U1392,,2023,WUR 2023,,,61.5,,,,5.302602674557117,27.1
U1392,,2023,WUR 2023,,,61.5,,,,8.157174958216169,27.1
U1392,,2023,WUR 2023,,,61.5,,,,5.076762069949905,27.1
U1392,,2023,WUR 2023,,,61.5,,,,6.288810601252746,27.1
U1392,,2023,WUR 2023,,,61.5,,,,6.328276090764572,27.1
U1392,,2023,WUR 2023,,,61.5,,,,11.75297653654587,27.1
U1392,,2023,WUR 2023,,,61.5,,,,10.117266439246784,27.1
U1392,,2023,WUR 2023,,,61.5,,,,4.437922656063465,27.1
U1392,,2023,WUR 2023,,,61.5,,,,4.710293091892417,27.1
U1392,,2023,WUR 2023,,,61.5,,,,7.085925565335147,27.1
U1392,,2023,WUR 2023,,,61.5,,,,3.355528220457925,27.1
U1392,,2023,WUR 2023,,,61.5,,,,,27.1
U1392,,2023,WUR 2023,,,19.3,,,,51.67418335352436,63.8
U1392,,2023,WUR 2023,,,19.3,,,,47.88418239895532,63.8
U1392,,2023,WUR 2023,,,19.3,,,,43.8055958895228,63.8
U1392,,2023,WUR 2023,,,19.3,,,,43.76365568588358,63.8
U1392,,2023,WUR 2023,,,19.3,,,,40.199930465075184,63.8
U1392,,2023,WUR 2023,,,19.3,,,,28.5527837078826,63.8
U1392,,2023,WUR 2023,,,19.3,,,,33.749021648384776,63.8
U1392,,2023,WUR 2023,,,19.3,,,,27.403396326452484,63.8
U1392,,2023,WUR 2023,,,19.3,,,,31.15712600491052,63.8
U1392,,2023,WUR 2023,,,19.3,,,,29.071708243361048,63.8
U1392,,2023,WUR 2023,,,19.3,,,,30.399950650658432,63.8
U1392,,2023,WUR 2023,,,19.3,,,,35.33147185564629,63.8
U1392,,2023,WUR 2023,,,19.3,,,,33.946773711772735,63.8
U1392,,2023,WUR 2023,,,19.3,,,,24.793802164462853,63.8
U1392,,2023,WUR 2023,,,19.3,,,,26.75785339223952,63.8
U1392,,2023,WUR 2023,,,19.3,,,,28.23732384975655,63.8
U1392,,2023,WUR 2023,,,19.3,,,,25.94141452924313,63.8
U1392,,2023,WUR 2023,,,19.3,,,,29.006413964994017,63.8
U1392,,2023,WUR 2023,,,19.3,,,,22.1526345493242,63.8
U1392,,2023,WUR 2023,,,19.3,,,,24.14081875648968,63.8
U1392,,2023,WUR 2023,,,19.3,,,,21.705412418739144,63.8
U1392,,2023,WUR 2023,,,19.3,,,,17.20997779422529,63.8
U1392,,2023,WUR 2023,,,19.3,,,,19.88491145208488,63.8
U1392,,2023,WUR 2023,,,19.3,,,,16.844436642582238,63.8
U1392,,2023,WUR 2023,,,19.3,,,,14.210401042301203,63.8
U1392,,2023,WUR 2023,,,19.3,,,,15.06262573119662,63.8
U1392,,2023,WUR 2023,,,19.3,,,,16.635504832291446,63.8
U1392,,2023,WUR 2023,,,19.3,,,,7.70819853141716,63.8
U1392,,2023,WUR 2023,,,19.3,,,,10.257737010756824,63.8
U1392,,2023,WUR 2023,,,19.3,,,,12.715623388297129,63.8
U1392,,2023,WUR 2023,,,19.3,,,,13.869534663513184,63.8
U1392,,2023,WUR 2023,,,19.3,,,,6.146807125772188,63.8
U1392,,2023,WUR 2023,,,19.3,,,,12.013271551458049,63.8
U1392,,2023,WUR 2023,,,19.3,,,,4.31948995228298,63.8
U1392,,2023,WUR 2023,,,19.3,,,,14.647984495642952,63.8
U1392,,2023,WUR 2023,,,19.3,,,,21.04078790243373,63.8
U1392,,2023,WUR 2023,,,19.3,,,,12.360347732600466,63.8
U1392,,2023,WUR 2023,,,19.3,,,,13.933106593924531,63.8
U1392,,2023,WUR 2023,,,19.3,,,,22.456205164243038,63.8
U1392,,2023,WUR 2023,,,19.3,,,,14.884108458641276,63.8
U1392,,2023,WUR 2023,,,19.3,,,,14.175358906529317,63.8
U1392,,2023,WUR 2023,,,19.3,,,,2.945328711444474,63.8
U1392,,2023,WUR 2023,,,19.3,,,,15.149877445256404,63.8
U1392,,2023,WUR 2023,,,19.3,,,,9.937988328617376,63.8
U1392,,2023,WUR 2023,,,19.3,,,,7.4295133641299556,63.8
U1392,,2023,WUR 2023,,,19.3,,,,8.39952199281354,63.8
U1392,,2023,WUR 2023,,,19.3,,,,6.571154201361318,63.8
U1392,,2023,WUR 2023,,,19.3,,,,3.277609582730025,63.8
U1392,,2023,WUR 2023,,,19.3,,,,3.1847189500491737,63.8
U1392,,2023,WUR 2023,,,19.3,,,,6.577730643152531,63.8
U1392,,2023,WUR 2023,,,19.3,,,,3.9478255545891,63.8
U1392,,2023,WUR 2023,,,19.3,,,,6.733954972267687,63.8
U1392,,2023,WUR 2023,,,19.3,,,,12.535658747363703,63.8
U1392,,2023,WUR 2023,,,19.3,,,,4.047134316765368,63.8
U1392,,2023,WUR 2023,,,19.3,,,,9.259582578959762,63.8
U1392,,2023,WUR 2023,,,19.3,,,,5.0147794888344,63.8
U1392,,2023,WUR 2023,,,19.3,,,,6.048745570521993,63.8
U1392,,2023,WUR 2023,,,19.3,,,,3.2088437637489795,63.8
U1392,,2023,WUR 2023,,,19.3,,,,3.833456710089624,63.8
U1392,,2023,WUR 2023,,,19.3,,,,9.782059903657936,63.8
U1392,,2023,WUR 2023,,,19.3,,,,5.158831633617945,63.8
U1392,,2023,WUR 2023,,,19.3,,,,6.656987637310143,63.8
U1392,,2023,WUR 2023,,,19.3,,,,7.980847008957106,63.8
U1392,,2023,WUR 2023,,,19.3,,,,6.152391640490189,63.8
U1392,,2023,WUR 2023,,,19.3,,,,5.302684637660615,63.8
U1392,,2023,WUR 2023,,,19.3,,,,4.124848199841193,63.8
U1392,,2023,WUR 2023,,,19.3,,,,3.813111589693071,63.8
U1392,,2023,WUR 2023,,,19.3,,,,5.302602674557117,63.8
U1392,,2023,WUR 2023,,,19.3,,,,8.157174958216169,63.8
U1392,,2023,WUR 2023,,,19.3,,,,5.076762069949905,63.8
U1392,,2023,WUR 2023,,,19.3,,,,6.288810601252746,63.8
U1392,,2023,WUR 2023,,,19.3,,,,6.328276090764572,63.8
U1392,,2023,WUR 2023,,,19.3,,,,11.75297653654587,63.8
U1392,,2023,WUR 2023,,,19.3,,,,10.117266439246784,63.8
U1392,,2023,WUR 2023,,,19.3,,,,4.437922656063465,63.8
U1392,,2023,WUR 2023,,,19.3,,,,4.710293091892417,63.8
U1392,,2023,WUR 2023,,,19.3,,,,7.085925565335147,63.8
U1392,,2023,WUR 2023,,,19.3,,,,3.355528220457925,63.8
U1392,,2023,WUR 2023,,,19.3,,,,,63.8
U1392,,2023,WUR 2023,,,61.9,,,,51.67418335352436,24.9
U1392,,2023,WUR 2023,,,61.9,,,,47.88418239895532,24.9
U1392,,2023,WUR 2023,,,61.9,,,,43.8055958895228,24.9
U1392,,2023,WUR 2023,,,61.9,,,,43.76365568588358,24.9
U1392,,2023,WUR 2023,,,61.9,,,,40.199930465075184,24.9
U1392,,2023,WUR 2023,,,61.9,,,,28.5527837078826,24.9
U1392,,2023,WUR 2023,,,61.9,,,,33.749021648384776,24.9
U1392,,2023,WUR 2023,,,61.9,,,,27.403396326452484,24.9
U1392,,2023,WUR 2023,,,61.9,,,,31.15712600491052,24.9
U1392,,2023,WUR 2023,,,61.9,,,,29.071708243361048,24.9
U1392,,2023,WUR 2023,,,61.9,,,,30.399950650658432,24.9
U1392,,2023,WUR 2023,,,61.9,,,,35.33147185564629,24.9
U1392,,2023,WUR 2023,,,61.9,,,,33.946773711772735,24.9
U1392,,2023,WUR 2023,,,61.9,,,,24.793802164462853,24.9
U1392,,2023,WUR 2023,,,61.9,,,,26.75785339223952,24.9
U1392,,2023,WUR 2023,,,61.9,,,,28.23732384975655,24.9
U1392,,2023,WUR 2023,,,61.9,,,,25.94141452924313,24.9
U1392,,2023,WUR 2023,,,61.9,,,,29.006413964994017,24.9
U1392,,2023,WUR 2023,,,61.9,,,,22.1526345493242,24.9
U1392,,2023,WUR 2023,,,61.9,,,,24.14081875648968,24.9
U1392,,2023,WUR 2023,,,61.9,,,,21.705412418739144,24.9
U1392,,2023,WUR 2023,,,61.9,,,,17.20997779422529,24.9
U1392,,2023,WUR 2023,,,61.9,,,,19.88491145208488,24.9
U1392,,2023,WUR 2023,,,61.9,,,,16.844436642582238,24.9
U1392,,2023,WUR 2023,,,61.9,,,,14.210401042301203,24.9
U1392,,2023,WUR 2023,,,61.9,,,,15.06262573119662,24.9
U1392,,2023,WUR 2023,,,61.9,,,,16.635504832291446,24.9
U1392,,2023,WUR 2023,,,61.9,,,,7.70819853141716,24.9
U1392,,2023,WUR 2023,,,61.9,,,,10.257737010756824,24.9
U1392,,2023,WUR 2023,,,61.9,,,,12.715623388297129,24.9
U1392,,2023,WUR 2023,,,61.9,,,,13.869534663513184,24.9
U1392,,2023,WUR 2023,,,61.9,,,,6.146807125772188,24.9
U1392,,2023,WUR 2023,,,61.9,,,,12.013271551458049,24.9
U1392,,2023,WUR 2023,,,61.9,,,,4.31948995228298,24.9
U1392,,2023,WUR 2023,,,61.9,,,,14.647984495642952,24.9
U1392,,2023,WUR 2023,,,61.9,,,,21.04078790243373,24.9
U1392,,2023,WUR 2023,,,61.9,,,,12.360347732600466,24.9
U1392,,2023,WUR 2023,,,61.9,,,,13.933106593924531,24.9
U1392,,2023,WUR 2023,,,61.9,,,,22.456205164243038,24.9
U1392,,2023,WUR 2023,,,61.9,,,,14.884108458641276,24.9
U1392,,2023,WUR 2023,,,61.9,,,,14.175358906529317,24.9
U1392,,2023,WUR 2023,,,61.9,,,,2.945328711444474,24.9
U1392,,2023,WUR 2023,,,61.9,,,,15.149877445256404,24.9
U1392,,2023,WUR 2023,,,61.9,,,,9.937988328617376,24.9
U1392,,2023,WUR 2023,,,61.9,,,,7.4295133641299556,24.9
U1392,,2023,WUR 2023,,,61.9,,,,8.39952199281354,24.9
U1392,,2023,WUR 2023,,,61.9,,,,6.571154201361318,24.9
U1392,,2023,WUR 2023,,,61.9,,,,3.277609582730025,24.9
U1392,,2023,WUR 2023,,,61.9,,,,3.1847189500491737,24.9
U1392,,2023,WUR 2023,,,61.9,,,,6.577730643152531,24.9
U1392,,2023,WUR 2023,,,61.9,,,,3.9478255545891,24.9
U1392,,2023,WUR 2023,,,61.9,,,,6.733954972267687,24.9
U1392,,2023,WUR 2023,,,61.9,,,,12.535658747363703,24.9
U1392,,2023,WUR 2023,,,61.9,,,,4.047134316765368,24.9
U1392,,2023,WUR 2023,,,61.9,,,,9.259582578959762,24.9
U1392,,2023,WUR 2023,,,61.9,,,,5.0147794888344,24.9
U1392,,2023,WUR 2023,,,61.9,,,,6.048745570521993,24.9
U1392,,2023,WUR 2023,,,61.9,,,,3.2088437637489795,24.9
U1392,,2023,WUR 2023,,,61.9,,,,3.833456710089624,24.9
U1392,,2023,WUR 2023,,,61.9,,,,9.782059903657936,24.9
U1392,,2023,WUR 2023,,,61.9,,,,5.158831633617945,24.9
U1392,,2023,WUR 2023,,,61.9,,,,6.656987637310143,24.9
U1392,,2023,WUR 2023,,,61.9,,,,7.980847008957106,24.9
U1392,,2023,WUR 2023,,,61.9,,,,6.152391640490189,24.9
U1392,,2023,WUR 2023,,,61.9,,,,5.302684637660615,24.9
U1392,,2023,WUR 2023,,,61.9,,,,4.124848199841193,24.9
U1392,,2023,WUR 2023,,,61.9,,,,3.813111589693071,24.9
U1392,,2023,WUR 2023,,,61.9,,,,5.302602674557117,24.9
U1392,,2023,WUR 2023,,,61.9,,,,8.157174958216169,24.9
U1392,,2023,WUR 2023,,,61.9,,,,5.076762069949905,24.9
U1392,,2023,WUR 2023,,,61.9,,,,6.288810601252746,24.9
U1392,,2023,WUR 2023,,,61.9,,,,6.328276090764572,24.9
U1392,,2023,WUR 2023,,,61.9,,,,11.75297653654587,24.9
U1392,,2023,WUR 2023,,,61.9,,,,10.117266439246784,24.9
U1392,,2023,WUR 2023,,,61.9,,,,4.437922656063465,24.9
U1392,,2023,WUR 2023,,,61.9,,,,4.710293091892417,24.9
U1392,,2023,WUR 2023,,,61.9,,,,7.085925565335147,24.9
U1392,,2023,WUR 2023,,,61.9,,,,3.355528220457925,24.9
U1392,,2023,WUR 2023,,,61.9,,,,,24.9
U1392,,2023,WUR 2023,,,11.8,,,,51.67418335352436,55.9
U1392,,2023,WUR 2023,,,11.8,,,,47.88418239895532,55.9
U1392,,2023,WUR 2023,,,11.8,,,,43.8055958895228,55.9
U1392,,2023,WUR 2023,,,11.8,,,,43.76365568588358,55.9
U1392,,2023,WUR 2023,,,11.8,,,,40.199930465075184,55.9
U1392,,2023,WUR 2023,,,11.8,,,,28.5527837078826,55.9
U1392,,2023,WUR 2023,,,11.8,,,,33.749021648384776,55.9
U1392,,2023,WUR 2023,,,11.8,,,,27.403396326452484,55.9
U1392,,2023,WUR 2023,,,11.8,,,,31.15712600491052,55.9
U1392,,2023,WUR 2023,,,11.8,,,,29.071708243361048,55.9
U1392,,2023,WUR 2023,,,11.8,,,,30.399950650658432,55.9
U1392,,2023,WUR 2023,,,11.8,,,,35.33147185564629,55.9
U1392,,2023,WUR 2023,,,11.8,,,,33.946773711772735,55.9
U1392,,2023,WUR 2023,,,11.8,,,,24.793802164462853,55.9
U1392,,2023,WUR 2023,,,11.8,,,,26.75785339223952,55.9
U1392,,2023,WUR 2023,,,11.8,,,,28.23732384975655,55.9
U1392,,2023,WUR 2023,,,11.8,,,,25.94141452924313,55.9
U1392,,2023,WUR 2023,,,11.8,,,,29.006413964994017,55.9
U1392,,2023,WUR 2023,,,11.8,,,,22.1526345493242,55.9
U1392,,2023,WUR 2023,,,11.8,,,,24.14081875648968,55.9
U1392,,2023,WUR 2023,,,11.8,,,,21.705412418739144,55.9
U1392,,2023,WUR 2023,,,11.8,,,,17.20997779422529,55.9
U1392,,2023,WUR 2023,,,11.8,,,,19.88491145208488,55.9
U1392,,2023,WUR 2023,,,11.8,,,,16.844436642582238,55.9
U1392,,2023,WUR 2023,,,11.8,,,,14.210401042301203,55.9
U1392,,2023,WUR 2023,,,11.8,,,,15.06262573119662,55.9
U1392,,2023,WUR 2023,,,11.8,,,,16.635504832291446,55.9
U1392,,2023,WUR 2023,,,11.8,,,,7.70819853141716,55.9
U1392,,2023,WUR 2023,,,11.8,,,,10.257737010756824,55.9
U1392,,2023,WUR 2023,,,11.8,,,,12.715623388297129,55.9
U1392,,2023,WUR 2023,,,11.8,,,,13.869534663513184,55.9
U1392,,2023,WUR 2023,,,11.8,,,,6.146807125772188,55.9
U1392,,2023,WUR 2023,,,11.8,,,,12.013271551458049,55.9
U1392,,2023,WUR 2023,,,11.8,,,,4.31948995228298,55.9
U1392,,2023,WUR 2023,,,11.8,,,,14.647984495642952,55.9
U1392,,2023,WUR 2023,,,11.8,,,,21.04078790243373,55.9
U1392,,2023,WUR 2023,,,11.8,,,,12.360347732600466,55.9
U1392,,2023,WUR 2023,,,11.8,,,,13.933106593924531,55.9
U1392,,2023,WUR 2023,,,11.8,,,,22.456205164243038,55.9
U1392,,2023,WUR 2023,,,11.8,,,,14.884108458641276,55.9
U1392,,2023,WUR 2023,,,11.8,,,,14.175358906529317,55.9
U1392,,2023,WUR 2023,,,11.8,,,,2.945328711444474,55.9
U1392,,2023,WUR 2023,,,11.8,,,,15.149877445256404,55.9
U1392,,2023,WUR 2023,,,11.8,,,,9.937988328617376,55.9
U1392,,2023,WUR 2023,,,11.8,,,,7.4295133641299556,55.9
U1392,,2023,WUR 2023,,,11.8,,,,8.39952199281354,55.9
U1392,,2023,WUR 2023,,,11.8,,,,6.571154201361318,55.9
U1392,,2023,WUR 2023,,,11.8,,,,3.277609582730025,55.9
U1392,,2023,WUR 2023,,,11.8,,,,3.1847189500491737,55.9
U1392,,2023,WUR 2023,,,11.8,,,,6.577730643152531,55.9
U1392,,2023,WUR 2023,,,11.8,,,,3.9478255545891,55.9
U1392,,2023,WUR 2023,,,11.8,,,,6.733954972267687,55.9
U1392,,2023,WUR 2023,,,11.8,,,,12.535658747363703,55.9
U1392,,2023,WUR 2023,,,11.8,,,,4.047134316765368,55.9
U1392,,2023,WUR 2023,,,11.8,,,,9.259582578959762,55.9
U1392,,2023,WUR 2023,,,11.8,,,,5.0147794888344,55.9
U1392,,2023,WUR 2023,,,11.8,,,,6.048745570521993,55.9
U1392,,2023,WUR 2023,,,11.8,,,,3.2088437637489795,55.9
U1392,,2023,WUR 2023,,,11.8,,,,3.833456710089624,55.9
U1392,,2023,WUR 2023,,,11.8,,,,9.782059903657936,55.9
U1392,,2023,WUR 2023,,,11.8,,,,5.158831633617945,55.9
U1392,,2023,WUR 2023,,,11.8,,,,6.656987637310143,55.9
U1392,,2023,WUR 2023,,,11.8,,,,7.980847008957106,55.9
U1392,,2023,WUR 2023,,,11.8,,,,6.152391640490189,55.9
U1392,,2023,WUR 2023,,,11.8,,,,5.302684637660615,55.9
U1392,,2023,WUR 2023,,,11.8,,,,4.124848199841193,55.9
U1392,,2023,WUR 2023,,,11.8,,,,3.813111589693071,55.9
U1392,,2023,WUR 2023,,,11.8,,,,5.302602674557117,55.9
U1392,,2023,WUR 2023,,,11.8,,,,8.157174958216169,55.9
U1392,,2023,WUR 2023,,,11.8,,,,5.076762069949905,55.9
U1392,,2023,WUR 2023,,,11.8,,,,6.288810601252746,55.9
U1392,,2023,WUR 2023,,,11.8,,,,6.328276090764572,55.9
U1392,,2023,WUR 2023,,,11.8,,,,11.75297653654587,55.9
U1392,,2023,WUR 2023,,,11.8,,,,10.117266439246784,55.9
U1392,,2023,WUR 2023,,,11.8,,,,4.437922656063465,55.9
U1392,,2023,WUR 2023,,,11.8,,,,4.710293091892417,55.9
U1392,,2023,WUR 2023,,,11.8,,,,7.085925565335147,55.9
U1392,,2023,WUR 2023,,,11.8,,,,3.355528220457925,55.9
U1392,,2023,WUR 2023,,,11.8,,,,,55.9
U1392,,2023,WUR 2023,,,16.1,,,,51.67418335352436,53.9
U1392,,2023,WUR 2023,,,16.1,,,,47.88418239895532,53.9
U1392,,2023,WUR 2023,,,16.1,,,,43.8055958895228,53.9
U1392,,2023,WUR 2023,,,16.1,,,,43.76365568588358,53.9
U1392,,2023,WUR 2023,,,16.1,,,,40.199930465075184,53.9
U1392,,2023,WUR 2023,,,16.1,,,,28.5527837078826,53.9
U1392,,2023,WUR 2023,,,16.1,,,,33.749021648384776,53.9
U1392,,2023,WUR 2023,,,16.1,,,,27.403396326452484,53.9
U1392,,2023,WUR 2023,,,16.1,,,,31.15712600491052,53.9
U1392,,2023,WUR 2023,,,16.1,,,,29.071708243361048,53.9
U1392,,2023,WUR 2023,,,16.1,,,,30.399950650658432,53.9
U1392,,2023,WUR 2023,,,16.1,,,,35.33147185564629,53.9
U1392,,2023,WUR 2023,,,16.1,,,,33.946773711772735,53.9
U1392,,2023,WUR 2023,,,16.1,,,,24.793802164462853,53.9
U1392,,2023,WUR 2023,,,16.1,,,,26.75785339223952,53.9
U1392,,2023,WUR 2023,,,16.1,,,,28.23732384975655,53.9
U1392,,2023,WUR 2023,,,16.1,,,,25.94141452924313,53.9
U1392,,2023,WUR 2023,,,16.1,,,,29.006413964994017,53.9
U1392,,2023,WUR 2023,,,16.1,,,,22.1526345493242,53.9
U1392,,2023,WUR 2023,,,16.1,,,,24.14081875648968,53.9
U1392,,2023,WUR 2023,,,16.1,,,,21.705412418739144,53.9
U1392,,2023,WUR 2023,,,16.1,,,,17.20997779422529,53.9
U1392,,2023,WUR 2023,,,16.1,,,,19.88491145208488,53.9
U1392,,2023,WUR 2023,,,16.1,,,,16.844436642582238,53.9
U1392,,2023,WUR 2023,,,16.1,,,,14.210401042301203,53.9
U1392,,2023,WUR 2023,,,16.1,,,,15.06262573119662,53.9
U1392,,2023,WUR 2023,,,16.1,,,,16.635504832291446,53.9
U1392,,2023,WUR 2023,,,16.1,,,,7.70819853141716,53.9
U1392,,2023,WUR 2023,,,16.1,,,,10.257737010756824,53.9
U1392,,2023,WUR 2023,,,16.1,,,,12.715623388297129,53.9
U1392,,2023,WUR 2023,,,16.1,,,,13.869534663513184,53.9
U1392,,2023,WUR 2023,,,16.1,,,,6.146807125772188,53.9
U1392,,2023,WUR 2023,,,16.1,,,,12.013271551458049,53.9
U1392,,2023,WUR 2023,,,16.1,,,,4.31948995228298,53.9
U1392,,2023,WUR 2023,,,16.1,,,,14.647984495642952,53.9
U1392,,2023,WUR 2023,,,16.1,,,,21.04078790243373,53.9
U1392,,2023,WUR 2023,,,16.1,,,,12.360347732600466,53.9
U1392,,2023,WUR 2023,,,16.1,,,,13.933106593924531,53.9
U1392,,2023,WUR 2023,,,16.1,,,,22.456205164243038,53.9
U1392,,2023,WUR 2023,,,16.1,,,,14.884108458641276,53.9
U1392,,2023,WUR 2023,,,16.1,,,,14.175358906529317,53.9
U1392,,2023,WUR 2023,,,16.1,,,,2.945328711444474,53.9
U1392,,2023,WUR 2023,,,16.1,,,,15.149877445256404,53.9
U1392,,2023,WUR 2023,,,16.1,,,,9.937988328617376,53.9
U1392,,2023,WUR 2023,,,16.1,,,,7.4295133641299556,53.9
U1392,,2023,WUR 2023,,,16.1,,,,8.39952199281354,53.9
U1392,,2023,WUR 2023,,,16.1,,,,6.571154201361318,53.9
U1392,,2023,WUR 2023,,,16.1,,,,3.277609582730025,53.9
U1392,,2023,WUR 2023,,,16.1,,,,3.1847189500491737,53.9
U1392,,2023,WUR 2023,,,16.1,,,,6.577730643152531,53.9
U1392,,2023,WUR 2023,,,16.1,,,,3.9478255545891,53.9
U1392,,2023,WUR 2023,,,16.1,,,,6.733954972267687,53.9
U1392,,2023,WUR 2023,,,16.1,,,,12.535658747363703,53.9
U1392,,2023,WUR 2023,,,16.1,,,,4.047134316765368,53.9
U1392,,2023,WUR 2023,,,16.1,,,,9.259582578959762,53.9
U1392,,2023,WUR 2023,,,16.1,,,,5.0147794888344,53.9
U1392,,2023,WUR 2023,,,16.1,,,,6.048745570521993,53.9
U1392,,2023,WUR 2023,,,16.1,,,,3.2088437637489795,53.9
U1392,,2023,WUR 2023,,,16.1,,,,3.833456710089624,53.9
U1392,,2023,WUR 2023,,,16.1,,,,9.782059903657936,53.9
U1392,,2023,WUR 2023,,,16.1,,,,5.158831633617945,53.9
U1392,,2023,WUR 2023,,,16.1,,,,6.656987637310143,53.9
U1392,,2023,WUR 2023,,,16.1,,,,7.980847008957106,53.9
U1392,,2023,WUR 2023,,,16.1,,,,6.152391640490189,53.9
U1392,,2023,WUR 2023,,,16.1,,,,5.302684637660615,53.9
U1392,,2023,WUR 2023,,,16.1,,,,4.124848199841193,53.9
U1392,,2023,WUR 2023,,,16.1,,,,3.813111589693071,53.9
U1392,,2023,WUR 2023,,,16.1,,,,5.302602674557117,53.9
U1392,,2023,WUR 2023,,,16.1,,,,8.157174958216169,53.9
U1392,,2023,WUR 2023,,,16.1,,,,5.076762069949905,53.9
U1392,,2023,WUR 2023,,,16.1,,,,6.288810601252746,53.9
U1392,,2023,WUR 2023,,,16.1,,,,6.328276090764572,53.9
U1392,,2023,WUR 2023,,,16.1,,,,11.75297653654587,53.9
U1392,,2023,WUR 2023,,,16.1,,,,10.117266439246784,53.9
U1392,,2023,WUR 2023,,,16.1,,,,4.437922656063465,53.9
U1392,,2023,WUR 2023,,,16.1,,,,4.710293091892417,53.9
U1392,,2023,WUR 2023,,,16.1,,,,7.085925565335147,53.9
U1392,,2023,WUR 2023,,,16.1,,,,3.355528220457925,53.9
U1392,,2023,WUR 2023,,,16.1,,,,,53.9
U1392,,2023,WUR 2023,,,12.6,,,,51.67418335352436,53.3
U1392,,2023,WUR 2023,,,12.6,,,,47.88418239895532,53.3
U1392,,2023,WUR 2023,,,12.6,,,,43.8055958895228,53.3
U1392,,2023,WUR 2023,,,12.6,,,,43.76365568588358,53.3
U1392,,2023,WUR 2023,,,12.6,,,,40.199930465075184,53.3
U1392,,2023,WUR 2023,,,12.6,,,,28.5527837078826,53.3
U1392,,2023,WUR 2023,,,12.6,,,,33.749021648384776,53.3
U1392,,2023,WUR 2023,,,12.6,,,,27.403396326452484,53.3
U1392,,2023,WUR 2023,,,12.6,,,,31.15712600491052,53.3
U1392,,2023,WUR 2023,,,12.6,,,,29.071708243361048,53.3
U1392,,2023,WUR 2023,,,12.6,,,,30.399950650658432,53.3
U1392,,2023,WUR 2023,,,12.6,,,,35.33147185564629,53.3
U1392,,2023,WUR 2023,,,12.6,,,,33.946773711772735,53.3
U1392,,2023,WUR 2023,,,12.6,,,,24.793802164462853,53.3
U1392,,2023,WUR 2023,,,12.6,,,,26.75785339223952,53.3
U1392,,2023,WUR 2023,,,12.6,,,,28.23732384975655,53.3
U1392,,2023,WUR 2023,,,12.6,,,,25.94141452924313,53.3
U1392,,2023,WUR 2023,,,12.6,,,,29.006413964994017,53.3
U1392,,2023,WUR 2023,,,12.6,,,,22.1526345493242,53.3
U1392,,2023,WUR 2023,,,12.6,,,,24.14081875648968,53.3
U1392,,2023,WUR 2023,,,12.6,,,,21.705412418739144,53.3
U1392,,2023,WUR 2023,,,12.6,,,,17.20997779422529,53.3
U1392,,2023,WUR 2023,,,12.6,,,,19.88491145208488,53.3
U1392,,2023,WUR 2023,,,12.6,,,,16.844436642582238,53.3
U1392,,2023,WUR 2023,,,12.6,,,,14.210401042301203,53.3
U1392,,2023,WUR 2023,,,12.6,,,,15.06262573119662,53.3
U1392,,2023,WUR 2023,,,12.6,,,,16.635504832291446,53.3
U1392,,2023,WUR 2023,,,12.6,,,,7.70819853141716,53.3
U1392,,2023,WUR 2023,,,12.6,,,,10.257737010756824,53.3
U1392,,2023,WUR 2023,,,12.6,,,,12.715623388297129,53.3
U1392,,2023,WUR 2023,,,12.6,,,,13.869534663513184,53.3
U1392,,2023,WUR 2023,,,12.6,,,,6.146807125772188,53.3
U1392,,2023,WUR 2023,,,12.6,,,,12.013271551458049,53.3
U1392,,2023,WUR 2023,,,12.6,,,,4.31948995228298,53.3
U1392,,2023,WUR 2023,,,12.6,,,,14.647984495642952,53.3
U1392,,2023,WUR 2023,,,12.6,,,,21.04078790243373,53.3
U1392,,2023,WUR 2023,,,12.6,,,,12.360347732600466,53.3
U1392,,2023,WUR 2023,,,12.6,,,,13.933106593924531,53.3
U1392,,2023,WUR 2023,,,12.6,,,,22.456205164243038,53.3
U1392,,2023,WUR 2023,,,12.6,,,,14.884108458641276,53.3
U1392,,2023,WUR 2023,,,12.6,,,,14.175358906529317,53.3
U1392,,2023,WUR 2023,,,12.6,,,,2.945328711444474,53.3
U1392,,2023,WUR 2023,,,12.6,,,,15.149877445256404,53.3
U1392,,2023,WUR 2023,,,12.6,,,,9.937988328617376,53.3
U1392,,2023,WUR 2023,,,12.6,,,,7.4295133641299556,53.3
U1392,,2023,WUR 2023,,,12.6,,,,8.39952199281354,53.3
U1392,,2023,WUR 2023,,,12.6,,,,6.571154201361318,53.3
U1392,,2023,WUR 2023,,,12.6,,,,3.277609582730025,53.3
U1392,,2023,WUR 2023,,,12.6,,,,3.1847189500491737,53.3
U1392,,2023,WUR 2023,,,12.6,,,,6.577730643152531,53.3
U1392,,2023,WUR 2023,,,12.6,,,,3.9478255545891,53.3
U1392,,2023,WUR 2023,,,12.6,,,,6.733954972267687,53.3
U1392,,2023,WUR 2023,,,12.6,,,,12.535658747363703,53.3
U1392,,2023,WUR 2023,,,12.6,,,,4.047134316765368,53.3
U1392,,2023,WUR 2023,,,12.6,,,,9.259582578959762,53.3
U1392,,2023,WUR 2023,,,12.6,,,,5.0147794888344,53.3
U1392,,2023,WUR 2023,,,12.6,,,,6.048745570521993,53.3
U1392,,2023,WUR 2023,,,12.6,,,,3.2088437637489795,53.3
U1392,,2023,WUR 2023,,,12.6,,,,3.833456710089624,53.3
U1392,,2023,WUR 2023,,,12.6,,,,9.782059903657936,53.3
U1392,,2023,WUR 2023,,,12.6,,,,5.158831633617945,53.3
U1392,,2023,WUR 2023,,,12.6,,,,6.656987637310143,53.3
U1392,,2023,WUR 2023,,,12.6,,,,7.980847008957106,53.3
U1392,,2023,WUR 2023,,,12.6,,,,6.152391640490189,53.3
U1392,,2023,WUR 2023,,,12.6,,,,5.302684637660615,53.3
U1392,,2023,WUR 2023,,,12.6,,,,4.124848199841193,53.3
U1392,,2023,WUR 2023,,,12.6,,,,3.813111589693071,53.3
U1392,,2023,WUR 2023,,,12.6,,,,5.302602674557117,53.3
U1392,,2023,WUR 2023,,,12.6,,,,8.157174958216169,53.3
U1392,,2023,WUR 2023,,,12.6,,,,5.076762069949905,53.3
U1392,,2023,WUR 2023,,,12.6,,,,6.288810601252746,53.3
U1392,,2023,WUR 2023,,,12.6,,,,6.328276090764572,53.3
U1392,,2023,WUR 2023,,,12.6,,,,11.75297653654587,53.3
U1392,,2023,WUR 2023,,,12.6,,,,10.117266439246784,53.3
U1392,,2023,WUR 2023,,,12.6,,,,4.437922656063465,53.3
U1392,,2023,WUR 2023,,,12.6,,,,4.710293091892417,53.3
U1392,,2023,WUR 2023,,,12.6,,,,7.085925565335147,53.3
U1392,,2023,WUR 2023,,,12.6,,,,3.355528220457925,53.3
U1392,,2023,WUR 2023,,,12.6,,,,,53.3
U1392,,2023,WUR 2023,,,34.5,,,,51.67418335352436,26.2
U1392,,2023,WUR 2023,,,34.5,,,,47.88418239895532,26.2
U1392,,2023,WUR 2023,,,34.5,,,,43.8055958895228,26.2
U1392,,2023,WUR 2023,,,34.5,,,,43.76365568588358,26.2
U1392,,2023,WUR 2023,,,34.5,,,,40.199930465075184,26.2
U1392,,2023,WUR 2023,,,34.5,,,,28.5527837078826,26.2
U1392,,2023,WUR 2023,,,34.5,,,,33.749021648384776,26.2
U1392,,2023,WUR 2023,,,34.5,,,,27.403396326452484,26.2
U1392,,2023,WUR 2023,,,34.5,,,,31.15712600491052,26.2
U1392,,2023,WUR 2023,,,34.5,,,,29.071708243361048,26.2
U1392,,2023,WUR 2023,,,34.5,,,,30.399950650658432,26.2
U1392,,2023,WUR 2023,,,34.5,,,,35.33147185564629,26.2
U1392,,2023,WUR 2023,,,34.5,,,,33.946773711772735,26.2
U1392,,2023,WUR 2023,,,34.5,,,,24.793802164462853,26.2
U1392,,2023,WUR 2023,,,34.5,,,,26.75785339223952,26.2
U1392,,2023,WUR 2023,,,34.5,,,,28.23732384975655,26.2
U1392,,2023,WUR 2023,,,34.5,,,,25.94141452924313,26.2
U1392,,2023,WUR 2023,,,34.5,,,,29.006413964994017,26.2
U1392,,2023,WUR 2023,,,34.5,,,,22.1526345493242,26.2
U1392,,2023,WUR 2023,,,34.5,,,,24.14081875648968,26.2
U1392,,2023,WUR 2023,,,34.5,,,,21.705412418739144,26.2
U1392,,2023,WUR 2023,,,34.5,,,,17.20997779422529,26.2
U1392,,2023,WUR 2023,,,34.5,,,,19.88491145208488,26.2
U1392,,2023,WUR 2023,,,34.5,,,,16.844436642582238,26.2
U1392,,2023,WUR 2023,,,34.5,,,,14.210401042301203,26.2
U1392,,2023,WUR 2023,,,34.5,,,,15.06262573119662,26.2
U1392,,2023,WUR 2023,,,34.5,,,,16.635504832291446,26.2
U1392,,2023,WUR 2023,,,34.5,,,,7.70819853141716,26.2
U1392,,2023,WUR 2023,,,34.5,,,,10.257737010756824,26.2
U1392,,2023,WUR 2023,,,34.5,,,,12.715623388297129,26.2
U1392,,2023,WUR 2023,,,34.5,,,,13.869534663513184,26.2
U1392,,2023,WUR 2023,,,34.5,,,,6.146807125772188,26.2
U1392,,2023,WUR 2023,,,34.5,,,,12.013271551458049,26.2
U1392,,2023,WUR 2023,,,34.5,,,,4.31948995228298,26.2
U1392,,2023,WUR 2023,,,34.5,,,,14.647984495642952,26.2
U1392,,2023,WUR 2023,,,34.5,,,,21.04078790243373,26.2
U1392,,2023,WUR 2023,,,34.5,,,,12.360347732600466,26.2
U1392,,2023,WUR 2023,,,34.5,,,,13.933106593924531,26.2
U1392,,2023,WUR 2023,,,34.5,,,,22.456205164243038,26.2
U1392,,2023,WUR 2023,,,34.5,,,,14.884108458641276,26.2
U1392,,2023,WUR 2023,,,34.5,,,,14.175358906529317,26.2
U1392,,2023,WUR 2023,,,34.5,,,,2.945328711444474,26.2
U1392,,2023,WUR 2023,,,34.5,,,,15.149877445256404,26.2
U1392,,2023,WUR 2023,,,34.5,,,,9.937988328617376,26.2
U1392,,2023,WUR 2023,,,34.5,,,,7.4295133641299556,26.2
U1392,,2023,WUR 2023,,,34.5,,,,8.39952199281354,26.2
U1392,,2023,WUR 2023,,,34.5,,,,6.571154201361318,26.2
U1392,,2023,WUR 2023,,,34.5,,,,3.277609582730025,26.2
U1392,,2023,WUR 2023,,,34.5,,,,3.1847189500491737,26.2
U1392,,2023,WUR 2023,,,34.5,,,,6.577730643152531,26.2
U1392,,2023,WUR 2023,,,34.5,,,,3.9478255545891,26.2
U1392,,2023,WUR 2023,,,34.5,,,,6.733954972267687,26.2
U1392,,2023,WUR 2023,,,34.5,,,,12.535658747363703,26.2
U1392,,2023,WUR 2023,,,34.5,,,,4.047134316765368,26.2
U1392,,2023,WUR 2023,,,34.5,,,,9.259582578959762,26.2
U1392,,2023,WUR 2023,,,34.5,,,,5.0147794888344,26.2
U1392,,2023,WUR 2023,,,34.5,,,,6.048745570521993,26.2
U1392,,2023,WUR 2023,,,34.5,,,,3.2088437637489795,26.2
U1392,,2023,WUR 2023,,,34.5,,,,3.833456710089624,26.2
U1392,,2023,WUR 2023,,,34.5,,,,9.782059903657936,26.2
U1392,,2023,WUR 2023,,,34.5,,,,5.158831633617945,26.2
U1392,,2023,WUR 2023,,,34.5,,,,6.656987637310143,26.2
U1392,,2023,WUR 2023,,,34.5,,,,7.980847008957106,26.2
U1392,,2023,WUR 2023,,,34.5,,,,6.152391640490189,26.2
U1392,,2023,WUR 2023,,,34.5,,,,5.302684637660615,26.2
U1392,,2023,WUR 2023,,,34.5,,,,4.124848199841193,26.2
U1392,,2023,WUR 2023,,,34.5,,,,3.813111589693071,26.2
U1392,,2023,WUR 2023,,,34.5,,,,5.302602674557117,26.2
U1392,,2023,WUR 2023,,,34.5,,,,8.157174958216169,26.2
U1392,,2023,WUR 2023,,,34.5,,,,5.076762069949905,26.2
U1392,,2023,WUR 2023,,,34.5,,,,6.288810601252746,26.2
U1392,,2023,WUR 2023,,,34.5,,,,6.328276090764572,26.2
U1392,,2023,WUR 2023,,,34.5,,,,11.75297653654587,26.2
U1392,,2023,WUR 2023,,,34.5,,,,10.117266439246784,26.2
U1392,,2023,WUR 2023,,,34.5,,,,4.437922656063465,26.2
U1392,,2023,WUR 2023,,,34.5,,,,4.710293091892417,26.2
U1392,,2023,WUR 2023,,,34.5,,,,7.085925565335147,26.2
U1392,,2023,WUR 2023,,,34.5,,,,3.355528220457925,26.2
U1392,,2023,WUR 2023,,,34.5,,,,,26.2
U1392,,2023,WUR 2023,,,31.4,,,,51.67418335352436,27.6
U1392,,2023,WUR 2023,,,31.4,,,,47.88418239895532,27.6
U1392,,2023,WUR 2023,,,31.4,,,,43.8055958895228,27.6
U1392,,2023,WUR 2023,,,31.4,,,,43.76365568588358,27.6
U1392,,2023,WUR 2023,,,31.4,,,,40.199930465075184,27.6
U1392,,2023,WUR 2023,,,31.4,,,,28.5527837078826,27.6
U1392,,2023,WUR 2023,,,31.4,,,,33.749021648384776,27.6
U1392,,2023,WUR 2023,,,31.4,,,,27.403396326452484,27.6
U1392,,2023,WUR 2023,,,31.4,,,,31.15712600491052,27.6
U1392,,2023,WUR 2023,,,31.4,,,,29.071708243361048,27.6
U1392,,2023,WUR 2023,,,31.4,,,,30.399950650658432,27.6
U1392,,2023,WUR 2023,,,31.4,,,,35.33147185564629,27.6
U1392,,2023,WUR 2023,,,31.4,,,,33.946773711772735,27.6
U1392,,2023,WUR 2023,,,31.4,,,,24.793802164462853,27.6
U1392,,2023,WUR 2023,,,31.4,,,,26.75785339223952,27.6
U1392,,2023,WUR 2023,,,31.4,,,,28.23732384975655,27.6
U1392,,2023,WUR 2023,,,31.4,,,,25.94141452924313,27.6
U1392,,2023,WUR 2023,,,31.4,,,,29.006413964994017,27.6
U1392,,2023,WUR 2023,,,31.4,,,,22.1526345493242,27.6
U1392,,2023,WUR 2023,,,31.4,,,,24.14081875648968,27.6
U1392,,2023,WUR 2023,,,31.4,,,,21.705412418739144,27.6
U1392,,2023,WUR 2023,,,31.4,,,,17.20997779422529,27.6
U1392,,2023,WUR 2023,,,31.4,,,,19.88491145208488,27.6
U1392,,2023,WUR 2023,,,31.4,,,,16.844436642582238,27.6
U1392,,2023,WUR 2023,,,31.4,,,,14.210401042301203,27.6
U1392,,2023,WUR 2023,,,31.4,,,,15.06262573119662,27.6
U1392,,2023,WUR 2023,,,31.4,,,,16.635504832291446,27.6
U1392,,2023,WUR 2023,,,31.4,,,,7.70819853141716,27.6
U1392,,2023,WUR 2023,,,31.4,,,,10.257737010756824,27.6
U1392,,2023,WUR 2023,,,31.4,,,,12.715623388297129,27.6
U1392,,2023,WUR 2023,,,31.4,,,,13.869534663513184,27.6
U1392,,2023,WUR 2023,,,31.4,,,,6.146807125772188,27.6
U1392,,2023,WUR 2023,,,31.4,,,,12.013271551458049,27.6
U1392,,2023,WUR 2023,,,31.4,,,,4.31948995228298,27.6
U1392,,2023,WUR 2023,,,31.4,,,,14.647984495642952,27.6
U1392,,2023,WUR 2023,,,31.4,,,,21.04078790243373,27.6
U1392,,2023,WUR 2023,,,31.4,,,,12.360347732600466,27.6
U1392,,2023,WUR 2023,,,31.4,,,,13.933106593924531,27.6
U1392,,2023,WUR 2023,,,31.4,,,,22.456205164243038,27.6
U1392,,2023,WUR 2023,,,31.4,,,,14.884108458641276,27.6
U1392,,2023,WUR 2023,,,31.4,,,,14.175358906529317,27.6
U1392,,2023,WUR 2023,,,31.4,,,,2.945328711444474,27.6
U1392,,2023,WUR 2023,,,31.4,,,,15.149877445256404,27.6
U1392,,2023,WUR 2023,,,31.4,,,,9.937988328617376,27.6
U1392,,2023,WUR 2023,,,31.4,,,,7.4295133641299556,27.6
U1392,,2023,WUR 2023,,,31.4,,,,8.39952199281354,27.6
U1392,,2023,WUR 2023,,,31.4,,,,6.571154201361318,27.6
U1392,,2023,WUR 2023,,,31.4,,,,3.277609582730025,27.6
U1392,,2023,WUR 2023,,,31.4,,,,3.1847189500491737,27.6
U1392,,2023,WUR 2023,,,31.4,,,,6.577730643152531,27.6
U1392,,2023,WUR 2023,,,31.4,,,,3.9478255545891,27.6
U1392,,2023,WUR 2023,,,31.4,,,,6.733954972267687,27.6
U1392,,2023,WUR 2023,,,31.4,,,,12.535658747363703,27.6
U1392,,2023,WUR 2023,,,31.4,,,,4.047134316765368,27.6
U1392,,2023,WUR 2023,,,31.4,,,,9.259582578959762,27.6
U1392,,2023,WUR 2023,,,31.4,,,,5.0147794888344,27.6
U1392,,2023,WUR 2023,,,31.4,,,,6.048745570521993,27.6
U1392,,2023,WUR 2023,,,31.4,,,,3.2088437637489795,27.6
U1392,,2023,WUR 2023,,,31.4,,,,3.833456710089624,27.6
U1392,,2023,WUR 2023,,,31.4,,,,9.782059903657936,27.6
U1392,,2023,WUR 2023,,,31.4,,,,5.158831633617945,27.6
U1392,,2023,WUR 2023,,,31.4,,,,6.656987637310143,27.6
U1392,,2023,WUR 2023,,,31.4,,,,7.980847008957106,27.6
U1392,,2023,WUR 2023,,,31.4,,,,6.152391640490189,27.6
U1392,,2023,WUR 2023,,,31.4,,,,5.302684637660615,27.6
U1392,,2023,WUR 2023,,,31.4,,,,4.124848199841193,27.6
U1392,,2023,WUR 2023,,,31.4,,,,3.813111589693071,27.6
U1392,,2023,WUR 2023,,,31.4,,,,5.302602674557117,27.6
U1392,,2023,WUR 2023,,,31.4,,,,8.157174958216169,27.6
U1392,,2023,WUR 2023,,,31.4,,,,5.076762069949905,27.6
U1392,,2023,WUR 2023,,,31.4,,,,6.288810601252746,27.6
U1392,,2023,WUR 2023,,,31.4,,,,6.328276090764572,27.6
U1392,,2023,WUR 2023,,,31.4,,,,11.75297653654587,27.6
U1392,,2023,WUR 2023,,,31.4,,,,10.117266439246784,27.6
U1392,,2023,WUR 2023,,,31.4,,,,4.437922656063465,27.6
U1392,,2023,WUR 2023,,,31.4,,,,4.710293091892417,27.6
U1392,,2023,WUR 2023,,,31.4,,,,7.085925565335147,27.6
U1392,,2023,WUR 2023,,,31.4,,,,3.355528220457925,27.6
U1392,,2023,WUR 2023,,,31.4,,,,,27.6
U1392,,2023,WUR 2023,,,38.6,,,,51.67418335352436,32.2
U1392,,2023,WUR 2023,,,38.6,,,,47.88418239895532,32.2
U1392,,2023,WUR 2023,,,38.6,,,,43.8055958895228,32.2
U1392,,2023,WUR 2023,,,38.6,,,,43.76365568588358,32.2
U1392,,2023,WUR 2023,,,38.6,,,,40.199930465075184,32.2
U1392,,2023,WUR 2023,,,38.6,,,,28.5527837078826,32.2
U1392,,2023,WUR 2023,,,38.6,,,,33.749021648384776,32.2
U1392,,2023,WUR 2023,,,38.6,,,,27.403396326452484,32.2
U1392,,2023,WUR 2023,,,38.6,,,,31.15712600491052,32.2
U1392,,2023,WUR 2023,,,38.6,,,,29.071708243361048,32.2
U1392,,2023,WUR 2023,,,38.6,,,,30.399950650658432,32.2
U1392,,2023,WUR 2023,,,38.6,,,,35.33147185564629,32.2
U1392,,2023,WUR 2023,,,38.6,,,,33.946773711772735,32.2
U1392,,2023,WUR 2023,,,38.6,,,,24.793802164462853,32.2
U1392,,2023,WUR 2023,,,38.6,,,,26.75785339223952,32.2
U1392,,2023,WUR 2023,,,38.6,,,,28.23732384975655,32.2
U1392,,2023,WUR 2023,,,38.6,,,,25.94141452924313,32.2
U1392,,2023,WUR 2023,,,38.6,,,,29.006413964994017,32.2
U1392,,2023,WUR 2023,,,38.6,,,,22.1526345493242,32.2
U1392,,2023,WUR 2023,,,38.6,,,,24.14081875648968,32.2
U1392,,2023,WUR 2023,,,38.6,,,,21.705412418739144,32.2
U1392,,2023,WUR 2023,,,38.6,,,,17.20997779422529,32.2
U1392,,2023,WUR 2023,,,38.6,,,,19.88491145208488,32.2
U1392,,2023,WUR 2023,,,38.6,,,,16.844436642582238,32.2
U1392,,2023,WUR 2023,,,38.6,,,,14.210401042301203,32.2
U1392,,2023,WUR 2023,,,38.6,,,,15.06262573119662,32.2
U1392,,2023,WUR 2023,,,38.6,,,,16.635504832291446,32.2
U1392,,2023,WUR 2023,,,38.6,,,,7.70819853141716,32.2
U1392,,2023,WUR 2023,,,38.6,,,,10.257737010756824,32.2
U1392,,2023,WUR 2023,,,38.6,,,,12.715623388297129,32.2
U1392,,2023,WUR 2023,,,38.6,,,,13.869534663513184,32.2
U1392,,2023,WUR 2023,,,38.6,,,,6.146807125772188,32.2
U1392,,2023,WUR 2023,,,38.6,,,,12.013271551458049,32.2
U1392,,2023,WUR 2023,,,38.6,,,,4.31948995228298,32.2
U1392,,2023,WUR 2023,,,38.6,,,,14.647984495642952,32.2
U1392,,2023,WUR 2023,,,38.6,,,,21.04078790243373,32.2
U1392,,2023,WUR 2023,,,38.6,,,,12.360347732600466,32.2
U1392,,2023,WUR 2023,,,38.6,,,,13.933106593924531,32.2
U1392,,2023,WUR 2023,,,38.6,,,,22.456205164243038,32.2
U1392,,2023,WUR 2023,,,38.6,,,,14.884108458641276,32.2
U1392,,2023,WUR 2023,,,38.6,,,,14.175358906529317,32.2
U1392,,2023,WUR 2023,,,38.6,,,,2.945328711444474,32.2
U1392,,2023,WUR 2023,,,38.6,,,,15.149877445256404,32.2
U1392,,2023,WUR 2023,,,38.6,,,,9.937988328617376,32.2
U1392,,2023,WUR 2023,,,38.6,,,,7.4295133641299556,32.2
U1392,,2023,WUR 2023,,,38.6,,,,8.39952199281354,32.2
U1392,,2023,WUR 2023,,,38.6,,,,6.571154201361318,32.2
U1392,,2023,WUR 2023,,,38.6,,,,3.277609582730025,32.2
U1392,,2023,WUR 2023,,,38.6,,,,3.1847189500491737,32.2
U1392,,2023,WUR 2023,,,38.6,,,,6.577730643152531,32.2
U1392,,2023,WUR 2023,,,38.6,,,,3.9478255545891,32.2
U1392,,2023,WUR 2023,,,38.6,,,,6.733954972267687,32.2
U1392,,2023,WUR 2023,,,38.6,,,,12.535658747363703,32.2
U1392,,2023,WUR 2023,,,38.6,,,,4.047134316765368,32.2
U1392,,2023,WUR 2023,,,38.6,,,,9.259582578959762,32.2
U1392,,2023,WUR 2023,,,38.6,,,,5.0147794888344,32.2
U1392,,2023,WUR 2023,,,38.6,,,,6.048745570521993,32.2
U1392,,2023,WUR 2023,,,38.6,,,,3.2088437637489795,32.2
U1392,,2023,WUR 2023,,,38.6,,,,3.833456710089624,32.2
U1392,,2023,WUR 2023,,,38.6,,,,9.782059903657936,32.2
U1392,,2023,WUR 2023,,,38.6,,,,5.158831633617945,32.2
U1392,,2023,WUR 2023,,,38.6,,,,6.656987637310143,32.2
U1392,,2023,WUR 2023,,,38.6,,,,7.980847008957106,32.2
U1392,,2023,WUR 2023,,,38.6,,,,6.152391640490189,32.2
U1392,,2023,WUR 2023,,,38.6,,,,5.302684637660615,32.2
U1392,,2023,WUR 2023,,,38.6,,,,4.124848199841193,32.2
U1392,,2023,WUR 2023,,,38.6,,,,3.813111589693071,32.2
U1392,,2023,WUR 2023,,,38.6,,,,5.302602674557117,32.2
U1392,,2023,WUR 2023,,,38.6,,,,8.157174958216169,32.2
U1392,,2023,WUR 2023,,,38.6,,,,5.076762069949905,32.2
U1392,,2023,WUR 2023,,,38.6,,,,6.288810601252746,32.2
U1392,,2023,WUR 2023,,,38.6,,,,6.328276090764572,32.2
U1392,,2023,WUR 2023,,,38.6,,,,11.75297653654587,32.2
U1392,,2023,WUR 2023,,,38.6,,,,10.117266439246784,32.2
U1392,,2023,WUR 2023,,,38.6,,,,4.437922656063465,32.2
U1392,,2023,WUR 2023,,,38.6,,,,4.710293091892417,32.2
U1392,,2023,WUR 2023,,,38.6,,,,7.085925565335147,32.2
U1392,,2023,WUR 2023,,,38.6,,,,3.355528220457925,32.2
U1392,,2023,WUR 2023,,,38.6,,,,,32.2
U1392,,2023,WUR 2023,,,1.2,,,,51.67418335352436,42.4
U1392,,2023,WUR 2023,,,1.2,,,,47.88418239895532,42.4
U1392,,2023,WUR 2023,,,1.2,,,,43.8055958895228,42.4
U1392,,2023,WUR 2023,,,1.2,,,,43.76365568588358,42.4
U1392,,2023,WUR 2023,,,1.2,,,,40.199930465075184,42.4
U1392,,2023,WUR 2023,,,1.2,,,,28.5527837078826,42.4
U1392,,2023,WUR 2023,,,1.2,,,,33.749021648384776,42.4
U1392,,2023,WUR 2023,,,1.2,,,,27.403396326452484,42.4
U1392,,2023,WUR 2023,,,1.2,,,,31.15712600491052,42.4
U1392,,2023,WUR 2023,,,1.2,,,,29.071708243361048,42.4
U1392,,2023,WUR 2023,,,1.2,,,,30.399950650658432,42.4
U1392,,2023,WUR 2023,,,1.2,,,,35.33147185564629,42.4
U1392,,2023,WUR 2023,,,1.2,,,,33.946773711772735,42.4
U1392,,2023,WUR 2023,,,1.2,,,,24.793802164462853,42.4
U1392,,2023,WUR 2023,,,1.2,,,,26.75785339223952,42.4
U1392,,2023,WUR 2023,,,1.2,,,,28.23732384975655,42.4
U1392,,2023,WUR 2023,,,1.2,,,,25.94141452924313,42.4
U1392,,2023,WUR 2023,,,1.2,,,,29.006413964994017,42.4
U1392,,2023,WUR 2023,,,1.2,,,,22.1526345493242,42.4
U1392,,2023,WUR 2023,,,1.2,,,,24.14081875648968,42.4
U1392,,2023,WUR 2023,,,1.2,,,,21.705412418739144,42.4
U1392,,2023,WUR 2023,,,1.2,,,,17.20997779422529,42.4
U1392,,2023,WUR 2023,,,1.2,,,,19.88491145208488,42.4
U1392,,2023,WUR 2023,,,1.2,,,,16.844436642582238,42.4
U1392,,2023,WUR 2023,,,1.2,,,,14.210401042301203,42.4
U1392,,2023,WUR 2023,,,1.2,,,,15.06262573119662,42.4
U1392,,2023,WUR 2023,,,1.2,,,,16.635504832291446,42.4
U1392,,2023,WUR 2023,,,1.2,,,,7.70819853141716,42.4
U1392,,2023,WUR 2023,,,1.2,,,,10.257737010756824,42.4
U1392,,2023,WUR 2023,,,1.2,,,,12.715623388297129,42.4
U1392,,2023,WUR 2023,,,1.2,,,,13.869534663513184,42.4
U1392,,2023,WUR 2023,,,1.2,,,,6.146807125772188,42.4
U1392,,2023,WUR 2023,,,1.2,,,,12.013271551458049,42.4
U1392,,2023,WUR 2023,,,1.2,,,,4.31948995228298,42.4
U1392,,2023,WUR 2023,,,1.2,,,,14.647984495642952,42.4
U1392,,2023,WUR 2023,,,1.2,,,,21.04078790243373,42.4
U1392,,2023,WUR 2023,,,1.2,,,,12.360347732600466,42.4
U1392,,2023,WUR 2023,,,1.2,,,,13.933106593924531,42.4
U1392,,2023,WUR 2023,,,1.2,,,,22.456205164243038,42.4
U1392,,2023,WUR 2023,,,1.2,,,,14.884108458641276,42.4
U1392,,2023,WUR 2023,,,1.2,,,,14.175358906529317,42.4
U1392,,2023,WUR 2023,,,1.2,,,,2.945328711444474,42.4
U1392,,2023,WUR 2023,,,1.2,,,,15.149877445256404,42.4
U1392,,2023,WUR 2023,,,1.2,,,,9.937988328617376,42.4
U1392,,2023,WUR 2023,,,1.2,,,,7.4295133641299556,42.4
U1392,,2023,WUR 2023,,,1.2,,,,8.39952199281354,42.4
U1392,,2023,WUR 2023,,,1.2,,,,6.571154201361318,42.4
U1392,,2023,WUR 2023,,,1.2,,,,3.277609582730025,42.4
U1392,,2023,WUR 2023,,,1.2,,,,3.1847189500491737,42.4
U1392,,2023,WUR 2023,,,1.2,,,,6.577730643152531,42.4
U1392,,2023,WUR 2023,,,1.2,,,,3.9478255545891,42.4
U1392,,2023,WUR 2023,,,1.2,,,,6.733954972267687,42.4
U1392,,2023,WUR 2023,,,1.2,,,,12.535658747363703,42.4
U1392,,2023,WUR 2023,,,1.2,,,,4.047134316765368,42.4
U1392,,2023,WUR 2023,,,1.2,,,,9.259582578959762,42.4
U1392,,2023,WUR 2023,,,1.2,,,,5.0147794888344,42.4
U1392,,2023,WUR 2023,,,1.2,,,,6.048745570521993,42.4
U1392,,2023,WUR 2023,,,1.2,,,,3.2088437637489795,42.4
U1392,,2023,WUR 2023,,,1.2,,,,3.833456710089624,42.4
U1392,,2023,WUR 2023,,,1.2,,,,9.782059903657936,42.4
U1392,,2023,WUR 2023,,,1.2,,,,5.158831633617945,42.4
U1392,,2023,WUR 2023,,,1.2,,,,6.656987637310143,42.4
U1392,,2023,WUR 2023,,,1.2,,,,7.980847008957106,42.4
U1392,,2023,WUR 2023,,,1.2,,,,6.152391640490189,42.4
U1392,,2023,WUR 2023,,,1.2,,,,5.302684637660615,42.4
U1392,,2023,WUR 2023,,,1.2,,,,4.124848199841193,42.4
U1392,,2023,WUR 2023,,,1.2,,,,3.813111589693071,42.4
U1392,,2023,WUR 2023,,,1.2,,,,5.302602674557117,42.4
U1392,,2023,WUR 2023,,,1.2,,,,8.157174958216169,42.4
U1392,,2023,WUR 2023,,,1.2,,,,5.076762069949905,42.4
U1392,,2023,WUR 2023,,,1.2,,,,6.288810601252746,42.4
U1392,,2023,WUR 2023,,,1.2,,,,6.328276090764572,42.4
U1392,,2023,WUR 2023,,,1.2,,,,11.75297653654587,42.4
U1392,,2023,WUR 2023,,,1.2,,,,10.117266439246784,42.4
U1392,,2023,WUR 2023,,,1.2,,,,4.437922656063465,42.4
U1392,,2023,WUR 2023,,,1.2,,,,4.710293091892417,42.4
U1392,,2023,WUR 2023,,,1.2,,,,7.085925565335147,42.4
U1392,,2023,WUR 2023,,,1.2,,,,3.355528220457925,42.4
U1392,,2023,WUR 2023,,,1.2,,,,,42.4
U1392,,2023,WUR 2023,,,9.9,,,,51.67418335352436,34.4
U1392,,2023,WUR 2023,,,9.9,,,,47.88418239895532,34.4
U1392,,2023,WUR 2023,,,9.9,,,,43.8055958895228,34.4
U1392,,2023,WUR 2023,,,9.9,,,,43.76365568588358,34.4
U1392,,2023,WUR 2023,,,9.9,,,,40.199930465075184,34.4
U1392,,2023,WUR 2023,,,9.9,,,,28.5527837078826,34.4
U1392,,2023,WUR 2023,,,9.9,,,,33.749021648384776,34.4
U1392,,2023,WUR 2023,,,9.9,,,,27.403396326452484,34.4
U1392,,2023,WUR 2023,,,9.9,,,,31.15712600491052,34.4
U1392,,2023,WUR 2023,,,9.9,,,,29.071708243361048,34.4
U1392,,2023,WUR 2023,,,9.9,,,,30.399950650658432,34.4
U1392,,2023,WUR 2023,,,9.9,,,,35.33147185564629,34.4
U1392,,2023,WUR 2023,,,9.9,,,,33.946773711772735,34.4
U1392,,2023,WUR 2023,,,9.9,,,,24.793802164462853,34.4
U1392,,2023,WUR 2023,,,9.9,,,,26.75785339223952,34.4
U1392,,2023,WUR 2023,,,9.9,,,,28.23732384975655,34.4
U1392,,2023,WUR 2023,,,9.9,,,,25.94141452924313,34.4
U1392,,2023,WUR 2023,,,9.9,,,,29.006413964994017,34.4
U1392,,2023,WUR 2023,,,9.9,,,,22.1526345493242,34.4
U1392,,2023,WUR 2023,,,9.9,,,,24.14081875648968,34.4
U1392,,2023,WUR 2023,,,9.9,,,,21.705412418739144,34.4
U1392,,2023,WUR 2023,,,9.9,,,,17.20997779422529,34.4
U1392,,2023,WUR 2023,,,9.9,,,,19.88491145208488,34.4
U1392,,2023,WUR 2023,,,9.9,,,,16.844436642582238,34.4
U1392,,2023,WUR 2023,,,9.9,,,,14.210401042301203,34.4
U1392,,2023,WUR 2023,,,9.9,,,,15.06262573119662,34.4
U1392,,2023,WUR 2023,,,9.9,,,,16.635504832291446,34.4
U1392,,2023,WUR 2023,,,9.9,,,,7.70819853141716,34.4
U1392,,2023,WUR 2023,,,9.9,,,,10.257737010756824,34.4
U1392,,2023,WUR 2023,,,9.9,,,,12.715623388297129,34.4
U1392,,2023,WUR 2023,,,9.9,,,,13.869534663513184,34.4
U1392,,2023,WUR 2023,,,9.9,,,,6.146807125772188,34.4
U1392,,2023,WUR 2023,,,9.9,,,,12.013271551458049,34.4
U1392,,2023,WUR 2023,,,9.9,,,,4.31948995228298,34.4
U1392,,2023,WUR 2023,,,9.9,,,,14.647984495642952,34.4
U1392,,2023,WUR 2023,,,9.9,,,,21.04078790243373,34.4
U1392,,2023,WUR 2023,,,9.9,,,,12.360347732600466,34.4
U1392,,2023,WUR 2023,,,9.9,,,,13.933106593924531,34.4
U1392,,2023,WUR 2023,,,9.9,,,,22.456205164243038,34.4
U1392,,2023,WUR 2023,,,9.9,,,,14.884108458641276,34.4
U1392,,2023,WUR 2023,,,9.9,,,,14.175358906529317,34.4
U1392,,2023,WUR 2023,,,9.9,,,,2.945328711444474,34.4
U1392,,2023,WUR 2023,,,9.9,,,,15.149877445256404,34.4
U1392,,2023,WUR 2023,,,9.9,,,,9.937988328617376,34.4
U1392,,2023,WUR 2023,,,9.9,,,,7.4295133641299556,34.4
U1392,,2023,WUR 2023,,,9.9,,,,8.39952199281354,34.4
U1392,,2023,WUR 2023,,,9.9,,,,6.571154201361318,34.4
U1392,,2023,WUR 2023,,,9.9,,,,3.277609582730025,34.4
U1392,,2023,WUR 2023,,,9.9,,,,3.1847189500491737,34.4
U1392,,2023,WUR 2023,,,9.9,,,,6.577730643152531,34.4
U1392,,2023,WUR 2023,,,9.9,,,,3.9478255545891,34.4
U1392,,2023,WUR 2023,,,9.9,,,,6.733954972267687,34.4
U1392,,2023,WUR 2023,,,9.9,,,,12.535658747363703,34.4
U1392,,2023,WUR 2023,,,9.9,,,,4.047134316765368,34.4
U1392,,2023,WUR 2023,,,9.9,,,,9.259582578959762,34.4
U1392,,2023,WUR 2023,,,9.9,,,,5.0147794888344,34.4
U1392,,2023,WUR 2023,,,9.9,,,,6.048745570521993,34.4
U1392,,2023,WUR 2023,,,9.9,,,,3.2088437637489795,34.4
U1392,,2023,WUR 2023,,,9.9,,,,3.833456710089624,34.4
U1392,,2023,WUR 2023,,,9.9,,,,9.782059903657936,34.4
U1392,,2023,WUR 2023,,,9.9,,,,5.158831633617945,34.4
U1392,,2023,WUR 2023,,,9.9,,,,6.656987637310143,34.4
U1392,,2023,WUR 2023,,,9.9,,,,7.980847008957106,34.4
U1392,,2023,WUR 2023,,,9.9,,,,6.152391640490189,34.4
U1392,,2023,WUR 2023,,,9.9,,,,5.302684637660615,34.4
U1392,,2023,WUR 2023,,,9.9,,,,4.124848199841193,34.4
U1392,,2023,WUR 2023,,,9.9,,,,3.813111589693071,34.4
U1392,,2023,WUR 2023,,,9.9,,,,5.302602674557117,34.4
U1392,,2023,WUR 2023,,,9.9,,,,8.157174958216169,34.4
U1392,,2023,WUR 2023,,,9.9,,,,5.076762069949905,34.4
U1392,,2023,WUR 2023,,,9.9,,,,6.288810601252746,34.4
U1392,,2023,WUR 2023,,,9.9,,,,6.328276090764572,34.4
U1392,,2023,WUR 2023,,,9.9,,,,11.75297653654587,34.4
U1392,,2023,WUR 2023,,,9.9,,,,10.117266439246784,34.4
U1392,,2023,WUR 2023,,,9.9,,,,4.437922656063465,34.4
U1392,,2023,WUR 2023,,,9.9,,,,4.710293091892417,34.4
U1392,,2023,WUR 2023,,,9.9,,,,7.085925565335147,34.4
U1392,,2023,WUR 2023,,,9.9,,,,3.355528220457925,34.4
U1392,,2023,WUR 2023,,,9.9,,,,,34.4
U1392,,2023,WUR 2023,,,23.0,,,,51.67418335352436,27.5
U1392,,2023,WUR 2023,,,23.0,,,,47.88418239895532,27.5
U1392,,2023,WUR 2023,,,23.0,,,,43.8055958895228,27.5
U1392,,2023,WUR 2023,,,23.0,,,,43.76365568588358,27.5
U1392,,2023,WUR 2023,,,23.0,,,,40.199930465075184,27.5
U1392,,2023,WUR 2023,,,23.0,,,,28.5527837078826,27.5
U1392,,2023,WUR 2023,,,23.0,,,,33.749021648384776,27.5
U1392,,2023,WUR 2023,,,23.0,,,,27.403396326452484,27.5
U1392,,2023,WUR 2023,,,23.0,,,,31.15712600491052,27.5
U1392,,2023,WUR 2023,,,23.0,,,,29.071708243361048,27.5
U1392,,2023,WUR 2023,,,23.0,,,,30.399950650658432,27.5
U1392,,2023,WUR 2023,,,23.0,,,,35.33147185564629,27.5
U1392,,2023,WUR 2023,,,23.0,,,,33.946773711772735,27.5
U1392,,2023,WUR 2023,,,23.0,,,,24.793802164462853,27.5
U1392,,2023,WUR 2023,,,23.0,,,,26.75785339223952,27.5
U1392,,2023,WUR 2023,,,23.0,,,,28.23732384975655,27.5
U1392,,2023,WUR 2023,,,23.0,,,,25.94141452924313,27.5
U1392,,2023,WUR 2023,,,23.0,,,,29.006413964994017,27.5
U1392,,2023,WUR 2023,,,23.0,,,,22.1526345493242,27.5
U1392,,2023,WUR 2023,,,23.0,,,,24.14081875648968,27.5
U1392,,2023,WUR 2023,,,23.0,,,,21.705412418739144,27.5
U1392,,2023,WUR 2023,,,23.0,,,,17.20997779422529,27.5
U1392,,2023,WUR 2023,,,23.0,,,,19.88491145208488,27.5
U1392,,2023,WUR 2023,,,23.0,,,,16.844436642582238,27.5
U1392,,2023,WUR 2023,,,23.0,,,,14.210401042301203,27.5
U1392,,2023,WUR 2023,,,23.0,,,,15.06262573119662,27.5
U1392,,2023,WUR 2023,,,23.0,,,,16.635504832291446,27.5
U1392,,2023,WUR 2023,,,23.0,,,,7.70819853141716,27.5
U1392,,2023,WUR 2023,,,23.0,,,,10.257737010756824,27.5
U1392,,2023,WUR 2023,,,23.0,,,,12.715623388297129,27.5
U1392,,2023,WUR 2023,,,23.0,,,,13.869534663513184,27.5
U1392,,2023,WUR 2023,,,23.0,,,,6.146807125772188,27.5
U1392,,2023,WUR 2023,,,23.0,,,,12.013271551458049,27.5
U1392,,2023,WUR 2023,,,23.0,,,,4.31948995228298,27.5
U1392,,2023,WUR 2023,,,23.0,,,,14.647984495642952,27.5
U1392,,2023,WUR 2023,,,23.0,,,,21.04078790243373,27.5
U1392,,2023,WUR 2023,,,23.0,,,,12.360347732600466,27.5
U1392,,2023,WUR 2023,,,23.0,,,,13.933106593924531,27.5
U1392,,2023,WUR 2023,,,23.0,,,,22.456205164243038,27.5
U1392,,2023,WUR 2023,,,23.0,,,,14.884108458641276,27.5
U1392,,2023,WUR 2023,,,23.0,,,,14.175358906529317,27.5
U1392,,2023,WUR 2023,,,23.0,,,,2.945328711444474,27.5
U1392,,2023,WUR 2023,,,23.0,,,,15.149877445256404,27.5
U1392,,2023,WUR 2023,,,23.0,,,,9.937988328617376,27.5
U1392,,2023,WUR 2023,,,23.0,,,,7.4295133641299556,27.5
U1392,,2023,WUR 2023,,,23.0,,,,8.39952199281354,27.5
U1392,,2023,WUR 2023,,,23.0,,,,6.571154201361318,27.5
U1392,,2023,WUR 2023,,,23.0,,,,3.277609582730025,27.5
U1392,,2023,WUR 2023,,,23.0,,,,3.1847189500491737,27.5
U1392,,2023,WUR 2023,,,23.0,,,,6.577730643152531,27.5
U1392,,2023,WUR 2023,,,23.0,,,,3.9478255545891,27.5
U1392,,2023,WUR 2023,,,23.0,,,,6.733954972267687,27.5
U1392,,2023,WUR 2023,,,23.0,,,,12.535658747363703,27.5
U1392,,2023,WUR 2023,,,23.0,,,,4.047134316765368,27.5
U1392,,2023,WUR 2023,,,23.0,,,,9.259582578959762,27.5
U1392,,2023,WUR 2023,,,23.0,,,,5.0147794888344,27.5
U1392,,2023,WUR 2023,,,23.0,,,,6.048745570521993,27.5
U1392,,2023,WUR 2023,,,23.0,,,,3.2088437637489795,27.5
U1392,,2023,WUR 2023,,,23.0,,,,3.833456710089624,27.5
U1392,,2023,WUR 2023,,,23.0,,,,9.782059903657936,27.5
U1392,,2023,WUR 2023,,,23.0,,,,5.158831633617945,27.5
U1392,,2023,WUR 2023,,,23.0,,,,6.656987637310143,27.5
U1392,,2023,WUR 2023,,,23.0,,,,7.980847008957106,27.5
U1392,,2023,WUR 2023,,,23.0,,,,6.152391640490189,27.5
U1392,,2023,WUR 2023,,,23.0,,,,5.302684637660615,27.5
U1392,,2023,WUR 2023,,,23.0,,,,4.124848199841193,27.5
U1392,,2023,WUR 2023,,,23.0,,,,3.813111589693071,27.5
U1392,,2023,WUR 2023,,,23.0,,,,5.302602674557117,27.5
U1392,,2023,WUR 2023,,,23.0,,,,8.157174958216169,27.5
U1392,,2023,WUR 2023,,,23.0,,,,5.076762069949905,27.5
U1392,,2023,WUR 2023,,,23.0,,,,6.288810601252746,27.5
U1392,,2023,WUR 2023,,,23.0,,,,6.328276090764572,27.5
U1392,,2023,WUR 2023,,,23.0,,,,11.75297653654587,27.5
U1392,,2023,WUR 2023,,,23.0,,,,10.117266439246784,27.5
U1392,,2023,WUR 2023,,,23.0,,,,4.437922656063465,27.5
U1392,,2023,WUR 2023,,,23.0,,,,4.710293091892417,27.5
U1392,,2023,WUR 2023,,,23.0,,,,7.085925565335147,27.5
U1392,,2023,WUR 2023,,,23.0,,,,3.355528220457925,27.5
U1392,,2023,WUR 2023,,,23.0,,,,,27.5
U1392,,2023,WUR 2023,,,32.8,,,,51.67418335352436,23.0
U1392,,2023,WUR 2023,,,32.8,,,,47.88418239895532,23.0
U1392,,2023,WUR 2023,,,32.8,,,,43.8055958895228,23.0
U1392,,2023,WUR 2023,,,32.8,,,,43.76365568588358,23.0
U1392,,2023,WUR 2023,,,32.8,,,,40.199930465075184,23.0
U1392,,2023,WUR 2023,,,32.8,,,,28.5527837078826,23.0
U1392,,2023,WUR 2023,,,32.8,,,,33.749021648384776,23.0
U1392,,2023,WUR 2023,,,32.8,,,,27.403396326452484,23.0
U1392,,2023,WUR 2023,,,32.8,,,,31.15712600491052,23.0
U1392,,2023,WUR 2023,,,32.8,,,,29.071708243361048,23.0
U1392,,2023,WUR 2023,,,32.8,,,,30.399950650658432,23.0
U1392,,2023,WUR 2023,,,32.8,,,,35.33147185564629,23.0
U1392,,2023,WUR 2023,,,32.8,,,,33.946773711772735,23.0
U1392,,2023,WUR 2023,,,32.8,,,,24.793802164462853,23.0
U1392,,2023,WUR 2023,,,32.8,,,,26.75785339223952,23.0
U1392,,2023,WUR 2023,,,32.8,,,,28.23732384975655,23.0
U1392,,2023,WUR 2023,,,32.8,,,,25.94141452924313,23.0
U1392,,2023,WUR 2023,,,32.8,,,,29.006413964994017,23.0
U1392,,2023,WUR 2023,,,32.8,,,,22.1526345493242,23.0
U1392,,2023,WUR 2023,,,32.8,,,,24.14081875648968,23.0
U1392,,2023,WUR 2023,,,32.8,,,,21.705412418739144,23.0
U1392,,2023,WUR 2023,,,32.8,,,,17.20997779422529,23.0
U1392,,2023,WUR 2023,,,32.8,,,,19.88491145208488,23.0
U1392,,2023,WUR 2023,,,32.8,,,,16.844436642582238,23.0
U1392,,2023,WUR 2023,,,32.8,,,,14.210401042301203,23.0
U1392,,2023,WUR 2023,,,32.8,,,,15.06262573119662,23.0
U1392,,2023,WUR 2023,,,32.8,,,,16.635504832291446,23.0
U1392,,2023,WUR 2023,,,32.8,,,,7.70819853141716,23.0
U1392,,2023,WUR 2023,,,32.8,,,,10.257737010756824,23.0
U1392,,2023,WUR 2023,,,32.8,,,,12.715623388297129,23.0
U1392,,2023,WUR 2023,,,32.8,,,,13.869534663513184,23.0
U1392,,2023,WUR 2023,,,32.8,,,,6.146807125772188,23.0
U1392,,2023,WUR 2023,,,32.8,,,,12.013271551458049,23.0
U1392,,2023,WUR 2023,,,32.8,,,,4.31948995228298,23.0
U1392,,2023,WUR 2023,,,32.8,,,,14.647984495642952,23.0
U1392,,2023,WUR 2023,,,32.8,,,,21.04078790243373,23.0
U1392,,2023,WUR 2023,,,32.8,,,,12.360347732600466,23.0
U1392,,2023,WUR 2023,,,32.8,,,,13.933106593924531,23.0
U1392,,2023,WUR 2023,,,32.8,,,,22.456205164243038,23.0
U1392,,2023,WUR 2023,,,32.8,,,,14.884108458641276,23.0
U1392,,2023,WUR 2023,,,32.8,,,,14.175358906529317,23.0
U1392,,2023,WUR 2023,,,32.8,,,,2.945328711444474,23.0
U1392,,2023,WUR 2023,,,32.8,,,,15.149877445256404,23.0
U1392,,2023,WUR 2023,,,32.8,,,,9.937988328617376,23.0
U1392,,2023,WUR 2023,,,32.8,,,,7.4295133641299556,23.0
U1392,,2023,WUR 2023,,,32.8,,,,8.39952199281354,23.0
U1392,,2023,WUR 2023,,,32.8,,,,6.571154201361318,23.0
U1392,,2023,WUR 2023,,,32.8,,,,3.277609582730025,23.0
U1392,,2023,WUR 2023,,,32.8,,,,3.1847189500491737,23.0
U1392,,2023,WUR 2023,,,32.8,,,,6.577730643152531,23.0
U1392,,2023,WUR 2023,,,32.8,,,,3.9478255545891,23.0
U1392,,2023,WUR 2023,,,32.8,,,,6.733954972267687,23.0
U1392,,2023,WUR 2023,,,32.8,,,,12.535658747363703,23.0
U1392,,2023,WUR 2023,,,32.8,,,,4.047134316765368,23.0
U1392,,2023,WUR 2023,,,32.8,,,,9.259582578959762,23.0
U1392,,2023,WUR 2023,,,32.8,,,,5.0147794888344,23.0
U1392,,2023,WUR 2023,,,32.8,,,,6.048745570521993,23.0
U1392,,2023,WUR 2023,,,32.8,,,,3.2088437637489795,23.0
U1392,,2023,WUR 2023,,,32.8,,,,3.833456710089624,23.0
U1392,,2023,WUR 2023,,,32.8,,,,9.782059903657936,23.0
U1392,,2023,WUR 2023,,,32.8,,,,5.158831633617945,23.0
U1392,,2023,WUR 2023,,,32.8,,,,6.656987637310143,23.0
U1392,,2023,WUR 2023,,,32.8,,,,7.980847008957106,23.0
U1392,,2023,WUR 2023,,,32.8,,,,6.152391640490189,23.0
U1392,,2023,WUR 2023,,,32.8,,,,5.302684637660615,23.0
U1392,,2023,WUR 2023,,,32.8,,,,4.124848199841193,23.0
U1392,,2023,WUR 2023,,,32.8,,,,3.813111589693071,23.0
U1392,,2023,WUR 2023,,,32.8,,,,5.302602674557117,23.0
U1392,,2023,WUR 2023,,,32.8,,,,8.157174958216169,23.0
U1392,,2023,WUR 2023,,,32.8,,,,5.076762069949905,23.0
U1392,,2023,WUR 2023,,,32.8,,,,6.288810601252746,23.0
U1392,,2023,WUR 2023,,,32.8,,,,6.328276090764572,23.0
U1392,,2023,WUR 2023,,,32.8,,,,11.75297653654587,23.0
U1392,,2023,WUR 2023,,,32.8,,,,10.117266439246784,23.0
U1392,,2023,WUR 2023,,,32.8,,,,4.437922656063465,23.0
U1392,,2023,WUR 2023,,,32.8,,,,4.710293091892417,23.0
U1392,,2023,WUR 2023,,,32.8,,,,7.085925565335147,23.0
U1392,,2023,WUR 2023,,,32.8,,,,3.355528220457925,23.0
U1392,,2023,WUR 2023,,,32.8,,,,,23.0
U1392,,2023,WUR 2023,,,3.4,,,,51.67418335352436,22.9
U1392,,2023,WUR 2023,,,3.4,,,,47.88418239895532,22.9
U1392,,2023,WUR 2023,,,3.4,,,,43.8055958895228,22.9
U1392,,2023,WUR 2023,,,3.4,,,,43.76365568588358,22.9
U1392,,2023,WUR 2023,,,3.4,,,,40.199930465075184,22.9
U1392,,2023,WUR 2023,,,3.4,,,,28.5527837078826,22.9
U1392,,2023,WUR 2023,,,3.4,,,,33.749021648384776,22.9
U1392,,2023,WUR 2023,,,3.4,,,,27.403396326452484,22.9
U1392,,2023,WUR 2023,,,3.4,,,,31.15712600491052,22.9
U1392,,2023,WUR 2023,,,3.4,,,,29.071708243361048,22.9
U1392,,2023,WUR 2023,,,3.4,,,,30.399950650658432,22.9
U1392,,2023,WUR 2023,,,3.4,,,,35.33147185564629,22.9
U1392,,2023,WUR 2023,,,3.4,,,,33.946773711772735,22.9
U1392,,2023,WUR 2023,,,3.4,,,,24.793802164462853,22.9
U1392,,2023,WUR 2023,,,3.4,,,,26.75785339223952,22.9
U1392,,2023,WUR 2023,,,3.4,,,,28.23732384975655,22.9
U1392,,2023,WUR 2023,,,3.4,,,,25.94141452924313,22.9
U1392,,2023,WUR 2023,,,3.4,,,,29.006413964994017,22.9
U1392,,2023,WUR 2023,,,3.4,,,,22.1526345493242,22.9
U1392,,2023,WUR 2023,,,3.4,,,,24.14081875648968,22.9
U1392,,2023,WUR 2023,,,3.4,,,,21.705412418739144,22.9
U1392,,2023,WUR 2023,,,3.4,,,,17.20997779422529,22.9
U1392,,2023,WUR 2023,,,3.4,,,,19.88491145208488,22.9
U1392,,2023,WUR 2023,,,3.4,,,,16.844436642582238,22.9
U1392,,2023,WUR 2023,,,3.4,,,,14.210401042301203,22.9
U1392,,2023,WUR 2023,,,3.4,,,,15.06262573119662,22.9
U1392,,2023,WUR 2023,,,3.4,,,,16.635504832291446,22.9
U1392,,2023,WUR 2023,,,3.4,,,,7.70819853141716,22.9
U1392,,2023,WUR 2023,,,3.4,,,,10.257737010756824,22.9
U1392,,2023,WUR 2023,,,3.4,,,,12.715623388297129,22.9
U1392,,2023,WUR 2023,,,3.4,,,,13.869534663513184,22.9
U1392,,2023,WUR 2023,,,3.4,,,,6.146807125772188,22.9
U1392,,2023,WUR 2023,,,3.4,,,,12.013271551458049,22.9
U1392,,2023,WUR 2023,,,3.4,,,,4.31948995228298,22.9
U1392,,2023,WUR 2023,,,3.4,,,,14.647984495642952,22.9
U1392,,2023,WUR 2023,,,3.4,,,,21.04078790243373,22.9
U1392,,2023,WUR 2023,,,3.4,,,,12.360347732600466,22.9
U1392,,2023,WUR 2023,,,3.4,,,,13.933106593924531,22.9
U1392,,2023,WUR 2023,,,3.4,,,,22.456205164243038,22.9
U1392,,2023,WUR 2023,,,3.4,,,,14.884108458641276,22.9
U1392,,2023,WUR 2023,,,3.4,,,,14.175358906529317,22.9
U1392,,2023,WUR 2023,,,3.4,,,,2.945328711444474,22.9
U1392,,2023,WUR 2023,,,3.4,,,,15.149877445256404,22.9
U1392,,2023,WUR 2023,,,3.4,,,,9.937988328617376,22.9
U1392,,2023,WUR 2023,,,3.4,,,,7.4295133641299556,22.9
U1392,,2023,WUR 2023,,,3.4,,,,8.39952199281354,22.9
U1392,,2023,WUR 2023,,,3.4,,,,6.571154201361318,22.9
U1392,,2023,WUR 2023,,,3.4,,,,3.277609582730025,22.9
U1392,,2023,WUR 2023,,,3.4,,,,3.1847189500491737,22.9
U1392,,2023,WUR 2023,,,3.4,,,,6.577730643152531,22.9
U1392,,2023,WUR 2023,,,3.4,,,,3.9478255545891,22.9
U1392,,2023,WUR 2023,,,3.4,,,,6.733954972267687,22.9
U1392,,2023,WUR 2023,,,3.4,,,,12.535658747363703,22.9
U1392,,2023,WUR 2023,,,3.4,,,,4.047134316765368,22.9
U1392,,2023,WUR 2023,,,3.4,,,,9.259582578959762,22.9
U1392,,2023,WUR 2023,,,3.4,,,,5.0147794888344,22.9
U1392,,2023,WUR 2023,,,3.4,,,,6.048745570521993,22.9
U1392,,2023,WUR 2023,,,3.4,,,,3.2088437637489795,22.9
U1392,,2023,WUR 2023,,,3.4,,,,3.833456710089624,22.9
U1392,,2023,WUR 2023,,,3.4,,,,9.782059903657936,22.9
U1392,,2023,WUR 2023,,,3.4,,,,5.158831633617945,22.9
U1392,,2023,WUR 2023,,,3.4,,,,6.656987637310143,22.9
U1392,,2023,WUR 2023,,,3.4,,,,7.980847008957106,22.9
U1392,,2023,WUR 2023,,,3.4,,,,6.152391640490189,22.9
U1392,,2023,WUR 2023,,,3.4,,,,5.302684637660615,22.9
U1392,,2023,WUR 2023,,,3.4,,,,4.124848199841193,22.9
U1392,,2023,WUR 2023,,,3.4,,,,3.813111589693071,22.9
U1392,,2023,WUR 2023,,,3.4,,,,5.302602674557117,22.9
U1392,,2023,WUR 2023,,,3.4,,,,8.157174958216169,22.9
U1392,,2023,WUR 2023,,,3.4,,,,5.076762069949905,22.9
U1392,,2023,WUR 2023,,,3.4,,,,6.288810601252746,22.9
U1392,,2023,WUR 2023,,,3.4,,,,6.328276090764572,22.9
U1392,,2023,WUR 2023,,,3.4,,,,11.75297653654587,22.9
U1392,,2023,WUR 2023,,,3.4,,,,10.117266439246784,22.9
U1392,,2023,WUR 2023,,,3.4,,,,4.437922656063465,22.9
U1392,,2023,WUR 2023,,,3.4,,,,4.710293091892417,22.9
U1392,,2023,WUR 2023,,,3.4,,,,7.085925565335147,22.9
U1392,,2023,WUR 2023,,,3.4,,,,3.355528220457925,22.9
U1392,,2023,WUR 2023,,,3.4,,,,,22.9
U1392,,2023,WUR 2023,,,14.3,,,,51.67418335352436,33.9
U1392,,2023,WUR 2023,,,14.3,,,,47.88418239895532,33.9
U1392,,2023,WUR 2023,,,14.3,,,,43.8055958895228,33.9
U1392,,2023,WUR 2023,,,14.3,,,,43.76365568588358,33.9
U1392,,2023,WUR 2023,,,14.3,,,,40.199930465075184,33.9
U1392,,2023,WUR 2023,,,14.3,,,,28.5527837078826,33.9
U1392,,2023,WUR 2023,,,14.3,,,,33.749021648384776,33.9
U1392,,2023,WUR 2023,,,14.3,,,,27.403396326452484,33.9
U1392,,2023,WUR 2023,,,14.3,,,,31.15712600491052,33.9
U1392,,2023,WUR 2023,,,14.3,,,,29.071708243361048,33.9
U1392,,2023,WUR 2023,,,14.3,,,,30.399950650658432,33.9
U1392,,2023,WUR 2023,,,14.3,,,,35.33147185564629,33.9
U1392,,2023,WUR 2023,,,14.3,,,,33.946773711772735,33.9
U1392,,2023,WUR 2023,,,14.3,,,,24.793802164462853,33.9
U1392,,2023,WUR 2023,,,14.3,,,,26.75785339223952,33.9
U1392,,2023,WUR 2023,,,14.3,,,,28.23732384975655,33.9
U1392,,2023,WUR 2023,,,14.3,,,,25.94141452924313,33.9
U1392,,2023,WUR 2023,,,14.3,,,,29.006413964994017,33.9
U1392,,2023,WUR 2023,,,14.3,,,,22.1526345493242,33.9
U1392,,2023,WUR 2023,,,14.3,,,,24.14081875648968,33.9
U1392,,2023,WUR 2023,,,14.3,,,,21.705412418739144,33.9
U1392,,2023,WUR 2023,,,14.3,,,,17.20997779422529,33.9
U1392,,2023,WUR 2023,,,14.3,,,,19.88491145208488,33.9
U1392,,2023,WUR 2023,,,14.3,,,,16.844436642582238,33.9
U1392,,2023,WUR 2023,,,14.3,,,,14.210401042301203,33.9
U1392,,2023,WUR 2023,,,14.3,,,,15.06262573119662,33.9
U1392,,2023,WUR 2023,,,14.3,,,,16.635504832291446,33.9
U1392,,2023,WUR 2023,,,14.3,,,,7.70819853141716,33.9
U1392,,2023,WUR 2023,,,14.3,,,,10.257737010756824,33.9
U1392,,2023,WUR 2023,,,14.3,,,,12.715623388297129,33.9
U1392,,2023,WUR 2023,,,14.3,,,,13.869534663513184,33.9
U1392,,2023,WUR 2023,,,14.3,,,,6.146807125772188,33.9
U1392,,2023,WUR 2023,,,14.3,,,,12.013271551458049,33.9
U1392,,2023,WUR 2023,,,14.3,,,,4.31948995228298,33.9
U1392,,2023,WUR 2023,,,14.3,,,,14.647984495642952,33.9
U1392,,2023,WUR 2023,,,14.3,,,,21.04078790243373,33.9
U1392,,2023,WUR 2023,,,14.3,,,,12.360347732600466,33.9
U1392,,2023,WUR 2023,,,14.3,,,,13.933106593924531,33.9
U1392,,2023,WUR 2023,,,14.3,,,,22.456205164243038,33.9
U1392,,2023,WUR 2023,,,14.3,,,,14.884108458641276,33.9
U1392,,2023,WUR 2023,,,14.3,,,,14.175358906529317,33.9
U1392,,2023,WUR 2023,,,14.3,,,,2.945328711444474,33.9
U1392,,2023,WUR 2023,,,14.3,,,,15.149877445256404,33.9
U1392,,2023,WUR 2023,,,14.3,,,,9.937988328617376,33.9
U1392,,2023,WUR 2023,,,14.3,,,,7.4295133641299556,33.9
U1392,,2023,WUR 2023,,,14.3,,,,8.39952199281354,33.9
U1392,,2023,WUR 2023,,,14.3,,,,6.571154201361318,33.9
U1392,,2023,WUR 2023,,,14.3,,,,3.277609582730025,33.9
U1392,,2023,WUR 2023,,,14.3,,,,3.1847189500491737,33.9
U1392,,2023,WUR 2023,,,14.3,,,,6.577730643152531,33.9
U1392,,2023,WUR 2023,,,14.3,,,,3.9478255545891,33.9
U1392,,2023,WUR 2023,,,14.3,,,,6.733954972267687,33.9
U1392,,2023,WUR 2023,,,14.3,,,,12.535658747363703,33.9
U1392,,2023,WUR 2023,,,14.3,,,,4.047134316765368,33.9
U1392,,2023,WUR 2023,,,14.3,,,,9.259582578959762,33.9
U1392,,2023,WUR 2023,,,14.3,,,,5.0147794888344,33.9
U1392,,2023,WUR 2023,,,14.3,,,,6.048745570521993,33.9
U1392,,2023,WUR 2023,,,14.3,,,,3.2088437637489795,33.9
U1392,,2023,WUR 2023,,,14.3,,,,3.833456710089624,33.9
U1392,,2023,WUR 2023,,,14.3,,,,9.782059903657936,33.9
U1392,,2023,WUR 2023,,,14.3,,,,5.158831633617945,33.9
U1392,,2023,WUR 2023,,,14.3,,,,6.656987637310143,33.9
U1392,,2023,WUR 2023,,,14.3,,,,7.980847008957106,33.9
U1392,,2023,WUR 2023,,,14.3,,,,6.152391640490189,33.9
U1392,,2023,WUR 2023,,,14.3,,,,5.302684637660615,33.9
U1392,,2023,WUR 2023,,,14.3,,,,4.124848199841193,33.9
U1392,,2023,WUR 2023,,,14.3,,,,3.813111589693071,33.9
U1392,,2023,WUR 2023,,,14.3,,,,5.302602674557117,33.9
U1392,,2023,WUR 2023,,,14.3,,,,8.157174958216169,33.9
U1392,,2023,WUR 2023,,,14.3,,,,5.076762069949905,33.9
U1392,,2023,WUR 2023,,,14.3,,,,6.288810601252746,33.9
U1392,,2023,WUR 2023,,,14.3,,,,6.328276090764572,33.9
U1392,,2023,WUR 2023,,,14.3,,,,11.75297653654587,33.9
U1392,,2023,WUR 2023,,,14.3,,,,10.117266439246784,33.9
U1392,,2023,WUR 2023,,,14.3,,,,4.437922656063465,33.9
U1392,,2023,WUR 2023,,,14.3,,,,4.710293091892417,33.9
U1392,,2023,WUR 2023,,,14.3,,,,7.085925565335147,33.9
U1392,,2023,WUR 2023,,,14.3,,,,3.355528220457925,33.9
U1392,,2023,WUR 2023,,,14.3,,,,,33.9
U1392,,2023,WUR 2023,,,3.1,,,,51.67418335352436,20.8
U1392,,2023,WUR 2023,,,3.1,,,,47.88418239895532,20.8
U1392,,2023,WUR 2023,,,3.1,,,,43.8055958895228,20.8
U1392,,2023,WUR 2023,,,3.1,,,,43.76365568588358,20.8
U1392,,2023,WUR 2023,,,3.1,,,,40.199930465075184,20.8
U1392,,2023,WUR 2023,,,3.1,,,,28.5527837078826,20.8
U1392,,2023,WUR 2023,,,3.1,,,,33.749021648384776,20.8
U1392,,2023,WUR 2023,,,3.1,,,,27.403396326452484,20.8
U1392,,2023,WUR 2023,,,3.1,,,,31.15712600491052,20.8
U1392,,2023,WUR 2023,,,3.1,,,,29.071708243361048,20.8
U1392,,2023,WUR 2023,,,3.1,,,,30.399950650658432,20.8
U1392,,2023,WUR 2023,,,3.1,,,,35.33147185564629,20.8
U1392,,2023,WUR 2023,,,3.1,,,,33.946773711772735,20.8
U1392,,2023,WUR 2023,,,3.1,,,,24.793802164462853,20.8
U1392,,2023,WUR 2023,,,3.1,,,,26.75785339223952,20.8
U1392,,2023,WUR 2023,,,3.1,,,,28.23732384975655,20.8
U1392,,2023,WUR 2023,,,3.1,,,,25.94141452924313,20.8
U1392,,2023,WUR 2023,,,3.1,,,,29.006413964994017,20.8
U1392,,2023,WUR 2023,,,3.1,,,,22.1526345493242,20.8
U1392,,2023,WUR 2023,,,3.1,,,,24.14081875648968,20.8
U1392,,2023,WUR 2023,,,3.1,,,,21.705412418739144,20.8
U1392,,2023,WUR 2023,,,3.1,,,,17.20997779422529,20.8
U1392,,2023,WUR 2023,,,3.1,,,,19.88491145208488,20.8
U1392,,2023,WUR 2023,,,3.1,,,,16.844436642582238,20.8
U1392,,2023,WUR 2023,,,3.1,,,,14.210401042301203,20.8
U1392,,2023,WUR 2023,,,3.1,,,,15.06262573119662,20.8
U1392,,2023,WUR 2023,,,3.1,,,,16.635504832291446,20.8
U1392,,2023,WUR 2023,,,3.1,,,,7.70819853141716,20.8
U1392,,2023,WUR 2023,,,3.1,,,,10.257737010756824,20.8
U1392,,2023,WUR 2023,,,3.1,,,,12.715623388297129,20.8
U1392,,2023,WUR 2023,,,3.1,,,,13.869534663513184,20.8
U1392,,2023,WUR 2023,,,3.1,,,,6.146807125772188,20.8
U1392,,2023,WUR 2023,,,3.1,,,,12.013271551458049,20.8
U1392,,2023,WUR 2023,,,3.1,,,,4.31948995228298,20.8
U1392,,2023,WUR 2023,,,3.1,,,,14.647984495642952,20.8
U1392,,2023,WUR 2023,,,3.1,,,,21.04078790243373,20.8
U1392,,2023,WUR 2023,,,3.1,,,,12.360347732600466,20.8
U1392,,2023,WUR 2023,,,3.1,,,,13.933106593924531,20.8
U1392,,2023,WUR 2023,,,3.1,,,,22.456205164243038,20.8
U1392,,2023,WUR 2023,,,3.1,,,,14.884108458641276,20.8
U1392,,2023,WUR 2023,,,3.1,,,,14.175358906529317,20.8
U1392,,2023,WUR 2023,,,3.1,,,,2.945328711444474,20.8
U1392,,2023,WUR 2023,,,3.1,,,,15.149877445256404,20.8
U1392,,2023,WUR 2023,,,3.1,,,,9.937988328617376,20.8
U1392,,2023,WUR 2023,,,3.1,,,,7.4295133641299556,20.8
U1392,,2023,WUR 2023,,,3.1,,,,8.39952199281354,20.8
U1392,,2023,WUR 2023,,,3.1,,,,6.571154201361318,20.8
U1392,,2023,WUR 2023,,,3.1,,,,3.277609582730025,20.8
U1392,,2023,WUR 2023,,,3.1,,,,3.1847189500491737,20.8
U1392,,2023,WUR 2023,,,3.1,,,,6.577730643152531,20.8
U1392,,2023,WUR 2023,,,3.1,,,,3.9478255545891,20.8
U1392,,2023,WUR 2023,,,3.1,,,,6.733954972267687,20.8
U1392,,2023,WUR 2023,,,3.1,,,,12.535658747363703,20.8
U1392,,2023,WUR 2023,,,3.1,,,,4.047134316765368,20.8
U1392,,2023,WUR 2023,,,3.1,,,,9.259582578959762,20.8
U1392,,2023,WUR 2023,,,3.1,,,,5.0147794888344,20.8
U1392,,2023,WUR 2023,,,3.1,,,,6.048745570521993,20.8
U1392,,2023,WUR 2023,,,3.1,,,,3.2088437637489795,20.8
U1392,,2023,WUR 2023,,,3.1,,,,3.833456710089624,20.8
U1392,,2023,WUR 2023,,,3.1,,,,9.782059903657936,20.8
U1392,,2023,WUR 2023,,,3.1,,,,5.158831633617945,20.8
U1392,,2023,WUR 2023,,,3.1,,,,6.656987637310143,20.8
U1392,,2023,WUR 2023,,,3.1,,,,7.980847008957106,20.8
U1392,,2023,WUR 2023,,,3.1,,,,6.152391640490189,20.8
U1392,,2023,WUR 2023,,,3.1,,,,5.302684637660615,20.8
U1392,,2023,WUR 2023,,,3.1,,,,4.124848199841193,20.8
U1392,,2023,WUR 2023,,,3.1,,,,3.813111589693071,20.8
U1392,,2023,WUR 2023,,,3.1,,,,5.302602674557117,20.8
U1392,,2023,WUR 2023,,,3.1,,,,8.157174958216169,20.8
U1392,,2023,WUR 2023,,,3.1,,,,5.076762069949905,20.8
U1392,,2023,WUR 2023,,,3.1,,,,6.288810601252746,20.8
U1392,,2023,WUR 2023,,,3.1,,,,6.328276090764572,20.8
U1392,,2023,WUR 2023,,,3.1,,,,11.75297653654587,20.8
U1392,,2023,WUR 2023,,,3.1,,,,10.117266439246784,20.8
U1392,,2023,WUR 2023,,,3.1,,,,4.437922656063465,20.8
U1392,,2023,WUR 2023,,,3.1,,,,4.710293091892417,20.8
U1392,,2023,WUR 2023,,,3.1,,,,7.085925565335147,20.8
U1392,,2023,WUR 2023,,,3.1,,,,3.355528220457925,20.8
U1392,,2023,WUR 2023,,,3.1,,,,,20.8
U1392,,2023,WUR 2023,,,17.6,,,,51.67418335352436,36.5
U1392,,2023,WUR 2023,,,17.6,,,,47.88418239895532,36.5
U1392,,2023,WUR 2023,,,17.6,,,,43.8055958895228,36.5
U1392,,2023,WUR 2023,,,17.6,,,,43.76365568588358,36.5
U1392,,2023,WUR 2023,,,17.6,,,,40.199930465075184,36.5
U1392,,2023,WUR 2023,,,17.6,,,,28.5527837078826,36.5
U1392,,2023,WUR 2023,,,17.6,,,,33.749021648384776,36.5
U1392,,2023,WUR 2023,,,17.6,,,,27.403396326452484,36.5
U1392,,2023,WUR 2023,,,17.6,,,,31.15712600491052,36.5
U1392,,2023,WUR 2023,,,17.6,,,,29.071708243361048,36.5
U1392,,2023,WUR 2023,,,17.6,,,,30.399950650658432,36.5
U1392,,2023,WUR 2023,,,17.6,,,,35.33147185564629,36.5
U1392,,2023,WUR 2023,,,17.6,,,,33.946773711772735,36.5
U1392,,2023,WUR 2023,,,17.6,,,,24.793802164462853,36.5
U1392,,2023,WUR 2023,,,17.6,,,,26.75785339223952,36.5
U1392,,2023,WUR 2023,,,17.6,,,,28.23732384975655,36.5
U1392,,2023,WUR 2023,,,17.6,,,,25.94141452924313,36.5
U1392,,2023,WUR 2023,,,17.6,,,,29.006413964994017,36.5
U1392,,2023,WUR 2023,,,17.6,,,,22.1526345493242,36.5
U1392,,2023,WUR 2023,,,17.6,,,,24.14081875648968,36.5
U1392,,2023,WUR 2023,,,17.6,,,,21.705412418739144,36.5
U1392,,2023,WUR 2023,,,17.6,,,,17.20997779422529,36.5
U1392,,2023,WUR 2023,,,17.6,,,,19.88491145208488,36.5
U1392,,2023,WUR 2023,,,17.6,,,,16.844436642582238,36.5
U1392,,2023,WUR 2023,,,17.6,,,,14.210401042301203,36.5
U1392,,2023,WUR 2023,,,17.6,,,,15.06262573119662,36.5
U1392,,2023,WUR 2023,,,17.6,,,,16.635504832291446,36.5
U1392,,2023,WUR 2023,,,17.6,,,,7.70819853141716,36.5
U1392,,2023,WUR 2023,,,17.6,,,,10.257737010756824,36.5
U1392,,2023,WUR 2023,,,17.6,,,,12.715623388297129,36.5
U1392,,2023,WUR 2023,,,17.6,,,,13.869534663513184,36.5
U1392,,2023,WUR 2023,,,17.6,,,,6.146807125772188,36.5
U1392,,2023,WUR 2023,,,17.6,,,,12.013271551458049,36.5
U1392,,2023,WUR 2023,,,17.6,,,,4.31948995228298,36.5
U1392,,2023,WUR 2023,,,17.6,,,,14.647984495642952,36.5
U1392,,2023,WUR 2023,,,17.6,,,,21.04078790243373,36.5
U1392,,2023,WUR 2023,,,17.6,,,,12.360347732600466,36.5
U1392,,2023,WUR 2023,,,17.6,,,,13.933106593924531,36.5
U1392,,2023,WUR 2023,,,17.6,,,,22.456205164243038,36.5
U1392,,2023,WUR 2023,,,17.6,,,,14.884108458641276,36.5
U1392,,2023,WUR 2023,,,17.6,,,,14.175358906529317,36.5
U1392,,2023,WUR 2023,,,17.6,,,,2.945328711444474,36.5
U1392,,2023,WUR 2023,,,17.6,,,,15.149877445256404,36.5
U1392,,2023,WUR 2023,,,17.6,,,,9.937988328617376,36.5
U1392,,2023,WUR 2023,,,17.6,,,,7.4295133641299556,36.5
U1392,,2023,WUR 2023,,,17.6,,,,8.39952199281354,36.5
U1392,,2023,WUR 2023,,,17.6,,,,6.571154201361318,36.5
U1392,,2023,WUR 2023,,,17.6,,,,3.277609582730025,36.5
U1392,,2023,WUR 2023,,,17.6,,,,3.1847189500491737,36.5
U1392,,2023,WUR 2023,,,17.6,,,,6.577730643152531,36.5
U1392,,2023,WUR 2023,,,17.6,,,,3.9478255545891,36.5
U1392,,2023,WUR 2023,,,17.6,,,,6.733954972267687,36.5
U1392,,2023,WUR 2023,,,17.6,,,,12.535658747363703,36.5
U1392,,2023,WUR 2023,,,17.6,,,,4.047134316765368,36.5
U1392,,2023,WUR 2023,,,17.6,,,,9.259582578959762,36.5
U1392,,2023,WUR 2023,,,17.6,,,,5.0147794888344,36.5
U1392,,2023,WUR 2023,,,17.6,,,,6.048745570521993,36.5
U1392,,2023,WUR 2023,,,17.6,,,,3.2088437637489795,36.5
U1392,,2023,WUR 2023,,,17.6,,,,3.833456710089624,36.5
U1392,,2023,WUR 2023,,,17.6,,,,9.782059903657936,36.5
U1392,,2023,WUR 2023,,,17.6,,,,5.158831633617945,36.5
U1392,,2023,WUR 2023,,,17.6,,,,6.656987637310143,36.5
U1392,,2023,WUR 2023,,,17.6,,,,7.980847008957106,36.5
U1392,,2023,WUR 2023,,,17.6,,,,6.152391640490189,36.5
U1392,,2023,WUR 2023,,,17.6,,,,5.302684637660615,36.5
U1392,,2023,WUR 2023,,,17.6,,,,4.124848199841193,36.5
U1392,,2023,WUR 2023,,,17.6,,,,3.813111589693071,36.5
U1392,,2023,WUR 2023,,,17.6,,,,5.302602674557117,36.5
U1392,,2023,WUR 2023,,,17.6,,,,8.157174958216169,36.5
U1392,,2023,WUR 2023,,,17.6,,,,5.076762069949905,36.5
U1392,,2023,WUR 2023,,,17.6,,,,6.288810601252746,36.5
U1392,,2023,WUR 2023,,,17.6,,,,6.328276090764572,36.5
U1392,,2023,WUR 2023,,,17.6,,,,11.75297653654587,36.5
U1392,,2023,WUR 2023,,,17.6,,,,10.117266439246784,36.5
U1392,,2023,WUR 2023,,,17.6,,,,4.437922656063465,36.5
U1392,,2023,WUR 2023,,,17.6,,,,4.710293091892417,36.5
U1392,,2023,WUR 2023,,,17.6,,,,7.085925565335147,36.5
U1392,,2023,WUR 2023,,,17.6,,,,3.355528220457925,36.5
U1392,,2023,WUR 2023,,,17.6,,,,,36.5
U1392,,2023,WUR 2023,,,17.0,,,,51.67418335352436,54.9
U1392,,2023,WUR 2023,,,17.0,,,,47.88418239895532,54.9
U1392,,2023,WUR 2023,,,17.0,,,,43.8055958895228,54.9
U1392,,2023,WUR 2023,,,17.0,,,,43.76365568588358,54.9
U1392,,2023,WUR 2023,,,17.0,,,,40.199930465075184,54.9
U1392,,2023,WUR 2023,,,17.0,,,,28.5527837078826,54.9
U1392,,2023,WUR 2023,,,17.0,,,,33.749021648384776,54.9
U1392,,2023,WUR 2023,,,17.0,,,,27.403396326452484,54.9
U1392,,2023,WUR 2023,,,17.0,,,,31.15712600491052,54.9
U1392,,2023,WUR 2023,,,17.0,,,,29.071708243361048,54.9
U1392,,2023,WUR 2023,,,17.0,,,,30.399950650658432,54.9
U1392,,2023,WUR 2023,,,17.0,,,,35.33147185564629,54.9
U1392,,2023,WUR 2023,,,17.0,,,,33.946773711772735,54.9
U1392,,2023,WUR 2023,,,17.0,,,,24.793802164462853,54.9
U1392,,2023,WUR 2023,,,17.0,,,,26.75785339223952,54.9
U1392,,2023,WUR 2023,,,17.0,,,,28.23732384975655,54.9
U1392,,2023,WUR 2023,,,17.0,,,,25.94141452924313,54.9
U1392,,2023,WUR 2023,,,17.0,,,,29.006413964994017,54.9
U1392,,2023,WUR 2023,,,17.0,,,,22.1526345493242,54.9
U1392,,2023,WUR 2023,,,17.0,,,,24.14081875648968,54.9
U1392,,2023,WUR 2023,,,17.0,,,,21.705412418739144,54.9
U1392,,2023,WUR 2023,,,17.0,,,,17.20997779422529,54.9
U1392,,2023,WUR 2023,,,17.0,,,,19.88491145208488,54.9
U1392,,2023,WUR 2023,,,17.0,,,,16.844436642582238,54.9
U1392,,2023,WUR 2023,,,17.0,,,,14.210401042301203,54.9
U1392,,2023,WUR 2023,,,17.0,,,,15.06262573119662,54.9
U1392,,2023,WUR 2023,,,17.0,,,,16.635504832291446,54.9
U1392,,2023,WUR 2023,,,17.0,,,,7.70819853141716,54.9
U1392,,2023,WUR 2023,,,17.0,,,,10.257737010756824,54.9
U1392,,2023,WUR 2023,,,17.0,,,,12.715623388297129,54.9
U1392,,2023,WUR 2023,,,17.0,,,,13.869534663513184,54.9
U1392,,2023,WUR 2023,,,17.0,,,,6.146807125772188,54.9
U1392,,2023,WUR 2023,,,17.0,,,,12.013271551458049,54.9
U1392,,2023,WUR 2023,,,17.0,,,,4.31948995228298,54.9
U1392,,2023,WUR 2023,,,17.0,,,,14.647984495642952,54.9
U1392,,2023,WUR 2023,,,17.0,,,,21.04078790243373,54.9
U1392,,2023,WUR 2023,,,17.0,,,,12.360347732600466,54.9
U1392,,2023,WUR 2023,,,17.0,,,,13.933106593924531,54.9
U1392,,2023,WUR 2023,,,17.0,,,,22.456205164243038,54.9
U1392,,2023,WUR 2023,,,17.0,,,,14.884108458641276,54.9
U1392,,2023,WUR 2023,,,17.0,,,,14.175358906529317,54.9
U1392,,2023,WUR 2023,,,17.0,,,,2.945328711444474,54.9
U1392,,2023,WUR 2023,,,17.0,,,,15.149877445256404,54.9
U1392,,2023,WUR 2023,,,17.0,,,,9.937988328617376,54.9
U1392,,2023,WUR 2023,,,17.0,,,,7.4295133641299556,54.9
U1392,,2023,WUR 2023,,,17.0,,,,8.39952199281354,54.9
U1392,,2023,WUR 2023,,,17.0,,,,6.571154201361318,54.9
U1392,,2023,WUR 2023,,,17.0,,,,3.277609582730025,54.9
U1392,,2023,WUR 2023,,,17.0,,,,3.1847189500491737,54.9
U1392,,2023,WUR 2023,,,17.0,,,,6.577730643152531,54.9
U1392,,2023,WUR 2023,,,17.0,,,,3.9478255545891,54.9
U1392,,2023,WUR 2023,,,17.0,,,,6.733954972267687,54.9
U1392,,2023,WUR 2023,,,17.0,,,,12.535658747363703,54.9
U1392,,2023,WUR 2023,,,17.0,,,,4.047134316765368,54.9
U1392,,2023,WUR 2023,,,17.0,,,,9.259582578959762,54.9
U1392,,2023,WUR 2023,,,17.0,,,,5.0147794888344,54.9
U1392,,2023,WUR 2023,,,17.0,,,,6.048745570521993,54.9
U1392,,2023,WUR 2023,,,17.0,,,,3.2088437637489795,54.9
U1392,,2023,WUR 2023,,,17.0,,,,3.833456710089624,54.9
U1392,,2023,WUR 2023,,,17.0,,,,9.782059903657936,54.9
U1392,,2023,WUR 2023,,,17.0,,,,5.158831633617945,54.9
U1392,,2023,WUR 2023,,,17.0,,,,6.656987637310143,54.9
U1392,,2023,WUR 2023,,,17.0,,,,7.980847008957106,54.9
U1392,,2023,WUR 2023,,,17.0,,,,6.152391640490189,54.9
U1392,,2023,WUR 2023,,,17.0,,,,5.302684637660615,54.9
U1392,,2023,WUR 2023,,,17.0,,,,4.124848199841193,54.9
U1392,,2023,WUR 2023,,,17.0,,,,3.813111589693071,54.9
U1392,,2023,WUR 2023,,,17.0,,,,5.302602674557117,54.9
U1392,,2023,WUR 2023,,,17.0,,,,8.157174958216169,54.9
U1392,,2023,WUR 2023,,,17.0,,,,5.076762069949905,54.9
U1392,,2023,WUR 2023,,,17.0,,,,6.288810601252746,54.9
U1392,,2023,WUR 2023,,,17.0,,,,6.328276090764572,54.9
U1392,,2023,WUR 2023,,,17.0,,,,11.75297653654587,54.9
U1392,,2023,WUR 2023,,,17.0,,,,10.117266439246784,54.9
U1392,,2023,WUR 2023,,,17.0,,,,4.437922656063465,54.9
U1392,,2023,WUR 2023,,,17.0,,,,4.710293091892417,54.9
U1392,,2023,WUR 2023,,,17.0,,,,7.085925565335147,54.9
U1392,,2023,WUR 2023,,,17.0,,,,3.355528220457925,54.9
U1392,,2023,WUR 2023,,,17.0,,,,,54.9
U1392,,2023,WUR 2023,,,13.0,,,,51.67418335352436,37.3
U1392,,2023,WUR 2023,,,13.0,,,,47.88418239895532,37.3
U1392,,2023,WUR 2023,,,13.0,,,,43.8055958895228,37.3
U1392,,2023,WUR 2023,,,13.0,,,,43.76365568588358,37.3
U1392,,2023,WUR 2023,,,13.0,,,,40.199930465075184,37.3
U1392,,2023,WUR 2023,,,13.0,,,,28.5527837078826,37.3
U1392,,2023,WUR 2023,,,13.0,,,,33.749021648384776,37.3
U1392,,2023,WUR 2023,,,13.0,,,,27.403396326452484,37.3
U1392,,2023,WUR 2023,,,13.0,,,,31.15712600491052,37.3
U1392,,2023,WUR 2023,,,13.0,,,,29.071708243361048,37.3
U1392,,2023,WUR 2023,,,13.0,,,,30.399950650658432,37.3
U1392,,2023,WUR 2023,,,13.0,,,,35.33147185564629,37.3
U1392,,2023,WUR 2023,,,13.0,,,,33.946773711772735,37.3
U1392,,2023,WUR 2023,,,13.0,,,,24.793802164462853,37.3
U1392,,2023,WUR 2023,,,13.0,,,,26.75785339223952,37.3
U1392,,2023,WUR 2023,,,13.0,,,,28.23732384975655,37.3
U1392,,2023,WUR 2023,,,13.0,,,,25.94141452924313,37.3
U1392,,2023,WUR 2023,,,13.0,,,,29.006413964994017,37.3
U1392,,2023,WUR 2023,,,13.0,,,,22.1526345493242,37.3
U1392,,2023,WUR 2023,,,13.0,,,,24.14081875648968,37.3
U1392,,2023,WUR 2023,,,13.0,,,,21.705412418739144,37.3
U1392,,2023,WUR 2023,,,13.0,,,,17.20997779422529,37.3
U1392,,2023,WUR 2023,,,13.0,,,,19.88491145208488,37.3
U1392,,2023,WUR 2023,,,13.0,,,,16.844436642582238,37.3
U1392,,2023,WUR 2023,,,13.0,,,,14.210401042301203,37.3
U1392,,2023,WUR 2023,,,13.0,,,,15.06262573119662,37.3
U1392,,2023,WUR 2023,,,13.0,,,,16.635504832291446,37.3
U1392,,2023,WUR 2023,,,13.0,,,,7.70819853141716,37.3
U1392,,2023,WUR 2023,,,13.0,,,,10.257737010756824,37.3
U1392,,2023,WUR 2023,,,13.0,,,,12.715623388297129,37.3
U1392,,2023,WUR 2023,,,13.0,,,,13.869534663513184,37.3
U1392,,2023,WUR 2023,,,13.0,,,,6.146807125772188,37.3
U1392,,2023,WUR 2023,,,13.0,,,,12.013271551458049,37.3
U1392,,2023,WUR 2023,,,13.0,,,,4.31948995228298,37.3
U1392,,2023,WUR 2023,,,13.0,,,,14.647984495642952,37.3
U1392,,2023,WUR 2023,,,13.0,,,,21.04078790243373,37.3
U1392,,2023,WUR 2023,,,13.0,,,,12.360347732600466,37.3
U1392,,2023,WUR 2023,,,13.0,,,,13.933106593924531,37.3
U1392,,2023,WUR 2023,,,13.0,,,,22.456205164243038,37.3
U1392,,2023,WUR 2023,,,13.0,,,,14.884108458641276,37.3
U1392,,2023,WUR 2023,,,13.0,,,,14.175358906529317,37.3
U1392,,2023,WUR 2023,,,13.0,,,,2.945328711444474,37.3
U1392,,2023,WUR 2023,,,13.0,,,,15.149877445256404,37.3
U1392,,2023,WUR 2023,,,13.0,,,,9.937988328617376,37.3
U1392,,2023,WUR 2023,,,13.0,,,,7.4295133641299556,37.3
U1392,,2023,WUR 2023,,,13.0,,,,8.39952199281354,37.3
U1392,,2023,WUR 2023,,,13.0,,,,6.571154201361318,37.3
U1392,,2023,WUR 2023,,,13.0,,,,3.277609582730025,37.3
U1392,,2023,WUR 2023,,,13.0,,,,3.1847189500491737,37.3
U1392,,2023,WUR 2023,,,13.0,,,,6.577730643152531,37.3
U1392,,2023,WUR 2023,,,13.0,,,,3.9478255545891,37.3
U1392,,2023,WUR 2023,,,13.0,,,,6.733954972267687,37.3
U1392,,2023,WUR 2023,,,13.0,,,,12.535658747363703,37.3
U1392,,2023,WUR 2023,,,13.0,,,,4.047134316765368,37.3
U1392,,2023,WUR 2023,,,13.0,,,,9.259582578959762,37.3
U1392,,2023,WUR 2023,,,13.0,,,,5.0147794888344,37.3
U1392,,2023,WUR 2023,,,13.0,,,,6.048745570521993,37.3
U1392,,2023,WUR 2023,,,13.0,,,,3.2088437637489795,37.3
U1392,,2023,WUR 2023,,,13.0,,,,3.833456710089624,37.3
U1392,,2023,WUR 2023,,,13.0,,,,9.782059903657936,37.3
U1392,,2023,WUR 2023,,,13.0,,,,5.158831633617945,37.3
U1392,,2023,WUR 2023,,,13.0,,,,6.656987637310143,37.3
U1392,,2023,WUR 2023,,,13.0,,,,7.980847008957106,37.3
U1392,,2023,WUR 2023,,,13.0,,,,6.152391640490189,37.3
U1392,,2023,WUR 2023,,,13.0,,,,5.302684637660615,37.3
U1392,,2023,WUR 2023,,,13.0,,,,4.124848199841193,37.3
U1392,,2023,WUR 2023,,,13.0,,,,3.813111589693071,37.3
U1392,,2023,WUR 2023,,,13.0,,,,5.302602674557117,37.3
U1392,,2023,WUR 2023,,,13.0,,,,8.157174958216169,37.3
U1392,,2023,WUR 2023,,,13.0,,,,5.076762069949905,37.3
U1392,,2023,WUR 2023,,,13.0,,,,6.288810601252746,37.3
U1392,,2023,WUR 2023,,,13.0,,,,6.328276090764572,37.3
U1392,,2023,WUR 2023,,,13.0,,,,11.75297653654587,37.3
U1392,,2023,WUR 2023,,,13.0,,,,10.117266439246784,37.3
U1392,,2023,WUR 2023,,,13.0,,,,4.437922656063465,37.3
U1392,,2023,WUR 2023,,,13.0,,,,4.710293091892417,37.3
U1392,,2023,WUR 2023,,,13.0,,,,7.085925565335147,37.3
U1392,,2023,WUR 2023,,,13.0,,,,3.355528220457925,37.3
U1392,,2023,WUR 2023,,,13.0,,,,,37.3
U1392,,2023,WUR 2023,,,14.0,,,,51.67418335352436,38.1
U1392,,2023,WUR 2023,,,14.0,,,,47.88418239895532,38.1
U1392,,2023,WUR 2023,,,14.0,,,,43.8055958895228,38.1
U1392,,2023,WUR 2023,,,14.0,,,,43.76365568588358,38.1
U1392,,2023,WUR 2023,,,14.0,,,,40.199930465075184,38.1
U1392,,2023,WUR 2023,,,14.0,,,,28.5527837078826,38.1
U1392,,2023,WUR 2023,,,14.0,,,,33.749021648384776,38.1
U1392,,2023,WUR 2023,,,14.0,,,,27.403396326452484,38.1
U1392,,2023,WUR 2023,,,14.0,,,,31.15712600491052,38.1
U1392,,2023,WUR 2023,,,14.0,,,,29.071708243361048,38.1
U1392,,2023,WUR 2023,,,14.0,,,,30.399950650658432,38.1
U1392,,2023,WUR 2023,,,14.0,,,,35.33147185564629,38.1
U1392,,2023,WUR 2023,,,14.0,,,,33.946773711772735,38.1
U1392,,2023,WUR 2023,,,14.0,,,,24.793802164462853,38.1
U1392,,2023,WUR 2023,,,14.0,,,,26.75785339223952,38.1
U1392,,2023,WUR 2023,,,14.0,,,,28.23732384975655,38.1
U1392,,2023,WUR 2023,,,14.0,,,,25.94141452924313,38.1
U1392,,2023,WUR 2023,,,14.0,,,,29.006413964994017,38.1
U1392,,2023,WUR 2023,,,14.0,,,,22.1526345493242,38.1
U1392,,2023,WUR 2023,,,14.0,,,,24.14081875648968,38.1
U1392,,2023,WUR 2023,,,14.0,,,,21.705412418739144,38.1
U1392,,2023,WUR 2023,,,14.0,,,,17.20997779422529,38.1
U1392,,2023,WUR 2023,,,14.0,,,,19.88491145208488,38.1
U1392,,2023,WUR 2023,,,14.0,,,,16.844436642582238,38.1
U1392,,2023,WUR 2023,,,14.0,,,,14.210401042301203,38.1
U1392,,2023,WUR 2023,,,14.0,,,,15.06262573119662,38.1
U1392,,2023,WUR 2023,,,14.0,,,,16.635504832291446,38.1
U1392,,2023,WUR 2023,,,14.0,,,,7.70819853141716,38.1
U1392,,2023,WUR 2023,,,14.0,,,,10.257737010756824,38.1
U1392,,2023,WUR 2023,,,14.0,,,,12.715623388297129,38.1
U1392,,2023,WUR 2023,,,14.0,,,,13.869534663513184,38.1
U1392,,2023,WUR 2023,,,14.0,,,,6.146807125772188,38.1
U1392,,2023,WUR 2023,,,14.0,,,,12.013271551458049,38.1
U1392,,2023,WUR 2023,,,14.0,,,,4.31948995228298,38.1
U1392,,2023,WUR 2023,,,14.0,,,,14.647984495642952,38.1
U1392,,2023,WUR 2023,,,14.0,,,,21.04078790243373,38.1
U1392,,2023,WUR 2023,,,14.0,,,,12.360347732600466,38.1
U1392,,2023,WUR 2023,,,14.0,,,,13.933106593924531,38.1
U1392,,2023,WUR 2023,,,14.0,,,,22.456205164243038,38.1
U1392,,2023,WUR 2023,,,14.0,,,,14.884108458641276,38.1
U1392,,2023,WUR 2023,,,14.0,,,,14.175358906529317,38.1
U1392,,2023,WUR 2023,,,14.0,,,,2.945328711444474,38.1
U1392,,2023,WUR 2023,,,14.0,,,,15.149877445256404,38.1
U1392,,2023,WUR 2023,,,14.0,,,,9.937988328617376,38.1
U1392,,2023,WUR 2023,,,14.0,,,,7.4295133641299556,38.1
U1392,,2023,WUR 2023,,,14.0,,,,8.39952199281354,38.1
U1392,,2023,WUR 2023,,,14.0,,,,6.571154201361318,38.1
U1392,,2023,WUR 2023,,,14.0,,,,3.277609582730025,38.1
U1392,,2023,WUR 2023,,,14.0,,,,3.1847189500491737,38.1
U1392,,2023,WUR 2023,,,14.0,,,,6.577730643152531,38.1
U1392,,2023,WUR 2023,,,14.0,,,,3.9478255545891,38.1
U1392,,2023,WUR 2023,,,14.0,,,,6.733954972267687,38.1
U1392,,2023,WUR 2023,,,14.0,,,,12.535658747363703,38.1
U1392,,2023,WUR 2023,,,14.0,,,,4.047134316765368,38.1
U1392,,2023,WUR 2023,,,14.0,,,,9.259582578959762,38.1
U1392,,2023,WUR 2023,,,14.0,,,,5.0147794888344,38.1
U1392,,2023,WUR 2023,,,14.0,,,,6.048745570521993,38.1
U1392,,2023,WUR 2023,,,14.0,,,,3.2088437637489795,38.1
U1392,,2023,WUR 2023,,,14.0,,,,3.833456710089624,38.1
U1392,,2023,WUR 2023,,,14.0,,,,9.782059903657936,38.1
U1392,,2023,WUR 2023,,,14.0,,,,5.158831633617945,38.1
U1392,,2023,WUR 2023,,,14.0,,,,6.656987637310143,38.1
U1392,,2023,WUR 2023,,,14.0,,,,7.980847008957106,38.1
U1392,,2023,WUR 2023,,,14.0,,,,6.152391640490189,38.1
U1392,,2023,WUR 2023,,,14.0,,,,5.302684637660615,38.1
U1392,,2023,WUR 2023,,,14.0,,,,4.124848199841193,38.1
U1392,,2023,WUR 2023,,,14.0,,,,3.813111589693071,38.1
U1392,,2023,WUR 2023,,,14.0,,,,5.302602674557117,38.1
U1392,,2023,WUR 2023,,,14.0,,,,8.157174958216169,38.1
U1392,,2023,WUR 2023,,,14.0,,,,5.076762069949905,38.1
U1392,,2023,WUR 2023,,,14.0,,,,6.288810601252746,38.1
U1392,,2023,WUR 2023,,,14.0,,,,6.328276090764572,38.1
U1392,,2023,WUR 2023,,,14.0,,,,11.75297653654587,38.1
U1392,,2023,WUR 2023,,,14.0,,,,10.117266439246784,38.1
U1392,,2023,WUR 2023,,,14.0,,,,4.437922656063465,38.1
U1392,,2023,WUR 2023,,,14.0,,,,4.710293091892417,38.1
U1392,,2023,WUR 2023,,,14.0,,,,7.085925565335147,38.1
U1392,,2023,WUR 2023,,,14.0,,,,3.355528220457925,38.1
U1392,,2023,WUR 2023,,,14.0,,,,,38.1
U1392,,2023,WUR 2023,,,15.0,,,,51.67418335352436,55.2
U1392,,2023,WUR 2023,,,15.0,,,,47.88418239895532,55.2
U1392,,2023,WUR 2023,,,15.0,,,,43.8055958895228,55.2
U1392,,2023,WUR 2023,,,15.0,,,,43.76365568588358,55.2
U1392,,2023,WUR 2023,,,15.0,,,,40.199930465075184,55.2
U1392,,2023,WUR 2023,,,15.0,,,,28.5527837078826,55.2
U1392,,2023,WUR 2023,,,15.0,,,,33.749021648384776,55.2
U1392,,2023,WUR 2023,,,15.0,,,,27.403396326452484,55.2
U1392,,2023,WUR 2023,,,15.0,,,,31.15712600491052,55.2
U1392,,2023,WUR 2023,,,15.0,,,,29.071708243361048,55.2
U1392,,2023,WUR 2023,,,15.0,,,,30.399950650658432,55.2
U1392,,2023,WUR 2023,,,15.0,,,,35.33147185564629,55.2
U1392,,2023,WUR 2023,,,15.0,,,,33.946773711772735,55.2
U1392,,2023,WUR 2023,,,15.0,,,,24.793802164462853,55.2
U1392,,2023,WUR 2023,,,15.0,,,,26.75785339223952,55.2
U1392,,2023,WUR 2023,,,15.0,,,,28.23732384975655,55.2
U1392,,2023,WUR 2023,,,15.0,,,,25.94141452924313,55.2
U1392,,2023,WUR 2023,,,15.0,,,,29.006413964994017,55.2
U1392,,2023,WUR 2023,,,15.0,,,,22.1526345493242,55.2
U1392,,2023,WUR 2023,,,15.0,,,,24.14081875648968,55.2
U1392,,2023,WUR 2023,,,15.0,,,,21.705412418739144,55.2
U1392,,2023,WUR 2023,,,15.0,,,,17.20997779422529,55.2
U1392,,2023,WUR 2023,,,15.0,,,,19.88491145208488,55.2
U1392,,2023,WUR 2023,,,15.0,,,,16.844436642582238,55.2
U1392,,2023,WUR 2023,,,15.0,,,,14.210401042301203,55.2
U1392,,2023,WUR 2023,,,15.0,,,,15.06262573119662,55.2
U1392,,2023,WUR 2023,,,15.0,,,,16.635504832291446,55.2
U1392,,2023,WUR 2023,,,15.0,,,,7.70819853141716,55.2
U1392,,2023,WUR 2023,,,15.0,,,,10.257737010756824,55.2
U1392,,2023,WUR 2023,,,15.0,,,,12.715623388297129,55.2
U1392,,2023,WUR 2023,,,15.0,,,,13.869534663513184,55.2
U1392,,2023,WUR 2023,,,15.0,,,,6.146807125772188,55.2
U1392,,2023,WUR 2023,,,15.0,,,,12.013271551458049,55.2
U1392,,2023,WUR 2023,,,15.0,,,,4.31948995228298,55.2
U1392,,2023,WUR 2023,,,15.0,,,,14.647984495642952,55.2
U1392,,2023,WUR 2023,,,15.0,,,,21.04078790243373,55.2
U1392,,2023,WUR 2023,,,15.0,,,,12.360347732600466,55.2
U1392,,2023,WUR 2023,,,15.0,,,,13.933106593924531,55.2
U1392,,2023,WUR 2023,,,15.0,,,,22.456205164243038,55.2
U1392,,2023,WUR 2023,,,15.0,,,,14.884108458641276,55.2
U1392,,2023,WUR 2023,,,15.0,,,,14.175358906529317,55.2
U1392,,2023,WUR 2023,,,15.0,,,,2.945328711444474,55.2
U1392,,2023,WUR 2023,,,15.0,,,,15.149877445256404,55.2
U1392,,2023,WUR 2023,,,15.0,,,,9.937988328617376,55.2
U1392,,2023,WUR 2023,,,15.0,,,,7.4295133641299556,55.2
U1392,,2023,WUR 2023,,,15.0,,,,8.39952199281354,55.2
U1392,,2023,WUR 2023,,,15.0,,,,6.571154201361318,55.2
U1392,,2023,WUR 2023,,,15.0,,,,3.277609582730025,55.2
U1392,,2023,WUR 2023,,,15.0,,,,3.1847189500491737,55.2
U1392,,2023,WUR 2023,,,15.0,,,,6.577730643152531,55.2
U1392,,2023,WUR 2023,,,15.0,,,,3.9478255545891,55.2
U1392,,2023,WUR 2023,,,15.0,,,,6.733954972267687,55.2
U1392,,2023,WUR 2023,,,15.0,,,,12.535658747363703,55.2
U1392,,2023,WUR 2023,,,15.0,,,,4.047134316765368,55.2
U1392,,2023,WUR 2023,,,15.0,,,,9.259582578959762,55.2
U1392,,2023,WUR 2023,,,15.0,,,,5.0147794888344,55.2
U1392,,2023,WUR 2023,,,15.0,,,,6.048745570521993,55.2
U1392,,2023,WUR 2023,,,15.0,,,,3.2088437637489795,55.2
U1392,,2023,WUR 2023,,,15.0,,,,3.833456710089624,55.2
U1392,,2023,WUR 2023,,,15.0,,,,9.782059903657936,55.2
U1392,,2023,WUR 2023,,,15.0,,,,5.158831633617945,55.2
U1392,,2023,WUR 2023,,,15.0,,,,6.656987637310143,55.2
U1392,,2023,WUR 2023,,,15.0,,,,7.980847008957106,55.2
U1392,,2023,WUR 2023,,,15.0,,,,6.152391640490189,55.2
U1392,,2023,WUR 2023,,,15.0,,,,5.302684637660615,55.2
U1392,,2023,WUR 2023,,,15.0,,,,4.124848199841193,55.2
U1392,,2023,WUR 2023,,,15.0,,,,3.813111589693071,55.2
U1392,,2023,WUR 2023,,,15.0,,,,5.302602674557117,55.2
U1392,,2023,WUR 2023,,,15.0,,,,8.157174958216169,55.2
U1392,,2023,WUR 2023,,,15.0,,,,5.076762069949905,55.2
U1392,,2023,WUR 2023,,,15.0,,,,6.288810601252746,55.2
U1392,,2023,WUR 2023,,,15.0,,,,6.328276090764572,55.2
U1392,,2023,WUR 2023,,,15.0,,,,11.75297653654587,55.2
U1392,,2023,WUR 2023,,,15.0,,,,10.117266439246784,55.2
U1392,,2023,WUR 2023,,,15.0,,,,4.437922656063465,55.2
U1392,,2023,WUR 2023,,,15.0,,,,4.710293091892417,55.2
U1392,,2023,WUR 2023,,,15.0,,,,7.085925565335147,55.2
U1392,,2023,WUR 2023,,,15.0,,,,3.355528220457925,55.2
U1392,,2023,WUR 2023,,,15.0,,,,,55.2
U1392,,2023,WUR 2023,,,39.2,,,,51.67418335352436,23.0
U1392,,2023,WUR 2023,,,39.2,,,,47.88418239895532,23.0
U1392,,2023,WUR 2023,,,39.2,,,,43.8055958895228,23.0
U1392,,2023,WUR 2023,,,39.2,,,,43.76365568588358,23.0
U1392,,2023,WUR 2023,,,39.2,,,,40.199930465075184,23.0
U1392,,2023,WUR 2023,,,39.2,,,,28.5527837078826,23.0
U1392,,2023,WUR 2023,,,39.2,,,,33.749021648384776,23.0
U1392,,2023,WUR 2023,,,39.2,,,,27.403396326452484,23.0
U1392,,2023,WUR 2023,,,39.2,,,,31.15712600491052,23.0
U1392,,2023,WUR 2023,,,39.2,,,,29.071708243361048,23.0
U1392,,2023,WUR 2023,,,39.2,,,,30.399950650658432,23.0
U1392,,2023,WUR 2023,,,39.2,,,,35.33147185564629,23.0
U1392,,2023,WUR 2023,,,39.2,,,,33.946773711772735,23.0
U1392,,2023,WUR 2023,,,39.2,,,,24.793802164462853,23.0
U1392,,2023,WUR 2023,,,39.2,,,,26.75785339223952,23.0
U1392,,2023,WUR 2023,,,39.2,,,,28.23732384975655,23.0
U1392,,2023,WUR 2023,,,39.2,,,,25.94141452924313,23.0
U1392,,2023,WUR 2023,,,39.2,,,,29.006413964994017,23.0
U1392,,2023,WUR 2023,,,39.2,,,,22.1526345493242,23.0
U1392,,2023,WUR 2023,,,39.2,,,,24.14081875648968,23.0
U1392,,2023,WUR 2023,,,39.2,,,,21.705412418739144,23.0
U1392,,2023,WUR 2023,,,39.2,,,,17.20997779422529,23.0
U1392,,2023,WUR 2023,,,39.2,,,,19.88491145208488,23.0
U1392,,2023,WUR 2023,,,39.2,,,,16.844436642582238,23.0
U1392,,2023,WUR 2023,,,39.2,,,,14.210401042301203,23.0
U1392,,2023,WUR 2023,,,39.2,,,,15.06262573119662,23.0
U1392,,2023,WUR 2023,,,39.2,,,,16.635504832291446,23.0
U1392,,2023,WUR 2023,,,39.2,,,,7.70819853141716,23.0
U1392,,2023,WUR 2023,,,39.2,,,,10.257737010756824,23.0
U1392,,2023,WUR 2023,,,39.2,,,,12.715623388297129,23.0
U1392,,2023,WUR 2023,,,39.2,,,,13.869534663513184,23.0
U1392,,2023,WUR 2023,,,39.2,,,,6.146807125772188,23.0
U1392,,2023,WUR 2023,,,39.2,,,,12.013271551458049,23.0
U1392,,2023,WUR 2023,,,39.2,,,,4.31948995228298,23.0
U1392,,2023,WUR 2023,,,39.2,,,,14.647984495642952,23.0
U1392,,2023,WUR 2023,,,39.2,,,,21.04078790243373,23.0
U1392,,2023,WUR 2023,,,39.2,,,,12.360347732600466,23.0
U1392,,2023,WUR 2023,,,39.2,,,,13.933106593924531,23.0
U1392,,2023,WUR 2023,,,39.2,,,,22.456205164243038,23.0
U1392,,2023,WUR 2023,,,39.2,,,,14.884108458641276,23.0
U1392,,2023,WUR 2023,,,39.2,,,,14.175358906529317,23.0
U1392,,2023,WUR 2023,,,39.2,,,,2.945328711444474,23.0
U1392,,2023,WUR 2023,,,39.2,,,,15.149877445256404,23.0
U1392,,2023,WUR 2023,,,39.2,,,,9.937988328617376,23.0
U1392,,2023,WUR 2023,,,39.2,,,,7.4295133641299556,23.0
U1392,,2023,WUR 2023,,,39.2,,,,8.39952199281354,23.0
U1392,,2023,WUR 2023,,,39.2,,,,6.571154201361318,23.0
U1392,,2023,WUR 2023,,,39.2,,,,3.277609582730025,23.0
U1392,,2023,WUR 2023,,,39.2,,,,3.1847189500491737,23.0
U1392,,2023,WUR 2023,,,39.2,,,,6.577730643152531,23.0
U1392,,2023,WUR 2023,,,39.2,,,,3.9478255545891,23.0
U1392,,2023,WUR 2023,,,39.2,,,,6.733954972267687,23.0
U1392,,2023,WUR 2023,,,39.2,,,,12.535658747363703,23.0
U1392,,2023,WUR 2023,,,39.2,,,,4.047134316765368,23.0
U1392,,2023,WUR 2023,,,39.2,,,,9.259582578959762,23.0
U1392,,2023,WUR 2023,,,39.2,,,,5.0147794888344,23.0
U1392,,2023,WUR 2023,,,39.2,,,,6.048745570521993,23.0
U1392,,2023,WUR 2023,,,39.2,,,,3.2088437637489795,23.0
U1392,,2023,WUR 2023,,,39.2,,,,3.833456710089624,23.0
U1392,,2023,WUR 2023,,,39.2,,,,9.782059903657936,23.0
U1392,,2023,WUR 2023,,,39.2,,,,5.158831633617945,23.0
U1392,,2023,WUR 2023,,,39.2,,,,6.656987637310143,23.0
U1392,,2023,WUR 2023,,,39.2,,,,7.980847008957106,23.0
U1392,,2023,WUR 2023,,,39.2,,,,6.152391640490189,23.0
U1392,,2023,WUR 2023,,,39.2,,,,5.302684637660615,23.0
U1392,,2023,WUR 2023,,,39.2,,,,4.124848199841193,23.0
U1392,,2023,WUR 2023,,,39.2,,,,3.813111589693071,23.0
U1392,,2023,WUR 2023,,,39.2,,,,5.302602674557117,23.0
U1392,,2023,WUR 2023,,,39.2,,,,8.157174958216169,23.0
U1392,,2023,WUR 2023,,,39.2,,,,5.076762069949905,23.0
U1392,,2023,WUR 2023,,,39.2,,,,6.288810601252746,23.0
U1392,,2023,WUR 2023,,,39.2,,,,6.328276090764572,23.0
U1392,,2023,WUR 2023,,,39.2,,,,11.75297653654587,23.0
U1392,,2023,WUR 2023,,,39.2,,,,10.117266439246784,23.0
U1392,,2023,WUR 2023,,,39.2,,,,4.437922656063465,23.0
U1392,,2023,WUR 2023,,,39.2,,,,4.710293091892417,23.0
U1392,,2023,WUR 2023,,,39.2,,,,7.085925565335147,23.0
U1392,,2023,WUR 2023,,,39.2,,,,3.355528220457925,23.0
U1392,,2023,WUR 2023,,,39.2,,,,,23.0
U1392,,2023,WUR 2023,,,40.4,,,,51.67418335352436,20.5
U1392,,2023,WUR 2023,,,40.4,,,,47.88418239895532,20.5
U1392,,2023,WUR 2023,,,40.4,,,,43.8055958895228,20.5
U1392,,2023,WUR 2023,,,40.4,,,,43.76365568588358,20.5
U1392,,2023,WUR 2023,,,40.4,,,,40.199930465075184,20.5
U1392,,2023,WUR 2023,,,40.4,,,,28.5527837078826,20.5
U1392,,2023,WUR 2023,,,40.4,,,,33.749021648384776,20.5
U1392,,2023,WUR 2023,,,40.4,,,,27.403396326452484,20.5
U1392,,2023,WUR 2023,,,40.4,,,,31.15712600491052,20.5
U1392,,2023,WUR 2023,,,40.4,,,,29.071708243361048,20.5
U1392,,2023,WUR 2023,,,40.4,,,,30.399950650658432,20.5
U1392,,2023,WUR 2023,,,40.4,,,,35.33147185564629,20.5
U1392,,2023,WUR 2023,,,40.4,,,,33.946773711772735,20.5
U1392,,2023,WUR 2023,,,40.4,,,,24.793802164462853,20.5
U1392,,2023,WUR 2023,,,40.4,,,,26.75785339223952,20.5
U1392,,2023,WUR 2023,,,40.4,,,,28.23732384975655,20.5
U1392,,2023,WUR 2023,,,40.4,,,,25.94141452924313,20.5
U1392,,2023,WUR 2023,,,40.4,,,,29.006413964994017,20.5
U1392,,2023,WUR 2023,,,40.4,,,,22.1526345493242,20.5
U1392,,2023,WUR 2023,,,40.4,,,,24.14081875648968,20.5
U1392,,2023,WUR 2023,,,40.4,,,,21.705412418739144,20.5
U1392,,2023,WUR 2023,,,40.4,,,,17.20997779422529,20.5
U1392,,2023,WUR 2023,,,40.4,,,,19.88491145208488,20.5
U1392,,2023,WUR 2023,,,40.4,,,,16.844436642582238,20.5
U1392,,2023,WUR 2023,,,40.4,,,,14.210401042301203,20.5
U1392,,2023,WUR 2023,,,40.4,,,,15.06262573119662,20.5
U1392,,2023,WUR 2023,,,40.4,,,,16.635504832291446,20.5
U1392,,2023,WUR 2023,,,40.4,,,,7.70819853141716,20.5
U1392,,2023,WUR 2023,,,40.4,,,,10.257737010756824,20.5
U1392,,2023,WUR 2023,,,40.4,,,,12.715623388297129,20.5
U1392,,2023,WUR 2023,,,40.4,,,,13.869534663513184,20.5
U1392,,2023,WUR 2023,,,40.4,,,,6.146807125772188,20.5
U1392,,2023,WUR 2023,,,40.4,,,,12.013271551458049,20.5
U1392,,2023,WUR 2023,,,40.4,,,,4.31948995228298,20.5
U1392,,2023,WUR 2023,,,40.4,,,,14.647984495642952,20.5
U1392,,2023,WUR 2023,,,40.4,,,,21.04078790243373,20.5
U1392,,2023,WUR 2023,,,40.4,,,,12.360347732600466,20.5
U1392,,2023,WUR 2023,,,40.4,,,,13.933106593924531,20.5
U1392,,2023,WUR 2023,,,40.4,,,,22.456205164243038,20.5
U1392,,2023,WUR 2023,,,40.4,,,,14.884108458641276,20.5
U1392,,2023,WUR 2023,,,40.4,,,,14.175358906529317,20.5
U1392,,2023,WUR 2023,,,40.4,,,,2.945328711444474,20.5
U1392,,2023,WUR 2023,,,40.4,,,,15.149877445256404,20.5
U1392,,2023,WUR 2023,,,40.4,,,,9.937988328617376,20.5
U1392,,2023,WUR 2023,,,40.4,,,,7.4295133641299556,20.5
U1392,,2023,WUR 2023,,,40.4,,,,8.39952199281354,20.5
U1392,,2023,WUR 2023,,,40.4,,,,6.571154201361318,20.5
U1392,,2023,WUR 2023,,,40.4,,,,3.277609582730025,20.5
U1392,,2023,WUR 2023,,,40.4,,,,3.1847189500491737,20.5
U1392,,2023,WUR 2023,,,40.4,,,,6.577730643152531,20.5
U1392,,2023,WUR 2023,,,40.4,,,,3.9478255545891,20.5
U1392,,2023,WUR 2023,,,40.4,,,,6.733954972267687,20.5
U1392,,2023,WUR 2023,,,40.4,,,,12.535658747363703,20.5
U1392,,2023,WUR 2023,,,40.4,,,,4.047134316765368,20.5
U1392,,2023,WUR 2023,,,40.4,,,,9.259582578959762,20.5
U1392,,2023,WUR 2023,,,40.4,,,,5.0147794888344,20.5
U1392,,2023,WUR 2023,,,40.4,,,,6.048745570521993,20.5
U1392,,2023,WUR 2023,,,40.4,,,,3.2088437637489795,20.5
U1392,,2023,WUR 2023,,,40.4,,,,3.833456710089624,20.5
U1392,,2023,WUR 2023,,,40.4,,,,9.782059903657936,20.5
U1392,,2023,WUR 2023,,,40.4,,,,5.158831633617945,20.5
U1392,,2023,WUR 2023,,,40.4,,,,6.656987637310143,20.5
U1392,,2023,WUR 2023,,,40.4,,,,7.980847008957106,20.5
U1392,,2023,WUR 2023,,,40.4,,,,6.152391640490189,20.5
U1392,,2023,WUR 2023,,,40.4,,,,5.302684637660615,20.5
U1392,,2023,WUR 2023,,,40.4,,,,4.124848199841193,20.5
U1392,,2023,WUR 2023,,,40.4,,,,3.813111589693071,20.5
U1392,,2023,WUR 2023,,,40.4,,,,5.302602674557117,20.5
U1392,,2023,WUR 2023,,,40.4,,,,8.157174958216169,20.5
U1392,,2023,WUR 2023,,,40.4,,,,5.076762069949905,20.5
U1392,,2023,WUR 2023,,,40.4,,,,6.288810601252746,20.5
U1392,,2023,WUR 2023,,,40.4,,,,6.328276090764572,20.5
U1392,,2023,WUR 2023,,,40.4,,,,11.75297653654587,20.5
U1392,,2023,WUR 2023,,,40.4,,,,10.117266439246784,20.5
U1392,,2023,WUR 2023,,,40.4,,,,4.437922656063465,20.5
U1392,,2023,WUR 2023,,,40.4,,,,4.710293091892417,20.5
U1392,,2023,WUR 2023,,,40.4,,,,7.085925565335147,20.5
U1392,,2023,WUR 2023,,,40.4,,,,3.355528220457925,20.5
U1392,,2023,WUR 2023,,,40.4,,,,,20.5
U1392,,2023,WUR 2023,,,4.2,,,,51.67418335352436,17.9
U1392,,2023,WUR 2023,,,4.2,,,,47.88418239895532,17.9
U1392,,2023,WUR 2023,,,4.2,,,,43.8055958895228,17.9
U1392,,2023,WUR 2023,,,4.2,,,,43.76365568588358,17.9
U1392,,2023,WUR 2023,,,4.2,,,,40.199930465075184,17.9
U1392,,2023,WUR 2023,,,4.2,,,,28.5527837078826,17.9
U1392,,2023,WUR 2023,,,4.2,,,,33.749021648384776,17.9
U1392,,2023,WUR 2023,,,4.2,,,,27.403396326452484,17.9
U1392,,2023,WUR 2023,,,4.2,,,,31.15712600491052,17.9
U1392,,2023,WUR 2023,,,4.2,,,,29.071708243361048,17.9
U1392,,2023,WUR 2023,,,4.2,,,,30.399950650658432,17.9
U1392,,2023,WUR 2023,,,4.2,,,,35.33147185564629,17.9
U1392,,2023,WUR 2023,,,4.2,,,,33.946773711772735,17.9
U1392,,2023,WUR 2023,,,4.2,,,,24.793802164462853,17.9
U1392,,2023,WUR 2023,,,4.2,,,,26.75785339223952,17.9
U1392,,2023,WUR 2023,,,4.2,,,,28.23732384975655,17.9
U1392,,2023,WUR 2023,,,4.2,,,,25.94141452924313,17.9
U1392,,2023,WUR 2023,,,4.2,,,,29.006413964994017,17.9
U1392,,2023,WUR 2023,,,4.2,,,,22.1526345493242,17.9
U1392,,2023,WUR 2023,,,4.2,,,,24.14081875648968,17.9
U1392,,2023,WUR 2023,,,4.2,,,,21.705412418739144,17.9
U1392,,2023,WUR 2023,,,4.2,,,,17.20997779422529,17.9
U1392,,2023,WUR 2023,,,4.2,,,,19.88491145208488,17.9
U1392,,2023,WUR 2023,,,4.2,,,,16.844436642582238,17.9
U1392,,2023,WUR 2023,,,4.2,,,,14.210401042301203,17.9
U1392,,2023,WUR 2023,,,4.2,,,,15.06262573119662,17.9
U1392,,2023,WUR 2023,,,4.2,,,,16.635504832291446,17.9
U1392,,2023,WUR 2023,,,4.2,,,,7.70819853141716,17.9
U1392,,2023,WUR 2023,,,4.2,,,,10.257737010756824,17.9
U1392,,2023,WUR 2023,,,4.2,,,,12.715623388297129,17.9
U1392,,2023,WUR 2023,,,4.2,,,,13.869534663513184,17.9
U1392,,2023,WUR 2023,,,4.2,,,,6.146807125772188,17.9
U1392,,2023,WUR 2023,,,4.2,,,,12.013271551458049,17.9
U1392,,2023,WUR 2023,,,4.2,,,,4.31948995228298,17.9
U1392,,2023,WUR 2023,,,4.2,,,,14.647984495642952,17.9
U1392,,2023,WUR 2023,,,4.2,,,,21.04078790243373,17.9
U1392,,2023,WUR 2023,,,4.2,,,,12.360347732600466,17.9
U1392,,2023,WUR 2023,,,4.2,,,,13.933106593924531,17.9
U1392,,2023,WUR 2023,,,4.2,,,,22.456205164243038,17.9
U1392,,2023,WUR 2023,,,4.2,,,,14.884108458641276,17.9
U1392,,2023,WUR 2023,,,4.2,,,,14.175358906529317,17.9
U1392,,2023,WUR 2023,,,4.2,,,,2.945328711444474,17.9
U1392,,2023,WUR 2023,,,4.2,,,,15.149877445256404,17.9
U1392,,2023,WUR 2023,,,4.2,,,,9.937988328617376,17.9
U1392,,2023,WUR 2023,,,4.2,,,,7.4295133641299556,17.9
U1392,,2023,WUR 2023,,,4.2,,,,8.39952199281354,17.9
U1392,,2023,WUR 2023,,,4.2,,,,6.571154201361318,17.9
U1392,,2023,WUR 2023,,,4.2,,,,3.277609582730025,17.9
U1392,,2023,WUR 2023,,,4.2,,,,3.1847189500491737,17.9
U1392,,2023,WUR 2023,,,4.2,,,,6.577730643152531,17.9
U1392,,2023,WUR 2023,,,4.2,,,,3.9478255545891,17.9
U1392,,2023,WUR 2023,,,4.2,,,,6.733954972267687,17.9
U1392,,2023,WUR 2023,,,4.2,,,,12.535658747363703,17.9
U1392,,2023,WUR 2023,,,4.2,,,,4.047134316765368,17.9
U1392,,2023,WUR 2023,,,4.2,,,,9.259582578959762,17.9
U1392,,2023,WUR 2023,,,4.2,,,,5.0147794888344,17.9
U1392,,2023,WUR 2023,,,4.2,,,,6.048745570521993,17.9
U1392,,2023,WUR 2023,,,4.2,,,,3.2088437637489795,17.9
U1392,,2023,WUR 2023,,,4.2,,,,3.833456710089624,17.9
U1392,,2023,WUR 2023,,,4.2,,,,9.782059903657936,17.9
U1392,,2023,WUR 2023,,,4.2,,,,5.158831633617945,17.9
U1392,,2023,WUR 2023,,,4.2,,,,6.656987637310143,17.9
U1392,,2023,WUR 2023,,,4.2,,,,7.980847008957106,17.9
U1392,,2023,WUR 2023,,,4.2,,,,6.152391640490189,17.9
U1392,,2023,WUR 2023,,,4.2,,,,5.302684637660615,17.9
U1392,,2023,WUR 2023,,,4.2,,,,4.124848199841193,17.9
U1392,,2023,WUR 2023,,,4.2,,,,3.813111589693071,17.9
U1392,,2023,WUR 2023,,,4.2,,,,5.302602674557117,17.9
U1392,,2023,WUR 2023,,,4.2,,,,8.157174958216169,17.9
U1392,,2023,WUR 2023,,,4.2,,,,5.076762069949905,17.9
U1392,,2023,WUR 2023,,,4.2,,,,6.288810601252746,17.9
U1392,,2023,WUR 2023,,,4.2,,,,6.328276090764572,17.9
U1392,,2023,WUR 2023,,,4.2,,,,11.75297653654587,17.9
U1392,,2023,WUR 2023,,,4.2,,,,10.117266439246784,17.9
U1392,,2023,WUR 2023,,,4.2,,,,4.437922656063465,17.9
U1392,,2023,WUR 2023,,,4.2,,,,4.710293091892417,17.9
U1392,,2023,WUR 2023,,,4.2,,,,7.085925565335147,17.9
U1392,,2023,WUR 2023,,,4.2,,,,3.355528220457925,17.9
U1392,,2023,WUR 2023,,,4.2,,,,,17.9
U1392,,2023,WUR 2023,,,7.3,,,,51.67418335352436,64.5
U1392,,2023,WUR 2023,,,7.3,,,,47.88418239895532,64.5
U1392,,2023,WUR 2023,,,7.3,,,,43.8055958895228,64.5
U1392,,2023,WUR 2023,,,7.3,,,,43.76365568588358,64.5
U1392,,2023,WUR 2023,,,7.3,,,,40.199930465075184,64.5
U1392,,2023,WUR 2023,,,7.3,,,,28.5527837078826,64.5
U1392,,2023,WUR 2023,,,7.3,,,,33.749021648384776,64.5
U1392,,2023,WUR 2023,,,7.3,,,,27.403396326452484,64.5
U1392,,2023,WUR 2023,,,7.3,,,,31.15712600491052,64.5
U1392,,2023,WUR 2023,,,7.3,,,,29.071708243361048,64.5
U1392,,2023,WUR 2023,,,7.3,,,,30.399950650658432,64.5
U1392,,2023,WUR 2023,,,7.3,,,,35.33147185564629,64.5
U1392,,2023,WUR 2023,,,7.3,,,,33.946773711772735,64.5
U1392,,2023,WUR 2023,,,7.3,,,,24.793802164462853,64.5
U1392,,2023,WUR 2023,,,7.3,,,,26.75785339223952,64.5
U1392,,2023,WUR 2023,,,7.3,,,,28.23732384975655,64.5
U1392,,2023,WUR 2023,,,7.3,,,,25.94141452924313,64.5
U1392,,2023,WUR 2023,,,7.3,,,,29.006413964994017,64.5
U1392,,2023,WUR 2023,,,7.3,,,,22.1526345493242,64.5
U1392,,2023,WUR 2023,,,7.3,,,,24.14081875648968,64.5
U1392,,2023,WUR 2023,,,7.3,,,,21.705412418739144,64.5
U1392,,2023,WUR 2023,,,7.3,,,,17.20997779422529,64.5
U1392,,2023,WUR 2023,,,7.3,,,,19.88491145208488,64.5
U1392,,2023,WUR 2023,,,7.3,,,,16.844436642582238,64.5
U1392,,2023,WUR 2023,,,7.3,,,,14.210401042301203,64.5
U1392,,2023,WUR 2023,,,7.3,,,,15.06262573119662,64.5
U1392,,2023,WUR 2023,,,7.3,,,,16.635504832291446,64.5
U1392,,2023,WUR 2023,,,7.3,,,,7.70819853141716,64.5
U1392,,2023,WUR 2023,,,7.3,,,,10.257737010756824,64.5
U1392,,2023,WUR 2023,,,7.3,,,,12.715623388297129,64.5
U1392,,2023,WUR 2023,,,7.3,,,,13.869534663513184,64.5
U1392,,2023,WUR 2023,,,7.3,,,,6.146807125772188,64.5
U1392,,2023,WUR 2023,,,7.3,,,,12.013271551458049,64.5
U1392,,2023,WUR 2023,,,7.3,,,,4.31948995228298,64.5
U1392,,2023,WUR 2023,,,7.3,,,,14.647984495642952,64.5
U1392,,2023,WUR 2023,,,7.3,,,,21.04078790243373,64.5
U1392,,2023,WUR 2023,,,7.3,,,,12.360347732600466,64.5
U1392,,2023,WUR 2023,,,7.3,,,,13.933106593924531,64.5
U1392,,2023,WUR 2023,,,7.3,,,,22.456205164243038,64.5
U1392,,2023,WUR 2023,,,7.3,,,,14.884108458641276,64.5
U1392,,2023,WUR 2023,,,7.3,,,,14.175358906529317,64.5
U1392,,2023,WUR 2023,,,7.3,,,,2.945328711444474,64.5
U1392,,2023,WUR 2023,,,7.3,,,,15.149877445256404,64.5
U1392,,2023,WUR 2023,,,7.3,,,,9.937988328617376,64.5
U1392,,2023,WUR 2023,,,7.3,,,,7.4295133641299556,64.5
U1392,,2023,WUR 2023,,,7.3,,,,8.39952199281354,64.5
U1392,,2023,WUR 2023,,,7.3,,,,6.571154201361318,64.5
U1392,,2023,WUR 2023,,,7.3,,,,3.277609582730025,64.5
U1392,,2023,WUR 2023,,,7.3,,,,3.1847189500491737,64.5
U1392,,2023,WUR 2023,,,7.3,,,,6.577730643152531,64.5
U1392,,2023,WUR 2023,,,7.3,,,,3.9478255545891,64.5
U1392,,2023,WUR 2023,,,7.3,,,,6.733954972267687,64.5
U1392,,2023,WUR 2023,,,7.3,,,,12.535658747363703,64.5
U1392,,2023,WUR 2023,,,7.3,,,,4.047134316765368,64.5
U1392,,2023,WUR 2023,,,7.3,,,,9.259582578959762,64.5
U1392,,2023,WUR 2023,,,7.3,,,,5.0147794888344,64.5
U1392,,2023,WUR 2023,,,7.3,,,,6.048745570521993,64.5
U1392,,2023,WUR 2023,,,7.3,,,,3.2088437637489795,64.5
U1392,,2023,WUR 2023,,,7.3,,,,3.833456710089624,64.5
U1392,,2023,WUR 2023,,,7.3,,,,9.782059903657936,64.5
U1392,,2023,WUR 2023,,,7.3,,,,5.158831633617945,64.5
U1392,,2023,WUR 2023,,,7.3,,,,6.656987637310143,64.5
U1392,,2023,WUR 2023,,,7.3,,,,7.980847008957106,64.5
U1392,,2023,WUR 2023,,,7.3,,,,6.152391640490189,64.5
U1392,,2023,WUR 2023,,,7.3,,,,5.302684637660615,64.5
U1392,,2023,WUR 2023,,,7.3,,,,4.124848199841193,64.5
U1392,,2023,WUR 2023,,,7.3,,,,3.813111589693071,64.5
U1392,,2023,WUR 2023,,,7.3,,,,5.302602674557117,64.5
U1392,,2023,WUR 2023,,,7.3,,,,8.157174958216169,64.5
U1392,,2023,WUR 2023,,,7.3,,,,5.076762069949905,64.5
U1392,,2023,WUR 2023,,,7.3,,,,6.288810601252746,64.5
U1392,,2023,WUR 2023,,,7.3,,,,6.328276090764572,64.5
U1392,,2023,WUR 2023,,,7.3,,,,11.75297653654587,64.5
U1392,,2023,WUR 2023,,,7.3,,,,10.117266439246784,64.5
U1392,,2023,WUR 2023,,,7.3,,,,4.437922656063465,64.5
U1392,,2023,WUR 2023,,,7.3,,,,4.710293091892417,64.5
U1392,,2023,WUR 2023,,,7.3,,,,7.085925565335147,64.5
U1392,,2023,WUR 2023,,,7.3,,,,3.355528220457925,64.5
U1392,,2023,WUR 2023,,,7.3,,,,,64.5
U1392,,2023,WUR 2023,,,7.8,,,,51.67418335352436,38.3
U1392,,2023,WUR 2023,,,7.8,,,,47.88418239895532,38.3
U1392,,2023,WUR 2023,,,7.8,,,,43.8055958895228,38.3
U1392,,2023,WUR 2023,,,7.8,,,,43.76365568588358,38.3
U1392,,2023,WUR 2023,,,7.8,,,,40.199930465075184,38.3
U1392,,2023,WUR 2023,,,7.8,,,,28.5527837078826,38.3
U1392,,2023,WUR 2023,,,7.8,,,,33.749021648384776,38.3
U1392,,2023,WUR 2023,,,7.8,,,,27.403396326452484,38.3
U1392,,2023,WUR 2023,,,7.8,,,,31.15712600491052,38.3
U1392,,2023,WUR 2023,,,7.8,,,,29.071708243361048,38.3
U1392,,2023,WUR 2023,,,7.8,,,,30.399950650658432,38.3
U1392,,2023,WUR 2023,,,7.8,,,,35.33147185564629,38.3
U1392,,2023,WUR 2023,,,7.8,,,,33.946773711772735,38.3
U1392,,2023,WUR 2023,,,7.8,,,,24.793802164462853,38.3
U1392,,2023,WUR 2023,,,7.8,,,,26.75785339223952,38.3
U1392,,2023,WUR 2023,,,7.8,,,,28.23732384975655,38.3
U1392,,2023,WUR 2023,,,7.8,,,,25.94141452924313,38.3
U1392,,2023,WUR 2023,,,7.8,,,,29.006413964994017,38.3
U1392,,2023,WUR 2023,,,7.8,,,,22.1526345493242,38.3
U1392,,2023,WUR 2023,,,7.8,,,,24.14081875648968,38.3
U1392,,2023,WUR 2023,,,7.8,,,,21.705412418739144,38.3
U1392,,2023,WUR 2023,,,7.8,,,,17.20997779422529,38.3
U1392,,2023,WUR 2023,,,7.8,,,,19.88491145208488,38.3
U1392,,2023,WUR 2023,,,7.8,,,,16.844436642582238,38.3
U1392,,2023,WUR 2023,,,7.8,,,,14.210401042301203,38.3
U1392,,2023,WUR 2023,,,7.8,,,,15.06262573119662,38.3
U1392,,2023,WUR 2023,,,7.8,,,,16.635504832291446,38.3
U1392,,2023,WUR 2023,,,7.8,,,,7.70819853141716,38.3
U1392,,2023,WUR 2023,,,7.8,,,,10.257737010756824,38.3
U1392,,2023,WUR 2023,,,7.8,,,,12.715623388297129,38.3
U1392,,2023,WUR 2023,,,7.8,,,,13.869534663513184,38.3
U1392,,2023,WUR 2023,,,7.8,,,,6.146807125772188,38.3
U1392,,2023,WUR 2023,,,7.8,,,,12.013271551458049,38.3
U1392,,2023,WUR 2023,,,7.8,,,,4.31948995228298,38.3
U1392,,2023,WUR 2023,,,7.8,,,,14.647984495642952,38.3
U1392,,2023,WUR 2023,,,7.8,,,,21.04078790243373,38.3
U1392,,2023,WUR 2023,,,7.8,,,,12.360347732600466,38.3
U1392,,2023,WUR 2023,,,7.8,,,,13.933106593924531,38.3
U1392,,2023,WUR 2023,,,7.8,,,,22.456205164243038,38.3
U1392,,2023,WUR 2023,,,7.8,,,,14.884108458641276,38.3
U1392,,2023,WUR 2023,,,7.8,,,,14.175358906529317,38.3
U1392,,2023,WUR 2023,,,7.8,,,,2.945328711444474,38.3
U1392,,2023,WUR 2023,,,7.8,,,,15.149877445256404,38.3
U1392,,2023,WUR 2023,,,7.8,,,,9.937988328617376,38.3
U1392,,2023,WUR 2023,,,7.8,,,,7.4295133641299556,38.3
U1392,,2023,WUR 2023,,,7.8,,,,8.39952199281354,38.3
U1392,,2023,WUR 2023,,,7.8,,,,6.571154201361318,38.3
U1392,,2023,WUR 2023,,,7.8,,,,3.277609582730025,38.3
U1392,,2023,WUR 2023,,,7.8,,,,3.1847189500491737,38.3
U1392,,2023,WUR 2023,,,7.8,,,,6.577730643152531,38.3
U1392,,2023,WUR 2023,,,7.8,,,,3.9478255545891,38.3
U1392,,2023,WUR 2023,,,7.8,,,,6.733954972267687,38.3
U1392,,2023,WUR 2023,,,7.8,,,,12.535658747363703,38.3
U1392,,2023,WUR 2023,,,7.8,,,,4.047134316765368,38.3
U1392,,2023,WUR 2023,,,7.8,,,,9.259582578959762,38.3
U1392,,2023,WUR 2023,,,7.8,,,,5.0147794888344,38.3
U1392,,2023,WUR 2023,,,7.8,,,,6.048745570521993,38.3
U1392,,2023,WUR 2023,,,7.8,,,,3.2088437637489795,38.3
U1392,,2023,WUR 2023,,,7.8,,,,3.833456710089624,38.3
U1392,,2023,WUR 2023,,,7.8,,,,9.782059903657936,38.3
U1392,,2023,WUR 2023,,,7.8,,,,5.158831633617945,38.3
U1392,,2023,WUR 2023,,,7.8,,,,6.656987637310143,38.3
U1392,,2023,WUR 2023,,,7.8,,,,7.980847008957106,38.3
U1392,,2023,WUR 2023,,,7.8,,,,6.152391640490189,38.3
U1392,,2023,WUR 2023,,,7.8,,,,5.302684637660615,38.3
U1392,,2023,WUR 2023,,,7.8,,,,4.124848199841193,38.3
U1392,,2023,WUR 2023,,,7.8,,,,3.813111589693071,38.3
U1392,,2023,WUR 2023,,,7.8,,,,5.302602674557117,38.3
U1392,,2023,WUR 2023,,,7.8,,,,8.157174958216169,38.3
U1392,,2023,WUR 2023,,,7.8,,,,5.076762069949905,38.3
U1392,,2023,WUR 2023,,,7.8,,,,6.288810601252746,38.3
U1392,,2023,WUR 2023,,,7.8,,,,6.328276090764572,38.3
U1392,,2023,WUR 2023,,,7.8,,,,11.75297653654587,38.3
U1392,,2023,WUR 2023,,,7.8,,,,10.117266439246784,38.3
U1392,,2023,WUR 2023,,,7.8,,,,4.437922656063465,38.3
U1392,,2023,WUR 2023,,,7.8,,,,4.710293091892417,38.3
U1392,,2023,WUR 2023,,,7.8,,,,7.085925565335147,38.3
U1392,,2023,WUR 2023,,,7.8,,,,3.355528220457925,38.3
U1392,,2023,WUR 2023,,,7.8,,,,,38.3
U1392,,2023,WUR 2023,,,11.6,,,,51.67418335352436,24.5
U1392,,2023,WUR 2023,,,11.6,,,,47.88418239895532,24.5
U1392,,2023,WUR 2023,,,11.6,,,,43.8055958895228,24.5
U1392,,2023,WUR 2023,,,11.6,,,,43.76365568588358,24.5
U1392,,2023,WUR 2023,,,11.6,,,,40.199930465075184,24.5
U1392,,2023,WUR 2023,,,11.6,,,,28.5527837078826,24.5
U1392,,2023,WUR 2023,,,11.6,,,,33.749021648384776,24.5
U1392,,2023,WUR 2023,,,11.6,,,,27.403396326452484,24.5
U1392,,2023,WUR 2023,,,11.6,,,,31.15712600491052,24.5
U1392,,2023,WUR 2023,,,11.6,,,,29.071708243361048,24.5
U1392,,2023,WUR 2023,,,11.6,,,,30.399950650658432,24.5
U1392,,2023,WUR 2023,,,11.6,,,,35.33147185564629,24.5
U1392,,2023,WUR 2023,,,11.6,,,,33.946773711772735,24.5
U1392,,2023,WUR 2023,,,11.6,,,,24.793802164462853,24.5
U1392,,2023,WUR 2023,,,11.6,,,,26.75785339223952,24.5
U1392,,2023,WUR 2023,,,11.6,,,,28.23732384975655,24.5
U1392,,2023,WUR 2023,,,11.6,,,,25.94141452924313,24.5
U1392,,2023,WUR 2023,,,11.6,,,,29.006413964994017,24.5
U1392,,2023,WUR 2023,,,11.6,,,,22.1526345493242,24.5
U1392,,2023,WUR 2023,,,11.6,,,,24.14081875648968,24.5
U1392,,2023,WUR 2023,,,11.6,,,,21.705412418739144,24.5
U1392,,2023,WUR 2023,,,11.6,,,,17.20997779422529,24.5
U1392,,2023,WUR 2023,,,11.6,,,,19.88491145208488,24.5
U1392,,2023,WUR 2023,,,11.6,,,,16.844436642582238,24.5
U1392,,2023,WUR 2023,,,11.6,,,,14.210401042301203,24.5
U1392,,2023,WUR 2023,,,11.6,,,,15.06262573119662,24.5
U1392,,2023,WUR 2023,,,11.6,,,,16.635504832291446,24.5
U1392,,2023,WUR 2023,,,11.6,,,,7.70819853141716,24.5
U1392,,2023,WUR 2023,,,11.6,,,,10.257737010756824,24.5
U1392,,2023,WUR 2023,,,11.6,,,,12.715623388297129,24.5
U1392,,2023,WUR 2023,,,11.6,,,,13.869534663513184,24.5
U1392,,2023,WUR 2023,,,11.6,,,,6.146807125772188,24.5
U1392,,2023,WUR 2023,,,11.6,,,,12.013271551458049,24.5
U1392,,2023,WUR 2023,,,11.6,,,,4.31948995228298,24.5
U1392,,2023,WUR 2023,,,11.6,,,,14.647984495642952,24.5
U1392,,2023,WUR 2023,,,11.6,,,,21.04078790243373,24.5
U1392,,2023,WUR 2023,,,11.6,,,,12.360347732600466,24.5
U1392,,2023,WUR 2023,,,11.6,,,,13.933106593924531,24.5
U1392,,2023,WUR 2023,,,11.6,,,,22.456205164243038,24.5
U1392,,2023,WUR 2023,,,11.6,,,,14.884108458641276,24.5
U1392,,2023,WUR 2023,,,11.6,,,,14.175358906529317,24.5
U1392,,2023,WUR 2023,,,11.6,,,,2.945328711444474,24.5
U1392,,2023,WUR 2023,,,11.6,,,,15.149877445256404,24.5
U1392,,2023,WUR 2023,,,11.6,,,,9.937988328617376,24.5
U1392,,2023,WUR 2023,,,11.6,,,,7.4295133641299556,24.5
U1392,,2023,WUR 2023,,,11.6,,,,8.39952199281354,24.5
U1392,,2023,WUR 2023,,,11.6,,,,6.571154201361318,24.5
U1392,,2023,WUR 2023,,,11.6,,,,3.277609582730025,24.5
U1392,,2023,WUR 2023,,,11.6,,,,3.1847189500491737,24.5
U1392,,2023,WUR 2023,,,11.6,,,,6.577730643152531,24.5
U1392,,2023,WUR 2023,,,11.6,,,,3.9478255545891,24.5
U1392,,2023,WUR 2023,,,11.6,,,,6.733954972267687,24.5
U1392,,2023,WUR 2023,,,11.6,,,,12.535658747363703,24.5
U1392,,2023,WUR 2023,,,11.6,,,,4.047134316765368,24.5
U1392,,2023,WUR 2023,,,11.6,,,,9.259582578959762,24.5
U1392,,2023,WUR 2023,,,11.6,,,,5.0147794888344,24.5
U1392,,2023,WUR 2023,,,11.6,,,,6.048745570521993,24.5
U1392,,2023,WUR 2023,,,11.6,,,,3.2088437637489795,24.5
U1392,,2023,WUR 2023,,,11.6,,,,3.833456710089624,24.5
U1392,,2023,WUR 2023,,,11.6,,,,9.782059903657936,24.5
U1392,,2023,WUR 2023,,,11.6,,,,5.158831633617945,24.5
U1392,,2023,WUR 2023,,,11.6,,,,6.656987637310143,24.5
U1392,,2023,WUR 2023,,,11.6,,,,7.980847008957106,24.5
U1392,,2023,WUR 2023,,,11.6,,,,6.152391640490189,24.5
U1392,,2023,WUR 2023,,,11.6,,,,5.302684637660615,24.5
U1392,,2023,WUR 2023,,,11.6,,,,4.124848199841193,24.5
U1392,,2023,WUR 2023,,,11.6,,,,3.813111589693071,24.5
U1392,,2023,WUR 2023,,,11.6,,,,5.302602674557117,24.5
U1392,,2023,WUR 2023,,,11.6,,,,8.157174958216169,24.5
U1392,,2023,WUR 2023,,,11.6,,,,5.076762069949905,24.5
U1392,,2023,WUR 2023,,,11.6,,,,6.288810601252746,24.5
U1392,,2023,WUR 2023,,,11.6,,,,6.328276090764572,24.5
U1392,,2023,WUR 2023,,,11.6,,,,11.75297653654587,24.5
U1392,,2023,WUR 2023,,,11.6,,,,10.117266439246784,24.5
U1392,,2023,WUR 2023,,,11.6,,,,4.437922656063465,24.5
U1392,,2023,WUR 2023,,,11.6,,,,4.710293091892417,24.5
U1392,,2023,WUR 2023,,,11.6,,,,7.085925565335147,24.5
U1392,,2023,WUR 2023,,,11.6,,,,3.355528220457925,24.5
U1392,,2023,WUR 2023,,,11.6,,,,,24.5
U1392,,2023,WUR 2023,,,20.1,,,,51.67418335352436,20.2
U1392,,2023,WUR 2023,,,20.1,,,,47.88418239895532,20.2
U1392,,2023,WUR 2023,,,20.1,,,,43.8055958895228,20.2
U1392,,2023,WUR 2023,,,20.1,,,,43.76365568588358,20.2
U1392,,2023,WUR 2023,,,20.1,,,,40.199930465075184,20.2
U1392,,2023,WUR 2023,,,20.1,,,,28.5527837078826,20.2
U1392,,2023,WUR 2023,,,20.1,,,,33.749021648384776,20.2
U1392,,2023,WUR 2023,,,20.1,,,,27.403396326452484,20.2
U1392,,2023,WUR 2023,,,20.1,,,,31.15712600491052,20.2
U1392,,2023,WUR 2023,,,20.1,,,,29.071708243361048,20.2
U1392,,2023,WUR 2023,,,20.1,,,,30.399950650658432,20.2
U1392,,2023,WUR 2023,,,20.1,,,,35.33147185564629,20.2
U1392,,2023,WUR 2023,,,20.1,,,,33.946773711772735,20.2
U1392,,2023,WUR 2023,,,20.1,,,,24.793802164462853,20.2
U1392,,2023,WUR 2023,,,20.1,,,,26.75785339223952,20.2
U1392,,2023,WUR 2023,,,20.1,,,,28.23732384975655,20.2
U1392,,2023,WUR 2023,,,20.1,,,,25.94141452924313,20.2
U1392,,2023,WUR 2023,,,20.1,,,,29.006413964994017,20.2
U1392,,2023,WUR 2023,,,20.1,,,,22.1526345493242,20.2
U1392,,2023,WUR 2023,,,20.1,,,,24.14081875648968,20.2
U1392,,2023,WUR 2023,,,20.1,,,,21.705412418739144,20.2
U1392,,2023,WUR 2023,,,20.1,,,,17.20997779422529,20.2
U1392,,2023,WUR 2023,,,20.1,,,,19.88491145208488,20.2
U1392,,2023,WUR 2023,,,20.1,,,,16.844436642582238,20.2
U1392,,2023,WUR 2023,,,20.1,,,,14.210401042301203,20.2
U1392,,2023,WUR 2023,,,20.1,,,,15.06262573119662,20.2
U1392,,2023,WUR 2023,,,20.1,,,,16.635504832291446,20.2
U1392,,2023,WUR 2023,,,20.1,,,,7.70819853141716,20.2
U1392,,2023,WUR 2023,,,20.1,,,,10.257737010756824,20.2
U1392,,2023,WUR 2023,,,20.1,,,,12.715623388297129,20.2
U1392,,2023,WUR 2023,,,20.1,,,,13.869534663513184,20.2
U1392,,2023,WUR 2023,,,20.1,,,,6.146807125772188,20.2
U1392,,2023,WUR 2023,,,20.1,,,,12.013271551458049,20.2
U1392,,2023,WUR 2023,,,20.1,,,,4.31948995228298,20.2
U1392,,2023,WUR 2023,,,20.1,,,,14.647984495642952,20.2
U1392,,2023,WUR 2023,,,20.1,,,,21.04078790243373,20.2
U1392,,2023,WUR 2023,,,20.1,,,,12.360347732600466,20.2
U1392,,2023,WUR 2023,,,20.1,,,,13.933106593924531,20.2
U1392,,2023,WUR 2023,,,20.1,,,,22.456205164243038,20.2
U1392,,2023,WUR 2023,,,20.1,,,,14.884108458641276,20.2
U1392,,2023,WUR 2023,,,20.1,,,,14.175358906529317,20.2
U1392,,2023,WUR 2023,,,20.1,,,,2.945328711444474,20.2
U1392,,2023,WUR 2023,,,20.1,,,,15.149877445256404,20.2
U1392,,2023,WUR 2023,,,20.1,,,,9.937988328617376,20.2
U1392,,2023,WUR 2023,,,20.1,,,,7.4295133641299556,20.2
U1392,,2023,WUR 2023,,,20.1,,,,8.39952199281354,20.2
U1392,,2023,WUR 2023,,,20.1,,,,6.571154201361318,20.2
U1392,,2023,WUR 2023,,,20.1,,,,3.277609582730025,20.2
U1392,,2023,WUR 2023,,,20.1,,,,3.1847189500491737,20.2
U1392,,2023,WUR 2023,,,20.1,,,,6.577730643152531,20.2
U1392,,2023,WUR 2023,,,20.1,,,,3.9478255545891,20.2
U1392,,2023,WUR 2023,,,20.1,,,,6.733954972267687,20.2
U1392,,2023,WUR 2023,,,20.1,,,,12.535658747363703,20.2
U1392,,2023,WUR 2023,,,20.1,,,,4.047134316765368,20.2
U1392,,2023,WUR 2023,,,20.1,,,,9.259582578959762,20.2
U1392,,2023,WUR 2023,,,20.1,,,,5.0147794888344,20.2
U1392,,2023,WUR 2023,,,20.1,,,,6.048745570521993,20.2
U1392,,2023,WUR 2023,,,20.1,,,,3.2088437637489795,20.2
U1392,,2023,WUR 2023,,,20.1,,,,3.833456710089624,20.2
U1392,,2023,WUR 2023,,,20.1,,,,9.782059903657936,20.2
U1392,,2023,WUR 2023,,,20.1,,,,5.158831633617945,20.2
U1392,,2023,WUR 2023,,,20.1,,,,6.656987637310143,20.2
U1392,,2023,WUR 2023,,,20.1,,,,7.980847008957106,20.2
U1392,,2023,WUR 2023,,,20.1,,,,6.152391640490189,20.2
U1392,,2023,WUR 2023,,,20.1,,,,5.302684637660615,20.2
U1392,,2023,WUR 2023,,,20.1,,,,4.124848199841193,20.2
U1392,,2023,WUR 2023,,,20.1,,,,3.813111589693071,20.2
U1392,,2023,WUR 2023,,,20.1,,,,5.302602674557117,20.2
U1392,,2023,WUR 2023,,,20.1,,,,8.157174958216169,20.2
U1392,,2023,WUR 2023,,,20.1,,,,5.076762069949905,20.2
U1392,,2023,WUR 2023,,,20.1,,,,6.288810601252746,20.2
U1392,,2023,WUR 2023,,,20.1,,,,6.328276090764572,20.2
U1392,,2023,WUR 2023,,,20.1,,,,11.75297653654587,20.2
U1392,,2023,WUR 2023,,,20.1,,,,10.117266439246784,20.2
U1392,,2023,WUR 2023,,,20.1,,,,4.437922656063465,20.2
U1392,,2023,WUR 2023,,,20.1,,,,4.710293091892417,20.2
U1392,,2023,WUR 2023,,,20.1,,,,7.085925565335147,20.2
U1392,,2023,WUR 2023,,,20.1,,,,3.355528220457925,20.2
U1392,,2023,WUR 2023,,,20.1,,,,,20.2
U1392,,2023,WUR 2023,,,10.3,,,,51.67418335352436,23.9
U1392,,2023,WUR 2023,,,10.3,,,,47.88418239895532,23.9
U1392,,2023,WUR 2023,,,10.3,,,,43.8055958895228,23.9
U1392,,2023,WUR 2023,,,10.3,,,,43.76365568588358,23.9
U1392,,2023,WUR 2023,,,10.3,,,,40.199930465075184,23.9
U1392,,2023,WUR 2023,,,10.3,,,,28.5527837078826,23.9
U1392,,2023,WUR 2023,,,10.3,,,,33.749021648384776,23.9
U1392,,2023,WUR 2023,,,10.3,,,,27.403396326452484,23.9
U1392,,2023,WUR 2023,,,10.3,,,,31.15712600491052,23.9
U1392,,2023,WUR 2023,,,10.3,,,,29.071708243361048,23.9
U1392,,2023,WUR 2023,,,10.3,,,,30.399950650658432,23.9
U1392,,2023,WUR 2023,,,10.3,,,,35.33147185564629,23.9
U1392,,2023,WUR 2023,,,10.3,,,,33.946773711772735,23.9
U1392,,2023,WUR 2023,,,10.3,,,,24.793802164462853,23.9
U1392,,2023,WUR 2023,,,10.3,,,,26.75785339223952,23.9
U1392,,2023,WUR 2023,,,10.3,,,,28.23732384975655,23.9
U1392,,2023,WUR 2023,,,10.3,,,,25.94141452924313,23.9
U1392,,2023,WUR 2023,,,10.3,,,,29.006413964994017,23.9
U1392,,2023,WUR 2023,,,10.3,,,,22.1526345493242,23.9
U1392,,2023,WUR 2023,,,10.3,,,,24.14081875648968,23.9
U1392,,2023,WUR 2023,,,10.3,,,,21.705412418739144,23.9
U1392,,2023,WUR 2023,,,10.3,,,,17.20997779422529,23.9
U1392,,2023,WUR 2023,,,10.3,,,,19.88491145208488,23.9
U1392,,2023,WUR 2023,,,10.3,,,,16.844436642582238,23.9
U1392,,2023,WUR 2023,,,10.3,,,,14.210401042301203,23.9
U1392,,2023,WUR 2023,,,10.3,,,,15.06262573119662,23.9
U1392,,2023,WUR 2023,,,10.3,,,,16.635504832291446,23.9
U1392,,2023,WUR 2023,,,10.3,,,,7.70819853141716,23.9
U1392,,2023,WUR 2023,,,10.3,,,,10.257737010756824,23.9
U1392,,2023,WUR 2023,,,10.3,,,,12.715623388297129,23.9
U1392,,2023,WUR 2023,,,10.3,,,,13.869534663513184,23.9
U1392,,2023,WUR 2023,,,10.3,,,,6.146807125772188,23.9
U1392,,2023,WUR 2023,,,10.3,,,,12.013271551458049,23.9
U1392,,2023,WUR 2023,,,10.3,,,,4.31948995228298,23.9
U1392,,2023,WUR 2023,,,10.3,,,,14.647984495642952,23.9
U1392,,2023,WUR 2023,,,10.3,,,,21.04078790243373,23.9
U1392,,2023,WUR 2023,,,10.3,,,,12.360347732600466,23.9
U1392,,2023,WUR 2023,,,10.3,,,,13.933106593924531,23.9
U1392,,2023,WUR 2023,,,10.3,,,,22.456205164243038,23.9
U1392,,2023,WUR 2023,,,10.3,,,,14.884108458641276,23.9
U1392,,2023,WUR 2023,,,10.3,,,,14.175358906529317,23.9
U1392,,2023,WUR 2023,,,10.3,,,,2.945328711444474,23.9
U1392,,2023,WUR 2023,,,10.3,,,,15.149877445256404,23.9
U1392,,2023,WUR 2023,,,10.3,,,,9.937988328617376,23.9
U1392,,2023,WUR 2023,,,10.3,,,,7.4295133641299556,23.9
U1392,,2023,WUR 2023,,,10.3,,,,8.39952199281354,23.9
U1392,,2023,WUR 2023,,,10.3,,,,6.571154201361318,23.9
U1392,,2023,WUR 2023,,,10.3,,,,3.277609582730025,23.9
U1392,,2023,WUR 2023,,,10.3,,,,3.1847189500491737,23.9
U1392,,2023,WUR 2023,,,10.3,,,,6.577730643152531,23.9
U1392,,2023,WUR 2023,,,10.3,,,,3.9478255545891,23.9
U1392,,2023,WUR 2023,,,10.3,,,,6.733954972267687,23.9
U1392,,2023,WUR 2023,,,10.3,,,,12.535658747363703,23.9
U1392,,2023,WUR 2023,,,10.3,,,,4.047134316765368,23.9
U1392,,2023,WUR 2023,,,10.3,,,,9.259582578959762,23.9
U1392,,2023,WUR 2023,,,10.3,,,,5.0147794888344,23.9
U1392,,2023,WUR 2023,,,10.3,,,,6.048745570521993,23.9
U1392,,2023,WUR 2023,,,10.3,,,,3.2088437637489795,23.9
U1392,,2023,WUR 2023,,,10.3,,,,3.833456710089624,23.9
U1392,,2023,WUR 2023,,,10.3,,,,9.782059903657936,23.9
U1392,,2023,WUR 2023,,,10.3,,,,5.158831633617945,23.9
U1392,,2023,WUR 2023,,,10.3,,,,6.656987637310143,23.9
U1392,,2023,WUR 2023,,,10.3,,,,7.980847008957106,23.9
U1392,,2023,WUR 2023,,,10.3,,,,6.152391640490189,23.9
U1392,,2023,WUR 2023,,,10.3,,,,5.302684637660615,23.9
U1392,,2023,WUR 2023,,,10.3,,,,4.124848199841193,23.9
U1392,,2023,WUR 2023,,,10.3,,,,3.813111589693071,23.9
U1392,,2023,WUR 2023,,,10.3,,,,5.302602674557117,23.9
U1392,,2023,WUR 2023,,,10.3,,,,8.157174958216169,23.9
U1392,,2023,WUR 2023,,,10.3,,,,5.076762069949905,23.9
U1392,,2023,WUR 2023,,,10.3,,,,6.288810601252746,23.9
U1392,,2023,WUR 2023,,,10.3,,,,6.328276090764572,23.9
U1392,,2023,WUR 2023,,,10.3,,,,11.75297653654587,23.9
U1392,,2023,WUR 2023,,,10.3,,,,10.117266439246784,23.9
U1392,,2023,WUR 2023,,,10.3,,,,4.437922656063465,23.9
U1392,,2023,WUR 2023,,,10.3,,,,4.710293091892417,23.9
U1392,,2023,WUR 2023,,,10.3,,,,7.085925565335147,23.9
U1392,,2023,WUR 2023,,,10.3,,,,3.355528220457925,23.9
U1392,,2023,WUR 2023,,,10.3,,,,,23.9
U1392,,2023,WUR 2023,,,0.8,,,,51.67418335352436,22.1
U1392,,2023,WUR 2023,,,0.8,,,,47.88418239895532,22.1
U1392,,2023,WUR 2023,,,0.8,,,,43.8055958895228,22.1
U1392,,2023,WUR 2023,,,0.8,,,,43.76365568588358,22.1
U1392,,2023,WUR 2023,,,0.8,,,,40.199930465075184,22.1
U1392,,2023,WUR 2023,,,0.8,,,,28.5527837078826,22.1
U1392,,2023,WUR 2023,,,0.8,,,,33.749021648384776,22.1
U1392,,2023,WUR 2023,,,0.8,,,,27.403396326452484,22.1
U1392,,2023,WUR 2023,,,0.8,,,,31.15712600491052,22.1
U1392,,2023,WUR 2023,,,0.8,,,,29.071708243361048,22.1
U1392,,2023,WUR 2023,,,0.8,,,,30.399950650658432,22.1
U1392,,2023,WUR 2023,,,0.8,,,,35.33147185564629,22.1
U1392,,2023,WUR 2023,,,0.8,,,,33.946773711772735,22.1
U1392,,2023,WUR 2023,,,0.8,,,,24.793802164462853,22.1
U1392,,2023,WUR 2023,,,0.8,,,,26.75785339223952,22.1
U1392,,2023,WUR 2023,,,0.8,,,,28.23732384975655,22.1
U1392,,2023,WUR 2023,,,0.8,,,,25.94141452924313,22.1
U1392,,2023,WUR 2023,,,0.8,,,,29.006413964994017,22.1
U1392,,2023,WUR 2023,,,0.8,,,,22.1526345493242,22.1
U1392,,2023,WUR 2023,,,0.8,,,,24.14081875648968,22.1
U1392,,2023,WUR 2023,,,0.8,,,,21.705412418739144,22.1
U1392,,2023,WUR 2023,,,0.8,,,,17.20997779422529,22.1
U1392,,2023,WUR 2023,,,0.8,,,,19.88491145208488,22.1
U1392,,2023,WUR 2023,,,0.8,,,,16.844436642582238,22.1
U1392,,2023,WUR 2023,,,0.8,,,,14.210401042301203,22.1
U1392,,2023,WUR 2023,,,0.8,,,,15.06262573119662,22.1
U1392,,2023,WUR 2023,,,0.8,,,,16.635504832291446,22.1
U1392,,2023,WUR 2023,,,0.8,,,,7.70819853141716,22.1
U1392,,2023,WUR 2023,,,0.8,,,,10.257737010756824,22.1
U1392,,2023,WUR 2023,,,0.8,,,,12.715623388297129,22.1
U1392,,2023,WUR 2023,,,0.8,,,,13.869534663513184,22.1
U1392,,2023,WUR 2023,,,0.8,,,,6.146807125772188,22.1
U1392,,2023,WUR 2023,,,0.8,,,,12.013271551458049,22.1
U1392,,2023,WUR 2023,,,0.8,,,,4.31948995228298,22.1
U1392,,2023,WUR 2023,,,0.8,,,,14.647984495642952,22.1
U1392,,2023,WUR 2023,,,0.8,,,,21.04078790243373,22.1
U1392,,2023,WUR 2023,,,0.8,,,,12.360347732600466,22.1
U1392,,2023,WUR 2023,,,0.8,,,,13.933106593924531,22.1
U1392,,2023,WUR 2023,,,0.8,,,,22.456205164243038,22.1
U1392,,2023,WUR 2023,,,0.8,,,,14.884108458641276,22.1
U1392,,2023,WUR 2023,,,0.8,,,,14.175358906529317,22.1
U1392,,2023,WUR 2023,,,0.8,,,,2.945328711444474,22.1
U1392,,2023,WUR 2023,,,0.8,,,,15.149877445256404,22.1
U1392,,2023,WUR 2023,,,0.8,,,,9.937988328617376,22.1
U1392,,2023,WUR 2023,,,0.8,,,,7.4295133641299556,22.1
U1392,,2023,WUR 2023,,,0.8,,,,8.39952199281354,22.1
U1392,,2023,WUR 2023,,,0.8,,,,6.571154201361318,22.1
U1392,,2023,WUR 2023,,,0.8,,,,3.277609582730025,22.1
U1392,,2023,WUR 2023,,,0.8,,,,3.1847189500491737,22.1
U1392,,2023,WUR 2023,,,0.8,,,,6.577730643152531,22.1
U1392,,2023,WUR 2023,,,0.8,,,,3.9478255545891,22.1
U1392,,2023,WUR 2023,,,0.8,,,,6.733954972267687,22.1
U1392,,2023,WUR 2023,,,0.8,,,,12.535658747363703,22.1
U1392,,2023,WUR 2023,,,0.8,,,,4.047134316765368,22.1
U1392,,2023,WUR 2023,,,0.8,,,,9.259582578959762,22.1
U1392,,2023,WUR 2023,,,0.8,,,,5.0147794888344,22.1
U1392,,2023,WUR 2023,,,0.8,,,,6.048745570521993,22.1
U1392,,2023,WUR 2023,,,0.8,,,,3.2088437637489795,22.1
U1392,,2023,WUR 2023,,,0.8,,,,3.833456710089624,22.1
U1392,,2023,WUR 2023,,,0.8,,,,9.782059903657936,22.1
U1392,,2023,WUR 2023,,,0.8,,,,5.158831633617945,22.1
U1392,,2023,WUR 2023,,,0.8,,,,6.656987637310143,22.1
U1392,,2023,WUR 2023,,,0.8,,,,7.980847008957106,22.1
U1392,,2023,WUR 2023,,,0.8,,,,6.152391640490189,22.1
U1392,,2023,WUR 2023,,,0.8,,,,5.302684637660615,22.1
U1392,,2023,WUR 2023,,,0.8,,,,4.124848199841193,22.1
U1392,,2023,WUR 2023,,,0.8,,,,3.813111589693071,22.1
U1392,,2023,WUR 2023,,,0.8,,,,5.302602674557117,22.1
U1392,,2023,WUR 2023,,,0.8,,,,8.157174958216169,22.1
U1392,,2023,WUR 2023,,,0.8,,,,5.076762069949905,22.1
U1392,,2023,WUR 2023,,,0.8,,,,6.288810601252746,22.1
U1392,,2023,WUR 2023,,,0.8,,,,6.328276090764572,22.1
U1392,,2023,WUR 2023,,,0.8,,,,11.75297653654587,22.1
U1392,,2023,WUR 2023,,,0.8,,,,10.117266439246784,22.1
U1392,,2023,WUR 2023,,,0.8,,,,4.437922656063465,22.1
U1392,,2023,WUR 2023,,,0.8,,,,4.710293091892417,22.1
U1392,,2023,WUR 2023,,,0.8,,,,7.085925565335147,22.1
U1392,,2023,WUR 2023,,,0.8,,,,3.355528220457925,22.1
U1392,,2023,WUR 2023,,,0.8,,,,,22.1
U1392,,2023,WUR 2023,,,2.6,,,,51.67418335352436,20.3
U1392,,2023,WUR 2023,,,2.6,,,,47.88418239895532,20.3
U1392,,2023,WUR 2023,,,2.6,,,,43.8055958895228,20.3
U1392,,2023,WUR 2023,,,2.6,,,,43.76365568588358,20.3
U1392,,2023,WUR 2023,,,2.6,,,,40.199930465075184,20.3
U1392,,2023,WUR 2023,,,2.6,,,,28.5527837078826,20.3
U1392,,2023,WUR 2023,,,2.6,,,,33.749021648384776,20.3
U1392,,2023,WUR 2023,,,2.6,,,,27.403396326452484,20.3
U1392,,2023,WUR 2023,,,2.6,,,,31.15712600491052,20.3
U1392,,2023,WUR 2023,,,2.6,,,,29.071708243361048,20.3
U1392,,2023,WUR 2023,,,2.6,,,,30.399950650658432,20.3
U1392,,2023,WUR 2023,,,2.6,,,,35.33147185564629,20.3
U1392,,2023,WUR 2023,,,2.6,,,,33.946773711772735,20.3
U1392,,2023,WUR 2023,,,2.6,,,,24.793802164462853,20.3
U1392,,2023,WUR 2023,,,2.6,,,,26.75785339223952,20.3
U1392,,2023,WUR 2023,,,2.6,,,,28.23732384975655,20.3
U1392,,2023,WUR 2023,,,2.6,,,,25.94141452924313,20.3
U1392,,2023,WUR 2023,,,2.6,,,,29.006413964994017,20.3
U1392,,2023,WUR 2023,,,2.6,,,,22.1526345493242,20.3
U1392,,2023,WUR 2023,,,2.6,,,,24.14081875648968,20.3
U1392,,2023,WUR 2023,,,2.6,,,,21.705412418739144,20.3
U1392,,2023,WUR 2023,,,2.6,,,,17.20997779422529,20.3
U1392,,2023,WUR 2023,,,2.6,,,,19.88491145208488,20.3
U1392,,2023,WUR 2023,,,2.6,,,,16.844436642582238,20.3
U1392,,2023,WUR 2023,,,2.6,,,,14.210401042301203,20.3
U1392,,2023,WUR 2023,,,2.6,,,,15.06262573119662,20.3
U1392,,2023,WUR 2023,,,2.6,,,,16.635504832291446,20.3
U1392,,2023,WUR 2023,,,2.6,,,,7.70819853141716,20.3
U1392,,2023,WUR 2023,,,2.6,,,,10.257737010756824,20.3
U1392,,2023,WUR 2023,,,2.6,,,,12.715623388297129,20.3
U1392,,2023,WUR 2023,,,2.6,,,,13.869534663513184,20.3
U1392,,2023,WUR 2023,,,2.6,,,,6.146807125772188,20.3
U1392,,2023,WUR 2023,,,2.6,,,,12.013271551458049,20.3
U1392,,2023,WUR 2023,,,2.6,,,,4.31948995228298,20.3
U1392,,2023,WUR 2023,,,2.6,,,,14.647984495642952,20.3
U1392,,2023,WUR 2023,,,2.6,,,,21.04078790243373,20.3
U1392,,2023,WUR 2023,,,2.6,,,,12.360347732600466,20.3
U1392,,2023,WUR 2023,,,2.6,,,,13.933106593924531,20.3
U1392,,2023,WUR 2023,,,2.6,,,,22.456205164243038,20.3
U1392,,2023,WUR 2023,,,2.6,,,,14.884108458641276,20.3
U1392,,2023,WUR 2023,,,2.6,,,,14.175358906529317,20.3
U1392,,2023,WUR 2023,,,2.6,,,,2.945328711444474,20.3
U1392,,2023,WUR 2023,,,2.6,,,,15.149877445256404,20.3
U1392,,2023,WUR 2023,,,2.6,,,,9.937988328617376,20.3
U1392,,2023,WUR 2023,,,2.6,,,,7.4295133641299556,20.3
U1392,,2023,WUR 2023,,,2.6,,,,8.39952199281354,20.3
U1392,,2023,WUR 2023,,,2.6,,,,6.571154201361318,20.3
U1392,,2023,WUR 2023,,,2.6,,,,3.277609582730025,20.3
U1392,,2023,WUR 2023,,,2.6,,,,3.1847189500491737,20.3
U1392,,2023,WUR 2023,,,2.6,,,,6.577730643152531,20.3
U1392,,2023,WUR 2023,,,2.6,,,,3.9478255545891,20.3
U1392,,2023,WUR 2023,,,2.6,,,,6.733954972267687,20.3
U1392,,2023,WUR 2023,,,2.6,,,,12.535658747363703,20.3
U1392,,2023,WUR 2023,,,2.6,,,,4.047134316765368,20.3
U1392,,2023,WUR 2023,,,2.6,,,,9.259582578959762,20.3
U1392,,2023,WUR 2023,,,2.6,,,,5.0147794888344,20.3
U1392,,2023,WUR 2023,,,2.6,,,,6.048745570521993,20.3
U1392,,2023,WUR 2023,,,2.6,,,,3.2088437637489795,20.3
U1392,,2023,WUR 2023,,,2.6,,,,3.833456710089624,20.3
U1392,,2023,WUR 2023,,,2.6,,,,9.782059903657936,20.3
U1392,,2023,WUR 2023,,,2.6,,,,5.158831633617945,20.3
U1392,,2023,WUR 2023,,,2.6,,,,6.656987637310143,20.3
U1392,,2023,WUR 2023,,,2.6,,,,7.980847008957106,20.3
U1392,,2023,WUR 2023,,,2.6,,,,6.152391640490189,20.3
U1392,,2023,WUR 2023,,,2.6,,,,5.302684637660615,20.3
U1392,,2023,WUR 2023,,,2.6,,,,4.124848199841193,20.3
U1392,,2023,WUR 2023,,,2.6,,,,3.813111589693071,20.3
U1392,,2023,WUR 2023,,,2.6,,,,5.302602674557117,20.3
U1392,,2023,WUR 2023,,,2.6,,,,8.157174958216169,20.3
U1392,,2023,WUR 2023,,,2.6,,,,5.076762069949905,20.3
U1392,,2023,WUR 2023,,,2.6,,,,6.288810601252746,20.3
U1392,,2023,WUR 2023,,,2.6,,,,6.328276090764572,20.3
U1392,,2023,WUR 2023,,,2.6,,,,11.75297653654587,20.3
U1392,,2023,WUR 2023,,,2.6,,,,10.117266439246784,20.3
U1392,,2023,WUR 2023,,,2.6,,,,4.437922656063465,20.3
U1392,,2023,WUR 2023,,,2.6,,,,4.710293091892417,20.3
U1392,,2023,WUR 2023,,,2.6,,,,7.085925565335147,20.3
U1392,,2023,WUR 2023,,,2.6,,,,3.355528220457925,20.3
U1392,,2023,WUR 2023,,,2.6,,,,,20.3
U1392,,2023,WUR 2023,,,6.5,,,,51.67418335352436,20.5
U1392,,2023,WUR 2023,,,6.5,,,,47.88418239895532,20.5
U1392,,2023,WUR 2023,,,6.5,,,,43.8055958895228,20.5
U1392,,2023,WUR 2023,,,6.5,,,,43.76365568588358,20.5
U1392,,2023,WUR 2023,,,6.5,,,,40.199930465075184,20.5
U1392,,2023,WUR 2023,,,6.5,,,,28.5527837078826,20.5
U1392,,2023,WUR 2023,,,6.5,,,,33.749021648384776,20.5
U1392,,2023,WUR 2023,,,6.5,,,,27.403396326452484,20.5
U1392,,2023,WUR 2023,,,6.5,,,,31.15712600491052,20.5
U1392,,2023,WUR 2023,,,6.5,,,,29.071708243361048,20.5
U1392,,2023,WUR 2023,,,6.5,,,,30.399950650658432,20.5
U1392,,2023,WUR 2023,,,6.5,,,,35.33147185564629,20.5
U1392,,2023,WUR 2023,,,6.5,,,,33.946773711772735,20.5
U1392,,2023,WUR 2023,,,6.5,,,,24.793802164462853,20.5
U1392,,2023,WUR 2023,,,6.5,,,,26.75785339223952,20.5
U1392,,2023,WUR 2023,,,6.5,,,,28.23732384975655,20.5
U1392,,2023,WUR 2023,,,6.5,,,,25.94141452924313,20.5
U1392,,2023,WUR 2023,,,6.5,,,,29.006413964994017,20.5
U1392,,2023,WUR 2023,,,6.5,,,,22.1526345493242,20.5
U1392,,2023,WUR 2023,,,6.5,,,,24.14081875648968,20.5
U1392,,2023,WUR 2023,,,6.5,,,,21.705412418739144,20.5
U1392,,2023,WUR 2023,,,6.5,,,,17.20997779422529,20.5
U1392,,2023,WUR 2023,,,6.5,,,,19.88491145208488,20.5
U1392,,2023,WUR 2023,,,6.5,,,,16.844436642582238,20.5
U1392,,2023,WUR 2023,,,6.5,,,,14.210401042301203,20.5
U1392,,2023,WUR 2023,,,6.5,,,,15.06262573119662,20.5
U1392,,2023,WUR 2023,,,6.5,,,,16.635504832291446,20.5
U1392,,2023,WUR 2023,,,6.5,,,,7.70819853141716,20.5
U1392,,2023,WUR 2023,,,6.5,,,,10.257737010756824,20.5
U1392,,2023,WUR 2023,,,6.5,,,,12.715623388297129,20.5
U1392,,2023,WUR 2023,,,6.5,,,,13.869534663513184,20.5
U1392,,2023,WUR 2023,,,6.5,,,,6.146807125772188,20.5
U1392,,2023,WUR 2023,,,6.5,,,,12.013271551458049,20.5
U1392,,2023,WUR 2023,,,6.5,,,,4.31948995228298,20.5
U1392,,2023,WUR 2023,,,6.5,,,,14.647984495642952,20.5
U1392,,2023,WUR 2023,,,6.5,,,,21.04078790243373,20.5
U1392,,2023,WUR 2023,,,6.5,,,,12.360347732600466,20.5
U1392,,2023,WUR 2023,,,6.5,,,,13.933106593924531,20.5
U1392,,2023,WUR 2023,,,6.5,,,,22.456205164243038,20.5
U1392,,2023,WUR 2023,,,6.5,,,,14.884108458641276,20.5
U1392,,2023,WUR 2023,,,6.5,,,,14.175358906529317,20.5
U1392,,2023,WUR 2023,,,6.5,,,,2.945328711444474,20.5
U1392,,2023,WUR 2023,,,6.5,,,,15.149877445256404,20.5
U1392,,2023,WUR 2023,,,6.5,,,,9.937988328617376,20.5
U1392,,2023,WUR 2023,,,6.5,,,,7.4295133641299556,20.5
U1392,,2023,WUR 2023,,,6.5,,,,8.39952199281354,20.5
U1392,,2023,WUR 2023,,,6.5,,,,6.571154201361318,20.5
U1392,,2023,WUR 2023,,,6.5,,,,3.277609582730025,20.5
U1392,,2023,WUR 2023,,,6.5,,,,3.1847189500491737,20.5
U1392,,2023,WUR 2023,,,6.5,,,,6.577730643152531,20.5
U1392,,2023,WUR 2023,,,6.5,,,,3.9478255545891,20.5
U1392,,2023,WUR 2023,,,6.5,,,,6.733954972267687,20.5
U1392,,2023,WUR 2023,,,6.5,,,,12.535658747363703,20.5
U1392,,2023,WUR 2023,,,6.5,,,,4.047134316765368,20.5
U1392,,2023,WUR 2023,,,6.5,,,,9.259582578959762,20.5
U1392,,2023,WUR 2023,,,6.5,,,,5.0147794888344,20.5
U1392,,2023,WUR 2023,,,6.5,,,,6.048745570521993,20.5
U1392,,2023,WUR 2023,,,6.5,,,,3.2088437637489795,20.5
U1392,,2023,WUR 2023,,,6.5,,,,3.833456710089624,20.5
U1392,,2023,WUR 2023,,,6.5,,,,9.782059903657936,20.5
U1392,,2023,WUR 2023,,,6.5,,,,5.158831633617945,20.5
U1392,,2023,WUR 2023,,,6.5,,,,6.656987637310143,20.5
U1392,,2023,WUR 2023,,,6.5,,,,7.980847008957106,20.5
U1392,,2023,WUR 2023,,,6.5,,,,6.152391640490189,20.5
U1392,,2023,WUR 2023,,,6.5,,,,5.302684637660615,20.5
U1392,,2023,WUR 2023,,,6.5,,,,4.124848199841193,20.5
U1392,,2023,WUR 2023,,,6.5,,,,3.813111589693071,20.5
U1392,,2023,WUR 2023,,,6.5,,,,5.302602674557117,20.5
U1392,,2023,WUR 2023,,,6.5,,,,8.157174958216169,20.5
U1392,,2023,WUR 2023,,,6.5,,,,5.076762069949905,20.5
U1392,,2023,WUR 2023,,,6.5,,,,6.288810601252746,20.5
U1392,,2023,WUR 2023,,,6.5,,,,6.328276090764572,20.5
U1392,,2023,WUR 2023,,,6.5,,,,11.75297653654587,20.5
U1392,,2023,WUR 2023,,,6.5,,,,10.117266439246784,20.5
U1392,,2023,WUR 2023,,,6.5,,,,4.437922656063465,20.5
U1392,,2023,WUR 2023,,,6.5,,,,4.710293091892417,20.5
U1392,,2023,WUR 2023,,,6.5,,,,7.085925565335147,20.5
U1392,,2023,WUR 2023,,,6.5,,,,3.355528220457925,20.5
U1392,,2023,WUR 2023,,,6.5,,,,,20.5
U1392,,2023,WUR 2023,,,2.9,,,,51.67418335352436,19.7
U1392,,2023,WUR 2023,,,2.9,,,,47.88418239895532,19.7
U1392,,2023,WUR 2023,,,2.9,,,,43.8055958895228,19.7
U1392,,2023,WUR 2023,,,2.9,,,,43.76365568588358,19.7
U1392,,2023,WUR 2023,,,2.9,,,,40.199930465075184,19.7
U1392,,2023,WUR 2023,,,2.9,,,,28.5527837078826,19.7
U1392,,2023,WUR 2023,,,2.9,,,,33.749021648384776,19.7
U1392,,2023,WUR 2023,,,2.9,,,,27.403396326452484,19.7
U1392,,2023,WUR 2023,,,2.9,,,,31.15712600491052,19.7
U1392,,2023,WUR 2023,,,2.9,,,,29.071708243361048,19.7
U1392,,2023,WUR 2023,,,2.9,,,,30.399950650658432,19.7
U1392,,2023,WUR 2023,,,2.9,,,,35.33147185564629,19.7
U1392,,2023,WUR 2023,,,2.9,,,,33.946773711772735,19.7
U1392,,2023,WUR 2023,,,2.9,,,,24.793802164462853,19.7
U1392,,2023,WUR 2023,,,2.9,,,,26.75785339223952,19.7
U1392,,2023,WUR 2023,,,2.9,,,,28.23732384975655,19.7
U1392,,2023,WUR 2023,,,2.9,,,,25.94141452924313,19.7
U1392,,2023,WUR 2023,,,2.9,,,,29.006413964994017,19.7
U1392,,2023,WUR 2023,,,2.9,,,,22.1526345493242,19.7
U1392,,2023,WUR 2023,,,2.9,,,,24.14081875648968,19.7
U1392,,2023,WUR 2023,,,2.9,,,,21.705412418739144,19.7
U1392,,2023,WUR 2023,,,2.9,,,,17.20997779422529,19.7
U1392,,2023,WUR 2023,,,2.9,,,,19.88491145208488,19.7
U1392,,2023,WUR 2023,,,2.9,,,,16.844436642582238,19.7
U1392,,2023,WUR 2023,,,2.9,,,,14.210401042301203,19.7
U1392,,2023,WUR 2023,,,2.9,,,,15.06262573119662,19.7
U1392,,2023,WUR 2023,,,2.9,,,,16.635504832291446,19.7
U1392,,2023,WUR 2023,,,2.9,,,,7.70819853141716,19.7
U1392,,2023,WUR 2023,,,2.9,,,,10.257737010756824,19.7
U1392,,2023,WUR 2023,,,2.9,,,,12.715623388297129,19.7
U1392,,2023,WUR 2023,,,2.9,,,,13.869534663513184,19.7
U1392,,2023,WUR 2023,,,2.9,,,,6.146807125772188,19.7
U1392,,2023,WUR 2023,,,2.9,,,,12.013271551458049,19.7
U1392,,2023,WUR 2023,,,2.9,,,,4.31948995228298,19.7
U1392,,2023,WUR 2023,,,2.9,,,,14.647984495642952,19.7
U1392,,2023,WUR 2023,,,2.9,,,,21.04078790243373,19.7
U1392,,2023,WUR 2023,,,2.9,,,,12.360347732600466,19.7
U1392,,2023,WUR 2023,,,2.9,,,,13.933106593924531,19.7
U1392,,2023,WUR 2023,,,2.9,,,,22.456205164243038,19.7
U1392,,2023,WUR 2023,,,2.9,,,,14.884108458641276,19.7
U1392,,2023,WUR 2023,,,2.9,,,,14.175358906529317,19.7
U1392,,2023,WUR 2023,,,2.9,,,,2.945328711444474,19.7
U1392,,2023,WUR 2023,,,2.9,,,,15.149877445256404,19.7
U1392,,2023,WUR 2023,,,2.9,,,,9.937988328617376,19.7
U1392,,2023,WUR 2023,,,2.9,,,,7.4295133641299556,19.7
U1392,,2023,WUR 2023,,,2.9,,,,8.39952199281354,19.7
U1392,,2023,WUR 2023,,,2.9,,,,6.571154201361318,19.7
U1392,,2023,WUR 2023,,,2.9,,,,3.277609582730025,19.7
U1392,,2023,WUR 2023,,,2.9,,,,3.1847189500491737,19.7
U1392,,2023,WUR 2023,,,2.9,,,,6.577730643152531,19.7
U1392,,2023,WUR 2023,,,2.9,,,,3.9478255545891,19.7
U1392,,2023,WUR 2023,,,2.9,,,,6.733954972267687,19.7
U1392,,2023,WUR 2023,,,2.9,,,,12.535658747363703,19.7
U1392,,2023,WUR 2023,,,2.9,,,,4.047134316765368,19.7
U1392,,2023,WUR 2023,,,2.9,,,,9.259582578959762,19.7
U1392,,2023,WUR 2023,,,2.9,,,,5.0147794888344,19.7
U1392,,2023,WUR 2023,,,2.9,,,,6.048745570521993,19.7
U1392,,2023,WUR 2023,,,2.9,,,,3.2088437637489795,19.7
U1392,,2023,WUR 2023,,,2.9,,,,3.833456710089624,19.7
U1392,,2023,WUR 2023,,,2.9,,,,9.782059903657936,19.7
U1392,,2023,WUR 2023,,,2.9,,,,5.158831633617945,19.7
U1392,,2023,WUR 2023,,,2.9,,,,6.656987637310143,19.7
U1392,,2023,WUR 2023,,,2.9,,,,7.980847008957106,19.7
U1392,,2023,WUR 2023,,,2.9,,,,6.152391640490189,19.7
U1392,,2023,WUR 2023,,,2.9,,,,5.302684637660615,19.7
U1392,,2023,WUR 2023,,,2.9,,,,4.124848199841193,19.7
U1392,,2023,WUR 2023,,,2.9,,,,3.813111589693071,19.7
U1392,,2023,WUR 2023,,,2.9,,,,5.302602674557117,19.7
U1392,,2023,WUR 2023,,,2.9,,,,8.157174958216169,19.7
U1392,,2023,WUR 2023,,,2.9,,,,5.076762069949905,19.7
U1392,,2023,WUR 2023,,,2.9,,,,6.288810601252746,19.7
U1392,,2023,WUR 2023,,,2.9,,,,6.328276090764572,19.7
U1392,,2023,WUR 2023,,,2.9,,,,11.75297653654587,19.7
U1392,,2023,WUR 2023,,,2.9,,,,10.117266439246784,19.7
U1392,,2023,WUR 2023,,,2.9,,,,4.437922656063465,19.7
U1392,,2023,WUR 2023,,,2.9,,,,4.710293091892417,19.7
U1392,,2023,WUR 2023,,,2.9,,,,7.085925565335147,19.7
U1392,,2023,WUR 2023,,,2.9,,,,3.355528220457925,19.7
U1392,,2023,WUR 2023,,,2.9,,,,,19.7
U1392,,2023,WUR 2023,,,8.9,,,,51.67418335352436,27.8
U1392,,2023,WUR 2023,,,8.9,,,,47.88418239895532,27.8
U1392,,2023,WUR 2023,,,8.9,,,,43.8055958895228,27.8
U1392,,2023,WUR 2023,,,8.9,,,,43.76365568588358,27.8
U1392,,2023,WUR 2023,,,8.9,,,,40.199930465075184,27.8
U1392,,2023,WUR 2023,,,8.9,,,,28.5527837078826,27.8
U1392,,2023,WUR 2023,,,8.9,,,,33.749021648384776,27.8
U1392,,2023,WUR 2023,,,8.9,,,,27.403396326452484,27.8
U1392,,2023,WUR 2023,,,8.9,,,,31.15712600491052,27.8
U1392,,2023,WUR 2023,,,8.9,,,,29.071708243361048,27.8
U1392,,2023,WUR 2023,,,8.9,,,,30.399950650658432,27.8
U1392,,2023,WUR 2023,,,8.9,,,,35.33147185564629,27.8
U1392,,2023,WUR 2023,,,8.9,,,,33.946773711772735,27.8
U1392,,2023,WUR 2023,,,8.9,,,,24.793802164462853,27.8
U1392,,2023,WUR 2023,,,8.9,,,,26.75785339223952,27.8
U1392,,2023,WUR 2023,,,8.9,,,,28.23732384975655,27.8
U1392,,2023,WUR 2023,,,8.9,,,,25.94141452924313,27.8
U1392,,2023,WUR 2023,,,8.9,,,,29.006413964994017,27.8
U1392,,2023,WUR 2023,,,8.9,,,,22.1526345493242,27.8
U1392,,2023,WUR 2023,,,8.9,,,,24.14081875648968,27.8
U1392,,2023,WUR 2023,,,8.9,,,,21.705412418739144,27.8
U1392,,2023,WUR 2023,,,8.9,,,,17.20997779422529,27.8
U1392,,2023,WUR 2023,,,8.9,,,,19.88491145208488,27.8
U1392,,2023,WUR 2023,,,8.9,,,,16.844436642582238,27.8
U1392,,2023,WUR 2023,,,8.9,,,,14.210401042301203,27.8
U1392,,2023,WUR 2023,,,8.9,,,,15.06262573119662,27.8
U1392,,2023,WUR 2023,,,8.9,,,,16.635504832291446,27.8
U1392,,2023,WUR 2023,,,8.9,,,,7.70819853141716,27.8
U1392,,2023,WUR 2023,,,8.9,,,,10.257737010756824,27.8
U1392,,2023,WUR 2023,,,8.9,,,,12.715623388297129,27.8
U1392,,2023,WUR 2023,,,8.9,,,,13.869534663513184,27.8
U1392,,2023,WUR 2023,,,8.9,,,,6.146807125772188,27.8
U1392,,2023,WUR 2023,,,8.9,,,,12.013271551458049,27.8
U1392,,2023,WUR 2023,,,8.9,,,,4.31948995228298,27.8
U1392,,2023,WUR 2023,,,8.9,,,,14.647984495642952,27.8
U1392,,2023,WUR 2023,,,8.9,,,,21.04078790243373,27.8
U1392,,2023,WUR 2023,,,8.9,,,,12.360347732600466,27.8
U1392,,2023,WUR 2023,,,8.9,,,,13.933106593924531,27.8
U1392,,2023,WUR 2023,,,8.9,,,,22.456205164243038,27.8
U1392,,2023,WUR 2023,,,8.9,,,,14.884108458641276,27.8
U1392,,2023,WUR 2023,,,8.9,,,,14.175358906529317,27.8
U1392,,2023,WUR 2023,,,8.9,,,,2.945328711444474,27.8
U1392,,2023,WUR 2023,,,8.9,,,,15.149877445256404,27.8
U1392,,2023,WUR 2023,,,8.9,,,,9.937988328617376,27.8
U1392,,2023,WUR 2023,,,8.9,,,,7.4295133641299556,27.8
U1392,,2023,WUR 2023,,,8.9,,,,8.39952199281354,27.8
U1392,,2023,WUR 2023,,,8.9,,,,6.571154201361318,27.8
U1392,,2023,WUR 2023,,,8.9,,,,3.277609582730025,27.8
U1392,,2023,WUR 2023,,,8.9,,,,3.1847189500491737,27.8
U1392,,2023,WUR 2023,,,8.9,,,,6.577730643152531,27.8
U1392,,2023,WUR 2023,,,8.9,,,,3.9478255545891,27.8
U1392,,2023,WUR 2023,,,8.9,,,,6.733954972267687,27.8
U1392,,2023,WUR 2023,,,8.9,,,,12.535658747363703,27.8
U1392,,2023,WUR 2023,,,8.9,,,,4.047134316765368,27.8
U1392,,2023,WUR 2023,,,8.9,,,,9.259582578959762,27.8
U1392,,2023,WUR 2023,,,8.9,,,,5.0147794888344,27.8
U1392,,2023,WUR 2023,,,8.9,,,,6.048745570521993,27.8
U1392,,2023,WUR 2023,,,8.9,,,,3.2088437637489795,27.8
U1392,,2023,WUR 2023,,,8.9,,,,3.833456710089624,27.8
U1392,,2023,WUR 2023,,,8.9,,,,9.782059903657936,27.8
U1392,,2023,WUR 2023,,,8.9,,,,5.158831633617945,27.8
U1392,,2023,WUR 2023,,,8.9,,,,6.656987637310143,27.8
U1392,,2023,WUR 2023,,,8.9,,,,7.980847008957106,27.8
U1392,,2023,WUR 2023,,,8.9,,,,6.152391640490189,27.8
U1392,,2023,WUR 2023,,,8.9,,,,5.302684637660615,27.8
U1392,,2023,WUR 2023,,,8.9,,,,4.124848199841193,27.8
U1392,,2023,WUR 2023,,,8.9,,,,3.813111589693071,27.8
U1392,,2023,WUR 2023,,,8.9,,,,5.302602674557117,27.8
U1392,,2023,WUR 2023,,,8.9,,,,8.157174958216169,27.8
U1392,,2023,WUR 2023,,,8.9,,,,5.076762069949905,27.8
U1392,,2023,WUR 2023,,,8.9,,,,6.288810601252746,27.8
U1392,,2023,WUR 2023,,,8.9,,,,6.328276090764572,27.8
U1392,,2023,WUR 2023,,,8.9,,,,11.75297653654587,27.8
U1392,,2023,WUR 2023,,,8.9,,,,10.117266439246784,27.8
U1392,,2023,WUR 2023,,,8.9,,,,4.437922656063465,27.8
U1392,,2023,WUR 2023,,,8.9,,,,4.710293091892417,27.8
U1392,,2023,WUR 2023,,,8.9,,,,7.085925565335147,27.8
U1392,,2023,WUR 2023,,,8.9,,,,3.355528220457925,27.8
U1392,,2023,WUR 2023,,,8.9,,,,,27.8
U1392,,2023,WUR 2023,,,9.6,,,,51.67418335352436,34.8
U1392,,2023,WUR 2023,,,9.6,,,,47.88418239895532,34.8
U1392,,2023,WUR 2023,,,9.6,,,,43.8055958895228,34.8
U1392,,2023,WUR 2023,,,9.6,,,,43.76365568588358,34.8
U1392,,2023,WUR 2023,,,9.6,,,,40.199930465075184,34.8
U1392,,2023,WUR 2023,,,9.6,,,,28.5527837078826,34.8
U1392,,2023,WUR 2023,,,9.6,,,,33.749021648384776,34.8
U1392,,2023,WUR 2023,,,9.6,,,,27.403396326452484,34.8
U1392,,2023,WUR 2023,,,9.6,,,,31.15712600491052,34.8
U1392,,2023,WUR 2023,,,9.6,,,,29.071708243361048,34.8
U1392,,2023,WUR 2023,,,9.6,,,,30.399950650658432,34.8
U1392,,2023,WUR 2023,,,9.6,,,,35.33147185564629,34.8
U1392,,2023,WUR 2023,,,9.6,,,,33.946773711772735,34.8
U1392,,2023,WUR 2023,,,9.6,,,,24.793802164462853,34.8
U1392,,2023,WUR 2023,,,9.6,,,,26.75785339223952,34.8
U1392,,2023,WUR 2023,,,9.6,,,,28.23732384975655,34.8
U1392,,2023,WUR 2023,,,9.6,,,,25.94141452924313,34.8
U1392,,2023,WUR 2023,,,9.6,,,,29.006413964994017,34.8
U1392,,2023,WUR 2023,,,9.6,,,,22.1526345493242,34.8
U1392,,2023,WUR 2023,,,9.6,,,,24.14081875648968,34.8
U1392,,2023,WUR 2023,,,9.6,,,,21.705412418739144,34.8
U1392,,2023,WUR 2023,,,9.6,,,,17.20997779422529,34.8
U1392,,2023,WUR 2023,,,9.6,,,,19.88491145208488,34.8
U1392,,2023,WUR 2023,,,9.6,,,,16.844436642582238,34.8
U1392,,2023,WUR 2023,,,9.6,,,,14.210401042301203,34.8
U1392,,2023,WUR 2023,,,9.6,,,,15.06262573119662,34.8
U1392,,2023,WUR 2023,,,9.6,,,,16.635504832291446,34.8
U1392,,2023,WUR 2023,,,9.6,,,,7.70819853141716,34.8
U1392,,2023,WUR 2023,,,9.6,,,,10.257737010756824,34.8
U1392,,2023,WUR 2023,,,9.6,,,,12.715623388297129,34.8
U1392,,2023,WUR 2023,,,9.6,,,,13.869534663513184,34.8
U1392,,2023,WUR 2023,,,9.6,,,,6.146807125772188,34.8
U1392,,2023,WUR 2023,,,9.6,,,,12.013271551458049,34.8
U1392,,2023,WUR 2023,,,9.6,,,,4.31948995228298,34.8
U1392,,2023,WUR 2023,,,9.6,,,,14.647984495642952,34.8
U1392,,2023,WUR 2023,,,9.6,,,,21.04078790243373,34.8
U1392,,2023,WUR 2023,,,9.6,,,,12.360347732600466,34.8
U1392,,2023,WUR 2023,,,9.6,,,,13.933106593924531,34.8
U1392,,2023,WUR 2023,,,9.6,,,,22.456205164243038,34.8
U1392,,2023,WUR 2023,,,9.6,,,,14.884108458641276,34.8
U1392,,2023,WUR 2023,,,9.6,,,,14.175358906529317,34.8
U1392,,2023,WUR 2023,,,9.6,,,,2.945328711444474,34.8
U1392,,2023,WUR 2023,,,9.6,,,,15.149877445256404,34.8
U1392,,2023,WUR 2023,,,9.6,,,,9.937988328617376,34.8
U1392,,2023,WUR 2023,,,9.6,,,,7.4295133641299556,34.8
U1392,,2023,WUR 2023,,,9.6,,,,8.39952199281354,34.8
U1392,,2023,WUR 2023,,,9.6,,,,6.571154201361318,34.8
U1392,,2023,WUR 2023,,,9.6,,,,3.277609582730025,34.8
U1392,,2023,WUR 2023,,,9.6,,,,3.1847189500491737,34.8
U1392,,2023,WUR 2023,,,9.6,,,,6.577730643152531,34.8
U1392,,2023,WUR 2023,,,9.6,,,,3.9478255545891,34.8
U1392,,2023,WUR 2023,,,9.6,,,,6.733954972267687,34.8
U1392,,2023,WUR 2023,,,9.6,,,,12.535658747363703,34.8
U1392,,2023,WUR 2023,,,9.6,,,,4.047134316765368,34.8
U1392,,2023,WUR 2023,,,9.6,,,,9.259582578959762,34.8
U1392,,2023,WUR 2023,,,9.6,,,,5.0147794888344,34.8
U1392,,2023,WUR 2023,,,9.6,,,,6.048745570521993,34.8
U1392,,2023,WUR 2023,,,9.6,,,,3.2088437637489795,34.8
U1392,,2023,WUR 2023,,,9.6,,,,3.833456710089624,34.8
U1392,,2023,WUR 2023,,,9.6,,,,9.782059903657936,34.8
U1392,,2023,WUR 2023,,,9.6,,,,5.158831633617945,34.8
U1392,,2023,WUR 2023,,,9.6,,,,6.656987637310143,34.8
U1392,,2023,WUR 2023,,,9.6,,,,7.980847008957106,34.8
U1392,,2023,WUR 2023,,,9.6,,,,6.152391640490189,34.8
U1392,,2023,WUR 2023,,,9.6,,,,5.302684637660615,34.8
U1392,,2023,WUR 2023,,,9.6,,,,4.124848199841193,34.8
U1392,,2023,WUR 2023,,,9.6,,,,3.813111589693071,34.8
U1392,,2023,WUR 2023,,,9.6,,,,5.302602674557117,34.8
U1392,,2023,WUR 2023,,,9.6,,,,8.157174958216169,34.8
U1392,,2023,WUR 2023,,,9.6,,,,5.076762069949905,34.8
U1392,,2023,WUR 2023,,,9.6,,,,6.288810601252746,34.8
U1392,,2023,WUR 2023,,,9.6,,,,6.328276090764572,34.8
U1392,,2023,WUR 2023,,,9.6,,,,11.75297653654587,34.8
U1392,,2023,WUR 2023,,,9.6,,,,10.117266439246784,34.8
U1392,,2023,WUR 2023,,,9.6,,,,4.437922656063465,34.8
U1392,,2023,WUR 2023,,,9.6,,,,4.710293091892417,34.8
U1392,,2023,WUR 2023,,,9.6,,,,7.085925565335147,34.8
U1392,,2023,WUR 2023,,,9.6,,,,3.355528220457925,34.8
U1392,,2023,WUR 2023,,,9.6,,,,,34.8
U1392,,2023,WUR 2023,,,6.4,,,,51.67418335352436,20.0
U1392,,2023,WUR 2023,,,6.4,,,,47.88418239895532,20.0
U1392,,2023,WUR 2023,,,6.4,,,,43.8055958895228,20.0
U1392,,2023,WUR 2023,,,6.4,,,,43.76365568588358,20.0
U1392,,2023,WUR 2023,,,6.4,,,,40.199930465075184,20.0
U1392,,2023,WUR 2023,,,6.4,,,,28.5527837078826,20.0
U1392,,2023,WUR 2023,,,6.4,,,,33.749021648384776,20.0
U1392,,2023,WUR 2023,,,6.4,,,,27.403396326452484,20.0
U1392,,2023,WUR 2023,,,6.4,,,,31.15712600491052,20.0
U1392,,2023,WUR 2023,,,6.4,,,,29.071708243361048,20.0
U1392,,2023,WUR 2023,,,6.4,,,,30.399950650658432,20.0
U1392,,2023,WUR 2023,,,6.4,,,,35.33147185564629,20.0
U1392,,2023,WUR 2023,,,6.4,,,,33.946773711772735,20.0
U1392,,2023,WUR 2023,,,6.4,,,,24.793802164462853,20.0
U1392,,2023,WUR 2023,,,6.4,,,,26.75785339223952,20.0
U1392,,2023,WUR 2023,,,6.4,,,,28.23732384975655,20.0
U1392,,2023,WUR 2023,,,6.4,,,,25.94141452924313,20.0
U1392,,2023,WUR 2023,,,6.4,,,,29.006413964994017,20.0
U1392,,2023,WUR 2023,,,6.4,,,,22.1526345493242,20.0
U1392,,2023,WUR 2023,,,6.4,,,,24.14081875648968,20.0
U1392,,2023,WUR 2023,,,6.4,,,,21.705412418739144,20.0
U1392,,2023,WUR 2023,,,6.4,,,,17.20997779422529,20.0
U1392,,2023,WUR 2023,,,6.4,,,,19.88491145208488,20.0
U1392,,2023,WUR 2023,,,6.4,,,,16.844436642582238,20.0
U1392,,2023,WUR 2023,,,6.4,,,,14.210401042301203,20.0
U1392,,2023,WUR 2023,,,6.4,,,,15.06262573119662,20.0
U1392,,2023,WUR 2023,,,6.4,,,,16.635504832291446,20.0
U1392,,2023,WUR 2023,,,6.4,,,,7.70819853141716,20.0
U1392,,2023,WUR 2023,,,6.4,,,,10.257737010756824,20.0
U1392,,2023,WUR 2023,,,6.4,,,,12.715623388297129,20.0
U1392,,2023,WUR 2023,,,6.4,,,,13.869534663513184,20.0
U1392,,2023,WUR 2023,,,6.4,,,,6.146807125772188,20.0
U1392,,2023,WUR 2023,,,6.4,,,,12.013271551458049,20.0
U1392,,2023,WUR 2023,,,6.4,,,,4.31948995228298,20.0
U1392,,2023,WUR 2023,,,6.4,,,,14.647984495642952,20.0
U1392,,2023,WUR 2023,,,6.4,,,,21.04078790243373,20.0
U1392,,2023,WUR 2023,,,6.4,,,,12.360347732600466,20.0
U1392,,2023,WUR 2023,,,6.4,,,,13.933106593924531,20.0
U1392,,2023,WUR 2023,,,6.4,,,,22.456205164243038,20.0
U1392,,2023,WUR 2023,,,6.4,,,,14.884108458641276,20.0
U1392,,2023,WUR 2023,,,6.4,,,,14.175358906529317,20.0
U1392,,2023,WUR 2023,,,6.4,,,,2.945328711444474,20.0
U1392,,2023,WUR 2023,,,6.4,,,,15.149877445256404,20.0
U1392,,2023,WUR 2023,,,6.4,,,,9.937988328617376,20.0
U1392,,2023,WUR 2023,,,6.4,,,,7.4295133641299556,20.0
U1392,,2023,WUR 2023,,,6.4,,,,8.39952199281354,20.0
U1392,,2023,WUR 2023,,,6.4,,,,6.571154201361318,20.0
U1392,,2023,WUR 2023,,,6.4,,,,3.277609582730025,20.0
U1392,,2023,WUR 2023,,,6.4,,,,3.1847189500491737,20.0
U1392,,2023,WUR 2023,,,6.4,,,,6.577730643152531,20.0
U1392,,2023,WUR 2023,,,6.4,,,,3.9478255545891,20.0
U1392,,2023,WUR 2023,,,6.4,,,,6.733954972267687,20.0
U1392,,2023,WUR 2023,,,6.4,,,,12.535658747363703,20.0
U1392,,2023,WUR 2023,,,6.4,,,,4.047134316765368,20.0
U1392,,2023,WUR 2023,,,6.4,,,,9.259582578959762,20.0
U1392,,2023,WUR 2023,,,6.4,,,,5.0147794888344,20.0
U1392,,2023,WUR 2023,,,6.4,,,,6.048745570521993,20.0
U1392,,2023,WUR 2023,,,6.4,,,,3.2088437637489795,20.0
U1392,,2023,WUR 2023,,,6.4,,,,3.833456710089624,20.0
U1392,,2023,WUR 2023,,,6.4,,,,9.782059903657936,20.0
U1392,,2023,WUR 2023,,,6.4,,,,5.158831633617945,20.0
U1392,,2023,WUR 2023,,,6.4,,,,6.656987637310143,20.0
U1392,,2023,WUR 2023,,,6.4,,,,7.980847008957106,20.0
U1392,,2023,WUR 2023,,,6.4,,,,6.152391640490189,20.0
U1392,,2023,WUR 2023,,,6.4,,,,5.302684637660615,20.0
U1392,,2023,WUR 2023,,,6.4,,,,4.124848199841193,20.0
U1392,,2023,WUR 2023,,,6.4,,,,3.813111589693071,20.0
U1392,,2023,WUR 2023,,,6.4,,,,5.302602674557117,20.0
U1392,,2023,WUR 2023,,,6.4,,,,8.157174958216169,20.0
U1392,,2023,WUR 2023,,,6.4,,,,5.076762069949905,20.0
U1392,,2023,WUR 2023,,,6.4,,,,6.288810601252746,20.0
U1392,,2023,WUR 2023,,,6.4,,,,6.328276090764572,20.0
U1392,,2023,WUR 2023,,,6.4,,,,11.75297653654587,20.0
U1392,,2023,WUR 2023,,,6.4,,,,10.117266439246784,20.0
U1392,,2023,WUR 2023,,,6.4,,,,4.437922656063465,20.0
U1392,,2023,WUR 2023,,,6.4,,,,4.710293091892417,20.0
U1392,,2023,WUR 2023,,,6.4,,,,7.085925565335147,20.0
U1392,,2023,WUR 2023,,,6.4,,,,3.355528220457925,20.0
U1392,,2023,WUR 2023,,,6.4,,,,,20.0
U1392,,2023,WUR 2023,,,16.5,,,,51.67418335352436,29.7
U1392,,2023,WUR 2023,,,16.5,,,,47.88418239895532,29.7
U1392,,2023,WUR 2023,,,16.5,,,,43.8055958895228,29.7
U1392,,2023,WUR 2023,,,16.5,,,,43.76365568588358,29.7
U1392,,2023,WUR 2023,,,16.5,,,,40.199930465075184,29.7
U1392,,2023,WUR 2023,,,16.5,,,,28.5527837078826,29.7
U1392,,2023,WUR 2023,,,16.5,,,,33.749021648384776,29.7
U1392,,2023,WUR 2023,,,16.5,,,,27.403396326452484,29.7
U1392,,2023,WUR 2023,,,16.5,,,,31.15712600491052,29.7
U1392,,2023,WUR 2023,,,16.5,,,,29.071708243361048,29.7
U1392,,2023,WUR 2023,,,16.5,,,,30.399950650658432,29.7
U1392,,2023,WUR 2023,,,16.5,,,,35.33147185564629,29.7
U1392,,2023,WUR 2023,,,16.5,,,,33.946773711772735,29.7
U1392,,2023,WUR 2023,,,16.5,,,,24.793802164462853,29.7
U1392,,2023,WUR 2023,,,16.5,,,,26.75785339223952,29.7
U1392,,2023,WUR 2023,,,16.5,,,,28.23732384975655,29.7
U1392,,2023,WUR 2023,,,16.5,,,,25.94141452924313,29.7
U1392,,2023,WUR 2023,,,16.5,,,,29.006413964994017,29.7
U1392,,2023,WUR 2023,,,16.5,,,,22.1526345493242,29.7
U1392,,2023,WUR 2023,,,16.5,,,,24.14081875648968,29.7
U1392,,2023,WUR 2023,,,16.5,,,,21.705412418739144,29.7
U1392,,2023,WUR 2023,,,16.5,,,,17.20997779422529,29.7
U1392,,2023,WUR 2023,,,16.5,,,,19.88491145208488,29.7
U1392,,2023,WUR 2023,,,16.5,,,,16.844436642582238,29.7
U1392,,2023,WUR 2023,,,16.5,,,,14.210401042301203,29.7
U1392,,2023,WUR 2023,,,16.5,,,,15.06262573119662,29.7
U1392,,2023,WUR 2023,,,16.5,,,,16.635504832291446,29.7
U1392,,2023,WUR 2023,,,16.5,,,,7.70819853141716,29.7
U1392,,2023,WUR 2023,,,16.5,,,,10.257737010756824,29.7
U1392,,2023,WUR 2023,,,16.5,,,,12.715623388297129,29.7
U1392,,2023,WUR 2023,,,16.5,,,,13.869534663513184,29.7
U1392,,2023,WUR 2023,,,16.5,,,,6.146807125772188,29.7
U1392,,2023,WUR 2023,,,16.5,,,,12.013271551458049,29.7
U1392,,2023,WUR 2023,,,16.5,,,,4.31948995228298,29.7
U1392,,2023,WUR 2023,,,16.5,,,,14.647984495642952,29.7
U1392,,2023,WUR 2023,,,16.5,,,,21.04078790243373,29.7
U1392,,2023,WUR 2023,,,16.5,,,,12.360347732600466,29.7
U1392,,2023,WUR 2023,,,16.5,,,,13.933106593924531,29.7
U1392,,2023,WUR 2023,,,16.5,,,,22.456205164243038,29.7
U1392,,2023,WUR 2023,,,16.5,,,,14.884108458641276,29.7
U1392,,2023,WUR 2023,,,16.5,,,,14.175358906529317,29.7
U1392,,2023,WUR 2023,,,16.5,,,,2.945328711444474,29.7
U1392,,2023,WUR 2023,,,16.5,,,,15.149877445256404,29.7
U1392,,2023,WUR 2023,,,16.5,,,,9.937988328617376,29.7
U1392,,2023,WUR 2023,,,16.5,,,,7.4295133641299556,29.7
U1392,,2023,WUR 2023,,,16.5,,,,8.39952199281354,29.7
U1392,,2023,WUR 2023,,,16.5,,,,6.571154201361318,29.7
U1392,,2023,WUR 2023,,,16.5,,,,3.277609582730025,29.7
U1392,,2023,WUR 2023,,,16.5,,,,3.1847189500491737,29.7
U1392,,2023,WUR 2023,,,16.5,,,,6.577730643152531,29.7
U1392,,2023,WUR 2023,,,16.5,,,,3.9478255545891,29.7
U1392,,2023,WUR 2023,,,16.5,,,,6.733954972267687,29.7
U1392,,2023,WUR 2023,,,16.5,,,,12.535658747363703,29.7
U1392,,2023,WUR 2023,,,16.5,,,,4.047134316765368,29.7
U1392,,2023,WUR 2023,,,16.5,,,,9.259582578959762,29.7
U1392,,2023,WUR 2023,,,16.5,,,,5.0147794888344,29.7
U1392,,2023,WUR 2023,,,16.5,,,,6.048745570521993,29.7
U1392,,2023,WUR 2023,,,16.5,,,,3.2088437637489795,29.7
U1392,,2023,WUR 2023,,,16.5,,,,3.833456710089624,29.7
U1392,,2023,WUR 2023,,,16.5,,,,9.782059903657936,29.7
U1392,,2023,WUR 2023,,,16.5,,,,5.158831633617945,29.7
U1392,,2023,WUR 2023,,,16.5,,,,6.656987637310143,29.7
U1392,,2023,WUR 2023,,,16.5,,,,7.980847008957106,29.7
U1392,,2023,WUR 2023,,,16.5,,,,6.152391640490189,29.7
U1392,,2023,WUR 2023,,,16.5,,,,5.302684637660615,29.7
U1392,,2023,WUR 2023,,,16.5,,,,4.124848199841193,29.7
U1392,,2023,WUR 2023,,,16.5,,,,3.813111589693071,29.7
U1392,,2023,WUR 2023,,,16.5,,,,5.302602674557117,29.7
U1392,,2023,WUR 2023,,,16.5,,,,8.157174958216169,29.7
U1392,,2023,WUR 2023,,,16.5,,,,5.076762069949905,29.7
U1392,,2023,WUR 2023,,,16.5,,,,6.288810601252746,29.7
U1392,,2023,WUR 2023,,,16.5,,,,6.328276090764572,29.7
U1392,,2023,WUR 2023,,,16.5,,,,11.75297653654587,29.7
U1392,,2023,WUR 2023,,,16.5,,,,10.117266439246784,29.7
U1392,,2023,WUR 2023,,,16.5,,,,4.437922656063465,29.7
U1392,,2023,WUR 2023,,,16.5,,,,4.710293091892417,29.7
U1392,,2023,WUR 2023,,,16.5,,,,7.085925565335147,29.7
U1392,,2023,WUR 2023,,,16.5,,,,3.355528220457925,29.7
U1392,,2023,WUR 2023,,,16.5,,,,,29.7
U1392,,2023,WUR 2023,,,6.0,,,,51.67418335352436,23.5
U1392,,2023,WUR 2023,,,6.0,,,,47.88418239895532,23.5
U1392,,2023,WUR 2023,,,6.0,,,,43.8055958895228,23.5
U1392,,2023,WUR 2023,,,6.0,,,,43.76365568588358,23.5
U1392,,2023,WUR 2023,,,6.0,,,,40.199930465075184,23.5
U1392,,2023,WUR 2023,,,6.0,,,,28.5527837078826,23.5
U1392,,2023,WUR 2023,,,6.0,,,,33.749021648384776,23.5
U1392,,2023,WUR 2023,,,6.0,,,,27.403396326452484,23.5
U1392,,2023,WUR 2023,,,6.0,,,,31.15712600491052,23.5
U1392,,2023,WUR 2023,,,6.0,,,,29.071708243361048,23.5
U1392,,2023,WUR 2023,,,6.0,,,,30.399950650658432,23.5
U1392,,2023,WUR 2023,,,6.0,,,,35.33147185564629,23.5
U1392,,2023,WUR 2023,,,6.0,,,,33.946773711772735,23.5
U1392,,2023,WUR 2023,,,6.0,,,,24.793802164462853,23.5
U1392,,2023,WUR 2023,,,6.0,,,,26.75785339223952,23.5
U1392,,2023,WUR 2023,,,6.0,,,,28.23732384975655,23.5
U1392,,2023,WUR 2023,,,6.0,,,,25.94141452924313,23.5
U1392,,2023,WUR 2023,,,6.0,,,,29.006413964994017,23.5
U1392,,2023,WUR 2023,,,6.0,,,,22.1526345493242,23.5
U1392,,2023,WUR 2023,,,6.0,,,,24.14081875648968,23.5
U1392,,2023,WUR 2023,,,6.0,,,,21.705412418739144,23.5
U1392,,2023,WUR 2023,,,6.0,,,,17.20997779422529,23.5
U1392,,2023,WUR 2023,,,6.0,,,,19.88491145208488,23.5
U1392,,2023,WUR 2023,,,6.0,,,,16.844436642582238,23.5
U1392,,2023,WUR 2023,,,6.0,,,,14.210401042301203,23.5
U1392,,2023,WUR 2023,,,6.0,,,,15.06262573119662,23.5
U1392,,2023,WUR 2023,,,6.0,,,,16.635504832291446,23.5
U1392,,2023,WUR 2023,,,6.0,,,,7.70819853141716,23.5
U1392,,2023,WUR 2023,,,6.0,,,,10.257737010756824,23.5
U1392,,2023,WUR 2023,,,6.0,,,,12.715623388297129,23.5
U1392,,2023,WUR 2023,,,6.0,,,,13.869534663513184,23.5
U1392,,2023,WUR 2023,,,6.0,,,,6.146807125772188,23.5
U1392,,2023,WUR 2023,,,6.0,,,,12.013271551458049,23.5
U1392,,2023,WUR 2023,,,6.0,,,,4.31948995228298,23.5
U1392,,2023,WUR 2023,,,6.0,,,,14.647984495642952,23.5
U1392,,2023,WUR 2023,,,6.0,,,,21.04078790243373,23.5
U1392,,2023,WUR 2023,,,6.0,,,,12.360347732600466,23.5
U1392,,2023,WUR 2023,,,6.0,,,,13.933106593924531,23.5
U1392,,2023,WUR 2023,,,6.0,,,,22.456205164243038,23.5
U1392,,2023,WUR 2023,,,6.0,,,,14.884108458641276,23.5
U1392,,2023,WUR 2023,,,6.0,,,,14.175358906529317,23.5
U1392,,2023,WUR 2023,,,6.0,,,,2.945328711444474,23.5
U1392,,2023,WUR 2023,,,6.0,,,,15.149877445256404,23.5
U1392,,2023,WUR 2023,,,6.0,,,,9.937988328617376,23.5
U1392,,2023,WUR 2023,,,6.0,,,,7.4295133641299556,23.5
U1392,,2023,WUR 2023,,,6.0,,,,8.39952199281354,23.5
U1392,,2023,WUR 2023,,,6.0,,,,6.571154201361318,23.5
U1392,,2023,WUR 2023,,,6.0,,,,3.277609582730025,23.5
U1392,,2023,WUR 2023,,,6.0,,,,3.1847189500491737,23.5
U1392,,2023,WUR 2023,,,6.0,,,,6.577730643152531,23.5
U1392,,2023,WUR 2023,,,6.0,,,,3.9478255545891,23.5
U1392,,2023,WUR 2023,,,6.0,,,,6.733954972267687,23.5
U1392,,2023,WUR 2023,,,6.0,,,,12.535658747363703,23.5
U1392,,2023,WUR 2023,,,6.0,,,,4.047134316765368,23.5
U1392,,2023,WUR 2023,,,6.0,,,,9.259582578959762,23.5
U1392,,2023,WUR 2023,,,6.0,,,,5.0147794888344,23.5
U1392,,2023,WUR 2023,,,6.0,,,,6.048745570521993,23.5
U1392,,2023,WUR 2023,,,6.0,,,,3.2088437637489795,23.5
U1392,,2023,WUR 2023,,,6.0,,,,3.833456710089624,23.5
U1392,,2023,WUR 2023,,,6.0,,,,9.782059903657936,23.5
U1392,,2023,WUR 2023,,,6.0,,,,5.158831633617945,23.5
U1392,,2023,WUR 2023,,,6.0,,,,6.656987637310143,23.5
U1392,,2023,WUR 2023,,,6.0,,,,7.980847008957106,23.5
U1392,,2023,WUR 2023,,,6.0,,,,6.152391640490189,23.5
U1392,,2023,WUR 2023,,,6.0,,,,5.302684637660615,23.5
U1392,,2023,WUR 2023,,,6.0,,,,4.124848199841193,23.5
U1392,,2023,WUR 2023,,,6.0,,,,3.813111589693071,23.5
U1392,,2023,WUR 2023,,,6.0,,,,5.302602674557117,23.5
U1392,,2023,WUR 2023,,,6.0,,,,8.157174958216169,23.5
U1392,,2023,WUR 2023,,,6.0,,,,5.076762069949905,23.5
U1392,,2023,WUR 2023,,,6.0,,,,6.288810601252746,23.5
U1392,,2023,WUR 2023,,,6.0,,,,6.328276090764572,23.5
U1392,,2023,WUR 2023,,,6.0,,,,11.75297653654587,23.5
U1392,,2023,WUR 2023,,,6.0,,,,10.117266439246784,23.5
U1392,,2023,WUR 2023,,,6.0,,,,4.437922656063465,23.5
U1392,,2023,WUR 2023,,,6.0,,,,4.710293091892417,23.5
U1392,,2023,WUR 2023,,,6.0,,,,7.085925565335147,23.5
U1392,,2023,WUR 2023,,,6.0,,,,3.355528220457925,23.5
U1392,,2023,WUR 2023,,,6.0,,,,,23.5
U1392,,2023,WUR 2023,,,4.0,,,,51.67418335352436,27.5
U1392,,2023,WUR 2023,,,4.0,,,,47.88418239895532,27.5
U1392,,2023,WUR 2023,,,4.0,,,,43.8055958895228,27.5
U1392,,2023,WUR 2023,,,4.0,,,,43.76365568588358,27.5
U1392,,2023,WUR 2023,,,4.0,,,,40.199930465075184,27.5
U1392,,2023,WUR 2023,,,4.0,,,,28.5527837078826,27.5
U1392,,2023,WUR 2023,,,4.0,,,,33.749021648384776,27.5
U1392,,2023,WUR 2023,,,4.0,,,,27.403396326452484,27.5
U1392,,2023,WUR 2023,,,4.0,,,,31.15712600491052,27.5
U1392,,2023,WUR 2023,,,4.0,,,,29.071708243361048,27.5
U1392,,2023,WUR 2023,,,4.0,,,,30.399950650658432,27.5
U1392,,2023,WUR 2023,,,4.0,,,,35.33147185564629,27.5
U1392,,2023,WUR 2023,,,4.0,,,,33.946773711772735,27.5
U1392,,2023,WUR 2023,,,4.0,,,,24.793802164462853,27.5
U1392,,2023,WUR 2023,,,4.0,,,,26.75785339223952,27.5
U1392,,2023,WUR 2023,,,4.0,,,,28.23732384975655,27.5
U1392,,2023,WUR 2023,,,4.0,,,,25.94141452924313,27.5
U1392,,2023,WUR 2023,,,4.0,,,,29.006413964994017,27.5
U1392,,2023,WUR 2023,,,4.0,,,,22.1526345493242,27.5
U1392,,2023,WUR 2023,,,4.0,,,,24.14081875648968,27.5
U1392,,2023,WUR 2023,,,4.0,,,,21.705412418739144,27.5
U1392,,2023,WUR 2023,,,4.0,,,,17.20997779422529,27.5
U1392,,2023,WUR 2023,,,4.0,,,,19.88491145208488,27.5
U1392,,2023,WUR 2023,,,4.0,,,,16.844436642582238,27.5
U1392,,2023,WUR 2023,,,4.0,,,,14.210401042301203,27.5
U1392,,2023,WUR 2023,,,4.0,,,,15.06262573119662,27.5
U1392,,2023,WUR 2023,,,4.0,,,,16.635504832291446,27.5
U1392,,2023,WUR 2023,,,4.0,,,,7.70819853141716,27.5
U1392,,2023,WUR 2023,,,4.0,,,,10.257737010756824,27.5
U1392,,2023,WUR 2023,,,4.0,,,,12.715623388297129,27.5
U1392,,2023,WUR 2023,,,4.0,,,,13.869534663513184,27.5
U1392,,2023,WUR 2023,,,4.0,,,,6.146807125772188,27.5
U1392,,2023,WUR 2023,,,4.0,,,,12.013271551458049,27.5
U1392,,2023,WUR 2023,,,4.0,,,,4.31948995228298,27.5
U1392,,2023,WUR 2023,,,4.0,,,,14.647984495642952,27.5
U1392,,2023,WUR 2023,,,4.0,,,,21.04078790243373,27.5
U1392,,2023,WUR 2023,,,4.0,,,,12.360347732600466,27.5
U1392,,2023,WUR 2023,,,4.0,,,,13.933106593924531,27.5
U1392,,2023,WUR 2023,,,4.0,,,,22.456205164243038,27.5
U1392,,2023,WUR 2023,,,4.0,,,,14.884108458641276,27.5
U1392,,2023,WUR 2023,,,4.0,,,,14.175358906529317,27.5
U1392,,2023,WUR 2023,,,4.0,,,,2.945328711444474,27.5
U1392,,2023,WUR 2023,,,4.0,,,,15.149877445256404,27.5
U1392,,2023,WUR 2023,,,4.0,,,,9.937988328617376,27.5
U1392,,2023,WUR 2023,,,4.0,,,,7.4295133641299556,27.5
U1392,,2023,WUR 2023,,,4.0,,,,8.39952199281354,27.5
U1392,,2023,WUR 2023,,,4.0,,,,6.571154201361318,27.5
U1392,,2023,WUR 2023,,,4.0,,,,3.277609582730025,27.5
U1392,,2023,WUR 2023,,,4.0,,,,3.1847189500491737,27.5
U1392,,2023,WUR 2023,,,4.0,,,,6.577730643152531,27.5
U1392,,2023,WUR 2023,,,4.0,,,,3.9478255545891,27.5
U1392,,2023,WUR 2023,,,4.0,,,,6.733954972267687,27.5
U1392,,2023,WUR 2023,,,4.0,,,,12.535658747363703,27.5
U1392,,2023,WUR 2023,,,4.0,,,,4.047134316765368,27.5
U1392,,2023,WUR 2023,,,4.0,,,,9.259582578959762,27.5
U1392,,2023,WUR 2023,,,4.0,,,,5.0147794888344,27.5
U1392,,2023,WUR 2023,,,4.0,,,,6.048745570521993,27.5
U1392,,2023,WUR 2023,,,4.0,,,,3.2088437637489795,27.5
U1392,,2023,WUR 2023,,,4.0,,,,3.833456710089624,27.5
U1392,,2023,WUR 2023,,,4.0,,,,9.782059903657936,27.5
U1392,,2023,WUR 2023,,,4.0,,,,5.158831633617945,27.5
U1392,,2023,WUR 2023,,,4.0,,,,6.656987637310143,27.5
U1392,,2023,WUR 2023,,,4.0,,,,7.980847008957106,27.5
U1392,,2023,WUR 2023,,,4.0,,,,6.152391640490189,27.5
U1392,,2023,WUR 2023,,,4.0,,,,5.302684637660615,27.5
U1392,,2023,WUR 2023,,,4.0,,,,4.124848199841193,27.5
U1392,,2023,WUR 2023,,,4.0,,,,3.813111589693071,27.5
U1392,,2023,WUR 2023,,,4.0,,,,5.302602674557117,27.5
U1392,,2023,WUR 2023,,,4.0,,,,8.157174958216169,27.5
U1392,,2023,WUR 2023,,,4.0,,,,5.076762069949905,27.5
U1392,,2023,WUR 2023,,,4.0,,,,6.288810601252746,27.5
U1392,,2023,WUR 2023,,,4.0,,,,6.328276090764572,27.5
U1392,,2023,WUR 2023,,,4.0,,,,11.75297653654587,27.5
U1392,,2023,WUR 2023,,,4.0,,,,10.117266439246784,27.5
U1392,,2023,WUR 2023,,,4.0,,,,4.437922656063465,27.5
U1392,,2023,WUR 2023,,,4.0,,,,4.710293091892417,27.5
U1392,,2023,WUR 2023,,,4.0,,,,7.085925565335147,27.5
U1392,,2023,WUR 2023,,,4.0,,,,3.355528220457925,27.5
U1392,,2023,WUR 2023,,,4.0,,,,,27.5
U1392,,2023,WUR 2023,,,1.3,,,,51.67418335352436,25.1
U1392,,2023,WUR 2023,,,1.3,,,,47.88418239895532,25.1
U1392,,2023,WUR 2023,,,1.3,,,,43.8055958895228,25.1
U1392,,2023,WUR 2023,,,1.3,,,,43.76365568588358,25.1
U1392,,2023,WUR 2023,,,1.3,,,,40.199930465075184,25.1
U1392,,2023,WUR 2023,,,1.3,,,,28.5527837078826,25.1
U1392,,2023,WUR 2023,,,1.3,,,,33.749021648384776,25.1
U1392,,2023,WUR 2023,,,1.3,,,,27.403396326452484,25.1
U1392,,2023,WUR 2023,,,1.3,,,,31.15712600491052,25.1
U1392,,2023,WUR 2023,,,1.3,,,,29.071708243361048,25.1
U1392,,2023,WUR 2023,,,1.3,,,,30.399950650658432,25.1
U1392,,2023,WUR 2023,,,1.3,,,,35.33147185564629,25.1
U1392,,2023,WUR 2023,,,1.3,,,,33.946773711772735,25.1
U1392,,2023,WUR 2023,,,1.3,,,,24.793802164462853,25.1
U1392,,2023,WUR 2023,,,1.3,,,,26.75785339223952,25.1
U1392,,2023,WUR 2023,,,1.3,,,,28.23732384975655,25.1
U1392,,2023,WUR 2023,,,1.3,,,,25.94141452924313,25.1
U1392,,2023,WUR 2023,,,1.3,,,,29.006413964994017,25.1
U1392,,2023,WUR 2023,,,1.3,,,,22.1526345493242,25.1
U1392,,2023,WUR 2023,,,1.3,,,,24.14081875648968,25.1
U1392,,2023,WUR 2023,,,1.3,,,,21.705412418739144,25.1
U1392,,2023,WUR 2023,,,1.3,,,,17.20997779422529,25.1
U1392,,2023,WUR 2023,,,1.3,,,,19.88491145208488,25.1
U1392,,2023,WUR 2023,,,1.3,,,,16.844436642582238,25.1
U1392,,2023,WUR 2023,,,1.3,,,,14.210401042301203,25.1
U1392,,2023,WUR 2023,,,1.3,,,,15.06262573119662,25.1
U1392,,2023,WUR 2023,,,1.3,,,,16.635504832291446,25.1
U1392,,2023,WUR 2023,,,1.3,,,,7.70819853141716,25.1
U1392,,2023,WUR 2023,,,1.3,,,,10.257737010756824,25.1
U1392,,2023,WUR 2023,,,1.3,,,,12.715623388297129,25.1
U1392,,2023,WUR 2023,,,1.3,,,,13.869534663513184,25.1
U1392,,2023,WUR 2023,,,1.3,,,,6.146807125772188,25.1
U1392,,2023,WUR 2023,,,1.3,,,,12.013271551458049,25.1
U1392,,2023,WUR 2023,,,1.3,,,,4.31948995228298,25.1
U1392,,2023,WUR 2023,,,1.3,,,,14.647984495642952,25.1
U1392,,2023,WUR 2023,,,1.3,,,,21.04078790243373,25.1
U1392,,2023,WUR 2023,,,1.3,,,,12.360347732600466,25.1
U1392,,2023,WUR 2023,,,1.3,,,,13.933106593924531,25.1
U1392,,2023,WUR 2023,,,1.3,,,,22.456205164243038,25.1
U1392,,2023,WUR 2023,,,1.3,,,,14.884108458641276,25.1
U1392,,2023,WUR 2023,,,1.3,,,,14.175358906529317,25.1
U1392,,2023,WUR 2023,,,1.3,,,,2.945328711444474,25.1
U1392,,2023,WUR 2023,,,1.3,,,,15.149877445256404,25.1
U1392,,2023,WUR 2023,,,1.3,,,,9.937988328617376,25.1
U1392,,2023,WUR 2023,,,1.3,,,,7.4295133641299556,25.1
U1392,,2023,WUR 2023,,,1.3,,,,8.39952199281354,25.1
U1392,,2023,WUR 2023,,,1.3,,,,6.571154201361318,25.1
U1392,,2023,WUR 2023,,,1.3,,,,3.277609582730025,25.1
U1392,,2023,WUR 2023,,,1.3,,,,3.1847189500491737,25.1
U1392,,2023,WUR 2023,,,1.3,,,,6.577730643152531,25.1
U1392,,2023,WUR 2023,,,1.3,,,,3.9478255545891,25.1
U1392,,2023,WUR 2023,,,1.3,,,,6.733954972267687,25.1
U1392,,2023,WUR 2023,,,1.3,,,,12.535658747363703,25.1
U1392,,2023,WUR 2023,,,1.3,,,,4.047134316765368,25.1
U1392,,2023,WUR 2023,,,1.3,,,,9.259582578959762,25.1
U1392,,2023,WUR 2023,,,1.3,,,,5.0147794888344,25.1
U1392,,2023,WUR 2023,,,1.3,,,,6.048745570521993,25.1
U1392,,2023,WUR 2023,,,1.3,,,,3.2088437637489795,25.1
U1392,,2023,WUR 2023,,,1.3,,,,3.833456710089624,25.1
U1392,,2023,WUR 2023,,,1.3,,,,9.782059903657936,25.1
U1392,,2023,WUR 2023,,,1.3,,,,5.158831633617945,25.1
U1392,,2023,WUR 2023,,,1.3,,,,6.656987637310143,25.1
U1392,,2023,WUR 2023,,,1.3,,,,7.980847008957106,25.1
U1392,,2023,WUR 2023,,,1.3,,,,6.152391640490189,25.1
U1392,,2023,WUR 2023,,,1.3,,,,5.302684637660615,25.1
U1392,,2023,WUR 2023,,,1.3,,,,4.124848199841193,25.1
U1392,,2023,WUR 2023,,,1.3,,,,3.813111589693071,25.1
U1392,,2023,WUR 2023,,,1.3,,,,5.302602674557117,25.1
U1392,,2023,WUR 2023,,,1.3,,,,8.157174958216169,25.1
U1392,,2023,WUR 2023,,,1.3,,,,5.076762069949905,25.1
U1392,,2023,WUR 2023,,,1.3,,,,6.288810601252746,25.1
U1392,,2023,WUR 2023,,,1.3,,,,6.328276090764572,25.1
U1392,,2023,WUR 2023,,,1.3,,,,11.75297653654587,25.1
U1392,,2023,WUR 2023,,,1.3,,,,10.117266439246784,25.1
U1392,,2023,WUR 2023,,,1.3,,,,4.437922656063465,25.1
U1392,,2023,WUR 2023,,,1.3,,,,4.710293091892417,25.1
U1392,,2023,WUR 2023,,,1.3,,,,7.085925565335147,25.1
U1392,,2023,WUR 2023,,,1.3,,,,3.355528220457925,25.1
U1392,,2023,WUR 2023,,,1.3,,,,,25.1
U1392,,2023,WUR 2023,,,5.5,,,,51.67418335352436,17.7
U1392,,2023,WUR 2023,,,5.5,,,,47.88418239895532,17.7
U1392,,2023,WUR 2023,,,5.5,,,,43.8055958895228,17.7
U1392,,2023,WUR 2023,,,5.5,,,,43.76365568588358,17.7
U1392,,2023,WUR 2023,,,5.5,,,,40.199930465075184,17.7
U1392,,2023,WUR 2023,,,5.5,,,,28.5527837078826,17.7
U1392,,2023,WUR 2023,,,5.5,,,,33.749021648384776,17.7
U1392,,2023,WUR 2023,,,5.5,,,,27.403396326452484,17.7
U1392,,2023,WUR 2023,,,5.5,,,,31.15712600491052,17.7
U1392,,2023,WUR 2023,,,5.5,,,,29.071708243361048,17.7
U1392,,2023,WUR 2023,,,5.5,,,,30.399950650658432,17.7
U1392,,2023,WUR 2023,,,5.5,,,,35.33147185564629,17.7
U1392,,2023,WUR 2023,,,5.5,,,,33.946773711772735,17.7
U1392,,2023,WUR 2023,,,5.5,,,,24.793802164462853,17.7
U1392,,2023,WUR 2023,,,5.5,,,,26.75785339223952,17.7
U1392,,2023,WUR 2023,,,5.5,,,,28.23732384975655,17.7
U1392,,2023,WUR 2023,,,5.5,,,,25.94141452924313,17.7
U1392,,2023,WUR 2023,,,5.5,,,,29.006413964994017,17.7
U1392,,2023,WUR 2023,,,5.5,,,,22.1526345493242,17.7
U1392,,2023,WUR 2023,,,5.5,,,,24.14081875648968,17.7
U1392,,2023,WUR 2023,,,5.5,,,,21.705412418739144,17.7
U1392,,2023,WUR 2023,,,5.5,,,,17.20997779422529,17.7
U1392,,2023,WUR 2023,,,5.5,,,,19.88491145208488,17.7
U1392,,2023,WUR 2023,,,5.5,,,,16.844436642582238,17.7
U1392,,2023,WUR 2023,,,5.5,,,,14.210401042301203,17.7
U1392,,2023,WUR 2023,,,5.5,,,,15.06262573119662,17.7
U1392,,2023,WUR 2023,,,5.5,,,,16.635504832291446,17.7
U1392,,2023,WUR 2023,,,5.5,,,,7.70819853141716,17.7
U1392,,2023,WUR 2023,,,5.5,,,,10.257737010756824,17.7
U1392,,2023,WUR 2023,,,5.5,,,,12.715623388297129,17.7
U1392,,2023,WUR 2023,,,5.5,,,,13.869534663513184,17.7
U1392,,2023,WUR 2023,,,5.5,,,,6.146807125772188,17.7
U1392,,2023,WUR 2023,,,5.5,,,,12.013271551458049,17.7
U1392,,2023,WUR 2023,,,5.5,,,,4.31948995228298,17.7
U1392,,2023,WUR 2023,,,5.5,,,,14.647984495642952,17.7
U1392,,2023,WUR 2023,,,5.5,,,,21.04078790243373,17.7
U1392,,2023,WUR 2023,,,5.5,,,,12.360347732600466,17.7
U1392,,2023,WUR 2023,,,5.5,,,,13.933106593924531,17.7
U1392,,2023,WUR 2023,,,5.5,,,,22.456205164243038,17.7
U1392,,2023,WUR 2023,,,5.5,,,,14.884108458641276,17.7
U1392,,2023,WUR 2023,,,5.5,,,,14.175358906529317,17.7
U1392,,2023,WUR 2023,,,5.5,,,,2.945328711444474,17.7
U1392,,2023,WUR 2023,,,5.5,,,,15.149877445256404,17.7
U1392,,2023,WUR 2023,,,5.5,,,,9.937988328617376,17.7
U1392,,2023,WUR 2023,,,5.5,,,,7.4295133641299556,17.7
U1392,,2023,WUR 2023,,,5.5,,,,8.39952199281354,17.7
U1392,,2023,WUR 2023,,,5.5,,,,6.571154201361318,17.7
U1392,,2023,WUR 2023,,,5.5,,,,3.277609582730025,17.7
U1392,,2023,WUR 2023,,,5.5,,,,3.1847189500491737,17.7
U1392,,2023,WUR 2023,,,5.5,,,,6.577730643152531,17.7
U1392,,2023,WUR 2023,,,5.5,,,,3.9478255545891,17.7
U1392,,2023,WUR 2023,,,5.5,,,,6.733954972267687,17.7
U1392,,2023,WUR 2023,,,5.5,,,,12.535658747363703,17.7
U1392,,2023,WUR 2023,,,5.5,,,,4.047134316765368,17.7
U1392,,2023,WUR 2023,,,5.5,,,,9.259582578959762,17.7
U1392,,2023,WUR 2023,,,5.5,,,,5.0147794888344,17.7
U1392,,2023,WUR 2023,,,5.5,,,,6.048745570521993,17.7
U1392,,2023,WUR 2023,,,5.5,,,,3.2088437637489795,17.7
U1392,,2023,WUR 2023,,,5.5,,,,3.833456710089624,17.7
U1392,,2023,WUR 2023,,,5.5,,,,9.782059903657936,17.7
U1392,,2023,WUR 2023,,,5.5,,,,5.158831633617945,17.7
U1392,,2023,WUR 2023,,,5.5,,,,6.656987637310143,17.7
U1392,,2023,WUR 2023,,,5.5,,,,7.980847008957106,17.7
U1392,,2023,WUR 2023,,,5.5,,,,6.152391640490189,17.7
U1392,,2023,WUR 2023,,,5.5,,,,5.302684637660615,17.7
U1392,,2023,WUR 2023,,,5.5,,,,4.124848199841193,17.7
U1392,,2023,WUR 2023,,,5.5,,,,3.813111589693071,17.7
U1392,,2023,WUR 2023,,,5.5,,,,5.302602674557117,17.7
U1392,,2023,WUR 2023,,,5.5,,,,8.157174958216169,17.7
U1392,,2023,WUR 2023,,,5.5,,,,5.076762069949905,17.7
U1392,,2023,WUR 2023,,,5.5,,,,6.288810601252746,17.7
U1392,,2023,WUR 2023,,,5.5,,,,6.328276090764572,17.7
U1392,,2023,WUR 2023,,,5.5,,,,11.75297653654587,17.7
U1392,,2023,WUR 2023,,,5.5,,,,10.117266439246784,17.7
U1392,,2023,WUR 2023,,,5.5,,,,4.437922656063465,17.7
U1392,,2023,WUR 2023,,,5.5,,,,4.710293091892417,17.7
U1392,,2023,WUR 2023,,,5.5,,,,7.085925565335147,17.7
U1392,,2023,WUR 2023,,,5.5,,,,3.355528220457925,17.7
U1392,,2023,WUR 2023,,,5.5,,,,,17.7
U1392,,2023,WUR 2023,,,5.5,,,,51.67418335352436,36.9
U1392,,2023,WUR 2023,,,5.5,,,,47.88418239895532,36.9
U1392,,2023,WUR 2023,,,5.5,,,,43.8055958895228,36.9
U1392,,2023,WUR 2023,,,5.5,,,,43.76365568588358,36.9
U1392,,2023,WUR 2023,,,5.5,,,,40.199930465075184,36.9
U1392,,2023,WUR 2023,,,5.5,,,,28.5527837078826,36.9
U1392,,2023,WUR 2023,,,5.5,,,,33.749021648384776,36.9
U1392,,2023,WUR 2023,,,5.5,,,,27.403396326452484,36.9
U1392,,2023,WUR 2023,,,5.5,,,,31.15712600491052,36.9
U1392,,2023,WUR 2023,,,5.5,,,,29.071708243361048,36.9
U1392,,2023,WUR 2023,,,5.5,,,,30.399950650658432,36.9
U1392,,2023,WUR 2023,,,5.5,,,,35.33147185564629,36.9
U1392,,2023,WUR 2023,,,5.5,,,,33.946773711772735,36.9
U1392,,2023,WUR 2023,,,5.5,,,,24.793802164462853,36.9
U1392,,2023,WUR 2023,,,5.5,,,,26.75785339223952,36.9
U1392,,2023,WUR 2023,,,5.5,,,,28.23732384975655,36.9
U1392,,2023,WUR 2023,,,5.5,,,,25.94141452924313,36.9
U1392,,2023,WUR 2023,,,5.5,,,,29.006413964994017,36.9
U1392,,2023,WUR 2023,,,5.5,,,,22.1526345493242,36.9
U1392,,2023,WUR 2023,,,5.5,,,,24.14081875648968,36.9
U1392,,2023,WUR 2023,,,5.5,,,,21.705412418739144,36.9
U1392,,2023,WUR 2023,,,5.5,,,,17.20997779422529,36.9
U1392,,2023,WUR 2023,,,5.5,,,,19.88491145208488,36.9
U1392,,2023,WUR 2023,,,5.5,,,,16.844436642582238,36.9
U1392,,2023,WUR 2023,,,5.5,,,,14.210401042301203,36.9
U1392,,2023,WUR 2023,,,5.5,,,,15.06262573119662,36.9
U1392,,2023,WUR 2023,,,5.5,,,,16.635504832291446,36.9
U1392,,2023,WUR 2023,,,5.5,,,,7.70819853141716,36.9
U1392,,2023,WUR 2023,,,5.5,,,,10.257737010756824,36.9
U1392,,2023,WUR 2023,,,5.5,,,,12.715623388297129,36.9
U1392,,2023,WUR 2023,,,5.5,,,,13.869534663513184,36.9
U1392,,2023,WUR 2023,,,5.5,,,,6.146807125772188,36.9
U1392,,2023,WUR 2023,,,5.5,,,,12.013271551458049,36.9
U1392,,2023,WUR 2023,,,5.5,,,,4.31948995228298,36.9
U1392,,2023,WUR 2023,,,5.5,,,,14.647984495642952,36.9
U1392,,2023,WUR 2023,,,5.5,,,,21.04078790243373,36.9
U1392,,2023,WUR 2023,,,5.5,,,,12.360347732600466,36.9
U1392,,2023,WUR 2023,,,5.5,,,,13.933106593924531,36.9
U1392,,2023,WUR 2023,,,5.5,,,,22.456205164243038,36.9
U1392,,2023,WUR 2023,,,5.5,,,,14.884108458641276,36.9
U1392,,2023,WUR 2023,,,5.5,,,,14.175358906529317,36.9
U1392,,2023,WUR 2023,,,5.5,,,,2.945328711444474,36.9
U1392,,2023,WUR 2023,,,5.5,,,,15.149877445256404,36.9
U1392,,2023,WUR 2023,,,5.5,,,,9.937988328617376,36.9
U1392,,2023,WUR 2023,,,5.5,,,,7.4295133641299556,36.9
U1392,,2023,WUR 2023,,,5.5,,,,8.39952199281354,36.9
U1392,,2023,WUR 2023,,,5.5,,,,6.571154201361318,36.9
U1392,,2023,WUR 2023,,,5.5,,,,3.277609582730025,36.9
U1392,,2023,WUR 2023,,,5.5,,,,3.1847189500491737,36.9
U1392,,2023,WUR 2023,,,5.5,,,,6.577730643152531,36.9
U1392,,2023,WUR 2023,,,5.5,,,,3.9478255545891,36.9
U1392,,2023,WUR 2023,,,5.5,,,,6.733954972267687,36.9
U1392,,2023,WUR 2023,,,5.5,,,,12.535658747363703,36.9
U1392,,2023,WUR 2023,,,5.5,,,,4.047134316765368,36.9
U1392,,2023,WUR 2023,,,5.5,,,,9.259582578959762,36.9
U1392,,2023,WUR 2023,,,5.5,,,,5.0147794888344,36.9
U1392,,2023,WUR 2023,,,5.5,,,,6.048745570521993,36.9
U1392,,2023,WUR 2023,,,5.5,,,,3.2088437637489795,36.9
U1392,,2023,WUR 2023,,,5.5,,,,3.833456710089624,36.9
U1392,,2023,WUR 2023,,,5.5,,,,9.782059903657936,36.9
U1392,,2023,WUR 2023,,,5.5,,,,5.158831633617945,36.9
U1392,,2023,WUR 2023,,,5.5,,,,6.656987637310143,36.9
U1392,,2023,WUR 2023,,,5.5,,,,7.980847008957106,36.9
U1392,,2023,WUR 2023,,,5.5,,,,6.152391640490189,36.9
U1392,,2023,WUR 2023,,,5.5,,,,5.302684637660615,36.9
U1392,,2023,WUR 2023,,,5.5,,,,4.124848199841193,36.9
U1392,,2023,WUR 2023,,,5.5,,,,3.813111589693071,36.9
U1392,,2023,WUR 2023,,,5.5,,,,5.302602674557117,36.9
U1392,,2023,WUR 2023,,,5.5,,,,8.157174958216169,36.9
U1392,,2023,WUR 2023,,,5.5,,,,5.076762069949905,36.9
U1392,,2023,WUR 2023,,,5.5,,,,6.288810601252746,36.9
U1392,,2023,WUR 2023,,,5.5,,,,6.328276090764572,36.9
U1392,,2023,WUR 2023,,,5.5,,,,11.75297653654587,36.9
U1392,,2023,WUR 2023,,,5.5,,,,10.117266439246784,36.9
U1392,,2023,WUR 2023,,,5.5,,,,4.437922656063465,36.9
U1392,,2023,WUR 2023,,,5.5,,,,4.710293091892417,36.9
U1392,,2023,WUR 2023,,,5.5,,,,7.085925565335147,36.9
U1392,,2023,WUR 2023,,,5.5,,,,3.355528220457925,36.9
U1392,,2023,WUR 2023,,,5.5,,,,,36.9
U1392,,2023,WUR 2023,,,3.2,,,,51.67418335352436,28.9
U1392,,2023,WUR 2023,,,3.2,,,,47.88418239895532,28.9
U1392,,2023,WUR 2023,,,3.2,,,,43.8055958895228,28.9
U1392,,2023,WUR 2023,,,3.2,,,,43.76365568588358,28.9
U1392,,2023,WUR 2023,,,3.2,,,,40.199930465075184,28.9
U1392,,2023,WUR 2023,,,3.2,,,,28.5527837078826,28.9
U1392,,2023,WUR 2023,,,3.2,,,,33.749021648384776,28.9
U1392,,2023,WUR 2023,,,3.2,,,,27.403396326452484,28.9
U1392,,2023,WUR 2023,,,3.2,,,,31.15712600491052,28.9
U1392,,2023,WUR 2023,,,3.2,,,,29.071708243361048,28.9
U1392,,2023,WUR 2023,,,3.2,,,,30.399950650658432,28.9
U1392,,2023,WUR 2023,,,3.2,,,,35.33147185564629,28.9
U1392,,2023,WUR 2023,,,3.2,,,,33.946773711772735,28.9
U1392,,2023,WUR 2023,,,3.2,,,,24.793802164462853,28.9
U1392,,2023,WUR 2023,,,3.2,,,,26.75785339223952,28.9
U1392,,2023,WUR 2023,,,3.2,,,,28.23732384975655,28.9
U1392,,2023,WUR 2023,,,3.2,,,,25.94141452924313,28.9
U1392,,2023,WUR 2023,,,3.2,,,,29.006413964994017,28.9
U1392,,2023,WUR 2023,,,3.2,,,,22.1526345493242,28.9
U1392,,2023,WUR 2023,,,3.2,,,,24.14081875648968,28.9
U1392,,2023,WUR 2023,,,3.2,,,,21.705412418739144,28.9
U1392,,2023,WUR 2023,,,3.2,,,,17.20997779422529,28.9
U1392,,2023,WUR 2023,,,3.2,,,,19.88491145208488,28.9
U1392,,2023,WUR 2023,,,3.2,,,,16.844436642582238,28.9
U1392,,2023,WUR 2023,,,3.2,,,,14.210401042301203,28.9
U1392,,2023,WUR 2023,,,3.2,,,,15.06262573119662,28.9
U1392,,2023,WUR 2023,,,3.2,,,,16.635504832291446,28.9
U1392,,2023,WUR 2023,,,3.2,,,,7.70819853141716,28.9
U1392,,2023,WUR 2023,,,3.2,,,,10.257737010756824,28.9
U1392,,2023,WUR 2023,,,3.2,,,,12.715623388297129,28.9
U1392,,2023,WUR 2023,,,3.2,,,,13.869534663513184,28.9
U1392,,2023,WUR 2023,,,3.2,,,,6.146807125772188,28.9
U1392,,2023,WUR 2023,,,3.2,,,,12.013271551458049,28.9
U1392,,2023,WUR 2023,,,3.2,,,,4.31948995228298,28.9
U1392,,2023,WUR 2023,,,3.2,,,,14.647984495642952,28.9
U1392,,2023,WUR 2023,,,3.2,,,,21.04078790243373,28.9
U1392,,2023,WUR 2023,,,3.2,,,,12.360347732600466,28.9
U1392,,2023,WUR 2023,,,3.2,,,,13.933106593924531,28.9
U1392,,2023,WUR 2023,,,3.2,,,,22.456205164243038,28.9
U1392,,2023,WUR 2023,,,3.2,,,,14.884108458641276,28.9
U1392,,2023,WUR 2023,,,3.2,,,,14.175358906529317,28.9
U1392,,2023,WUR 2023,,,3.2,,,,2.945328711444474,28.9
U1392,,2023,WUR 2023,,,3.2,,,,15.149877445256404,28.9
U1392,,2023,WUR 2023,,,3.2,,,,9.937988328617376,28.9
U1392,,2023,WUR 2023,,,3.2,,,,7.4295133641299556,28.9
U1392,,2023,WUR 2023,,,3.2,,,,8.39952199281354,28.9
U1392,,2023,WUR 2023,,,3.2,,,,6.571154201361318,28.9
U1392,,2023,WUR 2023,,,3.2,,,,3.277609582730025,28.9
U1392,,2023,WUR 2023,,,3.2,,,,3.1847189500491737,28.9
U1392,,2023,WUR 2023,,,3.2,,,,6.577730643152531,28.9
U1392,,2023,WUR 2023,,,3.2,,,,3.9478255545891,28.9
U1392,,2023,WUR 2023,,,3.2,,,,6.733954972267687,28.9
U1392,,2023,WUR 2023,,,3.2,,,,12.535658747363703,28.9
U1392,,2023,WUR 2023,,,3.2,,,,4.047134316765368,28.9
U1392,,2023,WUR 2023,,,3.2,,,,9.259582578959762,28.9
U1392,,2023,WUR 2023,,,3.2,,,,5.0147794888344,28.9
U1392,,2023,WUR 2023,,,3.2,,,,6.048745570521993,28.9
U1392,,2023,WUR 2023,,,3.2,,,,3.2088437637489795,28.9
U1392,,2023,WUR 2023,,,3.2,,,,3.833456710089624,28.9
U1392,,2023,WUR 2023,,,3.2,,,,9.782059903657936,28.9
U1392,,2023,WUR 2023,,,3.2,,,,5.158831633617945,28.9
U1392,,2023,WUR 2023,,,3.2,,,,6.656987637310143,28.9
U1392,,2023,WUR 2023,,,3.2,,,,7.980847008957106,28.9
U1392,,2023,WUR 2023,,,3.2,,,,6.152391640490189,28.9
U1392,,2023,WUR 2023,,,3.2,,,,5.302684637660615,28.9
U1392,,2023,WUR 2023,,,3.2,,,,4.124848199841193,28.9
U1392,,2023,WUR 2023,,,3.2,,,,3.813111589693071,28.9
U1392,,2023,WUR 2023,,,3.2,,,,5.302602674557117,28.9
U1392,,2023,WUR 2023,,,3.2,,,,8.157174958216169,28.9
U1392,,2023,WUR 2023,,,3.2,,,,5.076762069949905,28.9
U1392,,2023,WUR 2023,,,3.2,,,,6.288810601252746,28.9
U1392,,2023,WUR 2023,,,3.2,,,,6.328276090764572,28.9
U1392,,2023,WUR 2023,,,3.2,,,,11.75297653654587,28.9
U1392,,2023,WUR 2023,,,3.2,,,,10.117266439246784,28.9
U1392,,2023,WUR 2023,,,3.2,,,,4.437922656063465,28.9
U1392,,2023,WUR 2023,,,3.2,,,,4.710293091892417,28.9
U1392,,2023,WUR 2023,,,3.2,,,,7.085925565335147,28.9
U1392,,2023,WUR 2023,,,3.2,,,,3.355528220457925,28.9
U1392,,2023,WUR 2023,,,3.2,,,,,28.9
U1392,,2023,WUR 2023,,,6.5,,,,51.67418335352436,32.2
U1392,,2023,WUR 2023,,,6.5,,,,47.88418239895532,32.2
U1392,,2023,WUR 2023,,,6.5,,,,43.8055958895228,32.2
U1392,,2023,WUR 2023,,,6.5,,,,43.76365568588358,32.2
U1392,,2023,WUR 2023,,,6.5,,,,40.199930465075184,32.2
U1392,,2023,WUR 2023,,,6.5,,,,28.5527837078826,32.2
U1392,,2023,WUR 2023,,,6.5,,,,33.749021648384776,32.2
U1392,,2023,WUR 2023,,,6.5,,,,27.403396326452484,32.2
U1392,,2023,WUR 2023,,,6.5,,,,31.15712600491052,32.2
U1392,,2023,WUR 2023,,,6.5,,,,29.071708243361048,32.2
U1392,,2023,WUR 2023,,,6.5,,,,30.399950650658432,32.2
U1392,,2023,WUR 2023,,,6.5,,,,35.33147185564629,32.2
U1392,,2023,WUR 2023,,,6.5,,,,33.946773711772735,32.2
U1392,,2023,WUR 2023,,,6.5,,,,24.793802164462853,32.2
U1392,,2023,WUR 2023,,,6.5,,,,26.75785339223952,32.2
U1392,,2023,WUR 2023,,,6.5,,,,28.23732384975655,32.2
U1392,,2023,WUR 2023,,,6.5,,,,25.94141452924313,32.2
U1392,,2023,WUR 2023,,,6.5,,,,29.006413964994017,32.2
U1392,,2023,WUR 2023,,,6.5,,,,22.1526345493242,32.2
U1392,,2023,WUR 2023,,,6.5,,,,24.14081875648968,32.2
U1392,,2023,WUR 2023,,,6.5,,,,21.705412418739144,32.2
U1392,,2023,WUR 2023,,,6.5,,,,17.20997779422529,32.2
U1392,,2023,WUR 2023,,,6.5,,,,19.88491145208488,32.2
U1392,,2023,WUR 2023,,,6.5,,,,16.844436642582238,32.2
U1392,,2023,WUR 2023,,,6.5,,,,14.210401042301203,32.2
U1392,,2023,WUR 2023,,,6.5,,,,15.06262573119662,32.2
U1392,,2023,WUR 2023,,,6.5,,,,16.635504832291446,32.2
U1392,,2023,WUR 2023,,,6.5,,,,7.70819853141716,32.2
U1392,,2023,WUR 2023,,,6.5,,,,10.257737010756824,32.2
U1392,,2023,WUR 2023,,,6.5,,,,12.715623388297129,32.2
U1392,,2023,WUR 2023,,,6.5,,,,13.869534663513184,32.2
U1392,,2023,WUR 2023,,,6.5,,,,6.146807125772188,32.2
U1392,,2023,WUR 2023,,,6.5,,,,12.013271551458049,32.2
U1392,,2023,WUR 2023,,,6.5,,,,4.31948995228298,32.2
U1392,,2023,WUR 2023,,,6.5,,,,14.647984495642952,32.2
U1392,,2023,WUR 2023,,,6.5,,,,21.04078790243373,32.2
U1392,,2023,WUR 2023,,,6.5,,,,12.360347732600466,32.2
U1392,,2023,WUR 2023,,,6.5,,,,13.933106593924531,32.2
U1392,,2023,WUR 2023,,,6.5,,,,22.456205164243038,32.2
U1392,,2023,WUR 2023,,,6.5,,,,14.884108458641276,32.2
U1392,,2023,WUR 2023,,,6.5,,,,14.175358906529317,32.2
U1392,,2023,WUR 2023,,,6.5,,,,2.945328711444474,32.2
U1392,,2023,WUR 2023,,,6.5,,,,15.149877445256404,32.2
U1392,,2023,WUR 2023,,,6.5,,,,9.937988328617376,32.2
U1392,,2023,WUR 2023,,,6.5,,,,7.4295133641299556,32.2
U1392,,2023,WUR 2023,,,6.5,,,,8.39952199281354,32.2
U1392,,2023,WUR 2023,,,6.5,,,,6.571154201361318,32.2
U1392,,2023,WUR 2023,,,6.5,,,,3.277609582730025,32.2
U1392,,2023,WUR 2023,,,6.5,,,,3.1847189500491737,32.2
U1392,,2023,WUR 2023,,,6.5,,,,6.577730643152531,32.2
U1392,,2023,WUR 2023,,,6.5,,,,3.9478255545891,32.2
U1392,,2023,WUR 2023,,,6.5,,,,6.733954972267687,32.2
U1392,,2023,WUR 2023,,,6.5,,,,12.535658747363703,32.2
U1392,,2023,WUR 2023,,,6.5,,,,4.047134316765368,32.2
U1392,,2023,WUR 2023,,,6.5,,,,9.259582578959762,32.2
U1392,,2023,WUR 2023,,,6.5,,,,5.0147794888344,32.2
U1392,,2023,WUR 2023,,,6.5,,,,6.048745570521993,32.2
U1392,,2023,WUR 2023,,,6.5,,,,3.2088437637489795,32.2
U1392,,2023,WUR 2023,,,6.5,,,,3.833456710089624,32.2
U1392,,2023,WUR 2023,,,6.5,,,,9.782059903657936,32.2
U1392,,2023,WUR 2023,,,6.5,,,,5.158831633617945,32.2
U1392,,2023,WUR 2023,,,6.5,,,,6.656987637310143,32.2
U1392,,2023,WUR 2023,,,6.5,,,,7.980847008957106,32.2
U1392,,2023,WUR 2023,,,6.5,,,,6.152391640490189,32.2
U1392,,2023,WUR 2023,,,6.5,,,,5.302684637660615,32.2
U1392,,2023,WUR 2023,,,6.5,,,,4.124848199841193,32.2
U1392,,2023,WUR 2023,,,6.5,,,,3.813111589693071,32.2
U1392,,2023,WUR 2023,,,6.5,,,,5.302602674557117,32.2
U1392,,2023,WUR 2023,,,6.5,,,,8.157174958216169,32.2
U1392,,2023,WUR 2023,,,6.5,,,,5.076762069949905,32.2
U1392,,2023,WUR 2023,,,6.5,,,,6.288810601252746,32.2
U1392,,2023,WUR 2023,,,6.5,,,,6.328276090764572,32.2
U1392,,2023,WUR 2023,,,6.5,,,,11.75297653654587,32.2
U1392,,2023,WUR 2023,,,6.5,,,,10.117266439246784,32.2
U1392,,2023,WUR 2023,,,6.5,,,,4.437922656063465,32.2
U1392,,2023,WUR 2023,,,6.5,,,,4.710293091892417,32.2
U1392,,2023,WUR 2023,,,6.5,,,,7.085925565335147,32.2
U1392,,2023,WUR 2023,,,6.5,,,,3.355528220457925,32.2
U1392,,2023,WUR 2023,,,6.5,,,,,32.2
U1392,,2023,WUR 2023,,,10.6,,,,51.67418335352436,31.4
U1392,,2023,WUR 2023,,,10.6,,,,47.88418239895532,31.4
U1392,,2023,WUR 2023,,,10.6,,,,43.8055958895228,31.4
U1392,,2023,WUR 2023,,,10.6,,,,43.76365568588358,31.4
U1392,,2023,WUR 2023,,,10.6,,,,40.199930465075184,31.4
U1392,,2023,WUR 2023,,,10.6,,,,28.5527837078826,31.4
U1392,,2023,WUR 2023,,,10.6,,,,33.749021648384776,31.4
U1392,,2023,WUR 2023,,,10.6,,,,27.403396326452484,31.4
U1392,,2023,WUR 2023,,,10.6,,,,31.15712600491052,31.4
U1392,,2023,WUR 2023,,,10.6,,,,29.071708243361048,31.4
U1392,,2023,WUR 2023,,,10.6,,,,30.399950650658432,31.4
U1392,,2023,WUR 2023,,,10.6,,,,35.33147185564629,31.4
U1392,,2023,WUR 2023,,,10.6,,,,33.946773711772735,31.4
U1392,,2023,WUR 2023,,,10.6,,,,24.793802164462853,31.4
U1392,,2023,WUR 2023,,,10.6,,,,26.75785339223952,31.4
U1392,,2023,WUR 2023,,,10.6,,,,28.23732384975655,31.4
U1392,,2023,WUR 2023,,,10.6,,,,25.94141452924313,31.4
U1392,,2023,WUR 2023,,,10.6,,,,29.006413964994017,31.4
U1392,,2023,WUR 2023,,,10.6,,,,22.1526345493242,31.4
U1392,,2023,WUR 2023,,,10.6,,,,24.14081875648968,31.4
U1392,,2023,WUR 2023,,,10.6,,,,21.705412418739144,31.4
U1392,,2023,WUR 2023,,,10.6,,,,17.20997779422529,31.4
U1392,,2023,WUR 2023,,,10.6,,,,19.88491145208488,31.4
U1392,,2023,WUR 2023,,,10.6,,,,16.844436642582238,31.4
U1392,,2023,WUR 2023,,,10.6,,,,14.210401042301203,31.4
U1392,,2023,WUR 2023,,,10.6,,,,15.06262573119662,31.4
U1392,,2023,WUR 2023,,,10.6,,,,16.635504832291446,31.4
U1392,,2023,WUR 2023,,,10.6,,,,7.70819853141716,31.4
U1392,,2023,WUR 2023,,,10.6,,,,10.257737010756824,31.4
U1392,,2023,WUR 2023,,,10.6,,,,12.715623388297129,31.4
U1392,,2023,WUR 2023,,,10.6,,,,13.869534663513184,31.4
U1392,,2023,WUR 2023,,,10.6,,,,6.146807125772188,31.4
U1392,,2023,WUR 2023,,,10.6,,,,12.013271551458049,31.4
U1392,,2023,WUR 2023,,,10.6,,,,4.31948995228298,31.4
U1392,,2023,WUR 2023,,,10.6,,,,14.647984495642952,31.4
U1392,,2023,WUR 2023,,,10.6,,,,21.04078790243373,31.4
U1392,,2023,WUR 2023,,,10.6,,,,12.360347732600466,31.4
U1392,,2023,WUR 2023,,,10.6,,,,13.933106593924531,31.4
U1392,,2023,WUR 2023,,,10.6,,,,22.456205164243038,31.4
U1392,,2023,WUR 2023,,,10.6,,,,14.884108458641276,31.4
U1392,,2023,WUR 2023,,,10.6,,,,14.175358906529317,31.4
U1392,,2023,WUR 2023,,,10.6,,,,2.945328711444474,31.4
U1392,,2023,WUR 2023,,,10.6,,,,15.149877445256404,31.4
U1392,,2023,WUR 2023,,,10.6,,,,9.937988328617376,31.4
U1392,,2023,WUR 2023,,,10.6,,,,7.4295133641299556,31.4
U1392,,2023,WUR 2023,,,10.6,,,,8.39952199281354,31.4
U1392,,2023,WUR 2023,,,10.6,,,,6.571154201361318,31.4
U1392,,2023,WUR 2023,,,10.6,,,,3.277609582730025,31.4
U1392,,2023,WUR 2023,,,10.6,,,,3.1847189500491737,31.4
U1392,,2023,WUR 2023,,,10.6,,,,6.577730643152531,31.4
U1392,,2023,WUR 2023,,,10.6,,,,3.9478255545891,31.4
U1392,,2023,WUR 2023,,,10.6,,,,6.733954972267687,31.4
U1392,,2023,WUR 2023,,,10.6,,,,12.535658747363703,31.4
U1392,,2023,WUR 2023,,,10.6,,,,4.047134316765368,31.4
U1392,,2023,WUR 2023,,,10.6,,,,9.259582578959762,31.4
U1392,,2023,WUR 2023,,,10.6,,,,5.0147794888344,31.4
U1392,,2023,WUR 2023,,,10.6,,,,6.048745570521993,31.4
U1392,,2023,WUR 2023,,,10.6,,,,3.2088437637489795,31.4
U1392,,2023,WUR 2023,,,10.6,,,,3.833456710089624,31.4
U1392,,2023,WUR 2023,,,10.6,,,,9.782059903657936,31.4
U1392,,2023,WUR 2023,,,10.6,,,,5.158831633617945,31.4
U1392,,2023,WUR 2023,,,10.6,,,,6.656987637310143,31.4
U1392,,2023,WUR 2023,,,10.6,,,,7.980847008957106,31.4
U1392,,2023,WUR 2023,,,10.6,,,,6.152391640490189,31.4
U1392,,2023,WUR 2023,,,10.6,,,,5.302684637660615,31.4
U1392,,2023,WUR 2023,,,10.6,,,,4.124848199841193,31.4
U1392,,2023,WUR 2023,,,10.6,,,,3.813111589693071,31.4
U1392,,2023,WUR 2023,,,10.6,,,,5.302602674557117,31.4
U1392,,2023,WUR 2023,,,10.6,,,,8.157174958216169,31.4
U1392,,2023,WUR 2023,,,10.6,,,,5.076762069949905,31.4
U1392,,2023,WUR 2023,,,10.6,,,,6.288810601252746,31.4
U1392,,2023,WUR 2023,,,10.6,,,,6.328276090764572,31.4
U1392,,2023,WUR 2023,,,10.6,,,,11.75297653654587,31.4
U1392,,2023,WUR 2023,,,10.6,,,,10.117266439246784,31.4
U1392,,2023,WUR 2023,,,10.6,,,,4.437922656063465,31.4
U1392,,2023,WUR 2023,,,10.6,,,,4.710293091892417,31.4
U1392,,2023,WUR 2023,,,10.6,,,,7.085925565335147,31.4
U1392,,2023,WUR 2023,,,10.6,,,,3.355528220457925,31.4
U1392,,2023,WUR 2023,,,10.6,,,,,31.4
U1392,,2023,WUR 2023,,,9.0,,,,51.67418335352436,27.5
U1392,,2023,WUR 2023,,,9.0,,,,47.88418239895532,27.5
U1392,,2023,WUR 2023,,,9.0,,,,43.8055958895228,27.5
U1392,,2023,WUR 2023,,,9.0,,,,43.76365568588358,27.5
U1392,,2023,WUR 2023,,,9.0,,,,40.199930465075184,27.5
U1392,,2023,WUR 2023,,,9.0,,,,28.5527837078826,27.5
U1392,,2023,WUR 2023,,,9.0,,,,33.749021648384776,27.5
U1392,,2023,WUR 2023,,,9.0,,,,27.403396326452484,27.5
U1392,,2023,WUR 2023,,,9.0,,,,31.15712600491052,27.5
U1392,,2023,WUR 2023,,,9.0,,,,29.071708243361048,27.5
U1392,,2023,WUR 2023,,,9.0,,,,30.399950650658432,27.5
U1392,,2023,WUR 2023,,,9.0,,,,35.33147185564629,27.5
U1392,,2023,WUR 2023,,,9.0,,,,33.946773711772735,27.5
U1392,,2023,WUR 2023,,,9.0,,,,24.793802164462853,27.5
U1392,,2023,WUR 2023,,,9.0,,,,26.75785339223952,27.5
U1392,,2023,WUR 2023,,,9.0,,,,28.23732384975655,27.5
U1392,,2023,WUR 2023,,,9.0,,,,25.94141452924313,27.5
U1392,,2023,WUR 2023,,,9.0,,,,29.006413964994017,27.5
U1392,,2023,WUR 2023,,,9.0,,,,22.1526345493242,27.5
U1392,,2023,WUR 2023,,,9.0,,,,24.14081875648968,27.5
U1392,,2023,WUR 2023,,,9.0,,,,21.705412418739144,27.5
U1392,,2023,WUR 2023,,,9.0,,,,17.20997779422529,27.5
U1392,,2023,WUR 2023,,,9.0,,,,19.88491145208488,27.5
U1392,,2023,WUR 2023,,,9.0,,,,16.844436642582238,27.5
U1392,,2023,WUR 2023,,,9.0,,,,14.210401042301203,27.5
U1392,,2023,WUR 2023,,,9.0,,,,15.06262573119662,27.5
U1392,,2023,WUR 2023,,,9.0,,,,16.635504832291446,27.5
U1392,,2023,WUR 2023,,,9.0,,,,7.70819853141716,27.5
U1392,,2023,WUR 2023,,,9.0,,,,10.257737010756824,27.5
U1392,,2023,WUR 2023,,,9.0,,,,12.715623388297129,27.5
U1392,,2023,WUR 2023,,,9.0,,,,13.869534663513184,27.5
U1392,,2023,WUR 2023,,,9.0,,,,6.146807125772188,27.5
U1392,,2023,WUR 2023,,,9.0,,,,12.013271551458049,27.5
U1392,,2023,WUR 2023,,,9.0,,,,4.31948995228298,27.5
U1392,,2023,WUR 2023,,,9.0,,,,14.647984495642952,27.5
U1392,,2023,WUR 2023,,,9.0,,,,21.04078790243373,27.5
U1392,,2023,WUR 2023,,,9.0,,,,12.360347732600466,27.5
U1392,,2023,WUR 2023,,,9.0,,,,13.933106593924531,27.5
U1392,,2023,WUR 2023,,,9.0,,,,22.456205164243038,27.5
U1392,,2023,WUR 2023,,,9.0,,,,14.884108458641276,27.5
U1392,,2023,WUR 2023,,,9.0,,,,14.175358906529317,27.5
U1392,,2023,WUR 2023,,,9.0,,,,2.945328711444474,27.5
U1392,,2023,WUR 2023,,,9.0,,,,15.149877445256404,27.5
U1392,,2023,WUR 2023,,,9.0,,,,9.937988328617376,27.5
U1392,,2023,WUR 2023,,,9.0,,,,7.4295133641299556,27.5
U1392,,2023,WUR 2023,,,9.0,,,,8.39952199281354,27.5
U1392,,2023,WUR 2023,,,9.0,,,,6.571154201361318,27.5
U1392,,2023,WUR 2023,,,9.0,,,,3.277609582730025,27.5
U1392,,2023,WUR 2023,,,9.0,,,,3.1847189500491737,27.5
U1392,,2023,WUR 2023,,,9.0,,,,6.577730643152531,27.5
U1392,,2023,WUR 2023,,,9.0,,,,3.9478255545891,27.5
U1392,,2023,WUR 2023,,,9.0,,,,6.733954972267687,27.5
U1392,,2023,WUR 2023,,,9.0,,,,12.535658747363703,27.5
U1392,,2023,WUR 2023,,,9.0,,,,4.047134316765368,27.5
U1392,,2023,WUR 2023,,,9.0,,,,9.259582578959762,27.5
U1392,,2023,WUR 2023,,,9.0,,,,5.0147794888344,27.5
U1392,,2023,WUR 2023,,,9.0,,,,6.048745570521993,27.5
U1392,,2023,WUR 2023,,,9.0,,,,3.2088437637489795,27.5
U1392,,2023,WUR 2023,,,9.0,,,,3.833456710089624,27.5
U1392,,2023,WUR 2023,,,9.0,,,,9.782059903657936,27.5
U1392,,2023,WUR 2023,,,9.0,,,,5.158831633617945,27.5
U1392,,2023,WUR 2023,,,9.0,,,,6.656987637310143,27.5
U1392,,2023,WUR 2023,,,9.0,,,,7.980847008957106,27.5
U1392,,2023,WUR 2023,,,9.0,,,,6.152391640490189,27.5
U1392,,2023,WUR 2023,,,9.0,,,,5.302684637660615,27.5
U1392,,2023,WUR 2023,,,9.0,,,,4.124848199841193,27.5
U1392,,2023,WUR 2023,,,9.0,,,,3.813111589693071,27.5
U1392,,2023,WUR 2023,,,9.0,,,,5.302602674557117,27.5
U1392,,2023,WUR 2023,,,9.0,,,,8.157174958216169,27.5
U1392,,2023,WUR 2023,,,9.0,,,,5.076762069949905,27.5
U1392,,2023,WUR 2023,,,9.0,,,,6.288810601252746,27.5
U1392,,2023,WUR 2023,,,9.0,,,,6.328276090764572,27.5
U1392,,2023,WUR 2023,,,9.0,,,,11.75297653654587,27.5
U1392,,2023,WUR 2023,,,9.0,,,,10.117266439246784,27.5
U1392,,2023,WUR 2023,,,9.0,,,,4.437922656063465,27.5
U1392,,2023,WUR 2023,,,9.0,,,,4.710293091892417,27.5
U1392,,2023,WUR 2023,,,9.0,,,,7.085925565335147,27.5
U1392,,2023,WUR 2023,,,9.0,,,,3.355528220457925,27.5
U1392,,2023,WUR 2023,,,9.0,,,,,27.5
U1392,,2023,WUR 2023,,,3.9,,,,51.67418335352436,24.9
U1392,,2023,WUR 2023,,,3.9,,,,47.88418239895532,24.9
U1392,,2023,WUR 2023,,,3.9,,,,43.8055958895228,24.9
U1392,,2023,WUR 2023,,,3.9,,,,43.76365568588358,24.9
U1392,,2023,WUR 2023,,,3.9,,,,40.199930465075184,24.9
U1392,,2023,WUR 2023,,,3.9,,,,28.5527837078826,24.9
U1392,,2023,WUR 2023,,,3.9,,,,33.749021648384776,24.9
U1392,,2023,WUR 2023,,,3.9,,,,27.403396326452484,24.9
U1392,,2023,WUR 2023,,,3.9,,,,31.15712600491052,24.9
U1392,,2023,WUR 2023,,,3.9,,,,29.071708243361048,24.9
U1392,,2023,WUR 2023,,,3.9,,,,30.399950650658432,24.9
U1392,,2023,WUR 2023,,,3.9,,,,35.33147185564629,24.9
U1392,,2023,WUR 2023,,,3.9,,,,33.946773711772735,24.9
U1392,,2023,WUR 2023,,,3.9,,,,24.793802164462853,24.9
U1392,,2023,WUR 2023,,,3.9,,,,26.75785339223952,24.9
U1392,,2023,WUR 2023,,,3.9,,,,28.23732384975655,24.9
U1392,,2023,WUR 2023,,,3.9,,,,25.94141452924313,24.9
U1392,,2023,WUR 2023,,,3.9,,,,29.006413964994017,24.9
U1392,,2023,WUR 2023,,,3.9,,,,22.1526345493242,24.9
U1392,,2023,WUR 2023,,,3.9,,,,24.14081875648968,24.9
U1392,,2023,WUR 2023,,,3.9,,,,21.705412418739144,24.9
U1392,,2023,WUR 2023,,,3.9,,,,17.20997779422529,24.9
U1392,,2023,WUR 2023,,,3.9,,,,19.88491145208488,24.9
U1392,,2023,WUR 2023,,,3.9,,,,16.844436642582238,24.9
U1392,,2023,WUR 2023,,,3.9,,,,14.210401042301203,24.9
U1392,,2023,WUR 2023,,,3.9,,,,15.06262573119662,24.9
U1392,,2023,WUR 2023,,,3.9,,,,16.635504832291446,24.9
U1392,,2023,WUR 2023,,,3.9,,,,7.70819853141716,24.9
U1392,,2023,WUR 2023,,,3.9,,,,10.257737010756824,24.9
U1392,,2023,WUR 2023,,,3.9,,,,12.715623388297129,24.9
U1392,,2023,WUR 2023,,,3.9,,,,13.869534663513184,24.9
U1392,,2023,WUR 2023,,,3.9,,,,6.146807125772188,24.9
U1392,,2023,WUR 2023,,,3.9,,,,12.013271551458049,24.9
U1392,,2023,WUR 2023,,,3.9,,,,4.31948995228298,24.9
U1392,,2023,WUR 2023,,,3.9,,,,14.647984495642952,24.9
U1392,,2023,WUR 2023,,,3.9,,,,21.04078790243373,24.9
U1392,,2023,WUR 2023,,,3.9,,,,12.360347732600466,24.9
U1392,,2023,WUR 2023,,,3.9,,,,13.933106593924531,24.9
U1392,,2023,WUR 2023,,,3.9,,,,22.456205164243038,24.9
U1392,,2023,WUR 2023,,,3.9,,,,14.884108458641276,24.9
U1392,,2023,WUR 2023,,,3.9,,,,14.175358906529317,24.9
U1392,,2023,WUR 2023,,,3.9,,,,2.945328711444474,24.9
U1392,,2023,WUR 2023,,,3.9,,,,15.149877445256404,24.9
U1392,,2023,WUR 2023,,,3.9,,,,9.937988328617376,24.9
U1392,,2023,WUR 2023,,,3.9,,,,7.4295133641299556,24.9
U1392,,2023,WUR 2023,,,3.9,,,,8.39952199281354,24.9
U1392,,2023,WUR 2023,,,3.9,,,,6.571154201361318,24.9
U1392,,2023,WUR 2023,,,3.9,,,,3.277609582730025,24.9
U1392,,2023,WUR 2023,,,3.9,,,,3.1847189500491737,24.9
U1392,,2023,WUR 2023,,,3.9,,,,6.577730643152531,24.9
U1392,,2023,WUR 2023,,,3.9,,,,3.9478255545891,24.9
U1392,,2023,WUR 2023,,,3.9,,,,6.733954972267687,24.9
U1392,,2023,WUR 2023,,,3.9,,,,12.535658747363703,24.9
U1392,,2023,WUR 2023,,,3.9,,,,4.047134316765368,24.9
U1392,,2023,WUR 2023,,,3.9,,,,9.259582578959762,24.9
U1392,,2023,WUR 2023,,,3.9,,,,5.0147794888344,24.9
U1392,,2023,WUR 2023,,,3.9,,,,6.048745570521993,24.9
U1392,,2023,WUR 2023,,,3.9,,,,3.2088437637489795,24.9
U1392,,2023,WUR 2023,,,3.9,,,,3.833456710089624,24.9
U1392,,2023,WUR 2023,,,3.9,,,,9.782059903657936,24.9
U1392,,2023,WUR 2023,,,3.9,,,,5.158831633617945,24.9
U1392,,2023,WUR 2023,,,3.9,,,,6.656987637310143,24.9
U1392,,2023,WUR 2023,,,3.9,,,,7.980847008957106,24.9
U1392,,2023,WUR 2023,,,3.9,,,,6.152391640490189,24.9
U1392,,2023,WUR 2023,,,3.9,,,,5.302684637660615,24.9
U1392,,2023,WUR 2023,,,3.9,,,,4.124848199841193,24.9
U1392,,2023,WUR 2023,,,3.9,,,,3.813111589693071,24.9
U1392,,2023,WUR 2023,,,3.9,,,,5.302602674557117,24.9
U1392,,2023,WUR 2023,,,3.9,,,,8.157174958216169,24.9
U1392,,2023,WUR 2023,,,3.9,,,,5.076762069949905,24.9
U1392,,2023,WUR 2023,,,3.9,,,,6.288810601252746,24.9
U1392,,2023,WUR 2023,,,3.9,,,,6.328276090764572,24.9
U1392,,2023,WUR 2023,,,3.9,,,,11.75297653654587,24.9
U1392,,2023,WUR 2023,,,3.9,,,,10.117266439246784,24.9
U1392,,2023,WUR 2023,,,3.9,,,,4.437922656063465,24.9
U1392,,2023,WUR 2023,,,3.9,,,,4.710293091892417,24.9
U1392,,2023,WUR 2023,,,3.9,,,,7.085925565335147,24.9
U1392,,2023,WUR 2023,,,3.9,,,,3.355528220457925,24.9
U1392,,2023,WUR 2023,,,3.9,,,,,24.9
U1392,,2023,WUR 2023,,,2.2,,,,51.67418335352436,20.9
U1392,,2023,WUR 2023,,,2.2,,,,47.88418239895532,20.9
U1392,,2023,WUR 2023,,,2.2,,,,43.8055958895228,20.9
U1392,,2023,WUR 2023,,,2.2,,,,43.76365568588358,20.9
U1392,,2023,WUR 2023,,,2.2,,,,40.199930465075184,20.9
U1392,,2023,WUR 2023,,,2.2,,,,28.5527837078826,20.9
U1392,,2023,WUR 2023,,,2.2,,,,33.749021648384776,20.9
U1392,,2023,WUR 2023,,,2.2,,,,27.403396326452484,20.9
U1392,,2023,WUR 2023,,,2.2,,,,31.15712600491052,20.9
U1392,,2023,WUR 2023,,,2.2,,,,29.071708243361048,20.9
U1392,,2023,WUR 2023,,,2.2,,,,30.399950650658432,20.9
U1392,,2023,WUR 2023,,,2.2,,,,35.33147185564629,20.9
U1392,,2023,WUR 2023,,,2.2,,,,33.946773711772735,20.9
U1392,,2023,WUR 2023,,,2.2,,,,24.793802164462853,20.9
U1392,,2023,WUR 2023,,,2.2,,,,26.75785339223952,20.9
U1392,,2023,WUR 2023,,,2.2,,,,28.23732384975655,20.9
U1392,,2023,WUR 2023,,,2.2,,,,25.94141452924313,20.9
U1392,,2023,WUR 2023,,,2.2,,,,29.006413964994017,20.9
U1392,,2023,WUR 2023,,,2.2,,,,22.1526345493242,20.9
U1392,,2023,WUR 2023,,,2.2,,,,24.14081875648968,20.9
U1392,,2023,WUR 2023,,,2.2,,,,21.705412418739144,20.9
U1392,,2023,WUR 2023,,,2.2,,,,17.20997779422529,20.9
U1392,,2023,WUR 2023,,,2.2,,,,19.88491145208488,20.9
U1392,,2023,WUR 2023,,,2.2,,,,16.844436642582238,20.9
U1392,,2023,WUR 2023,,,2.2,,,,14.210401042301203,20.9
U1392,,2023,WUR 2023,,,2.2,,,,15.06262573119662,20.9
U1392,,2023,WUR 2023,,,2.2,,,,16.635504832291446,20.9
U1392,,2023,WUR 2023,,,2.2,,,,7.70819853141716,20.9
U1392,,2023,WUR 2023,,,2.2,,,,10.257737010756824,20.9
U1392,,2023,WUR 2023,,,2.2,,,,12.715623388297129,20.9
U1392,,2023,WUR 2023,,,2.2,,,,13.869534663513184,20.9
U1392,,2023,WUR 2023,,,2.2,,,,6.146807125772188,20.9
U1392,,2023,WUR 2023,,,2.2,,,,12.013271551458049,20.9
U1392,,2023,WUR 2023,,,2.2,,,,4.31948995228298,20.9
U1392,,2023,WUR 2023,,,2.2,,,,14.647984495642952,20.9
U1392,,2023,WUR 2023,,,2.2,,,,21.04078790243373,20.9
U1392,,2023,WUR 2023,,,2.2,,,,12.360347732600466,20.9
U1392,,2023,WUR 2023,,,2.2,,,,13.933106593924531,20.9
U1392,,2023,WUR 2023,,,2.2,,,,22.456205164243038,20.9
U1392,,2023,WUR 2023,,,2.2,,,,14.884108458641276,20.9
U1392,,2023,WUR 2023,,,2.2,,,,14.175358906529317,20.9
U1392,,2023,WUR 2023,,,2.2,,,,2.945328711444474,20.9
U1392,,2023,WUR 2023,,,2.2,,,,15.149877445256404,20.9
U1392,,2023,WUR 2023,,,2.2,,,,9.937988328617376,20.9
U1392,,2023,WUR 2023,,,2.2,,,,7.4295133641299556,20.9
U1392,,2023,WUR 2023,,,2.2,,,,8.39952199281354,20.9
U1392,,2023,WUR 2023,,,2.2,,,,6.571154201361318,20.9
U1392,,2023,WUR 2023,,,2.2,,,,3.277609582730025,20.9
U1392,,2023,WUR 2023,,,2.2,,,,3.1847189500491737,20.9
U1392,,2023,WUR 2023,,,2.2,,,,6.577730643152531,20.9
U1392,,2023,WUR 2023,,,2.2,,,,3.9478255545891,20.9
U1392,,2023,WUR 2023,,,2.2,,,,6.733954972267687,20.9
U1392,,2023,WUR 2023,,,2.2,,,,12.535658747363703,20.9
U1392,,2023,WUR 2023,,,2.2,,,,4.047134316765368,20.9
U1392,,2023,WUR 2023,,,2.2,,,,9.259582578959762,20.9
U1392,,2023,WUR 2023,,,2.2,,,,5.0147794888344,20.9
U1392,,2023,WUR 2023,,,2.2,,,,6.048745570521993,20.9
U1392,,2023,WUR 2023,,,2.2,,,,3.2088437637489795,20.9
U1392,,2023,WUR 2023,,,2.2,,,,3.833456710089624,20.9
U1392,,2023,WUR 2023,,,2.2,,,,9.782059903657936,20.9
U1392,,2023,WUR 2023,,,2.2,,,,5.158831633617945,20.9
U1392,,2023,WUR 2023,,,2.2,,,,6.656987637310143,20.9
U1392,,2023,WUR 2023,,,2.2,,,,7.980847008957106,20.9
U1392,,2023,WUR 2023,,,2.2,,,,6.152391640490189,20.9
U1392,,2023,WUR 2023,,,2.2,,,,5.302684637660615,20.9
U1392,,2023,WUR 2023,,,2.2,,,,4.124848199841193,20.9
U1392,,2023,WUR 2023,,,2.2,,,,3.813111589693071,20.9
U1392,,2023,WUR 2023,,,2.2,,,,5.302602674557117,20.9
U1392,,2023,WUR 2023,,,2.2,,,,8.157174958216169,20.9
U1392,,2023,WUR 2023,,,2.2,,,,5.076762069949905,20.9
U1392,,2023,WUR 2023,,,2.2,,,,6.288810601252746,20.9
U1392,,2023,WUR 2023,,,2.2,,,,6.328276090764572,20.9
U1392,,2023,WUR 2023,,,2.2,,,,11.75297653654587,20.9
U1392,,2023,WUR 2023,,,2.2,,,,10.117266439246784,20.9
U1392,,2023,WUR 2023,,,2.2,,,,4.437922656063465,20.9
U1392,,2023,WUR 2023,,,2.2,,,,4.710293091892417,20.9
U1392,,2023,WUR 2023,,,2.2,,,,7.085925565335147,20.9
U1392,,2023,WUR 2023,,,2.2,,,,3.355528220457925,20.9
U1392,,2023,WUR 2023,,,2.2,,,,,20.9
U1392,,2023,WUR 2023,,,3.8,,,,51.67418335352436,21.9
U1392,,2023,WUR 2023,,,3.8,,,,47.88418239895532,21.9
U1392,,2023,WUR 2023,,,3.8,,,,43.8055958895228,21.9
U1392,,2023,WUR 2023,,,3.8,,,,43.76365568588358,21.9
U1392,,2023,WUR 2023,,,3.8,,,,40.199930465075184,21.9
U1392,,2023,WUR 2023,,,3.8,,,,28.5527837078826,21.9
U1392,,2023,WUR 2023,,,3.8,,,,33.749021648384776,21.9
U1392,,2023,WUR 2023,,,3.8,,,,27.403396326452484,21.9
U1392,,2023,WUR 2023,,,3.8,,,,31.15712600491052,21.9
U1392,,2023,WUR 2023,,,3.8,,,,29.071708243361048,21.9
U1392,,2023,WUR 2023,,,3.8,,,,30.399950650658432,21.9
U1392,,2023,WUR 2023,,,3.8,,,,35.33147185564629,21.9
U1392,,2023,WUR 2023,,,3.8,,,,33.946773711772735,21.9
U1392,,2023,WUR 2023,,,3.8,,,,24.793802164462853,21.9
U1392,,2023,WUR 2023,,,3.8,,,,26.75785339223952,21.9
U1392,,2023,WUR 2023,,,3.8,,,,28.23732384975655,21.9
U1392,,2023,WUR 2023,,,3.8,,,,25.94141452924313,21.9
U1392,,2023,WUR 2023,,,3.8,,,,29.006413964994017,21.9
U1392,,2023,WUR 2023,,,3.8,,,,22.1526345493242,21.9
U1392,,2023,WUR 2023,,,3.8,,,,24.14081875648968,21.9
U1392,,2023,WUR 2023,,,3.8,,,,21.705412418739144,21.9
U1392,,2023,WUR 2023,,,3.8,,,,17.20997779422529,21.9
U1392,,2023,WUR 2023,,,3.8,,,,19.88491145208488,21.9
U1392,,2023,WUR 2023,,,3.8,,,,16.844436642582238,21.9
U1392,,2023,WUR 2023,,,3.8,,,,14.210401042301203,21.9
U1392,,2023,WUR 2023,,,3.8,,,,15.06262573119662,21.9
U1392,,2023,WUR 2023,,,3.8,,,,16.635504832291446,21.9
U1392,,2023,WUR 2023,,,3.8,,,,7.70819853141716,21.9
U1392,,2023,WUR 2023,,,3.8,,,,10.257737010756824,21.9
U1392,,2023,WUR 2023,,,3.8,,,,12.715623388297129,21.9
U1392,,2023,WUR 2023,,,3.8,,,,13.869534663513184,21.9
U1392,,2023,WUR 2023,,,3.8,,,,6.146807125772188,21.9
U1392,,2023,WUR 2023,,,3.8,,,,12.013271551458049,21.9
U1392,,2023,WUR 2023,,,3.8,,,,4.31948995228298,21.9
U1392,,2023,WUR 2023,,,3.8,,,,14.647984495642952,21.9
U1392,,2023,WUR 2023,,,3.8,,,,21.04078790243373,21.9
U1392,,2023,WUR 2023,,,3.8,,,,12.360347732600466,21.9
U1392,,2023,WUR 2023,,,3.8,,,,13.933106593924531,21.9
U1392,,2023,WUR 2023,,,3.8,,,,22.456205164243038,21.9
U1392,,2023,WUR 2023,,,3.8,,,,14.884108458641276,21.9
U1392,,2023,WUR 2023,,,3.8,,,,14.175358906529317,21.9
U1392,,2023,WUR 2023,,,3.8,,,,2.945328711444474,21.9
U1392,,2023,WUR 2023,,,3.8,,,,15.149877445256404,21.9
U1392,,2023,WUR 2023,,,3.8,,,,9.937988328617376,21.9
U1392,,2023,WUR 2023,,,3.8,,,,7.4295133641299556,21.9
U1392,,2023,WUR 2023,,,3.8,,,,8.39952199281354,21.9
U1392,,2023,WUR 2023,,,3.8,,,,6.571154201361318,21.9
U1392,,2023,WUR 2023,,,3.8,,,,3.277609582730025,21.9
U1392,,2023,WUR 2023,,,3.8,,,,3.1847189500491737,21.9
U1392,,2023,WUR 2023,,,3.8,,,,6.577730643152531,21.9
U1392,,2023,WUR 2023,,,3.8,,,,3.9478255545891,21.9
U1392,,2023,WUR 2023,,,3.8,,,,6.733954972267687,21.9
U1392,,2023,WUR 2023,,,3.8,,,,12.535658747363703,21.9
U1392,,2023,WUR 2023,,,3.8,,,,4.047134316765368,21.9
U1392,,2023,WUR 2023,,,3.8,,,,9.259582578959762,21.9
U1392,,2023,WUR 2023,,,3.8,,,,5.0147794888344,21.9
U1392,,2023,WUR 2023,,,3.8,,,,6.048745570521993,21.9
U1392,,2023,WUR 2023,,,3.8,,,,3.2088437637489795,21.9
U1392,,2023,WUR 2023,,,3.8,,,,3.833456710089624,21.9
U1392,,2023,WUR 2023,,,3.8,,,,9.782059903657936,21.9
U1392,,2023,WUR 2023,,,3.8,,,,5.158831633617945,21.9
U1392,,2023,WUR 2023,,,3.8,,,,6.656987637310143,21.9
U1392,,2023,WUR 2023,,,3.8,,,,7.980847008957106,21.9
U1392,,2023,WUR 2023,,,3.8,,,,6.152391640490189,21.9
U1392,,2023,WUR 2023,,,3.8,,,,5.302684637660615,21.9
U1392,,2023,WUR 2023,,,3.8,,,,4.124848199841193,21.9
U1392,,2023,WUR 2023,,,3.8,,,,3.813111589693071,21.9
U1392,,2023,WUR 2023,,,3.8,,,,5.302602674557117,21.9
U1392,,2023,WUR 2023,,,3.8,,,,8.157174958216169,21.9
U1392,,2023,WUR 2023,,,3.8,,,,5.076762069949905,21.9
U1392,,2023,WUR 2023,,,3.8,,,,6.288810601252746,21.9
U1392,,2023,WUR 2023,,,3.8,,,,6.328276090764572,21.9
U1392,,2023,WUR 2023,,,3.8,,,,11.75297653654587,21.9
U1392,,2023,WUR 2023,,,3.8,,,,10.117266439246784,21.9
U1392,,2023,WUR 2023,,,3.8,,,,4.437922656063465,21.9
U1392,,2023,WUR 2023,,,3.8,,,,4.710293091892417,21.9
U1392,,2023,WUR 2023,,,3.8,,,,7.085925565335147,21.9
U1392,,2023,WUR 2023,,,3.8,,,,3.355528220457925,21.9
U1392,,2023,WUR 2023,,,3.8,,,,,21.9
U1392,,2023,WUR 2023,,,1.4,,,,51.67418335352436,33.7
U1392,,2023,WUR 2023,,,1.4,,,,47.88418239895532,33.7
U1392,,2023,WUR 2023,,,1.4,,,,43.8055958895228,33.7
U1392,,2023,WUR 2023,,,1.4,,,,43.76365568588358,33.7
U1392,,2023,WUR 2023,,,1.4,,,,40.199930465075184,33.7
U1392,,2023,WUR 2023,,,1.4,,,,28.5527837078826,33.7
U1392,,2023,WUR 2023,,,1.4,,,,33.749021648384776,33.7
U1392,,2023,WUR 2023,,,1.4,,,,27.403396326452484,33.7
U1392,,2023,WUR 2023,,,1.4,,,,31.15712600491052,33.7
U1392,,2023,WUR 2023,,,1.4,,,,29.071708243361048,33.7
U1392,,2023,WUR 2023,,,1.4,,,,30.399950650658432,33.7
U1392,,2023,WUR 2023,,,1.4,,,,35.33147185564629,33.7
U1392,,2023,WUR 2023,,,1.4,,,,33.946773711772735,33.7
U1392,,2023,WUR 2023,,,1.4,,,,24.793802164462853,33.7
U1392,,2023,WUR 2023,,,1.4,,,,26.75785339223952,33.7
U1392,,2023,WUR 2023,,,1.4,,,,28.23732384975655,33.7
U1392,,2023,WUR 2023,,,1.4,,,,25.94141452924313,33.7
U1392,,2023,WUR 2023,,,1.4,,,,29.006413964994017,33.7
U1392,,2023,WUR 2023,,,1.4,,,,22.1526345493242,33.7
U1392,,2023,WUR 2023,,,1.4,,,,24.14081875648968,33.7
U1392,,2023,WUR 2023,,,1.4,,,,21.705412418739144,33.7
U1392,,2023,WUR 2023,,,1.4,,,,17.20997779422529,33.7
U1392,,2023,WUR 2023,,,1.4,,,,19.88491145208488,33.7
U1392,,2023,WUR 2023,,,1.4,,,,16.844436642582238,33.7
U1392,,2023,WUR 2023,,,1.4,,,,14.210401042301203,33.7
U1392,,2023,WUR 2023,,,1.4,,,,15.06262573119662,33.7
U1392,,2023,WUR 2023,,,1.4,,,,16.635504832291446,33.7
U1392,,2023,WUR 2023,,,1.4,,,,7.70819853141716,33.7
U1392,,2023,WUR 2023,,,1.4,,,,10.257737010756824,33.7
U1392,,2023,WUR 2023,,,1.4,,,,12.715623388297129,33.7
U1392,,2023,WUR 2023,,,1.4,,,,13.869534663513184,33.7
U1392,,2023,WUR 2023,,,1.4,,,,6.146807125772188,33.7
U1392,,2023,WUR 2023,,,1.4,,,,12.013271551458049,33.7
U1392,,2023,WUR 2023,,,1.4,,,,4.31948995228298,33.7
U1392,,2023,WUR 2023,,,1.4,,,,14.647984495642952,33.7
U1392,,2023,WUR 2023,,,1.4,,,,21.04078790243373,33.7
U1392,,2023,WUR 2023,,,1.4,,,,12.360347732600466,33.7
U1392,,2023,WUR 2023,,,1.4,,,,13.933106593924531,33.7
U1392,,2023,WUR 2023,,,1.4,,,,22.456205164243038,33.7
U1392,,2023,WUR 2023,,,1.4,,,,14.884108458641276,33.7
U1392,,2023,WUR 2023,,,1.4,,,,14.175358906529317,33.7
U1392,,2023,WUR 2023,,,1.4,,,,2.945328711444474,33.7
U1392,,2023,WUR 2023,,,1.4,,,,15.149877445256404,33.7
U1392,,2023,WUR 2023,,,1.4,,,,9.937988328617376,33.7
U1392,,2023,WUR 2023,,,1.4,,,,7.4295133641299556,33.7
U1392,,2023,WUR 2023,,,1.4,,,,8.39952199281354,33.7
U1392,,2023,WUR 2023,,,1.4,,,,6.571154201361318,33.7
U1392,,2023,WUR 2023,,,1.4,,,,3.277609582730025,33.7
U1392,,2023,WUR 2023,,,1.4,,,,3.1847189500491737,33.7
U1392,,2023,WUR 2023,,,1.4,,,,6.577730643152531,33.7
U1392,,2023,WUR 2023,,,1.4,,,,3.9478255545891,33.7
U1392,,2023,WUR 2023,,,1.4,,,,6.733954972267687,33.7
U1392,,2023,WUR 2023,,,1.4,,,,12.535658747363703,33.7
U1392,,2023,WUR 2023,,,1.4,,,,4.047134316765368,33.7
U1392,,2023,WUR 2023,,,1.4,,,,9.259582578959762,33.7
U1392,,2023,WUR 2023,,,1.4,,,,5.0147794888344,33.7
U1392,,2023,WUR 2023,,,1.4,,,,6.048745570521993,33.7
U1392,,2023,WUR 2023,,,1.4,,,,3.2088437637489795,33.7
U1392,,2023,WUR 2023,,,1.4,,,,3.833456710089624,33.7
U1392,,2023,WUR 2023,,,1.4,,,,9.782059903657936,33.7
U1392,,2023,WUR 2023,,,1.4,,,,5.158831633617945,33.7
U1392,,2023,WUR 2023,,,1.4,,,,6.656987637310143,33.7
U1392,,2023,WUR 2023,,,1.4,,,,7.980847008957106,33.7
U1392,,2023,WUR 2023,,,1.4,,,,6.152391640490189,33.7
U1392,,2023,WUR 2023,,,1.4,,,,5.302684637660615,33.7
U1392,,2023,WUR 2023,,,1.4,,,,4.124848199841193,33.7
U1392,,2023,WUR 2023,,,1.4,,,,3.813111589693071,33.7
U1392,,2023,WUR 2023,,,1.4,,,,5.302602674557117,33.7
U1392,,2023,WUR 2023,,,1.4,,,,8.157174958216169,33.7
U1392,,2023,WUR 2023,,,1.4,,,,5.076762069949905,33.7
U1392,,2023,WUR 2023,,,1.4,,,,6.288810601252746,33.7
U1392,,2023,WUR 2023,,,1.4,,,,6.328276090764572,33.7
U1392,,2023,WUR 2023,,,1.4,,,,11.75297653654587,33.7
U1392,,2023,WUR 2023,,,1.4,,,,10.117266439246784,33.7
U1392,,2023,WUR 2023,,,1.4,,,,4.437922656063465,33.7
U1392,,2023,WUR 2023,,,1.4,,,,4.710293091892417,33.7
U1392,,2023,WUR 2023,,,1.4,,,,7.085925565335147,33.7
U1392,,2023,WUR 2023,,,1.4,,,,3.355528220457925,33.7
U1392,,2023,WUR 2023,,,1.4,,,,,33.7
U1392,,2023,WUR 2023,,,6.5,,,,51.67418335352436,21.0
U1392,,2023,WUR 2023,,,6.5,,,,47.88418239895532,21.0
U1392,,2023,WUR 2023,,,6.5,,,,43.8055958895228,21.0
U1392,,2023,WUR 2023,,,6.5,,,,43.76365568588358,21.0
U1392,,2023,WUR 2023,,,6.5,,,,40.199930465075184,21.0
U1392,,2023,WUR 2023,,,6.5,,,,28.5527837078826,21.0
U1392,,2023,WUR 2023,,,6.5,,,,33.749021648384776,21.0
U1392,,2023,WUR 2023,,,6.5,,,,27.403396326452484,21.0
U1392,,2023,WUR 2023,,,6.5,,,,31.15712600491052,21.0
U1392,,2023,WUR 2023,,,6.5,,,,29.071708243361048,21.0
U1392,,2023,WUR 2023,,,6.5,,,,30.399950650658432,21.0
U1392,,2023,WUR 2023,,,6.5,,,,35.33147185564629,21.0
U1392,,2023,WUR 2023,,,6.5,,,,33.946773711772735,21.0
U1392,,2023,WUR 2023,,,6.5,,,,24.793802164462853,21.0
U1392,,2023,WUR 2023,,,6.5,,,,26.75785339223952,21.0
U1392,,2023,WUR 2023,,,6.5,,,,28.23732384975655,21.0
U1392,,2023,WUR 2023,,,6.5,,,,25.94141452924313,21.0
U1392,,2023,WUR 2023,,,6.5,,,,29.006413964994017,21.0
U1392,,2023,WUR 2023,,,6.5,,,,22.1526345493242,21.0
U1392,,2023,WUR 2023,,,6.5,,,,24.14081875648968,21.0
U1392,,2023,WUR 2023,,,6.5,,,,21.705412418739144,21.0
U1392,,2023,WUR 2023,,,6.5,,,,17.20997779422529,21.0
U1392,,2023,WUR 2023,,,6.5,,,,19.88491145208488,21.0
U1392,,2023,WUR 2023,,,6.5,,,,16.844436642582238,21.0
U1392,,2023,WUR 2023,,,6.5,,,,14.210401042301203,21.0
U1392,,2023,WUR 2023,,,6.5,,,,15.06262573119662,21.0
U1392,,2023,WUR 2023,,,6.5,,,,16.635504832291446,21.0
U1392,,2023,WUR 2023,,,6.5,,,,7.70819853141716,21.0
U1392,,2023,WUR 2023,,,6.5,,,,10.257737010756824,21.0
U1392,,2023,WUR 2023,,,6.5,,,,12.715623388297129,21.0
U1392,,2023,WUR 2023,,,6.5,,,,13.869534663513184,21.0
U1392,,2023,WUR 2023,,,6.5,,,,6.146807125772188,21.0
U1392,,2023,WUR 2023,,,6.5,,,,12.013271551458049,21.0
U1392,,2023,WUR 2023,,,6.5,,,,4.31948995228298,21.0
U1392,,2023,WUR 2023,,,6.5,,,,14.647984495642952,21.0
U1392,,2023,WUR 2023,,,6.5,,,,21.04078790243373,21.0
U1392,,2023,WUR 2023,,,6.5,,,,12.360347732600466,21.0
U1392,,2023,WUR 2023,,,6.5,,,,13.933106593924531,21.0
U1392,,2023,WUR 2023,,,6.5,,,,22.456205164243038,21.0
U1392,,2023,WUR 2023,,,6.5,,,,14.884108458641276,21.0
U1392,,2023,WUR 2023,,,6.5,,,,14.175358906529317,21.0
U1392,,2023,WUR 2023,,,6.5,,,,2.945328711444474,21.0
U1392,,2023,WUR 2023,,,6.5,,,,15.149877445256404,21.0
U1392,,2023,WUR 2023,,,6.5,,,,9.937988328617376,21.0
U1392,,2023,WUR 2023,,,6.5,,,,7.4295133641299556,21.0
U1392,,2023,WUR 2023,,,6.5,,,,8.39952199281354,21.0
U1392,,2023,WUR 2023,,,6.5,,,,6.571154201361318,21.0
U1392,,2023,WUR 2023,,,6.5,,,,3.277609582730025,21.0
U1392,,2023,WUR 2023,,,6.5,,,,3.1847189500491737,21.0
U1392,,2023,WUR 2023,,,6.5,,,,6.577730643152531,21.0
U1392,,2023,WUR 2023,,,6.5,,,,3.9478255545891,21.0
U1392,,2023,WUR 2023,,,6.5,,,,6.733954972267687,21.0
U1392,,2023,WUR 2023,,,6.5,,,,12.535658747363703,21.0
U1392,,2023,WUR 2023,,,6.5,,,,4.047134316765368,21.0
U1392,,2023,WUR 2023,,,6.5,,,,9.259582578959762,21.0
U1392,,2023,WUR 2023,,,6.5,,,,5.0147794888344,21.0
U1392,,2023,WUR 2023,,,6.5,,,,6.048745570521993,21.0
U1392,,2023,WUR 2023,,,6.5,,,,3.2088437637489795,21.0
U1392,,2023,WUR 2023,,,6.5,,,,3.833456710089624,21.0
U1392,,2023,WUR 2023,,,6.5,,,,9.782059903657936,21.0
U1392,,2023,WUR 2023,,,6.5,,,,5.158831633617945,21.0
U1392,,2023,WUR 2023,,,6.5,,,,6.656987637310143,21.0
U1392,,2023,WUR 2023,,,6.5,,,,7.980847008957106,21.0
U1392,,2023,WUR 2023,,,6.5,,,,6.152391640490189,21.0
U1392,,2023,WUR 2023,,,6.5,,,,5.302684637660615,21.0
U1392,,2023,WUR 2023,,,6.5,,,,4.124848199841193,21.0
U1392,,2023,WUR 2023,,,6.5,,,,3.813111589693071,21.0
U1392,,2023,WUR 2023,,,6.5,,,,5.302602674557117,21.0
U1392,,2023,WUR 2023,,,6.5,,,,8.157174958216169,21.0
U1392,,2023,WUR 2023,,,6.5,,,,5.076762069949905,21.0
U1392,,2023,WUR 2023,,,6.5,,,,6.288810601252746,21.0
U1392,,2023,WUR 2023,,,6.5,,,,6.328276090764572,21.0
U1392,,2023,WUR 2023,,,6.5,,,,11.75297653654587,21.0
U1392,,2023,WUR 2023,,,6.5,,,,10.117266439246784,21.0
U1392,,2023,WUR 2023,,,6.5,,,,4.437922656063465,21.0
U1392,,2023,WUR 2023,,,6.5,,,,4.710293091892417,21.0
U1392,,2023,WUR 2023,,,6.5,,,,7.085925565335147,21.0
U1392,,2023,WUR 2023,,,6.5,,,,3.355528220457925,21.0
U1392,,2023,WUR 2023,,,6.5,,,,,21.0
U1392,,2023,WUR 2023,,,7.1,,,,51.67418335352436,18.4
U1392,,2023,WUR 2023,,,7.1,,,,47.88418239895532,18.4
U1392,,2023,WUR 2023,,,7.1,,,,43.8055958895228,18.4
U1392,,2023,WUR 2023,,,7.1,,,,43.76365568588358,18.4
U1392,,2023,WUR 2023,,,7.1,,,,40.199930465075184,18.4
U1392,,2023,WUR 2023,,,7.1,,,,28.5527837078826,18.4
U1392,,2023,WUR 2023,,,7.1,,,,33.749021648384776,18.4
U1392,,2023,WUR 2023,,,7.1,,,,27.403396326452484,18.4
U1392,,2023,WUR 2023,,,7.1,,,,31.15712600491052,18.4
U1392,,2023,WUR 2023,,,7.1,,,,29.071708243361048,18.4
U1392,,2023,WUR 2023,,,7.1,,,,30.399950650658432,18.4
U1392,,2023,WUR 2023,,,7.1,,,,35.33147185564629,18.4
U1392,,2023,WUR 2023,,,7.1,,,,33.946773711772735,18.4
U1392,,2023,WUR 2023,,,7.1,,,,24.793802164462853,18.4
U1392,,2023,WUR 2023,,,7.1,,,,26.75785339223952,18.4
U1392,,2023,WUR 2023,,,7.1,,,,28.23732384975655,18.4
U1392,,2023,WUR 2023,,,7.1,,,,25.94141452924313,18.4
U1392,,2023,WUR 2023,,,7.1,,,,29.006413964994017,18.4
U1392,,2023,WUR 2023,,,7.1,,,,22.1526345493242,18.4
U1392,,2023,WUR 2023,,,7.1,,,,24.14081875648968,18.4
U1392,,2023,WUR 2023,,,7.1,,,,21.705412418739144,18.4
U1392,,2023,WUR 2023,,,7.1,,,,17.20997779422529,18.4
U1392,,2023,WUR 2023,,,7.1,,,,19.88491145208488,18.4
U1392,,2023,WUR 2023,,,7.1,,,,16.844436642582238,18.4
U1392,,2023,WUR 2023,,,7.1,,,,14.210401042301203,18.4
U1392,,2023,WUR 2023,,,7.1,,,,15.06262573119662,18.4
U1392,,2023,WUR 2023,,,7.1,,,,16.635504832291446,18.4
U1392,,2023,WUR 2023,,,7.1,,,,7.70819853141716,18.4
U1392,,2023,WUR 2023,,,7.1,,,,10.257737010756824,18.4
U1392,,2023,WUR 2023,,,7.1,,,,12.715623388297129,18.4
U1392,,2023,WUR 2023,,,7.1,,,,13.869534663513184,18.4
U1392,,2023,WUR 2023,,,7.1,,,,6.146807125772188,18.4
U1392,,2023,WUR 2023,,,7.1,,,,12.013271551458049,18.4
U1392,,2023,WUR 2023,,,7.1,,,,4.31948995228298,18.4
U1392,,2023,WUR 2023,,,7.1,,,,14.647984495642952,18.4
U1392,,2023,WUR 2023,,,7.1,,,,21.04078790243373,18.4
U1392,,2023,WUR 2023,,,7.1,,,,12.360347732600466,18.4
U1392,,2023,WUR 2023,,,7.1,,,,13.933106593924531,18.4
U1392,,2023,WUR 2023,,,7.1,,,,22.456205164243038,18.4
U1392,,2023,WUR 2023,,,7.1,,,,14.884108458641276,18.4
U1392,,2023,WUR 2023,,,7.1,,,,14.175358906529317,18.4
U1392,,2023,WUR 2023,,,7.1,,,,2.945328711444474,18.4
U1392,,2023,WUR 2023,,,7.1,,,,15.149877445256404,18.4
U1392,,2023,WUR 2023,,,7.1,,,,9.937988328617376,18.4
U1392,,2023,WUR 2023,,,7.1,,,,7.4295133641299556,18.4
U1392,,2023,WUR 2023,,,7.1,,,,8.39952199281354,18.4
U1392,,2023,WUR 2023,,,7.1,,,,6.571154201361318,18.4
U1392,,2023,WUR 2023,,,7.1,,,,3.277609582730025,18.4
U1392,,2023,WUR 2023,,,7.1,,,,3.1847189500491737,18.4
U1392,,2023,WUR 2023,,,7.1,,,,6.577730643152531,18.4
U1392,,2023,WUR 2023,,,7.1,,,,3.9478255545891,18.4
U1392,,2023,WUR 2023,,,7.1,,,,6.733954972267687,18.4
U1392,,2023,WUR 2023,,,7.1,,,,12.535658747363703,18.4
U1392,,2023,WUR 2023,,,7.1,,,,4.047134316765368,18.4
U1392,,2023,WUR 2023,,,7.1,,,,9.259582578959762,18.4
U1392,,2023,WUR 2023,,,7.1,,,,5.0147794888344,18.4
U1392,,2023,WUR 2023,,,7.1,,,,6.048745570521993,18.4
U1392,,2023,WUR 2023,,,7.1,,,,3.2088437637489795,18.4
U1392,,2023,WUR 2023,,,7.1,,,,3.833456710089624,18.4
U1392,,2023,WUR 2023,,,7.1,,,,9.782059903657936,18.4
U1392,,2023,WUR 2023,,,7.1,,,,5.158831633617945,18.4
U1392,,2023,WUR 2023,,,7.1,,,,6.656987637310143,18.4
U1392,,2023,WUR 2023,,,7.1,,,,7.980847008957106,18.4
U1392,,2023,WUR 2023,,,7.1,,,,6.152391640490189,18.4
U1392,,2023,WUR 2023,,,7.1,,,,5.302684637660615,18.4
U1392,,2023,WUR 2023,,,7.1,,,,4.124848199841193,18.4
U1392,,2023,WUR 2023,,,7.1,,,,3.813111589693071,18.4
U1392,,2023,WUR 2023,,,7.1,,,,5.302602674557117,18.4
U1392,,2023,WUR 2023,,,7.1,,,,8.157174958216169,18.4
U1392,,2023,WUR 2023,,,7.1,,,,5.076762069949905,18.4
U1392,,2023,WUR 2023,,,7.1,,,,6.288810601252746,18.4
U1392,,2023,WUR 2023,,,7.1,,,,6.328276090764572,18.4
U1392,,2023,WUR 2023,,,7.1,,,,11.75297653654587,18.4
U1392,,2023,WUR 2023,,,7.1,,,,10.117266439246784,18.4
U1392,,2023,WUR 2023,,,7.1,,,,4.437922656063465,18.4
U1392,,2023,WUR 2023,,,7.1,,,,4.710293091892417,18.4
U1392,,2023,WUR 2023,,,7.1,,,,7.085925565335147,18.4
U1392,,2023,WUR 2023,,,7.1,,,,3.355528220457925,18.4
U1392,,2023,WUR 2023,,,7.1,,,,,18.4
U1392,,2023,WUR 2023,,,0.9,,,,51.67418335352436,38.8
U1392,,2023,WUR 2023,,,0.9,,,,47.88418239895532,38.8
U1392,,2023,WUR 2023,,,0.9,,,,43.8055958895228,38.8
U1392,,2023,WUR 2023,,,0.9,,,,43.76365568588358,38.8
U1392,,2023,WUR 2023,,,0.9,,,,40.199930465075184,38.8
U1392,,2023,WUR 2023,,,0.9,,,,28.5527837078826,38.8
U1392,,2023,WUR 2023,,,0.9,,,,33.749021648384776,38.8
U1392,,2023,WUR 2023,,,0.9,,,,27.403396326452484,38.8
U1392,,2023,WUR 2023,,,0.9,,,,31.15712600491052,38.8
U1392,,2023,WUR 2023,,,0.9,,,,29.071708243361048,38.8
U1392,,2023,WUR 2023,,,0.9,,,,30.399950650658432,38.8
U1392,,2023,WUR 2023,,,0.9,,,,35.33147185564629,38.8
U1392,,2023,WUR 2023,,,0.9,,,,33.946773711772735,38.8
U1392,,2023,WUR 2023,,,0.9,,,,24.793802164462853,38.8
U1392,,2023,WUR 2023,,,0.9,,,,26.75785339223952,38.8
U1392,,2023,WUR 2023,,,0.9,,,,28.23732384975655,38.8
U1392,,2023,WUR 2023,,,0.9,,,,25.94141452924313,38.8
U1392,,2023,WUR 2023,,,0.9,,,,29.006413964994017,38.8
U1392,,2023,WUR 2023,,,0.9,,,,22.1526345493242,38.8
U1392,,2023,WUR 2023,,,0.9,,,,24.14081875648968,38.8
U1392,,2023,WUR 2023,,,0.9,,,,21.705412418739144,38.8
U1392,,2023,WUR 2023,,,0.9,,,,17.20997779422529,38.8
U1392,,2023,WUR 2023,,,0.9,,,,19.88491145208488,38.8
U1392,,2023,WUR 2023,,,0.9,,,,16.844436642582238,38.8
U1392,,2023,WUR 2023,,,0.9,,,,14.210401042301203,38.8
U1392,,2023,WUR 2023,,,0.9,,,,15.06262573119662,38.8
U1392,,2023,WUR 2023,,,0.9,,,,16.635504832291446,38.8
U1392,,2023,WUR 2023,,,0.9,,,,7.70819853141716,38.8
U1392,,2023,WUR 2023,,,0.9,,,,10.257737010756824,38.8
U1392,,2023,WUR 2023,,,0.9,,,,12.715623388297129,38.8
U1392,,2023,WUR 2023,,,0.9,,,,13.869534663513184,38.8
U1392,,2023,WUR 2023,,,0.9,,,,6.146807125772188,38.8
U1392,,2023,WUR 2023,,,0.9,,,,12.013271551458049,38.8
U1392,,2023,WUR 2023,,,0.9,,,,4.31948995228298,38.8
U1392,,2023,WUR 2023,,,0.9,,,,14.647984495642952,38.8
U1392,,2023,WUR 2023,,,0.9,,,,21.04078790243373,38.8
U1392,,2023,WUR 2023,,,0.9,,,,12.360347732600466,38.8
U1392,,2023,WUR 2023,,,0.9,,,,13.933106593924531,38.8
U1392,,2023,WUR 2023,,,0.9,,,,22.456205164243038,38.8
U1392,,2023,WUR 2023,,,0.9,,,,14.884108458641276,38.8
U1392,,2023,WUR 2023,,,0.9,,,,14.175358906529317,38.8
U1392,,2023,WUR 2023,,,0.9,,,,2.945328711444474,38.8
U1392,,2023,WUR 2023,,,0.9,,,,15.149877445256404,38.8
U1392,,2023,WUR 2023,,,0.9,,,,9.937988328617376,38.8
U1392,,2023,WUR 2023,,,0.9,,,,7.4295133641299556,38.8
U1392,,2023,WUR 2023,,,0.9,,,,8.39952199281354,38.8
U1392,,2023,WUR 2023,,,0.9,,,,6.571154201361318,38.8
U1392,,2023,WUR 2023,,,0.9,,,,3.277609582730025,38.8
U1392,,2023,WUR 2023,,,0.9,,,,3.1847189500491737,38.8
U1392,,2023,WUR 2023,,,0.9,,,,6.577730643152531,38.8
U1392,,2023,WUR 2023,,,0.9,,,,3.9478255545891,38.8
U1392,,2023,WUR 2023,,,0.9,,,,6.733954972267687,38.8
U1392,,2023,WUR 2023,,,0.9,,,,12.535658747363703,38.8
U1392,,2023,WUR 2023,,,0.9,,,,4.047134316765368,38.8
U1392,,2023,WUR 2023,,,0.9,,,,9.259582578959762,38.8
U1392,,2023,WUR 2023,,,0.9,,,,5.0147794888344,38.8
U1392,,2023,WUR 2023,,,0.9,,,,6.048745570521993,38.8
U1392,,2023,WUR 2023,,,0.9,,,,3.2088437637489795,38.8
U1392,,2023,WUR 2023,,,0.9,,,,3.833456710089624,38.8
U1392,,2023,WUR 2023,,,0.9,,,,9.782059903657936,38.8
U1392,,2023,WUR 2023,,,0.9,,,,5.158831633617945,38.8
U1392,,2023,WUR 2023,,,0.9,,,,6.656987637310143,38.8
U1392,,2023,WUR 2023,,,0.9,,,,7.980847008957106,38.8
U1392,,2023,WUR 2023,,,0.9,,,,6.152391640490189,38.8
U1392,,2023,WUR 2023,,,0.9,,,,5.302684637660615,38.8
U1392,,2023,WUR 2023,,,0.9,,,,4.124848199841193,38.8
U1392,,2023,WUR 2023,,,0.9,,,,3.813111589693071,38.8
U1392,,2023,WUR 2023,,,0.9,,,,5.302602674557117,38.8
U1392,,2023,WUR 2023,,,0.9,,,,8.157174958216169,38.8
U1392,,2023,WUR 2023,,,0.9,,,,5.076762069949905,38.8
U1392,,2023,WUR 2023,,,0.9,,,,6.288810601252746,38.8
U1392,,2023,WUR 2023,,,0.9,,,,6.328276090764572,38.8
U1392,,2023,WUR 2023,,,0.9,,,,11.75297653654587,38.8
U1392,,2023,WUR 2023,,,0.9,,,,10.117266439246784,38.8
U1392,,2023,WUR 2023,,,0.9,,,,4.437922656063465,38.8
U1392,,2023,WUR 2023,,,0.9,,,,4.710293091892417,38.8
U1392,,2023,WUR 2023,,,0.9,,,,7.085925565335147,38.8
U1392,,2023,WUR 2023,,,0.9,,,,3.355528220457925,38.8
U1392,,2023,WUR 2023,,,0.9,,,,,38.8
U1392,,2023,WUR 2023,,,7.0,,,,51.67418335352436,26.9
U1392,,2023,WUR 2023,,,7.0,,,,47.88418239895532,26.9
U1392,,2023,WUR 2023,,,7.0,,,,43.8055958895228,26.9
U1392,,2023,WUR 2023,,,7.0,,,,43.76365568588358,26.9
U1392,,2023,WUR 2023,,,7.0,,,,40.199930465075184,26.9
U1392,,2023,WUR 2023,,,7.0,,,,28.5527837078826,26.9
U1392,,2023,WUR 2023,,,7.0,,,,33.749021648384776,26.9
U1392,,2023,WUR 2023,,,7.0,,,,27.403396326452484,26.9
U1392,,2023,WUR 2023,,,7.0,,,,31.15712600491052,26.9
U1392,,2023,WUR 2023,,,7.0,,,,29.071708243361048,26.9
U1392,,2023,WUR 2023,,,7.0,,,,30.399950650658432,26.9
U1392,,2023,WUR 2023,,,7.0,,,,35.33147185564629,26.9
U1392,,2023,WUR 2023,,,7.0,,,,33.946773711772735,26.9
U1392,,2023,WUR 2023,,,7.0,,,,24.793802164462853,26.9
U1392,,2023,WUR 2023,,,7.0,,,,26.75785339223952,26.9
U1392,,2023,WUR 2023,,,7.0,,,,28.23732384975655,26.9
U1392,,2023,WUR 2023,,,7.0,,,,25.94141452924313,26.9
U1392,,2023,WUR 2023,,,7.0,,,,29.006413964994017,26.9
U1392,,2023,WUR 2023,,,7.0,,,,22.1526345493242,26.9
U1392,,2023,WUR 2023,,,7.0,,,,24.14081875648968,26.9
U1392,,2023,WUR 2023,,,7.0,,,,21.705412418739144,26.9
U1392,,2023,WUR 2023,,,7.0,,,,17.20997779422529,26.9
U1392,,2023,WUR 2023,,,7.0,,,,19.88491145208488,26.9
U1392,,2023,WUR 2023,,,7.0,,,,16.844436642582238,26.9
U1392,,2023,WUR 2023,,,7.0,,,,14.210401042301203,26.9
U1392,,2023,WUR 2023,,,7.0,,,,15.06262573119662,26.9
U1392,,2023,WUR 2023,,,7.0,,,,16.635504832291446,26.9
U1392,,2023,WUR 2023,,,7.0,,,,7.70819853141716,26.9
U1392,,2023,WUR 2023,,,7.0,,,,10.257737010756824,26.9
U1392,,2023,WUR 2023,,,7.0,,,,12.715623388297129,26.9
U1392,,2023,WUR 2023,,,7.0,,,,13.869534663513184,26.9
U1392,,2023,WUR 2023,,,7.0,,,,6.146807125772188,26.9
U1392,,2023,WUR 2023,,,7.0,,,,12.013271551458049,26.9
U1392,,2023,WUR 2023,,,7.0,,,,4.31948995228298,26.9
U1392,,2023,WUR 2023,,,7.0,,,,14.647984495642952,26.9
U1392,,2023,WUR 2023,,,7.0,,,,21.04078790243373,26.9
U1392,,2023,WUR 2023,,,7.0,,,,12.360347732600466,26.9
U1392,,2023,WUR 2023,,,7.0,,,,13.933106593924531,26.9
U1392,,2023,WUR 2023,,,7.0,,,,22.456205164243038,26.9
U1392,,2023,WUR 2023,,,7.0,,,,14.884108458641276,26.9
U1392,,2023,WUR 2023,,,7.0,,,,14.175358906529317,26.9
U1392,,2023,WUR 2023,,,7.0,,,,2.945328711444474,26.9
U1392,,2023,WUR 2023,,,7.0,,,,15.149877445256404,26.9
U1392,,2023,WUR 2023,,,7.0,,,,9.937988328617376,26.9
U1392,,2023,WUR 2023,,,7.0,,,,7.4295133641299556,26.9
U1392,,2023,WUR 2023,,,7.0,,,,8.39952199281354,26.9
U1392,,2023,WUR 2023,,,7.0,,,,6.571154201361318,26.9
U1392,,2023,WUR 2023,,,7.0,,,,3.277609582730025,26.9
U1392,,2023,WUR 2023,,,7.0,,,,3.1847189500491737,26.9
U1392,,2023,WUR 2023,,,7.0,,,,6.577730643152531,26.9
U1392,,2023,WUR 2023,,,7.0,,,,3.9478255545891,26.9
U1392,,2023,WUR 2023,,,7.0,,,,6.733954972267687,26.9
U1392,,2023,WUR 2023,,,7.0,,,,12.535658747363703,26.9
U1392,,2023,WUR 2023,,,7.0,,,,4.047134316765368,26.9
U1392,,2023,WUR 2023,,,7.0,,,,9.259582578959762,26.9
U1392,,2023,WUR 2023,,,7.0,,,,5.0147794888344,26.9
U1392,,2023,WUR 2023,,,7.0,,,,6.048745570521993,26.9
U1392,,2023,WUR 2023,,,7.0,,,,3.2088437637489795,26.9
U1392,,2023,WUR 2023,,,7.0,,,,3.833456710089624,26.9
U1392,,2023,WUR 2023,,,7.0,,,,9.782059903657936,26.9
U1392,,2023,WUR 2023,,,7.0,,,,5.158831633617945,26.9
U1392,,2023,WUR 2023,,,7.0,,,,6.656987637310143,26.9
U1392,,2023,WUR 2023,,,7.0,,,,7.980847008957106,26.9
U1392,,2023,WUR 2023,,,7.0,,,,6.152391640490189,26.9
U1392,,2023,WUR 2023,,,7.0,,,,5.302684637660615,26.9
U1392,,2023,WUR 2023,,,7.0,,,,4.124848199841193,26.9
U1392,,2023,WUR 2023,,,7.0,,,,3.813111589693071,26.9
U1392,,2023,WUR 2023,,,7.0,,,,5.302602674557117,26.9
U1392,,2023,WUR 2023,,,7.0,,,,8.157174958216169,26.9
U1392,,2023,WUR 2023,,,7.0,,,,5.076762069949905,26.9
U1392,,2023,WUR 2023,,,7.0,,,,6.288810601252746,26.9
U1392,,2023,WUR 2023,,,7.0,,,,6.328276090764572,26.9
U1392,,2023,WUR 2023,,,7.0,,,,11.75297653654587,26.9
U1392,,2023,WUR 2023,,,7.0,,,,10.117266439246784,26.9
U1392,,2023,WUR 2023,,,7.0,,,,4.437922656063465,26.9
U1392,,2023,WUR 2023,,,7.0,,,,4.710293091892417,26.9
U1392,,2023,WUR 2023,,,7.0,,,,7.085925565335147,26.9
U1392,,2023,WUR 2023,,,7.0,,,,3.355528220457925,26.9
U1392,,2023,WUR 2023,,,7.0,,,,,26.9
U1392,,2023,WUR 2023,,,18.1,,,,51.67418335352436,33.2
U1392,,2023,WUR 2023,,,18.1,,,,47.88418239895532,33.2
U1392,,2023,WUR 2023,,,18.1,,,,43.8055958895228,33.2
U1392,,2023,WUR 2023,,,18.1,,,,43.76365568588358,33.2
U1392,,2023,WUR 2023,,,18.1,,,,40.199930465075184,33.2
U1392,,2023,WUR 2023,,,18.1,,,,28.5527837078826,33.2
U1392,,2023,WUR 2023,,,18.1,,,,33.749021648384776,33.2
U1392,,2023,WUR 2023,,,18.1,,,,27.403396326452484,33.2
U1392,,2023,WUR 2023,,,18.1,,,,31.15712600491052,33.2
U1392,,2023,WUR 2023,,,18.1,,,,29.071708243361048,33.2
U1392,,2023,WUR 2023,,,18.1,,,,30.399950650658432,33.2
U1392,,2023,WUR 2023,,,18.1,,,,35.33147185564629,33.2
U1392,,2023,WUR 2023,,,18.1,,,,33.946773711772735,33.2
U1392,,2023,WUR 2023,,,18.1,,,,24.793802164462853,33.2
U1392,,2023,WUR 2023,,,18.1,,,,26.75785339223952,33.2
U1392,,2023,WUR 2023,,,18.1,,,,28.23732384975655,33.2
U1392,,2023,WUR 2023,,,18.1,,,,25.94141452924313,33.2
U1392,,2023,WUR 2023,,,18.1,,,,29.006413964994017,33.2
U1392,,2023,WUR 2023,,,18.1,,,,22.1526345493242,33.2
U1392,,2023,WUR 2023,,,18.1,,,,24.14081875648968,33.2
U1392,,2023,WUR 2023,,,18.1,,,,21.705412418739144,33.2
U1392,,2023,WUR 2023,,,18.1,,,,17.20997779422529,33.2
U1392,,2023,WUR 2023,,,18.1,,,,19.88491145208488,33.2
U1392,,2023,WUR 2023,,,18.1,,,,16.844436642582238,33.2
U1392,,2023,WUR 2023,,,18.1,,,,14.210401042301203,33.2
U1392,,2023,WUR 2023,,,18.1,,,,15.06262573119662,33.2
U1392,,2023,WUR 2023,,,18.1,,,,16.635504832291446,33.2
U1392,,2023,WUR 2023,,,18.1,,,,7.70819853141716,33.2
U1392,,2023,WUR 2023,,,18.1,,,,10.257737010756824,33.2
U1392,,2023,WUR 2023,,,18.1,,,,12.715623388297129,33.2
U1392,,2023,WUR 2023,,,18.1,,,,13.869534663513184,33.2
U1392,,2023,WUR 2023,,,18.1,,,,6.146807125772188,33.2
U1392,,2023,WUR 2023,,,18.1,,,,12.013271551458049,33.2
U1392,,2023,WUR 2023,,,18.1,,,,4.31948995228298,33.2
U1392,,2023,WUR 2023,,,18.1,,,,14.647984495642952,33.2
U1392,,2023,WUR 2023,,,18.1,,,,21.04078790243373,33.2
U1392,,2023,WUR 2023,,,18.1,,,,12.360347732600466,33.2
U1392,,2023,WUR 2023,,,18.1,,,,13.933106593924531,33.2
U1392,,2023,WUR 2023,,,18.1,,,,22.456205164243038,33.2
U1392,,2023,WUR 2023,,,18.1,,,,14.884108458641276,33.2
U1392,,2023,WUR 2023,,,18.1,,,,14.175358906529317,33.2
U1392,,2023,WUR 2023,,,18.1,,,,2.945328711444474,33.2
U1392,,2023,WUR 2023,,,18.1,,,,15.149877445256404,33.2
U1392,,2023,WUR 2023,,,18.1,,,,9.937988328617376,33.2
U1392,,2023,WUR 2023,,,18.1,,,,7.4295133641299556,33.2
U1392,,2023,WUR 2023,,,18.1,,,,8.39952199281354,33.2
U1392,,2023,WUR 2023,,,18.1,,,,6.571154201361318,33.2
U1392,,2023,WUR 2023,,,18.1,,,,3.277609582730025,33.2
U1392,,2023,WUR 2023,,,18.1,,,,3.1847189500491737,33.2
U1392,,2023,WUR 2023,,,18.1,,,,6.577730643152531,33.2
U1392,,2023,WUR 2023,,,18.1,,,,3.9478255545891,33.2
U1392,,2023,WUR 2023,,,18.1,,,,6.733954972267687,33.2
U1392,,2023,WUR 2023,,,18.1,,,,12.535658747363703,33.2
U1392,,2023,WUR 2023,,,18.1,,,,4.047134316765368,33.2
U1392,,2023,WUR 2023,,,18.1,,,,9.259582578959762,33.2
U1392,,2023,WUR 2023,,,18.1,,,,5.0147794888344,33.2
U1392,,2023,WUR 2023,,,18.1,,,,6.048745570521993,33.2
U1392,,2023,WUR 2023,,,18.1,,,,3.2088437637489795,33.2
U1392,,2023,WUR 2023,,,18.1,,,,3.833456710089624,33.2
U1392,,2023,WUR 2023,,,18.1,,,,9.782059903657936,33.2
U1392,,2023,WUR 2023,,,18.1,,,,5.158831633617945,33.2
U1392,,2023,WUR 2023,,,18.1,,,,6.656987637310143,33.2
U1392,,2023,WUR 2023,,,18.1,,,,7.980847008957106,33.2
U1392,,2023,WUR 2023,,,18.1,,,,6.152391640490189,33.2
U1392,,2023,WUR 2023,,,18.1,,,,5.302684637660615,33.2
U1392,,2023,WUR 2023,,,18.1,,,,4.124848199841193,33.2
U1392,,2023,WUR 2023,,,18.1,,,,3.813111589693071,33.2
U1392,,2023,WUR 2023,,,18.1,,,,5.302602674557117,33.2
U1392,,2023,WUR 2023,,,18.1,,,,8.157174958216169,33.2
U1392,,2023,WUR 2023,,,18.1,,,,5.076762069949905,33.2
U1392,,2023,WUR 2023,,,18.1,,,,6.288810601252746,33.2
U1392,,2023,WUR 2023,,,18.1,,,,6.328276090764572,33.2
U1392,,2023,WUR 2023,,,18.1,,,,11.75297653654587,33.2
U1392,,2023,WUR 2023,,,18.1,,,,10.117266439246784,33.2
U1392,,2023,WUR 2023,,,18.1,,,,4.437922656063465,33.2
U1392,,2023,WUR 2023,,,18.1,,,,4.710293091892417,33.2
U1392,,2023,WUR 2023,,,18.1,,,,7.085925565335147,33.2
U1392,,2023,WUR 2023,,,18.1,,,,3.355528220457925,33.2
U1392,,2023,WUR 2023,,,18.1,,,,,33.2
U1392,,2023,WUR 2023,,,9.0,,,,51.67418335352436,34.5
U1392,,2023,WUR 2023,,,9.0,,,,47.88418239895532,34.5
U1392,,2023,WUR 2023,,,9.0,,,,43.8055958895228,34.5
U1392,,2023,WUR 2023,,,9.0,,,,43.76365568588358,34.5
U1392,,2023,WUR 2023,,,9.0,,,,40.199930465075184,34.5
U1392,,2023,WUR 2023,,,9.0,,,,28.5527837078826,34.5
U1392,,2023,WUR 2023,,,9.0,,,,33.749021648384776,34.5
U1392,,2023,WUR 2023,,,9.0,,,,27.403396326452484,34.5
U1392,,2023,WUR 2023,,,9.0,,,,31.15712600491052,34.5
U1392,,2023,WUR 2023,,,9.0,,,,29.071708243361048,34.5
U1392,,2023,WUR 2023,,,9.0,,,,30.399950650658432,34.5
U1392,,2023,WUR 2023,,,9.0,,,,35.33147185564629,34.5
U1392,,2023,WUR 2023,,,9.0,,,,33.946773711772735,34.5
U1392,,2023,WUR 2023,,,9.0,,,,24.793802164462853,34.5
U1392,,2023,WUR 2023,,,9.0,,,,26.75785339223952,34.5
U1392,,2023,WUR 2023,,,9.0,,,,28.23732384975655,34.5
U1392,,2023,WUR 2023,,,9.0,,,,25.94141452924313,34.5
U1392,,2023,WUR 2023,,,9.0,,,,29.006413964994017,34.5
U1392,,2023,WUR 2023,,,9.0,,,,22.1526345493242,34.5
U1392,,2023,WUR 2023,,,9.0,,,,24.14081875648968,34.5
U1392,,2023,WUR 2023,,,9.0,,,,21.705412418739144,34.5
U1392,,2023,WUR 2023,,,9.0,,,,17.20997779422529,34.5
U1392,,2023,WUR 2023,,,9.0,,,,19.88491145208488,34.5
U1392,,2023,WUR 2023,,,9.0,,,,16.844436642582238,34.5
U1392,,2023,WUR 2023,,,9.0,,,,14.210401042301203,34.5
U1392,,2023,WUR 2023,,,9.0,,,,15.06262573119662,34.5
U1392,,2023,WUR 2023,,,9.0,,,,16.635504832291446,34.5
U1392,,2023,WUR 2023,,,9.0,,,,7.70819853141716,34.5
U1392,,2023,WUR 2023,,,9.0,,,,10.257737010756824,34.5
U1392,,2023,WUR 2023,,,9.0,,,,12.715623388297129,34.5
U1392,,2023,WUR 2023,,,9.0,,,,13.869534663513184,34.5
U1392,,2023,WUR 2023,,,9.0,,,,6.146807125772188,34.5
U1392,,2023,WUR 2023,,,9.0,,,,12.013271551458049,34.5
U1392,,2023,WUR 2023,,,9.0,,,,4.31948995228298,34.5
U1392,,2023,WUR 2023,,,9.0,,,,14.647984495642952,34.5
U1392,,2023,WUR 2023,,,9.0,,,,21.04078790243373,34.5
U1392,,2023,WUR 2023,,,9.0,,,,12.360347732600466,34.5
U1392,,2023,WUR 2023,,,9.0,,,,13.933106593924531,34.5
U1392,,2023,WUR 2023,,,9.0,,,,22.456205164243038,34.5
U1392,,2023,WUR 2023,,,9.0,,,,14.884108458641276,34.5
U1392,,2023,WUR 2023,,,9.0,,,,14.175358906529317,34.5
U1392,,2023,WUR 2023,,,9.0,,,,2.945328711444474,34.5
U1392,,2023,WUR 2023,,,9.0,,,,15.149877445256404,34.5
U1392,,2023,WUR 2023,,,9.0,,,,9.937988328617376,34.5
U1392,,2023,WUR 2023,,,9.0,,,,7.4295133641299556,34.5
U1392,,2023,WUR 2023,,,9.0,,,,8.39952199281354,34.5
U1392,,2023,WUR 2023,,,9.0,,,,6.571154201361318,34.5
U1392,,2023,WUR 2023,,,9.0,,,,3.277609582730025,34.5
U1392,,2023,WUR 2023,,,9.0,,,,3.1847189500491737,34.5
U1392,,2023,WUR 2023,,,9.0,,,,6.577730643152531,34.5
U1392,,2023,WUR 2023,,,9.0,,,,3.9478255545891,34.5
U1392,,2023,WUR 2023,,,9.0,,,,6.733954972267687,34.5
U1392,,2023,WUR 2023,,,9.0,,,,12.535658747363703,34.5
U1392,,2023,WUR 2023,,,9.0,,,,4.047134316765368,34.5
U1392,,2023,WUR 2023,,,9.0,,,,9.259582578959762,34.5
U1392,,2023,WUR 2023,,,9.0,,,,5.0147794888344,34.5
U1392,,2023,WUR 2023,,,9.0,,,,6.048745570521993,34.5
U1392,,2023,WUR 2023,,,9.0,,,,3.2088437637489795,34.5
U1392,,2023,WUR 2023,,,9.0,,,,3.833456710089624,34.5
U1392,,2023,WUR 2023,,,9.0,,,,9.782059903657936,34.5
U1392,,2023,WUR 2023,,,9.0,,,,5.158831633617945,34.5
U1392,,2023,WUR 2023,,,9.0,,,,6.656987637310143,34.5
U1392,,2023,WUR 2023,,,9.0,,,,7.980847008957106,34.5
U1392,,2023,WUR 2023,,,9.0,,,,6.152391640490189,34.5
U1392,,2023,WUR 2023,,,9.0,,,,5.302684637660615,34.5
U1392,,2023,WUR 2023,,,9.0,,,,4.124848199841193,34.5
U1392,,2023,WUR 2023,,,9.0,,,,3.813111589693071,34.5
U1392,,2023,WUR 2023,,,9.0,,,,5.302602674557117,34.5
U1392,,2023,WUR 2023,,,9.0,,,,8.157174958216169,34.5
U1392,,2023,WUR 2023,,,9.0,,,,5.076762069949905,34.5
U1392,,2023,WUR 2023,,,9.0,,,,6.288810601252746,34.5
U1392,,2023,WUR 2023,,,9.0,,,,6.328276090764572,34.5
U1392,,2023,WUR 2023,,,9.0,,,,11.75297653654587,34.5
U1392,,2023,WUR 2023,,,9.0,,,,10.117266439246784,34.5
U1392,,2023,WUR 2023,,,9.0,,,,4.437922656063465,34.5
U1392,,2023,WUR 2023,,,9.0,,,,4.710293091892417,34.5
U1392,,2023,WUR 2023,,,9.0,,,,7.085925565335147,34.5
U1392,,2023,WUR 2023,,,9.0,,,,3.355528220457925,34.5
U1392,,2023,WUR 2023,,,9.0,,,,,34.5
U1392,,2023,WUR 2023,,,8.7,,,,51.67418335352436,18.0
U1392,,2023,WUR 2023,,,8.7,,,,47.88418239895532,18.0
U1392,,2023,WUR 2023,,,8.7,,,,43.8055958895228,18.0
U1392,,2023,WUR 2023,,,8.7,,,,43.76365568588358,18.0
U1392,,2023,WUR 2023,,,8.7,,,,40.199930465075184,18.0
U1392,,2023,WUR 2023,,,8.7,,,,28.5527837078826,18.0
U1392,,2023,WUR 2023,,,8.7,,,,33.749021648384776,18.0
U1392,,2023,WUR 2023,,,8.7,,,,27.403396326452484,18.0
U1392,,2023,WUR 2023,,,8.7,,,,31.15712600491052,18.0
U1392,,2023,WUR 2023,,,8.7,,,,29.071708243361048,18.0
U1392,,2023,WUR 2023,,,8.7,,,,30.399950650658432,18.0
U1392,,2023,WUR 2023,,,8.7,,,,35.33147185564629,18.0
U1392,,2023,WUR 2023,,,8.7,,,,33.946773711772735,18.0
U1392,,2023,WUR 2023,,,8.7,,,,24.793802164462853,18.0
U1392,,2023,WUR 2023,,,8.7,,,,26.75785339223952,18.0
U1392,,2023,WUR 2023,,,8.7,,,,28.23732384975655,18.0
U1392,,2023,WUR 2023,,,8.7,,,,25.94141452924313,18.0
U1392,,2023,WUR 2023,,,8.7,,,,29.006413964994017,18.0
U1392,,2023,WUR 2023,,,8.7,,,,22.1526345493242,18.0
U1392,,2023,WUR 2023,,,8.7,,,,24.14081875648968,18.0
U1392,,2023,WUR 2023,,,8.7,,,,21.705412418739144,18.0
U1392,,2023,WUR 2023,,,8.7,,,,17.20997779422529,18.0
U1392,,2023,WUR 2023,,,8.7,,,,19.88491145208488,18.0
U1392,,2023,WUR 2023,,,8.7,,,,16.844436642582238,18.0
U1392,,2023,WUR 2023,,,8.7,,,,14.210401042301203,18.0
U1392,,2023,WUR 2023,,,8.7,,,,15.06262573119662,18.0
U1392,,2023,WUR 2023,,,8.7,,,,16.635504832291446,18.0
U1392,,2023,WUR 2023,,,8.7,,,,7.70819853141716,18.0
U1392,,2023,WUR 2023,,,8.7,,,,10.257737010756824,18.0
U1392,,2023,WUR 2023,,,8.7,,,,12.715623388297129,18.0
U1392,,2023,WUR 2023,,,8.7,,,,13.869534663513184,18.0
U1392,,2023,WUR 2023,,,8.7,,,,6.146807125772188,18.0
U1392,,2023,WUR 2023,,,8.7,,,,12.013271551458049,18.0
U1392,,2023,WUR 2023,,,8.7,,,,4.31948995228298,18.0
U1392,,2023,WUR 2023,,,8.7,,,,14.647984495642952,18.0
U1392,,2023,WUR 2023,,,8.7,,,,21.04078790243373,18.0
U1392,,2023,WUR 2023,,,8.7,,,,12.360347732600466,18.0
U1392,,2023,WUR 2023,,,8.7,,,,13.933106593924531,18.0
U1392,,2023,WUR 2023,,,8.7,,,,22.456205164243038,18.0
U1392,,2023,WUR 2023,,,8.7,,,,14.884108458641276,18.0
U1392,,2023,WUR 2023,,,8.7,,,,14.175358906529317,18.0
U1392,,2023,WUR 2023,,,8.7,,,,2.945328711444474,18.0
U1392,,2023,WUR 2023,,,8.7,,,,15.149877445256404,18.0
U1392,,2023,WUR 2023,,,8.7,,,,9.937988328617376,18.0
U1392,,2023,WUR 2023,,,8.7,,,,7.4295133641299556,18.0
U1392,,2023,WUR 2023,,,8.7,,,,8.39952199281354,18.0
U1392,,2023,WUR 2023,,,8.7,,,,6.571154201361318,18.0
U1392,,2023,WUR 2023,,,8.7,,,,3.277609582730025,18.0
U1392,,2023,WUR 2023,,,8.7,,,,3.1847189500491737,18.0
U1392,,2023,WUR 2023,,,8.7,,,,6.577730643152531,18.0
U1392,,2023,WUR 2023,,,8.7,,,,3.9478255545891,18.0
U1392,,2023,WUR 2023,,,8.7,,,,6.733954972267687,18.0
U1392,,2023,WUR 2023,,,8.7,,,,12.535658747363703,18.0
U1392,,2023,WUR 2023,,,8.7,,,,4.047134316765368,18.0
U1392,,2023,WUR 2023,,,8.7,,,,9.259582578959762,18.0
U1392,,2023,WUR 2023,,,8.7,,,,5.0147794888344,18.0
U1392,,2023,WUR 2023,,,8.7,,,,6.048745570521993,18.0
U1392,,2023,WUR 2023,,,8.7,,,,3.2088437637489795,18.0
U1392,,2023,WUR 2023,,,8.7,,,,3.833456710089624,18.0
U1392,,2023,WUR 2023,,,8.7,,,,9.782059903657936,18.0
U1392,,2023,WUR 2023,,,8.7,,,,5.158831633617945,18.0
U1392,,2023,WUR 2023,,,8.7,,,,6.656987637310143,18.0
U1392,,2023,WUR 2023,,,8.7,,,,7.980847008957106,18.0
U1392,,2023,WUR 2023,,,8.7,,,,6.152391640490189,18.0
U1392,,2023,WUR 2023,,,8.7,,,,5.302684637660615,18.0
U1392,,2023,WUR 2023,,,8.7,,,,4.124848199841193,18.0
U1392,,2023,WUR 2023,,,8.7,,,,3.813111589693071,18.0
U1392,,2023,WUR 2023,,,8.7,,,,5.302602674557117,18.0
U1392,,2023,WUR 2023,,,8.7,,,,8.157174958216169,18.0
U1392,,2023,WUR 2023,,,8.7,,,,5.076762069949905,18.0
U1392,,2023,WUR 2023,,,8.7,,,,6.288810601252746,18.0
U1392,,2023,WUR 2023,,,8.7,,,,6.328276090764572,18.0
U1392,,2023,WUR 2023,,,8.7,,,,11.75297653654587,18.0
U1392,,2023,WUR 2023,,,8.7,,,,10.117266439246784,18.0
U1392,,2023,WUR 2023,,,8.7,,,,4.437922656063465,18.0
U1392,,2023,WUR 2023,,,8.7,,,,4.710293091892417,18.0
U1392,,2023,WUR 2023,,,8.7,,,,7.085925565335147,18.0
U1392,,2023,WUR 2023,,,8.7,,,,3.355528220457925,18.0
U1392,,2023,WUR 2023,,,8.7,,,,,18.0
U1392,,2023,WUR 2023,,,6.5,,,,51.67418335352436,24.1
U1392,,2023,WUR 2023,,,6.5,,,,47.88418239895532,24.1
U1392,,2023,WUR 2023,,,6.5,,,,43.8055958895228,24.1
U1392,,2023,WUR 2023,,,6.5,,,,43.76365568588358,24.1
U1392,,2023,WUR 2023,,,6.5,,,,40.199930465075184,24.1
U1392,,2023,WUR 2023,,,6.5,,,,28.5527837078826,24.1
U1392,,2023,WUR 2023,,,6.5,,,,33.749021648384776,24.1
U1392,,2023,WUR 2023,,,6.5,,,,27.403396326452484,24.1
U1392,,2023,WUR 2023,,,6.5,,,,31.15712600491052,24.1
U1392,,2023,WUR 2023,,,6.5,,,,29.071708243361048,24.1
U1392,,2023,WUR 2023,,,6.5,,,,30.399950650658432,24.1
U1392,,2023,WUR 2023,,,6.5,,,,35.33147185564629,24.1
U1392,,2023,WUR 2023,,,6.5,,,,33.946773711772735,24.1
U1392,,2023,WUR 2023,,,6.5,,,,24.793802164462853,24.1
U1392,,2023,WUR 2023,,,6.5,,,,26.75785339223952,24.1
U1392,,2023,WUR 2023,,,6.5,,,,28.23732384975655,24.1
U1392,,2023,WUR 2023,,,6.5,,,,25.94141452924313,24.1
U1392,,2023,WUR 2023,,,6.5,,,,29.006413964994017,24.1
U1392,,2023,WUR 2023,,,6.5,,,,22.1526345493242,24.1
U1392,,2023,WUR 2023,,,6.5,,,,24.14081875648968,24.1
U1392,,2023,WUR 2023,,,6.5,,,,21.705412418739144,24.1
U1392,,2023,WUR 2023,,,6.5,,,,17.20997779422529,24.1
U1392,,2023,WUR 2023,,,6.5,,,,19.88491145208488,24.1
U1392,,2023,WUR 2023,,,6.5,,,,16.844436642582238,24.1
U1392,,2023,WUR 2023,,,6.5,,,,14.210401042301203,24.1
U1392,,2023,WUR 2023,,,6.5,,,,15.06262573119662,24.1
U1392,,2023,WUR 2023,,,6.5,,,,16.635504832291446,24.1
U1392,,2023,WUR 2023,,,6.5,,,,7.70819853141716,24.1
U1392,,2023,WUR 2023,,,6.5,,,,10.257737010756824,24.1
U1392,,2023,WUR 2023,,,6.5,,,,12.715623388297129,24.1
U1392,,2023,WUR 2023,,,6.5,,,,13.869534663513184,24.1
U1392,,2023,WUR 2023,,,6.5,,,,6.146807125772188,24.1
U1392,,2023,WUR 2023,,,6.5,,,,12.013271551458049,24.1
U1392,,2023,WUR 2023,,,6.5,,,,4.31948995228298,24.1
U1392,,2023,WUR 2023,,,6.5,,,,14.647984495642952,24.1
U1392,,2023,WUR 2023,,,6.5,,,,21.04078790243373,24.1
U1392,,2023,WUR 2023,,,6.5,,,,12.360347732600466,24.1
U1392,,2023,WUR 2023,,,6.5,,,,13.933106593924531,24.1
U1392,,2023,WUR 2023,,,6.5,,,,22.456205164243038,24.1
U1392,,2023,WUR 2023,,,6.5,,,,14.884108458641276,24.1
U1392,,2023,WUR 2023,,,6.5,,,,14.175358906529317,24.1
U1392,,2023,WUR 2023,,,6.5,,,,2.945328711444474,24.1
U1392,,2023,WUR 2023,,,6.5,,,,15.149877445256404,24.1
U1392,,2023,WUR 2023,,,6.5,,,,9.937988328617376,24.1
U1392,,2023,WUR 2023,,,6.5,,,,7.4295133641299556,24.1
U1392,,2023,WUR 2023,,,6.5,,,,8.39952199281354,24.1
U1392,,2023,WUR 2023,,,6.5,,,,6.571154201361318,24.1
U1392,,2023,WUR 2023,,,6.5,,,,3.277609582730025,24.1
U1392,,2023,WUR 2023,,,6.5,,,,3.1847189500491737,24.1
U1392,,2023,WUR 2023,,,6.5,,,,6.577730643152531,24.1
U1392,,2023,WUR 2023,,,6.5,,,,3.9478255545891,24.1
U1392,,2023,WUR 2023,,,6.5,,,,6.733954972267687,24.1
U1392,,2023,WUR 2023,,,6.5,,,,12.535658747363703,24.1
U1392,,2023,WUR 2023,,,6.5,,,,4.047134316765368,24.1
U1392,,2023,WUR 2023,,,6.5,,,,9.259582578959762,24.1
U1392,,2023,WUR 2023,,,6.5,,,,5.0147794888344,24.1
U1392,,2023,WUR 2023,,,6.5,,,,6.048745570521993,24.1
U1392,,2023,WUR 2023,,,6.5,,,,3.2088437637489795,24.1
U1392,,2023,WUR 2023,,,6.5,,,,3.833456710089624,24.1
U1392,,2023,WUR 2023,,,6.5,,,,9.782059903657936,24.1
U1392,,2023,WUR 2023,,,6.5,,,,5.158831633617945,24.1
U1392,,2023,WUR 2023,,,6.5,,,,6.656987637310143,24.1
U1392,,2023,WUR 2023,,,6.5,,,,7.980847008957106,24.1
U1392,,2023,WUR 2023,,,6.5,,,,6.152391640490189,24.1
U1392,,2023,WUR 2023,,,6.5,,,,5.302684637660615,24.1
U1392,,2023,WUR 2023,,,6.5,,,,4.124848199841193,24.1
U1392,,2023,WUR 2023,,,6.5,,,,3.813111589693071,24.1
U1392,,2023,WUR 2023,,,6.5,,,,5.302602674557117,24.1
U1392,,2023,WUR 2023,,,6.5,,,,8.157174958216169,24.1
U1392,,2023,WUR 2023,,,6.5,,,,5.076762069949905,24.1
U1392,,2023,WUR 2023,,,6.5,,,,6.288810601252746,24.1
U1392,,2023,WUR 2023,,,6.5,,,,6.328276090764572,24.1
U1392,,2023,WUR 2023,,,6.5,,,,11.75297653654587,24.1
U1392,,2023,WUR 2023,,,6.5,,,,10.117266439246784,24.1
U1392,,2023,WUR 2023,,,6.5,,,,4.437922656063465,24.1
U1392,,2023,WUR 2023,,,6.5,,,,4.710293091892417,24.1
U1392,,2023,WUR 2023,,,6.5,,,,7.085925565335147,24.1
U1392,,2023,WUR 2023,,,6.5,,,,3.355528220457925,24.1
U1392,,2023,WUR 2023,,,6.5,,,,,24.1
U1392,,2023,WUR 2023,,,3.3,,,,51.67418335352436,34.7
U1392,,2023,WUR 2023,,,3.3,,,,47.88418239895532,34.7
U1392,,2023,WUR 2023,,,3.3,,,,43.8055958895228,34.7
U1392,,2023,WUR 2023,,,3.3,,,,43.76365568588358,34.7
U1392,,2023,WUR 2023,,,3.3,,,,40.199930465075184,34.7
U1392,,2023,WUR 2023,,,3.3,,,,28.5527837078826,34.7
U1392,,2023,WUR 2023,,,3.3,,,,33.749021648384776,34.7
U1392,,2023,WUR 2023,,,3.3,,,,27.403396326452484,34.7
U1392,,2023,WUR 2023,,,3.3,,,,31.15712600491052,34.7
U1392,,2023,WUR 2023,,,3.3,,,,29.071708243361048,34.7
U1392,,2023,WUR 2023,,,3.3,,,,30.399950650658432,34.7
U1392,,2023,WUR 2023,,,3.3,,,,35.33147185564629,34.7
U1392,,2023,WUR 2023,,,3.3,,,,33.946773711772735,34.7
U1392,,2023,WUR 2023,,,3.3,,,,24.793802164462853,34.7
U1392,,2023,WUR 2023,,,3.3,,,,26.75785339223952,34.7
U1392,,2023,WUR 2023,,,3.3,,,,28.23732384975655,34.7
U1392,,2023,WUR 2023,,,3.3,,,,25.94141452924313,34.7
U1392,,2023,WUR 2023,,,3.3,,,,29.006413964994017,34.7
U1392,,2023,WUR 2023,,,3.3,,,,22.1526345493242,34.7
U1392,,2023,WUR 2023,,,3.3,,,,24.14081875648968,34.7
U1392,,2023,WUR 2023,,,3.3,,,,21.705412418739144,34.7
U1392,,2023,WUR 2023,,,3.3,,,,17.20997779422529,34.7
U1392,,2023,WUR 2023,,,3.3,,,,19.88491145208488,34.7
U1392,,2023,WUR 2023,,,3.3,,,,16.844436642582238,34.7
U1392,,2023,WUR 2023,,,3.3,,,,14.210401042301203,34.7
U1392,,2023,WUR 2023,,,3.3,,,,15.06262573119662,34.7
U1392,,2023,WUR 2023,,,3.3,,,,16.635504832291446,34.7
U1392,,2023,WUR 2023,,,3.3,,,,7.70819853141716,34.7
U1392,,2023,WUR 2023,,,3.3,,,,10.257737010756824,34.7
U1392,,2023,WUR 2023,,,3.3,,,,12.715623388297129,34.7
U1392,,2023,WUR 2023,,,3.3,,,,13.869534663513184,34.7
U1392,,2023,WUR 2023,,,3.3,,,,6.146807125772188,34.7
U1392,,2023,WUR 2023,,,3.3,,,,12.013271551458049,34.7
U1392,,2023,WUR 2023,,,3.3,,,,4.31948995228298,34.7
U1392,,2023,WUR 2023,,,3.3,,,,14.647984495642952,34.7
U1392,,2023,WUR 2023,,,3.3,,,,21.04078790243373,34.7
U1392,,2023,WUR 2023,,,3.3,,,,12.360347732600466,34.7
U1392,,2023,WUR 2023,,,3.3,,,,13.933106593924531,34.7
U1392,,2023,WUR 2023,,,3.3,,,,22.456205164243038,34.7
U1392,,2023,WUR 2023,,,3.3,,,,14.884108458641276,34.7
U1392,,2023,WUR 2023,,,3.3,,,,14.175358906529317,34.7
U1392,,2023,WUR 2023,,,3.3,,,,2.945328711444474,34.7
U1392,,2023,WUR 2023,,,3.3,,,,15.149877445256404,34.7
U1392,,2023,WUR 2023,,,3.3,,,,9.937988328617376,34.7
U1392,,2023,WUR 2023,,,3.3,,,,7.4295133641299556,34.7
U1392,,2023,WUR 2023,,,3.3,,,,8.39952199281354,34.7
U1392,,2023,WUR 2023,,,3.3,,,,6.571154201361318,34.7
U1392,,2023,WUR 2023,,,3.3,,,,3.277609582730025,34.7
U1392,,2023,WUR 2023,,,3.3,,,,3.1847189500491737,34.7
U1392,,2023,WUR 2023,,,3.3,,,,6.577730643152531,34.7
U1392,,2023,WUR 2023,,,3.3,,,,3.9478255545891,34.7
U1392,,2023,WUR 2023,,,3.3,,,,6.733954972267687,34.7
U1392,,2023,WUR 2023,,,3.3,,,,12.535658747363703,34.7
U1392,,2023,WUR 2023,,,3.3,,,,4.047134316765368,34.7
U1392,,2023,WUR 2023,,,3.3,,,,9.259582578959762,34.7
U1392,,2023,WUR 2023,,,3.3,,,,5.0147794888344,34.7
U1392,,2023,WUR 2023,,,3.3,,,,6.048745570521993,34.7
U1392,,2023,WUR 2023,,,3.3,,,,3.2088437637489795,34.7
U1392,,2023,WUR 2023,,,3.3,,,,3.833456710089624,34.7
U1392,,2023,WUR 2023,,,3.3,,,,9.782059903657936,34.7
U1392,,2023,WUR 2023,,,3.3,,,,5.158831633617945,34.7
U1392,,2023,WUR 2023,,,3.3,,,,6.656987637310143,34.7
U1392,,2023,WUR 2023,,,3.3,,,,7.980847008957106,34.7
U1392,,2023,WUR 2023,,,3.3,,,,6.152391640490189,34.7
U1392,,2023,WUR 2023,,,3.3,,,,5.302684637660615,34.7
U1392,,2023,WUR 2023,,,3.3,,,,4.124848199841193,34.7
U1392,,2023,WUR 2023,,,3.3,,,,3.813111589693071,34.7
U1392,,2023,WUR 2023,,,3.3,,,,5.302602674557117,34.7
U1392,,2023,WUR 2023,,,3.3,,,,8.157174958216169,34.7
U1392,,2023,WUR 2023,,,3.3,,,,5.076762069949905,34.7
U1392,,2023,WUR 2023,,,3.3,,,,6.288810601252746,34.7
U1392,,2023,WUR 2023,,,3.3,,,,6.328276090764572,34.7
U1392,,2023,WUR 2023,,,3.3,,,,11.75297653654587,34.7
U1392,,2023,WUR 2023,,,3.3,,,,10.117266439246784,34.7
U1392,,2023,WUR 2023,,,3.3,,,,4.437922656063465,34.7
U1392,,2023,WUR 2023,,,3.3,,,,4.710293091892417,34.7
U1392,,2023,WUR 2023,,,3.3,,,,7.085925565335147,34.7
U1392,,2023,WUR 2023,,,3.3,,,,3.355528220457925,34.7
U1392,,2023,WUR 2023,,,3.3,,,,,34.7
U1392,,2023,WUR 2023,,,7.2,,,,51.67418335352436,16.7
U1392,,2023,WUR 2023,,,7.2,,,,47.88418239895532,16.7
U1392,,2023,WUR 2023,,,7.2,,,,43.8055958895228,16.7
U1392,,2023,WUR 2023,,,7.2,,,,43.76365568588358,16.7
U1392,,2023,WUR 2023,,,7.2,,,,40.199930465075184,16.7
U1392,,2023,WUR 2023,,,7.2,,,,28.5527837078826,16.7
U1392,,2023,WUR 2023,,,7.2,,,,33.749021648384776,16.7
U1392,,2023,WUR 2023,,,7.2,,,,27.403396326452484,16.7
U1392,,2023,WUR 2023,,,7.2,,,,31.15712600491052,16.7
U1392,,2023,WUR 2023,,,7.2,,,,29.071708243361048,16.7
U1392,,2023,WUR 2023,,,7.2,,,,30.399950650658432,16.7
U1392,,2023,WUR 2023,,,7.2,,,,35.33147185564629,16.7
U1392,,2023,WUR 2023,,,7.2,,,,33.946773711772735,16.7
U1392,,2023,WUR 2023,,,7.2,,,,24.793802164462853,16.7
U1392,,2023,WUR 2023,,,7.2,,,,26.75785339223952,16.7
U1392,,2023,WUR 2023,,,7.2,,,,28.23732384975655,16.7
U1392,,2023,WUR 2023,,,7.2,,,,25.94141452924313,16.7
U1392,,2023,WUR 2023,,,7.2,,,,29.006413964994017,16.7
U1392,,2023,WUR 2023,,,7.2,,,,22.1526345493242,16.7
U1392,,2023,WUR 2023,,,7.2,,,,24.14081875648968,16.7
U1392,,2023,WUR 2023,,,7.2,,,,21.705412418739144,16.7
U1392,,2023,WUR 2023,,,7.2,,,,17.20997779422529,16.7
U1392,,2023,WUR 2023,,,7.2,,,,19.88491145208488,16.7
U1392,,2023,WUR 2023,,,7.2,,,,16.844436642582238,16.7
U1392,,2023,WUR 2023,,,7.2,,,,14.210401042301203,16.7
U1392,,2023,WUR 2023,,,7.2,,,,15.06262573119662,16.7
U1392,,2023,WUR 2023,,,7.2,,,,16.635504832291446,16.7
U1392,,2023,WUR 2023,,,7.2,,,,7.70819853141716,16.7
U1392,,2023,WUR 2023,,,7.2,,,,10.257737010756824,16.7
U1392,,2023,WUR 2023,,,7.2,,,,12.715623388297129,16.7
U1392,,2023,WUR 2023,,,7.2,,,,13.869534663513184,16.7
U1392,,2023,WUR 2023,,,7.2,,,,6.146807125772188,16.7
U1392,,2023,WUR 2023,,,7.2,,,,12.013271551458049,16.7
U1392,,2023,WUR 2023,,,7.2,,,,4.31948995228298,16.7
U1392,,2023,WUR 2023,,,7.2,,,,14.647984495642952,16.7
U1392,,2023,WUR 2023,,,7.2,,,,21.04078790243373,16.7
U1392,,2023,WUR 2023,,,7.2,,,,12.360347732600466,16.7
U1392,,2023,WUR 2023,,,7.2,,,,13.933106593924531,16.7
U1392,,2023,WUR 2023,,,7.2,,,,22.456205164243038,16.7
U1392,,2023,WUR 2023,,,7.2,,,,14.884108458641276,16.7
U1392,,2023,WUR 2023,,,7.2,,,,14.175358906529317,16.7
U1392,,2023,WUR 2023,,,7.2,,,,2.945328711444474,16.7
U1392,,2023,WUR 2023,,,7.2,,,,15.149877445256404,16.7
U1392,,2023,WUR 2023,,,7.2,,,,9.937988328617376,16.7
U1392,,2023,WUR 2023,,,7.2,,,,7.4295133641299556,16.7
U1392,,2023,WUR 2023,,,7.2,,,,8.39952199281354,16.7
U1392,,2023,WUR 2023,,,7.2,,,,6.571154201361318,16.7
U1392,,2023,WUR 2023,,,7.2,,,,3.277609582730025,16.7
U1392,,2023,WUR 2023,,,7.2,,,,3.1847189500491737,16.7
U1392,,2023,WUR 2023,,,7.2,,,,6.577730643152531,16.7
U1392,,2023,WUR 2023,,,7.2,,,,3.9478255545891,16.7
U1392,,2023,WUR 2023,,,7.2,,,,6.733954972267687,16.7
U1392,,2023,WUR 2023,,,7.2,,,,12.535658747363703,16.7
U1392,,2023,WUR 2023,,,7.2,,,,4.047134316765368,16.7
U1392,,2023,WUR 2023,,,7.2,,,,9.259582578959762,16.7
U1392,,2023,WUR 2023,,,7.2,,,,5.0147794888344,16.7
U1392,,2023,WUR 2023,,,7.2,,,,6.048745570521993,16.7
U1392,,2023,WUR 2023,,,7.2,,,,3.2088437637489795,16.7
U1392,,2023,WUR 2023,,,7.2,,,,3.833456710089624,16.7
U1392,,2023,WUR 2023,,,7.2,,,,9.782059903657936,16.7
U1392,,2023,WUR 2023,,,7.2,,,,5.158831633617945,16.7
U1392,,2023,WUR 2023,,,7.2,,,,6.656987637310143,16.7
U1392,,2023,WUR 2023,,,7.2,,,,7.980847008957106,16.7
U1392,,2023,WUR 2023,,,7.2,,,,6.152391640490189,16.7
U1392,,2023,WUR 2023,,,7.2,,,,5.302684637660615,16.7
U1392,,2023,WUR 2023,,,7.2,,,,4.124848199841193,16.7
U1392,,2023,WUR 2023,,,7.2,,,,3.813111589693071,16.7
U1392,,2023,WUR 2023,,,7.2,,,,5.302602674557117,16.7
U1392,,2023,WUR 2023,,,7.2,,,,8.157174958216169,16.7
U1392,,2023,WUR 2023,,,7.2,,,,5.076762069949905,16.7
U1392,,2023,WUR 2023,,,7.2,,,,6.288810601252746,16.7
U1392,,2023,WUR 2023,,,7.2,,,,6.328276090764572,16.7
U1392,,2023,WUR 2023,,,7.2,,,,11.75297653654587,16.7
U1392,,2023,WUR 2023,,,7.2,,,,10.117266439246784,16.7
U1392,,2023,WUR 2023,,,7.2,,,,4.437922656063465,16.7
U1392,,2023,WUR 2023,,,7.2,,,,4.710293091892417,16.7
U1392,,2023,WUR 2023,,,7.2,,,,7.085925565335147,16.7
U1392,,2023,WUR 2023,,,7.2,,,,3.355528220457925,16.7
U1392,,2023,WUR 2023,,,7.2,,,,,16.7
U1392,,2023,WUR 2023,,,,,,,51.67418335352436,
U1392,,2023,WUR 2023,,,,,,,47.88418239895532,
U1392,,2023,WUR 2023,,,,,,,43.8055958895228,
U1392,,2023,WUR 2023,,,,,,,43.76365568588358,
U1392,,2023,WUR 2023,,,,,,,40.199930465075184,
U1392,,2023,WUR 2023,,,,,,,28.5527837078826,
U1392,,2023,WUR 2023,,,,,,,33.749021648384776,
U1392,,2023,WUR 2023,,,,,,,27.403396326452484,
U1392,,2023,WUR 2023,,,,,,,31.15712600491052,
U1392,,2023,WUR 2023,,,,,,,29.071708243361048,
U1392,,2023,WUR 2023,,,,,,,30.399950650658432,
U1392,,2023,WUR 2023,,,,,,,35.33147185564629,
U1392,,2023,WUR 2023,,,,,,,33.946773711772735,
U1392,,2023,WUR 2023,,,,,,,24.793802164462853,
U1392,,2023,WUR 2023,,,,,,,26.75785339223952,
U1392,,2023,WUR 2023,,,,,,,28.23732384975655,
U1392,,2023,WUR 2023,,,,,,,25.94141452924313,
U1392,,2023,WUR 2023,,,,,,,29.006413964994017,
U1392,,2023,WUR 2023,,,,,,,22.1526345493242,
U1392,,2023,WUR 2023,,,,,,,24.14081875648968,
U1392,,2023,WUR 2023,,,,,,,21.705412418739144,
U1392,,2023,WUR 2023,,,,,,,17.20997779422529,
U1392,,2023,WUR 2023,,,,,,,19.88491145208488,
U1392,,2023,WUR 2023,,,,,,,16.844436642582238,
U1392,,2023,WUR 2023,,,,,,,14.210401042301203,
U1392,,2023,WUR 2023,,,,,,,15.06262573119662,
U1392,,2023,WUR 2023,,,,,,,16.635504832291446,
U1392,,2023,WUR 2023,,,,,,,7.70819853141716,
U1392,,2023,WUR 2023,,,,,,,10.257737010756824,
U1392,,2023,WUR 2023,,,,,,,12.715623388297129,
U1392,,2023,WUR 2023,,,,,,,13.869534663513184,
U1392,,2023,WUR 2023,,,,,,,6.146807125772188,
U1392,,2023,WUR 2023,,,,,,,12.013271551458049,
U1392,,2023,WUR 2023,,,,,,,4.31948995228298,
U1392,,2023,WUR 2023,,,,,,,14.647984495642952,
U1392,,2023,WUR 2023,,,,,,,21.04078790243373,
U1392,,2023,WUR 2023,,,,,,,12.360347732600466,
U1392,,2023,WUR 2023,,,,,,,13.933106593924531,
U1392,,2023,WUR 2023,,,,,,,22.456205164243038,
U1392,,2023,WUR 2023,,,,,,,14.884108458641276,
U1392,,2023,WUR 2023,,,,,,,14.175358906529317,
U1392,,2023,WUR 2023,,,,,,,2.945328711444474,
U1392,,2023,WUR 2023,,,,,,,15.149877445256404,
U1392,,2023,WUR 2023,,,,,,,9.937988328617376,
U1392,,2023,WUR 2023,,,,,,,7.4295133641299556,
U1392,,2023,WUR 2023,,,,,,,8.39952199281354,
U1392,,2023,WUR 2023,,,,,,,6.571154201361318,
U1392,,2023,WUR 2023,,,,,,,3.277609582730025,
U1392,,2023,WUR 2023,,,,,,,3.1847189500491737,
U1392,,2023,WUR 2023,,,,,,,6.577730643152531,
U1392,,2023,WUR 2023,,,,,,,3.9478255545891,
U1392,,2023,WUR 2023,,,,,,,6.733954972267687,
U1392,,2023,WUR 2023,,,,,,,12.535658747363703,
U1392,,2023,WUR 2023,,,,,,,4.047134316765368,
U1392,,2023,WUR 2023,,,,,,,9.259582578959762,
U1392,,2023,WUR 2023,,,,,,,5.0147794888344,
U1392,,2023,WUR 2023,,,,,,,6.048745570521993,
U1392,,2023,WUR 2023,,,,,,,3.2088437637489795,
U1392,,2023,WUR 2023,,,,,,,3.833456710089624,
U1392,,2023,WUR 2023,,,,,,,9.782059903657936,
U1392,,2023,WUR 2023,,,,,,,5.158831633617945,
U1392,,2023,WUR 2023,,,,,,,6.656987637310143,
U1392,,2023,WUR 2023,,,,,,,7.980847008957106,
U1392,,2023,WUR 2023,,,,,,,6.152391640490189,
U1392,,2023,WUR 2023,,,,,,,5.302684637660615,
U1392,,2023,WUR 2023,,,,,,,4.124848199841193,
U1392,,2023,WUR 2023,,,,,,,3.813111589693071,
U1392,,2023,WUR 2023,,,,,,,5.302602674557117,
U1392,,2023,WUR 2023,,,,,,,8.157174958216169,
U1392,,2023,WUR 2023,,,,,,,5.076762069949905,
U1392,,2023,WUR 2023,,,,,,,6.288810601252746,
U1392,,2023,WUR 2023,,,,,,,6.328276090764572,
U1392,,2023,WUR 2023,,,,,,,11.75297653654587,
U1392,,2023,WUR 2023,,,,,,,10.117266439246784,
U1392,,2023,WUR 2023,,,,,,,4.437922656063465,
U1392,,2023,WUR 2023,,,,,,,4.710293091892417,
U1392,,2023,WUR 2023,,,,,,,7.085925565335147,
U1392,,2023,WUR 2023,,,,,,,3.355528220457925,
U1392,,2023,WUR 2023,,,,,,,,
U2004,,2023,WUR 2023,,,56.8,,,,29.328204681814125,37.0
U3176,,2023,WUR 2023,,,68.9,,,,33.459097226736034,36.7
U2017,,2023,WUR 2023,,,58.4,,,,23.650761973104835,25.7
U2020,,2023,WUR 2023,,,75.3,,,,38.76683836524865,72.0
U2025,,2023,WUR 2023,,,55.1,,,,38.51675781072651,77.6
U3190,,2023,WUR 2023,,,51.9,,,,32.09853440988689,29.0
U2089,,2023,WUR 2023,,,44.8,,,,22.83571923878793,31.7
U2556,,2023,WUR 2023,,,41.7,,,,35.72136298986376,64.2
U3193,,2023,WUR 2023,,,56.8,,,,30.68749630502572,45.6
U3197,,2023,WUR 2023,,,69.0,,,,33.847248660908654,38.0
U2105,,2023,WUR 2023,,,88.4,,,,31.15670700299289,23.4
U3227,,2023,WUR 2023,,,49.9,,,,27.08071891787636,48.6
U2158,,2023,WUR 2023,,,53.8,,,,30.71238757071078,58.4
U3246,,2023,WUR 2023,,,66.2,,,,31.23031721905376,23.7
U2185,,2023,WUR 2023,,,50.5,,,,37.93819649244461,77.6
U2191,,2023,WUR 2023,,,51.7,,,,34.50045978953426,82.2
U1615,,2023,WUR 2023,,,48.8,,,,41.8070890265878,95.2
U3384,,2023,WUR 2023,,,86.3,,,,31.11629429355521,27.8
U3220,,2023,WUR 2023,,,61.6,,,,36.95998992027347,55.8
U3223,,2023,WUR 2023,,,61.5,,,,37.394253204461336,76.8
U3281,,2023,WUR 2023,,,34.5,,,,39.539098605104336,88.7
U3286,,2023,WUR 2023,,,68.8,,,,37.83036499650019,72.0
U3291,,2023,WUR 2023,,,52.8,,,,34.00794717517787,47.6
U3414,,2023,WUR 2023,,,68.2,,,,38.01322723218092,72.4
